ISO-10303-21;
HEADER;
/* Generated by software containing ST-Developer
 * from STEP Tools, Inc. (www.steptools.com) 
 */

FILE_DESCRIPTION(
/* description */ (''),
/* implementation_level */ '2;1');

FILE_NAME(
/* name */ 'ElectronicsPlate_v26.step',
/* time_stamp */ '2026-08-21T09:19:30-04:00',
/* author */ (''),
/* organization */ (''),
/* preprocessor_version */ 'ST-DEVELOPER v20.1',
/* originating_system */ 'Autodesk Translation Framework v15.8.0.0',
/* authorisation */ '');

FILE_SCHEMA (('AUTOMOTIVE_DESIGN { 1 0 10303 214 3 1 1 }'));
ENDSEC;

DATA;
#10=MECHANICAL_DESIGN_GEOMETRIC_PRESENTATION_REPRESENTATION('',(#13),#2925);
#11=SHAPE_REPRESENTATION_RELATIONSHIP('SRR','None',#2932,#12);
#12=ADVANCED_BREP_SHAPE_REPRESENTATION('',(#14),#2924);
#13=STYLED_ITEM('',(#2942),#14);
#14=MANIFOLD_SOLID_BREP('Body1',#1713);
#15=FACE_BOUND('',#169,.T.);
#16=FACE_BOUND('',#170,.T.);
#17=FACE_BOUND('',#171,.T.);
#18=FACE_BOUND('',#172,.T.);
#19=FACE_BOUND('',#173,.T.);
#20=FACE_BOUND('',#174,.T.);
#21=FACE_BOUND('',#175,.T.);
#22=FACE_BOUND('',#176,.T.);
#23=FACE_BOUND('',#177,.T.);
#24=FACE_BOUND('',#178,.T.);
#25=FACE_BOUND('',#179,.T.);
#26=FACE_BOUND('',#180,.T.);
#27=FACE_BOUND('',#181,.T.);
#28=FACE_BOUND('',#182,.T.);
#29=FACE_BOUND('',#183,.T.);
#30=FACE_BOUND('',#184,.T.);
#31=FACE_BOUND('',#185,.T.);
#32=FACE_BOUND('',#212,.T.);
#33=FACE_BOUND('',#213,.T.);
#34=FACE_BOUND('',#214,.T.);
#35=FACE_BOUND('',#215,.T.);
#36=FACE_BOUND('',#216,.T.);
#37=FACE_BOUND('',#217,.T.);
#38=FACE_BOUND('',#218,.T.);
#39=FACE_BOUND('',#219,.T.);
#40=FACE_BOUND('',#220,.T.);
#41=FACE_BOUND('',#221,.T.);
#42=FACE_BOUND('',#222,.T.);
#43=FACE_BOUND('',#223,.T.);
#44=FACE_BOUND('',#224,.T.);
#45=FACE_BOUND('',#225,.T.);
#46=FACE_BOUND('',#226,.T.);
#47=FACE_BOUND('',#227,.T.);
#48=FACE_BOUND('',#228,.T.);
#49=PLANE('',#1730);
#50=PLANE('',#1780);
#51=PLANE('',#1785);
#52=PLANE('',#1786);
#53=PLANE('',#1787);
#54=PLANE('',#1788);
#55=PLANE('',#1795);
#56=PLANE('',#1796);
#57=PLANE('',#1809);
#58=PLANE('',#1812);
#59=PLANE('',#1815);
#60=PLANE('',#1820);
#61=PLANE('',#1856);
#62=PLANE('',#1859);
#63=PLANE('',#1861);
#64=PLANE('',#1863);
#65=PLANE('',#1868);
#66=PLANE('',#1869);
#67=PLANE('',#1870);
#68=PLANE('',#1876);
#69=PLANE('',#1877);
#70=PLANE('',#1879);
#71=PLANE('',#1882);
#72=PLANE('',#1884);
#73=PLANE('',#1885);
#74=PLANE('',#1894);
#75=PLANE('',#1895);
#76=PLANE('',#1896);
#77=PLANE('',#1897);
#78=PLANE('',#1898);
#79=PLANE('',#1899);
#80=PLANE('',#1900);
#81=PLANE('',#1907);
#82=PLANE('',#1910);
#83=FACE_OUTER_BOUND('',#167,.T.);
#84=FACE_OUTER_BOUND('',#168,.T.);
#85=FACE_OUTER_BOUND('',#186,.T.);
#86=FACE_OUTER_BOUND('',#187,.T.);
#87=FACE_OUTER_BOUND('',#188,.T.);
#88=FACE_OUTER_BOUND('',#189,.T.);
#89=FACE_OUTER_BOUND('',#190,.T.);
#90=FACE_OUTER_BOUND('',#191,.T.);
#91=FACE_OUTER_BOUND('',#192,.T.);
#92=FACE_OUTER_BOUND('',#193,.T.);
#93=FACE_OUTER_BOUND('',#194,.T.);
#94=FACE_OUTER_BOUND('',#195,.T.);
#95=FACE_OUTER_BOUND('',#196,.T.);
#96=FACE_OUTER_BOUND('',#197,.T.);
#97=FACE_OUTER_BOUND('',#198,.T.);
#98=FACE_OUTER_BOUND('',#199,.T.);
#99=FACE_OUTER_BOUND('',#200,.T.);
#100=FACE_OUTER_BOUND('',#201,.T.);
#101=FACE_OUTER_BOUND('',#202,.T.);
#102=FACE_OUTER_BOUND('',#203,.T.);
#103=FACE_OUTER_BOUND('',#204,.T.);
#104=FACE_OUTER_BOUND('',#205,.T.);
#105=FACE_OUTER_BOUND('',#206,.T.);
#106=FACE_OUTER_BOUND('',#207,.T.);
#107=FACE_OUTER_BOUND('',#208,.T.);
#108=FACE_OUTER_BOUND('',#209,.T.);
#109=FACE_OUTER_BOUND('',#210,.T.);
#110=FACE_OUTER_BOUND('',#211,.T.);
#111=FACE_OUTER_BOUND('',#229,.T.);
#112=FACE_OUTER_BOUND('',#230,.T.);
#113=FACE_OUTER_BOUND('',#231,.T.);
#114=FACE_OUTER_BOUND('',#232,.T.);
#115=FACE_OUTER_BOUND('',#233,.T.);
#116=FACE_OUTER_BOUND('',#234,.T.);
#117=FACE_OUTER_BOUND('',#235,.T.);
#118=FACE_OUTER_BOUND('',#236,.T.);
#119=FACE_OUTER_BOUND('',#237,.T.);
#120=FACE_OUTER_BOUND('',#238,.T.);
#121=FACE_OUTER_BOUND('',#239,.T.);
#122=FACE_OUTER_BOUND('',#240,.T.);
#123=FACE_OUTER_BOUND('',#241,.T.);
#124=FACE_OUTER_BOUND('',#242,.T.);
#125=FACE_OUTER_BOUND('',#243,.T.);
#126=FACE_OUTER_BOUND('',#244,.T.);
#127=FACE_OUTER_BOUND('',#245,.T.);
#128=FACE_OUTER_BOUND('',#246,.T.);
#129=FACE_OUTER_BOUND('',#247,.T.);
#130=FACE_OUTER_BOUND('',#248,.T.);
#131=FACE_OUTER_BOUND('',#249,.T.);
#132=FACE_OUTER_BOUND('',#250,.T.);
#133=FACE_OUTER_BOUND('',#251,.T.);
#134=FACE_OUTER_BOUND('',#252,.T.);
#135=FACE_OUTER_BOUND('',#253,.T.);
#136=FACE_OUTER_BOUND('',#254,.T.);
#137=FACE_OUTER_BOUND('',#255,.T.);
#138=FACE_OUTER_BOUND('',#256,.T.);
#139=FACE_OUTER_BOUND('',#257,.T.);
#140=FACE_OUTER_BOUND('',#258,.T.);
#141=FACE_OUTER_BOUND('',#259,.T.);
#142=FACE_OUTER_BOUND('',#260,.T.);
#143=FACE_OUTER_BOUND('',#261,.T.);
#144=FACE_OUTER_BOUND('',#262,.T.);
#145=FACE_OUTER_BOUND('',#263,.T.);
#146=FACE_OUTER_BOUND('',#264,.T.);
#147=FACE_OUTER_BOUND('',#265,.T.);
#148=FACE_OUTER_BOUND('',#266,.T.);
#149=FACE_OUTER_BOUND('',#267,.T.);
#150=FACE_OUTER_BOUND('',#268,.T.);
#151=FACE_OUTER_BOUND('',#269,.T.);
#152=FACE_OUTER_BOUND('',#270,.T.);
#153=FACE_OUTER_BOUND('',#271,.T.);
#154=FACE_OUTER_BOUND('',#272,.T.);
#155=FACE_OUTER_BOUND('',#273,.T.);
#156=FACE_OUTER_BOUND('',#274,.T.);
#157=FACE_OUTER_BOUND('',#275,.T.);
#158=FACE_OUTER_BOUND('',#276,.T.);
#159=FACE_OUTER_BOUND('',#277,.T.);
#160=FACE_OUTER_BOUND('',#278,.T.);
#161=FACE_OUTER_BOUND('',#279,.T.);
#162=FACE_OUTER_BOUND('',#280,.T.);
#163=FACE_OUTER_BOUND('',#281,.T.);
#164=FACE_OUTER_BOUND('',#282,.T.);
#165=FACE_OUTER_BOUND('',#283,.T.);
#166=FACE_OUTER_BOUND('',#284,.T.);
#167=EDGE_LOOP('',(#1087,#1088,#1089,#1090));
#168=EDGE_LOOP('',(#1091,#1092,#1093,#1094,#1095,#1096,#1097,#1098,#1099,
#1100,#1101,#1102,#1103,#1104,#1105,#1106,#1107));
#169=EDGE_LOOP('',(#1108,#1109,#1110,#1111,#1112,#1113,#1114,#1115,#1116,
#1117,#1118,#1119,#1120,#1121,#1122,#1123,#1124,#1125,#1126,#1127,#1128,
#1129,#1130,#1131,#1132,#1133,#1134,#1135,#1136,#1137,#1138,#1139,#1140,
#1141,#1142,#1143,#1144,#1145,#1146,#1147,#1148,#1149,#1150,#1151,#1152,
#1153));
#170=EDGE_LOOP('',(#1154));
#171=EDGE_LOOP('',(#1155));
#172=EDGE_LOOP('',(#1156));
#173=EDGE_LOOP('',(#1157,#1158,#1159,#1160));
#174=EDGE_LOOP('',(#1161));
#175=EDGE_LOOP('',(#1162));
#176=EDGE_LOOP('',(#1163));
#177=EDGE_LOOP('',(#1164));
#178=EDGE_LOOP('',(#1165));
#179=EDGE_LOOP('',(#1166));
#180=EDGE_LOOP('',(#1167));
#181=EDGE_LOOP('',(#1168));
#182=EDGE_LOOP('',(#1169));
#183=EDGE_LOOP('',(#1170));
#184=EDGE_LOOP('',(#1171));
#185=EDGE_LOOP('',(#1172));
#186=EDGE_LOOP('',(#1173,#1174,#1175,#1176));
#187=EDGE_LOOP('',(#1177,#1178,#1179,#1180));
#188=EDGE_LOOP('',(#1181,#1182,#1183,#1184));
#189=EDGE_LOOP('',(#1185,#1186,#1187,#1188));
#190=EDGE_LOOP('',(#1189,#1190,#1191,#1192));
#191=EDGE_LOOP('',(#1193,#1194,#1195,#1196));
#192=EDGE_LOOP('',(#1197,#1198,#1199,#1200));
#193=EDGE_LOOP('',(#1201,#1202,#1203,#1204));
#194=EDGE_LOOP('',(#1205,#1206,#1207,#1208));
#195=EDGE_LOOP('',(#1209,#1210,#1211,#1212));
#196=EDGE_LOOP('',(#1213,#1214,#1215,#1216));
#197=EDGE_LOOP('',(#1217,#1218,#1219,#1220));
#198=EDGE_LOOP('',(#1221,#1222,#1223,#1224));
#199=EDGE_LOOP('',(#1225,#1226,#1227,#1228));
#200=EDGE_LOOP('',(#1229,#1230,#1231,#1232));
#201=EDGE_LOOP('',(#1233,#1234,#1235,#1236));
#202=EDGE_LOOP('',(#1237,#1238,#1239,#1240));
#203=EDGE_LOOP('',(#1241,#1242,#1243,#1244));
#204=EDGE_LOOP('',(#1245,#1246,#1247,#1248));
#205=EDGE_LOOP('',(#1249,#1250,#1251,#1252));
#206=EDGE_LOOP('',(#1253,#1254,#1255,#1256));
#207=EDGE_LOOP('',(#1257,#1258,#1259,#1260));
#208=EDGE_LOOP('',(#1261,#1262,#1263,#1264));
#209=EDGE_LOOP('',(#1265,#1266,#1267,#1268));
#210=EDGE_LOOP('',(#1269,#1270,#1271,#1272));
#211=EDGE_LOOP('',(#1273,#1274,#1275,#1276,#1277,#1278,#1279,#1280,#1281,
#1282,#1283,#1284,#1285,#1286,#1287,#1288,#1289));
#212=EDGE_LOOP('',(#1290));
#213=EDGE_LOOP('',(#1291));
#214=EDGE_LOOP('',(#1292));
#215=EDGE_LOOP('',(#1293,#1294,#1295,#1296));
#216=EDGE_LOOP('',(#1297));
#217=EDGE_LOOP('',(#1298));
#218=EDGE_LOOP('',(#1299));
#219=EDGE_LOOP('',(#1300));
#220=EDGE_LOOP('',(#1301));
#221=EDGE_LOOP('',(#1302));
#222=EDGE_LOOP('',(#1303));
#223=EDGE_LOOP('',(#1304));
#224=EDGE_LOOP('',(#1305));
#225=EDGE_LOOP('',(#1306));
#226=EDGE_LOOP('',(#1307));
#227=EDGE_LOOP('',(#1308));
#228=EDGE_LOOP('',(#1309,#1310,#1311,#1312,#1313,#1314,#1315,#1316,#1317,
#1318,#1319,#1320,#1321,#1322,#1323,#1324,#1325,#1326,#1327,#1328,#1329,
#1330,#1331,#1332,#1333,#1334,#1335,#1336,#1337,#1338,#1339,#1340,#1341,
#1342,#1343,#1344,#1345,#1346,#1347,#1348,#1349,#1350,#1351,#1352,#1353,
#1354));
#229=EDGE_LOOP('',(#1355,#1356,#1357,#1358));
#230=EDGE_LOOP('',(#1359,#1360,#1361,#1362));
#231=EDGE_LOOP('',(#1363,#1364,#1365,#1366));
#232=EDGE_LOOP('',(#1367,#1368,#1369,#1370));
#233=EDGE_LOOP('',(#1371,#1372,#1373,#1374));
#234=EDGE_LOOP('',(#1375,#1376,#1377,#1378));
#235=EDGE_LOOP('',(#1379,#1380,#1381,#1382));
#236=EDGE_LOOP('',(#1383,#1384,#1385,#1386));
#237=EDGE_LOOP('',(#1387,#1388,#1389,#1390));
#238=EDGE_LOOP('',(#1391,#1392,#1393,#1394));
#239=EDGE_LOOP('',(#1395,#1396,#1397,#1398));
#240=EDGE_LOOP('',(#1399,#1400,#1401,#1402));
#241=EDGE_LOOP('',(#1403,#1404,#1405,#1406));
#242=EDGE_LOOP('',(#1407,#1408,#1409,#1410));
#243=EDGE_LOOP('',(#1411,#1412,#1413,#1414));
#244=EDGE_LOOP('',(#1415,#1416,#1417,#1418));
#245=EDGE_LOOP('',(#1419,#1420,#1421,#1422));
#246=EDGE_LOOP('',(#1423,#1424,#1425,#1426));
#247=EDGE_LOOP('',(#1427,#1428,#1429,#1430));
#248=EDGE_LOOP('',(#1431,#1432,#1433,#1434));
#249=EDGE_LOOP('',(#1435,#1436,#1437,#1438));
#250=EDGE_LOOP('',(#1439,#1440,#1441,#1442));
#251=EDGE_LOOP('',(#1443,#1444,#1445,#1446));
#252=EDGE_LOOP('',(#1447,#1448,#1449,#1450));
#253=EDGE_LOOP('',(#1451,#1452,#1453,#1454));
#254=EDGE_LOOP('',(#1455,#1456,#1457,#1458));
#255=EDGE_LOOP('',(#1459,#1460,#1461,#1462));
#256=EDGE_LOOP('',(#1463,#1464,#1465,#1466));
#257=EDGE_LOOP('',(#1467,#1468,#1469,#1470));
#258=EDGE_LOOP('',(#1471,#1472,#1473,#1474));
#259=EDGE_LOOP('',(#1475,#1476,#1477,#1478));
#260=EDGE_LOOP('',(#1479,#1480,#1481,#1482));
#261=EDGE_LOOP('',(#1483,#1484,#1485,#1486));
#262=EDGE_LOOP('',(#1487,#1488,#1489,#1490));
#263=EDGE_LOOP('',(#1491,#1492,#1493,#1494));
#264=EDGE_LOOP('',(#1495,#1496,#1497,#1498));
#265=EDGE_LOOP('',(#1499,#1500,#1501,#1502));
#266=EDGE_LOOP('',(#1503,#1504,#1505,#1506));
#267=EDGE_LOOP('',(#1507,#1508,#1509,#1510));
#268=EDGE_LOOP('',(#1511,#1512,#1513,#1514));
#269=EDGE_LOOP('',(#1515,#1516,#1517,#1518));
#270=EDGE_LOOP('',(#1519,#1520,#1521,#1522));
#271=EDGE_LOOP('',(#1523,#1524,#1525,#1526));
#272=EDGE_LOOP('',(#1527,#1528,#1529,#1530));
#273=EDGE_LOOP('',(#1531,#1532,#1533,#1534));
#274=EDGE_LOOP('',(#1535,#1536,#1537,#1538));
#275=EDGE_LOOP('',(#1539,#1540,#1541,#1542));
#276=EDGE_LOOP('',(#1543,#1544,#1545,#1546));
#277=EDGE_LOOP('',(#1547,#1548,#1549,#1550));
#278=EDGE_LOOP('',(#1551,#1552,#1553,#1554));
#279=EDGE_LOOP('',(#1555,#1556,#1557,#1558));
#280=EDGE_LOOP('',(#1559,#1560,#1561,#1562));
#281=EDGE_LOOP('',(#1563,#1564,#1565,#1566));
#282=EDGE_LOOP('',(#1567,#1568,#1569,#1570));
#283=EDGE_LOOP('',(#1571,#1572,#1573,#1574));
#284=EDGE_LOOP('',(#1575,#1576,#1577,#1578));
#285=CIRCLE('',#1728,11.);
#286=CIRCLE('',#1729,11.);
#287=CIRCLE('',#1731,40.);
#288=CIRCLE('',#1732,40.);
#289=CIRCLE('',#1733,6.90403136921872);
#290=CIRCLE('',#1734,3.5);
#291=CIRCLE('',#1735,9.);
#292=CIRCLE('',#1736,3.5);
#293=CIRCLE('',#1737,40.);
#294=CIRCLE('',#1738,40.);
#295=CIRCLE('',#1739,3.5);
#296=CIRCLE('',#1740,2.);
#297=CIRCLE('',#1741,2.);
#298=CIRCLE('',#1742,2.5);
#299=CIRCLE('',#1743,92.);
#300=CIRCLE('',#1744,5.);
#301=CIRCLE('',#1745,5.);
#302=CIRCLE('',#1746,5.);
#303=CIRCLE('',#1747,92.);
#304=CIRCLE('',#1748,9.);
#305=CIRCLE('',#1749,2.);
#306=CIRCLE('',#1750,24.5);
#307=CIRCLE('',#1751,1.25);
#308=CIRCLE('',#1752,1.);
#309=CIRCLE('',#1753,4.);
#310=CIRCLE('',#1754,11.5);
#311=CIRCLE('',#1755,3.);
#312=CIRCLE('',#1756,1.5);
#313=CIRCLE('',#1757,1.5);
#314=CIRCLE('',#1758,3.5);
#315=CIRCLE('',#1759,4.75);
#316=CIRCLE('',#1760,4.);
#317=CIRCLE('',#1761,4.75);
#318=CIRCLE('',#1762,2.25);
#319=CIRCLE('',#1763,7.21110265838178);
#320=CIRCLE('',#1764,1.25);
#321=CIRCLE('',#1765,1.25);
#322=CIRCLE('',#1766,5.);
#323=CIRCLE('',#1767,5.);
#324=CIRCLE('',#1768,1.25);
#325=CIRCLE('',#1769,1.25);
#326=CIRCLE('',#1770,1.25);
#327=CIRCLE('',#1771,1.5);
#328=CIRCLE('',#1772,1.5);
#329=CIRCLE('',#1773,1.5);
#330=CIRCLE('',#1774,1.5);
#331=CIRCLE('',#1775,1.5);
#332=CIRCLE('',#1776,1.5);
#333=CIRCLE('',#1777,1.5);
#334=CIRCLE('',#1778,1.25);
#335=CIRCLE('',#1779,1.25);
#336=CIRCLE('',#1782,3.5);
#337=CIRCLE('',#1784,3.5);
#338=CIRCLE('',#1790,2.25);
#339=CIRCLE('',#1792,4.75);
#340=CIRCLE('',#1794,2.);
#341=CIRCLE('',#1798,5.);
#342=CIRCLE('',#1800,92.);
#343=CIRCLE('',#1802,5.);
#344=CIRCLE('',#1804,92.);
#345=CIRCLE('',#1806,5.);
#346=CIRCLE('',#1808,9.);
#347=CIRCLE('',#1811,2.);
#348=CIRCLE('',#1814,24.5);
#349=CIRCLE('',#1817,1.);
#350=CIRCLE('',#1819,4.);
#351=CIRCLE('',#1821,40.);
#352=CIRCLE('',#1822,40.);
#353=CIRCLE('',#1823,3.5);
#354=CIRCLE('',#1824,9.);
#355=CIRCLE('',#1825,3.5);
#356=CIRCLE('',#1826,6.90403136921872);
#357=CIRCLE('',#1827,40.);
#358=CIRCLE('',#1828,40.);
#359=CIRCLE('',#1829,7.21110265838178);
#360=CIRCLE('',#1830,1.25);
#361=CIRCLE('',#1831,1.25);
#362=CIRCLE('',#1832,5.);
#363=CIRCLE('',#1833,5.);
#364=CIRCLE('',#1834,1.5);
#365=CIRCLE('',#1835,1.5);
#366=CIRCLE('',#1836,1.5);
#367=CIRCLE('',#1837,1.5);
#368=CIRCLE('',#1838,1.5);
#369=CIRCLE('',#1839,1.5);
#370=CIRCLE('',#1840,1.5);
#371=CIRCLE('',#1841,1.25);
#372=CIRCLE('',#1842,1.25);
#373=CIRCLE('',#1843,1.25);
#374=CIRCLE('',#1844,1.25);
#375=CIRCLE('',#1845,1.25);
#376=CIRCLE('',#1846,4.75);
#377=CIRCLE('',#1847,4.);
#378=CIRCLE('',#1848,1.5);
#379=CIRCLE('',#1849,1.5);
#380=CIRCLE('',#1850,3.);
#381=CIRCLE('',#1851,11.5);
#382=CIRCLE('',#1852,1.25);
#383=CIRCLE('',#1853,2.5);
#384=CIRCLE('',#1854,2.);
#385=LINE('',#2431,#531);
#386=LINE('',#2435,#532);
#387=LINE('',#2439,#533);
#388=LINE('',#2443,#534);
#389=LINE('',#2447,#535);
#390=LINE('',#2451,#536);
#391=LINE('',#2453,#537);
#392=LINE('',#2457,#538);
#393=LINE('',#2461,#539);
#394=LINE('',#2467,#540);
#395=LINE('',#2475,#541);
#396=LINE('',#2479,#542);
#397=LINE('',#2493,#543);
#398=LINE('',#2495,#544);
#399=LINE('',#2499,#545);
#400=LINE('',#2503,#546);
#401=LINE('',#2507,#547);
#402=LINE('',#2509,#548);
#403=LINE('',#2511,#549);
#404=LINE('',#2513,#550);
#405=LINE('',#2515,#551);
#406=LINE('',#2519,#552);
#407=LINE('',#2527,#553);
#408=LINE('',#2531,#554);
#409=LINE('',#2535,#555);
#410=LINE('',#2539,#556);
#411=LINE('',#2543,#557);
#412=LINE('',#2545,#558);
#413=LINE('',#2549,#559);
#414=LINE('',#2553,#560);
#415=LINE('',#2557,#561);
#416=LINE('',#2559,#562);
#417=LINE('',#2569,#563);
#418=LINE('',#2573,#564);
#419=LINE('',#2601,#565);
#420=LINE('',#2602,#566);
#421=LINE('',#2607,#567);
#422=LINE('',#2608,#568);
#423=LINE('',#2613,#569);
#424=LINE('',#2614,#570);
#425=LINE('',#2617,#571);
#426=LINE('',#2618,#572);
#427=LINE('',#2621,#573);
#428=LINE('',#2622,#574);
#429=LINE('',#2626,#575);
#430=LINE('',#2627,#576);
#431=LINE('',#2628,#577);
#432=LINE('',#2631,#578);
#433=LINE('',#2632,#579);
#434=LINE('',#2638,#580);
#435=LINE('',#2643,#581);
#436=LINE('',#2644,#582);
#437=LINE('',#2647,#583);
#438=LINE('',#2648,#584);
#439=LINE('',#2651,#585);
#440=LINE('',#2652,#586);
#441=LINE('',#2655,#587);
#442=LINE('',#2658,#588);
#443=LINE('',#2661,#589);
#444=LINE('',#2667,#590);
#445=LINE('',#2668,#591);
#446=LINE('',#2672,#592);
#447=LINE('',#2677,#593);
#448=LINE('',#2680,#594);
#449=LINE('',#2683,#595);
#450=LINE('',#2684,#596);
#451=LINE('',#2689,#597);
#452=LINE('',#2690,#598);
#453=LINE('',#2693,#599);
#454=LINE('',#2694,#600);
#455=LINE('',#2698,#601);
#456=LINE('',#2701,#602);
#457=LINE('',#2702,#603);
#458=LINE('',#2705,#604);
#459=LINE('',#2708,#605);
#460=LINE('',#2712,#606);
#461=LINE('',#2717,#607);
#462=LINE('',#2723,#608);
#463=LINE('',#2727,#609);
#464=LINE('',#2731,#610);
#465=LINE('',#2733,#611);
#466=LINE('',#2737,#612);
#467=LINE('',#2741,#613);
#468=LINE('',#2751,#614);
#469=LINE('',#2755,#615);
#470=LINE('',#2784,#616);
#471=LINE('',#2787,#617);
#472=LINE('',#2789,#618);
#473=LINE('',#2793,#619);
#474=LINE('',#2797,#620);
#475=LINE('',#2801,#621);
#476=LINE('',#2804,#622);
#477=LINE('',#2808,#623);
#478=LINE('',#2810,#624);
#479=LINE('',#2812,#625);
#480=LINE('',#2813,#626);
#481=LINE('',#2814,#627);
#482=LINE('',#2815,#628);
#483=LINE('',#2819,#629);
#484=LINE('',#2821,#630);
#485=LINE('',#2823,#631);
#486=LINE('',#2824,#632);
#487=LINE('',#2826,#633);
#488=LINE('',#2827,#634);
#489=LINE('',#2830,#635);
#490=LINE('',#2833,#636);
#491=LINE('',#2834,#637);
#492=LINE('',#2836,#638);
#493=LINE('',#2838,#639);
#494=LINE('',#2839,#640);
#495=LINE('',#2841,#641);
#496=LINE('',#2843,#642);
#497=LINE('',#2845,#643);
#498=LINE('',#2846,#644);
#499=LINE('',#2848,#645);
#500=LINE('',#2850,#646);
#501=LINE('',#2853,#647);
#502=LINE('',#2855,#648);
#503=LINE('',#2857,#649);
#504=LINE('',#2859,#650);
#505=LINE('',#2861,#651);
#506=LINE('',#2864,#652);
#507=LINE('',#2865,#653);
#508=LINE('',#2867,#654);
#509=LINE('',#2869,#655);
#510=LINE('',#2872,#656);
#511=LINE('',#2874,#657);
#512=LINE('',#2876,#658);
#513=LINE('',#2879,#659);
#514=LINE('',#2881,#660);
#515=LINE('',#2884,#661);
#516=LINE('',#2886,#662);
#517=LINE('',#2888,#663);
#518=LINE('',#2890,#664);
#519=LINE('',#2892,#665);
#520=LINE('',#2897,#666);
#521=LINE('',#2899,#667);
#522=LINE('',#2901,#668);
#523=LINE('',#2905,#669);
#524=LINE('',#2907,#670);
#525=LINE('',#2909,#671);
#526=LINE('',#2911,#672);
#527=LINE('',#2913,#673);
#528=LINE('',#2915,#674);
#529=LINE('',#2917,#675);
#530=LINE('',#2920,#676);
#531=VECTOR('',#1915,10.);
#532=VECTOR('',#1918,10.);
#533=VECTOR('',#1923,10.);
#534=VECTOR('',#1926,10.);
#535=VECTOR('',#1929,10.);
#536=VECTOR('',#1932,10.);
#537=VECTOR('',#1933,10.);
#538=VECTOR('',#1936,10.);
#539=VECTOR('',#1939,10.);
#540=VECTOR('',#1944,10.);
#541=VECTOR('',#1951,10.);
#542=VECTOR('',#1954,10.);
#543=VECTOR('',#1967,10.);
#544=VECTOR('',#1968,10.);
#545=VECTOR('',#1971,10.);
#546=VECTOR('',#1974,10.);
#547=VECTOR('',#1977,10.);
#548=VECTOR('',#1978,10.);
#549=VECTOR('',#1979,10.);
#550=VECTOR('',#1980,10.);
#551=VECTOR('',#1981,10.);
#552=VECTOR('',#1984,10.);
#553=VECTOR('',#1991,10.);
#554=VECTOR('',#1994,10.);
#555=VECTOR('',#1997,10.);
#556=VECTOR('',#2000,10.);
#557=VECTOR('',#2003,10.);
#558=VECTOR('',#2004,10.);
#559=VECTOR('',#2007,10.);
#560=VECTOR('',#2010,10.);
#561=VECTOR('',#2013,10.);
#562=VECTOR('',#2014,10.);
#563=VECTOR('',#2023,10.);
#564=VECTOR('',#2026,10.);
#565=VECTOR('',#2055,10.);
#566=VECTOR('',#2056,10.);
#567=VECTOR('',#2061,3.5);
#568=VECTOR('',#2062,10.);
#569=VECTOR('',#2067,3.5);
#570=VECTOR('',#2068,3.5);
#571=VECTOR('',#2071,10.);
#572=VECTOR('',#2072,10.);
#573=VECTOR('',#2075,10.);
#574=VECTOR('',#2076,10.);
#575=VECTOR('',#2079,10.);
#576=VECTOR('',#2080,10.);
#577=VECTOR('',#2081,10.);
#578=VECTOR('',#2084,10.);
#579=VECTOR('',#2085,10.);
#580=VECTOR('',#2094,10.);
#581=VECTOR('',#2099,10.);
#582=VECTOR('',#2100,10.);
#583=VECTOR('',#2103,10.);
#584=VECTOR('',#2104,10.);
#585=VECTOR('',#2107,10.);
#586=VECTOR('',#2108,10.);
#587=VECTOR('',#2111,10.);
#588=VECTOR('',#2114,10.);
#589=VECTOR('',#2117,10.);
#590=VECTOR('',#2124,10.);
#591=VECTOR('',#2125,10.);
#592=VECTOR('',#2130,92.);
#593=VECTOR('',#2137,10.);
#594=VECTOR('',#2140,10.);
#595=VECTOR('',#2143,10.);
#596=VECTOR('',#2144,10.);
#597=VECTOR('',#2149,10.);
#598=VECTOR('',#2150,10.);
#599=VECTOR('',#2153,10.);
#600=VECTOR('',#2154,10.);
#601=VECTOR('',#2159,10.);
#602=VECTOR('',#2162,10.);
#603=VECTOR('',#2163,10.);
#604=VECTOR('',#2166,10.);
#605=VECTOR('',#2169,10.);
#606=VECTOR('',#2174,11.5);
#607=VECTOR('',#2179,10.);
#608=VECTOR('',#2184,10.);
#609=VECTOR('',#2187,10.);
#610=VECTOR('',#2190,10.);
#611=VECTOR('',#2191,10.);
#612=VECTOR('',#2194,10.);
#613=VECTOR('',#2197,10.);
#614=VECTOR('',#2206,10.);
#615=VECTOR('',#2209,10.);
#616=VECTOR('',#2238,10.);
#617=VECTOR('',#2241,10.);
#618=VECTOR('',#2242,10.);
#619=VECTOR('',#2245,10.);
#620=VECTOR('',#2248,10.);
#621=VECTOR('',#2251,10.);
#622=VECTOR('',#2254,10.);
#623=VECTOR('',#2257,10.);
#624=VECTOR('',#2258,10.);
#625=VECTOR('',#2259,10.);
#626=VECTOR('',#2260,10.);
#627=VECTOR('',#2261,10.);
#628=VECTOR('',#2262,10.);
#629=VECTOR('',#2269,11.5);
#630=VECTOR('',#2272,10.);
#631=VECTOR('',#2275,1.5);
#632=VECTOR('',#2276,10.);
#633=VECTOR('',#2279,10.);
#634=VECTOR('',#2280,10.);
#635=VECTOR('',#2285,10.);
#636=VECTOR('',#2290,10.);
#637=VECTOR('',#2291,10.);
#638=VECTOR('',#2294,10.);
#639=VECTOR('',#2297,10.);
#640=VECTOR('',#2298,10.);
#641=VECTOR('',#2301,10.);
#642=VECTOR('',#2304,7.21110265838178);
#643=VECTOR('',#2307,10.);
#644=VECTOR('',#2308,10.);
#645=VECTOR('',#2311,10.);
#646=VECTOR('',#2314,10.);
#647=VECTOR('',#2319,1.25);
#648=VECTOR('',#2322,1.25);
#649=VECTOR('',#2325,1.25);
#650=VECTOR('',#2328,1.25);
#651=VECTOR('',#2331,10.);
#652=VECTOR('',#2336,10.);
#653=VECTOR('',#2337,10.);
#654=VECTOR('',#2340,10.);
#655=VECTOR('',#2343,10.);
#656=VECTOR('',#2348,10.);
#657=VECTOR('',#2351,10.);
#658=VECTOR('',#2354,10.);
#659=VECTOR('',#2359,10.);
#660=VECTOR('',#2362,10.);
#661=VECTOR('',#2367,1.5);
#662=VECTOR('',#2370,1.5);
#663=VECTOR('',#2373,1.5);
#664=VECTOR('',#2376,1.5);
#665=VECTOR('',#2379,1.5);
#666=VECTOR('',#2388,10.);
#667=VECTOR('',#2391,10.);
#668=VECTOR('',#2394,10.);
#669=VECTOR('',#2401,1.5);
#670=VECTOR('',#2404,1.5);
#671=VECTOR('',#2407,1.25);
#672=VECTOR('',#2410,1.25);
#673=VECTOR('',#2413,1.25);
#674=VECTOR('',#2416,10.);
#675=VECTOR('',#2419,10.);
#676=VECTOR('',#2424,10.);
#677=VERTEX_POINT('',#2429);
#678=VERTEX_POINT('',#2430);
#679=VERTEX_POINT('',#2432);
#680=VERTEX_POINT('',#2434);
#681=VERTEX_POINT('',#2438);
#682=VERTEX_POINT('',#2440);
#683=VERTEX_POINT('',#2442);
#684=VERTEX_POINT('',#2444);
#685=VERTEX_POINT('',#2446);
#686=VERTEX_POINT('',#2448);
#687=VERTEX_POINT('',#2450);
#688=VERTEX_POINT('',#2452);
#689=VERTEX_POINT('',#2454);
#690=VERTEX_POINT('',#2456);
#691=VERTEX_POINT('',#2458);
#692=VERTEX_POINT('',#2460);
#693=VERTEX_POINT('',#2462);
#694=VERTEX_POINT('',#2464);
#695=VERTEX_POINT('',#2466);
#696=VERTEX_POINT('',#2469);
#697=VERTEX_POINT('',#2470);
#698=VERTEX_POINT('',#2472);
#699=VERTEX_POINT('',#2474);
#700=VERTEX_POINT('',#2476);
#701=VERTEX_POINT('',#2478);
#702=VERTEX_POINT('',#2480);
#703=VERTEX_POINT('',#2482);
#704=VERTEX_POINT('',#2484);
#705=VERTEX_POINT('',#2486);
#706=VERTEX_POINT('',#2488);
#707=VERTEX_POINT('',#2490);
#708=VERTEX_POINT('',#2492);
#709=VERTEX_POINT('',#2494);
#710=VERTEX_POINT('',#2496);
#711=VERTEX_POINT('',#2498);
#712=VERTEX_POINT('',#2500);
#713=VERTEX_POINT('',#2502);
#714=VERTEX_POINT('',#2504);
#715=VERTEX_POINT('',#2506);
#716=VERTEX_POINT('',#2508);
#717=VERTEX_POINT('',#2510);
#718=VERTEX_POINT('',#2512);
#719=VERTEX_POINT('',#2514);
#720=VERTEX_POINT('',#2516);
#721=VERTEX_POINT('',#2518);
#722=VERTEX_POINT('',#2520);
#723=VERTEX_POINT('',#2522);
#724=VERTEX_POINT('',#2524);
#725=VERTEX_POINT('',#2526);
#726=VERTEX_POINT('',#2528);
#727=VERTEX_POINT('',#2530);
#728=VERTEX_POINT('',#2532);
#729=VERTEX_POINT('',#2534);
#730=VERTEX_POINT('',#2536);
#731=VERTEX_POINT('',#2538);
#732=VERTEX_POINT('',#2540);
#733=VERTEX_POINT('',#2542);
#734=VERTEX_POINT('',#2544);
#735=VERTEX_POINT('',#2546);
#736=VERTEX_POINT('',#2548);
#737=VERTEX_POINT('',#2550);
#738=VERTEX_POINT('',#2552);
#739=VERTEX_POINT('',#2554);
#740=VERTEX_POINT('',#2556);
#741=VERTEX_POINT('',#2558);
#742=VERTEX_POINT('',#2561);
#743=VERTEX_POINT('',#2563);
#744=VERTEX_POINT('',#2565);
#745=VERTEX_POINT('',#2567);
#746=VERTEX_POINT('',#2568);
#747=VERTEX_POINT('',#2570);
#748=VERTEX_POINT('',#2572);
#749=VERTEX_POINT('',#2575);
#750=VERTEX_POINT('',#2577);
#751=VERTEX_POINT('',#2579);
#752=VERTEX_POINT('',#2581);
#753=VERTEX_POINT('',#2583);
#754=VERTEX_POINT('',#2585);
#755=VERTEX_POINT('',#2587);
#756=VERTEX_POINT('',#2589);
#757=VERTEX_POINT('',#2591);
#758=VERTEX_POINT('',#2593);
#759=VERTEX_POINT('',#2595);
#760=VERTEX_POINT('',#2597);
#761=VERTEX_POINT('',#2600);
#762=VERTEX_POINT('',#2604);
#763=VERTEX_POINT('',#2605);
#764=VERTEX_POINT('',#2610);
#765=VERTEX_POINT('',#2611);
#766=VERTEX_POINT('',#2616);
#767=VERTEX_POINT('',#2620);
#768=VERTEX_POINT('',#2624);
#769=VERTEX_POINT('',#2625);
#770=VERTEX_POINT('',#2630);
#771=VERTEX_POINT('',#2636);
#772=VERTEX_POINT('',#2640);
#773=VERTEX_POINT('',#2641);
#774=VERTEX_POINT('',#2646);
#775=VERTEX_POINT('',#2650);
#776=VERTEX_POINT('',#2654);
#777=VERTEX_POINT('',#2656);
#778=VERTEX_POINT('',#2660);
#779=VERTEX_POINT('',#2664);
#780=VERTEX_POINT('',#2665);
#781=VERTEX_POINT('',#2670);
#782=VERTEX_POINT('',#2676);
#783=VERTEX_POINT('',#2678);
#784=VERTEX_POINT('',#2682);
#785=VERTEX_POINT('',#2686);
#786=VERTEX_POINT('',#2687);
#787=VERTEX_POINT('',#2692);
#788=VERTEX_POINT('',#2696);
#789=VERTEX_POINT('',#2700);
#790=VERTEX_POINT('',#2704);
#791=VERTEX_POINT('',#2706);
#792=VERTEX_POINT('',#2710);
#793=VERTEX_POINT('',#2714);
#794=VERTEX_POINT('',#2716);
#795=VERTEX_POINT('',#2718);
#796=VERTEX_POINT('',#2720);
#797=VERTEX_POINT('',#2722);
#798=VERTEX_POINT('',#2724);
#799=VERTEX_POINT('',#2726);
#800=VERTEX_POINT('',#2728);
#801=VERTEX_POINT('',#2730);
#802=VERTEX_POINT('',#2732);
#803=VERTEX_POINT('',#2734);
#804=VERTEX_POINT('',#2736);
#805=VERTEX_POINT('',#2738);
#806=VERTEX_POINT('',#2740);
#807=VERTEX_POINT('',#2743);
#808=VERTEX_POINT('',#2745);
#809=VERTEX_POINT('',#2747);
#810=VERTEX_POINT('',#2749);
#811=VERTEX_POINT('',#2750);
#812=VERTEX_POINT('',#2752);
#813=VERTEX_POINT('',#2754);
#814=VERTEX_POINT('',#2757);
#815=VERTEX_POINT('',#2759);
#816=VERTEX_POINT('',#2761);
#817=VERTEX_POINT('',#2763);
#818=VERTEX_POINT('',#2765);
#819=VERTEX_POINT('',#2767);
#820=VERTEX_POINT('',#2769);
#821=VERTEX_POINT('',#2771);
#822=VERTEX_POINT('',#2773);
#823=VERTEX_POINT('',#2775);
#824=VERTEX_POINT('',#2777);
#825=VERTEX_POINT('',#2779);
#826=VERTEX_POINT('',#2781);
#827=VERTEX_POINT('',#2783);
#828=VERTEX_POINT('',#2785);
#829=VERTEX_POINT('',#2788);
#830=VERTEX_POINT('',#2790);
#831=VERTEX_POINT('',#2792);
#832=VERTEX_POINT('',#2794);
#833=VERTEX_POINT('',#2796);
#834=VERTEX_POINT('',#2798);
#835=VERTEX_POINT('',#2800);
#836=VERTEX_POINT('',#2803);
#837=VERTEX_POINT('',#2805);
#838=VERTEX_POINT('',#2807);
#839=VERTEX_POINT('',#2809);
#840=VERTEX_POINT('',#2811);
#841=EDGE_CURVE('',#677,#678,#385,.T.);
#842=EDGE_CURVE('',#679,#677,#285,.T.);
#843=EDGE_CURVE('',#680,#679,#386,.T.);
#844=EDGE_CURVE('',#678,#680,#286,.T.);
#845=EDGE_CURVE('',#680,#681,#387,.T.);
#846=EDGE_CURVE('',#682,#681,#287,.T.);
#847=EDGE_CURVE('',#682,#683,#388,.T.);
#848=EDGE_CURVE('',#684,#683,#288,.T.);
#849=EDGE_CURVE('',#684,#685,#389,.T.);
#850=EDGE_CURVE('',#685,#686,#289,.T.);
#851=EDGE_CURVE('',#686,#687,#390,.T.);
#852=EDGE_CURVE('',#687,#688,#391,.T.);
#853=EDGE_CURVE('',#689,#688,#290,.T.);
#854=EDGE_CURVE('',#689,#690,#392,.T.);
#855=EDGE_CURVE('',#690,#691,#291,.T.);
#856=EDGE_CURVE('',#691,#692,#393,.T.);
#857=EDGE_CURVE('',#693,#692,#292,.T.);
#858=EDGE_CURVE('',#694,#693,#293,.T.);
#859=EDGE_CURVE('',#694,#695,#394,.T.);
#860=EDGE_CURVE('',#678,#695,#294,.T.);
#861=EDGE_CURVE('',#696,#697,#295,.T.);
#862=EDGE_CURVE('',#698,#696,#296,.T.);
#863=EDGE_CURVE('',#698,#699,#395,.T.);
#864=EDGE_CURVE('',#700,#699,#297,.T.);
#865=EDGE_CURVE('',#700,#701,#396,.F.);
#866=EDGE_CURVE('',#701,#702,#298,.F.);
#867=EDGE_CURVE('',#703,#702,#299,.T.);
#868=EDGE_CURVE('',#704,#703,#300,.T.);
#869=EDGE_CURVE('',#704,#705,#301,.T.);
#870=EDGE_CURVE('',#706,#705,#302,.T.);
#871=EDGE_CURVE('',#707,#706,#303,.T.);
#872=EDGE_CURVE('',#707,#708,#397,.T.);
#873=EDGE_CURVE('',#708,#709,#398,.T.);
#874=EDGE_CURVE('',#710,#709,#304,.T.);
#875=EDGE_CURVE('',#710,#711,#399,.T.);
#876=EDGE_CURVE('',#712,#711,#305,.T.);
#877=EDGE_CURVE('',#712,#713,#400,.T.);
#878=EDGE_CURVE('',#714,#713,#306,.T.);
#879=EDGE_CURVE('',#714,#715,#401,.T.);
#880=EDGE_CURVE('',#715,#716,#402,.T.);
#881=EDGE_CURVE('',#716,#717,#403,.T.);
#882=EDGE_CURVE('',#717,#718,#404,.T.);
#883=EDGE_CURVE('',#718,#719,#405,.T.);
#884=EDGE_CURVE('',#720,#719,#307,.T.);
#885=EDGE_CURVE('',#720,#721,#406,.T.);
#886=EDGE_CURVE('',#722,#721,#308,.T.);
#887=EDGE_CURVE('',#722,#723,#309,.T.);
#888=EDGE_CURVE('',#724,#723,#310,.T.);
#889=EDGE_CURVE('',#724,#725,#407,.T.);
#890=EDGE_CURVE('',#725,#726,#311,.T.);
#891=EDGE_CURVE('',#726,#727,#408,.T.);
#892=EDGE_CURVE('',#728,#727,#312,.T.);
#893=EDGE_CURVE('',#728,#729,#409,.T.);
#894=EDGE_CURVE('',#730,#729,#313,.T.);
#895=EDGE_CURVE('',#730,#731,#410,.T.);
#896=EDGE_CURVE('',#732,#731,#314,.T.);
#897=EDGE_CURVE('',#732,#733,#411,.T.);
#898=EDGE_CURVE('',#733,#734,#412,.T.);
#899=EDGE_CURVE('',#735,#734,#315,.T.);
#900=EDGE_CURVE('',#735,#736,#413,.T.);
#901=EDGE_CURVE('',#736,#737,#316,.T.);
#902=EDGE_CURVE('',#737,#738,#414,.T.);
#903=EDGE_CURVE('',#739,#738,#317,.T.);
#904=EDGE_CURVE('',#739,#740,#415,.T.);
#905=EDGE_CURVE('',#740,#741,#416,.T.);
#906=EDGE_CURVE('',#741,#697,#318,.T.);
#907=EDGE_CURVE('',#742,#742,#319,.T.);
#908=EDGE_CURVE('',#743,#743,#320,.T.);
#909=EDGE_CURVE('',#744,#744,#321,.T.);
#910=EDGE_CURVE('',#745,#746,#417,.T.);
#911=EDGE_CURVE('',#746,#747,#322,.T.);
#912=EDGE_CURVE('',#747,#748,#418,.T.);
#913=EDGE_CURVE('',#748,#745,#323,.T.);
#914=EDGE_CURVE('',#749,#749,#324,.T.);
#915=EDGE_CURVE('',#750,#750,#325,.T.);
#916=EDGE_CURVE('',#751,#751,#326,.T.);
#917=EDGE_CURVE('',#752,#752,#327,.T.);
#918=EDGE_CURVE('',#753,#753,#328,.T.);
#919=EDGE_CURVE('',#754,#754,#329,.T.);
#920=EDGE_CURVE('',#755,#755,#330,.T.);
#921=EDGE_CURVE('',#756,#756,#331,.T.);
#922=EDGE_CURVE('',#757,#757,#332,.T.);
#923=EDGE_CURVE('',#758,#758,#333,.T.);
#924=EDGE_CURVE('',#759,#759,#334,.T.);
#925=EDGE_CURVE('',#760,#760,#335,.T.);
#926=EDGE_CURVE('',#761,#679,#419,.T.);
#927=EDGE_CURVE('',#681,#761,#420,.T.);
#928=EDGE_CURVE('',#762,#763,#336,.T.);
#929=EDGE_CURVE('',#763,#696,#421,.T.);
#930=EDGE_CURVE('',#762,#697,#422,.T.);
#931=EDGE_CURVE('',#764,#765,#337,.T.);
#932=EDGE_CURVE('',#765,#732,#423,.T.);
#933=EDGE_CURVE('',#731,#764,#424,.T.);
#934=EDGE_CURVE('',#766,#765,#425,.T.);
#935=EDGE_CURVE('',#766,#733,#426,.T.);
#936=EDGE_CURVE('',#767,#766,#427,.T.);
#937=EDGE_CURVE('',#734,#767,#428,.T.);
#938=EDGE_CURVE('',#768,#769,#429,.T.);
#939=EDGE_CURVE('',#768,#740,#430,.T.);
#940=EDGE_CURVE('',#769,#739,#431,.T.);
#941=EDGE_CURVE('',#770,#768,#432,.T.);
#942=EDGE_CURVE('',#770,#741,#433,.T.);
#943=EDGE_CURVE('',#762,#770,#338,.T.);
#944=EDGE_CURVE('',#767,#771,#339,.T.);
#945=EDGE_CURVE('',#771,#735,#434,.T.);
#946=EDGE_CURVE('',#772,#773,#340,.T.);
#947=EDGE_CURVE('',#773,#700,#435,.T.);
#948=EDGE_CURVE('',#699,#772,#436,.T.);
#949=EDGE_CURVE('',#774,#773,#437,.T.);
#950=EDGE_CURVE('',#774,#701,#438,.T.);
#951=EDGE_CURVE('',#775,#698,#439,.T.);
#952=EDGE_CURVE('',#772,#775,#440,.T.);
#953=EDGE_CURVE('',#703,#776,#441,.T.);
#954=EDGE_CURVE('',#776,#777,#341,.T.);
#955=EDGE_CURVE('',#777,#704,#442,.T.);
#956=EDGE_CURVE('',#778,#702,#443,.T.);
#957=EDGE_CURVE('',#778,#776,#342,.T.);
#958=EDGE_CURVE('',#779,#780,#343,.T.);
#959=EDGE_CURVE('',#780,#706,#444,.T.);
#960=EDGE_CURVE('',#705,#779,#445,.T.);
#961=EDGE_CURVE('',#780,#781,#344,.T.);
#962=EDGE_CURVE('',#781,#707,#446,.T.);
#963=EDGE_CURVE('',#779,#777,#345,.T.);
#964=EDGE_CURVE('',#709,#782,#447,.T.);
#965=EDGE_CURVE('',#782,#783,#346,.T.);
#966=EDGE_CURVE('',#783,#710,#448,.T.);
#967=EDGE_CURVE('',#784,#708,#449,.T.);
#968=EDGE_CURVE('',#782,#784,#450,.T.);
#969=EDGE_CURVE('',#785,#786,#347,.T.);
#970=EDGE_CURVE('',#786,#712,#451,.T.);
#971=EDGE_CURVE('',#711,#785,#452,.T.);
#972=EDGE_CURVE('',#787,#786,#453,.T.);
#973=EDGE_CURVE('',#713,#787,#454,.T.);
#974=EDGE_CURVE('',#787,#788,#348,.T.);
#975=EDGE_CURVE('',#788,#714,#455,.T.);
#976=EDGE_CURVE('',#789,#788,#456,.T.);
#977=EDGE_CURVE('',#789,#715,#457,.T.);
#978=EDGE_CURVE('',#721,#790,#458,.T.);
#979=EDGE_CURVE('',#790,#791,#349,.T.);
#980=EDGE_CURVE('',#791,#722,#459,.T.);
#981=EDGE_CURVE('',#792,#791,#350,.T.);
#982=EDGE_CURVE('',#723,#792,#460,.T.);
#983=EDGE_CURVE('',#793,#677,#351,.T.);
#984=EDGE_CURVE('',#793,#794,#461,.T.);
#985=EDGE_CURVE('',#795,#794,#352,.T.);
#986=EDGE_CURVE('',#796,#795,#353,.T.);
#987=EDGE_CURVE('',#796,#797,#462,.T.);
#988=EDGE_CURVE('',#797,#798,#354,.T.);
#989=EDGE_CURVE('',#798,#799,#463,.T.);
#990=EDGE_CURVE('',#800,#799,#355,.T.);
#991=EDGE_CURVE('',#800,#801,#464,.T.);
#992=EDGE_CURVE('',#801,#802,#465,.T.);
#993=EDGE_CURVE('',#802,#803,#356,.T.);
#994=EDGE_CURVE('',#803,#804,#466,.T.);
#995=EDGE_CURVE('',#805,#804,#357,.T.);
#996=EDGE_CURVE('',#805,#806,#467,.T.);
#997=EDGE_CURVE('',#761,#806,#358,.T.);
#998=EDGE_CURVE('',#807,#807,#359,.T.);
#999=EDGE_CURVE('',#808,#808,#360,.T.);
#1000=EDGE_CURVE('',#809,#809,#361,.T.);
#1001=EDGE_CURVE('',#810,#811,#468,.T.);
#1002=EDGE_CURVE('',#811,#812,#362,.T.);
#1003=EDGE_CURVE('',#812,#813,#469,.T.);
#1004=EDGE_CURVE('',#813,#810,#363,.T.);
#1005=EDGE_CURVE('',#814,#814,#364,.T.);
#1006=EDGE_CURVE('',#815,#815,#365,.T.);
#1007=EDGE_CURVE('',#816,#816,#366,.T.);
#1008=EDGE_CURVE('',#817,#817,#367,.T.);
#1009=EDGE_CURVE('',#818,#818,#368,.T.);
#1010=EDGE_CURVE('',#819,#819,#369,.T.);
#1011=EDGE_CURVE('',#820,#820,#370,.T.);
#1012=EDGE_CURVE('',#821,#821,#371,.T.);
#1013=EDGE_CURVE('',#822,#822,#372,.T.);
#1014=EDGE_CURVE('',#823,#823,#373,.T.);
#1015=EDGE_CURVE('',#824,#824,#374,.T.);
#1016=EDGE_CURVE('',#825,#825,#375,.T.);
#1017=EDGE_CURVE('',#826,#769,#376,.T.);
#1018=EDGE_CURVE('',#826,#827,#470,.T.);
#1019=EDGE_CURVE('',#827,#828,#377,.T.);
#1020=EDGE_CURVE('',#828,#771,#471,.T.);
#1021=EDGE_CURVE('',#764,#829,#472,.T.);
#1022=EDGE_CURVE('',#830,#829,#378,.T.);
#1023=EDGE_CURVE('',#830,#831,#473,.T.);
#1024=EDGE_CURVE('',#831,#832,#379,.F.);
#1025=EDGE_CURVE('',#832,#833,#474,.T.);
#1026=EDGE_CURVE('',#833,#834,#380,.T.);
#1027=EDGE_CURVE('',#834,#835,#475,.T.);
#1028=EDGE_CURVE('',#792,#835,#381,.T.);
#1029=EDGE_CURVE('',#790,#836,#476,.T.);
#1030=EDGE_CURVE('',#837,#836,#382,.T.);
#1031=EDGE_CURVE('',#837,#838,#477,.T.);
#1032=EDGE_CURVE('',#838,#839,#478,.T.);
#1033=EDGE_CURVE('',#839,#840,#479,.T.);
#1034=EDGE_CURVE('',#840,#789,#480,.T.);
#1035=EDGE_CURVE('',#785,#783,#481,.T.);
#1036=EDGE_CURVE('',#784,#781,#482,.T.);
#1037=EDGE_CURVE('',#778,#774,#383,.T.);
#1038=EDGE_CURVE('',#763,#775,#384,.T.);
#1039=EDGE_CURVE('',#835,#724,#483,.T.);
#1040=EDGE_CURVE('',#834,#725,#484,.T.);
#1041=EDGE_CURVE('',#727,#832,#485,.T.);
#1042=EDGE_CURVE('',#831,#728,#486,.T.);
#1043=EDGE_CURVE('',#829,#730,#487,.T.);
#1044=EDGE_CURVE('',#729,#830,#488,.T.);
#1045=EDGE_CURVE('',#833,#726,#489,.T.);
#1046=EDGE_CURVE('',#688,#800,#490,.T.);
#1047=EDGE_CURVE('',#799,#689,#491,.T.);
#1048=EDGE_CURVE('',#798,#690,#492,.T.);
#1049=EDGE_CURVE('',#795,#693,#493,.T.);
#1050=EDGE_CURVE('',#692,#796,#494,.T.);
#1051=EDGE_CURVE('',#794,#694,#495,.T.);
#1052=EDGE_CURVE('',#742,#807,#496,.T.);
#1053=EDGE_CURVE('',#686,#802,#497,.T.);
#1054=EDGE_CURVE('',#685,#803,#498,.T.);
#1055=EDGE_CURVE('',#804,#684,#499,.T.);
#1056=EDGE_CURVE('',#687,#801,#500,.T.);
#1057=EDGE_CURVE('',#760,#825,#501,.T.);
#1058=EDGE_CURVE('',#743,#808,#502,.T.);
#1059=EDGE_CURVE('',#759,#824,#503,.T.);
#1060=EDGE_CURVE('',#744,#809,#504,.T.);
#1061=EDGE_CURVE('',#797,#691,#505,.T.);
#1062=EDGE_CURVE('',#813,#747,#506,.T.);
#1063=EDGE_CURVE('',#812,#748,#507,.T.);
#1064=EDGE_CURVE('',#811,#745,#508,.T.);
#1065=EDGE_CURVE('',#810,#746,#509,.T.);
#1066=EDGE_CURVE('',#738,#826,#510,.T.);
#1067=EDGE_CURVE('',#827,#737,#511,.T.);
#1068=EDGE_CURVE('',#828,#736,#512,.T.);
#1069=EDGE_CURVE('',#836,#720,#513,.T.);
#1070=EDGE_CURVE('',#719,#837,#514,.T.);
#1071=EDGE_CURVE('',#814,#758,#515,.T.);
#1072=EDGE_CURVE('',#815,#757,#516,.T.);
#1073=EDGE_CURVE('',#816,#756,#517,.T.);
#1074=EDGE_CURVE('',#817,#755,#518,.T.);
#1075=EDGE_CURVE('',#818,#754,#519,.T.);
#1076=EDGE_CURVE('',#840,#716,#520,.T.);
#1077=EDGE_CURVE('',#839,#717,#521,.T.);
#1078=EDGE_CURVE('',#838,#718,#522,.T.);
#1079=EDGE_CURVE('',#819,#753,#523,.T.);
#1080=EDGE_CURVE('',#820,#752,#524,.T.);
#1081=EDGE_CURVE('',#821,#751,#525,.T.);
#1082=EDGE_CURVE('',#822,#750,#526,.T.);
#1083=EDGE_CURVE('',#823,#749,#527,.T.);
#1084=EDGE_CURVE('',#806,#682,#528,.T.);
#1085=EDGE_CURVE('',#683,#805,#529,.T.);
#1086=EDGE_CURVE('',#695,#793,#530,.T.);
#1087=ORIENTED_EDGE('',*,*,#841,.F.);
#1088=ORIENTED_EDGE('',*,*,#842,.F.);
#1089=ORIENTED_EDGE('',*,*,#843,.F.);
#1090=ORIENTED_EDGE('',*,*,#844,.F.);
#1091=ORIENTED_EDGE('',*,*,#844,.T.);
#1092=ORIENTED_EDGE('',*,*,#845,.T.);
#1093=ORIENTED_EDGE('',*,*,#846,.F.);
#1094=ORIENTED_EDGE('',*,*,#847,.T.);
#1095=ORIENTED_EDGE('',*,*,#848,.F.);
#1096=ORIENTED_EDGE('',*,*,#849,.T.);
#1097=ORIENTED_EDGE('',*,*,#850,.T.);
#1098=ORIENTED_EDGE('',*,*,#851,.T.);
#1099=ORIENTED_EDGE('',*,*,#852,.T.);
#1100=ORIENTED_EDGE('',*,*,#853,.F.);
#1101=ORIENTED_EDGE('',*,*,#854,.T.);
#1102=ORIENTED_EDGE('',*,*,#855,.T.);
#1103=ORIENTED_EDGE('',*,*,#856,.T.);
#1104=ORIENTED_EDGE('',*,*,#857,.F.);
#1105=ORIENTED_EDGE('',*,*,#858,.F.);
#1106=ORIENTED_EDGE('',*,*,#859,.T.);
#1107=ORIENTED_EDGE('',*,*,#860,.F.);
#1108=ORIENTED_EDGE('',*,*,#861,.F.);
#1109=ORIENTED_EDGE('',*,*,#862,.F.);
#1110=ORIENTED_EDGE('',*,*,#863,.T.);
#1111=ORIENTED_EDGE('',*,*,#864,.F.);
#1112=ORIENTED_EDGE('',*,*,#865,.T.);
#1113=ORIENTED_EDGE('',*,*,#866,.T.);
#1114=ORIENTED_EDGE('',*,*,#867,.F.);
#1115=ORIENTED_EDGE('',*,*,#868,.F.);
#1116=ORIENTED_EDGE('',*,*,#869,.T.);
#1117=ORIENTED_EDGE('',*,*,#870,.F.);
#1118=ORIENTED_EDGE('',*,*,#871,.F.);
#1119=ORIENTED_EDGE('',*,*,#872,.T.);
#1120=ORIENTED_EDGE('',*,*,#873,.T.);
#1121=ORIENTED_EDGE('',*,*,#874,.F.);
#1122=ORIENTED_EDGE('',*,*,#875,.T.);
#1123=ORIENTED_EDGE('',*,*,#876,.F.);
#1124=ORIENTED_EDGE('',*,*,#877,.T.);
#1125=ORIENTED_EDGE('',*,*,#878,.F.);
#1126=ORIENTED_EDGE('',*,*,#879,.T.);
#1127=ORIENTED_EDGE('',*,*,#880,.T.);
#1128=ORIENTED_EDGE('',*,*,#881,.T.);
#1129=ORIENTED_EDGE('',*,*,#882,.T.);
#1130=ORIENTED_EDGE('',*,*,#883,.T.);
#1131=ORIENTED_EDGE('',*,*,#884,.F.);
#1132=ORIENTED_EDGE('',*,*,#885,.T.);
#1133=ORIENTED_EDGE('',*,*,#886,.F.);
#1134=ORIENTED_EDGE('',*,*,#887,.T.);
#1135=ORIENTED_EDGE('',*,*,#888,.F.);
#1136=ORIENTED_EDGE('',*,*,#889,.T.);
#1137=ORIENTED_EDGE('',*,*,#890,.T.);
#1138=ORIENTED_EDGE('',*,*,#891,.T.);
#1139=ORIENTED_EDGE('',*,*,#892,.F.);
#1140=ORIENTED_EDGE('',*,*,#893,.T.);
#1141=ORIENTED_EDGE('',*,*,#894,.F.);
#1142=ORIENTED_EDGE('',*,*,#895,.T.);
#1143=ORIENTED_EDGE('',*,*,#896,.F.);
#1144=ORIENTED_EDGE('',*,*,#897,.T.);
#1145=ORIENTED_EDGE('',*,*,#898,.T.);
#1146=ORIENTED_EDGE('',*,*,#899,.F.);
#1147=ORIENTED_EDGE('',*,*,#900,.T.);
#1148=ORIENTED_EDGE('',*,*,#901,.T.);
#1149=ORIENTED_EDGE('',*,*,#902,.T.);
#1150=ORIENTED_EDGE('',*,*,#903,.F.);
#1151=ORIENTED_EDGE('',*,*,#904,.T.);
#1152=ORIENTED_EDGE('',*,*,#905,.T.);
#1153=ORIENTED_EDGE('',*,*,#906,.T.);
#1154=ORIENTED_EDGE('',*,*,#907,.T.);
#1155=ORIENTED_EDGE('',*,*,#908,.T.);
#1156=ORIENTED_EDGE('',*,*,#909,.T.);
#1157=ORIENTED_EDGE('',*,*,#910,.T.);
#1158=ORIENTED_EDGE('',*,*,#911,.T.);
#1159=ORIENTED_EDGE('',*,*,#912,.T.);
#1160=ORIENTED_EDGE('',*,*,#913,.T.);
#1161=ORIENTED_EDGE('',*,*,#914,.T.);
#1162=ORIENTED_EDGE('',*,*,#915,.T.);
#1163=ORIENTED_EDGE('',*,*,#916,.T.);
#1164=ORIENTED_EDGE('',*,*,#917,.T.);
#1165=ORIENTED_EDGE('',*,*,#918,.T.);
#1166=ORIENTED_EDGE('',*,*,#919,.T.);
#1167=ORIENTED_EDGE('',*,*,#920,.T.);
#1168=ORIENTED_EDGE('',*,*,#921,.T.);
#1169=ORIENTED_EDGE('',*,*,#922,.T.);
#1170=ORIENTED_EDGE('',*,*,#923,.T.);
#1171=ORIENTED_EDGE('',*,*,#924,.T.);
#1172=ORIENTED_EDGE('',*,*,#925,.T.);
#1173=ORIENTED_EDGE('',*,*,#843,.T.);
#1174=ORIENTED_EDGE('',*,*,#926,.F.);
#1175=ORIENTED_EDGE('',*,*,#927,.F.);
#1176=ORIENTED_EDGE('',*,*,#845,.F.);
#1177=ORIENTED_EDGE('',*,*,#928,.T.);
#1178=ORIENTED_EDGE('',*,*,#929,.T.);
#1179=ORIENTED_EDGE('',*,*,#861,.T.);
#1180=ORIENTED_EDGE('',*,*,#930,.F.);
#1181=ORIENTED_EDGE('',*,*,#931,.T.);
#1182=ORIENTED_EDGE('',*,*,#932,.T.);
#1183=ORIENTED_EDGE('',*,*,#896,.T.);
#1184=ORIENTED_EDGE('',*,*,#933,.T.);
#1185=ORIENTED_EDGE('',*,*,#932,.F.);
#1186=ORIENTED_EDGE('',*,*,#934,.F.);
#1187=ORIENTED_EDGE('',*,*,#935,.T.);
#1188=ORIENTED_EDGE('',*,*,#897,.F.);
#1189=ORIENTED_EDGE('',*,*,#936,.F.);
#1190=ORIENTED_EDGE('',*,*,#937,.F.);
#1191=ORIENTED_EDGE('',*,*,#898,.F.);
#1192=ORIENTED_EDGE('',*,*,#935,.F.);
#1193=ORIENTED_EDGE('',*,*,#938,.F.);
#1194=ORIENTED_EDGE('',*,*,#939,.T.);
#1195=ORIENTED_EDGE('',*,*,#904,.F.);
#1196=ORIENTED_EDGE('',*,*,#940,.F.);
#1197=ORIENTED_EDGE('',*,*,#941,.F.);
#1198=ORIENTED_EDGE('',*,*,#942,.T.);
#1199=ORIENTED_EDGE('',*,*,#905,.F.);
#1200=ORIENTED_EDGE('',*,*,#939,.F.);
#1201=ORIENTED_EDGE('',*,*,#943,.F.);
#1202=ORIENTED_EDGE('',*,*,#930,.T.);
#1203=ORIENTED_EDGE('',*,*,#906,.F.);
#1204=ORIENTED_EDGE('',*,*,#942,.F.);
#1205=ORIENTED_EDGE('',*,*,#937,.T.);
#1206=ORIENTED_EDGE('',*,*,#944,.T.);
#1207=ORIENTED_EDGE('',*,*,#945,.T.);
#1208=ORIENTED_EDGE('',*,*,#899,.T.);
#1209=ORIENTED_EDGE('',*,*,#946,.T.);
#1210=ORIENTED_EDGE('',*,*,#947,.T.);
#1211=ORIENTED_EDGE('',*,*,#864,.T.);
#1212=ORIENTED_EDGE('',*,*,#948,.T.);
#1213=ORIENTED_EDGE('',*,*,#947,.F.);
#1214=ORIENTED_EDGE('',*,*,#949,.F.);
#1215=ORIENTED_EDGE('',*,*,#950,.T.);
#1216=ORIENTED_EDGE('',*,*,#865,.F.);
#1217=ORIENTED_EDGE('',*,*,#948,.F.);
#1218=ORIENTED_EDGE('',*,*,#863,.F.);
#1219=ORIENTED_EDGE('',*,*,#951,.F.);
#1220=ORIENTED_EDGE('',*,*,#952,.F.);
#1221=ORIENTED_EDGE('',*,*,#868,.T.);
#1222=ORIENTED_EDGE('',*,*,#953,.T.);
#1223=ORIENTED_EDGE('',*,*,#954,.T.);
#1224=ORIENTED_EDGE('',*,*,#955,.T.);
#1225=ORIENTED_EDGE('',*,*,#953,.F.);
#1226=ORIENTED_EDGE('',*,*,#867,.T.);
#1227=ORIENTED_EDGE('',*,*,#956,.F.);
#1228=ORIENTED_EDGE('',*,*,#957,.T.);
#1229=ORIENTED_EDGE('',*,*,#958,.T.);
#1230=ORIENTED_EDGE('',*,*,#959,.T.);
#1231=ORIENTED_EDGE('',*,*,#870,.T.);
#1232=ORIENTED_EDGE('',*,*,#960,.T.);
#1233=ORIENTED_EDGE('',*,*,#959,.F.);
#1234=ORIENTED_EDGE('',*,*,#961,.T.);
#1235=ORIENTED_EDGE('',*,*,#962,.T.);
#1236=ORIENTED_EDGE('',*,*,#871,.T.);
#1237=ORIENTED_EDGE('',*,*,#955,.F.);
#1238=ORIENTED_EDGE('',*,*,#963,.F.);
#1239=ORIENTED_EDGE('',*,*,#960,.F.);
#1240=ORIENTED_EDGE('',*,*,#869,.F.);
#1241=ORIENTED_EDGE('',*,*,#874,.T.);
#1242=ORIENTED_EDGE('',*,*,#964,.T.);
#1243=ORIENTED_EDGE('',*,*,#965,.T.);
#1244=ORIENTED_EDGE('',*,*,#966,.T.);
#1245=ORIENTED_EDGE('',*,*,#964,.F.);
#1246=ORIENTED_EDGE('',*,*,#873,.F.);
#1247=ORIENTED_EDGE('',*,*,#967,.F.);
#1248=ORIENTED_EDGE('',*,*,#968,.F.);
#1249=ORIENTED_EDGE('',*,*,#969,.T.);
#1250=ORIENTED_EDGE('',*,*,#970,.T.);
#1251=ORIENTED_EDGE('',*,*,#876,.T.);
#1252=ORIENTED_EDGE('',*,*,#971,.T.);
#1253=ORIENTED_EDGE('',*,*,#970,.F.);
#1254=ORIENTED_EDGE('',*,*,#972,.F.);
#1255=ORIENTED_EDGE('',*,*,#973,.F.);
#1256=ORIENTED_EDGE('',*,*,#877,.F.);
#1257=ORIENTED_EDGE('',*,*,#974,.T.);
#1258=ORIENTED_EDGE('',*,*,#975,.T.);
#1259=ORIENTED_EDGE('',*,*,#878,.T.);
#1260=ORIENTED_EDGE('',*,*,#973,.T.);
#1261=ORIENTED_EDGE('',*,*,#975,.F.);
#1262=ORIENTED_EDGE('',*,*,#976,.F.);
#1263=ORIENTED_EDGE('',*,*,#977,.T.);
#1264=ORIENTED_EDGE('',*,*,#879,.F.);
#1265=ORIENTED_EDGE('',*,*,#886,.T.);
#1266=ORIENTED_EDGE('',*,*,#978,.T.);
#1267=ORIENTED_EDGE('',*,*,#979,.T.);
#1268=ORIENTED_EDGE('',*,*,#980,.T.);
#1269=ORIENTED_EDGE('',*,*,#980,.F.);
#1270=ORIENTED_EDGE('',*,*,#981,.F.);
#1271=ORIENTED_EDGE('',*,*,#982,.F.);
#1272=ORIENTED_EDGE('',*,*,#887,.F.);
#1273=ORIENTED_EDGE('',*,*,#842,.T.);
#1274=ORIENTED_EDGE('',*,*,#983,.F.);
#1275=ORIENTED_EDGE('',*,*,#984,.T.);
#1276=ORIENTED_EDGE('',*,*,#985,.F.);
#1277=ORIENTED_EDGE('',*,*,#986,.F.);
#1278=ORIENTED_EDGE('',*,*,#987,.T.);
#1279=ORIENTED_EDGE('',*,*,#988,.T.);
#1280=ORIENTED_EDGE('',*,*,#989,.T.);
#1281=ORIENTED_EDGE('',*,*,#990,.F.);
#1282=ORIENTED_EDGE('',*,*,#991,.T.);
#1283=ORIENTED_EDGE('',*,*,#992,.T.);
#1284=ORIENTED_EDGE('',*,*,#993,.T.);
#1285=ORIENTED_EDGE('',*,*,#994,.T.);
#1286=ORIENTED_EDGE('',*,*,#995,.F.);
#1287=ORIENTED_EDGE('',*,*,#996,.T.);
#1288=ORIENTED_EDGE('',*,*,#997,.F.);
#1289=ORIENTED_EDGE('',*,*,#926,.T.);
#1290=ORIENTED_EDGE('',*,*,#998,.T.);
#1291=ORIENTED_EDGE('',*,*,#999,.T.);
#1292=ORIENTED_EDGE('',*,*,#1000,.T.);
#1293=ORIENTED_EDGE('',*,*,#1001,.T.);
#1294=ORIENTED_EDGE('',*,*,#1002,.T.);
#1295=ORIENTED_EDGE('',*,*,#1003,.T.);
#1296=ORIENTED_EDGE('',*,*,#1004,.T.);
#1297=ORIENTED_EDGE('',*,*,#1005,.T.);
#1298=ORIENTED_EDGE('',*,*,#1006,.T.);
#1299=ORIENTED_EDGE('',*,*,#1007,.T.);
#1300=ORIENTED_EDGE('',*,*,#1008,.T.);
#1301=ORIENTED_EDGE('',*,*,#1009,.T.);
#1302=ORIENTED_EDGE('',*,*,#1010,.T.);
#1303=ORIENTED_EDGE('',*,*,#1011,.T.);
#1304=ORIENTED_EDGE('',*,*,#1012,.T.);
#1305=ORIENTED_EDGE('',*,*,#1013,.T.);
#1306=ORIENTED_EDGE('',*,*,#1014,.T.);
#1307=ORIENTED_EDGE('',*,*,#1015,.T.);
#1308=ORIENTED_EDGE('',*,*,#1016,.T.);
#1309=ORIENTED_EDGE('',*,*,#928,.F.);
#1310=ORIENTED_EDGE('',*,*,#943,.T.);
#1311=ORIENTED_EDGE('',*,*,#941,.T.);
#1312=ORIENTED_EDGE('',*,*,#938,.T.);
#1313=ORIENTED_EDGE('',*,*,#1017,.F.);
#1314=ORIENTED_EDGE('',*,*,#1018,.T.);
#1315=ORIENTED_EDGE('',*,*,#1019,.T.);
#1316=ORIENTED_EDGE('',*,*,#1020,.T.);
#1317=ORIENTED_EDGE('',*,*,#944,.F.);
#1318=ORIENTED_EDGE('',*,*,#936,.T.);
#1319=ORIENTED_EDGE('',*,*,#934,.T.);
#1320=ORIENTED_EDGE('',*,*,#931,.F.);
#1321=ORIENTED_EDGE('',*,*,#1021,.T.);
#1322=ORIENTED_EDGE('',*,*,#1022,.F.);
#1323=ORIENTED_EDGE('',*,*,#1023,.T.);
#1324=ORIENTED_EDGE('',*,*,#1024,.T.);
#1325=ORIENTED_EDGE('',*,*,#1025,.T.);
#1326=ORIENTED_EDGE('',*,*,#1026,.T.);
#1327=ORIENTED_EDGE('',*,*,#1027,.T.);
#1328=ORIENTED_EDGE('',*,*,#1028,.F.);
#1329=ORIENTED_EDGE('',*,*,#981,.T.);
#1330=ORIENTED_EDGE('',*,*,#979,.F.);
#1331=ORIENTED_EDGE('',*,*,#1029,.T.);
#1332=ORIENTED_EDGE('',*,*,#1030,.F.);
#1333=ORIENTED_EDGE('',*,*,#1031,.T.);
#1334=ORIENTED_EDGE('',*,*,#1032,.T.);
#1335=ORIENTED_EDGE('',*,*,#1033,.T.);
#1336=ORIENTED_EDGE('',*,*,#1034,.T.);
#1337=ORIENTED_EDGE('',*,*,#976,.T.);
#1338=ORIENTED_EDGE('',*,*,#974,.F.);
#1339=ORIENTED_EDGE('',*,*,#972,.T.);
#1340=ORIENTED_EDGE('',*,*,#969,.F.);
#1341=ORIENTED_EDGE('',*,*,#1035,.T.);
#1342=ORIENTED_EDGE('',*,*,#965,.F.);
#1343=ORIENTED_EDGE('',*,*,#968,.T.);
#1344=ORIENTED_EDGE('',*,*,#1036,.T.);
#1345=ORIENTED_EDGE('',*,*,#961,.F.);
#1346=ORIENTED_EDGE('',*,*,#958,.F.);
#1347=ORIENTED_EDGE('',*,*,#963,.T.);
#1348=ORIENTED_EDGE('',*,*,#954,.F.);
#1349=ORIENTED_EDGE('',*,*,#957,.F.);
#1350=ORIENTED_EDGE('',*,*,#1037,.T.);
#1351=ORIENTED_EDGE('',*,*,#949,.T.);
#1352=ORIENTED_EDGE('',*,*,#946,.F.);
#1353=ORIENTED_EDGE('',*,*,#952,.T.);
#1354=ORIENTED_EDGE('',*,*,#1038,.F.);
#1355=ORIENTED_EDGE('',*,*,#888,.T.);
#1356=ORIENTED_EDGE('',*,*,#982,.T.);
#1357=ORIENTED_EDGE('',*,*,#1028,.T.);
#1358=ORIENTED_EDGE('',*,*,#1039,.T.);
#1359=ORIENTED_EDGE('',*,*,#1039,.F.);
#1360=ORIENTED_EDGE('',*,*,#1027,.F.);
#1361=ORIENTED_EDGE('',*,*,#1040,.T.);
#1362=ORIENTED_EDGE('',*,*,#889,.F.);
#1363=ORIENTED_EDGE('',*,*,#892,.T.);
#1364=ORIENTED_EDGE('',*,*,#1041,.T.);
#1365=ORIENTED_EDGE('',*,*,#1024,.F.);
#1366=ORIENTED_EDGE('',*,*,#1042,.T.);
#1367=ORIENTED_EDGE('',*,*,#1022,.T.);
#1368=ORIENTED_EDGE('',*,*,#1043,.T.);
#1369=ORIENTED_EDGE('',*,*,#894,.T.);
#1370=ORIENTED_EDGE('',*,*,#1044,.T.);
#1371=ORIENTED_EDGE('',*,*,#933,.F.);
#1372=ORIENTED_EDGE('',*,*,#895,.F.);
#1373=ORIENTED_EDGE('',*,*,#1043,.F.);
#1374=ORIENTED_EDGE('',*,*,#1021,.F.);
#1375=ORIENTED_EDGE('',*,*,#890,.F.);
#1376=ORIENTED_EDGE('',*,*,#1040,.F.);
#1377=ORIENTED_EDGE('',*,*,#1026,.F.);
#1378=ORIENTED_EDGE('',*,*,#1045,.T.);
#1379=ORIENTED_EDGE('',*,*,#1041,.F.);
#1380=ORIENTED_EDGE('',*,*,#891,.F.);
#1381=ORIENTED_EDGE('',*,*,#1045,.F.);
#1382=ORIENTED_EDGE('',*,*,#1025,.F.);
#1383=ORIENTED_EDGE('',*,*,#853,.T.);
#1384=ORIENTED_EDGE('',*,*,#1046,.T.);
#1385=ORIENTED_EDGE('',*,*,#990,.T.);
#1386=ORIENTED_EDGE('',*,*,#1047,.T.);
#1387=ORIENTED_EDGE('',*,*,#1047,.F.);
#1388=ORIENTED_EDGE('',*,*,#989,.F.);
#1389=ORIENTED_EDGE('',*,*,#1048,.T.);
#1390=ORIENTED_EDGE('',*,*,#854,.F.);
#1391=ORIENTED_EDGE('',*,*,#986,.T.);
#1392=ORIENTED_EDGE('',*,*,#1049,.T.);
#1393=ORIENTED_EDGE('',*,*,#857,.T.);
#1394=ORIENTED_EDGE('',*,*,#1050,.T.);
#1395=ORIENTED_EDGE('',*,*,#1049,.F.);
#1396=ORIENTED_EDGE('',*,*,#985,.T.);
#1397=ORIENTED_EDGE('',*,*,#1051,.T.);
#1398=ORIENTED_EDGE('',*,*,#858,.T.);
#1399=ORIENTED_EDGE('',*,*,#907,.F.);
#1400=ORIENTED_EDGE('',*,*,#1052,.T.);
#1401=ORIENTED_EDGE('',*,*,#998,.F.);
#1402=ORIENTED_EDGE('',*,*,#1052,.F.);
#1403=ORIENTED_EDGE('',*,*,#993,.F.);
#1404=ORIENTED_EDGE('',*,*,#1053,.F.);
#1405=ORIENTED_EDGE('',*,*,#850,.F.);
#1406=ORIENTED_EDGE('',*,*,#1054,.T.);
#1407=ORIENTED_EDGE('',*,*,#994,.F.);
#1408=ORIENTED_EDGE('',*,*,#1054,.F.);
#1409=ORIENTED_EDGE('',*,*,#849,.F.);
#1410=ORIENTED_EDGE('',*,*,#1055,.F.);
#1411=ORIENTED_EDGE('',*,*,#992,.F.);
#1412=ORIENTED_EDGE('',*,*,#1056,.F.);
#1413=ORIENTED_EDGE('',*,*,#851,.F.);
#1414=ORIENTED_EDGE('',*,*,#1053,.T.);
#1415=ORIENTED_EDGE('',*,*,#1046,.F.);
#1416=ORIENTED_EDGE('',*,*,#852,.F.);
#1417=ORIENTED_EDGE('',*,*,#1056,.T.);
#1418=ORIENTED_EDGE('',*,*,#991,.F.);
#1419=ORIENTED_EDGE('',*,*,#925,.F.);
#1420=ORIENTED_EDGE('',*,*,#1057,.T.);
#1421=ORIENTED_EDGE('',*,*,#1016,.F.);
#1422=ORIENTED_EDGE('',*,*,#1057,.F.);
#1423=ORIENTED_EDGE('',*,*,#908,.F.);
#1424=ORIENTED_EDGE('',*,*,#1058,.T.);
#1425=ORIENTED_EDGE('',*,*,#999,.F.);
#1426=ORIENTED_EDGE('',*,*,#1058,.F.);
#1427=ORIENTED_EDGE('',*,*,#924,.F.);
#1428=ORIENTED_EDGE('',*,*,#1059,.T.);
#1429=ORIENTED_EDGE('',*,*,#1015,.F.);
#1430=ORIENTED_EDGE('',*,*,#1059,.F.);
#1431=ORIENTED_EDGE('',*,*,#909,.F.);
#1432=ORIENTED_EDGE('',*,*,#1060,.T.);
#1433=ORIENTED_EDGE('',*,*,#1000,.F.);
#1434=ORIENTED_EDGE('',*,*,#1060,.F.);
#1435=ORIENTED_EDGE('',*,*,#855,.F.);
#1436=ORIENTED_EDGE('',*,*,#1048,.F.);
#1437=ORIENTED_EDGE('',*,*,#988,.F.);
#1438=ORIENTED_EDGE('',*,*,#1061,.T.);
#1439=ORIENTED_EDGE('',*,*,#1050,.F.);
#1440=ORIENTED_EDGE('',*,*,#856,.F.);
#1441=ORIENTED_EDGE('',*,*,#1061,.F.);
#1442=ORIENTED_EDGE('',*,*,#987,.F.);
#1443=ORIENTED_EDGE('',*,*,#912,.F.);
#1444=ORIENTED_EDGE('',*,*,#1062,.F.);
#1445=ORIENTED_EDGE('',*,*,#1003,.F.);
#1446=ORIENTED_EDGE('',*,*,#1063,.T.);
#1447=ORIENTED_EDGE('',*,*,#913,.F.);
#1448=ORIENTED_EDGE('',*,*,#1063,.F.);
#1449=ORIENTED_EDGE('',*,*,#1002,.F.);
#1450=ORIENTED_EDGE('',*,*,#1064,.T.);
#1451=ORIENTED_EDGE('',*,*,#910,.F.);
#1452=ORIENTED_EDGE('',*,*,#1064,.F.);
#1453=ORIENTED_EDGE('',*,*,#1001,.F.);
#1454=ORIENTED_EDGE('',*,*,#1065,.T.);
#1455=ORIENTED_EDGE('',*,*,#911,.F.);
#1456=ORIENTED_EDGE('',*,*,#1065,.F.);
#1457=ORIENTED_EDGE('',*,*,#1004,.F.);
#1458=ORIENTED_EDGE('',*,*,#1062,.T.);
#1459=ORIENTED_EDGE('',*,*,#940,.T.);
#1460=ORIENTED_EDGE('',*,*,#903,.T.);
#1461=ORIENTED_EDGE('',*,*,#1066,.T.);
#1462=ORIENTED_EDGE('',*,*,#1017,.T.);
#1463=ORIENTED_EDGE('',*,*,#1066,.F.);
#1464=ORIENTED_EDGE('',*,*,#902,.F.);
#1465=ORIENTED_EDGE('',*,*,#1067,.F.);
#1466=ORIENTED_EDGE('',*,*,#1018,.F.);
#1467=ORIENTED_EDGE('',*,*,#901,.F.);
#1468=ORIENTED_EDGE('',*,*,#1068,.F.);
#1469=ORIENTED_EDGE('',*,*,#1019,.F.);
#1470=ORIENTED_EDGE('',*,*,#1067,.T.);
#1471=ORIENTED_EDGE('',*,*,#945,.F.);
#1472=ORIENTED_EDGE('',*,*,#1020,.F.);
#1473=ORIENTED_EDGE('',*,*,#1068,.T.);
#1474=ORIENTED_EDGE('',*,*,#900,.F.);
#1475=ORIENTED_EDGE('',*,*,#978,.F.);
#1476=ORIENTED_EDGE('',*,*,#885,.F.);
#1477=ORIENTED_EDGE('',*,*,#1069,.F.);
#1478=ORIENTED_EDGE('',*,*,#1029,.F.);
#1479=ORIENTED_EDGE('',*,*,#1030,.T.);
#1480=ORIENTED_EDGE('',*,*,#1069,.T.);
#1481=ORIENTED_EDGE('',*,*,#884,.T.);
#1482=ORIENTED_EDGE('',*,*,#1070,.T.);
#1483=ORIENTED_EDGE('',*,*,#929,.F.);
#1484=ORIENTED_EDGE('',*,*,#1038,.T.);
#1485=ORIENTED_EDGE('',*,*,#951,.T.);
#1486=ORIENTED_EDGE('',*,*,#862,.T.);
#1487=ORIENTED_EDGE('',*,*,#1005,.F.);
#1488=ORIENTED_EDGE('',*,*,#1071,.T.);
#1489=ORIENTED_EDGE('',*,*,#923,.F.);
#1490=ORIENTED_EDGE('',*,*,#1071,.F.);
#1491=ORIENTED_EDGE('',*,*,#1006,.F.);
#1492=ORIENTED_EDGE('',*,*,#1072,.T.);
#1493=ORIENTED_EDGE('',*,*,#922,.F.);
#1494=ORIENTED_EDGE('',*,*,#1072,.F.);
#1495=ORIENTED_EDGE('',*,*,#1007,.F.);
#1496=ORIENTED_EDGE('',*,*,#1073,.T.);
#1497=ORIENTED_EDGE('',*,*,#921,.F.);
#1498=ORIENTED_EDGE('',*,*,#1073,.F.);
#1499=ORIENTED_EDGE('',*,*,#1008,.F.);
#1500=ORIENTED_EDGE('',*,*,#1074,.T.);
#1501=ORIENTED_EDGE('',*,*,#920,.F.);
#1502=ORIENTED_EDGE('',*,*,#1074,.F.);
#1503=ORIENTED_EDGE('',*,*,#1009,.F.);
#1504=ORIENTED_EDGE('',*,*,#1075,.T.);
#1505=ORIENTED_EDGE('',*,*,#919,.F.);
#1506=ORIENTED_EDGE('',*,*,#1075,.F.);
#1507=ORIENTED_EDGE('',*,*,#1037,.F.);
#1508=ORIENTED_EDGE('',*,*,#956,.T.);
#1509=ORIENTED_EDGE('',*,*,#866,.F.);
#1510=ORIENTED_EDGE('',*,*,#950,.F.);
#1511=ORIENTED_EDGE('',*,*,#962,.F.);
#1512=ORIENTED_EDGE('',*,*,#1036,.F.);
#1513=ORIENTED_EDGE('',*,*,#967,.T.);
#1514=ORIENTED_EDGE('',*,*,#872,.F.);
#1515=ORIENTED_EDGE('',*,*,#966,.F.);
#1516=ORIENTED_EDGE('',*,*,#1035,.F.);
#1517=ORIENTED_EDGE('',*,*,#971,.F.);
#1518=ORIENTED_EDGE('',*,*,#875,.F.);
#1519=ORIENTED_EDGE('',*,*,#1034,.F.);
#1520=ORIENTED_EDGE('',*,*,#1076,.T.);
#1521=ORIENTED_EDGE('',*,*,#880,.F.);
#1522=ORIENTED_EDGE('',*,*,#977,.F.);
#1523=ORIENTED_EDGE('',*,*,#1033,.F.);
#1524=ORIENTED_EDGE('',*,*,#1077,.T.);
#1525=ORIENTED_EDGE('',*,*,#881,.F.);
#1526=ORIENTED_EDGE('',*,*,#1076,.F.);
#1527=ORIENTED_EDGE('',*,*,#1032,.F.);
#1528=ORIENTED_EDGE('',*,*,#1078,.T.);
#1529=ORIENTED_EDGE('',*,*,#882,.F.);
#1530=ORIENTED_EDGE('',*,*,#1077,.F.);
#1531=ORIENTED_EDGE('',*,*,#1070,.F.);
#1532=ORIENTED_EDGE('',*,*,#883,.F.);
#1533=ORIENTED_EDGE('',*,*,#1078,.F.);
#1534=ORIENTED_EDGE('',*,*,#1031,.F.);
#1535=ORIENTED_EDGE('',*,*,#1044,.F.);
#1536=ORIENTED_EDGE('',*,*,#893,.F.);
#1537=ORIENTED_EDGE('',*,*,#1042,.F.);
#1538=ORIENTED_EDGE('',*,*,#1023,.F.);
#1539=ORIENTED_EDGE('',*,*,#1010,.F.);
#1540=ORIENTED_EDGE('',*,*,#1079,.T.);
#1541=ORIENTED_EDGE('',*,*,#918,.F.);
#1542=ORIENTED_EDGE('',*,*,#1079,.F.);
#1543=ORIENTED_EDGE('',*,*,#1011,.F.);
#1544=ORIENTED_EDGE('',*,*,#1080,.T.);
#1545=ORIENTED_EDGE('',*,*,#917,.F.);
#1546=ORIENTED_EDGE('',*,*,#1080,.F.);
#1547=ORIENTED_EDGE('',*,*,#1012,.F.);
#1548=ORIENTED_EDGE('',*,*,#1081,.T.);
#1549=ORIENTED_EDGE('',*,*,#916,.F.);
#1550=ORIENTED_EDGE('',*,*,#1081,.F.);
#1551=ORIENTED_EDGE('',*,*,#1013,.F.);
#1552=ORIENTED_EDGE('',*,*,#1082,.T.);
#1553=ORIENTED_EDGE('',*,*,#915,.F.);
#1554=ORIENTED_EDGE('',*,*,#1082,.F.);
#1555=ORIENTED_EDGE('',*,*,#1014,.F.);
#1556=ORIENTED_EDGE('',*,*,#1083,.T.);
#1557=ORIENTED_EDGE('',*,*,#914,.F.);
#1558=ORIENTED_EDGE('',*,*,#1083,.F.);
#1559=ORIENTED_EDGE('',*,*,#997,.T.);
#1560=ORIENTED_EDGE('',*,*,#1084,.T.);
#1561=ORIENTED_EDGE('',*,*,#846,.T.);
#1562=ORIENTED_EDGE('',*,*,#927,.T.);
#1563=ORIENTED_EDGE('',*,*,#1084,.F.);
#1564=ORIENTED_EDGE('',*,*,#996,.F.);
#1565=ORIENTED_EDGE('',*,*,#1085,.F.);
#1566=ORIENTED_EDGE('',*,*,#847,.F.);
#1567=ORIENTED_EDGE('',*,*,#995,.T.);
#1568=ORIENTED_EDGE('',*,*,#1055,.T.);
#1569=ORIENTED_EDGE('',*,*,#848,.T.);
#1570=ORIENTED_EDGE('',*,*,#1085,.T.);
#1571=ORIENTED_EDGE('',*,*,#841,.T.);
#1572=ORIENTED_EDGE('',*,*,#860,.T.);
#1573=ORIENTED_EDGE('',*,*,#1086,.T.);
#1574=ORIENTED_EDGE('',*,*,#983,.T.);
#1575=ORIENTED_EDGE('',*,*,#1086,.F.);
#1576=ORIENTED_EDGE('',*,*,#859,.F.);
#1577=ORIENTED_EDGE('',*,*,#1051,.F.);
#1578=ORIENTED_EDGE('',*,*,#984,.F.);
#1579=CYLINDRICAL_SURFACE('',#1727,11.);
#1580=CYLINDRICAL_SURFACE('',#1781,3.5);
#1581=CYLINDRICAL_SURFACE('',#1783,3.5);
#1582=CYLINDRICAL_SURFACE('',#1789,2.25);
#1583=CYLINDRICAL_SURFACE('',#1791,4.75);
#1584=CYLINDRICAL_SURFACE('',#1793,2.);
#1585=CYLINDRICAL_SURFACE('',#1797,5.);
#1586=CYLINDRICAL_SURFACE('',#1799,92.);
#1587=CYLINDRICAL_SURFACE('',#1801,5.);
#1588=CYLINDRICAL_SURFACE('',#1803,92.);
#1589=CYLINDRICAL_SURFACE('',#1805,5.);
#1590=CYLINDRICAL_SURFACE('',#1807,9.);
#1591=CYLINDRICAL_SURFACE('',#1810,2.);
#1592=CYLINDRICAL_SURFACE('',#1813,24.5);
#1593=CYLINDRICAL_SURFACE('',#1816,1.);
#1594=CYLINDRICAL_SURFACE('',#1818,4.);
#1595=CYLINDRICAL_SURFACE('',#1855,11.5);
#1596=CYLINDRICAL_SURFACE('',#1857,1.5);
#1597=CYLINDRICAL_SURFACE('',#1858,1.5);
#1598=CYLINDRICAL_SURFACE('',#1860,3.);
#1599=CYLINDRICAL_SURFACE('',#1862,3.5);
#1600=CYLINDRICAL_SURFACE('',#1864,3.5);
#1601=CYLINDRICAL_SURFACE('',#1865,40.);
#1602=CYLINDRICAL_SURFACE('',#1866,7.21110265838178);
#1603=CYLINDRICAL_SURFACE('',#1867,6.90403136921872);
#1604=CYLINDRICAL_SURFACE('',#1871,1.25);
#1605=CYLINDRICAL_SURFACE('',#1872,1.25);
#1606=CYLINDRICAL_SURFACE('',#1873,1.25);
#1607=CYLINDRICAL_SURFACE('',#1874,1.25);
#1608=CYLINDRICAL_SURFACE('',#1875,9.);
#1609=CYLINDRICAL_SURFACE('',#1878,5.);
#1610=CYLINDRICAL_SURFACE('',#1880,5.);
#1611=CYLINDRICAL_SURFACE('',#1881,4.75);
#1612=CYLINDRICAL_SURFACE('',#1883,4.);
#1613=CYLINDRICAL_SURFACE('',#1886,1.25);
#1614=CYLINDRICAL_SURFACE('',#1887,2.);
#1615=CYLINDRICAL_SURFACE('',#1888,1.5);
#1616=CYLINDRICAL_SURFACE('',#1889,1.5);
#1617=CYLINDRICAL_SURFACE('',#1890,1.5);
#1618=CYLINDRICAL_SURFACE('',#1891,1.5);
#1619=CYLINDRICAL_SURFACE('',#1892,1.5);
#1620=CYLINDRICAL_SURFACE('',#1893,2.5);
#1621=CYLINDRICAL_SURFACE('',#1901,1.5);
#1622=CYLINDRICAL_SURFACE('',#1902,1.5);
#1623=CYLINDRICAL_SURFACE('',#1903,1.25);
#1624=CYLINDRICAL_SURFACE('',#1904,1.25);
#1625=CYLINDRICAL_SURFACE('',#1905,1.25);
#1626=CYLINDRICAL_SURFACE('',#1906,40.);
#1627=CYLINDRICAL_SURFACE('',#1908,40.);
#1628=CYLINDRICAL_SURFACE('',#1909,40.);
#1629=ADVANCED_FACE('',(#83),#1579,.F.);
#1630=ADVANCED_FACE('',(#84,#15,#16,#17,#18,#19,#20,#21,#22,#23,#24,#25,
#26,#27,#28,#29,#30,#31),#49,.F.);
#1631=ADVANCED_FACE('',(#85),#50,.T.);
#1632=ADVANCED_FACE('',(#86),#1580,.T.);
#1633=ADVANCED_FACE('',(#87),#1581,.T.);
#1634=ADVANCED_FACE('',(#88),#51,.F.);
#1635=ADVANCED_FACE('',(#89),#52,.F.);
#1636=ADVANCED_FACE('',(#90),#53,.F.);
#1637=ADVANCED_FACE('',(#91),#54,.F.);
#1638=ADVANCED_FACE('',(#92),#1582,.T.);
#1639=ADVANCED_FACE('',(#93),#1583,.T.);
#1640=ADVANCED_FACE('',(#94),#1584,.F.);
#1641=ADVANCED_FACE('',(#95),#55,.F.);
#1642=ADVANCED_FACE('',(#96),#56,.F.);
#1643=ADVANCED_FACE('',(#97),#1585,.T.);
#1644=ADVANCED_FACE('',(#98),#1586,.T.);
#1645=ADVANCED_FACE('',(#99),#1587,.T.);
#1646=ADVANCED_FACE('',(#100),#1588,.T.);
#1647=ADVANCED_FACE('',(#101),#1589,.F.);
#1648=ADVANCED_FACE('',(#102),#1590,.T.);
#1649=ADVANCED_FACE('',(#103),#57,.F.);
#1650=ADVANCED_FACE('',(#104),#1591,.F.);
#1651=ADVANCED_FACE('',(#105),#58,.F.);
#1652=ADVANCED_FACE('',(#106),#1592,.F.);
#1653=ADVANCED_FACE('',(#107),#59,.F.);
#1654=ADVANCED_FACE('',(#108),#1593,.T.);
#1655=ADVANCED_FACE('',(#109),#1594,.F.);
#1656=ADVANCED_FACE('',(#110,#32,#33,#34,#35,#36,#37,#38,#39,#40,#41,#42,
#43,#44,#45,#46,#47,#48),#60,.T.);
#1657=ADVANCED_FACE('',(#111),#1595,.T.);
#1658=ADVANCED_FACE('',(#112),#61,.F.);
#1659=ADVANCED_FACE('',(#113),#1596,.F.);
#1660=ADVANCED_FACE('',(#114),#1597,.F.);
#1661=ADVANCED_FACE('',(#115),#62,.F.);
#1662=ADVANCED_FACE('',(#116),#1598,.T.);
#1663=ADVANCED_FACE('',(#117),#63,.F.);
#1664=ADVANCED_FACE('',(#118),#1599,.T.);
#1665=ADVANCED_FACE('',(#119),#64,.F.);
#1666=ADVANCED_FACE('',(#120),#1600,.T.);
#1667=ADVANCED_FACE('',(#121),#1601,.T.);
#1668=ADVANCED_FACE('',(#122),#1602,.F.);
#1669=ADVANCED_FACE('',(#123),#1603,.F.);
#1670=ADVANCED_FACE('',(#124),#65,.F.);
#1671=ADVANCED_FACE('',(#125),#66,.F.);
#1672=ADVANCED_FACE('',(#126),#67,.T.);
#1673=ADVANCED_FACE('',(#127),#1604,.F.);
#1674=ADVANCED_FACE('',(#128),#1605,.F.);
#1675=ADVANCED_FACE('',(#129),#1606,.F.);
#1676=ADVANCED_FACE('',(#130),#1607,.F.);
#1677=ADVANCED_FACE('',(#131),#1608,.F.);
#1678=ADVANCED_FACE('',(#132),#68,.F.);
#1679=ADVANCED_FACE('',(#133),#69,.F.);
#1680=ADVANCED_FACE('',(#134),#1609,.F.);
#1681=ADVANCED_FACE('',(#135),#70,.F.);
#1682=ADVANCED_FACE('',(#136),#1610,.F.);
#1683=ADVANCED_FACE('',(#137),#1611,.T.);
#1684=ADVANCED_FACE('',(#138),#71,.F.);
#1685=ADVANCED_FACE('',(#139),#1612,.F.);
#1686=ADVANCED_FACE('',(#140),#72,.F.);
#1687=ADVANCED_FACE('',(#141),#73,.F.);
#1688=ADVANCED_FACE('',(#142),#1613,.F.);
#1689=ADVANCED_FACE('',(#143),#1614,.F.);
#1690=ADVANCED_FACE('',(#144),#1615,.F.);
#1691=ADVANCED_FACE('',(#145),#1616,.F.);
#1692=ADVANCED_FACE('',(#146),#1617,.F.);
#1693=ADVANCED_FACE('',(#147),#1618,.F.);
#1694=ADVANCED_FACE('',(#148),#1619,.F.);
#1695=ADVANCED_FACE('',(#149),#1620,.T.);
#1696=ADVANCED_FACE('',(#150),#74,.F.);
#1697=ADVANCED_FACE('',(#151),#75,.F.);
#1698=ADVANCED_FACE('',(#152),#76,.F.);
#1699=ADVANCED_FACE('',(#153),#77,.F.);
#1700=ADVANCED_FACE('',(#154),#78,.F.);
#1701=ADVANCED_FACE('',(#155),#79,.F.);
#1702=ADVANCED_FACE('',(#156),#80,.F.);
#1703=ADVANCED_FACE('',(#157),#1621,.F.);
#1704=ADVANCED_FACE('',(#158),#1622,.F.);
#1705=ADVANCED_FACE('',(#159),#1623,.F.);
#1706=ADVANCED_FACE('',(#160),#1624,.F.);
#1707=ADVANCED_FACE('',(#161),#1625,.F.);
#1708=ADVANCED_FACE('',(#162),#1626,.T.);
#1709=ADVANCED_FACE('',(#163),#81,.T.);
#1710=ADVANCED_FACE('',(#164),#1627,.T.);
#1711=ADVANCED_FACE('',(#165),#1628,.T.);
#1712=ADVANCED_FACE('',(#166),#82,.T.);
#1713=CLOSED_SHELL('',(#1629,#1630,#1631,#1632,#1633,#1634,#1635,#1636,
#1637,#1638,#1639,#1640,#1641,#1642,#1643,#1644,#1645,#1646,#1647,#1648,
#1649,#1650,#1651,#1652,#1653,#1654,#1655,#1656,#1657,#1658,#1659,#1660,
#1661,#1662,#1663,#1664,#1665,#1666,#1667,#1668,#1669,#1670,#1671,#1672,
#1673,#1674,#1675,#1676,#1677,#1678,#1679,#1680,#1681,#1682,#1683,#1684,
#1685,#1686,#1687,#1688,#1689,#1690,#1691,#1692,#1693,#1694,#1695,#1696,
#1697,#1698,#1699,#1700,#1701,#1702,#1703,#1704,#1705,#1706,#1707,#1708,
#1709,#1710,#1711,#1712));
#1714=DERIVED_UNIT_ELEMENT(#1716,1.);
#1715=DERIVED_UNIT_ELEMENT(#2927,-3.);
#1716=(
MASS_UNIT()
NAMED_UNIT(*)
SI_UNIT(.KILO.,.GRAM.)
);
#1717=DERIVED_UNIT((#1714,#1715));
#1718=MEASURE_REPRESENTATION_ITEM('density measure',
POSITIVE_RATIO_MEASURE(7850.),#1717);
#1719=PROPERTY_DEFINITION_REPRESENTATION(#1724,#1721);
#1720=PROPERTY_DEFINITION_REPRESENTATION(#1725,#1722);
#1721=REPRESENTATION('material name',(#1723),#2924);
#1722=REPRESENTATION('density',(#1718),#2924);
#1723=DESCRIPTIVE_REPRESENTATION_ITEM('Steel','Steel');
#1724=PROPERTY_DEFINITION('material property','material name',#2934);
#1725=PROPERTY_DEFINITION('material property','density of part',#2934);
#1726=AXIS2_PLACEMENT_3D('',#2427,#1911,#1912);
#1727=AXIS2_PLACEMENT_3D('',#2428,#1913,#1914);
#1728=AXIS2_PLACEMENT_3D('',#2433,#1916,#1917);
#1729=AXIS2_PLACEMENT_3D('',#2436,#1919,#1920);
#1730=AXIS2_PLACEMENT_3D('',#2437,#1921,#1922);
#1731=AXIS2_PLACEMENT_3D('',#2441,#1924,#1925);
#1732=AXIS2_PLACEMENT_3D('',#2445,#1927,#1928);
#1733=AXIS2_PLACEMENT_3D('',#2449,#1930,#1931);
#1734=AXIS2_PLACEMENT_3D('',#2455,#1934,#1935);
#1735=AXIS2_PLACEMENT_3D('',#2459,#1937,#1938);
#1736=AXIS2_PLACEMENT_3D('',#2463,#1940,#1941);
#1737=AXIS2_PLACEMENT_3D('',#2465,#1942,#1943);
#1738=AXIS2_PLACEMENT_3D('',#2468,#1945,#1946);
#1739=AXIS2_PLACEMENT_3D('',#2471,#1947,#1948);
#1740=AXIS2_PLACEMENT_3D('',#2473,#1949,#1950);
#1741=AXIS2_PLACEMENT_3D('',#2477,#1952,#1953);
#1742=AXIS2_PLACEMENT_3D('',#2481,#1955,#1956);
#1743=AXIS2_PLACEMENT_3D('',#2483,#1957,#1958);
#1744=AXIS2_PLACEMENT_3D('',#2485,#1959,#1960);
#1745=AXIS2_PLACEMENT_3D('',#2487,#1961,#1962);
#1746=AXIS2_PLACEMENT_3D('',#2489,#1963,#1964);
#1747=AXIS2_PLACEMENT_3D('',#2491,#1965,#1966);
#1748=AXIS2_PLACEMENT_3D('',#2497,#1969,#1970);
#1749=AXIS2_PLACEMENT_3D('',#2501,#1972,#1973);
#1750=AXIS2_PLACEMENT_3D('',#2505,#1975,#1976);
#1751=AXIS2_PLACEMENT_3D('',#2517,#1982,#1983);
#1752=AXIS2_PLACEMENT_3D('',#2521,#1985,#1986);
#1753=AXIS2_PLACEMENT_3D('',#2523,#1987,#1988);
#1754=AXIS2_PLACEMENT_3D('',#2525,#1989,#1990);
#1755=AXIS2_PLACEMENT_3D('',#2529,#1992,#1993);
#1756=AXIS2_PLACEMENT_3D('',#2533,#1995,#1996);
#1757=AXIS2_PLACEMENT_3D('',#2537,#1998,#1999);
#1758=AXIS2_PLACEMENT_3D('',#2541,#2001,#2002);
#1759=AXIS2_PLACEMENT_3D('',#2547,#2005,#2006);
#1760=AXIS2_PLACEMENT_3D('',#2551,#2008,#2009);
#1761=AXIS2_PLACEMENT_3D('',#2555,#2011,#2012);
#1762=AXIS2_PLACEMENT_3D('',#2560,#2015,#2016);
#1763=AXIS2_PLACEMENT_3D('',#2562,#2017,#2018);
#1764=AXIS2_PLACEMENT_3D('',#2564,#2019,#2020);
#1765=AXIS2_PLACEMENT_3D('',#2566,#2021,#2022);
#1766=AXIS2_PLACEMENT_3D('',#2571,#2024,#2025);
#1767=AXIS2_PLACEMENT_3D('',#2574,#2027,#2028);
#1768=AXIS2_PLACEMENT_3D('',#2576,#2029,#2030);
#1769=AXIS2_PLACEMENT_3D('',#2578,#2031,#2032);
#1770=AXIS2_PLACEMENT_3D('',#2580,#2033,#2034);
#1771=AXIS2_PLACEMENT_3D('',#2582,#2035,#2036);
#1772=AXIS2_PLACEMENT_3D('',#2584,#2037,#2038);
#1773=AXIS2_PLACEMENT_3D('',#2586,#2039,#2040);
#1774=AXIS2_PLACEMENT_3D('',#2588,#2041,#2042);
#1775=AXIS2_PLACEMENT_3D('',#2590,#2043,#2044);
#1776=AXIS2_PLACEMENT_3D('',#2592,#2045,#2046);
#1777=AXIS2_PLACEMENT_3D('',#2594,#2047,#2048);
#1778=AXIS2_PLACEMENT_3D('',#2596,#2049,#2050);
#1779=AXIS2_PLACEMENT_3D('',#2598,#2051,#2052);
#1780=AXIS2_PLACEMENT_3D('',#2599,#2053,#2054);
#1781=AXIS2_PLACEMENT_3D('',#2603,#2057,#2058);
#1782=AXIS2_PLACEMENT_3D('',#2606,#2059,#2060);
#1783=AXIS2_PLACEMENT_3D('',#2609,#2063,#2064);
#1784=AXIS2_PLACEMENT_3D('',#2612,#2065,#2066);
#1785=AXIS2_PLACEMENT_3D('',#2615,#2069,#2070);
#1786=AXIS2_PLACEMENT_3D('',#2619,#2073,#2074);
#1787=AXIS2_PLACEMENT_3D('',#2623,#2077,#2078);
#1788=AXIS2_PLACEMENT_3D('',#2629,#2082,#2083);
#1789=AXIS2_PLACEMENT_3D('',#2633,#2086,#2087);
#1790=AXIS2_PLACEMENT_3D('',#2634,#2088,#2089);
#1791=AXIS2_PLACEMENT_3D('',#2635,#2090,#2091);
#1792=AXIS2_PLACEMENT_3D('',#2637,#2092,#2093);
#1793=AXIS2_PLACEMENT_3D('',#2639,#2095,#2096);
#1794=AXIS2_PLACEMENT_3D('',#2642,#2097,#2098);
#1795=AXIS2_PLACEMENT_3D('',#2645,#2101,#2102);
#1796=AXIS2_PLACEMENT_3D('',#2649,#2105,#2106);
#1797=AXIS2_PLACEMENT_3D('',#2653,#2109,#2110);
#1798=AXIS2_PLACEMENT_3D('',#2657,#2112,#2113);
#1799=AXIS2_PLACEMENT_3D('',#2659,#2115,#2116);
#1800=AXIS2_PLACEMENT_3D('',#2662,#2118,#2119);
#1801=AXIS2_PLACEMENT_3D('',#2663,#2120,#2121);
#1802=AXIS2_PLACEMENT_3D('',#2666,#2122,#2123);
#1803=AXIS2_PLACEMENT_3D('',#2669,#2126,#2127);
#1804=AXIS2_PLACEMENT_3D('',#2671,#2128,#2129);
#1805=AXIS2_PLACEMENT_3D('',#2673,#2131,#2132);
#1806=AXIS2_PLACEMENT_3D('',#2674,#2133,#2134);
#1807=AXIS2_PLACEMENT_3D('',#2675,#2135,#2136);
#1808=AXIS2_PLACEMENT_3D('',#2679,#2138,#2139);
#1809=AXIS2_PLACEMENT_3D('',#2681,#2141,#2142);
#1810=AXIS2_PLACEMENT_3D('',#2685,#2145,#2146);
#1811=AXIS2_PLACEMENT_3D('',#2688,#2147,#2148);
#1812=AXIS2_PLACEMENT_3D('',#2691,#2151,#2152);
#1813=AXIS2_PLACEMENT_3D('',#2695,#2155,#2156);
#1814=AXIS2_PLACEMENT_3D('',#2697,#2157,#2158);
#1815=AXIS2_PLACEMENT_3D('',#2699,#2160,#2161);
#1816=AXIS2_PLACEMENT_3D('',#2703,#2164,#2165);
#1817=AXIS2_PLACEMENT_3D('',#2707,#2167,#2168);
#1818=AXIS2_PLACEMENT_3D('',#2709,#2170,#2171);
#1819=AXIS2_PLACEMENT_3D('',#2711,#2172,#2173);
#1820=AXIS2_PLACEMENT_3D('',#2713,#2175,#2176);
#1821=AXIS2_PLACEMENT_3D('',#2715,#2177,#2178);
#1822=AXIS2_PLACEMENT_3D('',#2719,#2180,#2181);
#1823=AXIS2_PLACEMENT_3D('',#2721,#2182,#2183);
#1824=AXIS2_PLACEMENT_3D('',#2725,#2185,#2186);
#1825=AXIS2_PLACEMENT_3D('',#2729,#2188,#2189);
#1826=AXIS2_PLACEMENT_3D('',#2735,#2192,#2193);
#1827=AXIS2_PLACEMENT_3D('',#2739,#2195,#2196);
#1828=AXIS2_PLACEMENT_3D('',#2742,#2198,#2199);
#1829=AXIS2_PLACEMENT_3D('',#2744,#2200,#2201);
#1830=AXIS2_PLACEMENT_3D('',#2746,#2202,#2203);
#1831=AXIS2_PLACEMENT_3D('',#2748,#2204,#2205);
#1832=AXIS2_PLACEMENT_3D('',#2753,#2207,#2208);
#1833=AXIS2_PLACEMENT_3D('',#2756,#2210,#2211);
#1834=AXIS2_PLACEMENT_3D('',#2758,#2212,#2213);
#1835=AXIS2_PLACEMENT_3D('',#2760,#2214,#2215);
#1836=AXIS2_PLACEMENT_3D('',#2762,#2216,#2217);
#1837=AXIS2_PLACEMENT_3D('',#2764,#2218,#2219);
#1838=AXIS2_PLACEMENT_3D('',#2766,#2220,#2221);
#1839=AXIS2_PLACEMENT_3D('',#2768,#2222,#2223);
#1840=AXIS2_PLACEMENT_3D('',#2770,#2224,#2225);
#1841=AXIS2_PLACEMENT_3D('',#2772,#2226,#2227);
#1842=AXIS2_PLACEMENT_3D('',#2774,#2228,#2229);
#1843=AXIS2_PLACEMENT_3D('',#2776,#2230,#2231);
#1844=AXIS2_PLACEMENT_3D('',#2778,#2232,#2233);
#1845=AXIS2_PLACEMENT_3D('',#2780,#2234,#2235);
#1846=AXIS2_PLACEMENT_3D('',#2782,#2236,#2237);
#1847=AXIS2_PLACEMENT_3D('',#2786,#2239,#2240);
#1848=AXIS2_PLACEMENT_3D('',#2791,#2243,#2244);
#1849=AXIS2_PLACEMENT_3D('',#2795,#2246,#2247);
#1850=AXIS2_PLACEMENT_3D('',#2799,#2249,#2250);
#1851=AXIS2_PLACEMENT_3D('',#2802,#2252,#2253);
#1852=AXIS2_PLACEMENT_3D('',#2806,#2255,#2256);
#1853=AXIS2_PLACEMENT_3D('',#2816,#2263,#2264);
#1854=AXIS2_PLACEMENT_3D('',#2817,#2265,#2266);
#1855=AXIS2_PLACEMENT_3D('',#2818,#2267,#2268);
#1856=AXIS2_PLACEMENT_3D('',#2820,#2270,#2271);
#1857=AXIS2_PLACEMENT_3D('',#2822,#2273,#2274);
#1858=AXIS2_PLACEMENT_3D('',#2825,#2277,#2278);
#1859=AXIS2_PLACEMENT_3D('',#2828,#2281,#2282);
#1860=AXIS2_PLACEMENT_3D('',#2829,#2283,#2284);
#1861=AXIS2_PLACEMENT_3D('',#2831,#2286,#2287);
#1862=AXIS2_PLACEMENT_3D('',#2832,#2288,#2289);
#1863=AXIS2_PLACEMENT_3D('',#2835,#2292,#2293);
#1864=AXIS2_PLACEMENT_3D('',#2837,#2295,#2296);
#1865=AXIS2_PLACEMENT_3D('',#2840,#2299,#2300);
#1866=AXIS2_PLACEMENT_3D('',#2842,#2302,#2303);
#1867=AXIS2_PLACEMENT_3D('',#2844,#2305,#2306);
#1868=AXIS2_PLACEMENT_3D('',#2847,#2309,#2310);
#1869=AXIS2_PLACEMENT_3D('',#2849,#2312,#2313);
#1870=AXIS2_PLACEMENT_3D('',#2851,#2315,#2316);
#1871=AXIS2_PLACEMENT_3D('',#2852,#2317,#2318);
#1872=AXIS2_PLACEMENT_3D('',#2854,#2320,#2321);
#1873=AXIS2_PLACEMENT_3D('',#2856,#2323,#2324);
#1874=AXIS2_PLACEMENT_3D('',#2858,#2326,#2327);
#1875=AXIS2_PLACEMENT_3D('',#2860,#2329,#2330);
#1876=AXIS2_PLACEMENT_3D('',#2862,#2332,#2333);
#1877=AXIS2_PLACEMENT_3D('',#2863,#2334,#2335);
#1878=AXIS2_PLACEMENT_3D('',#2866,#2338,#2339);
#1879=AXIS2_PLACEMENT_3D('',#2868,#2341,#2342);
#1880=AXIS2_PLACEMENT_3D('',#2870,#2344,#2345);
#1881=AXIS2_PLACEMENT_3D('',#2871,#2346,#2347);
#1882=AXIS2_PLACEMENT_3D('',#2873,#2349,#2350);
#1883=AXIS2_PLACEMENT_3D('',#2875,#2352,#2353);
#1884=AXIS2_PLACEMENT_3D('',#2877,#2355,#2356);
#1885=AXIS2_PLACEMENT_3D('',#2878,#2357,#2358);
#1886=AXIS2_PLACEMENT_3D('',#2880,#2360,#2361);
#1887=AXIS2_PLACEMENT_3D('',#2882,#2363,#2364);
#1888=AXIS2_PLACEMENT_3D('',#2883,#2365,#2366);
#1889=AXIS2_PLACEMENT_3D('',#2885,#2368,#2369);
#1890=AXIS2_PLACEMENT_3D('',#2887,#2371,#2372);
#1891=AXIS2_PLACEMENT_3D('',#2889,#2374,#2375);
#1892=AXIS2_PLACEMENT_3D('',#2891,#2377,#2378);
#1893=AXIS2_PLACEMENT_3D('',#2893,#2380,#2381);
#1894=AXIS2_PLACEMENT_3D('',#2894,#2382,#2383);
#1895=AXIS2_PLACEMENT_3D('',#2895,#2384,#2385);
#1896=AXIS2_PLACEMENT_3D('',#2896,#2386,#2387);
#1897=AXIS2_PLACEMENT_3D('',#2898,#2389,#2390);
#1898=AXIS2_PLACEMENT_3D('',#2900,#2392,#2393);
#1899=AXIS2_PLACEMENT_3D('',#2902,#2395,#2396);
#1900=AXIS2_PLACEMENT_3D('',#2903,#2397,#2398);
#1901=AXIS2_PLACEMENT_3D('',#2904,#2399,#2400);
#1902=AXIS2_PLACEMENT_3D('',#2906,#2402,#2403);
#1903=AXIS2_PLACEMENT_3D('',#2908,#2405,#2406);
#1904=AXIS2_PLACEMENT_3D('',#2910,#2408,#2409);
#1905=AXIS2_PLACEMENT_3D('',#2912,#2411,#2412);
#1906=AXIS2_PLACEMENT_3D('',#2914,#2414,#2415);
#1907=AXIS2_PLACEMENT_3D('',#2916,#2417,#2418);
#1908=AXIS2_PLACEMENT_3D('',#2918,#2420,#2421);
#1909=AXIS2_PLACEMENT_3D('',#2919,#2422,#2423);
#1910=AXIS2_PLACEMENT_3D('',#2921,#2425,#2426);
#1911=DIRECTION('axis',(0.,0.,1.));
#1912=DIRECTION('refdir',(1.,0.,0.));
#1913=DIRECTION('center_axis',(-9.86864910777917E-16,2.46716227694479E-16,
1.));
#1914=DIRECTION('ref_axis',(1.,-7.66115660751055E-32,9.86864910777917E-16));
#1915=DIRECTION('',(9.86864910777917E-16,-2.46716227694479E-16,-1.));
#1916=DIRECTION('center_axis',(0.,0.,-1.));
#1917=DIRECTION('ref_axis',(1.,-7.66115660751055E-32,9.86864910777917E-16));
#1918=DIRECTION('',(-9.86864910777917E-16,2.46716227694479E-16,1.));
#1919=DIRECTION('center_axis',(0.,0.,1.));
#1920=DIRECTION('ref_axis',(1.,-7.66115660751055E-32,9.86864910777917E-16));
#1921=DIRECTION('center_axis',(0.,0.,1.));
#1922=DIRECTION('ref_axis',(1.,0.,0.));
#1923=DIRECTION('',(-8.07434927000114E-17,1.,0.));
#1924=DIRECTION('center_axis',(0.,0.,1.));
#1925=DIRECTION('ref_axis',(-0.707106781186547,0.707106781186548,0.));
#1926=DIRECTION('',(1.,0.,0.));
#1927=DIRECTION('center_axis',(0.,0.,1.));
#1928=DIRECTION('ref_axis',(0.707106781186547,0.707106781186547,0.));
#1929=DIRECTION('',(-1.,0.,0.));
#1930=DIRECTION('center_axis',(0.,0.,1.));
#1931=DIRECTION('ref_axis',(1.,0.,0.));
#1932=DIRECTION('',(1.,0.,0.));
#1933=DIRECTION('',(-8.07434927000114E-17,-1.,0.));
#1934=DIRECTION('center_axis',(0.,0.,1.));
#1935=DIRECTION('ref_axis',(0.709877566002654,-0.704325096305781,0.));
#1936=DIRECTION('',(-0.999969170080265,-0.00785231742771277,0.));
#1937=DIRECTION('center_axis',(0.,0.,1.));
#1938=DIRECTION('ref_axis',(-1.,-2.87099494897104E-32,0.));
#1939=DIRECTION('',(0.999969170080265,-0.00785231742771346,0.));
#1940=DIRECTION('center_axis',(0.,0.,1.));
#1941=DIRECTION('ref_axis',(0.848553298786688,0.529109912133792,0.));
#1942=DIRECTION('center_axis',(0.,0.,1.));
#1943=DIRECTION('ref_axis',(0.707106781186547,-0.707106781186548,0.));
#1944=DIRECTION('',(-1.,0.,0.));
#1945=DIRECTION('center_axis',(0.,0.,1.));
#1946=DIRECTION('ref_axis',(-0.707106781186547,-0.707106781186548,0.));
#1947=DIRECTION('center_axis',(0.,0.,1.));
#1948=DIRECTION('ref_axis',(-0.843584192016689,-0.536996937588614,0.));
#1949=DIRECTION('center_axis',(0.,0.,-1.));
#1950=DIRECTION('ref_axis',(0.248794466872283,0.96855630360539,0.));
#1951=DIRECTION('',(-0.860796984887429,-0.508948475593267,0.));
#1952=DIRECTION('center_axis',(0.,0.,-1.));
#1953=DIRECTION('ref_axis',(-0.96855630360539,0.248794466872284,0.));
#1954=DIRECTION('',(-0.508948475593263,0.860796984887432,0.));
#1955=DIRECTION('center_axis',(0.,0.,1.));
#1956=DIRECTION('ref_axis',(-1.,-2.87099494897104E-32,0.));
#1957=DIRECTION('center_axis',(0.,0.,1.));
#1958=DIRECTION('ref_axis',(0.729597176734969,-0.683877152491851,0.));
#1959=DIRECTION('center_axis',(0.,0.,1.));
#1960=DIRECTION('ref_axis',(0.185629339749523,-0.9826198391159,-2.6745931166959E-16));
#1961=DIRECTION('center_axis',(0.,0.,1.));
#1962=DIRECTION('ref_axis',(-1.,5.34378157309833E-24,-1.48029736616688E-15));
#1963=DIRECTION('center_axis',(0.,0.,1.));
#1964=DIRECTION('ref_axis',(0.919246092916642,-0.393683401551917,8.02377935008771E-16));
#1965=DIRECTION('center_axis',(0.,0.,1.));
#1966=DIRECTION('ref_axis',(0.729597176734969,-0.683877152491851,0.));
#1967=DIRECTION('',(-0.869742480752155,-0.493505843101261,0.));
#1968=DIRECTION('',(0.49350584310126,-0.869742480752156,0.));
#1969=DIRECTION('center_axis',(0.,0.,1.));
#1970=DIRECTION('ref_axis',(0.963962134237945,-0.266039477813774,0.));
#1971=DIRECTION('',(-0.869742480752155,-0.493505843101262,0.));
#1972=DIRECTION('center_axis',(0.,0.,-1.));
#1973=DIRECTION('ref_axis',(-0.963962134237946,0.266039477813773,0.));
#1974=DIRECTION('',(0.493505843101262,-0.869742480752155,0.));
#1975=DIRECTION('center_axis',(0.,0.,-1.));
#1976=DIRECTION('ref_axis',(-0.659253585895618,-0.751920680313934,0.));
#1977=DIRECTION('',(0.9268093088409,-0.375532295609651,0.));
#1978=DIRECTION('',(0.869742480752156,0.49350584310126,0.));
#1979=DIRECTION('',(-0.49350584310126,0.869742480752156,0.));
#1980=DIRECTION('',(0.869742480752156,0.49350584310126,0.));
#1981=DIRECTION('',(0.493505843101259,-0.869742480752157,0.));
#1982=DIRECTION('center_axis',(0.,0.,-1.));
#1983=DIRECTION('ref_axis',(-0.266039477813774,-0.963962134237945,0.));
#1984=DIRECTION('',(0.869742480752155,0.493505843101262,0.));
#1985=DIRECTION('center_axis',(0.,0.,1.));
#1986=DIRECTION('ref_axis',(0.384053001392155,0.923311048413089,0.));
#1987=DIRECTION('center_axis',(0.,0.,1.));
#1988=DIRECTION('ref_axis',(-1.,-2.87099494897104E-32,0.));
#1989=DIRECTION('center_axis',(0.,0.,1.));
#1990=DIRECTION('ref_axis',(0.871626269181909,0.490171038385609,0.));
#1991=DIRECTION('',(-0.490171038385609,0.871626269181909,0.));
#1992=DIRECTION('center_axis',(0.,0.,-1.));
#1993=DIRECTION('ref_axis',(-1.,0.,0.));
#1994=DIRECTION('',(0.469020073710969,-0.883187505831099,0.));
#1995=DIRECTION('center_axis',(0.,0.,-1.));
#1996=DIRECTION('ref_axis',(0.315845527291507,-0.948810625409491,0.));
#1997=DIRECTION('',(0.860796984887428,0.50894847559327,0.));
#1998=DIRECTION('center_axis',(0.,0.,-1.));
#1999=DIRECTION('ref_axis',(0.968556303605391,-0.248794466872278,0.));
#2000=DIRECTION('',(-0.50894847559327,0.860796984887428,0.));
#2001=DIRECTION('center_axis',(0.,0.,1.));
#2002=DIRECTION('ref_axis',(-0.860796984887428,-0.50894847559327,0.));
#2003=DIRECTION('',(0.8515668807858,0.524245980002464,0.));
#2004=DIRECTION('',(-0.508938237808759,0.860803037922215,0.));
#2005=DIRECTION('center_axis',(0.,0.,1.));
#2006=DIRECTION('ref_axis',(-0.972348933623833,0.233532762756309,0.));
#2007=DIRECTION('',(0.853803461733244,0.520595475136242,0.));
#2008=DIRECTION('center_axis',(0.,0.,1.));
#2009=DIRECTION('ref_axis',(-1.,-2.87099494897104E-32,0.));
#2010=DIRECTION('',(-0.8515668807858,-0.524245980002463,0.));
#2011=DIRECTION('center_axis',(0.,0.,1.));
#2012=DIRECTION('ref_axis',(-0.231450828567987,-0.972846603507044,0.));
#2013=DIRECTION('',(-0.508938237808759,0.860803037922215,0.));
#2014=DIRECTION('',(-0.860796984887434,-0.508948475593261,0.));
#2015=DIRECTION('center_axis',(0.,0.,-1.));
#2016=DIRECTION('ref_axis',(-1.,0.,0.));
#2017=DIRECTION('center_axis',(0.,0.,1.));
#2018=DIRECTION('ref_axis',(1.,0.,0.));
#2019=DIRECTION('center_axis',(0.,0.,1.));
#2020=DIRECTION('ref_axis',(1.,0.,0.));
#2021=DIRECTION('center_axis',(0.,0.,1.));
#2022=DIRECTION('ref_axis',(1.,0.,0.));
#2023=DIRECTION('',(0.822537293915176,-0.56871117460333,0.));
#2024=DIRECTION('center_axis',(0.,0.,1.));
#2025=DIRECTION('ref_axis',(-1.,-2.87099494897104E-32,0.));
#2026=DIRECTION('',(-0.822537293915177,0.568711174603329,0.));
#2027=DIRECTION('center_axis',(0.,0.,1.));
#2028=DIRECTION('ref_axis',(-1.,-2.87099494897104E-32,0.));
#2029=DIRECTION('center_axis',(0.,0.,1.));
#2030=DIRECTION('ref_axis',(-1.,1.33556444984085E-31,0.));
#2031=DIRECTION('center_axis',(0.,0.,1.));
#2032=DIRECTION('ref_axis',(-1.,1.33556444984085E-31,0.));
#2033=DIRECTION('center_axis',(0.,0.,1.));
#2034=DIRECTION('ref_axis',(-1.,1.33556444984085E-31,0.));
#2035=DIRECTION('center_axis',(0.,0.,1.));
#2036=DIRECTION('ref_axis',(-1.,-2.87099494897104E-32,0.));
#2037=DIRECTION('center_axis',(0.,0.,1.));
#2038=DIRECTION('ref_axis',(0.5,0.866025403784439,0.));
#2039=DIRECTION('center_axis',(0.,0.,1.));
#2040=DIRECTION('ref_axis',(-1.,-2.87099494897104E-32,0.));
#2041=DIRECTION('center_axis',(0.,0.,1.));
#2042=DIRECTION('ref_axis',(-1.,-2.87099494897104E-32,0.));
#2043=DIRECTION('center_axis',(0.,0.,1.));
#2044=DIRECTION('ref_axis',(-1.,-2.87099494897104E-32,0.));
#2045=DIRECTION('center_axis',(0.,0.,1.));
#2046=DIRECTION('ref_axis',(0.499999999999999,0.866025403784439,0.));
#2047=DIRECTION('center_axis',(0.,0.,1.));
#2048=DIRECTION('ref_axis',(-1.,-2.87099494897104E-32,0.));
#2049=DIRECTION('center_axis',(0.,0.,1.));
#2050=DIRECTION('ref_axis',(1.,0.,0.));
#2051=DIRECTION('center_axis',(0.,0.,1.));
#2052=DIRECTION('ref_axis',(1.,0.,0.));
#2053=DIRECTION('center_axis',(-1.,-8.07434927000114E-17,0.));
#2054=DIRECTION('ref_axis',(8.07434927000114E-17,-1.,0.));
#2055=DIRECTION('',(8.07434927000114E-17,-1.,0.));
#2056=DIRECTION('',(0.,0.,1.));
#2057=DIRECTION('center_axis',(0.,0.,1.));
#2058=DIRECTION('ref_axis',(-0.843584192016689,-0.536996937588614,0.));
#2059=DIRECTION('center_axis',(0.,0.,-1.));
#2060=DIRECTION('ref_axis',(-0.843584192016689,-0.536996937588614,0.));
#2061=DIRECTION('',(0.,0.,-1.));
#2062=DIRECTION('',(0.,0.,-1.));
#2063=DIRECTION('center_axis',(0.,0.,-1.));
#2064=DIRECTION('ref_axis',(-0.860796984887428,-0.50894847559327,0.));
#2065=DIRECTION('center_axis',(0.,0.,-1.));
#2066=DIRECTION('ref_axis',(-0.860796984887428,-0.50894847559327,0.));
#2067=DIRECTION('',(0.,0.,-1.));
#2068=DIRECTION('',(0.,0.,1.));
#2069=DIRECTION('center_axis',(0.524245980002464,-0.8515668807858,0.));
#2070=DIRECTION('ref_axis',(-0.8515668807858,-0.524245980002464,0.));
#2071=DIRECTION('',(-0.8515668807858,-0.524245980002464,0.));
#2072=DIRECTION('',(0.,0.,-1.));
#2073=DIRECTION('center_axis',(0.860803037922215,0.508938237808759,0.));
#2074=DIRECTION('ref_axis',(0.508938237808759,-0.860803037922215,0.));
#2075=DIRECTION('',(0.508938237808759,-0.860803037922215,0.));
#2076=DIRECTION('',(0.,0.,1.));
#2077=DIRECTION('center_axis',(0.860803037922215,0.508938237808759,0.));
#2078=DIRECTION('ref_axis',(0.508938237808759,-0.860803037922215,0.));
#2079=DIRECTION('',(0.508938237808759,-0.860803037922215,0.));
#2080=DIRECTION('',(0.,0.,-1.));
#2081=DIRECTION('',(0.,0.,-1.));
#2082=DIRECTION('center_axis',(-0.508948475593261,0.860796984887434,0.));
#2083=DIRECTION('ref_axis',(0.860796984887434,0.508948475593261,0.));
#2084=DIRECTION('',(0.860796984887434,0.508948475593261,0.));
#2085=DIRECTION('',(0.,0.,-1.));
#2086=DIRECTION('center_axis',(0.,0.,-1.));
#2087=DIRECTION('ref_axis',(-1.,0.,0.));
#2088=DIRECTION('center_axis',(0.,0.,1.));
#2089=DIRECTION('ref_axis',(-1.,0.,0.));
#2090=DIRECTION('center_axis',(0.,0.,-1.));
#2091=DIRECTION('ref_axis',(-0.972348933623833,0.233532762756309,0.));
#2092=DIRECTION('center_axis',(0.,0.,-1.));
#2093=DIRECTION('ref_axis',(-0.972348933623833,0.233532762756309,0.));
#2094=DIRECTION('',(0.,0.,-1.));
#2095=DIRECTION('center_axis',(0.,0.,-1.));
#2096=DIRECTION('ref_axis',(-0.96855630360539,0.248794466872284,0.));
#2097=DIRECTION('center_axis',(0.,0.,1.));
#2098=DIRECTION('ref_axis',(-0.96855630360539,0.248794466872284,0.));
#2099=DIRECTION('',(0.,0.,-1.));
#2100=DIRECTION('',(0.,0.,1.));
#2101=DIRECTION('center_axis',(-0.860796984887432,-0.508948475593263,0.));
#2102=DIRECTION('ref_axis',(-0.508948475593263,0.860796984887432,-7.6056293718515E-24));
#2103=DIRECTION('',(-0.508948475593263,0.860796984887432,0.));
#2104=DIRECTION('',(0.,0.,-1.));
#2105=DIRECTION('center_axis',(-0.508948475593267,0.86079698488743,0.));
#2106=DIRECTION('ref_axis',(0.860796984887429,0.508948475593267,1.12134166558387E-23));
#2107=DIRECTION('',(0.,0.,-1.));
#2108=DIRECTION('',(0.860796984887429,0.508948475593267,0.));
#2109=DIRECTION('center_axis',(4.48439570482035E-16,4.41890963293544E-16,
-1.));
#2110=DIRECTION('ref_axis',(0.185629339749523,-0.9826198391159,-2.6745931166959E-16));
#2111=DIRECTION('',(0.,0.,1.));
#2112=DIRECTION('center_axis',(0.,0.,-1.));
#2113=DIRECTION('ref_axis',(0.185629339749523,-0.9826198391159,-2.6745931166959E-16));
#2114=DIRECTION('',(1.48029736616688E-15,0.,-1.));
#2115=DIRECTION('center_axis',(0.,0.,-1.));
#2116=DIRECTION('ref_axis',(0.729597176734969,-0.683877152491851,0.));
#2117=DIRECTION('',(0.,0.,-1.));
#2118=DIRECTION('center_axis',(0.,0.,-1.));
#2119=DIRECTION('ref_axis',(0.729597176734969,-0.683877152491851,0.));
#2120=DIRECTION('center_axis',(-1.31890633365933E-15,-8.54393767201641E-16,
1.));
#2121=DIRECTION('ref_axis',(0.919246092916642,-0.393683401551917,8.02377935008771E-16));
#2122=DIRECTION('center_axis',(0.,0.,-1.));
#2123=DIRECTION('ref_axis',(0.919246092916642,-0.393683401551917,8.02377935008771E-16));
#2124=DIRECTION('',(0.,0.,-1.));
#2125=DIRECTION('',(-1.48029736616688E-15,0.,1.));
#2126=DIRECTION('center_axis',(0.,0.,-1.));
#2127=DIRECTION('ref_axis',(0.729597176734969,-0.683877152491851,0.));
#2128=DIRECTION('center_axis',(0.,0.,-1.));
#2129=DIRECTION('ref_axis',(0.729597176734969,-0.683877152491851,0.));
#2130=DIRECTION('',(0.,0.,-1.));
#2131=DIRECTION('center_axis',(1.48029736616688E-15,0.,-1.));
#2132=DIRECTION('ref_axis',(-1.,5.34378157309833E-24,-1.48029736616688E-15));
#2133=DIRECTION('center_axis',(0.,0.,-1.));
#2134=DIRECTION('ref_axis',(-1.,5.34378157309833E-24,-1.48029736616688E-15));
#2135=DIRECTION('center_axis',(0.,0.,-1.));
#2136=DIRECTION('ref_axis',(0.963962134237945,-0.266039477813774,0.));
#2137=DIRECTION('',(0.,0.,1.));
#2138=DIRECTION('center_axis',(0.,0.,-1.));
#2139=DIRECTION('ref_axis',(0.963962134237945,-0.266039477813774,0.));
#2140=DIRECTION('',(0.,0.,-1.));
#2141=DIRECTION('center_axis',(-0.869742480752156,-0.49350584310126,0.));
#2142=DIRECTION('ref_axis',(-0.49350584310126,0.869742480752156,-7.40430615575459E-24));
#2143=DIRECTION('',(0.,0.,-1.));
#2144=DIRECTION('',(-0.49350584310126,0.869742480752156,0.));
#2145=DIRECTION('center_axis',(0.,0.,-1.));
#2146=DIRECTION('ref_axis',(-0.963962134237946,0.266039477813773,0.));
#2147=DIRECTION('center_axis',(0.,0.,1.));
#2148=DIRECTION('ref_axis',(-0.963962134237946,0.266039477813773,0.));
#2149=DIRECTION('',(0.,0.,-1.));
#2150=DIRECTION('',(0.,0.,1.));
#2151=DIRECTION('center_axis',(-0.869742480752155,-0.493505843101262,0.));
#2152=DIRECTION('ref_axis',(-0.493505843101262,0.869742480752155,-7.40430615575463E-24));
#2153=DIRECTION('',(-0.493505843101262,0.869742480752155,0.));
#2154=DIRECTION('',(0.,0.,1.));
#2155=DIRECTION('center_axis',(0.,0.,-1.));
#2156=DIRECTION('ref_axis',(-0.659253585895618,-0.751920680313934,0.));
#2157=DIRECTION('center_axis',(0.,0.,1.));
#2158=DIRECTION('ref_axis',(-0.659253585895618,-0.751920680313934,0.));
#2159=DIRECTION('',(0.,0.,-1.));
#2160=DIRECTION('center_axis',(-0.375532295609651,-0.9268093088409,0.));
#2161=DIRECTION('ref_axis',(-0.9268093088409,0.375532295609651,-1.28489568512192E-23));
#2162=DIRECTION('',(-0.9268093088409,0.375532295609651,0.));
#2163=DIRECTION('',(0.,0.,-1.));
#2164=DIRECTION('center_axis',(0.,0.,-1.));
#2165=DIRECTION('ref_axis',(0.384053001392155,0.923311048413089,0.));
#2166=DIRECTION('',(0.,0.,1.));
#2167=DIRECTION('center_axis',(0.,0.,-1.));
#2168=DIRECTION('ref_axis',(0.384053001392155,0.923311048413089,0.));
#2169=DIRECTION('',(0.,0.,-1.));
#2170=DIRECTION('center_axis',(0.,0.,-1.));
#2171=DIRECTION('ref_axis',(0.720930399153333,-0.693007474401695,0.));
#2172=DIRECTION('center_axis',(0.,0.,-1.));
#2173=DIRECTION('ref_axis',(-1.,-2.87099494897104E-32,0.));
#2174=DIRECTION('',(0.,0.,1.));
#2175=DIRECTION('center_axis',(0.,0.,1.));
#2176=DIRECTION('ref_axis',(1.,0.,0.));
#2177=DIRECTION('center_axis',(0.,0.,-1.));
#2178=DIRECTION('ref_axis',(-0.707106781186547,-0.707106781186548,0.));
#2179=DIRECTION('',(1.,0.,0.));
#2180=DIRECTION('center_axis',(0.,0.,-1.));
#2181=DIRECTION('ref_axis',(0.707106781186547,-0.707106781186548,0.));
#2182=DIRECTION('center_axis',(0.,0.,-1.));
#2183=DIRECTION('ref_axis',(0.848553298786688,0.529109912133792,0.));
#2184=DIRECTION('',(-0.999969170080265,0.00785231742771346,0.));
#2185=DIRECTION('center_axis',(0.,0.,-1.));
#2186=DIRECTION('ref_axis',(-1.,-2.87099494897104E-32,0.));
#2187=DIRECTION('',(0.999969170080265,0.00785231742771277,0.));
#2188=DIRECTION('center_axis',(0.,0.,-1.));
#2189=DIRECTION('ref_axis',(0.709877566002654,-0.704325096305781,0.));
#2190=DIRECTION('',(8.07434927000114E-17,1.,0.));
#2191=DIRECTION('',(-1.,0.,0.));
#2192=DIRECTION('center_axis',(0.,0.,-1.));
#2193=DIRECTION('ref_axis',(1.,0.,0.));
#2194=DIRECTION('',(1.,0.,0.));
#2195=DIRECTION('center_axis',(0.,0.,-1.));
#2196=DIRECTION('ref_axis',(0.707106781186547,0.707106781186547,0.));
#2197=DIRECTION('',(-1.,0.,0.));
#2198=DIRECTION('center_axis',(0.,0.,-1.));
#2199=DIRECTION('ref_axis',(-0.707106781186547,0.707106781186548,0.));
#2200=DIRECTION('center_axis',(0.,0.,-1.));
#2201=DIRECTION('ref_axis',(1.,0.,0.));
#2202=DIRECTION('center_axis',(0.,0.,-1.));
#2203=DIRECTION('ref_axis',(1.,0.,0.));
#2204=DIRECTION('center_axis',(0.,0.,-1.));
#2205=DIRECTION('ref_axis',(1.,0.,0.));
#2206=DIRECTION('',(-0.822537293915176,0.56871117460333,0.));
#2207=DIRECTION('center_axis',(0.,0.,-1.));
#2208=DIRECTION('ref_axis',(-1.,-2.87099494897104E-32,0.));
#2209=DIRECTION('',(0.822537293915177,-0.568711174603329,0.));
#2210=DIRECTION('center_axis',(0.,0.,-1.));
#2211=DIRECTION('ref_axis',(-1.,-2.87099494897104E-32,0.));
#2212=DIRECTION('center_axis',(0.,0.,-1.));
#2213=DIRECTION('ref_axis',(-1.,-2.87099494897104E-32,0.));
#2214=DIRECTION('center_axis',(0.,0.,-1.));
#2215=DIRECTION('ref_axis',(0.499999999999999,0.866025403784439,0.));
#2216=DIRECTION('center_axis',(0.,0.,-1.));
#2217=DIRECTION('ref_axis',(-1.,-2.87099494897104E-32,0.));
#2218=DIRECTION('center_axis',(0.,0.,-1.));
#2219=DIRECTION('ref_axis',(-1.,-2.87099494897104E-32,0.));
#2220=DIRECTION('center_axis',(0.,0.,-1.));
#2221=DIRECTION('ref_axis',(-1.,-2.87099494897104E-32,0.));
#2222=DIRECTION('center_axis',(0.,0.,-1.));
#2223=DIRECTION('ref_axis',(0.5,0.866025403784439,0.));
#2224=DIRECTION('center_axis',(0.,0.,-1.));
#2225=DIRECTION('ref_axis',(-1.,-2.87099494897104E-32,0.));
#2226=DIRECTION('center_axis',(0.,0.,-1.));
#2227=DIRECTION('ref_axis',(-1.,1.33556444984085E-31,0.));
#2228=DIRECTION('center_axis',(0.,0.,-1.));
#2229=DIRECTION('ref_axis',(-1.,1.33556444984085E-31,0.));
#2230=DIRECTION('center_axis',(0.,0.,-1.));
#2231=DIRECTION('ref_axis',(-1.,1.33556444984085E-31,0.));
#2232=DIRECTION('center_axis',(0.,0.,-1.));
#2233=DIRECTION('ref_axis',(1.,0.,0.));
#2234=DIRECTION('center_axis',(0.,0.,-1.));
#2235=DIRECTION('ref_axis',(1.,0.,0.));
#2236=DIRECTION('center_axis',(0.,0.,-1.));
#2237=DIRECTION('ref_axis',(-0.231450828567987,-0.972846603507044,0.));
#2238=DIRECTION('',(0.8515668807858,0.524245980002463,0.));
#2239=DIRECTION('center_axis',(0.,0.,-1.));
#2240=DIRECTION('ref_axis',(-1.,-2.87099494897104E-32,0.));
#2241=DIRECTION('',(-0.853803461733244,-0.520595475136242,0.));
#2242=DIRECTION('',(0.50894847559327,-0.860796984887428,0.));
#2243=DIRECTION('center_axis',(0.,0.,1.));
#2244=DIRECTION('ref_axis',(0.968556303605391,-0.248794466872278,0.));
#2245=DIRECTION('',(-0.860796984887428,-0.50894847559327,0.));
#2246=DIRECTION('center_axis',(0.,0.,1.));
#2247=DIRECTION('ref_axis',(0.315845527291507,-0.948810625409491,0.));
#2248=DIRECTION('',(-0.469020073710969,0.883187505831099,0.));
#2249=DIRECTION('center_axis',(0.,0.,1.));
#2250=DIRECTION('ref_axis',(-1.,0.,0.));
#2251=DIRECTION('',(0.490171038385609,-0.871626269181909,0.));
#2252=DIRECTION('center_axis',(0.,0.,-1.));
#2253=DIRECTION('ref_axis',(0.871626269181909,0.490171038385609,0.));
#2254=DIRECTION('',(-0.869742480752155,-0.493505843101262,0.));
#2255=DIRECTION('center_axis',(0.,0.,1.));
#2256=DIRECTION('ref_axis',(-0.266039477813774,-0.963962134237945,0.));
#2257=DIRECTION('',(-0.493505843101259,0.869742480752157,0.));
#2258=DIRECTION('',(-0.869742480752156,-0.49350584310126,0.));
#2259=DIRECTION('',(0.49350584310126,-0.869742480752156,0.));
#2260=DIRECTION('',(-0.869742480752156,-0.49350584310126,0.));
#2261=DIRECTION('',(0.869742480752155,0.493505843101262,0.));
#2262=DIRECTION('',(0.869742480752155,0.493505843101261,0.));
#2263=DIRECTION('center_axis',(0.,0.,1.));
#2264=DIRECTION('ref_axis',(-1.,-2.87099494897104E-32,0.));
#2265=DIRECTION('center_axis',(0.,0.,1.));
#2266=DIRECTION('ref_axis',(0.248794466872283,0.96855630360539,0.));
#2267=DIRECTION('center_axis',(0.,0.,1.));
#2268=DIRECTION('ref_axis',(0.871626269181909,0.490171038385609,0.));
#2269=DIRECTION('',(0.,0.,-1.));
#2270=DIRECTION('center_axis',(0.871626269181909,0.49017103838561,0.));
#2271=DIRECTION('ref_axis',(0.490171038385609,-0.871626269181909,0.));
#2272=DIRECTION('',(0.,0.,-1.));
#2273=DIRECTION('center_axis',(0.,0.,-1.));
#2274=DIRECTION('ref_axis',(0.315845527291507,-0.948810625409491,0.));
#2275=DIRECTION('',(0.,0.,1.));
#2276=DIRECTION('',(0.,0.,-1.));
#2277=DIRECTION('center_axis',(0.,0.,-1.));
#2278=DIRECTION('ref_axis',(0.968556303605391,-0.248794466872278,0.));
#2279=DIRECTION('',(0.,0.,-1.));
#2280=DIRECTION('',(0.,0.,1.));
#2281=DIRECTION('center_axis',(0.860796984887428,0.50894847559327,0.));
#2282=DIRECTION('ref_axis',(0.50894847559327,-0.860796984887428,0.));
#2283=DIRECTION('center_axis',(0.,0.,-1.));
#2284=DIRECTION('ref_axis',(-1.,0.,0.));
#2285=DIRECTION('',(0.,0.,-1.));
#2286=DIRECTION('center_axis',(-0.883187505831099,-0.469020073710969,0.));
#2287=DIRECTION('ref_axis',(-0.469020073710969,0.883187505831099,0.));
#2288=DIRECTION('center_axis',(0.,0.,-1.));
#2289=DIRECTION('ref_axis',(0.709877566002654,-0.704325096305781,0.));
#2290=DIRECTION('',(0.,0.,1.));
#2291=DIRECTION('',(0.,0.,-1.));
#2292=DIRECTION('center_axis',(-0.00785231742771277,0.999969170080265,0.));
#2293=DIRECTION('ref_axis',(0.999969170080265,0.00785231742771277,1.35163370178944E-23));
#2294=DIRECTION('',(0.,0.,-1.));
#2295=DIRECTION('center_axis',(0.,0.,1.));
#2296=DIRECTION('ref_axis',(0.848553298786688,0.529109912133792,0.));
#2297=DIRECTION('',(0.,0.,-1.));
#2298=DIRECTION('',(0.,0.,1.));
#2299=DIRECTION('center_axis',(0.,0.,1.));
#2300=DIRECTION('ref_axis',(0.707106781186547,-0.707106781186548,0.));
#2301=DIRECTION('',(0.,0.,-1.));
#2302=DIRECTION('center_axis',(0.,0.,1.));
#2303=DIRECTION('ref_axis',(1.,0.,0.));
#2304=DIRECTION('',(0.,0.,1.));
#2305=DIRECTION('center_axis',(0.,0.,1.));
#2306=DIRECTION('ref_axis',(-1.,1.22464679914735E-16,0.));
#2307=DIRECTION('',(0.,0.,1.));
#2308=DIRECTION('',(0.,0.,1.));
#2309=DIRECTION('center_axis',(0.,1.,0.));
#2310=DIRECTION('ref_axis',(-1.,0.,0.));
#2311=DIRECTION('',(0.,0.,-1.));
#2312=DIRECTION('center_axis',(0.,-1.,0.));
#2313=DIRECTION('ref_axis',(1.,0.,0.));
#2314=DIRECTION('',(0.,0.,1.));
#2315=DIRECTION('center_axis',(1.,-8.07434927000114E-17,0.));
#2316=DIRECTION('ref_axis',(8.07434927000114E-17,1.,0.));
#2317=DIRECTION('center_axis',(0.,0.,1.));
#2318=DIRECTION('ref_axis',(1.,0.,0.));
#2319=DIRECTION('',(0.,0.,1.));
#2320=DIRECTION('center_axis',(0.,0.,1.));
#2321=DIRECTION('ref_axis',(1.,0.,0.));
#2322=DIRECTION('',(0.,0.,1.));
#2323=DIRECTION('center_axis',(0.,0.,1.));
#2324=DIRECTION('ref_axis',(1.,0.,0.));
#2325=DIRECTION('',(0.,0.,1.));
#2326=DIRECTION('center_axis',(0.,0.,1.));
#2327=DIRECTION('ref_axis',(1.,0.,0.));
#2328=DIRECTION('',(0.,0.,1.));
#2329=DIRECTION('center_axis',(0.,0.,-1.));
#2330=DIRECTION('ref_axis',(-1.,-2.87099494897104E-32,0.));
#2331=DIRECTION('',(0.,0.,-1.));
#2332=DIRECTION('center_axis',(-0.00785231742771346,-0.999969170080265,
0.));
#2333=DIRECTION('ref_axis',(-0.999969170080265,0.00785231742771346,-1.35295265793217E-23));
#2334=DIRECTION('center_axis',(0.568711174603329,0.822537293915177,0.));
#2335=DIRECTION('ref_axis',(0.822537293915177,-0.568711174603329,1.16010916062176E-23));
#2336=DIRECTION('',(0.,0.,-1.));
#2337=DIRECTION('',(0.,0.,-1.));
#2338=DIRECTION('center_axis',(0.,0.,-1.));
#2339=DIRECTION('ref_axis',(-1.,-2.87099494897104E-32,0.));
#2340=DIRECTION('',(0.,0.,-1.));
#2341=DIRECTION('center_axis',(-0.56871117460333,-0.822537293915176,0.));
#2342=DIRECTION('ref_axis',(-0.822537293915176,0.56871117460333,-1.16010916062176E-23));
#2343=DIRECTION('',(0.,0.,-1.));
#2344=DIRECTION('center_axis',(0.,0.,-1.));
#2345=DIRECTION('ref_axis',(0.822537293915154,-0.568711174603362,0.));
#2346=DIRECTION('center_axis',(0.,0.,1.));
#2347=DIRECTION('ref_axis',(-0.231450828567987,-0.972846603507044,0.));
#2348=DIRECTION('',(0.,0.,1.));
#2349=DIRECTION('center_axis',(-0.524245980002463,0.8515668807858,0.));
#2350=DIRECTION('ref_axis',(0.8515668807858,0.524245980002463,1.10757471070247E-23));
#2351=DIRECTION('',(0.,0.,-1.));
#2352=DIRECTION('center_axis',(0.,0.,-1.));
#2353=DIRECTION('ref_axis',(0.852687124819137,0.522421924470704,0.));
#2354=DIRECTION('',(0.,0.,-1.));
#2355=DIRECTION('center_axis',(0.520595475136242,-0.853803461733244,0.));
#2356=DIRECTION('ref_axis',(-0.853803461733244,-0.520595475136242,-1.11090590531772E-23));
#2357=DIRECTION('center_axis',(0.493505843101262,-0.869742480752155,0.));
#2358=DIRECTION('ref_axis',(-0.869742480752155,-0.493505843101262,-1.13473592342565E-23));
#2359=DIRECTION('',(0.,0.,-1.));
#2360=DIRECTION('center_axis',(0.,0.,-1.));
#2361=DIRECTION('ref_axis',(-0.266039477813774,-0.963962134237945,0.));
#2362=DIRECTION('',(0.,0.,1.));
#2363=DIRECTION('center_axis',(0.,0.,-1.));
#2364=DIRECTION('ref_axis',(0.248794466872283,0.96855630360539,0.));
#2365=DIRECTION('center_axis',(0.,0.,-1.));
#2366=DIRECTION('ref_axis',(-1.,-2.87099494897104E-32,0.));
#2367=DIRECTION('',(0.,0.,-1.));
#2368=DIRECTION('center_axis',(0.,0.,-1.));
#2369=DIRECTION('ref_axis',(0.499999999999999,0.866025403784439,0.));
#2370=DIRECTION('',(0.,0.,-1.));
#2371=DIRECTION('center_axis',(0.,0.,-1.));
#2372=DIRECTION('ref_axis',(-1.,-2.87099494897104E-32,0.));
#2373=DIRECTION('',(0.,0.,-1.));
#2374=DIRECTION('center_axis',(0.,0.,-1.));
#2375=DIRECTION('ref_axis',(-1.,-2.87099494897104E-32,0.));
#2376=DIRECTION('',(0.,0.,-1.));
#2377=DIRECTION('center_axis',(0.,0.,-1.));
#2378=DIRECTION('ref_axis',(-1.,-2.87099494897104E-32,0.));
#2379=DIRECTION('',(0.,0.,-1.));
#2380=DIRECTION('center_axis',(0.,0.,-1.));
#2381=DIRECTION('ref_axis',(0.473512439250242,-0.880787130852447,0.));
#2382=DIRECTION('center_axis',(-0.493505843101261,0.869742480752155,0.));
#2383=DIRECTION('ref_axis',(0.869742480752155,0.493505843101261,1.13473592342565E-23));
#2384=DIRECTION('center_axis',(-0.493505843101262,0.869742480752155,0.));
#2385=DIRECTION('ref_axis',(0.869742480752155,0.493505843101262,1.13473592342565E-23));
#2386=DIRECTION('center_axis',(0.49350584310126,-0.869742480752156,0.));
#2387=DIRECTION('ref_axis',(-0.869742480752156,-0.49350584310126,-1.13473592342565E-23));
#2388=DIRECTION('',(0.,0.,-1.));
#2389=DIRECTION('center_axis',(0.869742480752156,0.49350584310126,0.));
#2390=DIRECTION('ref_axis',(0.49350584310126,-0.869742480752156,7.4043061557546E-24));
#2391=DIRECTION('',(0.,0.,-1.));
#2392=DIRECTION('center_axis',(0.49350584310126,-0.869742480752156,0.));
#2393=DIRECTION('ref_axis',(-0.869742480752156,-0.49350584310126,-1.13473592342565E-23));
#2394=DIRECTION('',(0.,0.,-1.));
#2395=DIRECTION('center_axis',(-0.869742480752157,-0.493505843101259,0.));
#2396=DIRECTION('ref_axis',(-0.493505843101259,0.869742480752157,-7.40430615575458E-24));
#2397=DIRECTION('center_axis',(0.50894847559327,-0.860796984887428,0.));
#2398=DIRECTION('ref_axis',(-0.860796984887428,-0.50894847559327,-1.12134166558387E-23));
#2399=DIRECTION('center_axis',(0.,0.,-1.));
#2400=DIRECTION('ref_axis',(0.5,0.866025403784439,0.));
#2401=DIRECTION('',(0.,0.,-1.));
#2402=DIRECTION('center_axis',(0.,0.,-1.));
#2403=DIRECTION('ref_axis',(-1.,-2.87099494897104E-32,0.));
#2404=DIRECTION('',(0.,0.,-1.));
#2405=DIRECTION('center_axis',(0.,0.,-1.));
#2406=DIRECTION('ref_axis',(-1.,1.33556444984085E-31,0.));
#2407=DIRECTION('',(0.,0.,-1.));
#2408=DIRECTION('center_axis',(0.,0.,-1.));
#2409=DIRECTION('ref_axis',(-1.,1.33556444984085E-31,0.));
#2410=DIRECTION('',(0.,0.,-1.));
#2411=DIRECTION('center_axis',(0.,0.,-1.));
#2412=DIRECTION('ref_axis',(-1.,1.33556444984085E-31,0.));
#2413=DIRECTION('',(0.,0.,-1.));
#2414=DIRECTION('center_axis',(0.,0.,1.));
#2415=DIRECTION('ref_axis',(-0.707106781186547,0.707106781186548,0.));
#2416=DIRECTION('',(0.,0.,-1.));
#2417=DIRECTION('center_axis',(0.,1.,0.));
#2418=DIRECTION('ref_axis',(-1.,0.,0.));
#2419=DIRECTION('',(0.,0.,1.));
#2420=DIRECTION('center_axis',(0.,0.,1.));
#2421=DIRECTION('ref_axis',(0.707106781186547,0.707106781186547,0.));
#2422=DIRECTION('center_axis',(0.,0.,1.));
#2423=DIRECTION('ref_axis',(-0.707106781186547,-0.707106781186548,0.));
#2424=DIRECTION('',(0.,0.,1.));
#2425=DIRECTION('center_axis',(0.,-1.,0.));
#2426=DIRECTION('ref_axis',(1.,0.,0.));
#2427=CARTESIAN_POINT('',(0.,0.,0.));
#2428=CARTESIAN_POINT('Origin',(-60.0000008940697,-14.0000002086163,-7.19344848382548E-14));
#2429=CARTESIAN_POINT('',(-54.1289374851868,-23.3021835248532,2.99999999999996));
#2430=CARTESIAN_POINT('',(-54.1289374851868,-23.3021835248532,-3.86273466764923E-14));
#2431=CARTESIAN_POINT('',(-54.1289374851868,-23.3021835248532,-6.9873830161037E-14));
#2432=CARTESIAN_POINT('',(-55.,-4.20204169373661,3.));
#2433=CARTESIAN_POINT('Origin',(-60.0000008940697,-14.0000002086163,2.99999999999994));
#2434=CARTESIAN_POINT('',(-55.,-4.20204169373661,7.88860905221012E-30));
#2435=CARTESIAN_POINT('',(-55.,-4.20204169373661,-6.94174747659373E-14));
#2436=CARTESIAN_POINT('Origin',(-60.0000008940697,-14.0000002086163,-5.57578682898093E-14));
#2437=CARTESIAN_POINT('Origin',(-8.88178419700125E-15,8.88178419700125E-15,
0.));
#2438=CARTESIAN_POINT('',(-55.,15.,0.));
#2439=CARTESIAN_POINT('',(-55.,-55.,0.));
#2440=CARTESIAN_POINT('',(-15.,55.,0.));
#2441=CARTESIAN_POINT('Origin',(-15.,15.,0.));
#2442=CARTESIAN_POINT('',(15.,55.,0.));
#2443=CARTESIAN_POINT('',(-55.,55.,0.));
#2444=CARTESIAN_POINT('',(55.,15.,0.));
#2445=CARTESIAN_POINT('Origin',(15.,15.,0.));
#2446=CARTESIAN_POINT('',(42.9724695414361,15.,2.77555756156289E-16));
#2447=CARTESIAN_POINT('',(27.5,15.,0.));
#2448=CARTESIAN_POINT('',(42.9724695414361,1.19193726156255,2.77555756156289E-16));
#2449=CARTESIAN_POINT('Origin',(42.9724695414361,8.09596863078127,0.));
#2450=CARTESIAN_POINT('',(55.,1.19193726156255,2.77555756156289E-16));
#2451=CARTESIAN_POINT('',(21.4862347707181,1.19193726156255,0.));
#2452=CARTESIAN_POINT('',(55.,-5.65073729787972,0.));
#2453=CARTESIAN_POINT('',(55.,55.,0.));
#2454=CARTESIAN_POINT('',(51.527483110997,-9.15062939316065,0.));
#2455=CARTESIAN_POINT('Origin',(51.5,-5.65073729787972,0.));
#2456=CARTESIAN_POINT('',(39.8397145120051,-9.24240829175767,0.));
#2457=CARTESIAN_POINT('',(19.9573715353911,-9.39853557340826,0.));
#2458=CARTESIAN_POINT('',(39.8397145120051,-27.2418533532024,0.));
#2459=CARTESIAN_POINT('Origin',(39.9103853688546,-18.2421308224801,0.));
#2460=CARTESIAN_POINT('',(47.9279965225869,-27.3053670691172,2.77555756156289E-16));
#2461=CARTESIAN_POINT('',(26.417859795507,-27.1364574401523,2.77555756156289E-16));
#2462=CARTESIAN_POINT('',(51.0553571633862,-32.3208319609842,0.));
#2463=CARTESIAN_POINT('Origin',(47.9005134115899,-30.8052591643981,0.));
#2464=CARTESIAN_POINT('',(15.,-55.,0.));
#2465=CARTESIAN_POINT('Origin',(15.,-15.,0.));
#2466=CARTESIAN_POINT('',(-15.,-55.,0.));
#2467=CARTESIAN_POINT('',(55.,-55.,0.));
#2468=CARTESIAN_POINT('Origin',(-15.,-15.,0.));
#2469=CARTESIAN_POINT('',(1.39582412133037,46.9102066310744,0.));
#2470=CARTESIAN_POINT('',(5.42421573332061,45.4591474192113,0.));
#2471=CARTESIAN_POINT('Origin',(4.34836879338878,48.7896959126345,0.));
#2472=CARTESIAN_POINT('',(-1.30924121388954,47.557806725672,0.));
#2473=CARTESIAN_POINT('Origin',(-0.291344262703009,45.8362127558972,0.));
#2474=CARTESIAN_POINT('',(-9.48681257032012,42.722796207536,0.));
#2475=CARTESIAN_POINT('',(-15.9761382419642,38.8859653795987,0.));
#2476=CARTESIAN_POINT('',(-10.1905095889084,39.9833052865746,0.));
#2477=CARTESIAN_POINT('Origin',(-8.46891561913359,41.0012022377611,0.));
#2478=CARTESIAN_POINT('',(-9.68156111331519,39.1225083016872,0.));
#2479=CARTESIAN_POINT('',(0.142150391433442,22.5074251464925,0.));
#2480=CARTESIAN_POINT('',(-14.0818518092603,36.7569056403146,0.));
#2481=CARTESIAN_POINT('Origin',(-11.8335535755338,37.850137112704,0.));
#2482=CARTESIAN_POINT('',(-16.9921314884409,33.7557789168158,0.));
#2483=CARTESIAN_POINT('Origin',(-81.5657212774074,99.2863176126505,0.));
#2484=CARTESIAN_POINT('',(-22.4699059676413,32.7209579012075,-3.60822483003176E-14));
#2485=CARTESIAN_POINT('Origin',(-20.5015657161021,37.3172212372416,7.21644966006352E-15));
#2486=CARTESIAN_POINT('',(-29.351360913902,27.1966299141331,-3.60822483003176E-14));
#2487=CARTESIAN_POINT('Origin',(-24.4382462191804,28.1246945651735,-3.60822483003176E-14));
#2488=CARTESIAN_POINT('',(-31.5460132138658,22.0721427142675,0.));
#2489=CARTESIAN_POINT('Origin',(-34.2644756086235,26.2685652630927,-2.27595720048157E-14));
#2490=CARTESIAN_POINT('',(-36.1631837120914,19.2700093834522,2.77555756156289E-16));
#2491=CARTESIAN_POINT('Origin',(-81.5657212774074,99.2863176126505,0.));
#2492=CARTESIAN_POINT('',(-48.1659463402831,12.4594492217277,0.));
#2493=CARTESIAN_POINT('',(-32.6222745966639,21.2791780477708,2.77555756156289E-16));
#2494=CARTESIAN_POINT('',(-41.0615514771742,-0.0611604100723429,0.));
#2495=CARTESIAN_POINT('',(-33.8536711882507,-12.764150194464,0.));
#2496=CARTESIAN_POINT('',(-44.4476812160323,-12.3303953247531,0.));
#2497=CARTESIAN_POINT('Origin',(-48.8892338039436,-4.50271299798368,0.));
#2498=CARTESIAN_POINT('',(-46.0540589983868,-13.241879861112,0.));
#2499=CARTESIAN_POINT('',(-26.6630996809578,-2.23913831603495,0.));
#2500=CARTESIAN_POINT('',(-46.8065322736886,-15.9683765088188,0.));
#2501=CARTESIAN_POINT('Origin',(-45.0670473121843,-14.9813648226163,0.));
#2502=CARTESIAN_POINT('',(-40.5134454434002,-27.0591569481512,0.));
#2503=CARTESIAN_POINT('',(-39.2836047958,-29.2265976597988,0.));
#2504=CARTESIAN_POINT('',(-28.4052959074089,-37.6750918587723,0.));
#2505=CARTESIAN_POINT('Origin',(-19.2047546649724,-14.9682637921703,0.));
#2506=CARTESIAN_POINT('',(-9.99408701075106,-45.1350984382894,0.));
#2507=CARTESIAN_POINT('',(-13.5563129990083,-43.6917261176945,0.));
#2508=CARTESIAN_POINT('',(-6.51511708774243,-43.1610750658843,0.));
#2509=CARTESIAN_POINT('',(5.21193251239511,-36.5069589015212,0.));
#2510=CARTESIAN_POINT('',(-20.8785268543592,-17.8473572708272,0.));
#2511=CARTESIAN_POINT('',(-22.1663130273172,-15.5777947997767,0.));
#2512=CARTESIAN_POINT('',(-1.39868492952449,-6.79418230772648,0.));
#2513=CARTESIAN_POINT('',(0.588443708195688,-5.66665362491375,0.));
#2514=CARTESIAN_POINT('',(12.3850804392789,-31.0863491656352,0.));
#2515=CARTESIAN_POINT('',(4.51385273385755,-17.2142923161004,0.));
#2516=CARTESIAN_POINT('',(14.0891408440957,-31.5566449626989,0.));
#2517=CARTESIAN_POINT('Origin',(13.4722585402191,-30.4694668617587,0.));
#2518=CARTESIAN_POINT('',(19.1739986110213,-28.671415052868,0.));
#2519=CARTESIAN_POINT('',(19.3189233943204,-28.5891824047553,0.));
#2520=CARTESIAN_POINT('',(20.6322513501147,-29.2779780764554,0.));
#2521=CARTESIAN_POINT('Origin',(19.6675044541226,-29.5411575336201,0.));
#2522=CARTESIAN_POINT('',(25.3907781968792,-24.327718828557,0.));
#2523=CARTESIAN_POINT('Origin',(24.4912389340834,-28.2252602477967,0.));
#2524=CARTESIAN_POINT('',(17.9532514818251,-18.7592541896774,2.77555756156289E-16));
#2525=CARTESIAN_POINT('Origin',(27.9769535774171,-13.1222872482429,0.));
#2526=CARTESIAN_POINT('',(14.088885271356,-11.8876056445545,0.));
#2527=CARTESIAN_POINT('',(9.85686791183951,-4.36219672945958,2.77555756156289E-16));
#2528=CARTESIAN_POINT('',(19.3171235751826,-8.94743381985911,0.));
#2529=CARTESIAN_POINT('Origin',(16.6675610576893,-10.354494040992,0.));
#2530=CARTESIAN_POINT('',(20.4100677435868,-11.0055006025197,0.));
#2531=CARTESIAN_POINT('',(16.251324784111,-3.17438626937171,0.));
#2532=CARTESIAN_POINT('',(22.2086172932707,-11.7251864300674,0.));
#2533=CARTESIAN_POINT('Origin',(21.7348490023334,-10.3019704919532,0.));
#2534=CARTESIAN_POINT('',(31.1849112409301,-6.41792908443931,0.));
#2535=CARTESIAN_POINT('',(21.2523976297362,-12.2905538147497,0.));
#2536=CARTESIAN_POINT('',(31.7126840048713,-4.36331089371826,0.));
#2537=CARTESIAN_POINT('Origin',(30.4214885275402,-5.12673360710817,0.));
#2538=CARTESIAN_POINT('',(31.072052880137,-3.27979582875304,0.));
#2539=CARTESIAN_POINT('',(26.0134670040254,5.27591399015379,0.));
#2540=CARTESIAN_POINT('',(32.2499813972343,1.4820079185737,0.));
#2541=CARTESIAN_POINT('Origin',(34.084842327243,-1.4984761641766,0.));
#2542=CARTESIAN_POINT('',(35.2836772214076,3.34962733433292,0.));
#2543=CARTESIAN_POINT('',(21.7427250677052,-4.98652322783271,0.));
#2544=CARTESIAN_POINT('',(27.7745792239474,16.0502929319888,0.));
#2545=CARTESIAN_POINT('',(27.6933006446203,16.1877651099569,0.));
#2546=CARTESIAN_POINT('',(29.9643589071009,21.0128240195562,0.));
#2547=CARTESIAN_POINT('Origin',(32.4371874139981,16.9572575763233,0.));
#2548=CARTESIAN_POINT('',(30.0823819459321,21.0847870212669,0.));
#2549=CARTESIAN_POINT('',(14.4317006379738,11.5419891328835,0.));
#2550=CARTESIAN_POINT('',(25.9030161253773,27.9062683913431,0.));
#2551=CARTESIAN_POINT('Origin',(28.0000000453871,24.5000008681999,0.));
#2552=CARTESIAN_POINT('',(25.7534034527536,27.8141630688486,0.));
#2553=CARTESIAN_POINT('',(8.18463830667841,16.9983895703088,0.));
#2554=CARTESIAN_POINT('',(20.8450236531519,27.7707376611448,0.));
#2555=CARTESIAN_POINT('Origin',(23.2632350477419,31.8591057525812,0.));
#2556=CARTESIAN_POINT('',(9.10991114696198,47.6191588353524,0.));
#2557=CARTESIAN_POINT('',(18.3609666061276,31.9721980616387,0.));
#2558=CARTESIAN_POINT('',(5.66672320741224,45.5833649329794,0.));
#2559=CARTESIAN_POINT('',(-6.41778286600009,38.438369013686,-2.77555756156289E-16));
#2560=CARTESIAN_POINT('Origin',(4.52158913732741,47.5201581489761,0.));
#2561=CARTESIAN_POINT('',(-0.211102554073652,-42.0000006258488,2.77555756156289E-16));
#2562=CARTESIAN_POINT('Origin',(7.00000010430813,-42.0000006258488,0.));
#2563=CARTESIAN_POINT('',(36.5,38.15,0.));
#2564=CARTESIAN_POINT('Origin',(37.75,38.15,0.));
#2565=CARTESIAN_POINT('',(-39.,-38.15,0.));
#2566=CARTESIAN_POINT('Origin',(-37.75,-38.15,0.));
#2567=CARTESIAN_POINT('',(14.9289162129463,42.6501487979016,0.));
#2568=CARTESIAN_POINT('',(26.1564441872715,34.887314614691,0.));
#2569=CARTESIAN_POINT('',(25.4680441584628,35.3632818345083,0.));
#2570=CARTESIAN_POINT('',(31.8435559333052,43.1126875538426,0.));
#2571=CARTESIAN_POINT('Origin',(29.0000000602883,39.0000010842667,0.));
#2572=CARTESIAN_POINT('',(20.6160279589799,50.8755217370532,0.));
#2573=CARTESIAN_POINT('',(25.5413919173336,47.4700718652652,0.));
#2574=CARTESIAN_POINT('Origin',(17.7724720859639,46.76283526748,0.));
#2575=CARTESIAN_POINT('',(-44.748856629551,-21.0277420750503,0.));
#2576=CARTESIAN_POINT('Origin',(-45.998856629551,-21.0277420750503,0.));
#2577=CARTESIAN_POINT('',(-19.7777429500171,45.998856760827,0.));
#2578=CARTESIAN_POINT('Origin',(-21.0277429500171,45.998856760827,0.));
#2579=CARTESIAN_POINT('',(22.2777422063263,-45.9988557545842,0.));
#2580=CARTESIAN_POINT('Origin',(21.0277422063263,-45.9988557545842,0.));
#2581=CARTESIAN_POINT('',(34.5227037705504,-0.684473004719894,0.));
#2582=CARTESIAN_POINT('Origin',(33.0227037705505,-0.684473004719894,0.));
#2583=CARTESIAN_POINT('',(6.19111988859161,-29.1270951986588,0.));
#2584=CARTESIAN_POINT('Origin',(6.94111988859161,-27.8280570929821,0.));
#2585=CARTESIAN_POINT('',(-12.9128866451105,-18.4196688949726,0.));
#2586=CARTESIAN_POINT('Origin',(-14.4128866451105,-18.4196688949726,0.));
#2587=CARTESIAN_POINT('',(6.02158913732741,47.5201581489761,0.));
#2588=CARTESIAN_POINT('Origin',(4.52158913732741,47.5201581489761,0.));
#2589=CARTESIAN_POINT('',(18.1675610576893,-10.354494040992,0.));
#2590=CARTESIAN_POINT('Origin',(16.6675610576893,-10.354494040992,0.));
#2591=CARTESIAN_POINT('',(-7.19347700720976,-36.5955837498217,0.));
#2592=CARTESIAN_POINT('Origin',(-6.44347700720977,-35.296545644145,0.));
#2593=CARTESIAN_POINT('',(-10.3335535755338,37.850137112704,0.));
#2594=CARTESIAN_POINT('Origin',(-11.8335535755338,37.850137112704,0.));
#2595=CARTESIAN_POINT('',(-39.4,37.75,0.));
#2596=CARTESIAN_POINT('Origin',(-38.15,37.75,0.));
#2597=CARTESIAN_POINT('',(36.9,-37.75,0.));
#2598=CARTESIAN_POINT('Origin',(38.15,-37.75,0.));
#2599=CARTESIAN_POINT('Origin',(-55.,55.,0.));
#2600=CARTESIAN_POINT('',(-55.,15.,3.));
#2601=CARTESIAN_POINT('',(-55.,-55.,3.));
#2602=CARTESIAN_POINT('',(-55.,15.,0.));
#2603=CARTESIAN_POINT('Origin',(4.34836879338878,48.7896959126345,3.));
#2604=CARTESIAN_POINT('',(5.42421573332061,45.4591474192113,3.));
#2605=CARTESIAN_POINT('',(1.39582412133037,46.9102066310744,3.));
#2606=CARTESIAN_POINT('Origin',(4.34836879338878,48.7896959126345,3.));
#2607=CARTESIAN_POINT('',(1.39582412133037,46.9102066310744,3.));
#2608=CARTESIAN_POINT('',(5.42421573332061,45.4591474192113,3.));
#2609=CARTESIAN_POINT('Origin',(34.084842327243,-1.4984761641766,3.));
#2610=CARTESIAN_POINT('',(31.072052880137,-3.27979582875304,3.));
#2611=CARTESIAN_POINT('',(32.2499813972343,1.4820079185737,3.));
#2612=CARTESIAN_POINT('Origin',(34.084842327243,-1.4984761641766,3.));
#2613=CARTESIAN_POINT('',(32.2499813972343,1.4820079185737,3.));
#2614=CARTESIAN_POINT('',(31.072052880137,-3.27979582875305,3.));
#2615=CARTESIAN_POINT('Origin',(35.2836772214076,3.34962733433293,3.));
#2616=CARTESIAN_POINT('',(35.2836772214076,3.34962733433292,3.));
#2617=CARTESIAN_POINT('',(21.7427250677052,-4.98652322783271,3.));
#2618=CARTESIAN_POINT('',(35.2836772214076,3.34962733433292,3.));
#2619=CARTESIAN_POINT('Origin',(27.7745792239475,16.0502929319888,3.));
#2620=CARTESIAN_POINT('',(27.7745792239474,16.0502929319888,3.));
#2621=CARTESIAN_POINT('',(27.6933006446203,16.1877651099569,3.));
#2622=CARTESIAN_POINT('',(27.7745792239474,16.0502929319888,3.));
#2623=CARTESIAN_POINT('Origin',(9.10991114696198,47.6191588353524,3.));
#2624=CARTESIAN_POINT('',(9.10991114696198,47.6191588353524,3.));
#2625=CARTESIAN_POINT('',(20.8450236531519,27.7707376611448,3.));
#2626=CARTESIAN_POINT('',(18.3609666061276,31.9721980616387,3.));
#2627=CARTESIAN_POINT('',(9.10991114696198,47.6191588353524,3.));
#2628=CARTESIAN_POINT('',(20.8450236531519,27.7707376611448,3.));
#2629=CARTESIAN_POINT('Origin',(5.66672320741224,45.5833649329794,3.));
#2630=CARTESIAN_POINT('',(5.66672320741224,45.5833649329794,3.));
#2631=CARTESIAN_POINT('',(-6.41778286600009,38.438369013686,3.));
#2632=CARTESIAN_POINT('',(5.66672320741224,45.5833649329794,3.));
#2633=CARTESIAN_POINT('Origin',(4.52158913732741,47.5201581489761,3.));
#2634=CARTESIAN_POINT('Origin',(4.52158913732741,47.5201581489761,3.));
#2635=CARTESIAN_POINT('Origin',(32.4371874139981,16.9572575763233,3.));
#2636=CARTESIAN_POINT('',(29.9643589071009,21.0128240195562,3.));
#2637=CARTESIAN_POINT('Origin',(32.4371874139981,16.9572575763233,3.));
#2638=CARTESIAN_POINT('',(29.9643589071009,21.0128240195562,3.));
#2639=CARTESIAN_POINT('Origin',(-8.46891561913359,41.0012022377611,3.));
#2640=CARTESIAN_POINT('',(-9.48681257032012,42.722796207536,3.));
#2641=CARTESIAN_POINT('',(-10.1905095889084,39.9833052865746,3.));
#2642=CARTESIAN_POINT('Origin',(-8.46891561913359,41.0012022377611,3.));
#2643=CARTESIAN_POINT('',(-10.1905095889084,39.9833052865746,3.));
#2644=CARTESIAN_POINT('',(-9.48681257032012,42.722796207536,3.));
#2645=CARTESIAN_POINT('Origin',(-9.68156111331519,39.1225083016872,3.));
#2646=CARTESIAN_POINT('',(-9.68156111331519,39.1225083016872,3.));
#2647=CARTESIAN_POINT('',(0.142150391433442,22.5074251464925,3.));
#2648=CARTESIAN_POINT('',(-9.68156111331519,39.1225083016872,3.));
#2649=CARTESIAN_POINT('Origin',(-10.7780080476513,41.9593734941461,3.));
#2650=CARTESIAN_POINT('',(-1.30924121388954,47.557806725672,3.));
#2651=CARTESIAN_POINT('',(-1.30924121388954,47.557806725672,3.));
#2652=CARTESIAN_POINT('',(-15.9761382419642,38.8859653795987,3.));
#2653=CARTESIAN_POINT('Origin',(-20.5015657161021,37.3172212372416,3.));
#2654=CARTESIAN_POINT('',(-16.9921314884409,33.7557789168158,3.));
#2655=CARTESIAN_POINT('',(-16.9921314884409,33.7557789168158,3.));
#2656=CARTESIAN_POINT('',(-22.4699059676413,32.7209579012075,2.99999999999996));
#2657=CARTESIAN_POINT('Origin',(-20.5015657161021,37.3172212372416,3.00000000000001));
#2658=CARTESIAN_POINT('',(-22.4699059676413,32.7209579012075,3.));
#2659=CARTESIAN_POINT('Origin',(-81.5657212774074,99.2863176126505,3.));
#2660=CARTESIAN_POINT('',(-14.0818518092603,36.7569056403146,3.));
#2661=CARTESIAN_POINT('',(-14.0818518092603,36.7569056403148,3.));
#2662=CARTESIAN_POINT('Origin',(-81.5657212774074,99.2863176126505,3.));
#2663=CARTESIAN_POINT('Origin',(-34.2644756086236,26.2685652630927,3.));
#2664=CARTESIAN_POINT('',(-29.351360913902,27.1966299141331,2.99999999999996));
#2665=CARTESIAN_POINT('',(-31.5460132138658,22.0721427142675,3.));
#2666=CARTESIAN_POINT('Origin',(-34.2644756086236,26.2685652630927,2.99999999999998));
#2667=CARTESIAN_POINT('',(-31.5460132138659,22.0721427142675,3.));
#2668=CARTESIAN_POINT('',(-29.351360913902,27.1966299141331,3.00000000000001));
#2669=CARTESIAN_POINT('Origin',(-81.5657212774074,99.2863176126505,3.));
#2670=CARTESIAN_POINT('',(-36.1631837120914,19.2700093834522,3.));
#2671=CARTESIAN_POINT('Origin',(-81.5657212774074,99.2863176126505,3.));
#2672=CARTESIAN_POINT('',(-36.1631837120913,19.2700093834522,3.));
#2673=CARTESIAN_POINT('Origin',(-24.4382462191804,28.1246945651735,2.99999999999996));
#2674=CARTESIAN_POINT('Origin',(-24.4382462191804,28.1246945651735,2.99999999999996));
#2675=CARTESIAN_POINT('Origin',(-48.8892338039436,-4.50271299798368,3.));
#2676=CARTESIAN_POINT('',(-41.0615514771742,-0.0611604100723429,3.));
#2677=CARTESIAN_POINT('',(-41.0615514771742,-0.0611604100723417,3.));
#2678=CARTESIAN_POINT('',(-44.4476812160323,-12.3303953247531,3.));
#2679=CARTESIAN_POINT('Origin',(-48.8892338039436,-4.50271299798368,3.));
#2680=CARTESIAN_POINT('',(-44.4476812160323,-12.3303953247531,3.));
#2681=CARTESIAN_POINT('Origin',(-36.6199988892629,-7.88884273684172,3.));
#2682=CARTESIAN_POINT('',(-48.1659463402831,12.4594492217277,3.));
#2683=CARTESIAN_POINT('',(-48.1659463402831,12.4594492217277,3.));
#2684=CARTESIAN_POINT('',(-33.8536711882507,-12.764150194464,3.));
#2685=CARTESIAN_POINT('Origin',(-45.0670473121843,-14.9813648226163,3.));
#2686=CARTESIAN_POINT('',(-46.0540589983868,-13.241879861112,3.));
#2687=CARTESIAN_POINT('',(-46.8065322736886,-15.9683765088188,3.));
#2688=CARTESIAN_POINT('Origin',(-45.0670473121843,-14.9813648226163,3.));
#2689=CARTESIAN_POINT('',(-46.8065322736886,-15.9683765088188,3.));
#2690=CARTESIAN_POINT('',(-46.0540589983868,-13.241879861112,3.));
#2691=CARTESIAN_POINT('Origin',(-36.3063210337334,-34.4736888570385,3.));
#2692=CARTESIAN_POINT('',(-40.5134454434002,-27.0591569481512,3.));
#2693=CARTESIAN_POINT('',(-39.2836047958,-29.2265976597988,3.));
#2694=CARTESIAN_POINT('',(-40.5134454434002,-27.0591569481512,3.));
#2695=CARTESIAN_POINT('Origin',(-19.2047546649724,-14.9682637921703,3.));
#2696=CARTESIAN_POINT('',(-28.4052959074089,-37.6750918587723,3.));
#2697=CARTESIAN_POINT('Origin',(-19.2047546649724,-14.9682637921703,3.));
#2698=CARTESIAN_POINT('',(-28.4052959074089,-37.6750918587723,3.));
#2699=CARTESIAN_POINT('Origin',(-9.99408701075107,-45.1350984382894,3.));
#2700=CARTESIAN_POINT('',(-9.99408701075107,-45.1350984382894,3.));
#2701=CARTESIAN_POINT('',(-13.5563129990083,-43.6917261176945,3.));
#2702=CARTESIAN_POINT('',(-9.99408701075107,-45.1350984382894,3.));
#2703=CARTESIAN_POINT('Origin',(19.6675044541226,-29.5411575336201,3.));
#2704=CARTESIAN_POINT('',(19.1739986110213,-28.671415052868,3.));
#2705=CARTESIAN_POINT('',(19.1739986110213,-28.671415052868,3.));
#2706=CARTESIAN_POINT('',(20.6322513501147,-29.2779780764554,3.));
#2707=CARTESIAN_POINT('Origin',(19.6675044541226,-29.5411575336201,3.));
#2708=CARTESIAN_POINT('',(20.6322513501147,-29.2779780764554,3.));
#2709=CARTESIAN_POINT('Origin',(24.4912389340834,-28.2252602477967,3.));
#2710=CARTESIAN_POINT('',(25.3907781968792,-24.327718828557,3.));
#2711=CARTESIAN_POINT('Origin',(24.4912389340834,-28.2252602477967,3.));
#2712=CARTESIAN_POINT('',(25.3907781968792,-24.327718828557,3.));
#2713=CARTESIAN_POINT('Origin',(-8.88178419700125E-15,8.88178419700125E-15,
3.));
#2714=CARTESIAN_POINT('',(-15.,-55.,3.));
#2715=CARTESIAN_POINT('Origin',(-15.,-15.,3.));
#2716=CARTESIAN_POINT('',(15.,-55.,3.));
#2717=CARTESIAN_POINT('',(55.,-55.,3.));
#2718=CARTESIAN_POINT('',(51.0553571633862,-32.3208319609842,3.));
#2719=CARTESIAN_POINT('Origin',(15.,-15.,3.));
#2720=CARTESIAN_POINT('',(47.9279965225869,-27.3053670691172,3.));
#2721=CARTESIAN_POINT('Origin',(47.9005134115899,-30.8052591643981,3.));
#2722=CARTESIAN_POINT('',(39.8397145120051,-27.2418533532024,3.));
#2723=CARTESIAN_POINT('',(26.417859795507,-27.1364574401523,3.));
#2724=CARTESIAN_POINT('',(39.8397145120051,-9.24240829175767,3.));
#2725=CARTESIAN_POINT('Origin',(39.9103853688546,-18.2421308224801,3.));
#2726=CARTESIAN_POINT('',(51.527483110997,-9.15062939316065,3.));
#2727=CARTESIAN_POINT('',(19.9573715353911,-9.39853557340826,3.));
#2728=CARTESIAN_POINT('',(55.,-5.65073729787972,3.));
#2729=CARTESIAN_POINT('Origin',(51.5,-5.65073729787972,3.));
#2730=CARTESIAN_POINT('',(55.,1.19193726156255,3.));
#2731=CARTESIAN_POINT('',(55.,55.,3.));
#2732=CARTESIAN_POINT('',(42.9724695414361,1.19193726156255,3.));
#2733=CARTESIAN_POINT('',(21.4862347707181,1.19193726156255,3.));
#2734=CARTESIAN_POINT('',(42.9724695414361,15.,3.));
#2735=CARTESIAN_POINT('Origin',(42.9724695414361,8.09596863078127,3.));
#2736=CARTESIAN_POINT('',(55.,15.,3.));
#2737=CARTESIAN_POINT('',(27.5,15.,3.));
#2738=CARTESIAN_POINT('',(15.,55.,3.));
#2739=CARTESIAN_POINT('Origin',(15.,15.,3.));
#2740=CARTESIAN_POINT('',(-15.,55.,3.));
#2741=CARTESIAN_POINT('',(-55.,55.,3.));
#2742=CARTESIAN_POINT('Origin',(-15.,15.,3.));
#2743=CARTESIAN_POINT('',(-0.211102554073652,-42.0000006258488,3.));
#2744=CARTESIAN_POINT('Origin',(7.00000010430813,-42.0000006258488,3.));
#2745=CARTESIAN_POINT('',(36.5,38.15,3.));
#2746=CARTESIAN_POINT('Origin',(37.75,38.15,3.));
#2747=CARTESIAN_POINT('',(-39.,-38.15,3.));
#2748=CARTESIAN_POINT('Origin',(-37.75,-38.15,3.));
#2749=CARTESIAN_POINT('',(26.1564441872715,34.887314614691,3.));
#2750=CARTESIAN_POINT('',(14.9289162129463,42.6501487979016,3.));
#2751=CARTESIAN_POINT('',(25.4680441584628,35.3632818345083,3.));
#2752=CARTESIAN_POINT('',(20.6160279589799,50.8755217370532,3.));
#2753=CARTESIAN_POINT('Origin',(17.7724720859639,46.76283526748,3.));
#2754=CARTESIAN_POINT('',(31.8435559333052,43.1126875538426,3.));
#2755=CARTESIAN_POINT('',(25.5413919173336,47.4700718652652,3.));
#2756=CARTESIAN_POINT('Origin',(29.0000000602883,39.0000010842667,3.));
#2757=CARTESIAN_POINT('',(-10.3335535755338,37.850137112704,3.));
#2758=CARTESIAN_POINT('Origin',(-11.8335535755338,37.850137112704,3.));
#2759=CARTESIAN_POINT('',(-7.19347700720976,-36.5955837498217,3.));
#2760=CARTESIAN_POINT('Origin',(-6.44347700720977,-35.296545644145,3.));
#2761=CARTESIAN_POINT('',(18.1675610576893,-10.354494040992,3.));
#2762=CARTESIAN_POINT('Origin',(16.6675610576893,-10.354494040992,3.));
#2763=CARTESIAN_POINT('',(6.02158913732741,47.5201581489761,3.));
#2764=CARTESIAN_POINT('Origin',(4.52158913732741,47.5201581489761,3.));
#2765=CARTESIAN_POINT('',(-12.9128866451105,-18.4196688949726,3.));
#2766=CARTESIAN_POINT('Origin',(-14.4128866451105,-18.4196688949726,3.));
#2767=CARTESIAN_POINT('',(6.19111988859161,-29.1270951986588,3.));
#2768=CARTESIAN_POINT('Origin',(6.94111988859161,-27.8280570929821,3.));
#2769=CARTESIAN_POINT('',(34.5227037705504,-0.684473004719894,3.));
#2770=CARTESIAN_POINT('Origin',(33.0227037705505,-0.684473004719894,3.));
#2771=CARTESIAN_POINT('',(22.2777422063263,-45.9988557545842,3.));
#2772=CARTESIAN_POINT('Origin',(21.0277422063263,-45.9988557545842,3.));
#2773=CARTESIAN_POINT('',(-19.7777429500171,45.998856760827,3.));
#2774=CARTESIAN_POINT('Origin',(-21.0277429500171,45.998856760827,3.));
#2775=CARTESIAN_POINT('',(-44.748856629551,-21.0277420750503,3.));
#2776=CARTESIAN_POINT('Origin',(-45.998856629551,-21.0277420750503,3.));
#2777=CARTESIAN_POINT('',(-39.4,37.75,3.));
#2778=CARTESIAN_POINT('Origin',(-38.15,37.75,3.));
#2779=CARTESIAN_POINT('',(36.9,-37.75,3.));
#2780=CARTESIAN_POINT('Origin',(38.15,-37.75,3.));
#2781=CARTESIAN_POINT('',(25.7534034527536,27.8141630688486,3.));
#2782=CARTESIAN_POINT('Origin',(23.2632350477419,31.8591057525812,3.));
#2783=CARTESIAN_POINT('',(25.9030161253773,27.9062683913431,3.));
#2784=CARTESIAN_POINT('',(8.18463830667841,16.9983895703088,3.));
#2785=CARTESIAN_POINT('',(30.0823819459321,21.0847870212669,3.));
#2786=CARTESIAN_POINT('Origin',(28.0000000453871,24.5000008681999,3.));
#2787=CARTESIAN_POINT('',(14.4317006379738,11.5419891328835,3.));
#2788=CARTESIAN_POINT('',(31.7126840048713,-4.36331089371826,3.));
#2789=CARTESIAN_POINT('',(26.0134670040254,5.27591399015379,3.));
#2790=CARTESIAN_POINT('',(31.1849112409301,-6.41792908443931,3.));
#2791=CARTESIAN_POINT('Origin',(30.4214885275402,-5.12673360710817,3.));
#2792=CARTESIAN_POINT('',(22.2086172932707,-11.7251864300674,3.));
#2793=CARTESIAN_POINT('',(21.2523976297362,-12.2905538147497,3.));
#2794=CARTESIAN_POINT('',(20.4100677435868,-11.0055006025197,3.));
#2795=CARTESIAN_POINT('Origin',(21.7348490023334,-10.3019704919532,3.));
#2796=CARTESIAN_POINT('',(19.3171235751826,-8.94743381985911,3.));
#2797=CARTESIAN_POINT('',(16.251324784111,-3.17438626937171,3.));
#2798=CARTESIAN_POINT('',(14.088885271356,-11.8876056445545,3.));
#2799=CARTESIAN_POINT('Origin',(16.6675610576893,-10.354494040992,3.));
#2800=CARTESIAN_POINT('',(17.9532514818251,-18.7592541896774,3.));
#2801=CARTESIAN_POINT('',(9.85686791183951,-4.36219672945958,3.));
#2802=CARTESIAN_POINT('Origin',(27.9769535774171,-13.1222872482429,3.));
#2803=CARTESIAN_POINT('',(14.0891408440957,-31.5566449626989,3.));
#2804=CARTESIAN_POINT('',(19.3189233943204,-28.5891824047553,3.));
#2805=CARTESIAN_POINT('',(12.3850804392789,-31.0863491656352,3.));
#2806=CARTESIAN_POINT('Origin',(13.4722585402191,-30.4694668617587,3.));
#2807=CARTESIAN_POINT('',(-1.39868492952449,-6.79418230772648,3.));
#2808=CARTESIAN_POINT('',(4.51385273385755,-17.2142923161004,3.));
#2809=CARTESIAN_POINT('',(-20.8785268543592,-17.8473572708272,3.));
#2810=CARTESIAN_POINT('',(0.588443708195688,-5.66665362491375,3.));
#2811=CARTESIAN_POINT('',(-6.51511708774244,-43.1610750658843,3.));
#2812=CARTESIAN_POINT('',(-22.1663130273172,-15.5777947997767,3.));
#2813=CARTESIAN_POINT('',(5.21193251239511,-36.5069589015212,3.));
#2814=CARTESIAN_POINT('',(-26.6630996809578,-2.23913831603495,3.));
#2815=CARTESIAN_POINT('',(-32.6222745966639,21.2791780477708,3.));
#2816=CARTESIAN_POINT('Origin',(-11.8335535755338,37.850137112704,3.));
#2817=CARTESIAN_POINT('Origin',(-0.291344262703009,45.8362127558972,3.));
#2818=CARTESIAN_POINT('Origin',(27.9769535774171,-13.1222872482429,3.));
#2819=CARTESIAN_POINT('',(17.9532514818251,-18.7592541896774,3.));
#2820=CARTESIAN_POINT('Origin',(14.088885271356,-11.8876056445545,3.));
#2821=CARTESIAN_POINT('',(14.088885271356,-11.8876056445545,3.));
#2822=CARTESIAN_POINT('Origin',(21.7348490023334,-10.3019704919532,3.));
#2823=CARTESIAN_POINT('',(20.4100677435868,-11.0055006025197,3.));
#2824=CARTESIAN_POINT('',(22.2086172932707,-11.7251864300674,3.));
#2825=CARTESIAN_POINT('Origin',(30.4214885275402,-5.12673360710817,3.));
#2826=CARTESIAN_POINT('',(31.7126840048713,-4.36331089371827,3.));
#2827=CARTESIAN_POINT('',(31.1849112409301,-6.41792908443932,3.));
#2828=CARTESIAN_POINT('Origin',(30.4403128158882,-2.2113184314997,3.));
#2829=CARTESIAN_POINT('Origin',(16.6675610576893,-10.354494040992,3.));
#2830=CARTESIAN_POINT('',(19.3171235751826,-8.94743381985911,3.));
#2831=CARTESIAN_POINT('Origin',(21.1412229370516,-12.3823012297985,3.));
#2832=CARTESIAN_POINT('Origin',(51.5,-5.65073729787972,1.5));
#2833=CARTESIAN_POINT('',(55.,-5.65073729787972,1.5));
#2834=CARTESIAN_POINT('',(51.527483110997,-9.15062939316065,1.5));
#2835=CARTESIAN_POINT('Origin',(39.8397145120051,-9.24240829175767,3.));
#2836=CARTESIAN_POINT('',(39.8397145120051,-9.24240829175767,3.));
#2837=CARTESIAN_POINT('Origin',(47.9005134115899,-30.8052591643981,0.));
#2838=CARTESIAN_POINT('',(51.0553571633862,-32.3208319609842,0.));
#2839=CARTESIAN_POINT('',(47.9279965225869,-27.3053670691172,0.));
#2840=CARTESIAN_POINT('Origin',(15.,-15.,0.));
#2841=CARTESIAN_POINT('',(15.,-55.,0.));
#2842=CARTESIAN_POINT('Origin',(7.00000010430813,-42.0000006258488,2.77555756156289E-16));
#2843=CARTESIAN_POINT('',(-0.211102554073652,-42.0000006258488,2.77555756156289E-16));
#2844=CARTESIAN_POINT('Origin',(42.9724695414361,8.09596863078127,2.77555756156289E-16));
#2845=CARTESIAN_POINT('',(42.9724695414361,1.19193726156255,2.77555756156289E-16));
#2846=CARTESIAN_POINT('',(42.9724695414361,15.,2.77555756156289E-16));
#2847=CARTESIAN_POINT('Origin',(55.,15.,2.77555756156289E-16));
#2848=CARTESIAN_POINT('',(55.,15.,0.));
#2849=CARTESIAN_POINT('Origin',(42.9724695414361,1.19193726156255,2.77555756156289E-16));
#2850=CARTESIAN_POINT('',(55.,1.19193726156255,1.38777878078145E-16));
#2851=CARTESIAN_POINT('Origin',(55.,-55.,0.));
#2852=CARTESIAN_POINT('Origin',(38.15,-37.75,0.));
#2853=CARTESIAN_POINT('',(36.9,-37.75,0.));
#2854=CARTESIAN_POINT('Origin',(37.75,38.15,0.));
#2855=CARTESIAN_POINT('',(36.5,38.15,0.));
#2856=CARTESIAN_POINT('Origin',(-38.15,37.75,0.));
#2857=CARTESIAN_POINT('',(-39.4,37.75,0.));
#2858=CARTESIAN_POINT('Origin',(-37.75,-38.15,0.));
#2859=CARTESIAN_POINT('',(-39.,-38.15,0.));
#2860=CARTESIAN_POINT('Origin',(39.9103853688546,-18.2421308224801,3.));
#2861=CARTESIAN_POINT('',(39.8397145120051,-27.2418533532024,3.));
#2862=CARTESIAN_POINT('Origin',(53.0471682034484,-27.3455656694419,3.));
#2863=CARTESIAN_POINT('Origin',(20.6160279589799,50.8755217370532,3.));
#2864=CARTESIAN_POINT('',(31.8435559333052,43.1126875538426,3.));
#2865=CARTESIAN_POINT('',(20.6160279589799,50.8755217370532,3.));
#2866=CARTESIAN_POINT('Origin',(17.7724720859639,46.76283526748,3.));
#2867=CARTESIAN_POINT('',(14.9289162129463,42.6501487979016,3.));
#2868=CARTESIAN_POINT('Origin',(26.1564441872715,34.887314614691,3.));
#2869=CARTESIAN_POINT('',(26.1564441872715,34.887314614691,3.));
#2870=CARTESIAN_POINT('Origin',(29.0000000602883,39.0000010842667,3.));
#2871=CARTESIAN_POINT('Origin',(23.2632350477419,31.8591057525812,3.));
#2872=CARTESIAN_POINT('',(25.7534034527536,27.8141630688486,3.));
#2873=CARTESIAN_POINT('Origin',(21.7084607690211,25.3239946638369,3.));
#2874=CARTESIAN_POINT('',(25.9030161253773,27.9062683913431,3.));
#2875=CARTESIAN_POINT('Origin',(28.0000000453871,24.5000008681999,3.));
#2876=CARTESIAN_POINT('',(30.0823819459321,21.0847870212669,3.));
#2877=CARTESIAN_POINT('Origin',(30.0823819459321,21.0847870212669,3.));
#2878=CARTESIAN_POINT('Origin',(21.6616267700449,-27.2598949085608,3.));
#2879=CARTESIAN_POINT('',(14.0891408440957,-31.5566449626989,3.));
#2880=CARTESIAN_POINT('Origin',(13.4722585402191,-30.4694668617587,3.));
#2881=CARTESIAN_POINT('',(12.3850804392789,-31.0863491656352,3.));
#2882=CARTESIAN_POINT('Origin',(-0.291344262703009,45.8362127558972,3.));
#2883=CARTESIAN_POINT('Origin',(-11.8335535755338,37.850137112704,3.));
#2884=CARTESIAN_POINT('',(-10.3335535755338,37.850137112704,3.));
#2885=CARTESIAN_POINT('Origin',(-6.44347700720977,-35.296545644145,3.));
#2886=CARTESIAN_POINT('',(-7.19347700720976,-36.5955837498217,3.));
#2887=CARTESIAN_POINT('Origin',(16.6675610576893,-10.354494040992,3.));
#2888=CARTESIAN_POINT('',(18.1675610576893,-10.354494040992,3.));
#2889=CARTESIAN_POINT('Origin',(4.52158913732741,47.5201581489761,3.));
#2890=CARTESIAN_POINT('',(6.02158913732741,47.5201581489761,3.));
#2891=CARTESIAN_POINT('Origin',(-14.4128866451105,-18.4196688949726,3.));
#2892=CARTESIAN_POINT('',(-12.9128866451105,-18.4196688949726,3.));
#2893=CARTESIAN_POINT('Origin',(-11.8335535755338,37.850137112704,3.));
#2894=CARTESIAN_POINT('Origin',(-48.1659463402831,12.4594492217277,3.));
#2895=CARTESIAN_POINT('Origin',(-47.7935439598911,-14.2288915473145,3.));
#2896=CARTESIAN_POINT('Origin',(-6.51511708774244,-43.1610750658843,3.));
#2897=CARTESIAN_POINT('',(-6.51511708774244,-43.1610750658843,3.));
#2898=CARTESIAN_POINT('Origin',(-20.8785268543592,-17.8473572708272,3.));
#2899=CARTESIAN_POINT('',(-20.8785268543592,-17.8473572708272,3.));
#2900=CARTESIAN_POINT('Origin',(-1.39868492952449,-6.79418230772648,3.));
#2901=CARTESIAN_POINT('',(-1.39868492952449,-6.79418230772648,3.));
#2902=CARTESIAN_POINT('Origin',(13.0019627431555,-32.1735272665754,3.));
#2903=CARTESIAN_POINT('Origin',(31.6153097333738,-6.16345484664269,3.));
#2904=CARTESIAN_POINT('Origin',(6.94111988859161,-27.8280570929821,3.));
#2905=CARTESIAN_POINT('',(6.19111988859161,-29.1270951986588,3.));
#2906=CARTESIAN_POINT('Origin',(33.0227037705505,-0.684473004719894,3.));
#2907=CARTESIAN_POINT('',(34.5227037705505,-0.684473004719894,3.));
#2908=CARTESIAN_POINT('Origin',(21.0277422063263,-45.9988557545842,3.));
#2909=CARTESIAN_POINT('',(22.2777422063263,-45.9988557545842,3.));
#2910=CARTESIAN_POINT('Origin',(-21.0277429500171,45.998856760827,3.));
#2911=CARTESIAN_POINT('',(-19.7777429500171,45.998856760827,3.));
#2912=CARTESIAN_POINT('Origin',(-45.998856629551,-21.0277420750503,3.));
#2913=CARTESIAN_POINT('',(-44.748856629551,-21.0277420750503,3.));
#2914=CARTESIAN_POINT('Origin',(-15.,15.,0.));
#2915=CARTESIAN_POINT('',(-15.,55.,0.));
#2916=CARTESIAN_POINT('Origin',(55.,55.,0.));
#2917=CARTESIAN_POINT('',(15.,55.,0.));
#2918=CARTESIAN_POINT('Origin',(15.,15.,0.));
#2919=CARTESIAN_POINT('Origin',(-15.,-15.,0.));
#2920=CARTESIAN_POINT('',(-15.,-55.,0.));
#2921=CARTESIAN_POINT('Origin',(-55.,-55.,0.));
#2922=UNCERTAINTY_MEASURE_WITH_UNIT(LENGTH_MEASURE(0.01),#2926,
'DISTANCE_ACCURACY_VALUE',
'Maximum model space distance between geometric entities at asserted c
onnectivities');
#2923=UNCERTAINTY_MEASURE_WITH_UNIT(LENGTH_MEASURE(0.01),#2926,
'DISTANCE_ACCURACY_VALUE',
'Maximum model space distance between geometric entities at asserted c
onnectivities');
#2924=(
GEOMETRIC_REPRESENTATION_CONTEXT(3)
GLOBAL_UNCERTAINTY_ASSIGNED_CONTEXT((#2922))
GLOBAL_UNIT_ASSIGNED_CONTEXT((#2926,#2928,#2929))
REPRESENTATION_CONTEXT('','3D')
);
#2925=(
GEOMETRIC_REPRESENTATION_CONTEXT(3)
GLOBAL_UNCERTAINTY_ASSIGNED_CONTEXT((#2923))
GLOBAL_UNIT_ASSIGNED_CONTEXT((#2926,#2928,#2929))
REPRESENTATION_CONTEXT('','3D')
);
#2926=(
LENGTH_UNIT()
NAMED_UNIT(*)
SI_UNIT(.MILLI.,.METRE.)
);
#2927=(
LENGTH_UNIT()
NAMED_UNIT(*)
SI_UNIT($,.METRE.)
);
#2928=(
NAMED_UNIT(*)
PLANE_ANGLE_UNIT()
SI_UNIT($,.RADIAN.)
);
#2929=(
NAMED_UNIT(*)
SI_UNIT($,.STERADIAN.)
SOLID_ANGLE_UNIT()
);
#2930=SHAPE_DEFINITION_REPRESENTATION(#2931,#2932);
#2931=PRODUCT_DEFINITION_SHAPE('',$,#2934);
#2932=SHAPE_REPRESENTATION('',(#1726),#2924);
#2933=PRODUCT_DEFINITION_CONTEXT('part definition',#2938,'design');
#2934=PRODUCT_DEFINITION('ElectronicsPlate','ElectronicsPlate v26',#2935,
#2933);
#2935=PRODUCT_DEFINITION_FORMATION('',$,#2940);
#2936=PRODUCT_RELATED_PRODUCT_CATEGORY('ElectronicsPlate v26',
'ElectronicsPlate v26',(#2940));
#2937=APPLICATION_PROTOCOL_DEFINITION('international standard',
'automotive_design',2009,#2938);
#2938=APPLICATION_CONTEXT(
'Core Data for Automotive Mechanical Design Process');
#2939=PRODUCT_CONTEXT('part definition',#2938,'mechanical');
#2940=PRODUCT('ElectronicsPlate','ElectronicsPlate v26',$,(#2939));
#2941=PRESENTATION_STYLE_ASSIGNMENT((#2943));
#2942=PRESENTATION_STYLE_ASSIGNMENT((#2944));
#2943=SURFACE_STYLE_USAGE(.BOTH.,#2945);
#2944=SURFACE_STYLE_USAGE(.BOTH.,#2946);
#2945=SURFACE_SIDE_STYLE('',(#2947));
#2946=SURFACE_SIDE_STYLE('',(#2948));
#2947=SURFACE_STYLE_FILL_AREA(#2949);
#2948=SURFACE_STYLE_FILL_AREA(#2950);
#2949=FILL_AREA_STYLE('Steel - Satin',(#2951));
#2950=FILL_AREA_STYLE('Acrylic (Clear)',(#2952));
#2951=FILL_AREA_STYLE_COLOUR('Steel - Satin',#2953);
#2952=FILL_AREA_STYLE_COLOUR('Acrylic (Clear)',#2954);
#2953=COLOUR_RGB('Steel - Satin',0.627450980392157,0.627450980392157,0.627450980392157);
#2954=COLOUR_RGB('Acrylic (Clear)',0.964705882352941,0.964705882352941,
0.952941176470588);
ENDSEC;
END-ISO-10303-21;
