ISO-10303-21;
HEADER;
/* Generated by software containing ST-Developer
 * from STEP Tools, Inc. (www.steptools.com) 
 */

FILE_DESCRIPTION(
/* description */ (''),
/* implementation_level */ '2;1');

FILE_NAME(
/* name */ 'BearingPlate4_v9.step',
/* time_stamp */ '2026-08-21T09:18:14-04:00',
/* author */ (''),
/* organization */ (''),
/* preprocessor_version */ 'ST-DEVELOPER v20.1',
/* originating_system */ 'Autodesk Translation Framework v15.8.0.0',
/* authorisation */ '');

FILE_SCHEMA (('AUTOMOTIVE_DESIGN { 1 0 10303 214 3 1 1 }'));
ENDSEC;

DATA;
#10=MECHANICAL_DESIGN_GEOMETRIC_PRESENTATION_REPRESENTATION('',(#13),#2487);
#11=SHAPE_REPRESENTATION_RELATIONSHIP('SRR','None',#2494,#12);
#12=ADVANCED_BREP_SHAPE_REPRESENTATION('',(#14),#2486);
#13=STYLED_ITEM('',(#2504),#14);
#14=MANIFOLD_SOLID_BREP('Body1',#1487);
#15=CYLINDRICAL_SURFACE('',#1539,8.);
#16=CYLINDRICAL_SURFACE('',#1550,2.);
#17=CYLINDRICAL_SURFACE('',#1563,2.);
#18=CYLINDRICAL_SURFACE('',#1566,2.);
#19=CYLINDRICAL_SURFACE('',#1572,2.);
#20=CYLINDRICAL_SURFACE('',#1577,8.);
#21=CYLINDRICAL_SURFACE('',#1579,8.);
#22=CYLINDRICAL_SURFACE('',#1581,8.);
#23=CYLINDRICAL_SURFACE('',#1583,8.);
#24=CYLINDRICAL_SURFACE('',#1585,0.5);
#25=CYLINDRICAL_SURFACE('',#1586,1.5);
#26=CYLINDRICAL_SURFACE('',#1587,1.5);
#27=CYLINDRICAL_SURFACE('',#1588,1.5);
#28=CYLINDRICAL_SURFACE('',#1589,1.5);
#29=FACE_BOUND('',#213,.T.);
#30=FACE_BOUND('',#214,.T.);
#31=FACE_BOUND('',#215,.T.);
#32=FACE_BOUND('',#216,.T.);
#33=FACE_BOUND('',#217,.T.);
#34=FACE_BOUND('',#218,.T.);
#35=FACE_BOUND('',#219,.T.);
#36=FACE_BOUND('',#220,.T.);
#37=FACE_BOUND('',#222,.T.);
#38=FACE_BOUND('',#223,.T.);
#39=FACE_BOUND('',#224,.T.);
#40=FACE_BOUND('',#225,.T.);
#41=FACE_BOUND('',#226,.T.);
#42=FACE_BOUND('',#227,.T.);
#43=FACE_BOUND('',#228,.T.);
#44=CIRCLE('',#1510,2.);
#45=CIRCLE('',#1511,2.);
#46=CIRCLE('',#1512,8.);
#47=CIRCLE('',#1513,8.);
#48=CIRCLE('',#1514,8.);
#49=CIRCLE('',#1515,8.);
#50=CIRCLE('',#1516,8.);
#51=CIRCLE('',#1517,2.);
#52=CIRCLE('',#1518,2.);
#53=CIRCLE('',#1519,1.5);
#54=CIRCLE('',#1520,1.5);
#55=CIRCLE('',#1521,1.5);
#56=CIRCLE('',#1522,1.5);
#57=CIRCLE('',#1523,0.5);
#58=CIRCLE('',#1525,8.);
#59=CIRCLE('',#1526,8.);
#60=CIRCLE('',#1527,8.);
#61=CIRCLE('',#1528,8.);
#62=CIRCLE('',#1529,8.);
#63=CIRCLE('',#1530,2.);
#64=CIRCLE('',#1531,2.);
#65=CIRCLE('',#1532,2.);
#66=CIRCLE('',#1533,2.);
#67=CIRCLE('',#1534,1.5);
#68=CIRCLE('',#1535,1.5);
#69=CIRCLE('',#1536,1.5);
#70=CIRCLE('',#1537,1.5);
#71=CIRCLE('',#1538,0.5);
#72=PLANE('',#1501);
#73=PLANE('',#1502);
#74=PLANE('',#1503);
#75=PLANE('',#1504);
#76=PLANE('',#1505);
#77=PLANE('',#1506);
#78=PLANE('',#1507);
#79=PLANE('',#1508);
#80=PLANE('',#1509);
#81=PLANE('',#1524);
#82=PLANE('',#1540);
#83=PLANE('',#1541);
#84=PLANE('',#1542);
#85=PLANE('',#1543);
#86=PLANE('',#1544);
#87=PLANE('',#1545);
#88=PLANE('',#1546);
#89=PLANE('',#1547);
#90=PLANE('',#1548);
#91=PLANE('',#1549);
#92=PLANE('',#1551);
#93=PLANE('',#1552);
#94=PLANE('',#1553);
#95=PLANE('',#1554);
#96=PLANE('',#1555);
#97=PLANE('',#1556);
#98=PLANE('',#1557);
#99=PLANE('',#1558);
#100=PLANE('',#1559);
#101=PLANE('',#1560);
#102=PLANE('',#1561);
#103=PLANE('',#1562);
#104=PLANE('',#1564);
#105=PLANE('',#1565);
#106=PLANE('',#1567);
#107=PLANE('',#1568);
#108=PLANE('',#1569);
#109=PLANE('',#1570);
#110=PLANE('',#1571);
#111=PLANE('',#1573);
#112=PLANE('',#1574);
#113=PLANE('',#1575);
#114=PLANE('',#1576);
#115=PLANE('',#1578);
#116=PLANE('',#1580);
#117=PLANE('',#1582);
#118=PLANE('',#1584);
#119=PLANE('',#1590);
#120=PLANE('',#1591);
#121=PLANE('',#1592);
#122=PLANE('',#1593);
#123=PLANE('',#1594);
#124=PLANE('',#1595);
#125=FACE_OUTER_BOUND('',#198,.T.);
#126=FACE_OUTER_BOUND('',#199,.T.);
#127=FACE_OUTER_BOUND('',#200,.T.);
#128=FACE_OUTER_BOUND('',#201,.T.);
#129=FACE_OUTER_BOUND('',#202,.T.);
#130=FACE_OUTER_BOUND('',#203,.T.);
#131=FACE_OUTER_BOUND('',#204,.T.);
#132=FACE_OUTER_BOUND('',#205,.T.);
#133=FACE_OUTER_BOUND('',#206,.T.);
#134=FACE_OUTER_BOUND('',#207,.T.);
#135=FACE_OUTER_BOUND('',#208,.T.);
#136=FACE_OUTER_BOUND('',#209,.T.);
#137=FACE_OUTER_BOUND('',#210,.T.);
#138=FACE_OUTER_BOUND('',#211,.T.);
#139=FACE_OUTER_BOUND('',#212,.T.);
#140=FACE_OUTER_BOUND('',#221,.T.);
#141=FACE_OUTER_BOUND('',#229,.T.);
#142=FACE_OUTER_BOUND('',#230,.T.);
#143=FACE_OUTER_BOUND('',#231,.T.);
#144=FACE_OUTER_BOUND('',#232,.T.);
#145=FACE_OUTER_BOUND('',#233,.T.);
#146=FACE_OUTER_BOUND('',#234,.T.);
#147=FACE_OUTER_BOUND('',#235,.T.);
#148=FACE_OUTER_BOUND('',#236,.T.);
#149=FACE_OUTER_BOUND('',#237,.T.);
#150=FACE_OUTER_BOUND('',#238,.T.);
#151=FACE_OUTER_BOUND('',#239,.T.);
#152=FACE_OUTER_BOUND('',#240,.T.);
#153=FACE_OUTER_BOUND('',#241,.T.);
#154=FACE_OUTER_BOUND('',#242,.T.);
#155=FACE_OUTER_BOUND('',#243,.T.);
#156=FACE_OUTER_BOUND('',#244,.T.);
#157=FACE_OUTER_BOUND('',#245,.T.);
#158=FACE_OUTER_BOUND('',#246,.T.);
#159=FACE_OUTER_BOUND('',#247,.T.);
#160=FACE_OUTER_BOUND('',#248,.T.);
#161=FACE_OUTER_BOUND('',#249,.T.);
#162=FACE_OUTER_BOUND('',#250,.T.);
#163=FACE_OUTER_BOUND('',#251,.T.);
#164=FACE_OUTER_BOUND('',#252,.T.);
#165=FACE_OUTER_BOUND('',#253,.T.);
#166=FACE_OUTER_BOUND('',#254,.T.);
#167=FACE_OUTER_BOUND('',#255,.T.);
#168=FACE_OUTER_BOUND('',#256,.T.);
#169=FACE_OUTER_BOUND('',#257,.T.);
#170=FACE_OUTER_BOUND('',#258,.T.);
#171=FACE_OUTER_BOUND('',#259,.T.);
#172=FACE_OUTER_BOUND('',#260,.T.);
#173=FACE_OUTER_BOUND('',#261,.T.);
#174=FACE_OUTER_BOUND('',#262,.T.);
#175=FACE_OUTER_BOUND('',#263,.T.);
#176=FACE_OUTER_BOUND('',#264,.T.);
#177=FACE_OUTER_BOUND('',#265,.T.);
#178=FACE_OUTER_BOUND('',#266,.T.);
#179=FACE_OUTER_BOUND('',#267,.T.);
#180=FACE_OUTER_BOUND('',#268,.T.);
#181=FACE_OUTER_BOUND('',#269,.T.);
#182=FACE_OUTER_BOUND('',#270,.T.);
#183=FACE_OUTER_BOUND('',#271,.T.);
#184=FACE_OUTER_BOUND('',#272,.T.);
#185=FACE_OUTER_BOUND('',#273,.T.);
#186=FACE_OUTER_BOUND('',#274,.T.);
#187=FACE_OUTER_BOUND('',#275,.T.);
#188=FACE_OUTER_BOUND('',#276,.T.);
#189=FACE_OUTER_BOUND('',#277,.T.);
#190=FACE_OUTER_BOUND('',#278,.T.);
#191=FACE_OUTER_BOUND('',#279,.T.);
#192=FACE_OUTER_BOUND('',#280,.T.);
#193=FACE_OUTER_BOUND('',#281,.T.);
#194=FACE_OUTER_BOUND('',#282,.T.);
#195=FACE_OUTER_BOUND('',#283,.T.);
#196=FACE_OUTER_BOUND('',#284,.T.);
#197=FACE_OUTER_BOUND('',#285,.T.);
#198=EDGE_LOOP('',(#988,#989,#990,#991));
#199=EDGE_LOOP('',(#992,#993,#994,#995));
#200=EDGE_LOOP('',(#996,#997,#998,#999));
#201=EDGE_LOOP('',(#1000,#1001,#1002,#1003));
#202=EDGE_LOOP('',(#1004,#1005,#1006,#1007));
#203=EDGE_LOOP('',(#1008,#1009,#1010,#1011));
#204=EDGE_LOOP('',(#1012,#1013,#1014,#1015));
#205=EDGE_LOOP('',(#1016,#1017,#1018,#1019));
#206=EDGE_LOOP('',(#1020,#1021,#1022,#1023));
#207=EDGE_LOOP('',(#1024,#1025,#1026,#1027));
#208=EDGE_LOOP('',(#1028,#1029,#1030,#1031));
#209=EDGE_LOOP('',(#1032,#1033,#1034,#1035,#1036,#1037,#1038,#1039,#1040,
#1041,#1042));
#210=EDGE_LOOP('',(#1043,#1044,#1045,#1046));
#211=EDGE_LOOP('',(#1047,#1048,#1049,#1050));
#212=EDGE_LOOP('',(#1051,#1052,#1053,#1054,#1055,#1056,#1057,#1058,#1059,
#1060,#1061,#1062,#1063,#1064,#1065,#1066,#1067,#1068,#1069,#1070,#1071,
#1072,#1073,#1074,#1075,#1076,#1077,#1078,#1079,#1080));
#213=EDGE_LOOP('',(#1081,#1082,#1083,#1084,#1085,#1086,#1087,#1088,#1089,
#1090,#1091,#1092));
#214=EDGE_LOOP('',(#1093,#1094,#1095,#1096,#1097,#1098,#1099,#1100,#1101,
#1102,#1103,#1104));
#215=EDGE_LOOP('',(#1105));
#216=EDGE_LOOP('',(#1106));
#217=EDGE_LOOP('',(#1107));
#218=EDGE_LOOP('',(#1108));
#219=EDGE_LOOP('',(#1109));
#220=EDGE_LOOP('',(#1110,#1111,#1112,#1113,#1114,#1115,#1116,#1117,#1118,
#1119,#1120));
#221=EDGE_LOOP('',(#1121,#1122,#1123,#1124,#1125,#1126,#1127,#1128,#1129,
#1130,#1131,#1132,#1133,#1134,#1135,#1136,#1137,#1138,#1139,#1140,#1141,
#1142,#1143,#1144,#1145,#1146,#1147,#1148,#1149,#1150));
#222=EDGE_LOOP('',(#1151,#1152,#1153,#1154,#1155,#1156,#1157,#1158,#1159,
#1160,#1161,#1162));
#223=EDGE_LOOP('',(#1163,#1164,#1165,#1166,#1167,#1168,#1169,#1170,#1171,
#1172,#1173,#1174));
#224=EDGE_LOOP('',(#1175));
#225=EDGE_LOOP('',(#1176));
#226=EDGE_LOOP('',(#1177));
#227=EDGE_LOOP('',(#1178));
#228=EDGE_LOOP('',(#1179));
#229=EDGE_LOOP('',(#1180,#1181,#1182,#1183));
#230=EDGE_LOOP('',(#1184,#1185,#1186,#1187));
#231=EDGE_LOOP('',(#1188,#1189,#1190,#1191));
#232=EDGE_LOOP('',(#1192,#1193,#1194,#1195));
#233=EDGE_LOOP('',(#1196,#1197,#1198,#1199));
#234=EDGE_LOOP('',(#1200,#1201,#1202,#1203));
#235=EDGE_LOOP('',(#1204,#1205,#1206,#1207));
#236=EDGE_LOOP('',(#1208,#1209,#1210,#1211));
#237=EDGE_LOOP('',(#1212,#1213,#1214,#1215));
#238=EDGE_LOOP('',(#1216,#1217,#1218,#1219));
#239=EDGE_LOOP('',(#1220,#1221,#1222,#1223));
#240=EDGE_LOOP('',(#1224,#1225,#1226,#1227));
#241=EDGE_LOOP('',(#1228,#1229,#1230,#1231));
#242=EDGE_LOOP('',(#1232,#1233,#1234,#1235));
#243=EDGE_LOOP('',(#1236,#1237,#1238,#1239));
#244=EDGE_LOOP('',(#1240,#1241,#1242,#1243));
#245=EDGE_LOOP('',(#1244,#1245,#1246,#1247));
#246=EDGE_LOOP('',(#1248,#1249,#1250,#1251));
#247=EDGE_LOOP('',(#1252,#1253,#1254,#1255));
#248=EDGE_LOOP('',(#1256,#1257,#1258,#1259));
#249=EDGE_LOOP('',(#1260,#1261,#1262,#1263));
#250=EDGE_LOOP('',(#1264,#1265,#1266,#1267));
#251=EDGE_LOOP('',(#1268,#1269,#1270,#1271));
#252=EDGE_LOOP('',(#1272,#1273,#1274,#1275));
#253=EDGE_LOOP('',(#1276,#1277,#1278,#1279));
#254=EDGE_LOOP('',(#1280,#1281,#1282,#1283));
#255=EDGE_LOOP('',(#1284,#1285,#1286,#1287));
#256=EDGE_LOOP('',(#1288,#1289,#1290,#1291));
#257=EDGE_LOOP('',(#1292,#1293,#1294,#1295));
#258=EDGE_LOOP('',(#1296,#1297,#1298,#1299));
#259=EDGE_LOOP('',(#1300,#1301,#1302,#1303));
#260=EDGE_LOOP('',(#1304,#1305,#1306,#1307));
#261=EDGE_LOOP('',(#1308,#1309,#1310,#1311));
#262=EDGE_LOOP('',(#1312,#1313,#1314,#1315));
#263=EDGE_LOOP('',(#1316,#1317,#1318,#1319));
#264=EDGE_LOOP('',(#1320,#1321,#1322,#1323));
#265=EDGE_LOOP('',(#1324,#1325,#1326,#1327));
#266=EDGE_LOOP('',(#1328,#1329,#1330,#1331));
#267=EDGE_LOOP('',(#1332,#1333,#1334,#1335));
#268=EDGE_LOOP('',(#1336,#1337,#1338,#1339));
#269=EDGE_LOOP('',(#1340,#1341,#1342,#1343));
#270=EDGE_LOOP('',(#1344,#1345,#1346,#1347));
#271=EDGE_LOOP('',(#1348,#1349,#1350,#1351));
#272=EDGE_LOOP('',(#1352,#1353,#1354,#1355));
#273=EDGE_LOOP('',(#1356,#1357,#1358,#1359));
#274=EDGE_LOOP('',(#1360,#1361,#1362,#1363));
#275=EDGE_LOOP('',(#1364,#1365,#1366,#1367));
#276=EDGE_LOOP('',(#1368,#1369,#1370,#1371));
#277=EDGE_LOOP('',(#1372,#1373,#1374,#1375));
#278=EDGE_LOOP('',(#1376,#1377,#1378,#1379));
#279=EDGE_LOOP('',(#1380,#1381,#1382,#1383));
#280=EDGE_LOOP('',(#1384,#1385,#1386,#1387));
#281=EDGE_LOOP('',(#1388,#1389,#1390,#1391));
#282=EDGE_LOOP('',(#1392,#1393,#1394,#1395));
#283=EDGE_LOOP('',(#1396,#1397,#1398,#1399));
#284=EDGE_LOOP('',(#1400,#1401,#1402,#1403));
#285=EDGE_LOOP('',(#1404,#1405,#1406,#1407));
#286=LINE('',#1977,#456);
#287=LINE('',#1984,#457);
#288=LINE('',#2002,#458);
#289=LINE('',#2025,#459);
#290=LINE('',#2033,#460);
#291=LINE('',#2035,#461);
#292=LINE('',#2036,#462);
#293=LINE('',#2054,#463);
#294=LINE('',#2077,#464);
#295=LINE('',#2100,#465);
#296=LINE('',#2108,#466);
#297=LINE('',#2110,#467);
#298=LINE('',#2111,#468);
#299=LINE('',#2114,#469);
#300=LINE('',#2116,#470);
#301=LINE('',#2117,#471);
#302=LINE('',#2120,#472);
#303=LINE('',#2122,#473);
#304=LINE('',#2123,#474);
#305=LINE('',#2125,#475);
#306=LINE('',#2126,#476);
#307=LINE('',#2131,#477);
#308=LINE('',#2133,#478);
#309=LINE('',#2135,#479);
#310=LINE('',#2136,#480);
#311=LINE('',#2139,#481);
#312=LINE('',#2141,#482);
#313=LINE('',#2142,#483);
#314=LINE('',#2145,#484);
#315=LINE('',#2147,#485);
#316=LINE('',#2149,#486);
#317=LINE('',#2151,#487);
#318=LINE('',#2155,#488);
#319=LINE('',#2157,#489);
#320=LINE('',#2159,#490);
#321=LINE('',#2161,#491);
#322=LINE('',#2163,#492);
#323=LINE('',#2165,#493);
#324=LINE('',#2169,#494);
#325=LINE('',#2173,#495);
#326=LINE('',#2175,#496);
#327=LINE('',#2177,#497);
#328=LINE('',#2179,#498);
#329=LINE('',#2183,#499);
#330=LINE('',#2187,#500);
#331=LINE('',#2191,#501);
#332=LINE('',#2193,#502);
#333=LINE('',#2195,#503);
#334=LINE('',#2197,#504);
#335=LINE('',#2201,#505);
#336=LINE('',#2203,#506);
#337=LINE('',#2205,#507);
#338=LINE('',#2207,#508);
#339=LINE('',#2209,#509);
#340=LINE('',#2211,#510);
#341=LINE('',#2213,#511);
#342=LINE('',#2215,#512);
#343=LINE('',#2217,#513);
#344=LINE('',#2219,#514);
#345=LINE('',#2222,#515);
#346=LINE('',#2225,#516);
#347=LINE('',#2227,#517);
#348=LINE('',#2229,#518);
#349=LINE('',#2231,#519);
#350=LINE('',#2233,#520);
#351=LINE('',#2235,#521);
#352=LINE('',#2237,#522);
#353=LINE('',#2239,#523);
#354=LINE('',#2241,#524);
#355=LINE('',#2243,#525);
#356=LINE('',#2245,#526);
#357=LINE('',#2261,#527);
#358=LINE('',#2263,#528);
#359=LINE('',#2265,#529);
#360=LINE('',#2267,#530);
#361=LINE('',#2271,#531);
#362=LINE('',#2275,#532);
#363=LINE('',#2279,#533);
#364=LINE('',#2281,#534);
#365=LINE('',#2283,#535);
#366=LINE('',#2285,#536);
#367=LINE('',#2289,#537);
#368=LINE('',#2293,#538);
#369=LINE('',#2295,#539);
#370=LINE('',#2297,#540);
#371=LINE('',#2299,#541);
#372=LINE('',#2301,#542);
#373=LINE('',#2303,#543);
#374=LINE('',#2307,#544);
#375=LINE('',#2309,#545);
#376=LINE('',#2311,#546);
#377=LINE('',#2312,#547);
#378=LINE('',#2315,#548);
#379=LINE('',#2317,#549);
#380=LINE('',#2321,#550);
#381=LINE('',#2323,#551);
#382=LINE('',#2325,#552);
#383=LINE('',#2327,#553);
#384=LINE('',#2329,#554);
#385=LINE('',#2331,#555);
#386=LINE('',#2333,#556);
#387=LINE('',#2335,#557);
#388=LINE('',#2336,#558);
#389=LINE('',#2339,#559);
#390=LINE('',#2343,#560);
#391=LINE('',#2345,#561);
#392=LINE('',#2347,#562);
#393=LINE('',#2349,#563);
#394=LINE('',#2351,#564);
#395=LINE('',#2353,#565);
#396=LINE('',#2355,#566);
#397=LINE('',#2357,#567);
#398=LINE('',#2359,#568);
#399=LINE('',#2360,#569);
#400=LINE('',#2372,#570);
#401=LINE('',#2374,#571);
#402=LINE('',#2375,#572);
#403=LINE('',#2377,#573);
#404=LINE('',#2379,#574);
#405=LINE('',#2381,#575);
#406=LINE('',#2383,#576);
#407=LINE('',#2385,#577);
#408=LINE('',#2387,#578);
#409=LINE('',#2389,#579);
#410=LINE('',#2391,#580);
#411=LINE('',#2393,#581);
#412=LINE('',#2395,#582);
#413=LINE('',#2398,#583);
#414=LINE('',#2399,#584);
#415=LINE('',#2401,#585);
#416=LINE('',#2403,#586);
#417=LINE('',#2405,#587);
#418=LINE('',#2407,#588);
#419=LINE('',#2409,#589);
#420=LINE('',#2411,#590);
#421=LINE('',#2413,#591);
#422=LINE('',#2415,#592);
#423=LINE('',#2417,#593);
#424=LINE('',#2419,#594);
#425=LINE('',#2422,#595);
#426=LINE('',#2423,#596);
#427=LINE('',#2425,#597);
#428=LINE('',#2427,#598);
#429=LINE('',#2429,#599);
#430=LINE('',#2431,#600);
#431=LINE('',#2433,#601);
#432=LINE('',#2435,#602);
#433=LINE('',#2437,#603);
#434=LINE('',#2439,#604);
#435=LINE('',#2441,#605);
#436=LINE('',#2443,#606);
#437=LINE('',#2445,#607);
#438=LINE('',#2448,#608);
#439=LINE('',#2449,#609);
#440=LINE('',#2451,#610);
#441=LINE('',#2453,#611);
#442=LINE('',#2455,#612);
#443=LINE('',#2457,#613);
#444=LINE('',#2459,#614);
#445=LINE('',#2461,#615);
#446=LINE('',#2463,#616);
#447=LINE('',#2465,#617);
#448=LINE('',#2467,#618);
#449=LINE('',#2469,#619);
#450=LINE('',#2471,#620);
#451=LINE('',#2473,#621);
#452=LINE('',#2475,#622);
#453=LINE('',#2477,#623);
#454=LINE('',#2479,#624);
#455=LINE('',#2482,#625);
#456=VECTOR('',#1598,10.);
#457=VECTOR('',#1599,10.);
#458=VECTOR('',#1600,10.);
#459=VECTOR('',#1601,10.);
#460=VECTOR('',#1604,10.);
#461=VECTOR('',#1605,10.);
#462=VECTOR('',#1606,10.);
#463=VECTOR('',#1607,10.);
#464=VECTOR('',#1608,10.);
#465=VECTOR('',#1609,10.);
#466=VECTOR('',#1612,10.);
#467=VECTOR('',#1613,10.);
#468=VECTOR('',#1614,10.);
#469=VECTOR('',#1617,10.);
#470=VECTOR('',#1618,10.);
#471=VECTOR('',#1619,10.);
#472=VECTOR('',#1622,10.);
#473=VECTOR('',#1623,10.);
#474=VECTOR('',#1624,10.);
#475=VECTOR('',#1627,10.);
#476=VECTOR('',#1628,10.);
#477=VECTOR('',#1633,10.);
#478=VECTOR('',#1634,10.);
#479=VECTOR('',#1635,10.);
#480=VECTOR('',#1636,10.);
#481=VECTOR('',#1639,10.);
#482=VECTOR('',#1640,10.);
#483=VECTOR('',#1641,10.);
#484=VECTOR('',#1644,10.);
#485=VECTOR('',#1645,10.);
#486=VECTOR('',#1646,10.);
#487=VECTOR('',#1647,10.);
#488=VECTOR('',#1650,10.);
#489=VECTOR('',#1651,10.);
#490=VECTOR('',#1652,10.);
#491=VECTOR('',#1653,10.);
#492=VECTOR('',#1654,10.);
#493=VECTOR('',#1655,10.);
#494=VECTOR('',#1658,10.);
#495=VECTOR('',#1661,10.);
#496=VECTOR('',#1662,10.);
#497=VECTOR('',#1663,10.);
#498=VECTOR('',#1664,10.);
#499=VECTOR('',#1667,10.);
#500=VECTOR('',#1670,10.);
#501=VECTOR('',#1673,10.);
#502=VECTOR('',#1674,10.);
#503=VECTOR('',#1675,10.);
#504=VECTOR('',#1676,10.);
#505=VECTOR('',#1679,10.);
#506=VECTOR('',#1680,10.);
#507=VECTOR('',#1681,10.);
#508=VECTOR('',#1682,10.);
#509=VECTOR('',#1683,10.);
#510=VECTOR('',#1684,10.);
#511=VECTOR('',#1685,10.);
#512=VECTOR('',#1686,10.);
#513=VECTOR('',#1687,10.);
#514=VECTOR('',#1688,10.);
#515=VECTOR('',#1691,10.);
#516=VECTOR('',#1692,10.);
#517=VECTOR('',#1693,10.);
#518=VECTOR('',#1694,10.);
#519=VECTOR('',#1695,10.);
#520=VECTOR('',#1696,10.);
#521=VECTOR('',#1697,10.);
#522=VECTOR('',#1698,10.);
#523=VECTOR('',#1699,10.);
#524=VECTOR('',#1700,10.);
#525=VECTOR('',#1701,10.);
#526=VECTOR('',#1702,10.);
#527=VECTOR('',#1719,10.);
#528=VECTOR('',#1720,10.);
#529=VECTOR('',#1721,10.);
#530=VECTOR('',#1722,10.);
#531=VECTOR('',#1725,10.);
#532=VECTOR('',#1728,10.);
#533=VECTOR('',#1731,10.);
#534=VECTOR('',#1732,10.);
#535=VECTOR('',#1733,10.);
#536=VECTOR('',#1734,10.);
#537=VECTOR('',#1737,10.);
#538=VECTOR('',#1740,10.);
#539=VECTOR('',#1741,10.);
#540=VECTOR('',#1742,10.);
#541=VECTOR('',#1743,10.);
#542=VECTOR('',#1744,10.);
#543=VECTOR('',#1745,10.);
#544=VECTOR('',#1748,10.);
#545=VECTOR('',#1749,10.);
#546=VECTOR('',#1750,10.);
#547=VECTOR('',#1751,10.);
#548=VECTOR('',#1752,10.);
#549=VECTOR('',#1753,10.);
#550=VECTOR('',#1756,10.);
#551=VECTOR('',#1757,10.);
#552=VECTOR('',#1758,10.);
#553=VECTOR('',#1759,10.);
#554=VECTOR('',#1760,10.);
#555=VECTOR('',#1761,10.);
#556=VECTOR('',#1762,10.);
#557=VECTOR('',#1763,10.);
#558=VECTOR('',#1764,10.);
#559=VECTOR('',#1765,10.);
#560=VECTOR('',#1768,10.);
#561=VECTOR('',#1769,10.);
#562=VECTOR('',#1770,10.);
#563=VECTOR('',#1771,10.);
#564=VECTOR('',#1772,10.);
#565=VECTOR('',#1773,10.);
#566=VECTOR('',#1774,10.);
#567=VECTOR('',#1775,10.);
#568=VECTOR('',#1776,10.);
#569=VECTOR('',#1777,10.);
#570=VECTOR('',#1790,10.);
#571=VECTOR('',#1793,10.);
#572=VECTOR('',#1794,10.);
#573=VECTOR('',#1797,10.);
#574=VECTOR('',#1800,10.);
#575=VECTOR('',#1803,10.);
#576=VECTOR('',#1806,10.);
#577=VECTOR('',#1809,10.);
#578=VECTOR('',#1812,10.);
#579=VECTOR('',#1815,10.);
#580=VECTOR('',#1818,10.);
#581=VECTOR('',#1821,10.);
#582=VECTOR('',#1824,10.);
#583=VECTOR('',#1829,10.);
#584=VECTOR('',#1830,10.);
#585=VECTOR('',#1833,10.);
#586=VECTOR('',#1836,10.);
#587=VECTOR('',#1839,10.);
#588=VECTOR('',#1842,10.);
#589=VECTOR('',#1845,10.);
#590=VECTOR('',#1848,10.);
#591=VECTOR('',#1851,10.);
#592=VECTOR('',#1854,10.);
#593=VECTOR('',#1857,10.);
#594=VECTOR('',#1860,10.);
#595=VECTOR('',#1865,10.);
#596=VECTOR('',#1866,10.);
#597=VECTOR('',#1869,10.);
#598=VECTOR('',#1872,10.);
#599=VECTOR('',#1875,10.);
#600=VECTOR('',#1878,10.);
#601=VECTOR('',#1881,10.);
#602=VECTOR('',#1884,10.);
#603=VECTOR('',#1887,10.);
#604=VECTOR('',#1890,10.);
#605=VECTOR('',#1893,10.);
#606=VECTOR('',#1896,10.);
#607=VECTOR('',#1899,10.);
#608=VECTOR('',#1904,10.);
#609=VECTOR('',#1905,10.);
#610=VECTOR('',#1908,10.);
#611=VECTOR('',#1911,10.);
#612=VECTOR('',#1914,10.);
#613=VECTOR('',#1917,10.);
#614=VECTOR('',#1920,10.);
#615=VECTOR('',#1923,10.);
#616=VECTOR('',#1926,10.);
#617=VECTOR('',#1929,0.5);
#618=VECTOR('',#1932,1.5);
#619=VECTOR('',#1935,1.5);
#620=VECTOR('',#1938,1.5);
#621=VECTOR('',#1941,1.5);
#622=VECTOR('',#1944,10.);
#623=VECTOR('',#1947,10.);
#624=VECTOR('',#1950,10.);
#625=VECTOR('',#1955,10.);
#626=B_SPLINE_CURVE_WITH_KNOTS('',3,(#1971,#1972,#1973,#1974,#1975),
 .UNSPECIFIED.,.F.,.F.,(4,1,4),(0.,0.0666458660314137,0.126396434518568),
 .UNSPECIFIED.);
#627=B_SPLINE_CURVE_WITH_KNOTS('',3,(#1979,#1980,#1981,#1982,#1983),
 .UNSPECIFIED.,.F.,.F.,(4,1,4),(0.,0.0666458660314137,0.126396434518568),
 .UNSPECIFIED.);
#628=B_SPLINE_CURVE_WITH_KNOTS('',3,(#1996,#1997,#1998,#1999,#2000),
 .UNSPECIFIED.,.F.,.F.,(4,1,4),(0.,0.069113347666503,0.138834961676644),
 .UNSPECIFIED.);
#629=B_SPLINE_CURVE_WITH_KNOTS('',3,(#2003,#2004,#2005,#2006,#2007),
 .UNSPECIFIED.,.F.,.F.,(4,1,4),(0.,0.069113347666503,0.138834961676644),
 .UNSPECIFIED.);
#630=B_SPLINE_CURVE_WITH_KNOTS('',3,(#2019,#2020,#2021,#2022,#2023),
 .UNSPECIFIED.,.F.,.F.,(4,1,4),(0.,0.0523584946633786,0.11575122114849),
 .UNSPECIFIED.);
#631=B_SPLINE_CURVE_WITH_KNOTS('',3,(#2026,#2027,#2028,#2029,#2030),
 .UNSPECIFIED.,.F.,.F.,(4,1,4),(0.,0.0523584946633786,0.11575122114849),
 .UNSPECIFIED.);
#632=B_SPLINE_CURVE_WITH_KNOTS('',3,(#2048,#2049,#2050,#2051,#2052),
 .UNSPECIFIED.,.F.,.F.,(4,1,4),(0.,0.05396019138461,0.111723268782615),
 .UNSPECIFIED.);
#633=B_SPLINE_CURVE_WITH_KNOTS('',3,(#2055,#2056,#2057,#2058,#2059),
 .UNSPECIFIED.,.F.,.F.,(4,1,4),(0.,0.05396019138461,0.111723268782615),
 .UNSPECIFIED.);
#634=B_SPLINE_CURVE_WITH_KNOTS('',3,(#2071,#2072,#2073,#2074,#2075),
 .UNSPECIFIED.,.F.,.F.,(4,1,4),(0.,0.0760094100557158,0.150492891854371),
 .UNSPECIFIED.);
#635=B_SPLINE_CURVE_WITH_KNOTS('',3,(#2078,#2079,#2080,#2081,#2082),
 .UNSPECIFIED.,.F.,.F.,(4,1,4),(0.,0.0760094100557158,0.150492891854371),
 .UNSPECIFIED.);
#636=B_SPLINE_CURVE_WITH_KNOTS('',3,(#2094,#2095,#2096,#2097,#2098),
 .UNSPECIFIED.,.F.,.F.,(4,1,4),(0.,0.0607225177271271,0.132178722149172),
 .UNSPECIFIED.);
#637=B_SPLINE_CURVE_WITH_KNOTS('',3,(#2101,#2102,#2103,#2104,#2105),
 .UNSPECIFIED.,.F.,.F.,(4,1,4),(0.,0.0607225177271271,0.132178722149172),
 .UNSPECIFIED.);
#638=VERTEX_POINT('',#1969);
#639=VERTEX_POINT('',#1970);
#640=VERTEX_POINT('',#1976);
#641=VERTEX_POINT('',#1978);
#642=VERTEX_POINT('',#1995);
#643=VERTEX_POINT('',#2001);
#644=VERTEX_POINT('',#2018);
#645=VERTEX_POINT('',#2024);
#646=VERTEX_POINT('',#2032);
#647=VERTEX_POINT('',#2034);
#648=VERTEX_POINT('',#2047);
#649=VERTEX_POINT('',#2053);
#650=VERTEX_POINT('',#2070);
#651=VERTEX_POINT('',#2076);
#652=VERTEX_POINT('',#2093);
#653=VERTEX_POINT('',#2099);
#654=VERTEX_POINT('',#2107);
#655=VERTEX_POINT('',#2109);
#656=VERTEX_POINT('',#2113);
#657=VERTEX_POINT('',#2115);
#658=VERTEX_POINT('',#2119);
#659=VERTEX_POINT('',#2121);
#660=VERTEX_POINT('',#2129);
#661=VERTEX_POINT('',#2130);
#662=VERTEX_POINT('',#2132);
#663=VERTEX_POINT('',#2134);
#664=VERTEX_POINT('',#2138);
#665=VERTEX_POINT('',#2140);
#666=VERTEX_POINT('',#2144);
#667=VERTEX_POINT('',#2146);
#668=VERTEX_POINT('',#2148);
#669=VERTEX_POINT('',#2150);
#670=VERTEX_POINT('',#2152);
#671=VERTEX_POINT('',#2154);
#672=VERTEX_POINT('',#2156);
#673=VERTEX_POINT('',#2158);
#674=VERTEX_POINT('',#2160);
#675=VERTEX_POINT('',#2162);
#676=VERTEX_POINT('',#2164);
#677=VERTEX_POINT('',#2166);
#678=VERTEX_POINT('',#2168);
#679=VERTEX_POINT('',#2170);
#680=VERTEX_POINT('',#2172);
#681=VERTEX_POINT('',#2174);
#682=VERTEX_POINT('',#2176);
#683=VERTEX_POINT('',#2178);
#684=VERTEX_POINT('',#2180);
#685=VERTEX_POINT('',#2182);
#686=VERTEX_POINT('',#2184);
#687=VERTEX_POINT('',#2186);
#688=VERTEX_POINT('',#2188);
#689=VERTEX_POINT('',#2190);
#690=VERTEX_POINT('',#2192);
#691=VERTEX_POINT('',#2194);
#692=VERTEX_POINT('',#2196);
#693=VERTEX_POINT('',#2199);
#694=VERTEX_POINT('',#2200);
#695=VERTEX_POINT('',#2202);
#696=VERTEX_POINT('',#2204);
#697=VERTEX_POINT('',#2206);
#698=VERTEX_POINT('',#2208);
#699=VERTEX_POINT('',#2210);
#700=VERTEX_POINT('',#2212);
#701=VERTEX_POINT('',#2214);
#702=VERTEX_POINT('',#2216);
#703=VERTEX_POINT('',#2218);
#704=VERTEX_POINT('',#2220);
#705=VERTEX_POINT('',#2223);
#706=VERTEX_POINT('',#2224);
#707=VERTEX_POINT('',#2226);
#708=VERTEX_POINT('',#2228);
#709=VERTEX_POINT('',#2230);
#710=VERTEX_POINT('',#2232);
#711=VERTEX_POINT('',#2234);
#712=VERTEX_POINT('',#2236);
#713=VERTEX_POINT('',#2238);
#714=VERTEX_POINT('',#2240);
#715=VERTEX_POINT('',#2242);
#716=VERTEX_POINT('',#2244);
#717=VERTEX_POINT('',#2247);
#718=VERTEX_POINT('',#2249);
#719=VERTEX_POINT('',#2251);
#720=VERTEX_POINT('',#2253);
#721=VERTEX_POINT('',#2255);
#722=VERTEX_POINT('',#2258);
#723=VERTEX_POINT('',#2260);
#724=VERTEX_POINT('',#2262);
#725=VERTEX_POINT('',#2264);
#726=VERTEX_POINT('',#2266);
#727=VERTEX_POINT('',#2268);
#728=VERTEX_POINT('',#2270);
#729=VERTEX_POINT('',#2272);
#730=VERTEX_POINT('',#2274);
#731=VERTEX_POINT('',#2276);
#732=VERTEX_POINT('',#2278);
#733=VERTEX_POINT('',#2280);
#734=VERTEX_POINT('',#2282);
#735=VERTEX_POINT('',#2284);
#736=VERTEX_POINT('',#2286);
#737=VERTEX_POINT('',#2288);
#738=VERTEX_POINT('',#2290);
#739=VERTEX_POINT('',#2292);
#740=VERTEX_POINT('',#2294);
#741=VERTEX_POINT('',#2296);
#742=VERTEX_POINT('',#2298);
#743=VERTEX_POINT('',#2300);
#744=VERTEX_POINT('',#2302);
#745=VERTEX_POINT('',#2304);
#746=VERTEX_POINT('',#2306);
#747=VERTEX_POINT('',#2308);
#748=VERTEX_POINT('',#2310);
#749=VERTEX_POINT('',#2313);
#750=VERTEX_POINT('',#2314);
#751=VERTEX_POINT('',#2316);
#752=VERTEX_POINT('',#2318);
#753=VERTEX_POINT('',#2320);
#754=VERTEX_POINT('',#2322);
#755=VERTEX_POINT('',#2324);
#756=VERTEX_POINT('',#2326);
#757=VERTEX_POINT('',#2328);
#758=VERTEX_POINT('',#2330);
#759=VERTEX_POINT('',#2332);
#760=VERTEX_POINT('',#2334);
#761=VERTEX_POINT('',#2337);
#762=VERTEX_POINT('',#2338);
#763=VERTEX_POINT('',#2340);
#764=VERTEX_POINT('',#2342);
#765=VERTEX_POINT('',#2344);
#766=VERTEX_POINT('',#2346);
#767=VERTEX_POINT('',#2348);
#768=VERTEX_POINT('',#2350);
#769=VERTEX_POINT('',#2352);
#770=VERTEX_POINT('',#2354);
#771=VERTEX_POINT('',#2356);
#772=VERTEX_POINT('',#2358);
#773=VERTEX_POINT('',#2361);
#774=VERTEX_POINT('',#2363);
#775=VERTEX_POINT('',#2365);
#776=VERTEX_POINT('',#2367);
#777=VERTEX_POINT('',#2369);
#778=EDGE_CURVE('',#638,#639,#626,.T.);
#779=EDGE_CURVE('',#638,#640,#286,.T.);
#780=EDGE_CURVE('',#640,#641,#627,.T.);
#781=EDGE_CURVE('',#639,#641,#287,.T.);
#782=EDGE_CURVE('',#642,#638,#628,.T.);
#783=EDGE_CURVE('',#642,#643,#288,.T.);
#784=EDGE_CURVE('',#643,#640,#629,.T.);
#785=EDGE_CURVE('',#644,#642,#630,.T.);
#786=EDGE_CURVE('',#644,#645,#289,.T.);
#787=EDGE_CURVE('',#645,#643,#631,.T.);
#788=EDGE_CURVE('',#646,#644,#290,.T.);
#789=EDGE_CURVE('',#646,#647,#291,.T.);
#790=EDGE_CURVE('',#647,#645,#292,.T.);
#791=EDGE_CURVE('',#648,#646,#632,.T.);
#792=EDGE_CURVE('',#648,#649,#293,.T.);
#793=EDGE_CURVE('',#649,#647,#633,.T.);
#794=EDGE_CURVE('',#650,#648,#634,.T.);
#795=EDGE_CURVE('',#650,#651,#294,.T.);
#796=EDGE_CURVE('',#651,#649,#635,.T.);
#797=EDGE_CURVE('',#652,#650,#636,.T.);
#798=EDGE_CURVE('',#652,#653,#295,.T.);
#799=EDGE_CURVE('',#653,#651,#637,.T.);
#800=EDGE_CURVE('',#654,#652,#296,.T.);
#801=EDGE_CURVE('',#654,#655,#297,.T.);
#802=EDGE_CURVE('',#655,#653,#298,.T.);
#803=EDGE_CURVE('',#656,#654,#299,.T.);
#804=EDGE_CURVE('',#656,#657,#300,.T.);
#805=EDGE_CURVE('',#657,#655,#301,.T.);
#806=EDGE_CURVE('',#658,#656,#302,.T.);
#807=EDGE_CURVE('',#658,#659,#303,.T.);
#808=EDGE_CURVE('',#659,#657,#304,.T.);
#809=EDGE_CURVE('',#639,#658,#305,.T.);
#810=EDGE_CURVE('',#641,#659,#306,.T.);
#811=EDGE_CURVE('',#660,#661,#307,.T.);
#812=EDGE_CURVE('',#662,#660,#308,.T.);
#813=EDGE_CURVE('',#663,#662,#309,.T.);
#814=EDGE_CURVE('',#661,#663,#310,.T.);
#815=EDGE_CURVE('',#664,#661,#311,.T.);
#816=EDGE_CURVE('',#664,#665,#312,.T.);
#817=EDGE_CURVE('',#660,#665,#313,.T.);
#818=EDGE_CURVE('',#665,#666,#314,.T.);
#819=EDGE_CURVE('',#666,#667,#315,.T.);
#820=EDGE_CURVE('',#667,#668,#316,.T.);
#821=EDGE_CURVE('',#668,#669,#317,.T.);
#822=EDGE_CURVE('',#669,#670,#44,.T.);
#823=EDGE_CURVE('',#670,#671,#318,.T.);
#824=EDGE_CURVE('',#671,#672,#319,.T.);
#825=EDGE_CURVE('',#672,#673,#320,.T.);
#826=EDGE_CURVE('',#673,#674,#321,.T.);
#827=EDGE_CURVE('',#674,#675,#322,.T.);
#828=EDGE_CURVE('',#675,#676,#323,.T.);
#829=EDGE_CURVE('',#676,#677,#45,.T.);
#830=EDGE_CURVE('',#677,#678,#324,.T.);
#831=EDGE_CURVE('',#679,#678,#46,.T.);
#832=EDGE_CURVE('',#679,#680,#325,.T.);
#833=EDGE_CURVE('',#680,#681,#326,.T.);
#834=EDGE_CURVE('',#681,#682,#327,.T.);
#835=EDGE_CURVE('',#682,#683,#328,.T.);
#836=EDGE_CURVE('',#684,#683,#47,.T.);
#837=EDGE_CURVE('',#684,#685,#329,.T.);
#838=EDGE_CURVE('',#686,#685,#48,.T.);
#839=EDGE_CURVE('',#686,#687,#330,.T.);
#840=EDGE_CURVE('',#688,#687,#49,.T.);
#841=EDGE_CURVE('',#688,#689,#331,.T.);
#842=EDGE_CURVE('',#689,#690,#332,.T.);
#843=EDGE_CURVE('',#690,#691,#333,.T.);
#844=EDGE_CURVE('',#691,#692,#334,.T.);
#845=EDGE_CURVE('',#662,#692,#50,.T.);
#846=EDGE_CURVE('',#693,#694,#335,.T.);
#847=EDGE_CURVE('',#694,#695,#336,.T.);
#848=EDGE_CURVE('',#695,#696,#337,.T.);
#849=EDGE_CURVE('',#696,#697,#338,.T.);
#850=EDGE_CURVE('',#697,#698,#339,.T.);
#851=EDGE_CURVE('',#698,#699,#340,.T.);
#852=EDGE_CURVE('',#699,#700,#341,.T.);
#853=EDGE_CURVE('',#700,#701,#342,.T.);
#854=EDGE_CURVE('',#701,#702,#343,.T.);
#855=EDGE_CURVE('',#702,#703,#344,.T.);
#856=EDGE_CURVE('',#703,#704,#51,.T.);
#857=EDGE_CURVE('',#704,#693,#345,.T.);
#858=EDGE_CURVE('',#705,#706,#346,.T.);
#859=EDGE_CURVE('',#706,#707,#347,.T.);
#860=EDGE_CURVE('',#707,#708,#348,.T.);
#861=EDGE_CURVE('',#708,#709,#349,.T.);
#862=EDGE_CURVE('',#709,#710,#350,.T.);
#863=EDGE_CURVE('',#710,#711,#351,.T.);
#864=EDGE_CURVE('',#711,#712,#352,.T.);
#865=EDGE_CURVE('',#712,#713,#353,.T.);
#866=EDGE_CURVE('',#713,#714,#354,.T.);
#867=EDGE_CURVE('',#714,#715,#355,.T.);
#868=EDGE_CURVE('',#715,#716,#356,.T.);
#869=EDGE_CURVE('',#716,#705,#52,.T.);
#870=EDGE_CURVE('',#717,#717,#53,.T.);
#871=EDGE_CURVE('',#718,#718,#54,.T.);
#872=EDGE_CURVE('',#719,#719,#55,.T.);
#873=EDGE_CURVE('',#720,#720,#56,.T.);
#874=EDGE_CURVE('',#721,#721,#57,.T.);
#875=EDGE_CURVE('',#722,#663,#58,.T.);
#876=EDGE_CURVE('',#722,#723,#357,.T.);
#877=EDGE_CURVE('',#724,#723,#358,.T.);
#878=EDGE_CURVE('',#724,#725,#359,.T.);
#879=EDGE_CURVE('',#725,#726,#360,.T.);
#880=EDGE_CURVE('',#727,#726,#59,.T.);
#881=EDGE_CURVE('',#727,#728,#361,.T.);
#882=EDGE_CURVE('',#729,#728,#60,.T.);
#883=EDGE_CURVE('',#729,#730,#362,.T.);
#884=EDGE_CURVE('',#731,#730,#61,.T.);
#885=EDGE_CURVE('',#731,#732,#363,.T.);
#886=EDGE_CURVE('',#732,#733,#364,.T.);
#887=EDGE_CURVE('',#734,#733,#365,.T.);
#888=EDGE_CURVE('',#734,#735,#366,.T.);
#889=EDGE_CURVE('',#736,#735,#62,.T.);
#890=EDGE_CURVE('',#736,#737,#367,.T.);
#891=EDGE_CURVE('',#737,#738,#63,.T.);
#892=EDGE_CURVE('',#738,#739,#368,.T.);
#893=EDGE_CURVE('',#739,#740,#369,.T.);
#894=EDGE_CURVE('',#740,#741,#370,.T.);
#895=EDGE_CURVE('',#741,#742,#371,.T.);
#896=EDGE_CURVE('',#742,#743,#372,.T.);
#897=EDGE_CURVE('',#743,#744,#373,.T.);
#898=EDGE_CURVE('',#744,#745,#64,.T.);
#899=EDGE_CURVE('',#745,#746,#374,.T.);
#900=EDGE_CURVE('',#746,#747,#375,.T.);
#901=EDGE_CURVE('',#747,#748,#376,.T.);
#902=EDGE_CURVE('',#748,#664,#377,.T.);
#903=EDGE_CURVE('',#749,#750,#378,.T.);
#904=EDGE_CURVE('',#750,#751,#379,.T.);
#905=EDGE_CURVE('',#751,#752,#65,.T.);
#906=EDGE_CURVE('',#752,#753,#380,.T.);
#907=EDGE_CURVE('',#753,#754,#381,.T.);
#908=EDGE_CURVE('',#754,#755,#382,.T.);
#909=EDGE_CURVE('',#755,#756,#383,.T.);
#910=EDGE_CURVE('',#756,#757,#384,.T.);
#911=EDGE_CURVE('',#757,#758,#385,.T.);
#912=EDGE_CURVE('',#758,#759,#386,.T.);
#913=EDGE_CURVE('',#759,#760,#387,.T.);
#914=EDGE_CURVE('',#760,#749,#388,.T.);
#915=EDGE_CURVE('',#761,#762,#389,.T.);
#916=EDGE_CURVE('',#762,#763,#66,.T.);
#917=EDGE_CURVE('',#763,#764,#390,.T.);
#918=EDGE_CURVE('',#764,#765,#391,.T.);
#919=EDGE_CURVE('',#765,#766,#392,.T.);
#920=EDGE_CURVE('',#766,#767,#393,.T.);
#921=EDGE_CURVE('',#767,#768,#394,.T.);
#922=EDGE_CURVE('',#768,#769,#395,.T.);
#923=EDGE_CURVE('',#769,#770,#396,.T.);
#924=EDGE_CURVE('',#770,#771,#397,.T.);
#925=EDGE_CURVE('',#771,#772,#398,.T.);
#926=EDGE_CURVE('',#772,#761,#399,.T.);
#927=EDGE_CURVE('',#773,#773,#67,.T.);
#928=EDGE_CURVE('',#774,#774,#68,.T.);
#929=EDGE_CURVE('',#775,#775,#69,.T.);
#930=EDGE_CURVE('',#776,#776,#70,.T.);
#931=EDGE_CURVE('',#777,#777,#71,.T.);
#932=EDGE_CURVE('',#692,#722,#400,.T.);
#933=EDGE_CURVE('',#749,#694,#401,.T.);
#934=EDGE_CURVE('',#750,#693,#402,.T.);
#935=EDGE_CURVE('',#760,#695,#403,.T.);
#936=EDGE_CURVE('',#759,#696,#404,.T.);
#937=EDGE_CURVE('',#758,#697,#405,.T.);
#938=EDGE_CURVE('',#757,#698,#406,.T.);
#939=EDGE_CURVE('',#756,#699,#407,.T.);
#940=EDGE_CURVE('',#755,#700,#408,.T.);
#941=EDGE_CURVE('',#754,#701,#409,.T.);
#942=EDGE_CURVE('',#753,#702,#410,.T.);
#943=EDGE_CURVE('',#752,#703,#411,.T.);
#944=EDGE_CURVE('',#751,#704,#412,.T.);
#945=EDGE_CURVE('',#761,#706,#413,.T.);
#946=EDGE_CURVE('',#762,#705,#414,.T.);
#947=EDGE_CURVE('',#772,#707,#415,.T.);
#948=EDGE_CURVE('',#771,#708,#416,.T.);
#949=EDGE_CURVE('',#770,#709,#417,.T.);
#950=EDGE_CURVE('',#769,#710,#418,.T.);
#951=EDGE_CURVE('',#768,#711,#419,.T.);
#952=EDGE_CURVE('',#767,#712,#420,.T.);
#953=EDGE_CURVE('',#766,#713,#421,.T.);
#954=EDGE_CURVE('',#765,#714,#422,.T.);
#955=EDGE_CURVE('',#764,#715,#423,.T.);
#956=EDGE_CURVE('',#763,#716,#424,.T.);
#957=EDGE_CURVE('',#739,#675,#425,.T.);
#958=EDGE_CURVE('',#740,#674,#426,.T.);
#959=EDGE_CURVE('',#738,#676,#427,.T.);
#960=EDGE_CURVE('',#737,#677,#428,.T.);
#961=EDGE_CURVE('',#678,#736,#429,.T.);
#962=EDGE_CURVE('',#748,#666,#430,.T.);
#963=EDGE_CURVE('',#747,#667,#431,.T.);
#964=EDGE_CURVE('',#746,#668,#432,.T.);
#965=EDGE_CURVE('',#745,#669,#433,.T.);
#966=EDGE_CURVE('',#744,#670,#434,.T.);
#967=EDGE_CURVE('',#743,#671,#435,.T.);
#968=EDGE_CURVE('',#742,#672,#436,.T.);
#969=EDGE_CURVE('',#741,#673,#437,.T.);
#970=EDGE_CURVE('',#683,#731,#438,.T.);
#971=EDGE_CURVE('',#730,#684,#439,.T.);
#972=EDGE_CURVE('',#685,#729,#440,.T.);
#973=EDGE_CURVE('',#728,#686,#441,.T.);
#974=EDGE_CURVE('',#687,#727,#442,.T.);
#975=EDGE_CURVE('',#726,#688,#443,.T.);
#976=EDGE_CURVE('',#725,#689,#444,.T.);
#977=EDGE_CURVE('',#735,#679,#445,.T.);
#978=EDGE_CURVE('',#723,#691,#446,.T.);
#979=EDGE_CURVE('',#721,#777,#447,.T.);
#980=EDGE_CURVE('',#720,#776,#448,.T.);
#981=EDGE_CURVE('',#719,#775,#449,.T.);
#982=EDGE_CURVE('',#718,#774,#450,.T.);
#983=EDGE_CURVE('',#717,#773,#451,.T.);
#984=EDGE_CURVE('',#732,#682,#452,.T.);
#985=EDGE_CURVE('',#733,#681,#453,.T.);
#986=EDGE_CURVE('',#734,#680,#454,.T.);
#987=EDGE_CURVE('',#724,#690,#455,.T.);
#988=ORIENTED_EDGE('',*,*,#778,.F.);
#989=ORIENTED_EDGE('',*,*,#779,.T.);
#990=ORIENTED_EDGE('',*,*,#780,.T.);
#991=ORIENTED_EDGE('',*,*,#781,.F.);
#992=ORIENTED_EDGE('',*,*,#782,.F.);
#993=ORIENTED_EDGE('',*,*,#783,.T.);
#994=ORIENTED_EDGE('',*,*,#784,.T.);
#995=ORIENTED_EDGE('',*,*,#779,.F.);
#996=ORIENTED_EDGE('',*,*,#785,.F.);
#997=ORIENTED_EDGE('',*,*,#786,.T.);
#998=ORIENTED_EDGE('',*,*,#787,.T.);
#999=ORIENTED_EDGE('',*,*,#783,.F.);
#1000=ORIENTED_EDGE('',*,*,#788,.F.);
#1001=ORIENTED_EDGE('',*,*,#789,.T.);
#1002=ORIENTED_EDGE('',*,*,#790,.T.);
#1003=ORIENTED_EDGE('',*,*,#786,.F.);
#1004=ORIENTED_EDGE('',*,*,#791,.F.);
#1005=ORIENTED_EDGE('',*,*,#792,.T.);
#1006=ORIENTED_EDGE('',*,*,#793,.T.);
#1007=ORIENTED_EDGE('',*,*,#789,.F.);
#1008=ORIENTED_EDGE('',*,*,#794,.F.);
#1009=ORIENTED_EDGE('',*,*,#795,.T.);
#1010=ORIENTED_EDGE('',*,*,#796,.T.);
#1011=ORIENTED_EDGE('',*,*,#792,.F.);
#1012=ORIENTED_EDGE('',*,*,#797,.F.);
#1013=ORIENTED_EDGE('',*,*,#798,.T.);
#1014=ORIENTED_EDGE('',*,*,#799,.T.);
#1015=ORIENTED_EDGE('',*,*,#795,.F.);
#1016=ORIENTED_EDGE('',*,*,#800,.F.);
#1017=ORIENTED_EDGE('',*,*,#801,.T.);
#1018=ORIENTED_EDGE('',*,*,#802,.T.);
#1019=ORIENTED_EDGE('',*,*,#798,.F.);
#1020=ORIENTED_EDGE('',*,*,#803,.F.);
#1021=ORIENTED_EDGE('',*,*,#804,.T.);
#1022=ORIENTED_EDGE('',*,*,#805,.T.);
#1023=ORIENTED_EDGE('',*,*,#801,.F.);
#1024=ORIENTED_EDGE('',*,*,#806,.F.);
#1025=ORIENTED_EDGE('',*,*,#807,.T.);
#1026=ORIENTED_EDGE('',*,*,#808,.T.);
#1027=ORIENTED_EDGE('',*,*,#804,.F.);
#1028=ORIENTED_EDGE('',*,*,#809,.F.);
#1029=ORIENTED_EDGE('',*,*,#781,.T.);
#1030=ORIENTED_EDGE('',*,*,#810,.T.);
#1031=ORIENTED_EDGE('',*,*,#807,.F.);
#1032=ORIENTED_EDGE('',*,*,#810,.F.);
#1033=ORIENTED_EDGE('',*,*,#780,.F.);
#1034=ORIENTED_EDGE('',*,*,#784,.F.);
#1035=ORIENTED_EDGE('',*,*,#787,.F.);
#1036=ORIENTED_EDGE('',*,*,#790,.F.);
#1037=ORIENTED_EDGE('',*,*,#793,.F.);
#1038=ORIENTED_EDGE('',*,*,#796,.F.);
#1039=ORIENTED_EDGE('',*,*,#799,.F.);
#1040=ORIENTED_EDGE('',*,*,#802,.F.);
#1041=ORIENTED_EDGE('',*,*,#805,.F.);
#1042=ORIENTED_EDGE('',*,*,#808,.F.);
#1043=ORIENTED_EDGE('',*,*,#811,.F.);
#1044=ORIENTED_EDGE('',*,*,#812,.F.);
#1045=ORIENTED_EDGE('',*,*,#813,.F.);
#1046=ORIENTED_EDGE('',*,*,#814,.F.);
#1047=ORIENTED_EDGE('',*,*,#811,.T.);
#1048=ORIENTED_EDGE('',*,*,#815,.F.);
#1049=ORIENTED_EDGE('',*,*,#816,.T.);
#1050=ORIENTED_EDGE('',*,*,#817,.F.);
#1051=ORIENTED_EDGE('',*,*,#817,.T.);
#1052=ORIENTED_EDGE('',*,*,#818,.T.);
#1053=ORIENTED_EDGE('',*,*,#819,.T.);
#1054=ORIENTED_EDGE('',*,*,#820,.T.);
#1055=ORIENTED_EDGE('',*,*,#821,.T.);
#1056=ORIENTED_EDGE('',*,*,#822,.T.);
#1057=ORIENTED_EDGE('',*,*,#823,.T.);
#1058=ORIENTED_EDGE('',*,*,#824,.T.);
#1059=ORIENTED_EDGE('',*,*,#825,.T.);
#1060=ORIENTED_EDGE('',*,*,#826,.T.);
#1061=ORIENTED_EDGE('',*,*,#827,.T.);
#1062=ORIENTED_EDGE('',*,*,#828,.T.);
#1063=ORIENTED_EDGE('',*,*,#829,.T.);
#1064=ORIENTED_EDGE('',*,*,#830,.T.);
#1065=ORIENTED_EDGE('',*,*,#831,.F.);
#1066=ORIENTED_EDGE('',*,*,#832,.T.);
#1067=ORIENTED_EDGE('',*,*,#833,.T.);
#1068=ORIENTED_EDGE('',*,*,#834,.T.);
#1069=ORIENTED_EDGE('',*,*,#835,.T.);
#1070=ORIENTED_EDGE('',*,*,#836,.F.);
#1071=ORIENTED_EDGE('',*,*,#837,.T.);
#1072=ORIENTED_EDGE('',*,*,#838,.F.);
#1073=ORIENTED_EDGE('',*,*,#839,.T.);
#1074=ORIENTED_EDGE('',*,*,#840,.F.);
#1075=ORIENTED_EDGE('',*,*,#841,.T.);
#1076=ORIENTED_EDGE('',*,*,#842,.T.);
#1077=ORIENTED_EDGE('',*,*,#843,.T.);
#1078=ORIENTED_EDGE('',*,*,#844,.T.);
#1079=ORIENTED_EDGE('',*,*,#845,.F.);
#1080=ORIENTED_EDGE('',*,*,#812,.T.);
#1081=ORIENTED_EDGE('',*,*,#846,.T.);
#1082=ORIENTED_EDGE('',*,*,#847,.T.);
#1083=ORIENTED_EDGE('',*,*,#848,.T.);
#1084=ORIENTED_EDGE('',*,*,#849,.T.);
#1085=ORIENTED_EDGE('',*,*,#850,.T.);
#1086=ORIENTED_EDGE('',*,*,#851,.T.);
#1087=ORIENTED_EDGE('',*,*,#852,.T.);
#1088=ORIENTED_EDGE('',*,*,#853,.T.);
#1089=ORIENTED_EDGE('',*,*,#854,.T.);
#1090=ORIENTED_EDGE('',*,*,#855,.T.);
#1091=ORIENTED_EDGE('',*,*,#856,.T.);
#1092=ORIENTED_EDGE('',*,*,#857,.T.);
#1093=ORIENTED_EDGE('',*,*,#858,.T.);
#1094=ORIENTED_EDGE('',*,*,#859,.T.);
#1095=ORIENTED_EDGE('',*,*,#860,.T.);
#1096=ORIENTED_EDGE('',*,*,#861,.T.);
#1097=ORIENTED_EDGE('',*,*,#862,.T.);
#1098=ORIENTED_EDGE('',*,*,#863,.T.);
#1099=ORIENTED_EDGE('',*,*,#864,.T.);
#1100=ORIENTED_EDGE('',*,*,#865,.T.);
#1101=ORIENTED_EDGE('',*,*,#866,.T.);
#1102=ORIENTED_EDGE('',*,*,#867,.T.);
#1103=ORIENTED_EDGE('',*,*,#868,.T.);
#1104=ORIENTED_EDGE('',*,*,#869,.T.);
#1105=ORIENTED_EDGE('',*,*,#870,.T.);
#1106=ORIENTED_EDGE('',*,*,#871,.T.);
#1107=ORIENTED_EDGE('',*,*,#872,.T.);
#1108=ORIENTED_EDGE('',*,*,#873,.T.);
#1109=ORIENTED_EDGE('',*,*,#874,.T.);
#1110=ORIENTED_EDGE('',*,*,#778,.T.);
#1111=ORIENTED_EDGE('',*,*,#809,.T.);
#1112=ORIENTED_EDGE('',*,*,#806,.T.);
#1113=ORIENTED_EDGE('',*,*,#803,.T.);
#1114=ORIENTED_EDGE('',*,*,#800,.T.);
#1115=ORIENTED_EDGE('',*,*,#797,.T.);
#1116=ORIENTED_EDGE('',*,*,#794,.T.);
#1117=ORIENTED_EDGE('',*,*,#791,.T.);
#1118=ORIENTED_EDGE('',*,*,#788,.T.);
#1119=ORIENTED_EDGE('',*,*,#785,.T.);
#1120=ORIENTED_EDGE('',*,*,#782,.T.);
#1121=ORIENTED_EDGE('',*,*,#815,.T.);
#1122=ORIENTED_EDGE('',*,*,#814,.T.);
#1123=ORIENTED_EDGE('',*,*,#875,.F.);
#1124=ORIENTED_EDGE('',*,*,#876,.T.);
#1125=ORIENTED_EDGE('',*,*,#877,.F.);
#1126=ORIENTED_EDGE('',*,*,#878,.T.);
#1127=ORIENTED_EDGE('',*,*,#879,.T.);
#1128=ORIENTED_EDGE('',*,*,#880,.F.);
#1129=ORIENTED_EDGE('',*,*,#881,.T.);
#1130=ORIENTED_EDGE('',*,*,#882,.F.);
#1131=ORIENTED_EDGE('',*,*,#883,.T.);
#1132=ORIENTED_EDGE('',*,*,#884,.F.);
#1133=ORIENTED_EDGE('',*,*,#885,.T.);
#1134=ORIENTED_EDGE('',*,*,#886,.T.);
#1135=ORIENTED_EDGE('',*,*,#887,.F.);
#1136=ORIENTED_EDGE('',*,*,#888,.T.);
#1137=ORIENTED_EDGE('',*,*,#889,.F.);
#1138=ORIENTED_EDGE('',*,*,#890,.T.);
#1139=ORIENTED_EDGE('',*,*,#891,.T.);
#1140=ORIENTED_EDGE('',*,*,#892,.T.);
#1141=ORIENTED_EDGE('',*,*,#893,.T.);
#1142=ORIENTED_EDGE('',*,*,#894,.T.);
#1143=ORIENTED_EDGE('',*,*,#895,.T.);
#1144=ORIENTED_EDGE('',*,*,#896,.T.);
#1145=ORIENTED_EDGE('',*,*,#897,.T.);
#1146=ORIENTED_EDGE('',*,*,#898,.T.);
#1147=ORIENTED_EDGE('',*,*,#899,.T.);
#1148=ORIENTED_EDGE('',*,*,#900,.T.);
#1149=ORIENTED_EDGE('',*,*,#901,.T.);
#1150=ORIENTED_EDGE('',*,*,#902,.T.);
#1151=ORIENTED_EDGE('',*,*,#903,.T.);
#1152=ORIENTED_EDGE('',*,*,#904,.T.);
#1153=ORIENTED_EDGE('',*,*,#905,.T.);
#1154=ORIENTED_EDGE('',*,*,#906,.T.);
#1155=ORIENTED_EDGE('',*,*,#907,.T.);
#1156=ORIENTED_EDGE('',*,*,#908,.T.);
#1157=ORIENTED_EDGE('',*,*,#909,.T.);
#1158=ORIENTED_EDGE('',*,*,#910,.T.);
#1159=ORIENTED_EDGE('',*,*,#911,.T.);
#1160=ORIENTED_EDGE('',*,*,#912,.T.);
#1161=ORIENTED_EDGE('',*,*,#913,.T.);
#1162=ORIENTED_EDGE('',*,*,#914,.T.);
#1163=ORIENTED_EDGE('',*,*,#915,.T.);
#1164=ORIENTED_EDGE('',*,*,#916,.T.);
#1165=ORIENTED_EDGE('',*,*,#917,.T.);
#1166=ORIENTED_EDGE('',*,*,#918,.T.);
#1167=ORIENTED_EDGE('',*,*,#919,.T.);
#1168=ORIENTED_EDGE('',*,*,#920,.T.);
#1169=ORIENTED_EDGE('',*,*,#921,.T.);
#1170=ORIENTED_EDGE('',*,*,#922,.T.);
#1171=ORIENTED_EDGE('',*,*,#923,.T.);
#1172=ORIENTED_EDGE('',*,*,#924,.T.);
#1173=ORIENTED_EDGE('',*,*,#925,.T.);
#1174=ORIENTED_EDGE('',*,*,#926,.T.);
#1175=ORIENTED_EDGE('',*,*,#927,.F.);
#1176=ORIENTED_EDGE('',*,*,#928,.F.);
#1177=ORIENTED_EDGE('',*,*,#929,.F.);
#1178=ORIENTED_EDGE('',*,*,#930,.F.);
#1179=ORIENTED_EDGE('',*,*,#931,.F.);
#1180=ORIENTED_EDGE('',*,*,#813,.T.);
#1181=ORIENTED_EDGE('',*,*,#845,.T.);
#1182=ORIENTED_EDGE('',*,*,#932,.T.);
#1183=ORIENTED_EDGE('',*,*,#875,.T.);
#1184=ORIENTED_EDGE('',*,*,#903,.F.);
#1185=ORIENTED_EDGE('',*,*,#933,.T.);
#1186=ORIENTED_EDGE('',*,*,#846,.F.);
#1187=ORIENTED_EDGE('',*,*,#934,.F.);
#1188=ORIENTED_EDGE('',*,*,#914,.F.);
#1189=ORIENTED_EDGE('',*,*,#935,.T.);
#1190=ORIENTED_EDGE('',*,*,#847,.F.);
#1191=ORIENTED_EDGE('',*,*,#933,.F.);
#1192=ORIENTED_EDGE('',*,*,#913,.F.);
#1193=ORIENTED_EDGE('',*,*,#936,.T.);
#1194=ORIENTED_EDGE('',*,*,#848,.F.);
#1195=ORIENTED_EDGE('',*,*,#935,.F.);
#1196=ORIENTED_EDGE('',*,*,#912,.F.);
#1197=ORIENTED_EDGE('',*,*,#937,.T.);
#1198=ORIENTED_EDGE('',*,*,#849,.F.);
#1199=ORIENTED_EDGE('',*,*,#936,.F.);
#1200=ORIENTED_EDGE('',*,*,#911,.F.);
#1201=ORIENTED_EDGE('',*,*,#938,.T.);
#1202=ORIENTED_EDGE('',*,*,#850,.F.);
#1203=ORIENTED_EDGE('',*,*,#937,.F.);
#1204=ORIENTED_EDGE('',*,*,#910,.F.);
#1205=ORIENTED_EDGE('',*,*,#939,.T.);
#1206=ORIENTED_EDGE('',*,*,#851,.F.);
#1207=ORIENTED_EDGE('',*,*,#938,.F.);
#1208=ORIENTED_EDGE('',*,*,#909,.F.);
#1209=ORIENTED_EDGE('',*,*,#940,.T.);
#1210=ORIENTED_EDGE('',*,*,#852,.F.);
#1211=ORIENTED_EDGE('',*,*,#939,.F.);
#1212=ORIENTED_EDGE('',*,*,#908,.F.);
#1213=ORIENTED_EDGE('',*,*,#941,.T.);
#1214=ORIENTED_EDGE('',*,*,#853,.F.);
#1215=ORIENTED_EDGE('',*,*,#940,.F.);
#1216=ORIENTED_EDGE('',*,*,#907,.F.);
#1217=ORIENTED_EDGE('',*,*,#942,.T.);
#1218=ORIENTED_EDGE('',*,*,#854,.F.);
#1219=ORIENTED_EDGE('',*,*,#941,.F.);
#1220=ORIENTED_EDGE('',*,*,#906,.F.);
#1221=ORIENTED_EDGE('',*,*,#943,.T.);
#1222=ORIENTED_EDGE('',*,*,#855,.F.);
#1223=ORIENTED_EDGE('',*,*,#942,.F.);
#1224=ORIENTED_EDGE('',*,*,#905,.F.);
#1225=ORIENTED_EDGE('',*,*,#944,.T.);
#1226=ORIENTED_EDGE('',*,*,#856,.F.);
#1227=ORIENTED_EDGE('',*,*,#943,.F.);
#1228=ORIENTED_EDGE('',*,*,#904,.F.);
#1229=ORIENTED_EDGE('',*,*,#934,.T.);
#1230=ORIENTED_EDGE('',*,*,#857,.F.);
#1231=ORIENTED_EDGE('',*,*,#944,.F.);
#1232=ORIENTED_EDGE('',*,*,#915,.F.);
#1233=ORIENTED_EDGE('',*,*,#945,.T.);
#1234=ORIENTED_EDGE('',*,*,#858,.F.);
#1235=ORIENTED_EDGE('',*,*,#946,.F.);
#1236=ORIENTED_EDGE('',*,*,#926,.F.);
#1237=ORIENTED_EDGE('',*,*,#947,.T.);
#1238=ORIENTED_EDGE('',*,*,#859,.F.);
#1239=ORIENTED_EDGE('',*,*,#945,.F.);
#1240=ORIENTED_EDGE('',*,*,#925,.F.);
#1241=ORIENTED_EDGE('',*,*,#948,.T.);
#1242=ORIENTED_EDGE('',*,*,#860,.F.);
#1243=ORIENTED_EDGE('',*,*,#947,.F.);
#1244=ORIENTED_EDGE('',*,*,#924,.F.);
#1245=ORIENTED_EDGE('',*,*,#949,.T.);
#1246=ORIENTED_EDGE('',*,*,#861,.F.);
#1247=ORIENTED_EDGE('',*,*,#948,.F.);
#1248=ORIENTED_EDGE('',*,*,#923,.F.);
#1249=ORIENTED_EDGE('',*,*,#950,.T.);
#1250=ORIENTED_EDGE('',*,*,#862,.F.);
#1251=ORIENTED_EDGE('',*,*,#949,.F.);
#1252=ORIENTED_EDGE('',*,*,#922,.F.);
#1253=ORIENTED_EDGE('',*,*,#951,.T.);
#1254=ORIENTED_EDGE('',*,*,#863,.F.);
#1255=ORIENTED_EDGE('',*,*,#950,.F.);
#1256=ORIENTED_EDGE('',*,*,#921,.F.);
#1257=ORIENTED_EDGE('',*,*,#952,.T.);
#1258=ORIENTED_EDGE('',*,*,#864,.F.);
#1259=ORIENTED_EDGE('',*,*,#951,.F.);
#1260=ORIENTED_EDGE('',*,*,#920,.F.);
#1261=ORIENTED_EDGE('',*,*,#953,.T.);
#1262=ORIENTED_EDGE('',*,*,#865,.F.);
#1263=ORIENTED_EDGE('',*,*,#952,.F.);
#1264=ORIENTED_EDGE('',*,*,#919,.F.);
#1265=ORIENTED_EDGE('',*,*,#954,.T.);
#1266=ORIENTED_EDGE('',*,*,#866,.F.);
#1267=ORIENTED_EDGE('',*,*,#953,.F.);
#1268=ORIENTED_EDGE('',*,*,#918,.F.);
#1269=ORIENTED_EDGE('',*,*,#955,.T.);
#1270=ORIENTED_EDGE('',*,*,#867,.F.);
#1271=ORIENTED_EDGE('',*,*,#954,.F.);
#1272=ORIENTED_EDGE('',*,*,#917,.F.);
#1273=ORIENTED_EDGE('',*,*,#956,.T.);
#1274=ORIENTED_EDGE('',*,*,#868,.F.);
#1275=ORIENTED_EDGE('',*,*,#955,.F.);
#1276=ORIENTED_EDGE('',*,*,#916,.F.);
#1277=ORIENTED_EDGE('',*,*,#946,.T.);
#1278=ORIENTED_EDGE('',*,*,#869,.F.);
#1279=ORIENTED_EDGE('',*,*,#956,.F.);
#1280=ORIENTED_EDGE('',*,*,#893,.F.);
#1281=ORIENTED_EDGE('',*,*,#957,.T.);
#1282=ORIENTED_EDGE('',*,*,#827,.F.);
#1283=ORIENTED_EDGE('',*,*,#958,.F.);
#1284=ORIENTED_EDGE('',*,*,#892,.F.);
#1285=ORIENTED_EDGE('',*,*,#959,.T.);
#1286=ORIENTED_EDGE('',*,*,#828,.F.);
#1287=ORIENTED_EDGE('',*,*,#957,.F.);
#1288=ORIENTED_EDGE('',*,*,#891,.F.);
#1289=ORIENTED_EDGE('',*,*,#960,.T.);
#1290=ORIENTED_EDGE('',*,*,#829,.F.);
#1291=ORIENTED_EDGE('',*,*,#959,.F.);
#1292=ORIENTED_EDGE('',*,*,#890,.F.);
#1293=ORIENTED_EDGE('',*,*,#961,.F.);
#1294=ORIENTED_EDGE('',*,*,#830,.F.);
#1295=ORIENTED_EDGE('',*,*,#960,.F.);
#1296=ORIENTED_EDGE('',*,*,#902,.F.);
#1297=ORIENTED_EDGE('',*,*,#962,.T.);
#1298=ORIENTED_EDGE('',*,*,#818,.F.);
#1299=ORIENTED_EDGE('',*,*,#816,.F.);
#1300=ORIENTED_EDGE('',*,*,#901,.F.);
#1301=ORIENTED_EDGE('',*,*,#963,.T.);
#1302=ORIENTED_EDGE('',*,*,#819,.F.);
#1303=ORIENTED_EDGE('',*,*,#962,.F.);
#1304=ORIENTED_EDGE('',*,*,#900,.F.);
#1305=ORIENTED_EDGE('',*,*,#964,.T.);
#1306=ORIENTED_EDGE('',*,*,#820,.F.);
#1307=ORIENTED_EDGE('',*,*,#963,.F.);
#1308=ORIENTED_EDGE('',*,*,#899,.F.);
#1309=ORIENTED_EDGE('',*,*,#965,.T.);
#1310=ORIENTED_EDGE('',*,*,#821,.F.);
#1311=ORIENTED_EDGE('',*,*,#964,.F.);
#1312=ORIENTED_EDGE('',*,*,#898,.F.);
#1313=ORIENTED_EDGE('',*,*,#966,.T.);
#1314=ORIENTED_EDGE('',*,*,#822,.F.);
#1315=ORIENTED_EDGE('',*,*,#965,.F.);
#1316=ORIENTED_EDGE('',*,*,#897,.F.);
#1317=ORIENTED_EDGE('',*,*,#967,.T.);
#1318=ORIENTED_EDGE('',*,*,#823,.F.);
#1319=ORIENTED_EDGE('',*,*,#966,.F.);
#1320=ORIENTED_EDGE('',*,*,#896,.F.);
#1321=ORIENTED_EDGE('',*,*,#968,.T.);
#1322=ORIENTED_EDGE('',*,*,#824,.F.);
#1323=ORIENTED_EDGE('',*,*,#967,.F.);
#1324=ORIENTED_EDGE('',*,*,#895,.F.);
#1325=ORIENTED_EDGE('',*,*,#969,.T.);
#1326=ORIENTED_EDGE('',*,*,#825,.F.);
#1327=ORIENTED_EDGE('',*,*,#968,.F.);
#1328=ORIENTED_EDGE('',*,*,#894,.F.);
#1329=ORIENTED_EDGE('',*,*,#958,.T.);
#1330=ORIENTED_EDGE('',*,*,#826,.F.);
#1331=ORIENTED_EDGE('',*,*,#969,.F.);
#1332=ORIENTED_EDGE('',*,*,#836,.T.);
#1333=ORIENTED_EDGE('',*,*,#970,.T.);
#1334=ORIENTED_EDGE('',*,*,#884,.T.);
#1335=ORIENTED_EDGE('',*,*,#971,.T.);
#1336=ORIENTED_EDGE('',*,*,#971,.F.);
#1337=ORIENTED_EDGE('',*,*,#883,.F.);
#1338=ORIENTED_EDGE('',*,*,#972,.F.);
#1339=ORIENTED_EDGE('',*,*,#837,.F.);
#1340=ORIENTED_EDGE('',*,*,#838,.T.);
#1341=ORIENTED_EDGE('',*,*,#972,.T.);
#1342=ORIENTED_EDGE('',*,*,#882,.T.);
#1343=ORIENTED_EDGE('',*,*,#973,.T.);
#1344=ORIENTED_EDGE('',*,*,#973,.F.);
#1345=ORIENTED_EDGE('',*,*,#881,.F.);
#1346=ORIENTED_EDGE('',*,*,#974,.F.);
#1347=ORIENTED_EDGE('',*,*,#839,.F.);
#1348=ORIENTED_EDGE('',*,*,#840,.T.);
#1349=ORIENTED_EDGE('',*,*,#974,.T.);
#1350=ORIENTED_EDGE('',*,*,#880,.T.);
#1351=ORIENTED_EDGE('',*,*,#975,.T.);
#1352=ORIENTED_EDGE('',*,*,#975,.F.);
#1353=ORIENTED_EDGE('',*,*,#879,.F.);
#1354=ORIENTED_EDGE('',*,*,#976,.T.);
#1355=ORIENTED_EDGE('',*,*,#841,.F.);
#1356=ORIENTED_EDGE('',*,*,#961,.T.);
#1357=ORIENTED_EDGE('',*,*,#889,.T.);
#1358=ORIENTED_EDGE('',*,*,#977,.T.);
#1359=ORIENTED_EDGE('',*,*,#831,.T.);
#1360=ORIENTED_EDGE('',*,*,#932,.F.);
#1361=ORIENTED_EDGE('',*,*,#844,.F.);
#1362=ORIENTED_EDGE('',*,*,#978,.F.);
#1363=ORIENTED_EDGE('',*,*,#876,.F.);
#1364=ORIENTED_EDGE('',*,*,#874,.F.);
#1365=ORIENTED_EDGE('',*,*,#979,.T.);
#1366=ORIENTED_EDGE('',*,*,#931,.T.);
#1367=ORIENTED_EDGE('',*,*,#979,.F.);
#1368=ORIENTED_EDGE('',*,*,#873,.F.);
#1369=ORIENTED_EDGE('',*,*,#980,.T.);
#1370=ORIENTED_EDGE('',*,*,#930,.T.);
#1371=ORIENTED_EDGE('',*,*,#980,.F.);
#1372=ORIENTED_EDGE('',*,*,#872,.F.);
#1373=ORIENTED_EDGE('',*,*,#981,.T.);
#1374=ORIENTED_EDGE('',*,*,#929,.T.);
#1375=ORIENTED_EDGE('',*,*,#981,.F.);
#1376=ORIENTED_EDGE('',*,*,#871,.F.);
#1377=ORIENTED_EDGE('',*,*,#982,.T.);
#1378=ORIENTED_EDGE('',*,*,#928,.T.);
#1379=ORIENTED_EDGE('',*,*,#982,.F.);
#1380=ORIENTED_EDGE('',*,*,#870,.F.);
#1381=ORIENTED_EDGE('',*,*,#983,.T.);
#1382=ORIENTED_EDGE('',*,*,#927,.T.);
#1383=ORIENTED_EDGE('',*,*,#983,.F.);
#1384=ORIENTED_EDGE('',*,*,#970,.F.);
#1385=ORIENTED_EDGE('',*,*,#835,.F.);
#1386=ORIENTED_EDGE('',*,*,#984,.F.);
#1387=ORIENTED_EDGE('',*,*,#885,.F.);
#1388=ORIENTED_EDGE('',*,*,#886,.F.);
#1389=ORIENTED_EDGE('',*,*,#984,.T.);
#1390=ORIENTED_EDGE('',*,*,#834,.F.);
#1391=ORIENTED_EDGE('',*,*,#985,.F.);
#1392=ORIENTED_EDGE('',*,*,#887,.T.);
#1393=ORIENTED_EDGE('',*,*,#985,.T.);
#1394=ORIENTED_EDGE('',*,*,#833,.F.);
#1395=ORIENTED_EDGE('',*,*,#986,.F.);
#1396=ORIENTED_EDGE('',*,*,#977,.F.);
#1397=ORIENTED_EDGE('',*,*,#888,.F.);
#1398=ORIENTED_EDGE('',*,*,#986,.T.);
#1399=ORIENTED_EDGE('',*,*,#832,.F.);
#1400=ORIENTED_EDGE('',*,*,#877,.T.);
#1401=ORIENTED_EDGE('',*,*,#978,.T.);
#1402=ORIENTED_EDGE('',*,*,#843,.F.);
#1403=ORIENTED_EDGE('',*,*,#987,.F.);
#1404=ORIENTED_EDGE('',*,*,#878,.F.);
#1405=ORIENTED_EDGE('',*,*,#987,.T.);
#1406=ORIENTED_EDGE('',*,*,#842,.F.);
#1407=ORIENTED_EDGE('',*,*,#976,.F.);
#1408=B_SPLINE_SURFACE_WITH_KNOTS('',3,1,((#1959,#1960),(#1961,#1962),(#1963,
#1964),(#1965,#1966),(#1967,#1968)),.UNSPECIFIED.,.F.,.F.,.F.,(4,1,4),(2,
2),(0.,0.0666458660314137,0.126396434518568),(0.,0.1),.UNSPECIFIED.);
#1409=B_SPLINE_SURFACE_WITH_KNOTS('',3,1,((#1985,#1986),(#1987,#1988),(#1989,
#1990),(#1991,#1992),(#1993,#1994)),.UNSPECIFIED.,.F.,.F.,.F.,(4,1,4),(2,
2),(0.,0.069113347666503,0.138834961676644),(0.,0.1),.UNSPECIFIED.);
#1410=B_SPLINE_SURFACE_WITH_KNOTS('',3,1,((#2008,#2009),(#2010,#2011),(#2012,
#2013),(#2014,#2015),(#2016,#2017)),.UNSPECIFIED.,.F.,.F.,.F.,(4,1,4),(2,
2),(0.,0.0523584946633786,0.11575122114849),(0.,0.1),.UNSPECIFIED.);
#1411=B_SPLINE_SURFACE_WITH_KNOTS('',3,1,((#2037,#2038),(#2039,#2040),(#2041,
#2042),(#2043,#2044),(#2045,#2046)),.UNSPECIFIED.,.F.,.F.,.F.,(4,1,4),(2,
2),(0.,0.05396019138461,0.111723268782615),(0.,0.1),.UNSPECIFIED.);
#1412=B_SPLINE_SURFACE_WITH_KNOTS('',3,1,((#2060,#2061),(#2062,#2063),(#2064,
#2065),(#2066,#2067),(#2068,#2069)),.UNSPECIFIED.,.F.,.F.,.F.,(4,1,4),(2,
2),(0.,0.0760094100557158,0.150492891854371),(0.,0.1),.UNSPECIFIED.);
#1413=B_SPLINE_SURFACE_WITH_KNOTS('',3,1,((#2083,#2084),(#2085,#2086),(#2087,
#2088),(#2089,#2090),(#2091,#2092)),.UNSPECIFIED.,.F.,.F.,.F.,(4,1,4),(2,
2),(0.,0.0607225177271271,0.132178722149172),(0.,0.1),.UNSPECIFIED.);
#1414=ADVANCED_FACE('',(#125),#1408,.F.);
#1415=ADVANCED_FACE('',(#126),#1409,.F.);
#1416=ADVANCED_FACE('',(#127),#1410,.F.);
#1417=ADVANCED_FACE('',(#128),#72,.F.);
#1418=ADVANCED_FACE('',(#129),#1411,.F.);
#1419=ADVANCED_FACE('',(#130),#1412,.F.);
#1420=ADVANCED_FACE('',(#131),#1413,.F.);
#1421=ADVANCED_FACE('',(#132),#73,.F.);
#1422=ADVANCED_FACE('',(#133),#74,.F.);
#1423=ADVANCED_FACE('',(#134),#75,.F.);
#1424=ADVANCED_FACE('',(#135),#76,.F.);
#1425=ADVANCED_FACE('',(#136),#77,.T.);
#1426=ADVANCED_FACE('',(#137),#78,.F.);
#1427=ADVANCED_FACE('',(#138),#79,.F.);
#1428=ADVANCED_FACE('',(#139,#29,#30,#31,#32,#33,#34,#35,#36),#80,.T.);
#1429=ADVANCED_FACE('',(#140,#37,#38,#39,#40,#41,#42,#43),#81,.F.);
#1430=ADVANCED_FACE('',(#141),#15,.T.);
#1431=ADVANCED_FACE('',(#142),#82,.F.);
#1432=ADVANCED_FACE('',(#143),#83,.F.);
#1433=ADVANCED_FACE('',(#144),#84,.F.);
#1434=ADVANCED_FACE('',(#145),#85,.F.);
#1435=ADVANCED_FACE('',(#146),#86,.F.);
#1436=ADVANCED_FACE('',(#147),#87,.F.);
#1437=ADVANCED_FACE('',(#148),#88,.F.);
#1438=ADVANCED_FACE('',(#149),#89,.F.);
#1439=ADVANCED_FACE('',(#150),#90,.F.);
#1440=ADVANCED_FACE('',(#151),#91,.F.);
#1441=ADVANCED_FACE('',(#152),#16,.F.);
#1442=ADVANCED_FACE('',(#153),#92,.F.);
#1443=ADVANCED_FACE('',(#154),#93,.F.);
#1444=ADVANCED_FACE('',(#155),#94,.F.);
#1445=ADVANCED_FACE('',(#156),#95,.F.);
#1446=ADVANCED_FACE('',(#157),#96,.F.);
#1447=ADVANCED_FACE('',(#158),#97,.F.);
#1448=ADVANCED_FACE('',(#159),#98,.F.);
#1449=ADVANCED_FACE('',(#160),#99,.F.);
#1450=ADVANCED_FACE('',(#161),#100,.F.);
#1451=ADVANCED_FACE('',(#162),#101,.F.);
#1452=ADVANCED_FACE('',(#163),#102,.F.);
#1453=ADVANCED_FACE('',(#164),#103,.F.);
#1454=ADVANCED_FACE('',(#165),#17,.F.);
#1455=ADVANCED_FACE('',(#166),#104,.F.);
#1456=ADVANCED_FACE('',(#167),#105,.F.);
#1457=ADVANCED_FACE('',(#168),#18,.F.);
#1458=ADVANCED_FACE('',(#169),#106,.F.);
#1459=ADVANCED_FACE('',(#170),#107,.F.);
#1460=ADVANCED_FACE('',(#171),#108,.F.);
#1461=ADVANCED_FACE('',(#172),#109,.F.);
#1462=ADVANCED_FACE('',(#173),#110,.F.);
#1463=ADVANCED_FACE('',(#174),#19,.F.);
#1464=ADVANCED_FACE('',(#175),#111,.F.);
#1465=ADVANCED_FACE('',(#176),#112,.F.);
#1466=ADVANCED_FACE('',(#177),#113,.F.);
#1467=ADVANCED_FACE('',(#178),#114,.F.);
#1468=ADVANCED_FACE('',(#179),#20,.T.);
#1469=ADVANCED_FACE('',(#180),#115,.T.);
#1470=ADVANCED_FACE('',(#181),#21,.T.);
#1471=ADVANCED_FACE('',(#182),#116,.T.);
#1472=ADVANCED_FACE('',(#183),#22,.T.);
#1473=ADVANCED_FACE('',(#184),#117,.T.);
#1474=ADVANCED_FACE('',(#185),#23,.T.);
#1475=ADVANCED_FACE('',(#186),#118,.T.);
#1476=ADVANCED_FACE('',(#187),#24,.F.);
#1477=ADVANCED_FACE('',(#188),#25,.F.);
#1478=ADVANCED_FACE('',(#189),#26,.F.);
#1479=ADVANCED_FACE('',(#190),#27,.F.);
#1480=ADVANCED_FACE('',(#191),#28,.F.);
#1481=ADVANCED_FACE('',(#192),#119,.T.);
#1482=ADVANCED_FACE('',(#193),#120,.T.);
#1483=ADVANCED_FACE('',(#194),#121,.T.);
#1484=ADVANCED_FACE('',(#195),#122,.T.);
#1485=ADVANCED_FACE('',(#196),#123,.T.);
#1486=ADVANCED_FACE('',(#197),#124,.T.);
#1487=CLOSED_SHELL('',(#1414,#1415,#1416,#1417,#1418,#1419,#1420,#1421,
#1422,#1423,#1424,#1425,#1426,#1427,#1428,#1429,#1430,#1431,#1432,#1433,
#1434,#1435,#1436,#1437,#1438,#1439,#1440,#1441,#1442,#1443,#1444,#1445,
#1446,#1447,#1448,#1449,#1450,#1451,#1452,#1453,#1454,#1455,#1456,#1457,
#1458,#1459,#1460,#1461,#1462,#1463,#1464,#1465,#1466,#1467,#1468,#1469,
#1470,#1471,#1472,#1473,#1474,#1475,#1476,#1477,#1478,#1479,#1480,#1481,
#1482,#1483,#1484,#1485,#1486));
#1488=DERIVED_UNIT_ELEMENT(#1490,1.);
#1489=DERIVED_UNIT_ELEMENT(#2489,-3.);
#1490=(
MASS_UNIT()
NAMED_UNIT(*)
SI_UNIT(.KILO.,.GRAM.)
);
#1491=DERIVED_UNIT((#1488,#1489));
#1492=MEASURE_REPRESENTATION_ITEM('density measure',
POSITIVE_RATIO_MEASURE(7850.),#1491);
#1493=PROPERTY_DEFINITION_REPRESENTATION(#1498,#1495);
#1494=PROPERTY_DEFINITION_REPRESENTATION(#1499,#1496);
#1495=REPRESENTATION('material name',(#1497),#2486);
#1496=REPRESENTATION('density',(#1492),#2486);
#1497=DESCRIPTIVE_REPRESENTATION_ITEM('Steel','Steel');
#1498=PROPERTY_DEFINITION('material property','material name',#2496);
#1499=PROPERTY_DEFINITION('material property','density of part',#2496);
#1500=AXIS2_PLACEMENT_3D('',#1958,#1596,#1597);
#1501=AXIS2_PLACEMENT_3D('',#2031,#1602,#1603);
#1502=AXIS2_PLACEMENT_3D('',#2106,#1610,#1611);
#1503=AXIS2_PLACEMENT_3D('',#2112,#1615,#1616);
#1504=AXIS2_PLACEMENT_3D('',#2118,#1620,#1621);
#1505=AXIS2_PLACEMENT_3D('',#2124,#1625,#1626);
#1506=AXIS2_PLACEMENT_3D('',#2127,#1629,#1630);
#1507=AXIS2_PLACEMENT_3D('',#2128,#1631,#1632);
#1508=AXIS2_PLACEMENT_3D('',#2137,#1637,#1638);
#1509=AXIS2_PLACEMENT_3D('',#2143,#1642,#1643);
#1510=AXIS2_PLACEMENT_3D('',#2153,#1648,#1649);
#1511=AXIS2_PLACEMENT_3D('',#2167,#1656,#1657);
#1512=AXIS2_PLACEMENT_3D('',#2171,#1659,#1660);
#1513=AXIS2_PLACEMENT_3D('',#2181,#1665,#1666);
#1514=AXIS2_PLACEMENT_3D('',#2185,#1668,#1669);
#1515=AXIS2_PLACEMENT_3D('',#2189,#1671,#1672);
#1516=AXIS2_PLACEMENT_3D('',#2198,#1677,#1678);
#1517=AXIS2_PLACEMENT_3D('',#2221,#1689,#1690);
#1518=AXIS2_PLACEMENT_3D('',#2246,#1703,#1704);
#1519=AXIS2_PLACEMENT_3D('',#2248,#1705,#1706);
#1520=AXIS2_PLACEMENT_3D('',#2250,#1707,#1708);
#1521=AXIS2_PLACEMENT_3D('',#2252,#1709,#1710);
#1522=AXIS2_PLACEMENT_3D('',#2254,#1711,#1712);
#1523=AXIS2_PLACEMENT_3D('',#2256,#1713,#1714);
#1524=AXIS2_PLACEMENT_3D('',#2257,#1715,#1716);
#1525=AXIS2_PLACEMENT_3D('',#2259,#1717,#1718);
#1526=AXIS2_PLACEMENT_3D('',#2269,#1723,#1724);
#1527=AXIS2_PLACEMENT_3D('',#2273,#1726,#1727);
#1528=AXIS2_PLACEMENT_3D('',#2277,#1729,#1730);
#1529=AXIS2_PLACEMENT_3D('',#2287,#1735,#1736);
#1530=AXIS2_PLACEMENT_3D('',#2291,#1738,#1739);
#1531=AXIS2_PLACEMENT_3D('',#2305,#1746,#1747);
#1532=AXIS2_PLACEMENT_3D('',#2319,#1754,#1755);
#1533=AXIS2_PLACEMENT_3D('',#2341,#1766,#1767);
#1534=AXIS2_PLACEMENT_3D('',#2362,#1778,#1779);
#1535=AXIS2_PLACEMENT_3D('',#2364,#1780,#1781);
#1536=AXIS2_PLACEMENT_3D('',#2366,#1782,#1783);
#1537=AXIS2_PLACEMENT_3D('',#2368,#1784,#1785);
#1538=AXIS2_PLACEMENT_3D('',#2370,#1786,#1787);
#1539=AXIS2_PLACEMENT_3D('',#2371,#1788,#1789);
#1540=AXIS2_PLACEMENT_3D('',#2373,#1791,#1792);
#1541=AXIS2_PLACEMENT_3D('',#2376,#1795,#1796);
#1542=AXIS2_PLACEMENT_3D('',#2378,#1798,#1799);
#1543=AXIS2_PLACEMENT_3D('',#2380,#1801,#1802);
#1544=AXIS2_PLACEMENT_3D('',#2382,#1804,#1805);
#1545=AXIS2_PLACEMENT_3D('',#2384,#1807,#1808);
#1546=AXIS2_PLACEMENT_3D('',#2386,#1810,#1811);
#1547=AXIS2_PLACEMENT_3D('',#2388,#1813,#1814);
#1548=AXIS2_PLACEMENT_3D('',#2390,#1816,#1817);
#1549=AXIS2_PLACEMENT_3D('',#2392,#1819,#1820);
#1550=AXIS2_PLACEMENT_3D('',#2394,#1822,#1823);
#1551=AXIS2_PLACEMENT_3D('',#2396,#1825,#1826);
#1552=AXIS2_PLACEMENT_3D('',#2397,#1827,#1828);
#1553=AXIS2_PLACEMENT_3D('',#2400,#1831,#1832);
#1554=AXIS2_PLACEMENT_3D('',#2402,#1834,#1835);
#1555=AXIS2_PLACEMENT_3D('',#2404,#1837,#1838);
#1556=AXIS2_PLACEMENT_3D('',#2406,#1840,#1841);
#1557=AXIS2_PLACEMENT_3D('',#2408,#1843,#1844);
#1558=AXIS2_PLACEMENT_3D('',#2410,#1846,#1847);
#1559=AXIS2_PLACEMENT_3D('',#2412,#1849,#1850);
#1560=AXIS2_PLACEMENT_3D('',#2414,#1852,#1853);
#1561=AXIS2_PLACEMENT_3D('',#2416,#1855,#1856);
#1562=AXIS2_PLACEMENT_3D('',#2418,#1858,#1859);
#1563=AXIS2_PLACEMENT_3D('',#2420,#1861,#1862);
#1564=AXIS2_PLACEMENT_3D('',#2421,#1863,#1864);
#1565=AXIS2_PLACEMENT_3D('',#2424,#1867,#1868);
#1566=AXIS2_PLACEMENT_3D('',#2426,#1870,#1871);
#1567=AXIS2_PLACEMENT_3D('',#2428,#1873,#1874);
#1568=AXIS2_PLACEMENT_3D('',#2430,#1876,#1877);
#1569=AXIS2_PLACEMENT_3D('',#2432,#1879,#1880);
#1570=AXIS2_PLACEMENT_3D('',#2434,#1882,#1883);
#1571=AXIS2_PLACEMENT_3D('',#2436,#1885,#1886);
#1572=AXIS2_PLACEMENT_3D('',#2438,#1888,#1889);
#1573=AXIS2_PLACEMENT_3D('',#2440,#1891,#1892);
#1574=AXIS2_PLACEMENT_3D('',#2442,#1894,#1895);
#1575=AXIS2_PLACEMENT_3D('',#2444,#1897,#1898);
#1576=AXIS2_PLACEMENT_3D('',#2446,#1900,#1901);
#1577=AXIS2_PLACEMENT_3D('',#2447,#1902,#1903);
#1578=AXIS2_PLACEMENT_3D('',#2450,#1906,#1907);
#1579=AXIS2_PLACEMENT_3D('',#2452,#1909,#1910);
#1580=AXIS2_PLACEMENT_3D('',#2454,#1912,#1913);
#1581=AXIS2_PLACEMENT_3D('',#2456,#1915,#1916);
#1582=AXIS2_PLACEMENT_3D('',#2458,#1918,#1919);
#1583=AXIS2_PLACEMENT_3D('',#2460,#1921,#1922);
#1584=AXIS2_PLACEMENT_3D('',#2462,#1924,#1925);
#1585=AXIS2_PLACEMENT_3D('',#2464,#1927,#1928);
#1586=AXIS2_PLACEMENT_3D('',#2466,#1930,#1931);
#1587=AXIS2_PLACEMENT_3D('',#2468,#1933,#1934);
#1588=AXIS2_PLACEMENT_3D('',#2470,#1936,#1937);
#1589=AXIS2_PLACEMENT_3D('',#2472,#1939,#1940);
#1590=AXIS2_PLACEMENT_3D('',#2474,#1942,#1943);
#1591=AXIS2_PLACEMENT_3D('',#2476,#1945,#1946);
#1592=AXIS2_PLACEMENT_3D('',#2478,#1948,#1949);
#1593=AXIS2_PLACEMENT_3D('',#2480,#1951,#1952);
#1594=AXIS2_PLACEMENT_3D('',#2481,#1953,#1954);
#1595=AXIS2_PLACEMENT_3D('',#2483,#1956,#1957);
#1596=DIRECTION('axis',(0.,0.,1.));
#1597=DIRECTION('refdir',(1.,0.,0.));
#1598=DIRECTION('',(0.,0.,-1.));
#1599=DIRECTION('',(0.,0.,-1.));
#1600=DIRECTION('',(0.,0.,-1.));
#1601=DIRECTION('',(0.,0.,-1.));
#1602=DIRECTION('center_axis',(0.,-1.,0.));
#1603=DIRECTION('ref_axis',(-1.,0.,0.));
#1604=DIRECTION('',(-1.,0.,0.));
#1605=DIRECTION('',(0.,0.,-1.));
#1606=DIRECTION('',(-1.,0.,0.));
#1607=DIRECTION('',(0.,0.,-1.));
#1608=DIRECTION('',(0.,0.,-1.));
#1609=DIRECTION('',(0.,0.,-1.));
#1610=DIRECTION('center_axis',(1.,0.,0.));
#1611=DIRECTION('ref_axis',(0.,-1.,0.));
#1612=DIRECTION('',(0.,-1.,0.));
#1613=DIRECTION('',(0.,0.,-1.));
#1614=DIRECTION('',(0.,-1.,0.));
#1615=DIRECTION('center_axis',(0.,1.,0.));
#1616=DIRECTION('ref_axis',(1.,0.,0.));
#1617=DIRECTION('',(1.,0.,0.));
#1618=DIRECTION('',(0.,0.,-1.));
#1619=DIRECTION('',(1.,0.,0.));
#1620=DIRECTION('center_axis',(-1.,0.,0.));
#1621=DIRECTION('ref_axis',(0.,1.,0.));
#1622=DIRECTION('',(0.,1.,0.));
#1623=DIRECTION('',(0.,0.,-1.));
#1624=DIRECTION('',(0.,1.,0.));
#1625=DIRECTION('center_axis',(0.,-1.,0.));
#1626=DIRECTION('ref_axis',(-1.,0.,0.));
#1627=DIRECTION('',(-1.,0.,0.));
#1628=DIRECTION('',(-1.,0.,0.));
#1629=DIRECTION('center_axis',(0.,0.,1.));
#1630=DIRECTION('ref_axis',(-1.,0.,0.));
#1631=DIRECTION('center_axis',(-0.342102602059434,0.939662604163944,0.));
#1632=DIRECTION('ref_axis',(-0.939662604163944,-0.342102602059433,0.));
#1633=DIRECTION('',(0.,0.,-1.));
#1634=DIRECTION('',(0.939662604163213,0.342102602061442,0.));
#1635=DIRECTION('',(0.,0.,1.));
#1636=DIRECTION('',(-0.939662604163213,-0.342102602061442,0.));
#1637=DIRECTION('center_axis',(-0.973757228081096,-0.227589236915588,0.));
#1638=DIRECTION('ref_axis',(0.227589236915588,-0.973757228081096,0.));
#1639=DIRECTION('',(0.227589236915588,-0.973757228081096,0.));
#1640=DIRECTION('',(0.,0.,1.));
#1641=DIRECTION('',(-0.227589236915588,0.973757228081096,0.));
#1642=DIRECTION('center_axis',(0.,0.,1.));
#1643=DIRECTION('ref_axis',(1.,0.,0.));
#1644=DIRECTION('',(-0.973757228081096,-0.227589236915588,0.));
#1645=DIRECTION('',(-0.227589236915588,0.973757228081096,0.));
#1646=DIRECTION('',(0.973757228081096,0.227589236915588,0.));
#1647=DIRECTION('',(-0.227589236915588,0.973757228081096,0.));
#1648=DIRECTION('center_axis',(0.,0.,-1.));
#1649=DIRECTION('ref_axis',(1.,0.,0.));
#1650=DIRECTION('',(0.227589236915588,-0.973757228081096,0.));
#1651=DIRECTION('',(0.973757228081096,0.227589236915588,0.));
#1652=DIRECTION('',(0.227589236915588,-0.973757228081096,0.));
#1653=DIRECTION('',(-0.973757228081096,-0.227589236915588,0.));
#1654=DIRECTION('',(0.227589236915588,-0.973757228081096,0.));
#1655=DIRECTION('',(0.939662604163944,0.342102602059433,0.));
#1656=DIRECTION('center_axis',(0.,0.,-1.));
#1657=DIRECTION('ref_axis',(1.,0.,0.));
#1658=DIRECTION('',(-0.939662604163983,-0.342102602059327,0.));
#1659=DIRECTION('center_axis',(0.,0.,-1.));
#1660=DIRECTION('ref_axis',(-0.707106781186547,-0.707106781186548,0.));
#1661=DIRECTION('',(1.,0.,0.));
#1662=DIRECTION('',(0.554700196225229,0.832050294337844,0.));
#1663=DIRECTION('',(0.554700196225229,-0.832050294337844,0.));
#1664=DIRECTION('',(1.,0.,0.));
#1665=DIRECTION('center_axis',(0.,0.,-1.));
#1666=DIRECTION('ref_axis',(0.707106781186548,-0.707106781186547,0.));
#1667=DIRECTION('',(0.,1.,0.));
#1668=DIRECTION('center_axis',(0.,0.,-1.));
#1669=DIRECTION('ref_axis',(0.707106781186548,0.707106781186548,0.));
#1670=DIRECTION('',(-1.,0.,0.));
#1671=DIRECTION('center_axis',(0.,0.,-1.));
#1672=DIRECTION('ref_axis',(-0.707106781186548,0.707106781186548,0.));
#1673=DIRECTION('',(0.,-1.,0.));
#1674=DIRECTION('',(0.832050341388611,-0.554700125649072,0.));
#1675=DIRECTION('',(-0.832050341388611,-0.554700125649072,0.));
#1676=DIRECTION('',(0.,-1.,0.));
#1677=DIRECTION('center_axis',(0.,0.,-1.));
#1678=DIRECTION('ref_axis',(-0.707106781186547,-0.707106781186548,0.));
#1679=DIRECTION('',(-0.987402171167449,-0.158230693526281,0.));
#1680=DIRECTION('',(-0.158230693526281,0.987402171167449,0.));
#1681=DIRECTION('',(0.987402171167449,0.158230693526281,0.));
#1682=DIRECTION('',(-0.158230693526281,0.987402171167449,0.));
#1683=DIRECTION('',(0.987402171167449,0.158230693526281,0.));
#1684=DIRECTION('',(0.158230693526281,-0.987402171167449,0.));
#1685=DIRECTION('',(0.987402171167449,0.158230693526281,0.));
#1686=DIRECTION('',(0.158230693526281,-0.987402171167449,0.));
#1687=DIRECTION('',(-0.987402171167449,-0.158230693526281,0.));
#1688=DIRECTION('',(0.158230693526281,-0.987402171167449,0.));
#1689=DIRECTION('center_axis',(0.,0.,-1.));
#1690=DIRECTION('ref_axis',(1.,0.,0.));
#1691=DIRECTION('',(-0.158230693526281,0.987402171167449,0.));
#1692=DIRECTION('',(-0.969334266292476,-0.245745966785272,0.));
#1693=DIRECTION('',(0.245745966785272,-0.969334266292476,0.));
#1694=DIRECTION('',(-0.969334266292476,-0.245745966785272,0.));
#1695=DIRECTION('',(-0.245745966785272,0.969334266292476,0.));
#1696=DIRECTION('',(-0.969334266292476,-0.245745966785272,0.));
#1697=DIRECTION('',(-0.245745966785272,0.969334266292476,0.));
#1698=DIRECTION('',(0.969334266292476,0.245745966785272,0.));
#1699=DIRECTION('',(-0.245745966785272,0.969334266292476,0.));
#1700=DIRECTION('',(0.969334266292476,0.245745966785272,0.));
#1701=DIRECTION('',(0.245745966785272,-0.969334266292476,0.));
#1702=DIRECTION('',(0.969334266292476,0.245745966785272,0.));
#1703=DIRECTION('center_axis',(0.,0.,-1.));
#1704=DIRECTION('ref_axis',(1.,0.,0.));
#1705=DIRECTION('center_axis',(0.,0.,-1.));
#1706=DIRECTION('ref_axis',(1.,0.,0.));
#1707=DIRECTION('center_axis',(0.,0.,-1.));
#1708=DIRECTION('ref_axis',(1.,0.,0.));
#1709=DIRECTION('center_axis',(0.,0.,-1.));
#1710=DIRECTION('ref_axis',(1.,0.,0.));
#1711=DIRECTION('center_axis',(0.,0.,-1.));
#1712=DIRECTION('ref_axis',(1.,0.,0.));
#1713=DIRECTION('center_axis',(0.,0.,-1.));
#1714=DIRECTION('ref_axis',(1.,0.,0.));
#1715=DIRECTION('center_axis',(0.,0.,1.));
#1716=DIRECTION('ref_axis',(1.,0.,0.));
#1717=DIRECTION('center_axis',(0.,0.,1.));
#1718=DIRECTION('ref_axis',(-0.707106781186547,-0.707106781186548,0.));
#1719=DIRECTION('',(0.,1.,0.));
#1720=DIRECTION('',(-0.832050341388611,-0.554700125649072,0.));
#1721=DIRECTION('',(-0.832050341388611,0.554700125649072,0.));
#1722=DIRECTION('',(0.,1.,0.));
#1723=DIRECTION('center_axis',(0.,0.,1.));
#1724=DIRECTION('ref_axis',(-0.707106781186548,0.707106781186548,0.));
#1725=DIRECTION('',(1.,0.,0.));
#1726=DIRECTION('center_axis',(0.,0.,1.));
#1727=DIRECTION('ref_axis',(0.707106781186548,0.707106781186548,0.));
#1728=DIRECTION('',(0.,-1.,0.));
#1729=DIRECTION('center_axis',(0.,0.,1.));
#1730=DIRECTION('ref_axis',(0.707106781186548,-0.707106781186547,0.));
#1731=DIRECTION('',(-1.,0.,0.));
#1732=DIRECTION('',(-0.554700196225229,0.832050294337844,0.));
#1733=DIRECTION('',(0.554700196225229,0.832050294337844,0.));
#1734=DIRECTION('',(-1.,0.,0.));
#1735=DIRECTION('center_axis',(0.,0.,1.));
#1736=DIRECTION('ref_axis',(-0.707106781186547,-0.707106781186548,0.));
#1737=DIRECTION('',(0.939662604163983,0.342102602059327,0.));
#1738=DIRECTION('center_axis',(0.,0.,1.));
#1739=DIRECTION('ref_axis',(1.,0.,0.));
#1740=DIRECTION('',(-0.939662604163944,-0.342102602059433,0.));
#1741=DIRECTION('',(-0.227589236915588,0.973757228081096,0.));
#1742=DIRECTION('',(0.973757228081096,0.227589236915588,0.));
#1743=DIRECTION('',(-0.227589236915588,0.973757228081096,0.));
#1744=DIRECTION('',(-0.973757228081096,-0.227589236915588,0.));
#1745=DIRECTION('',(-0.227589236915588,0.973757228081096,0.));
#1746=DIRECTION('center_axis',(0.,0.,1.));
#1747=DIRECTION('ref_axis',(1.,0.,0.));
#1748=DIRECTION('',(0.227589236915588,-0.973757228081096,0.));
#1749=DIRECTION('',(-0.973757228081096,-0.227589236915588,0.));
#1750=DIRECTION('',(0.227589236915588,-0.973757228081096,0.));
#1751=DIRECTION('',(0.973757228081096,0.227589236915588,0.));
#1752=DIRECTION('',(0.987402171167449,0.158230693526281,0.));
#1753=DIRECTION('',(0.158230693526281,-0.987402171167449,0.));
#1754=DIRECTION('center_axis',(0.,0.,1.));
#1755=DIRECTION('ref_axis',(1.,0.,0.));
#1756=DIRECTION('',(-0.158230693526281,0.987402171167449,0.));
#1757=DIRECTION('',(0.987402171167449,0.158230693526281,0.));
#1758=DIRECTION('',(-0.158230693526281,0.987402171167449,0.));
#1759=DIRECTION('',(-0.987402171167449,-0.158230693526281,0.));
#1760=DIRECTION('',(-0.158230693526281,0.987402171167449,0.));
#1761=DIRECTION('',(-0.987402171167449,-0.158230693526281,0.));
#1762=DIRECTION('',(0.158230693526281,-0.987402171167449,0.));
#1763=DIRECTION('',(-0.987402171167449,-0.158230693526281,0.));
#1764=DIRECTION('',(0.158230693526281,-0.987402171167449,0.));
#1765=DIRECTION('',(0.969334266292476,0.245745966785272,0.));
#1766=DIRECTION('center_axis',(0.,0.,1.));
#1767=DIRECTION('ref_axis',(1.,0.,0.));
#1768=DIRECTION('',(-0.969334266292476,-0.245745966785272,0.));
#1769=DIRECTION('',(-0.245745966785272,0.969334266292476,0.));
#1770=DIRECTION('',(-0.969334266292476,-0.245745966785272,0.));
#1771=DIRECTION('',(0.245745966785272,-0.969334266292476,0.));
#1772=DIRECTION('',(-0.969334266292476,-0.245745966785272,0.));
#1773=DIRECTION('',(0.245745966785272,-0.969334266292476,0.));
#1774=DIRECTION('',(0.969334266292476,0.245745966785272,0.));
#1775=DIRECTION('',(0.245745966785272,-0.969334266292476,0.));
#1776=DIRECTION('',(0.969334266292476,0.245745966785272,0.));
#1777=DIRECTION('',(-0.245745966785272,0.969334266292476,0.));
#1778=DIRECTION('center_axis',(0.,0.,-1.));
#1779=DIRECTION('ref_axis',(1.,0.,0.));
#1780=DIRECTION('center_axis',(0.,0.,-1.));
#1781=DIRECTION('ref_axis',(1.,0.,0.));
#1782=DIRECTION('center_axis',(0.,0.,-1.));
#1783=DIRECTION('ref_axis',(1.,0.,0.));
#1784=DIRECTION('center_axis',(0.,0.,-1.));
#1785=DIRECTION('ref_axis',(1.,0.,0.));
#1786=DIRECTION('center_axis',(0.,0.,-1.));
#1787=DIRECTION('ref_axis',(1.,0.,0.));
#1788=DIRECTION('center_axis',(0.,0.,1.));
#1789=DIRECTION('ref_axis',(-0.707106781186547,-0.707106781186548,0.));
#1790=DIRECTION('',(0.,0.,-1.));
#1791=DIRECTION('center_axis',(0.158230693526281,-0.987402171167449,0.));
#1792=DIRECTION('ref_axis',(0.987402171167449,0.158230693526281,0.));
#1793=DIRECTION('',(0.,0.,1.));
#1794=DIRECTION('',(0.,0.,1.));
#1795=DIRECTION('center_axis',(-0.987402171167449,-0.158230693526281,0.));
#1796=DIRECTION('ref_axis',(0.158230693526281,-0.987402171167449,0.));
#1797=DIRECTION('',(0.,0.,1.));
#1798=DIRECTION('center_axis',(-0.158230693526281,0.987402171167449,0.));
#1799=DIRECTION('ref_axis',(-0.987402171167449,-0.158230693526281,0.));
#1800=DIRECTION('',(0.,0.,1.));
#1801=DIRECTION('center_axis',(-0.987402171167449,-0.158230693526281,0.));
#1802=DIRECTION('ref_axis',(0.158230693526281,-0.987402171167449,0.));
#1803=DIRECTION('',(0.,0.,1.));
#1804=DIRECTION('center_axis',(-0.158230693526281,0.987402171167449,0.));
#1805=DIRECTION('ref_axis',(-0.987402171167449,-0.158230693526281,0.));
#1806=DIRECTION('',(0.,0.,1.));
#1807=DIRECTION('center_axis',(0.987402171167449,0.158230693526281,0.));
#1808=DIRECTION('ref_axis',(-0.158230693526281,0.987402171167449,0.));
#1809=DIRECTION('',(0.,0.,1.));
#1810=DIRECTION('center_axis',(-0.158230693526281,0.987402171167449,0.));
#1811=DIRECTION('ref_axis',(-0.987402171167449,-0.158230693526281,0.));
#1812=DIRECTION('',(0.,0.,1.));
#1813=DIRECTION('center_axis',(0.987402171167449,0.158230693526281,0.));
#1814=DIRECTION('ref_axis',(-0.158230693526281,0.987402171167449,0.));
#1815=DIRECTION('',(0.,0.,1.));
#1816=DIRECTION('center_axis',(0.158230693526281,-0.987402171167449,0.));
#1817=DIRECTION('ref_axis',(0.987402171167449,0.158230693526281,0.));
#1818=DIRECTION('',(0.,0.,1.));
#1819=DIRECTION('center_axis',(0.987402171167449,0.158230693526281,0.));
#1820=DIRECTION('ref_axis',(-0.158230693526281,0.987402171167449,0.));
#1821=DIRECTION('',(0.,0.,1.));
#1822=DIRECTION('center_axis',(0.,0.,1.));
#1823=DIRECTION('ref_axis',(1.,0.,0.));
#1824=DIRECTION('',(0.,0.,1.));
#1825=DIRECTION('center_axis',(-0.987402171167449,-0.158230693526281,0.));
#1826=DIRECTION('ref_axis',(0.158230693526281,-0.987402171167449,0.));
#1827=DIRECTION('center_axis',(0.245745966785272,-0.969334266292476,0.));
#1828=DIRECTION('ref_axis',(0.969334266292476,0.245745966785272,0.));
#1829=DIRECTION('',(0.,0.,1.));
#1830=DIRECTION('',(0.,0.,1.));
#1831=DIRECTION('center_axis',(0.969334266292476,0.245745966785272,0.));
#1832=DIRECTION('ref_axis',(-0.245745966785272,0.969334266292476,0.));
#1833=DIRECTION('',(0.,0.,1.));
#1834=DIRECTION('center_axis',(0.245745966785272,-0.969334266292476,0.));
#1835=DIRECTION('ref_axis',(0.969334266292476,0.245745966785272,0.));
#1836=DIRECTION('',(0.,0.,1.));
#1837=DIRECTION('center_axis',(-0.969334266292476,-0.245745966785272,0.));
#1838=DIRECTION('ref_axis',(0.245745966785272,-0.969334266292476,0.));
#1839=DIRECTION('',(0.,0.,1.));
#1840=DIRECTION('center_axis',(0.245745966785272,-0.969334266292476,0.));
#1841=DIRECTION('ref_axis',(0.969334266292476,0.245745966785272,0.));
#1842=DIRECTION('',(0.,0.,1.));
#1843=DIRECTION('center_axis',(-0.969334266292476,-0.245745966785272,0.));
#1844=DIRECTION('ref_axis',(0.245745966785272,-0.969334266292476,0.));
#1845=DIRECTION('',(0.,0.,1.));
#1846=DIRECTION('center_axis',(-0.245745966785272,0.969334266292476,0.));
#1847=DIRECTION('ref_axis',(-0.969334266292476,-0.245745966785272,0.));
#1848=DIRECTION('',(0.,0.,1.));
#1849=DIRECTION('center_axis',(-0.969334266292476,-0.245745966785272,0.));
#1850=DIRECTION('ref_axis',(0.245745966785272,-0.969334266292476,0.));
#1851=DIRECTION('',(0.,0.,1.));
#1852=DIRECTION('center_axis',(-0.245745966785272,0.969334266292476,0.));
#1853=DIRECTION('ref_axis',(-0.969334266292476,-0.245745966785272,0.));
#1854=DIRECTION('',(0.,0.,1.));
#1855=DIRECTION('center_axis',(0.969334266292476,0.245745966785272,0.));
#1856=DIRECTION('ref_axis',(-0.245745966785272,0.969334266292476,0.));
#1857=DIRECTION('',(0.,0.,1.));
#1858=DIRECTION('center_axis',(-0.245745966785272,0.969334266292476,0.));
#1859=DIRECTION('ref_axis',(-0.969334266292476,-0.245745966785272,0.));
#1860=DIRECTION('',(0.,0.,1.));
#1861=DIRECTION('center_axis',(0.,0.,1.));
#1862=DIRECTION('ref_axis',(1.,0.,0.));
#1863=DIRECTION('center_axis',(0.973757228081096,0.227589236915588,0.));
#1864=DIRECTION('ref_axis',(-0.227589236915588,0.973757228081096,0.));
#1865=DIRECTION('',(0.,0.,1.));
#1866=DIRECTION('',(0.,0.,1.));
#1867=DIRECTION('center_axis',(-0.342102602059434,0.939662604163944,0.));
#1868=DIRECTION('ref_axis',(-0.939662604163944,-0.342102602059433,0.));
#1869=DIRECTION('',(0.,0.,1.));
#1870=DIRECTION('center_axis',(0.,0.,1.));
#1871=DIRECTION('ref_axis',(1.,0.,0.));
#1872=DIRECTION('',(0.,0.,1.));
#1873=DIRECTION('center_axis',(0.342102602059327,-0.939662604163983,0.));
#1874=DIRECTION('ref_axis',(0.939662604163983,0.342102602059327,0.));
#1875=DIRECTION('',(0.,0.,-1.));
#1876=DIRECTION('center_axis',(0.227589236915589,-0.973757228081096,0.));
#1877=DIRECTION('ref_axis',(0.973757228081096,0.227589236915588,0.));
#1878=DIRECTION('',(0.,0.,1.));
#1879=DIRECTION('center_axis',(-0.973757228081096,-0.227589236915588,0.));
#1880=DIRECTION('ref_axis',(0.227589236915588,-0.973757228081096,0.));
#1881=DIRECTION('',(0.,0.,1.));
#1882=DIRECTION('center_axis',(-0.227589236915589,0.973757228081096,0.));
#1883=DIRECTION('ref_axis',(-0.973757228081096,-0.227589236915588,0.));
#1884=DIRECTION('',(0.,0.,1.));
#1885=DIRECTION('center_axis',(-0.973757228081096,-0.227589236915588,0.));
#1886=DIRECTION('ref_axis',(0.227589236915588,-0.973757228081096,0.));
#1887=DIRECTION('',(0.,0.,1.));
#1888=DIRECTION('center_axis',(0.,0.,1.));
#1889=DIRECTION('ref_axis',(-0.227589236915588,0.973757228081097,0.));
#1890=DIRECTION('',(0.,0.,1.));
#1891=DIRECTION('center_axis',(0.973757228081096,0.227589236915588,0.));
#1892=DIRECTION('ref_axis',(-0.227589236915588,0.973757228081096,0.));
#1893=DIRECTION('',(0.,0.,1.));
#1894=DIRECTION('center_axis',(-0.227589236915589,0.973757228081096,0.));
#1895=DIRECTION('ref_axis',(-0.973757228081096,-0.227589236915588,0.));
#1896=DIRECTION('',(0.,0.,1.));
#1897=DIRECTION('center_axis',(0.973757228081096,0.227589236915588,0.));
#1898=DIRECTION('ref_axis',(-0.227589236915588,0.973757228081096,0.));
#1899=DIRECTION('',(0.,0.,1.));
#1900=DIRECTION('center_axis',(0.227589236915589,-0.973757228081096,0.));
#1901=DIRECTION('ref_axis',(0.973757228081096,0.227589236915588,0.));
#1902=DIRECTION('center_axis',(0.,0.,1.));
#1903=DIRECTION('ref_axis',(0.707106781186548,-0.707106781186547,0.));
#1904=DIRECTION('',(0.,0.,-1.));
#1905=DIRECTION('',(0.,0.,1.));
#1906=DIRECTION('center_axis',(1.,0.,0.));
#1907=DIRECTION('ref_axis',(0.,1.,0.));
#1908=DIRECTION('',(0.,0.,-1.));
#1909=DIRECTION('center_axis',(0.,0.,1.));
#1910=DIRECTION('ref_axis',(0.707106781186548,0.707106781186548,0.));
#1911=DIRECTION('',(0.,0.,1.));
#1912=DIRECTION('center_axis',(0.,1.,0.));
#1913=DIRECTION('ref_axis',(-1.,0.,0.));
#1914=DIRECTION('',(0.,0.,-1.));
#1915=DIRECTION('center_axis',(0.,0.,1.));
#1916=DIRECTION('ref_axis',(-0.707106781186548,0.707106781186548,0.));
#1917=DIRECTION('',(0.,0.,1.));
#1918=DIRECTION('center_axis',(-1.,0.,0.));
#1919=DIRECTION('ref_axis',(0.,-1.,0.));
#1920=DIRECTION('',(0.,0.,1.));
#1921=DIRECTION('center_axis',(0.,0.,1.));
#1922=DIRECTION('ref_axis',(-0.707106781186547,-0.707106781186548,0.));
#1923=DIRECTION('',(0.,0.,1.));
#1924=DIRECTION('center_axis',(-1.,0.,0.));
#1925=DIRECTION('ref_axis',(0.,-1.,0.));
#1926=DIRECTION('',(0.,0.,1.));
#1927=DIRECTION('center_axis',(0.,0.,1.));
#1928=DIRECTION('ref_axis',(1.,0.,0.));
#1929=DIRECTION('',(0.,0.,-1.));
#1930=DIRECTION('center_axis',(0.,0.,1.));
#1931=DIRECTION('ref_axis',(1.,0.,0.));
#1932=DIRECTION('',(0.,0.,-1.));
#1933=DIRECTION('center_axis',(0.,0.,1.));
#1934=DIRECTION('ref_axis',(1.,0.,0.));
#1935=DIRECTION('',(0.,0.,-1.));
#1936=DIRECTION('center_axis',(0.,0.,1.));
#1937=DIRECTION('ref_axis',(1.,0.,0.));
#1938=DIRECTION('',(0.,0.,-1.));
#1939=DIRECTION('center_axis',(0.,0.,1.));
#1940=DIRECTION('ref_axis',(1.,0.,0.));
#1941=DIRECTION('',(0.,0.,-1.));
#1942=DIRECTION('center_axis',(0.,-1.,0.));
#1943=DIRECTION('ref_axis',(1.,0.,0.));
#1944=DIRECTION('',(0.,0.,1.));
#1945=DIRECTION('center_axis',(-0.832050294337843,-0.554700196225229,0.));
#1946=DIRECTION('ref_axis',(0.554700196225229,-0.832050294337844,0.));
#1947=DIRECTION('',(0.,0.,1.));
#1948=DIRECTION('center_axis',(0.832050294337843,-0.554700196225229,0.));
#1949=DIRECTION('ref_axis',(0.554700196225229,0.832050294337844,0.));
#1950=DIRECTION('',(0.,0.,1.));
#1951=DIRECTION('center_axis',(0.,-1.,0.));
#1952=DIRECTION('ref_axis',(1.,0.,0.));
#1953=DIRECTION('center_axis',(-0.554700125649072,0.832050341388611,0.));
#1954=DIRECTION('ref_axis',(-0.832050341388611,-0.554700125649072,0.));
#1955=DIRECTION('',(0.,0.,1.));
#1956=DIRECTION('center_axis',(-0.554700125649072,-0.832050341388611,0.));
#1957=DIRECTION('ref_axis',(0.832050341388611,-0.554700125649072,0.));
#1958=CARTESIAN_POINT('',(0.,0.,0.));
#1959=CARTESIAN_POINT('Ctrl Pts',(-17.7462485805154,-5.51841765642166,3.));
#1960=CARTESIAN_POINT('Ctrl Pts',(-17.7462485805154,-5.51841765642166,2.));
#1961=CARTESIAN_POINT('Ctrl Pts',(-17.6377614689843,-5.32400197466549,3.));
#1962=CARTESIAN_POINT('Ctrl Pts',(-17.6377614689843,-5.32400197466549,2.));
#1963=CARTESIAN_POINT('Ctrl Pts',(-17.4320115117059,-4.9552851966902,3.));
#1964=CARTESIAN_POINT('Ctrl Pts',(-17.4320115117059,-4.9552851966902,2.));
#1965=CARTESIAN_POINT('Ctrl Pts',(-17.1664603333808,-4.62715000906257,3.));
#1966=CARTESIAN_POINT('Ctrl Pts',(-17.1664603333808,-4.62715000906257,2.));
#1967=CARTESIAN_POINT('Ctrl Pts',(-17.0409280434251,-4.47203278541565,3.));
#1968=CARTESIAN_POINT('Ctrl Pts',(-17.0409280434251,-4.47203278541565,2.));
#1969=CARTESIAN_POINT('',(-17.7462485805154,-5.51841765642166,3.));
#1970=CARTESIAN_POINT('',(-17.0409280434251,-4.47203278541565,3.));
#1971=CARTESIAN_POINT('Ctrl Pts',(-17.7462485805154,-5.51841765642166,3.));
#1972=CARTESIAN_POINT('Ctrl Pts',(-17.6377614689843,-5.32400197466549,3.));
#1973=CARTESIAN_POINT('Ctrl Pts',(-17.4320115117059,-4.9552851966902,3.));
#1974=CARTESIAN_POINT('Ctrl Pts',(-17.1664603333808,-4.62715000906257,3.));
#1975=CARTESIAN_POINT('Ctrl Pts',(-17.0409280434251,-4.47203278541565,3.));
#1976=CARTESIAN_POINT('',(-17.7462485805154,-5.51841765642166,2.));
#1977=CARTESIAN_POINT('',(-17.7462485805154,-5.51841765642166,3.));
#1978=CARTESIAN_POINT('',(-17.0409280434251,-4.47203278541565,2.));
#1979=CARTESIAN_POINT('Ctrl Pts',(-17.7462485805154,-5.51841765642166,2.));
#1980=CARTESIAN_POINT('Ctrl Pts',(-17.6377614689843,-5.32400197466549,2.));
#1981=CARTESIAN_POINT('Ctrl Pts',(-17.4320115117059,-4.9552851966902,2.));
#1982=CARTESIAN_POINT('Ctrl Pts',(-17.1664603333808,-4.62715000906257,2.));
#1983=CARTESIAN_POINT('Ctrl Pts',(-17.0409280434251,-4.47203278541565,2.));
#1984=CARTESIAN_POINT('',(-17.0409280434251,-4.47203278541565,3.));
#1985=CARTESIAN_POINT('Ctrl Pts',(-18.2551162317395,-6.80763989686966,3.));
#1986=CARTESIAN_POINT('Ctrl Pts',(-18.2551162317395,-6.80763989686966,2.));
#1987=CARTESIAN_POINT('Ctrl Pts',(-18.1893348944594,-6.58635177861787,3.));
#1988=CARTESIAN_POINT('Ctrl Pts',(-18.1893348944594,-6.58635177861787,2.));
#1989=CARTESIAN_POINT('Ctrl Pts',(-18.0571932785679,-6.14182798611932,3.));
#1990=CARTESIAN_POINT('Ctrl Pts',(-18.0571932785679,-6.14182798611932,2.));
#1991=CARTESIAN_POINT('Ctrl Pts',(-17.850199108782,-5.726827169447,3.));
#1992=CARTESIAN_POINT('Ctrl Pts',(-17.850199108782,-5.726827169447,2.));
#1993=CARTESIAN_POINT('Ctrl Pts',(-17.7462485805154,-5.51841765642166,3.));
#1994=CARTESIAN_POINT('Ctrl Pts',(-17.7462485805154,-5.51841765642166,2.));
#1995=CARTESIAN_POINT('',(-18.2551162317395,-6.80763989686966,3.));
#1996=CARTESIAN_POINT('Ctrl Pts',(-18.2551162317395,-6.80763989686966,3.));
#1997=CARTESIAN_POINT('Ctrl Pts',(-18.1893348944594,-6.58635177861787,3.));
#1998=CARTESIAN_POINT('Ctrl Pts',(-18.0571932785679,-6.14182798611932,3.));
#1999=CARTESIAN_POINT('Ctrl Pts',(-17.850199108782,-5.726827169447,3.));
#2000=CARTESIAN_POINT('Ctrl Pts',(-17.7462485805154,-5.51841765642166,3.));
#2001=CARTESIAN_POINT('',(-18.2551162317395,-6.80763989686966,2.));
#2002=CARTESIAN_POINT('',(-18.2551162317395,-6.80763989686966,3.));
#2003=CARTESIAN_POINT('Ctrl Pts',(-18.2551162317395,-6.80763989686966,2.));
#2004=CARTESIAN_POINT('Ctrl Pts',(-18.1893348944594,-6.58635177861787,2.));
#2005=CARTESIAN_POINT('Ctrl Pts',(-18.0571932785679,-6.14182798611932,2.));
#2006=CARTESIAN_POINT('Ctrl Pts',(-17.850199108782,-5.726827169447,2.));
#2007=CARTESIAN_POINT('Ctrl Pts',(-17.7462485805154,-5.51841765642166,2.));
#2008=CARTESIAN_POINT('Ctrl Pts',(-18.4406551346183,-7.94815838336945,3.));
#2009=CARTESIAN_POINT('Ctrl Pts',(-18.4406551346183,-7.94815838336945,2.));
#2010=CARTESIAN_POINT('Ctrl Pts',(-18.4284336865793,-7.7737206103781,3.));
#2011=CARTESIAN_POINT('Ctrl Pts',(-18.4284336865793,-7.7737206103781,2.));
#2012=CARTESIAN_POINT('Ctrl Pts',(-18.4014151952377,-7.38808337294443,3.));
#2013=CARTESIAN_POINT('Ctrl Pts',(-18.4014151952377,-7.38808337294443,2.));
#2014=CARTESIAN_POINT('Ctrl Pts',(-18.3068862764472,-7.01303837672304,3.));
#2015=CARTESIAN_POINT('Ctrl Pts',(-18.3068862764472,-7.01303837672304,2.));
#2016=CARTESIAN_POINT('Ctrl Pts',(-18.2551162317395,-6.80763989686966,3.));
#2017=CARTESIAN_POINT('Ctrl Pts',(-18.2551162317395,-6.80763989686966,2.));
#2018=CARTESIAN_POINT('',(-18.4406551346183,-7.94815838336945,3.));
#2019=CARTESIAN_POINT('Ctrl Pts',(-18.4406551346183,-7.94815838336945,3.));
#2020=CARTESIAN_POINT('Ctrl Pts',(-18.4284336865793,-7.7737206103781,3.));
#2021=CARTESIAN_POINT('Ctrl Pts',(-18.4014151952377,-7.38808337294443,3.));
#2022=CARTESIAN_POINT('Ctrl Pts',(-18.3068862764472,-7.01303837672304,3.));
#2023=CARTESIAN_POINT('Ctrl Pts',(-18.2551162317395,-6.80763989686966,3.));
#2024=CARTESIAN_POINT('',(-18.4406551346183,-7.94815838336945,2.));
#2025=CARTESIAN_POINT('',(-18.4406551346183,-7.94815838336945,3.));
#2026=CARTESIAN_POINT('Ctrl Pts',(-18.4406551346183,-7.94815838336945,2.));
#2027=CARTESIAN_POINT('Ctrl Pts',(-18.4284336865793,-7.7737206103781,2.));
#2028=CARTESIAN_POINT('Ctrl Pts',(-18.4014151952377,-7.38808337294443,2.));
#2029=CARTESIAN_POINT('Ctrl Pts',(-18.3068862764472,-7.01303837672304,2.));
#2030=CARTESIAN_POINT('Ctrl Pts',(-18.2551162317395,-6.80763989686966,2.));
#2031=CARTESIAN_POINT('Origin',(-17.9358803108335,-7.94815838336945,3.));
#2032=CARTESIAN_POINT('',(-17.9358803108335,-7.94815838336945,3.));
#2033=CARTESIAN_POINT('',(-8.96794022992253,-7.94815838336945,3.));
#2034=CARTESIAN_POINT('',(-17.9358803108335,-7.94815838336945,2.));
#2035=CARTESIAN_POINT('',(-17.9358803108335,-7.94815838336945,3.));
#2036=CARTESIAN_POINT('',(-17.9358803108335,-7.94815838336945,2.));
#2037=CARTESIAN_POINT('Ctrl Pts',(-17.7476127818227,-6.84856772422791,3.));
#2038=CARTESIAN_POINT('Ctrl Pts',(-17.7476127818227,-6.84856772422791,2.));
#2039=CARTESIAN_POINT('Ctrl Pts',(-17.7924991155379,-7.0230713129998,3.));
#2040=CARTESIAN_POINT('Ctrl Pts',(-17.7924991155379,-7.0230713129998,2.));
#2041=CARTESIAN_POINT('Ctrl Pts',(-17.8854351818796,-7.38437676525313,3.));
#2042=CARTESIAN_POINT('Ctrl Pts',(-17.8854351818796,-7.38437676525313,2.));
#2043=CARTESIAN_POINT('Ctrl Pts',(-17.9186879767382,-7.75601452059409,3.));
#2044=CARTESIAN_POINT('Ctrl Pts',(-17.9186879767382,-7.75601452059409,2.));
#2045=CARTESIAN_POINT('Ctrl Pts',(-17.9358803108335,-7.94815838336945,3.));
#2046=CARTESIAN_POINT('Ctrl Pts',(-17.9358803108335,-7.94815838336945,2.));
#2047=CARTESIAN_POINT('',(-17.7476127818227,-6.84856772422791,3.));
#2048=CARTESIAN_POINT('Ctrl Pts',(-17.7476127818227,-6.84856772422791,3.));
#2049=CARTESIAN_POINT('Ctrl Pts',(-17.7924991155379,-7.0230713129998,3.));
#2050=CARTESIAN_POINT('Ctrl Pts',(-17.8854351818796,-7.38437676525313,3.));
#2051=CARTESIAN_POINT('Ctrl Pts',(-17.9186879767382,-7.75601452059409,3.));
#2052=CARTESIAN_POINT('Ctrl Pts',(-17.9358803108335,-7.94815838336945,3.));
#2053=CARTESIAN_POINT('',(-17.7476127818227,-6.84856772422791,2.));
#2054=CARTESIAN_POINT('',(-17.7476127818227,-6.84856772422791,3.));
#2055=CARTESIAN_POINT('Ctrl Pts',(-17.7476127818227,-6.84856772422791,2.));
#2056=CARTESIAN_POINT('Ctrl Pts',(-17.7924991155379,-7.0230713129998,2.));
#2057=CARTESIAN_POINT('Ctrl Pts',(-17.8854351818796,-7.38437676525313,2.));
#2058=CARTESIAN_POINT('Ctrl Pts',(-17.9186879767382,-7.75601452059409,2.));
#2059=CARTESIAN_POINT('Ctrl Pts',(-17.9358803108335,-7.94815838336945,2.));
#2060=CARTESIAN_POINT('Ctrl Pts',(-17.1678038313985,-5.46248316764832,3.));
#2061=CARTESIAN_POINT('Ctrl Pts',(-17.1678038313985,-5.46248316764832,2.));
#2062=CARTESIAN_POINT('Ctrl Pts',(-17.285400755926,-5.68749454277714,3.));
#2063=CARTESIAN_POINT('Ctrl Pts',(-17.285400755926,-5.68749454277714,2.));
#2064=CARTESIAN_POINT('Ctrl Pts',(-17.518233785841,-6.13300007319034,3.));
#2065=CARTESIAN_POINT('Ctrl Pts',(-17.518233785841,-6.13300007319034,2.));
#2066=CARTESIAN_POINT('Ctrl Pts',(-17.6716717130127,-6.6116629806482,3.));
#2067=CARTESIAN_POINT('Ctrl Pts',(-17.6716717130127,-6.6116629806482,2.));
#2068=CARTESIAN_POINT('Ctrl Pts',(-17.7476127818227,-6.84856772422791,3.));
#2069=CARTESIAN_POINT('Ctrl Pts',(-17.7476127818227,-6.84856772422791,2.));
#2070=CARTESIAN_POINT('',(-17.1678038313985,-5.46248316764832,3.));
#2071=CARTESIAN_POINT('Ctrl Pts',(-17.1678038313985,-5.46248316764832,3.));
#2072=CARTESIAN_POINT('Ctrl Pts',(-17.285400755926,-5.68749454277714,3.));
#2073=CARTESIAN_POINT('Ctrl Pts',(-17.518233785841,-6.13300007319034,3.));
#2074=CARTESIAN_POINT('Ctrl Pts',(-17.6716717130127,-6.6116629806482,3.));
#2075=CARTESIAN_POINT('Ctrl Pts',(-17.7476127818227,-6.84856772422791,3.));
#2076=CARTESIAN_POINT('',(-17.1678038313985,-5.46248316764832,2.));
#2077=CARTESIAN_POINT('',(-17.1678038313985,-5.46248316764832,3.));
#2078=CARTESIAN_POINT('Ctrl Pts',(-17.1678038313985,-5.46248316764832,2.));
#2079=CARTESIAN_POINT('Ctrl Pts',(-17.285400755926,-5.68749454277714,2.));
#2080=CARTESIAN_POINT('Ctrl Pts',(-17.518233785841,-6.13300007319034,2.));
#2081=CARTESIAN_POINT('Ctrl Pts',(-17.6716717130127,-6.6116629806482,2.));
#2082=CARTESIAN_POINT('Ctrl Pts',(-17.7476127818227,-6.84856772422791,2.));
#2083=CARTESIAN_POINT('Ctrl Pts',(-16.4106415584683,-4.38199192285538,3.));
#2084=CARTESIAN_POINT('Ctrl Pts',(-16.4106415584683,-4.38199192285538,2.));
#2085=CARTESIAN_POINT('Ctrl Pts',(-16.5419993874631,-4.53653655826255,3.));
#2086=CARTESIAN_POINT('Ctrl Pts',(-16.5419993874631,-4.53653655826255,2.));
#2087=CARTESIAN_POINT('Ctrl Pts',(-16.8279346653586,-4.87294409187184,3.));
#2088=CARTESIAN_POINT('Ctrl Pts',(-16.8279346653586,-4.87294409187184,2.));
#2089=CARTESIAN_POINT('Ctrl Pts',(-17.0485425582259,-5.25561185425044,3.));
#2090=CARTESIAN_POINT('Ctrl Pts',(-17.0485425582259,-5.25561185425044,2.));
#2091=CARTESIAN_POINT('Ctrl Pts',(-17.1678038313985,-5.46248316764832,3.));
#2092=CARTESIAN_POINT('Ctrl Pts',(-17.1678038313985,-5.46248316764832,2.));
#2093=CARTESIAN_POINT('',(-16.4106415584683,-4.38199192285538,3.));
#2094=CARTESIAN_POINT('Ctrl Pts',(-16.4106415584683,-4.38199192285538,3.));
#2095=CARTESIAN_POINT('Ctrl Pts',(-16.5419993874631,-4.53653655826255,3.));
#2096=CARTESIAN_POINT('Ctrl Pts',(-16.8279346653586,-4.87294409187184,3.));
#2097=CARTESIAN_POINT('Ctrl Pts',(-17.0485425582259,-5.25561185425044,3.));
#2098=CARTESIAN_POINT('Ctrl Pts',(-17.1678038313985,-5.46248316764832,3.));
#2099=CARTESIAN_POINT('',(-16.4106415584683,-4.38199192285538,2.));
#2100=CARTESIAN_POINT('',(-16.4106415584683,-4.38199192285538,3.));
#2101=CARTESIAN_POINT('Ctrl Pts',(-16.4106415584683,-4.38199192285538,2.));
#2102=CARTESIAN_POINT('Ctrl Pts',(-16.5419993874631,-4.53653655826255,2.));
#2103=CARTESIAN_POINT('Ctrl Pts',(-16.8279346653586,-4.87294409187184,2.));
#2104=CARTESIAN_POINT('Ctrl Pts',(-17.0485425582259,-5.25561185425044,2.));
#2105=CARTESIAN_POINT('Ctrl Pts',(-17.1678038313985,-5.46248316764832,2.));
#2106=CARTESIAN_POINT('Origin',(-16.4106415584683,-4.00000005960464,3.));
#2107=CARTESIAN_POINT('',(-16.4106415584683,-4.00000005960464,3.));
#2108=CARTESIAN_POINT('',(-16.4106415584683,-2.00000002980232,3.));
#2109=CARTESIAN_POINT('',(-16.4106415584683,-4.00000005960464,2.));
#2110=CARTESIAN_POINT('',(-16.4106415584683,-4.00000005960464,3.));
#2111=CARTESIAN_POINT('',(-16.4106415584683,-4.00000005960464,2.));
#2112=CARTESIAN_POINT('Origin',(-19.0000002831221,-4.00000005960464,3.));
#2113=CARTESIAN_POINT('',(-19.0000002831221,-4.00000005960464,3.));
#2114=CARTESIAN_POINT('',(-9.50000021606684,-4.00000005960464,3.));
#2115=CARTESIAN_POINT('',(-19.0000002831221,-4.00000005960464,2.));
#2116=CARTESIAN_POINT('',(-19.0000002831221,-4.00000005960464,3.));
#2117=CARTESIAN_POINT('',(-19.0000002831221,-4.00000005960464,2.));
#2118=CARTESIAN_POINT('Origin',(-19.0000002831221,-4.47203278541565,3.));
#2119=CARTESIAN_POINT('',(-19.0000002831221,-4.47203278541565,3.));
#2120=CARTESIAN_POINT('',(-19.0000002831221,-2.23601639270782,3.));
#2121=CARTESIAN_POINT('',(-19.0000002831221,-4.47203278541565,2.));
#2122=CARTESIAN_POINT('',(-19.0000002831221,-4.47203278541565,3.));
#2123=CARTESIAN_POINT('',(-19.0000002831221,-4.47203278541565,2.));
#2124=CARTESIAN_POINT('Origin',(-17.0409280434251,-4.47203278541565,3.));
#2125=CARTESIAN_POINT('',(-8.52046409621835,-4.47203278541565,3.));
#2126=CARTESIAN_POINT('',(-17.0409280434251,-4.47203278541565,2.));
#2127=CARTESIAN_POINT('Origin',(-17.7053209207952,-5.97407922148705,2.));
#2128=CARTESIAN_POINT('Origin',(-6.75791765935272,-11.3319289438332,0.));
#2129=CARTESIAN_POINT('',(-10.119342036781,-12.555721421095,3.));
#2130=CARTESIAN_POINT('',(-10.119342036781,-12.555721421095,-2.77555756156289E-16));
#2131=CARTESIAN_POINT('',(-10.11934203678,-12.5557214210991,0.));
#2132=CARTESIAN_POINT('',(-19.0383426319258,-15.8028585295295,3.));
#2133=CARTESIAN_POINT('',(-4.55414527421043,-10.5296023811075,3.));
#2134=CARTESIAN_POINT('',(-19.0383426319258,-15.8028585295295,0.));
#2135=CARTESIAN_POINT('',(-19.0383426319258,-15.8028585295295,0.));
#2136=CARTESIAN_POINT('',(-4.55414527421043,-10.5296023811075,-2.77555756156289E-16));
#2137=CARTESIAN_POINT('Origin',(-11.2405951792953,-7.7583576844394,0.));
#2138=CARTESIAN_POINT('',(-11.2405951792953,-7.7583576844394,0.));
#2139=CARTESIAN_POINT('',(-11.8091720874089,-5.32565971726364,0.));
#2140=CARTESIAN_POINT('',(-11.2405951792953,-7.7583576844394,3.));
#2141=CARTESIAN_POINT('',(-11.2405951792953,-7.7583576844394,0.));
#2142=CARTESIAN_POINT('',(-11.8091720874089,-5.32565971726364,3.));
#2143=CARTESIAN_POINT('Origin',(-1.49011611938477E-7,0.,3.));
#2144=CARTESIAN_POINT('',(-13.674988249498,-8.32733077672837,3.));
#2145=CARTESIAN_POINT('',(-6.26891729114121,-6.59636335553994,3.));
#2146=CARTESIAN_POINT('',(-14.3577559602448,-5.40605909248508,3.));
#2147=CARTESIAN_POINT('',(-14.584949012985,-4.43399696743097,3.));
#2148=CARTESIAN_POINT('',(-11.9233628900421,-4.83708600019611,3.));
#2149=CARTESIAN_POINT('',(-5.7344884667866,-3.39060512515216,3.));
#2150=CARTESIAN_POINT('',(-12.9475144561622,-0.455178473831173,3.));
#2151=CARTESIAN_POINT('',(-12.6626317258424,-1.67407011195953,3.));
#2152=CARTESIAN_POINT('',(-9.05248554383782,0.455178473831179,3.));
#2153=CARTESIAN_POINT('Origin',(-11.,1.36314857258864E-15,3.));
#2154=CARTESIAN_POINT('',(-8.02833397771767,-3.92672905253376,3.));
#2155=CARTESIAN_POINT('',(-8.2555270304579,-2.95466692747965,3.));
#2156=CARTESIAN_POINT('',(-5.59394090751493,-3.35775596024478,3.));
#2157=CARTESIAN_POINT('',(-2.56977747552304,-2.6509401051765,3.));
#2158=CARTESIAN_POINT('',(-4.91117319676816,-6.27902764448807,3.));
#2159=CARTESIAN_POINT('',(-5.47975010488178,-3.84632967731232,3.));
#2160=CARTESIAN_POINT('',(-7.3455662669709,-6.84800073677704,3.));
#2161=CARTESIAN_POINT('',(-3.10420629987764,-5.85669833556428,3.));
#2162=CARTESIAN_POINT('',(-6.33366995813019,-11.177473246796,3.));
#2163=CARTESIAN_POINT('',(-7.40819502066416,-6.58003902461077,3.));
#2164=CARTESIAN_POINT('',(-0.684205204125188,-9.12067479167438,3.));
#2165=CARTESIAN_POINT('',(1.08383035077244,-8.47698676876914,3.));
#2166=CARTESIAN_POINT('',(0.684205204116964,-12.8793252083285,3.));
#2167=CARTESIAN_POINT('Origin',(-2.77369312498518E-13,-11.0000000000001,
3.));
#2168=CARTESIAN_POINT('',(-15.9730151786904,-18.9437130117752,3.));
#2169=CARTESIAN_POINT('',(-3.18573486596929,-14.2882527977882,3.));
#2170=CARTESIAN_POINT('',(-12.,-20.,3.));
#2171=CARTESIAN_POINT('Origin',(-12.,-12.,3.));
#2172=CARTESIAN_POINT('',(-1.,-20.,3.));
#2173=CARTESIAN_POINT('',(20.,-20.,3.));
#2174=CARTESIAN_POINT('',(0.,-18.5,3.));
#2175=CARTESIAN_POINT('',(-1.,-20.,3.));
#2176=CARTESIAN_POINT('',(1.,-20.,3.));
#2177=CARTESIAN_POINT('',(1.,-20.,3.));
#2178=CARTESIAN_POINT('',(12.,-20.,3.));
#2179=CARTESIAN_POINT('',(20.,-20.,3.));
#2180=CARTESIAN_POINT('',(20.,-12.,3.));
#2181=CARTESIAN_POINT('Origin',(12.,-12.,3.));
#2182=CARTESIAN_POINT('',(20.,12.,3.));
#2183=CARTESIAN_POINT('',(20.,20.,3.));
#2184=CARTESIAN_POINT('',(12.,20.,3.));
#2185=CARTESIAN_POINT('Origin',(12.,12.,3.));
#2186=CARTESIAN_POINT('',(-12.,20.,3.));
#2187=CARTESIAN_POINT('',(-20.,20.,3.));
#2188=CARTESIAN_POINT('',(-20.,12.,3.));
#2189=CARTESIAN_POINT('Origin',(-12.,12.,3.));
#2190=CARTESIAN_POINT('',(-20.0000002980232,1.00000001490116,3.));
#2191=CARTESIAN_POINT('',(-20.,-20.,3.));
#2192=CARTESIAN_POINT('',(-18.5,0.,3.));
#2193=CARTESIAN_POINT('',(-18.5,0.,3.));
#2194=CARTESIAN_POINT('',(-20.0000002980232,-1.00000001490116,3.));
#2195=CARTESIAN_POINT('',(-18.5,0.,3.));
#2196=CARTESIAN_POINT('',(-20.,-12.,3.));
#2197=CARTESIAN_POINT('',(-20.,-20.,3.));
#2198=CARTESIAN_POINT('Origin',(-12.,-12.,3.));
#2199=CARTESIAN_POINT('',(5.09133212984886,-3.65132620985106,3.));
#2200=CARTESIAN_POINT('',(2.62282670193024,-4.04690294366677,3.));
#2201=CARTESIAN_POINT('',(1.66038572795319,-4.20113361809443,3.));
#2202=CARTESIAN_POINT('',(2.14813462135139,-1.08469643016442,3.));
#2203=CARTESIAN_POINT('',(2.03650821014693,-0.388117540654543,3.));
#2204=CARTESIAN_POINT('',(4.61664004927002,-0.689119696348715,3.));
#2205=CARTESIAN_POINT('',(2.41994636133366,-1.04113873768423,3.));
#2206=CARTESIAN_POINT('',(3.90460192840175,3.7541900739048,3.));
#2207=CARTESIAN_POINT('',(4.14899457763142,2.22911407828792,3.));
#2208=CARTESIAN_POINT('',(7.85421061307155,4.38711284800993,3.));
#2209=CARTESIAN_POINT('',(3.6827125828003,3.71863241962185,3.));
#2210=CARTESIAN_POINT('',(8.56624873393981,-0.0561969222435921,3.));
#2211=CARTESIAN_POINT('',(8.45462232273535,0.640381967266284,3.));
#2212=CARTESIAN_POINT('',(11.0347541618584,0.33937981157211,3.));
#2213=CARTESIAN_POINT('',(5.62900341762787,-0.526888983723819,3.));
#2214=CARTESIAN_POINT('',(11.5094462424373,-2.62282670193024,3.));
#2215=CARTESIAN_POINT('',(11.1604737909434,-0.445144555669191,3.));
#2216=CARTESIAN_POINT('',(9.04094081451866,-3.01840343574594,3.));
#2217=CARTESIAN_POINT('',(4.8694427842474,-3.68688386413402,3.));
#2218=CARTESIAN_POINT('',(9.75297893538692,-7.46171320599946,3.));
#2219=CARTESIAN_POINT('',(9.04798742345891,-3.06237617461165,3.));
#2220=CARTESIAN_POINT('',(5.80337025071713,-8.09463598010459,3.));
#2221=CARTESIAN_POINT('Origin',(7.77817459305202,-7.77817459305202,3.));
#2222=CARTESIAN_POINT('',(4.74235967835498,-1.47364406359001,3.));
#2223=CARTESIAN_POINT('',(0.491491933570544,7.06133146741505,3.));
#2224=CARTESIAN_POINT('',(-3.8705122647456,5.95547461688132,3.));
#2225=CARTESIAN_POINT('',(-2.76145517443046,6.23664316353963,3.));
#2226=CARTESIAN_POINT('',(-3.25614734778242,3.53213895115014,3.));
#2227=CARTESIAN_POINT('',(-2.73713083871215,1.48490092891676,3.));
#2228=CARTESIAN_POINT('',(-6.16415014665985,2.79490105079432,3.));
#2229=CARTESIAN_POINT('',(-3.601091656906,3.44468854763054,3.));
#2230=CARTESIAN_POINT('',(-6.77851506362303,5.21823671652551,3.));
#2231=CARTESIAN_POINT('',(-5.95231609607117,1.95933086142654,3.));
#2232=CARTESIAN_POINT('',(-11.1405192619392,4.11237986599179,3.));
#2233=CARTESIAN_POINT('',(-6.39645867302725,5.31509578809486,3.));
#2234=CARTESIAN_POINT('',(-12.1235031290803,7.98971693116169,3.));
#2235=CARTESIAN_POINT('',(-10.8058122279579,2.79214254347776,3.));
#2236=CARTESIAN_POINT('',(-7.76149893076411,9.09557378169541,3.));
#2237=CARTESIAN_POINT('',(-5.19844044101026,9.74536127853163,3.));
#2238=CARTESIAN_POINT('',(-8.3758638477273,11.5189094474266,3.));
#2239=CARTESIAN_POINT('',(-6.75099048812331,5.10966722687709,3.));
#2240=CARTESIAN_POINT('',(-5.46786104884987,12.2561473477824,3.));
#2241=CARTESIAN_POINT('',(-4.35880395853473,12.5373158944407,3.));
#2242=CARTESIAN_POINT('',(-4.85349613188669,9.83281168205123,3.));
#2243=CARTESIAN_POINT('',(-3.53580523076429,4.6352372943673,3.));
#2244=CARTESIAN_POINT('',(-0.491491933570543,10.938668532585,3.));
#2245=CARTESIAN_POINT('',(-1.56343694241348,10.6669086539764,3.));
#2246=CARTESIAN_POINT('Origin',(4.41213041805076E-32,9.,3.));
#2247=CARTESIAN_POINT('',(14.6041869945503,2.73505935302734,3.));
#2248=CARTESIAN_POINT('Origin',(16.1041869945503,2.73505935302734,3.));
#2249=CARTESIAN_POINT('',(-3.82970924864231,15.9974552926998,3.));
#2250=CARTESIAN_POINT('Origin',(-2.32970924864231,15.9974552926998,3.));
#2251=CARTESIAN_POINT('',(-17.1755164835329,-11.4448608340439,3.));
#2252=CARTESIAN_POINT('Origin',(-15.6755164835329,-11.4448608340439,3.));
#2253=CARTESIAN_POINT('',(4.50000008940697,-14.0000002086163,3.));
#2254=CARTESIAN_POINT('Origin',(6.00000008940697,-14.0000002086163,3.));
#2255=CARTESIAN_POINT('',(-0.5,0.,3.));
#2256=CARTESIAN_POINT('Origin',(0.,0.,3.));
#2257=CARTESIAN_POINT('Origin',(-1.49011611938477E-7,0.,0.));
#2258=CARTESIAN_POINT('',(-20.,-12.,0.));
#2259=CARTESIAN_POINT('Origin',(-12.,-12.,0.));
#2260=CARTESIAN_POINT('',(-20.0000002980232,-1.00000001490116,0.));
#2261=CARTESIAN_POINT('',(-20.,-20.,0.));
#2262=CARTESIAN_POINT('',(-18.5,0.,0.));
#2263=CARTESIAN_POINT('',(-18.5,0.,0.));
#2264=CARTESIAN_POINT('',(-20.0000002980232,1.00000001490116,0.));
#2265=CARTESIAN_POINT('',(-18.5,0.,0.));
#2266=CARTESIAN_POINT('',(-20.,12.,0.));
#2267=CARTESIAN_POINT('',(-20.,-20.,0.));
#2268=CARTESIAN_POINT('',(-12.,20.,0.));
#2269=CARTESIAN_POINT('Origin',(-12.,12.,0.));
#2270=CARTESIAN_POINT('',(12.,20.,0.));
#2271=CARTESIAN_POINT('',(-20.,20.,0.));
#2272=CARTESIAN_POINT('',(20.,12.,0.));
#2273=CARTESIAN_POINT('Origin',(12.,12.,0.));
#2274=CARTESIAN_POINT('',(20.,-12.,0.));
#2275=CARTESIAN_POINT('',(20.,20.,0.));
#2276=CARTESIAN_POINT('',(12.,-20.,0.));
#2277=CARTESIAN_POINT('Origin',(12.,-12.,0.));
#2278=CARTESIAN_POINT('',(1.,-20.,0.));
#2279=CARTESIAN_POINT('',(20.,-20.,0.));
#2280=CARTESIAN_POINT('',(0.,-18.5,0.));
#2281=CARTESIAN_POINT('',(1.,-20.,0.));
#2282=CARTESIAN_POINT('',(-1.,-20.,0.));
#2283=CARTESIAN_POINT('',(-1.,-20.,0.));
#2284=CARTESIAN_POINT('',(-12.,-20.,0.));
#2285=CARTESIAN_POINT('',(20.,-20.,0.));
#2286=CARTESIAN_POINT('',(-15.9730151786904,-18.9437130117752,0.));
#2287=CARTESIAN_POINT('Origin',(-12.,-12.,0.));
#2288=CARTESIAN_POINT('',(0.684205204116965,-12.8793252083285,0.));
#2289=CARTESIAN_POINT('',(-3.18573486596929,-14.2882527977882,0.));
#2290=CARTESIAN_POINT('',(-0.684205204125188,-9.12067479167438,0.));
#2291=CARTESIAN_POINT('Origin',(-2.77369312498518E-13,-11.0000000000001,
0.));
#2292=CARTESIAN_POINT('',(-6.33366995813019,-11.177473246796,0.));
#2293=CARTESIAN_POINT('',(1.08383035077244,-8.47698676876914,0.));
#2294=CARTESIAN_POINT('',(-7.3455662669709,-6.84800073677704,0.));
#2295=CARTESIAN_POINT('',(-7.40819502066416,-6.58003902461077,0.));
#2296=CARTESIAN_POINT('',(-4.91117319676816,-6.27902764448807,0.));
#2297=CARTESIAN_POINT('',(-3.10420629987764,-5.85669833556428,0.));
#2298=CARTESIAN_POINT('',(-5.59394090751493,-3.35775596024478,0.));
#2299=CARTESIAN_POINT('',(-5.47975010488178,-3.84632967731232,0.));
#2300=CARTESIAN_POINT('',(-8.02833397771767,-3.92672905253376,0.));
#2301=CARTESIAN_POINT('',(-2.56977747552304,-2.6509401051765,0.));
#2302=CARTESIAN_POINT('',(-9.05248554383782,0.455178473831179,0.));
#2303=CARTESIAN_POINT('',(-8.2555270304579,-2.95466692747965,0.));
#2304=CARTESIAN_POINT('',(-12.9475144561622,-0.455178473831173,0.));
#2305=CARTESIAN_POINT('Origin',(-11.,1.36314857258864E-15,0.));
#2306=CARTESIAN_POINT('',(-11.9233628900421,-4.83708600019611,0.));
#2307=CARTESIAN_POINT('',(-12.6626317258424,-1.67407011195953,0.));
#2308=CARTESIAN_POINT('',(-14.3577559602448,-5.40605909248508,0.));
#2309=CARTESIAN_POINT('',(-5.7344884667866,-3.39060512515216,0.));
#2310=CARTESIAN_POINT('',(-13.674988249498,-8.32733077672837,0.));
#2311=CARTESIAN_POINT('',(-14.584949012985,-4.43399696743097,0.));
#2312=CARTESIAN_POINT('',(-6.26891729114121,-6.59636335553994,0.));
#2313=CARTESIAN_POINT('',(2.62282670193024,-4.04690294366677,0.));
#2314=CARTESIAN_POINT('',(5.09133212984886,-3.65132620985106,0.));
#2315=CARTESIAN_POINT('',(1.66038572795319,-4.20113361809443,0.));
#2316=CARTESIAN_POINT('',(5.80337025071713,-8.09463598010459,0.));
#2317=CARTESIAN_POINT('',(4.74235967835498,-1.47364406359001,0.));
#2318=CARTESIAN_POINT('',(9.75297893538692,-7.46171320599946,0.));
#2319=CARTESIAN_POINT('Origin',(7.77817459305202,-7.77817459305202,0.));
#2320=CARTESIAN_POINT('',(9.04094081451866,-3.01840343574594,0.));
#2321=CARTESIAN_POINT('',(9.04798742345891,-3.06237617461165,0.));
#2322=CARTESIAN_POINT('',(11.5094462424373,-2.62282670193024,0.));
#2323=CARTESIAN_POINT('',(4.8694427842474,-3.68688386413402,0.));
#2324=CARTESIAN_POINT('',(11.0347541618584,0.33937981157211,0.));
#2325=CARTESIAN_POINT('',(11.1604737909434,-0.445144555669191,0.));
#2326=CARTESIAN_POINT('',(8.56624873393981,-0.0561969222435918,0.));
#2327=CARTESIAN_POINT('',(5.62900341762787,-0.526888983723819,0.));
#2328=CARTESIAN_POINT('',(7.85421061307155,4.38711284800993,0.));
#2329=CARTESIAN_POINT('',(8.45462232273535,0.640381967266284,0.));
#2330=CARTESIAN_POINT('',(3.90460192840175,3.7541900739048,0.));
#2331=CARTESIAN_POINT('',(3.6827125828003,3.71863241962185,0.));
#2332=CARTESIAN_POINT('',(4.61664004927002,-0.689119696348715,0.));
#2333=CARTESIAN_POINT('',(4.14899457763142,2.22911407828792,0.));
#2334=CARTESIAN_POINT('',(2.14813462135139,-1.08469643016442,0.));
#2335=CARTESIAN_POINT('',(2.41994636133366,-1.04113873768423,0.));
#2336=CARTESIAN_POINT('',(2.03650821014693,-0.388117540654543,0.));
#2337=CARTESIAN_POINT('',(-3.8705122647456,5.95547461688132,0.));
#2338=CARTESIAN_POINT('',(0.491491933570544,7.06133146741505,0.));
#2339=CARTESIAN_POINT('',(-2.76145517443046,6.23664316353963,0.));
#2340=CARTESIAN_POINT('',(-0.491491933570543,10.938668532585,0.));
#2341=CARTESIAN_POINT('Origin',(4.41213041805076E-32,9.,0.));
#2342=CARTESIAN_POINT('',(-4.85349613188669,9.83281168205123,0.));
#2343=CARTESIAN_POINT('',(-1.56343694241348,10.6669086539764,0.));
#2344=CARTESIAN_POINT('',(-5.46786104884987,12.2561473477824,0.));
#2345=CARTESIAN_POINT('',(-3.53580523076429,4.6352372943673,0.));
#2346=CARTESIAN_POINT('',(-8.3758638477273,11.5189094474266,0.));
#2347=CARTESIAN_POINT('',(-4.35880395853473,12.5373158944407,0.));
#2348=CARTESIAN_POINT('',(-7.76149893076411,9.09557378169541,0.));
#2349=CARTESIAN_POINT('',(-6.75099048812331,5.10966722687709,0.));
#2350=CARTESIAN_POINT('',(-12.1235031290803,7.98971693116169,0.));
#2351=CARTESIAN_POINT('',(-5.19844044101026,9.74536127853163,0.));
#2352=CARTESIAN_POINT('',(-11.1405192619392,4.11237986599179,0.));
#2353=CARTESIAN_POINT('',(-10.8058122279579,2.79214254347776,0.));
#2354=CARTESIAN_POINT('',(-6.77851506362303,5.21823671652551,0.));
#2355=CARTESIAN_POINT('',(-6.39645867302725,5.31509578809486,0.));
#2356=CARTESIAN_POINT('',(-6.16415014665985,2.79490105079432,0.));
#2357=CARTESIAN_POINT('',(-5.95231609607117,1.95933086142654,0.));
#2358=CARTESIAN_POINT('',(-3.25614734778242,3.53213895115014,0.));
#2359=CARTESIAN_POINT('',(-3.601091656906,3.44468854763054,0.));
#2360=CARTESIAN_POINT('',(-2.73713083871215,1.48490092891676,0.));
#2361=CARTESIAN_POINT('',(14.6041869945503,2.73505935302734,0.));
#2362=CARTESIAN_POINT('Origin',(16.1041869945503,2.73505935302734,0.));
#2363=CARTESIAN_POINT('',(-3.82970924864231,15.9974552926998,0.));
#2364=CARTESIAN_POINT('Origin',(-2.32970924864231,15.9974552926998,0.));
#2365=CARTESIAN_POINT('',(-17.1755164835329,-11.4448608340439,0.));
#2366=CARTESIAN_POINT('Origin',(-15.6755164835329,-11.4448608340439,0.));
#2367=CARTESIAN_POINT('',(4.50000008940697,-14.0000002086163,0.));
#2368=CARTESIAN_POINT('Origin',(6.00000008940697,-14.0000002086163,0.));
#2369=CARTESIAN_POINT('',(-0.5,-6.12323399573677E-17,0.));
#2370=CARTESIAN_POINT('Origin',(0.,0.,0.));
#2371=CARTESIAN_POINT('Origin',(-12.,-12.,0.));
#2372=CARTESIAN_POINT('',(-20.,-12.,0.));
#2373=CARTESIAN_POINT('Origin',(2.62282670193024,-4.04690294366677,0.));
#2374=CARTESIAN_POINT('',(2.62282670193024,-4.04690294366677,0.));
#2375=CARTESIAN_POINT('',(5.09133212984886,-3.65132620985106,0.));
#2376=CARTESIAN_POINT('Origin',(2.14813462135139,-1.08469643016442,0.));
#2377=CARTESIAN_POINT('',(2.14813462135139,-1.08469643016442,0.));
#2378=CARTESIAN_POINT('Origin',(4.61664004927002,-0.689119696348715,0.));
#2379=CARTESIAN_POINT('',(4.61664004927002,-0.689119696348715,0.));
#2380=CARTESIAN_POINT('Origin',(3.90460192840175,3.7541900739048,0.));
#2381=CARTESIAN_POINT('',(3.90460192840175,3.7541900739048,0.));
#2382=CARTESIAN_POINT('Origin',(7.85421061307155,4.38711284800993,0.));
#2383=CARTESIAN_POINT('',(7.85421061307155,4.38711284800993,0.));
#2384=CARTESIAN_POINT('Origin',(8.56624873393981,-0.056196922243591,0.));
#2385=CARTESIAN_POINT('',(8.56624873393981,-0.0561969222435918,0.));
#2386=CARTESIAN_POINT('Origin',(11.0347541618584,0.33937981157211,0.));
#2387=CARTESIAN_POINT('',(11.0347541618584,0.33937981157211,0.));
#2388=CARTESIAN_POINT('Origin',(11.5094462424373,-2.62282670193024,0.));
#2389=CARTESIAN_POINT('',(11.5094462424373,-2.62282670193024,0.));
#2390=CARTESIAN_POINT('Origin',(9.04094081451866,-3.01840343574594,0.));
#2391=CARTESIAN_POINT('',(9.04094081451866,-3.01840343574594,0.));
#2392=CARTESIAN_POINT('Origin',(9.75297893538692,-7.46171320599946,0.));
#2393=CARTESIAN_POINT('',(9.75297893538692,-7.46171320599946,0.));
#2394=CARTESIAN_POINT('Origin',(7.77817459305202,-7.77817459305202,0.));
#2395=CARTESIAN_POINT('',(5.80337025071713,-8.09463598010459,0.));
#2396=CARTESIAN_POINT('Origin',(5.09133212984886,-3.65132620985106,0.));
#2397=CARTESIAN_POINT('Origin',(-3.8705122647456,5.95547461688132,0.));
#2398=CARTESIAN_POINT('',(-3.8705122647456,5.95547461688132,0.));
#2399=CARTESIAN_POINT('',(0.491491933570544,7.06133146741505,0.));
#2400=CARTESIAN_POINT('Origin',(-3.25614734778242,3.53213895115014,0.));
#2401=CARTESIAN_POINT('',(-3.25614734778242,3.53213895115014,0.));
#2402=CARTESIAN_POINT('Origin',(-6.16415014665985,2.79490105079432,0.));
#2403=CARTESIAN_POINT('',(-6.16415014665985,2.79490105079432,0.));
#2404=CARTESIAN_POINT('Origin',(-6.77851506362303,5.21823671652551,0.));
#2405=CARTESIAN_POINT('',(-6.77851506362303,5.21823671652551,0.));
#2406=CARTESIAN_POINT('Origin',(-11.1405192619392,4.11237986599179,0.));
#2407=CARTESIAN_POINT('',(-11.1405192619392,4.11237986599179,0.));
#2408=CARTESIAN_POINT('Origin',(-12.1235031290803,7.98971693116169,0.));
#2409=CARTESIAN_POINT('',(-12.1235031290803,7.98971693116169,0.));
#2410=CARTESIAN_POINT('Origin',(-7.76149893076411,9.09557378169541,0.));
#2411=CARTESIAN_POINT('',(-7.76149893076411,9.09557378169541,0.));
#2412=CARTESIAN_POINT('Origin',(-8.3758638477273,11.5189094474266,0.));
#2413=CARTESIAN_POINT('',(-8.3758638477273,11.5189094474266,0.));
#2414=CARTESIAN_POINT('Origin',(-5.46786104884987,12.2561473477824,0.));
#2415=CARTESIAN_POINT('',(-5.46786104884987,12.2561473477824,0.));
#2416=CARTESIAN_POINT('Origin',(-4.85349613188669,9.83281168205123,0.));
#2417=CARTESIAN_POINT('',(-4.85349613188669,9.83281168205123,0.));
#2418=CARTESIAN_POINT('Origin',(-0.491491933570543,10.938668532585,0.));
#2419=CARTESIAN_POINT('',(-0.491491933570543,10.938668532585,0.));
#2420=CARTESIAN_POINT('Origin',(4.41213041805076E-32,9.,0.));
#2421=CARTESIAN_POINT('Origin',(-6.33366995813019,-11.177473246796,0.));
#2422=CARTESIAN_POINT('',(-6.33366995813019,-11.177473246796,0.));
#2423=CARTESIAN_POINT('',(-7.3455662669709,-6.84800073677704,0.));
#2424=CARTESIAN_POINT('Origin',(-0.684205204127997,-9.12067479166667,0.));
#2425=CARTESIAN_POINT('',(-0.684205204125188,-9.12067479167438,0.));
#2426=CARTESIAN_POINT('Origin',(-2.77369312498518E-13,-11.0000000000001,
0.));
#2427=CARTESIAN_POINT('',(0.684205204116965,-12.8793252083285,0.));
#2428=CARTESIAN_POINT('Origin',(-10.5917460458508,-16.9845564330405,0.));
#2429=CARTESIAN_POINT('',(-15.9730151786904,-18.9437130117752,0.));
#2430=CARTESIAN_POINT('Origin',(-13.674988249498,-8.32733077672837,0.));
#2431=CARTESIAN_POINT('',(-13.674988249498,-8.32733077672837,0.));
#2432=CARTESIAN_POINT('Origin',(-14.3577559602448,-5.40605909248508,0.));
#2433=CARTESIAN_POINT('',(-14.3577559602448,-5.40605909248508,0.));
#2434=CARTESIAN_POINT('Origin',(-11.9233628900421,-4.83708600019611,0.));
#2435=CARTESIAN_POINT('',(-11.9233628900421,-4.83708600019611,0.));
#2436=CARTESIAN_POINT('Origin',(-12.9475144561622,-0.455178473831173,0.));
#2437=CARTESIAN_POINT('',(-12.9475144561622,-0.455178473831173,0.));
#2438=CARTESIAN_POINT('Origin',(-11.,1.36314857258864E-15,0.));
#2439=CARTESIAN_POINT('',(-9.05248554383782,0.455178473831179,0.));
#2440=CARTESIAN_POINT('Origin',(-8.02833397771767,-3.92672905253376,0.));
#2441=CARTESIAN_POINT('',(-8.02833397771767,-3.92672905253376,0.));
#2442=CARTESIAN_POINT('Origin',(-5.59394090751493,-3.35775596024478,0.));
#2443=CARTESIAN_POINT('',(-5.59394090751493,-3.35775596024478,0.));
#2444=CARTESIAN_POINT('Origin',(-4.91117319676816,-6.27902764448807,0.));
#2445=CARTESIAN_POINT('',(-4.91117319676816,-6.27902764448807,0.));
#2446=CARTESIAN_POINT('Origin',(-7.3455662669709,-6.84800073677704,0.));
#2447=CARTESIAN_POINT('Origin',(12.,-12.,0.));
#2448=CARTESIAN_POINT('',(12.,-20.,0.));
#2449=CARTESIAN_POINT('',(20.,-12.,0.));
#2450=CARTESIAN_POINT('Origin',(20.,-20.,0.));
#2451=CARTESIAN_POINT('',(20.,12.,0.));
#2452=CARTESIAN_POINT('Origin',(12.,12.,0.));
#2453=CARTESIAN_POINT('',(12.,20.,0.));
#2454=CARTESIAN_POINT('Origin',(20.,20.,0.));
#2455=CARTESIAN_POINT('',(-12.,20.,0.));
#2456=CARTESIAN_POINT('Origin',(-12.,12.,0.));
#2457=CARTESIAN_POINT('',(-20.,12.,0.));
#2458=CARTESIAN_POINT('Origin',(-20.,20.,0.));
#2459=CARTESIAN_POINT('',(-20.0000002980232,1.00000001490116,0.));
#2460=CARTESIAN_POINT('Origin',(-12.,-12.,0.));
#2461=CARTESIAN_POINT('',(-12.,-20.,0.));
#2462=CARTESIAN_POINT('Origin',(-20.,-1.00000001490116,0.));
#2463=CARTESIAN_POINT('',(-20.0000002980232,-1.00000001490116,0.));
#2464=CARTESIAN_POINT('Origin',(0.,0.,0.));
#2465=CARTESIAN_POINT('',(-0.5,-6.12323399573677E-17,0.));
#2466=CARTESIAN_POINT('Origin',(6.00000008940697,-14.0000002086163,0.));
#2467=CARTESIAN_POINT('',(4.50000008940697,-14.0000002086163,0.));
#2468=CARTESIAN_POINT('Origin',(-15.6755164835329,-11.4448608340439,0.));
#2469=CARTESIAN_POINT('',(-17.1755164835329,-11.4448608340439,0.));
#2470=CARTESIAN_POINT('Origin',(-2.32970924864231,15.9974552926998,0.));
#2471=CARTESIAN_POINT('',(-3.82970924864231,15.9974552926998,0.));
#2472=CARTESIAN_POINT('Origin',(16.1041869945503,2.73505935302734,0.));
#2473=CARTESIAN_POINT('',(14.6041869945503,2.73505935302734,0.));
#2474=CARTESIAN_POINT('Origin',(1.,-20.,0.));
#2475=CARTESIAN_POINT('',(1.,-20.,0.));
#2476=CARTESIAN_POINT('Origin',(0.,-18.5,0.));
#2477=CARTESIAN_POINT('',(0.,-18.5,0.));
#2478=CARTESIAN_POINT('Origin',(-1.,-20.,0.));
#2479=CARTESIAN_POINT('',(-1.,-20.,0.));
#2480=CARTESIAN_POINT('Origin',(-20.,-20.,0.));
#2481=CARTESIAN_POINT('Origin',(-18.5,0.,0.));
#2482=CARTESIAN_POINT('',(-18.5,0.,0.));
#2483=CARTESIAN_POINT('Origin',(-20.0000002980232,1.00000001490116,0.));
#2484=UNCERTAINTY_MEASURE_WITH_UNIT(LENGTH_MEASURE(0.01),#2488,
'DISTANCE_ACCURACY_VALUE',
'Maximum model space distance between geometric entities at asserted c
onnectivities');
#2485=UNCERTAINTY_MEASURE_WITH_UNIT(LENGTH_MEASURE(0.01),#2488,
'DISTANCE_ACCURACY_VALUE',
'Maximum model space distance between geometric entities at asserted c
onnectivities');
#2486=(
GEOMETRIC_REPRESENTATION_CONTEXT(3)
GLOBAL_UNCERTAINTY_ASSIGNED_CONTEXT((#2484))
GLOBAL_UNIT_ASSIGNED_CONTEXT((#2488,#2490,#2491))
REPRESENTATION_CONTEXT('','3D')
);
#2487=(
GEOMETRIC_REPRESENTATION_CONTEXT(3)
GLOBAL_UNCERTAINTY_ASSIGNED_CONTEXT((#2485))
GLOBAL_UNIT_ASSIGNED_CONTEXT((#2488,#2490,#2491))
REPRESENTATION_CONTEXT('','3D')
);
#2488=(
LENGTH_UNIT()
NAMED_UNIT(*)
SI_UNIT(.MILLI.,.METRE.)
);
#2489=(
LENGTH_UNIT()
NAMED_UNIT(*)
SI_UNIT($,.METRE.)
);
#2490=(
NAMED_UNIT(*)
PLANE_ANGLE_UNIT()
SI_UNIT($,.RADIAN.)
);
#2491=(
NAMED_UNIT(*)
SI_UNIT($,.STERADIAN.)
SOLID_ANGLE_UNIT()
);
#2492=SHAPE_DEFINITION_REPRESENTATION(#2493,#2494);
#2493=PRODUCT_DEFINITION_SHAPE('',$,#2496);
#2494=SHAPE_REPRESENTATION('',(#1500),#2486);
#2495=PRODUCT_DEFINITION_CONTEXT('part definition',#2500,'design');
#2496=PRODUCT_DEFINITION('BearingPlate4','BearingPlate4 v9',#2497,#2495);
#2497=PRODUCT_DEFINITION_FORMATION('',$,#2502);
#2498=PRODUCT_RELATED_PRODUCT_CATEGORY('BearingPlate4 v9',
'BearingPlate4 v9',(#2502));
#2499=APPLICATION_PROTOCOL_DEFINITION('international standard',
'automotive_design',2009,#2500);
#2500=APPLICATION_CONTEXT(
'Core Data for Automotive Mechanical Design Process');
#2501=PRODUCT_CONTEXT('part definition',#2500,'mechanical');
#2502=PRODUCT('BearingPlate4','BearingPlate4 v9',$,(#2501));
#2503=PRESENTATION_STYLE_ASSIGNMENT((#2505));
#2504=PRESENTATION_STYLE_ASSIGNMENT((#2506));
#2505=SURFACE_STYLE_USAGE(.BOTH.,#2507);
#2506=SURFACE_STYLE_USAGE(.BOTH.,#2508);
#2507=SURFACE_SIDE_STYLE('',(#2509));
#2508=SURFACE_SIDE_STYLE('',(#2510));
#2509=SURFACE_STYLE_FILL_AREA(#2511);
#2510=SURFACE_STYLE_FILL_AREA(#2512);
#2511=FILL_AREA_STYLE('Steel - Satin',(#2513));
#2512=FILL_AREA_STYLE('Acrylic (Clear)',(#2514));
#2513=FILL_AREA_STYLE_COLOUR('Steel - Satin',#2515);
#2514=FILL_AREA_STYLE_COLOUR('Acrylic (Clear)',#2516);
#2515=COLOUR_RGB('Steel - Satin',0.627450980392157,0.627450980392157,0.627450980392157);
#2516=COLOUR_RGB('Acrylic (Clear)',0.964705882352941,0.964705882352941,
0.952941176470588);
ENDSEC;
END-ISO-10303-21;
