ISO-10303-21;
HEADER;
/* Generated by software containing ST-Developer
 * from STEP Tools, Inc. (www.steptools.com) 
 */

FILE_DESCRIPTION(
/* description */ (''),
/* implementation_level */ '2;1');

FILE_NAME(
/* name */ 'CenterRingV3_v26.step',
/* time_stamp */ '2026-08-21T09:21:30-04:00',
/* author */ (''),
/* organization */ (''),
/* preprocessor_version */ 'ST-DEVELOPER v20.1',
/* originating_system */ 'Autodesk Translation Framework v15.8.0.0',
/* authorisation */ '');

FILE_SCHEMA (('AUTOMOTIVE_DESIGN { 1 0 10303 214 3 1 1 }'));
ENDSEC;

DATA;
#10=MECHANICAL_DESIGN_GEOMETRIC_PRESENTATION_REPRESENTATION('',(#75,#76),
#8336);
#11=SHAPE_REPRESENTATION_RELATIONSHIP('SRR','None',#8343,#12);
#12=ADVANCED_BREP_SHAPE_REPRESENTATION('',(#77,#78),#8335);
#13=TOROIDAL_SURFACE('',#4143,19.4772255750517,0.5);
#14=TOROIDAL_SURFACE('',#4149,18.4370598373247,0.5);
#15=TOROIDAL_SURFACE('',#4155,19.4772255750517,0.5);
#16=TOROIDAL_SURFACE('',#4162,18.4370598373247,0.5);
#17=TOROIDAL_SURFACE('',#4168,19.4772255750517,0.5);
#18=TOROIDAL_SURFACE('',#4174,18.4370598373247,0.5);
#19=TOROIDAL_SURFACE('',#4180,19.4772255750517,0.5);
#20=TOROIDAL_SURFACE('',#4186,18.4370598373247,0.5);
#21=TOROIDAL_SURFACE('',#4192,19.4772255750517,0.5);
#22=TOROIDAL_SURFACE('',#4198,18.4370598373247,0.5);
#23=TOROIDAL_SURFACE('',#4225,18.9749371855331,0.5);
#24=TOROIDAL_SURFACE('',#4231,17.7996710383927,0.5);
#25=TOROIDAL_SURFACE('',#4237,18.9749371855331,0.5);
#26=TOROIDAL_SURFACE('',#4244,17.7996710383927,0.5);
#27=TOROIDAL_SURFACE('',#4250,18.9749371855331,0.5);
#28=TOROIDAL_SURFACE('',#4256,17.7996710383927,0.5);
#29=TOROIDAL_SURFACE('',#4261,18.9749371855331,0.5);
#30=TOROIDAL_SURFACE('',#4266,17.7996710383927,0.5);
#31=TOROIDAL_SURFACE('',#4271,18.9749371855331,0.5);
#32=TOROIDAL_SURFACE('',#4276,17.7996710383927,0.5);
#33=TOROIDAL_SURFACE('',#4292,14.,6.);
#34=TOROIDAL_SURFACE('',#4295,14.,4.5);
#35=B_SPLINE_SURFACE_WITH_KNOTS('',3,3,((#6185,#6186,#6187,#6188,#6189,
#6190),(#6191,#6192,#6193,#6194,#6195,#6196),(#6197,#6198,#6199,#6200,#6201,
#6202),(#6203,#6204,#6205,#6206,#6207,#6208),(#6209,#6210,#6211,#6212,#6213,
#6214),(#6215,#6216,#6217,#6218,#6219,#6220)),.UNSPECIFIED.,.F.,.F.,.F.,
(4,1,1,4),(4,1,1,4),(0.,0.285714285714286,0.571428571428571,1.),(0.,0.064648822774682,
0.129297645549364,0.226270879711387),.UNSPECIFIED.);
#36=B_SPLINE_SURFACE_WITH_KNOTS('',3,3,((#6245,#6246,#6247,#6248,#6249,
#6250),(#6251,#6252,#6253,#6254,#6255,#6256),(#6257,#6258,#6259,#6260,#6261,
#6262),(#6263,#6264,#6265,#6266,#6267,#6268),(#6269,#6270,#6271,#6272,#6273,
#6274),(#6275,#6276,#6277,#6278,#6279,#6280)),.UNSPECIFIED.,.F.,.F.,.F.,
(4,1,1,4),(4,1,1,4),(0.,0.285714285714286,0.571428571428571,1.),(5.91537402857531E-16,
0.0969734364234362,0.16162239403906,0.226271351654684),.UNSPECIFIED.);
#37=B_SPLINE_SURFACE_WITH_KNOTS('',3,3,((#6296,#6297,#6298,#6299,#6300,
#6301,#6302),(#6303,#6304,#6305,#6306,#6307,#6308,#6309),(#6310,#6311,#6312,
#6313,#6314,#6315,#6316),(#6317,#6318,#6319,#6320,#6321,#6322,#6323),(#6324,
#6325,#6326,#6327,#6328,#6329,#6330),(#6331,#6332,#6333,#6334,#6335,#6336,
#6337)),.UNSPECIFIED.,.F.,.F.,.F.,(4,1,1,4),(4,1,1,1,4),(0.,0.285714285714286,
0.571428571428571,1.),(0.,0.0665002018637142,0.133000403727428,0.182875555125214,
0.232750706523),.UNSPECIFIED.);
#38=B_SPLINE_SURFACE_WITH_KNOTS('',3,3,((#6361,#6362,#6363,#6364,#6365,
#6366),(#6367,#6368,#6369,#6370,#6371,#6372),(#6373,#6374,#6375,#6376,#6377,
#6378),(#6379,#6380,#6381,#6382,#6383,#6384),(#6385,#6386,#6387,#6388,#6389,
#6390),(#6391,#6392,#6393,#6394,#6395,#6396)),.UNSPECIFIED.,.F.,.F.,.F.,
(4,1,1,4),(4,1,1,4),(0.,0.285714285714286,0.571428571428571,1.),(0.,0.0997501245011832,
0.166250207501972,0.232750290502761),.UNSPECIFIED.);
#39=B_SPLINE_SURFACE_WITH_KNOTS('',3,3,((#6412,#6413,#6414,#6415,#6416,
#6417,#6418),(#6419,#6420,#6421,#6422,#6423,#6424,#6425),(#6426,#6427,#6428,
#6429,#6430,#6431,#6432),(#6433,#6434,#6435,#6436,#6437,#6438,#6439),(#6440,
#6441,#6442,#6443,#6444,#6445,#6446),(#6447,#6448,#6449,#6450,#6451,#6452,
#6453)),.UNSPECIFIED.,.F.,.F.,.F.,(4,1,1,4),(4,1,1,1,4),(0.,0.285714285714286,
0.571428571428571,1.),(0.,0.0484860963591772,0.0969721927183544,0.161620321197257,
0.22626844967616),.UNSPECIFIED.);
#40=B_SPLINE_SURFACE_WITH_KNOTS('',3,3,((#6479,#6480,#6481,#6482,#6483,
#6484),(#6485,#6486,#6487,#6488,#6489,#6490),(#6491,#6492,#6493,#6494,#6495,
#6496),(#6497,#6498,#6499,#6500,#6501,#6502),(#6503,#6504,#6505,#6506,#6507,
#6508),(#6509,#6510,#6511,#6512,#6513,#6514)),.UNSPECIFIED.,.F.,.F.,.F.,
(4,1,1,4),(4,1,1,4),(0.,0.285714285714286,0.571428571428571,1.),(3.82174989006679E-16,
0.096973502610152,0.161622504350253,0.226271506090354),.UNSPECIFIED.);
#41=B_SPLINE_SURFACE_WITH_KNOTS('',3,3,((#6530,#6531,#6532,#6533,#6534,
#6535,#6536),(#6537,#6538,#6539,#6540,#6541,#6542,#6543),(#6544,#6545,#6546,
#6547,#6548,#6549,#6550),(#6551,#6552,#6553,#6554,#6555,#6556,#6557),(#6558,
#6559,#6560,#6561,#6562,#6563,#6564),(#6565,#6566,#6567,#6568,#6569,#6570,
#6571)),.UNSPECIFIED.,.F.,.F.,.F.,(4,1,1,4),(4,1,1,1,4),(0.,0.285714285714286,
0.571428571428571,1.),(0.,0.0997503251842895,0.166250541973816,0.199500650368579,
0.232750758763342),.UNSPECIFIED.);
#42=B_SPLINE_SURFACE_WITH_KNOTS('',3,3,((#6595,#6596,#6597,#6598,#6599,
#6600),(#6601,#6602,#6603,#6604,#6605,#6606),(#6607,#6608,#6609,#6610,#6611,
#6612),(#6613,#6614,#6615,#6616,#6617,#6618),(#6619,#6620,#6621,#6622,#6623,
#6624),(#6625,#6626,#6627,#6628,#6629,#6630)),.UNSPECIFIED.,.F.,.F.,.F.,
(4,1,1,4),(4,1,1,4),(0.,0.285714285714286,0.571428571428571,1.),(0.,0.133000728179403,
0.18287600124668,0.232751274313956),.UNSPECIFIED.);
#43=B_SPLINE_SURFACE_WITH_KNOTS('',3,3,((#6646,#6647,#6648,#6649,#6650,
#6651,#6652),(#6653,#6654,#6655,#6656,#6657,#6658,#6659),(#6660,#6661,#6662,
#6663,#6664,#6665,#6666),(#6667,#6668,#6669,#6670,#6671,#6672,#6673),(#6674,
#6675,#6676,#6677,#6678,#6679,#6680),(#6681,#6682,#6683,#6684,#6685,#6686,
#6687)),.UNSPECIFIED.,.F.,.F.,.F.,(4,1,1,4),(4,1,1,1,4),(0.,0.285714285714286,
0.571428571428571,1.),(0.,0.0484860603705051,0.0969721207410101,0.161620201235017,
0.226268281729024),.UNSPECIFIED.);
#44=B_SPLINE_SURFACE_WITH_KNOTS('',3,3,((#6711,#6712,#6713,#6714,#6715,
#6716),(#6717,#6718,#6719,#6720,#6721,#6722),(#6723,#6724,#6725,#6726,#6727,
#6728),(#6729,#6730,#6731,#6732,#6733,#6734),(#6735,#6736,#6737,#6738,#6739,
#6740),(#6741,#6742,#6743,#6744,#6745,#6746)),.UNSPECIFIED.,.F.,.F.,.F.,
(4,1,1,4),(4,1,1,4),(0.,0.285714285714286,0.571428571428571,1.),(6.47354527919731E-17,
0.0969734684360045,0.161622447393341,0.226271426350677),.UNSPECIFIED.);
#45=B_SPLINE_SURFACE_WITH_KNOTS('',3,3,((#6762,#6763,#6764,#6765,#6766,
#6767,#6768),(#6769,#6770,#6771,#6772,#6773,#6774,#6775),(#6776,#6777,#6778,
#6779,#6780,#6781,#6782),(#6783,#6784,#6785,#6786,#6787,#6788,#6789),(#6790,
#6791,#6792,#6793,#6794,#6795,#6796),(#6797,#6798,#6799,#6800,#6801,#6802,
#6803)),.UNSPECIFIED.,.F.,.F.,.F.,(4,1,1,4),(4,1,1,1,4),(0.,0.285714285714286,
0.571428571428571,1.),(6.99722014547432E-17,0.0997503212130251,0.166250535355042,
0.19950064242605,0.232750749497058),.UNSPECIFIED.);
#46=B_SPLINE_SURFACE_WITH_KNOTS('',3,3,((#6827,#6828,#6829,#6830,#6831,
#6832),(#6833,#6834,#6835,#6836,#6837,#6838),(#6839,#6840,#6841,#6842,#6843,
#6844),(#6845,#6846,#6847,#6848,#6849,#6850),(#6851,#6852,#6853,#6854,#6855,
#6856),(#6857,#6858,#6859,#6860,#6861,#6862)),.UNSPECIFIED.,.F.,.F.,.F.,
(4,1,1,4),(4,1,1,4),(0.,0.285714285714286,0.571428571428571,1.),(0.,0.0997506022806411,
0.166251003801069,0.232751405321496),.UNSPECIFIED.);
#47=B_SPLINE_SURFACE_WITH_KNOTS('',3,3,((#6878,#6879,#6880,#6881,#6882,
#6883),(#6884,#6885,#6886,#6887,#6888,#6889),(#6890,#6891,#6892,#6893,#6894,
#6895),(#6896,#6897,#6898,#6899,#6900,#6901),(#6902,#6903,#6904,#6905,#6906,
#6907),(#6908,#6909,#6910,#6911,#6912,#6913)),.UNSPECIFIED.,.F.,.F.,.F.,
(4,1,1,4),(4,1,1,4),(0.,0.285714285714286,0.571428571428571,1.),(0.,0.0646480846605976,
0.129296169321195,0.226268296312091),.UNSPECIFIED.);
#48=B_SPLINE_SURFACE_WITH_KNOTS('',3,3,((#6935,#6936,#6937,#6938,#6939,
#6940),(#6941,#6942,#6943,#6944,#6945,#6946),(#6947,#6948,#6949,#6950,#6951,
#6952),(#6953,#6954,#6955,#6956,#6957,#6958),(#6959,#6960,#6961,#6962,#6963,
#6964),(#6965,#6966,#6967,#6968,#6969,#6970)),.UNSPECIFIED.,.F.,.F.,.F.,
(4,1,1,4),(4,1,1,4),(0.,0.285714285714286,0.571428571428571,1.),(1.08128431838565E-16,
0.129297932659501,0.177784657406814,0.226271382154127),.UNSPECIFIED.);
#49=B_SPLINE_SURFACE_WITH_KNOTS('',3,3,((#6986,#6987,#6988,#6989,#6990,
#6991,#6992),(#6993,#6994,#6995,#6996,#6997,#6998,#6999),(#7000,#7001,#7002,
#7003,#7004,#7005,#7006),(#7007,#7008,#7009,#7010,#7011,#7012,#7013),(#7014,
#7015,#7016,#7017,#7018,#7019,#7020),(#7021,#7022,#7023,#7024,#7025,#7026,
#7027)),.UNSPECIFIED.,.F.,.F.,.F.,(4,1,1,4),(4,1,1,1,4),(0.,0.285714285714286,
0.571428571428571,1.),(5.7249983008421E-17,0.0665001746087275,0.133000349217455,
0.182875480174001,0.232750611130546),.UNSPECIFIED.);
#50=B_SPLINE_SURFACE_WITH_KNOTS('',3,3,((#7051,#7052,#7053,#7054,#7055,
#7056),(#7057,#7058,#7059,#7060,#7061,#7062),(#7063,#7064,#7065,#7066,#7067,
#7068),(#7069,#7070,#7071,#7072,#7073,#7074),(#7075,#7076,#7077,#7078,#7079,
#7080),(#7081,#7082,#7083,#7084,#7085,#7086)),.UNSPECIFIED.,.F.,.F.,.F.,
(4,1,1,4),(4,1,1,4),(0.,0.285714285714286,0.571428571428571,1.),(0.,0.0997504182376144,
0.166250697062691,0.232750975887767),.UNSPECIFIED.);
#51=B_SPLINE_SURFACE_WITH_KNOTS('',3,3,((#7102,#7103,#7104,#7105,#7106,
#7107,#7108),(#7109,#7110,#7111,#7112,#7113,#7114,#7115),(#7116,#7117,#7118,
#7119,#7120,#7121,#7122),(#7123,#7124,#7125,#7126,#7127,#7128,#7129),(#7130,
#7131,#7132,#7133,#7134,#7135,#7136),(#7137,#7138,#7139,#7140,#7141,#7142,
#7143)),.UNSPECIFIED.,.F.,.F.,.F.,(4,1,1,4),(4,1,1,1,4),(0.,0.285714285714286,
0.571428571428571,1.),(0.,0.0484860675083688,0.0969721350167376,0.161620225027896,
0.226268315039054),.UNSPECIFIED.);
#52=B_SPLINE_SURFACE_WITH_KNOTS('',3,3,((#7167,#7168,#7169,#7170,#7171,
#7172),(#7173,#7174,#7175,#7176,#7177,#7178),(#7179,#7180,#7181,#7182,#7183,
#7184),(#7185,#7186,#7187,#7188,#7189,#7190),(#7191,#7192,#7193,#7194,#7195,
#7196),(#7197,#7198,#7199,#7200,#7201,#7202)),.UNSPECIFIED.,.F.,.F.,.F.,
(4,1,1,4),(4,1,1,4),(0.,0.285714285714286,0.571428571428571,1.),(0.,0.0969732331948954,
0.161622055324826,0.226270877454756),.UNSPECIFIED.);
#53=B_SPLINE_SURFACE_WITH_KNOTS('',3,3,((#7218,#7219,#7220,#7221,#7222,
#7223,#7224),(#7225,#7226,#7227,#7228,#7229,#7230,#7231),(#7232,#7233,#7234,
#7235,#7236,#7237,#7238),(#7239,#7240,#7241,#7242,#7243,#7244,#7245),(#7246,
#7247,#7248,#7249,#7250,#7251,#7252),(#7253,#7254,#7255,#7256,#7257,#7258,
#7259)),.UNSPECIFIED.,.F.,.F.,.F.,(4,1,1,4),(4,1,1,1,4),(0.,0.285714285714286,
0.571428571428571,1.),(4.97364804790242E-18,0.0997503109005162,0.166250518167527,
0.199500621801032,0.232750725434538),.UNSPECIFIED.);
#54=B_SPLINE_SURFACE_WITH_KNOTS('',3,3,((#7283,#7284,#7285,#7286,#7287,
#7288),(#7289,#7290,#7291,#7292,#7293,#7294),(#7295,#7296,#7297,#7298,#7299,
#7300),(#7301,#7302,#7303,#7304,#7305,#7306),(#7307,#7308,#7309,#7310,#7311,
#7312),(#7313,#7314,#7315,#7316,#7317,#7318)),.UNSPECIFIED.,.F.,.F.,.F.,
(4,1,1,4),(4,1,1,4),(0.,0.285714285714286,0.571428571428571,1.),(3.76927973210592E-17,
0.0997503105094397,0.166250517515733,0.232750724522026),.UNSPECIFIED.);
#55=B_SPLINE_SURFACE_WITH_KNOTS('',3,3,((#7437,#7438,#7439,#7440,#7441,
#7442),(#7443,#7444,#7445,#7446,#7447,#7448),(#7449,#7450,#7451,#7452,#7453,
#7454),(#7455,#7456,#7457,#7458,#7459,#7460),(#7461,#7462,#7463,#7464,#7465,
#7466)),.UNSPECIFIED.,.F.,.F.,.F.,(4,1,4),(4,1,1,4),(0.,0.5,1.),(0.,0.0673892946387042,
0.134778589277408,0.235862531235465),.UNSPECIFIED.);
#56=B_SPLINE_SURFACE_WITH_KNOTS('',3,3,((#7477,#7478,#7479,#7480,#7481,
#7482),(#7483,#7484,#7485,#7486,#7487,#7488),(#7489,#7490,#7491,#7492,#7493,
#7494),(#7495,#7496,#7497,#7498,#7499,#7500),(#7501,#7502,#7503,#7504,#7505,
#7506)),.UNSPECIFIED.,.F.,.F.,.F.,(4,1,4),(4,1,1,4),(0.,0.5,1.),(0.,0.0972304401426893,
0.162050733571149,0.226871026999608),.UNSPECIFIED.);
#57=B_SPLINE_SURFACE_WITH_KNOTS('',3,3,((#7521,#7522,#7523,#7524,#7525),
(#7526,#7527,#7528,#7529,#7530),(#7531,#7532,#7533,#7534,#7535),(#7536,
#7537,#7538,#7539,#7540),(#7541,#7542,#7543,#7544,#7545)),.UNSPECIFIED.,
 .F.,.F.,.F.,(4,1,4),(4,1,4),(0.,0.5,1.),(0.,0.0972284980632167,0.226866495480839),
 .UNSPECIFIED.);
#58=B_SPLINE_SURFACE_WITH_KNOTS('',3,3,((#7559,#7560,#7561,#7562,#7563),
(#7564,#7565,#7566,#7567,#7568),(#7569,#7570,#7571,#7572,#7573),(#7574,
#7575,#7576,#7577,#7578),(#7579,#7580,#7581,#7582,#7583)),.UNSPECIFIED.,
 .F.,.F.,.F.,(4,1,4),(4,1,4),(0.,0.5,1.),(0.,0.101085058324822,0.235865136091252),
 .UNSPECIFIED.);
#59=B_SPLINE_SURFACE_WITH_KNOTS('',3,3,((#7603,#7604,#7605,#7606,#7607),
(#7608,#7609,#7610,#7611,#7612),(#7613,#7614,#7615,#7616,#7617),(#7618,
#7619,#7620,#7621,#7622),(#7623,#7624,#7625,#7626,#7627)),.UNSPECIFIED.,
 .F.,.F.,.F.,(4,1,4),(4,1,4),(0.,0.5,1.),(0.,0.101083987996171,0.235862638657733),
 .UNSPECIFIED.);
#60=B_SPLINE_SURFACE_WITH_KNOTS('',3,3,((#7641,#7642,#7643,#7644,#7645,
#7646),(#7647,#7648,#7649,#7650,#7651,#7652),(#7653,#7654,#7655,#7656,#7657,
#7658),(#7659,#7660,#7661,#7662,#7663,#7664),(#7665,#7666,#7667,#7668,#7669,
#7670)),.UNSPECIFIED.,.F.,.F.,.F.,(4,1,4),(4,1,1,4),(0.,0.5,1.),(0.,0.0972299946088155,
0.162049991014693,0.22686998742057),.UNSPECIFIED.);
#61=B_SPLINE_SURFACE_WITH_KNOTS('',3,3,((#7694,#7695,#7696,#7697,#7698,
#7699),(#7700,#7701,#7702,#7703,#7704,#7705),(#7706,#7707,#7708,#7709,#7710,
#7711),(#7712,#7713,#7714,#7715,#7716,#7717),(#7718,#7719,#7720,#7721,#7722,
#7723)),.UNSPECIFIED.,.F.,.F.,.F.,(4,1,4),(4,1,1,4),(0.,0.5,1.),(0.,0.064820163754814,
0.129640327509628,0.226870573141849),.UNSPECIFIED.);
#62=B_SPLINE_SURFACE_WITH_KNOTS('',3,3,((#7739,#7740,#7741,#7742,#7743),
(#7744,#7745,#7746,#7747,#7748),(#7749,#7750,#7751,#7752,#7753),(#7754,
#7755,#7756,#7757,#7758),(#7759,#7760,#7761,#7762,#7763)),.UNSPECIFIED.,
 .F.,.F.,.F.,(4,1,4),(4,1,4),(0.,0.5,1.),(0.,0.101085296083431,0.235865690861338),
 .UNSPECIFIED.);
#63=B_SPLINE_SURFACE_WITH_KNOTS('',3,3,((#7783,#7784,#7785,#7786,#7787),
(#7788,#7789,#7790,#7791,#7792),(#7793,#7794,#7795,#7796,#7797),(#7798,
#7799,#7800,#7801,#7802),(#7803,#7804,#7805,#7806,#7807)),.UNSPECIFIED.,
 .F.,.F.,.F.,(4,1,4),(4,1,4),(0.,0.5,1.),(6.21814789258458E-17,0.101083777987974,
0.235862148638607),.UNSPECIFIED.);
#64=B_SPLINE_SURFACE_WITH_KNOTS('',3,3,((#7821,#7822,#7823,#7824,#7825),
(#7826,#7827,#7828,#7829,#7830),(#7831,#7832,#7833,#7834,#7835),(#7836,
#7837,#7838,#7839,#7840),(#7841,#7842,#7843,#7844,#7845)),.UNSPECIFIED.,
 .F.,.F.,.F.,(4,1,4),(4,1,4),(0.,0.5,1.),(0.,0.129639633617517,0.226869358830654),
 .UNSPECIFIED.);
#65=B_SPLINE_SURFACE_WITH_KNOTS('',3,3,((#7865,#7866,#7867,#7868,#7869,
#7870),(#7871,#7872,#7873,#7874,#7875,#7876),(#7877,#7878,#7879,#7880,#7881,
#7882),(#7883,#7884,#7885,#7886,#7887,#7888),(#7889,#7890,#7891,#7892,#7893,
#7894)),.UNSPECIFIED.,.F.,.F.,.F.,(4,1,4),(4,1,1,4),(0.,0.5,1.),(0.,0.0648202645494932,
0.129640529098986,0.226870925923226),.UNSPECIFIED.);
#66=B_SPLINE_SURFACE_WITH_KNOTS('',3,3,((#7910,#7911,#7912,#7913,#7914),
(#7915,#7916,#7917,#7918,#7919),(#7920,#7921,#7922,#7923,#7924),(#7925,
#7926,#7927,#7928,#7929),(#7930,#7931,#7932,#7933,#7934)),.UNSPECIFIED.,
 .F.,.F.,.F.,(4,1,4),(4,1,4),(0.,0.5,1.),(0.,0.101085263237634,0.235865614221147),
 .UNSPECIFIED.);
#67=B_SPLINE_SURFACE_WITH_KNOTS('',3,3,((#7951,#7952,#7953,#7954,#7955),
(#7956,#7957,#7958,#7959,#7960),(#7961,#7962,#7963,#7964,#7965),(#7966,
#7967,#7968,#7969,#7970),(#7971,#7972,#7973,#7974,#7975)),.UNSPECIFIED.,
 .F.,.F.,.F.,(4,1,4),(4,1,4),(0.,0.5,1.),(0.,0.101083782947249,0.235862160210249),
 .UNSPECIFIED.);
#68=B_SPLINE_SURFACE_WITH_KNOTS('',3,3,((#7983,#7984,#7985,#7986,#7987),
(#7988,#7989,#7990,#7991,#7992),(#7993,#7994,#7995,#7996,#7997),(#7998,
#7999,#8000,#8001,#8002),(#8003,#8004,#8005,#8006,#8007)),.UNSPECIFIED.,
 .F.,.F.,.F.,(4,1,4),(4,1,4),(0.,0.5,1.),(0.,0.129641488096865,0.226872604169514),
 .UNSPECIFIED.);
#69=B_SPLINE_SURFACE_WITH_KNOTS('',3,3,((#8019,#8020,#8021,#8022,#8023),
(#8024,#8025,#8026,#8027,#8028),(#8029,#8030,#8031,#8032,#8033),(#8034,
#8035,#8036,#8037,#8038),(#8039,#8040,#8041,#8042,#8043)),.UNSPECIFIED.,
 .F.,.F.,.F.,(4,1,4),(4,1,4),(0.,0.5,1.),(0.,0.0972300718751509,0.226870167708685),
 .UNSPECIFIED.);
#70=B_SPLINE_SURFACE_WITH_KNOTS('',3,3,((#8051,#8052,#8053,#8054,#8055),
(#8056,#8057,#8058,#8059,#8060),(#8061,#8062,#8063,#8064,#8065),(#8066,
#8067,#8068,#8069,#8070),(#8071,#8072,#8073,#8074,#8075)),.UNSPECIFIED.,
 .F.,.F.,.F.,(4,1,4),(4,1,4),(0.,0.5,1.),(0.,0.101083208794037,0.23586082051942),
 .UNSPECIFIED.);
#71=B_SPLINE_SURFACE_WITH_KNOTS('',3,3,((#8087,#8088,#8089,#8090,#8091,
#8092),(#8093,#8094,#8095,#8096,#8097,#8098),(#8099,#8100,#8101,#8102,#8103,
#8104),(#8105,#8106,#8107,#8108,#8109,#8110),(#8111,#8112,#8113,#8114,#8115,
#8116)),.UNSPECIFIED.,.F.,.F.,.F.,(4,1,4),(4,1,1,4),(0.,0.5,1.),(8.08288323551497E-17,
0.0673887416242123,0.134777483248425,0.235860595684743),.UNSPECIFIED.);
#72=B_SPLINE_SURFACE_WITH_KNOTS('',3,3,((#8125,#8126,#8127,#8128,#8129),
(#8130,#8131,#8132,#8133,#8134),(#8135,#8136,#8137,#8138,#8139),(#8140,
#8141,#8142,#8143,#8144),(#8145,#8146,#8147,#8148,#8149)),.UNSPECIFIED.,
 .F.,.F.,.F.,(4,1,4),(4,1,4),(0.,0.5,1.),(0.,0.129639706621179,0.226869486587064),
 .UNSPECIFIED.);
#73=B_SPLINE_SURFACE_WITH_KNOTS('',3,3,((#8161,#8162,#8163,#8164,#8165,
#8166),(#8167,#8168,#8169,#8170,#8171,#8172),(#8173,#8174,#8175,#8176,#8177,
#8178),(#8179,#8180,#8181,#8182,#8183,#8184),(#8185,#8186,#8187,#8188,#8189,
#8190)),.UNSPECIFIED.,.F.,.F.,.F.,(4,1,4),(4,1,1,4),(0.,0.5,1.),(0.,0.0648204591930667,
0.129640918386133,0.226871607175733),.UNSPECIFIED.);
#74=B_SPLINE_SURFACE_WITH_KNOTS('',3,3,((#8199,#8200,#8201,#8202,#8203),
(#8204,#8205,#8206,#8207,#8208),(#8209,#8210,#8211,#8212,#8213),(#8214,
#8215,#8216,#8217,#8218),(#8219,#8220,#8221,#8222,#8223)),.UNSPECIFIED.,
 .F.,.F.,.F.,(4,1,4),(4,1,4),(0.,0.5,1.),(0.,0.101085043638249,0.23586510182258),
 .UNSPECIFIED.);
#75=STYLED_ITEM('',(#8353),#77);
#76=STYLED_ITEM('',(#8354),#78);
#77=MANIFOLD_SOLID_BREP('Body5',#3885);
#78=MANIFOLD_SOLID_BREP('Body8',#3886);
#79=FACE_BOUND('',#475,.T.);
#80=FACE_BOUND('',#476,.T.);
#81=FACE_BOUND('',#477,.T.);
#82=FACE_BOUND('',#478,.T.);
#83=FACE_BOUND('',#479,.T.);
#84=FACE_BOUND('',#480,.T.);
#85=FACE_BOUND('',#481,.T.);
#86=FACE_BOUND('',#482,.T.);
#87=FACE_BOUND('',#483,.T.);
#88=FACE_BOUND('',#491,.T.);
#89=FACE_BOUND('',#494,.T.);
#90=FACE_BOUND('',#501,.T.);
#91=FACE_BOUND('',#505,.T.);
#92=FACE_BOUND('',#516,.T.);
#93=FACE_BOUND('',#517,.T.);
#94=FACE_BOUND('',#518,.T.);
#95=FACE_BOUND('',#519,.T.);
#96=FACE_BOUND('',#525,.T.);
#97=FACE_BOUND('',#529,.T.);
#98=FACE_BOUND('',#546,.T.);
#99=FACE_BOUND('',#550,.T.);
#100=FACE_BOUND('',#563,.T.);
#101=FACE_BOUND('',#567,.T.);
#102=FACE_BOUND('',#570,.T.);
#103=FACE_BOUND('',#573,.T.);
#104=FACE_BOUND('',#588,.T.);
#105=FACE_BOUND('',#592,.T.);
#106=FACE_BOUND('',#710,.T.);
#107=FACE_BOUND('',#711,.T.);
#108=FACE_BOUND('',#712,.T.);
#109=FACE_BOUND('',#713,.T.);
#110=FACE_BOUND('',#714,.T.);
#111=FACE_BOUND('',#715,.T.);
#112=FACE_BOUND('',#717,.T.);
#113=CONICAL_SURFACE('',#3959,4.05,0.099668652491163);
#114=CONICAL_SURFACE('',#3992,1.,0.0996686524911639);
#115=CONICAL_SURFACE('',#3996,1.,0.0996686524911638);
#116=CONICAL_SURFACE('',#4003,1.,0.0996686524911621);
#117=CONICAL_SURFACE('',#4004,1.,0.0996686524911621);
#118=CONICAL_SURFACE('',#4009,2.875,1.47112767430373);
#119=CONICAL_SURFACE('',#4013,2.875,1.47112767430374);
#120=CONICAL_SURFACE('',#4020,1.,0.0996686524911639);
#121=CONICAL_SURFACE('',#4024,1.,0.0996686524911638);
#122=CONICAL_SURFACE('',#4031,1.,0.0996686524911621);
#123=CONICAL_SURFACE('',#4032,1.,0.0996686524911621);
#124=CONICAL_SURFACE('',#4037,2.875,1.47112767430373);
#125=CONICAL_SURFACE('',#4041,2.875,1.47112767430374);
#126=CONICAL_SURFACE('',#4048,1.,0.0996686524911639);
#127=CONICAL_SURFACE('',#4056,1.,0.0996686524911638);
#128=CONICAL_SURFACE('',#4063,1.,0.0996686524911621);
#129=CONICAL_SURFACE('',#4064,1.,0.0996686524911621);
#130=CONICAL_SURFACE('',#4069,2.875,1.47112767430373);
#131=CONICAL_SURFACE('',#4073,2.875,1.47112767430374);
#132=CONICAL_SURFACE('',#4079,1.,0.0996686524911639);
#133=CONICAL_SURFACE('',#4086,1.,0.0996686524911638);
#134=CONICAL_SURFACE('',#4093,1.,0.0996686524911621);
#135=CONICAL_SURFACE('',#4097,1.,0.0996686524911621);
#136=CONICAL_SURFACE('',#4102,2.875,1.47112767430373);
#137=CONICAL_SURFACE('',#4106,2.875,1.47112767430374);
#138=CONICAL_SURFACE('',#4111,1.,0.0996686524911639);
#139=CONICAL_SURFACE('',#4119,1.,0.0996686524911638);
#140=CONICAL_SURFACE('',#4126,1.,0.0996686524911621);
#141=CONICAL_SURFACE('',#4127,1.,0.0996686524911621);
#142=CONICAL_SURFACE('',#4132,2.875,1.47112767430373);
#143=CONICAL_SURFACE('',#4136,2.875,1.47112767430374);
#144=CONICAL_SURFACE('',#4299,1.1,0.0333209958782472);
#145=CONICAL_SURFACE('',#4305,1.1,0.0333209958782472);
#146=CONICAL_SURFACE('',#4311,1.1,0.0333209958782472);
#147=CONICAL_SURFACE('',#4317,1.1,0.0333209958782472);
#148=CONICAL_SURFACE('',#4323,1.1,0.0333209958782472);
#149=PLANE('',#3909);
#150=PLANE('',#3922);
#151=PLANE('',#3935);
#152=PLANE('',#3942);
#153=PLANE('',#3946);
#154=PLANE('',#3950);
#155=PLANE('',#3954);
#156=PLANE('',#3958);
#157=PLANE('',#3963);
#158=PLANE('',#3977);
#159=PLANE('',#3983);
#160=PLANE('',#3988);
#161=PLANE('',#3991);
#162=PLANE('',#4001);
#163=PLANE('',#4006);
#164=PLANE('',#4008);
#165=PLANE('',#4011);
#166=PLANE('',#4015);
#167=PLANE('',#4016);
#168=PLANE('',#4018);
#169=PLANE('',#4019);
#170=PLANE('',#4029);
#171=PLANE('',#4034);
#172=PLANE('',#4036);
#173=PLANE('',#4039);
#174=PLANE('',#4043);
#175=PLANE('',#4044);
#176=PLANE('',#4046);
#177=PLANE('',#4047);
#178=PLANE('',#4054);
#179=PLANE('',#4061);
#180=PLANE('',#4066);
#181=PLANE('',#4068);
#182=PLANE('',#4071);
#183=PLANE('',#4075);
#184=PLANE('',#4076);
#185=PLANE('',#4078);
#186=PLANE('',#4084);
#187=PLANE('',#4091);
#188=PLANE('',#4095);
#189=PLANE('',#4099);
#190=PLANE('',#4101);
#191=PLANE('',#4104);
#192=PLANE('',#4108);
#193=PLANE('',#4109);
#194=PLANE('',#4117);
#195=PLANE('',#4124);
#196=PLANE('',#4129);
#197=PLANE('',#4131);
#198=PLANE('',#4134);
#199=PLANE('',#4138);
#200=PLANE('',#4139);
#201=PLANE('',#4202);
#202=PLANE('',#4206);
#203=PLANE('',#4210);
#204=PLANE('',#4214);
#205=PLANE('',#4218);
#206=PLANE('',#4278);
#207=PLANE('',#4281);
#208=PLANE('',#4284);
#209=PLANE('',#4287);
#210=PLANE('',#4290);
#211=PLANE('',#4304);
#212=PLANE('',#4310);
#213=PLANE('',#4316);
#214=PLANE('',#4322);
#215=PLANE('',#4328);
#216=PLANE('',#4332);
#217=PLANE('',#4333);
#218=FACE_OUTER_BOUND('',#451,.T.);
#219=FACE_OUTER_BOUND('',#452,.T.);
#220=FACE_OUTER_BOUND('',#453,.T.);
#221=FACE_OUTER_BOUND('',#454,.T.);
#222=FACE_OUTER_BOUND('',#455,.T.);
#223=FACE_OUTER_BOUND('',#456,.T.);
#224=FACE_OUTER_BOUND('',#457,.T.);
#225=FACE_OUTER_BOUND('',#458,.T.);
#226=FACE_OUTER_BOUND('',#459,.T.);
#227=FACE_OUTER_BOUND('',#460,.T.);
#228=FACE_OUTER_BOUND('',#461,.T.);
#229=FACE_OUTER_BOUND('',#462,.T.);
#230=FACE_OUTER_BOUND('',#463,.T.);
#231=FACE_OUTER_BOUND('',#464,.T.);
#232=FACE_OUTER_BOUND('',#465,.T.);
#233=FACE_OUTER_BOUND('',#466,.T.);
#234=FACE_OUTER_BOUND('',#467,.T.);
#235=FACE_OUTER_BOUND('',#468,.T.);
#236=FACE_OUTER_BOUND('',#469,.T.);
#237=FACE_OUTER_BOUND('',#470,.T.);
#238=FACE_OUTER_BOUND('',#471,.T.);
#239=FACE_OUTER_BOUND('',#472,.T.);
#240=FACE_OUTER_BOUND('',#473,.T.);
#241=FACE_OUTER_BOUND('',#474,.T.);
#242=FACE_OUTER_BOUND('',#484,.T.);
#243=FACE_OUTER_BOUND('',#485,.T.);
#244=FACE_OUTER_BOUND('',#486,.T.);
#245=FACE_OUTER_BOUND('',#487,.T.);
#246=FACE_OUTER_BOUND('',#488,.T.);
#247=FACE_OUTER_BOUND('',#489,.T.);
#248=FACE_OUTER_BOUND('',#490,.T.);
#249=FACE_OUTER_BOUND('',#492,.T.);
#250=FACE_OUTER_BOUND('',#493,.T.);
#251=FACE_OUTER_BOUND('',#495,.T.);
#252=FACE_OUTER_BOUND('',#496,.T.);
#253=FACE_OUTER_BOUND('',#497,.T.);
#254=FACE_OUTER_BOUND('',#498,.T.);
#255=FACE_OUTER_BOUND('',#499,.T.);
#256=FACE_OUTER_BOUND('',#500,.T.);
#257=FACE_OUTER_BOUND('',#502,.T.);
#258=FACE_OUTER_BOUND('',#503,.T.);
#259=FACE_OUTER_BOUND('',#504,.T.);
#260=FACE_OUTER_BOUND('',#506,.T.);
#261=FACE_OUTER_BOUND('',#507,.T.);
#262=FACE_OUTER_BOUND('',#508,.T.);
#263=FACE_OUTER_BOUND('',#509,.T.);
#264=FACE_OUTER_BOUND('',#510,.T.);
#265=FACE_OUTER_BOUND('',#511,.T.);
#266=FACE_OUTER_BOUND('',#512,.T.);
#267=FACE_OUTER_BOUND('',#513,.T.);
#268=FACE_OUTER_BOUND('',#514,.T.);
#269=FACE_OUTER_BOUND('',#515,.T.);
#270=FACE_OUTER_BOUND('',#520,.T.);
#271=FACE_OUTER_BOUND('',#521,.T.);
#272=FACE_OUTER_BOUND('',#522,.T.);
#273=FACE_OUTER_BOUND('',#523,.T.);
#274=FACE_OUTER_BOUND('',#524,.T.);
#275=FACE_OUTER_BOUND('',#526,.T.);
#276=FACE_OUTER_BOUND('',#527,.T.);
#277=FACE_OUTER_BOUND('',#528,.T.);
#278=FACE_OUTER_BOUND('',#530,.T.);
#279=FACE_OUTER_BOUND('',#531,.T.);
#280=FACE_OUTER_BOUND('',#532,.T.);
#281=FACE_OUTER_BOUND('',#533,.T.);
#282=FACE_OUTER_BOUND('',#534,.T.);
#283=FACE_OUTER_BOUND('',#535,.T.);
#284=FACE_OUTER_BOUND('',#536,.T.);
#285=FACE_OUTER_BOUND('',#537,.T.);
#286=FACE_OUTER_BOUND('',#538,.T.);
#287=FACE_OUTER_BOUND('',#539,.T.);
#288=FACE_OUTER_BOUND('',#540,.T.);
#289=FACE_OUTER_BOUND('',#541,.T.);
#290=FACE_OUTER_BOUND('',#542,.T.);
#291=FACE_OUTER_BOUND('',#543,.T.);
#292=FACE_OUTER_BOUND('',#544,.T.);
#293=FACE_OUTER_BOUND('',#545,.T.);
#294=FACE_OUTER_BOUND('',#547,.T.);
#295=FACE_OUTER_BOUND('',#548,.T.);
#296=FACE_OUTER_BOUND('',#549,.T.);
#297=FACE_OUTER_BOUND('',#551,.T.);
#298=FACE_OUTER_BOUND('',#552,.T.);
#299=FACE_OUTER_BOUND('',#553,.T.);
#300=FACE_OUTER_BOUND('',#554,.T.);
#301=FACE_OUTER_BOUND('',#555,.T.);
#302=FACE_OUTER_BOUND('',#556,.T.);
#303=FACE_OUTER_BOUND('',#557,.T.);
#304=FACE_OUTER_BOUND('',#558,.T.);
#305=FACE_OUTER_BOUND('',#559,.T.);
#306=FACE_OUTER_BOUND('',#560,.T.);
#307=FACE_OUTER_BOUND('',#561,.T.);
#308=FACE_OUTER_BOUND('',#562,.T.);
#309=FACE_OUTER_BOUND('',#564,.T.);
#310=FACE_OUTER_BOUND('',#565,.T.);
#311=FACE_OUTER_BOUND('',#566,.T.);
#312=FACE_OUTER_BOUND('',#568,.T.);
#313=FACE_OUTER_BOUND('',#569,.T.);
#314=FACE_OUTER_BOUND('',#571,.T.);
#315=FACE_OUTER_BOUND('',#572,.T.);
#316=FACE_OUTER_BOUND('',#574,.T.);
#317=FACE_OUTER_BOUND('',#575,.T.);
#318=FACE_OUTER_BOUND('',#576,.T.);
#319=FACE_OUTER_BOUND('',#577,.T.);
#320=FACE_OUTER_BOUND('',#578,.T.);
#321=FACE_OUTER_BOUND('',#579,.T.);
#322=FACE_OUTER_BOUND('',#580,.T.);
#323=FACE_OUTER_BOUND('',#581,.T.);
#324=FACE_OUTER_BOUND('',#582,.T.);
#325=FACE_OUTER_BOUND('',#583,.T.);
#326=FACE_OUTER_BOUND('',#584,.T.);
#327=FACE_OUTER_BOUND('',#585,.T.);
#328=FACE_OUTER_BOUND('',#586,.T.);
#329=FACE_OUTER_BOUND('',#587,.T.);
#330=FACE_OUTER_BOUND('',#589,.T.);
#331=FACE_OUTER_BOUND('',#590,.T.);
#332=FACE_OUTER_BOUND('',#591,.T.);
#333=FACE_OUTER_BOUND('',#593,.T.);
#334=FACE_OUTER_BOUND('',#594,.T.);
#335=FACE_OUTER_BOUND('',#595,.T.);
#336=FACE_OUTER_BOUND('',#596,.T.);
#337=FACE_OUTER_BOUND('',#597,.T.);
#338=FACE_OUTER_BOUND('',#598,.T.);
#339=FACE_OUTER_BOUND('',#599,.T.);
#340=FACE_OUTER_BOUND('',#600,.T.);
#341=FACE_OUTER_BOUND('',#601,.T.);
#342=FACE_OUTER_BOUND('',#602,.T.);
#343=FACE_OUTER_BOUND('',#603,.T.);
#344=FACE_OUTER_BOUND('',#604,.T.);
#345=FACE_OUTER_BOUND('',#605,.T.);
#346=FACE_OUTER_BOUND('',#606,.T.);
#347=FACE_OUTER_BOUND('',#607,.T.);
#348=FACE_OUTER_BOUND('',#608,.T.);
#349=FACE_OUTER_BOUND('',#609,.T.);
#350=FACE_OUTER_BOUND('',#610,.T.);
#351=FACE_OUTER_BOUND('',#611,.T.);
#352=FACE_OUTER_BOUND('',#612,.T.);
#353=FACE_OUTER_BOUND('',#613,.T.);
#354=FACE_OUTER_BOUND('',#614,.T.);
#355=FACE_OUTER_BOUND('',#615,.T.);
#356=FACE_OUTER_BOUND('',#616,.T.);
#357=FACE_OUTER_BOUND('',#617,.T.);
#358=FACE_OUTER_BOUND('',#618,.T.);
#359=FACE_OUTER_BOUND('',#619,.T.);
#360=FACE_OUTER_BOUND('',#620,.T.);
#361=FACE_OUTER_BOUND('',#621,.T.);
#362=FACE_OUTER_BOUND('',#622,.T.);
#363=FACE_OUTER_BOUND('',#623,.T.);
#364=FACE_OUTER_BOUND('',#624,.T.);
#365=FACE_OUTER_BOUND('',#625,.T.);
#366=FACE_OUTER_BOUND('',#626,.T.);
#367=FACE_OUTER_BOUND('',#627,.T.);
#368=FACE_OUTER_BOUND('',#628,.T.);
#369=FACE_OUTER_BOUND('',#629,.T.);
#370=FACE_OUTER_BOUND('',#630,.T.);
#371=FACE_OUTER_BOUND('',#631,.T.);
#372=FACE_OUTER_BOUND('',#632,.T.);
#373=FACE_OUTER_BOUND('',#633,.T.);
#374=FACE_OUTER_BOUND('',#634,.T.);
#375=FACE_OUTER_BOUND('',#635,.T.);
#376=FACE_OUTER_BOUND('',#636,.T.);
#377=FACE_OUTER_BOUND('',#637,.T.);
#378=FACE_OUTER_BOUND('',#638,.T.);
#379=FACE_OUTER_BOUND('',#639,.T.);
#380=FACE_OUTER_BOUND('',#640,.T.);
#381=FACE_OUTER_BOUND('',#641,.T.);
#382=FACE_OUTER_BOUND('',#642,.T.);
#383=FACE_OUTER_BOUND('',#643,.T.);
#384=FACE_OUTER_BOUND('',#644,.T.);
#385=FACE_OUTER_BOUND('',#645,.T.);
#386=FACE_OUTER_BOUND('',#646,.T.);
#387=FACE_OUTER_BOUND('',#647,.T.);
#388=FACE_OUTER_BOUND('',#648,.T.);
#389=FACE_OUTER_BOUND('',#649,.T.);
#390=FACE_OUTER_BOUND('',#650,.T.);
#391=FACE_OUTER_BOUND('',#651,.T.);
#392=FACE_OUTER_BOUND('',#652,.T.);
#393=FACE_OUTER_BOUND('',#653,.T.);
#394=FACE_OUTER_BOUND('',#654,.T.);
#395=FACE_OUTER_BOUND('',#655,.T.);
#396=FACE_OUTER_BOUND('',#656,.T.);
#397=FACE_OUTER_BOUND('',#657,.T.);
#398=FACE_OUTER_BOUND('',#658,.T.);
#399=FACE_OUTER_BOUND('',#659,.T.);
#400=FACE_OUTER_BOUND('',#660,.T.);
#401=FACE_OUTER_BOUND('',#661,.T.);
#402=FACE_OUTER_BOUND('',#662,.T.);
#403=FACE_OUTER_BOUND('',#663,.T.);
#404=FACE_OUTER_BOUND('',#664,.T.);
#405=FACE_OUTER_BOUND('',#665,.T.);
#406=FACE_OUTER_BOUND('',#666,.T.);
#407=FACE_OUTER_BOUND('',#667,.T.);
#408=FACE_OUTER_BOUND('',#668,.T.);
#409=FACE_OUTER_BOUND('',#669,.T.);
#410=FACE_OUTER_BOUND('',#670,.T.);
#411=FACE_OUTER_BOUND('',#671,.T.);
#412=FACE_OUTER_BOUND('',#672,.T.);
#413=FACE_OUTER_BOUND('',#673,.T.);
#414=FACE_OUTER_BOUND('',#674,.T.);
#415=FACE_OUTER_BOUND('',#675,.T.);
#416=FACE_OUTER_BOUND('',#676,.T.);
#417=FACE_OUTER_BOUND('',#677,.T.);
#418=FACE_OUTER_BOUND('',#678,.T.);
#419=FACE_OUTER_BOUND('',#679,.T.);
#420=FACE_OUTER_BOUND('',#680,.T.);
#421=FACE_OUTER_BOUND('',#681,.T.);
#422=FACE_OUTER_BOUND('',#682,.T.);
#423=FACE_OUTER_BOUND('',#683,.T.);
#424=FACE_OUTER_BOUND('',#684,.T.);
#425=FACE_OUTER_BOUND('',#685,.T.);
#426=FACE_OUTER_BOUND('',#686,.T.);
#427=FACE_OUTER_BOUND('',#687,.T.);
#428=FACE_OUTER_BOUND('',#688,.T.);
#429=FACE_OUTER_BOUND('',#689,.T.);
#430=FACE_OUTER_BOUND('',#690,.T.);
#431=FACE_OUTER_BOUND('',#691,.T.);
#432=FACE_OUTER_BOUND('',#692,.T.);
#433=FACE_OUTER_BOUND('',#693,.T.);
#434=FACE_OUTER_BOUND('',#694,.T.);
#435=FACE_OUTER_BOUND('',#695,.T.);
#436=FACE_OUTER_BOUND('',#696,.T.);
#437=FACE_OUTER_BOUND('',#697,.T.);
#438=FACE_OUTER_BOUND('',#698,.T.);
#439=FACE_OUTER_BOUND('',#699,.T.);
#440=FACE_OUTER_BOUND('',#700,.T.);
#441=FACE_OUTER_BOUND('',#701,.T.);
#442=FACE_OUTER_BOUND('',#702,.T.);
#443=FACE_OUTER_BOUND('',#703,.T.);
#444=FACE_OUTER_BOUND('',#704,.T.);
#445=FACE_OUTER_BOUND('',#705,.T.);
#446=FACE_OUTER_BOUND('',#706,.T.);
#447=FACE_OUTER_BOUND('',#707,.T.);
#448=FACE_OUTER_BOUND('',#708,.T.);
#449=FACE_OUTER_BOUND('',#709,.T.);
#450=FACE_OUTER_BOUND('',#716,.T.);
#451=EDGE_LOOP('',(#2446,#2447,#2448,#2449,#2450,#2451));
#452=EDGE_LOOP('',(#2452,#2453,#2454,#2455));
#453=EDGE_LOOP('',(#2456,#2457,#2458,#2459,#2460,#2461));
#454=EDGE_LOOP('',(#2462,#2463,#2464,#2465,#2466,#2467,#2468));
#455=EDGE_LOOP('',(#2469,#2470,#2471,#2472,#2473,#2474));
#456=EDGE_LOOP('',(#2475,#2476,#2477,#2478));
#457=EDGE_LOOP('',(#2479,#2480,#2481,#2482,#2483,#2484));
#458=EDGE_LOOP('',(#2485,#2486,#2487,#2488,#2489,#2490,#2491));
#459=EDGE_LOOP('',(#2492,#2493,#2494,#2495,#2496,#2497));
#460=EDGE_LOOP('',(#2498,#2499,#2500,#2501));
#461=EDGE_LOOP('',(#2502,#2503,#2504,#2505,#2506,#2507));
#462=EDGE_LOOP('',(#2508,#2509,#2510,#2511,#2512,#2513,#2514));
#463=EDGE_LOOP('',(#2515,#2516,#2517,#2518));
#464=EDGE_LOOP('',(#2519));
#465=EDGE_LOOP('',(#2520,#2521,#2522,#2523));
#466=EDGE_LOOP('',(#2524));
#467=EDGE_LOOP('',(#2525,#2526,#2527,#2528));
#468=EDGE_LOOP('',(#2529));
#469=EDGE_LOOP('',(#2530,#2531,#2532,#2533));
#470=EDGE_LOOP('',(#2534));
#471=EDGE_LOOP('',(#2535,#2536,#2537,#2538));
#472=EDGE_LOOP('',(#2539));
#473=EDGE_LOOP('',(#2540,#2541,#2542,#2543,#2544));
#474=EDGE_LOOP('',(#2545,#2546,#2547,#2548,#2549,#2550,#2551,#2552,#2553,
#2554,#2555,#2556,#2557,#2558,#2559,#2560,#2561,#2562,#2563,#2564,#2565,
#2566,#2567,#2568,#2569,#2570,#2571,#2572,#2573,#2574,#2575,#2576,#2577,
#2578,#2579,#2580,#2581,#2582,#2583,#2584,#2585,#2586,#2587,#2588,#2589,
#2590));
#475=EDGE_LOOP('',(#2591));
#476=EDGE_LOOP('',(#2592));
#477=EDGE_LOOP('',(#2593));
#478=EDGE_LOOP('',(#2594));
#479=EDGE_LOOP('',(#2595));
#480=EDGE_LOOP('',(#2596));
#481=EDGE_LOOP('',(#2597));
#482=EDGE_LOOP('',(#2598));
#483=EDGE_LOOP('',(#2599));
#484=EDGE_LOOP('',(#2600,#2601,#2602,#2603,#2604));
#485=EDGE_LOOP('',(#2605,#2606,#2607,#2608));
#486=EDGE_LOOP('',(#2609,#2610,#2611,#2612));
#487=EDGE_LOOP('',(#2613,#2614,#2615,#2616));
#488=EDGE_LOOP('',(#2617,#2618,#2619,#2620,#2621,#2622,#2623));
#489=EDGE_LOOP('',(#2624,#2625,#2626,#2627));
#490=EDGE_LOOP('',(#2628,#2629,#2630,#2631));
#491=EDGE_LOOP('',(#2632));
#492=EDGE_LOOP('',(#2633,#2634,#2635,#2636));
#493=EDGE_LOOP('',(#2637,#2638,#2639,#2640));
#494=EDGE_LOOP('',(#2641));
#495=EDGE_LOOP('',(#2642,#2643,#2644,#2645,#2646,#2647,#2648,#2649));
#496=EDGE_LOOP('',(#2650,#2651,#2652,#2653));
#497=EDGE_LOOP('',(#2654,#2655,#2656,#2657));
#498=EDGE_LOOP('',(#2658,#2659,#2660,#2661));
#499=EDGE_LOOP('',(#2662,#2663,#2664,#2665));
#500=EDGE_LOOP('',(#2666,#2667,#2668,#2669));
#501=EDGE_LOOP('',(#2670));
#502=EDGE_LOOP('',(#2671,#2672,#2673,#2674,#2675,#2676));
#503=EDGE_LOOP('',(#2677,#2678,#2679,#2680));
#504=EDGE_LOOP('',(#2681,#2682,#2683,#2684));
#505=EDGE_LOOP('',(#2685));
#506=EDGE_LOOP('',(#2686,#2687,#2688,#2689));
#507=EDGE_LOOP('',(#2690,#2691,#2692,#2693));
#508=EDGE_LOOP('',(#2694,#2695,#2696,#2697));
#509=EDGE_LOOP('',(#2698,#2699,#2700,#2701));
#510=EDGE_LOOP('',(#2702,#2703,#2704,#2705));
#511=EDGE_LOOP('',(#2706,#2707,#2708,#2709));
#512=EDGE_LOOP('',(#2710,#2711,#2712,#2713));
#513=EDGE_LOOP('',(#2714,#2715,#2716,#2717));
#514=EDGE_LOOP('',(#2718,#2719,#2720,#2721,#2722,#2723,#2724,#2725));
#515=EDGE_LOOP('',(#2726,#2727,#2728,#2729,#2730,#2731,#2732,#2733,#2734,
#2735,#2736,#2737,#2738,#2739,#2740,#2741,#2742,#2743,#2744,#2745,#2746,
#2747,#2748,#2749,#2750,#2751,#2752,#2753,#2754,#2755,#2756,#2757,#2758,
#2759,#2760,#2761,#2762,#2763,#2764,#2765,#2766,#2767,#2768,#2769,#2770,
#2771));
#516=EDGE_LOOP('',(#2772));
#517=EDGE_LOOP('',(#2773));
#518=EDGE_LOOP('',(#2774));
#519=EDGE_LOOP('',(#2775));
#520=EDGE_LOOP('',(#2776,#2777,#2778,#2779,#2780,#2781));
#521=EDGE_LOOP('',(#2782,#2783,#2784,#2785));
#522=EDGE_LOOP('',(#2786,#2787,#2788,#2789));
#523=EDGE_LOOP('',(#2790,#2791,#2792,#2793));
#524=EDGE_LOOP('',(#2794,#2795,#2796,#2797));
#525=EDGE_LOOP('',(#2798));
#526=EDGE_LOOP('',(#2799,#2800,#2801,#2802,#2803,#2804));
#527=EDGE_LOOP('',(#2805,#2806,#2807,#2808));
#528=EDGE_LOOP('',(#2809,#2810,#2811,#2812));
#529=EDGE_LOOP('',(#2813));
#530=EDGE_LOOP('',(#2814,#2815,#2816,#2817));
#531=EDGE_LOOP('',(#2818,#2819,#2820,#2821));
#532=EDGE_LOOP('',(#2822,#2823,#2824,#2825));
#533=EDGE_LOOP('',(#2826,#2827,#2828,#2829));
#534=EDGE_LOOP('',(#2830,#2831,#2832,#2833));
#535=EDGE_LOOP('',(#2834,#2835,#2836,#2837));
#536=EDGE_LOOP('',(#2838,#2839,#2840,#2841));
#537=EDGE_LOOP('',(#2842,#2843,#2844,#2845));
#538=EDGE_LOOP('',(#2846,#2847,#2848,#2849,#2850,#2851,#2852,#2853));
#539=EDGE_LOOP('',(#2854,#2855,#2856,#2857,#2858,#2859,#2860,#2861));
#540=EDGE_LOOP('',(#2862,#2863,#2864,#2865,#2866,#2867));
#541=EDGE_LOOP('',(#2868,#2869,#2870,#2871));
#542=EDGE_LOOP('',(#2872,#2873,#2874,#2875,#2876,#2877,#2878));
#543=EDGE_LOOP('',(#2879,#2880,#2881,#2882));
#544=EDGE_LOOP('',(#2883,#2884,#2885,#2886));
#545=EDGE_LOOP('',(#2887,#2888,#2889,#2890));
#546=EDGE_LOOP('',(#2891));
#547=EDGE_LOOP('',(#2892,#2893,#2894,#2895));
#548=EDGE_LOOP('',(#2896,#2897,#2898,#2899));
#549=EDGE_LOOP('',(#2900,#2901,#2902,#2903));
#550=EDGE_LOOP('',(#2904));
#551=EDGE_LOOP('',(#2905,#2906,#2907,#2908));
#552=EDGE_LOOP('',(#2909,#2910,#2911,#2912));
#553=EDGE_LOOP('',(#2913,#2914,#2915,#2916));
#554=EDGE_LOOP('',(#2917,#2918,#2919,#2920));
#555=EDGE_LOOP('',(#2921,#2922,#2923,#2924));
#556=EDGE_LOOP('',(#2925,#2926,#2927,#2928));
#557=EDGE_LOOP('',(#2929,#2930,#2931,#2932));
#558=EDGE_LOOP('',(#2933,#2934,#2935,#2936));
#559=EDGE_LOOP('',(#2937,#2938,#2939,#2940,#2941,#2942,#2943,#2944));
#560=EDGE_LOOP('',(#2945,#2946,#2947,#2948));
#561=EDGE_LOOP('',(#2949,#2950,#2951,#2952));
#562=EDGE_LOOP('',(#2953,#2954,#2955,#2956));
#563=EDGE_LOOP('',(#2957));
#564=EDGE_LOOP('',(#2958,#2959,#2960,#2961));
#565=EDGE_LOOP('',(#2962,#2963,#2964,#2965));
#566=EDGE_LOOP('',(#2966,#2967,#2968,#2969));
#567=EDGE_LOOP('',(#2970));
#568=EDGE_LOOP('',(#2971,#2972,#2973,#2974));
#569=EDGE_LOOP('',(#2975,#2976,#2977,#2978));
#570=EDGE_LOOP('',(#2979));
#571=EDGE_LOOP('',(#2980,#2981,#2982,#2983));
#572=EDGE_LOOP('',(#2984,#2985,#2986,#2987));
#573=EDGE_LOOP('',(#2988));
#574=EDGE_LOOP('',(#2989,#2990,#2991,#2992));
#575=EDGE_LOOP('',(#2993,#2994,#2995,#2996));
#576=EDGE_LOOP('',(#2997,#2998,#2999,#3000));
#577=EDGE_LOOP('',(#3001,#3002,#3003,#3004));
#578=EDGE_LOOP('',(#3005,#3006,#3007,#3008));
#579=EDGE_LOOP('',(#3009,#3010,#3011,#3012));
#580=EDGE_LOOP('',(#3013,#3014,#3015,#3016));
#581=EDGE_LOOP('',(#3017,#3018,#3019,#3020));
#582=EDGE_LOOP('',(#3021,#3022,#3023,#3024,#3025,#3026));
#583=EDGE_LOOP('',(#3027,#3028,#3029,#3030));
#584=EDGE_LOOP('',(#3031,#3032,#3033,#3034,#3035,#3036,#3037));
#585=EDGE_LOOP('',(#3038,#3039,#3040,#3041));
#586=EDGE_LOOP('',(#3042,#3043,#3044,#3045));
#587=EDGE_LOOP('',(#3046,#3047,#3048,#3049));
#588=EDGE_LOOP('',(#3050));
#589=EDGE_LOOP('',(#3051,#3052,#3053,#3054,#3055,#3056));
#590=EDGE_LOOP('',(#3057,#3058,#3059,#3060));
#591=EDGE_LOOP('',(#3061,#3062,#3063,#3064));
#592=EDGE_LOOP('',(#3065));
#593=EDGE_LOOP('',(#3066,#3067,#3068,#3069));
#594=EDGE_LOOP('',(#3070,#3071,#3072,#3073));
#595=EDGE_LOOP('',(#3074,#3075,#3076,#3077));
#596=EDGE_LOOP('',(#3078,#3079,#3080,#3081));
#597=EDGE_LOOP('',(#3082,#3083,#3084,#3085));
#598=EDGE_LOOP('',(#3086,#3087,#3088,#3089));
#599=EDGE_LOOP('',(#3090,#3091,#3092,#3093));
#600=EDGE_LOOP('',(#3094,#3095,#3096,#3097));
#601=EDGE_LOOP('',(#3098,#3099,#3100,#3101));
#602=EDGE_LOOP('',(#3102,#3103,#3104,#3105));
#603=EDGE_LOOP('',(#3106,#3107,#3108,#3109));
#604=EDGE_LOOP('',(#3110,#3111,#3112,#3113));
#605=EDGE_LOOP('',(#3114,#3115,#3116,#3117));
#606=EDGE_LOOP('',(#3118,#3119,#3120,#3121));
#607=EDGE_LOOP('',(#3122,#3123,#3124,#3125));
#608=EDGE_LOOP('',(#3126,#3127,#3128,#3129,#3130));
#609=EDGE_LOOP('',(#3131,#3132,#3133,#3134));
#610=EDGE_LOOP('',(#3135,#3136,#3137,#3138));
#611=EDGE_LOOP('',(#3139,#3140,#3141,#3142));
#612=EDGE_LOOP('',(#3143,#3144,#3145,#3146));
#613=EDGE_LOOP('',(#3147,#3148,#3149,#3150));
#614=EDGE_LOOP('',(#3151,#3152,#3153,#3154));
#615=EDGE_LOOP('',(#3155,#3156,#3157,#3158));
#616=EDGE_LOOP('',(#3159,#3160,#3161,#3162));
#617=EDGE_LOOP('',(#3163,#3164,#3165,#3166));
#618=EDGE_LOOP('',(#3167,#3168,#3169,#3170));
#619=EDGE_LOOP('',(#3171,#3172,#3173,#3174));
#620=EDGE_LOOP('',(#3175,#3176,#3177,#3178));
#621=EDGE_LOOP('',(#3179,#3180,#3181,#3182));
#622=EDGE_LOOP('',(#3183,#3184,#3185,#3186));
#623=EDGE_LOOP('',(#3187,#3188,#3189,#3190));
#624=EDGE_LOOP('',(#3191,#3192,#3193,#3194));
#625=EDGE_LOOP('',(#3195,#3196,#3197,#3198));
#626=EDGE_LOOP('',(#3199,#3200,#3201,#3202));
#627=EDGE_LOOP('',(#3203,#3204,#3205,#3206));
#628=EDGE_LOOP('',(#3207,#3208,#3209,#3210));
#629=EDGE_LOOP('',(#3211,#3212,#3213,#3214));
#630=EDGE_LOOP('',(#3215,#3216,#3217,#3218));
#631=EDGE_LOOP('',(#3219,#3220,#3221,#3222));
#632=EDGE_LOOP('',(#3223,#3224,#3225,#3226));
#633=EDGE_LOOP('',(#3227,#3228,#3229,#3230));
#634=EDGE_LOOP('',(#3231,#3232,#3233,#3234));
#635=EDGE_LOOP('',(#3235,#3236,#3237,#3238));
#636=EDGE_LOOP('',(#3239,#3240,#3241,#3242));
#637=EDGE_LOOP('',(#3243,#3244,#3245,#3246));
#638=EDGE_LOOP('',(#3247,#3248,#3249,#3250));
#639=EDGE_LOOP('',(#3251,#3252,#3253,#3254));
#640=EDGE_LOOP('',(#3255,#3256,#3257,#3258));
#641=EDGE_LOOP('',(#3259,#3260,#3261,#3262));
#642=EDGE_LOOP('',(#3263,#3264,#3265,#3266));
#643=EDGE_LOOP('',(#3267,#3268,#3269,#3270));
#644=EDGE_LOOP('',(#3271,#3272,#3273,#3274));
#645=EDGE_LOOP('',(#3275,#3276,#3277,#3278));
#646=EDGE_LOOP('',(#3279,#3280,#3281,#3282));
#647=EDGE_LOOP('',(#3283,#3284,#3285,#3286));
#648=EDGE_LOOP('',(#3287,#3288,#3289,#3290));
#649=EDGE_LOOP('',(#3291,#3292,#3293,#3294));
#650=EDGE_LOOP('',(#3295,#3296,#3297,#3298));
#651=EDGE_LOOP('',(#3299,#3300,#3301,#3302));
#652=EDGE_LOOP('',(#3303,#3304,#3305,#3306));
#653=EDGE_LOOP('',(#3307,#3308,#3309,#3310));
#654=EDGE_LOOP('',(#3311,#3312,#3313,#3314,#3315));
#655=EDGE_LOOP('',(#3316,#3317,#3318,#3319));
#656=EDGE_LOOP('',(#3320,#3321,#3322,#3323));
#657=EDGE_LOOP('',(#3324,#3325,#3326,#3327));
#658=EDGE_LOOP('',(#3328,#3329,#3330,#3331));
#659=EDGE_LOOP('',(#3332,#3333,#3334,#3335));
#660=EDGE_LOOP('',(#3336,#3337,#3338,#3339));
#661=EDGE_LOOP('',(#3340,#3341,#3342,#3343));
#662=EDGE_LOOP('',(#3344,#3345,#3346,#3347));
#663=EDGE_LOOP('',(#3348,#3349,#3350,#3351));
#664=EDGE_LOOP('',(#3352,#3353,#3354,#3355));
#665=EDGE_LOOP('',(#3356,#3357,#3358,#3359));
#666=EDGE_LOOP('',(#3360,#3361,#3362,#3363));
#667=EDGE_LOOP('',(#3364,#3365,#3366,#3367));
#668=EDGE_LOOP('',(#3368,#3369,#3370,#3371));
#669=EDGE_LOOP('',(#3372,#3373,#3374,#3375));
#670=EDGE_LOOP('',(#3376,#3377,#3378,#3379));
#671=EDGE_LOOP('',(#3380,#3381,#3382,#3383));
#672=EDGE_LOOP('',(#3384,#3385,#3386,#3387));
#673=EDGE_LOOP('',(#3388,#3389,#3390,#3391));
#674=EDGE_LOOP('',(#3392,#3393,#3394,#3395));
#675=EDGE_LOOP('',(#3396,#3397,#3398,#3399));
#676=EDGE_LOOP('',(#3400,#3401,#3402,#3403));
#677=EDGE_LOOP('',(#3404,#3405,#3406,#3407));
#678=EDGE_LOOP('',(#3408,#3409,#3410,#3411));
#679=EDGE_LOOP('',(#3412,#3413,#3414,#3415));
#680=EDGE_LOOP('',(#3416,#3417,#3418,#3419));
#681=EDGE_LOOP('',(#3420,#3421,#3422,#3423));
#682=EDGE_LOOP('',(#3424,#3425,#3426,#3427));
#683=EDGE_LOOP('',(#3428,#3429,#3430,#3431));
#684=EDGE_LOOP('',(#3432,#3433,#3434,#3435));
#685=EDGE_LOOP('',(#3436,#3437,#3438,#3439));
#686=EDGE_LOOP('',(#3440,#3441,#3442,#3443));
#687=EDGE_LOOP('',(#3444,#3445,#3446,#3447));
#688=EDGE_LOOP('',(#3448,#3449,#3450,#3451));
#689=EDGE_LOOP('',(#3452,#3453,#3454,#3455));
#690=EDGE_LOOP('',(#3456,#3457,#3458,#3459,#3460,#3461,#3462,#3463,#3464,
#3465,#3466,#3467,#3468,#3469,#3470,#3471,#3472,#3473,#3474,#3475,#3476,
#3477,#3478,#3479,#3480,#3481,#3482,#3483,#3484,#3485,#3486,#3487,#3488,
#3489));
#691=EDGE_LOOP('',(#3490,#3491,#3492,#3493,#3494,#3495,#3496,#3497,#3498,
#3499,#3500,#3501,#3502,#3503,#3504,#3505,#3506,#3507,#3508,#3509,#3510,
#3511,#3512,#3513,#3514,#3515,#3516,#3517,#3518,#3519,#3520,#3521,#3522,
#3523));
#692=EDGE_LOOP('',(#3524,#3525,#3526,#3527));
#693=EDGE_LOOP('',(#3528,#3529,#3530,#3531));
#694=EDGE_LOOP('',(#3532,#3533,#3534,#3535));
#695=EDGE_LOOP('',(#3536));
#696=EDGE_LOOP('',(#3537,#3538,#3539,#3540));
#697=EDGE_LOOP('',(#3541,#3542,#3543,#3544));
#698=EDGE_LOOP('',(#3545));
#699=EDGE_LOOP('',(#3546,#3547,#3548,#3549));
#700=EDGE_LOOP('',(#3550,#3551,#3552,#3553));
#701=EDGE_LOOP('',(#3554));
#702=EDGE_LOOP('',(#3555,#3556,#3557,#3558));
#703=EDGE_LOOP('',(#3559,#3560,#3561,#3562));
#704=EDGE_LOOP('',(#3563));
#705=EDGE_LOOP('',(#3564,#3565,#3566,#3567));
#706=EDGE_LOOP('',(#3568,#3569,#3570,#3571));
#707=EDGE_LOOP('',(#3572));
#708=EDGE_LOOP('',(#3573,#3574,#3575,#3576));
#709=EDGE_LOOP('',(#3577));
#710=EDGE_LOOP('',(#3578));
#711=EDGE_LOOP('',(#3579));
#712=EDGE_LOOP('',(#3580));
#713=EDGE_LOOP('',(#3581));
#714=EDGE_LOOP('',(#3582));
#715=EDGE_LOOP('',(#3583));
#716=EDGE_LOOP('',(#3584));
#717=EDGE_LOOP('',(#3585));
#718=CIRCLE('',#3901,1.);
#719=CIRCLE('',#3902,1.);
#720=CIRCLE('',#3904,3.75);
#721=CIRCLE('',#3905,3.75);
#722=CIRCLE('',#3907,1.);
#723=CIRCLE('',#3908,1.);
#724=CIRCLE('',#3910,3.375);
#725=CIRCLE('',#3911,1.05);
#726=CIRCLE('',#3912,1.05);
#727=CIRCLE('',#3914,1.);
#728=CIRCLE('',#3915,1.);
#729=CIRCLE('',#3917,3.75);
#730=CIRCLE('',#3918,3.75);
#731=CIRCLE('',#3920,1.);
#732=CIRCLE('',#3921,1.);
#733=CIRCLE('',#3923,3.375);
#734=CIRCLE('',#3924,1.05);
#735=CIRCLE('',#3925,1.05);
#736=CIRCLE('',#3927,1.);
#737=CIRCLE('',#3928,1.);
#738=CIRCLE('',#3930,3.75);
#739=CIRCLE('',#3931,3.75);
#740=CIRCLE('',#3933,1.);
#741=CIRCLE('',#3934,1.);
#742=CIRCLE('',#3936,3.375);
#743=CIRCLE('',#3937,1.05);
#744=CIRCLE('',#3938,1.05);
#745=CIRCLE('',#3940,1.25);
#746=CIRCLE('',#3941,1.25);
#747=CIRCLE('',#3944,1.25);
#748=CIRCLE('',#3945,1.25);
#749=CIRCLE('',#3948,1.25);
#750=CIRCLE('',#3949,1.25);
#751=CIRCLE('',#3952,1.25);
#752=CIRCLE('',#3953,1.25);
#753=CIRCLE('',#3956,1.25);
#754=CIRCLE('',#3957,1.25);
#755=CIRCLE('',#3960,4.1);
#756=CIRCLE('',#3961,4.);
#757=CIRCLE('',#3962,4.);
#758=CIRCLE('',#3964,2.);
#759=CIRCLE('',#3965,2.);
#760=CIRCLE('',#3966,1.5);
#761=CIRCLE('',#3967,1.5);
#762=CIRCLE('',#3968,1.5);
#763=CIRCLE('',#3970,4.);
#764=CIRCLE('',#3972,1.5);
#765=CIRCLE('',#3974,1.5);
#766=CIRCLE('',#3976,1.5);
#767=CIRCLE('',#3978,3.375);
#768=CIRCLE('',#3979,1.05);
#769=CIRCLE('',#3980,1.05);
#770=CIRCLE('',#3982,2.);
#771=CIRCLE('',#3984,3.375);
#772=CIRCLE('',#3985,1.05);
#773=CIRCLE('',#3987,2.);
#774=CIRCLE('',#3989,3.375);
#775=CIRCLE('',#3990,1.05);
#776=CIRCLE('',#3993,0.95);
#777=CIRCLE('',#3995,0.95);
#778=CIRCLE('',#3997,1.05);
#779=CIRCLE('',#3998,0.95);
#780=CIRCLE('',#4000,0.95);
#781=CIRCLE('',#4002,2.375);
#782=CIRCLE('',#4005,1.05);
#783=CIRCLE('',#4007,2.375);
#784=CIRCLE('',#4010,3.375);
#785=CIRCLE('',#4014,3.375);
#786=CIRCLE('',#4021,0.95);
#787=CIRCLE('',#4023,0.95);
#788=CIRCLE('',#4025,1.05);
#789=CIRCLE('',#4026,0.95);
#790=CIRCLE('',#4028,0.95);
#791=CIRCLE('',#4030,2.375);
#792=CIRCLE('',#4033,1.05);
#793=CIRCLE('',#4035,2.375);
#794=CIRCLE('',#4038,3.375);
#795=CIRCLE('',#4042,3.375);
#796=CIRCLE('',#4049,1.05);
#797=CIRCLE('',#4050,0.95);
#798=CIRCLE('',#4051,1.05);
#799=CIRCLE('',#4053,0.95);
#800=CIRCLE('',#4055,3.375);
#801=CIRCLE('',#4057,1.05);
#802=CIRCLE('',#4058,0.95);
#803=CIRCLE('',#4060,0.95);
#804=CIRCLE('',#4062,2.375);
#805=CIRCLE('',#4065,1.05);
#806=CIRCLE('',#4067,2.375);
#807=CIRCLE('',#4070,3.375);
#808=CIRCLE('',#4074,3.375);
#809=CIRCLE('',#4080,1.05);
#810=CIRCLE('',#4081,0.95);
#811=CIRCLE('',#4083,0.95);
#812=CIRCLE('',#4085,3.375);
#813=CIRCLE('',#4087,1.05);
#814=CIRCLE('',#4088,0.95);
#815=CIRCLE('',#4090,0.95);
#816=CIRCLE('',#4092,2.375);
#817=CIRCLE('',#4094,1.05);
#818=CIRCLE('',#4096,3.375);
#819=CIRCLE('',#4098,1.05);
#820=CIRCLE('',#4100,2.375);
#821=CIRCLE('',#4103,3.375);
#822=CIRCLE('',#4107,3.375);
#823=CIRCLE('',#4112,1.05);
#824=CIRCLE('',#4113,0.95);
#825=CIRCLE('',#4114,1.05);
#826=CIRCLE('',#4116,0.95);
#827=CIRCLE('',#4118,3.375);
#828=CIRCLE('',#4120,1.05);
#829=CIRCLE('',#4121,0.95);
#830=CIRCLE('',#4123,0.95);
#831=CIRCLE('',#4125,2.375);
#832=CIRCLE('',#4128,1.05);
#833=CIRCLE('',#4130,2.375);
#834=CIRCLE('',#4133,3.375);
#835=CIRCLE('',#4137,3.375);
#836=CIRCLE('',#4141,0.500000000000001);
#837=CIRCLE('',#4142,0.499999999999999);
#838=CIRCLE('',#4144,0.5);
#839=CIRCLE('',#4145,19.4772255750517);
#840=CIRCLE('',#4146,19.9751551727836);
#841=CIRCLE('',#4147,0.499999999999999);
#842=CIRCLE('',#4148,0.500000000000002);
#843=CIRCLE('',#4150,0.499999999999999);
#844=CIRCLE('',#4151,18.4370598373247);
#845=CIRCLE('',#4152,18.8404289134451);
#846=CIRCLE('',#4153,0.500000000000001);
#847=CIRCLE('',#4154,0.500000000000002);
#848=CIRCLE('',#4156,0.499999999999997);
#849=CIRCLE('',#4157,19.4772255750517);
#850=CIRCLE('',#4158,19.9751551727836);
#851=CIRCLE('',#4159,19.9751551727836);
#852=CIRCLE('',#4160,0.500000000000001);
#853=CIRCLE('',#4161,0.5);
#854=CIRCLE('',#4163,0.499999999999999);
#855=CIRCLE('',#4164,18.4370598373247);
#856=CIRCLE('',#4165,18.8404289134451);
#857=CIRCLE('',#4166,0.5);
#858=CIRCLE('',#4167,0.500000000000002);
#859=CIRCLE('',#4169,0.499999999999999);
#860=CIRCLE('',#4170,19.4772255750517);
#861=CIRCLE('',#4171,19.9751551727836);
#862=CIRCLE('',#4172,0.499999999999999);
#863=CIRCLE('',#4173,0.499999999999996);
#864=CIRCLE('',#4175,0.5);
#865=CIRCLE('',#4176,18.4370598373247);
#866=CIRCLE('',#4177,18.8404289134451);
#867=CIRCLE('',#4178,0.499999999999999);
#868=CIRCLE('',#4179,0.5);
#869=CIRCLE('',#4181,0.5);
#870=CIRCLE('',#4182,19.4772255750517);
#871=CIRCLE('',#4183,19.9751551727836);
#872=CIRCLE('',#4184,0.5);
#873=CIRCLE('',#4185,0.5);
#874=CIRCLE('',#4187,0.499999999999998);
#875=CIRCLE('',#4188,18.4370598373247);
#876=CIRCLE('',#4189,18.8404289134451);
#877=CIRCLE('',#4190,0.5);
#878=CIRCLE('',#4191,0.5);
#879=CIRCLE('',#4193,0.500000000000001);
#880=CIRCLE('',#4194,19.4772255750517);
#881=CIRCLE('',#4195,19.9751551727836);
#882=CIRCLE('',#4196,0.5);
#883=CIRCLE('',#4197,0.499999999999999);
#884=CIRCLE('',#4199,0.499999999999999);
#885=CIRCLE('',#4200,18.4370598373247);
#886=CIRCLE('',#4201,18.8404289134451);
#887=CIRCLE('',#4203,17.7996710383927);
#888=CIRCLE('',#4207,18.9749371855331);
#889=CIRCLE('',#4211,17.7996710383927);
#890=CIRCLE('',#4215,18.9749371855331);
#891=CIRCLE('',#4219,17.7996710383927);
#892=CIRCLE('',#4222,0.5);
#893=CIRCLE('',#4223,0.5);
#894=CIRCLE('',#4224,0.499999999999999);
#895=CIRCLE('',#4226,0.5);
#896=CIRCLE('',#4227,18.4774434669798);
#897=CIRCLE('',#4228,18.9749371855331);
#898=CIRCLE('',#4229,0.499999999999999);
#899=CIRCLE('',#4230,0.5);
#900=CIRCLE('',#4232,0.5);
#901=CIRCLE('',#4233,17.4197039345534);
#902=CIRCLE('',#4234,17.7996710383927);
#903=CIRCLE('',#4235,0.500000000000001);
#904=CIRCLE('',#4236,0.5);
#905=CIRCLE('',#4238,0.5);
#906=CIRCLE('',#4239,18.4774434669798);
#907=CIRCLE('',#4240,18.4774434669798);
#908=CIRCLE('',#4241,18.9749371855331);
#909=CIRCLE('',#4242,0.500000000000001);
#910=CIRCLE('',#4243,0.5);
#911=CIRCLE('',#4245,0.5);
#912=CIRCLE('',#4246,17.4197039345534);
#913=CIRCLE('',#4247,17.7996710383927);
#914=CIRCLE('',#4248,0.499999999999999);
#915=CIRCLE('',#4249,0.5);
#916=CIRCLE('',#4251,0.5);
#917=CIRCLE('',#4252,18.4774434669798);
#918=CIRCLE('',#4253,18.9749371855331);
#919=CIRCLE('',#4254,0.5);
#920=CIRCLE('',#4255,0.5);
#921=CIRCLE('',#4257,0.5);
#922=CIRCLE('',#4258,17.4197039345534);
#923=CIRCLE('',#4259,0.499999999999999);
#924=CIRCLE('',#4260,0.5);
#925=CIRCLE('',#4262,0.5);
#926=CIRCLE('',#4263,18.4774434669798);
#927=CIRCLE('',#4264,0.5);
#928=CIRCLE('',#4265,0.499999999999999);
#929=CIRCLE('',#4267,0.5);
#930=CIRCLE('',#4268,17.4197039345534);
#931=CIRCLE('',#4269,0.499999999999999);
#932=CIRCLE('',#4270,0.499999999999999);
#933=CIRCLE('',#4272,0.5);
#934=CIRCLE('',#4273,18.4774434669798);
#935=CIRCLE('',#4274,0.5);
#936=CIRCLE('',#4275,0.5);
#937=CIRCLE('',#4277,17.4197039345534);
#938=CIRCLE('',#4293,14.);
#939=CIRCLE('',#4294,6.);
#940=CIRCLE('',#4296,4.5);
#941=CIRCLE('',#4297,14.);
#942=CIRCLE('',#4300,1.05);
#943=CIRCLE('',#4301,1.15);
#944=CIRCLE('',#4303,1.15);
#945=CIRCLE('',#4306,1.05);
#946=CIRCLE('',#4307,1.15);
#947=CIRCLE('',#4309,1.15);
#948=CIRCLE('',#4312,1.05);
#949=CIRCLE('',#4313,1.15);
#950=CIRCLE('',#4315,1.15);
#951=CIRCLE('',#4318,1.05);
#952=CIRCLE('',#4319,1.15);
#953=CIRCLE('',#4321,1.15);
#954=CIRCLE('',#4324,1.05);
#955=CIRCLE('',#4325,1.15);
#956=CIRCLE('',#4327,1.15);
#957=CIRCLE('',#4330,4.5);
#958=CIRCLE('',#4331,4.5);
#959=LINE('',#5467,#1202);
#960=LINE('',#5471,#1203);
#961=LINE('',#5474,#1204);
#962=LINE('',#5479,#1205);
#963=LINE('',#5500,#1206);
#964=LINE('',#5504,#1207);
#965=LINE('',#5507,#1208);
#966=LINE('',#5510,#1209);
#967=LINE('',#5533,#1210);
#968=LINE('',#5537,#1211);
#969=LINE('',#5540,#1212);
#970=LINE('',#5545,#1213);
#971=LINE('',#5566,#1214);
#972=LINE('',#5570,#1215);
#973=LINE('',#5573,#1216);
#974=LINE('',#5576,#1217);
#975=LINE('',#5599,#1218);
#976=LINE('',#5603,#1219);
#977=LINE('',#5606,#1220);
#978=LINE('',#5611,#1221);
#979=LINE('',#5632,#1222);
#980=LINE('',#5636,#1223);
#981=LINE('',#5639,#1224);
#982=LINE('',#5642,#1225);
#983=LINE('',#5650,#1226);
#984=LINE('',#5657,#1227);
#985=LINE('',#5664,#1228);
#986=LINE('',#5671,#1229);
#987=LINE('',#5678,#1230);
#988=LINE('',#5685,#1231);
#989=LINE('',#5691,#1232);
#990=LINE('',#5693,#1233);
#991=LINE('',#5695,#1234);
#992=LINE('',#5697,#1235);
#993=LINE('',#5699,#1236);
#994=LINE('',#5700,#1237);
#995=LINE('',#5702,#1238);
#996=LINE('',#5704,#1239);
#997=LINE('',#5706,#1240);
#998=LINE('',#5708,#1241);
#999=LINE('',#5710,#1242);
#1000=LINE('',#5711,#1243);
#1001=LINE('',#5713,#1244);
#1002=LINE('',#5715,#1245);
#1003=LINE('',#5717,#1246);
#1004=LINE('',#5719,#1247);
#1005=LINE('',#5721,#1248);
#1006=LINE('',#5723,#1249);
#1007=LINE('',#5725,#1250);
#1008=LINE('',#5729,#1251);
#1009=LINE('',#5731,#1252);
#1010=LINE('',#5733,#1253);
#1011=LINE('',#5735,#1254);
#1012=LINE('',#5737,#1255);
#1013=LINE('',#5739,#1256);
#1014=LINE('',#5741,#1257);
#1015=LINE('',#5745,#1258);
#1016=LINE('',#5747,#1259);
#1017=LINE('',#5749,#1260);
#1018=LINE('',#5751,#1261);
#1019=LINE('',#5753,#1262);
#1020=LINE('',#5754,#1263);
#1021=LINE('',#5763,#1264);
#1022=LINE('',#5768,#1265);
#1023=LINE('',#5772,#1266);
#1024=LINE('',#5775,#1267);
#1025=LINE('',#5779,#1268);
#1026=LINE('',#5786,#1269);
#1027=LINE('',#5789,#1270);
#1028=LINE('',#5792,#1271);
#1029=LINE('',#5800,#1272);
#1030=LINE('',#5801,#1273);
#1031=LINE('',#5805,#1274);
#1032=LINE('',#5810,#1275);
#1033=LINE('',#5812,#1276);
#1034=LINE('',#5814,#1277);
#1035=LINE('',#5816,#1278);
#1036=LINE('',#5818,#1279);
#1037=LINE('',#5820,#1280);
#1038=LINE('',#5821,#1281);
#1039=LINE('',#5824,#1282);
#1040=LINE('',#5828,#1283);
#1041=LINE('',#5834,#1284);
#1042=LINE('',#5838,#1285);
#1043=LINE('',#5842,#1286);
#1044=LINE('',#5845,#1287);
#1045=LINE('',#5847,#1288);
#1046=LINE('',#5851,#1289);
#1047=LINE('',#5854,#1290);
#1048=LINE('',#5856,#1291);
#1049=LINE('',#5859,#1292);
#1050=LINE('',#5862,#1293);
#1051=LINE('',#5865,#1294);
#1052=LINE('',#5867,#1295);
#1053=LINE('',#5869,#1296);
#1054=LINE('',#5871,#1297);
#1055=LINE('',#5874,#1298);
#1056=LINE('',#5877,#1299);
#1057=LINE('',#5880,#1300);
#1058=LINE('',#5882,#1301);
#1059=LINE('',#5884,#1302);
#1060=LINE('',#5886,#1303);
#1061=LINE('',#5888,#1304);
#1062=LINE('',#5890,#1305);
#1063=LINE('',#5891,#1306);
#1064=LINE('',#5894,#1307);
#1065=LINE('',#5896,#1308);
#1066=LINE('',#5897,#1309);
#1067=LINE('',#5899,#1310);
#1068=LINE('',#5901,#1311);
#1069=LINE('',#5902,#1312);
#1070=LINE('',#5904,#1313);
#1071=LINE('',#5906,#1314);
#1072=LINE('',#5908,#1315);
#1073=LINE('',#5910,#1316);
#1074=LINE('',#5912,#1317);
#1075=LINE('',#5913,#1318);
#1076=LINE('',#5915,#1319);
#1077=LINE('',#5917,#1320);
#1078=LINE('',#5919,#1321);
#1079=LINE('',#5921,#1322);
#1080=LINE('',#5923,#1323);
#1081=LINE('',#5924,#1324);
#1082=LINE('',#5926,#1325);
#1083=LINE('',#5928,#1326);
#1084=LINE('',#5930,#1327);
#1085=LINE('',#5932,#1328);
#1086=LINE('',#5933,#1329);
#1087=LINE('',#5936,#1330);
#1088=LINE('',#5940,#1331);
#1089=LINE('',#5946,#1332);
#1090=LINE('',#5950,#1333);
#1091=LINE('',#5955,#1334);
#1092=LINE('',#5959,#1335);
#1093=LINE('',#5960,#1336);
#1094=LINE('',#5962,#1337);
#1095=LINE('',#5966,#1338);
#1096=LINE('',#5970,#1339);
#1097=LINE('',#5972,#1340);
#1098=LINE('',#5974,#1341);
#1099=LINE('',#5977,#1342);
#1100=LINE('',#5978,#1343);
#1101=LINE('',#5980,#1344);
#1102=LINE('',#5983,#1345);
#1103=LINE('',#5986,#1346);
#1104=LINE('',#5987,#1347);
#1105=LINE('',#5990,#1348);
#1106=LINE('',#5992,#1349);
#1107=LINE('',#5997,#1350);
#1108=LINE('',#5999,#1351);
#1109=LINE('',#6000,#1352);
#1110=LINE('',#6002,#1353);
#1111=LINE('',#6004,#1354);
#1112=LINE('',#6005,#1355);
#1113=LINE('',#6010,#1356);
#1114=LINE('',#6015,#1357);
#1115=LINE('',#6023,#1358);
#1116=LINE('',#6027,#1359);
#1117=LINE('',#6031,#1360);
#1118=LINE('',#6034,#1361);
#1119=LINE('',#6036,#1362);
#1120=LINE('',#6040,#1363);
#1121=LINE('',#6043,#1364);
#1122=LINE('',#6045,#1365);
#1123=LINE('',#6048,#1366);
#1124=LINE('',#6050,#1367);
#1125=LINE('',#6055,#1368);
#1126=LINE('',#6056,#1369);
#1127=LINE('',#6063,#1370);
#1128=LINE('',#6065,#1371);
#1129=LINE('',#6066,#1372);
#1130=LINE('',#6068,#1373);
#1131=LINE('',#6070,#1374);
#1132=LINE('',#6071,#1375);
#1133=LINE('',#6076,#1376);
#1134=LINE('',#6080,#1377);
#1135=LINE('',#6088,#1378);
#1136=LINE('',#6092,#1379);
#1137=LINE('',#6096,#1380);
#1138=LINE('',#6099,#1381);
#1139=LINE('',#6103,#1382);
#1140=LINE('',#6109,#1383);
#1141=LINE('',#6112,#1384);
#1142=LINE('',#6114,#1385);
#1143=LINE('',#6117,#1386);
#1144=LINE('',#6119,#1387);
#1145=LINE('',#6124,#1388);
#1146=LINE('',#6125,#1389);
#1147=LINE('',#6134,#1390);
#1148=LINE('',#6139,#1391);
#1149=LINE('',#6147,#1392);
#1150=LINE('',#6151,#1393);
#1151=LINE('',#6155,#1394);
#1152=LINE('',#6158,#1395);
#1153=LINE('',#6160,#1396);
#1154=LINE('',#6164,#1397);
#1155=LINE('',#6167,#1398);
#1156=LINE('',#6169,#1399);
#1157=LINE('',#6172,#1400);
#1158=LINE('',#6174,#1401);
#1159=LINE('',#6179,#1402);
#1160=LINE('',#6180,#1403);
#1161=LINE('',#7333,#1404);
#1162=LINE('',#7336,#1405);
#1163=LINE('',#7339,#1406);
#1164=LINE('',#7347,#1407);
#1165=LINE('',#7355,#1408);
#1166=LINE('',#7359,#1409);
#1167=LINE('',#7367,#1410);
#1168=LINE('',#7375,#1411);
#1169=LINE('',#7379,#1412);
#1170=LINE('',#7388,#1413);
#1171=LINE('',#7396,#1414);
#1172=LINE('',#7400,#1415);
#1173=LINE('',#7409,#1416);
#1174=LINE('',#7417,#1417);
#1175=LINE('',#7421,#1418);
#1176=LINE('',#7430,#1419);
#1177=LINE('',#8234,#1420);
#1178=LINE('',#8235,#1421);
#1179=LINE('',#8237,#1422);
#1180=LINE('',#8239,#1423);
#1181=LINE('',#8241,#1424);
#1182=LINE('',#8243,#1425);
#1183=LINE('',#8245,#1426);
#1184=LINE('',#8247,#1427);
#1185=LINE('',#8249,#1428);
#1186=LINE('',#8251,#1429);
#1187=LINE('',#8253,#1430);
#1188=LINE('',#8255,#1431);
#1189=LINE('',#8257,#1432);
#1190=LINE('',#8260,#1433);
#1191=LINE('',#8274,#1434);
#1192=LINE('',#8278,#1435);
#1193=LINE('',#8285,#1436);
#1194=LINE('',#8289,#1437);
#1195=LINE('',#8296,#1438);
#1196=LINE('',#8300,#1439);
#1197=LINE('',#8307,#1440);
#1198=LINE('',#8311,#1441);
#1199=LINE('',#8318,#1442);
#1200=LINE('',#8322,#1443);
#1201=LINE('',#8329,#1444);
#1202=VECTOR('',#4338,10.);
#1203=VECTOR('',#4341,10.);
#1204=VECTOR('',#4344,10.);
#1205=VECTOR('',#4349,10.);
#1206=VECTOR('',#4354,10.);
#1207=VECTOR('',#4359,10.);
#1208=VECTOR('',#4362,10.);
#1209=VECTOR('',#4365,10.);
#1210=VECTOR('',#4372,10.);
#1211=VECTOR('',#4375,10.);
#1212=VECTOR('',#4378,10.);
#1213=VECTOR('',#4383,10.);
#1214=VECTOR('',#4388,10.);
#1215=VECTOR('',#4393,10.);
#1216=VECTOR('',#4396,10.);
#1217=VECTOR('',#4399,10.);
#1218=VECTOR('',#4406,10.);
#1219=VECTOR('',#4409,10.);
#1220=VECTOR('',#4412,10.);
#1221=VECTOR('',#4417,10.);
#1222=VECTOR('',#4422,10.);
#1223=VECTOR('',#4427,10.);
#1224=VECTOR('',#4430,10.);
#1225=VECTOR('',#4433,10.);
#1226=VECTOR('',#4442,1.25);
#1227=VECTOR('',#4451,1.25);
#1228=VECTOR('',#4460,1.25);
#1229=VECTOR('',#4469,1.25);
#1230=VECTOR('',#4478,1.25);
#1231=VECTOR('',#4487,4.05);
#1232=VECTOR('',#4494,10.);
#1233=VECTOR('',#4495,10.);
#1234=VECTOR('',#4496,10.);
#1235=VECTOR('',#4497,10.);
#1236=VECTOR('',#4498,10.);
#1237=VECTOR('',#4499,10.);
#1238=VECTOR('',#4500,10.);
#1239=VECTOR('',#4501,10.);
#1240=VECTOR('',#4502,10.);
#1241=VECTOR('',#4503,10.);
#1242=VECTOR('',#4504,10.);
#1243=VECTOR('',#4505,10.);
#1244=VECTOR('',#4506,10.);
#1245=VECTOR('',#4507,10.);
#1246=VECTOR('',#4508,10.);
#1247=VECTOR('',#4509,10.);
#1248=VECTOR('',#4510,10.);
#1249=VECTOR('',#4511,10.);
#1250=VECTOR('',#4512,10.);
#1251=VECTOR('',#4515,10.);
#1252=VECTOR('',#4516,10.);
#1253=VECTOR('',#4517,10.);
#1254=VECTOR('',#4518,10.);
#1255=VECTOR('',#4519,10.);
#1256=VECTOR('',#4520,10.);
#1257=VECTOR('',#4521,10.);
#1258=VECTOR('',#4524,10.);
#1259=VECTOR('',#4525,10.);
#1260=VECTOR('',#4526,10.);
#1261=VECTOR('',#4527,10.);
#1262=VECTOR('',#4528,10.);
#1263=VECTOR('',#4529,10.);
#1264=VECTOR('',#4538,4.);
#1265=VECTOR('',#4545,2.);
#1266=VECTOR('',#4550,2.);
#1267=VECTOR('',#4553,2.);
#1268=VECTOR('',#4558,10.);
#1269=VECTOR('',#4567,2.);
#1270=VECTOR('',#4570,2.);
#1271=VECTOR('',#4573,10.);
#1272=VECTOR('',#4582,2.);
#1273=VECTOR('',#4583,2.);
#1274=VECTOR('',#4588,10.);
#1275=VECTOR('',#4593,10.);
#1276=VECTOR('',#4594,10.);
#1277=VECTOR('',#4595,10.);
#1278=VECTOR('',#4596,10.);
#1279=VECTOR('',#4597,10.);
#1280=VECTOR('',#4598,10.);
#1281=VECTOR('',#4599,10.);
#1282=VECTOR('',#4602,1.);
#1283=VECTOR('',#4607,0.95);
#1284=VECTOR('',#4614,1.);
#1285=VECTOR('',#4619,0.95);
#1286=VECTOR('',#4624,10.);
#1287=VECTOR('',#4627,10.);
#1288=VECTOR('',#4630,1.);
#1289=VECTOR('',#4635,1.);
#1290=VECTOR('',#4638,10.);
#1291=VECTOR('',#4639,10.);
#1292=VECTOR('',#4644,10.);
#1293=VECTOR('',#4647,10.);
#1294=VECTOR('',#4652,10.);
#1295=VECTOR('',#4655,10.);
#1296=VECTOR('',#4658,10.);
#1297=VECTOR('',#4659,10.);
#1298=VECTOR('',#4664,10.);
#1299=VECTOR('',#4669,10.);
#1300=VECTOR('',#4672,10.);
#1301=VECTOR('',#4673,10.);
#1302=VECTOR('',#4674,10.);
#1303=VECTOR('',#4675,10.);
#1304=VECTOR('',#4676,10.);
#1305=VECTOR('',#4677,10.);
#1306=VECTOR('',#4678,10.);
#1307=VECTOR('',#4681,10.);
#1308=VECTOR('',#4682,10.);
#1309=VECTOR('',#4683,10.);
#1310=VECTOR('',#4684,10.);
#1311=VECTOR('',#4685,10.);
#1312=VECTOR('',#4686,10.);
#1313=VECTOR('',#4687,10.);
#1314=VECTOR('',#4688,10.);
#1315=VECTOR('',#4689,10.);
#1316=VECTOR('',#4690,10.);
#1317=VECTOR('',#4691,10.);
#1318=VECTOR('',#4692,10.);
#1319=VECTOR('',#4693,10.);
#1320=VECTOR('',#4694,10.);
#1321=VECTOR('',#4695,10.);
#1322=VECTOR('',#4696,10.);
#1323=VECTOR('',#4697,10.);
#1324=VECTOR('',#4698,10.);
#1325=VECTOR('',#4699,10.);
#1326=VECTOR('',#4700,10.);
#1327=VECTOR('',#4701,10.);
#1328=VECTOR('',#4702,10.);
#1329=VECTOR('',#4703,10.);
#1330=VECTOR('',#4706,1.);
#1331=VECTOR('',#4711,0.95);
#1332=VECTOR('',#4718,1.);
#1333=VECTOR('',#4723,0.95);
#1334=VECTOR('',#4728,10.);
#1335=VECTOR('',#4731,10.);
#1336=VECTOR('',#4732,10.);
#1337=VECTOR('',#4735,1.);
#1338=VECTOR('',#4740,1.);
#1339=VECTOR('',#4743,10.);
#1340=VECTOR('',#4744,10.);
#1341=VECTOR('',#4745,10.);
#1342=VECTOR('',#4750,10.);
#1343=VECTOR('',#4751,10.);
#1344=VECTOR('',#4754,10.);
#1345=VECTOR('',#4759,10.);
#1346=VECTOR('',#4764,10.);
#1347=VECTOR('',#4765,10.);
#1348=VECTOR('',#4770,10.);
#1349=VECTOR('',#4773,10.);
#1350=VECTOR('',#4780,10.);
#1351=VECTOR('',#4781,10.);
#1352=VECTOR('',#4782,10.);
#1353=VECTOR('',#4783,10.);
#1354=VECTOR('',#4784,10.);
#1355=VECTOR('',#4785,10.);
#1356=VECTOR('',#4790,1.);
#1357=VECTOR('',#4797,0.95);
#1358=VECTOR('',#4808,1.);
#1359=VECTOR('',#4813,0.95);
#1360=VECTOR('',#4818,10.);
#1361=VECTOR('',#4821,10.);
#1362=VECTOR('',#4824,1.);
#1363=VECTOR('',#4829,1.);
#1364=VECTOR('',#4832,10.);
#1365=VECTOR('',#4833,10.);
#1366=VECTOR('',#4838,10.);
#1367=VECTOR('',#4841,10.);
#1368=VECTOR('',#4850,10.);
#1369=VECTOR('',#4851,10.);
#1370=VECTOR('',#4862,10.);
#1371=VECTOR('',#4863,10.);
#1372=VECTOR('',#4864,10.);
#1373=VECTOR('',#4865,10.);
#1374=VECTOR('',#4866,10.);
#1375=VECTOR('',#4867,10.);
#1376=VECTOR('',#4872,1.);
#1377=VECTOR('',#4877,0.95);
#1378=VECTOR('',#4888,1.);
#1379=VECTOR('',#4893,0.95);
#1380=VECTOR('',#4898,10.);
#1381=VECTOR('',#4901,10.);
#1382=VECTOR('',#4906,1.);
#1383=VECTOR('',#4915,1.);
#1384=VECTOR('',#4918,10.);
#1385=VECTOR('',#4919,10.);
#1386=VECTOR('',#4924,10.);
#1387=VECTOR('',#4927,10.);
#1388=VECTOR('',#4936,10.);
#1389=VECTOR('',#4937,10.);
#1390=VECTOR('',#4950,1.);
#1391=VECTOR('',#4957,0.95);
#1392=VECTOR('',#4968,1.);
#1393=VECTOR('',#4973,0.95);
#1394=VECTOR('',#4978,10.);
#1395=VECTOR('',#4981,10.);
#1396=VECTOR('',#4984,1.);
#1397=VECTOR('',#4989,1.);
#1398=VECTOR('',#4992,10.);
#1399=VECTOR('',#4993,10.);
#1400=VECTOR('',#4998,10.);
#1401=VECTOR('',#5001,10.);
#1402=VECTOR('',#5010,10.);
#1403=VECTOR('',#5011,10.);
#1404=VECTOR('',#5144,1.);
#1405=VECTOR('',#5147,1.);
#1406=VECTOR('',#5150,1.);
#1407=VECTOR('',#5153,10.);
#1408=VECTOR('',#5156,10.);
#1409=VECTOR('',#5161,1.);
#1410=VECTOR('',#5164,1.);
#1411=VECTOR('',#5167,1.);
#1412=VECTOR('',#5172,1.);
#1413=VECTOR('',#5175,10.);
#1414=VECTOR('',#5178,10.);
#1415=VECTOR('',#5183,1.);
#1416=VECTOR('',#5186,1.);
#1417=VECTOR('',#5189,1.);
#1418=VECTOR('',#5194,1.);
#1419=VECTOR('',#5197,10.);
#1420=VECTOR('',#5312,10.);
#1421=VECTOR('',#5313,10.);
#1422=VECTOR('',#5316,1.);
#1423=VECTOR('',#5319,1.);
#1424=VECTOR('',#5322,1.);
#1425=VECTOR('',#5325,1.);
#1426=VECTOR('',#5328,10.);
#1427=VECTOR('',#5331,10.);
#1428=VECTOR('',#5334,1.);
#1429=VECTOR('',#5337,1.);
#1430=VECTOR('',#5340,0.999999999999999);
#1431=VECTOR('',#5343,1.);
#1432=VECTOR('',#5346,10.);
#1433=VECTOR('',#5351,1.);
#1434=VECTOR('',#5370,1.1);
#1435=VECTOR('',#5375,1.25);
#1436=VECTOR('',#5384,1.1);
#1437=VECTOR('',#5389,1.25);
#1438=VECTOR('',#5398,1.1);
#1439=VECTOR('',#5403,1.25);
#1440=VECTOR('',#5412,1.1);
#1441=VECTOR('',#5417,1.25);
#1442=VECTOR('',#5426,1.1);
#1443=VECTOR('',#5431,1.25);
#1444=VECTOR('',#5440,4.);
#1445=B_SPLINE_CURVE_WITH_KNOTS('',3,(#5451,#5452,#5453,#5454,#5455,#5456,
#5457,#5458,#5459,#5460,#5461,#5462,#5463,#5464,#5465),.UNSPECIFIED.,.F.,
 .F.,(4,2,2,3,2,2,4),(0.986355226876491,1.03469979599257,1.06100499323805,
1.08731019048353,1.113615387729,1.13992058497448,1.18826515409056),
 .UNSPECIFIED.);
#1446=B_SPLINE_CURVE_WITH_KNOTS('',3,(#5484,#5485,#5486,#5487,#5488,#5489,
#5490,#5491,#5492,#5493,#5494,#5495,#5496,#5497,#5498),.UNSPECIFIED.,.F.,
 .F.,(4,2,2,3,2,2,4),(0.986355226876488,1.03469979599257,1.06100499323805,
1.08731019048352,1.113615387729,1.13992058497447,1.18826515409056),
 .UNSPECIFIED.);
#1447=B_SPLINE_CURVE_WITH_KNOTS('',3,(#5517,#5518,#5519,#5520,#5521,#5522,
#5523,#5524,#5525,#5526,#5527,#5528,#5529,#5530,#5531),.UNSPECIFIED.,.F.,
 .F.,(4,2,2,3,2,2,4),(0.986355226876491,1.03469979599258,1.06100499323805,
1.08731019048353,1.113615387729,1.13992058497448,1.18826515409056),
 .UNSPECIFIED.);
#1448=B_SPLINE_CURVE_WITH_KNOTS('',3,(#5550,#5551,#5552,#5553,#5554,#5555,
#5556,#5557,#5558,#5559,#5560,#5561,#5562,#5563,#5564),.UNSPECIFIED.,.F.,
 .F.,(4,2,2,3,2,2,4),(0.986355226876488,1.03469979599257,1.06100499323805,
1.08731019048352,1.113615387729,1.13992058497447,1.18826515409056),
 .UNSPECIFIED.);
#1449=B_SPLINE_CURVE_WITH_KNOTS('',3,(#5583,#5584,#5585,#5586,#5587,#5588,
#5589,#5590,#5591,#5592,#5593,#5594,#5595,#5596,#5597),.UNSPECIFIED.,.F.,
 .F.,(4,2,2,3,2,2,4),(0.986355226876491,1.03469979599258,1.06100499323805,
1.08731019048353,1.113615387729,1.13992058497448,1.18826515409056),
 .UNSPECIFIED.);
#1450=B_SPLINE_CURVE_WITH_KNOTS('',3,(#5616,#5617,#5618,#5619,#5620,#5621,
#5622,#5623,#5624,#5625,#5626,#5627,#5628,#5629,#5630),.UNSPECIFIED.,.F.,
 .F.,(4,2,2,3,2,2,4),(0.986355226876489,1.03469979599257,1.06100499323805,
1.08731019048352,1.113615387729,1.13992058497448,1.18826515409056),
 .UNSPECIFIED.);
#1451=B_SPLINE_CURVE_WITH_KNOTS('',3,(#6225,#6226,#6227,#6228,#6229,#6230),
 .UNSPECIFIED.,.F.,.F.,(4,1,1,4),(-0.226270879711387,-0.129297645549364,
-0.064648822774682,0.),.UNSPECIFIED.);
#1452=B_SPLINE_CURVE_WITH_KNOTS('',3,(#6233,#6234,#6235,#6236,#6237,#6238),
 .UNSPECIFIED.,.F.,.F.,(4,1,1,4),(0.,0.064648822774682,0.129297645549364,
0.226270879711387),.UNSPECIFIED.);
#1453=B_SPLINE_CURVE_WITH_KNOTS('',3,(#6284,#6285,#6286,#6287,#6288,#6289),
 .UNSPECIFIED.,.F.,.F.,(4,1,1,4),(-0.226271351654684,-0.16162239403906,
-0.0969734364234362,-5.91537402857531E-16),.UNSPECIFIED.);
#1454=B_SPLINE_CURVE_WITH_KNOTS('',3,(#6290,#6291,#6292,#6293,#6294,#6295),
 .UNSPECIFIED.,.F.,.F.,(4,1,1,4),(5.91537402857531E-16,0.0969734364234362,
0.16162239403906,0.226271351654684),.UNSPECIFIED.);
#1455=B_SPLINE_CURVE_WITH_KNOTS('',3,(#6341,#6342,#6343,#6344,#6345,#6346,
#6347),.UNSPECIFIED.,.F.,.F.,(4,1,1,1,4),(-0.232750706523,-0.182875555125214,
-0.133000403727428,-0.0665002018637142,0.),.UNSPECIFIED.);
#1456=B_SPLINE_CURVE_WITH_KNOTS('',3,(#6348,#6349,#6350,#6351,#6352,#6353,
#6354),.UNSPECIFIED.,.F.,.F.,(4,1,1,1,4),(0.,0.0665002018637142,0.133000403727428,
0.182875555125214,0.232750706523),.UNSPECIFIED.);
#1457=B_SPLINE_CURVE_WITH_KNOTS('',3,(#6398,#6399,#6400,#6401,#6402,#6403),
 .UNSPECIFIED.,.F.,.F.,(4,1,1,4),(-0.232750290502761,-0.166250207501972,
-0.0997501245011832,0.),.UNSPECIFIED.);
#1458=B_SPLINE_CURVE_WITH_KNOTS('',3,(#6406,#6407,#6408,#6409,#6410,#6411),
 .UNSPECIFIED.,.F.,.F.,(4,1,1,4),(0.,0.0997501245011832,0.166250207501972,
0.232750290502761),.UNSPECIFIED.);
#1459=B_SPLINE_CURVE_WITH_KNOTS('',3,(#6457,#6458,#6459,#6460,#6461,#6462,
#6463),.UNSPECIFIED.,.F.,.F.,(4,1,1,1,4),(-0.22626844967616,-0.161620321197257,
-0.0969721927183544,-0.0484860963591772,0.),.UNSPECIFIED.);
#1460=B_SPLINE_CURVE_WITH_KNOTS('',3,(#6464,#6465,#6466,#6467,#6468,#6469,
#6470),.UNSPECIFIED.,.F.,.F.,(4,1,1,1,4),(0.,0.0484860963591772,0.0969721927183544,
0.161620321197257,0.22626844967616),.UNSPECIFIED.);
#1461=B_SPLINE_CURVE_WITH_KNOTS('',3,(#6518,#6519,#6520,#6521,#6522,#6523),
 .UNSPECIFIED.,.F.,.F.,(4,1,1,4),(-0.226271506090354,-0.161622504350253,
-0.096973502610152,-3.82174989006679E-16),.UNSPECIFIED.);
#1462=B_SPLINE_CURVE_WITH_KNOTS('',3,(#6524,#6525,#6526,#6527,#6528,#6529),
 .UNSPECIFIED.,.F.,.F.,(4,1,1,4),(3.82174989006679E-16,0.096973502610152,
0.161622504350253,0.226271506090354),.UNSPECIFIED.);
#1463=B_SPLINE_CURVE_WITH_KNOTS('',3,(#6575,#6576,#6577,#6578,#6579,#6580,
#6581),.UNSPECIFIED.,.F.,.F.,(4,1,1,1,4),(-0.232750758763342,-0.199500650368579,
-0.166250541973816,-0.0997503251842895,0.),.UNSPECIFIED.);
#1464=B_SPLINE_CURVE_WITH_KNOTS('',3,(#6582,#6583,#6584,#6585,#6586,#6587,
#6588),.UNSPECIFIED.,.F.,.F.,(4,1,1,1,4),(0.,0.0997503251842895,0.166250541973816,
0.199500650368579,0.232750758763342),.UNSPECIFIED.);
#1465=B_SPLINE_CURVE_WITH_KNOTS('',3,(#6632,#6633,#6634,#6635,#6636,#6637),
 .UNSPECIFIED.,.F.,.F.,(4,1,1,4),(-0.232751274313956,-0.18287600124668,
-0.133000728179403,0.),.UNSPECIFIED.);
#1466=B_SPLINE_CURVE_WITH_KNOTS('',3,(#6640,#6641,#6642,#6643,#6644,#6645),
 .UNSPECIFIED.,.F.,.F.,(4,1,1,4),(0.,0.133000728179403,0.18287600124668,
0.232751274313956),.UNSPECIFIED.);
#1467=B_SPLINE_CURVE_WITH_KNOTS('',3,(#6691,#6692,#6693,#6694,#6695,#6696,
#6697),.UNSPECIFIED.,.F.,.F.,(4,1,1,1,4),(-0.226268281729024,-0.161620201235017,
-0.0969721207410101,-0.0484860603705051,0.),.UNSPECIFIED.);
#1468=B_SPLINE_CURVE_WITH_KNOTS('',3,(#6698,#6699,#6700,#6701,#6702,#6703,
#6704),.UNSPECIFIED.,.F.,.F.,(4,1,1,1,4),(0.,0.0484860603705051,0.0969721207410101,
0.161620201235017,0.226268281729024),.UNSPECIFIED.);
#1469=B_SPLINE_CURVE_WITH_KNOTS('',3,(#6750,#6751,#6752,#6753,#6754,#6755),
 .UNSPECIFIED.,.F.,.F.,(4,1,1,4),(-0.226271426350677,-0.161622447393341,
-0.0969734684360045,-6.47354527919731E-17),.UNSPECIFIED.);
#1470=B_SPLINE_CURVE_WITH_KNOTS('',3,(#6756,#6757,#6758,#6759,#6760,#6761),
 .UNSPECIFIED.,.F.,.F.,(4,1,1,4),(6.47354527919731E-17,0.0969734684360045,
0.161622447393341,0.226271426350677),.UNSPECIFIED.);
#1471=B_SPLINE_CURVE_WITH_KNOTS('',3,(#6807,#6808,#6809,#6810,#6811,#6812,
#6813),.UNSPECIFIED.,.F.,.F.,(4,1,1,1,4),(-0.232750749497058,-0.19950064242605,
-0.166250535355042,-0.0997503212130251,-6.99722014547432E-17),
 .UNSPECIFIED.);
#1472=B_SPLINE_CURVE_WITH_KNOTS('',3,(#6814,#6815,#6816,#6817,#6818,#6819,
#6820),.UNSPECIFIED.,.F.,.F.,(4,1,1,1,4),(6.99722014547432E-17,0.0997503212130251,
0.166250535355042,0.19950064242605,0.232750749497058),.UNSPECIFIED.);
#1473=B_SPLINE_CURVE_WITH_KNOTS('',3,(#6864,#6865,#6866,#6867,#6868,#6869),
 .UNSPECIFIED.,.F.,.F.,(4,1,1,4),(-0.232751405321496,-0.166251003801069,
-0.0997506022806411,0.),.UNSPECIFIED.);
#1474=B_SPLINE_CURVE_WITH_KNOTS('',3,(#6872,#6873,#6874,#6875,#6876,#6877),
 .UNSPECIFIED.,.F.,.F.,(4,1,1,4),(0.,0.0997506022806411,0.166251003801069,
0.232751405321496),.UNSPECIFIED.);
#1475=B_SPLINE_CURVE_WITH_KNOTS('',3,(#6917,#6918,#6919,#6920,#6921,#6922),
 .UNSPECIFIED.,.F.,.F.,(4,1,1,4),(-0.226268296312091,-0.129296169321195,
-0.0646480846605976,0.),.UNSPECIFIED.);
#1476=B_SPLINE_CURVE_WITH_KNOTS('',3,(#6923,#6924,#6925,#6926,#6927,#6928),
 .UNSPECIFIED.,.F.,.F.,(4,1,1,4),(0.,0.0646480846605976,0.129296169321195,
0.226268296312091),.UNSPECIFIED.);
#1477=B_SPLINE_CURVE_WITH_KNOTS('',3,(#6974,#6975,#6976,#6977,#6978,#6979),
 .UNSPECIFIED.,.F.,.F.,(4,1,1,4),(-0.226271382154127,-0.177784657406814,
-0.129297932659501,-1.08128431838565E-16),.UNSPECIFIED.);
#1478=B_SPLINE_CURVE_WITH_KNOTS('',3,(#6980,#6981,#6982,#6983,#6984,#6985),
 .UNSPECIFIED.,.F.,.F.,(4,1,1,4),(1.08128431838565E-16,0.129297932659501,
0.177784657406814,0.226271382154127),.UNSPECIFIED.);
#1479=B_SPLINE_CURVE_WITH_KNOTS('',3,(#7031,#7032,#7033,#7034,#7035,#7036,
#7037),.UNSPECIFIED.,.F.,.F.,(4,1,1,1,4),(-0.232750611130546,-0.182875480174001,
-0.133000349217455,-0.0665001746087275,-5.7249983008421E-17),
 .UNSPECIFIED.);
#1480=B_SPLINE_CURVE_WITH_KNOTS('',3,(#7038,#7039,#7040,#7041,#7042,#7043,
#7044),.UNSPECIFIED.,.F.,.F.,(4,1,1,1,4),(5.7249983008421E-17,0.0665001746087275,
0.133000349217455,0.182875480174001,0.232750611130546),.UNSPECIFIED.);
#1481=B_SPLINE_CURVE_WITH_KNOTS('',3,(#7088,#7089,#7090,#7091,#7092,#7093),
 .UNSPECIFIED.,.F.,.F.,(4,1,1,4),(-0.232750975887767,-0.166250697062691,
-0.0997504182376144,0.),.UNSPECIFIED.);
#1482=B_SPLINE_CURVE_WITH_KNOTS('',3,(#7096,#7097,#7098,#7099,#7100,#7101),
 .UNSPECIFIED.,.F.,.F.,(4,1,1,4),(0.,0.0997504182376144,0.166250697062691,
0.232750975887767),.UNSPECIFIED.);
#1483=B_SPLINE_CURVE_WITH_KNOTS('',3,(#7147,#7148,#7149,#7150,#7151,#7152,
#7153),.UNSPECIFIED.,.F.,.F.,(4,1,1,1,4),(-0.226268315039054,-0.161620225027896,
-0.0969721350167376,-0.0484860675083688,0.),.UNSPECIFIED.);
#1484=B_SPLINE_CURVE_WITH_KNOTS('',3,(#7154,#7155,#7156,#7157,#7158,#7159,
#7160),.UNSPECIFIED.,.F.,.F.,(4,1,1,1,4),(0.,0.0484860675083688,0.0969721350167376,
0.161620225027896,0.226268315039054),.UNSPECIFIED.);
#1485=B_SPLINE_CURVE_WITH_KNOTS('',3,(#7206,#7207,#7208,#7209,#7210,#7211),
 .UNSPECIFIED.,.F.,.F.,(4,1,1,4),(-0.226270877454756,-0.161622055324826,
-0.0969732331948954,0.),.UNSPECIFIED.);
#1486=B_SPLINE_CURVE_WITH_KNOTS('',3,(#7212,#7213,#7214,#7215,#7216,#7217),
 .UNSPECIFIED.,.F.,.F.,(4,1,1,4),(0.,0.0969732331948954,0.161622055324826,
0.226270877454756),.UNSPECIFIED.);
#1487=B_SPLINE_CURVE_WITH_KNOTS('',3,(#7263,#7264,#7265,#7266,#7267,#7268,
#7269),.UNSPECIFIED.,.F.,.F.,(4,1,1,1,4),(-0.232750725434538,-0.199500621801032,
-0.166250518167527,-0.0997503109005162,-4.97364804790242E-18),
 .UNSPECIFIED.);
#1488=B_SPLINE_CURVE_WITH_KNOTS('',3,(#7270,#7271,#7272,#7273,#7274,#7275,
#7276),.UNSPECIFIED.,.F.,.F.,(4,1,1,1,4),(4.97364804790242E-18,0.0997503109005162,
0.166250518167527,0.199500621801032,0.232750725434538),.UNSPECIFIED.);
#1489=B_SPLINE_CURVE_WITH_KNOTS('',3,(#7319,#7320,#7321,#7322,#7323,#7324),
 .UNSPECIFIED.,.F.,.F.,(4,1,1,4),(-0.232750724522026,-0.166250517515733,
-0.0997503105094397,-3.76927973210592E-17),.UNSPECIFIED.);
#1490=B_SPLINE_CURVE_WITH_KNOTS('',3,(#7325,#7326,#7327,#7328,#7329,#7330),
 .UNSPECIFIED.,.F.,.F.,(4,1,1,4),(3.76927973210592E-17,0.0997503105094397,
0.166250517515733,0.232750724522026),.UNSPECIFIED.);
#1491=B_SPLINE_CURVE_WITH_KNOTS('',3,(#7340,#7341,#7342,#7343,#7344),
 .UNSPECIFIED.,.F.,.F.,(4,1,4),(0.,0.101083782947249,0.235862160210249),
 .UNSPECIFIED.);
#1492=B_SPLINE_CURVE_WITH_KNOTS('',3,(#7348,#7349,#7350,#7351,#7352),
 .UNSPECIFIED.,.F.,.F.,(4,1,4),(-0.226872604169514,-0.129641488096865,0.),
 .UNSPECIFIED.);
#1493=B_SPLINE_CURVE_WITH_KNOTS('',3,(#7360,#7361,#7362,#7363,#7364),
 .UNSPECIFIED.,.F.,.F.,(4,1,4),(-0.226870167708685,-0.0972300718751509,
0.),.UNSPECIFIED.);
#1494=B_SPLINE_CURVE_WITH_KNOTS('',3,(#7368,#7369,#7370,#7371,#7372),
 .UNSPECIFIED.,.F.,.F.,(4,1,4),(-0.23586082051942,-0.101083208794037,0.),
 .UNSPECIFIED.);
#1495=B_SPLINE_CURVE_WITH_KNOTS('',3,(#7380,#7381,#7382,#7383,#7384,#7385),
 .UNSPECIFIED.,.F.,.F.,(4,1,1,4),(8.08288323551497E-17,0.0673887416242123,
0.134777483248425,0.235860595684743),.UNSPECIFIED.);
#1496=B_SPLINE_CURVE_WITH_KNOTS('',3,(#7389,#7390,#7391,#7392,#7393),
 .UNSPECIFIED.,.F.,.F.,(4,1,4),(-0.226869486587064,-0.129639706621179,0.),
 .UNSPECIFIED.);
#1497=B_SPLINE_CURVE_WITH_KNOTS('',3,(#7401,#7402,#7403,#7404,#7405,#7406),
 .UNSPECIFIED.,.F.,.F.,(4,1,1,4),(-0.226871607175733,-0.129640918386133,
-0.0648204591930667,0.),.UNSPECIFIED.);
#1498=B_SPLINE_CURVE_WITH_KNOTS('',3,(#7410,#7411,#7412,#7413,#7414),
 .UNSPECIFIED.,.F.,.F.,(4,1,4),(-0.23586510182258,-0.101085043638249,0.),
 .UNSPECIFIED.);
#1499=B_SPLINE_CURVE_WITH_KNOTS('',3,(#7422,#7423,#7424,#7425,#7426,#7427),
 .UNSPECIFIED.,.F.,.F.,(4,1,1,4),(0.,0.0673892946387042,0.134778589277408,
0.235862531235465),.UNSPECIFIED.);
#1500=B_SPLINE_CURVE_WITH_KNOTS('',3,(#7431,#7432,#7433,#7434,#7435,#7436),
 .UNSPECIFIED.,.F.,.F.,(4,1,1,4),(-0.226871026999608,-0.162050733571149,
-0.0972304401426893,0.),.UNSPECIFIED.);
#1501=B_SPLINE_CURVE_WITH_KNOTS('',3,(#7470,#7471,#7472,#7473,#7474,#7475),
 .UNSPECIFIED.,.F.,.F.,(4,1,1,4),(-0.235862531235465,-0.134778589277408,
-0.0673892946387042,0.),.UNSPECIFIED.);
#1502=B_SPLINE_CURVE_WITH_KNOTS('',3,(#7509,#7510,#7511,#7512,#7513,#7514),
 .UNSPECIFIED.,.F.,.F.,(4,1,1,4),(0.,0.0972304401426893,0.162050733571149,
0.226871026999608),.UNSPECIFIED.);
#1503=B_SPLINE_CURVE_WITH_KNOTS('',3,(#7547,#7548,#7549,#7550,#7551),
 .UNSPECIFIED.,.F.,.F.,(4,1,4),(-0.226866495480839,-0.0972284980632167,
0.),.UNSPECIFIED.);
#1504=B_SPLINE_CURVE_WITH_KNOTS('',3,(#7554,#7555,#7556,#7557,#7558),
 .UNSPECIFIED.,.F.,.F.,(4,1,4),(0.,0.0972284980632167,0.226866495480839),
 .UNSPECIFIED.);
#1505=B_SPLINE_CURVE_WITH_KNOTS('',3,(#7585,#7586,#7587,#7588,#7589),
 .UNSPECIFIED.,.F.,.F.,(4,1,4),(-0.235865136091252,-0.101085058324822,0.),
 .UNSPECIFIED.);
#1506=B_SPLINE_CURVE_WITH_KNOTS('',3,(#7592,#7593,#7594,#7595,#7596),
 .UNSPECIFIED.,.F.,.F.,(4,1,4),(0.,0.101085058324822,0.235865136091252),
 .UNSPECIFIED.);
#1507=B_SPLINE_CURVE_WITH_KNOTS('',3,(#7631,#7632,#7633,#7634,#7635),
 .UNSPECIFIED.,.F.,.F.,(4,1,4),(-0.235862638657733,-0.101083987996171,0.),
 .UNSPECIFIED.);
#1508=B_SPLINE_CURVE_WITH_KNOTS('',3,(#7636,#7637,#7638,#7639,#7640),
 .UNSPECIFIED.,.F.,.F.,(4,1,4),(0.,0.101083987996171,0.235862638657733),
 .UNSPECIFIED.);
#1509=B_SPLINE_CURVE_WITH_KNOTS('',3,(#7672,#7673,#7674,#7675,#7676,#7677),
 .UNSPECIFIED.,.F.,.F.,(4,1,1,4),(-0.22686998742057,-0.162049991014693,
-0.0972299946088155,0.),.UNSPECIFIED.);
#1510=B_SPLINE_CURVE_WITH_KNOTS('',3,(#7680,#7681,#7682,#7683,#7684,#7685),
 .UNSPECIFIED.,.F.,.F.,(4,1,1,4),(0.,0.0972299946088155,0.162049991014693,
0.22686998742057),.UNSPECIFIED.);
#1511=B_SPLINE_CURVE_WITH_KNOTS('',3,(#7725,#7726,#7727,#7728,#7729,#7730),
 .UNSPECIFIED.,.F.,.F.,(4,1,1,4),(-0.226870573141849,-0.129640327509628,
-0.064820163754814,0.),.UNSPECIFIED.);
#1512=B_SPLINE_CURVE_WITH_KNOTS('',3,(#7733,#7734,#7735,#7736,#7737,#7738),
 .UNSPECIFIED.,.F.,.F.,(4,1,1,4),(0.,0.064820163754814,0.129640327509628,
0.226870573141849),.UNSPECIFIED.);
#1513=B_SPLINE_CURVE_WITH_KNOTS('',3,(#7765,#7766,#7767,#7768,#7769),
 .UNSPECIFIED.,.F.,.F.,(4,1,4),(-0.235865690861338,-0.101085296083431,0.),
 .UNSPECIFIED.);
#1514=B_SPLINE_CURVE_WITH_KNOTS('',3,(#7772,#7773,#7774,#7775,#7776),
 .UNSPECIFIED.,.F.,.F.,(4,1,4),(0.,0.101085296083431,0.235865690861338),
 .UNSPECIFIED.);
#1515=B_SPLINE_CURVE_WITH_KNOTS('',3,(#7811,#7812,#7813,#7814,#7815),
 .UNSPECIFIED.,.F.,.F.,(4,1,4),(-0.235862148638607,-0.101083777987974,-6.21814789258458E-17),
 .UNSPECIFIED.);
#1516=B_SPLINE_CURVE_WITH_KNOTS('',3,(#7816,#7817,#7818,#7819,#7820),
 .UNSPECIFIED.,.F.,.F.,(4,1,4),(6.21814789258458E-17,0.101083777987974,
0.235862148638607),.UNSPECIFIED.);
#1517=B_SPLINE_CURVE_WITH_KNOTS('',3,(#7847,#7848,#7849,#7850,#7851),
 .UNSPECIFIED.,.F.,.F.,(4,1,4),(-0.226869358830654,-0.129639633617517,0.),
 .UNSPECIFIED.);
#1518=B_SPLINE_CURVE_WITH_KNOTS('',3,(#7854,#7855,#7856,#7857,#7858),
 .UNSPECIFIED.,.F.,.F.,(4,1,4),(0.,0.129639633617517,0.226869358830654),
 .UNSPECIFIED.);
#1519=B_SPLINE_CURVE_WITH_KNOTS('',3,(#7896,#7897,#7898,#7899,#7900,#7901),
 .UNSPECIFIED.,.F.,.F.,(4,1,1,4),(-0.226870925923226,-0.129640529098986,
-0.0648202645494932,0.),.UNSPECIFIED.);
#1520=B_SPLINE_CURVE_WITH_KNOTS('',3,(#7904,#7905,#7906,#7907,#7908,#7909),
 .UNSPECIFIED.,.F.,.F.,(4,1,1,4),(0.,0.0648202645494932,0.129640529098986,
0.226870925923226),.UNSPECIFIED.);
#1521=B_SPLINE_CURVE_WITH_KNOTS('',3,(#7935,#7936,#7937,#7938,#7939),
 .UNSPECIFIED.,.F.,.F.,(4,1,4),(-0.235865614221147,-0.101085263237634,0.),
 .UNSPECIFIED.);
#1522=B_SPLINE_CURVE_WITH_KNOTS('',3,(#7942,#7943,#7944,#7945,#7946),
 .UNSPECIFIED.,.F.,.F.,(4,1,4),(0.,0.101085263237634,0.235865614221147),
 .UNSPECIFIED.);
#1523=B_SPLINE_CURVE_WITH_KNOTS('',3,(#7978,#7979,#7980,#7981,#7982),
 .UNSPECIFIED.,.F.,.F.,(4,1,4),(-0.235862160210249,-0.101083782947249,0.),
 .UNSPECIFIED.);
#1524=B_SPLINE_CURVE_WITH_KNOTS('',3,(#8010,#8011,#8012,#8013,#8014),
 .UNSPECIFIED.,.F.,.F.,(4,1,4),(0.,0.129641488096865,0.226872604169514),
 .UNSPECIFIED.);
#1525=B_SPLINE_CURVE_WITH_KNOTS('',3,(#8046,#8047,#8048,#8049,#8050),
 .UNSPECIFIED.,.F.,.F.,(4,1,4),(0.,0.0972300718751509,0.226870167708685),
 .UNSPECIFIED.);
#1526=B_SPLINE_CURVE_WITH_KNOTS('',3,(#8078,#8079,#8080,#8081,#8082),
 .UNSPECIFIED.,.F.,.F.,(4,1,4),(0.,0.101083208794037,0.23586082051942),
 .UNSPECIFIED.);
#1527=B_SPLINE_CURVE_WITH_KNOTS('',3,(#8119,#8120,#8121,#8122,#8123,#8124),
 .UNSPECIFIED.,.F.,.F.,(4,1,1,4),(-0.235860595684743,-0.134777483248425,
-0.0673887416242123,-8.08288323551497E-17),.UNSPECIFIED.);
#1528=B_SPLINE_CURVE_WITH_KNOTS('',3,(#8152,#8153,#8154,#8155,#8156),
 .UNSPECIFIED.,.F.,.F.,(4,1,4),(0.,0.129639706621179,0.226869486587064),
 .UNSPECIFIED.);
#1529=B_SPLINE_CURVE_WITH_KNOTS('',3,(#8193,#8194,#8195,#8196,#8197,#8198),
 .UNSPECIFIED.,.F.,.F.,(4,1,1,4),(0.,0.0648204591930667,0.129640918386133,
0.226871607175733),.UNSPECIFIED.);
#1530=B_SPLINE_CURVE_WITH_KNOTS('',3,(#8226,#8227,#8228,#8229,#8230),
 .UNSPECIFIED.,.F.,.F.,(4,1,4),(0.,0.101085043638249,0.23586510182258),
 .UNSPECIFIED.);
#1531=VERTEX_POINT('',#5449);
#1532=VERTEX_POINT('',#5450);
#1533=VERTEX_POINT('',#5466);
#1534=VERTEX_POINT('',#5468);
#1535=VERTEX_POINT('',#5470);
#1536=VERTEX_POINT('',#5472);
#1537=VERTEX_POINT('',#5476);
#1538=VERTEX_POINT('',#5478);
#1539=VERTEX_POINT('',#5482);
#1540=VERTEX_POINT('',#5483);
#1541=VERTEX_POINT('',#5499);
#1542=VERTEX_POINT('',#5502);
#1543=VERTEX_POINT('',#5506);
#1544=VERTEX_POINT('',#5508);
#1545=VERTEX_POINT('',#5511);
#1546=VERTEX_POINT('',#5515);
#1547=VERTEX_POINT('',#5516);
#1548=VERTEX_POINT('',#5532);
#1549=VERTEX_POINT('',#5534);
#1550=VERTEX_POINT('',#5536);
#1551=VERTEX_POINT('',#5538);
#1552=VERTEX_POINT('',#5542);
#1553=VERTEX_POINT('',#5544);
#1554=VERTEX_POINT('',#5548);
#1555=VERTEX_POINT('',#5549);
#1556=VERTEX_POINT('',#5565);
#1557=VERTEX_POINT('',#5568);
#1558=VERTEX_POINT('',#5572);
#1559=VERTEX_POINT('',#5574);
#1560=VERTEX_POINT('',#5577);
#1561=VERTEX_POINT('',#5581);
#1562=VERTEX_POINT('',#5582);
#1563=VERTEX_POINT('',#5598);
#1564=VERTEX_POINT('',#5600);
#1565=VERTEX_POINT('',#5602);
#1566=VERTEX_POINT('',#5604);
#1567=VERTEX_POINT('',#5608);
#1568=VERTEX_POINT('',#5610);
#1569=VERTEX_POINT('',#5614);
#1570=VERTEX_POINT('',#5615);
#1571=VERTEX_POINT('',#5631);
#1572=VERTEX_POINT('',#5634);
#1573=VERTEX_POINT('',#5638);
#1574=VERTEX_POINT('',#5640);
#1575=VERTEX_POINT('',#5643);
#1576=VERTEX_POINT('',#5647);
#1577=VERTEX_POINT('',#5649);
#1578=VERTEX_POINT('',#5654);
#1579=VERTEX_POINT('',#5656);
#1580=VERTEX_POINT('',#5661);
#1581=VERTEX_POINT('',#5663);
#1582=VERTEX_POINT('',#5668);
#1583=VERTEX_POINT('',#5670);
#1584=VERTEX_POINT('',#5675);
#1585=VERTEX_POINT('',#5677);
#1586=VERTEX_POINT('',#5682);
#1587=VERTEX_POINT('',#5684);
#1588=VERTEX_POINT('',#5686);
#1589=VERTEX_POINT('',#5690);
#1590=VERTEX_POINT('',#5692);
#1591=VERTEX_POINT('',#5694);
#1592=VERTEX_POINT('',#5696);
#1593=VERTEX_POINT('',#5698);
#1594=VERTEX_POINT('',#5701);
#1595=VERTEX_POINT('',#5703);
#1596=VERTEX_POINT('',#5705);
#1597=VERTEX_POINT('',#5707);
#1598=VERTEX_POINT('',#5709);
#1599=VERTEX_POINT('',#5712);
#1600=VERTEX_POINT('',#5714);
#1601=VERTEX_POINT('',#5716);
#1602=VERTEX_POINT('',#5718);
#1603=VERTEX_POINT('',#5720);
#1604=VERTEX_POINT('',#5722);
#1605=VERTEX_POINT('',#5724);
#1606=VERTEX_POINT('',#5726);
#1607=VERTEX_POINT('',#5728);
#1608=VERTEX_POINT('',#5730);
#1609=VERTEX_POINT('',#5732);
#1610=VERTEX_POINT('',#5734);
#1611=VERTEX_POINT('',#5736);
#1612=VERTEX_POINT('',#5738);
#1613=VERTEX_POINT('',#5740);
#1614=VERTEX_POINT('',#5742);
#1615=VERTEX_POINT('',#5744);
#1616=VERTEX_POINT('',#5746);
#1617=VERTEX_POINT('',#5748);
#1618=VERTEX_POINT('',#5750);
#1619=VERTEX_POINT('',#5752);
#1620=VERTEX_POINT('',#5755);
#1621=VERTEX_POINT('',#5757);
#1622=VERTEX_POINT('',#5759);
#1623=VERTEX_POINT('',#5762);
#1624=VERTEX_POINT('',#5766);
#1625=VERTEX_POINT('',#5770);
#1626=VERTEX_POINT('',#5774);
#1627=VERTEX_POINT('',#5778);
#1628=VERTEX_POINT('',#5781);
#1629=VERTEX_POINT('',#5785);
#1630=VERTEX_POINT('',#5787);
#1631=VERTEX_POINT('',#5791);
#1632=VERTEX_POINT('',#5794);
#1633=VERTEX_POINT('',#5797);
#1634=VERTEX_POINT('',#5798);
#1635=VERTEX_POINT('',#5803);
#1636=VERTEX_POINT('',#5806);
#1637=VERTEX_POINT('',#5809);
#1638=VERTEX_POINT('',#5811);
#1639=VERTEX_POINT('',#5813);
#1640=VERTEX_POINT('',#5815);
#1641=VERTEX_POINT('',#5817);
#1642=VERTEX_POINT('',#5819);
#1643=VERTEX_POINT('',#5823);
#1644=VERTEX_POINT('',#5827);
#1645=VERTEX_POINT('',#5831);
#1646=VERTEX_POINT('',#5833);
#1647=VERTEX_POINT('',#5837);
#1648=VERTEX_POINT('',#5841);
#1649=VERTEX_POINT('',#5843);
#1650=VERTEX_POINT('',#5849);
#1651=VERTEX_POINT('',#5853);
#1652=VERTEX_POINT('',#5855);
#1653=VERTEX_POINT('',#5861);
#1654=VERTEX_POINT('',#5870);
#1655=VERTEX_POINT('',#5879);
#1656=VERTEX_POINT('',#5881);
#1657=VERTEX_POINT('',#5883);
#1658=VERTEX_POINT('',#5885);
#1659=VERTEX_POINT('',#5887);
#1660=VERTEX_POINT('',#5889);
#1661=VERTEX_POINT('',#5893);
#1662=VERTEX_POINT('',#5895);
#1663=VERTEX_POINT('',#5898);
#1664=VERTEX_POINT('',#5900);
#1665=VERTEX_POINT('',#5903);
#1666=VERTEX_POINT('',#5905);
#1667=VERTEX_POINT('',#5907);
#1668=VERTEX_POINT('',#5909);
#1669=VERTEX_POINT('',#5911);
#1670=VERTEX_POINT('',#5914);
#1671=VERTEX_POINT('',#5916);
#1672=VERTEX_POINT('',#5918);
#1673=VERTEX_POINT('',#5920);
#1674=VERTEX_POINT('',#5922);
#1675=VERTEX_POINT('',#5925);
#1676=VERTEX_POINT('',#5927);
#1677=VERTEX_POINT('',#5929);
#1678=VERTEX_POINT('',#5931);
#1679=VERTEX_POINT('',#5935);
#1680=VERTEX_POINT('',#5939);
#1681=VERTEX_POINT('',#5943);
#1682=VERTEX_POINT('',#5945);
#1683=VERTEX_POINT('',#5949);
#1684=VERTEX_POINT('',#5953);
#1685=VERTEX_POINT('',#5954);
#1686=VERTEX_POINT('',#5956);
#1687=VERTEX_POINT('',#5958);
#1688=VERTEX_POINT('',#5964);
#1689=VERTEX_POINT('',#5968);
#1690=VERTEX_POINT('',#5969);
#1691=VERTEX_POINT('',#5971);
#1692=VERTEX_POINT('',#5973);
#1693=VERTEX_POINT('',#5996);
#1694=VERTEX_POINT('',#5998);
#1695=VERTEX_POINT('',#6001);
#1696=VERTEX_POINT('',#6003);
#1697=VERTEX_POINT('',#6007);
#1698=VERTEX_POINT('',#6009);
#1699=VERTEX_POINT('',#6014);
#1700=VERTEX_POINT('',#6020);
#1701=VERTEX_POINT('',#6022);
#1702=VERTEX_POINT('',#6026);
#1703=VERTEX_POINT('',#6030);
#1704=VERTEX_POINT('',#6032);
#1705=VERTEX_POINT('',#6038);
#1706=VERTEX_POINT('',#6042);
#1707=VERTEX_POINT('',#6044);
#1708=VERTEX_POINT('',#6062);
#1709=VERTEX_POINT('',#6064);
#1710=VERTEX_POINT('',#6067);
#1711=VERTEX_POINT('',#6069);
#1712=VERTEX_POINT('',#6073);
#1713=VERTEX_POINT('',#6075);
#1714=VERTEX_POINT('',#6079);
#1715=VERTEX_POINT('',#6085);
#1716=VERTEX_POINT('',#6087);
#1717=VERTEX_POINT('',#6091);
#1718=VERTEX_POINT('',#6095);
#1719=VERTEX_POINT('',#6097);
#1720=VERTEX_POINT('',#6101);
#1721=VERTEX_POINT('',#6107);
#1722=VERTEX_POINT('',#6111);
#1723=VERTEX_POINT('',#6113);
#1724=VERTEX_POINT('',#6131);
#1725=VERTEX_POINT('',#6133);
#1726=VERTEX_POINT('',#6138);
#1727=VERTEX_POINT('',#6144);
#1728=VERTEX_POINT('',#6146);
#1729=VERTEX_POINT('',#6150);
#1730=VERTEX_POINT('',#6154);
#1731=VERTEX_POINT('',#6156);
#1732=VERTEX_POINT('',#6162);
#1733=VERTEX_POINT('',#6166);
#1734=VERTEX_POINT('',#6168);
#1735=VERTEX_POINT('',#6221);
#1736=VERTEX_POINT('',#6222);
#1737=VERTEX_POINT('',#6224);
#1738=VERTEX_POINT('',#6231);
#1739=VERTEX_POINT('',#6240);
#1740=VERTEX_POINT('',#6241);
#1741=VERTEX_POINT('',#6281);
#1742=VERTEX_POINT('',#6282);
#1743=VERTEX_POINT('',#6338);
#1744=VERTEX_POINT('',#6339);
#1745=VERTEX_POINT('',#6356);
#1746=VERTEX_POINT('',#6357);
#1747=VERTEX_POINT('',#6397);
#1748=VERTEX_POINT('',#6404);
#1749=VERTEX_POINT('',#6454);
#1750=VERTEX_POINT('',#6455);
#1751=VERTEX_POINT('',#6472);
#1752=VERTEX_POINT('',#6473);
#1753=VERTEX_POINT('',#6476);
#1754=VERTEX_POINT('',#6515);
#1755=VERTEX_POINT('',#6516);
#1756=VERTEX_POINT('',#6572);
#1757=VERTEX_POINT('',#6573);
#1758=VERTEX_POINT('',#6590);
#1759=VERTEX_POINT('',#6591);
#1760=VERTEX_POINT('',#6631);
#1761=VERTEX_POINT('',#6638);
#1762=VERTEX_POINT('',#6688);
#1763=VERTEX_POINT('',#6689);
#1764=VERTEX_POINT('',#6706);
#1765=VERTEX_POINT('',#6707);
#1766=VERTEX_POINT('',#6747);
#1767=VERTEX_POINT('',#6748);
#1768=VERTEX_POINT('',#6804);
#1769=VERTEX_POINT('',#6805);
#1770=VERTEX_POINT('',#6822);
#1771=VERTEX_POINT('',#6823);
#1772=VERTEX_POINT('',#6863);
#1773=VERTEX_POINT('',#6870);
#1774=VERTEX_POINT('',#6914);
#1775=VERTEX_POINT('',#6915);
#1776=VERTEX_POINT('',#6930);
#1777=VERTEX_POINT('',#6931);
#1778=VERTEX_POINT('',#6971);
#1779=VERTEX_POINT('',#6972);
#1780=VERTEX_POINT('',#7028);
#1781=VERTEX_POINT('',#7029);
#1782=VERTEX_POINT('',#7046);
#1783=VERTEX_POINT('',#7047);
#1784=VERTEX_POINT('',#7087);
#1785=VERTEX_POINT('',#7094);
#1786=VERTEX_POINT('',#7144);
#1787=VERTEX_POINT('',#7145);
#1788=VERTEX_POINT('',#7162);
#1789=VERTEX_POINT('',#7163);
#1790=VERTEX_POINT('',#7203);
#1791=VERTEX_POINT('',#7204);
#1792=VERTEX_POINT('',#7260);
#1793=VERTEX_POINT('',#7261);
#1794=VERTEX_POINT('',#7278);
#1795=VERTEX_POINT('',#7279);
#1796=VERTEX_POINT('',#7332);
#1797=VERTEX_POINT('',#7334);
#1798=VERTEX_POINT('',#7338);
#1799=VERTEX_POINT('',#7346);
#1800=VERTEX_POINT('',#7354);
#1801=VERTEX_POINT('',#7358);
#1802=VERTEX_POINT('',#7366);
#1803=VERTEX_POINT('',#7374);
#1804=VERTEX_POINT('',#7378);
#1805=VERTEX_POINT('',#7387);
#1806=VERTEX_POINT('',#7395);
#1807=VERTEX_POINT('',#7399);
#1808=VERTEX_POINT('',#7408);
#1809=VERTEX_POINT('',#7416);
#1810=VERTEX_POINT('',#7420);
#1811=VERTEX_POINT('',#7429);
#1812=VERTEX_POINT('',#7467);
#1813=VERTEX_POINT('',#7469);
#1814=VERTEX_POINT('',#7507);
#1815=VERTEX_POINT('',#7516);
#1816=VERTEX_POINT('',#7517);
#1817=VERTEX_POINT('',#7546);
#1818=VERTEX_POINT('',#7552);
#1819=VERTEX_POINT('',#7584);
#1820=VERTEX_POINT('',#7590);
#1821=VERTEX_POINT('',#7598);
#1822=VERTEX_POINT('',#7599);
#1823=VERTEX_POINT('',#7628);
#1824=VERTEX_POINT('',#7629);
#1825=VERTEX_POINT('',#7671);
#1826=VERTEX_POINT('',#7678);
#1827=VERTEX_POINT('',#7687);
#1828=VERTEX_POINT('',#7688);
#1829=VERTEX_POINT('',#7690);
#1830=VERTEX_POINT('',#7724);
#1831=VERTEX_POINT('',#7731);
#1832=VERTEX_POINT('',#7764);
#1833=VERTEX_POINT('',#7770);
#1834=VERTEX_POINT('',#7778);
#1835=VERTEX_POINT('',#7779);
#1836=VERTEX_POINT('',#7808);
#1837=VERTEX_POINT('',#7809);
#1838=VERTEX_POINT('',#7846);
#1839=VERTEX_POINT('',#7852);
#1840=VERTEX_POINT('',#7860);
#1841=VERTEX_POINT('',#7861);
#1842=VERTEX_POINT('',#7895);
#1843=VERTEX_POINT('',#7902);
#1844=VERTEX_POINT('',#7940);
#1845=VERTEX_POINT('',#7948);
#1846=VERTEX_POINT('',#7976);
#1847=VERTEX_POINT('',#8008);
#1848=VERTEX_POINT('',#8016);
#1849=VERTEX_POINT('',#8044);
#1850=VERTEX_POINT('',#8076);
#1851=VERTEX_POINT('',#8084);
#1852=VERTEX_POINT('',#8117);
#1853=VERTEX_POINT('',#8150);
#1854=VERTEX_POINT('',#8158);
#1855=VERTEX_POINT('',#8191);
#1856=VERTEX_POINT('',#8224);
#1857=VERTEX_POINT('',#8262);
#1858=VERTEX_POINT('',#8266);
#1859=VERTEX_POINT('',#8271);
#1860=VERTEX_POINT('',#8273);
#1861=VERTEX_POINT('',#8277);
#1862=VERTEX_POINT('',#8282);
#1863=VERTEX_POINT('',#8284);
#1864=VERTEX_POINT('',#8288);
#1865=VERTEX_POINT('',#8293);
#1866=VERTEX_POINT('',#8295);
#1867=VERTEX_POINT('',#8299);
#1868=VERTEX_POINT('',#8304);
#1869=VERTEX_POINT('',#8306);
#1870=VERTEX_POINT('',#8310);
#1871=VERTEX_POINT('',#8315);
#1872=VERTEX_POINT('',#8317);
#1873=VERTEX_POINT('',#8321);
#1874=VERTEX_POINT('',#8326);
#1875=VERTEX_POINT('',#8328);
#1876=EDGE_CURVE('',#1531,#1532,#1445,.F.);
#1877=EDGE_CURVE('',#1531,#1533,#959,.T.);
#1878=EDGE_CURVE('',#1533,#1534,#718,.T.);
#1879=EDGE_CURVE('',#1534,#1535,#960,.T.);
#1880=EDGE_CURVE('',#1535,#1536,#719,.T.);
#1881=EDGE_CURVE('',#1536,#1532,#961,.T.);
#1882=EDGE_CURVE('',#1537,#1534,#720,.T.);
#1883=EDGE_CURVE('',#1538,#1537,#962,.T.);
#1884=EDGE_CURVE('',#1535,#1538,#721,.T.);
#1885=EDGE_CURVE('',#1539,#1540,#1446,.F.);
#1886=EDGE_CURVE('',#1539,#1541,#963,.T.);
#1887=EDGE_CURVE('',#1541,#1538,#722,.T.);
#1888=EDGE_CURVE('',#1537,#1542,#723,.T.);
#1889=EDGE_CURVE('',#1542,#1540,#964,.T.);
#1890=EDGE_CURVE('',#1543,#1542,#965,.T.);
#1891=EDGE_CURVE('',#1543,#1544,#724,.T.);
#1892=EDGE_CURVE('',#1544,#1541,#966,.T.);
#1893=EDGE_CURVE('',#1545,#1539,#725,.T.);
#1894=EDGE_CURVE('',#1540,#1545,#726,.T.);
#1895=EDGE_CURVE('',#1546,#1547,#1447,.F.);
#1896=EDGE_CURVE('',#1546,#1548,#967,.T.);
#1897=EDGE_CURVE('',#1548,#1549,#727,.T.);
#1898=EDGE_CURVE('',#1549,#1550,#968,.T.);
#1899=EDGE_CURVE('',#1550,#1551,#728,.T.);
#1900=EDGE_CURVE('',#1551,#1547,#969,.T.);
#1901=EDGE_CURVE('',#1552,#1549,#729,.T.);
#1902=EDGE_CURVE('',#1553,#1552,#970,.T.);
#1903=EDGE_CURVE('',#1550,#1553,#730,.T.);
#1904=EDGE_CURVE('',#1554,#1555,#1448,.F.);
#1905=EDGE_CURVE('',#1554,#1556,#971,.T.);
#1906=EDGE_CURVE('',#1556,#1553,#731,.T.);
#1907=EDGE_CURVE('',#1552,#1557,#732,.T.);
#1908=EDGE_CURVE('',#1557,#1555,#972,.T.);
#1909=EDGE_CURVE('',#1558,#1557,#973,.T.);
#1910=EDGE_CURVE('',#1558,#1559,#733,.T.);
#1911=EDGE_CURVE('',#1559,#1556,#974,.T.);
#1912=EDGE_CURVE('',#1560,#1554,#734,.T.);
#1913=EDGE_CURVE('',#1555,#1560,#735,.T.);
#1914=EDGE_CURVE('',#1561,#1562,#1449,.F.);
#1915=EDGE_CURVE('',#1561,#1563,#975,.T.);
#1916=EDGE_CURVE('',#1563,#1564,#736,.T.);
#1917=EDGE_CURVE('',#1564,#1565,#976,.T.);
#1918=EDGE_CURVE('',#1565,#1566,#737,.T.);
#1919=EDGE_CURVE('',#1566,#1562,#977,.T.);
#1920=EDGE_CURVE('',#1567,#1564,#738,.T.);
#1921=EDGE_CURVE('',#1568,#1567,#978,.T.);
#1922=EDGE_CURVE('',#1565,#1568,#739,.T.);
#1923=EDGE_CURVE('',#1569,#1570,#1450,.F.);
#1924=EDGE_CURVE('',#1569,#1571,#979,.T.);
#1925=EDGE_CURVE('',#1571,#1568,#740,.T.);
#1926=EDGE_CURVE('',#1567,#1572,#741,.T.);
#1927=EDGE_CURVE('',#1572,#1570,#980,.T.);
#1928=EDGE_CURVE('',#1573,#1572,#981,.T.);
#1929=EDGE_CURVE('',#1573,#1574,#742,.T.);
#1930=EDGE_CURVE('',#1574,#1571,#982,.T.);
#1931=EDGE_CURVE('',#1575,#1569,#743,.T.);
#1932=EDGE_CURVE('',#1570,#1575,#744,.T.);
#1933=EDGE_CURVE('',#1576,#1576,#745,.T.);
#1934=EDGE_CURVE('',#1576,#1577,#983,.T.);
#1935=EDGE_CURVE('',#1577,#1577,#746,.T.);
#1936=EDGE_CURVE('',#1578,#1578,#747,.T.);
#1937=EDGE_CURVE('',#1578,#1579,#984,.T.);
#1938=EDGE_CURVE('',#1579,#1579,#748,.T.);
#1939=EDGE_CURVE('',#1580,#1580,#749,.T.);
#1940=EDGE_CURVE('',#1580,#1581,#985,.T.);
#1941=EDGE_CURVE('',#1581,#1581,#750,.T.);
#1942=EDGE_CURVE('',#1582,#1582,#751,.T.);
#1943=EDGE_CURVE('',#1582,#1583,#986,.T.);
#1944=EDGE_CURVE('',#1583,#1583,#752,.T.);
#1945=EDGE_CURVE('',#1584,#1584,#753,.T.);
#1946=EDGE_CURVE('',#1584,#1585,#987,.T.);
#1947=EDGE_CURVE('',#1585,#1585,#754,.T.);
#1948=EDGE_CURVE('',#1586,#1586,#755,.T.);
#1949=EDGE_CURVE('',#1586,#1587,#988,.T.);
#1950=EDGE_CURVE('',#1587,#1588,#756,.T.);
#1951=EDGE_CURVE('',#1588,#1587,#757,.T.);
#1952=EDGE_CURVE('',#1563,#1589,#989,.T.);
#1953=EDGE_CURVE('',#1590,#1589,#990,.T.);
#1954=EDGE_CURVE('',#1591,#1590,#991,.T.);
#1955=EDGE_CURVE('',#1591,#1592,#992,.T.);
#1956=EDGE_CURVE('',#1593,#1592,#993,.T.);
#1957=EDGE_CURVE('',#1558,#1593,#994,.T.);
#1958=EDGE_CURVE('',#1548,#1594,#995,.T.);
#1959=EDGE_CURVE('',#1595,#1594,#996,.T.);
#1960=EDGE_CURVE('',#1596,#1595,#997,.T.);
#1961=EDGE_CURVE('',#1596,#1597,#998,.T.);
#1962=EDGE_CURVE('',#1598,#1597,#999,.T.);
#1963=EDGE_CURVE('',#1543,#1598,#1000,.T.);
#1964=EDGE_CURVE('',#1533,#1599,#1001,.T.);
#1965=EDGE_CURVE('',#1600,#1599,#1002,.T.);
#1966=EDGE_CURVE('',#1601,#1600,#1003,.T.);
#1967=EDGE_CURVE('',#1601,#1602,#1004,.T.);
#1968=EDGE_CURVE('',#1603,#1602,#1005,.T.);
#1969=EDGE_CURVE('',#1604,#1603,#1006,.T.);
#1970=EDGE_CURVE('',#1604,#1605,#1007,.T.);
#1971=EDGE_CURVE('',#1606,#1605,#758,.T.);
#1972=EDGE_CURVE('',#1606,#1607,#1008,.T.);
#1973=EDGE_CURVE('',#1608,#1607,#1009,.T.);
#1974=EDGE_CURVE('',#1609,#1608,#1010,.T.);
#1975=EDGE_CURVE('',#1609,#1610,#1011,.T.);
#1976=EDGE_CURVE('',#1611,#1610,#1012,.T.);
#1977=EDGE_CURVE('',#1612,#1611,#1013,.T.);
#1978=EDGE_CURVE('',#1612,#1613,#1014,.T.);
#1979=EDGE_CURVE('',#1613,#1614,#759,.F.);
#1980=EDGE_CURVE('',#1614,#1615,#1015,.T.);
#1981=EDGE_CURVE('',#1616,#1615,#1016,.T.);
#1982=EDGE_CURVE('',#1617,#1616,#1017,.T.);
#1983=EDGE_CURVE('',#1617,#1618,#1018,.T.);
#1984=EDGE_CURVE('',#1619,#1618,#1019,.T.);
#1985=EDGE_CURVE('',#1573,#1619,#1020,.T.);
#1986=EDGE_CURVE('',#1620,#1620,#760,.F.);
#1987=EDGE_CURVE('',#1621,#1621,#761,.F.);
#1988=EDGE_CURVE('',#1622,#1622,#762,.F.);
#1989=EDGE_CURVE('',#1588,#1623,#1021,.T.);
#1990=EDGE_CURVE('',#1623,#1623,#763,.T.);
#1991=EDGE_CURVE('',#1624,#1624,#764,.T.);
#1992=EDGE_CURVE('',#1624,#1622,#1022,.T.);
#1993=EDGE_CURVE('',#1625,#1625,#765,.T.);
#1994=EDGE_CURVE('',#1625,#1621,#1023,.T.);
#1995=EDGE_CURVE('',#1620,#1626,#1024,.T.);
#1996=EDGE_CURVE('',#1626,#1626,#766,.F.);
#1997=EDGE_CURVE('',#1627,#1566,#1025,.T.);
#1998=EDGE_CURVE('',#1627,#1589,#767,.T.);
#1999=EDGE_CURVE('',#1628,#1561,#768,.T.);
#2000=EDGE_CURVE('',#1562,#1628,#769,.T.);
#2001=EDGE_CURVE('',#1613,#1629,#1026,.T.);
#2002=EDGE_CURVE('',#1629,#1630,#770,.T.);
#2003=EDGE_CURVE('',#1630,#1614,#1027,.T.);
#2004=EDGE_CURVE('',#1631,#1630,#1028,.T.);
#2005=EDGE_CURVE('',#1631,#1615,#771,.T.);
#2006=EDGE_CURVE('',#1632,#1632,#772,.T.);
#2007=EDGE_CURVE('',#1633,#1634,#773,.F.);
#2008=EDGE_CURVE('',#1633,#1606,#1029,.T.);
#2009=EDGE_CURVE('',#1605,#1634,#1030,.T.);
#2010=EDGE_CURVE('',#1604,#1635,#774,.T.);
#2011=EDGE_CURVE('',#1635,#1634,#1031,.T.);
#2012=EDGE_CURVE('',#1636,#1636,#775,.T.);
#2013=EDGE_CURVE('',#1637,#1617,#1032,.F.);
#2014=EDGE_CURVE('',#1638,#1637,#1033,.T.);
#2015=EDGE_CURVE('',#1639,#1638,#1034,.F.);
#2016=EDGE_CURVE('',#1640,#1639,#1035,.T.);
#2017=EDGE_CURVE('',#1641,#1640,#1036,.F.);
#2018=EDGE_CURVE('',#1641,#1642,#1037,.T.);
#2019=EDGE_CURVE('',#1618,#1642,#1038,.F.);
#2020=EDGE_CURVE('',#1632,#1643,#1039,.T.);
#2021=EDGE_CURVE('',#1643,#1643,#776,.T.);
#2022=EDGE_CURVE('',#1643,#1644,#1040,.T.);
#2023=EDGE_CURVE('',#1644,#1644,#777,.T.);
#2024=EDGE_CURVE('',#1645,#1645,#778,.T.);
#2025=EDGE_CURVE('',#1645,#1646,#1041,.T.);
#2026=EDGE_CURVE('',#1646,#1646,#779,.T.);
#2027=EDGE_CURVE('',#1646,#1647,#1042,.T.);
#2028=EDGE_CURVE('',#1647,#1647,#780,.T.);
#2029=EDGE_CURVE('',#1648,#1641,#1043,.T.);
#2030=EDGE_CURVE('',#1649,#1648,#781,.T.);
#2031=EDGE_CURVE('',#1642,#1649,#1044,.T.);
#2032=EDGE_CURVE('',#1575,#1647,#1045,.T.);
#2033=EDGE_CURVE('',#1650,#1650,#782,.T.);
#2034=EDGE_CURVE('',#1650,#1644,#1046,.T.);
#2035=EDGE_CURVE('',#1638,#1651,#1047,.T.);
#2036=EDGE_CURVE('',#1652,#1637,#1048,.T.);
#2037=EDGE_CURVE('',#1651,#1652,#783,.T.);
#2038=EDGE_CURVE('',#1616,#1652,#1049,.T.);
#2039=EDGE_CURVE('',#1653,#1651,#1050,.T.);
#2040=EDGE_CURVE('',#1616,#1653,#784,.T.);
#2041=EDGE_CURVE('',#1653,#1639,#1051,.T.);
#2042=EDGE_CURVE('',#1653,#1631,#1052,.T.);
#2043=EDGE_CURVE('',#1619,#1649,#1053,.T.);
#2044=EDGE_CURVE('',#1648,#1654,#1054,.T.);
#2045=EDGE_CURVE('',#1654,#1619,#785,.T.);
#2046=EDGE_CURVE('',#1640,#1654,#1055,.T.);
#2047=EDGE_CURVE('',#1574,#1654,#1056,.T.);
#2048=EDGE_CURVE('',#1655,#1609,#1057,.F.);
#2049=EDGE_CURVE('',#1656,#1655,#1058,.T.);
#2050=EDGE_CURVE('',#1657,#1656,#1059,.F.);
#2051=EDGE_CURVE('',#1658,#1657,#1060,.T.);
#2052=EDGE_CURVE('',#1659,#1658,#1061,.F.);
#2053=EDGE_CURVE('',#1659,#1660,#1062,.T.);
#2054=EDGE_CURVE('',#1610,#1660,#1063,.F.);
#2055=EDGE_CURVE('',#1661,#1629,#1064,.T.);
#2056=EDGE_CURVE('',#1661,#1662,#1065,.T.);
#2057=EDGE_CURVE('',#1658,#1662,#1066,.T.);
#2058=EDGE_CURVE('',#1663,#1657,#1067,.T.);
#2059=EDGE_CURVE('',#1663,#1664,#1068,.T.);
#2060=EDGE_CURVE('',#1664,#1633,#1069,.T.);
#2061=EDGE_CURVE('',#1635,#1665,#1070,.T.);
#2062=EDGE_CURVE('',#1666,#1665,#1071,.T.);
#2063=EDGE_CURVE('',#1666,#1667,#1072,.T.);
#2064=EDGE_CURVE('',#1668,#1667,#1073,.T.);
#2065=EDGE_CURVE('',#1668,#1669,#1074,.T.);
#2066=EDGE_CURVE('',#1669,#1536,#1075,.T.);
#2067=EDGE_CURVE('',#1544,#1670,#1076,.T.);
#2068=EDGE_CURVE('',#1671,#1670,#1077,.T.);
#2069=EDGE_CURVE('',#1671,#1672,#1078,.T.);
#2070=EDGE_CURVE('',#1673,#1672,#1079,.T.);
#2071=EDGE_CURVE('',#1673,#1674,#1080,.T.);
#2072=EDGE_CURVE('',#1674,#1551,#1081,.T.);
#2073=EDGE_CURVE('',#1559,#1675,#1082,.T.);
#2074=EDGE_CURVE('',#1676,#1675,#1083,.T.);
#2075=EDGE_CURVE('',#1676,#1677,#1084,.T.);
#2076=EDGE_CURVE('',#1678,#1677,#1085,.T.);
#2077=EDGE_CURVE('',#1678,#1627,#1086,.T.);
#2078=EDGE_CURVE('',#1628,#1679,#1087,.T.);
#2079=EDGE_CURVE('',#1679,#1679,#786,.T.);
#2080=EDGE_CURVE('',#1679,#1680,#1088,.T.);
#2081=EDGE_CURVE('',#1680,#1680,#787,.T.);
#2082=EDGE_CURVE('',#1681,#1681,#788,.T.);
#2083=EDGE_CURVE('',#1681,#1682,#1089,.T.);
#2084=EDGE_CURVE('',#1682,#1682,#789,.T.);
#2085=EDGE_CURVE('',#1682,#1683,#1090,.T.);
#2086=EDGE_CURVE('',#1683,#1683,#790,.T.);
#2087=EDGE_CURVE('',#1684,#1685,#1091,.T.);
#2088=EDGE_CURVE('',#1686,#1684,#791,.T.);
#2089=EDGE_CURVE('',#1687,#1686,#1092,.T.);
#2090=EDGE_CURVE('',#1685,#1687,#1093,.T.);
#2091=EDGE_CURVE('',#1560,#1683,#1094,.T.);
#2092=EDGE_CURVE('',#1688,#1688,#792,.T.);
#2093=EDGE_CURVE('',#1688,#1680,#1095,.T.);
#2094=EDGE_CURVE('',#1689,#1690,#1096,.T.);
#2095=EDGE_CURVE('',#1689,#1691,#1097,.T.);
#2096=EDGE_CURVE('',#1692,#1691,#1098,.T.);
#2097=EDGE_CURVE('',#1690,#1692,#793,.T.);
#2098=EDGE_CURVE('',#1691,#1591,#1099,.F.);
#2099=EDGE_CURVE('',#1590,#1692,#1100,.T.);
#2100=EDGE_CURVE('',#1678,#1690,#1101,.T.);
#2101=EDGE_CURVE('',#1590,#1678,#794,.T.);
#2102=EDGE_CURVE('',#1677,#1689,#1102,.F.);
#2103=EDGE_CURVE('',#1593,#1686,#1103,.T.);
#2104=EDGE_CURVE('',#1684,#1675,#1104,.T.);
#2105=EDGE_CURVE('',#1675,#1593,#795,.T.);
#2106=EDGE_CURVE('',#1685,#1676,#1105,.F.);
#2107=EDGE_CURVE('',#1592,#1687,#1106,.F.);
#2108=EDGE_CURVE('',#1693,#1601,#1107,.F.);
#2109=EDGE_CURVE('',#1694,#1693,#1108,.T.);
#2110=EDGE_CURVE('',#1667,#1694,#1109,.F.);
#2111=EDGE_CURVE('',#1695,#1666,#1110,.F.);
#2112=EDGE_CURVE('',#1695,#1696,#1111,.T.);
#2113=EDGE_CURVE('',#1602,#1696,#1112,.F.);
#2114=EDGE_CURVE('',#1532,#1697,#796,.T.);
#2115=EDGE_CURVE('',#1697,#1698,#1113,.T.);
#2116=EDGE_CURVE('',#1698,#1698,#797,.T.);
#2117=EDGE_CURVE('',#1697,#1531,#798,.T.);
#2118=EDGE_CURVE('',#1698,#1699,#1114,.T.);
#2119=EDGE_CURVE('',#1699,#1699,#799,.T.);
#2120=EDGE_CURVE('',#1669,#1599,#800,.T.);
#2121=EDGE_CURVE('',#1700,#1700,#801,.T.);
#2122=EDGE_CURVE('',#1700,#1701,#1115,.T.);
#2123=EDGE_CURVE('',#1701,#1701,#802,.T.);
#2124=EDGE_CURVE('',#1701,#1702,#1116,.T.);
#2125=EDGE_CURVE('',#1702,#1702,#803,.T.);
#2126=EDGE_CURVE('',#1703,#1695,#1117,.T.);
#2127=EDGE_CURVE('',#1704,#1703,#804,.T.);
#2128=EDGE_CURVE('',#1696,#1704,#1118,.T.);
#2129=EDGE_CURVE('',#1636,#1702,#1119,.T.);
#2130=EDGE_CURVE('',#1705,#1705,#805,.T.);
#2131=EDGE_CURVE('',#1705,#1699,#1120,.T.);
#2132=EDGE_CURVE('',#1694,#1706,#1121,.T.);
#2133=EDGE_CURVE('',#1707,#1693,#1122,.T.);
#2134=EDGE_CURVE('',#1706,#1707,#806,.T.);
#2135=EDGE_CURVE('',#1600,#1707,#1123,.T.);
#2136=EDGE_CURVE('',#1668,#1706,#1124,.T.);
#2137=EDGE_CURVE('',#1600,#1668,#807,.T.);
#2138=EDGE_CURVE('',#1603,#1704,#1125,.T.);
#2139=EDGE_CURVE('',#1703,#1665,#1126,.T.);
#2140=EDGE_CURVE('',#1665,#1603,#808,.T.);
#2141=EDGE_CURVE('',#1708,#1596,#1127,.F.);
#2142=EDGE_CURVE('',#1709,#1708,#1128,.T.);
#2143=EDGE_CURVE('',#1672,#1709,#1129,.F.);
#2144=EDGE_CURVE('',#1710,#1671,#1130,.F.);
#2145=EDGE_CURVE('',#1710,#1711,#1131,.T.);
#2146=EDGE_CURVE('',#1597,#1711,#1132,.F.);
#2147=EDGE_CURVE('',#1712,#1712,#809,.T.);
#2148=EDGE_CURVE('',#1712,#1713,#1133,.T.);
#2149=EDGE_CURVE('',#1713,#1713,#810,.T.);
#2150=EDGE_CURVE('',#1713,#1714,#1134,.T.);
#2151=EDGE_CURVE('',#1714,#1714,#811,.T.);
#2152=EDGE_CURVE('',#1664,#1607,#812,.T.);
#2153=EDGE_CURVE('',#1715,#1715,#813,.T.);
#2154=EDGE_CURVE('',#1715,#1716,#1135,.T.);
#2155=EDGE_CURVE('',#1716,#1716,#814,.T.);
#2156=EDGE_CURVE('',#1716,#1717,#1136,.T.);
#2157=EDGE_CURVE('',#1717,#1717,#815,.T.);
#2158=EDGE_CURVE('',#1718,#1659,#1137,.T.);
#2159=EDGE_CURVE('',#1719,#1718,#816,.T.);
#2160=EDGE_CURVE('',#1660,#1719,#1138,.T.);
#2161=EDGE_CURVE('',#1720,#1720,#817,.T.);
#2162=EDGE_CURVE('',#1720,#1717,#1139,.T.);
#2163=EDGE_CURVE('',#1612,#1661,#818,.T.);
#2164=EDGE_CURVE('',#1721,#1721,#819,.T.);
#2165=EDGE_CURVE('',#1721,#1714,#1140,.T.);
#2166=EDGE_CURVE('',#1656,#1722,#1141,.T.);
#2167=EDGE_CURVE('',#1723,#1655,#1142,.T.);
#2168=EDGE_CURVE('',#1722,#1723,#820,.T.);
#2169=EDGE_CURVE('',#1608,#1723,#1143,.T.);
#2170=EDGE_CURVE('',#1663,#1722,#1144,.T.);
#2171=EDGE_CURVE('',#1608,#1663,#821,.T.);
#2172=EDGE_CURVE('',#1611,#1719,#1145,.T.);
#2173=EDGE_CURVE('',#1718,#1662,#1146,.T.);
#2174=EDGE_CURVE('',#1662,#1611,#822,.T.);
#2175=EDGE_CURVE('',#1547,#1724,#823,.T.);
#2176=EDGE_CURVE('',#1724,#1725,#1147,.T.);
#2177=EDGE_CURVE('',#1725,#1725,#824,.T.);
#2178=EDGE_CURVE('',#1724,#1546,#825,.T.);
#2179=EDGE_CURVE('',#1725,#1726,#1148,.T.);
#2180=EDGE_CURVE('',#1726,#1726,#826,.T.);
#2181=EDGE_CURVE('',#1674,#1594,#827,.T.);
#2182=EDGE_CURVE('',#1727,#1727,#828,.T.);
#2183=EDGE_CURVE('',#1727,#1728,#1149,.T.);
#2184=EDGE_CURVE('',#1728,#1728,#829,.T.);
#2185=EDGE_CURVE('',#1728,#1729,#1150,.T.);
#2186=EDGE_CURVE('',#1729,#1729,#830,.T.);
#2187=EDGE_CURVE('',#1730,#1710,#1151,.T.);
#2188=EDGE_CURVE('',#1731,#1730,#831,.T.);
#2189=EDGE_CURVE('',#1711,#1731,#1152,.T.);
#2190=EDGE_CURVE('',#1545,#1729,#1153,.T.);
#2191=EDGE_CURVE('',#1732,#1732,#832,.T.);
#2192=EDGE_CURVE('',#1732,#1726,#1154,.T.);
#2193=EDGE_CURVE('',#1709,#1733,#1155,.T.);
#2194=EDGE_CURVE('',#1734,#1708,#1156,.T.);
#2195=EDGE_CURVE('',#1733,#1734,#833,.T.);
#2196=EDGE_CURVE('',#1595,#1734,#1157,.T.);
#2197=EDGE_CURVE('',#1673,#1733,#1158,.T.);
#2198=EDGE_CURVE('',#1595,#1673,#834,.T.);
#2199=EDGE_CURVE('',#1598,#1731,#1159,.T.);
#2200=EDGE_CURVE('',#1730,#1670,#1160,.T.);
#2201=EDGE_CURVE('',#1670,#1598,#835,.T.);
#2202=EDGE_CURVE('',#1735,#1736,#836,.T.);
#2203=EDGE_CURVE('',#1736,#1737,#1451,.T.);
#2204=EDGE_CURVE('',#1737,#1738,#837,.T.);
#2205=EDGE_CURVE('',#1738,#1735,#1452,.T.);
#2206=EDGE_CURVE('',#1739,#1740,#838,.T.);
#2207=EDGE_CURVE('',#1740,#1736,#839,.T.);
#2208=EDGE_CURVE('',#1735,#1739,#840,.T.);
#2209=EDGE_CURVE('',#1741,#1742,#841,.T.);
#2210=EDGE_CURVE('',#1742,#1740,#1453,.T.);
#2211=EDGE_CURVE('',#1739,#1741,#1454,.T.);
#2212=EDGE_CURVE('',#1743,#1744,#842,.T.);
#2213=EDGE_CURVE('',#1744,#1742,#1455,.T.);
#2214=EDGE_CURVE('',#1741,#1743,#1456,.T.);
#2215=EDGE_CURVE('',#1745,#1746,#843,.T.);
#2216=EDGE_CURVE('',#1746,#1744,#844,.T.);
#2217=EDGE_CURVE('',#1743,#1745,#845,.T.);
#2218=EDGE_CURVE('',#1745,#1747,#1457,.T.);
#2219=EDGE_CURVE('',#1747,#1748,#846,.T.);
#2220=EDGE_CURVE('',#1748,#1746,#1458,.T.);
#2221=EDGE_CURVE('',#1749,#1750,#847,.T.);
#2222=EDGE_CURVE('',#1750,#1748,#1459,.T.);
#2223=EDGE_CURVE('',#1747,#1749,#1460,.T.);
#2224=EDGE_CURVE('',#1751,#1752,#848,.T.);
#2225=EDGE_CURVE('',#1752,#1750,#849,.T.);
#2226=EDGE_CURVE('',#1749,#1753,#850,.T.);
#2227=EDGE_CURVE('',#1753,#1751,#851,.T.);
#2228=EDGE_CURVE('',#1754,#1755,#852,.T.);
#2229=EDGE_CURVE('',#1755,#1752,#1461,.T.);
#2230=EDGE_CURVE('',#1751,#1754,#1462,.T.);
#2231=EDGE_CURVE('',#1756,#1757,#853,.T.);
#2232=EDGE_CURVE('',#1757,#1755,#1463,.T.);
#2233=EDGE_CURVE('',#1754,#1756,#1464,.T.);
#2234=EDGE_CURVE('',#1758,#1759,#854,.T.);
#2235=EDGE_CURVE('',#1759,#1757,#855,.T.);
#2236=EDGE_CURVE('',#1756,#1758,#856,.T.);
#2237=EDGE_CURVE('',#1758,#1760,#1465,.T.);
#2238=EDGE_CURVE('',#1760,#1761,#857,.T.);
#2239=EDGE_CURVE('',#1761,#1759,#1466,.T.);
#2240=EDGE_CURVE('',#1762,#1763,#858,.T.);
#2241=EDGE_CURVE('',#1763,#1761,#1467,.T.);
#2242=EDGE_CURVE('',#1760,#1762,#1468,.T.);
#2243=EDGE_CURVE('',#1764,#1765,#859,.T.);
#2244=EDGE_CURVE('',#1765,#1763,#860,.T.);
#2245=EDGE_CURVE('',#1762,#1764,#861,.T.);
#2246=EDGE_CURVE('',#1766,#1767,#862,.T.);
#2247=EDGE_CURVE('',#1767,#1765,#1469,.T.);
#2248=EDGE_CURVE('',#1764,#1766,#1470,.T.);
#2249=EDGE_CURVE('',#1768,#1769,#863,.T.);
#2250=EDGE_CURVE('',#1769,#1767,#1471,.T.);
#2251=EDGE_CURVE('',#1766,#1768,#1472,.T.);
#2252=EDGE_CURVE('',#1770,#1771,#864,.T.);
#2253=EDGE_CURVE('',#1771,#1769,#865,.T.);
#2254=EDGE_CURVE('',#1768,#1770,#866,.T.);
#2255=EDGE_CURVE('',#1770,#1772,#1473,.T.);
#2256=EDGE_CURVE('',#1772,#1773,#867,.T.);
#2257=EDGE_CURVE('',#1773,#1771,#1474,.T.);
#2258=EDGE_CURVE('',#1774,#1775,#868,.T.);
#2259=EDGE_CURVE('',#1775,#1773,#1475,.T.);
#2260=EDGE_CURVE('',#1772,#1774,#1476,.T.);
#2261=EDGE_CURVE('',#1776,#1777,#869,.T.);
#2262=EDGE_CURVE('',#1777,#1775,#870,.T.);
#2263=EDGE_CURVE('',#1774,#1776,#871,.T.);
#2264=EDGE_CURVE('',#1778,#1779,#872,.T.);
#2265=EDGE_CURVE('',#1779,#1777,#1477,.T.);
#2266=EDGE_CURVE('',#1776,#1778,#1478,.T.);
#2267=EDGE_CURVE('',#1780,#1781,#873,.T.);
#2268=EDGE_CURVE('',#1781,#1779,#1479,.T.);
#2269=EDGE_CURVE('',#1778,#1780,#1480,.T.);
#2270=EDGE_CURVE('',#1782,#1783,#874,.T.);
#2271=EDGE_CURVE('',#1783,#1781,#875,.T.);
#2272=EDGE_CURVE('',#1780,#1782,#876,.T.);
#2273=EDGE_CURVE('',#1782,#1784,#1481,.T.);
#2274=EDGE_CURVE('',#1784,#1785,#877,.T.);
#2275=EDGE_CURVE('',#1785,#1783,#1482,.T.);
#2276=EDGE_CURVE('',#1786,#1787,#878,.T.);
#2277=EDGE_CURVE('',#1787,#1785,#1483,.T.);
#2278=EDGE_CURVE('',#1784,#1786,#1484,.T.);
#2279=EDGE_CURVE('',#1788,#1789,#879,.T.);
#2280=EDGE_CURVE('',#1789,#1787,#880,.T.);
#2281=EDGE_CURVE('',#1786,#1788,#881,.T.);
#2282=EDGE_CURVE('',#1790,#1791,#882,.T.);
#2283=EDGE_CURVE('',#1791,#1789,#1485,.T.);
#2284=EDGE_CURVE('',#1788,#1790,#1486,.T.);
#2285=EDGE_CURVE('',#1792,#1793,#883,.T.);
#2286=EDGE_CURVE('',#1793,#1791,#1487,.T.);
#2287=EDGE_CURVE('',#1790,#1792,#1488,.T.);
#2288=EDGE_CURVE('',#1794,#1795,#884,.T.);
#2289=EDGE_CURVE('',#1795,#1793,#885,.T.);
#2290=EDGE_CURVE('',#1792,#1794,#886,.T.);
#2291=EDGE_CURVE('',#1794,#1738,#1489,.T.);
#2292=EDGE_CURVE('',#1737,#1795,#1490,.T.);
#2293=EDGE_CURVE('',#1796,#1771,#1161,.T.);
#2294=EDGE_CURVE('',#1797,#1796,#887,.T.);
#2295=EDGE_CURVE('',#1769,#1797,#1162,.T.);
#2296=EDGE_CURVE('',#1773,#1798,#1163,.T.);
#2297=EDGE_CURVE('',#1796,#1798,#1491,.T.);
#2298=EDGE_CURVE('',#1775,#1799,#1164,.T.);
#2299=EDGE_CURVE('',#1798,#1799,#1492,.T.);
#2300=EDGE_CURVE('',#1800,#1777,#1165,.T.);
#2301=EDGE_CURVE('',#1799,#1800,#888,.T.);
#2302=EDGE_CURVE('',#1801,#1779,#1166,.T.);
#2303=EDGE_CURVE('',#1800,#1801,#1493,.T.);
#2304=EDGE_CURVE('',#1781,#1802,#1167,.T.);
#2305=EDGE_CURVE('',#1801,#1802,#1494,.T.);
#2306=EDGE_CURVE('',#1803,#1783,#1168,.T.);
#2307=EDGE_CURVE('',#1802,#1803,#889,.T.);
#2308=EDGE_CURVE('',#1785,#1804,#1169,.T.);
#2309=EDGE_CURVE('',#1803,#1804,#1495,.T.);
#2310=EDGE_CURVE('',#1787,#1805,#1170,.T.);
#2311=EDGE_CURVE('',#1804,#1805,#1496,.T.);
#2312=EDGE_CURVE('',#1806,#1789,#1171,.T.);
#2313=EDGE_CURVE('',#1805,#1806,#890,.T.);
#2314=EDGE_CURVE('',#1807,#1791,#1172,.T.);
#2315=EDGE_CURVE('',#1806,#1807,#1497,.T.);
#2316=EDGE_CURVE('',#1793,#1808,#1173,.T.);
#2317=EDGE_CURVE('',#1807,#1808,#1498,.T.);
#2318=EDGE_CURVE('',#1809,#1795,#1174,.T.);
#2319=EDGE_CURVE('',#1808,#1809,#891,.T.);
#2320=EDGE_CURVE('',#1737,#1810,#1175,.T.);
#2321=EDGE_CURVE('',#1809,#1810,#1499,.T.);
#2322=EDGE_CURVE('',#1736,#1811,#1176,.T.);
#2323=EDGE_CURVE('',#1810,#1811,#1500,.T.);
#2324=EDGE_CURVE('',#1810,#1812,#892,.T.);
#2325=EDGE_CURVE('',#1812,#1813,#1501,.T.);
#2326=EDGE_CURVE('',#1813,#1809,#893,.T.);
#2327=EDGE_CURVE('',#1811,#1814,#894,.T.);
#2328=EDGE_CURVE('',#1814,#1812,#1502,.T.);
#2329=EDGE_CURVE('',#1815,#1816,#895,.T.);
#2330=EDGE_CURVE('',#1816,#1814,#896,.T.);
#2331=EDGE_CURVE('',#1811,#1815,#897,.T.);
#2332=EDGE_CURVE('',#1815,#1817,#1503,.T.);
#2333=EDGE_CURVE('',#1817,#1818,#898,.T.);
#2334=EDGE_CURVE('',#1818,#1816,#1504,.T.);
#2335=EDGE_CURVE('',#1817,#1819,#1505,.T.);
#2336=EDGE_CURVE('',#1819,#1820,#899,.T.);
#2337=EDGE_CURVE('',#1820,#1818,#1506,.T.);
#2338=EDGE_CURVE('',#1821,#1822,#900,.T.);
#2339=EDGE_CURVE('',#1822,#1820,#901,.T.);
#2340=EDGE_CURVE('',#1819,#1821,#902,.T.);
#2341=EDGE_CURVE('',#1823,#1824,#903,.T.);
#2342=EDGE_CURVE('',#1824,#1822,#1507,.T.);
#2343=EDGE_CURVE('',#1821,#1823,#1508,.T.);
#2344=EDGE_CURVE('',#1823,#1825,#1509,.T.);
#2345=EDGE_CURVE('',#1825,#1826,#904,.T.);
#2346=EDGE_CURVE('',#1826,#1824,#1510,.T.);
#2347=EDGE_CURVE('',#1827,#1828,#905,.T.);
#2348=EDGE_CURVE('',#1828,#1829,#906,.T.);
#2349=EDGE_CURVE('',#1829,#1826,#907,.T.);
#2350=EDGE_CURVE('',#1825,#1827,#908,.T.);
#2351=EDGE_CURVE('',#1827,#1830,#1511,.T.);
#2352=EDGE_CURVE('',#1830,#1831,#909,.T.);
#2353=EDGE_CURVE('',#1831,#1828,#1512,.T.);
#2354=EDGE_CURVE('',#1830,#1832,#1513,.T.);
#2355=EDGE_CURVE('',#1832,#1833,#910,.T.);
#2356=EDGE_CURVE('',#1833,#1831,#1514,.T.);
#2357=EDGE_CURVE('',#1834,#1835,#911,.T.);
#2358=EDGE_CURVE('',#1835,#1833,#912,.T.);
#2359=EDGE_CURVE('',#1832,#1834,#913,.T.);
#2360=EDGE_CURVE('',#1836,#1837,#914,.T.);
#2361=EDGE_CURVE('',#1837,#1835,#1515,.T.);
#2362=EDGE_CURVE('',#1834,#1836,#1516,.T.);
#2363=EDGE_CURVE('',#1836,#1838,#1517,.T.);
#2364=EDGE_CURVE('',#1838,#1839,#915,.T.);
#2365=EDGE_CURVE('',#1839,#1837,#1518,.T.);
#2366=EDGE_CURVE('',#1840,#1841,#916,.T.);
#2367=EDGE_CURVE('',#1841,#1839,#917,.T.);
#2368=EDGE_CURVE('',#1838,#1840,#918,.T.);
#2369=EDGE_CURVE('',#1840,#1842,#1519,.T.);
#2370=EDGE_CURVE('',#1842,#1843,#919,.T.);
#2371=EDGE_CURVE('',#1843,#1841,#1520,.T.);
#2372=EDGE_CURVE('',#1842,#1797,#1521,.T.);
#2373=EDGE_CURVE('',#1797,#1844,#920,.T.);
#2374=EDGE_CURVE('',#1844,#1843,#1522,.T.);
#2375=EDGE_CURVE('',#1796,#1845,#921,.T.);
#2376=EDGE_CURVE('',#1845,#1844,#922,.T.);
#2377=EDGE_CURVE('',#1798,#1846,#923,.T.);
#2378=EDGE_CURVE('',#1846,#1845,#1523,.T.);
#2379=EDGE_CURVE('',#1799,#1847,#924,.T.);
#2380=EDGE_CURVE('',#1847,#1846,#1524,.T.);
#2381=EDGE_CURVE('',#1800,#1848,#925,.T.);
#2382=EDGE_CURVE('',#1848,#1847,#926,.T.);
#2383=EDGE_CURVE('',#1801,#1849,#927,.T.);
#2384=EDGE_CURVE('',#1849,#1848,#1525,.T.);
#2385=EDGE_CURVE('',#1802,#1850,#928,.T.);
#2386=EDGE_CURVE('',#1850,#1849,#1526,.T.);
#2387=EDGE_CURVE('',#1803,#1851,#929,.T.);
#2388=EDGE_CURVE('',#1851,#1850,#930,.T.);
#2389=EDGE_CURVE('',#1804,#1852,#931,.T.);
#2390=EDGE_CURVE('',#1852,#1851,#1527,.T.);
#2391=EDGE_CURVE('',#1805,#1853,#932,.T.);
#2392=EDGE_CURVE('',#1853,#1852,#1528,.T.);
#2393=EDGE_CURVE('',#1806,#1854,#933,.T.);
#2394=EDGE_CURVE('',#1854,#1853,#934,.T.);
#2395=EDGE_CURVE('',#1807,#1855,#935,.T.);
#2396=EDGE_CURVE('',#1855,#1854,#1529,.T.);
#2397=EDGE_CURVE('',#1808,#1856,#936,.T.);
#2398=EDGE_CURVE('',#1856,#1855,#1530,.T.);
#2399=EDGE_CURVE('',#1813,#1856,#937,.T.);
#2400=EDGE_CURVE('',#1840,#1765,#1177,.T.);
#2401=EDGE_CURVE('',#1763,#1838,#1178,.T.);
#2402=EDGE_CURVE('',#1761,#1836,#1179,.T.);
#2403=EDGE_CURVE('',#1834,#1759,#1180,.T.);
#2404=EDGE_CURVE('',#1757,#1832,#1181,.T.);
#2405=EDGE_CURVE('',#1830,#1755,#1182,.T.);
#2406=EDGE_CURVE('',#1827,#1752,#1183,.T.);
#2407=EDGE_CURVE('',#1750,#1825,#1184,.T.);
#2408=EDGE_CURVE('',#1748,#1823,#1185,.T.);
#2409=EDGE_CURVE('',#1821,#1746,#1186,.T.);
#2410=EDGE_CURVE('',#1744,#1819,#1187,.T.);
#2411=EDGE_CURVE('',#1817,#1742,#1188,.T.);
#2412=EDGE_CURVE('',#1815,#1740,#1189,.T.);
#2413=EDGE_CURVE('',#1842,#1767,#1190,.T.);
#2414=EDGE_CURVE('',#1857,#1857,#938,.T.);
#2415=EDGE_CURVE('',#1857,#1753,#939,.T.);
#2416=EDGE_CURVE('',#1829,#1858,#940,.T.);
#2417=EDGE_CURVE('',#1858,#1858,#941,.T.);
#2418=EDGE_CURVE('',#1859,#1859,#942,.T.);
#2419=EDGE_CURVE('',#1859,#1860,#1191,.T.);
#2420=EDGE_CURVE('',#1860,#1860,#943,.T.);
#2421=EDGE_CURVE('',#1860,#1861,#1192,.T.);
#2422=EDGE_CURVE('',#1861,#1861,#944,.F.);
#2423=EDGE_CURVE('',#1862,#1862,#945,.T.);
#2424=EDGE_CURVE('',#1862,#1863,#1193,.T.);
#2425=EDGE_CURVE('',#1863,#1863,#946,.T.);
#2426=EDGE_CURVE('',#1863,#1864,#1194,.T.);
#2427=EDGE_CURVE('',#1864,#1864,#947,.F.);
#2428=EDGE_CURVE('',#1865,#1865,#948,.T.);
#2429=EDGE_CURVE('',#1865,#1866,#1195,.T.);
#2430=EDGE_CURVE('',#1866,#1866,#949,.T.);
#2431=EDGE_CURVE('',#1866,#1867,#1196,.T.);
#2432=EDGE_CURVE('',#1867,#1867,#950,.F.);
#2433=EDGE_CURVE('',#1868,#1868,#951,.T.);
#2434=EDGE_CURVE('',#1868,#1869,#1197,.T.);
#2435=EDGE_CURVE('',#1869,#1869,#952,.T.);
#2436=EDGE_CURVE('',#1869,#1870,#1198,.T.);
#2437=EDGE_CURVE('',#1870,#1870,#953,.F.);
#2438=EDGE_CURVE('',#1871,#1871,#954,.T.);
#2439=EDGE_CURVE('',#1871,#1872,#1199,.T.);
#2440=EDGE_CURVE('',#1872,#1872,#955,.T.);
#2441=EDGE_CURVE('',#1872,#1873,#1200,.T.);
#2442=EDGE_CURVE('',#1873,#1873,#956,.F.);
#2443=EDGE_CURVE('',#1874,#1874,#957,.F.);
#2444=EDGE_CURVE('',#1874,#1875,#1201,.T.);
#2445=EDGE_CURVE('',#1875,#1875,#958,.T.);
#2446=ORIENTED_EDGE('',*,*,#1876,.F.);
#2447=ORIENTED_EDGE('',*,*,#1877,.T.);
#2448=ORIENTED_EDGE('',*,*,#1878,.T.);
#2449=ORIENTED_EDGE('',*,*,#1879,.T.);
#2450=ORIENTED_EDGE('',*,*,#1880,.T.);
#2451=ORIENTED_EDGE('',*,*,#1881,.T.);
#2452=ORIENTED_EDGE('',*,*,#1879,.F.);
#2453=ORIENTED_EDGE('',*,*,#1882,.F.);
#2454=ORIENTED_EDGE('',*,*,#1883,.F.);
#2455=ORIENTED_EDGE('',*,*,#1884,.F.);
#2456=ORIENTED_EDGE('',*,*,#1885,.F.);
#2457=ORIENTED_EDGE('',*,*,#1886,.T.);
#2458=ORIENTED_EDGE('',*,*,#1887,.T.);
#2459=ORIENTED_EDGE('',*,*,#1883,.T.);
#2460=ORIENTED_EDGE('',*,*,#1888,.T.);
#2461=ORIENTED_EDGE('',*,*,#1889,.T.);
#2462=ORIENTED_EDGE('',*,*,#1889,.F.);
#2463=ORIENTED_EDGE('',*,*,#1890,.F.);
#2464=ORIENTED_EDGE('',*,*,#1891,.T.);
#2465=ORIENTED_EDGE('',*,*,#1892,.T.);
#2466=ORIENTED_EDGE('',*,*,#1886,.F.);
#2467=ORIENTED_EDGE('',*,*,#1893,.F.);
#2468=ORIENTED_EDGE('',*,*,#1894,.F.);
#2469=ORIENTED_EDGE('',*,*,#1895,.F.);
#2470=ORIENTED_EDGE('',*,*,#1896,.T.);
#2471=ORIENTED_EDGE('',*,*,#1897,.T.);
#2472=ORIENTED_EDGE('',*,*,#1898,.T.);
#2473=ORIENTED_EDGE('',*,*,#1899,.T.);
#2474=ORIENTED_EDGE('',*,*,#1900,.T.);
#2475=ORIENTED_EDGE('',*,*,#1898,.F.);
#2476=ORIENTED_EDGE('',*,*,#1901,.F.);
#2477=ORIENTED_EDGE('',*,*,#1902,.F.);
#2478=ORIENTED_EDGE('',*,*,#1903,.F.);
#2479=ORIENTED_EDGE('',*,*,#1904,.F.);
#2480=ORIENTED_EDGE('',*,*,#1905,.T.);
#2481=ORIENTED_EDGE('',*,*,#1906,.T.);
#2482=ORIENTED_EDGE('',*,*,#1902,.T.);
#2483=ORIENTED_EDGE('',*,*,#1907,.T.);
#2484=ORIENTED_EDGE('',*,*,#1908,.T.);
#2485=ORIENTED_EDGE('',*,*,#1908,.F.);
#2486=ORIENTED_EDGE('',*,*,#1909,.F.);
#2487=ORIENTED_EDGE('',*,*,#1910,.T.);
#2488=ORIENTED_EDGE('',*,*,#1911,.T.);
#2489=ORIENTED_EDGE('',*,*,#1905,.F.);
#2490=ORIENTED_EDGE('',*,*,#1912,.F.);
#2491=ORIENTED_EDGE('',*,*,#1913,.F.);
#2492=ORIENTED_EDGE('',*,*,#1914,.F.);
#2493=ORIENTED_EDGE('',*,*,#1915,.T.);
#2494=ORIENTED_EDGE('',*,*,#1916,.T.);
#2495=ORIENTED_EDGE('',*,*,#1917,.T.);
#2496=ORIENTED_EDGE('',*,*,#1918,.T.);
#2497=ORIENTED_EDGE('',*,*,#1919,.T.);
#2498=ORIENTED_EDGE('',*,*,#1917,.F.);
#2499=ORIENTED_EDGE('',*,*,#1920,.F.);
#2500=ORIENTED_EDGE('',*,*,#1921,.F.);
#2501=ORIENTED_EDGE('',*,*,#1922,.F.);
#2502=ORIENTED_EDGE('',*,*,#1923,.F.);
#2503=ORIENTED_EDGE('',*,*,#1924,.T.);
#2504=ORIENTED_EDGE('',*,*,#1925,.T.);
#2505=ORIENTED_EDGE('',*,*,#1921,.T.);
#2506=ORIENTED_EDGE('',*,*,#1926,.T.);
#2507=ORIENTED_EDGE('',*,*,#1927,.T.);
#2508=ORIENTED_EDGE('',*,*,#1927,.F.);
#2509=ORIENTED_EDGE('',*,*,#1928,.F.);
#2510=ORIENTED_EDGE('',*,*,#1929,.T.);
#2511=ORIENTED_EDGE('',*,*,#1930,.T.);
#2512=ORIENTED_EDGE('',*,*,#1924,.F.);
#2513=ORIENTED_EDGE('',*,*,#1931,.F.);
#2514=ORIENTED_EDGE('',*,*,#1932,.F.);
#2515=ORIENTED_EDGE('',*,*,#1933,.F.);
#2516=ORIENTED_EDGE('',*,*,#1934,.T.);
#2517=ORIENTED_EDGE('',*,*,#1935,.T.);
#2518=ORIENTED_EDGE('',*,*,#1934,.F.);
#2519=ORIENTED_EDGE('',*,*,#1935,.F.);
#2520=ORIENTED_EDGE('',*,*,#1936,.F.);
#2521=ORIENTED_EDGE('',*,*,#1937,.T.);
#2522=ORIENTED_EDGE('',*,*,#1938,.T.);
#2523=ORIENTED_EDGE('',*,*,#1937,.F.);
#2524=ORIENTED_EDGE('',*,*,#1938,.F.);
#2525=ORIENTED_EDGE('',*,*,#1939,.F.);
#2526=ORIENTED_EDGE('',*,*,#1940,.T.);
#2527=ORIENTED_EDGE('',*,*,#1941,.T.);
#2528=ORIENTED_EDGE('',*,*,#1940,.F.);
#2529=ORIENTED_EDGE('',*,*,#1941,.F.);
#2530=ORIENTED_EDGE('',*,*,#1942,.F.);
#2531=ORIENTED_EDGE('',*,*,#1943,.T.);
#2532=ORIENTED_EDGE('',*,*,#1944,.T.);
#2533=ORIENTED_EDGE('',*,*,#1943,.F.);
#2534=ORIENTED_EDGE('',*,*,#1944,.F.);
#2535=ORIENTED_EDGE('',*,*,#1945,.F.);
#2536=ORIENTED_EDGE('',*,*,#1946,.T.);
#2537=ORIENTED_EDGE('',*,*,#1947,.T.);
#2538=ORIENTED_EDGE('',*,*,#1946,.F.);
#2539=ORIENTED_EDGE('',*,*,#1947,.F.);
#2540=ORIENTED_EDGE('',*,*,#1948,.T.);
#2541=ORIENTED_EDGE('',*,*,#1949,.T.);
#2542=ORIENTED_EDGE('',*,*,#1950,.T.);
#2543=ORIENTED_EDGE('',*,*,#1951,.T.);
#2544=ORIENTED_EDGE('',*,*,#1949,.F.);
#2545=ORIENTED_EDGE('',*,*,#1920,.T.);
#2546=ORIENTED_EDGE('',*,*,#1916,.F.);
#2547=ORIENTED_EDGE('',*,*,#1952,.T.);
#2548=ORIENTED_EDGE('',*,*,#1953,.F.);
#2549=ORIENTED_EDGE('',*,*,#1954,.F.);
#2550=ORIENTED_EDGE('',*,*,#1955,.T.);
#2551=ORIENTED_EDGE('',*,*,#1956,.F.);
#2552=ORIENTED_EDGE('',*,*,#1957,.F.);
#2553=ORIENTED_EDGE('',*,*,#1909,.T.);
#2554=ORIENTED_EDGE('',*,*,#1907,.F.);
#2555=ORIENTED_EDGE('',*,*,#1901,.T.);
#2556=ORIENTED_EDGE('',*,*,#1897,.F.);
#2557=ORIENTED_EDGE('',*,*,#1958,.T.);
#2558=ORIENTED_EDGE('',*,*,#1959,.F.);
#2559=ORIENTED_EDGE('',*,*,#1960,.F.);
#2560=ORIENTED_EDGE('',*,*,#1961,.T.);
#2561=ORIENTED_EDGE('',*,*,#1962,.F.);
#2562=ORIENTED_EDGE('',*,*,#1963,.F.);
#2563=ORIENTED_EDGE('',*,*,#1890,.T.);
#2564=ORIENTED_EDGE('',*,*,#1888,.F.);
#2565=ORIENTED_EDGE('',*,*,#1882,.T.);
#2566=ORIENTED_EDGE('',*,*,#1878,.F.);
#2567=ORIENTED_EDGE('',*,*,#1964,.T.);
#2568=ORIENTED_EDGE('',*,*,#1965,.F.);
#2569=ORIENTED_EDGE('',*,*,#1966,.F.);
#2570=ORIENTED_EDGE('',*,*,#1967,.T.);
#2571=ORIENTED_EDGE('',*,*,#1968,.F.);
#2572=ORIENTED_EDGE('',*,*,#1969,.F.);
#2573=ORIENTED_EDGE('',*,*,#1970,.T.);
#2574=ORIENTED_EDGE('',*,*,#1971,.F.);
#2575=ORIENTED_EDGE('',*,*,#1972,.T.);
#2576=ORIENTED_EDGE('',*,*,#1973,.F.);
#2577=ORIENTED_EDGE('',*,*,#1974,.F.);
#2578=ORIENTED_EDGE('',*,*,#1975,.T.);
#2579=ORIENTED_EDGE('',*,*,#1976,.F.);
#2580=ORIENTED_EDGE('',*,*,#1977,.F.);
#2581=ORIENTED_EDGE('',*,*,#1978,.T.);
#2582=ORIENTED_EDGE('',*,*,#1979,.T.);
#2583=ORIENTED_EDGE('',*,*,#1980,.T.);
#2584=ORIENTED_EDGE('',*,*,#1981,.F.);
#2585=ORIENTED_EDGE('',*,*,#1982,.F.);
#2586=ORIENTED_EDGE('',*,*,#1983,.T.);
#2587=ORIENTED_EDGE('',*,*,#1984,.F.);
#2588=ORIENTED_EDGE('',*,*,#1985,.F.);
#2589=ORIENTED_EDGE('',*,*,#1928,.T.);
#2590=ORIENTED_EDGE('',*,*,#1926,.F.);
#2591=ORIENTED_EDGE('',*,*,#1986,.T.);
#2592=ORIENTED_EDGE('',*,*,#1987,.T.);
#2593=ORIENTED_EDGE('',*,*,#1988,.T.);
#2594=ORIENTED_EDGE('',*,*,#1948,.F.);
#2595=ORIENTED_EDGE('',*,*,#1945,.T.);
#2596=ORIENTED_EDGE('',*,*,#1942,.T.);
#2597=ORIENTED_EDGE('',*,*,#1939,.T.);
#2598=ORIENTED_EDGE('',*,*,#1936,.T.);
#2599=ORIENTED_EDGE('',*,*,#1933,.T.);
#2600=ORIENTED_EDGE('',*,*,#1950,.F.);
#2601=ORIENTED_EDGE('',*,*,#1951,.F.);
#2602=ORIENTED_EDGE('',*,*,#1989,.T.);
#2603=ORIENTED_EDGE('',*,*,#1990,.T.);
#2604=ORIENTED_EDGE('',*,*,#1989,.F.);
#2605=ORIENTED_EDGE('',*,*,#1991,.F.);
#2606=ORIENTED_EDGE('',*,*,#1992,.T.);
#2607=ORIENTED_EDGE('',*,*,#1988,.F.);
#2608=ORIENTED_EDGE('',*,*,#1992,.F.);
#2609=ORIENTED_EDGE('',*,*,#1993,.F.);
#2610=ORIENTED_EDGE('',*,*,#1994,.T.);
#2611=ORIENTED_EDGE('',*,*,#1987,.F.);
#2612=ORIENTED_EDGE('',*,*,#1994,.F.);
#2613=ORIENTED_EDGE('',*,*,#1986,.F.);
#2614=ORIENTED_EDGE('',*,*,#1995,.T.);
#2615=ORIENTED_EDGE('',*,*,#1996,.T.);
#2616=ORIENTED_EDGE('',*,*,#1995,.F.);
#2617=ORIENTED_EDGE('',*,*,#1919,.F.);
#2618=ORIENTED_EDGE('',*,*,#1997,.F.);
#2619=ORIENTED_EDGE('',*,*,#1998,.T.);
#2620=ORIENTED_EDGE('',*,*,#1952,.F.);
#2621=ORIENTED_EDGE('',*,*,#1915,.F.);
#2622=ORIENTED_EDGE('',*,*,#1999,.F.);
#2623=ORIENTED_EDGE('',*,*,#2000,.F.);
#2624=ORIENTED_EDGE('',*,*,#1979,.F.);
#2625=ORIENTED_EDGE('',*,*,#2001,.T.);
#2626=ORIENTED_EDGE('',*,*,#2002,.T.);
#2627=ORIENTED_EDGE('',*,*,#2003,.T.);
#2628=ORIENTED_EDGE('',*,*,#2003,.F.);
#2629=ORIENTED_EDGE('',*,*,#2004,.F.);
#2630=ORIENTED_EDGE('',*,*,#2005,.T.);
#2631=ORIENTED_EDGE('',*,*,#1980,.F.);
#2632=ORIENTED_EDGE('',*,*,#2006,.F.);
#2633=ORIENTED_EDGE('',*,*,#2007,.F.);
#2634=ORIENTED_EDGE('',*,*,#2008,.T.);
#2635=ORIENTED_EDGE('',*,*,#1971,.T.);
#2636=ORIENTED_EDGE('',*,*,#2009,.T.);
#2637=ORIENTED_EDGE('',*,*,#2009,.F.);
#2638=ORIENTED_EDGE('',*,*,#1970,.F.);
#2639=ORIENTED_EDGE('',*,*,#2010,.T.);
#2640=ORIENTED_EDGE('',*,*,#2011,.T.);
#2641=ORIENTED_EDGE('',*,*,#2012,.F.);
#2642=ORIENTED_EDGE('',*,*,#1983,.F.);
#2643=ORIENTED_EDGE('',*,*,#2013,.F.);
#2644=ORIENTED_EDGE('',*,*,#2014,.F.);
#2645=ORIENTED_EDGE('',*,*,#2015,.F.);
#2646=ORIENTED_EDGE('',*,*,#2016,.F.);
#2647=ORIENTED_EDGE('',*,*,#2017,.F.);
#2648=ORIENTED_EDGE('',*,*,#2018,.T.);
#2649=ORIENTED_EDGE('',*,*,#2019,.F.);
#2650=ORIENTED_EDGE('',*,*,#2006,.T.);
#2651=ORIENTED_EDGE('',*,*,#2020,.T.);
#2652=ORIENTED_EDGE('',*,*,#2021,.T.);
#2653=ORIENTED_EDGE('',*,*,#2020,.F.);
#2654=ORIENTED_EDGE('',*,*,#2021,.F.);
#2655=ORIENTED_EDGE('',*,*,#2022,.T.);
#2656=ORIENTED_EDGE('',*,*,#2023,.F.);
#2657=ORIENTED_EDGE('',*,*,#2022,.F.);
#2658=ORIENTED_EDGE('',*,*,#2024,.T.);
#2659=ORIENTED_EDGE('',*,*,#2025,.T.);
#2660=ORIENTED_EDGE('',*,*,#2026,.T.);
#2661=ORIENTED_EDGE('',*,*,#2025,.F.);
#2662=ORIENTED_EDGE('',*,*,#2026,.F.);
#2663=ORIENTED_EDGE('',*,*,#2027,.T.);
#2664=ORIENTED_EDGE('',*,*,#2028,.F.);
#2665=ORIENTED_EDGE('',*,*,#2027,.F.);
#2666=ORIENTED_EDGE('',*,*,#2029,.F.);
#2667=ORIENTED_EDGE('',*,*,#2030,.F.);
#2668=ORIENTED_EDGE('',*,*,#2031,.F.);
#2669=ORIENTED_EDGE('',*,*,#2018,.F.);
#2670=ORIENTED_EDGE('',*,*,#2024,.F.);
#2671=ORIENTED_EDGE('',*,*,#1932,.T.);
#2672=ORIENTED_EDGE('',*,*,#2032,.T.);
#2673=ORIENTED_EDGE('',*,*,#2028,.T.);
#2674=ORIENTED_EDGE('',*,*,#2032,.F.);
#2675=ORIENTED_EDGE('',*,*,#1931,.T.);
#2676=ORIENTED_EDGE('',*,*,#1923,.T.);
#2677=ORIENTED_EDGE('',*,*,#2033,.T.);
#2678=ORIENTED_EDGE('',*,*,#2034,.T.);
#2679=ORIENTED_EDGE('',*,*,#2023,.T.);
#2680=ORIENTED_EDGE('',*,*,#2034,.F.);
#2681=ORIENTED_EDGE('',*,*,#2035,.F.);
#2682=ORIENTED_EDGE('',*,*,#2014,.T.);
#2683=ORIENTED_EDGE('',*,*,#2036,.F.);
#2684=ORIENTED_EDGE('',*,*,#2037,.F.);
#2685=ORIENTED_EDGE('',*,*,#2033,.F.);
#2686=ORIENTED_EDGE('',*,*,#2013,.T.);
#2687=ORIENTED_EDGE('',*,*,#1982,.T.);
#2688=ORIENTED_EDGE('',*,*,#2038,.T.);
#2689=ORIENTED_EDGE('',*,*,#2036,.T.);
#2690=ORIENTED_EDGE('',*,*,#2039,.T.);
#2691=ORIENTED_EDGE('',*,*,#2037,.T.);
#2692=ORIENTED_EDGE('',*,*,#2038,.F.);
#2693=ORIENTED_EDGE('',*,*,#2040,.T.);
#2694=ORIENTED_EDGE('',*,*,#2015,.T.);
#2695=ORIENTED_EDGE('',*,*,#2035,.T.);
#2696=ORIENTED_EDGE('',*,*,#2039,.F.);
#2697=ORIENTED_EDGE('',*,*,#2041,.T.);
#2698=ORIENTED_EDGE('',*,*,#2040,.F.);
#2699=ORIENTED_EDGE('',*,*,#1981,.T.);
#2700=ORIENTED_EDGE('',*,*,#2005,.F.);
#2701=ORIENTED_EDGE('',*,*,#2042,.F.);
#2702=ORIENTED_EDGE('',*,*,#2043,.T.);
#2703=ORIENTED_EDGE('',*,*,#2030,.T.);
#2704=ORIENTED_EDGE('',*,*,#2044,.T.);
#2705=ORIENTED_EDGE('',*,*,#2045,.T.);
#2706=ORIENTED_EDGE('',*,*,#2017,.T.);
#2707=ORIENTED_EDGE('',*,*,#2046,.T.);
#2708=ORIENTED_EDGE('',*,*,#2044,.F.);
#2709=ORIENTED_EDGE('',*,*,#2029,.T.);
#2710=ORIENTED_EDGE('',*,*,#2019,.T.);
#2711=ORIENTED_EDGE('',*,*,#2031,.T.);
#2712=ORIENTED_EDGE('',*,*,#2043,.F.);
#2713=ORIENTED_EDGE('',*,*,#1984,.T.);
#2714=ORIENTED_EDGE('',*,*,#2045,.F.);
#2715=ORIENTED_EDGE('',*,*,#2047,.F.);
#2716=ORIENTED_EDGE('',*,*,#1929,.F.);
#2717=ORIENTED_EDGE('',*,*,#1985,.T.);
#2718=ORIENTED_EDGE('',*,*,#1975,.F.);
#2719=ORIENTED_EDGE('',*,*,#2048,.F.);
#2720=ORIENTED_EDGE('',*,*,#2049,.F.);
#2721=ORIENTED_EDGE('',*,*,#2050,.F.);
#2722=ORIENTED_EDGE('',*,*,#2051,.F.);
#2723=ORIENTED_EDGE('',*,*,#2052,.F.);
#2724=ORIENTED_EDGE('',*,*,#2053,.T.);
#2725=ORIENTED_EDGE('',*,*,#2054,.F.);
#2726=ORIENTED_EDGE('',*,*,#1930,.F.);
#2727=ORIENTED_EDGE('',*,*,#2047,.T.);
#2728=ORIENTED_EDGE('',*,*,#2046,.F.);
#2729=ORIENTED_EDGE('',*,*,#2016,.T.);
#2730=ORIENTED_EDGE('',*,*,#2041,.F.);
#2731=ORIENTED_EDGE('',*,*,#2042,.T.);
#2732=ORIENTED_EDGE('',*,*,#2004,.T.);
#2733=ORIENTED_EDGE('',*,*,#2002,.F.);
#2734=ORIENTED_EDGE('',*,*,#2055,.F.);
#2735=ORIENTED_EDGE('',*,*,#2056,.T.);
#2736=ORIENTED_EDGE('',*,*,#2057,.F.);
#2737=ORIENTED_EDGE('',*,*,#2051,.T.);
#2738=ORIENTED_EDGE('',*,*,#2058,.F.);
#2739=ORIENTED_EDGE('',*,*,#2059,.T.);
#2740=ORIENTED_EDGE('',*,*,#2060,.T.);
#2741=ORIENTED_EDGE('',*,*,#2007,.T.);
#2742=ORIENTED_EDGE('',*,*,#2011,.F.);
#2743=ORIENTED_EDGE('',*,*,#2061,.T.);
#2744=ORIENTED_EDGE('',*,*,#2062,.F.);
#2745=ORIENTED_EDGE('',*,*,#2063,.T.);
#2746=ORIENTED_EDGE('',*,*,#2064,.F.);
#2747=ORIENTED_EDGE('',*,*,#2065,.T.);
#2748=ORIENTED_EDGE('',*,*,#2066,.T.);
#2749=ORIENTED_EDGE('',*,*,#1880,.F.);
#2750=ORIENTED_EDGE('',*,*,#1884,.T.);
#2751=ORIENTED_EDGE('',*,*,#1887,.F.);
#2752=ORIENTED_EDGE('',*,*,#1892,.F.);
#2753=ORIENTED_EDGE('',*,*,#2067,.T.);
#2754=ORIENTED_EDGE('',*,*,#2068,.F.);
#2755=ORIENTED_EDGE('',*,*,#2069,.T.);
#2756=ORIENTED_EDGE('',*,*,#2070,.F.);
#2757=ORIENTED_EDGE('',*,*,#2071,.T.);
#2758=ORIENTED_EDGE('',*,*,#2072,.T.);
#2759=ORIENTED_EDGE('',*,*,#1899,.F.);
#2760=ORIENTED_EDGE('',*,*,#1903,.T.);
#2761=ORIENTED_EDGE('',*,*,#1906,.F.);
#2762=ORIENTED_EDGE('',*,*,#1911,.F.);
#2763=ORIENTED_EDGE('',*,*,#2073,.T.);
#2764=ORIENTED_EDGE('',*,*,#2074,.F.);
#2765=ORIENTED_EDGE('',*,*,#2075,.T.);
#2766=ORIENTED_EDGE('',*,*,#2076,.F.);
#2767=ORIENTED_EDGE('',*,*,#2077,.T.);
#2768=ORIENTED_EDGE('',*,*,#1997,.T.);
#2769=ORIENTED_EDGE('',*,*,#1918,.F.);
#2770=ORIENTED_EDGE('',*,*,#1922,.T.);
#2771=ORIENTED_EDGE('',*,*,#1925,.F.);
#2772=ORIENTED_EDGE('',*,*,#1996,.F.);
#2773=ORIENTED_EDGE('',*,*,#1993,.T.);
#2774=ORIENTED_EDGE('',*,*,#1990,.F.);
#2775=ORIENTED_EDGE('',*,*,#1991,.T.);
#2776=ORIENTED_EDGE('',*,*,#2000,.T.);
#2777=ORIENTED_EDGE('',*,*,#2078,.T.);
#2778=ORIENTED_EDGE('',*,*,#2079,.T.);
#2779=ORIENTED_EDGE('',*,*,#2078,.F.);
#2780=ORIENTED_EDGE('',*,*,#1999,.T.);
#2781=ORIENTED_EDGE('',*,*,#1914,.T.);
#2782=ORIENTED_EDGE('',*,*,#2079,.F.);
#2783=ORIENTED_EDGE('',*,*,#2080,.T.);
#2784=ORIENTED_EDGE('',*,*,#2081,.F.);
#2785=ORIENTED_EDGE('',*,*,#2080,.F.);
#2786=ORIENTED_EDGE('',*,*,#2082,.T.);
#2787=ORIENTED_EDGE('',*,*,#2083,.T.);
#2788=ORIENTED_EDGE('',*,*,#2084,.T.);
#2789=ORIENTED_EDGE('',*,*,#2083,.F.);
#2790=ORIENTED_EDGE('',*,*,#2084,.F.);
#2791=ORIENTED_EDGE('',*,*,#2085,.T.);
#2792=ORIENTED_EDGE('',*,*,#2086,.F.);
#2793=ORIENTED_EDGE('',*,*,#2085,.F.);
#2794=ORIENTED_EDGE('',*,*,#2087,.F.);
#2795=ORIENTED_EDGE('',*,*,#2088,.F.);
#2796=ORIENTED_EDGE('',*,*,#2089,.F.);
#2797=ORIENTED_EDGE('',*,*,#2090,.F.);
#2798=ORIENTED_EDGE('',*,*,#2082,.F.);
#2799=ORIENTED_EDGE('',*,*,#1913,.T.);
#2800=ORIENTED_EDGE('',*,*,#2091,.T.);
#2801=ORIENTED_EDGE('',*,*,#2086,.T.);
#2802=ORIENTED_EDGE('',*,*,#2091,.F.);
#2803=ORIENTED_EDGE('',*,*,#1912,.T.);
#2804=ORIENTED_EDGE('',*,*,#1904,.T.);
#2805=ORIENTED_EDGE('',*,*,#2092,.T.);
#2806=ORIENTED_EDGE('',*,*,#2093,.T.);
#2807=ORIENTED_EDGE('',*,*,#2081,.T.);
#2808=ORIENTED_EDGE('',*,*,#2093,.F.);
#2809=ORIENTED_EDGE('',*,*,#2094,.F.);
#2810=ORIENTED_EDGE('',*,*,#2095,.T.);
#2811=ORIENTED_EDGE('',*,*,#2096,.F.);
#2812=ORIENTED_EDGE('',*,*,#2097,.F.);
#2813=ORIENTED_EDGE('',*,*,#2092,.F.);
#2814=ORIENTED_EDGE('',*,*,#2098,.T.);
#2815=ORIENTED_EDGE('',*,*,#1954,.T.);
#2816=ORIENTED_EDGE('',*,*,#2099,.T.);
#2817=ORIENTED_EDGE('',*,*,#2096,.T.);
#2818=ORIENTED_EDGE('',*,*,#2100,.T.);
#2819=ORIENTED_EDGE('',*,*,#2097,.T.);
#2820=ORIENTED_EDGE('',*,*,#2099,.F.);
#2821=ORIENTED_EDGE('',*,*,#2101,.T.);
#2822=ORIENTED_EDGE('',*,*,#2102,.T.);
#2823=ORIENTED_EDGE('',*,*,#2094,.T.);
#2824=ORIENTED_EDGE('',*,*,#2100,.F.);
#2825=ORIENTED_EDGE('',*,*,#2076,.T.);
#2826=ORIENTED_EDGE('',*,*,#2101,.F.);
#2827=ORIENTED_EDGE('',*,*,#1953,.T.);
#2828=ORIENTED_EDGE('',*,*,#1998,.F.);
#2829=ORIENTED_EDGE('',*,*,#2077,.F.);
#2830=ORIENTED_EDGE('',*,*,#2103,.T.);
#2831=ORIENTED_EDGE('',*,*,#2088,.T.);
#2832=ORIENTED_EDGE('',*,*,#2104,.T.);
#2833=ORIENTED_EDGE('',*,*,#2105,.T.);
#2834=ORIENTED_EDGE('',*,*,#2106,.T.);
#2835=ORIENTED_EDGE('',*,*,#2074,.T.);
#2836=ORIENTED_EDGE('',*,*,#2104,.F.);
#2837=ORIENTED_EDGE('',*,*,#2087,.T.);
#2838=ORIENTED_EDGE('',*,*,#2107,.T.);
#2839=ORIENTED_EDGE('',*,*,#2089,.T.);
#2840=ORIENTED_EDGE('',*,*,#2103,.F.);
#2841=ORIENTED_EDGE('',*,*,#1956,.T.);
#2842=ORIENTED_EDGE('',*,*,#2105,.F.);
#2843=ORIENTED_EDGE('',*,*,#2073,.F.);
#2844=ORIENTED_EDGE('',*,*,#1910,.F.);
#2845=ORIENTED_EDGE('',*,*,#1957,.T.);
#2846=ORIENTED_EDGE('',*,*,#1955,.F.);
#2847=ORIENTED_EDGE('',*,*,#2098,.F.);
#2848=ORIENTED_EDGE('',*,*,#2095,.F.);
#2849=ORIENTED_EDGE('',*,*,#2102,.F.);
#2850=ORIENTED_EDGE('',*,*,#2075,.F.);
#2851=ORIENTED_EDGE('',*,*,#2106,.F.);
#2852=ORIENTED_EDGE('',*,*,#2090,.T.);
#2853=ORIENTED_EDGE('',*,*,#2107,.F.);
#2854=ORIENTED_EDGE('',*,*,#1967,.F.);
#2855=ORIENTED_EDGE('',*,*,#2108,.F.);
#2856=ORIENTED_EDGE('',*,*,#2109,.F.);
#2857=ORIENTED_EDGE('',*,*,#2110,.F.);
#2858=ORIENTED_EDGE('',*,*,#2063,.F.);
#2859=ORIENTED_EDGE('',*,*,#2111,.F.);
#2860=ORIENTED_EDGE('',*,*,#2112,.T.);
#2861=ORIENTED_EDGE('',*,*,#2113,.F.);
#2862=ORIENTED_EDGE('',*,*,#2114,.T.);
#2863=ORIENTED_EDGE('',*,*,#2115,.T.);
#2864=ORIENTED_EDGE('',*,*,#2116,.T.);
#2865=ORIENTED_EDGE('',*,*,#2115,.F.);
#2866=ORIENTED_EDGE('',*,*,#2117,.T.);
#2867=ORIENTED_EDGE('',*,*,#1876,.T.);
#2868=ORIENTED_EDGE('',*,*,#2116,.F.);
#2869=ORIENTED_EDGE('',*,*,#2118,.T.);
#2870=ORIENTED_EDGE('',*,*,#2119,.F.);
#2871=ORIENTED_EDGE('',*,*,#2118,.F.);
#2872=ORIENTED_EDGE('',*,*,#1881,.F.);
#2873=ORIENTED_EDGE('',*,*,#2066,.F.);
#2874=ORIENTED_EDGE('',*,*,#2120,.T.);
#2875=ORIENTED_EDGE('',*,*,#1964,.F.);
#2876=ORIENTED_EDGE('',*,*,#1877,.F.);
#2877=ORIENTED_EDGE('',*,*,#2117,.F.);
#2878=ORIENTED_EDGE('',*,*,#2114,.F.);
#2879=ORIENTED_EDGE('',*,*,#2121,.T.);
#2880=ORIENTED_EDGE('',*,*,#2122,.T.);
#2881=ORIENTED_EDGE('',*,*,#2123,.T.);
#2882=ORIENTED_EDGE('',*,*,#2122,.F.);
#2883=ORIENTED_EDGE('',*,*,#2123,.F.);
#2884=ORIENTED_EDGE('',*,*,#2124,.T.);
#2885=ORIENTED_EDGE('',*,*,#2125,.F.);
#2886=ORIENTED_EDGE('',*,*,#2124,.F.);
#2887=ORIENTED_EDGE('',*,*,#2126,.F.);
#2888=ORIENTED_EDGE('',*,*,#2127,.F.);
#2889=ORIENTED_EDGE('',*,*,#2128,.F.);
#2890=ORIENTED_EDGE('',*,*,#2112,.F.);
#2891=ORIENTED_EDGE('',*,*,#2121,.F.);
#2892=ORIENTED_EDGE('',*,*,#2012,.T.);
#2893=ORIENTED_EDGE('',*,*,#2129,.T.);
#2894=ORIENTED_EDGE('',*,*,#2125,.T.);
#2895=ORIENTED_EDGE('',*,*,#2129,.F.);
#2896=ORIENTED_EDGE('',*,*,#2130,.T.);
#2897=ORIENTED_EDGE('',*,*,#2131,.T.);
#2898=ORIENTED_EDGE('',*,*,#2119,.T.);
#2899=ORIENTED_EDGE('',*,*,#2131,.F.);
#2900=ORIENTED_EDGE('',*,*,#2132,.F.);
#2901=ORIENTED_EDGE('',*,*,#2109,.T.);
#2902=ORIENTED_EDGE('',*,*,#2133,.F.);
#2903=ORIENTED_EDGE('',*,*,#2134,.F.);
#2904=ORIENTED_EDGE('',*,*,#2130,.F.);
#2905=ORIENTED_EDGE('',*,*,#2108,.T.);
#2906=ORIENTED_EDGE('',*,*,#1966,.T.);
#2907=ORIENTED_EDGE('',*,*,#2135,.T.);
#2908=ORIENTED_EDGE('',*,*,#2133,.T.);
#2909=ORIENTED_EDGE('',*,*,#2136,.T.);
#2910=ORIENTED_EDGE('',*,*,#2134,.T.);
#2911=ORIENTED_EDGE('',*,*,#2135,.F.);
#2912=ORIENTED_EDGE('',*,*,#2137,.T.);
#2913=ORIENTED_EDGE('',*,*,#2110,.T.);
#2914=ORIENTED_EDGE('',*,*,#2132,.T.);
#2915=ORIENTED_EDGE('',*,*,#2136,.F.);
#2916=ORIENTED_EDGE('',*,*,#2064,.T.);
#2917=ORIENTED_EDGE('',*,*,#2137,.F.);
#2918=ORIENTED_EDGE('',*,*,#1965,.T.);
#2919=ORIENTED_EDGE('',*,*,#2120,.F.);
#2920=ORIENTED_EDGE('',*,*,#2065,.F.);
#2921=ORIENTED_EDGE('',*,*,#2138,.T.);
#2922=ORIENTED_EDGE('',*,*,#2127,.T.);
#2923=ORIENTED_EDGE('',*,*,#2139,.T.);
#2924=ORIENTED_EDGE('',*,*,#2140,.T.);
#2925=ORIENTED_EDGE('',*,*,#2111,.T.);
#2926=ORIENTED_EDGE('',*,*,#2062,.T.);
#2927=ORIENTED_EDGE('',*,*,#2139,.F.);
#2928=ORIENTED_EDGE('',*,*,#2126,.T.);
#2929=ORIENTED_EDGE('',*,*,#2113,.T.);
#2930=ORIENTED_EDGE('',*,*,#2128,.T.);
#2931=ORIENTED_EDGE('',*,*,#2138,.F.);
#2932=ORIENTED_EDGE('',*,*,#1968,.T.);
#2933=ORIENTED_EDGE('',*,*,#2140,.F.);
#2934=ORIENTED_EDGE('',*,*,#2061,.F.);
#2935=ORIENTED_EDGE('',*,*,#2010,.F.);
#2936=ORIENTED_EDGE('',*,*,#1969,.T.);
#2937=ORIENTED_EDGE('',*,*,#1961,.F.);
#2938=ORIENTED_EDGE('',*,*,#2141,.F.);
#2939=ORIENTED_EDGE('',*,*,#2142,.F.);
#2940=ORIENTED_EDGE('',*,*,#2143,.F.);
#2941=ORIENTED_EDGE('',*,*,#2069,.F.);
#2942=ORIENTED_EDGE('',*,*,#2144,.F.);
#2943=ORIENTED_EDGE('',*,*,#2145,.T.);
#2944=ORIENTED_EDGE('',*,*,#2146,.F.);
#2945=ORIENTED_EDGE('',*,*,#2147,.T.);
#2946=ORIENTED_EDGE('',*,*,#2148,.T.);
#2947=ORIENTED_EDGE('',*,*,#2149,.T.);
#2948=ORIENTED_EDGE('',*,*,#2148,.F.);
#2949=ORIENTED_EDGE('',*,*,#2149,.F.);
#2950=ORIENTED_EDGE('',*,*,#2150,.T.);
#2951=ORIENTED_EDGE('',*,*,#2151,.F.);
#2952=ORIENTED_EDGE('',*,*,#2150,.F.);
#2953=ORIENTED_EDGE('',*,*,#2008,.F.);
#2954=ORIENTED_EDGE('',*,*,#2060,.F.);
#2955=ORIENTED_EDGE('',*,*,#2152,.T.);
#2956=ORIENTED_EDGE('',*,*,#1972,.F.);
#2957=ORIENTED_EDGE('',*,*,#2147,.F.);
#2958=ORIENTED_EDGE('',*,*,#2153,.T.);
#2959=ORIENTED_EDGE('',*,*,#2154,.T.);
#2960=ORIENTED_EDGE('',*,*,#2155,.T.);
#2961=ORIENTED_EDGE('',*,*,#2154,.F.);
#2962=ORIENTED_EDGE('',*,*,#2155,.F.);
#2963=ORIENTED_EDGE('',*,*,#2156,.T.);
#2964=ORIENTED_EDGE('',*,*,#2157,.F.);
#2965=ORIENTED_EDGE('',*,*,#2156,.F.);
#2966=ORIENTED_EDGE('',*,*,#2158,.F.);
#2967=ORIENTED_EDGE('',*,*,#2159,.F.);
#2968=ORIENTED_EDGE('',*,*,#2160,.F.);
#2969=ORIENTED_EDGE('',*,*,#2053,.F.);
#2970=ORIENTED_EDGE('',*,*,#2153,.F.);
#2971=ORIENTED_EDGE('',*,*,#2161,.T.);
#2972=ORIENTED_EDGE('',*,*,#2162,.T.);
#2973=ORIENTED_EDGE('',*,*,#2157,.T.);
#2974=ORIENTED_EDGE('',*,*,#2162,.F.);
#2975=ORIENTED_EDGE('',*,*,#2001,.F.);
#2976=ORIENTED_EDGE('',*,*,#1978,.F.);
#2977=ORIENTED_EDGE('',*,*,#2163,.T.);
#2978=ORIENTED_EDGE('',*,*,#2055,.T.);
#2979=ORIENTED_EDGE('',*,*,#2161,.F.);
#2980=ORIENTED_EDGE('',*,*,#2164,.T.);
#2981=ORIENTED_EDGE('',*,*,#2165,.T.);
#2982=ORIENTED_EDGE('',*,*,#2151,.T.);
#2983=ORIENTED_EDGE('',*,*,#2165,.F.);
#2984=ORIENTED_EDGE('',*,*,#2166,.F.);
#2985=ORIENTED_EDGE('',*,*,#2049,.T.);
#2986=ORIENTED_EDGE('',*,*,#2167,.F.);
#2987=ORIENTED_EDGE('',*,*,#2168,.F.);
#2988=ORIENTED_EDGE('',*,*,#2164,.F.);
#2989=ORIENTED_EDGE('',*,*,#2048,.T.);
#2990=ORIENTED_EDGE('',*,*,#1974,.T.);
#2991=ORIENTED_EDGE('',*,*,#2169,.T.);
#2992=ORIENTED_EDGE('',*,*,#2167,.T.);
#2993=ORIENTED_EDGE('',*,*,#2170,.T.);
#2994=ORIENTED_EDGE('',*,*,#2168,.T.);
#2995=ORIENTED_EDGE('',*,*,#2169,.F.);
#2996=ORIENTED_EDGE('',*,*,#2171,.T.);
#2997=ORIENTED_EDGE('',*,*,#2050,.T.);
#2998=ORIENTED_EDGE('',*,*,#2166,.T.);
#2999=ORIENTED_EDGE('',*,*,#2170,.F.);
#3000=ORIENTED_EDGE('',*,*,#2058,.T.);
#3001=ORIENTED_EDGE('',*,*,#2171,.F.);
#3002=ORIENTED_EDGE('',*,*,#1973,.T.);
#3003=ORIENTED_EDGE('',*,*,#2152,.F.);
#3004=ORIENTED_EDGE('',*,*,#2059,.F.);
#3005=ORIENTED_EDGE('',*,*,#2172,.T.);
#3006=ORIENTED_EDGE('',*,*,#2159,.T.);
#3007=ORIENTED_EDGE('',*,*,#2173,.T.);
#3008=ORIENTED_EDGE('',*,*,#2174,.T.);
#3009=ORIENTED_EDGE('',*,*,#2052,.T.);
#3010=ORIENTED_EDGE('',*,*,#2057,.T.);
#3011=ORIENTED_EDGE('',*,*,#2173,.F.);
#3012=ORIENTED_EDGE('',*,*,#2158,.T.);
#3013=ORIENTED_EDGE('',*,*,#2054,.T.);
#3014=ORIENTED_EDGE('',*,*,#2160,.T.);
#3015=ORIENTED_EDGE('',*,*,#2172,.F.);
#3016=ORIENTED_EDGE('',*,*,#1976,.T.);
#3017=ORIENTED_EDGE('',*,*,#2174,.F.);
#3018=ORIENTED_EDGE('',*,*,#2056,.F.);
#3019=ORIENTED_EDGE('',*,*,#2163,.F.);
#3020=ORIENTED_EDGE('',*,*,#1977,.T.);
#3021=ORIENTED_EDGE('',*,*,#2175,.T.);
#3022=ORIENTED_EDGE('',*,*,#2176,.T.);
#3023=ORIENTED_EDGE('',*,*,#2177,.T.);
#3024=ORIENTED_EDGE('',*,*,#2176,.F.);
#3025=ORIENTED_EDGE('',*,*,#2178,.T.);
#3026=ORIENTED_EDGE('',*,*,#1895,.T.);
#3027=ORIENTED_EDGE('',*,*,#2177,.F.);
#3028=ORIENTED_EDGE('',*,*,#2179,.T.);
#3029=ORIENTED_EDGE('',*,*,#2180,.F.);
#3030=ORIENTED_EDGE('',*,*,#2179,.F.);
#3031=ORIENTED_EDGE('',*,*,#1900,.F.);
#3032=ORIENTED_EDGE('',*,*,#2072,.F.);
#3033=ORIENTED_EDGE('',*,*,#2181,.T.);
#3034=ORIENTED_EDGE('',*,*,#1958,.F.);
#3035=ORIENTED_EDGE('',*,*,#1896,.F.);
#3036=ORIENTED_EDGE('',*,*,#2178,.F.);
#3037=ORIENTED_EDGE('',*,*,#2175,.F.);
#3038=ORIENTED_EDGE('',*,*,#2182,.T.);
#3039=ORIENTED_EDGE('',*,*,#2183,.T.);
#3040=ORIENTED_EDGE('',*,*,#2184,.T.);
#3041=ORIENTED_EDGE('',*,*,#2183,.F.);
#3042=ORIENTED_EDGE('',*,*,#2184,.F.);
#3043=ORIENTED_EDGE('',*,*,#2185,.T.);
#3044=ORIENTED_EDGE('',*,*,#2186,.F.);
#3045=ORIENTED_EDGE('',*,*,#2185,.F.);
#3046=ORIENTED_EDGE('',*,*,#2187,.F.);
#3047=ORIENTED_EDGE('',*,*,#2188,.F.);
#3048=ORIENTED_EDGE('',*,*,#2189,.F.);
#3049=ORIENTED_EDGE('',*,*,#2145,.F.);
#3050=ORIENTED_EDGE('',*,*,#2182,.F.);
#3051=ORIENTED_EDGE('',*,*,#1894,.T.);
#3052=ORIENTED_EDGE('',*,*,#2190,.T.);
#3053=ORIENTED_EDGE('',*,*,#2186,.T.);
#3054=ORIENTED_EDGE('',*,*,#2190,.F.);
#3055=ORIENTED_EDGE('',*,*,#1893,.T.);
#3056=ORIENTED_EDGE('',*,*,#1885,.T.);
#3057=ORIENTED_EDGE('',*,*,#2191,.T.);
#3058=ORIENTED_EDGE('',*,*,#2192,.T.);
#3059=ORIENTED_EDGE('',*,*,#2180,.T.);
#3060=ORIENTED_EDGE('',*,*,#2192,.F.);
#3061=ORIENTED_EDGE('',*,*,#2193,.F.);
#3062=ORIENTED_EDGE('',*,*,#2142,.T.);
#3063=ORIENTED_EDGE('',*,*,#2194,.F.);
#3064=ORIENTED_EDGE('',*,*,#2195,.F.);
#3065=ORIENTED_EDGE('',*,*,#2191,.F.);
#3066=ORIENTED_EDGE('',*,*,#2141,.T.);
#3067=ORIENTED_EDGE('',*,*,#1960,.T.);
#3068=ORIENTED_EDGE('',*,*,#2196,.T.);
#3069=ORIENTED_EDGE('',*,*,#2194,.T.);
#3070=ORIENTED_EDGE('',*,*,#2197,.T.);
#3071=ORIENTED_EDGE('',*,*,#2195,.T.);
#3072=ORIENTED_EDGE('',*,*,#2196,.F.);
#3073=ORIENTED_EDGE('',*,*,#2198,.T.);
#3074=ORIENTED_EDGE('',*,*,#2143,.T.);
#3075=ORIENTED_EDGE('',*,*,#2193,.T.);
#3076=ORIENTED_EDGE('',*,*,#2197,.F.);
#3077=ORIENTED_EDGE('',*,*,#2070,.T.);
#3078=ORIENTED_EDGE('',*,*,#2198,.F.);
#3079=ORIENTED_EDGE('',*,*,#1959,.T.);
#3080=ORIENTED_EDGE('',*,*,#2181,.F.);
#3081=ORIENTED_EDGE('',*,*,#2071,.F.);
#3082=ORIENTED_EDGE('',*,*,#2199,.T.);
#3083=ORIENTED_EDGE('',*,*,#2188,.T.);
#3084=ORIENTED_EDGE('',*,*,#2200,.T.);
#3085=ORIENTED_EDGE('',*,*,#2201,.T.);
#3086=ORIENTED_EDGE('',*,*,#2144,.T.);
#3087=ORIENTED_EDGE('',*,*,#2068,.T.);
#3088=ORIENTED_EDGE('',*,*,#2200,.F.);
#3089=ORIENTED_EDGE('',*,*,#2187,.T.);
#3090=ORIENTED_EDGE('',*,*,#2146,.T.);
#3091=ORIENTED_EDGE('',*,*,#2189,.T.);
#3092=ORIENTED_EDGE('',*,*,#2199,.F.);
#3093=ORIENTED_EDGE('',*,*,#1962,.T.);
#3094=ORIENTED_EDGE('',*,*,#2201,.F.);
#3095=ORIENTED_EDGE('',*,*,#2067,.F.);
#3096=ORIENTED_EDGE('',*,*,#1891,.F.);
#3097=ORIENTED_EDGE('',*,*,#1963,.T.);
#3098=ORIENTED_EDGE('',*,*,#2202,.T.);
#3099=ORIENTED_EDGE('',*,*,#2203,.T.);
#3100=ORIENTED_EDGE('',*,*,#2204,.T.);
#3101=ORIENTED_EDGE('',*,*,#2205,.T.);
#3102=ORIENTED_EDGE('',*,*,#2206,.T.);
#3103=ORIENTED_EDGE('',*,*,#2207,.T.);
#3104=ORIENTED_EDGE('',*,*,#2202,.F.);
#3105=ORIENTED_EDGE('',*,*,#2208,.T.);
#3106=ORIENTED_EDGE('',*,*,#2209,.T.);
#3107=ORIENTED_EDGE('',*,*,#2210,.T.);
#3108=ORIENTED_EDGE('',*,*,#2206,.F.);
#3109=ORIENTED_EDGE('',*,*,#2211,.T.);
#3110=ORIENTED_EDGE('',*,*,#2212,.T.);
#3111=ORIENTED_EDGE('',*,*,#2213,.T.);
#3112=ORIENTED_EDGE('',*,*,#2209,.F.);
#3113=ORIENTED_EDGE('',*,*,#2214,.T.);
#3114=ORIENTED_EDGE('',*,*,#2215,.T.);
#3115=ORIENTED_EDGE('',*,*,#2216,.T.);
#3116=ORIENTED_EDGE('',*,*,#2212,.F.);
#3117=ORIENTED_EDGE('',*,*,#2217,.T.);
#3118=ORIENTED_EDGE('',*,*,#2215,.F.);
#3119=ORIENTED_EDGE('',*,*,#2218,.T.);
#3120=ORIENTED_EDGE('',*,*,#2219,.T.);
#3121=ORIENTED_EDGE('',*,*,#2220,.T.);
#3122=ORIENTED_EDGE('',*,*,#2221,.T.);
#3123=ORIENTED_EDGE('',*,*,#2222,.T.);
#3124=ORIENTED_EDGE('',*,*,#2219,.F.);
#3125=ORIENTED_EDGE('',*,*,#2223,.T.);
#3126=ORIENTED_EDGE('',*,*,#2224,.T.);
#3127=ORIENTED_EDGE('',*,*,#2225,.T.);
#3128=ORIENTED_EDGE('',*,*,#2221,.F.);
#3129=ORIENTED_EDGE('',*,*,#2226,.T.);
#3130=ORIENTED_EDGE('',*,*,#2227,.T.);
#3131=ORIENTED_EDGE('',*,*,#2228,.T.);
#3132=ORIENTED_EDGE('',*,*,#2229,.T.);
#3133=ORIENTED_EDGE('',*,*,#2224,.F.);
#3134=ORIENTED_EDGE('',*,*,#2230,.T.);
#3135=ORIENTED_EDGE('',*,*,#2231,.T.);
#3136=ORIENTED_EDGE('',*,*,#2232,.T.);
#3137=ORIENTED_EDGE('',*,*,#2228,.F.);
#3138=ORIENTED_EDGE('',*,*,#2233,.T.);
#3139=ORIENTED_EDGE('',*,*,#2234,.T.);
#3140=ORIENTED_EDGE('',*,*,#2235,.T.);
#3141=ORIENTED_EDGE('',*,*,#2231,.F.);
#3142=ORIENTED_EDGE('',*,*,#2236,.T.);
#3143=ORIENTED_EDGE('',*,*,#2234,.F.);
#3144=ORIENTED_EDGE('',*,*,#2237,.T.);
#3145=ORIENTED_EDGE('',*,*,#2238,.T.);
#3146=ORIENTED_EDGE('',*,*,#2239,.T.);
#3147=ORIENTED_EDGE('',*,*,#2240,.T.);
#3148=ORIENTED_EDGE('',*,*,#2241,.T.);
#3149=ORIENTED_EDGE('',*,*,#2238,.F.);
#3150=ORIENTED_EDGE('',*,*,#2242,.T.);
#3151=ORIENTED_EDGE('',*,*,#2243,.T.);
#3152=ORIENTED_EDGE('',*,*,#2244,.T.);
#3153=ORIENTED_EDGE('',*,*,#2240,.F.);
#3154=ORIENTED_EDGE('',*,*,#2245,.T.);
#3155=ORIENTED_EDGE('',*,*,#2246,.T.);
#3156=ORIENTED_EDGE('',*,*,#2247,.T.);
#3157=ORIENTED_EDGE('',*,*,#2243,.F.);
#3158=ORIENTED_EDGE('',*,*,#2248,.T.);
#3159=ORIENTED_EDGE('',*,*,#2249,.T.);
#3160=ORIENTED_EDGE('',*,*,#2250,.T.);
#3161=ORIENTED_EDGE('',*,*,#2246,.F.);
#3162=ORIENTED_EDGE('',*,*,#2251,.T.);
#3163=ORIENTED_EDGE('',*,*,#2252,.T.);
#3164=ORIENTED_EDGE('',*,*,#2253,.T.);
#3165=ORIENTED_EDGE('',*,*,#2249,.F.);
#3166=ORIENTED_EDGE('',*,*,#2254,.T.);
#3167=ORIENTED_EDGE('',*,*,#2252,.F.);
#3168=ORIENTED_EDGE('',*,*,#2255,.T.);
#3169=ORIENTED_EDGE('',*,*,#2256,.T.);
#3170=ORIENTED_EDGE('',*,*,#2257,.T.);
#3171=ORIENTED_EDGE('',*,*,#2258,.T.);
#3172=ORIENTED_EDGE('',*,*,#2259,.T.);
#3173=ORIENTED_EDGE('',*,*,#2256,.F.);
#3174=ORIENTED_EDGE('',*,*,#2260,.T.);
#3175=ORIENTED_EDGE('',*,*,#2261,.T.);
#3176=ORIENTED_EDGE('',*,*,#2262,.T.);
#3177=ORIENTED_EDGE('',*,*,#2258,.F.);
#3178=ORIENTED_EDGE('',*,*,#2263,.T.);
#3179=ORIENTED_EDGE('',*,*,#2264,.T.);
#3180=ORIENTED_EDGE('',*,*,#2265,.T.);
#3181=ORIENTED_EDGE('',*,*,#2261,.F.);
#3182=ORIENTED_EDGE('',*,*,#2266,.T.);
#3183=ORIENTED_EDGE('',*,*,#2267,.T.);
#3184=ORIENTED_EDGE('',*,*,#2268,.T.);
#3185=ORIENTED_EDGE('',*,*,#2264,.F.);
#3186=ORIENTED_EDGE('',*,*,#2269,.T.);
#3187=ORIENTED_EDGE('',*,*,#2270,.T.);
#3188=ORIENTED_EDGE('',*,*,#2271,.T.);
#3189=ORIENTED_EDGE('',*,*,#2267,.F.);
#3190=ORIENTED_EDGE('',*,*,#2272,.T.);
#3191=ORIENTED_EDGE('',*,*,#2270,.F.);
#3192=ORIENTED_EDGE('',*,*,#2273,.T.);
#3193=ORIENTED_EDGE('',*,*,#2274,.T.);
#3194=ORIENTED_EDGE('',*,*,#2275,.T.);
#3195=ORIENTED_EDGE('',*,*,#2276,.T.);
#3196=ORIENTED_EDGE('',*,*,#2277,.T.);
#3197=ORIENTED_EDGE('',*,*,#2274,.F.);
#3198=ORIENTED_EDGE('',*,*,#2278,.T.);
#3199=ORIENTED_EDGE('',*,*,#2279,.T.);
#3200=ORIENTED_EDGE('',*,*,#2280,.T.);
#3201=ORIENTED_EDGE('',*,*,#2276,.F.);
#3202=ORIENTED_EDGE('',*,*,#2281,.T.);
#3203=ORIENTED_EDGE('',*,*,#2282,.T.);
#3204=ORIENTED_EDGE('',*,*,#2283,.T.);
#3205=ORIENTED_EDGE('',*,*,#2279,.F.);
#3206=ORIENTED_EDGE('',*,*,#2284,.T.);
#3207=ORIENTED_EDGE('',*,*,#2285,.T.);
#3208=ORIENTED_EDGE('',*,*,#2286,.T.);
#3209=ORIENTED_EDGE('',*,*,#2282,.F.);
#3210=ORIENTED_EDGE('',*,*,#2287,.T.);
#3211=ORIENTED_EDGE('',*,*,#2288,.T.);
#3212=ORIENTED_EDGE('',*,*,#2289,.T.);
#3213=ORIENTED_EDGE('',*,*,#2285,.F.);
#3214=ORIENTED_EDGE('',*,*,#2290,.T.);
#3215=ORIENTED_EDGE('',*,*,#2288,.F.);
#3216=ORIENTED_EDGE('',*,*,#2291,.T.);
#3217=ORIENTED_EDGE('',*,*,#2204,.F.);
#3218=ORIENTED_EDGE('',*,*,#2292,.T.);
#3219=ORIENTED_EDGE('',*,*,#2253,.F.);
#3220=ORIENTED_EDGE('',*,*,#2293,.F.);
#3221=ORIENTED_EDGE('',*,*,#2294,.F.);
#3222=ORIENTED_EDGE('',*,*,#2295,.F.);
#3223=ORIENTED_EDGE('',*,*,#2257,.F.);
#3224=ORIENTED_EDGE('',*,*,#2296,.T.);
#3225=ORIENTED_EDGE('',*,*,#2297,.F.);
#3226=ORIENTED_EDGE('',*,*,#2293,.T.);
#3227=ORIENTED_EDGE('',*,*,#2259,.F.);
#3228=ORIENTED_EDGE('',*,*,#2298,.T.);
#3229=ORIENTED_EDGE('',*,*,#2299,.F.);
#3230=ORIENTED_EDGE('',*,*,#2296,.F.);
#3231=ORIENTED_EDGE('',*,*,#2262,.F.);
#3232=ORIENTED_EDGE('',*,*,#2300,.F.);
#3233=ORIENTED_EDGE('',*,*,#2301,.F.);
#3234=ORIENTED_EDGE('',*,*,#2298,.F.);
#3235=ORIENTED_EDGE('',*,*,#2265,.F.);
#3236=ORIENTED_EDGE('',*,*,#2302,.F.);
#3237=ORIENTED_EDGE('',*,*,#2303,.F.);
#3238=ORIENTED_EDGE('',*,*,#2300,.T.);
#3239=ORIENTED_EDGE('',*,*,#2268,.F.);
#3240=ORIENTED_EDGE('',*,*,#2304,.T.);
#3241=ORIENTED_EDGE('',*,*,#2305,.F.);
#3242=ORIENTED_EDGE('',*,*,#2302,.T.);
#3243=ORIENTED_EDGE('',*,*,#2271,.F.);
#3244=ORIENTED_EDGE('',*,*,#2306,.F.);
#3245=ORIENTED_EDGE('',*,*,#2307,.F.);
#3246=ORIENTED_EDGE('',*,*,#2304,.F.);
#3247=ORIENTED_EDGE('',*,*,#2275,.F.);
#3248=ORIENTED_EDGE('',*,*,#2308,.T.);
#3249=ORIENTED_EDGE('',*,*,#2309,.F.);
#3250=ORIENTED_EDGE('',*,*,#2306,.T.);
#3251=ORIENTED_EDGE('',*,*,#2277,.F.);
#3252=ORIENTED_EDGE('',*,*,#2310,.T.);
#3253=ORIENTED_EDGE('',*,*,#2311,.F.);
#3254=ORIENTED_EDGE('',*,*,#2308,.F.);
#3255=ORIENTED_EDGE('',*,*,#2280,.F.);
#3256=ORIENTED_EDGE('',*,*,#2312,.F.);
#3257=ORIENTED_EDGE('',*,*,#2313,.F.);
#3258=ORIENTED_EDGE('',*,*,#2310,.F.);
#3259=ORIENTED_EDGE('',*,*,#2283,.F.);
#3260=ORIENTED_EDGE('',*,*,#2314,.F.);
#3261=ORIENTED_EDGE('',*,*,#2315,.F.);
#3262=ORIENTED_EDGE('',*,*,#2312,.T.);
#3263=ORIENTED_EDGE('',*,*,#2286,.F.);
#3264=ORIENTED_EDGE('',*,*,#2316,.T.);
#3265=ORIENTED_EDGE('',*,*,#2317,.F.);
#3266=ORIENTED_EDGE('',*,*,#2314,.T.);
#3267=ORIENTED_EDGE('',*,*,#2289,.F.);
#3268=ORIENTED_EDGE('',*,*,#2318,.F.);
#3269=ORIENTED_EDGE('',*,*,#2319,.F.);
#3270=ORIENTED_EDGE('',*,*,#2316,.F.);
#3271=ORIENTED_EDGE('',*,*,#2292,.F.);
#3272=ORIENTED_EDGE('',*,*,#2320,.T.);
#3273=ORIENTED_EDGE('',*,*,#2321,.F.);
#3274=ORIENTED_EDGE('',*,*,#2318,.T.);
#3275=ORIENTED_EDGE('',*,*,#2203,.F.);
#3276=ORIENTED_EDGE('',*,*,#2322,.T.);
#3277=ORIENTED_EDGE('',*,*,#2323,.F.);
#3278=ORIENTED_EDGE('',*,*,#2320,.F.);
#3279=ORIENTED_EDGE('',*,*,#2324,.T.);
#3280=ORIENTED_EDGE('',*,*,#2325,.T.);
#3281=ORIENTED_EDGE('',*,*,#2326,.T.);
#3282=ORIENTED_EDGE('',*,*,#2321,.T.);
#3283=ORIENTED_EDGE('',*,*,#2324,.F.);
#3284=ORIENTED_EDGE('',*,*,#2323,.T.);
#3285=ORIENTED_EDGE('',*,*,#2327,.T.);
#3286=ORIENTED_EDGE('',*,*,#2328,.T.);
#3287=ORIENTED_EDGE('',*,*,#2329,.T.);
#3288=ORIENTED_EDGE('',*,*,#2330,.T.);
#3289=ORIENTED_EDGE('',*,*,#2327,.F.);
#3290=ORIENTED_EDGE('',*,*,#2331,.T.);
#3291=ORIENTED_EDGE('',*,*,#2329,.F.);
#3292=ORIENTED_EDGE('',*,*,#2332,.T.);
#3293=ORIENTED_EDGE('',*,*,#2333,.T.);
#3294=ORIENTED_EDGE('',*,*,#2334,.T.);
#3295=ORIENTED_EDGE('',*,*,#2333,.F.);
#3296=ORIENTED_EDGE('',*,*,#2335,.T.);
#3297=ORIENTED_EDGE('',*,*,#2336,.T.);
#3298=ORIENTED_EDGE('',*,*,#2337,.T.);
#3299=ORIENTED_EDGE('',*,*,#2338,.T.);
#3300=ORIENTED_EDGE('',*,*,#2339,.T.);
#3301=ORIENTED_EDGE('',*,*,#2336,.F.);
#3302=ORIENTED_EDGE('',*,*,#2340,.T.);
#3303=ORIENTED_EDGE('',*,*,#2341,.T.);
#3304=ORIENTED_EDGE('',*,*,#2342,.T.);
#3305=ORIENTED_EDGE('',*,*,#2338,.F.);
#3306=ORIENTED_EDGE('',*,*,#2343,.T.);
#3307=ORIENTED_EDGE('',*,*,#2341,.F.);
#3308=ORIENTED_EDGE('',*,*,#2344,.T.);
#3309=ORIENTED_EDGE('',*,*,#2345,.T.);
#3310=ORIENTED_EDGE('',*,*,#2346,.T.);
#3311=ORIENTED_EDGE('',*,*,#2347,.T.);
#3312=ORIENTED_EDGE('',*,*,#2348,.T.);
#3313=ORIENTED_EDGE('',*,*,#2349,.T.);
#3314=ORIENTED_EDGE('',*,*,#2345,.F.);
#3315=ORIENTED_EDGE('',*,*,#2350,.T.);
#3316=ORIENTED_EDGE('',*,*,#2347,.F.);
#3317=ORIENTED_EDGE('',*,*,#2351,.T.);
#3318=ORIENTED_EDGE('',*,*,#2352,.T.);
#3319=ORIENTED_EDGE('',*,*,#2353,.T.);
#3320=ORIENTED_EDGE('',*,*,#2352,.F.);
#3321=ORIENTED_EDGE('',*,*,#2354,.T.);
#3322=ORIENTED_EDGE('',*,*,#2355,.T.);
#3323=ORIENTED_EDGE('',*,*,#2356,.T.);
#3324=ORIENTED_EDGE('',*,*,#2357,.T.);
#3325=ORIENTED_EDGE('',*,*,#2358,.T.);
#3326=ORIENTED_EDGE('',*,*,#2355,.F.);
#3327=ORIENTED_EDGE('',*,*,#2359,.T.);
#3328=ORIENTED_EDGE('',*,*,#2360,.T.);
#3329=ORIENTED_EDGE('',*,*,#2361,.T.);
#3330=ORIENTED_EDGE('',*,*,#2357,.F.);
#3331=ORIENTED_EDGE('',*,*,#2362,.T.);
#3332=ORIENTED_EDGE('',*,*,#2360,.F.);
#3333=ORIENTED_EDGE('',*,*,#2363,.T.);
#3334=ORIENTED_EDGE('',*,*,#2364,.T.);
#3335=ORIENTED_EDGE('',*,*,#2365,.T.);
#3336=ORIENTED_EDGE('',*,*,#2366,.T.);
#3337=ORIENTED_EDGE('',*,*,#2367,.T.);
#3338=ORIENTED_EDGE('',*,*,#2364,.F.);
#3339=ORIENTED_EDGE('',*,*,#2368,.T.);
#3340=ORIENTED_EDGE('',*,*,#2366,.F.);
#3341=ORIENTED_EDGE('',*,*,#2369,.T.);
#3342=ORIENTED_EDGE('',*,*,#2370,.T.);
#3343=ORIENTED_EDGE('',*,*,#2371,.T.);
#3344=ORIENTED_EDGE('',*,*,#2370,.F.);
#3345=ORIENTED_EDGE('',*,*,#2372,.T.);
#3346=ORIENTED_EDGE('',*,*,#2373,.T.);
#3347=ORIENTED_EDGE('',*,*,#2374,.T.);
#3348=ORIENTED_EDGE('',*,*,#2375,.T.);
#3349=ORIENTED_EDGE('',*,*,#2376,.T.);
#3350=ORIENTED_EDGE('',*,*,#2373,.F.);
#3351=ORIENTED_EDGE('',*,*,#2294,.T.);
#3352=ORIENTED_EDGE('',*,*,#2377,.T.);
#3353=ORIENTED_EDGE('',*,*,#2378,.T.);
#3354=ORIENTED_EDGE('',*,*,#2375,.F.);
#3355=ORIENTED_EDGE('',*,*,#2297,.T.);
#3356=ORIENTED_EDGE('',*,*,#2377,.F.);
#3357=ORIENTED_EDGE('',*,*,#2299,.T.);
#3358=ORIENTED_EDGE('',*,*,#2379,.T.);
#3359=ORIENTED_EDGE('',*,*,#2380,.T.);
#3360=ORIENTED_EDGE('',*,*,#2381,.T.);
#3361=ORIENTED_EDGE('',*,*,#2382,.T.);
#3362=ORIENTED_EDGE('',*,*,#2379,.F.);
#3363=ORIENTED_EDGE('',*,*,#2301,.T.);
#3364=ORIENTED_EDGE('',*,*,#2381,.F.);
#3365=ORIENTED_EDGE('',*,*,#2303,.T.);
#3366=ORIENTED_EDGE('',*,*,#2383,.T.);
#3367=ORIENTED_EDGE('',*,*,#2384,.T.);
#3368=ORIENTED_EDGE('',*,*,#2383,.F.);
#3369=ORIENTED_EDGE('',*,*,#2305,.T.);
#3370=ORIENTED_EDGE('',*,*,#2385,.T.);
#3371=ORIENTED_EDGE('',*,*,#2386,.T.);
#3372=ORIENTED_EDGE('',*,*,#2387,.T.);
#3373=ORIENTED_EDGE('',*,*,#2388,.T.);
#3374=ORIENTED_EDGE('',*,*,#2385,.F.);
#3375=ORIENTED_EDGE('',*,*,#2307,.T.);
#3376=ORIENTED_EDGE('',*,*,#2389,.T.);
#3377=ORIENTED_EDGE('',*,*,#2390,.T.);
#3378=ORIENTED_EDGE('',*,*,#2387,.F.);
#3379=ORIENTED_EDGE('',*,*,#2309,.T.);
#3380=ORIENTED_EDGE('',*,*,#2389,.F.);
#3381=ORIENTED_EDGE('',*,*,#2311,.T.);
#3382=ORIENTED_EDGE('',*,*,#2391,.T.);
#3383=ORIENTED_EDGE('',*,*,#2392,.T.);
#3384=ORIENTED_EDGE('',*,*,#2393,.T.);
#3385=ORIENTED_EDGE('',*,*,#2394,.T.);
#3386=ORIENTED_EDGE('',*,*,#2391,.F.);
#3387=ORIENTED_EDGE('',*,*,#2313,.T.);
#3388=ORIENTED_EDGE('',*,*,#2393,.F.);
#3389=ORIENTED_EDGE('',*,*,#2315,.T.);
#3390=ORIENTED_EDGE('',*,*,#2395,.T.);
#3391=ORIENTED_EDGE('',*,*,#2396,.T.);
#3392=ORIENTED_EDGE('',*,*,#2395,.F.);
#3393=ORIENTED_EDGE('',*,*,#2317,.T.);
#3394=ORIENTED_EDGE('',*,*,#2397,.T.);
#3395=ORIENTED_EDGE('',*,*,#2398,.T.);
#3396=ORIENTED_EDGE('',*,*,#2326,.F.);
#3397=ORIENTED_EDGE('',*,*,#2399,.T.);
#3398=ORIENTED_EDGE('',*,*,#2397,.F.);
#3399=ORIENTED_EDGE('',*,*,#2319,.T.);
#3400=ORIENTED_EDGE('',*,*,#2244,.F.);
#3401=ORIENTED_EDGE('',*,*,#2400,.F.);
#3402=ORIENTED_EDGE('',*,*,#2368,.F.);
#3403=ORIENTED_EDGE('',*,*,#2401,.F.);
#3404=ORIENTED_EDGE('',*,*,#2241,.F.);
#3405=ORIENTED_EDGE('',*,*,#2401,.T.);
#3406=ORIENTED_EDGE('',*,*,#2363,.F.);
#3407=ORIENTED_EDGE('',*,*,#2402,.F.);
#3408=ORIENTED_EDGE('',*,*,#2239,.F.);
#3409=ORIENTED_EDGE('',*,*,#2402,.T.);
#3410=ORIENTED_EDGE('',*,*,#2362,.F.);
#3411=ORIENTED_EDGE('',*,*,#2403,.T.);
#3412=ORIENTED_EDGE('',*,*,#2235,.F.);
#3413=ORIENTED_EDGE('',*,*,#2403,.F.);
#3414=ORIENTED_EDGE('',*,*,#2359,.F.);
#3415=ORIENTED_EDGE('',*,*,#2404,.F.);
#3416=ORIENTED_EDGE('',*,*,#2232,.F.);
#3417=ORIENTED_EDGE('',*,*,#2404,.T.);
#3418=ORIENTED_EDGE('',*,*,#2354,.F.);
#3419=ORIENTED_EDGE('',*,*,#2405,.T.);
#3420=ORIENTED_EDGE('',*,*,#2229,.F.);
#3421=ORIENTED_EDGE('',*,*,#2405,.F.);
#3422=ORIENTED_EDGE('',*,*,#2351,.F.);
#3423=ORIENTED_EDGE('',*,*,#2406,.T.);
#3424=ORIENTED_EDGE('',*,*,#2225,.F.);
#3425=ORIENTED_EDGE('',*,*,#2406,.F.);
#3426=ORIENTED_EDGE('',*,*,#2350,.F.);
#3427=ORIENTED_EDGE('',*,*,#2407,.F.);
#3428=ORIENTED_EDGE('',*,*,#2222,.F.);
#3429=ORIENTED_EDGE('',*,*,#2407,.T.);
#3430=ORIENTED_EDGE('',*,*,#2344,.F.);
#3431=ORIENTED_EDGE('',*,*,#2408,.F.);
#3432=ORIENTED_EDGE('',*,*,#2220,.F.);
#3433=ORIENTED_EDGE('',*,*,#2408,.T.);
#3434=ORIENTED_EDGE('',*,*,#2343,.F.);
#3435=ORIENTED_EDGE('',*,*,#2409,.T.);
#3436=ORIENTED_EDGE('',*,*,#2216,.F.);
#3437=ORIENTED_EDGE('',*,*,#2409,.F.);
#3438=ORIENTED_EDGE('',*,*,#2340,.F.);
#3439=ORIENTED_EDGE('',*,*,#2410,.F.);
#3440=ORIENTED_EDGE('',*,*,#2213,.F.);
#3441=ORIENTED_EDGE('',*,*,#2410,.T.);
#3442=ORIENTED_EDGE('',*,*,#2335,.F.);
#3443=ORIENTED_EDGE('',*,*,#2411,.T.);
#3444=ORIENTED_EDGE('',*,*,#2210,.F.);
#3445=ORIENTED_EDGE('',*,*,#2411,.F.);
#3446=ORIENTED_EDGE('',*,*,#2332,.F.);
#3447=ORIENTED_EDGE('',*,*,#2412,.T.);
#3448=ORIENTED_EDGE('',*,*,#2207,.F.);
#3449=ORIENTED_EDGE('',*,*,#2412,.F.);
#3450=ORIENTED_EDGE('',*,*,#2331,.F.);
#3451=ORIENTED_EDGE('',*,*,#2322,.F.);
#3452=ORIENTED_EDGE('',*,*,#2250,.F.);
#3453=ORIENTED_EDGE('',*,*,#2295,.T.);
#3454=ORIENTED_EDGE('',*,*,#2372,.F.);
#3455=ORIENTED_EDGE('',*,*,#2413,.T.);
#3456=ORIENTED_EDGE('',*,*,#2414,.T.);
#3457=ORIENTED_EDGE('',*,*,#2415,.T.);
#3458=ORIENTED_EDGE('',*,*,#2226,.F.);
#3459=ORIENTED_EDGE('',*,*,#2223,.F.);
#3460=ORIENTED_EDGE('',*,*,#2218,.F.);
#3461=ORIENTED_EDGE('',*,*,#2217,.F.);
#3462=ORIENTED_EDGE('',*,*,#2214,.F.);
#3463=ORIENTED_EDGE('',*,*,#2211,.F.);
#3464=ORIENTED_EDGE('',*,*,#2208,.F.);
#3465=ORIENTED_EDGE('',*,*,#2205,.F.);
#3466=ORIENTED_EDGE('',*,*,#2291,.F.);
#3467=ORIENTED_EDGE('',*,*,#2290,.F.);
#3468=ORIENTED_EDGE('',*,*,#2287,.F.);
#3469=ORIENTED_EDGE('',*,*,#2284,.F.);
#3470=ORIENTED_EDGE('',*,*,#2281,.F.);
#3471=ORIENTED_EDGE('',*,*,#2278,.F.);
#3472=ORIENTED_EDGE('',*,*,#2273,.F.);
#3473=ORIENTED_EDGE('',*,*,#2272,.F.);
#3474=ORIENTED_EDGE('',*,*,#2269,.F.);
#3475=ORIENTED_EDGE('',*,*,#2266,.F.);
#3476=ORIENTED_EDGE('',*,*,#2263,.F.);
#3477=ORIENTED_EDGE('',*,*,#2260,.F.);
#3478=ORIENTED_EDGE('',*,*,#2255,.F.);
#3479=ORIENTED_EDGE('',*,*,#2254,.F.);
#3480=ORIENTED_EDGE('',*,*,#2251,.F.);
#3481=ORIENTED_EDGE('',*,*,#2248,.F.);
#3482=ORIENTED_EDGE('',*,*,#2245,.F.);
#3483=ORIENTED_EDGE('',*,*,#2242,.F.);
#3484=ORIENTED_EDGE('',*,*,#2237,.F.);
#3485=ORIENTED_EDGE('',*,*,#2236,.F.);
#3486=ORIENTED_EDGE('',*,*,#2233,.F.);
#3487=ORIENTED_EDGE('',*,*,#2230,.F.);
#3488=ORIENTED_EDGE('',*,*,#2227,.F.);
#3489=ORIENTED_EDGE('',*,*,#2415,.F.);
#3490=ORIENTED_EDGE('',*,*,#2325,.F.);
#3491=ORIENTED_EDGE('',*,*,#2328,.F.);
#3492=ORIENTED_EDGE('',*,*,#2330,.F.);
#3493=ORIENTED_EDGE('',*,*,#2334,.F.);
#3494=ORIENTED_EDGE('',*,*,#2337,.F.);
#3495=ORIENTED_EDGE('',*,*,#2339,.F.);
#3496=ORIENTED_EDGE('',*,*,#2342,.F.);
#3497=ORIENTED_EDGE('',*,*,#2346,.F.);
#3498=ORIENTED_EDGE('',*,*,#2349,.F.);
#3499=ORIENTED_EDGE('',*,*,#2416,.T.);
#3500=ORIENTED_EDGE('',*,*,#2417,.F.);
#3501=ORIENTED_EDGE('',*,*,#2416,.F.);
#3502=ORIENTED_EDGE('',*,*,#2348,.F.);
#3503=ORIENTED_EDGE('',*,*,#2353,.F.);
#3504=ORIENTED_EDGE('',*,*,#2356,.F.);
#3505=ORIENTED_EDGE('',*,*,#2358,.F.);
#3506=ORIENTED_EDGE('',*,*,#2361,.F.);
#3507=ORIENTED_EDGE('',*,*,#2365,.F.);
#3508=ORIENTED_EDGE('',*,*,#2367,.F.);
#3509=ORIENTED_EDGE('',*,*,#2371,.F.);
#3510=ORIENTED_EDGE('',*,*,#2374,.F.);
#3511=ORIENTED_EDGE('',*,*,#2376,.F.);
#3512=ORIENTED_EDGE('',*,*,#2378,.F.);
#3513=ORIENTED_EDGE('',*,*,#2380,.F.);
#3514=ORIENTED_EDGE('',*,*,#2382,.F.);
#3515=ORIENTED_EDGE('',*,*,#2384,.F.);
#3516=ORIENTED_EDGE('',*,*,#2386,.F.);
#3517=ORIENTED_EDGE('',*,*,#2388,.F.);
#3518=ORIENTED_EDGE('',*,*,#2390,.F.);
#3519=ORIENTED_EDGE('',*,*,#2392,.F.);
#3520=ORIENTED_EDGE('',*,*,#2394,.F.);
#3521=ORIENTED_EDGE('',*,*,#2396,.F.);
#3522=ORIENTED_EDGE('',*,*,#2398,.F.);
#3523=ORIENTED_EDGE('',*,*,#2399,.F.);
#3524=ORIENTED_EDGE('',*,*,#2247,.F.);
#3525=ORIENTED_EDGE('',*,*,#2413,.F.);
#3526=ORIENTED_EDGE('',*,*,#2369,.F.);
#3527=ORIENTED_EDGE('',*,*,#2400,.T.);
#3528=ORIENTED_EDGE('',*,*,#2418,.T.);
#3529=ORIENTED_EDGE('',*,*,#2419,.T.);
#3530=ORIENTED_EDGE('',*,*,#2420,.T.);
#3531=ORIENTED_EDGE('',*,*,#2419,.F.);
#3532=ORIENTED_EDGE('',*,*,#2420,.F.);
#3533=ORIENTED_EDGE('',*,*,#2421,.T.);
#3534=ORIENTED_EDGE('',*,*,#2422,.F.);
#3535=ORIENTED_EDGE('',*,*,#2421,.F.);
#3536=ORIENTED_EDGE('',*,*,#2418,.F.);
#3537=ORIENTED_EDGE('',*,*,#2423,.T.);
#3538=ORIENTED_EDGE('',*,*,#2424,.T.);
#3539=ORIENTED_EDGE('',*,*,#2425,.T.);
#3540=ORIENTED_EDGE('',*,*,#2424,.F.);
#3541=ORIENTED_EDGE('',*,*,#2425,.F.);
#3542=ORIENTED_EDGE('',*,*,#2426,.T.);
#3543=ORIENTED_EDGE('',*,*,#2427,.F.);
#3544=ORIENTED_EDGE('',*,*,#2426,.F.);
#3545=ORIENTED_EDGE('',*,*,#2423,.F.);
#3546=ORIENTED_EDGE('',*,*,#2428,.T.);
#3547=ORIENTED_EDGE('',*,*,#2429,.T.);
#3548=ORIENTED_EDGE('',*,*,#2430,.T.);
#3549=ORIENTED_EDGE('',*,*,#2429,.F.);
#3550=ORIENTED_EDGE('',*,*,#2430,.F.);
#3551=ORIENTED_EDGE('',*,*,#2431,.T.);
#3552=ORIENTED_EDGE('',*,*,#2432,.F.);
#3553=ORIENTED_EDGE('',*,*,#2431,.F.);
#3554=ORIENTED_EDGE('',*,*,#2428,.F.);
#3555=ORIENTED_EDGE('',*,*,#2433,.T.);
#3556=ORIENTED_EDGE('',*,*,#2434,.T.);
#3557=ORIENTED_EDGE('',*,*,#2435,.T.);
#3558=ORIENTED_EDGE('',*,*,#2434,.F.);
#3559=ORIENTED_EDGE('',*,*,#2435,.F.);
#3560=ORIENTED_EDGE('',*,*,#2436,.T.);
#3561=ORIENTED_EDGE('',*,*,#2437,.F.);
#3562=ORIENTED_EDGE('',*,*,#2436,.F.);
#3563=ORIENTED_EDGE('',*,*,#2433,.F.);
#3564=ORIENTED_EDGE('',*,*,#2438,.T.);
#3565=ORIENTED_EDGE('',*,*,#2439,.T.);
#3566=ORIENTED_EDGE('',*,*,#2440,.T.);
#3567=ORIENTED_EDGE('',*,*,#2439,.F.);
#3568=ORIENTED_EDGE('',*,*,#2440,.F.);
#3569=ORIENTED_EDGE('',*,*,#2441,.T.);
#3570=ORIENTED_EDGE('',*,*,#2442,.F.);
#3571=ORIENTED_EDGE('',*,*,#2441,.F.);
#3572=ORIENTED_EDGE('',*,*,#2438,.F.);
#3573=ORIENTED_EDGE('',*,*,#2443,.F.);
#3574=ORIENTED_EDGE('',*,*,#2444,.T.);
#3575=ORIENTED_EDGE('',*,*,#2445,.F.);
#3576=ORIENTED_EDGE('',*,*,#2444,.F.);
#3577=ORIENTED_EDGE('',*,*,#2417,.T.);
#3578=ORIENTED_EDGE('',*,*,#2437,.T.);
#3579=ORIENTED_EDGE('',*,*,#2442,.T.);
#3580=ORIENTED_EDGE('',*,*,#2432,.T.);
#3581=ORIENTED_EDGE('',*,*,#2422,.T.);
#3582=ORIENTED_EDGE('',*,*,#2427,.T.);
#3583=ORIENTED_EDGE('',*,*,#2443,.T.);
#3584=ORIENTED_EDGE('',*,*,#2414,.F.);
#3585=ORIENTED_EDGE('',*,*,#2445,.T.);
#3586=CYLINDRICAL_SURFACE('',#3900,1.);
#3587=CYLINDRICAL_SURFACE('',#3903,3.75);
#3588=CYLINDRICAL_SURFACE('',#3906,1.);
#3589=CYLINDRICAL_SURFACE('',#3913,1.);
#3590=CYLINDRICAL_SURFACE('',#3916,3.75);
#3591=CYLINDRICAL_SURFACE('',#3919,1.);
#3592=CYLINDRICAL_SURFACE('',#3926,1.);
#3593=CYLINDRICAL_SURFACE('',#3929,3.75);
#3594=CYLINDRICAL_SURFACE('',#3932,1.);
#3595=CYLINDRICAL_SURFACE('',#3939,1.25);
#3596=CYLINDRICAL_SURFACE('',#3943,1.25);
#3597=CYLINDRICAL_SURFACE('',#3947,1.25);
#3598=CYLINDRICAL_SURFACE('',#3951,1.25);
#3599=CYLINDRICAL_SURFACE('',#3955,1.25);
#3600=CYLINDRICAL_SURFACE('',#3969,4.);
#3601=CYLINDRICAL_SURFACE('',#3971,1.5);
#3602=CYLINDRICAL_SURFACE('',#3973,1.5);
#3603=CYLINDRICAL_SURFACE('',#3975,1.5);
#3604=CYLINDRICAL_SURFACE('',#3981,2.);
#3605=CYLINDRICAL_SURFACE('',#3986,2.);
#3606=CYLINDRICAL_SURFACE('',#3994,0.95);
#3607=CYLINDRICAL_SURFACE('',#3999,0.95);
#3608=CYLINDRICAL_SURFACE('',#4012,3.375);
#3609=CYLINDRICAL_SURFACE('',#4017,3.375);
#3610=CYLINDRICAL_SURFACE('',#4022,0.95);
#3611=CYLINDRICAL_SURFACE('',#4027,0.95);
#3612=CYLINDRICAL_SURFACE('',#4040,3.375);
#3613=CYLINDRICAL_SURFACE('',#4045,3.375);
#3614=CYLINDRICAL_SURFACE('',#4052,0.95);
#3615=CYLINDRICAL_SURFACE('',#4059,0.95);
#3616=CYLINDRICAL_SURFACE('',#4072,3.375);
#3617=CYLINDRICAL_SURFACE('',#4077,3.375);
#3618=CYLINDRICAL_SURFACE('',#4082,0.95);
#3619=CYLINDRICAL_SURFACE('',#4089,0.95);
#3620=CYLINDRICAL_SURFACE('',#4105,3.375);
#3621=CYLINDRICAL_SURFACE('',#4110,3.375);
#3622=CYLINDRICAL_SURFACE('',#4115,0.95);
#3623=CYLINDRICAL_SURFACE('',#4122,0.95);
#3624=CYLINDRICAL_SURFACE('',#4135,3.375);
#3625=CYLINDRICAL_SURFACE('',#4140,3.375);
#3626=CYLINDRICAL_SURFACE('',#4204,1.);
#3627=CYLINDRICAL_SURFACE('',#4205,2.);
#3628=CYLINDRICAL_SURFACE('',#4208,2.);
#3629=CYLINDRICAL_SURFACE('',#4209,1.);
#3630=CYLINDRICAL_SURFACE('',#4212,1.);
#3631=CYLINDRICAL_SURFACE('',#4213,2.);
#3632=CYLINDRICAL_SURFACE('',#4216,2.);
#3633=CYLINDRICAL_SURFACE('',#4217,1.);
#3634=CYLINDRICAL_SURFACE('',#4220,1.);
#3635=CYLINDRICAL_SURFACE('',#4221,2.);
#3636=CYLINDRICAL_SURFACE('',#4279,2.);
#3637=CYLINDRICAL_SURFACE('',#4280,1.);
#3638=CYLINDRICAL_SURFACE('',#4282,1.);
#3639=CYLINDRICAL_SURFACE('',#4283,2.);
#3640=CYLINDRICAL_SURFACE('',#4285,2.);
#3641=CYLINDRICAL_SURFACE('',#4286,1.);
#3642=CYLINDRICAL_SURFACE('',#4288,1.);
#3643=CYLINDRICAL_SURFACE('',#4289,2.);
#3644=CYLINDRICAL_SURFACE('',#4291,1.);
#3645=CYLINDRICAL_SURFACE('',#4298,2.);
#3646=CYLINDRICAL_SURFACE('',#4302,1.15);
#3647=CYLINDRICAL_SURFACE('',#4308,1.15);
#3648=CYLINDRICAL_SURFACE('',#4314,1.15);
#3649=CYLINDRICAL_SURFACE('',#4320,1.15);
#3650=CYLINDRICAL_SURFACE('',#4326,1.15);
#3651=CYLINDRICAL_SURFACE('',#4329,4.5);
#3652=ADVANCED_FACE('',(#218),#3586,.F.);
#3653=ADVANCED_FACE('',(#219),#3587,.T.);
#3654=ADVANCED_FACE('',(#220),#3588,.F.);
#3655=ADVANCED_FACE('',(#221),#149,.T.);
#3656=ADVANCED_FACE('',(#222),#3589,.F.);
#3657=ADVANCED_FACE('',(#223),#3590,.T.);
#3658=ADVANCED_FACE('',(#224),#3591,.F.);
#3659=ADVANCED_FACE('',(#225),#150,.T.);
#3660=ADVANCED_FACE('',(#226),#3592,.F.);
#3661=ADVANCED_FACE('',(#227),#3593,.T.);
#3662=ADVANCED_FACE('',(#228),#3594,.F.);
#3663=ADVANCED_FACE('',(#229),#151,.T.);
#3664=ADVANCED_FACE('',(#230),#3595,.F.);
#3665=ADVANCED_FACE('',(#231),#152,.T.);
#3666=ADVANCED_FACE('',(#232),#3596,.F.);
#3667=ADVANCED_FACE('',(#233),#153,.T.);
#3668=ADVANCED_FACE('',(#234),#3597,.F.);
#3669=ADVANCED_FACE('',(#235),#154,.T.);
#3670=ADVANCED_FACE('',(#236),#3598,.F.);
#3671=ADVANCED_FACE('',(#237),#155,.T.);
#3672=ADVANCED_FACE('',(#238),#3599,.F.);
#3673=ADVANCED_FACE('',(#239),#156,.T.);
#3674=ADVANCED_FACE('',(#240),#113,.F.);
#3675=ADVANCED_FACE('',(#241,#79,#80,#81,#82,#83,#84,#85,#86,#87),#157,
 .T.);
#3676=ADVANCED_FACE('',(#242),#3600,.F.);
#3677=ADVANCED_FACE('',(#243),#3601,.F.);
#3678=ADVANCED_FACE('',(#244),#3602,.F.);
#3679=ADVANCED_FACE('',(#245),#3603,.F.);
#3680=ADVANCED_FACE('',(#246),#158,.T.);
#3681=ADVANCED_FACE('',(#247),#3604,.F.);
#3682=ADVANCED_FACE('',(#248,#88),#159,.T.);
#3683=ADVANCED_FACE('',(#249),#3605,.F.);
#3684=ADVANCED_FACE('',(#250,#89),#160,.T.);
#3685=ADVANCED_FACE('',(#251),#161,.T.);
#3686=ADVANCED_FACE('',(#252),#114,.F.);
#3687=ADVANCED_FACE('',(#253),#3606,.F.);
#3688=ADVANCED_FACE('',(#254),#115,.F.);
#3689=ADVANCED_FACE('',(#255),#3607,.F.);
#3690=ADVANCED_FACE('',(#256,#90),#162,.T.);
#3691=ADVANCED_FACE('',(#257),#116,.F.);
#3692=ADVANCED_FACE('',(#258),#117,.F.);
#3693=ADVANCED_FACE('',(#259,#91),#163,.T.);
#3694=ADVANCED_FACE('',(#260),#164,.T.);
#3695=ADVANCED_FACE('',(#261),#118,.T.);
#3696=ADVANCED_FACE('',(#262),#165,.T.);
#3697=ADVANCED_FACE('',(#263),#3608,.T.);
#3698=ADVANCED_FACE('',(#264),#119,.T.);
#3699=ADVANCED_FACE('',(#265),#166,.T.);
#3700=ADVANCED_FACE('',(#266),#167,.T.);
#3701=ADVANCED_FACE('',(#267),#3609,.T.);
#3702=ADVANCED_FACE('',(#268),#168,.T.);
#3703=ADVANCED_FACE('',(#269,#92,#93,#94,#95),#169,.F.);
#3704=ADVANCED_FACE('',(#270),#120,.F.);
#3705=ADVANCED_FACE('',(#271),#3610,.F.);
#3706=ADVANCED_FACE('',(#272),#121,.F.);
#3707=ADVANCED_FACE('',(#273),#3611,.F.);
#3708=ADVANCED_FACE('',(#274,#96),#170,.T.);
#3709=ADVANCED_FACE('',(#275),#122,.F.);
#3710=ADVANCED_FACE('',(#276),#123,.F.);
#3711=ADVANCED_FACE('',(#277,#97),#171,.T.);
#3712=ADVANCED_FACE('',(#278),#172,.T.);
#3713=ADVANCED_FACE('',(#279),#124,.T.);
#3714=ADVANCED_FACE('',(#280),#173,.T.);
#3715=ADVANCED_FACE('',(#281),#3612,.T.);
#3716=ADVANCED_FACE('',(#282),#125,.T.);
#3717=ADVANCED_FACE('',(#283),#174,.T.);
#3718=ADVANCED_FACE('',(#284),#175,.T.);
#3719=ADVANCED_FACE('',(#285),#3613,.T.);
#3720=ADVANCED_FACE('',(#286),#176,.T.);
#3721=ADVANCED_FACE('',(#287),#177,.T.);
#3722=ADVANCED_FACE('',(#288),#126,.F.);
#3723=ADVANCED_FACE('',(#289),#3614,.F.);
#3724=ADVANCED_FACE('',(#290),#178,.T.);
#3725=ADVANCED_FACE('',(#291),#127,.F.);
#3726=ADVANCED_FACE('',(#292),#3615,.F.);
#3727=ADVANCED_FACE('',(#293,#98),#179,.T.);
#3728=ADVANCED_FACE('',(#294),#128,.F.);
#3729=ADVANCED_FACE('',(#295),#129,.F.);
#3730=ADVANCED_FACE('',(#296,#99),#180,.T.);
#3731=ADVANCED_FACE('',(#297),#181,.T.);
#3732=ADVANCED_FACE('',(#298),#130,.T.);
#3733=ADVANCED_FACE('',(#299),#182,.T.);
#3734=ADVANCED_FACE('',(#300),#3616,.T.);
#3735=ADVANCED_FACE('',(#301),#131,.T.);
#3736=ADVANCED_FACE('',(#302),#183,.T.);
#3737=ADVANCED_FACE('',(#303),#184,.T.);
#3738=ADVANCED_FACE('',(#304),#3617,.T.);
#3739=ADVANCED_FACE('',(#305),#185,.T.);
#3740=ADVANCED_FACE('',(#306),#132,.F.);
#3741=ADVANCED_FACE('',(#307),#3618,.F.);
#3742=ADVANCED_FACE('',(#308,#100),#186,.T.);
#3743=ADVANCED_FACE('',(#309),#133,.F.);
#3744=ADVANCED_FACE('',(#310),#3619,.F.);
#3745=ADVANCED_FACE('',(#311,#101),#187,.T.);
#3746=ADVANCED_FACE('',(#312),#134,.F.);
#3747=ADVANCED_FACE('',(#313,#102),#188,.T.);
#3748=ADVANCED_FACE('',(#314),#135,.F.);
#3749=ADVANCED_FACE('',(#315,#103),#189,.T.);
#3750=ADVANCED_FACE('',(#316),#190,.T.);
#3751=ADVANCED_FACE('',(#317),#136,.T.);
#3752=ADVANCED_FACE('',(#318),#191,.T.);
#3753=ADVANCED_FACE('',(#319),#3620,.T.);
#3754=ADVANCED_FACE('',(#320),#137,.T.);
#3755=ADVANCED_FACE('',(#321),#192,.T.);
#3756=ADVANCED_FACE('',(#322),#193,.T.);
#3757=ADVANCED_FACE('',(#323),#3621,.T.);
#3758=ADVANCED_FACE('',(#324),#138,.F.);
#3759=ADVANCED_FACE('',(#325),#3622,.F.);
#3760=ADVANCED_FACE('',(#326),#194,.T.);
#3761=ADVANCED_FACE('',(#327),#139,.F.);
#3762=ADVANCED_FACE('',(#328),#3623,.F.);
#3763=ADVANCED_FACE('',(#329,#104),#195,.T.);
#3764=ADVANCED_FACE('',(#330),#140,.F.);
#3765=ADVANCED_FACE('',(#331),#141,.F.);
#3766=ADVANCED_FACE('',(#332,#105),#196,.T.);
#3767=ADVANCED_FACE('',(#333),#197,.T.);
#3768=ADVANCED_FACE('',(#334),#142,.T.);
#3769=ADVANCED_FACE('',(#335),#198,.T.);
#3770=ADVANCED_FACE('',(#336),#3624,.T.);
#3771=ADVANCED_FACE('',(#337),#143,.T.);
#3772=ADVANCED_FACE('',(#338),#199,.T.);
#3773=ADVANCED_FACE('',(#339),#200,.T.);
#3774=ADVANCED_FACE('',(#340),#3625,.T.);
#3775=ADVANCED_FACE('',(#341),#35,.F.);
#3776=ADVANCED_FACE('',(#342),#13,.T.);
#3777=ADVANCED_FACE('',(#343),#36,.F.);
#3778=ADVANCED_FACE('',(#344),#37,.F.);
#3779=ADVANCED_FACE('',(#345),#14,.T.);
#3780=ADVANCED_FACE('',(#346),#38,.F.);
#3781=ADVANCED_FACE('',(#347),#39,.F.);
#3782=ADVANCED_FACE('',(#348),#15,.T.);
#3783=ADVANCED_FACE('',(#349),#40,.F.);
#3784=ADVANCED_FACE('',(#350),#41,.F.);
#3785=ADVANCED_FACE('',(#351),#16,.T.);
#3786=ADVANCED_FACE('',(#352),#42,.F.);
#3787=ADVANCED_FACE('',(#353),#43,.F.);
#3788=ADVANCED_FACE('',(#354),#17,.T.);
#3789=ADVANCED_FACE('',(#355),#44,.F.);
#3790=ADVANCED_FACE('',(#356),#45,.F.);
#3791=ADVANCED_FACE('',(#357),#18,.T.);
#3792=ADVANCED_FACE('',(#358),#46,.F.);
#3793=ADVANCED_FACE('',(#359),#47,.F.);
#3794=ADVANCED_FACE('',(#360),#19,.T.);
#3795=ADVANCED_FACE('',(#361),#48,.F.);
#3796=ADVANCED_FACE('',(#362),#49,.F.);
#3797=ADVANCED_FACE('',(#363),#20,.T.);
#3798=ADVANCED_FACE('',(#364),#50,.F.);
#3799=ADVANCED_FACE('',(#365),#51,.F.);
#3800=ADVANCED_FACE('',(#366),#21,.T.);
#3801=ADVANCED_FACE('',(#367),#52,.F.);
#3802=ADVANCED_FACE('',(#368),#53,.F.);
#3803=ADVANCED_FACE('',(#369),#22,.T.);
#3804=ADVANCED_FACE('',(#370),#54,.F.);
#3805=ADVANCED_FACE('',(#371),#201,.F.);
#3806=ADVANCED_FACE('',(#372),#3626,.F.);
#3807=ADVANCED_FACE('',(#373),#3627,.T.);
#3808=ADVANCED_FACE('',(#374),#202,.F.);
#3809=ADVANCED_FACE('',(#375),#3628,.T.);
#3810=ADVANCED_FACE('',(#376),#3629,.F.);
#3811=ADVANCED_FACE('',(#377),#203,.F.);
#3812=ADVANCED_FACE('',(#378),#3630,.F.);
#3813=ADVANCED_FACE('',(#379),#3631,.T.);
#3814=ADVANCED_FACE('',(#380),#204,.F.);
#3815=ADVANCED_FACE('',(#381),#3632,.T.);
#3816=ADVANCED_FACE('',(#382),#3633,.F.);
#3817=ADVANCED_FACE('',(#383),#205,.F.);
#3818=ADVANCED_FACE('',(#384),#3634,.F.);
#3819=ADVANCED_FACE('',(#385),#3635,.T.);
#3820=ADVANCED_FACE('',(#386),#55,.F.);
#3821=ADVANCED_FACE('',(#387),#56,.F.);
#3822=ADVANCED_FACE('',(#388),#23,.T.);
#3823=ADVANCED_FACE('',(#389),#57,.F.);
#3824=ADVANCED_FACE('',(#390),#58,.F.);
#3825=ADVANCED_FACE('',(#391),#24,.T.);
#3826=ADVANCED_FACE('',(#392),#59,.F.);
#3827=ADVANCED_FACE('',(#393),#60,.F.);
#3828=ADVANCED_FACE('',(#394),#25,.T.);
#3829=ADVANCED_FACE('',(#395),#61,.F.);
#3830=ADVANCED_FACE('',(#396),#62,.F.);
#3831=ADVANCED_FACE('',(#397),#26,.T.);
#3832=ADVANCED_FACE('',(#398),#63,.F.);
#3833=ADVANCED_FACE('',(#399),#64,.F.);
#3834=ADVANCED_FACE('',(#400),#27,.T.);
#3835=ADVANCED_FACE('',(#401),#65,.F.);
#3836=ADVANCED_FACE('',(#402),#66,.F.);
#3837=ADVANCED_FACE('',(#403),#28,.T.);
#3838=ADVANCED_FACE('',(#404),#67,.F.);
#3839=ADVANCED_FACE('',(#405),#68,.F.);
#3840=ADVANCED_FACE('',(#406),#29,.T.);
#3841=ADVANCED_FACE('',(#407),#69,.F.);
#3842=ADVANCED_FACE('',(#408),#70,.F.);
#3843=ADVANCED_FACE('',(#409),#30,.T.);
#3844=ADVANCED_FACE('',(#410),#71,.F.);
#3845=ADVANCED_FACE('',(#411),#72,.F.);
#3846=ADVANCED_FACE('',(#412),#31,.T.);
#3847=ADVANCED_FACE('',(#413),#73,.F.);
#3848=ADVANCED_FACE('',(#414),#74,.F.);
#3849=ADVANCED_FACE('',(#415),#32,.T.);
#3850=ADVANCED_FACE('',(#416),#206,.F.);
#3851=ADVANCED_FACE('',(#417),#3636,.T.);
#3852=ADVANCED_FACE('',(#418),#3637,.F.);
#3853=ADVANCED_FACE('',(#419),#207,.F.);
#3854=ADVANCED_FACE('',(#420),#3638,.F.);
#3855=ADVANCED_FACE('',(#421),#3639,.T.);
#3856=ADVANCED_FACE('',(#422),#208,.F.);
#3857=ADVANCED_FACE('',(#423),#3640,.T.);
#3858=ADVANCED_FACE('',(#424),#3641,.F.);
#3859=ADVANCED_FACE('',(#425),#209,.F.);
#3860=ADVANCED_FACE('',(#426),#3642,.F.);
#3861=ADVANCED_FACE('',(#427),#3643,.T.);
#3862=ADVANCED_FACE('',(#428),#210,.F.);
#3863=ADVANCED_FACE('',(#429),#3644,.F.);
#3864=ADVANCED_FACE('',(#430),#33,.T.);
#3865=ADVANCED_FACE('',(#431),#34,.F.);
#3866=ADVANCED_FACE('',(#432),#3645,.T.);
#3867=ADVANCED_FACE('',(#433),#144,.T.);
#3868=ADVANCED_FACE('',(#434),#3646,.T.);
#3869=ADVANCED_FACE('',(#435),#211,.F.);
#3870=ADVANCED_FACE('',(#436),#145,.T.);
#3871=ADVANCED_FACE('',(#437),#3647,.T.);
#3872=ADVANCED_FACE('',(#438),#212,.F.);
#3873=ADVANCED_FACE('',(#439),#146,.T.);
#3874=ADVANCED_FACE('',(#440),#3648,.T.);
#3875=ADVANCED_FACE('',(#441),#213,.F.);
#3876=ADVANCED_FACE('',(#442),#147,.T.);
#3877=ADVANCED_FACE('',(#443),#3649,.T.);
#3878=ADVANCED_FACE('',(#444),#214,.F.);
#3879=ADVANCED_FACE('',(#445),#148,.T.);
#3880=ADVANCED_FACE('',(#446),#3650,.T.);
#3881=ADVANCED_FACE('',(#447),#215,.F.);
#3882=ADVANCED_FACE('',(#448),#3651,.F.);
#3883=ADVANCED_FACE('',(#449,#106,#107,#108,#109,#110,#111),#216,.F.);
#3884=ADVANCED_FACE('',(#450,#112),#217,.T.);
#3885=CLOSED_SHELL('',(#3652,#3653,#3654,#3655,#3656,#3657,#3658,#3659,
#3660,#3661,#3662,#3663,#3664,#3665,#3666,#3667,#3668,#3669,#3670,#3671,
#3672,#3673,#3674,#3675,#3676,#3677,#3678,#3679,#3680,#3681,#3682,#3683,
#3684,#3685,#3686,#3687,#3688,#3689,#3690,#3691,#3692,#3693,#3694,#3695,
#3696,#3697,#3698,#3699,#3700,#3701,#3702,#3703,#3704,#3705,#3706,#3707,
#3708,#3709,#3710,#3711,#3712,#3713,#3714,#3715,#3716,#3717,#3718,#3719,
#3720,#3721,#3722,#3723,#3724,#3725,#3726,#3727,#3728,#3729,#3730,#3731,
#3732,#3733,#3734,#3735,#3736,#3737,#3738,#3739,#3740,#3741,#3742,#3743,
#3744,#3745,#3746,#3747,#3748,#3749,#3750,#3751,#3752,#3753,#3754,#3755,
#3756,#3757,#3758,#3759,#3760,#3761,#3762,#3763,#3764,#3765,#3766,#3767,
#3768,#3769,#3770,#3771,#3772,#3773,#3774));
#3886=CLOSED_SHELL('',(#3775,#3776,#3777,#3778,#3779,#3780,#3781,#3782,
#3783,#3784,#3785,#3786,#3787,#3788,#3789,#3790,#3791,#3792,#3793,#3794,
#3795,#3796,#3797,#3798,#3799,#3800,#3801,#3802,#3803,#3804,#3805,#3806,
#3807,#3808,#3809,#3810,#3811,#3812,#3813,#3814,#3815,#3816,#3817,#3818,
#3819,#3820,#3821,#3822,#3823,#3824,#3825,#3826,#3827,#3828,#3829,#3830,
#3831,#3832,#3833,#3834,#3835,#3836,#3837,#3838,#3839,#3840,#3841,#3842,
#3843,#3844,#3845,#3846,#3847,#3848,#3849,#3850,#3851,#3852,#3853,#3854,
#3855,#3856,#3857,#3858,#3859,#3860,#3861,#3862,#3863,#3864,#3865,#3866,
#3867,#3868,#3869,#3870,#3871,#3872,#3873,#3874,#3875,#3876,#3877,#3878,
#3879,#3880,#3881,#3882,#3883,#3884));
#3887=DERIVED_UNIT_ELEMENT(#3889,1.);
#3888=DERIVED_UNIT_ELEMENT(#8338,-3.);
#3889=(
MASS_UNIT()
NAMED_UNIT(*)
SI_UNIT(.KILO.,.GRAM.)
);
#3890=DERIVED_UNIT((#3887,#3888));
#3891=MEASURE_REPRESENTATION_ITEM('density measure',
POSITIVE_RATIO_MEASURE(7850.),#3890);
#3892=PROPERTY_DEFINITION_REPRESENTATION(#3897,#3894);
#3893=PROPERTY_DEFINITION_REPRESENTATION(#3898,#3895);
#3894=REPRESENTATION('material name',(#3896),#8335);
#3895=REPRESENTATION('density',(#3891),#8335);
#3896=DESCRIPTIVE_REPRESENTATION_ITEM('Steel','Steel');
#3897=PROPERTY_DEFINITION('material property','material name',#8345);
#3898=PROPERTY_DEFINITION('material property','density of part',#8345);
#3899=AXIS2_PLACEMENT_3D('',#5447,#4334,#4335);
#3900=AXIS2_PLACEMENT_3D('',#5448,#4336,#4337);
#3901=AXIS2_PLACEMENT_3D('',#5469,#4339,#4340);
#3902=AXIS2_PLACEMENT_3D('',#5473,#4342,#4343);
#3903=AXIS2_PLACEMENT_3D('',#5475,#4345,#4346);
#3904=AXIS2_PLACEMENT_3D('',#5477,#4347,#4348);
#3905=AXIS2_PLACEMENT_3D('',#5480,#4350,#4351);
#3906=AXIS2_PLACEMENT_3D('',#5481,#4352,#4353);
#3907=AXIS2_PLACEMENT_3D('',#5501,#4355,#4356);
#3908=AXIS2_PLACEMENT_3D('',#5503,#4357,#4358);
#3909=AXIS2_PLACEMENT_3D('',#5505,#4360,#4361);
#3910=AXIS2_PLACEMENT_3D('',#5509,#4363,#4364);
#3911=AXIS2_PLACEMENT_3D('',#5512,#4366,#4367);
#3912=AXIS2_PLACEMENT_3D('',#5513,#4368,#4369);
#3913=AXIS2_PLACEMENT_3D('',#5514,#4370,#4371);
#3914=AXIS2_PLACEMENT_3D('',#5535,#4373,#4374);
#3915=AXIS2_PLACEMENT_3D('',#5539,#4376,#4377);
#3916=AXIS2_PLACEMENT_3D('',#5541,#4379,#4380);
#3917=AXIS2_PLACEMENT_3D('',#5543,#4381,#4382);
#3918=AXIS2_PLACEMENT_3D('',#5546,#4384,#4385);
#3919=AXIS2_PLACEMENT_3D('',#5547,#4386,#4387);
#3920=AXIS2_PLACEMENT_3D('',#5567,#4389,#4390);
#3921=AXIS2_PLACEMENT_3D('',#5569,#4391,#4392);
#3922=AXIS2_PLACEMENT_3D('',#5571,#4394,#4395);
#3923=AXIS2_PLACEMENT_3D('',#5575,#4397,#4398);
#3924=AXIS2_PLACEMENT_3D('',#5578,#4400,#4401);
#3925=AXIS2_PLACEMENT_3D('',#5579,#4402,#4403);
#3926=AXIS2_PLACEMENT_3D('',#5580,#4404,#4405);
#3927=AXIS2_PLACEMENT_3D('',#5601,#4407,#4408);
#3928=AXIS2_PLACEMENT_3D('',#5605,#4410,#4411);
#3929=AXIS2_PLACEMENT_3D('',#5607,#4413,#4414);
#3930=AXIS2_PLACEMENT_3D('',#5609,#4415,#4416);
#3931=AXIS2_PLACEMENT_3D('',#5612,#4418,#4419);
#3932=AXIS2_PLACEMENT_3D('',#5613,#4420,#4421);
#3933=AXIS2_PLACEMENT_3D('',#5633,#4423,#4424);
#3934=AXIS2_PLACEMENT_3D('',#5635,#4425,#4426);
#3935=AXIS2_PLACEMENT_3D('',#5637,#4428,#4429);
#3936=AXIS2_PLACEMENT_3D('',#5641,#4431,#4432);
#3937=AXIS2_PLACEMENT_3D('',#5644,#4434,#4435);
#3938=AXIS2_PLACEMENT_3D('',#5645,#4436,#4437);
#3939=AXIS2_PLACEMENT_3D('',#5646,#4438,#4439);
#3940=AXIS2_PLACEMENT_3D('',#5648,#4440,#4441);
#3941=AXIS2_PLACEMENT_3D('',#5651,#4443,#4444);
#3942=AXIS2_PLACEMENT_3D('',#5652,#4445,#4446);
#3943=AXIS2_PLACEMENT_3D('',#5653,#4447,#4448);
#3944=AXIS2_PLACEMENT_3D('',#5655,#4449,#4450);
#3945=AXIS2_PLACEMENT_3D('',#5658,#4452,#4453);
#3946=AXIS2_PLACEMENT_3D('',#5659,#4454,#4455);
#3947=AXIS2_PLACEMENT_3D('',#5660,#4456,#4457);
#3948=AXIS2_PLACEMENT_3D('',#5662,#4458,#4459);
#3949=AXIS2_PLACEMENT_3D('',#5665,#4461,#4462);
#3950=AXIS2_PLACEMENT_3D('',#5666,#4463,#4464);
#3951=AXIS2_PLACEMENT_3D('',#5667,#4465,#4466);
#3952=AXIS2_PLACEMENT_3D('',#5669,#4467,#4468);
#3953=AXIS2_PLACEMENT_3D('',#5672,#4470,#4471);
#3954=AXIS2_PLACEMENT_3D('',#5673,#4472,#4473);
#3955=AXIS2_PLACEMENT_3D('',#5674,#4474,#4475);
#3956=AXIS2_PLACEMENT_3D('',#5676,#4476,#4477);
#3957=AXIS2_PLACEMENT_3D('',#5679,#4479,#4480);
#3958=AXIS2_PLACEMENT_3D('',#5680,#4481,#4482);
#3959=AXIS2_PLACEMENT_3D('',#5681,#4483,#4484);
#3960=AXIS2_PLACEMENT_3D('',#5683,#4485,#4486);
#3961=AXIS2_PLACEMENT_3D('',#5687,#4488,#4489);
#3962=AXIS2_PLACEMENT_3D('',#5688,#4490,#4491);
#3963=AXIS2_PLACEMENT_3D('',#5689,#4492,#4493);
#3964=AXIS2_PLACEMENT_3D('',#5727,#4513,#4514);
#3965=AXIS2_PLACEMENT_3D('',#5743,#4522,#4523);
#3966=AXIS2_PLACEMENT_3D('',#5756,#4530,#4531);
#3967=AXIS2_PLACEMENT_3D('',#5758,#4532,#4533);
#3968=AXIS2_PLACEMENT_3D('',#5760,#4534,#4535);
#3969=AXIS2_PLACEMENT_3D('',#5761,#4536,#4537);
#3970=AXIS2_PLACEMENT_3D('',#5764,#4539,#4540);
#3971=AXIS2_PLACEMENT_3D('',#5765,#4541,#4542);
#3972=AXIS2_PLACEMENT_3D('',#5767,#4543,#4544);
#3973=AXIS2_PLACEMENT_3D('',#5769,#4546,#4547);
#3974=AXIS2_PLACEMENT_3D('',#5771,#4548,#4549);
#3975=AXIS2_PLACEMENT_3D('',#5773,#4551,#4552);
#3976=AXIS2_PLACEMENT_3D('',#5776,#4554,#4555);
#3977=AXIS2_PLACEMENT_3D('',#5777,#4556,#4557);
#3978=AXIS2_PLACEMENT_3D('',#5780,#4559,#4560);
#3979=AXIS2_PLACEMENT_3D('',#5782,#4561,#4562);
#3980=AXIS2_PLACEMENT_3D('',#5783,#4563,#4564);
#3981=AXIS2_PLACEMENT_3D('',#5784,#4565,#4566);
#3982=AXIS2_PLACEMENT_3D('',#5788,#4568,#4569);
#3983=AXIS2_PLACEMENT_3D('',#5790,#4571,#4572);
#3984=AXIS2_PLACEMENT_3D('',#5793,#4574,#4575);
#3985=AXIS2_PLACEMENT_3D('',#5795,#4576,#4577);
#3986=AXIS2_PLACEMENT_3D('',#5796,#4578,#4579);
#3987=AXIS2_PLACEMENT_3D('',#5799,#4580,#4581);
#3988=AXIS2_PLACEMENT_3D('',#5802,#4584,#4585);
#3989=AXIS2_PLACEMENT_3D('',#5804,#4586,#4587);
#3990=AXIS2_PLACEMENT_3D('',#5807,#4589,#4590);
#3991=AXIS2_PLACEMENT_3D('',#5808,#4591,#4592);
#3992=AXIS2_PLACEMENT_3D('',#5822,#4600,#4601);
#3993=AXIS2_PLACEMENT_3D('',#5825,#4603,#4604);
#3994=AXIS2_PLACEMENT_3D('',#5826,#4605,#4606);
#3995=AXIS2_PLACEMENT_3D('',#5829,#4608,#4609);
#3996=AXIS2_PLACEMENT_3D('',#5830,#4610,#4611);
#3997=AXIS2_PLACEMENT_3D('',#5832,#4612,#4613);
#3998=AXIS2_PLACEMENT_3D('',#5835,#4615,#4616);
#3999=AXIS2_PLACEMENT_3D('',#5836,#4617,#4618);
#4000=AXIS2_PLACEMENT_3D('',#5839,#4620,#4621);
#4001=AXIS2_PLACEMENT_3D('',#5840,#4622,#4623);
#4002=AXIS2_PLACEMENT_3D('',#5844,#4625,#4626);
#4003=AXIS2_PLACEMENT_3D('',#5846,#4628,#4629);
#4004=AXIS2_PLACEMENT_3D('',#5848,#4631,#4632);
#4005=AXIS2_PLACEMENT_3D('',#5850,#4633,#4634);
#4006=AXIS2_PLACEMENT_3D('',#5852,#4636,#4637);
#4007=AXIS2_PLACEMENT_3D('',#5857,#4640,#4641);
#4008=AXIS2_PLACEMENT_3D('',#5858,#4642,#4643);
#4009=AXIS2_PLACEMENT_3D('',#5860,#4645,#4646);
#4010=AXIS2_PLACEMENT_3D('',#5863,#4648,#4649);
#4011=AXIS2_PLACEMENT_3D('',#5864,#4650,#4651);
#4012=AXIS2_PLACEMENT_3D('',#5866,#4653,#4654);
#4013=AXIS2_PLACEMENT_3D('',#5868,#4656,#4657);
#4014=AXIS2_PLACEMENT_3D('',#5872,#4660,#4661);
#4015=AXIS2_PLACEMENT_3D('',#5873,#4662,#4663);
#4016=AXIS2_PLACEMENT_3D('',#5875,#4665,#4666);
#4017=AXIS2_PLACEMENT_3D('',#5876,#4667,#4668);
#4018=AXIS2_PLACEMENT_3D('',#5878,#4670,#4671);
#4019=AXIS2_PLACEMENT_3D('',#5892,#4679,#4680);
#4020=AXIS2_PLACEMENT_3D('',#5934,#4704,#4705);
#4021=AXIS2_PLACEMENT_3D('',#5937,#4707,#4708);
#4022=AXIS2_PLACEMENT_3D('',#5938,#4709,#4710);
#4023=AXIS2_PLACEMENT_3D('',#5941,#4712,#4713);
#4024=AXIS2_PLACEMENT_3D('',#5942,#4714,#4715);
#4025=AXIS2_PLACEMENT_3D('',#5944,#4716,#4717);
#4026=AXIS2_PLACEMENT_3D('',#5947,#4719,#4720);
#4027=AXIS2_PLACEMENT_3D('',#5948,#4721,#4722);
#4028=AXIS2_PLACEMENT_3D('',#5951,#4724,#4725);
#4029=AXIS2_PLACEMENT_3D('',#5952,#4726,#4727);
#4030=AXIS2_PLACEMENT_3D('',#5957,#4729,#4730);
#4031=AXIS2_PLACEMENT_3D('',#5961,#4733,#4734);
#4032=AXIS2_PLACEMENT_3D('',#5963,#4736,#4737);
#4033=AXIS2_PLACEMENT_3D('',#5965,#4738,#4739);
#4034=AXIS2_PLACEMENT_3D('',#5967,#4741,#4742);
#4035=AXIS2_PLACEMENT_3D('',#5975,#4746,#4747);
#4036=AXIS2_PLACEMENT_3D('',#5976,#4748,#4749);
#4037=AXIS2_PLACEMENT_3D('',#5979,#4752,#4753);
#4038=AXIS2_PLACEMENT_3D('',#5981,#4755,#4756);
#4039=AXIS2_PLACEMENT_3D('',#5982,#4757,#4758);
#4040=AXIS2_PLACEMENT_3D('',#5984,#4760,#4761);
#4041=AXIS2_PLACEMENT_3D('',#5985,#4762,#4763);
#4042=AXIS2_PLACEMENT_3D('',#5988,#4766,#4767);
#4043=AXIS2_PLACEMENT_3D('',#5989,#4768,#4769);
#4044=AXIS2_PLACEMENT_3D('',#5991,#4771,#4772);
#4045=AXIS2_PLACEMENT_3D('',#5993,#4774,#4775);
#4046=AXIS2_PLACEMENT_3D('',#5994,#4776,#4777);
#4047=AXIS2_PLACEMENT_3D('',#5995,#4778,#4779);
#4048=AXIS2_PLACEMENT_3D('',#6006,#4786,#4787);
#4049=AXIS2_PLACEMENT_3D('',#6008,#4788,#4789);
#4050=AXIS2_PLACEMENT_3D('',#6011,#4791,#4792);
#4051=AXIS2_PLACEMENT_3D('',#6012,#4793,#4794);
#4052=AXIS2_PLACEMENT_3D('',#6013,#4795,#4796);
#4053=AXIS2_PLACEMENT_3D('',#6016,#4798,#4799);
#4054=AXIS2_PLACEMENT_3D('',#6017,#4800,#4801);
#4055=AXIS2_PLACEMENT_3D('',#6018,#4802,#4803);
#4056=AXIS2_PLACEMENT_3D('',#6019,#4804,#4805);
#4057=AXIS2_PLACEMENT_3D('',#6021,#4806,#4807);
#4058=AXIS2_PLACEMENT_3D('',#6024,#4809,#4810);
#4059=AXIS2_PLACEMENT_3D('',#6025,#4811,#4812);
#4060=AXIS2_PLACEMENT_3D('',#6028,#4814,#4815);
#4061=AXIS2_PLACEMENT_3D('',#6029,#4816,#4817);
#4062=AXIS2_PLACEMENT_3D('',#6033,#4819,#4820);
#4063=AXIS2_PLACEMENT_3D('',#6035,#4822,#4823);
#4064=AXIS2_PLACEMENT_3D('',#6037,#4825,#4826);
#4065=AXIS2_PLACEMENT_3D('',#6039,#4827,#4828);
#4066=AXIS2_PLACEMENT_3D('',#6041,#4830,#4831);
#4067=AXIS2_PLACEMENT_3D('',#6046,#4834,#4835);
#4068=AXIS2_PLACEMENT_3D('',#6047,#4836,#4837);
#4069=AXIS2_PLACEMENT_3D('',#6049,#4839,#4840);
#4070=AXIS2_PLACEMENT_3D('',#6051,#4842,#4843);
#4071=AXIS2_PLACEMENT_3D('',#6052,#4844,#4845);
#4072=AXIS2_PLACEMENT_3D('',#6053,#4846,#4847);
#4073=AXIS2_PLACEMENT_3D('',#6054,#4848,#4849);
#4074=AXIS2_PLACEMENT_3D('',#6057,#4852,#4853);
#4075=AXIS2_PLACEMENT_3D('',#6058,#4854,#4855);
#4076=AXIS2_PLACEMENT_3D('',#6059,#4856,#4857);
#4077=AXIS2_PLACEMENT_3D('',#6060,#4858,#4859);
#4078=AXIS2_PLACEMENT_3D('',#6061,#4860,#4861);
#4079=AXIS2_PLACEMENT_3D('',#6072,#4868,#4869);
#4080=AXIS2_PLACEMENT_3D('',#6074,#4870,#4871);
#4081=AXIS2_PLACEMENT_3D('',#6077,#4873,#4874);
#4082=AXIS2_PLACEMENT_3D('',#6078,#4875,#4876);
#4083=AXIS2_PLACEMENT_3D('',#6081,#4878,#4879);
#4084=AXIS2_PLACEMENT_3D('',#6082,#4880,#4881);
#4085=AXIS2_PLACEMENT_3D('',#6083,#4882,#4883);
#4086=AXIS2_PLACEMENT_3D('',#6084,#4884,#4885);
#4087=AXIS2_PLACEMENT_3D('',#6086,#4886,#4887);
#4088=AXIS2_PLACEMENT_3D('',#6089,#4889,#4890);
#4089=AXIS2_PLACEMENT_3D('',#6090,#4891,#4892);
#4090=AXIS2_PLACEMENT_3D('',#6093,#4894,#4895);
#4091=AXIS2_PLACEMENT_3D('',#6094,#4896,#4897);
#4092=AXIS2_PLACEMENT_3D('',#6098,#4899,#4900);
#4093=AXIS2_PLACEMENT_3D('',#6100,#4902,#4903);
#4094=AXIS2_PLACEMENT_3D('',#6102,#4904,#4905);
#4095=AXIS2_PLACEMENT_3D('',#6104,#4907,#4908);
#4096=AXIS2_PLACEMENT_3D('',#6105,#4909,#4910);
#4097=AXIS2_PLACEMENT_3D('',#6106,#4911,#4912);
#4098=AXIS2_PLACEMENT_3D('',#6108,#4913,#4914);
#4099=AXIS2_PLACEMENT_3D('',#6110,#4916,#4917);
#4100=AXIS2_PLACEMENT_3D('',#6115,#4920,#4921);
#4101=AXIS2_PLACEMENT_3D('',#6116,#4922,#4923);
#4102=AXIS2_PLACEMENT_3D('',#6118,#4925,#4926);
#4103=AXIS2_PLACEMENT_3D('',#6120,#4928,#4929);
#4104=AXIS2_PLACEMENT_3D('',#6121,#4930,#4931);
#4105=AXIS2_PLACEMENT_3D('',#6122,#4932,#4933);
#4106=AXIS2_PLACEMENT_3D('',#6123,#4934,#4935);
#4107=AXIS2_PLACEMENT_3D('',#6126,#4938,#4939);
#4108=AXIS2_PLACEMENT_3D('',#6127,#4940,#4941);
#4109=AXIS2_PLACEMENT_3D('',#6128,#4942,#4943);
#4110=AXIS2_PLACEMENT_3D('',#6129,#4944,#4945);
#4111=AXIS2_PLACEMENT_3D('',#6130,#4946,#4947);
#4112=AXIS2_PLACEMENT_3D('',#6132,#4948,#4949);
#4113=AXIS2_PLACEMENT_3D('',#6135,#4951,#4952);
#4114=AXIS2_PLACEMENT_3D('',#6136,#4953,#4954);
#4115=AXIS2_PLACEMENT_3D('',#6137,#4955,#4956);
#4116=AXIS2_PLACEMENT_3D('',#6140,#4958,#4959);
#4117=AXIS2_PLACEMENT_3D('',#6141,#4960,#4961);
#4118=AXIS2_PLACEMENT_3D('',#6142,#4962,#4963);
#4119=AXIS2_PLACEMENT_3D('',#6143,#4964,#4965);
#4120=AXIS2_PLACEMENT_3D('',#6145,#4966,#4967);
#4121=AXIS2_PLACEMENT_3D('',#6148,#4969,#4970);
#4122=AXIS2_PLACEMENT_3D('',#6149,#4971,#4972);
#4123=AXIS2_PLACEMENT_3D('',#6152,#4974,#4975);
#4124=AXIS2_PLACEMENT_3D('',#6153,#4976,#4977);
#4125=AXIS2_PLACEMENT_3D('',#6157,#4979,#4980);
#4126=AXIS2_PLACEMENT_3D('',#6159,#4982,#4983);
#4127=AXIS2_PLACEMENT_3D('',#6161,#4985,#4986);
#4128=AXIS2_PLACEMENT_3D('',#6163,#4987,#4988);
#4129=AXIS2_PLACEMENT_3D('',#6165,#4990,#4991);
#4130=AXIS2_PLACEMENT_3D('',#6170,#4994,#4995);
#4131=AXIS2_PLACEMENT_3D('',#6171,#4996,#4997);
#4132=AXIS2_PLACEMENT_3D('',#6173,#4999,#5000);
#4133=AXIS2_PLACEMENT_3D('',#6175,#5002,#5003);
#4134=AXIS2_PLACEMENT_3D('',#6176,#5004,#5005);
#4135=AXIS2_PLACEMENT_3D('',#6177,#5006,#5007);
#4136=AXIS2_PLACEMENT_3D('',#6178,#5008,#5009);
#4137=AXIS2_PLACEMENT_3D('',#6181,#5012,#5013);
#4138=AXIS2_PLACEMENT_3D('',#6182,#5014,#5015);
#4139=AXIS2_PLACEMENT_3D('',#6183,#5016,#5017);
#4140=AXIS2_PLACEMENT_3D('',#6184,#5018,#5019);
#4141=AXIS2_PLACEMENT_3D('',#6223,#5020,#5021);
#4142=AXIS2_PLACEMENT_3D('',#6232,#5022,#5023);
#4143=AXIS2_PLACEMENT_3D('',#6239,#5024,#5025);
#4144=AXIS2_PLACEMENT_3D('',#6242,#5026,#5027);
#4145=AXIS2_PLACEMENT_3D('',#6243,#5028,#5029);
#4146=AXIS2_PLACEMENT_3D('',#6244,#5030,#5031);
#4147=AXIS2_PLACEMENT_3D('',#6283,#5032,#5033);
#4148=AXIS2_PLACEMENT_3D('',#6340,#5034,#5035);
#4149=AXIS2_PLACEMENT_3D('',#6355,#5036,#5037);
#4150=AXIS2_PLACEMENT_3D('',#6358,#5038,#5039);
#4151=AXIS2_PLACEMENT_3D('',#6359,#5040,#5041);
#4152=AXIS2_PLACEMENT_3D('',#6360,#5042,#5043);
#4153=AXIS2_PLACEMENT_3D('',#6405,#5044,#5045);
#4154=AXIS2_PLACEMENT_3D('',#6456,#5046,#5047);
#4155=AXIS2_PLACEMENT_3D('',#6471,#5048,#5049);
#4156=AXIS2_PLACEMENT_3D('',#6474,#5050,#5051);
#4157=AXIS2_PLACEMENT_3D('',#6475,#5052,#5053);
#4158=AXIS2_PLACEMENT_3D('',#6477,#5054,#5055);
#4159=AXIS2_PLACEMENT_3D('',#6478,#5056,#5057);
#4160=AXIS2_PLACEMENT_3D('',#6517,#5058,#5059);
#4161=AXIS2_PLACEMENT_3D('',#6574,#5060,#5061);
#4162=AXIS2_PLACEMENT_3D('',#6589,#5062,#5063);
#4163=AXIS2_PLACEMENT_3D('',#6592,#5064,#5065);
#4164=AXIS2_PLACEMENT_3D('',#6593,#5066,#5067);
#4165=AXIS2_PLACEMENT_3D('',#6594,#5068,#5069);
#4166=AXIS2_PLACEMENT_3D('',#6639,#5070,#5071);
#4167=AXIS2_PLACEMENT_3D('',#6690,#5072,#5073);
#4168=AXIS2_PLACEMENT_3D('',#6705,#5074,#5075);
#4169=AXIS2_PLACEMENT_3D('',#6708,#5076,#5077);
#4170=AXIS2_PLACEMENT_3D('',#6709,#5078,#5079);
#4171=AXIS2_PLACEMENT_3D('',#6710,#5080,#5081);
#4172=AXIS2_PLACEMENT_3D('',#6749,#5082,#5083);
#4173=AXIS2_PLACEMENT_3D('',#6806,#5084,#5085);
#4174=AXIS2_PLACEMENT_3D('',#6821,#5086,#5087);
#4175=AXIS2_PLACEMENT_3D('',#6824,#5088,#5089);
#4176=AXIS2_PLACEMENT_3D('',#6825,#5090,#5091);
#4177=AXIS2_PLACEMENT_3D('',#6826,#5092,#5093);
#4178=AXIS2_PLACEMENT_3D('',#6871,#5094,#5095);
#4179=AXIS2_PLACEMENT_3D('',#6916,#5096,#5097);
#4180=AXIS2_PLACEMENT_3D('',#6929,#5098,#5099);
#4181=AXIS2_PLACEMENT_3D('',#6932,#5100,#5101);
#4182=AXIS2_PLACEMENT_3D('',#6933,#5102,#5103);
#4183=AXIS2_PLACEMENT_3D('',#6934,#5104,#5105);
#4184=AXIS2_PLACEMENT_3D('',#6973,#5106,#5107);
#4185=AXIS2_PLACEMENT_3D('',#7030,#5108,#5109);
#4186=AXIS2_PLACEMENT_3D('',#7045,#5110,#5111);
#4187=AXIS2_PLACEMENT_3D('',#7048,#5112,#5113);
#4188=AXIS2_PLACEMENT_3D('',#7049,#5114,#5115);
#4189=AXIS2_PLACEMENT_3D('',#7050,#5116,#5117);
#4190=AXIS2_PLACEMENT_3D('',#7095,#5118,#5119);
#4191=AXIS2_PLACEMENT_3D('',#7146,#5120,#5121);
#4192=AXIS2_PLACEMENT_3D('',#7161,#5122,#5123);
#4193=AXIS2_PLACEMENT_3D('',#7164,#5124,#5125);
#4194=AXIS2_PLACEMENT_3D('',#7165,#5126,#5127);
#4195=AXIS2_PLACEMENT_3D('',#7166,#5128,#5129);
#4196=AXIS2_PLACEMENT_3D('',#7205,#5130,#5131);
#4197=AXIS2_PLACEMENT_3D('',#7262,#5132,#5133);
#4198=AXIS2_PLACEMENT_3D('',#7277,#5134,#5135);
#4199=AXIS2_PLACEMENT_3D('',#7280,#5136,#5137);
#4200=AXIS2_PLACEMENT_3D('',#7281,#5138,#5139);
#4201=AXIS2_PLACEMENT_3D('',#7282,#5140,#5141);
#4202=AXIS2_PLACEMENT_3D('',#7331,#5142,#5143);
#4203=AXIS2_PLACEMENT_3D('',#7335,#5145,#5146);
#4204=AXIS2_PLACEMENT_3D('',#7337,#5148,#5149);
#4205=AXIS2_PLACEMENT_3D('',#7345,#5151,#5152);
#4206=AXIS2_PLACEMENT_3D('',#7353,#5154,#5155);
#4207=AXIS2_PLACEMENT_3D('',#7356,#5157,#5158);
#4208=AXIS2_PLACEMENT_3D('',#7357,#5159,#5160);
#4209=AXIS2_PLACEMENT_3D('',#7365,#5162,#5163);
#4210=AXIS2_PLACEMENT_3D('',#7373,#5165,#5166);
#4211=AXIS2_PLACEMENT_3D('',#7376,#5168,#5169);
#4212=AXIS2_PLACEMENT_3D('',#7377,#5170,#5171);
#4213=AXIS2_PLACEMENT_3D('',#7386,#5173,#5174);
#4214=AXIS2_PLACEMENT_3D('',#7394,#5176,#5177);
#4215=AXIS2_PLACEMENT_3D('',#7397,#5179,#5180);
#4216=AXIS2_PLACEMENT_3D('',#7398,#5181,#5182);
#4217=AXIS2_PLACEMENT_3D('',#7407,#5184,#5185);
#4218=AXIS2_PLACEMENT_3D('',#7415,#5187,#5188);
#4219=AXIS2_PLACEMENT_3D('',#7418,#5190,#5191);
#4220=AXIS2_PLACEMENT_3D('',#7419,#5192,#5193);
#4221=AXIS2_PLACEMENT_3D('',#7428,#5195,#5196);
#4222=AXIS2_PLACEMENT_3D('',#7468,#5198,#5199);
#4223=AXIS2_PLACEMENT_3D('',#7476,#5200,#5201);
#4224=AXIS2_PLACEMENT_3D('',#7508,#5202,#5203);
#4225=AXIS2_PLACEMENT_3D('',#7515,#5204,#5205);
#4226=AXIS2_PLACEMENT_3D('',#7518,#5206,#5207);
#4227=AXIS2_PLACEMENT_3D('',#7519,#5208,#5209);
#4228=AXIS2_PLACEMENT_3D('',#7520,#5210,#5211);
#4229=AXIS2_PLACEMENT_3D('',#7553,#5212,#5213);
#4230=AXIS2_PLACEMENT_3D('',#7591,#5214,#5215);
#4231=AXIS2_PLACEMENT_3D('',#7597,#5216,#5217);
#4232=AXIS2_PLACEMENT_3D('',#7600,#5218,#5219);
#4233=AXIS2_PLACEMENT_3D('',#7601,#5220,#5221);
#4234=AXIS2_PLACEMENT_3D('',#7602,#5222,#5223);
#4235=AXIS2_PLACEMENT_3D('',#7630,#5224,#5225);
#4236=AXIS2_PLACEMENT_3D('',#7679,#5226,#5227);
#4237=AXIS2_PLACEMENT_3D('',#7686,#5228,#5229);
#4238=AXIS2_PLACEMENT_3D('',#7689,#5230,#5231);
#4239=AXIS2_PLACEMENT_3D('',#7691,#5232,#5233);
#4240=AXIS2_PLACEMENT_3D('',#7692,#5234,#5235);
#4241=AXIS2_PLACEMENT_3D('',#7693,#5236,#5237);
#4242=AXIS2_PLACEMENT_3D('',#7732,#5238,#5239);
#4243=AXIS2_PLACEMENT_3D('',#7771,#5240,#5241);
#4244=AXIS2_PLACEMENT_3D('',#7777,#5242,#5243);
#4245=AXIS2_PLACEMENT_3D('',#7780,#5244,#5245);
#4246=AXIS2_PLACEMENT_3D('',#7781,#5246,#5247);
#4247=AXIS2_PLACEMENT_3D('',#7782,#5248,#5249);
#4248=AXIS2_PLACEMENT_3D('',#7810,#5250,#5251);
#4249=AXIS2_PLACEMENT_3D('',#7853,#5252,#5253);
#4250=AXIS2_PLACEMENT_3D('',#7859,#5254,#5255);
#4251=AXIS2_PLACEMENT_3D('',#7862,#5256,#5257);
#4252=AXIS2_PLACEMENT_3D('',#7863,#5258,#5259);
#4253=AXIS2_PLACEMENT_3D('',#7864,#5260,#5261);
#4254=AXIS2_PLACEMENT_3D('',#7903,#5262,#5263);
#4255=AXIS2_PLACEMENT_3D('',#7941,#5264,#5265);
#4256=AXIS2_PLACEMENT_3D('',#7947,#5266,#5267);
#4257=AXIS2_PLACEMENT_3D('',#7949,#5268,#5269);
#4258=AXIS2_PLACEMENT_3D('',#7950,#5270,#5271);
#4259=AXIS2_PLACEMENT_3D('',#7977,#5272,#5273);
#4260=AXIS2_PLACEMENT_3D('',#8009,#5274,#5275);
#4261=AXIS2_PLACEMENT_3D('',#8015,#5276,#5277);
#4262=AXIS2_PLACEMENT_3D('',#8017,#5278,#5279);
#4263=AXIS2_PLACEMENT_3D('',#8018,#5280,#5281);
#4264=AXIS2_PLACEMENT_3D('',#8045,#5282,#5283);
#4265=AXIS2_PLACEMENT_3D('',#8077,#5284,#5285);
#4266=AXIS2_PLACEMENT_3D('',#8083,#5286,#5287);
#4267=AXIS2_PLACEMENT_3D('',#8085,#5288,#5289);
#4268=AXIS2_PLACEMENT_3D('',#8086,#5290,#5291);
#4269=AXIS2_PLACEMENT_3D('',#8118,#5292,#5293);
#4270=AXIS2_PLACEMENT_3D('',#8151,#5294,#5295);
#4271=AXIS2_PLACEMENT_3D('',#8157,#5296,#5297);
#4272=AXIS2_PLACEMENT_3D('',#8159,#5298,#5299);
#4273=AXIS2_PLACEMENT_3D('',#8160,#5300,#5301);
#4274=AXIS2_PLACEMENT_3D('',#8192,#5302,#5303);
#4275=AXIS2_PLACEMENT_3D('',#8225,#5304,#5305);
#4276=AXIS2_PLACEMENT_3D('',#8231,#5306,#5307);
#4277=AXIS2_PLACEMENT_3D('',#8232,#5308,#5309);
#4278=AXIS2_PLACEMENT_3D('',#8233,#5310,#5311);
#4279=AXIS2_PLACEMENT_3D('',#8236,#5314,#5315);
#4280=AXIS2_PLACEMENT_3D('',#8238,#5317,#5318);
#4281=AXIS2_PLACEMENT_3D('',#8240,#5320,#5321);
#4282=AXIS2_PLACEMENT_3D('',#8242,#5323,#5324);
#4283=AXIS2_PLACEMENT_3D('',#8244,#5326,#5327);
#4284=AXIS2_PLACEMENT_3D('',#8246,#5329,#5330);
#4285=AXIS2_PLACEMENT_3D('',#8248,#5332,#5333);
#4286=AXIS2_PLACEMENT_3D('',#8250,#5335,#5336);
#4287=AXIS2_PLACEMENT_3D('',#8252,#5338,#5339);
#4288=AXIS2_PLACEMENT_3D('',#8254,#5341,#5342);
#4289=AXIS2_PLACEMENT_3D('',#8256,#5344,#5345);
#4290=AXIS2_PLACEMENT_3D('',#8258,#5347,#5348);
#4291=AXIS2_PLACEMENT_3D('',#8259,#5349,#5350);
#4292=AXIS2_PLACEMENT_3D('',#8261,#5352,#5353);
#4293=AXIS2_PLACEMENT_3D('',#8263,#5354,#5355);
#4294=AXIS2_PLACEMENT_3D('',#8264,#5356,#5357);
#4295=AXIS2_PLACEMENT_3D('',#8265,#5358,#5359);
#4296=AXIS2_PLACEMENT_3D('',#8267,#5360,#5361);
#4297=AXIS2_PLACEMENT_3D('',#8268,#5362,#5363);
#4298=AXIS2_PLACEMENT_3D('',#8269,#5364,#5365);
#4299=AXIS2_PLACEMENT_3D('',#8270,#5366,#5367);
#4300=AXIS2_PLACEMENT_3D('',#8272,#5368,#5369);
#4301=AXIS2_PLACEMENT_3D('',#8275,#5371,#5372);
#4302=AXIS2_PLACEMENT_3D('',#8276,#5373,#5374);
#4303=AXIS2_PLACEMENT_3D('',#8279,#5376,#5377);
#4304=AXIS2_PLACEMENT_3D('',#8280,#5378,#5379);
#4305=AXIS2_PLACEMENT_3D('',#8281,#5380,#5381);
#4306=AXIS2_PLACEMENT_3D('',#8283,#5382,#5383);
#4307=AXIS2_PLACEMENT_3D('',#8286,#5385,#5386);
#4308=AXIS2_PLACEMENT_3D('',#8287,#5387,#5388);
#4309=AXIS2_PLACEMENT_3D('',#8290,#5390,#5391);
#4310=AXIS2_PLACEMENT_3D('',#8291,#5392,#5393);
#4311=AXIS2_PLACEMENT_3D('',#8292,#5394,#5395);
#4312=AXIS2_PLACEMENT_3D('',#8294,#5396,#5397);
#4313=AXIS2_PLACEMENT_3D('',#8297,#5399,#5400);
#4314=AXIS2_PLACEMENT_3D('',#8298,#5401,#5402);
#4315=AXIS2_PLACEMENT_3D('',#8301,#5404,#5405);
#4316=AXIS2_PLACEMENT_3D('',#8302,#5406,#5407);
#4317=AXIS2_PLACEMENT_3D('',#8303,#5408,#5409);
#4318=AXIS2_PLACEMENT_3D('',#8305,#5410,#5411);
#4319=AXIS2_PLACEMENT_3D('',#8308,#5413,#5414);
#4320=AXIS2_PLACEMENT_3D('',#8309,#5415,#5416);
#4321=AXIS2_PLACEMENT_3D('',#8312,#5418,#5419);
#4322=AXIS2_PLACEMENT_3D('',#8313,#5420,#5421);
#4323=AXIS2_PLACEMENT_3D('',#8314,#5422,#5423);
#4324=AXIS2_PLACEMENT_3D('',#8316,#5424,#5425);
#4325=AXIS2_PLACEMENT_3D('',#8319,#5427,#5428);
#4326=AXIS2_PLACEMENT_3D('',#8320,#5429,#5430);
#4327=AXIS2_PLACEMENT_3D('',#8323,#5432,#5433);
#4328=AXIS2_PLACEMENT_3D('',#8324,#5434,#5435);
#4329=AXIS2_PLACEMENT_3D('',#8325,#5436,#5437);
#4330=AXIS2_PLACEMENT_3D('',#8327,#5438,#5439);
#4331=AXIS2_PLACEMENT_3D('',#8330,#5441,#5442);
#4332=AXIS2_PLACEMENT_3D('',#8331,#5443,#5444);
#4333=AXIS2_PLACEMENT_3D('',#8332,#5445,#5446);
#4334=DIRECTION('axis',(0.,0.,1.));
#4335=DIRECTION('refdir',(1.,0.,0.));
#4336=DIRECTION('center_axis',(0.,0.,-1.));
#4337=DIRECTION('ref_axis',(0.628280862437543,0.777986605215499,0.));
#4338=DIRECTION('',(0.,0.,1.));
#4339=DIRECTION('center_axis',(0.,0.,1.));
#4340=DIRECTION('ref_axis',(0.628280862437543,0.777986605215499,0.));
#4341=DIRECTION('',(0.,0.,-1.));
#4342=DIRECTION('center_axis',(0.,0.,-1.));
#4343=DIRECTION('ref_axis',(0.628280862437543,0.777986605215499,0.));
#4344=DIRECTION('',(0.,0.,1.));
#4345=DIRECTION('center_axis',(0.,0.,1.));
#4346=DIRECTION('ref_axis',(1.,0.,0.));
#4347=DIRECTION('center_axis',(0.,0.,1.));
#4348=DIRECTION('ref_axis',(1.,0.,0.));
#4349=DIRECTION('',(0.,0.,1.));
#4350=DIRECTION('center_axis',(0.,0.,-1.));
#4351=DIRECTION('ref_axis',(1.,0.,0.));
#4352=DIRECTION('center_axis',(0.,0.,1.));
#4353=DIRECTION('ref_axis',(0.545759766746794,0.837941690692428,0.));
#4354=DIRECTION('',(0.,0.,-1.));
#4355=DIRECTION('center_axis',(0.,0.,-1.));
#4356=DIRECTION('ref_axis',(0.545759766746794,0.837941690692428,0.));
#4357=DIRECTION('center_axis',(0.,0.,1.));
#4358=DIRECTION('ref_axis',(0.545759766746794,0.837941690692428,0.));
#4359=DIRECTION('',(0.,0.,-1.));
#4360=DIRECTION('center_axis',(0.309016994374947,-0.951056516295154,0.));
#4361=DIRECTION('ref_axis',(0.951056516295154,0.309016994374947,0.));
#4362=DIRECTION('',(0.951056516295154,0.309016994374947,0.));
#4363=DIRECTION('center_axis',(0.309016994374947,-0.951056516295154,0.));
#4364=DIRECTION('ref_axis',(0.951056516295154,0.309016994374947,0.));
#4365=DIRECTION('',(0.951056516295154,0.309016994374947,0.));
#4366=DIRECTION('center_axis',(0.309016994374947,-0.951056516295154,0.));
#4367=DIRECTION('ref_axis',(0.951056516295154,0.309016994374947,0.));
#4368=DIRECTION('center_axis',(0.309016994374947,-0.951056516295154,0.));
#4369=DIRECTION('ref_axis',(0.951056516295154,0.309016994374947,0.));
#4370=DIRECTION('center_axis',(0.,0.,-1.));
#4371=DIRECTION('ref_axis',(0.934058694214295,-0.357119525877102,0.));
#4372=DIRECTION('',(0.,0.,1.));
#4373=DIRECTION('center_axis',(0.,0.,1.));
#4374=DIRECTION('ref_axis',(0.934058694214295,-0.357119525877102,0.));
#4375=DIRECTION('',(0.,0.,-1.));
#4376=DIRECTION('center_axis',(0.,0.,-1.));
#4377=DIRECTION('ref_axis',(0.934058694214295,-0.357119525877102,0.));
#4378=DIRECTION('',(0.,0.,1.));
#4379=DIRECTION('center_axis',(0.,0.,1.));
#4380=DIRECTION('ref_axis',(-0.951056516295154,0.309016994374947,0.));
#4381=DIRECTION('center_axis',(0.,0.,1.));
#4382=DIRECTION('ref_axis',(1.,0.,0.));
#4383=DIRECTION('',(0.,0.,1.));
#4384=DIRECTION('center_axis',(0.,0.,-1.));
#4385=DIRECTION('ref_axis',(1.,0.,0.));
#4386=DIRECTION('center_axis',(0.,0.,1.));
#4387=DIRECTION('ref_axis',(0.965578947979278,-0.260110159777029,0.));
#4388=DIRECTION('',(0.,0.,-1.));
#4389=DIRECTION('center_axis',(0.,0.,-1.));
#4390=DIRECTION('ref_axis',(0.965578947979278,-0.260110159777029,0.));
#4391=DIRECTION('center_axis',(0.,0.,1.));
#4392=DIRECTION('ref_axis',(0.965578947979278,-0.260110159777029,0.));
#4393=DIRECTION('',(0.,0.,-1.));
#4394=DIRECTION('center_axis',(-0.809016994374948,-0.587785252292473,0.));
#4395=DIRECTION('ref_axis',(0.587785252292473,-0.809016994374947,0.));
#4396=DIRECTION('',(0.587785252292473,-0.809016994374947,0.));
#4397=DIRECTION('center_axis',(-0.809016994374948,-0.587785252292473,0.));
#4398=DIRECTION('ref_axis',(0.587785252292473,-0.809016994374947,0.));
#4399=DIRECTION('',(0.587785252292473,-0.809016994374947,0.));
#4400=DIRECTION('center_axis',(-0.809016994374948,-0.587785252292473,0.));
#4401=DIRECTION('ref_axis',(0.587785252292473,-0.809016994374948,0.));
#4402=DIRECTION('center_axis',(-0.809016994374948,-0.587785252292473,0.));
#4403=DIRECTION('ref_axis',(0.587785252292473,-0.809016994374948,0.));
#4404=DIRECTION('center_axis',(0.,0.,-1.));
#4405=DIRECTION('ref_axis',(-0.051000841925765,-0.998698610253796,0.));
#4406=DIRECTION('',(0.,0.,1.));
#4407=DIRECTION('center_axis',(0.,0.,1.));
#4408=DIRECTION('ref_axis',(-0.051000841925765,-0.998698610253796,0.));
#4409=DIRECTION('',(0.,0.,-1.));
#4410=DIRECTION('center_axis',(0.,0.,-1.));
#4411=DIRECTION('ref_axis',(-0.051000841925765,-0.998698610253796,0.));
#4412=DIRECTION('',(0.,0.,1.));
#4413=DIRECTION('center_axis',(0.,0.,1.));
#4414=DIRECTION('ref_axis',(1.,0.,0.));
#4415=DIRECTION('center_axis',(0.,0.,1.));
#4416=DIRECTION('ref_axis',(1.,0.,0.));
#4417=DIRECTION('',(0.,0.,1.));
#4418=DIRECTION('center_axis',(0.,0.,-1.));
#4419=DIRECTION('ref_axis',(1.,0.,0.));
#4420=DIRECTION('center_axis',(0.,0.,1.));
#4421=DIRECTION('ref_axis',(0.0510008419257639,-0.998698610253796,0.));
#4422=DIRECTION('',(0.,0.,-1.));
#4423=DIRECTION('center_axis',(0.,0.,-1.));
#4424=DIRECTION('ref_axis',(0.0510008419257639,-0.998698610253796,0.));
#4425=DIRECTION('center_axis',(0.,0.,1.));
#4426=DIRECTION('ref_axis',(0.0510008419257639,-0.998698610253796,0.));
#4427=DIRECTION('',(0.,0.,-1.));
#4428=DIRECTION('center_axis',(-0.809016994374947,0.587785252292473,0.));
#4429=DIRECTION('ref_axis',(-0.587785252292473,-0.809016994374947,0.));
#4430=DIRECTION('',(-0.587785252292473,-0.809016994374947,0.));
#4431=DIRECTION('center_axis',(-0.809016994374947,0.587785252292473,0.));
#4432=DIRECTION('ref_axis',(-0.587785252292473,-0.809016994374947,0.));
#4433=DIRECTION('',(-0.587785252292473,-0.809016994374947,0.));
#4434=DIRECTION('center_axis',(-0.809016994374947,0.587785252292473,0.));
#4435=DIRECTION('ref_axis',(-0.587785252292473,-0.809016994374947,0.));
#4436=DIRECTION('center_axis',(-0.809016994374947,0.587785252292473,0.));
#4437=DIRECTION('ref_axis',(-0.587785252292473,-0.809016994374947,0.));
#4438=DIRECTION('center_axis',(0.,0.,-1.));
#4439=DIRECTION('ref_axis',(-1.,0.,0.));
#4440=DIRECTION('center_axis',(0.,0.,-1.));
#4441=DIRECTION('ref_axis',(-1.,0.,0.));
#4442=DIRECTION('',(0.,0.,-1.));
#4443=DIRECTION('center_axis',(0.,0.,-1.));
#4444=DIRECTION('ref_axis',(-1.,0.,0.));
#4445=DIRECTION('center_axis',(0.,0.,1.));
#4446=DIRECTION('ref_axis',(-1.,0.,0.));
#4447=DIRECTION('center_axis',(0.,0.,-1.));
#4448=DIRECTION('ref_axis',(-1.,0.,0.));
#4449=DIRECTION('center_axis',(0.,0.,-1.));
#4450=DIRECTION('ref_axis',(-1.,0.,0.));
#4451=DIRECTION('',(0.,0.,-1.));
#4452=DIRECTION('center_axis',(0.,0.,-1.));
#4453=DIRECTION('ref_axis',(-1.,0.,0.));
#4454=DIRECTION('center_axis',(0.,0.,1.));
#4455=DIRECTION('ref_axis',(-1.,0.,0.));
#4456=DIRECTION('center_axis',(0.,0.,-1.));
#4457=DIRECTION('ref_axis',(-1.,0.,0.));
#4458=DIRECTION('center_axis',(0.,0.,-1.));
#4459=DIRECTION('ref_axis',(-1.,0.,0.));
#4460=DIRECTION('',(0.,0.,-1.));
#4461=DIRECTION('center_axis',(0.,0.,-1.));
#4462=DIRECTION('ref_axis',(-1.,0.,0.));
#4463=DIRECTION('center_axis',(0.,0.,1.));
#4464=DIRECTION('ref_axis',(-1.,0.,0.));
#4465=DIRECTION('center_axis',(0.,0.,-1.));
#4466=DIRECTION('ref_axis',(-1.,0.,0.));
#4467=DIRECTION('center_axis',(0.,0.,-1.));
#4468=DIRECTION('ref_axis',(-1.,0.,0.));
#4469=DIRECTION('',(0.,0.,-1.));
#4470=DIRECTION('center_axis',(0.,0.,-1.));
#4471=DIRECTION('ref_axis',(-1.,0.,0.));
#4472=DIRECTION('center_axis',(0.,0.,1.));
#4473=DIRECTION('ref_axis',(-1.,0.,0.));
#4474=DIRECTION('center_axis',(0.,0.,-1.));
#4475=DIRECTION('ref_axis',(-1.,0.,0.));
#4476=DIRECTION('center_axis',(0.,0.,-1.));
#4477=DIRECTION('ref_axis',(-1.,0.,0.));
#4478=DIRECTION('',(0.,0.,-1.));
#4479=DIRECTION('center_axis',(0.,0.,-1.));
#4480=DIRECTION('ref_axis',(-1.,0.,0.));
#4481=DIRECTION('center_axis',(0.,0.,1.));
#4482=DIRECTION('ref_axis',(-1.,0.,0.));
#4483=DIRECTION('center_axis',(0.,0.,1.));
#4484=DIRECTION('ref_axis',(-0.309016994374947,0.951056516295154,0.));
#4485=DIRECTION('center_axis',(0.,0.,1.));
#4486=DIRECTION('ref_axis',(-0.309016994374947,0.951056516295154,0.));
#4487=DIRECTION('',(-0.0307483401809986,0.0946336603705239,-0.995037190209989));
#4488=DIRECTION('center_axis',(0.,0.,-1.));
#4489=DIRECTION('ref_axis',(-0.309016994374947,0.951056516295154,0.));
#4490=DIRECTION('center_axis',(0.,0.,-1.));
#4491=DIRECTION('ref_axis',(-0.309016994374947,0.951056516295154,0.));
#4492=DIRECTION('center_axis',(0.,0.,1.));
#4493=DIRECTION('ref_axis',(0.309016994374947,-0.951056516295154,0.));
#4494=DIRECTION('',(-0.587785252292473,0.809016994374947,0.));
#4495=DIRECTION('',(0.809016994374947,0.587785252292473,0.));
#4496=DIRECTION('',(-0.587785252292473,0.809016994374947,0.));
#4497=DIRECTION('',(-0.809016994374947,-0.587785252292473,0.));
#4498=DIRECTION('',(0.587785252292473,-0.809016994374947,0.));
#4499=DIRECTION('',(0.809016994374947,0.587785252292473,0.));
#4500=DIRECTION('',(-0.951056516295154,-0.309016994374947,0.));
#4501=DIRECTION('',(-0.309016994374947,0.951056516295154,0.));
#4502=DIRECTION('',(-0.951056516295154,-0.309016994374947,0.));
#4503=DIRECTION('',(0.309016994374947,-0.951056516295154,0.));
#4504=DIRECTION('',(0.951056516295154,0.309016994374947,0.));
#4505=DIRECTION('',(-0.309016994374947,0.951056516295154,0.));
#4506=DIRECTION('',(1.49280893979026E-16,-1.,0.));
#4507=DIRECTION('',(-1.,0.,0.));
#4508=DIRECTION('',(0.,-1.,0.));
#4509=DIRECTION('',(1.,0.,0.));
#4510=DIRECTION('',(-1.38777878078145E-16,1.,0.));
#4511=DIRECTION('',(-1.,0.,0.));
#4512=DIRECTION('',(0.,1.,0.));
#4513=DIRECTION('center_axis',(0.,0.,1.));
#4514=DIRECTION('ref_axis',(-1.,0.,0.));
#4515=DIRECTION('',(0.951056516295154,-0.309016994374947,0.));
#4516=DIRECTION('',(-0.309016994374948,-0.951056516295154,0.));
#4517=DIRECTION('',(0.951056516295154,-0.309016994374948,0.));
#4518=DIRECTION('',(0.309016994374948,0.951056516295154,0.));
#4519=DIRECTION('',(-0.951056516295154,0.309016994374947,0.));
#4520=DIRECTION('',(-0.309016994374948,-0.951056516295154,0.));
#4521=DIRECTION('',(-0.951056516295154,0.309016994374948,0.));
#4522=DIRECTION('center_axis',(0.,0.,1.));
#4523=DIRECTION('ref_axis',(-0.809016994374948,0.587785252292473,0.));
#4524=DIRECTION('',(0.587785252292473,0.809016994374947,0.));
#4525=DIRECTION('',(0.809016994374947,-0.587785252292473,0.));
#4526=DIRECTION('',(0.587785252292473,0.809016994374947,0.));
#4527=DIRECTION('',(-0.809016994374947,0.587785252292473,0.));
#4528=DIRECTION('',(-0.587785252292473,-0.809016994374947,0.));
#4529=DIRECTION('',(0.809016994374947,-0.587785252292473,0.));
#4530=DIRECTION('center_axis',(0.,0.,1.));
#4531=DIRECTION('ref_axis',(-0.809016994374947,-0.587785252292473,0.));
#4532=DIRECTION('center_axis',(0.,0.,1.));
#4533=DIRECTION('ref_axis',(0.809016994374947,0.587785252292473,0.));
#4534=DIRECTION('center_axis',(0.,0.,1.));
#4535=DIRECTION('ref_axis',(-0.309016994374947,0.951056516295154,0.));
#4536=DIRECTION('center_axis',(0.,0.,1.));
#4537=DIRECTION('ref_axis',(0.309016994374947,-0.951056516295154,0.));
#4538=DIRECTION('',(0.,0.,-1.));
#4539=DIRECTION('center_axis',(0.,0.,-1.));
#4540=DIRECTION('ref_axis',(0.309016994374947,-0.951056516295154,0.));
#4541=DIRECTION('center_axis',(0.,0.,-1.));
#4542=DIRECTION('ref_axis',(-0.309016994374947,0.951056516295154,0.));
#4543=DIRECTION('center_axis',(0.,0.,1.));
#4544=DIRECTION('ref_axis',(-0.309016994374947,0.951056516295154,0.));
#4545=DIRECTION('',(0.,0.,1.));
#4546=DIRECTION('center_axis',(0.,0.,-1.));
#4547=DIRECTION('ref_axis',(0.809016994374947,0.587785252292473,0.));
#4548=DIRECTION('center_axis',(0.,0.,1.));
#4549=DIRECTION('ref_axis',(0.809016994374947,0.587785252292473,0.));
#4550=DIRECTION('',(0.,0.,1.));
#4551=DIRECTION('center_axis',(0.,0.,1.));
#4552=DIRECTION('ref_axis',(-0.809016994374947,-0.587785252292473,0.));
#4553=DIRECTION('',(0.,0.,-1.));
#4554=DIRECTION('center_axis',(0.,0.,1.));
#4555=DIRECTION('ref_axis',(-0.809016994374947,-0.587785252292473,0.));
#4556=DIRECTION('center_axis',(0.809016994374947,0.587785252292473,0.));
#4557=DIRECTION('ref_axis',(-0.587785252292473,0.809016994374947,0.));
#4558=DIRECTION('',(0.587785252292473,-0.809016994374947,0.));
#4559=DIRECTION('center_axis',(0.809016994374947,0.587785252292473,0.));
#4560=DIRECTION('ref_axis',(0.587785252292473,-0.809016994374947,0.));
#4561=DIRECTION('center_axis',(0.809016994374947,0.587785252292473,0.));
#4562=DIRECTION('ref_axis',(0.587785252292473,-0.809016994374947,0.));
#4563=DIRECTION('center_axis',(0.809016994374947,0.587785252292473,0.));
#4564=DIRECTION('ref_axis',(0.587785252292473,-0.809016994374947,0.));
#4565=DIRECTION('center_axis',(0.,0.,1.));
#4566=DIRECTION('ref_axis',(-0.809016994374948,0.587785252292473,0.));
#4567=DIRECTION('',(0.,0.,-1.));
#4568=DIRECTION('center_axis',(0.,0.,-1.));
#4569=DIRECTION('ref_axis',(-0.809016994374948,0.587785252292473,0.));
#4570=DIRECTION('',(0.,0.,1.));
#4571=DIRECTION('center_axis',(0.809016994374947,-0.587785252292473,0.));
#4572=DIRECTION('ref_axis',(0.587785252292473,0.809016994374947,0.));
#4573=DIRECTION('',(-0.587785252292473,-0.809016994374947,0.));
#4574=DIRECTION('center_axis',(0.809016994374947,-0.587785252292473,0.));
#4575=DIRECTION('ref_axis',(-0.587785252292473,-0.809016994374947,0.));
#4576=DIRECTION('center_axis',(0.809016994374947,-0.587785252292473,0.));
#4577=DIRECTION('ref_axis',(-0.587785252292473,-0.809016994374947,0.));
#4578=DIRECTION('center_axis',(0.,0.,-1.));
#4579=DIRECTION('ref_axis',(-1.,0.,0.));
#4580=DIRECTION('center_axis',(0.,0.,-1.));
#4581=DIRECTION('ref_axis',(-1.,0.,0.));
#4582=DIRECTION('',(0.,0.,1.));
#4583=DIRECTION('',(0.,0.,-1.));
#4584=DIRECTION('center_axis',(1.,0.,0.));
#4585=DIRECTION('ref_axis',(0.,1.,0.));
#4586=DIRECTION('center_axis',(1.,0.,0.));
#4587=DIRECTION('ref_axis',(0.,1.,0.));
#4588=DIRECTION('',(0.,1.,0.));
#4589=DIRECTION('center_axis',(1.,0.,0.));
#4590=DIRECTION('ref_axis',(0.,1.,0.));
#4591=DIRECTION('center_axis',(0.587785252292473,0.809016994374947,0.));
#4592=DIRECTION('ref_axis',(-0.809016994374947,0.587785252292473,0.));
#4593=DIRECTION('',(-0.0805001996914979,0.0584868185887973,-0.995037190209989));
#4594=DIRECTION('',(0.,0.,1.));
#4595=DIRECTION('',(0.0805001996914979,-0.0584868185887973,-0.995037190209989));
#4596=DIRECTION('',(0.809016994374947,-0.587785252292473,0.));
#4597=DIRECTION('',(0.0805001996914981,-0.0584868185887974,0.995037190209989));
#4598=DIRECTION('',(0.,0.,1.));
#4599=DIRECTION('',(-0.0805001996914981,0.0584868185887974,0.995037190209989));
#4600=DIRECTION('center_axis',(0.809016994374947,-0.587785252292473,0.));
#4601=DIRECTION('ref_axis',(-0.587785252292473,-0.809016994374947,0.));
#4602=DIRECTION('',(-0.863488815503776,0.504367986196473,-1.21856911002326E-17));
#4603=DIRECTION('center_axis',(-0.809016994374947,0.587785252292473,0.));
#4604=DIRECTION('ref_axis',(-0.587785252292473,-0.809016994374947,0.));
#4605=DIRECTION('center_axis',(-0.809016994374947,0.587785252292473,0.));
#4606=DIRECTION('ref_axis',(-0.587785252292473,-0.809016994374947,0.));
#4607=DIRECTION('',(-0.809016994374947,0.587785252292473,0.));
#4608=DIRECTION('center_axis',(0.809016994374947,-0.587785252292473,0.));
#4609=DIRECTION('ref_axis',(-0.587785252292473,-0.809016994374947,0.));
#4610=DIRECTION('center_axis',(0.809016994374947,-0.587785252292473,0.));
#4611=DIRECTION('ref_axis',(-0.587785252292473,-0.809016994374947,0.));
#4612=DIRECTION('center_axis',(0.809016994374947,-0.587785252292473,0.));
#4613=DIRECTION('ref_axis',(-0.587785252292473,-0.809016994374947,0.));
#4614=DIRECTION('',(-0.863488815503776,0.504367986196473,-1.21856911002326E-17));
#4615=DIRECTION('center_axis',(-0.809016994374947,0.587785252292473,0.));
#4616=DIRECTION('ref_axis',(-0.587785252292473,-0.809016994374947,0.));
#4617=DIRECTION('center_axis',(-0.809016994374947,0.587785252292473,0.));
#4618=DIRECTION('ref_axis',(-0.587785252292473,-0.809016994374947,0.));
#4619=DIRECTION('',(-0.809016994374947,0.587785252292473,0.));
#4620=DIRECTION('center_axis',(0.809016994374947,-0.587785252292473,0.));
#4621=DIRECTION('ref_axis',(-0.587785252292473,-0.809016994374947,0.));
#4622=DIRECTION('center_axis',(0.809016994374947,-0.587785252292473,0.));
#4623=DIRECTION('ref_axis',(0.587785252292473,0.809016994374947,0.));
#4624=DIRECTION('',(-0.587785252292473,-0.809016994374947,0.));
#4625=DIRECTION('center_axis',(-0.809016994374947,0.587785252292473,0.));
#4626=DIRECTION('ref_axis',(0.587785252292473,0.809016994374947,0.));
#4627=DIRECTION('',(0.587785252292473,0.809016994374947,0.));
#4628=DIRECTION('center_axis',(-0.809016994374947,0.587785252292473,0.));
#4629=DIRECTION('ref_axis',(-0.587785252292473,-0.809016994374947,0.));
#4630=DIRECTION('',(0.746515178326181,-0.66536838557947,1.21856911002324E-17));
#4631=DIRECTION('center_axis',(-0.809016994374947,0.587785252292473,0.));
#4632=DIRECTION('ref_axis',(-0.587785252292473,-0.809016994374947,0.));
#4633=DIRECTION('center_axis',(-0.809016994374947,0.587785252292473,0.));
#4634=DIRECTION('ref_axis',(-0.587785252292473,-0.809016994374947,0.));
#4635=DIRECTION('',(0.746515178326181,-0.66536838557947,1.21856911002324E-17));
#4636=DIRECTION('center_axis',(-0.809016994374947,0.587785252292473,0.));
#4637=DIRECTION('ref_axis',(-0.587785252292473,-0.809016994374947,0.));
#4638=DIRECTION('',(0.587785252292473,0.809016994374947,0.));
#4639=DIRECTION('',(-0.587785252292473,-0.809016994374947,0.));
#4640=DIRECTION('center_axis',(0.809016994374947,-0.587785252292473,0.));
#4641=DIRECTION('ref_axis',(0.587785252292473,0.809016994374947,0.));
#4642=DIRECTION('center_axis',(-0.805001996914978,0.584868185887972,0.099503719020999));
#4643=DIRECTION('ref_axis',(-0.0805001996914979,0.0584868185887973,-0.995037190209989));
#4644=DIRECTION('',(-0.0805001996914979,0.0584868185887973,-0.995037190209989));
#4645=DIRECTION('center_axis',(0.809016994374947,-0.587785252292473,0.));
#4646=DIRECTION('ref_axis',(0.587785252292473,0.809016994374947,0.));
#4647=DIRECTION('',(-0.0805001996914977,0.0584868185887972,0.995037190209989));
#4648=DIRECTION('center_axis',(-0.809016994374947,0.587785252292473,0.));
#4649=DIRECTION('ref_axis',(0.587785252292473,0.809016994374947,0.));
#4650=DIRECTION('center_axis',(-0.805001996914978,0.584868185887972,-0.099503719020999));
#4651=DIRECTION('ref_axis',(0.0805001996914979,-0.0584868185887973,-0.995037190209989));
#4652=DIRECTION('',(-0.587785252292473,-0.809016994374947,0.));
#4653=DIRECTION('center_axis',(-0.809016994374947,0.587785252292473,0.));
#4654=DIRECTION('ref_axis',(0.587785252292473,0.809016994374947,1.22464679914735E-16));
#4655=DIRECTION('',(0.809016994374947,-0.587785252292473,0.));
#4656=DIRECTION('center_axis',(-0.809016994374947,0.587785252292473,0.));
#4657=DIRECTION('ref_axis',(0.587785252292473,0.809016994374947,0.));
#4658=DIRECTION('',(0.0805001996914962,-0.058486818588796,-0.995037190209989));
#4659=DIRECTION('',(-0.0805001996914962,0.058486818588796,-0.995037190209989));
#4660=DIRECTION('center_axis',(0.809016994374947,-0.587785252292473,0.));
#4661=DIRECTION('ref_axis',(0.587785252292473,0.809016994374947,0.));
#4662=DIRECTION('center_axis',(0.805001996914978,-0.584868185887972,-0.0995037190209993));
#4663=DIRECTION('ref_axis',(0.0805001996914981,-0.0584868185887974,0.995037190209989));
#4664=DIRECTION('',(0.587785252292473,0.809016994374947,0.));
#4665=DIRECTION('center_axis',(0.805001996914978,-0.584868185887972,0.0995037190209993));
#4666=DIRECTION('ref_axis',(-0.0805001996914981,0.0584868185887974,0.995037190209989));
#4667=DIRECTION('center_axis',(-0.809016994374947,0.587785252292473,0.));
#4668=DIRECTION('ref_axis',(0.587785252292473,0.809016994374947,1.22464679914735E-16));
#4669=DIRECTION('',(0.809016994374947,-0.587785252292473,0.));
#4670=DIRECTION('center_axis',(0.951056516295154,-0.309016994374948,0.));
#4671=DIRECTION('ref_axis',(0.309016994374948,0.951056516295154,0.));
#4672=DIRECTION('',(0.0307483401809984,0.0946336603705231,-0.995037190209989));
#4673=DIRECTION('',(0.,0.,1.));
#4674=DIRECTION('',(-0.0307483401809984,-0.0946336603705231,-0.995037190209989));
#4675=DIRECTION('',(-0.309016994374948,-0.951056516295154,0.));
#4676=DIRECTION('',(-0.0307483401809985,-0.0946336603705234,0.995037190209989));
#4677=DIRECTION('',(0.,0.,1.));
#4678=DIRECTION('',(0.0307483401809985,0.0946336603705234,0.995037190209989));
#4679=DIRECTION('center_axis',(0.,0.,1.));
#4680=DIRECTION('ref_axis',(0.309016994374947,-0.951056516295154,0.));
#4681=DIRECTION('',(-0.951056516295154,0.309016994374948,0.));
#4682=DIRECTION('',(-0.309016994374948,-0.951056516295154,0.));
#4683=DIRECTION('',(0.951056516295154,-0.309016994374947,0.));
#4684=DIRECTION('',(-0.951056516295154,0.309016994374948,0.));
#4685=DIRECTION('',(-0.309016994374948,-0.951056516295154,0.));
#4686=DIRECTION('',(-0.951056516295154,0.309016994374947,0.));
#4687=DIRECTION('',(-1.,0.,0.));
#4688=DIRECTION('',(1.38777878078145E-16,-1.,0.));
#4689=DIRECTION('',(-1.,0.,0.));
#4690=DIRECTION('',(0.,1.,0.));
#4691=DIRECTION('',(-1.,0.,0.));
#4692=DIRECTION('',(-1.49280893979026E-16,1.,0.));
#4693=DIRECTION('',(-0.309016994374947,0.951056516295154,0.));
#4694=DIRECTION('',(-0.951056516295154,-0.309016994374947,0.));
#4695=DIRECTION('',(-0.309016994374947,0.951056516295154,0.));
#4696=DIRECTION('',(0.951056516295154,0.309016994374947,0.));
#4697=DIRECTION('',(-0.309016994374947,0.951056516295154,0.));
#4698=DIRECTION('',(0.951056516295154,0.309016994374947,0.));
#4699=DIRECTION('',(0.809016994374947,0.587785252292473,0.));
#4700=DIRECTION('',(-0.587785252292473,0.809016994374947,0.));
#4701=DIRECTION('',(0.809016994374947,0.587785252292473,0.));
#4702=DIRECTION('',(0.587785252292473,-0.809016994374947,0.));
#4703=DIRECTION('',(0.809016994374947,0.587785252292473,0.));
#4704=DIRECTION('center_axis',(0.809016994374948,0.587785252292473,0.));
#4705=DIRECTION('ref_axis',(0.587785252292473,-0.809016994374948,0.));
#4706=DIRECTION('',(-0.74651517832618,-0.665368385579471,-1.21856911002326E-17));
#4707=DIRECTION('center_axis',(-0.809016994374947,-0.587785252292473,0.));
#4708=DIRECTION('ref_axis',(0.587785252292473,-0.809016994374947,0.));
#4709=DIRECTION('center_axis',(-0.809016994374948,-0.587785252292473,0.));
#4710=DIRECTION('ref_axis',(0.587785252292473,-0.809016994374947,0.));
#4711=DIRECTION('',(-0.809016994374947,-0.587785252292473,0.));
#4712=DIRECTION('center_axis',(0.809016994374948,0.587785252292473,0.));
#4713=DIRECTION('ref_axis',(0.587785252292473,-0.809016994374947,0.));
#4714=DIRECTION('center_axis',(0.809016994374948,0.587785252292473,0.));
#4715=DIRECTION('ref_axis',(0.587785252292473,-0.809016994374948,0.));
#4716=DIRECTION('center_axis',(0.809016994374947,0.587785252292473,0.));
#4717=DIRECTION('ref_axis',(0.587785252292473,-0.809016994374947,0.));
#4718=DIRECTION('',(-0.74651517832618,-0.665368385579471,-1.21856911002326E-17));
#4719=DIRECTION('center_axis',(-0.809016994374947,-0.587785252292473,0.));
#4720=DIRECTION('ref_axis',(0.587785252292473,-0.809016994374947,0.));
#4721=DIRECTION('center_axis',(-0.809016994374948,-0.587785252292473,0.));
#4722=DIRECTION('ref_axis',(0.587785252292473,-0.809016994374947,0.));
#4723=DIRECTION('',(-0.809016994374947,-0.587785252292473,0.));
#4724=DIRECTION('center_axis',(0.809016994374948,0.587785252292473,0.));
#4725=DIRECTION('ref_axis',(0.587785252292473,-0.809016994374947,0.));
#4726=DIRECTION('center_axis',(0.809016994374947,0.587785252292473,0.));
#4727=DIRECTION('ref_axis',(-0.587785252292473,0.809016994374947,0.));
#4728=DIRECTION('',(0.587785252292473,-0.809016994374947,0.));
#4729=DIRECTION('center_axis',(-0.809016994374947,-0.587785252292473,0.));
#4730=DIRECTION('ref_axis',(-0.587785252292473,0.809016994374947,0.));
#4731=DIRECTION('',(-0.587785252292473,0.809016994374947,0.));
#4732=DIRECTION('',(0.,0.,1.));
#4733=DIRECTION('center_axis',(-0.809016994374948,-0.587785252292473,0.));
#4734=DIRECTION('ref_axis',(0.587785252292473,-0.809016994374948,0.));
#4735=DIRECTION('',(0.863488815503776,0.504367986196474,1.21856911002324E-17));
#4736=DIRECTION('center_axis',(-0.809016994374948,-0.587785252292473,0.));
#4737=DIRECTION('ref_axis',(0.587785252292473,-0.809016994374948,0.));
#4738=DIRECTION('center_axis',(-0.809016994374948,-0.587785252292473,0.));
#4739=DIRECTION('ref_axis',(0.587785252292473,-0.809016994374948,0.));
#4740=DIRECTION('',(0.863488815503776,0.504367986196474,1.21856911002324E-17));
#4741=DIRECTION('center_axis',(-0.809016994374948,-0.587785252292473,0.));
#4742=DIRECTION('ref_axis',(0.587785252292473,-0.809016994374947,0.));
#4743=DIRECTION('',(-0.587785252292473,0.809016994374947,0.));
#4744=DIRECTION('',(0.,0.,1.));
#4745=DIRECTION('',(0.587785252292473,-0.809016994374947,0.));
#4746=DIRECTION('center_axis',(0.809016994374948,0.587785252292473,0.));
#4747=DIRECTION('ref_axis',(-0.587785252292473,0.809016994374947,0.));
#4748=DIRECTION('center_axis',(-0.805001996914978,-0.584868185887972,0.099503719020999));
#4749=DIRECTION('ref_axis',(-0.0805001996914979,-0.0584868185887973,-0.995037190209989));
#4750=DIRECTION('',(-0.0805001996914979,-0.0584868185887973,-0.995037190209989));
#4751=DIRECTION('',(-0.0805001996914979,-0.0584868185887973,-0.995037190209989));
#4752=DIRECTION('center_axis',(0.809016994374948,0.587785252292473,0.));
#4753=DIRECTION('ref_axis',(-0.587785252292473,0.809016994374947,0.));
#4754=DIRECTION('',(-0.0805001996914977,-0.0584868185887971,0.995037190209989));
#4755=DIRECTION('center_axis',(-0.809016994374948,-0.587785252292473,0.));
#4756=DIRECTION('ref_axis',(-0.587785252292473,0.809016994374947,0.));
#4757=DIRECTION('center_axis',(-0.805001996914978,-0.584868185887972,-0.099503719020999));
#4758=DIRECTION('ref_axis',(0.0805001996914979,0.0584868185887972,-0.995037190209989));
#4759=DIRECTION('',(0.0805001996914979,0.0584868185887972,-0.995037190209989));
#4760=DIRECTION('center_axis',(-0.809016994374948,-0.587785252292473,0.));
#4761=DIRECTION('ref_axis',(-0.587785252292473,0.809016994374947,1.22464679914735E-16));
#4762=DIRECTION('center_axis',(-0.809016994374948,-0.587785252292473,0.));
#4763=DIRECTION('ref_axis',(-0.587785252292473,0.809016994374947,0.));
#4764=DIRECTION('',(0.0805001996914962,0.058486818588796,-0.995037190209989));
#4765=DIRECTION('',(-0.0805001996914962,-0.058486818588796,-0.995037190209989));
#4766=DIRECTION('center_axis',(0.809016994374947,0.587785252292473,0.));
#4767=DIRECTION('ref_axis',(-0.587785252292473,0.809016994374947,0.));
#4768=DIRECTION('center_axis',(0.805001996914978,0.584868185887972,-0.0995037190209993));
#4769=DIRECTION('ref_axis',(0.0805001996914981,0.0584868185887974,0.995037190209989));
#4770=DIRECTION('',(0.0805001996914981,0.0584868185887974,0.995037190209989));
#4771=DIRECTION('center_axis',(0.805001996914978,0.584868185887972,0.0995037190209993));
#4772=DIRECTION('ref_axis',(-0.0805001996914981,-0.0584868185887974,0.995037190209989));
#4773=DIRECTION('',(-0.0805001996914981,-0.0584868185887974,0.995037190209989));
#4774=DIRECTION('center_axis',(-0.809016994374948,-0.587785252292473,0.));
#4775=DIRECTION('ref_axis',(-0.587785252292473,0.809016994374947,1.22464679914735E-16));
#4776=DIRECTION('center_axis',(-0.587785252292473,0.809016994374948,0.));
#4777=DIRECTION('ref_axis',(-0.809016994374947,-0.587785252292473,0.));
#4778=DIRECTION('center_axis',(0.,-1.,0.));
#4779=DIRECTION('ref_axis',(1.,0.,0.));
#4780=DIRECTION('',(0.099503719020999,0.,-0.995037190209989));
#4781=DIRECTION('',(0.,0.,1.));
#4782=DIRECTION('',(-0.099503719020999,0.,-0.995037190209989));
#4783=DIRECTION('',(-0.0995037190209993,0.,0.995037190209989));
#4784=DIRECTION('',(0.,0.,1.));
#4785=DIRECTION('',(0.0995037190209993,0.,0.995037190209989));
#4786=DIRECTION('center_axis',(-1.,0.,0.));
#4787=DIRECTION('ref_axis',(-7.83724693389886E-17,1.,0.));
#4788=DIRECTION('center_axis',(-1.,-1.49280893979026E-16,0.));
#4789=DIRECTION('ref_axis',(-1.49280893979026E-16,1.,0.));
#4790=DIRECTION('',(0.995037190209989,0.0995037190210008,-1.21856911002326E-17));
#4791=DIRECTION('center_axis',(1.,1.49280893979026E-16,0.));
#4792=DIRECTION('ref_axis',(0.,1.,0.));
#4793=DIRECTION('center_axis',(-1.,-1.49280893979026E-16,0.));
#4794=DIRECTION('ref_axis',(-1.49280893979026E-16,1.,0.));
#4795=DIRECTION('center_axis',(1.,0.,0.));
#4796=DIRECTION('ref_axis',(0.,1.,0.));
#4797=DIRECTION('',(1.,0.,0.));
#4798=DIRECTION('center_axis',(-1.,0.,0.));
#4799=DIRECTION('ref_axis',(0.,1.,0.));
#4800=DIRECTION('center_axis',(-1.,-1.49280893979026E-16,0.));
#4801=DIRECTION('ref_axis',(1.49280893979026E-16,-1.,0.));
#4802=DIRECTION('center_axis',(-1.,-1.49280893979026E-16,0.));
#4803=DIRECTION('ref_axis',(0.,1.,0.));
#4804=DIRECTION('center_axis',(-1.,0.,0.));
#4805=DIRECTION('ref_axis',(-7.28583859910259E-17,1.,0.));
#4806=DIRECTION('center_axis',(-1.,-1.38777878078145E-16,0.));
#4807=DIRECTION('ref_axis',(-1.38777878078145E-16,1.,0.));
#4808=DIRECTION('',(0.995037190209989,0.0995037190210007,-1.21856911002326E-17));
#4809=DIRECTION('center_axis',(1.,1.38777878078145E-16,0.));
#4810=DIRECTION('ref_axis',(0.,1.,0.));
#4811=DIRECTION('center_axis',(1.,0.,0.));
#4812=DIRECTION('ref_axis',(0.,1.,0.));
#4813=DIRECTION('',(1.,0.,0.));
#4814=DIRECTION('center_axis',(-1.,0.,0.));
#4815=DIRECTION('ref_axis',(0.,1.,0.));
#4816=DIRECTION('center_axis',(-1.,-1.38777878078145E-16,0.));
#4817=DIRECTION('ref_axis',(1.38777878078145E-16,-1.,0.));
#4818=DIRECTION('',(-1.38777878078145E-16,1.,0.));
#4819=DIRECTION('center_axis',(1.,1.38777878078145E-16,0.));
#4820=DIRECTION('ref_axis',(1.38777878078145E-16,-1.,0.));
#4821=DIRECTION('',(1.38777878078145E-16,-1.,0.));
#4822=DIRECTION('center_axis',(1.,0.,0.));
#4823=DIRECTION('ref_axis',(0.,1.,0.));
#4824=DIRECTION('',(-0.995037190209989,0.099503719020999,1.21856911002324E-17));
#4825=DIRECTION('center_axis',(1.,0.,0.));
#4826=DIRECTION('ref_axis',(0.,1.,0.));
#4827=DIRECTION('center_axis',(1.,0.,0.));
#4828=DIRECTION('ref_axis',(0.,1.,0.));
#4829=DIRECTION('',(-0.995037190209989,0.099503719020999,1.21856911002324E-17));
#4830=DIRECTION('center_axis',(1.,0.,0.));
#4831=DIRECTION('ref_axis',(0.,1.,0.));
#4832=DIRECTION('',(0.,-1.,0.));
#4833=DIRECTION('',(0.,1.,0.));
#4834=DIRECTION('center_axis',(-1.,0.,0.));
#4835=DIRECTION('ref_axis',(0.,-1.,0.));
#4836=DIRECTION('center_axis',(0.995037190209989,0.,0.099503719020999));
#4837=DIRECTION('ref_axis',(0.099503719020999,0.,-0.995037190209989));
#4838=DIRECTION('',(0.099503719020999,0.,-0.995037190209989));
#4839=DIRECTION('center_axis',(-1.,0.,0.));
#4840=DIRECTION('ref_axis',(0.,-1.,0.));
#4841=DIRECTION('',(0.0995037190209988,0.,0.995037190209989));
#4842=DIRECTION('center_axis',(1.,0.,0.));
#4843=DIRECTION('ref_axis',(0.,-1.,0.));
#4844=DIRECTION('center_axis',(0.995037190209989,0.,-0.099503719020999));
#4845=DIRECTION('ref_axis',(-0.099503719020999,0.,-0.995037190209989));
#4846=DIRECTION('center_axis',(1.,0.,0.));
#4847=DIRECTION('ref_axis',(0.,-1.,1.22464679914735E-16));
#4848=DIRECTION('center_axis',(1.,0.,0.));
#4849=DIRECTION('ref_axis',(5.73212974670597E-17,-1.,0.));
#4850=DIRECTION('',(-0.0995037190209969,0.,-0.995037190209989));
#4851=DIRECTION('',(0.0995037190209969,0.,-0.995037190209989));
#4852=DIRECTION('center_axis',(-1.,-1.38777878078145E-16,0.));
#4853=DIRECTION('ref_axis',(0.,-1.,0.));
#4854=DIRECTION('center_axis',(-0.995037190209989,-1.38089149866181E-16,
-0.0995037190209993));
#4855=DIRECTION('ref_axis',(-0.0995037190209993,0.,0.995037190209989));
#4856=DIRECTION('center_axis',(-0.995037190209989,-1.38089149866181E-16,
0.0995037190209993));
#4857=DIRECTION('ref_axis',(0.0995037190209993,0.,0.995037190209989));
#4858=DIRECTION('center_axis',(1.,0.,0.));
#4859=DIRECTION('ref_axis',(0.,-1.,1.22464679914735E-16));
#4860=DIRECTION('center_axis',(-0.951056516295154,-0.309016994374947,0.));
#4861=DIRECTION('ref_axis',(0.309016994374947,-0.951056516295154,0.));
#4862=DIRECTION('',(0.0307483401809984,-0.0946336603705231,-0.995037190209989));
#4863=DIRECTION('',(0.,0.,1.));
#4864=DIRECTION('',(-0.0307483401809984,0.0946336603705231,-0.995037190209989));
#4865=DIRECTION('',(-0.0307483401809985,0.0946336603705234,0.995037190209989));
#4866=DIRECTION('',(0.,0.,1.));
#4867=DIRECTION('',(0.0307483401809985,-0.0946336603705234,0.995037190209989));
#4868=DIRECTION('center_axis',(-0.309016994374948,-0.951056516295154,0.));
#4869=DIRECTION('ref_axis',(-0.951056516295154,0.309016994374947,0.));
#4870=DIRECTION('center_axis',(-0.309016994374947,-0.951056516295154,0.));
#4871=DIRECTION('ref_axis',(-0.951056516295154,0.309016994374947,0.));
#4872=DIRECTION('',(0.212849741439459,0.977084943886229,-1.21856911002326E-17));
#4873=DIRECTION('center_axis',(0.309016994374947,0.951056516295154,0.));
#4874=DIRECTION('ref_axis',(-0.951056516295154,0.309016994374947,0.));
#4875=DIRECTION('center_axis',(0.309016994374948,0.951056516295154,0.));
#4876=DIRECTION('ref_axis',(-0.951056516295154,0.309016994374947,0.));
#4877=DIRECTION('',(0.309016994374947,0.951056516295154,0.));
#4878=DIRECTION('center_axis',(-0.309016994374948,-0.951056516295154,0.));
#4879=DIRECTION('ref_axis',(-0.951056516295154,0.309016994374947,0.));
#4880=DIRECTION('center_axis',(-0.309016994374947,-0.951056516295154,0.));
#4881=DIRECTION('ref_axis',(0.951056516295154,-0.309016994374947,0.));
#4882=DIRECTION('center_axis',(-0.309016994374947,-0.951056516295154,0.));
#4883=DIRECTION('ref_axis',(-0.951056516295154,0.309016994374947,0.));
#4884=DIRECTION('center_axis',(-0.309016994374948,-0.951056516295154,0.));
#4885=DIRECTION('ref_axis',(-0.951056516295154,0.309016994374947,0.));
#4886=DIRECTION('center_axis',(-0.309016994374947,-0.951056516295154,0.));
#4887=DIRECTION('ref_axis',(-0.951056516295154,0.309016994374947,0.));
#4888=DIRECTION('',(0.212849741439459,0.977084943886229,-1.21856911002326E-17));
#4889=DIRECTION('center_axis',(0.309016994374947,0.951056516295154,0.));
#4890=DIRECTION('ref_axis',(-0.951056516295154,0.309016994374947,0.));
#4891=DIRECTION('center_axis',(0.309016994374948,0.951056516295154,0.));
#4892=DIRECTION('ref_axis',(-0.951056516295154,0.309016994374947,0.));
#4893=DIRECTION('',(0.309016994374947,0.951056516295154,0.));
#4894=DIRECTION('center_axis',(-0.309016994374948,-0.951056516295154,0.));
#4895=DIRECTION('ref_axis',(-0.951056516295154,0.309016994374947,0.));
#4896=DIRECTION('center_axis',(-0.309016994374947,-0.951056516295154,0.));
#4897=DIRECTION('ref_axis',(0.951056516295154,-0.309016994374947,0.));
#4898=DIRECTION('',(-0.951056516295154,0.309016994374947,0.));
#4899=DIRECTION('center_axis',(0.309016994374947,0.951056516295154,0.));
#4900=DIRECTION('ref_axis',(0.951056516295154,-0.309016994374947,0.));
#4901=DIRECTION('',(0.951056516295154,-0.309016994374947,0.));
#4902=DIRECTION('center_axis',(0.309016994374948,0.951056516295154,0.));
#4903=DIRECTION('ref_axis',(-0.951056516295154,0.309016994374948,0.));
#4904=DIRECTION('center_axis',(0.309016994374948,0.951056516295154,0.));
#4905=DIRECTION('ref_axis',(-0.951056516295154,0.309016994374948,0.));
#4906=DIRECTION('',(-0.402117062180507,-0.915588263524232,1.21856911002324E-17));
#4907=DIRECTION('center_axis',(0.309016994374948,0.951056516295154,0.));
#4908=DIRECTION('ref_axis',(-0.951056516295154,0.309016994374948,0.));
#4909=DIRECTION('center_axis',(0.309016994374948,0.951056516295154,0.));
#4910=DIRECTION('ref_axis',(-0.951056516295154,0.309016994374947,0.));
#4911=DIRECTION('center_axis',(0.309016994374948,0.951056516295154,0.));
#4912=DIRECTION('ref_axis',(-0.951056516295154,0.309016994374948,0.));
#4913=DIRECTION('center_axis',(0.309016994374948,0.951056516295154,0.));
#4914=DIRECTION('ref_axis',(-0.951056516295154,0.309016994374948,0.));
#4915=DIRECTION('',(-0.402117062180507,-0.915588263524232,1.21856911002324E-17));
#4916=DIRECTION('center_axis',(0.309016994374948,0.951056516295154,0.));
#4917=DIRECTION('ref_axis',(-0.951056516295154,0.309016994374948,0.));
#4918=DIRECTION('',(0.951056516295154,-0.309016994374948,0.));
#4919=DIRECTION('',(-0.951056516295154,0.309016994374948,0.));
#4920=DIRECTION('center_axis',(-0.309016994374948,-0.951056516295154,0.));
#4921=DIRECTION('ref_axis',(0.951056516295154,-0.309016994374948,0.));
#4922=DIRECTION('center_axis',(0.307483401809984,0.94633660370523,0.0995037190209991));
#4923=DIRECTION('ref_axis',(0.0307483401809984,0.0946336603705231,-0.995037190209989));
#4924=DIRECTION('',(0.0307483401809984,0.0946336603705231,-0.995037190209989));
#4925=DIRECTION('center_axis',(-0.309016994374948,-0.951056516295154,0.));
#4926=DIRECTION('ref_axis',(0.951056516295154,-0.309016994374948,0.));
#4927=DIRECTION('',(0.0307483401809983,0.0946336603705229,0.995037190209989));
#4928=DIRECTION('center_axis',(0.309016994374948,0.951056516295154,0.));
#4929=DIRECTION('ref_axis',(0.951056516295154,-0.309016994374947,0.));
#4930=DIRECTION('center_axis',(0.307483401809984,0.94633660370523,-0.099503719020999));
#4931=DIRECTION('ref_axis',(-0.0307483401809984,-0.0946336603705231,-0.995037190209989));
#4932=DIRECTION('center_axis',(0.309016994374948,0.951056516295154,0.));
#4933=DIRECTION('ref_axis',(0.951056516295154,-0.309016994374948,1.22464679914735E-16));
#4934=DIRECTION('center_axis',(0.309016994374948,0.951056516295154,0.));
#4935=DIRECTION('ref_axis',(0.951056516295154,-0.309016994374947,0.));
#4936=DIRECTION('',(-0.0307483401809977,-0.0946336603705211,-0.995037190209989));
#4937=DIRECTION('',(0.0307483401809977,0.0946336603705211,-0.995037190209989));
#4938=DIRECTION('center_axis',(-0.309016994374947,-0.951056516295154,0.));
#4939=DIRECTION('ref_axis',(0.951056516295154,-0.309016994374947,0.));
#4940=DIRECTION('center_axis',(-0.307483401809984,-0.94633660370523,-0.0995037190209993));
#4941=DIRECTION('ref_axis',(-0.0307483401809985,-0.0946336603705234,0.995037190209989));
#4942=DIRECTION('center_axis',(-0.307483401809984,-0.94633660370523,0.0995037190209993));
#4943=DIRECTION('ref_axis',(0.0307483401809985,0.0946336603705234,0.995037190209989));
#4944=DIRECTION('center_axis',(0.309016994374948,0.951056516295154,0.));
#4945=DIRECTION('ref_axis',(0.951056516295154,-0.309016994374948,1.22464679914735E-16));
#4946=DIRECTION('center_axis',(-0.309016994374947,0.951056516295154,0.));
#4947=DIRECTION('ref_axis',(0.951056516295154,0.309016994374947,0.));
#4948=DIRECTION('center_axis',(-0.309016994374947,0.951056516295154,0.));
#4949=DIRECTION('ref_axis',(0.951056516295154,0.309016994374947,0.));
#4950=DIRECTION('',(0.402117062180508,-0.915588263524231,-1.21856911002326E-17));
#4951=DIRECTION('center_axis',(0.309016994374947,-0.951056516295154,0.));
#4952=DIRECTION('ref_axis',(0.951056516295154,0.309016994374947,0.));
#4953=DIRECTION('center_axis',(-0.309016994374947,0.951056516295154,0.));
#4954=DIRECTION('ref_axis',(0.951056516295154,0.309016994374947,0.));
#4955=DIRECTION('center_axis',(0.309016994374947,-0.951056516295154,0.));
#4956=DIRECTION('ref_axis',(0.951056516295154,0.309016994374947,0.));
#4957=DIRECTION('',(0.309016994374947,-0.951056516295154,0.));
#4958=DIRECTION('center_axis',(-0.309016994374947,0.951056516295154,0.));
#4959=DIRECTION('ref_axis',(0.951056516295154,0.309016994374947,0.));
#4960=DIRECTION('center_axis',(-0.309016994374947,0.951056516295154,0.));
#4961=DIRECTION('ref_axis',(-0.951056516295154,-0.309016994374947,0.));
#4962=DIRECTION('center_axis',(-0.309016994374947,0.951056516295154,0.));
#4963=DIRECTION('ref_axis',(0.951056516295154,0.309016994374947,0.));
#4964=DIRECTION('center_axis',(-0.309016994374947,0.951056516295154,0.));
#4965=DIRECTION('ref_axis',(0.951056516295154,0.309016994374947,0.));
#4966=DIRECTION('center_axis',(-0.309016994374947,0.951056516295154,0.));
#4967=DIRECTION('ref_axis',(0.951056516295154,0.309016994374947,0.));
#4968=DIRECTION('',(0.402117062180508,-0.915588263524231,-1.21856911002326E-17));
#4969=DIRECTION('center_axis',(0.309016994374947,-0.951056516295154,0.));
#4970=DIRECTION('ref_axis',(0.951056516295154,0.309016994374947,0.));
#4971=DIRECTION('center_axis',(0.309016994374947,-0.951056516295154,0.));
#4972=DIRECTION('ref_axis',(0.951056516295154,0.309016994374947,0.));
#4973=DIRECTION('',(0.309016994374947,-0.951056516295154,0.));
#4974=DIRECTION('center_axis',(-0.309016994374947,0.951056516295154,0.));
#4975=DIRECTION('ref_axis',(0.951056516295154,0.309016994374947,0.));
#4976=DIRECTION('center_axis',(-0.309016994374947,0.951056516295154,0.));
#4977=DIRECTION('ref_axis',(-0.951056516295154,-0.309016994374947,0.));
#4978=DIRECTION('',(0.951056516295154,0.309016994374947,0.));
#4979=DIRECTION('center_axis',(0.309016994374947,-0.951056516295154,0.));
#4980=DIRECTION('ref_axis',(-0.951056516295154,-0.309016994374947,0.));
#4981=DIRECTION('',(-0.951056516295154,-0.309016994374947,0.));
#4982=DIRECTION('center_axis',(0.309016994374947,-0.951056516295154,0.));
#4983=DIRECTION('ref_axis',(0.951056516295154,0.309016994374947,0.));
#4984=DIRECTION('',(-0.21284974143946,0.977084943886229,1.21856911002324E-17));
#4985=DIRECTION('center_axis',(0.309016994374947,-0.951056516295154,0.));
#4986=DIRECTION('ref_axis',(0.951056516295154,0.309016994374947,0.));
#4987=DIRECTION('center_axis',(0.309016994374947,-0.951056516295154,0.));
#4988=DIRECTION('ref_axis',(0.951056516295154,0.309016994374947,0.));
#4989=DIRECTION('',(-0.21284974143946,0.977084943886229,1.21856911002324E-17));
#4990=DIRECTION('center_axis',(0.309016994374947,-0.951056516295154,0.));
#4991=DIRECTION('ref_axis',(0.951056516295154,0.309016994374947,0.));
#4992=DIRECTION('',(-0.951056516295154,-0.309016994374947,0.));
#4993=DIRECTION('',(0.951056516295154,0.309016994374947,0.));
#4994=DIRECTION('center_axis',(-0.309016994374947,0.951056516295154,0.));
#4995=DIRECTION('ref_axis',(-0.951056516295154,-0.309016994374947,0.));
#4996=DIRECTION('center_axis',(0.307483401809984,-0.94633660370523,0.099503719020999));
#4997=DIRECTION('ref_axis',(0.0307483401809984,-0.0946336603705231,-0.995037190209989));
#4998=DIRECTION('',(0.0307483401809984,-0.0946336603705231,-0.995037190209989));
#4999=DIRECTION('center_axis',(-0.309016994374947,0.951056516295154,0.));
#5000=DIRECTION('ref_axis',(-0.951056516295154,-0.309016994374947,0.));
#5001=DIRECTION('',(0.0307483401809983,-0.0946336603705229,0.995037190209989));
#5002=DIRECTION('center_axis',(0.309016994374947,-0.951056516295154,0.));
#5003=DIRECTION('ref_axis',(-0.951056516295154,-0.309016994374947,0.));
#5004=DIRECTION('center_axis',(0.307483401809984,-0.94633660370523,-0.099503719020999));
#5005=DIRECTION('ref_axis',(-0.0307483401809984,0.0946336603705231,-0.995037190209989));
#5006=DIRECTION('center_axis',(0.309016994374947,-0.951056516295154,0.));
#5007=DIRECTION('ref_axis',(-0.951056516295154,-0.309016994374947,1.22464679914735E-16));
#5008=DIRECTION('center_axis',(0.309016994374947,-0.951056516295154,0.));
#5009=DIRECTION('ref_axis',(-0.951056516295154,-0.309016994374947,0.));
#5010=DIRECTION('',(-0.0307483401809977,0.0946336603705211,-0.995037190209989));
#5011=DIRECTION('',(0.0307483401809977,-0.0946336603705211,-0.995037190209989));
#5012=DIRECTION('center_axis',(-0.309016994374947,0.951056516295154,0.));
#5013=DIRECTION('ref_axis',(-0.951056516295154,-0.309016994374947,0.));
#5014=DIRECTION('center_axis',(-0.307483401809984,0.94633660370523,-0.0995037190209993));
#5015=DIRECTION('ref_axis',(-0.0307483401809985,0.0946336603705234,0.995037190209989));
#5016=DIRECTION('center_axis',(-0.307483401809984,0.94633660370523,0.0995037190209993));
#5017=DIRECTION('ref_axis',(0.0307483401809985,-0.0946336603705234,0.995037190209989));
#5018=DIRECTION('center_axis',(0.309016994374947,-0.951056516295154,0.));
#5019=DIRECTION('ref_axis',(-0.951056516295154,-0.309016994374947,1.22464679914735E-16));
#5020=DIRECTION('center_axis',(0.978684811660869,-0.20536805843249,-1.08655841175683E-15));
#5021=DIRECTION('ref_axis',(-0.20451766944457,-0.974632269153368,0.0909090909090913));
#5022=DIRECTION('center_axis',(-0.0785684355453961,-0.333298862812232,-0.939541839932646));
#5023=DIRECTION('ref_axis',(0.996521728602855,0.,-0.083333333200928));
#5024=DIRECTION('center_axis',(0.,0.,1.));
#5025=DIRECTION('ref_axis',(1.,0.,0.));
#5026=DIRECTION('center_axis',(0.497746869150956,-0.867322347371737,-1.92584247964808E-15));
#5027=DIRECTION('ref_axis',(-0.863730935061513,-0.495685796657366,0.0909090909090904));
#5028=DIRECTION('center_axis',(0.,0.,1.));
#5029=DIRECTION('ref_axis',(-0.587785252292472,-0.809016994374948,0.));
#5030=DIRECTION('center_axis',(0.,0.,-1.));
#5031=DIRECTION('ref_axis',(-0.587785252292472,-0.809016994374948,0.));
#5032=DIRECTION('center_axis',(-0.292707073546367,-0.177718035415335,-0.939541839932653));
#5033=DIRECTION('ref_axis',(-0.848453990613989,-0.404854069476107,0.340909090872966));
#5034=DIRECTION('center_axis',(0.360674799891877,-0.93269163646028,-5.54980368983079E-15));
#5035=DIRECTION('ref_axis',(-0.752437927408469,-0.290970121624618,0.590909090909087));
#5036=DIRECTION('center_axis',(0.,0.,1.));
#5037=DIRECTION('ref_axis',(1.,0.,0.));
#5038=DIRECTION('center_axis',(0.256430346292573,-0.966562712657731,6.5679320329705E-17));
#5039=DIRECTION('ref_axis',(-0.779763016834407,-0.206872143746553,0.590909090909092));
#5040=DIRECTION('center_axis',(0.,0.,1.));
#5041=DIRECTION('ref_axis',(-0.951056516295153,-0.309016994374948,0.));
#5042=DIRECTION('center_axis',(0.,0.,-1.));
#5043=DIRECTION('ref_axis',(-0.951056516295153,-0.309016994374948,0.));
#5044=DIRECTION('center_axis',(0.341265037134707,0.0282719903390828,0.93954183993674));
#5045=DIRECTION('ref_axis',(-0.924380948720604,-0.171174920483575,0.340909090872976));
#5046=DIRECTION('center_axis',(0.107113608728751,-0.99424678768659,1.73199137305311E-15));
#5047=DIRECTION('ref_axis',(-0.990129806078173,-0.106670072211853,0.09090909090909));
#5048=DIRECTION('center_axis',(0.,0.,1.));
#5049=DIRECTION('ref_axis',(-0.951056516295154,0.309016994374947,0.));
#5050=DIRECTION('center_axis',(-0.67106032873173,-0.741402748310568,-2.98010651148197E-15));
#5051=DIRECTION('ref_axis',(-0.738332744447315,0.668281599078546,0.090909090909091));
#5052=DIRECTION('center_axis',(0.,0.,1.));
#5053=DIRECTION('ref_axis',(-0.951056516295154,0.309016994374947,0.));
#5054=DIRECTION('center_axis',(0.,0.,-1.));
#5055=DIRECTION('ref_axis',(-0.951056516295154,0.309016994374947,0.));
#5056=DIRECTION('center_axis',(0.,0.,-1.));
#5057=DIRECTION('ref_axis',(-0.951056516295154,0.309016994374947,0.));
#5058=DIRECTION('center_axis',(-0.259471355744496,0.223463076511696,-0.939541839932656));
#5059=DIRECTION('ref_axis',(-0.647225802968826,0.681820908840093,0.340909090872959));
#5060=DIRECTION('center_axis',(-0.77558781594016,-0.631239684878235,6.2475691323378E-15));
#5061=DIRECTION('ref_axis',(-0.509245136999765,0.625696281532088,0.590909090909091));
#5062=DIRECTION('center_axis',(0.,0.,1.));
#5063=DIRECTION('ref_axis',(1.,0.,0.));
#5064=DIRECTION('center_axis',(-0.840014431403196,-0.542564056157764,2.40946842992146E-15));
#5065=DIRECTION('ref_axis',(-0.437707124137018,0.677671690245868,0.590909090909092));
#5066=DIRECTION('center_axis',(0.,0.,1.));
#5067=DIRECTION('ref_axis',(-0.587785252292474,0.809016994374947,0.));
#5068=DIRECTION('center_axis',(0.,0.,-1.));
#5069=DIRECTION('ref_axis',(-0.587785252292474,0.809016994374947,0.));
#5070=DIRECTION('center_axis',(0.132344956701325,-0.31582581187103,0.939541839936748));
#5071=DIRECTION('ref_axis',(-0.448446445983315,0.826242565379625,0.340909090872963));
#5072=DIRECTION('center_axis',(-0.912484960808844,-0.409110249563223,-1.60750532317355E-15));
#5073=DIRECTION('ref_axis',(-0.407416203986083,0.908706538944039,0.0909090909090912));
#5074=DIRECTION('center_axis',(0.,0.,1.));
#5075=DIRECTION('ref_axis',(1.,0.,0.));
#5076=DIRECTION('center_axis',(-0.912484960808845,0.409110249563221,1.81681447470093E-15));
#5077=DIRECTION('ref_axis',(0.407416203986081,0.90870653894404,0.0909090909090906));
#5078=DIRECTION('center_axis',(0.,0.,1.));
#5079=DIRECTION('ref_axis',(-9.49410759657493E-16,1.,0.));
#5080=DIRECTION('center_axis',(0.,0.,-1.));
#5081=DIRECTION('ref_axis',(-9.49410759657493E-16,1.,0.));
#5082=DIRECTION('center_axis',(0.132344956589246,0.315825811930172,-0.939541839932655));
#5083=DIRECTION('ref_axis',(0.448446445983312,0.826242565379627,0.340909090872963));
#5084=DIRECTION('center_axis',(-0.840014431403197,0.542564056157763,-2.64189004224698E-15));
#5085=DIRECTION('ref_axis',(0.437707124137016,0.677671690245868,0.590909090909093));
#5086=DIRECTION('center_axis',(0.,0.,1.));
#5087=DIRECTION('ref_axis',(1.,0.,0.));
#5088=DIRECTION('center_axis',(-0.775587815940161,0.631239684878233,-2.80326732883577E-15));
#5089=DIRECTION('ref_axis',(0.509245136999765,0.625696281532088,0.590909090909091));
#5090=DIRECTION('center_axis',(0.,0.,1.));
#5091=DIRECTION('ref_axis',(0.587785252292473,0.809016994374948,0.));
#5092=DIRECTION('center_axis',(0.,0.,-1.));
#5093=DIRECTION('ref_axis',(0.587785252292473,0.809016994374948,0.));
#5094=DIRECTION('center_axis',(-0.259471355653609,-0.223463076600018,0.93954183993675));
#5095=DIRECTION('ref_axis',(0.647225802968824,0.681820908840095,0.340909090872959));
#5096=DIRECTION('center_axis',(-0.67106032873173,0.741402748310568,3.12383095297076E-16));
#5097=DIRECTION('ref_axis',(0.738332744447315,0.668281599078547,0.0909090909090915));
#5098=DIRECTION('center_axis',(0.,0.,1.));
#5099=DIRECTION('ref_axis',(1.,0.,0.));
#5100=DIRECTION('center_axis',(0.10711360872875,0.994246787686591,-3.31150702754776E-15));
#5101=DIRECTION('ref_axis',(0.990129806078173,-0.106670072211852,0.0909090909090904));
#5102=DIRECTION('center_axis',(0.,0.,1.));
#5103=DIRECTION('ref_axis',(0.951056516295153,0.309016994374948,0.));
#5104=DIRECTION('center_axis',(0.,0.,-1.));
#5105=DIRECTION('ref_axis',(0.951056516295153,0.309016994374948,0.));
#5106=DIRECTION('center_axis',(0.341265037156308,-0.0282719902142757,-0.939541839932649));
#5107=DIRECTION('ref_axis',(0.924380948720604,-0.171174920483572,0.340909090872975));
#5108=DIRECTION('center_axis',(0.25643034629257,0.966562712657732,-1.00742085800707E-15));
#5109=DIRECTION('ref_axis',(0.779763016834409,-0.20687214374655,0.590909090909091));
#5110=DIRECTION('center_axis',(0.,0.,1.));
#5111=DIRECTION('ref_axis',(1.,0.,0.));
#5112=DIRECTION('center_axis',(0.360674799891883,0.932691636460277,-1.60171786896816E-15));
#5113=DIRECTION('ref_axis',(0.752437927408465,-0.290970121624617,0.590909090909091));
#5114=DIRECTION('center_axis',(0.,0.,1.));
#5115=DIRECTION('ref_axis',(0.951056516295154,-0.309016994374946,0.));
#5116=DIRECTION('center_axis',(0.,0.,-1.));
#5117=DIRECTION('ref_axis',(0.951056516295154,-0.309016994374946,0.));
#5118=DIRECTION('center_axis',(-0.292707073602265,0.177718035301637,0.939541839936745));
#5119=DIRECTION('ref_axis',(0.84845399061399,-0.404854069476104,0.340909090872967));
#5120=DIRECTION('center_axis',(0.497746869150956,0.867322347371737,0.));
#5121=DIRECTION('ref_axis',(0.863730935061513,-0.495685796657366,0.0909090909090904));
#5122=DIRECTION('center_axis',(0.,0.,1.));
#5123=DIRECTION('ref_axis',(1.,0.,0.));
#5124=DIRECTION('center_axis',(0.978684811660869,0.205368058432487,-9.12017387977248E-16));
#5125=DIRECTION('ref_axis',(0.204517669444568,-0.974632269153369,0.0909090909090903));
#5126=DIRECTION('center_axis',(0.,0.,1.));
#5127=DIRECTION('ref_axis',(0.587785252292474,-0.809016994374947,0.));
#5128=DIRECTION('center_axis',(0.,0.,-1.));
#5129=DIRECTION('ref_axis',(0.587785252292474,-0.809016994374947,0.));
#5130=DIRECTION('center_axis',(0.078568435545397,-0.333298862812231,-0.939541839932646));
#5131=DIRECTION('ref_axis',(0.122852398878899,-0.932034484260029,0.34090909087298));
#5132=DIRECTION('center_axis',(0.998497101158913,0.0548045525230158,-1.93997032552417E-15));
#5133=DIRECTION('ref_axis',(0.0442129234368059,-0.805525706406793,0.59090909090909));
#5134=DIRECTION('center_axis',(0.,0.,1.));
#5135=DIRECTION('ref_axis',(1.,0.,0.));
#5136=DIRECTION('center_axis',(0.998497101158913,-0.0548045525230148,0.));
#5137=DIRECTION('ref_axis',(-0.0442129234368039,-0.805525706406792,0.590909090909092));
#5138=DIRECTION('center_axis',(0.,0.,1.));
#5139=DIRECTION('ref_axis',(9.49410759657493E-16,-1.,0.));
#5140=DIRECTION('center_axis',(0.,0.,-1.));
#5141=DIRECTION('ref_axis',(9.49410759657493E-16,-1.,0.));
#5142=DIRECTION('center_axis',(0.,0.,1.));
#5143=DIRECTION('ref_axis',(-1.,0.,0.));
#5144=DIRECTION('',(0.587785252292474,0.809016994374947,0.));
#5145=DIRECTION('center_axis',(0.,0.,-1.));
#5146=DIRECTION('ref_axis',(0.587785252292473,0.809016994374948,0.));
#5147=DIRECTION('',(-0.587785252292473,-0.809016994374947,0.));
#5148=DIRECTION('center_axis',(0.587785252292474,0.809016994374947,0.));
#5149=DIRECTION('ref_axis',(0.,0.,-1.));
#5150=DIRECTION('',(-0.587785252292474,-0.809016994374947,0.));
#5151=DIRECTION('center_axis',(0.587785252292473,0.809016994374947,0.));
#5152=DIRECTION('ref_axis',(-0.572061402817684,0.415626937777454,-0.707106781186548));
#5153=DIRECTION('',(-0.587785252292473,-0.809016994374947,0.));
#5154=DIRECTION('center_axis',(0.,0.,1.));
#5155=DIRECTION('ref_axis',(-1.,0.,0.));
#5156=DIRECTION('',(0.951056516295154,-0.309016994374947,0.));
#5157=DIRECTION('center_axis',(0.,0.,-1.));
#5158=DIRECTION('ref_axis',(0.951056516295153,0.309016994374948,0.));
#5159=DIRECTION('center_axis',(-0.951056516295154,0.309016994374947,0.));
#5160=DIRECTION('ref_axis',(-0.218508012224411,-0.672498511963957,-0.707106781186547));
#5161=DIRECTION('',(0.951056516295154,-0.309016994374947,0.));
#5162=DIRECTION('center_axis',(-0.951056516295154,0.309016994374947,0.));
#5163=DIRECTION('ref_axis',(0.,0.,-1.));
#5164=DIRECTION('',(-0.951056516295154,0.309016994374947,0.));
#5165=DIRECTION('center_axis',(0.,0.,1.));
#5166=DIRECTION('ref_axis',(-1.,0.,0.));
#5167=DIRECTION('',(0.951056516295154,-0.309016994374947,0.));
#5168=DIRECTION('center_axis',(0.,0.,-1.));
#5169=DIRECTION('ref_axis',(0.951056516295154,-0.309016994374946,0.));
#5170=DIRECTION('center_axis',(0.951056516295154,-0.309016994374947,0.));
#5171=DIRECTION('ref_axis',(0.,0.,-1.));
#5172=DIRECTION('',(-0.951056516295154,0.309016994374947,0.));
#5173=DIRECTION('center_axis',(0.951056516295154,-0.309016994374948,0.));
#5174=DIRECTION('ref_axis',(0.218508012224411,0.672498511963958,-0.707106781186547));
#5175=DIRECTION('',(-0.951056516295153,0.309016994374948,0.));
#5176=DIRECTION('center_axis',(0.,0.,1.));
#5177=DIRECTION('ref_axis',(-1.,0.,0.));
#5178=DIRECTION('',(0.,-1.,0.));
#5179=DIRECTION('center_axis',(0.,0.,-1.));
#5180=DIRECTION('ref_axis',(0.587785252292474,-0.809016994374947,0.));
#5181=DIRECTION('center_axis',(0.,1.,0.));
#5182=DIRECTION('ref_axis',(-0.707106781186547,0.,-0.707106781186548));
#5183=DIRECTION('',(0.,-1.,0.));
#5184=DIRECTION('center_axis',(0.,1.,0.));
#5185=DIRECTION('ref_axis',(0.,0.,-1.));
#5186=DIRECTION('',(0.,1.,0.));
#5187=DIRECTION('center_axis',(0.,0.,1.));
#5188=DIRECTION('ref_axis',(-1.,0.,0.));
#5189=DIRECTION('',(0.,-1.,0.));
#5190=DIRECTION('center_axis',(0.,0.,-1.));
#5191=DIRECTION('ref_axis',(1.17145536458252E-15,-1.,0.));
#5192=DIRECTION('center_axis',(0.,-1.,0.));
#5193=DIRECTION('ref_axis',(0.,0.,-1.));
#5194=DIRECTION('',(0.,1.,0.));
#5195=DIRECTION('center_axis',(4.25086721506703E-17,-1.,0.));
#5196=DIRECTION('ref_axis',(0.707106781186548,0.,-0.707106781186548));
#5197=DIRECTION('',(-4.25086721506703E-17,1.,0.));
#5198=DIRECTION('center_axis',(0.077492716667667,0.367780574131671,0.926678114641132));
#5199=DIRECTION('ref_axis',(0.99652172861447,0.,-0.0833333330620423));
#5200=DIRECTION('center_axis',(-0.998387450866681,0.0567670498787071,-3.90074106095537E-11));
#5201=DIRECTION('ref_axis',(0.043139223097137,0.758708776429122,-0.65));
#5202=DIRECTION('center_axis',(0.977528265811611,-0.210804386907257,3.10670831199761E-15));
#5203=DIRECTION('ref_axis',(2.22044604925032E-15,-4.44089209850063E-15,
-1.));
#5204=DIRECTION('center_axis',(0.,0.,1.));
#5205=DIRECTION('ref_axis',(1.,0.,0.));
#5206=DIRECTION('center_axis',(0.502559732449407,-0.864542489019701,0.));
#5207=DIRECTION('ref_axis',(0.,0.,-1.));
#5208=DIRECTION('center_axis',(0.,0.,1.));
#5209=DIRECTION('ref_axis',(-0.587785252292472,-0.809016994374948,0.));
#5210=DIRECTION('center_axis',(0.,0.,-1.));
#5211=DIRECTION('ref_axis',(-0.587785252292472,-0.809016994374948,0.));
#5212=DIRECTION('center_axis',(-0.32583354514735,-0.187350400874481,-0.926678114637915));
#5213=DIRECTION('ref_axis',(-0.307942149402272,0.947748483617731,-0.0833333331974718));
#5214=DIRECTION('center_axis',(0.362507361986484,-0.931980907801013,-3.90035415435734E-11));
#5215=DIRECTION('ref_axis',(-1.20659038316262E-11,3.71569441881547E-11,
-1.));
#5216=DIRECTION('center_axis',(0.,0.,-1.));
#5217=DIRECTION('ref_axis',(-1.,0.,0.));
#5218=DIRECTION('center_axis',(0.254530016559817,-0.967064874075188,5.6682649867222E-17));
#5219=DIRECTION('ref_axis',(4.44089209850062E-15,1.11022302462516E-15,-1.));
#5220=DIRECTION('center_axis',(0.,0.,1.));
#5221=DIRECTION('ref_axis',(-0.951056516295153,-0.309016994374948,0.));
#5222=DIRECTION('center_axis',(0.,0.,-1.));
#5223=DIRECTION('ref_axis',(-0.951056516295154,-0.309016994374948,0.));
#5224=DIRECTION('center_axis',(0.37372667798522,0.0399504944556612,0.926678114641152));
#5225=DIRECTION('ref_axis',(0.307942149405771,-0.947748483628522,-0.0833333330618135));
#5226=DIRECTION('center_axis',(0.101585960785908,-0.994826765105968,4.5190258200303E-15));
#5227=DIRECTION('ref_axis',(-4.44089209850063E-15,-4.99600361081321E-15,
-1.));
#5228=DIRECTION('center_axis',(0.,0.,1.));
#5229=DIRECTION('ref_axis',(-0.951056516295154,0.309016994374947,0.));
#5230=DIRECTION('center_axis',(-0.666929269780822,-0.745121029839864,0.));
#5231=DIRECTION('ref_axis',(0.,0.,-1.));
#5232=DIRECTION('center_axis',(0.,0.,1.));
#5233=DIRECTION('ref_axis',(-0.951056516295154,0.309016994374946,0.));
#5234=DIRECTION('center_axis',(0.,0.,1.));
#5235=DIRECTION('ref_axis',(-0.951056516295154,0.309016994374946,0.));
#5236=DIRECTION('center_axis',(0.,0.,-1.));
#5237=DIRECTION('ref_axis',(-0.951056516295154,0.309016994374947,0.));
#5238=DIRECTION('center_axis',(-0.278868922371777,0.25199165856598,-0.926678114637639));
#5239=DIRECTION('ref_axis',(0.806203013703709,0.585740775661842,-0.0833333331993901));
#5240=DIRECTION('center_axis',(-0.774345579986969,-0.632762927765719,-3.90085764600023E-11));
#5241=DIRECTION('ref_axis',(3.16147108492259E-11,2.29594121492482E-11,-1.));
#5242=DIRECTION('center_axis',(0.,0.,-1.));
#5243=DIRECTION('ref_axis',(-1.,0.,0.));
#5244=DIRECTION('center_axis',(-0.841079249473835,-0.540911911594235,0.));
#5245=DIRECTION('ref_axis',(0.,0.,-1.));
#5246=DIRECTION('center_axis',(0.,0.,1.));
#5247=DIRECTION('ref_axis',(-0.587785252292474,0.809016994374947,0.));
#5248=DIRECTION('center_axis',(0.,0.,-1.));
#5249=DIRECTION('ref_axis',(-0.587785252292474,0.809016994374947,0.));
#5250=DIRECTION('center_axis',(0.153483072828186,-0.343089810692066,0.926678114640947));
#5251=DIRECTION('ref_axis',(-0.80620301371286,-0.585740775668474,-0.0833333330642517));
#5252=DIRECTION('center_axis',(-0.914744689266107,-0.404032366846337,-1.7942641454664E-15));
#5253=DIRECTION('ref_axis',(0.,4.44089209850062E-15,-1.));
#5254=DIRECTION('center_axis',(0.,0.,1.));
#5255=DIRECTION('ref_axis',(1.,0.,0.));
#5256=DIRECTION('center_axis',(-0.914744689266107,0.404032366846339,-2.03114123135363E-15));
#5257=DIRECTION('ref_axis',(2.22044604925031E-15,0.,-1.));
#5258=DIRECTION('center_axis',(0.,0.,1.));
#5259=DIRECTION('ref_axis',(-8.26946079742757E-16,1.,0.));
#5260=DIRECTION('center_axis',(0.,0.,-1.));
#5261=DIRECTION('ref_axis',(-8.26946079742757E-16,1.,0.));
#5262=DIRECTION('center_axis',(0.153483072716558,0.343089810750181,-0.926678114637919));
#5263=DIRECTION('ref_axis',(0.806203013703849,-0.585740775661927,-0.0833333331974417));
#5264=DIRECTION('center_axis',(-0.841079249456677,0.540911911620915,-3.90156340618266E-11));
#5265=DIRECTION('ref_axis',(3.16191517413244E-11,-2.29638530413467E-11,
-1.));
#5266=DIRECTION('center_axis',(0.,0.,-1.));
#5267=DIRECTION('ref_axis',(-1.,0.,0.));
#5268=DIRECTION('center_axis',(-0.7743455799669,0.632762927790278,0.));
#5269=DIRECTION('ref_axis',(0.,0.,-1.));
#5270=DIRECTION('center_axis',(0.,0.,1.));
#5271=DIRECTION('ref_axis',(0.587785252292473,0.809016994374948,0.));
#5272=DIRECTION('center_axis',(-0.278868922280222,-0.251991658655083,0.926678114640962));
#5273=DIRECTION('ref_axis',(-0.806203013712869,0.585740775668487,-0.0833333330640686));
#5274=DIRECTION('center_axis',(-0.666929269780824,0.745121029839862,3.47241169414037E-16));
#5275=DIRECTION('ref_axis',(4.44089209850063E-15,4.44089209850063E-15,-1.));
#5276=DIRECTION('center_axis',(0.,0.,1.));
#5277=DIRECTION('ref_axis',(1.,0.,0.));
#5278=DIRECTION('center_axis',(0.101585960785905,0.994826765105968,1.10447958013401E-15));
#5279=DIRECTION('ref_axis',(0.,1.11022302462516E-15,-1.));
#5280=DIRECTION('center_axis',(0.,0.,1.));
#5281=DIRECTION('ref_axis',(0.951056516295153,0.309016994374948,0.));
#5282=DIRECTION('center_axis',(0.373726678006798,-0.0399504943292748,-0.926678114637898));
#5283=DIRECTION('ref_axis',(-0.307942149402267,-0.947748483617722,-0.0833333331975894));
#5284=DIRECTION('center_axis',(0.25453001659049,0.967064874067115,-3.90075879101983E-11));
#5285=DIRECTION('ref_axis',(-1.20703447237247E-11,-3.7159164634204E-11,
-1.));
#5286=DIRECTION('center_axis',(0.,0.,-1.));
#5287=DIRECTION('ref_axis',(-1.,0.,0.));
#5288=DIRECTION('center_axis',(0.362507362016041,0.931980907789516,-2.06941332467795E-15));
#5289=DIRECTION('ref_axis',(0.,-2.22044604925031E-15,-1.));
#5290=DIRECTION('center_axis',(0.,0.,1.));
#5291=DIRECTION('ref_axis',(0.951056516295154,-0.309016994374946,0.));
#5292=DIRECTION('center_axis',(-0.325833545204227,0.187350400759466,0.92667811464117));
#5293=DIRECTION('ref_axis',(0.30794214940578,0.947748483628538,-0.0833333330615994));
#5294=DIRECTION('center_axis',(0.502559732449409,0.8645424890197,-4.46362708971835E-15));
#5295=DIRECTION('ref_axis',(-8.88178419700126E-15,0.,-1.));
#5296=DIRECTION('center_axis',(0.,0.,1.));
#5297=DIRECTION('ref_axis',(1.,0.,0.));
#5298=DIRECTION('center_axis',(0.977528265811611,0.210804386907257,-5.27725708784951E-15));
#5299=DIRECTION('ref_axis',(-4.44089209850063E-15,-4.44089209850063E-15,
-1.));
#5300=DIRECTION('center_axis',(0.,0.,1.));
#5301=DIRECTION('ref_axis',(0.587785252292474,-0.809016994374947,0.));
#5302=DIRECTION('center_axis',(0.0774927167944122,-0.367780574113148,-0.926678114637884));
#5303=DIRECTION('ref_axis',(-0.996521728603127,0.,-0.0833333331976838));
#5304=DIRECTION('center_axis',(0.99838745086668,0.0567670498787083,-3.90085190422891E-11));
#5305=DIRECTION('ref_axis',(-3.90715237941208E-11,0.,-1.));
#5306=DIRECTION('center_axis',(0.,0.,-1.));
#5307=DIRECTION('ref_axis',(-1.,0.,0.));
#5308=DIRECTION('center_axis',(0.,0.,1.));
#5309=DIRECTION('ref_axis',(1.17145536458252E-15,-1.,0.));
#5310=DIRECTION('center_axis',(0.,0.,1.));
#5311=DIRECTION('ref_axis',(-1.,0.,0.));
#5312=DIRECTION('',(0.587785252292473,0.809016994374947,0.));
#5313=DIRECTION('',(0.587785252292473,-0.809016994374947,0.));
#5314=DIRECTION('center_axis',(-0.587785252292473,0.809016994374947,0.));
#5315=DIRECTION('ref_axis',(-0.572061402817684,-0.415626937777454,-0.707106781186547));
#5316=DIRECTION('',(0.587785252292473,-0.809016994374948,0.));
#5317=DIRECTION('center_axis',(-0.587785252292473,0.809016994374948,0.));
#5318=DIRECTION('ref_axis',(0.,0.,-1.));
#5319=DIRECTION('',(-0.587785252292473,0.809016994374948,0.));
#5320=DIRECTION('center_axis',(0.,0.,1.));
#5321=DIRECTION('ref_axis',(-1.,0.,0.));
#5322=DIRECTION('',(0.587785252292473,-0.809016994374947,0.));
#5323=DIRECTION('center_axis',(0.587785252292474,-0.809016994374947,0.));
#5324=DIRECTION('ref_axis',(0.,0.,-1.));
#5325=DIRECTION('',(-0.587785252292473,0.809016994374947,0.));
#5326=DIRECTION('center_axis',(0.587785252292474,-0.809016994374947,0.));
#5327=DIRECTION('ref_axis',(0.572061402817684,0.415626937777454,-0.707106781186548));
#5328=DIRECTION('',(-0.587785252292474,0.809016994374947,0.));
#5329=DIRECTION('center_axis',(0.,0.,1.));
#5330=DIRECTION('ref_axis',(-1.,0.,0.));
#5331=DIRECTION('',(0.951056516295154,0.309016994374947,0.));
#5332=DIRECTION('center_axis',(-0.951056516295154,-0.309016994374947,0.));
#5333=DIRECTION('ref_axis',(0.21850801222441,-0.672498511963957,-0.707106781186548));
#5334=DIRECTION('',(0.951056516295154,0.309016994374947,0.));
#5335=DIRECTION('center_axis',(-0.951056516295154,-0.309016994374947,0.));
#5336=DIRECTION('ref_axis',(0.,0.,-1.));
#5337=DIRECTION('',(-0.951056516295154,-0.309016994374947,0.));
#5338=DIRECTION('center_axis',(0.,0.,1.));
#5339=DIRECTION('ref_axis',(-1.,0.,0.));
#5340=DIRECTION('',(0.951056516295154,0.309016994374946,0.));
#5341=DIRECTION('center_axis',(0.951056516295154,0.309016994374946,0.));
#5342=DIRECTION('ref_axis',(0.,0.,-1.));
#5343=DIRECTION('',(-0.951056516295154,-0.309016994374946,0.));
#5344=DIRECTION('center_axis',(0.951056516295154,0.309016994374947,0.));
#5345=DIRECTION('ref_axis',(-0.21850801222441,0.672498511963957,-0.707106781186548));
#5346=DIRECTION('',(-0.951056516295154,-0.309016994374947,0.));
#5347=DIRECTION('center_axis',(0.,0.,1.));
#5348=DIRECTION('ref_axis',(-1.,0.,0.));
#5349=DIRECTION('center_axis',(-0.587785252292473,-0.809016994374947,0.));
#5350=DIRECTION('ref_axis',(0.,0.,-1.));
#5351=DIRECTION('',(0.587785252292473,0.809016994374947,0.));
#5352=DIRECTION('center_axis',(0.,0.,1.));
#5353=DIRECTION('ref_axis',(1.,0.,0.));
#5354=DIRECTION('center_axis',(0.,0.,-1.));
#5355=DIRECTION('ref_axis',(-1.,0.,0.));
#5356=DIRECTION('center_axis',(1.22464679914735E-16,-1.,0.));
#5357=DIRECTION('ref_axis',(-1.,-1.22464679914735E-16,0.));
#5358=DIRECTION('center_axis',(0.,0.,1.));
#5359=DIRECTION('ref_axis',(1.,0.,0.));
#5360=DIRECTION('center_axis',(-1.22464679914735E-16,1.,0.));
#5361=DIRECTION('ref_axis',(-1.,-1.22464679914735E-16,0.));
#5362=DIRECTION('center_axis',(0.,0.,-1.));
#5363=DIRECTION('ref_axis',(-1.,0.,0.));
#5364=DIRECTION('center_axis',(-0.587785252292473,-0.809016994374947,0.));
#5365=DIRECTION('ref_axis',(0.572061402817684,-0.415626937777453,-0.707106781186548));
#5366=DIRECTION('center_axis',(0.,0.,1.));
#5367=DIRECTION('ref_axis',(-1.,0.,0.));
#5368=DIRECTION('center_axis',(0.,0.,1.));
#5369=DIRECTION('ref_axis',(-1.,0.,0.));
#5370=DIRECTION('',(0.0333148302326385,-4.07989002085382E-18,0.999444906979154));
#5371=DIRECTION('center_axis',(0.,0.,-1.));
#5372=DIRECTION('ref_axis',(-1.,0.,0.));
#5373=DIRECTION('center_axis',(0.,0.,-1.));
#5374=DIRECTION('ref_axis',(-1.,0.,0.));
#5375=DIRECTION('',(0.,0.,1.));
#5376=DIRECTION('center_axis',(0.,0.,-1.));
#5377=DIRECTION('ref_axis',(-1.,0.,0.));
#5378=DIRECTION('center_axis',(0.,0.,1.));
#5379=DIRECTION('ref_axis',(-1.,0.,0.));
#5380=DIRECTION('center_axis',(0.,0.,1.));
#5381=DIRECTION('ref_axis',(-1.,0.,0.));
#5382=DIRECTION('center_axis',(0.,0.,1.));
#5383=DIRECTION('ref_axis',(-1.,0.,0.));
#5384=DIRECTION('',(0.0333148302326385,-4.07989002085382E-18,0.999444906979154));
#5385=DIRECTION('center_axis',(0.,0.,-1.));
#5386=DIRECTION('ref_axis',(-1.,0.,0.));
#5387=DIRECTION('center_axis',(0.,0.,-1.));
#5388=DIRECTION('ref_axis',(-1.,0.,0.));
#5389=DIRECTION('',(0.,0.,1.));
#5390=DIRECTION('center_axis',(0.,0.,-1.));
#5391=DIRECTION('ref_axis',(-1.,0.,0.));
#5392=DIRECTION('center_axis',(0.,0.,1.));
#5393=DIRECTION('ref_axis',(-1.,0.,0.));
#5394=DIRECTION('center_axis',(0.,0.,1.));
#5395=DIRECTION('ref_axis',(-1.,0.,0.));
#5396=DIRECTION('center_axis',(0.,0.,1.));
#5397=DIRECTION('ref_axis',(-1.,0.,0.));
#5398=DIRECTION('',(0.0333148302326385,-4.07989002085382E-18,0.999444906979154));
#5399=DIRECTION('center_axis',(0.,0.,-1.));
#5400=DIRECTION('ref_axis',(-1.,0.,0.));
#5401=DIRECTION('center_axis',(0.,0.,-1.));
#5402=DIRECTION('ref_axis',(-1.,0.,0.));
#5403=DIRECTION('',(0.,0.,1.));
#5404=DIRECTION('center_axis',(0.,0.,-1.));
#5405=DIRECTION('ref_axis',(-1.,0.,0.));
#5406=DIRECTION('center_axis',(0.,0.,1.));
#5407=DIRECTION('ref_axis',(-1.,0.,0.));
#5408=DIRECTION('center_axis',(0.,0.,1.));
#5409=DIRECTION('ref_axis',(-1.,0.,0.));
#5410=DIRECTION('center_axis',(0.,0.,1.));
#5411=DIRECTION('ref_axis',(-1.,0.,0.));
#5412=DIRECTION('',(0.0333148302326385,-4.07989002085382E-18,0.999444906979154));
#5413=DIRECTION('center_axis',(0.,0.,-1.));
#5414=DIRECTION('ref_axis',(-1.,0.,0.));
#5415=DIRECTION('center_axis',(0.,0.,-1.));
#5416=DIRECTION('ref_axis',(-1.,0.,0.));
#5417=DIRECTION('',(0.,0.,1.));
#5418=DIRECTION('center_axis',(0.,0.,-1.));
#5419=DIRECTION('ref_axis',(-1.,0.,0.));
#5420=DIRECTION('center_axis',(0.,0.,1.));
#5421=DIRECTION('ref_axis',(-1.,0.,0.));
#5422=DIRECTION('center_axis',(0.,0.,1.));
#5423=DIRECTION('ref_axis',(-1.,0.,0.));
#5424=DIRECTION('center_axis',(0.,0.,1.));
#5425=DIRECTION('ref_axis',(-1.,0.,0.));
#5426=DIRECTION('',(0.0333148302326385,-4.07989002085382E-18,0.999444906979154));
#5427=DIRECTION('center_axis',(0.,0.,-1.));
#5428=DIRECTION('ref_axis',(-1.,0.,0.));
#5429=DIRECTION('center_axis',(0.,0.,-1.));
#5430=DIRECTION('ref_axis',(-1.,0.,0.));
#5431=DIRECTION('',(0.,0.,1.));
#5432=DIRECTION('center_axis',(0.,0.,-1.));
#5433=DIRECTION('ref_axis',(-1.,0.,0.));
#5434=DIRECTION('center_axis',(0.,0.,1.));
#5435=DIRECTION('ref_axis',(-1.,0.,0.));
#5436=DIRECTION('center_axis',(0.,0.,1.));
#5437=DIRECTION('ref_axis',(-1.,0.,0.));
#5438=DIRECTION('center_axis',(0.,0.,-1.));
#5439=DIRECTION('ref_axis',(-1.,0.,0.));
#5440=DIRECTION('',(0.,0.,1.));
#5441=DIRECTION('center_axis',(0.,0.,-1.));
#5442=DIRECTION('ref_axis',(-1.,0.,0.));
#5443=DIRECTION('center_axis',(0.,0.,1.));
#5444=DIRECTION('ref_axis',(-1.,0.,0.));
#5445=DIRECTION('center_axis',(0.,0.,1.));
#5446=DIRECTION('ref_axis',(-1.,0.,0.));
#5447=CARTESIAN_POINT('',(0.,0.,0.));
#5448=CARTESIAN_POINT('Origin',(-4.99999991059303,-12.9018353050206,0.));
#5449=CARTESIAN_POINT('',(-3.99999991059303,-12.9018353050206,4.23795944150359));
#5450=CARTESIAN_POINT('',(-3.99999991059303,-12.9018353050206,2.51204055849641));
#5451=CARTESIAN_POINT('Ctrl Pts',(-3.99999991059303,-12.9018353050206,2.51204055849641));
#5452=CARTESIAN_POINT('Ctrl Pts',(-3.99999991059303,-12.7690376607172,2.60408991629743));
#5453=CARTESIAN_POINT('Ctrl Pts',(-4.02732985607225,-12.6544642402866,2.72703973939868));
#5454=CARTESIAN_POINT('Ctrl Pts',(-4.07053943617437,-12.5300036367939,2.94566764065008));
#5455=CARTESIAN_POINT('Ctrl Pts',(-4.08575653883911,-12.4959141880411,3.02826684243237));
#5456=CARTESIAN_POINT('Ctrl Pts',(-4.10741135648888,-12.4502253796038,3.19908501497556));
#5457=CARTESIAN_POINT('Ctrl Pts',(-4.11375160667703,-12.4386248303916,3.28731600918175));
#5458=CARTESIAN_POINT('Ctrl Pts',(-4.11375160667703,-12.4386248303916,3.375));
#5459=CARTESIAN_POINT('Ctrl Pts',(-4.11375160667703,-12.4386248303916,3.46268399081825));
#5460=CARTESIAN_POINT('Ctrl Pts',(-4.10741135648888,-12.4502253796038,3.55091498502444));
#5461=CARTESIAN_POINT('Ctrl Pts',(-4.08575653883911,-12.4959141880411,3.72173315756762));
#5462=CARTESIAN_POINT('Ctrl Pts',(-4.07053943617437,-12.5300036367939,3.80433235934992));
#5463=CARTESIAN_POINT('Ctrl Pts',(-4.02732985607225,-12.6544642402866,4.02296026060132));
#5464=CARTESIAN_POINT('Ctrl Pts',(-3.99999991059303,-12.7690376607172,4.14591008370256));
#5465=CARTESIAN_POINT('Ctrl Pts',(-3.99999991059303,-12.9018353050206,4.23795944150359));
#5466=CARTESIAN_POINT('',(-3.99999991059303,-12.9018353050206,6.75));
#5467=CARTESIAN_POINT('',(-3.99999991059303,-12.9018353050206,0.));
#5468=CARTESIAN_POINT('',(-5.21052622638251,-11.9242471144413,6.75));
#5469=CARTESIAN_POINT('Origin',(-4.99999991059303,-12.9018353050206,6.75));
#5470=CARTESIAN_POINT('',(-5.21052622638251,-11.9242471144413,0.));
#5471=CARTESIAN_POINT('',(-5.21052622638251,-11.9242471144413,0.));
#5472=CARTESIAN_POINT('',(-3.99999991059303,-12.9018353050206,0.));
#5473=CARTESIAN_POINT('Origin',(-4.99999991059303,-12.9018353050206,0.));
#5474=CARTESIAN_POINT('',(-3.99999991059303,-12.9018353050206,0.));
#5475=CARTESIAN_POINT('Origin',(-5.99999991059303,-8.25829139976891,0.));
#5476=CARTESIAN_POINT('',(-9.73049176651451,-8.64029992441666,6.75));
#5477=CARTESIAN_POINT('Origin',(-5.99999991059303,-8.25829139976891,6.75));
#5478=CARTESIAN_POINT('',(-9.73049176651451,-8.64029992441666,0.));
#5479=CARTESIAN_POINT('',(-9.73049176651451,-8.64029992441666,0.));
#5480=CARTESIAN_POINT('Origin',(-5.99999991059303,-8.25829139976891,0.));
#5481=CARTESIAN_POINT('Origin',(-10.7252895947602,-8.74216886432273,0.));
#5482=CARTESIAN_POINT('',(-11.0343065891352,-7.79111234802758,2.51204055849641));
#5483=CARTESIAN_POINT('',(-11.0343065891352,-7.79111234802758,4.23795944150359));
#5484=CARTESIAN_POINT('Ctrl Pts',(-11.0343065891352,-7.79111234802758,4.23795944150359));
#5485=CARTESIAN_POINT('Ctrl Pts',(-10.9080085241718,-7.75007561912487,4.14591008370257));
#5486=CARTESIAN_POINT('Ctrl Pts',(-10.7905973084686,-7.74066280784615,4.02296026060132));
#5487=CARTESIAN_POINT('Ctrl Pts',(-10.6588757459235,-7.74329711895925,3.80433235934992));
#5488=CARTESIAN_POINT('Ctrl Pts',(-10.6217524102217,-7.74723522461418,3.72173315756762));
#5489=CARTESIAN_POINT('Ctrl Pts',(-10.5716080645718,-7.75371156178933,3.55091498502444));
#5490=CARTESIAN_POINT('Ctrl Pts',(-10.5586160415942,-7.75615673119505,3.46268399081825));
#5491=CARTESIAN_POINT('Ctrl Pts',(-10.5586160415942,-7.75615673119505,3.375));
#5492=CARTESIAN_POINT('Ctrl Pts',(-10.5586160415942,-7.75615673119505,3.28731600918175));
#5493=CARTESIAN_POINT('Ctrl Pts',(-10.5716080645718,-7.75371156178933,3.19908501497556));
#5494=CARTESIAN_POINT('Ctrl Pts',(-10.6217524102217,-7.74723522461418,3.02826684243237));
#5495=CARTESIAN_POINT('Ctrl Pts',(-10.6588757459235,-7.74329711895925,2.94566764065008));
#5496=CARTESIAN_POINT('Ctrl Pts',(-10.7905973084686,-7.74066280784615,2.72703973939868));
#5497=CARTESIAN_POINT('Ctrl Pts',(-10.9080085241718,-7.75007561912487,2.60408991629744));
#5498=CARTESIAN_POINT('Ctrl Pts',(-11.0343065891352,-7.79111234802758,2.51204055849641));
#5499=CARTESIAN_POINT('',(-11.0343065891352,-7.79111234802758,0.));
#5500=CARTESIAN_POINT('',(-11.0343065891352,-7.79111234802758,0.));
#5501=CARTESIAN_POINT('Origin',(-10.7252895947602,-8.74216886432273,0.));
#5502=CARTESIAN_POINT('',(-11.0343065891352,-7.79111234802758,6.75));
#5503=CARTESIAN_POINT('Origin',(-10.7252895947602,-8.74216886432273,6.75));
#5504=CARTESIAN_POINT('',(-11.0343065891352,-7.79111234802758,0.));
#5505=CARTESIAN_POINT('Origin',(-15.4074210852937,-9.21202338171111,0.));
#5506=CARTESIAN_POINT('',(-11.6031950201131,-7.97595540421132,6.75));
#5507=CARTESIAN_POINT('',(-15.4074210852937,-9.21202338171111,6.75));
#5508=CARTESIAN_POINT('',(-11.6031950201131,-7.97595540421132,1.11022302462516E-15));
#5509=CARTESIAN_POINT('Origin',(-11.6031950201131,-7.97595540421132,3.375));
#5510=CARTESIAN_POINT('',(-15.4074210852937,-9.21202338171111,0.));
#5511=CARTESIAN_POINT('',(-12.601804362223,-8.30042324830502,3.375));
#5512=CARTESIAN_POINT('Origin',(-11.6031950201131,-7.97595540421132,3.375));
#5513=CARTESIAN_POINT('Origin',(-11.6031950201131,-7.97595540421132,3.375));
#5514=CARTESIAN_POINT('Origin',(-13.8154594832532,0.768396128566647,0.));
#5515=CARTESIAN_POINT('',(-13.5064424888782,-0.182660387728508,4.23795944150359));
#5516=CARTESIAN_POINT('',(-13.5064424888782,-0.182660387728508,2.51204055849641));
#5517=CARTESIAN_POINT('Ctrl Pts',(-13.5064424888782,-0.182660387728507,
2.51204055849641));
#5518=CARTESIAN_POINT('Ctrl Pts',(-13.3801444239148,-0.141623658825794,
2.60408991629743));
#5519=CARTESIAN_POINT('Ctrl Pts',(-13.2796240434285,-0.0802262020710769,
2.72703973939868));
#5520=CARTESIAN_POINT('Ctrl Pts',(-13.1746074700261,-0.00067100773917302,
2.94566764065008));
#5521=CARTESIAN_POINT('Ctrl Pts',(-13.1468888209814,0.0243355359027562,
3.02826684243238));
#5522=CARTESIAN_POINT('Ctrl Pts',(-13.1101278886592,0.0590491095976004,
3.19908501497556));
#5523=CARTESIAN_POINT('Ctrl Pts',(-13.1010543557951,0.0686638127046472,
3.28731600918175));
#5524=CARTESIAN_POINT('Ctrl Pts',(-13.1010543557951,0.0686638127046472,
3.375));
#5525=CARTESIAN_POINT('Ctrl Pts',(-13.1010543557951,0.0686638127046472,
3.46268399081825));
#5526=CARTESIAN_POINT('Ctrl Pts',(-13.1101278886592,0.059049109597602,3.55091498502444));
#5527=CARTESIAN_POINT('Ctrl Pts',(-13.1468888209814,0.0243355359027578,
3.72173315756763));
#5528=CARTESIAN_POINT('Ctrl Pts',(-13.1746074700261,-0.00067100773917314,
3.80433235934992));
#5529=CARTESIAN_POINT('Ctrl Pts',(-13.2796240434285,-0.0802262020710769,
4.02296026060132));
#5530=CARTESIAN_POINT('Ctrl Pts',(-13.3801444239148,-0.141623658825794,
4.14591008370257));
#5531=CARTESIAN_POINT('Ctrl Pts',(-13.5064424888782,-0.182660387728508,
4.23795944150359));
#5532=CARTESIAN_POINT('',(-13.5064424888782,-0.182660387728507,6.75));
#5533=CARTESIAN_POINT('',(-13.5064424888782,-0.182660387728507,0.));
#5534=CARTESIAN_POINT('',(-12.9507740736916,1.2707099174391,6.75));
#5535=CARTESIAN_POINT('Origin',(-13.8154594832532,0.768396128566647,6.75));
#5536=CARTESIAN_POINT('',(-12.9507740736916,1.2707099174391,0.));
#5537=CARTESIAN_POINT('',(-12.9507740736916,1.2707099174391,0.));
#5538=CARTESIAN_POINT('',(-13.5064424888782,-0.182660387728507,0.));
#5539=CARTESIAN_POINT('Origin',(-13.8154594832532,0.768396128566647,0.));
#5540=CARTESIAN_POINT('',(-13.5064424888782,-0.182660387728507,0.));
#5541=CARTESIAN_POINT('Origin',(-9.70820378783585,3.15438662571078,0.));
#5542=CARTESIAN_POINT('',(-11.2243008653395,6.58424808815864,6.75));
#5543=CARTESIAN_POINT('Origin',(-9.70820378783585,3.15438662571078,6.75));
#5544=CARTESIAN_POINT('',(-11.2243008653395,6.58424808815864,0.));
#5545=CARTESIAN_POINT('',(-11.2243008653395,6.58424808815864,0.));
#5546=CARTESIAN_POINT('Origin',(-9.70820378783585,3.15438662571078,0.));
#5547=CARTESIAN_POINT('Origin',(-11.6285934193404,7.49887781147807,0.));
#5548=CARTESIAN_POINT('',(-10.8195764249655,8.08666306377054,2.51204055849642));
#5549=CARTESIAN_POINT('',(-10.8195764249655,8.08666306377054,4.23795944150358));
#5550=CARTESIAN_POINT('Ctrl Pts',(-10.8195764249655,8.08666306377054,4.23795944150358));
#5551=CARTESIAN_POINT('Ctrl Pts',(-10.7415199281048,7.97922751271612,4.14591008370256));
#5552=CARTESIAN_POINT('Ctrl Pts',(-10.696285751619,7.87047152958547,4.02296026060132));
#5553=CARTESIAN_POINT('Ctrl Pts',(-10.658086929017,7.74438283228795,3.80433235934992));
#5554=CARTESIAN_POINT('Ctrl Pts',(-10.6503605484422,7.70785950038909,3.72173315756763));
#5555=CARTESIAN_POINT('Ctrl Pts',(-10.6410244561367,7.658168095455,3.55091498502444));
#5556=CARTESIAN_POINT('Ctrl Pts',(-10.6393351945421,7.64505634844178,3.46268399081825));
#5557=CARTESIAN_POINT('Ctrl Pts',(-10.6393351945421,7.64505634844178,3.375));
#5558=CARTESIAN_POINT('Ctrl Pts',(-10.6393351945421,7.64505634844178,3.28731600918175));
#5559=CARTESIAN_POINT('Ctrl Pts',(-10.6410244561367,7.658168095455,3.19908501497556));
#5560=CARTESIAN_POINT('Ctrl Pts',(-10.6503605484422,7.70785950038909,3.02826684243238));
#5561=CARTESIAN_POINT('Ctrl Pts',(-10.658086929017,7.74438283228795,2.94566764065008));
#5562=CARTESIAN_POINT('Ctrl Pts',(-10.696285751619,7.87047152958547,2.72703973939868));
#5563=CARTESIAN_POINT('Ctrl Pts',(-10.7415199281048,7.97922751271612,2.60408991629744));
#5564=CARTESIAN_POINT('Ctrl Pts',(-10.8195764249655,8.08666306377054,2.51204055849642));
#5565=CARTESIAN_POINT('',(-10.8195764249655,8.08666306377054,0.));
#5566=CARTESIAN_POINT('',(-10.8195764249655,8.08666306377054,0.));
#5567=CARTESIAN_POINT('Origin',(-11.6285934193404,7.49887781147807,0.));
#5568=CARTESIAN_POINT('',(-10.8195764249655,8.08666306377054,6.75));
#5569=CARTESIAN_POINT('Origin',(-11.6285934193404,7.49887781147807,6.75));
#5570=CARTESIAN_POINT('',(-10.8195764249655,8.08666306377054,0.));
#5571=CARTESIAN_POINT('Origin',(-13.5223098202863,11.8066564449438,0.));
#5572=CARTESIAN_POINT('',(-11.1711688111164,8.570588467444,6.75));
#5573=CARTESIAN_POINT('',(-13.5223098202863,11.8066564449438,6.75));
#5574=CARTESIAN_POINT('',(-11.1711688111164,8.570588467444,1.11022302462516E-15));
#5575=CARTESIAN_POINT('Origin',(-11.1711688111164,8.570588467444,3.375));
#5576=CARTESIAN_POINT('',(-13.5223098202863,11.8066564449438,0.));
#5577=CARTESIAN_POINT('',(-11.7883433260235,9.42005631153769,3.375));
#5578=CARTESIAN_POINT('Origin',(-11.1711688111164,8.570588467444,3.375));
#5579=CARTESIAN_POINT('Origin',(-11.1711688111164,8.570588467444,3.375));
#5580=CARTESIAN_POINT('Origin',(-3.53842362025448,13.3767302292986,0.));
#5581=CARTESIAN_POINT('',(-4.34744061462943,12.7889449770061,4.23795944150359));
#5582=CARTESIAN_POINT('',(-4.34744061462943,12.7889449770061,2.51204055849641));
#5583=CARTESIAN_POINT('Ctrl Pts',(-4.34744061462943,12.7889449770061,2.51204055849641));
#5584=CARTESIAN_POINT('Ctrl Pts',(-4.2693841177687,12.6815094259517,2.60408991629744));
#5585=CARTESIAN_POINT('Ctrl Pts',(-4.17992916058687,12.6048817206183,2.72703973939868));
#5586=CARTESIAN_POINT('Ctrl Pts',(-4.07181576874003,12.5295889312044,2.94566764065008));
#5587=CARTESIAN_POINT('Ctrl Pts',(-4.03946759884341,12.5109543763634,3.02826684243238));
#5588=CARTESIAN_POINT('Ctrl Pts',(-3.99509327556043,12.4867197363406,3.19908501497556));
#5589=CARTESIAN_POINT('Ctrl Pts',(-3.98314527366419,12.4810614004402,3.28731600918175));
#5590=CARTESIAN_POINT('Ctrl Pts',(-3.98314527366419,12.4810614004402,3.375));
#5591=CARTESIAN_POINT('Ctrl Pts',(-3.98314527366419,12.4810614004402,3.46268399081825));
#5592=CARTESIAN_POINT('Ctrl Pts',(-3.99509327556043,12.4867197363406,3.55091498502444));
#5593=CARTESIAN_POINT('Ctrl Pts',(-4.03946759884341,12.5109543763634,3.72173315756763));
#5594=CARTESIAN_POINT('Ctrl Pts',(-4.07181576874003,12.5295889312044,3.80433235934992));
#5595=CARTESIAN_POINT('Ctrl Pts',(-4.17992916058687,12.6048817206183,4.02296026060132));
#5596=CARTESIAN_POINT('Ctrl Pts',(-4.2693841177687,12.6815094259517,4.14591008370257));
#5597=CARTESIAN_POINT('Ctrl Pts',(-4.34744061462943,12.7889449770061,4.23795944150359));
#5598=CARTESIAN_POINT('',(-4.34744061462943,12.7889449770061,6.75));
#5599=CARTESIAN_POINT('',(-4.34744061462943,12.7889449770061,0.));
#5600=CARTESIAN_POINT('',(-2.79349233177985,12.7095890332602,6.75));
#5601=CARTESIAN_POINT('Origin',(-3.53842362025448,13.3767302292986,6.75));
#5602=CARTESIAN_POINT('',(-2.79349233177985,12.7095890332602,0.));
#5603=CARTESIAN_POINT('',(-2.79349233177985,12.7095890332602,0.));
#5604=CARTESIAN_POINT('',(-4.34744061462943,12.7889449770061,0.));
#5605=CARTESIAN_POINT('Origin',(-3.53842362025448,13.3767302292986,0.));
#5606=CARTESIAN_POINT('',(-4.34744061462943,12.7889449770061,0.));
#5607=CARTESIAN_POINT('Origin',(2.77555756156289E-16,10.2078095481163,0.));
#5608=CARTESIAN_POINT('',(2.79349233177986,12.7095890332602,6.75));
#5609=CARTESIAN_POINT('Origin',(2.77555756156289E-16,10.2078095481163,6.75));
#5610=CARTESIAN_POINT('',(2.79349233177986,12.7095890332602,0.));
#5611=CARTESIAN_POINT('',(2.79349233177985,12.7095890332602,0.));
#5612=CARTESIAN_POINT('Origin',(2.77555756156289E-16,10.2078095481163,0.));
#5613=CARTESIAN_POINT('Origin',(3.53842362025448,13.3767302292986,0.));
#5614=CARTESIAN_POINT('',(4.34744061462943,12.7889449770061,2.51204055849641));
#5615=CARTESIAN_POINT('',(4.34744061462943,12.7889449770061,4.23795944150359));
#5616=CARTESIAN_POINT('Ctrl Pts',(4.34744061462943,12.7889449770061,4.23795944150359));
#5617=CARTESIAN_POINT('Ctrl Pts',(4.26938411776871,12.6815094259517,4.14591008370257));
#5618=CARTESIAN_POINT('Ctrl Pts',(4.17992916058687,12.6048817206183,4.02296026060132));
#5619=CARTESIAN_POINT('Ctrl Pts',(4.07181576874003,12.5295889312044,3.80433235934992));
#5620=CARTESIAN_POINT('Ctrl Pts',(4.03946759884341,12.5109543763634,3.72173315756763));
#5621=CARTESIAN_POINT('Ctrl Pts',(3.99509327556043,12.4867197363406,3.55091498502444));
#5622=CARTESIAN_POINT('Ctrl Pts',(3.98314527366419,12.4810614004402,3.46268399081825));
#5623=CARTESIAN_POINT('Ctrl Pts',(3.98314527366419,12.4810614004402,3.375));
#5624=CARTESIAN_POINT('Ctrl Pts',(3.98314527366419,12.4810614004402,3.28731600918175));
#5625=CARTESIAN_POINT('Ctrl Pts',(3.99509327556043,12.4867197363406,3.19908501497556));
#5626=CARTESIAN_POINT('Ctrl Pts',(4.03946759884341,12.5109543763634,3.02826684243237));
#5627=CARTESIAN_POINT('Ctrl Pts',(4.07181576874003,12.5295889312044,2.94566764065008));
#5628=CARTESIAN_POINT('Ctrl Pts',(4.17992916058687,12.6048817206183,2.72703973939868));
#5629=CARTESIAN_POINT('Ctrl Pts',(4.2693841177687,12.6815094259517,2.60408991629744));
#5630=CARTESIAN_POINT('Ctrl Pts',(4.34744061462943,12.7889449770061,2.51204055849641));
#5631=CARTESIAN_POINT('',(4.34744061462943,12.7889449770061,0.));
#5632=CARTESIAN_POINT('',(4.34744061462943,12.7889449770061,0.));
#5633=CARTESIAN_POINT('Origin',(3.53842362025448,13.3767302292986,0.));
#5634=CARTESIAN_POINT('',(4.34744061462943,12.7889449770061,6.75));
#5635=CARTESIAN_POINT('Origin',(3.53842362025448,13.3767302292986,6.75));
#5636=CARTESIAN_POINT('',(4.34744061462943,12.7889449770061,0.));
#5637=CARTESIAN_POINT('Origin',(7.05017400995025,16.5089383581794,0.));
#5638=CARTESIAN_POINT('',(4.69903300078036,13.2728703806796,6.75));
#5639=CARTESIAN_POINT('',(7.05017400995025,16.5089383581794,6.75));
#5640=CARTESIAN_POINT('',(4.69903300078036,13.2728703806796,1.11022302462516E-15));
#5641=CARTESIAN_POINT('Origin',(4.69903300078036,13.2728703806796,3.375));
#5642=CARTESIAN_POINT('',(7.05017400995025,16.5089383581794,0.));
#5643=CARTESIAN_POINT('',(5.31620751568745,14.1223382247733,3.375));
#5644=CARTESIAN_POINT('Origin',(4.69903300078036,13.2728703806796,3.375));
#5645=CARTESIAN_POINT('Origin',(4.69903300078036,13.2728703806796,3.375));
#5646=CARTESIAN_POINT('Origin',(-3.52671156630694,-4.85410203858144,6.75));
#5647=CARTESIAN_POINT('',(-2.27671156630694,-4.85410203858144,6.75));
#5648=CARTESIAN_POINT('Origin',(-3.52671156630694,-4.85410203858144,6.75));
#5649=CARTESIAN_POINT('',(-2.27671156630694,-4.85410203858144,1.75));
#5650=CARTESIAN_POINT('',(-2.27671156630694,-4.85410203858144,6.75));
#5651=CARTESIAN_POINT('Origin',(-3.52671156630694,-4.85410203858144,1.75));
#5652=CARTESIAN_POINT('Origin',(-3.52671156630694,-4.85410203858144,1.75));
#5653=CARTESIAN_POINT('Origin',(-5.706339182802,1.85410199387796,6.75));
#5654=CARTESIAN_POINT('',(-4.456339182802,1.85410199387796,6.75));
#5655=CARTESIAN_POINT('Origin',(-5.706339182802,1.85410199387796,6.75));
#5656=CARTESIAN_POINT('',(-4.456339182802,1.85410199387796,1.75));
#5657=CARTESIAN_POINT('',(-4.456339182802,1.85410199387796,6.75));
#5658=CARTESIAN_POINT('Origin',(-5.706339182802,1.85410199387796,1.75));
#5659=CARTESIAN_POINT('Origin',(-5.706339182802,1.85410199387796,1.75));
#5660=CARTESIAN_POINT('Origin',(3.52671156630693,-4.85410203858144,6.75));
#5661=CARTESIAN_POINT('',(4.77671156630693,-4.85410203858144,6.75));
#5662=CARTESIAN_POINT('Origin',(3.52671156630693,-4.85410203858144,6.75));
#5663=CARTESIAN_POINT('',(4.77671156630693,-4.85410203858144,1.75));
#5664=CARTESIAN_POINT('',(4.77671156630693,-4.85410203858144,6.75));
#5665=CARTESIAN_POINT('Origin',(3.52671156630693,-4.85410203858144,1.75));
#5666=CARTESIAN_POINT('Origin',(3.52671156630693,-4.85410203858144,1.75));
#5667=CARTESIAN_POINT('Origin',(0.,6.00000008940697,6.75));
#5668=CARTESIAN_POINT('',(1.25,6.00000008940697,6.75));
#5669=CARTESIAN_POINT('Origin',(0.,6.00000008940697,6.75));
#5670=CARTESIAN_POINT('',(1.25,6.00000008940697,1.75));
#5671=CARTESIAN_POINT('',(1.25,6.00000008940697,6.75));
#5672=CARTESIAN_POINT('Origin',(0.,6.00000008940697,1.75));
#5673=CARTESIAN_POINT('Origin',(0.,6.00000008940697,1.75));
#5674=CARTESIAN_POINT('Origin',(5.706339182802,1.85410199387795,6.75));
#5675=CARTESIAN_POINT('',(6.956339182802,1.85410199387796,6.75));
#5676=CARTESIAN_POINT('Origin',(5.706339182802,1.85410199387795,6.75));
#5677=CARTESIAN_POINT('',(6.956339182802,1.85410199387796,1.75));
#5678=CARTESIAN_POINT('',(6.956339182802,1.85410199387795,6.75));
#5679=CARTESIAN_POINT('Origin',(5.706339182802,1.85410199387795,1.75));
#5680=CARTESIAN_POINT('Origin',(5.706339182802,1.85410199387795,1.75));
#5681=CARTESIAN_POINT('Origin',(0.,0.,6.25));
#5682=CARTESIAN_POINT('',(1.26696967693728,-3.89933171681013,6.75));
#5683=CARTESIAN_POINT('Origin',(0.,0.,6.75));
#5684=CARTESIAN_POINT('',(1.23606797749979,-3.80422606518061,5.75));
#5685=CARTESIAN_POINT('',(1.25151882721854,-3.85177889099537,6.25));
#5686=CARTESIAN_POINT('',(-1.23606797749979,3.80422606518061,5.75));
#5687=CARTESIAN_POINT('Origin',(0.,0.,5.75));
#5688=CARTESIAN_POINT('Origin',(0.,0.,5.75));
#5689=CARTESIAN_POINT('Origin',(-4.75528258147577,-1.54508497187474,6.75));
#5690=CARTESIAN_POINT('',(-4.69903300078035,13.2728703806796,6.75));
#5691=CARTESIAN_POINT('',(-7.05017400995025,16.5089383581794,6.75));
#5692=CARTESIAN_POINT('',(-6.55977201551098,11.920964352959,6.75));
#5693=CARTESIAN_POINT('',(-6.64067371494847,11.8621858277297,6.75));
#5694=CARTESIAN_POINT('',(-3.03306050175614,7.06686238670931,6.75));
#5695=CARTESIAN_POINT('',(-5.23725519785291,10.1006761156154,6.75));
#5696=CARTESIAN_POINT('',(-5.78371828263096,5.0683925289149,6.75));
#5697=CARTESIAN_POINT('',(-5.70281658319347,5.12717105414415,6.75));
#5698=CARTESIAN_POINT('',(-9.3104297963858,9.92249449516459,6.75));
#5699=CARTESIAN_POINT('',(-5.04898671726537,4.05712128594622,6.75));
#5700=CARTESIAN_POINT('',(-6.64067371494847,11.8621858277297,6.75));
#5701=CARTESIAN_POINT('',(-14.0753309198561,-0.367503443912253,6.75));
#5702=CARTESIAN_POINT('',(-17.8795569850367,-1.60357142141204,6.75));
#5703=CARTESIAN_POINT('',(-13.364591860422,-2.55493334636003,6.75));
#5704=CARTESIAN_POINT('',(-13.3336901609845,-2.65003899798954,6.75));
#5705=CARTESIAN_POINT('',(-7.65825276265106,-0.700831380110343,6.75));
#5706=CARTESIAN_POINT('',(-11.2247146987579,-1.8596451090164,6.75));
#5707=CARTESIAN_POINT('',(-6.60759498177624,-3.93442353551387,6.75));
#5708=CARTESIAN_POINT('',(-6.63849668121374,-3.83931788388435,6.75));
#5709=CARTESIAN_POINT('',(-12.3139340795472,-5.78852550176355,6.75));
#5710=CARTESIAN_POINT('',(-5.4187743364073,-3.54815229254518,6.75));
#5711=CARTESIAN_POINT('',(-13.3336901609845,-2.65003899798954,6.75));
#5712=CARTESIAN_POINT('',(-3.99999991059303,-13.5,6.75));
#5713=CARTESIAN_POINT('',(-3.99999991059303,-17.5,6.75));
#5714=CARTESIAN_POINT('',(-1.7,-13.5,6.75));
#5715=CARTESIAN_POINT('',(-1.6,-13.5,6.75));
#5716=CARTESIAN_POINT('',(-1.7,-7.5,6.75));
#5717=CARTESIAN_POINT('',(-1.7,-11.25,6.75));
#5718=CARTESIAN_POINT('',(1.7,-7.5,6.75));
#5719=CARTESIAN_POINT('',(1.6,-7.5,6.75));
#5720=CARTESIAN_POINT('',(1.7,-13.5,6.75));
#5721=CARTESIAN_POINT('',(1.7,-6.25,6.75));
#5722=CARTESIAN_POINT('',(3.99999991059303,-13.5,6.75));
#5723=CARTESIAN_POINT('',(-1.6,-13.5,6.75));
#5724=CARTESIAN_POINT('',(3.99999991059303,-8.25829139976891,6.75));
#5725=CARTESIAN_POINT('',(3.99999991059303,-17.5,6.75));
#5726=CARTESIAN_POINT('',(6.61803389934293,-6.3561783671786,6.75));
#5727=CARTESIAN_POINT('Origin',(5.99999991059303,-8.25829139976891,6.75));
#5728=CARTESIAN_POINT('',(11.6031950201131,-7.97595540421133,6.75));
#5729=CARTESIAN_POINT('',(15.4074210852937,-9.21202338171112,6.75));
#5730=CARTESIAN_POINT('',(12.3139340795472,-5.78852550176355,6.75));
#5731=CARTESIAN_POINT('',(12.3448357789847,-5.69341985013404,6.75));
#5732=CARTESIAN_POINT('',(6.60759498177624,-3.93442353551387,6.75));
#5733=CARTESIAN_POINT('',(10.1740569178831,-5.09323726441992,6.75));
#5734=CARTESIAN_POINT('',(7.65825276265106,-0.700831380110345,6.75));
#5735=CARTESIAN_POINT('',(7.62735106321357,-0.79593703173986,6.75));
#5736=CARTESIAN_POINT('',(13.364591860422,-2.55493334636003,6.75));
#5737=CARTESIAN_POINT('',(6.46943211728212,-0.31456013714166,6.75));
#5738=CARTESIAN_POINT('',(14.0753309198561,-0.367503443912255,6.75));
#5739=CARTESIAN_POINT('',(12.3448357789847,-5.69341985013404,6.75));
#5740=CARTESIAN_POINT('',(9.09016979908596,1.25227359312047,6.75));
#5741=CARTESIAN_POINT('',(17.8795569850367,-1.60357142141205,6.75));
#5742=CARTESIAN_POINT('',(8.09016979908596,4.32995713029572,6.75));
#5743=CARTESIAN_POINT('Origin',(9.70820378783586,3.15438662571078,6.75));
#5744=CARTESIAN_POINT('',(11.1711688111164,8.570588467444,6.75));
#5745=CARTESIAN_POINT('',(13.5223098202863,11.8066564449438,6.75));
#5746=CARTESIAN_POINT('',(9.3104297963858,9.92249449516459,6.75));
#5747=CARTESIAN_POINT('',(9.22952809694831,9.98127302039383,6.75));
#5748=CARTESIAN_POINT('',(5.78371828263096,5.0683925289149,6.75));
#5749=CARTESIAN_POINT('',(7.98791297872773,8.10220625782095,6.75));
#5750=CARTESIAN_POINT('',(3.03306050175614,7.06686238670931,6.75));
#5751=CARTESIAN_POINT('',(3.11396220119363,7.00808386148006,6.75));
#5752=CARTESIAN_POINT('',(6.55977201551098,11.920964352959,6.75));
#5753=CARTESIAN_POINT('',(2.29832893639055,6.05559114374063,6.75));
#5754=CARTESIAN_POINT('',(9.22952809694831,9.98127302039383,6.75));
#5755=CARTESIAN_POINT('',(1.21352549156242,11.089487426555,6.75));
#5756=CARTESIAN_POINT('Origin',(2.77555756156289E-16,10.2078095481163,6.75));
#5757=CARTESIAN_POINT('',(-10.9217292793983,2.27270874727207,6.75));
#5758=CARTESIAN_POINT('Origin',(-9.70820378783586,3.15438662571078,6.75));
#5759=CARTESIAN_POINT('',(-5.53647441903061,-9.68487617421164,6.75));
#5760=CARTESIAN_POINT('Origin',(-5.99999991059303,-8.25829139976891,6.75));
#5761=CARTESIAN_POINT('Origin',(0.,0.,0.));
#5762=CARTESIAN_POINT('',(-1.23606797749979,3.80422606518061,0.));
#5763=CARTESIAN_POINT('',(-1.23606797749979,3.80422606518061,0.));
#5764=CARTESIAN_POINT('Origin',(0.,0.,0.));
#5765=CARTESIAN_POINT('Origin',(-5.99999991059303,-8.25829139976891,0.));
#5766=CARTESIAN_POINT('',(-5.53647441903061,-9.68487617421164,0.));
#5767=CARTESIAN_POINT('Origin',(-5.99999991059303,-8.25829139976891,0.));
#5768=CARTESIAN_POINT('',(-5.53647441903061,-9.68487617421164,0.));
#5769=CARTESIAN_POINT('Origin',(-9.70820378783586,3.15438662571078,0.));
#5770=CARTESIAN_POINT('',(-10.9217292793983,2.27270874727207,0.));
#5771=CARTESIAN_POINT('Origin',(-9.70820378783586,3.15438662571078,0.));
#5772=CARTESIAN_POINT('',(-10.9217292793983,2.27270874727207,0.));
#5773=CARTESIAN_POINT('Origin',(2.77555756156289E-16,10.2078095481163,0.));
#5774=CARTESIAN_POINT('',(1.21352549156242,11.089487426555,0.));
#5775=CARTESIAN_POINT('',(1.21352549156242,11.089487426555,0.));
#5776=CARTESIAN_POINT('Origin',(2.77555756156289E-16,10.2078095481163,0.));
#5777=CARTESIAN_POINT('Origin',(-0.493011503388313,7.48377843455609,0.));
#5778=CARTESIAN_POINT('',(-4.69903300078035,13.2728703806796,1.11022302462516E-15));
#5779=CARTESIAN_POINT('',(-7.05017400995025,16.5089383581794,0.));
#5780=CARTESIAN_POINT('Origin',(-4.69903300078035,13.2728703806796,3.375));
#5781=CARTESIAN_POINT('',(-5.31620751568745,14.1223382247733,3.375));
#5782=CARTESIAN_POINT('Origin',(-4.69903300078035,13.2728703806796,3.375));
#5783=CARTESIAN_POINT('Origin',(-4.69903300078035,13.2728703806796,3.375));
#5784=CARTESIAN_POINT('Origin',(9.70820378783586,3.15438662571078,0.));
#5785=CARTESIAN_POINT('',(9.09016979908596,1.25227359312047,0.));
#5786=CARTESIAN_POINT('',(9.09016979908596,1.25227359312047,0.));
#5787=CARTESIAN_POINT('',(8.09016979908596,4.32995713029572,0.));
#5788=CARTESIAN_POINT('Origin',(9.70820378783586,3.15438662571078,0.));
#5789=CARTESIAN_POINT('',(8.09016979908596,4.32995713029572,0.));
#5790=CARTESIAN_POINT('Origin',(6.96514731372438,2.7814965213205,0.));
#5791=CARTESIAN_POINT('',(11.1711688111164,8.570588467444,1.11022302462516E-15));
#5792=CARTESIAN_POINT('',(13.5223098202863,11.8066564449438,0.));
#5793=CARTESIAN_POINT('Origin',(11.1711688111164,8.57058846744399,3.375));
#5794=CARTESIAN_POINT('',(11.7883433260235,9.42005631153769,3.375));
#5795=CARTESIAN_POINT('Origin',(11.1711688111164,8.570588467444,3.375));
#5796=CARTESIAN_POINT('Origin',(5.99999991059303,-8.25829139976891,0.));
#5797=CARTESIAN_POINT('',(6.61803389934293,-6.3561783671786,0.));
#5798=CARTESIAN_POINT('',(3.99999991059303,-8.25829139976891,0.));
#5799=CARTESIAN_POINT('Origin',(5.99999991059303,-8.25829139976891,0.));
#5800=CARTESIAN_POINT('',(6.61803389934293,-6.3561783671786,0.));
#5801=CARTESIAN_POINT('',(3.99999991059303,-8.25829139976891,0.));
#5802=CARTESIAN_POINT('Origin',(3.99999991059303,-17.5,0.));
#5803=CARTESIAN_POINT('',(3.99999991059303,-13.5,1.11022302462516E-15));
#5804=CARTESIAN_POINT('Origin',(3.99999991059303,-13.5,3.375));
#5805=CARTESIAN_POINT('',(3.99999991059303,-17.5,0.));
#5806=CARTESIAN_POINT('',(3.99999991059303,-14.55,3.375));
#5807=CARTESIAN_POINT('Origin',(3.99999991059303,-13.5,3.375));
#5808=CARTESIAN_POINT('Origin',(5.70281658319347,5.12717105414415,0.));
#5809=CARTESIAN_POINT('',(5.70281658319347,5.12717105414415,5.75));
#5810=CARTESIAN_POINT('',(5.49275251707977,5.27979153178148,3.15346534653465));
#5811=CARTESIAN_POINT('',(5.70281658319347,5.12717105414415,1.));
#5812=CARTESIAN_POINT('',(5.70281658319347,5.12717105414415,0.));
#5813=CARTESIAN_POINT('',(5.78371828263096,5.0683925289149,0.));
#5814=CARTESIAN_POINT('',(5.76309235430902,5.08337814302038,0.254950495049505));
#5815=CARTESIAN_POINT('',(3.03306050175614,7.06686238670931,0.));
#5816=CARTESIAN_POINT('',(3.11396220119363,7.00808386148006,0.));
#5817=CARTESIAN_POINT('',(3.11396220119363,7.00808386148006,1.));
#5818=CARTESIAN_POINT('',(3.06650254088005,7.04256532306257,0.413366336633664));
#5819=CARTESIAN_POINT('',(3.11396220119363,7.00808386148006,5.75));
#5820=CARTESIAN_POINT('',(3.11396220119363,7.00808386148006,0.));
#5821=CARTESIAN_POINT('',(3.33684237810931,6.84615193430147,2.99504950495049));
#5822=CARTESIAN_POINT('Origin',(10.7666603139289,8.86448109359023,3.375));
#5823=CARTESIAN_POINT('',(10.9205478064193,9.92693986439267,3.375));
#5824=CARTESIAN_POINT('',(11.3544455662214,9.67349808796518,3.375));
#5825=CARTESIAN_POINT('Origin',(10.3621518167415,9.15837371973647,3.375));
#5826=CARTESIAN_POINT('Origin',(9.22952809694831,9.98127302039383,3.375));
#5827=CARTESIAN_POINT('',(10.5969410810011,10.1620539127576,3.375));
#5828=CARTESIAN_POINT('',(9.78792408662615,10.74983916505,3.375));
#5829=CARTESIAN_POINT('Origin',(10.0385450913233,9.39348776810136,3.375));
#5830=CARTESIAN_POINT('Origin',(6.236165217761,12.156078453876,3.375));
#5831=CARTESIAN_POINT('',(7.25784822985557,12.7116536718234,3.375));
#5832=CARTESIAN_POINT('Origin',(6.64067371494847,11.8621858277297,3.375));
#5833=CARTESIAN_POINT('',(6.39005271025138,13.2185372246784,3.375));
#5834=CARTESIAN_POINT('',(6.82395047005347,12.9650954482509,3.375));
#5835=CARTESIAN_POINT('Origin',(5.83165672057353,12.4499710800222,3.375));
#5836=CARTESIAN_POINT('Origin',(9.22952809694831,9.98127302039383,3.375));
#5837=CARTESIAN_POINT('',(6.06644598483315,13.4536512730433,3.375));
#5838=CARTESIAN_POINT('',(9.78792408662615,10.74983916505,3.375));
#5839=CARTESIAN_POINT('Origin',(5.5080499951553,12.6850851283871,3.375));
#5840=CARTESIAN_POINT('Origin',(3.11396220119363,7.00808386148006,0.));
#5841=CARTESIAN_POINT('',(6.64067371494847,11.8621858277297,1.));
#5842=CARTESIAN_POINT('',(2.37923063582804,5.99681261851138,1.));
#5843=CARTESIAN_POINT('',(6.64067371494847,11.8621858277297,5.75));
#5844=CARTESIAN_POINT('Origin',(6.64067371494847,11.8621858277297,3.375));
#5845=CARTESIAN_POINT('',(2.37923063582804,5.99681261851138,5.75));
#5846=CARTESIAN_POINT('Origin',(5.10354149796783,12.9789777545334,3.375));
#5847=CARTESIAN_POINT('',(5.6913267502603,13.7879947489083,3.375));
#5848=CARTESIAN_POINT('Origin',(9.63403659413578,9.6873803942476,3.375));
#5849=CARTESIAN_POINT('',(9.8467026118554,10.8307408644875,3.375));
#5850=CARTESIAN_POINT('Origin',(9.22952809694831,9.98127302039383,3.375));
#5851=CARTESIAN_POINT('',(10.2218218464283,10.4963973886225,3.375));
#5852=CARTESIAN_POINT('Origin',(11.5806691061182,13.2173409978936,0.));
#5853=CARTESIAN_POINT('',(9.22952809694831,9.98127302039383,1.));
#5854=CARTESIAN_POINT('',(7.90701127929024,8.1609847830502,1.));
#5855=CARTESIAN_POINT('',(9.22952809694831,9.98127302039383,5.75));
#5856=CARTESIAN_POINT('',(7.90701127929024,8.1609847830502,5.75));
#5857=CARTESIAN_POINT('Origin',(9.22952809694831,9.98127302039383,3.375));
#5858=CARTESIAN_POINT('Origin',(7.94746212900899,8.13159552043558,6.25));
#5859=CARTESIAN_POINT('',(9.3104297963858,9.92249449516459,6.75));
#5860=CARTESIAN_POINT('Origin',(9.26997894666705,9.95188375777921,3.375));
#5861=CARTESIAN_POINT('',(9.3104297963858,9.92249449516459,0.));
#5862=CARTESIAN_POINT('',(9.3104297963858,9.92249449516459,0.));
#5863=CARTESIAN_POINT('Origin',(9.3104297963858,9.92249449516459,3.375));
#5864=CARTESIAN_POINT('Origin',(7.94746212900899,8.13159552043558,0.5));
#5865=CARTESIAN_POINT('',(7.98791297872773,8.10220625782095,0.));
#5866=CARTESIAN_POINT('Origin',(9.22952809694831,9.98127302039383,3.375));
#5867=CARTESIAN_POINT('',(9.22952809694831,9.98127302039383,0.));
#5868=CARTESIAN_POINT('Origin',(6.60022286522973,11.8915750903444,3.375));
#5869=CARTESIAN_POINT('',(6.55977201551098,11.920964352959,6.75));
#5870=CARTESIAN_POINT('',(6.55977201551098,11.920964352959,0.));
#5871=CARTESIAN_POINT('',(6.64067371494847,11.8621858277297,1.));
#5872=CARTESIAN_POINT('Origin',(6.55977201551098,11.920964352959,3.375));
#5873=CARTESIAN_POINT('Origin',(2.33877978610929,6.026201881126,0.5));
#5874=CARTESIAN_POINT('',(2.29832893639055,6.05559114374063,0.));
#5875=CARTESIAN_POINT('Origin',(2.33877978610929,6.026201881126,6.25));
#5876=CARTESIAN_POINT('Origin',(9.22952809694831,9.98127302039383,3.375));
#5877=CARTESIAN_POINT('',(9.22952809694831,9.98127302039383,0.));
#5878=CARTESIAN_POINT('Origin',(6.63849668121374,-3.83931788388435,0.));
#5879=CARTESIAN_POINT('',(6.63849668121374,-3.83931788388435,5.75));
#5880=CARTESIAN_POINT('',(6.71873401465416,-3.59237276368791,3.15346534653465));
#5881=CARTESIAN_POINT('',(6.63849668121374,-3.83931788388435,1.));
#5882=CARTESIAN_POINT('',(6.63849668121374,-3.83931788388435,0.));
#5883=CARTESIAN_POINT('',(6.60759498177624,-3.93442353551387,0.));
#5884=CARTESIAN_POINT('',(6.6154733853457,-3.91017630254892,0.254950495049505));
#5885=CARTESIAN_POINT('',(7.65825276265106,-0.700831380110345,0.));
#5886=CARTESIAN_POINT('',(7.62735106321357,-0.79593703173986,0.));
#5887=CARTESIAN_POINT('',(7.62735106321357,-0.79593703173986,1.));
#5888=CARTESIAN_POINT('',(7.64547904035883,-0.740144854917595,0.413366336633664));
#5889=CARTESIAN_POINT('',(7.62735106321357,-0.79593703173986,5.75));
#5890=CARTESIAN_POINT('',(7.62735106321357,-0.79593703173986,0.));
#5891=CARTESIAN_POINT('',(7.54221841105037,-1.0579483937786,2.9950495049505));
#5892=CARTESIAN_POINT('Origin',(-4.75528258147577,-1.54508497187474,0.));
#5893=CARTESIAN_POINT('',(14.0753309198561,-0.367503443912255,1.11022302462516E-15));
#5894=CARTESIAN_POINT('',(17.8795569850367,-1.60357142141205,0.));
#5895=CARTESIAN_POINT('',(13.364591860422,-2.55493334636003,0.));
#5896=CARTESIAN_POINT('',(12.3448357789847,-5.69341985013404,0.));
#5897=CARTESIAN_POINT('',(6.46943211728212,-0.31456013714166,0.));
#5898=CARTESIAN_POINT('',(12.3139340795472,-5.78852550176355,0.));
#5899=CARTESIAN_POINT('',(10.1740569178831,-5.09323726441992,0.));
#5900=CARTESIAN_POINT('',(11.6031950201131,-7.97595540421133,1.11022302462516E-15));
#5901=CARTESIAN_POINT('',(12.3448357789847,-5.69341985013404,0.));
#5902=CARTESIAN_POINT('',(15.4074210852937,-9.21202338171112,0.));
#5903=CARTESIAN_POINT('',(1.7,-13.5,0.));
#5904=CARTESIAN_POINT('',(-1.6,-13.5,0.));
#5905=CARTESIAN_POINT('',(1.7,-7.5,0.));
#5906=CARTESIAN_POINT('',(1.7,-6.25,0.));
#5907=CARTESIAN_POINT('',(-1.7,-7.5,0.));
#5908=CARTESIAN_POINT('',(1.6,-7.5,0.));
#5909=CARTESIAN_POINT('',(-1.7,-13.5,0.));
#5910=CARTESIAN_POINT('',(-1.7,-11.25,0.));
#5911=CARTESIAN_POINT('',(-3.99999991059303,-13.5,1.11022302462516E-15));
#5912=CARTESIAN_POINT('',(-1.6,-13.5,0.));
#5913=CARTESIAN_POINT('',(-3.99999991059303,-17.5,0.));
#5914=CARTESIAN_POINT('',(-12.3139340795472,-5.78852550176355,0.));
#5915=CARTESIAN_POINT('',(-13.3336901609845,-2.65003899798954,0.));
#5916=CARTESIAN_POINT('',(-6.60759498177624,-3.93442353551387,0.));
#5917=CARTESIAN_POINT('',(-5.4187743364073,-3.54815229254518,0.));
#5918=CARTESIAN_POINT('',(-7.65825276265106,-0.700831380110343,0.));
#5919=CARTESIAN_POINT('',(-6.63849668121374,-3.83931788388435,0.));
#5920=CARTESIAN_POINT('',(-13.364591860422,-2.55493334636003,0.));
#5921=CARTESIAN_POINT('',(-11.2247146987579,-1.8596451090164,0.));
#5922=CARTESIAN_POINT('',(-14.0753309198561,-0.367503443912253,1.11022302462516E-15));
#5923=CARTESIAN_POINT('',(-13.3336901609845,-2.65003899798954,0.));
#5924=CARTESIAN_POINT('',(-17.8795569850367,-1.60357142141204,0.));
#5925=CARTESIAN_POINT('',(-9.3104297963858,9.92249449516459,0.));
#5926=CARTESIAN_POINT('',(-6.64067371494847,11.8621858277297,0.));
#5927=CARTESIAN_POINT('',(-5.78371828263096,5.0683925289149,0.));
#5928=CARTESIAN_POINT('',(-5.04898671726537,4.05712128594622,0.));
#5929=CARTESIAN_POINT('',(-3.03306050175614,7.06686238670931,0.));
#5930=CARTESIAN_POINT('',(-5.70281658319347,5.12717105414415,0.));
#5931=CARTESIAN_POINT('',(-6.55977201551098,11.920964352959,0.));
#5932=CARTESIAN_POINT('',(-5.23725519785291,10.1006761156154,0.));
#5933=CARTESIAN_POINT('',(-6.64067371494847,11.8621858277297,0.));
#5934=CARTESIAN_POINT('Origin',(-5.10354149796783,12.9789777545334,3.375));
#5935=CARTESIAN_POINT('',(-6.06644598483315,13.4536512730433,3.375));
#5936=CARTESIAN_POINT('',(-5.6913267502603,13.7879947489083,3.375));
#5937=CARTESIAN_POINT('Origin',(-5.5080499951553,12.6850851283871,3.375));
#5938=CARTESIAN_POINT('Origin',(-6.64067371494847,11.8621858277297,3.375));
#5939=CARTESIAN_POINT('',(-6.39005271025137,13.2185372246784,3.375));
#5940=CARTESIAN_POINT('',(-7.19906970462632,12.6307519723859,3.375));
#5941=CARTESIAN_POINT('Origin',(-5.83165672057352,12.4499710800222,3.375));
#5942=CARTESIAN_POINT('Origin',(-9.63403659413578,9.6873803942476,3.375));
#5943=CARTESIAN_POINT('',(-9.8467026118554,10.8307408644875,3.375));
#5944=CARTESIAN_POINT('Origin',(-9.22952809694831,9.98127302039384,3.375));
#5945=CARTESIAN_POINT('',(-10.5969410810011,10.1620539127576,3.375));
#5946=CARTESIAN_POINT('',(-10.2218218464282,10.4963973886225,3.375));
#5947=CARTESIAN_POINT('Origin',(-10.0385450913233,9.39348776810136,3.375));
#5948=CARTESIAN_POINT('Origin',(-6.64067371494847,11.8621858277297,3.375));
#5949=CARTESIAN_POINT('',(-10.9205478064193,9.92693986439267,3.375));
#5950=CARTESIAN_POINT('',(-7.19906970462632,12.6307519723859,3.375));
#5951=CARTESIAN_POINT('Origin',(-10.3621518167415,9.15837371973647,3.375));
#5952=CARTESIAN_POINT('Origin',(-5.70281658319347,5.12717105414415,0.));
#5953=CARTESIAN_POINT('',(-9.22952809694831,9.98127302039384,1.));
#5954=CARTESIAN_POINT('',(-5.70281658319347,5.12717105414415,1.));
#5955=CARTESIAN_POINT('',(-4.96808501782787,4.11589981117547,1.));
#5956=CARTESIAN_POINT('',(-9.22952809694831,9.98127302039384,5.75));
#5957=CARTESIAN_POINT('Origin',(-9.22952809694831,9.98127302039384,3.375));
#5958=CARTESIAN_POINT('',(-5.70281658319347,5.12717105414415,5.75));
#5959=CARTESIAN_POINT('',(-4.96808501782787,4.11589981117547,5.75));
#5960=CARTESIAN_POINT('',(-5.70281658319347,5.12717105414415,0.));
#5961=CARTESIAN_POINT('Origin',(-10.7666603139289,8.86448109359023,3.375));
#5962=CARTESIAN_POINT('',(-11.3544455662214,9.67349808796518,3.375));
#5963=CARTESIAN_POINT('Origin',(-6.236165217761,12.156078453876,3.375));
#5964=CARTESIAN_POINT('',(-7.25784822985557,12.7116536718234,3.375));
#5965=CARTESIAN_POINT('Origin',(-6.64067371494847,11.8621858277297,3.375));
#5966=CARTESIAN_POINT('',(-6.82395047005347,12.9650954482509,3.375));
#5967=CARTESIAN_POINT('Origin',(-8.99181472411836,15.0982538052295,0.));
#5968=CARTESIAN_POINT('',(-3.11396220119363,7.00808386148006,1.));
#5969=CARTESIAN_POINT('',(-6.64067371494847,11.8621858277297,1.));
#5970=CARTESIAN_POINT('',(-5.31815689729041,10.0418975903861,1.));
#5971=CARTESIAN_POINT('',(-3.11396220119363,7.00808386148006,5.75));
#5972=CARTESIAN_POINT('',(-3.11396220119363,7.00808386148006,0.));
#5973=CARTESIAN_POINT('',(-6.64067371494847,11.8621858277297,5.75));
#5974=CARTESIAN_POINT('',(-5.31815689729041,10.0418975903861,5.75));
#5975=CARTESIAN_POINT('Origin',(-6.64067371494847,11.8621858277297,3.375));
#5976=CARTESIAN_POINT('Origin',(-5.27770604757166,10.0712868530007,6.25));
#5977=CARTESIAN_POINT('',(-3.32402626730733,6.85546338384274,3.15346534653465));
#5978=CARTESIAN_POINT('',(-6.55977201551098,11.920964352959,6.75));
#5979=CARTESIAN_POINT('Origin',(-6.60022286522972,11.8915750903444,3.375));
#5980=CARTESIAN_POINT('',(-6.55977201551098,11.920964352959,0.));
#5981=CARTESIAN_POINT('Origin',(-6.55977201551098,11.920964352959,3.375));
#5982=CARTESIAN_POINT('Origin',(-5.27770604757166,10.0712868530007,0.5));
#5983=CARTESIAN_POINT('',(-3.05368643007807,7.05187677260384,0.254950495049505));
#5984=CARTESIAN_POINT('Origin',(-6.64067371494847,11.8621858277297,3.375));
#5985=CARTESIAN_POINT('Origin',(-9.26997894666705,9.95188375777921,3.375));
#5986=CARTESIAN_POINT('',(-9.3104297963858,9.92249449516459,6.75));
#5987=CARTESIAN_POINT('',(-9.22952809694831,9.98127302039384,1.));
#5988=CARTESIAN_POINT('Origin',(-9.3104297963858,9.92249449516459,3.375));
#5989=CARTESIAN_POINT('Origin',(-5.00853586754662,4.08651054856084,0.5));
#5990=CARTESIAN_POINT('',(-5.75027624350704,5.09268959256165,0.413366336633664));
#5991=CARTESIAN_POINT('Origin',(-5.00853586754662,4.08651054856084,6.25));
#5992=CARTESIAN_POINT('',(-5.47993640627779,5.28910298132275,2.9950495049505));
#5993=CARTESIAN_POINT('Origin',(-6.64067371494847,11.8621858277297,3.375));
#5994=CARTESIAN_POINT('Origin',(-3.11396220119363,7.00808386148006,0.));
#5995=CARTESIAN_POINT('Origin',(-1.6,-7.5,0.));
#5996=CARTESIAN_POINT('',(-1.6,-7.5,5.75));
#5997=CARTESIAN_POINT('',(-1.34034653465347,-7.5,3.15346534653465));
#5998=CARTESIAN_POINT('',(-1.6,-7.5,1.));
#5999=CARTESIAN_POINT('',(-1.6,-7.5,0.));
#6000=CARTESIAN_POINT('',(-1.67450495049505,-7.5,0.254950495049505));
#6001=CARTESIAN_POINT('',(1.6,-7.5,1.));
#6002=CARTESIAN_POINT('',(1.65866336633663,-7.5,0.413366336633664));
#6003=CARTESIAN_POINT('',(1.6,-7.5,5.75));
#6004=CARTESIAN_POINT('',(1.6,-7.5,0.));
#6005=CARTESIAN_POINT('',(1.32450495049505,-7.5,2.99504950495049));
#6006=CARTESIAN_POINT('Origin',(-3.49999991059303,-13.5,3.375));
#6007=CARTESIAN_POINT('',(-3.99999991059303,-14.55,3.375));
#6008=CARTESIAN_POINT('Origin',(-3.99999991059303,-13.5,3.375));
#6009=CARTESIAN_POINT('',(-2.99999991059303,-14.45,3.375));
#6010=CARTESIAN_POINT('',(-3.49999991059303,-14.5,3.375));
#6011=CARTESIAN_POINT('Origin',(-2.99999991059303,-13.5,3.375));
#6012=CARTESIAN_POINT('Origin',(-3.99999991059303,-13.5,3.375));
#6013=CARTESIAN_POINT('Origin',(-1.6,-13.5,3.375));
#6014=CARTESIAN_POINT('',(-2.6,-14.45,3.375));
#6015=CARTESIAN_POINT('',(-1.6,-14.45,3.375));
#6016=CARTESIAN_POINT('Origin',(-2.6,-13.5,3.375));
#6017=CARTESIAN_POINT('Origin',(-3.99999991059303,-6.34428882659481,0.));
#6018=CARTESIAN_POINT('Origin',(-3.99999991059303,-13.5,3.375));
#6019=CARTESIAN_POINT('Origin',(2.1,-13.5,3.375));
#6020=CARTESIAN_POINT('',(1.6,-14.55,3.375));
#6021=CARTESIAN_POINT('Origin',(1.6,-13.5,3.375));
#6022=CARTESIAN_POINT('',(2.6,-14.45,3.375));
#6023=CARTESIAN_POINT('',(2.1,-14.5,3.375));
#6024=CARTESIAN_POINT('Origin',(2.6,-13.5,3.375));
#6025=CARTESIAN_POINT('Origin',(-1.6,-13.5,3.375));
#6026=CARTESIAN_POINT('',(2.99999991059303,-14.45,3.375));
#6027=CARTESIAN_POINT('',(-1.6,-14.45,3.375));
#6028=CARTESIAN_POINT('Origin',(2.99999991059303,-13.5,3.375));
#6029=CARTESIAN_POINT('Origin',(1.6,-7.5,0.));
#6030=CARTESIAN_POINT('',(1.6,-13.5,1.));
#6031=CARTESIAN_POINT('',(1.6,-6.25,1.));
#6032=CARTESIAN_POINT('',(1.6,-13.5,5.75));
#6033=CARTESIAN_POINT('Origin',(1.6,-13.5,3.375));
#6034=CARTESIAN_POINT('',(1.6,-6.25,5.75));
#6035=CARTESIAN_POINT('Origin',(3.49999991059303,-13.5,3.375));
#6036=CARTESIAN_POINT('',(3.49999991059303,-14.5,3.375));
#6037=CARTESIAN_POINT('Origin',(-2.1,-13.5,3.375));
#6038=CARTESIAN_POINT('',(-1.6,-14.55,3.375));
#6039=CARTESIAN_POINT('Origin',(-1.6,-13.5,3.375));
#6040=CARTESIAN_POINT('',(-2.1,-14.5,3.375));
#6041=CARTESIAN_POINT('Origin',(-1.6,-17.5,0.));
#6042=CARTESIAN_POINT('',(-1.6,-13.5,1.));
#6043=CARTESIAN_POINT('',(-1.6,-11.25,1.));
#6044=CARTESIAN_POINT('',(-1.6,-13.5,5.75));
#6045=CARTESIAN_POINT('',(-1.6,-11.25,5.75));
#6046=CARTESIAN_POINT('Origin',(-1.6,-13.5,3.375));
#6047=CARTESIAN_POINT('Origin',(-1.65,-11.25,6.25));
#6048=CARTESIAN_POINT('',(-1.7,-13.5,6.75));
#6049=CARTESIAN_POINT('Origin',(-1.65,-13.5,3.375));
#6050=CARTESIAN_POINT('',(-1.7,-13.5,0.));
#6051=CARTESIAN_POINT('Origin',(-1.7,-13.5,3.375));
#6052=CARTESIAN_POINT('Origin',(-1.65,-11.25,0.5));
#6053=CARTESIAN_POINT('Origin',(-1.6,-13.5,3.375));
#6054=CARTESIAN_POINT('Origin',(1.65,-13.5,3.375));
#6055=CARTESIAN_POINT('',(1.7,-13.5,6.75));
#6056=CARTESIAN_POINT('',(1.6,-13.5,1.));
#6057=CARTESIAN_POINT('Origin',(1.7,-13.5,3.375));
#6058=CARTESIAN_POINT('Origin',(1.65,-6.25,0.5));
#6059=CARTESIAN_POINT('Origin',(1.65,-6.25,6.25));
#6060=CARTESIAN_POINT('Origin',(-1.6,-13.5,3.375));
#6061=CARTESIAN_POINT('Origin',(-7.62735106321357,-0.795937031739858,0.));
#6062=CARTESIAN_POINT('',(-7.62735106321357,-0.795937031739858,5.75));
#6063=CARTESIAN_POINT('',(-7.54711372977314,-1.0428821519363,3.15346534653465));
#6064=CARTESIAN_POINT('',(-7.62735106321357,-0.795937031739858,1.));
#6065=CARTESIAN_POINT('',(-7.62735106321357,-0.795937031739858,0.));
#6066=CARTESIAN_POINT('',(-7.6503743590816,-0.725078613075293,0.254950495049505));
#6067=CARTESIAN_POINT('',(-6.63849668121374,-3.83931788388435,1.));
#6068=CARTESIAN_POINT('',(-6.62036870406847,-3.89511006070662,0.413366336633664));
#6069=CARTESIAN_POINT('',(-6.63849668121374,-3.83931788388435,5.75));
#6070=CARTESIAN_POINT('',(-6.63849668121374,-3.83931788388435,0.));
#6071=CARTESIAN_POINT('',(-6.72362933337693,-3.57730652184561,2.99504950495049));
#6072=CARTESIAN_POINT('Origin',(11.7577035173005,-7.50042714606375,3.375));
#6073=CARTESIAN_POINT('',(12.601804362223,-8.30042324830502,3.375));
#6074=CARTESIAN_POINT('Origin',(11.6031950201131,-7.97595540421133,3.375));
#6075=CARTESIAN_POINT('',(12.8157157049684,-7.31846503257238,3.375));
#6076=CARTESIAN_POINT('',(12.7087600335957,-7.8094441404387,3.375));
#6077=CARTESIAN_POINT('Origin',(11.912212014488,-7.02489888791618,3.375));
#6078=CARTESIAN_POINT('Origin',(12.3448357789847,-5.69341985013404,3.375));
#6079=CARTESIAN_POINT('',(12.9393224750901,-6.93804251108539,3.375));
#6080=CARTESIAN_POINT('',(13.2483394694651,-5.98698599479024,3.375));
#6081=CARTESIAN_POINT('Origin',(12.0358187846097,-6.64447636642919,3.375));
#6082=CARTESIAN_POINT('Origin',(4.79770927992001,-5.76471904479043,0.));
#6083=CARTESIAN_POINT('Origin',(11.6031950201131,-7.97595540421133,3.375));
#6084=CARTESIAN_POINT('Origin',(13.488198658172,-2.17451073984197,3.375));
#6085=CARTESIAN_POINT('',(14.3322995030944,-2.97450684208324,3.375));
#6086=CARTESIAN_POINT('Origin',(13.3336901609845,-2.65003899798954,3.375));
#6087=CARTESIAN_POINT('',(14.5462108458398,-1.99254862635059,3.375));
#6088=CARTESIAN_POINT('',(14.4392551744671,-2.48352773421692,3.375));
#6089=CARTESIAN_POINT('Origin',(13.6427071553594,-1.69898248169439,3.375));
#6090=CARTESIAN_POINT('Origin',(12.3448357789847,-5.69341985013404,3.375));
#6091=CARTESIAN_POINT('',(14.6698176159615,-1.61212610486361,3.375));
#6092=CARTESIAN_POINT('',(13.2483394694651,-5.98698599479024,3.375));
#6093=CARTESIAN_POINT('Origin',(13.7663139254811,-1.31855996020741,3.375));
#6094=CARTESIAN_POINT('Origin',(7.62735106321357,-0.79593703173986,0.));
#6095=CARTESIAN_POINT('',(13.3336901609845,-2.65003899798954,1.));
#6096=CARTESIAN_POINT('',(6.43853041784463,-0.409665788771176,1.));
#6097=CARTESIAN_POINT('',(13.3336901609845,-2.65003899798954,5.75));
#6098=CARTESIAN_POINT('Origin',(13.3336901609845,-2.65003899798954,3.375));
#6099=CARTESIAN_POINT('',(6.43853041784463,-0.409665788771176,5.75));
#6100=CARTESIAN_POINT('Origin',(13.9208224226686,-0.843031702059832,3.375));
#6101=CARTESIAN_POINT('',(15.073940261966,-0.69197128800595,3.375));
#6102=CARTESIAN_POINT('Origin',(14.0753309198561,-0.367503443912255,3.375));
#6103=CARTESIAN_POINT('',(14.8718789389638,-1.15204869643478,3.375));
#6104=CARTESIAN_POINT('Origin',(17.8795569850367,-1.60357142141205,0.));
#6105=CARTESIAN_POINT('Origin',(14.0753309198561,-0.367503443912255,3.375));
#6106=CARTESIAN_POINT('Origin',(12.1903272817972,-6.16894810828161,3.375));
#6107=CARTESIAN_POINT('',(13.3434451210946,-6.01788769422773,3.375));
#6108=CARTESIAN_POINT('Origin',(12.3448357789847,-5.69341985013404,3.375));
#6109=CARTESIAN_POINT('',(13.1413837980923,-6.47796510265656,3.375));
#6110=CARTESIAN_POINT('Origin',(16.1490618441653,-6.92948782763383,0.));
#6111=CARTESIAN_POINT('',(12.3448357789847,-5.69341985013404,1.));
#6112=CARTESIAN_POINT('',(10.2049586173206,-4.9981316127904,1.));
#6113=CARTESIAN_POINT('',(12.3448357789847,-5.69341985013404,5.75));
#6114=CARTESIAN_POINT('',(10.2049586173206,-4.9981316127904,5.75));
#6115=CARTESIAN_POINT('Origin',(12.3448357789847,-5.69341985013404,3.375));
#6116=CARTESIAN_POINT('Origin',(10.1895077676018,-5.04568443860516,6.25));
#6117=CARTESIAN_POINT('',(12.3139340795472,-5.78852550176355,6.75));
#6118=CARTESIAN_POINT('Origin',(12.3293849292659,-5.7409726759488,3.375));
#6119=CARTESIAN_POINT('',(12.3139340795472,-5.78852550176355,0.));
#6120=CARTESIAN_POINT('Origin',(12.3139340795472,-5.78852550176355,3.375));
#6121=CARTESIAN_POINT('Origin',(10.1895077676018,-5.04568443860516,0.5));
#6122=CARTESIAN_POINT('Origin',(12.3448357789847,-5.69341985013404,3.375));
#6123=CARTESIAN_POINT('Origin',(13.3491410107032,-2.60248617217479,3.375));
#6124=CARTESIAN_POINT('',(13.364591860422,-2.55493334636003,6.75));
#6125=CARTESIAN_POINT('',(13.3336901609845,-2.65003899798954,1.));
#6126=CARTESIAN_POINT('Origin',(13.364591860422,-2.55493334636003,3.375));
#6127=CARTESIAN_POINT('Origin',(6.45398126756337,-0.362112962956418,0.5));
#6128=CARTESIAN_POINT('Origin',(6.45398126756337,-0.362112962956418,6.25));
#6129=CARTESIAN_POINT('Origin',(12.3448357789847,-5.69341985013404,3.375));
#6130=CARTESIAN_POINT('Origin',(-13.9208224226686,-0.843031702059829,3.375));
#6131=CARTESIAN_POINT('',(-15.073940261966,-0.691971288005948,3.375));
#6132=CARTESIAN_POINT('Origin',(-14.0753309198561,-0.367503443912253,3.375));
#6133=CARTESIAN_POINT('',(-14.6698176159615,-1.6121261048636,3.375));
#6134=CARTESIAN_POINT('',(-14.8718789389638,-1.15204869643478,3.375));
#6135=CARTESIAN_POINT('Origin',(-13.7663139254811,-1.3185599602074,3.375));
#6136=CARTESIAN_POINT('Origin',(-14.0753309198561,-0.367503443912253,3.375));
#6137=CARTESIAN_POINT('Origin',(-13.3336901609845,-2.65003899798954,3.375));
#6138=CARTESIAN_POINT('',(-14.5462108458398,-1.99254862635059,3.375));
#6139=CARTESIAN_POINT('',(-14.2371938514649,-2.94360514264574,3.375));
#6140=CARTESIAN_POINT('Origin',(-13.6427071553594,-1.69898248169439,3.375));
#6141=CARTESIAN_POINT('Origin',(-7.26984517966304,1.84373291550865,0.));
#6142=CARTESIAN_POINT('Origin',(-14.0753309198561,-0.367503443912252,3.375));
#6143=CARTESIAN_POINT('Origin',(-12.1903272817972,-6.16894810828161,3.375));
#6144=CARTESIAN_POINT('',(-13.3434451210946,-6.01788769422773,3.375));
#6145=CARTESIAN_POINT('Origin',(-12.3448357789847,-5.69341985013403,3.375));
#6146=CARTESIAN_POINT('',(-12.9393224750901,-6.93804251108539,3.375));
#6147=CARTESIAN_POINT('',(-13.1413837980923,-6.47796510265656,3.375));
#6148=CARTESIAN_POINT('Origin',(-12.0358187846097,-6.64447636642919,3.375));
#6149=CARTESIAN_POINT('Origin',(-13.3336901609845,-2.65003899798954,3.375));
#6150=CARTESIAN_POINT('',(-12.8157157049684,-7.31846503257237,3.375));
#6151=CARTESIAN_POINT('',(-14.2371938514649,-2.94360514264574,3.375));
#6152=CARTESIAN_POINT('Origin',(-11.912212014488,-7.02489888791617,3.375));
#6153=CARTESIAN_POINT('Origin',(-6.63849668121374,-3.83931788388435,0.));
#6154=CARTESIAN_POINT('',(-12.3448357789847,-5.69341985013403,1.));
#6155=CARTESIAN_POINT('',(-5.44967603584479,-3.45304664091567,1.));
#6156=CARTESIAN_POINT('',(-12.3448357789847,-5.69341985013403,5.75));
#6157=CARTESIAN_POINT('Origin',(-12.3448357789847,-5.69341985013403,3.375));
#6158=CARTESIAN_POINT('',(-5.44967603584479,-3.45304664091567,5.75));
#6159=CARTESIAN_POINT('Origin',(-11.7577035173005,-7.50042714606375,3.375));
#6160=CARTESIAN_POINT('',(-12.7087600335957,-7.80944414043869,3.375));
#6161=CARTESIAN_POINT('Origin',(-13.488198658172,-2.17451073984197,3.375));
#6162=CARTESIAN_POINT('',(-14.3322995030944,-2.97450684208324,3.375));
#6163=CARTESIAN_POINT('Origin',(-13.3336901609845,-2.65003899798954,3.375));
#6164=CARTESIAN_POINT('',(-14.4392551744671,-2.48352773421691,3.375));
#6165=CARTESIAN_POINT('Origin',(-17.1379162261651,-3.88610697548933,0.));
#6166=CARTESIAN_POINT('',(-13.3336901609845,-2.65003899798954,1.));
#6167=CARTESIAN_POINT('',(-11.1938129993204,-1.95475076064591,1.));
#6168=CARTESIAN_POINT('',(-13.3336901609845,-2.65003899798954,5.75));
#6169=CARTESIAN_POINT('',(-11.1938129993204,-1.95475076064591,5.75));
#6170=CARTESIAN_POINT('Origin',(-13.3336901609845,-2.65003899798954,3.375));
#6171=CARTESIAN_POINT('Origin',(-11.2092638490391,-1.90719793483115,6.25));
#6172=CARTESIAN_POINT('',(-13.364591860422,-2.55493334636003,6.75));
#6173=CARTESIAN_POINT('Origin',(-13.3491410107032,-2.60248617217478,3.375));
#6174=CARTESIAN_POINT('',(-13.364591860422,-2.55493334636003,0.));
#6175=CARTESIAN_POINT('Origin',(-13.364591860422,-2.55493334636003,3.375));
#6176=CARTESIAN_POINT('Origin',(-11.2092638490391,-1.90719793483115,0.5));
#6177=CARTESIAN_POINT('Origin',(-13.3336901609845,-2.65003899798954,3.375));
#6178=CARTESIAN_POINT('Origin',(-12.3293849292659,-5.74097267594879,3.375));
#6179=CARTESIAN_POINT('',(-12.3139340795472,-5.78852550176355,6.75));
#6180=CARTESIAN_POINT('',(-12.3448357789847,-5.69341985013403,1.));
#6181=CARTESIAN_POINT('Origin',(-12.3139340795472,-5.78852550176355,3.375));
#6182=CARTESIAN_POINT('Origin',(-5.43422518612605,-3.50059946673042,0.5));
#6183=CARTESIAN_POINT('Origin',(-5.43422518612605,-3.50059946673042,6.25));
#6184=CARTESIAN_POINT('Origin',(-13.3336901609845,-2.65003899798954,3.375));
#6185=CARTESIAN_POINT('Ctrl Pts',(-2.56664360656836,-19.4721500919605,4.54545454523788));
#6186=CARTESIAN_POINT('Ctrl Pts',(-2.5846269297148,-19.5505683984104,4.32458082196997));
#6187=CARTESIAN_POINT('Ctrl Pts',(-2.70803427917784,-19.6678985940383,3.87514986436054));
#6188=CARTESIAN_POINT('Ctrl Pts',(-3.22976017732693,-19.7044074906619,3.23518700242091));
#6189=CARTESIAN_POINT('Ctrl Pts',(-3.77781722948885,-19.6174620822701,3.04545454545455));
#6190=CARTESIAN_POINT('Ctrl Pts',(-4.10225883472226,-19.5493809781724,3.04545454545455));
#6191=CARTESIAN_POINT('Ctrl Pts',(-2.48551036946953,-19.4838126954133,4.54280710692656));
#6192=CARTESIAN_POINT('Ctrl Pts',(-2.50227157746886,-19.5661619374812,4.31141693378393));
#6193=CARTESIAN_POINT('Ctrl Pts',(-2.62958928374549,-19.6895175460779,3.83623935542526));
#6194=CARTESIAN_POINT('Ctrl Pts',(-3.18429663408819,-19.7227288841296,3.15940192583126));
#6195=CARTESIAN_POINT('Ctrl Pts',(-3.7631557493809,-19.6280898414092,2.96459012710201));
#6196=CARTESIAN_POINT('Ctrl Pts',(-4.10373626774149,-19.556421709176,2.96664741273763));
#6197=CARTESIAN_POINT('Ctrl Pts',(-2.31856043132564,-19.4686471087227,4.52346611803033));
#6198=CARTESIAN_POINT('Ctrl Pts',(-2.33255181587231,-19.5562622743273,4.27186972884298));
#6199=CARTESIAN_POINT('Ctrl Pts',(-2.4669581346615,-19.6878528514746,3.74797660929605));
#6200=CARTESIAN_POINT('Ctrl Pts',(-3.08639445666297,-19.7155998511891,3.00292190797833));
#6201=CARTESIAN_POINT('Ctrl Pts',(-3.72624118145082,-19.6097862137287,2.79954644708018));
#6202=CARTESIAN_POINT('Ctrl Pts',(-4.09884090552775,-19.5330927811882,2.80587584895491));
#6203=CARTESIAN_POINT('Ctrl Pts',(-2.0769913711482,-19.3144127022274,4.44855103443342));
#6204=CARTESIAN_POINT('Ctrl Pts',(-2.0894967869342,-19.4004810396408,4.17304430719369));
#6205=CARTESIAN_POINT('Ctrl Pts',(-2.23568529270371,-19.5297561337208,3.59673465120557));
#6206=CARTESIAN_POINT('Ctrl Pts',(-2.93199738307005,-19.5543189761873,2.78053014360869));
#6207=CARTESIAN_POINT('Ctrl Pts',(-3.64929878960306,-19.4476281565645,2.56403466164721));
#6208=CARTESIAN_POINT('Ctrl Pts',(-4.06482396585247,-19.3709845037205,2.57369434419841));
#6209=CARTESIAN_POINT('Ctrl Pts',(-2.00353981608919,-19.1221138937915,4.37419144236003));
#6210=CARTESIAN_POINT('Ctrl Pts',(-2.0209818873713,-19.1993672497684,4.09787192509873));
#6211=CARTESIAN_POINT('Ctrl Pts',(-2.17534951946376,-19.3147120599146,3.52849733664295));
#6212=CARTESIAN_POINT('Ctrl Pts',(-2.8728573565207,-19.3420929613066,2.72071334568707));
#6213=CARTESIAN_POINT('Ctrl Pts',(-3.59894228366118,-19.248538320338,2.49477855138858));
#6214=CARTESIAN_POINT('Ctrl Pts',(-4.02437764481727,-19.178236905156,2.5));
#6215=CARTESIAN_POINT('Ctrl Pts',(-2.00695654283856,-19.0061328498305,4.33333333306852));
#6216=CARTESIAN_POINT('Ctrl Pts',(-2.02953146231174,-19.0779574468658,4.0633765601856));
#6217=CARTESIAN_POINT('Ctrl Pts',(-2.18873494774084,-19.1846934282542,3.51407205644068));
#6218=CARTESIAN_POINT('Ctrl Pts',(-2.86588191177144,-19.213886396263,2.73189522518114));
#6219=CARTESIAN_POINT('Ctrl Pts',(-3.57819452705774,-19.1284488596616,2.5));
#6220=CARTESIAN_POINT('Ctrl Pts',(-3.99999999999998,-19.0620648435957,2.5));
#6221=CARTESIAN_POINT('',(-4.10225883472226,-19.5493809781724,3.04545454545455));
#6222=CARTESIAN_POINT('',(-3.99999999999998,-19.0620648435957,2.5));
#6223=CARTESIAN_POINT('Origin',(-3.99999999999998,-19.0620648435957,3.));
#6224=CARTESIAN_POINT('',(-2.00695654282748,-19.0061328498305,4.33333333320093));
#6225=CARTESIAN_POINT('Ctrl Pts',(-3.99999999999998,-19.0620648435957,2.5));
#6226=CARTESIAN_POINT('Ctrl Pts',(-3.57819452705774,-19.1284488596616,2.5));
#6227=CARTESIAN_POINT('Ctrl Pts',(-2.86588191177144,-19.213886396263,2.73189522518114));
#6228=CARTESIAN_POINT('Ctrl Pts',(-2.18873494774084,-19.1846934282542,3.51407205644068));
#6229=CARTESIAN_POINT('Ctrl Pts',(-2.02953146231174,-19.0779574468658,4.0633765601856));
#6230=CARTESIAN_POINT('Ctrl Pts',(-2.00695654283856,-19.0061328498305,4.33333333306852));
#6231=CARTESIAN_POINT('',(-2.56664360656836,-19.4721500919605,4.54545454523788));
#6232=CARTESIAN_POINT('Origin',(-2.50521740712891,-19.0061328498305,4.37499999980139));
#6233=CARTESIAN_POINT('Ctrl Pts',(-2.56664360656836,-19.4721500919605,4.54545454523788));
#6234=CARTESIAN_POINT('Ctrl Pts',(-2.5846269297148,-19.5505683984104,4.32458082196997));
#6235=CARTESIAN_POINT('Ctrl Pts',(-2.70803427917784,-19.6678985940383,3.87514986436054));
#6236=CARTESIAN_POINT('Ctrl Pts',(-3.22976017732693,-19.7044074906619,3.23518700242091));
#6237=CARTESIAN_POINT('Ctrl Pts',(-3.77781722948885,-19.6174620822701,3.04545454545455));
#6238=CARTESIAN_POINT('Ctrl Pts',(-4.10225883472226,-19.5493809781724,3.04545454545455));
#6239=CARTESIAN_POINT('Origin',(0.,0.,3.));
#6240=CARTESIAN_POINT('',(-17.3248984735734,-9.9425709480576,3.04545454545454));
#6241=CARTESIAN_POINT('',(-16.8930330060426,-9.69472804972892,2.5));
#6242=CARTESIAN_POINT('Origin',(-16.8930330060426,-9.69472804972892,3.));
#6243=CARTESIAN_POINT('Origin',(0.,0.,2.5));
#6244=CARTESIAN_POINT('Origin',(0.,0.,3.04545454545454));
#6245=CARTESIAN_POINT('Ctrl Pts',(-17.3248984735734,-9.9425709480576,3.04545454545455));
#6246=CARTESIAN_POINT('Ctrl Pts',(-17.4899057651239,-9.65504626370323,3.04545454545454));
#6247=CARTESIAN_POINT('Ctrl Pts',(-17.7419490161709,-9.1606961658886,3.23517829572889));
#6248=CARTESIAN_POINT('Ctrl Pts',(-17.8684562307943,-8.65320888522014,3.87514648818085));
#6249=CARTESIAN_POINT('Ctrl Pts',(-17.7950019711459,-8.4995842547117,4.32458036128367));
#6250=CARTESIAN_POINT('Ctrl Pts',(-17.7259787383029,-8.45824842246967,4.54545454523779));
#6251=CARTESIAN_POINT('Ctrl Pts',(-17.3311380547629,-9.94615177589088,2.96664741273763));
#6252=CARTESIAN_POINT('Ctrl Pts',(-17.5045440287402,-9.64438649599195,2.96459012281104));
#6253=CARTESIAN_POINT('Ctrl Pts',(-17.7734226412057,-9.12312006809754,3.15939249287213));
#6254=CARTESIAN_POINT('Ctrl Pts',(-17.9132582140033,-8.5852838175064,3.83623554259108));
#6255=CARTESIAN_POINT('Ctrl Pts',(-17.8352815200983,-8.42607832899107,4.31141645116299));
#6256=CARTESIAN_POINT('Ctrl Pts',(-17.7621420823858,-8.38469007130427,4.54280710692647));
#6257=CARTESIAN_POINT('Ctrl Pts',(-17.3104609461289,-9.93428540796339,2.80588018189615));
#6258=CARTESIAN_POINT('Ctrl Pts',(-17.4985407740285,-9.60362089674185,2.7995507668199));
#6259=CARTESIAN_POINT('Ctrl Pts',(-17.796891735281,-9.02780903034194,3.00291281852701));
#6260=CARTESIAN_POINT('Ctrl Pts',(-17.9619270643124,-8.4300993841554,3.7479731883359));
#6261=CARTESIAN_POINT('Ctrl Pts',(-17.8783078579614,-8.26160970785084,4.27186838731631));
#6262=CARTESIAN_POINT('Ctrl Pts',(-17.7993042946057,-8.22122845104411,4.52346530126953));
#6263=CARTESIAN_POINT('Ctrl Pts',(-17.1667975652173,-9.85183855498295,2.57370464079431));
#6264=CARTESIAN_POINT('Ctrl Pts',(-17.3680947715927,-9.48033404480405,2.56404493809548));
#6265=CARTESIAN_POINT('Ctrl Pts',(-17.6912126523279,-8.83113529530883,2.78052342180579));
#6266=CARTESIAN_POINT('Ctrl Pts',(-17.8830326901623,-8.16129496187134,3.59673337547927));
#6267=CARTESIAN_POINT('Ctrl Pts',(-17.805255767274,-7.98231772942737,4.17304299846217));
#6268=CARTESIAN_POINT('Ctrl Pts',(-17.7272641374597,-7.94382771303657,4.44855030033865));
#6269=CARTESIAN_POINT('Ctrl Pts',(-16.9959860956697,-9.75381170897806,2.5));
#6270=CARTESIAN_POINT('Ctrl Pts',(-17.1943138849488,-9.37092216989984,2.49477854049797));
#6271=CARTESIAN_POINT('Ctrl Pts',(-17.5076554122542,-8.70930394441344,2.72070097820069));
#6272=CARTESIAN_POINT('Ctrl Pts',(-17.6971651296497,-8.03745399345605,3.52849196409363));
#6273=CARTESIAN_POINT('Ctrl Pts',(-17.6351657251169,-7.85499883911458,4.09787134876659));
#6274=CARTESIAN_POINT('Ctrl Pts',(-17.5670831719501,-7.81453775930334,4.37419144235991));
#6275=CARTESIAN_POINT('Ctrl Pts',(-16.8930330060426,-9.69472804972892,2.5));
#6276=CARTESIAN_POINT('Ctrl Pts',(-17.0865134201094,-9.31408020126488,2.5));
#6277=CARTESIAN_POINT('Ctrl Pts',(-17.3878787051227,-8.66305246689161,2.73188458366866));
#6278=CARTESIAN_POINT('Ctrl Pts',(-17.5693730119338,-8.01000713726579,3.51406792999882));
#6279=CARTESIAN_POINT('Ctrl Pts',(-17.5170561628959,-7.82561228237545,4.06337599712452));
#6280=CARTESIAN_POINT('Ctrl Pts',(-17.4557228176935,-7.78194714593342,4.33333333306841));
#6281=CARTESIAN_POINT('',(-17.7259787383029,-8.45824842246967,4.54545454523779));
#6282=CARTESIAN_POINT('',(-17.455722817697,-7.78194714592288,4.33333333320087));
#6283=CARTESIAN_POINT('Origin',(-17.3017517429959,-8.25582138773161,4.37499999980131));
#6284=CARTESIAN_POINT('Ctrl Pts',(-17.4557228176935,-7.78194714593342,4.33333333306841));
#6285=CARTESIAN_POINT('Ctrl Pts',(-17.5170561628959,-7.82561228237545,4.06337599712452));
#6286=CARTESIAN_POINT('Ctrl Pts',(-17.5693730119338,-8.01000713726579,3.51406792999882));
#6287=CARTESIAN_POINT('Ctrl Pts',(-17.3878787051227,-8.66305246689161,2.73188458366866));
#6288=CARTESIAN_POINT('Ctrl Pts',(-17.0865134201094,-9.31408020126488,2.5));
#6289=CARTESIAN_POINT('Ctrl Pts',(-16.8930330060426,-9.69472804972892,2.5));
#6290=CARTESIAN_POINT('Ctrl Pts',(-17.3248984735734,-9.9425709480576,3.04545454545455));
#6291=CARTESIAN_POINT('Ctrl Pts',(-17.4899057651239,-9.65504626370323,3.04545454545454));
#6292=CARTESIAN_POINT('Ctrl Pts',(-17.7419490161709,-9.1606961658886,3.23517829572889));
#6293=CARTESIAN_POINT('Ctrl Pts',(-17.8684562307943,-8.65320888522014,3.87514648818085));
#6294=CARTESIAN_POINT('Ctrl Pts',(-17.7950019711459,-8.4995842547117,4.32458036128367));
#6295=CARTESIAN_POINT('Ctrl Pts',(-17.7259787383029,-8.45824842246967,4.54545454523779));
#6296=CARTESIAN_POINT('Ctrl Pts',(-17.7259787383029,-8.45824842246966,4.54545454523779));
#6297=CARTESIAN_POINT('Ctrl Pts',(-17.6549790023708,-8.41572892507412,4.77265353438298));
#6298=CARTESIAN_POINT('Ctrl Pts',(-17.5259774937424,-8.24085147937818,5.21279442209102));
#6299=CARTESIAN_POINT('Ctrl Pts',(-17.4184081865698,-7.79908415156154,5.69821981542305));
#6300=CARTESIAN_POINT('Ctrl Pts',(-17.4274608316038,-7.28515510492214,5.98335362775362));
#6301=CARTESIAN_POINT('Ctrl Pts',(-17.5110362406984,-6.95372082203906,6.04545454545454));
#6302=CARTESIAN_POINT('Ctrl Pts',(-17.5723104748947,-6.79526792823402,6.04545454545454));
#6303=CARTESIAN_POINT('Ctrl Pts',(-17.7621420823779,-8.38469007130436,4.54280710694614));
#6304=CARTESIAN_POINT('Ctrl Pts',(-17.6952621427194,-8.34202543092527,4.76019879931615));
#6305=CARTESIAN_POINT('Ctrl Pts',(-17.575224536188,-8.17057768684333,5.18076682666117));
#6306=CARTESIAN_POINT('Ctrl Pts',(-17.4808978129367,-7.74681634841471,5.63969551961283));
#6307=CARTESIAN_POINT('Ctrl Pts',(-17.4958879709208,-7.26674243027577,5.90392843763243));
#6308=CARTESIAN_POINT('Ctrl Pts',(-17.5739978167389,-6.96325175361846,5.96059253844488));
#6309=CARTESIAN_POINT('Ctrl Pts',(-17.6301267787462,-6.81762567543251,5.96082457947265));
#6310=CARTESIAN_POINT('Ctrl Pts',(-17.7992986646862,-8.22119286733252,4.52345681657842));
#6311=CARTESIAN_POINT('Ctrl Pts',(-17.7391515205044,-8.17757113283288,4.7188969084867));
#6312=CARTESIAN_POINT('Ctrl Pts',(-17.6334013530178,-8.01151086720001,5.09503899874334));
#6313=CARTESIAN_POINT('Ctrl Pts',(-17.559471553884,-7.6219464311527,5.49178282051619));
#6314=CARTESIAN_POINT('Ctrl Pts',(-17.5816804983342,-7.20889025783426,5.70688168201181));
#6315=CARTESIAN_POINT('Ctrl Pts',(-17.6479020849756,-6.96176370204085,5.75117553687836));
#6316=CARTESIAN_POINT('Ctrl Pts',(-17.693894040116,-6.84228467668773,5.75209846408874));
#6317=CARTESIAN_POINT('Ctrl Pts',(-17.7272887808836,-7.94380841742559,4.44855432809366));
#6318=CARTESIAN_POINT('Ctrl Pts',(-17.6702327383352,-7.90016385528954,4.60686214717112));
#6319=CARTESIAN_POINT('Ctrl Pts',(-17.5682734378078,-7.74549193776568,4.90768180460759));
#6320=CARTESIAN_POINT('Ctrl Pts',(-17.4916982013075,-7.40583335457758,5.20681989397314));
#6321=CARTESIAN_POINT('Ctrl Pts',(-17.4998810745529,-7.07301320420273,5.35356227822234));
#6322=CARTESIAN_POINT('Ctrl Pts',(-17.5485575596804,-6.88886501961564,5.38174507084463));
#6323=CARTESIAN_POINT('Ctrl Pts',(-17.5841730582264,-6.79985522665303,5.38347957841334));
#6324=CARTESIAN_POINT('Ctrl Pts',(-17.5670831719431,-7.81453775930062,4.3741914424956));
#6325=CARTESIAN_POINT('Ctrl Pts',(-17.5045415551999,-7.77561908665961,4.51597062231224));
#6326=CARTESIAN_POINT('Ctrl Pts',(-17.3869115702086,-7.63594714364145,4.78762510069876));
#6327=CARTESIAN_POINT('Ctrl Pts',(-17.2773632081337,-7.32088184434589,5.06824698034476));
#6328=CARTESIAN_POINT('Ctrl Pts',(-17.258649204352,-6.9920349073121,5.21772775764082));
#6329=CARTESIAN_POINT('Ctrl Pts',(-17.3045815865894,-6.79830054820796,5.24901777354311));
#6330=CARTESIAN_POINT('Ctrl Pts',(-17.3428559748135,-6.70653714877172,5.25));
#6331=CARTESIAN_POINT('Ctrl Pts',(-17.455722817697,-7.78194714592288,4.33333333320087));
#6332=CARTESIAN_POINT('Ctrl Pts',(-17.3890452670032,-7.74807407969729,4.47217715990072));
#6333=CARTESIAN_POINT('Ctrl Pts',(-17.2608635376738,-7.62094847219037,4.7411521468334));
#6334=CARTESIAN_POINT('Ctrl Pts',(-17.1325946146071,-7.31561965103104,5.03780099831408));
#6335=CARTESIAN_POINT('Ctrl Pts',(-17.1031185908467,-6.96976097345031,5.21204943918277));
#6336=CARTESIAN_POINT('Ctrl Pts',(-17.1532281506874,-6.75221799033852,5.25));
#6337=CARTESIAN_POINT('Ctrl Pts',(-17.1960915111905,-6.64978286742171,5.25));
#6338=CARTESIAN_POINT('',(-17.5723104748947,-6.79526792823402,6.04545454545454));
#6339=CARTESIAN_POINT('',(-17.1960915111905,-6.6497828674217,5.25));
#6340=CARTESIAN_POINT('Origin',(-17.1960915111905,-6.64978286742171,5.75));
#6341=CARTESIAN_POINT('Ctrl Pts',(-17.1960915111905,-6.64978286742171,5.25));
#6342=CARTESIAN_POINT('Ctrl Pts',(-17.1532281506874,-6.75221799033852,5.25));
#6343=CARTESIAN_POINT('Ctrl Pts',(-17.1031185908467,-6.96976097345031,5.21204943918277));
#6344=CARTESIAN_POINT('Ctrl Pts',(-17.1325946146071,-7.31561965103104,5.03780099831408));
#6345=CARTESIAN_POINT('Ctrl Pts',(-17.2608635376738,-7.62094847219037,4.7411521468334));
#6346=CARTESIAN_POINT('Ctrl Pts',(-17.3890452670032,-7.74807407969729,4.47217715990072));
#6347=CARTESIAN_POINT('Ctrl Pts',(-17.455722817697,-7.78194714592288,4.33333333320087));
#6348=CARTESIAN_POINT('Ctrl Pts',(-17.7259787383029,-8.45824842246966,4.54545454523779));
#6349=CARTESIAN_POINT('Ctrl Pts',(-17.6549790023708,-8.41572892507412,4.77265353438298));
#6350=CARTESIAN_POINT('Ctrl Pts',(-17.5259774937424,-8.24085147937818,5.21279442209102));
#6351=CARTESIAN_POINT('Ctrl Pts',(-17.4184081865698,-7.79908415156154,5.69821981542305));
#6352=CARTESIAN_POINT('Ctrl Pts',(-17.4274608316038,-7.28515510492214,5.98335362775362));
#6353=CARTESIAN_POINT('Ctrl Pts',(-17.5110362406984,-6.95372082203906,6.04545454545454));
#6354=CARTESIAN_POINT('Ctrl Pts',(-17.5723104748947,-6.79526792823402,6.04545454545454));
#6355=CARTESIAN_POINT('Origin',(0.,0.,5.75));
#6356=CARTESIAN_POINT('',(-18.2104560782147,-4.83125771057531,6.04545454545455));
#6357=CARTESIAN_POINT('',(-17.8205745697975,-4.72782163870203,5.25));
#6358=CARTESIAN_POINT('Origin',(-17.8205745697975,-4.72782163870204,5.75));
#6359=CARTESIAN_POINT('Origin',(0.,0.,5.25));
#6360=CARTESIAN_POINT('Origin',(0.,0.,6.04545454545455));
#6361=CARTESIAN_POINT('Ctrl Pts',(-18.6960901751083,-3.96448894996829,4.33333333320091));
#6362=CARTESIAN_POINT('Ctrl Pts',(-18.5853103324695,-3.94680668948071,4.54159870099503));
#6363=CARTESIAN_POINT('Ctrl Pts',(-18.3413242269099,-4.01251164072373,4.87131410671306));
#6364=CARTESIAN_POINT('Ctrl Pts',(-17.9885472252206,-4.31604363784129,5.18130101519553));
#6365=CARTESIAN_POINT('Ctrl Pts',(-17.8546180655935,-4.5837336210091,5.25));
#6366=CARTESIAN_POINT('Ctrl Pts',(-17.8205745697975,-4.72782163870204,5.25));
#6367=CARTESIAN_POINT('Ctrl Pts',(-18.7689226424359,-3.99054869252577,4.36057207273073));
#6368=CARTESIAN_POINT('Ctrl Pts',(-18.6585248902447,-3.97930309595418,4.57185658083334));
#6369=CARTESIAN_POINT('Ctrl Pts',(-18.4156667347773,-4.06043000594188,4.90162047366025));
#6370=CARTESIAN_POINT('Ctrl Pts',(-18.0766813127116,-4.37046191800178,5.18973982217634));
#6371=CARTESIAN_POINT('Ctrl Pts',(-17.9537938493464,-4.62049938698056,5.24914810507845));
#6372=CARTESIAN_POINT('Ctrl Pts',(-17.921970753013,-4.75472217814372,5.25));
#6373=CARTESIAN_POINT('Ctrl Pts',(-18.9269739380898,-4.00344784115575,4.41836839810955));
#6374=CARTESIAN_POINT('Ctrl Pts',(-18.8181653754748,-4.00239570208849,4.64461264639335));
#6375=CARTESIAN_POINT('Ctrl Pts',(-18.5781117258856,-4.11183882510263,4.99246432559107));
#6376=CARTESIAN_POINT('Ctrl Pts',(-18.2616021152589,-4.44980613497457,5.26706518610607));
#6377=CARTESIAN_POINT('Ctrl Pts',(-18.154318791941,-4.68402244275274,5.31615460588279));
#6378=CARTESIAN_POINT('Ctrl Pts',(-18.1237826579767,-4.80826313932306,5.31818018420382));
#6379=CARTESIAN_POINT('Ctrl Pts',(-19.1831390182511,-3.88464763289057,4.50783909936103));
#6380=CARTESIAN_POINT('Ctrl Pts',(-19.0741517522205,-3.88770686037887,4.78310936731875));
#6381=CARTESIAN_POINT('Ctrl Pts',(-18.8293123468296,-4.0245995979882,5.21133652460733));
#6382=CARTESIAN_POINT('Ctrl Pts',(-18.5013210947243,-4.43758374320011,5.56363858110975));
#6383=CARTESIAN_POINT('Ctrl Pts',(-18.3830820211879,-4.71960090706371,5.6290964510853));
#6384=CARTESIAN_POINT('Ctrl Pts',(-18.3440337479756,-4.8666960403031,5.6309078992595));
#6385=CARTESIAN_POINT('Ctrl Pts',(-19.291282093068,-3.69735152313903,4.54148338780037));
#6386=CARTESIAN_POINT('Ctrl Pts',(-19.1750329716805,-3.69211732275242,4.86025919610484));
#6387=CARTESIAN_POINT('Ctrl Pts',(-18.9068045423244,-3.82686668750696,5.36325191050305));
#6388=CARTESIAN_POINT('Ctrl Pts',(-18.5128484012113,-4.29659902001143,5.82111116729638));
#6389=CARTESIAN_POINT('Ctrl Pts',(-18.3516661979053,-4.66306138640978,5.91805024678632));
#6390=CARTESIAN_POINT('Ctrl Pts',(-18.300329967883,-4.85510137053499,5.9185095964817));
#6391=CARTESIAN_POINT('Ctrl Pts',(-19.3122517241697,-3.57620216840134,4.54545454523786));
#6392=CARTESIAN_POINT('Ctrl Pts',(-19.1886034554762,-3.56520178549519,4.88625241981006));
#6393=CARTESIAN_POINT('Ctrl Pts',(-18.9012728419667,-3.69680514543141,5.42578672007591));
#6394=CARTESIAN_POINT('Ctrl Pts',(-18.4573267907292,-4.19628725853334,5.93303802486542));
#6395=CARTESIAN_POINT('Ctrl Pts',(-18.2685418108977,-4.61231520177895,6.04545454545454));
#6396=CARTESIAN_POINT('Ctrl Pts',(-18.2104560782147,-4.83125771057531,6.04545454545454));
#6397=CARTESIAN_POINT('',(-19.3122517241697,-3.57620216840134,4.54545454523786));
#6398=CARTESIAN_POINT('Ctrl Pts',(-18.2104560782147,-4.83125771057531,6.04545454545454));
#6399=CARTESIAN_POINT('Ctrl Pts',(-18.2685418108977,-4.61231520177895,6.04545454545454));
#6400=CARTESIAN_POINT('Ctrl Pts',(-18.4573267907292,-4.19628725853334,5.93303802486542));
#6401=CARTESIAN_POINT('Ctrl Pts',(-18.9012728419667,-3.69680514543141,5.42578672007591));
#6402=CARTESIAN_POINT('Ctrl Pts',(-19.1886034554762,-3.56520178549519,4.88625241981006));
#6403=CARTESIAN_POINT('Ctrl Pts',(-19.3122517241697,-3.57620216840134,4.54545454523786));
#6404=CARTESIAN_POINT('',(-18.6960901751066,-3.96448894997355,4.33333333326712));
#6405=CARTESIAN_POINT('Origin',(-18.8500612498094,-3.49061470815955,4.37499999980137));
#6406=CARTESIAN_POINT('Ctrl Pts',(-18.6960901751083,-3.96448894996829,4.33333333320091));
#6407=CARTESIAN_POINT('Ctrl Pts',(-18.5853103324695,-3.94680668948071,4.54159870099503));
#6408=CARTESIAN_POINT('Ctrl Pts',(-18.3413242269099,-4.01251164072373,4.87131410671306));
#6409=CARTESIAN_POINT('Ctrl Pts',(-17.9885472252206,-4.31604363784129,5.18130101519553));
#6410=CARTESIAN_POINT('Ctrl Pts',(-17.8546180655935,-4.5837336210091,5.25));
#6411=CARTESIAN_POINT('Ctrl Pts',(-17.8205745697975,-4.72782163870204,5.25));
#6412=CARTESIAN_POINT('Ctrl Pts',(-19.3122517241697,-3.57620216840135,4.54545454523786));
#6413=CARTESIAN_POINT('Ctrl Pts',(-19.3723541240536,-3.58154918550152,4.37980103184129));
#6414=CARTESIAN_POINT('Ctrl Pts',(-19.4866585371089,-3.53925661645729,4.04434025971071));
#6415=CARTESIAN_POINT('Ctrl Pts',(-19.6449553187519,-3.2823651449248,3.53896413765436));
#6416=CARTESIAN_POINT('Ctrl Pts',(-19.7739129094132,-2.79779988445659,3.14365369436272));
#6417=CARTESIAN_POINT('Ctrl Pts',(-19.8365614569733,-2.35934227629561,3.04545454545455));
#6418=CARTESIAN_POINT('Ctrl Pts',(-19.8602338640813,-2.13961095547362,3.04545454545455));
#6419=CARTESIAN_POINT('Ctrl Pts',(-19.2982719701083,-3.65696840489788,4.54280710692653));
#6420=CARTESIAN_POINT('Ctrl Pts',(-19.3608950086102,-3.66409817271506,4.36926634082995));
#6421=CARTESIAN_POINT('Ctrl Pts',(-19.4803533364082,-3.62180047758561,4.01556978764326));
#6422=CARTESIAN_POINT('Ctrl Pts',(-19.6451994130064,-3.34909983001976,3.48021573128416));
#6423=CARTESIAN_POINT('Ctrl Pts',(-19.7780124443815,-2.83326166807792,3.06504904821902));
#6424=CARTESIAN_POINT('Ctrl Pts',(-19.8426636653034,-2.37108438913073,2.96527590371003));
#6425=CARTESIAN_POINT('Ctrl Pts',(-19.8673865490928,-2.14038153870625,2.96664741273763));
#6426=CARTESIAN_POINT('Ctrl Pts',(-19.2322578715319,-3.81105952186492,4.52346593389767));
#6427=CARTESIAN_POINT('Ctrl Pts',(-19.2979950778705,-3.82138539423782,4.33477066852096));
#6428=CARTESIAN_POINT('Ctrl Pts',(-19.4246142613488,-3.77861139099305,3.94644966609083));
#6429=CARTESIAN_POINT('Ctrl Pts',(-19.6010753380508,-3.47477242832942,3.355133143908));
#6430=CARTESIAN_POINT('Ctrl Pts',(-19.7441048452216,-2.89810854193166,2.90372786614134));
#6431=CARTESIAN_POINT('Ctrl Pts',(-19.815553031188,-2.38986746688271,2.80165725633965));
#6432=CARTESIAN_POINT('Ctrl Pts',(-19.8436859677609,-2.13782819397648,2.80587681227308));
#6433=CARTESIAN_POINT('Ctrl Pts',(-19.0109234774774,-3.99314270935609,4.44855087085298));
#6434=CARTESIAN_POINT('Ctrl Pts',(-19.0752129663907,-4.00417000725175,4.2419230445257));
#6435=CARTESIAN_POINT('Ctrl Pts',(-19.2018532928335,-3.95525320081468,3.81533004114639));
#6436=CARTESIAN_POINT('Ctrl Pts',(-19.3885135408847,-3.6119951131859,3.16576217709861));
#6437=CARTESIAN_POINT('Ctrl Pts',(-19.552422475531,-2.96461624418873,2.67453610373638));
#6438=CARTESIAN_POINT('Ctrl Pts',(-19.6419922176551,-2.39933106379601,2.56725694160673));
#6439=CARTESIAN_POINT('Ctrl Pts',(-19.6789997505964,-2.12008598424863,2.57369666081411));
#6440=CARTESIAN_POINT('Ctrl Pts',(-18.8053388761069,-4.00357856380646,4.37419144235999));
#6441=CARTESIAN_POINT('Ctrl Pts',(-18.8644848939398,-4.00904165837407,4.16695403006326));
#6442=CARTESIAN_POINT('Ctrl Pts',(-18.9825230912035,-3.95030895767903,3.74360926175438));
#6443=CARTESIAN_POINT('Ctrl Pts',(-19.1653197261661,-3.60191634540653,3.10296705001754));
#6444=CARTESIAN_POINT('Ctrl Pts',(-19.3386438968995,-2.9549938483309,2.61083082505646));
#6445=CARTESIAN_POINT('Ctrl Pts',(-19.4401179678958,-2.38321242661327,2.49651907164287));
#6446=CARTESIAN_POINT('Ctrl Pts',(-19.483188263732,-2.098990542706,2.5));
#6447=CARTESIAN_POINT('Ctrl Pts',(-18.6960901751118,-3.96448894995776,4.33333333306849));
#6448=CARTESIAN_POINT('Ctrl Pts',(-18.7525535323207,-3.96503269173937,4.13086792780603));
#6449=CARTESIAN_POINT('Ctrl Pts',(-18.8655212350871,-3.89951516207637,3.7208603174242));
#6450=CARTESIAN_POINT('Ctrl Pts',(-19.0428781220848,-3.55742588382547,3.10317839046645));
#6451=CARTESIAN_POINT('Ctrl Pts',(-19.2158942406375,-2.92981585968742,2.62002118199888));
#6452=CARTESIAN_POINT('Ctrl Pts',(-19.3203627033092,-2.36738932216563,2.5));
#6453=CARTESIAN_POINT('Ctrl Pts',(-19.3651689610422,-2.0862759193677,2.5));
#6454=CARTESIAN_POINT('',(-19.8602338640813,-2.13961095547362,3.04545454545455));
#6455=CARTESIAN_POINT('',(-19.3651689610422,-2.0862759193677,2.5));
#6456=CARTESIAN_POINT('Origin',(-19.3651689610422,-2.0862759193677,3.));
#6457=CARTESIAN_POINT('Ctrl Pts',(-19.3651689610422,-2.0862759193677,2.5));
#6458=CARTESIAN_POINT('Ctrl Pts',(-19.3203627033092,-2.36738932216563,2.5));
#6459=CARTESIAN_POINT('Ctrl Pts',(-19.2158942406375,-2.92981585968742,2.62002118199888));
#6460=CARTESIAN_POINT('Ctrl Pts',(-19.0428781220848,-3.55742588382547,3.10317839046645));
#6461=CARTESIAN_POINT('Ctrl Pts',(-18.8655212350871,-3.89951516207637,3.7208603174242));
#6462=CARTESIAN_POINT('Ctrl Pts',(-18.7525535323207,-3.96503269173937,4.13086792780603));
#6463=CARTESIAN_POINT('Ctrl Pts',(-18.6960901751118,-3.96448894995776,4.33333333306849));
#6464=CARTESIAN_POINT('Ctrl Pts',(-19.3122517241697,-3.57620216840135,4.54545454523786));
#6465=CARTESIAN_POINT('Ctrl Pts',(-19.3723541240536,-3.58154918550152,4.37980103184129));
#6466=CARTESIAN_POINT('Ctrl Pts',(-19.4866585371089,-3.53925661645729,4.04434025971071));
#6467=CARTESIAN_POINT('Ctrl Pts',(-19.6449553187519,-3.2823651449248,3.53896413765436));
#6468=CARTESIAN_POINT('Ctrl Pts',(-19.7739129094132,-2.79779988445659,3.14365369436272));
#6469=CARTESIAN_POINT('Ctrl Pts',(-19.8365614569733,-2.35934227629561,3.04545454545455));
#6470=CARTESIAN_POINT('Ctrl Pts',(-19.8602338640813,-2.13961095547362,3.04545454545455));
#6471=CARTESIAN_POINT('Origin',(0.,0.,3.));
#6472=CARTESIAN_POINT('',(-14.8096349430318,13.4045341967155,3.04545454545454));
#6473=CARTESIAN_POINT('',(-14.4404685708082,13.0703933971762,2.5));
#6474=CARTESIAN_POINT('Origin',(-14.4404685708082,13.0703933971762,3.));
#6475=CARTESIAN_POINT('Origin',(0.,0.,2.5));
#6476=CARTESIAN_POINT('',(-19.9751551727836,-2.44625098448212E-15,3.04545454545454));
#6477=CARTESIAN_POINT('Origin',(0.,0.,3.04545454545454));
#6478=CARTESIAN_POINT('Origin',(0.,0.,3.04545454545454));
#6479=CARTESIAN_POINT('Ctrl Pts',(-14.8096349430318,13.4045341967155,3.04545454545455));
#6480=CARTESIAN_POINT('Ctrl Pts',(-14.58717262383,13.6503156381002,3.04545454545455));
#6481=CARTESIAN_POINT('Ctrl Pts',(-14.1949061244641,14.0427828547125,3.23517612922408));
#6482=CARTESIAN_POINT('Ctrl Pts',(-13.7513493234811,14.3199225587919,3.87514217647162));
#6483=CARTESIAN_POINT('Ctrl Pts',(-13.5825430566527,14.2975366384019,4.32458021053167));
#6484=CARTESIAN_POINT('Ctrl Pts',(-13.5219009506976,14.2446650815841,4.54545454523776));
#6485=CARTESIAN_POINT('Ctrl Pts',(-14.8149686493018,13.4093618544103,2.96664741273763));
#6486=CARTESIAN_POINT('Ctrl Pts',(-14.5815580470391,13.6675315119339,2.96459012140689));
#6487=CARTESIAN_POINT('Ctrl Pts',(-14.1688951675271,14.0843274700769,3.15939027024064));
#6488=CARTESIAN_POINT('Ctrl Pts',(-13.7005934184392,14.3835216970712,3.83623101607874));
#6489=CARTESIAN_POINT('Ctrl Pts',(-13.525081833064,14.3585593488023,4.31141629323324));
#6490=CARTESIAN_POINT('Ctrl Pts',(-13.4631178893888,14.3017892462135,4.54280710692643));
#6491=CARTESIAN_POINT('Ctrl Pts',(-14.7972926866614,13.3933629424464,2.80588168705013));
#6492=CARTESIAN_POINT('Ctrl Pts',(-14.5409317367043,13.6744186335852,2.7995522676539));
#6493=CARTESIAN_POINT('Ctrl Pts',(-14.0855016875103,14.1360987875059,3.00291114805251));
#6494=CARTESIAN_POINT('Ctrl Pts',(-13.5680440972359,14.4777614657335,3.74796873135733));
#6495=CARTESIAN_POINT('Ctrl Pts',(-13.3819594419141,14.4503014611725,4.27186793838855));
#6496=CARTESIAN_POINT('Ctrl Pts',(-13.3191410979238,14.3876430592742,4.52346502406275));
#6497=CARTESIAN_POINT('Ctrl Pts',(-14.6744863309295,13.2822081434716,2.57370814739591));
#6498=CARTESIAN_POINT('Ctrl Pts',(-14.3833686046862,13.5884545794595,2.56404843810409));
#6499=CARTESIAN_POINT('Ctrl Pts',(-13.8657983873721,14.096366105085,2.78052257126866));
#6500=CARTESIAN_POINT('Ctrl Pts',(-13.2880172751649,14.485792211952,3.59672926789202));
#6501=CARTESIAN_POINT('Ctrl Pts',(-13.0937642406517,14.4671290086109,4.17304255637088));
#6502=CARTESIAN_POINT('Ctrl Pts',(-13.0330572792854,14.4048485875302,4.44855004628775));
#6503=CARTESIAN_POINT('Ctrl Pts',(-14.5284747242618,13.1500497491409,2.5));
#6504=CARTESIAN_POINT('Ctrl Pts',(-14.225611583733,13.456990269535,2.4947785369342));
#6505=CARTESIAN_POINT('Ctrl Pts',(-13.6932069616727,13.9594433553698,2.7206985340659));
#6506=CARTESIAN_POINT('Ctrl Pts',(-13.1128003216991,14.3472932577657,3.52848666359511));
#6507=CARTESIAN_POINT('Ctrl Pts',(-12.920113779734,14.3447111823955,4.09787116017141));
#6508=CARTESIAN_POINT('Ctrl Pts',(-12.8605942995507,14.2924639521726,4.37419144235987));
#6509=CARTESIAN_POINT('Ctrl Pts',(-14.4404685708082,13.0703933971762,2.5));
#6510=CARTESIAN_POINT('Ctrl Pts',(-14.1382394838595,13.3720310656724,2.5));
#6511=CARTESIAN_POINT('Ctrl Pts',(-13.6122059822176,13.859821716084,2.73188193571834));
#6512=CARTESIAN_POINT('Ctrl Pts',(-13.0472067361814,14.2342373902883,3.514062660132));
#6513=CARTESIAN_POINT('Ctrl Pts',(-12.8556676421876,14.2414632539901,4.06337581287208));
#6514=CARTESIAN_POINT('Ctrl Pts',(-12.7951865423703,14.1966250149884,4.33333333306837));
#6515=CARTESIAN_POINT('',(-13.5219009506976,14.2446650815841,4.54545454523776));
#6516=CARTESIAN_POINT('',(-12.7951865423613,14.1966250149949,4.33333333320085));
#6517=CARTESIAN_POINT('Origin',(-13.1982880492132,13.903754627164,4.37499999980128));
#6518=CARTESIAN_POINT('Ctrl Pts',(-12.7951865423703,14.1966250149884,4.33333333306837));
#6519=CARTESIAN_POINT('Ctrl Pts',(-12.8556676421876,14.2414632539901,4.06337581287208));
#6520=CARTESIAN_POINT('Ctrl Pts',(-13.0472067361814,14.2342373902883,3.514062660132));
#6521=CARTESIAN_POINT('Ctrl Pts',(-13.6122059822176,13.859821716084,2.73188193571834));
#6522=CARTESIAN_POINT('Ctrl Pts',(-14.1382394838595,13.3720310656724,2.5));
#6523=CARTESIAN_POINT('Ctrl Pts',(-14.4404685708082,13.0703933971762,2.5));
#6524=CARTESIAN_POINT('Ctrl Pts',(-14.8096349430318,13.4045341967155,3.04545454545455));
#6525=CARTESIAN_POINT('Ctrl Pts',(-14.58717262383,13.6503156381002,3.04545454545455));
#6526=CARTESIAN_POINT('Ctrl Pts',(-14.1949061244641,14.0427828547125,3.23517612922408));
#6527=CARTESIAN_POINT('Ctrl Pts',(-13.7513493234811,14.3199225587919,3.87514217647162));
#6528=CARTESIAN_POINT('Ctrl Pts',(-13.5825430566527,14.2975366384019,4.32458021053167));
#6529=CARTESIAN_POINT('Ctrl Pts',(-13.5219009506976,14.2446650815841,4.54545454523776));
#6530=CARTESIAN_POINT('Ctrl Pts',(-13.5219009506976,14.2446650815841,4.54545454523776));
#6531=CARTESIAN_POINT('Ctrl Pts',(-13.4283330745964,14.1630867919352,4.88625310544695));
#6532=CARTESIAN_POINT('Ctrl Pts',(-13.118237319552,14.0997421102946,5.42669508125569));
#6533=CARTESIAN_POINT('Ctrl Pts',(-12.5589915406949,14.2234261761528,5.86063548355863));
#6534=CARTESIAN_POINT('Ctrl Pts',(-12.1674855905444,14.4118749971398,6.01845627364389));
#6535=CARTESIAN_POINT('Ctrl Pts',(-11.9806683483398,14.540913831837,6.04545454545454));
#6536=CARTESIAN_POINT('Ctrl Pts',(-11.8928264102938,14.6124071123548,6.04545454545454));
#6537=CARTESIAN_POINT('Ctrl Pts',(-13.4631178893865,14.3017892462059,4.54280710694611));
#6538=CARTESIAN_POINT('Ctrl Pts',(-13.3712525854898,14.2261554740018,4.8688947186907));
#6539=CARTESIAN_POINT('Ctrl Pts',(-13.0704905864425,14.1726229198723,5.38480011219756));
#6540=CARTESIAN_POINT('Ctrl Pts',(-12.5442114742667,14.2986402763898,5.79065914577011));
#6541=CARTESIAN_POINT('Ctrl Pts',(-12.1838122935563,14.4761739517761,5.9357729337207));
#6542=CARTESIAN_POINT('Ctrl Pts',(-12.0127253483367,14.5948962476171,5.96066988541942));
#6543=CARTESIAN_POINT('Ctrl Pts',(-11.9319561118987,14.6604847610406,5.96082457947265));
#6544=CARTESIAN_POINT('Ctrl Pts',(-13.3191053482513,14.3876483077273,4.52345639952058));
#6545=CARTESIAN_POINT('Ctrl Pts',(-13.2289954911814,14.3220630788176,4.81661660318209));
#6546=CARTESIAN_POINT('Ctrl Pts',(-12.943477093444,14.2839776215637,5.27627861783956));
#6547=CARTESIAN_POINT('Ctrl Pts',(-12.4796827634289,14.4088984490319,5.61577086858514));
#6548=CARTESIAN_POINT('Ctrl Pts',(-12.1806950843035,14.5620897726135,5.73130627623456));
#6549=CARTESIAN_POINT('Ctrl Pts',(-12.0413899230404,14.659732844045,5.75148640933302));
#6550=CARTESIAN_POINT('Ctrl Pts',(-11.9751105682443,14.7135075214073,5.75210169427804));
#6551=CARTESIAN_POINT('Ctrl Pts',(-13.0330462686011,14.404878333956,4.44855408058239));
#6552=CARTESIAN_POINT('Ctrl Pts',(-12.9443366506911,14.3437134057563,4.6860158624963));
#6553=CARTESIAN_POINT('Ctrl Pts',(-12.6794139717522,14.3028848512523,5.05014879249995));
#6554=CARTESIAN_POINT('Ctrl Pts',(-12.2863296356459,14.3949300247126,5.29255355407501));
#6555=CARTESIAN_POINT('Ctrl Pts',(-12.0535968401337,14.5085257637927,5.36850096085608));
#6556=CARTESIAN_POINT('Ctrl Pts',(-11.9499502732946,14.5813492154607,5.38233187615562));
#6557=CARTESIAN_POINT('Ctrl Pts',(-11.9008518960764,14.6222678184211,5.38348821479429));
#6558=CARTESIAN_POINT('Ctrl Pts',(-12.860594299546,14.2924639521668,4.37419144249558));
#6559=CARTESIAN_POINT('Ctrl Pts',(-12.7760838611026,14.2212828148424,4.58686025995354));
#6560=CARTESIAN_POINT('Ctrl Pts',(-12.5266320393249,14.1506613397472,4.91759211819569));
#6561=CARTESIAN_POINT('Ctrl Pts',(-12.1391403892666,14.2010629799603,5.1545266940985));
#6562=CARTESIAN_POINT('Ctrl Pts',(-11.8966273555076,14.3034668635345,5.23493236996834));
#6563=CARTESIAN_POINT('Ctrl Pts',(-11.787829590672,14.3784305198041,5.24934518221511));
#6564=CARTESIAN_POINT('Ctrl Pts',(-11.7375330843293,14.4216022336373,5.25));
#6565=CARTESIAN_POINT('Ctrl Pts',(-12.7951865423613,14.1966250149949,4.33333333320085));
#6566=CARTESIAN_POINT('Ctrl Pts',(-12.7159569795758,14.1172048482253,4.54159911999537));
#6567=CARTESIAN_POINT('Ctrl Pts',(-12.4796265071057,14.0261524069342,4.87186921632293));
#6568=CARTESIAN_POINT('Ctrl Pts',(-12.0823748020115,14.0597456879794,5.13705501773028));
#6569=CARTESIAN_POINT('Ctrl Pts',(-11.8164746797481,14.1675544620387,5.23350105611571));
#6570=CARTESIAN_POINT('Ctrl Pts',(-11.6943212439334,14.2512791793399,5.25));
#6571=CARTESIAN_POINT('Ctrl Pts',(-11.6382038417939,14.2995589715888,5.25));
#6572=CARTESIAN_POINT('',(-11.8928264102938,14.6124071123548,6.04545454545454));
#6573=CARTESIAN_POINT('',(-11.6382038417939,14.2995589715888,5.25));
#6574=CARTESIAN_POINT('Origin',(-11.6382038417939,14.2995589715888,5.75));
#6575=CARTESIAN_POINT('Ctrl Pts',(-11.6382038417939,14.2995589715888,5.25));
#6576=CARTESIAN_POINT('Ctrl Pts',(-11.6943212439334,14.2512791793399,5.25));
#6577=CARTESIAN_POINT('Ctrl Pts',(-11.8164746797481,14.1675544620387,5.23350105611571));
#6578=CARTESIAN_POINT('Ctrl Pts',(-12.0823748020115,14.0597456879794,5.13705501773028));
#6579=CARTESIAN_POINT('Ctrl Pts',(-12.4796265071057,14.0261524069342,4.87186921632293));
#6580=CARTESIAN_POINT('Ctrl Pts',(-12.7159569795758,14.1172048482253,4.54159911999537));
#6581=CARTESIAN_POINT('Ctrl Pts',(-12.7951865423613,14.1966250149949,4.33333333320085));
#6582=CARTESIAN_POINT('Ctrl Pts',(-13.5219009506976,14.2446650815841,4.54545454523776));
#6583=CARTESIAN_POINT('Ctrl Pts',(-13.4283330745964,14.1630867919352,4.88625310544695));
#6584=CARTESIAN_POINT('Ctrl Pts',(-13.118237319552,14.0997421102946,5.42669508125569));
#6585=CARTESIAN_POINT('Ctrl Pts',(-12.5589915406949,14.2234261761528,5.86063548355863));
#6586=CARTESIAN_POINT('Ctrl Pts',(-12.1674855905444,14.4118749971398,6.01845627364389));
#6587=CARTESIAN_POINT('Ctrl Pts',(-11.9806683483398,14.540913831837,6.04545454545454));
#6588=CARTESIAN_POINT('Ctrl Pts',(-11.8928264102938,14.6124071123548,6.04545454545454));
#6589=CARTESIAN_POINT('Origin',(0.,0.,5.75));
#6590=CARTESIAN_POINT('',(-10.2221395310308,15.82623218112,6.04545454545455));
#6591=CARTESIAN_POINT('',(-10.0032859689622,15.4873963359971,5.25));
#6592=CARTESIAN_POINT('Origin',(-10.0032859689622,15.4873963359971,5.75));
#6593=CARTESIAN_POINT('Origin',(0.,0.,5.25));
#6594=CARTESIAN_POINT('Origin',(0.,0.,6.04545454545455));
#6595=CARTESIAN_POINT('Ctrl Pts',(-9.54786264212245,16.5559439307267,4.33333333320086));
#6596=CARTESIAN_POINT('Ctrl Pts',(-9.47979611032138,16.4227516714378,4.61102166401432));
#6597=CARTESIAN_POINT('Ctrl Pts',(-9.48933667710843,16.1085681017368,4.96819530905611));
#6598=CARTESIAN_POINT('Ctrl Pts',(-9.73955225145362,15.6908926499571,5.21198378069515));
#6599=CARTESIAN_POINT('Ctrl Pts',(-9.90839869583682,15.5450737807929,5.25));
#6600=CARTESIAN_POINT('Ctrl Pts',(-10.0032859689622,15.4873963359971,5.25));
#6601=CARTESIAN_POINT('Ctrl Pts',(-9.59515340024119,16.6171588200571,4.36057207273068));
#6602=CARTESIAN_POINT('Ctrl Pts',(-9.53540650840917,16.4817990197035,4.64228594097092));
#6603=CARTESIAN_POINT('Ctrl Pts',(-9.56493115281339,16.1632743251551,4.99518625670406));
#6604=CARTESIAN_POINT('Ctrl Pts',(-9.81465156537142,15.7639651056247,5.21562803825662));
#6605=CARTESIAN_POINT('Ctrl Pts',(-9.97183798561736,15.6293243553418,5.24936107610819));
#6606=CARTESIAN_POINT('Ctrl Pts',(-10.0602030460685,15.5755171129263,5.25));
#6607=CARTESIAN_POINT('Ctrl Pts',(-9.65625746181314,16.7634872403807,4.41836737702198));
#6608=CARTESIAN_POINT('Ctrl Pts',(-9.61009148174518,16.6259427074616,4.72002764981481));
#6609=CARTESIAN_POINT('Ctrl Pts',(-9.67772253027664,16.2996786630736,5.08702322985975));
#6610=CARTESIAN_POINT('Ctrl Pts',(-9.94550041146643,15.9229924568425,5.28749611863811));
#6611=CARTESIAN_POINT('Ctrl Pts',(-10.0919383898989,15.8014741460356,5.31666419331473));
#6612=CARTESIAN_POINT('Ctrl Pts',(-10.1734815393654,15.7508983753913,5.31818338347694));
#6613=CARTESIAN_POINT('Ctrl Pts',(-9.62242966710451,17.0438231024126,4.50783690317226));
#6614=CARTESIAN_POINT('Ctrl Pts',(-9.58140360151055,16.9043579757971,4.87486547850081));
#6615=CARTESIAN_POINT('Ctrl Pts',(-9.68430206431566,16.5599251646194,5.33031515130863));
#6616=CARTESIAN_POINT('Ctrl Pts',(-10.024425255479,16.1456129636614,5.5914991958498));
#6617=CARTESIAN_POINT('Ctrl Pts',(-10.2012388376871,16.0042498220882,5.62954696407599));
#6618=CARTESIAN_POINT('Ctrl Pts',(-10.297111146647,15.9423055522703,5.63090555594925));
#6619=CARTESIAN_POINT('Ctrl Pts',(-9.47772426915433,17.2045550874723,4.54148338780029));
#6620=CARTESIAN_POINT('Ctrl Pts',(-9.42318940600855,17.0592984367732,4.96651959544901));
#6621=CARTESIAN_POINT('Ctrl Pts',(-9.5148095685911,16.685686584418,5.5091955430775));
#6622=CARTESIAN_POINT('Ctrl Pts',(-9.91646792928555,16.1746097853217,5.86403812285211));
#6623=CARTESIAN_POINT('Ctrl Pts',(-10.1475053966631,15.9854650323912,5.91816508275395));
#6624=CARTESIAN_POINT('Ctrl Pts',(-10.2725887584658,15.9043392333982,5.9185095964817));
#6625=CARTESIAN_POINT('Ctrl Pts',(-9.3689843582623,17.2619356012474,4.54545454523777));
#6626=CARTESIAN_POINT('Ctrl Pts',(-9.30408888102905,17.1096720424387,4.99985363202344));
#6627=CARTESIAN_POINT('Ctrl Pts',(-9.38442925000028,16.7131604098588,5.58431959663727));
#6628=CARTESIAN_POINT('Ctrl Pts',(-9.81654390331625,16.1365990527146,5.98324618659206));
#6629=CARTESIAN_POINT('Ctrl Pts',(-10.079431011953,15.9184073986692,6.04545454545454));
#6630=CARTESIAN_POINT('Ctrl Pts',(-10.2221395310308,15.82623218112,6.04545454545455));
#6631=CARTESIAN_POINT('',(-9.3689843582623,17.2619356012474,4.54545454523777));
#6632=CARTESIAN_POINT('Ctrl Pts',(-10.2221395310308,15.82623218112,6.04545454545455));
#6633=CARTESIAN_POINT('Ctrl Pts',(-10.079431011953,15.9184073986692,6.04545454545454));
#6634=CARTESIAN_POINT('Ctrl Pts',(-9.81654390331625,16.1365990527146,5.98324618659206));
#6635=CARTESIAN_POINT('Ctrl Pts',(-9.38442925000028,16.7131604098588,5.58431959663727));
#6636=CARTESIAN_POINT('Ctrl Pts',(-9.30408888102905,17.1096720424387,4.99985363202344));
#6637=CARTESIAN_POINT('Ctrl Pts',(-9.3689843582623,17.2619356012474,4.54545454523777));
#6638=CARTESIAN_POINT('',(-9.54786264212693,16.5559439307235,4.3333333332671));
#6639=CARTESIAN_POINT('Origin',(-9.14476113527064,16.8488143185576,4.37499999980129));
#6640=CARTESIAN_POINT('Ctrl Pts',(-9.54786264212245,16.5559439307267,4.33333333320086));
#6641=CARTESIAN_POINT('Ctrl Pts',(-9.47979611032138,16.4227516714378,4.61102166401432));
#6642=CARTESIAN_POINT('Ctrl Pts',(-9.48933667710843,16.1085681017368,4.96819530905611));
#6643=CARTESIAN_POINT('Ctrl Pts',(-9.73955225145362,15.6908926499571,5.21198378069515));
#6644=CARTESIAN_POINT('Ctrl Pts',(-9.90839869583682,15.5450737807929,5.25));
#6645=CARTESIAN_POINT('Ctrl Pts',(-10.0032859689622,15.4873963359971,5.25));
#6646=CARTESIAN_POINT('Ctrl Pts',(-9.3689843582623,17.2619356012474,4.54545454523777));
#6647=CARTESIAN_POINT('Ctrl Pts',(-9.3926423191249,17.3174440199477,4.37980115479707));
#6648=CARTESIAN_POINT('Ctrl Pts',(-9.38774158384107,17.4392233138848,4.04434045068508));
#6649=CARTESIAN_POINT('Ctrl Pts',(-9.19234113643886,17.6691555040259,3.53896540078145));
#6650=CARTESIAN_POINT('Ctrl Pts',(-8.77134075363994,17.9415418138044,3.14365301519278));
#6651=CARTESIAN_POINT('Ctrl Pts',(-8.37370229652652,18.136614242731,3.04545454545455));
#6652=CARTESIAN_POINT('Ctrl Pts',(-8.17204071780164,18.227028684988,3.04545454545455));
#6653=CARTESIAN_POINT('Ctrl Pts',(-9.4414776321968,17.2236819254019,4.54280710692644));
#6654=CARTESIAN_POINT('Ctrl Pts',(-9.46761000807878,17.2810367122465,4.36926646964));
#6655=CARTESIAN_POINT('Ctrl Pts',(-9.46429717183959,17.407719382844,4.01556973222472));
#6656=CARTESIAN_POINT('Ctrl Pts',(-9.25588523848746,17.6487655718766,3.48021683421471));
#6657=CARTESIAN_POINT('Ctrl Pts',(-8.80633389391087,17.9344826094454,3.06504792496748));
#6658=CARTESIAN_POINT('Ctrl Pts',(-8.38675538802658,18.1387892785693,2.96527590472802));
#6659=CARTESIAN_POINT('Ctrl Pts',(-8.17498388723034,18.2335931693628,2.96664741273763));
#6660=CARTESIAN_POINT('Ctrl Pts',(-9.56762218912212,17.1132821113611,4.52346521679951));
#6661=CARTESIAN_POINT('Ctrl Pts',(-9.59775656888301,17.1726109957308,4.33477009148131));
#6662=CARTESIAN_POINT('Ctrl Pts',(-9.59620460930026,17.3062505583553,3.94644947022491));
#6663=CARTESIAN_POINT('Ctrl Pts',(-9.36176853916129,17.5679649855151,3.35513507680275));
#6664=CARTESIAN_POINT('Ctrl Pts',(-8.85752627370432,17.8821942371455,2.90372804081933));
#6665=CARTESIAN_POINT('Ctrl Pts',(-8.39624036288414,18.1071987240464,2.80166108591954));
#6666=CARTESIAN_POINT('Ctrl Pts',(-8.16523049699365,18.2118390776054,2.80588063872102));
#6667=CARTESIAN_POINT('Ctrl Pts',(-9.67239188144785,16.8465163560449,4.44855022318318));
#6668=CARTESIAN_POINT('Ctrl Pts',(-9.70274598707228,16.9042516280996,4.24192255022477));
#6669=CARTESIAN_POINT('Ctrl Pts',(-9.69535900746564,17.0398089460976,3.81533162719621));
#6670=CARTESIAN_POINT('Ctrl Pts',(-9.42658605340327,17.3234037215452,3.1657669454726));
#6671=CARTESIAN_POINT('Ctrl Pts',(-8.86154273615983,17.6793420200339,2.67454025365497));
#6672=CARTESIAN_POINT('Ctrl Pts',(-8.3516070795203,17.9392071985005,2.56726599426193));
#6673=CARTESIAN_POINT('Ctrl Pts',(-8.09746537220832,18.0606948388581,2.57370570868945));
#6674=CARTESIAN_POINT('Ctrl Pts',(-9.61879877930466,16.6477662647287,4.37419144235989));
#6675=CARTESIAN_POINT('Ctrl Pts',(-9.64227159822963,16.702329240839,4.16695418388448));
#6676=CARTESIAN_POINT('Ctrl Pts',(-9.62289030610516,16.8327395202295,3.74360774265194));
#6677=CARTESIAN_POINT('Ctrl Pts',(-9.34803828348845,17.114247620989,3.10296692654025));
#6678=CARTESIAN_POINT('Ctrl Pts',(-8.78633662040803,17.4790006002135,2.61082723433048));
#6679=CARTESIAN_POINT('Ctrl Pts',(-8.27389634202094,17.75219782548,2.49651907422658));
#6680=CARTESIAN_POINT('Ctrl Pts',(-8.01689491138216,17.8809894076992,2.5));
#6681=CARTESIAN_POINT('Ctrl Pts',(-9.54786264211349,16.5559439307332,4.33333333306839));
#6682=CARTESIAN_POINT('Ctrl Pts',(-9.56582789488044,16.6094757093538,4.13086807808526));
#6683=CARTESIAN_POINT('Ctrl Pts',(-9.53842578363123,16.7371606481094,3.72086055083731));
#6684=CARTESIAN_POINT('Ctrl Pts',(-9.26788770756641,17.0115473512742,3.10317993428842));
#6685=CARTESIAN_POINT('Ctrl Pts',(-8.72445797624964,17.3700393977195,2.62002035190228));
#6686=CARTESIAN_POINT('Ctrl Pts',(-8.22184126609738,17.6431934094249,2.5));
#6687=CARTESIAN_POINT('Ctrl Pts',(-7.9683326158086,17.772675415516,2.5));
#6688=CARTESIAN_POINT('',(-8.17204071780164,18.227028684988,3.04545454545455));
#6689=CARTESIAN_POINT('',(-7.9683326158086,17.772675415516,2.5));
#6690=CARTESIAN_POINT('Origin',(-7.9683326158086,17.772675415516,3.));
#6691=CARTESIAN_POINT('Ctrl Pts',(-7.9683326158086,17.772675415516,2.5));
#6692=CARTESIAN_POINT('Ctrl Pts',(-8.22184126609738,17.6431934094249,2.5));
#6693=CARTESIAN_POINT('Ctrl Pts',(-8.72445797624964,17.3700393977195,2.62002035190228));
#6694=CARTESIAN_POINT('Ctrl Pts',(-9.26788770756641,17.0115473512742,3.10317993428842));
#6695=CARTESIAN_POINT('Ctrl Pts',(-9.53842578363123,16.7371606481094,3.72086055083731));
#6696=CARTESIAN_POINT('Ctrl Pts',(-9.56582789488044,16.6094757093538,4.13086807808526));
#6697=CARTESIAN_POINT('Ctrl Pts',(-9.54786264211349,16.5559439307332,4.33333333306839));
#6698=CARTESIAN_POINT('Ctrl Pts',(-9.3689843582623,17.2619356012474,4.54545454523777));
#6699=CARTESIAN_POINT('Ctrl Pts',(-9.3926423191249,17.3174440199477,4.37980115479707));
#6700=CARTESIAN_POINT('Ctrl Pts',(-9.38774158384107,17.4392233138848,4.04434045068508));
#6701=CARTESIAN_POINT('Ctrl Pts',(-9.19234113643886,17.6691555040259,3.53896540078145));
#6702=CARTESIAN_POINT('Ctrl Pts',(-8.77134075363994,17.9415418138044,3.14365301519278));
#6703=CARTESIAN_POINT('Ctrl Pts',(-8.37370229652652,18.136614242731,3.04545454545455));
#6704=CARTESIAN_POINT('Ctrl Pts',(-8.17204071780164,18.227028684988,3.04545454545455));
#6705=CARTESIAN_POINT('Origin',(0.,0.,3.));
#6706=CARTESIAN_POINT('',(8.17204071780161,18.227028684988,3.04545454545454));
#6707=CARTESIAN_POINT('',(7.96833261580857,17.772675415516,2.5));
#6708=CARTESIAN_POINT('Origin',(7.96833261580857,17.772675415516,3.));
#6709=CARTESIAN_POINT('Origin',(0.,0.,2.5));
#6710=CARTESIAN_POINT('Origin',(0.,0.,3.04545454545454));
#6711=CARTESIAN_POINT('Ctrl Pts',(8.17204071780161,18.227028684988,3.04545454545455));
#6712=CARTESIAN_POINT('Ctrl Pts',(8.47453728985443,18.0914051367656,3.04545454545455));
#6713=CARTESIAN_POINT('Ctrl Pts',(8.96901440459086,17.8396150541962,3.23517602826128));
#6714=CARTESIAN_POINT('Ctrl Pts',(9.36965568336554,17.5034084601258,3.87514438231846));
#6715=CARTESIAN_POINT('Ctrl Pts',(9.4005287444692,17.3359478547712,4.32458028836936));
#6716=CARTESIAN_POINT('Ctrl Pts',(9.36898435826227,17.2619356012474,4.54545454523777));
#6717=CARTESIAN_POINT('Ctrl Pts',(8.17498388723031,18.2335931693628,2.96664741273763));
#6718=CARTESIAN_POINT('Ctrl Pts',(8.49264555314803,18.0913853568304,2.9645901221319));
#6719=CARTESIAN_POINT('Ctrl Pts',(9.01656333573536,17.8277150346296,3.15939036098559));
#6720=CARTESIAN_POINT('Ctrl Pts',(9.44582640348143,17.4747898315672,3.83623350128694));
#6721=CARTESIAN_POINT('Ctrl Pts',(9.4763212842813,17.3001560373319,4.31141637477701));
#6722=CARTESIAN_POINT('Ctrl Pts',(9.44147763219677,17.223681925402,4.54280710692645));
#6723=CARTESIAN_POINT('Ctrl Pts',(8.16523049699362,18.2118390776054,2.80588063872102));
#6724=CARTESIAN_POINT('Ctrl Pts',(8.51175011160792,18.0548763658675,2.79955122155533));
#6725=CARTESIAN_POINT('Ctrl Pts',(9.09157143756332,17.7644015790748,3.00291124626629));
#6726=CARTESIAN_POINT('Ctrl Pts',(9.57641462673579,17.3778498048189,3.74797148431696));
#6727=CARTESIAN_POINT('Ctrl Pts',(9.60780192053699,17.1923883899053,4.27186821978988));
#6728=CARTESIAN_POINT('Ctrl Pts',(9.56762218912209,17.1132821113611,4.52346521679952));
#6729=CARTESIAN_POINT('Ctrl Pts',(8.09746537220829,18.0606948388581,2.57370570868945));
#6730=CARTESIAN_POINT('Ctrl Pts',(8.47868323117591,17.8784608457131,2.56404600280179));
#6731=CARTESIAN_POINT('Ctrl Pts',(9.12167653567755,17.5431729050898,2.78052185687896));
#6732=CARTESIAN_POINT('Ctrl Pts',(9.67058660148682,17.1140096689472,3.59673166721626));
#6733=CARTESIAN_POINT('Ctrl Pts',(9.71286458475237,16.9234977886389,4.17304283035704));
#6734=CARTESIAN_POINT('Ctrl Pts',(9.67239188144781,16.8465163560449,4.44855022318318));
#6735=CARTESIAN_POINT('Ctrl Pts',(8.01689491138213,17.8809894076992,2.5));
#6736=CARTESIAN_POINT('Ctrl Pts',(8.40240241495556,17.6877993494992,2.49477853877428));
#6737=CARTESIAN_POINT('Ctrl Pts',(9.04478711709956,17.3367173559477,2.72069944007565));
#6738=CARTESIAN_POINT('Ctrl Pts',(9.59300898169055,16.9045702662636,3.52849016162341));
#6739=CARTESIAN_POINT('Ctrl Pts',(9.65009630616396,16.7205179106132,4.09787125754859));
#6740=CARTESIAN_POINT('Ctrl Pts',(9.61879877930462,16.6477662647287,4.37419144235989));
#6741=CARTESIAN_POINT('Ctrl Pts',(7.96833261580857,17.772675415516,2.5));
#6742=CARTESIAN_POINT('Ctrl Pts',(8.34860087604428,17.5784497071151,2.5));
#6743=CARTESIAN_POINT('Ctrl Pts',(8.97507280002849,17.2288958811305,2.73188181231933));
#6744=CARTESIAN_POINT('Ctrl Pts',(9.5057566298061,16.8072507258336,3.51406535616701));
#6745=CARTESIAN_POINT('Ctrl Pts',(9.57181664537168,16.6273206275229,4.06337590800698));
#6746=CARTESIAN_POINT('Ctrl Pts',(9.54786264211346,16.5559439307332,4.33333333306839));
#6747=CARTESIAN_POINT('',(9.36898435826227,17.2619356012474,4.54545454523777));
#6748=CARTESIAN_POINT('',(9.54786264212242,16.5559439307267,4.33333333320086));
#6749=CARTESIAN_POINT('Origin',(9.14476113527061,16.8488143185576,4.37499999980129));
#6750=CARTESIAN_POINT('Ctrl Pts',(9.54786264211346,16.5559439307332,4.33333333306839));
#6751=CARTESIAN_POINT('Ctrl Pts',(9.57181664537168,16.6273206275229,4.06337590800698));
#6752=CARTESIAN_POINT('Ctrl Pts',(9.5057566298061,16.8072507258336,3.51406535616701));
#6753=CARTESIAN_POINT('Ctrl Pts',(8.97507280002849,17.2288958811305,2.73188181231933));
#6754=CARTESIAN_POINT('Ctrl Pts',(8.34860087604428,17.5784497071151,2.5));
#6755=CARTESIAN_POINT('Ctrl Pts',(7.96833261580857,17.772675415516,2.5));
#6756=CARTESIAN_POINT('Ctrl Pts',(8.17204071780161,18.227028684988,3.04545454545455));
#6757=CARTESIAN_POINT('Ctrl Pts',(8.47453728985443,18.0914051367656,3.04545454545455));
#6758=CARTESIAN_POINT('Ctrl Pts',(8.96901440459086,17.8396150541962,3.23517602826128));
#6759=CARTESIAN_POINT('Ctrl Pts',(9.36965568336554,17.5034084601258,3.87514438231846));
#6760=CARTESIAN_POINT('Ctrl Pts',(9.4005287444692,17.3359478547712,4.32458028836936));
#6761=CARTESIAN_POINT('Ctrl Pts',(9.36898435826227,17.2619356012474,4.54545454523777));
#6762=CARTESIAN_POINT('Ctrl Pts',(9.36898435826227,17.2619356012474,4.54545454523777));
#6763=CARTESIAN_POINT('Ctrl Pts',(9.32031286008402,17.1477381896383,4.88625309187908));
#6764=CARTESIAN_POINT('Ctrl Pts',(9.3558939704269,16.8332459014265,5.42669606978065));
#6765=CARTESIAN_POINT('Ctrl Pts',(9.64634046729975,16.3395913927106,5.86063584170923));
#6766=CARTESIAN_POINT('Ctrl Pts',(9.94654804080774,16.025480844308,6.0184566184418));
#6767=CARTESIAN_POINT('Ctrl Pts',(10.1270007328355,15.8876821875926,6.04545454545454));
#6768=CARTESIAN_POINT('Ctrl Pts',(10.2221395310307,15.82623218112,6.04545454545454));
#6769=CARTESIAN_POINT('Ctrl Pts',(9.44147763219028,17.2236819253974,4.54280710694612));
#6770=CARTESIAN_POINT('Ctrl Pts',(9.39793358211463,17.1129407129541,4.8688947057085));
#6771=CARTESIAN_POINT('Ctrl Pts',(9.43996187458117,16.8103578543277,5.38480103306304));
#6772=CARTESIAN_POINT('Ctrl Pts',(9.72244046339218,16.3487772835032,5.79065947935289));
#6773=CARTESIAN_POINT('Ctrl Pts',(10.0026546195289,16.0608780494312,5.93577324165014));
#6774=CARTESIAN_POINT('Ctrl Pts',(10.1684349030302,15.9348516904011,5.96066988542558));
#6775=CARTESIAN_POINT('Ctrl Pts',(10.2557723493208,15.8783035493055,5.96082457947265));
#6776=CARTESIAN_POINT('Ctrl Pts',(9.56763753013623,17.1132498401545,4.52345652989324));
#6777=CARTESIAN_POINT('Ctrl Pts',(9.53310774937892,17.0072833273114,4.81661672188346));
#6778=CARTESIAN_POINT('Ctrl Pts',(9.58511513111842,16.7239734350412,5.27627810732912));
#6779=CARTESIAN_POINT('Ctrl Pts',(9.84724280395086,16.3214799644423,5.61577016693511));
#6780=CARTESIAN_POINT('Ctrl Pts',(10.0853289549367,16.0844643723027,5.73130546980418));
#6781=CARTESIAN_POINT('Ctrl Pts',(10.2212410866451,15.9821501041983,5.75148539330703));
#6782=CARTESIAN_POINT('Ctrl Pts',(10.2928652881188,15.9357319829436,5.75210067822755));
#6783=CARTESIAN_POINT('Ctrl Pts',(9.67242181816225,16.8465155171845,4.44855415824725));
#6784=CARTESIAN_POINT('Ctrl Pts',(9.64166329535246,16.743246658851,4.68601593070734));
#6785=CARTESIAN_POINT('Ctrl Pts',(9.68469838879284,16.4786758234458,5.05014803295538));
#6786=CARTESIAN_POINT('Ctrl Pts',(9.89370839972444,16.1332730155166,5.29255184638527));
#6787=CARTESIAN_POINT('Ctrl Pts',(10.0736627044468,15.9470341728347,5.36849877275587));
#6788=CARTESIAN_POINT('Ctrl Pts',(10.1749502894137,15.8709640471664,5.38232918004997));
#6789=CARTESIAN_POINT('Ctrl Pts',(10.2290384242002,15.83691326063,5.38348551864261));
#6790=CARTESIAN_POINT('Ctrl Pts',(9.61879877930053,16.6477662647224,4.37419144249559));
#6791=CARTESIAN_POINT('Ctrl Pts',(9.5772166581474,16.5453958845093,4.58686025148679));
#6792=CARTESIAN_POINT('Ctrl Pts',(9.58713219969078,16.2863350325161,4.91759037064732));
#6793=CARTESIAN_POINT('Ctrl Pts',(9.75481039267771,15.9333807120231,5.15452607863979));
#6794=CARTESIAN_POINT('Ctrl Pts',(9.92714368397876,15.7343809282493,5.23493208316185));
#6795=CARTESIAN_POINT('Ctrl Pts',(10.0320603718967,15.6540715268711,5.24934518224118));
#6796=CARTESIAN_POINT('Ctrl Pts',(10.0886615846216,15.619577501391,5.25000000000001));
#6797=CARTESIAN_POINT('Ctrl Pts',(9.54786264212242,16.5559439307267,4.33333333320086));
#6798=CARTESIAN_POINT('Ctrl Pts',(9.49681285838097,16.4560499615054,4.54159911170392));
#6799=CARTESIAN_POINT('Ctrl Pts',(9.48324754399071,16.203150360563,4.87186982042151));
#6800=CARTESIAN_POINT('Ctrl Pts',(9.6379537381212,15.8357218542193,5.13705523660009));
#6801=CARTESIAN_POINT('Ctrl Pts',(9.82265368989627,15.6161504426092,5.23350126682555));
#6802=CARTESIAN_POINT('Ctrl Pts',(9.94002792951569,15.5258478791587,5.25));
#6803=CARTESIAN_POINT('Ctrl Pts',(10.0032859689622,15.4873963359971,5.25));
#6804=CARTESIAN_POINT('',(10.2221395310307,15.82623218112,6.04545454545454));
#6805=CARTESIAN_POINT('',(10.0032859689622,15.4873963359971,5.25));
#6806=CARTESIAN_POINT('Origin',(10.0032859689622,15.4873963359971,5.75));
#6807=CARTESIAN_POINT('Ctrl Pts',(10.0032859689622,15.4873963359971,5.25));
#6808=CARTESIAN_POINT('Ctrl Pts',(9.94002792951569,15.5258478791587,5.25));
#6809=CARTESIAN_POINT('Ctrl Pts',(9.82265368989627,15.6161504426092,5.23350126682555));
#6810=CARTESIAN_POINT('Ctrl Pts',(9.6379537381212,15.8357218542193,5.13705523660009));
#6811=CARTESIAN_POINT('Ctrl Pts',(9.48324754399071,16.203150360563,4.87186982042151));
#6812=CARTESIAN_POINT('Ctrl Pts',(9.49681285838097,16.4560499615054,4.54159911170392));
#6813=CARTESIAN_POINT('Ctrl Pts',(9.54786264212242,16.5559439307267,4.33333333320086));
#6814=CARTESIAN_POINT('Ctrl Pts',(9.36898435826227,17.2619356012474,4.54545454523777));
#6815=CARTESIAN_POINT('Ctrl Pts',(9.32031286008402,17.1477381896383,4.88625309187908));
#6816=CARTESIAN_POINT('Ctrl Pts',(9.3558939704269,16.8332459014265,5.42669606978065));
#6817=CARTESIAN_POINT('Ctrl Pts',(9.64634046729975,16.3395913927106,5.86063584170923));
#6818=CARTESIAN_POINT('Ctrl Pts',(9.94654804080774,16.025480844308,6.0184566184418));
#6819=CARTESIAN_POINT('Ctrl Pts',(10.1270007328355,15.8876821875926,6.04545454545454));
#6820=CARTESIAN_POINT('Ctrl Pts',(10.2221395310307,15.82623218112,6.04545454545454));
#6821=CARTESIAN_POINT('Origin',(0.,0.,5.75));
#6822=CARTESIAN_POINT('',(11.8928264102938,14.6124071123549,6.04545454545455));
#6823=CARTESIAN_POINT('',(11.6382038417939,14.2995589715888,5.25));
#6824=CARTESIAN_POINT('Origin',(11.6382038417939,14.2995589715888,5.75));
#6825=CARTESIAN_POINT('Origin',(0.,0.,5.25));
#6826=CARTESIAN_POINT('Origin',(0.,0.,6.04545454545455));
#6827=CARTESIAN_POINT('Ctrl Pts',(12.7951865423613,14.1966250149949,4.33333333320085));
#6828=CARTESIAN_POINT('Ctrl Pts',(12.7159567594841,14.1172046276041,4.54159969853673));
#6829=CARTESIAN_POINT('Ctrl Pts',(12.4799478440591,14.0269509590098,4.8713121819617));
#6830=CARTESIAN_POINT('Ctrl Pts',(12.0161303771591,14.06515961764,5.18129989494599));
#6831=CARTESIAN_POINT('Ctrl Pts',(11.7504389578498,14.2029991188582,5.25));
#6832=CARTESIAN_POINT('Ctrl Pts',(11.6382038417939,14.2995589715888,5.25));
#6833=CARTESIAN_POINT('Ctrl Pts',(12.8387917138177,14.2605176397762,4.36057207273067));
#6834=CARTESIAN_POINT('Ctrl Pts',(12.7560876558414,14.1865292360284,4.57185759283601));
#6835=CARTESIAN_POINT('Ctrl Pts',(12.5119250555672,14.1094145346246,4.90162091141483));
#6836=CARTESIAN_POINT('Ctrl Pts',(12.0554455756185,14.1609878163625,5.1897405919047));
#6837=CARTESIAN_POINT('Ctrl Pts',(11.809063440931,14.2910373433914,5.24914810099808));
#6838=CARTESIAN_POINT('Ctrl Pts',(11.7044233368175,14.3809211462878,5.25));
#6839=CARTESIAN_POINT('Ctrl Pts',(12.9590761393482,14.3638482743562,4.41836720452852));
#6840=CARTESIAN_POINT('Ctrl Pts',(12.8716661762153,14.2990406971307,4.64461253646865));
#6841=CARTESIAN_POINT('Ctrl Pts',(12.6131225100602,14.2464767755391,4.99247021433316));
#6842=CARTESIAN_POINT('Ctrl Pts',(12.1584077090841,14.3338613160346,5.26707113641472));
#6843=CARTESIAN_POINT('Ctrl Pts',(11.9339463802585,14.4602853693759,5.31615832128723));
#6844=CARTESIAN_POINT('Ctrl Pts',(11.8362148116515,14.5428499105507,5.31818390931031));
#6845=CARTESIAN_POINT('Ctrl Pts',(13.2361443750032,14.4183043049344,4.50783653872312));
#6846=CARTESIAN_POINT('Ctrl Pts',(13.1461732248746,14.3567178693186,4.7831081251602));
#6847=CARTESIAN_POINT('Ctrl Pts',(12.8676216975939,14.3235430203988,5.21133742136051));
#6848=CARTESIAN_POINT('Ctrl Pts',(12.3595234999994,14.4648688585875,5.56363958795929));
#6849=CARTESIAN_POINT('Ctrl Pts',(12.0981009411169,14.6235247005223,5.62909371908656));
#6850=CARTESIAN_POINT('Ctrl Pts',(11.9800493090485,14.7195756240402,5.63090517593717));
#6851=CARTESIAN_POINT('Ctrl Pts',(13.4337263587309,14.3303513285168,4.54148338780028));
#6852=CARTESIAN_POINT('Ctrl Pts',(13.3427549940129,14.2577869047439,4.86026072296533));
#6853=CARTESIAN_POINT('Ctrl Pts',(13.0465461262389,14.2091400281575,5.36325112671467));
#6854=CARTESIAN_POINT('Ctrl Pts',(12.451724436562,14.357605091093,5.82111156711627));
#6855=CARTESIAN_POINT('Ctrl Pts',(12.1059318553236,14.5593340539168,5.91805024458614));
#6856=CARTESIAN_POINT('Ctrl Pts',(11.9515209627011,14.6845235853835,5.9185095964817));
#6857=CARTESIAN_POINT('Ctrl Pts',(13.5219009506975,14.2446650815841,4.54545454523775));
#6858=CARTESIAN_POINT('Ctrl Pts',(13.4283328146742,14.1630865653189,4.88625405215103));
#6859=CARTESIAN_POINT('Ctrl Pts',(13.1185231960192,14.1006688084162,5.42578357048277));
#6860=CARTESIAN_POINT('Ctrl Pts',(12.4657699231017,14.2438180661787,5.93303619172981));
#6861=CARTESIAN_POINT('Ctrl Pts',(12.068510774418,14.4694201541168,6.04545454545454));
#6862=CARTESIAN_POINT('Ctrl Pts',(11.8928264102938,14.6124071123548,6.04545454545454));
#6863=CARTESIAN_POINT('',(13.5219009506975,14.2446650815841,4.54545454523775));
#6864=CARTESIAN_POINT('Ctrl Pts',(11.8928264102938,14.6124071123548,6.04545454545454));
#6865=CARTESIAN_POINT('Ctrl Pts',(12.068510774418,14.4694201541168,6.04545454545454));
#6866=CARTESIAN_POINT('Ctrl Pts',(12.4657699231017,14.2438180661787,5.93303619172981));
#6867=CARTESIAN_POINT('Ctrl Pts',(13.1185231960192,14.1006688084162,5.42578357048277));
#6868=CARTESIAN_POINT('Ctrl Pts',(13.4283328146742,14.1630865653189,4.88625405215103));
#6869=CARTESIAN_POINT('Ctrl Pts',(13.5219009506975,14.2446650815841,4.54545454523775));
#6870=CARTESIAN_POINT('',(12.7951865423568,14.1966250149982,4.33333333326709));
#6871=CARTESIAN_POINT('Origin',(13.1982880492131,13.9037546271641,4.37499999980127));
#6872=CARTESIAN_POINT('Ctrl Pts',(12.7951865423613,14.1966250149949,4.33333333320085));
#6873=CARTESIAN_POINT('Ctrl Pts',(12.7159567594841,14.1172046276041,4.54159969853673));
#6874=CARTESIAN_POINT('Ctrl Pts',(12.4799478440591,14.0269509590098,4.8713121819617));
#6875=CARTESIAN_POINT('Ctrl Pts',(12.0161303771591,14.06515961764,5.18129989494599));
#6876=CARTESIAN_POINT('Ctrl Pts',(11.7504389578498,14.2029991188582,5.25));
#6877=CARTESIAN_POINT('Ctrl Pts',(11.6382038417939,14.2995589715888,5.25));
#6878=CARTESIAN_POINT('Ctrl Pts',(13.5219009506975,14.2446650815841,4.54545454523775));
#6879=CARTESIAN_POINT('Ctrl Pts',(13.5825421964131,14.2975358883915,4.32458334374826));
#6880=CARTESIAN_POINT('Ctrl Pts',(13.7513655205931,14.3199202711496,3.87510439010089));
#6881=CARTESIAN_POINT('Ctrl Pts',(14.1949140285321,14.0427694682263,3.23518108827824));
#6882=CARTESIAN_POINT('Ctrl Pts',(14.5871757795729,13.6503121515635,3.04545454545454));
#6883=CARTESIAN_POINT('Ctrl Pts',(14.8096349430318,13.4045341967155,3.04545454545455));
#6884=CARTESIAN_POINT('Ctrl Pts',(13.4631178893888,14.3017892462135,4.54280710692642));
#6885=CARTESIAN_POINT('Ctrl Pts',(13.5250809540734,14.3585585434891,4.31141957563151));
#6886=CARTESIAN_POINT('Ctrl Pts',(13.7006104197825,14.3835191557425,3.83619098683565));
#6887=CARTESIAN_POINT('Ctrl Pts',(14.1689035931654,14.0843131375317,3.15939562625809));
#6888=CARTESIAN_POINT('Ctrl Pts',(14.5815613580891,13.6675278496639,2.96459015059063));
#6889=CARTESIAN_POINT('Ctrl Pts',(14.8149686493017,13.4093618544104,2.96664741273763));
#6890=CARTESIAN_POINT('Ctrl Pts',(13.3191410979237,14.3876430592743,4.52346502406274));
#6891=CARTESIAN_POINT('Ctrl Pts',(13.3819585508034,14.4503005723307,4.27187150742323));
#6892=CARTESIAN_POINT('Ctrl Pts',(13.568062542652,14.4777582980326,3.74792449205035));
#6893=CARTESIAN_POINT('Ctrl Pts',(14.0855113105405,14.136082777089,3.00291730174625));
#6894=CARTESIAN_POINT('Ctrl Pts',(14.5409353733169,13.674414646665,2.79955235743999));
#6895=CARTESIAN_POINT('Ctrl Pts',(14.7972926866614,13.3933629424464,2.80588168705013));
#6896=CARTESIAN_POINT('Ctrl Pts',(13.0330572792854,14.4048485875302,4.44855004628775));
#6897=CARTESIAN_POINT('Ctrl Pts',(13.0937633794921,14.467128125131,4.17304646458698));
#6898=CARTESIAN_POINT('Ctrl Pts',(13.28803713571,14.4857877732197,3.59668062121135));
#6899=CARTESIAN_POINT('Ctrl Pts',(13.8658098864943,14.0963487720601,2.78052953748706));
#6900=CARTESIAN_POINT('Ctrl Pts',(14.3833727343416,13.5884502351956,2.56404857513206));
#6901=CARTESIAN_POINT('Ctrl Pts',(14.6744863309294,13.2822081434716,2.57370814739591));
#6902=CARTESIAN_POINT('Ctrl Pts',(12.8605942995507,14.2924639521727,4.37419144235986));
#6903=CARTESIAN_POINT('Ctrl Pts',(12.9201129354194,14.3447104412415,4.09787507991739));
#6904=CARTESIAN_POINT('Ctrl Pts',(13.1128199891426,14.347288082789,3.52843869666243));
#6905=CARTESIAN_POINT('Ctrl Pts',(13.6932188798498,13.9594268206903,2.72070515711699));
#6906=CARTESIAN_POINT('Ctrl Pts',(14.2256158800032,13.4569859154251,2.49477861100335));
#6907=CARTESIAN_POINT('Ctrl Pts',(14.5284747242618,13.1500497491409,2.5));
#6908=CARTESIAN_POINT('Ctrl Pts',(12.7951865423703,14.1966250149884,4.33333333306836));
#6909=CARTESIAN_POINT('Ctrl Pts',(12.8556667842319,14.2414626179366,4.06337964235899));
#6910=CARTESIAN_POINT('Ctrl Pts',(13.0472259379788,14.2342320149883,3.51401647678997));
#6911=CARTESIAN_POINT('Ctrl Pts',(13.6122175885121,13.8598060909048,2.73188799678451));
#6912=CARTESIAN_POINT('Ctrl Pts',(14.1382437711353,13.3720267867862,2.5));
#6913=CARTESIAN_POINT('Ctrl Pts',(14.4404685708082,13.0703933971763,2.5));
#6914=CARTESIAN_POINT('',(14.8096349430318,13.4045341967155,3.04545454545455));
#6915=CARTESIAN_POINT('',(14.4404685708082,13.0703933971763,2.5));
#6916=CARTESIAN_POINT('Origin',(14.4404685708082,13.0703933971763,3.));
#6917=CARTESIAN_POINT('Ctrl Pts',(14.4404685708082,13.0703933971763,2.5));
#6918=CARTESIAN_POINT('Ctrl Pts',(14.1382437711353,13.3720267867862,2.5));
#6919=CARTESIAN_POINT('Ctrl Pts',(13.6122175885121,13.8598060909048,2.73188799678451));
#6920=CARTESIAN_POINT('Ctrl Pts',(13.0472259379788,14.2342320149883,3.51401647678997));
#6921=CARTESIAN_POINT('Ctrl Pts',(12.8556667842319,14.2414626179366,4.06337964235899));
#6922=CARTESIAN_POINT('Ctrl Pts',(12.7951865423703,14.1966250149884,4.33333333306836));
#6923=CARTESIAN_POINT('Ctrl Pts',(13.5219009506975,14.2446650815841,4.54545454523775));
#6924=CARTESIAN_POINT('Ctrl Pts',(13.5825421964131,14.2975358883915,4.32458334374826));
#6925=CARTESIAN_POINT('Ctrl Pts',(13.7513655205931,14.3199202711496,3.87510439010089));
#6926=CARTESIAN_POINT('Ctrl Pts',(14.1949140285321,14.0427694682263,3.23518108827824));
#6927=CARTESIAN_POINT('Ctrl Pts',(14.5871757795729,13.6503121515635,3.04545454545454));
#6928=CARTESIAN_POINT('Ctrl Pts',(14.8096349430318,13.4045341967155,3.04545454545455));
#6929=CARTESIAN_POINT('Origin',(0.,0.,3.));
#6930=CARTESIAN_POINT('',(19.8602338640813,-2.13961095547358,3.04545454545454));
#6931=CARTESIAN_POINT('',(19.3651689610422,-2.08627591936766,2.5));
#6932=CARTESIAN_POINT('Origin',(19.3651689610422,-2.08627591936765,3.));
#6933=CARTESIAN_POINT('Origin',(0.,0.,2.5));
#6934=CARTESIAN_POINT('Origin',(0.,0.,3.04545454545454));
#6935=CARTESIAN_POINT('Ctrl Pts',(19.8602338640813,-2.13961095547358,3.04545454545455));
#6936=CARTESIAN_POINT('Ctrl Pts',(19.8128884362683,-2.57907929262888,3.04545454545455));
#6937=CARTESIAN_POINT('Ctrl Pts',(19.7079015416339,-3.17970405111523,3.33422622386646));
#6938=CARTESIAN_POINT('Ctrl Pts',(19.4868761205718,-3.53915951669921,4.04637147833619));
#6939=CARTESIAN_POINT('Ctrl Pts',(19.372354902991,-3.58154925479974,4.3797988849433));
#6940=CARTESIAN_POINT('Ctrl Pts',(19.3122517241697,-3.57620216840131,4.54545454523785));
#6941=CARTESIAN_POINT('Ctrl Pts',(19.8673865490928,-2.14038153870621,2.96664741273763));
#6942=CARTESIAN_POINT('Ctrl Pts',(19.8179401406883,-2.60179321945229,2.96390435913244));
#6943=CARTESIAN_POINT('Ctrl Pts',(19.7107060304212,-3.23978221108032,3.26316681983086));
#6944=CARTESIAN_POINT('Ctrl Pts',(19.4806094577592,-3.62194797761643,4.01785856683543));
#6945=CARTESIAN_POINT('Ctrl Pts',(19.3608958202156,-3.66409826511803,4.36926409171182));
#6946=CARTESIAN_POINT('Ctrl Pts',(19.2982719701083,-3.65696840489785,4.54280710692653));
#6947=CARTESIAN_POINT('Ctrl Pts',(19.8436859677609,-2.13782819397643,2.80587681227308));
#6948=CARTESIAN_POINT('Ctrl Pts',(19.7874193653997,-2.6419132727334,2.79743759103388));
#6949=CARTESIAN_POINT('Ctrl Pts',(19.6711805077067,-3.35235066227266,3.11512938679218));
#6950=CARTESIAN_POINT('Ctrl Pts',(19.4249021297766,-3.77923031176381,3.94919978424753));
#6951=CARTESIAN_POINT('Ctrl Pts',(19.297995929836,-3.82138552806286,4.33476822299794));
#6952=CARTESIAN_POINT('Ctrl Pts',(19.2322578715319,-3.81105952186488,4.52346593389766));
#6953=CARTESIAN_POINT('Ctrl Pts',(19.6789997505964,-2.12008598424859,2.57369666081411));
#6954=CARTESIAN_POINT('Ctrl Pts',(19.6049837254658,-2.67858338147166,2.56081705547961));
#6955=CARTESIAN_POINT('Ctrl Pts',(19.4627656082998,-3.47350435733136,2.90208266071286));
#6956=CARTESIAN_POINT('Ctrl Pts',(19.2020824764014,-3.95613178332185,3.81842315622424));
#6957=CARTESIAN_POINT('Ctrl Pts',(19.0752137995935,-4.00417015016738,4.24192036659364));
#6958=CARTESIAN_POINT('Ctrl Pts',(19.0109234774774,-3.99314270935605,4.44855087085297));
#6959=CARTESIAN_POINT('Ctrl Pts',(19.483188263732,-2.09899054270596,2.5));
#6960=CARTESIAN_POINT('Ctrl Pts',(19.3970465556627,-2.6674416776493,2.49303805305888));
#6961=CARTESIAN_POINT('Ctrl Pts',(19.2381636693757,-3.46189762846203,2.84304598165138));
#6962=CARTESIAN_POINT('Ctrl Pts',(18.9826924400398,-3.95068933367359,3.74643041350491));
#6963=CARTESIAN_POINT('Ctrl Pts',(18.8644856604823,-4.00904172917667,4.16695134423086));
#6964=CARTESIAN_POINT('Ctrl Pts',(18.805338876107,-4.00357856380642,4.37419144235998));
#6965=CARTESIAN_POINT('Ctrl Pts',(19.3651689610422,-2.08627591936766,2.5));
#6966=CARTESIAN_POINT('Ctrl Pts',(19.2755552841826,-2.64851001151942,2.5));
#6967=CARTESIAN_POINT('Ctrl Pts',(19.1134835664669,-3.42075455504171,2.85294316250351));
#6968=CARTESIAN_POINT('Ctrl Pts',(18.8657190743944,-3.89936605353715,3.72334291796647));
#6969=CARTESIAN_POINT('Ctrl Pts',(18.7525542640955,-3.96503269878632,4.13086530381967));
#6970=CARTESIAN_POINT('Ctrl Pts',(18.6960901751118,-3.96448894995772,4.33333333306848));
#6971=CARTESIAN_POINT('',(19.3122517241697,-3.57620216840131,4.54545454523785));
#6972=CARTESIAN_POINT('',(18.6960901751083,-3.96448894996825,4.33333333320091));
#6973=CARTESIAN_POINT('Origin',(18.8500612498094,-3.49061470815952,4.37499999980136));
#6974=CARTESIAN_POINT('Ctrl Pts',(18.6960901751118,-3.96448894995772,4.33333333306848));
#6975=CARTESIAN_POINT('Ctrl Pts',(18.7525542640955,-3.96503269878632,4.13086530381967));
#6976=CARTESIAN_POINT('Ctrl Pts',(18.8657190743944,-3.89936605353715,3.72334291796647));
#6977=CARTESIAN_POINT('Ctrl Pts',(19.1134835664669,-3.42075455504171,2.85294316250351));
#6978=CARTESIAN_POINT('Ctrl Pts',(19.2755552841826,-2.64851001151942,2.5));
#6979=CARTESIAN_POINT('Ctrl Pts',(19.3651689610422,-2.08627591936766,2.5));
#6980=CARTESIAN_POINT('Ctrl Pts',(19.8602338640813,-2.13961095547358,3.04545454545455));
#6981=CARTESIAN_POINT('Ctrl Pts',(19.8128884362683,-2.57907929262888,3.04545454545455));
#6982=CARTESIAN_POINT('Ctrl Pts',(19.7079015416339,-3.17970405111523,3.33422622386646));
#6983=CARTESIAN_POINT('Ctrl Pts',(19.4868761205718,-3.53915951669921,4.04637147833619));
#6984=CARTESIAN_POINT('Ctrl Pts',(19.372354902991,-3.58154925479974,4.3797988849433));
#6985=CARTESIAN_POINT('Ctrl Pts',(19.3122517241697,-3.57620216840131,4.54545454523785));
#6986=CARTESIAN_POINT('Ctrl Pts',(19.3122517241697,-3.57620216840131,4.54545454523785));
#6987=CARTESIAN_POINT('Ctrl Pts',(19.2298194314853,-3.56886856969474,4.77265344126594));
#6988=CARTESIAN_POINT('Ctrl Pts',(19.0226632709219,-3.63452183688276,5.21279665162167));
#6989=CARTESIAN_POINT('Ctrl Pts',(18.6759742982068,-3.92869046648085,5.69822090293906));
#6990=CARTESIAN_POINT('Ctrl Pts',(18.3812161228363,-4.34979036920358,5.98335672934379));
#6991=CARTESIAN_POINT('Ctrl Pts',(18.2540204377394,-4.667050602773,6.04545454545455));
#6992=CARTESIAN_POINT('Ctrl Pts',(18.2104560782147,-4.83125771057528,6.04545454545455));
#6993=CARTESIAN_POINT('Ctrl Pts',(19.2982719701019,-3.65696840489311,4.54280710694619));
#6994=CARTESIAN_POINT('Ctrl Pts',(19.21908734838,-3.65217378377832,4.76019871021862));
#6995=CARTESIAN_POINT('Ctrl Pts',(19.0211996607048,-3.72032129564951,5.18076843895228));
#6996=CARTESIAN_POINT('Ctrl Pts',(18.6958076106504,-4.00770664774877,5.63969616896784));
#6997=CARTESIAN_POINT('Ctrl Pts',(18.4257528000206,-4.40490720206452,5.90393075391085));
#6998=CARTESIAN_POINT('Ctrl Pts',(18.3105595651558,-4.69634779751822,5.96059253853999));
#6999=CARTESIAN_POINT('Ctrl Pts',(18.2703720046603,-4.84715348388173,5.96082457947265));
#7000=CARTESIAN_POINT('Ctrl Pts',(19.232232181923,-3.8110831257246,4.52345731312674));
#7001=CARTESIAN_POINT('Ctrl Pts',(19.1579319383503,-3.81102024596711,4.71889732493426));
#7002=CARTESIAN_POINT('Ctrl Pts',(18.9747725747409,-3.88320616085224,5.09503780805039));
#7003=CARTESIAN_POINT('Ctrl Pts',(18.6859832766063,-4.15491454533252,5.49177985851232));
#7004=CARTESIAN_POINT('Ctrl Pts',(18.4611616255577,-4.50213949347657,5.70687933891739));
#7005=CARTESIAN_POINT('Ctrl Pts',(18.3694798300485,-4.7409928394694,5.75117176870964));
#7006=CARTESIAN_POINT('Ctrl Pts',(18.3364601078339,-4.86468674371133,5.75209469554176));
#7007=CARTESIAN_POINT('Ctrl Pts',(19.0109317373739,-3.99316756724227,4.44855461918386));
#7008=CARTESIAN_POINT('Ctrl Pts',(18.9391188287865,-3.99494005863182,4.60686237337916));
#7009=CARTESIAN_POINT('Ctrl Pts',(18.7657200507395,-4.0601426244922,4.90767756103251));
#7010=CARTESIAN_POINT('Ctrl Pts',(18.5041249573062,-4.28992040109739,5.20681186278591));
#7011=CARTESIAN_POINT('Ctrl Pts',(18.3151178073876,-4.56398895970599,5.3535532377741));
#7012=CARTESIAN_POINT('Ctrl Pts',(18.2462600630499,-4.74157596140836,5.38173474498862));
#7013=CARTESIAN_POINT('Ctrl Pts',(18.2227549726573,-4.8345206232861,5.38346925184644));
#7014=CARTESIAN_POINT('Ctrl Pts',(18.8053388760997,-4.00357856380448,4.37419144249563));
#7015=CARTESIAN_POINT('Ctrl Pts',(18.7318658535944,-3.99830339355543,4.51597056420434));
#7016=CARTESIAN_POINT('Ctrl Pts',(18.554605857231,-4.04215339467604,4.78762357553314));
#7017=CARTESIAN_POINT('Ctrl Pts',(18.2807883408576,-4.23265640800627,5.06824588569559));
#7018=CARTESIAN_POINT('Ctrl Pts',(18.0723559390598,-4.48769918876615,5.21772780780952));
#7019=CARTESIAN_POINT('Ctrl Pts',(17.9956413775718,-4.67143721696713,5.24901777394568));
#7020=CARTESIAN_POINT('Ctrl Pts',(17.9726688446208,-4.76817244786453,5.25));
#7021=CARTESIAN_POINT('Ctrl Pts',(18.6960901751083,-3.96448894996825,4.33333333320091));
#7022=CARTESIAN_POINT('Ctrl Pts',(18.6222368449451,-3.95270076007094,4.47217710299587));
#7023=CARTESIAN_POINT('Ctrl Pts',(18.443811852558,-3.98020384905459,4.74115350932435));
#7024=CARTESIAN_POINT('Ctrl Pts',(18.1605729188752,-4.15182485446449,5.03780166290721));
#7025=CARTESIAN_POINT('Ctrl Pts',(17.9334340384213,-4.41430572971037,5.21205133459899));
#7026=CARTESIAN_POINT('Ctrl Pts',(17.8461072268172,-4.61975547656475,5.25));
#7027=CARTESIAN_POINT('Ctrl Pts',(17.8205745697975,-4.72782163870201,5.25));
#7028=CARTESIAN_POINT('',(18.2104560782147,-4.83125771057528,6.04545454545455));
#7029=CARTESIAN_POINT('',(17.8205745697975,-4.72782163870201,5.25));
#7030=CARTESIAN_POINT('Origin',(17.8205745697975,-4.727821638702,5.75));
#7031=CARTESIAN_POINT('Ctrl Pts',(17.8205745697975,-4.72782163870201,5.25));
#7032=CARTESIAN_POINT('Ctrl Pts',(17.8461072268172,-4.61975547656475,5.25));
#7033=CARTESIAN_POINT('Ctrl Pts',(17.9334340384213,-4.41430572971037,5.21205133459899));
#7034=CARTESIAN_POINT('Ctrl Pts',(18.1605729188752,-4.15182485446449,5.03780166290721));
#7035=CARTESIAN_POINT('Ctrl Pts',(18.443811852558,-3.98020384905459,4.74115350932435));
#7036=CARTESIAN_POINT('Ctrl Pts',(18.6222368449451,-3.95270076007094,4.47217710299587));
#7037=CARTESIAN_POINT('Ctrl Pts',(18.6960901751083,-3.96448894996825,4.33333333320091));
#7038=CARTESIAN_POINT('Ctrl Pts',(19.3122517241697,-3.57620216840131,4.54545454523785));
#7039=CARTESIAN_POINT('Ctrl Pts',(19.2298194314853,-3.56886856969474,4.77265344126594));
#7040=CARTESIAN_POINT('Ctrl Pts',(19.0226632709219,-3.63452183688276,5.21279665162167));
#7041=CARTESIAN_POINT('Ctrl Pts',(18.6759742982068,-3.92869046648085,5.69822090293906));
#7042=CARTESIAN_POINT('Ctrl Pts',(18.3812161228363,-4.34979036920358,5.98335672934379));
#7043=CARTESIAN_POINT('Ctrl Pts',(18.2540204377394,-4.667050602773,6.04545454545455));
#7044=CARTESIAN_POINT('Ctrl Pts',(18.2104560782147,-4.83125771057528,6.04545454545455));
#7045=CARTESIAN_POINT('Origin',(0.,0.,5.75));
#7046=CARTESIAN_POINT('',(17.5723104748947,-6.79526792823398,6.04545454545454));
#7047=CARTESIAN_POINT('',(17.1960915111905,-6.64978286742167,5.25));
#7048=CARTESIAN_POINT('Origin',(17.1960915111905,-6.64978286742167,5.75));
#7049=CARTESIAN_POINT('Origin',(0.,0.,5.25));
#7050=CARTESIAN_POINT('Origin',(0.,0.,6.04545454545454));
#7051=CARTESIAN_POINT('Ctrl Pts',(17.455722817697,-7.78194714592285,4.33333333320088));
#7052=CARTESIAN_POINT('Ctrl Pts',(17.3557063759064,-7.731137487782,4.5415993142787));
#7053=CARTESIAN_POINT('Ctrl Pts',(17.1969390389728,-7.53457002372665,4.87131234636895));
#7054=CARTESIAN_POINT('Ctrl Pts',(17.0899495277901,-7.08164793736328,5.18129965404833));
#7055=CARTESIAN_POINT('Ctrl Pts',(17.1389402977114,-6.78636318937638,5.25));
#7056=CARTESIAN_POINT('Ctrl Pts',(17.1960915111905,-6.64978286742168,5.25));
#7057=CARTESIAN_POINT('Ctrl Pts',(17.529963053861,-7.80367422150801,4.3605720727307));
#7058=CARTESIAN_POINT('Ctrl Pts',(17.4340391179111,-7.74788176532929,4.57185720300754));
#7059=CARTESIAN_POINT('Ctrl Pts',(17.2852483321568,-7.5394998635738,4.9016204294403));
#7060=CARTESIAN_POINT('Ctrl Pts',(17.1932369205572,-7.08942640241147,5.18973986467375));
#7061=CARTESIAN_POINT('Ctrl Pts',(17.2407855790109,-6.81491309562333,5.24914810256986));
#7062=CARTESIAN_POINT('Ctrl Pts',(17.2939344869392,-6.68761905498835,5.25));
#7063=CARTESIAN_POINT('Ctrl Pts',(17.6654085123007,-7.88613977849583,4.41836775381096));
#7064=CARTESIAN_POINT('Ctrl Pts',(17.5767618431455,-7.82303472262716,4.64461266832127));
#7065=CARTESIAN_POINT('Ctrl Pts',(17.4468790880255,-7.59339088653893,4.99246779754695));
#7066=CARTESIAN_POINT('Ctrl Pts',(17.3894713304238,-7.133929020613,5.26706860074265));
#7067=CARTESIAN_POINT('Ctrl Pts',(17.4403458468849,-6.88138521914316,5.31615663622868));
#7068=CARTESIAN_POINT('Ctrl Pts',(17.4886685870405,-6.76292334618231,5.31818222051448));
#7069=CARTESIAN_POINT('Ctrl Pts',(17.8028195759256,-8.13282027326567,4.50783770569555));
#7070=CARTESIAN_POINT('Ctrl Pts',(17.7164449399889,-8.06628400264726,4.7831087842478));
#7071=CARTESIAN_POINT('Ctrl Pts',(17.598821757884,-7.81162028808471,5.21133717355778));
#7072=CARTESIAN_POINT('Ctrl Pts',(17.5762188115448,-7.28471930314152,5.56363914397836));
#7073=CARTESIAN_POINT('Ctrl Pts',(17.6463264967715,-6.98706336015125,5.62909494807574));
#7074=CARTESIAN_POINT('Ctrl Pts',(17.7011962917197,-6.84510848043265,5.63090640158416));
#7075=CARTESIAN_POINT('Ctrl Pts',(17.7802237544154,-8.34791089572167,4.54148338780032));
#7076=CARTESIAN_POINT('Ctrl Pts',(17.6830993678334,-8.28381574490102,4.86026013481106));
#7077=CARTESIAN_POINT('Ctrl Pts',(17.5453004892896,-8.0171386449727,5.36325077918746));
#7078=CARTESIAN_POINT('Ctrl Pts',(17.5026878632813,-7.40555323101249,5.82111063500874));
#7079=CARTESIAN_POINT('Ctrl Pts',(17.5876883325725,-7.01434338506262,5.91805024543366));
#7080=CARTESIAN_POINT('Ctrl Pts',(17.6590349306719,-6.82880454903172,5.9185095964817));
#7081=CARTESIAN_POINT('Ctrl Pts',(17.7259787383029,-8.45824842246963,4.5454545452378));
#7082=CARTESIAN_POINT('Ctrl Pts',(17.6194790111517,-8.39446910256394,4.88625342336515));
#7083=CARTESIAN_POINT('Ctrl Pts',(17.4643794462533,-8.11911148097191,5.42578383951283));
#7084=CARTESIAN_POINT('Ctrl Pts',(17.3988097105057,-7.45407323180878,5.93303579753363));
#7085=CARTESIAN_POINT('Ctrl Pts',(17.4906114014152,-7.00653869781292,6.04545454545454));
#7086=CARTESIAN_POINT('Ctrl Pts',(17.5723104748947,-6.79526792823398,6.04545454545454));
#7087=CARTESIAN_POINT('',(17.7259787383029,-8.45824842246963,4.5454545452378));
#7088=CARTESIAN_POINT('Ctrl Pts',(17.5723104748947,-6.79526792823398,6.04545454545454));
#7089=CARTESIAN_POINT('Ctrl Pts',(17.4906114014152,-7.00653869781292,6.04545454545454));
#7090=CARTESIAN_POINT('Ctrl Pts',(17.3988097105057,-7.45407323180878,5.93303579753363));
#7091=CARTESIAN_POINT('Ctrl Pts',(17.4643794462533,-8.11911148097191,5.42578383951283));
#7092=CARTESIAN_POINT('Ctrl Pts',(17.6194790111517,-8.39446910256394,4.88625342336515));
#7093=CARTESIAN_POINT('Ctrl Pts',(17.7259787383029,-8.45824842246963,4.5454545452378));
#7094=CARTESIAN_POINT('',(17.4557228176987,-7.78194714591758,4.33333333326711));
#7095=CARTESIAN_POINT('Origin',(17.3017517429959,-8.25582138773158,4.37499999980132));
#7096=CARTESIAN_POINT('Ctrl Pts',(17.455722817697,-7.78194714592285,4.33333333320088));
#7097=CARTESIAN_POINT('Ctrl Pts',(17.3557063759064,-7.731137487782,4.5415993142787));
#7098=CARTESIAN_POINT('Ctrl Pts',(17.1969390389728,-7.53457002372665,4.87131234636895));
#7099=CARTESIAN_POINT('Ctrl Pts',(17.0899495277901,-7.08164793736328,5.18129965404833));
#7100=CARTESIAN_POINT('Ctrl Pts',(17.1389402977114,-6.78636318937638,5.25));
#7101=CARTESIAN_POINT('Ctrl Pts',(17.1960915111905,-6.64978286742168,5.25));
#7102=CARTESIAN_POINT('Ctrl Pts',(17.7259787383029,-8.45824842246963,4.5454545452378));
#7103=CARTESIAN_POINT('Ctrl Pts',(17.7777454682039,-8.48924988059859,4.37980113041047));
#7104=CARTESIAN_POINT('Ctrl Pts',(17.8453609312923,-8.59065197777112,4.04434029369675));
#7105=CARTESIAN_POINT('Ctrl Pts',(17.8224292500651,-8.89152482716814,3.53896511884212));
#7106=CARTESIAN_POINT('Ctrl Pts',(17.6419377608758,-9.35934735160632,3.14365315958762));
#7107=CARTESIAN_POINT('Ctrl Pts',(17.4349018583155,-9.750890397588,3.04545454545455));
#7108=CARTESIAN_POINT('Ctrl Pts',(17.3248984735734,-9.94257094805757,3.04545454545455));
#7109=CARTESIAN_POINT('Ctrl Pts',(17.7621420823858,-8.38469007130424,4.54280710692648));
#7110=CARTESIAN_POINT('Ctrl Pts',(17.8169959245087,-8.4157308479891,4.3692664440923));
#7111=CARTESIAN_POINT('Ctrl Pts',(17.8887782587678,-8.5201665220936,4.01556943403895));
#7112=CARTESIAN_POINT('Ctrl Pts',(17.8618526898667,-8.83767876029663,3.48021642187437));
#7113=CARTESIAN_POINT('Ctrl Pts',(17.6660986483298,-9.33306788884967,3.06504787045594));
#7114=CARTESIAN_POINT('Ctrl Pts',(17.4467404859814,-9.74497762246639,2.96527590452612));
#7115=CARTESIAN_POINT('Ctrl Pts',(17.3311380547629,-9.94615177589085,2.96664741273763));
#7116=CARTESIAN_POINT('Ctrl Pts',(17.7993042946057,-8.22122845104408,4.52346530126955));
#7117=CARTESIAN_POINT('Ctrl Pts',(17.8585561719375,-8.25151398720454,4.33477014817267));
#7118=CARTESIAN_POINT('Ctrl Pts',(17.9358522923634,-8.36054288734233,3.94644877369578));
#7119=CARTESIAN_POINT('Ctrl Pts',(17.9000211733718,-8.71007283058353,3.35513419543027));
#7120=CARTESIAN_POINT('Ctrl Pts',(17.6767803237604,-9.26067539758245,2.90372723347688));
#7121=CARTESIAN_POINT('Ctrl Pts',(17.4358458153445,-9.71384535888024,2.8016606284735));
#7122=CARTESIAN_POINT('Ctrl Pts',(17.310460946129,-9.93428540796336,2.80588018189615));
#7123=CARTESIAN_POINT('Ctrl Pts',(17.7272641374597,-7.94382771303653,4.44855030033867));
#7124=CARTESIAN_POINT('Ctrl Pts',(17.7857570748207,-7.97269483792072,4.24192259696168));
#7125=CARTESIAN_POINT('Ctrl Pts',(17.8594596239345,-8.08670529173395,3.8153309038315));
#7126=CARTESIAN_POINT('Ctrl Pts',(17.8087102855088,-8.47411965680959,3.16576593892617));
#7127=CARTESIAN_POINT('Ctrl Pts',(17.5607962676524,-9.09420359485894,2.67453929698743));
#7128=CARTESIAN_POINT('Ctrl Pts',(17.3009939018298,-9.60417220531663,2.56726492541877));
#7129=CARTESIAN_POINT('Ctrl Pts',(17.1667975652173,-9.85183855498292,2.57370464079431));
#7130=CARTESIAN_POINT('Ctrl Pts',(17.5670831719501,-7.81453775930331,4.37419144235992));
#7131=CARTESIAN_POINT('Ctrl Pts',(17.6181444015621,-7.84488316191371,4.1669541533762));
#7132=CARTESIAN_POINT('Ctrl Pts',(17.6791184008651,-7.96177879815596,3.74360664568358));
#7133=CARTESIAN_POINT('Ctrl Pts',(17.6222245197346,-8.35107808243419,3.10296570876776));
#7134=CARTESIAN_POINT('Ctrl Pts',(17.3821952103257,-8.97632874013394,2.61082602650489));
#7135=CARTESIAN_POINT('Ctrl Pts',(17.1282028474515,-9.49855544190539,2.49651907371414));
#7136=CARTESIAN_POINT('Ctrl Pts',(16.9959860956697,-9.75381170897802,2.5));
#7137=CARTESIAN_POINT('Ctrl Pts',(17.4557228176936,-7.78194714593338,4.33333333306842));
#7138=CARTESIAN_POINT('Ctrl Pts',(17.5017222092642,-7.81469555876748,4.13086804827948));
#7139=CARTESIAN_POINT('Ctrl Pts',(17.5546049193749,-7.93410137768901,3.7208603589627));
#7140=CARTESIAN_POINT('Ctrl Pts',(17.4970152968917,-8.31510356806023,3.10317958969593));
#7141=CARTESIAN_POINT('Ctrl Pts',(17.2680881037459,-8.92454910774433,2.62002052838487));
#7142=CARTESIAN_POINT('Ctrl Pts',(17.0220182177182,-9.44096622300969,2.5));
#7143=CARTESIAN_POINT('Ctrl Pts',(16.8930330060427,-9.69472804972888,2.5));
#7144=CARTESIAN_POINT('',(17.3248984735734,-9.94257094805757,3.04545454545455));
#7145=CARTESIAN_POINT('',(16.8930330060427,-9.69472804972888,2.5));
#7146=CARTESIAN_POINT('Origin',(16.8930330060427,-9.69472804972888,3.));
#7147=CARTESIAN_POINT('Ctrl Pts',(16.8930330060427,-9.69472804972888,2.5));
#7148=CARTESIAN_POINT('Ctrl Pts',(17.0220182177182,-9.44096622300969,2.5));
#7149=CARTESIAN_POINT('Ctrl Pts',(17.2680881037459,-8.92454910774433,2.62002052838487));
#7150=CARTESIAN_POINT('Ctrl Pts',(17.4970152968917,-8.31510356806023,3.10317958969593));
#7151=CARTESIAN_POINT('Ctrl Pts',(17.5546049193749,-7.93410137768901,3.7208603589627));
#7152=CARTESIAN_POINT('Ctrl Pts',(17.5017222092642,-7.81469555876748,4.13086804827948));
#7153=CARTESIAN_POINT('Ctrl Pts',(17.4557228176936,-7.78194714593338,4.33333333306842));
#7154=CARTESIAN_POINT('Ctrl Pts',(17.7259787383029,-8.45824842246963,4.5454545452378));
#7155=CARTESIAN_POINT('Ctrl Pts',(17.7777454682039,-8.48924988059859,4.37980113041047));
#7156=CARTESIAN_POINT('Ctrl Pts',(17.8453609312923,-8.59065197777112,4.04434029369675));
#7157=CARTESIAN_POINT('Ctrl Pts',(17.8224292500651,-8.89152482716814,3.53896511884212));
#7158=CARTESIAN_POINT('Ctrl Pts',(17.6419377608758,-9.35934735160632,3.14365315958762));
#7159=CARTESIAN_POINT('Ctrl Pts',(17.4349018583155,-9.750890397588,3.04545454545455));
#7160=CARTESIAN_POINT('Ctrl Pts',(17.3248984735734,-9.94257094805757,3.04545454545455));
#7161=CARTESIAN_POINT('Origin',(0.,0.,3.));
#7162=CARTESIAN_POINT('',(4.1022588347223,-19.5493809781724,3.04545454545454));
#7163=CARTESIAN_POINT('',(4.00000000000002,-19.0620648435957,2.5));
#7164=CARTESIAN_POINT('Origin',(4.00000000000002,-19.0620648435957,3.));
#7165=CARTESIAN_POINT('Origin',(0.,0.,2.5));
#7166=CARTESIAN_POINT('Origin',(0.,0.,3.04545454545454));
#7167=CARTESIAN_POINT('Ctrl Pts',(4.1022588347223,-19.5493809781724,3.04545454545455));
#7168=CARTESIAN_POINT('Ctrl Pts',(3.77781723272459,-19.6174620815911,3.04545454545455));
#7169=CARTESIAN_POINT('Ctrl Pts',(3.22976016157057,-19.7044074932711,3.23518700848309));
#7170=CARTESIAN_POINT('Ctrl Pts',(2.70803427716131,-19.6678985913256,3.87514987475918));
#7171=CARTESIAN_POINT('Ctrl Pts',(2.58462692953549,-19.5505683976284,4.32458082417278));
#7172=CARTESIAN_POINT('Ctrl Pts',(2.5666436065684,-19.4721500919605,4.54545454523788));
#7173=CARTESIAN_POINT('Ctrl Pts',(4.10373626774153,-19.556421709176,2.96664741273763));
#7174=CARTESIAN_POINT('Ctrl Pts',(3.76315575277758,-19.6280898406944,2.96459012712253));
#7175=CARTESIAN_POINT('Ctrl Pts',(3.18429661737597,-19.7227288869923,3.15940193213556));
#7176=CARTESIAN_POINT('Ctrl Pts',(2.62958928164345,-19.6895175432417,3.83623936644352));
#7177=CARTESIAN_POINT('Ctrl Pts',(2.50227157730174,-19.5661619366599,4.3114169360916));
#7178=CARTESIAN_POINT('Ctrl Pts',(2.48551036946957,-19.4838126954133,4.54280710692656));
#7179=CARTESIAN_POINT('Ctrl Pts',(4.09884090552779,-19.5330927811882,2.80587584895491));
#7180=CARTESIAN_POINT('Ctrl Pts',(3.7262411851668,-19.6097862129638,2.79954644714331));
#7181=CARTESIAN_POINT('Ctrl Pts',(3.0863944380575,-19.7155998544223,3.00292191470251));
#7182=CARTESIAN_POINT('Ctrl Pts',(2.46695813240441,-19.6878528484723,3.74797662148383));
#7183=CARTESIAN_POINT('Ctrl Pts',(2.33255181573282,-19.5562622734535,4.27186973135214));
#7184=CARTESIAN_POINT('Ctrl Pts',(2.31856043132568,-19.4686471087227,4.52346611803033));
#7185=CARTESIAN_POINT('Ctrl Pts',(4.06482396585251,-19.3709845037205,2.57369434419841));
#7186=CARTESIAN_POINT('Ctrl Pts',(3.6492987937471,-19.4476281558001,2.56403466174355));
#7187=CARTESIAN_POINT('Ctrl Pts',(2.93199736215067,-19.5543189794498,2.78053015082746));
#7188=CARTESIAN_POINT('Ctrl Pts',(2.23568529023667,-19.5297561307725,3.59673466462331));
#7189=CARTESIAN_POINT('Ctrl Pts',(2.08949678680953,-19.4004810387824,4.17304430994127));
#7190=CARTESIAN_POINT('Ctrl Pts',(2.07699137114824,-19.3144127022274,4.44855103443343));
#7191=CARTESIAN_POINT('Ctrl Pts',(4.02437764481731,-19.178236905156,2.5));
#7192=CARTESIAN_POINT('Ctrl Pts',(3.59894228790405,-19.2485383196369,2.49477855144065));
#7193=CARTESIAN_POINT('Ctrl Pts',(2.87285733548222,-19.3420929641295,2.72071335306634));
#7194=CARTESIAN_POINT('Ctrl Pts',(2.17534951690324,-19.3147120572549,3.52849734986412));
#7195=CARTESIAN_POINT('Ctrl Pts',(2.02098188719739,-19.199367248998,4.09787192785441));
#7196=CARTESIAN_POINT('Ctrl Pts',(2.00353981608923,-19.1221138937915,4.37419144236003));
#7197=CARTESIAN_POINT('Ctrl Pts',(4.00000000000002,-19.0620648435957,2.5));
#7198=CARTESIAN_POINT('Ctrl Pts',(3.57819453126441,-19.1284488589996,2.5));
#7199=CARTESIAN_POINT('Ctrl Pts',(2.86588189129096,-19.2138863988134,2.73189523259043));
#7200=CARTESIAN_POINT('Ctrl Pts',(2.18873494514593,-19.1846934257728,3.51407206915012));
#7201=CARTESIAN_POINT('Ctrl Pts',(2.02953146208665,-19.0779574461496,4.06337656287782));
#7202=CARTESIAN_POINT('Ctrl Pts',(2.0069565428386,-19.0061328498305,4.33333333306853));
#7203=CARTESIAN_POINT('',(2.5666436065684,-19.4721500919605,4.54545454523788));
#7204=CARTESIAN_POINT('',(2.00695654282752,-19.0061328498305,4.33333333320093));
#7205=CARTESIAN_POINT('Origin',(2.50521740712895,-19.0061328498305,4.37499999980139));
#7206=CARTESIAN_POINT('Ctrl Pts',(2.0069565428386,-19.0061328498305,4.33333333306853));
#7207=CARTESIAN_POINT('Ctrl Pts',(2.02953146208665,-19.0779574461496,4.06337656287782));
#7208=CARTESIAN_POINT('Ctrl Pts',(2.18873494514593,-19.1846934257728,3.51407206915012));
#7209=CARTESIAN_POINT('Ctrl Pts',(2.86588189129096,-19.2138863988134,2.73189523259043));
#7210=CARTESIAN_POINT('Ctrl Pts',(3.57819453126441,-19.1284488589996,2.5));
#7211=CARTESIAN_POINT('Ctrl Pts',(4.00000000000002,-19.0620648435957,2.5));
#7212=CARTESIAN_POINT('Ctrl Pts',(4.1022588347223,-19.5493809781724,3.04545454545455));
#7213=CARTESIAN_POINT('Ctrl Pts',(3.77781723272459,-19.6174620815911,3.04545454545455));
#7214=CARTESIAN_POINT('Ctrl Pts',(3.22976016157057,-19.7044074932711,3.23518700848309));
#7215=CARTESIAN_POINT('Ctrl Pts',(2.70803427716131,-19.6678985913256,3.87514987475918));
#7216=CARTESIAN_POINT('Ctrl Pts',(2.58462692953549,-19.5505683976284,4.32458082417278));
#7217=CARTESIAN_POINT('Ctrl Pts',(2.5666436065684,-19.4721500919605,4.54545454523788));
#7218=CARTESIAN_POINT('Ctrl Pts',(2.5666436065684,-19.4721500919605,4.54545454523788));
#7219=CARTESIAN_POINT('Ctrl Pts',(2.5388961242111,-19.3511540689279,4.88625305664634));
#7220=CARTESIAN_POINT('Ctrl Pts',(2.32525687382117,-19.117641985959,5.42669606838056));
#7221=CARTESIAN_POINT('Ctrl Pts',(1.80011710063478,-18.8889844527334,5.86063661784915));
#7222=CARTESIAN_POINT('Ctrl Pts',(1.37261371108453,-18.8113212257574,6.01845717231218));
#7223=CARTESIAN_POINT('Ctrl Pts',(1.14562957637382,-18.805906572348,6.04545454545454));
#7224=CARTESIAN_POINT('Ctrl Pts',(1.03254127594307,-18.8121136546655,6.04545454545454));
#7225=CARTESIAN_POINT('Ctrl Pts',(2.48551036947211,-19.4838126954057,4.54280710694623));
#7226=CARTESIAN_POINT('Ctrl Pts',(2.45564619757952,-19.3686266340102,4.86889467199661));
#7227=CARTESIAN_POINT('Ctrl Pts',(2.24379256134435,-19.1485391215029,5.38480099128158));
#7228=CARTESIAN_POINT('Ctrl Pts',(1.74395074072088,-18.941146481174,5.79066020482253));
#7229=CARTESIAN_POINT('Ctrl Pts',(1.34802896573407,-18.8729368136424,5.93577372489699));
#7230=CARTESIAN_POINT('Ctrl Pts',(1.13983416759767,-18.8684218958537,5.96066988544157));
#7231=CARTESIAN_POINT('Ctrl Pts',(1.03593853666382,-18.8740091510319,5.96082457947265));
#7232=CARTESIAN_POINT('Ctrl Pts',(2.31852826883885,-19.4686317938496,4.52345799564185));
#7233=CARTESIAN_POINT('Ctrl Pts',(2.28417789834878,-19.362606999192,4.8166181573242));
#7234=CARTESIAN_POINT('Ctrl Pts',(2.07558827441768,-19.1639845255062,5.27626927705049));
#7235=CARTESIAN_POINT('Ctrl Pts',(1.62693958190444,-18.9924330310906,5.61576197308567));
#7236=CARTESIAN_POINT('Ctrl Pts',(1.29500940587712,-18.9406281424838,5.73129558472208));
#7237=CARTESIAN_POINT('Ctrl Pts',(1.12491523275964,-18.937741355065,5.75147437141477));
#7238=CARTESIAN_POINT('Ctrl Pts',(1.03968615825751,-18.9422879549864,5.75208965627168));
#7239=CARTESIAN_POINT('Ctrl Pts',(2.07696700259566,-19.3144296608073,4.4485550127493));
#7240=CARTESIAN_POINT('Ctrl Pts',(2.04115126202388,-19.2128040038423,4.68601676065979));
#7241=CARTESIAN_POINT('Ctrl Pts',(1.85083517206112,-19.0240682615458,5.05012775438109));
#7242=CARTESIAN_POINT('Ctrl Pts',(1.47871891891581,-18.8674829192361,5.29252892303929));
#7243=CARTESIAN_POINT('Ctrl Pts',(1.22366607718461,-18.8225885469441,5.36847136816418));
#7244=CARTESIAN_POINT('Ctrl Pts',(1.09701182115167,-18.8205821566385,5.38229863905445));
#7245=CARTESIAN_POINT('Ctrl Pts',(1.0332390573533,-18.8248266991714,5.38345497752754));
#7246=CARTESIAN_POINT('Ctrl Pts',(2.00353981608882,-19.122113893784,4.37419144249566));
#7247=CARTESIAN_POINT('Ctrl Pts',(1.9770086617459,-19.0148531699871,4.58686022950043));
#7248=CARTESIAN_POINT('Ctrl Pts',(1.81672965076115,-18.8111013542872,4.91758512384452));
#7249=CARTESIAN_POINT('Ctrl Pts',(1.47360604011457,-18.624110567273,5.15452469440732));
#7250=CARTESIAN_POINT('Ctrl Pts',(1.21721376500416,-18.5644111089818,5.23493131892303));
#7251=CARTESIAN_POINT('Ctrl Pts',(1.08512504553632,-18.5611070336627,5.24934518230887));
#7252=CARTESIAN_POINT('Ctrl Pts',(1.01905862990041,-18.5664701383921,5.25));
#7253=CARTESIAN_POINT('Ctrl Pts',(2.00695654282752,-19.0061328498305,4.33333333320093));
#7254=CARTESIAN_POINT('Ctrl Pts',(1.98954048533281,-18.8953106325361,4.54159909017275));
#7255=CARTESIAN_POINT('Ctrl Pts',(1.85186463491749,-18.6827401982831,4.87186981956591));
#7256=CARTESIAN_POINT('Ctrl Pts',(1.51073515020723,-18.4764157702787,5.13705571090782));
#7257=CARTESIAN_POINT('Ctrl Pts',(1.23224838172934,-18.4073426433878,5.23350160530189));
#7258=CARTESIAN_POINT('Ctrl Pts',(1.08421288553865,-18.4032766112922,5.25));
#7259=CARTESIAN_POINT('Ctrl Pts',(1.01043481422467,-18.4093508014621,5.25));
#7260=CARTESIAN_POINT('',(1.03254127594307,-18.8121136546655,6.04545454545454));
#7261=CARTESIAN_POINT('',(1.01043481422467,-18.4093508014621,5.25));
#7262=CARTESIAN_POINT('Origin',(1.01043481422467,-18.4093508014621,5.75));
#7263=CARTESIAN_POINT('Ctrl Pts',(1.01043481422467,-18.4093508014621,5.25));
#7264=CARTESIAN_POINT('Ctrl Pts',(1.08421288553865,-18.4032766112922,5.25));
#7265=CARTESIAN_POINT('Ctrl Pts',(1.23224838172934,-18.4073426433878,5.23350160530189));
#7266=CARTESIAN_POINT('Ctrl Pts',(1.51073515020723,-18.4764157702787,5.13705571090782));
#7267=CARTESIAN_POINT('Ctrl Pts',(1.85186463491749,-18.6827401982831,4.87186981956591));
#7268=CARTESIAN_POINT('Ctrl Pts',(1.98954048533281,-18.8953106325361,4.54159909017275));
#7269=CARTESIAN_POINT('Ctrl Pts',(2.00695654282752,-19.0061328498305,4.33333333320093));
#7270=CARTESIAN_POINT('Ctrl Pts',(2.5666436065684,-19.4721500919605,4.54545454523788));
#7271=CARTESIAN_POINT('Ctrl Pts',(2.5388961242111,-19.3511540689279,4.88625305664634));
#7272=CARTESIAN_POINT('Ctrl Pts',(2.32525687382117,-19.117641985959,5.42669606838056));
#7273=CARTESIAN_POINT('Ctrl Pts',(1.80011710063478,-18.8889844527334,5.86063661784915));
#7274=CARTESIAN_POINT('Ctrl Pts',(1.37261371108453,-18.8113212257574,6.01845717231218));
#7275=CARTESIAN_POINT('Ctrl Pts',(1.14562957637382,-18.805906572348,6.04545454545454));
#7276=CARTESIAN_POINT('Ctrl Pts',(1.03254127594307,-18.8121136546655,6.04545454545454));
#7277=CARTESIAN_POINT('Origin',(0.,0.,5.75));
#7278=CARTESIAN_POINT('',(-1.03254127594303,-18.8121136546655,6.04545454545455));
#7279=CARTESIAN_POINT('',(-1.01043481422463,-18.4093508014621,5.25));
#7280=CARTESIAN_POINT('Origin',(-1.01043481422463,-18.4093508014621,5.75));
#7281=CARTESIAN_POINT('Origin',(0.,0.,5.25));
#7282=CARTESIAN_POINT('Origin',(0.,0.,6.04545454545455));
#7283=CARTESIAN_POINT('Ctrl Pts',(-2.00695654282748,-19.0061328498305,4.33333333320093));
#7284=CARTESIAN_POINT('Ctrl Pts',(-1.98954048540105,-18.8953106329706,4.54159908935624));
#7285=CARTESIAN_POINT('Ctrl Pts',(-1.85165452509161,-18.6835616395631,4.87132522353218));
#7286=CARTESIAN_POINT('Ctrl Pts',(-1.45395330211371,-18.4418509814228,5.18130610371377));
#7287=CARTESIAN_POINT('Ctrl Pts',(-1.15799095627408,-18.3972024211699,5.25));
#7288=CARTESIAN_POINT('Ctrl Pts',(-1.01043481422463,-18.4093508014621,5.25));
#7289=CARTESIAN_POINT('Ctrl Pts',(-2.00467872500168,-19.0834535457995,4.36057207273075));
#7290=CARTESIAN_POINT('Ctrl Pts',(-1.98125909766136,-18.9749837614734,4.57185697482447));
#7291=CARTESIAN_POINT('Ctrl Pts',(-1.82905367951107,-18.7690739139386,4.90163054190081));
#7292=CARTESIAN_POINT('Ctrl Pts',(-1.42943384922628,-18.5424884836106,5.18974344938043));
#7293=CARTESIAN_POINT('Ctrl Pts',(-1.15367161880523,-18.5028854448101,5.24914810348989));
#7294=CARTESIAN_POINT('Ctrl Pts',(-1.01618402467512,-18.5140970260821,5.25));
#7295=CARTESIAN_POINT('Ctrl Pts',(-2.04124905709745,-19.2377583255725,4.41836926610412));
#7296=CARTESIAN_POINT('Ctrl Pts',(-2.00862594499831,-19.133949910641,4.64461393627508));
#7297=CARTESIAN_POINT('Ctrl Pts',(-1.83035660664104,-18.9394629786996,4.99247182290621));
#7298=CARTESIAN_POINT('Ctrl Pts',(-1.4111157131853,-18.7428857565954,5.26706518116356));
#7299=CARTESIAN_POINT('Ctrl Pts',(-1.15522365585569,-18.7132340236374,5.31615175651674));
#7300=CARTESIAN_POINT('Ctrl Pts',(-1.02762730952219,-18.7225849385185,5.31817733861496));
#7301=CARTESIAN_POINT('Ctrl Pts',(-2.2333946061337,-19.4446773744253,4.50784102275059));
#7302=CARTESIAN_POINT('Ctrl Pts',(-2.19680612229425,-19.3419694866339,4.78311180401634));
#7303=CARTESIAN_POINT('Ctrl Pts',(-1.99095069535361,-19.1514173988276,5.21135055971051));
#7304=CARTESIAN_POINT('Ctrl Pts',(-1.49681485419964,-18.9671021644098,5.5636435868017));
#7305=CARTESIAN_POINT('Ctrl Pts',(-1.19207872419211,-18.9418029278464,5.62909857620161));
#7306=CARTESIAN_POINT('Ctrl Pts',(-1.04011607581535,-18.9501207246292,5.6309100277537));
#7307=CARTESIAN_POINT('Ctrl Pts',(-2.44494375092392,-19.4896439971284,4.5414833878004));
#7308=CARTESIAN_POINT('Ctrl Pts',(-2.41399875951499,-19.3774668466667,4.86025979053951));
#7309=CARTESIAN_POINT('Ctrl Pts',(-2.20295535201928,-19.1639993959793,5.36326805507299));
#7310=CARTESIAN_POINT('Ctrl Pts',(-1.63445995251683,-18.9344835264045,5.82111762437626));
#7311=CARTESIAN_POINT('Ctrl Pts',(-1.23614218297959,-18.8944369169885,5.91805024592975));
#7312=CARTESIAN_POINT('Ctrl Pts',(-1.03763716702415,-18.904956899215,5.9185095964817));
#7313=CARTESIAN_POINT('Ctrl Pts',(-2.56664360656836,-19.4721500919605,4.54545454523788));
#7314=CARTESIAN_POINT('Ctrl Pts',(-2.53889612431985,-19.3511540694023,4.88625305531021));
#7315=CARTESIAN_POINT('Ctrl Pts',(-2.32494224239734,-19.1185449149537,5.42580491123448));
#7316=CARTESIAN_POINT('Ctrl Pts',(-1.71270277089375,-18.850679515359,5.93304635153162));
#7317=CARTESIAN_POINT('Ctrl Pts',(-1.25871787591779,-18.7996994900792,6.04545454545454));
#7318=CARTESIAN_POINT('Ctrl Pts',(-1.03254127594303,-18.8121136546655,6.04545454545454));
#7319=CARTESIAN_POINT('Ctrl Pts',(-1.03254127594303,-18.8121136546655,6.04545454545454));
#7320=CARTESIAN_POINT('Ctrl Pts',(-1.25871787591779,-18.7996994900792,6.04545454545454));
#7321=CARTESIAN_POINT('Ctrl Pts',(-1.71270277089375,-18.850679515359,5.93304635153162));
#7322=CARTESIAN_POINT('Ctrl Pts',(-2.32494224239734,-19.1185449149537,5.42580491123448));
#7323=CARTESIAN_POINT('Ctrl Pts',(-2.53889612431985,-19.3511540694023,4.88625305531021));
#7324=CARTESIAN_POINT('Ctrl Pts',(-2.56664360656836,-19.4721500919605,4.54545454523788));
#7325=CARTESIAN_POINT('Ctrl Pts',(-2.00695654282748,-19.0061328498305,4.33333333320093));
#7326=CARTESIAN_POINT('Ctrl Pts',(-1.98954048540105,-18.8953106329706,4.54159908935624));
#7327=CARTESIAN_POINT('Ctrl Pts',(-1.85165452509161,-18.6835616395631,4.87132522353218));
#7328=CARTESIAN_POINT('Ctrl Pts',(-1.45395330211371,-18.4418509814228,5.18130610371377));
#7329=CARTESIAN_POINT('Ctrl Pts',(-1.15799095627408,-18.3972024211699,5.25));
#7330=CARTESIAN_POINT('Ctrl Pts',(-1.01043481422463,-18.4093508014621,5.25));
#7331=CARTESIAN_POINT('Origin',(10.4245505116546,14.34816285328,5.25));
#7332=CARTESIAN_POINT('',(11.2629719599571,13.7830965934443,5.25));
#7333=CARTESIAN_POINT('',(6.98920417744579,7.90075988530354,5.25));
#7334=CARTESIAN_POINT('',(9.62805408711654,14.9709339578569,5.25));
#7335=CARTESIAN_POINT('Origin',(0.,0.,5.25));
#7336=CARTESIAN_POINT('',(3.43534633420881,6.44740296797645,5.25));
#7337=CARTESIAN_POINT('Origin',(6.98920417744579,7.90075988530354,4.25));
#7338=CARTESIAN_POINT('',(12.4776817916149,13.7596172164132,4.33333333326602));
#7339=CARTESIAN_POINT('',(7.79540719114044,7.31501910964829,4.33333333333333));
#7340=CARTESIAN_POINT('Ctrl Pts',(11.2629719599571,13.7830965934443,5.25));
#7341=CARTESIAN_POINT('Ctrl Pts',(11.4331660879362,13.635800521231,5.25));
#7342=CARTESIAN_POINT('Ctrl Pts',(11.9562461588401,13.48918889545,5.0611703445663));
#7343=CARTESIAN_POINT('Ctrl Pts',(12.3617852896143,13.6395859819235,4.61088038327873));
#7344=CARTESIAN_POINT('Ctrl Pts',(12.4776817916195,13.7596172164098,4.3333333331987));
#7345=CARTESIAN_POINT('Origin',(9.40781321852975,6.14353755833778,4.5));
#7346=CARTESIAN_POINT('',(14.1386247368311,12.6549410012846,2.5));
#7347=CARTESIAN_POINT('',(9.40781321852975,6.14353755833778,2.5));
#7348=CARTESIAN_POINT('Ctrl Pts',(12.4776817916286,13.7596172164032,4.33333333306407));
#7349=CARTESIAN_POINT('Ctrl Pts',(12.5748372502998,13.836367775336,3.93288023383874));
#7350=CARTESIAN_POINT('Ctrl Pts',(12.9889621390522,13.7395110579019,2.95395107631189));
#7351=CARTESIAN_POINT('Ctrl Pts',(13.7365020792346,13.0597018630194,2.5));
#7352=CARTESIAN_POINT('Ctrl Pts',(14.1386247368311,12.6549410012846,2.5));
#7353=CARTESIAN_POINT('Origin',(0.,0.,2.5));
#7354=CARTESIAN_POINT('',(18.8767753783728,-1.92758722484462,2.5));
#7355=CARTESIAN_POINT('',(8.11725145290519,1.56839402062901,2.5));
#7356=CARTESIAN_POINT('Origin',(0.,0.,2.5));
#7357=CARTESIAN_POINT('Origin',(8.11725145290519,1.56839402062901,4.5));
#7358=CARTESIAN_POINT('',(18.182356696819,-3.79756682425751,4.33333333319759));
#7359=CARTESIAN_POINT('',(7.50136715410767,-0.327102946584838,4.33333333333333));
#7360=CARTESIAN_POINT('Ctrl Pts',(18.8767753783728,-1.92758722484462,2.5));
#7361=CARTESIAN_POINT('Ctrl Pts',(18.7893647185294,-2.4914013533399,2.5));
#7362=CARTESIAN_POINT('Ctrl Pts',(18.5841783773595,-3.48078587325476,2.95392972702691));
#7363=CARTESIAN_POINT('Ctrl Pts',(18.3060686320315,-3.80255273141802,3.93288453443633));
#7364=CARTESIAN_POINT('Ctrl Pts',(18.1823566968225,-3.79756682424671,4.33333333306185));
#7365=CARTESIAN_POINT('Origin',(7.19342500470891,-1.27485143019176,4.25));
#7366=CARTESIAN_POINT('',(17.2134366313244,-4.53055056415159,5.25));
#7367=CARTESIAN_POINT('',(7.19342500470891,-1.27485143019176,5.25));
#7368=CARTESIAN_POINT('Ctrl Pts',(18.182356696819,-3.79756682425751,4.33333333319759));
#7369=CARTESIAN_POINT('Ctrl Pts',(18.0180428009667,-3.76858193500728,4.61087880681779));
#7370=CARTESIAN_POINT('Ctrl Pts',(17.6015437200983,-3.88526790464978,5.06117915301188));
#7371=CARTESIAN_POINT('Ctrl Pts',(17.2645478239308,-4.31134918513063,5.24999999999562));
#7372=CARTESIAN_POINT('Ctrl Pts',(17.2134366313274,-4.5305505641423,5.25));
#7373=CARTESIAN_POINT('Origin',(16.8672770452973,-5.48051053383426,5.25));
#7374=CARTESIAN_POINT('',(16.588953572716,-6.45251179288106,5.25));
#7375=CARTESIAN_POINT('',(9.67385204058841,-4.20565910364247,5.25));
#7376=CARTESIAN_POINT('Origin',(0.,0.,5.25));
#7377=CARTESIAN_POINT('Origin',(9.67385204058841,-4.20565910364247,4.25));
#7378=CARTESIAN_POINT('',(16.9419893394093,-7.61502502020725,4.3333333332654));
#7379=CARTESIAN_POINT('',(9.36590989118965,-5.1534075872494,4.33333333333333));
#7380=CARTESIAN_POINT('Ctrl Pts',(16.588953572716,-6.45251179288106,5.25));
#7381=CARTESIAN_POINT('Ctrl Pts',(16.5306246186841,-6.59076502512313,5.25));
#7382=CARTESIAN_POINT('Ctrl Pts',(16.494767707499,-6.89389186465947,5.17874395791029));
#7383=CARTESIAN_POINT('Ctrl Pts',(16.6452264080017,-7.35619107445717,4.86826859873735));
#7384=CARTESIAN_POINT('Ctrl Pts',(16.8295122281788,-7.56017605993871,4.54149223998462));
#7385=CARTESIAN_POINT('Ctrl Pts',(16.9419893394075,-7.61502502021265,4.33333333319747));
#7386=CARTESIAN_POINT('Origin',(8.75002559239213,-7.04890455446325,4.5));
#7387=CARTESIAN_POINT('',(16.4046394233733,-9.53603935520584,2.5));
#7388=CARTESIAN_POINT('',(8.75002559239213,-7.04890455446325,2.5));
#7389=CARTESIAN_POINT('Ctrl Pts',(16.941989339404,-7.61502502022346,4.3333333330616));
#7390=CARTESIAN_POINT('Ctrl Pts',(17.0450047308205,-7.68370718143612,3.93288573668469));
#7391=CARTESIAN_POINT('Ctrl Pts',(17.0808460894186,-8.10757944966885,2.95384083217396));
#7392=CARTESIAN_POINT('Ctrl Pts',(16.665323561192,-9.02852697052045,2.5));
#7393=CARTESIAN_POINT('Ctrl Pts',(16.4046394233733,-9.53603935520584,2.5));
#7394=CARTESIAN_POINT('Origin',(0.,0.,2.5));
#7395=CARTESIAN_POINT('',(4.00000000000002,-18.5485374408584,2.5));
#7396=CARTESIAN_POINT('',(4.00000000000002,-7.23530448244137,2.5));
#7397=CARTESIAN_POINT('Origin',(0.,0.,2.5));
#7398=CARTESIAN_POINT('Origin',(4.00000000000002,-7.23530448244137,4.5));
#7399=CARTESIAN_POINT('',(2.0069565428278,-18.4659615040825,4.33333333319769));
#7400=CARTESIAN_POINT('',(2.00695654281645,-7.23530448244137,4.33333333333333));
#7401=CARTESIAN_POINT('Ctrl Pts',(4.00000000000002,-18.5485374408584,2.5));
#7402=CARTESIAN_POINT('Ctrl Pts',(3.57757445957262,-18.6168596266546,2.5));
#7403=CARTESIAN_POINT('Ctrl Pts',(2.86302631753093,-18.7041352159055,2.73270102065547));
#7404=CARTESIAN_POINT('Ctrl Pts',(2.18594550413336,-18.6652625720303,3.5188818112067));
#7405=CARTESIAN_POINT('Ctrl Pts',(2.0292814917421,-18.5454271897289,4.0663657734416));
#7406=CARTESIAN_POINT('Ctrl Pts',(2.00695654283914,-18.4659615040825,4.33333333306204));
#7407=CARTESIAN_POINT('Origin',(1.01043481422467,-7.23530448244137,4.25));
#7408=CARTESIAN_POINT('',(1.01043481423444,-17.7709681942526,5.25));
#7409=CARTESIAN_POINT('',(1.01043481422467,-7.23530448244137,5.25));
#7410=CARTESIAN_POINT('Ctrl Pts',(2.0069565428278,-18.4659615040825,4.33333333319769));
#7411=CARTESIAN_POINT('Ctrl Pts',(1.98374660309799,-18.3007298801557,4.6108838447733));
#7412=CARTESIAN_POINT('Ctrl Pts',(1.74409475200796,-17.9406650922879,5.0611891969135));
#7413=CARTESIAN_POINT('Ctrl Pts',(1.23470601210786,-17.751840528533,5.24999999999562));
#7414=CARTESIAN_POINT('Ctrl Pts',(1.01043481424421,-17.7709681942526,5.25));
#7415=CARTESIAN_POINT('Origin',(2.05391259555654E-14,-17.7353046388914,
5.25));
#7416=CARTESIAN_POINT('',(-1.0104348142344,-17.7709681942526,5.25));
#7417=CARTESIAN_POINT('',(-1.01043481422463,-10.50000015645,5.25));
#7418=CARTESIAN_POINT('Origin',(0.,0.,5.25));
#7419=CARTESIAN_POINT('Origin',(-1.01043481422463,-10.50000015645,4.25));
#7420=CARTESIAN_POINT('',(-2.00695654282208,-18.4659615040825,4.33333333326551));
#7421=CARTESIAN_POINT('',(-2.00695654281641,-10.50000015645,4.33333333333333));
#7422=CARTESIAN_POINT('Ctrl Pts',(-1.01043481424416,-17.7709681942526,5.25));
#7423=CARTESIAN_POINT('Ctrl Pts',(-1.15994731666633,-17.7582165560821,5.24999999999708));
#7424=CARTESIAN_POINT('Ctrl Pts',(-1.45932071133116,-17.8177775711669,5.17875144178124));
#7425=CARTESIAN_POINT('Ctrl Pts',(-1.85250223350572,-18.1037339195255,4.86827441661462));
#7426=CARTESIAN_POINT('Ctrl Pts',(-1.98954927774638,-18.342039136726,4.54149394820626));
#7427=CARTESIAN_POINT('Ctrl Pts',(-2.00695654282775,-18.4659615040825,4.33333333319769));
#7428=CARTESIAN_POINT('Origin',(-3.99999999999998,-10.50000015645,4.5));
#7429=CARTESIAN_POINT('',(-3.99999999999998,-18.5485374408584,2.5));
#7430=CARTESIAN_POINT('',(-3.99999999999998,-10.50000015645,2.5));
#7431=CARTESIAN_POINT('Ctrl Pts',(-2.0069565428391,-18.4659615040825,4.33333333306205));
#7432=CARTESIAN_POINT('Ctrl Pts',(-2.02928143465072,-18.5454269865122,4.06636645615479));
#7433=CARTESIAN_POINT('Ctrl Pts',(-2.18595730533791,-18.6652722700564,3.51883450383179));
#7434=CARTESIAN_POINT('Ctrl Pts',(-2.86309297681335,-18.7041275194332,2.73267246511309));
#7435=CARTESIAN_POINT('Ctrl Pts',(-3.57757553983647,-18.6168594519351,2.5));
#7436=CARTESIAN_POINT('Ctrl Pts',(-3.99999999999998,-18.5485374408584,2.5));
#7437=CARTESIAN_POINT('Ctrl Pts',(-1.01043481424416,-17.7709681942526,5.25));
#7438=CARTESIAN_POINT('Ctrl Pts',(-1.15994731666633,-17.7582165560821,5.24999999999708));
#7439=CARTESIAN_POINT('Ctrl Pts',(-1.45932071133116,-17.8177775711669,5.17875144178124));
#7440=CARTESIAN_POINT('Ctrl Pts',(-1.85250223350572,-18.1037339195255,4.86827441661462));
#7441=CARTESIAN_POINT('Ctrl Pts',(-1.98954927774638,-18.342039136726,4.54149394820626));
#7442=CARTESIAN_POINT('Ctrl Pts',(-2.00695654282775,-18.4659615040825,4.33333333319769));
#7443=CARTESIAN_POINT('Ctrl Pts',(-1.00635131487468,-17.6991498677124,5.25000000000008));
#7444=CARTESIAN_POINT('Ctrl Pts',(-1.16415449588975,-17.6866349996848,5.25061432309803));
#7445=CARTESIAN_POINT('Ctrl Pts',(-1.48021881368711,-17.7433216231705,5.17235947792797));
#7446=CARTESIAN_POINT('Ctrl Pts',(-1.88023088807004,-18.0157338395346,4.83528716426984));
#7447=CARTESIAN_POINT('Ctrl Pts',(-2.00250747165013,-18.2401395455272,4.49720037965853));
#7448=CARTESIAN_POINT('Ctrl Pts',(-2.01056978808844,-18.3563308422877,4.29012520417086));
#7449=CARTESIAN_POINT('Ctrl Pts',(-0.998186846104662,-17.5555577103145,
5.28153659277456));
#7450=CARTESIAN_POINT('Ctrl Pts',(-1.17732587430153,-17.5435117241151,5.28273510858285));
#7451=CARTESIAN_POINT('Ctrl Pts',(-1.53547970722675,-17.5942988710396,5.19315698083362));
#7452=CARTESIAN_POINT('Ctrl Pts',(-1.98033637270682,-17.8398799392689,4.80871703162672));
#7453=CARTESIAN_POINT('Ctrl Pts',(-2.10292720935136,-18.0365144715445,4.43371931466453));
#7454=CARTESIAN_POINT('Ctrl Pts',(-2.10447859498898,-18.1376167941596,4.21117488857169));
#7455=CARTESIAN_POINT('Ctrl Pts',(-0.991519477294462,-17.4382957182893,
5.37033464635518));
#7456=CARTESIAN_POINT('Ctrl Pts',(-1.19745403013696,-17.4261285301195,5.37087494554351));
#7457=CARTESIAN_POINT('Ctrl Pts',(-1.60930919969052,-17.475860975436,5.2761433092343));
#7458=CARTESIAN_POINT('Ctrl Pts',(-2.13879285301761,-17.7192754709012,4.86536586923099));
#7459=CARTESIAN_POINT('Ctrl Pts',(-2.31033283693069,-17.9196976712793,4.44542197979573));
#7460=CARTESIAN_POINT('Ctrl Pts',(-2.32628790813903,-18.0236978229027,4.18451128448451));
#7461=CARTESIAN_POINT('Ctrl Pts',(-0.988865202705363,-17.3916138060381,
5.425));
#7462=CARTESIAN_POINT('Ctrl Pts',(-1.20834652242391,-17.379134375315,5.42499999999606));
#7463=CARTESIAN_POINT('Ctrl Pts',(-1.647335348764,-17.4300139271925,5.32881444640467));
#7464=CARTESIAN_POINT('Ctrl Pts',(-2.22092852992581,-17.6825532852401,4.90967046242974));
#7465=CARTESIAN_POINT('Ctrl Pts',(-2.4187192357291,-17.8952196190365,4.46851683007843));
#7466=CARTESIAN_POINT('Ctrl Pts',(-2.44290500485279,-18.0066566875063,4.18749999981688));
#7467=CARTESIAN_POINT('',(-2.44290500485279,-18.0066566875063,4.18749999981688));
#7468=CARTESIAN_POINT('Origin',(-2.50521740712932,-18.4659615040825,4.37499999979653));
#7469=CARTESIAN_POINT('',(-0.988865202705363,-17.3916138060381,5.425));
#7470=CARTESIAN_POINT('Ctrl Pts',(-2.44290500485279,-18.0066566875063,4.18749999981688));
#7471=CARTESIAN_POINT('Ctrl Pts',(-2.4187192357291,-17.8952196190365,4.46851683007843));
#7472=CARTESIAN_POINT('Ctrl Pts',(-2.22092852992581,-17.6825532852401,4.90967046242974));
#7473=CARTESIAN_POINT('Ctrl Pts',(-1.647335348764,-17.4300139271925,5.32881444640467));
#7474=CARTESIAN_POINT('Ctrl Pts',(-1.20834652242391,-17.379134375315,5.42499999999606));
#7475=CARTESIAN_POINT('Ctrl Pts',(-0.988865202705363,-17.3916138060381,
5.425));
#7476=CARTESIAN_POINT('Origin',(-1.01043481425393,-17.7709681942526,5.75));
#7477=CARTESIAN_POINT('Ctrl Pts',(-3.89512614167014,-18.0622232689088,2.95));
#7478=CARTESIAN_POINT('Ctrl Pts',(-3.5866142871082,-18.1287539817579,2.95));
#7479=CARTESIAN_POINT('Ctrl Pts',(-3.06501266257034,-18.2145710232757,3.10705391395132));
#7480=CARTESIAN_POINT('Ctrl Pts',(-2.57161332821146,-18.1849846354645,3.63771329008646));
#7481=CARTESIAN_POINT('Ctrl Pts',(-2.45841418095359,-18.0781159453895,4.00729735790447));
#7482=CARTESIAN_POINT('Ctrl Pts',(-2.44290500485279,-18.0066566875063,4.18749999981688));
#7483=CARTESIAN_POINT('Ctrl Pts',(-3.89770960021031,-18.0742031132736,2.82806189285408));
#7484=CARTESIAN_POINT('Ctrl Pts',(-3.56405475430073,-18.1458741986341,2.83179069806509));
#7485=CARTESIAN_POINT('Ctrl Pts',(-3.00368706850432,-18.2406664461638,3.00977990948276));
#7486=CARTESIAN_POINT('Ctrl Pts',(-2.47368567377699,-18.213702734893,3.58995739014713));
#7487=CARTESIAN_POINT('Ctrl Pts',(-2.3470221963228,-18.1003198653438,3.98990032356938));
#7488=CARTESIAN_POINT('Ctrl Pts',(-2.32628790814962,-18.0236978229126,4.18451128445673));
#7489=CARTESIAN_POINT('Ctrl Pts',(-3.92264892895921,-18.1898501315359,2.59434038424885));
#7490=CARTESIAN_POINT('Ctrl Pts',(-3.53610876922327,-18.2659603680619,2.60464110201746));
#7491=CARTESIAN_POINT('Ctrl Pts',(-2.89374968924382,-18.3680297902235,2.82617467562565));
#7492=CARTESIAN_POINT('Ctrl Pts',(-2.2879875972865,-18.3408814322979,3.51275794583514));
#7493=CARTESIAN_POINT('Ctrl Pts',(-2.13482344835262,-18.2199648151507,3.98187440027331));
#7494=CARTESIAN_POINT('Ctrl Pts',(-2.10447937270391,-18.1376174313725,4.21117520640726));
#7495=CARTESIAN_POINT('Ctrl Pts',(-3.9741654145983,-18.4287389972104,2.5));
#7496=CARTESIAN_POINT('Ctrl Pts',(-3.55689724211229,-18.499735962939,2.50556302103704));
#7497=CARTESIAN_POINT('Ctrl Pts',(-2.85820483016749,-18.5920166283533,2.74143543540393));
#7498=CARTESIAN_POINT('Ctrl Pts',(-2.19794824591751,-18.5570979603035,3.50479256352144));
#7499=CARTESIAN_POINT('Ctrl Pts',(-2.03808842854509,-18.4368196705496,4.03197158421426));
#7500=CARTESIAN_POINT('Ctrl Pts',(-2.01056978811093,-18.3563308422937,4.29012520404361));
#7501=CARTESIAN_POINT('Ctrl Pts',(-3.99999999999998,-18.5485374408584,2.5));
#7502=CARTESIAN_POINT('Ctrl Pts',(-3.57757553983647,-18.6168594519351,2.5));
#7503=CARTESIAN_POINT('Ctrl Pts',(-2.86309297681335,-18.7041275194332,2.73267246511309));
#7504=CARTESIAN_POINT('Ctrl Pts',(-2.18595730533791,-18.6652722700564,3.51883450383179));
#7505=CARTESIAN_POINT('Ctrl Pts',(-2.02928143465072,-18.5454269865122,4.06636645615479));
#7506=CARTESIAN_POINT('Ctrl Pts',(-2.0069565428391,-18.4659615040825,4.33333333306205));
#7507=CARTESIAN_POINT('',(-3.89512614167014,-18.0622232689088,2.95));
#7508=CARTESIAN_POINT('Origin',(-3.99999999999998,-18.5485374408584,3.));
#7509=CARTESIAN_POINT('Ctrl Pts',(-3.89512614167014,-18.0622232689088,2.95));
#7510=CARTESIAN_POINT('Ctrl Pts',(-3.5866142871082,-18.1287539817579,2.95));
#7511=CARTESIAN_POINT('Ctrl Pts',(-3.06501266257034,-18.2145710232757,3.10705391395132));
#7512=CARTESIAN_POINT('Ctrl Pts',(-2.57161332821146,-18.1849846354645,3.63771329008646));
#7513=CARTESIAN_POINT('Ctrl Pts',(-2.45841418095359,-18.0781159453895,4.00729735790447));
#7514=CARTESIAN_POINT('Ctrl Pts',(-2.44290500485279,-18.0066566875063,4.18749999981688));
#7515=CARTESIAN_POINT('Origin',(0.,0.,3.));
#7516=CARTESIAN_POINT('',(-16.4046394233732,-9.53603935520588,2.5));
#7517=CARTESIAN_POINT('',(-15.9745349656635,-9.28601904511446,2.95));
#7518=CARTESIAN_POINT('Origin',(-16.4046394233732,-9.53603935520588,3.));
#7519=CARTESIAN_POINT('Origin',(0.,0.,2.95));
#7520=CARTESIAN_POINT('Origin',(0.,0.,2.5));
#7521=CARTESIAN_POINT('Ctrl Pts',(-16.3704490171995,-7.88770365187012,4.18749999981659));
#7522=CARTESIAN_POINT('Ctrl Pts',(-16.4652009154019,-7.94295089046711,3.91720143599559));
#7523=CARTESIAN_POINT('Ctrl Pts',(-16.5162572222542,-8.25866848713383,3.2563602017013));
#7524=CARTESIAN_POINT('Ctrl Pts',(-16.1860105735878,-8.92222219344332,2.95));
#7525=CARTESIAN_POINT('Ctrl Pts',(-15.9745349656635,-9.28601904511446,2.95));
#7526=CARTESIAN_POINT('Ctrl Pts',(-16.4226927647887,-7.78206020258316,4.18451128445641));
#7527=CARTESIAN_POINT('Ctrl Pts',(-16.5223877414443,-7.84715439206601,3.89260067386037));
#7528=CARTESIAN_POINT('Ctrl Pts',(-16.5721531080408,-8.18965573399804,3.17634458731909));
#7529=CARTESIAN_POINT('Ctrl Pts',(-16.2134832747758,-8.89861652082291,2.83303353382996));
#7530=CARTESIAN_POINT('Ctrl Pts',(-15.9851301421177,-9.29217803569236,2.82806189285408));
#7531=CARTESIAN_POINT('Ctrl Pts',(-16.5995855635813,-7.60632673773093,4.21118060166995));
#7532=CARTESIAN_POINT('Ctrl Pts',(-16.7029937693981,-7.68778361853957,3.86723626254576));
#7533=CARTESIAN_POINT('Ctrl Pts',(-16.7454924217786,-8.08242821312526,3.02849135046926));
#7534=CARTESIAN_POINT('Ctrl Pts',(-16.3431940614011,-8.89284689238124,2.60808978959979));
#7535=CARTESIAN_POINT('Ctrl Pts',(-16.0874223505883,-9.35164063651719,2.59435577357016));
#7536=CARTESIAN_POINT('Ctrl Pts',(-16.8366078299301,-7.58458368308693,4.29012520404319));
#7537=CARTESIAN_POINT('Ctrl Pts',(-16.9386743367825,-7.66114845089214,3.90290250883444));
#7538=CARTESIAN_POINT('Ctrl Pts',(-16.9748479069335,-8.08131648412516,2.96120370281306));
#7539=CARTESIAN_POINT('Ctrl Pts',(-16.5606358711148,-8.97458430655761,2.50741721322844));
#7540=CARTESIAN_POINT('Ctrl Pts',(-16.2986876588315,-9.47444944942692,2.5));
#7541=CARTESIAN_POINT('Ctrl Pts',(-16.941989339404,-7.61502502022349,4.33333333306161));
#7542=CARTESIAN_POINT('Ctrl Pts',(-17.0450033726388,-7.68370627591269,3.93289101628982));
#7543=CARTESIAN_POINT('Ctrl Pts',(-17.0808643541285,-8.10753409456948,2.9538669654834));
#7544=CARTESIAN_POINT('Ctrl Pts',(-16.6653201242646,-9.02853366169559,2.5));
#7545=CARTESIAN_POINT('Ctrl Pts',(-16.4046394233732,-9.53603935520588,2.5));
#7546=CARTESIAN_POINT('',(-16.9419893394075,-7.61502502021269,4.33333333319747));
#7547=CARTESIAN_POINT('Ctrl Pts',(-16.4046394233732,-9.53603935520588,2.5));
#7548=CARTESIAN_POINT('Ctrl Pts',(-16.6653201242646,-9.02853366169559,2.5));
#7549=CARTESIAN_POINT('Ctrl Pts',(-17.0808643541285,-8.10753409456948,2.9538669654834));
#7550=CARTESIAN_POINT('Ctrl Pts',(-17.0450033726388,-7.68370627591269,3.93289101628982));
#7551=CARTESIAN_POINT('Ctrl Pts',(-16.941989339404,-7.61502502022349,4.33333333306161));
#7552=CARTESIAN_POINT('',(-16.3704490171995,-7.88770365187012,4.18749999981659));
#7553=CARTESIAN_POINT('Origin',(-16.7880182647063,-8.08889926202155,4.37499999979621));
#7554=CARTESIAN_POINT('Ctrl Pts',(-16.3704490171995,-7.88770365187012,4.18749999981659));
#7555=CARTESIAN_POINT('Ctrl Pts',(-16.4652009154019,-7.94295089046711,3.91720143599559));
#7556=CARTESIAN_POINT('Ctrl Pts',(-16.5162572222542,-8.25866848713383,3.2563602017013));
#7557=CARTESIAN_POINT('Ctrl Pts',(-16.1860105735878,-8.92222219344332,2.95));
#7558=CARTESIAN_POINT('Ctrl Pts',(-15.9745349656635,-9.28601904511446,2.95));
#7559=CARTESIAN_POINT('Ctrl Pts',(-16.2348314863393,-6.31477092044221,5.425));
#7560=CARTESIAN_POINT('Ctrl Pts',(-16.1152920136904,-6.6220984892421,5.42499999999409));
#7561=CARTESIAN_POINT('Ctrl Pts',(-16.0412485051237,-7.38249350001007,5.17009767588909));
#7562=CARTESIAN_POINT('Ctrl Pts',(-16.2391020513668,-7.81111883103044,4.56219324488263));
#7563=CARTESIAN_POINT('Ctrl Pts',(-16.3704490171995,-7.88770365187011,4.18749999981659));
#7564=CARTESIAN_POINT('Ctrl Pts',(-16.2784084072231,-6.33172078980175,5.37033464635518));
#7565=CARTESIAN_POINT('Ctrl Pts',(-16.1655937210895,-6.61986726778354,5.37114510408824));
#7566=CARTESIAN_POINT('Ctrl Pts',(-16.102715742708,-7.33489667871562,5.11758966044873));
#7567=CARTESIAN_POINT('Ctrl Pts',(-16.2973852025767,-7.7189768542748,4.53239605354811));
#7568=CARTESIAN_POINT('Ctrl Pts',(-16.4226927647826,-7.78206020256999,4.18451128448424));
#7569=CARTESIAN_POINT('Ctrl Pts',(-16.3878719423537,-6.37429820423373,5.28153911764203));
#7570=CARTESIAN_POINT('Ctrl Pts',(-16.2876507089186,-6.62427435338888,5.28333691120901));
#7571=CARTESIAN_POINT('Ctrl Pts',(-16.2565871347259,-7.25311632483135,5.04028541107028));
#7572=CARTESIAN_POINT('Ctrl Pts',(-16.4720180211735,-7.56270259579721,4.50790980114951));
#7573=CARTESIAN_POINT('Ctrl Pts',(-16.5995855876205,-7.60632679928075,4.21118062266408));
#7574=CARTESIAN_POINT('Ctrl Pts',(-16.5219121559645,-6.42643507080603,5.25000000000008));
#7575=CARTESIAN_POINT('Ctrl Pts',(-16.4309118337394,-6.64575614799233,5.25092149482384));
#7576=CARTESIAN_POINT('Ctrl Pts',(-16.4371566822767,-7.21183943166352,5.04042311507976));
#7577=CARTESIAN_POINT('Ctrl Pts',(-16.6925887765721,-7.52648596959872,4.56622848739351));
#7578=CARTESIAN_POINT('Ctrl Pts',(-16.8366078299314,-7.58458368306364,4.29012520417065));
#7579=CARTESIAN_POINT('Ctrl Pts',(-16.5889535727083,-6.45251179289916,5.25));
#7580=CARTESIAN_POINT('Ctrl Pts',(-16.5014584573834,-6.65989563340526,5.24999999999562));
#7581=CARTESIAN_POINT('Ctrl Pts',(-16.5236453155248,-7.20268545130164,5.06118346362155));
#7582=CARTESIAN_POINT('Ctrl Pts',(-16.7920169707994,-7.54189166536285,4.61088388509828));
#7583=CARTESIAN_POINT('Ctrl Pts',(-16.9419893394075,-7.61502502021268,4.33333333319747));
#7584=CARTESIAN_POINT('',(-16.5889535727113,-6.45251179288987,5.25));
#7585=CARTESIAN_POINT('Ctrl Pts',(-16.9419893394075,-7.61502502021268,4.33333333319747));
#7586=CARTESIAN_POINT('Ctrl Pts',(-16.7920169707994,-7.54189166536285,4.61088388509828));
#7587=CARTESIAN_POINT('Ctrl Pts',(-16.5236453155248,-7.20268545130164,5.06118346362155));
#7588=CARTESIAN_POINT('Ctrl Pts',(-16.5014584573834,-6.65989563340526,5.24999999999562));
#7589=CARTESIAN_POINT('Ctrl Pts',(-16.5889535727083,-6.45251179289916,5.25));
#7590=CARTESIAN_POINT('',(-16.2348314863393,-6.31477092044221,5.425));
#7591=CARTESIAN_POINT('Origin',(-16.5889535727053,-6.45251179290844,5.75));
#7592=CARTESIAN_POINT('Ctrl Pts',(-16.2348314863393,-6.31477092044221,5.425));
#7593=CARTESIAN_POINT('Ctrl Pts',(-16.1152920136904,-6.6220984892421,5.42499999999409));
#7594=CARTESIAN_POINT('Ctrl Pts',(-16.0412485051237,-7.38249350001007,5.17009767588909));
#7595=CARTESIAN_POINT('Ctrl Pts',(-16.2391020513668,-7.81111883103044,4.56219324488263));
#7596=CARTESIAN_POINT('Ctrl Pts',(-16.3704490171995,-7.88770365187011,4.18749999981659));
#7597=CARTESIAN_POINT('Origin',(0.,0.,5.75));
#7598=CARTESIAN_POINT('',(-17.213436631323,-4.53055056416142,5.25));
#7599=CARTESIAN_POINT('',(-16.8459837918959,-4.43383753092903,5.425));
#7600=CARTESIAN_POINT('Origin',(-17.213436631323,-4.53055056416142,5.75));
#7601=CARTESIAN_POINT('Origin',(0.,0.,5.425));
#7602=CARTESIAN_POINT('Origin',(0.,0.,5.25));
#7603=CARTESIAN_POINT('Ctrl Pts',(-17.213436631323,-4.53055056416142,5.25));
#7604=CARTESIAN_POINT('Ctrl Pts',(-17.2645482179132,-4.31134749542974,5.25));
#7605=CARTESIAN_POINT('Ctrl Pts',(-17.6015487944181,-3.88525946130983,5.06117795847672));
#7606=CARTESIAN_POINT('Ctrl Pts',(-18.0180415343495,-3.76858171157665,4.61088094628312));
#7607=CARTESIAN_POINT('Ctrl Pts',(-18.182356696819,-3.79756682425754,4.33333333319757));
#7608=CARTESIAN_POINT('Ctrl Pts',(-17.1438714731754,-4.51224111943858,5.25));
#7609=CARTESIAN_POINT('Ctrl Pts',(-17.199163775221,-4.28132043851674,5.25092148507148));
#7610=CARTESIAN_POINT('Ctrl Pts',(-17.5369580717477,-3.82701670891811,5.0404175980002));
#7611=CARTESIAN_POINT('Ctrl Pts',(-17.9285470501535,-3.72260284677764,4.56622556390262));
#7612=CARTESIAN_POINT('Ctrl Pts',(-18.0792082957237,-3.76025268620823,4.29012520417075));
#7613=CARTESIAN_POINT('Ctrl Pts',(-17.004784878021,-4.4756337373312,5.28153798799731));
#7614=CARTESIAN_POINT('Ctrl Pts',(-17.0706357936058,-4.21449298658647,5.28333576253416));
#7615=CARTESIAN_POINT('Ctrl Pts',(-17.4151359833263,-3.68748393212598,5.04027585926345));
#7616=CARTESIAN_POINT('Ctrl Pts',(-17.7713820989288,-3.56365914463801,4.50790409378762));
#7617=CARTESIAN_POINT('Ctrl Pts',(-17.9002267272937,-3.60334833663281,4.21117805718831));
#7618=CARTESIAN_POINT('Ctrl Pts',(-16.8912011446918,-4.44573866999887,5.37033464635511));
#7619=CARTESIAN_POINT('Ctrl Pts',(-16.9692995697023,-4.1463156341332,5.3711450955126));
#7620=CARTESIAN_POINT('Ctrl Pts',(-17.3387195611578,-3.53087983292115,5.11758193563023));
#7621=CARTESIAN_POINT('Ctrl Pts',(-17.7219638165096,-3.33457945820196,4.53239237000647));
#7622=CARTESIAN_POINT('Ctrl Pts',(-17.8604177596303,-3.35719765494143,4.18451128448437));
#7623=CARTESIAN_POINT('Ctrl Pts',(-16.8459837918959,-4.43383753092902,5.425));
#7624=CARTESIAN_POINT('Ctrl Pts',(-16.9299160508661,-4.11494414244438,5.425));
#7625=CARTESIAN_POINT('Ctrl Pts',(-17.3169698687591,-3.45624438029081,5.17009024394357));
#7626=CARTESIAN_POINT('Ctrl Pts',(-17.728971587513,-3.22577697830431,4.56218927748224));
#7627=CARTESIAN_POINT('Ctrl Pts',(-17.8802473414857,-3.24102220475944,4.18749999981672));
#7628=CARTESIAN_POINT('',(-18.1823566968172,-3.79756682426294,4.33333333326545));
#7629=CARTESIAN_POINT('',(-17.8802473414857,-3.24102220475944,4.18749999981673));
#7630=CARTESIAN_POINT('Origin',(-18.3363277715201,-3.32369258244868,4.37499999979636));
#7631=CARTESIAN_POINT('Ctrl Pts',(-17.8802473414857,-3.24102220475944,4.18749999981672));
#7632=CARTESIAN_POINT('Ctrl Pts',(-17.728971587513,-3.22577697830431,4.56218927748224));
#7633=CARTESIAN_POINT('Ctrl Pts',(-17.3169698687591,-3.45624438029081,5.17009024394357));
#7634=CARTESIAN_POINT('Ctrl Pts',(-16.9299160508661,-4.11494414244438,5.425));
#7635=CARTESIAN_POINT('Ctrl Pts',(-16.8459837918959,-4.43383753092902,5.425));
#7636=CARTESIAN_POINT('Ctrl Pts',(-17.213436631323,-4.53055056416142,5.25));
#7637=CARTESIAN_POINT('Ctrl Pts',(-17.2645482179132,-4.31134749542974,5.25));
#7638=CARTESIAN_POINT('Ctrl Pts',(-17.6015487944181,-3.88525946130983,5.06117795847672));
#7639=CARTESIAN_POINT('Ctrl Pts',(-18.0180415343495,-3.76858171157665,4.61088094628312));
#7640=CARTESIAN_POINT('Ctrl Pts',(-18.182356696819,-3.79756682425754,4.33333333319757));
#7641=CARTESIAN_POINT('Ctrl Pts',(-18.3818553116839,-1.87704884746046,2.95));
#7642=CARTESIAN_POINT('Ctrl Pts',(-18.3497945205581,-2.19101873932001,2.95));
#7643=CARTESIAN_POINT('Ctrl Pts',(-18.2702258930504,-2.71361004426542,3.10705485522452));
#7644=CARTESIAN_POINT('Ctrl Pts',(-18.0896217010092,-3.17371960223416,3.63770821828107));
#7645=CARTESIAN_POINT('Ctrl Pts',(-17.9530013999505,-3.2483541932606,4.00729818363729));
#7646=CARTESIAN_POINT('Ctrl Pts',(-17.8802473414857,-3.24102220475944,4.18749999981673));
#7647=CARTESIAN_POINT('Ctrl Pts',(-18.3940471533244,-1.87829380787995,2.82806189285408));
#7648=CARTESIAN_POINT('Ctrl Pts',(-18.3591055485566,-2.21776445111199,2.83179068097879));
#7649=CARTESIAN_POINT('Ctrl Pts',(-18.276092586054,-2.77999814274753,3.00978058327738));
#7650=CARTESIAN_POINT('Ctrl Pts',(-18.08667239248,-3.27572869450255,3.58995163326352));
#7651=CARTESIAN_POINT('Ctrl Pts',(-17.9396965365243,-3.36115567017484,3.98990121532466));
#7652=CARTESIAN_POINT('Ctrl Pts',(-17.860417759643,-3.35719765493441,4.18451128445656));
#7653=CARTESIAN_POINT('Ctrl Pts',(-18.5117455120137,-1.89031248416587,2.59434575397062));
#7654=CARTESIAN_POINT('Ctrl Pts',(-18.464683385703,-2.28145158612082,2.60464642453881));
#7655=CARTESIAN_POINT('Ctrl Pts',(-18.3632552678328,-2.9239110795823,2.82617934374153));
#7656=CARTESIAN_POINT('Ctrl Pts',(-18.1502484775395,-3.49163652416689,3.51275469657742));
#7657=CARTESIAN_POINT('Ctrl Pts',(-17.9879175992245,-3.59993781509959,3.98187733352916));
#7658=CARTESIAN_POINT('Ctrl Pts',(-17.9002241500632,-3.60334998931099,4.21117708895022));
#7659=CARTESIAN_POINT('Ctrl Pts',(-18.7548569619676,-1.9151376206498,2.5));
#7660=CARTESIAN_POINT('Ctrl Pts',(-18.6934364137964,-2.33392058511869,2.5055629955459));
#7661=CARTESIAN_POINT('Ctrl Pts',(-18.5652903990639,-3.02693304321191,2.74143658608787));
#7662=CARTESIAN_POINT('Ctrl Pts',(-18.3280536157502,-3.64408557299338,3.50478521733759));
#7663=CARTESIAN_POINT('Ctrl Pts',(-18.1642610581597,-3.75895332562657,4.03197276713763));
#7664=CARTESIAN_POINT('Ctrl Pts',(-18.0792082957363,-3.7602526861887,4.29012520404339));
#7665=CARTESIAN_POINT('Ctrl Pts',(-18.8767753783728,-1.92758722484465,2.5));
#7666=CARTESIAN_POINT('Ctrl Pts',(-18.8112174355876,-2.35044748517923,2.5));
#7667=CARTESIAN_POINT('Ctrl Pts',(-18.6734250575058,-3.0569279182974,2.73267385959188));
#7668=CARTESIAN_POINT('Ctrl Pts',(-18.4272282953576,-3.68891717104521,3.51882699004602));
#7669=CARTESIAN_POINT('Ctrl Pts',(-18.2648312547546,-3.8008907597195,4.06636767946267));
#7670=CARTESIAN_POINT('Ctrl Pts',(-18.1823566968225,-3.79756682424675,4.33333333306181));
#7671=CARTESIAN_POINT('',(-18.8767753783728,-1.92758722484466,2.5));
#7672=CARTESIAN_POINT('Ctrl Pts',(-18.1823566968225,-3.79756682424675,4.33333333306181));
#7673=CARTESIAN_POINT('Ctrl Pts',(-18.2648312547546,-3.8008907597195,4.06636767946267));
#7674=CARTESIAN_POINT('Ctrl Pts',(-18.4272282953576,-3.68891717104521,3.51882699004602));
#7675=CARTESIAN_POINT('Ctrl Pts',(-18.6734250575058,-3.0569279182974,2.73267385959188));
#7676=CARTESIAN_POINT('Ctrl Pts',(-18.8112174355876,-2.35044748517923,2.5));
#7677=CARTESIAN_POINT('Ctrl Pts',(-18.8767753783728,-1.92758722484465,2.5));
#7678=CARTESIAN_POINT('',(-18.3818553116839,-1.87704884746046,2.95));
#7679=CARTESIAN_POINT('Origin',(-18.8767753783728,-1.92758722484465,3.));
#7680=CARTESIAN_POINT('Ctrl Pts',(-18.3818553116839,-1.87704884746046,2.95));
#7681=CARTESIAN_POINT('Ctrl Pts',(-18.3497945205581,-2.19101873932001,2.95));
#7682=CARTESIAN_POINT('Ctrl Pts',(-18.2702258930504,-2.71361004426542,3.10705485522452));
#7683=CARTESIAN_POINT('Ctrl Pts',(-18.0896217010092,-3.17371960223416,3.63770821828107));
#7684=CARTESIAN_POINT('Ctrl Pts',(-17.9530013999505,-3.2483541932606,4.00729818363729));
#7685=CARTESIAN_POINT('Ctrl Pts',(-17.8802473414857,-3.24102220475944,4.18749999981673));
#7686=CARTESIAN_POINT('Origin',(0.,0.,3.));
#7687=CARTESIAN_POINT('',(-14.1386247368312,12.6549410012846,2.5));
#7688=CARTESIAN_POINT('',(-13.7679317049238,12.3231478788492,2.95));
#7689=CARTESIAN_POINT('Origin',(-14.1386247368312,12.6549410012846,3.));
#7690=CARTESIAN_POINT('',(-18.4774434669798,-2.2628341998263E-15,2.95));
#7691=CARTESIAN_POINT('Origin',(0.,0.,2.95));
#7692=CARTESIAN_POINT('Origin',(0.,0.,2.95));
#7693=CARTESIAN_POINT('Origin',(0.,0.,2.5));
#7694=CARTESIAN_POINT('Ctrl Pts',(-12.5603989085787,13.1317877374633,4.18749999981918));
#7695=CARTESIAN_POINT('Ctrl Pts',(-12.6149486844087,13.1804833290931,4.00729771840398));
#7696=CARTESIAN_POINT('Ctrl Pts',(-12.7693306580205,13.2004050102921,3.63774770590159));
#7697=CARTESIAN_POINT('Ctrl Pts',(-13.1858766475753,12.9343581713792,3.10706577170984));
#7698=CARTESIAN_POINT('Ctrl Pts',(-13.5574465645328,12.5583106040146,2.95));
#7699=CARTESIAN_POINT('Ctrl Pts',(-13.7679317049238,12.3231478788493,2.95));
#7700=CARTESIAN_POINT('Ctrl Pts',(-12.4760702235852,13.2141201152177,4.18451128445921));
#7701=CARTESIAN_POINT('Ctrl Pts',(-12.5378817979701,13.2639212412558,3.98990071289307));
#7702=CARTESIAN_POINT('Ctrl Pts',(-12.7069848795996,13.2811994477986,3.5899949012544));
#7703=CARTESIAN_POINT('Ctrl Pts',(-13.1516005412192,12.9915186705902,3.00979360415966));
#7704=CARTESIAN_POINT('Ctrl Pts',(-13.5492585647504,12.5854212732134,2.83179069060558));
#7705=CARTESIAN_POINT('Ctrl Pts',(-13.7770633426295,12.3313212577005,2.82806189285408));
#7706=CARTESIAN_POINT('Ctrl Pts',(-12.3636072270305,13.4366601740657,4.21118268569404));
#7707=CARTESIAN_POINT('Ctrl Pts',(-12.4365585317183,13.48544470923,3.98188233827867));
#7708=CARTESIAN_POINT('Ctrl Pts',(-12.6315232705333,13.4932452834513,3.51281368151325));
#7709=CARTESIAN_POINT('Ctrl Pts',(-13.1375362288638,13.1591870100104,2.82620475079654));
#7710=CARTESIAN_POINT('Ctrl Pts',(-13.5972491263302,12.6990120633809,2.60466241514392));
#7711=CARTESIAN_POINT('Ctrl Pts',(-13.8652296738877,12.4102355609754,2.59436171798199));
#7712=CARTESIAN_POINT('Ctrl Pts',(-12.4161656822594,13.6688003356276,4.2901252040469));
#7713=CARTESIAN_POINT('Ctrl Pts',(-12.4857387370737,13.7177420166254,4.03197210065646));
#7714=CARTESIAN_POINT('Ctrl Pts',(-12.6857482129379,13.721087486952,3.50484177228903));
#7715=CARTESIAN_POINT('Ctrl Pts',(-13.2404127854277,13.3612849290857,2.74145329707747));
#7716=CARTESIAN_POINT('Ctrl Pts',(-13.7514628782776,12.8759084370756,2.50556300990816));
#7717=CARTESIAN_POINT('Ctrl Pts',(-14.0473083597747,12.5732072127718,2.5));
#7718=CARTESIAN_POINT('Ctrl Pts',(-12.4776817916283,13.7596172164029,4.33333333306545));
#7719=CARTESIAN_POINT('Ctrl Pts',(-12.5424515175669,13.8107837976298,4.06636699022812));
#7720=CARTESIAN_POINT('Ctrl Pts',(-12.7396303247318,13.8156504873404,3.51888549022459));
#7721=CARTESIAN_POINT('Ctrl Pts',(-13.3102627588025,13.4491119463135,2.73269003216272));
#7722=CARTESIAN_POINT('Ctrl Pts',(-13.8370354435707,12.9585089299353,2.5));
#7723=CARTESIAN_POINT('Ctrl Pts',(-14.1386247368312,12.6549410012846,2.5));
#7724=CARTESIAN_POINT('',(-12.4776817916192,13.7596172164095,4.33333333319939));
#7725=CARTESIAN_POINT('Ctrl Pts',(-14.1386247368312,12.6549410012846,2.5));
#7726=CARTESIAN_POINT('Ctrl Pts',(-13.8370354435707,12.9585089299353,2.5));
#7727=CARTESIAN_POINT('Ctrl Pts',(-13.3102627588025,13.4491119463135,2.73269003216272));
#7728=CARTESIAN_POINT('Ctrl Pts',(-12.7396303247318,13.8156504873404,3.51888549022459));
#7729=CARTESIAN_POINT('Ctrl Pts',(-12.5424515175669,13.8107837976298,4.06636699022812));
#7730=CARTESIAN_POINT('Ctrl Pts',(-12.4776817916283,13.7596172164029,4.33333333306545));
#7731=CARTESIAN_POINT('',(-12.5603989085787,13.1317877374633,4.18749999981918));
#7732=CARTESIAN_POINT('Origin',(-12.8807832984711,13.4667468285786,4.37499999979909));
#7733=CARTESIAN_POINT('Ctrl Pts',(-12.5603989085787,13.1317877374633,4.18749999981918));
#7734=CARTESIAN_POINT('Ctrl Pts',(-12.6149486844087,13.1804833290931,4.00729771840398));
#7735=CARTESIAN_POINT('Ctrl Pts',(-12.7693306580205,13.2004050102921,3.63774770590159));
#7736=CARTESIAN_POINT('Ctrl Pts',(-13.1858766475753,12.9343581713792,3.10706577170984));
#7737=CARTESIAN_POINT('Ctrl Pts',(-13.5574465645328,12.5583106040146,2.95));
#7738=CARTESIAN_POINT('Ctrl Pts',(-13.7679317049238,12.3231478788493,2.95));
#7739=CARTESIAN_POINT('Ctrl Pts',(-11.02254286289,13.4888707460353,5.425));
#7740=CARTESIAN_POINT('Ctrl Pts',(-11.2778896218779,13.2802120192414,5.42499999999409));
#7741=CARTESIAN_POINT('Ctrl Pts',(-11.978173166485,12.9748279683917,5.17010142652797));
#7742=CARTESIAN_POINT('Ctrl Pts',(-12.4469737042844,13.0305351227113,4.5621941261879));
#7743=CARTESIAN_POINT('Ctrl Pts',(-12.5603989085787,13.1317877374633,4.18749999981918));
#7744=CARTESIAN_POINT('Ctrl Pts',(-11.0521291557104,13.5250770629174,5.37033464635518));
#7745=CARTESIAN_POINT('Ctrl Pts',(-11.2913116485836,13.3287413001772,5.37114510599449));
#7746=CARTESIAN_POINT('Ctrl Pts',(-11.9519012581334,13.0479945146543,5.11759298245952));
#7747=CARTESIAN_POINT('Ctrl Pts',(-12.377351995668,13.114439133869,4.53239687179801));
#7748=CARTESIAN_POINT('Ctrl Pts',(-12.476070223571,13.214120115216,4.18451128448664));
#7749=CARTESIAN_POINT('Ctrl Pts',(-11.1264490427981,13.6160262534372,5.28154003390369));
#7750=CARTESIAN_POINT('Ctrl Pts',(-11.3332209103816,13.443462912151,5.2833378316992));
#7751=CARTESIAN_POINT('Ctrl Pts',(-11.921676282585,13.2196055715725,5.04028934420961));
#7752=CARTESIAN_POINT('Ctrl Pts',(-12.2826974638004,13.3288165785811,4.50791257995116));
#7753=CARTESIAN_POINT('Ctrl Pts',(-12.36360728306,13.4366601773303,4.21118270353939));
#7754=CARTESIAN_POINT('Ctrl Pts',(-11.2174545864009,13.72739456746,5.25000000000008));
#7755=CARTESIAN_POINT('Ctrl Pts',(-11.3979211044267,13.5730738149759,5.25092149699126));
#7756=CARTESIAN_POINT('Ctrl Pts',(-11.9382177455802,13.4040912119965,5.04042563335901));
#7757=CARTESIAN_POINT('Ctrl Pts',(-12.3164069036244,13.5497829773271,4.5662291368083));
#7758=CARTESIAN_POINT('Ctrl Pts',(-12.416165682238,13.6688003356358,4.29012520417255));
#7759=CARTESIAN_POINT('Ctrl Pts',(-11.2629719599719,13.7830965934314,5.25));
#7760=CARTESIAN_POINT('Ctrl Pts',(-11.4331686356122,13.6357983163281,5.24999999999562));
#7761=CARTESIAN_POINT('Ctrl Pts',(-11.9562387193121,13.489175078999,5.06118624187255));
#7762=CARTESIAN_POINT('Ctrl Pts',(-12.3617835547441,13.6395841851602,4.61088453791709));
#7763=CARTESIAN_POINT('Ctrl Pts',(-12.4776817916192,13.7596172164095,4.33333333319939));
#7764=CARTESIAN_POINT('',(-11.262971959964,13.7830965934372,5.25));
#7765=CARTESIAN_POINT('Ctrl Pts',(-12.4776817916192,13.7596172164095,4.33333333319939));
#7766=CARTESIAN_POINT('Ctrl Pts',(-12.3617835547441,13.6395841851602,4.61088453791709));
#7767=CARTESIAN_POINT('Ctrl Pts',(-11.9562387193121,13.489175078999,5.06118624187255));
#7768=CARTESIAN_POINT('Ctrl Pts',(-11.4331686356122,13.6357983163281,5.24999999999562));
#7769=CARTESIAN_POINT('Ctrl Pts',(-11.2629719599719,13.7830965934314,5.25));
#7770=CARTESIAN_POINT('',(-11.02254286289,13.4888707460353,5.425));
#7771=CARTESIAN_POINT('Origin',(-11.2629719599798,13.7830965934257,5.75));
#7772=CARTESIAN_POINT('Ctrl Pts',(-11.02254286289,13.4888707460353,5.425));
#7773=CARTESIAN_POINT('Ctrl Pts',(-11.2778896218779,13.2802120192414,5.42499999999409));
#7774=CARTESIAN_POINT('Ctrl Pts',(-11.978173166485,12.9748279683917,5.17010142652797));
#7775=CARTESIAN_POINT('Ctrl Pts',(-12.4469737042844,13.0305351227113,4.5621941261879));
#7776=CARTESIAN_POINT('Ctrl Pts',(-12.5603989085787,13.1317877374633,4.18749999981918));
#7777=CARTESIAN_POINT('Origin',(0.,0.,5.75));
#7778=CARTESIAN_POINT('',(-9.62805408712545,14.9709339578525,5.25));
#7779=CARTESIAN_POINT('',(-9.42252535464483,14.6513515113306,5.425));
#7780=CARTESIAN_POINT('Origin',(-9.62805408712545,14.9709339578525,5.75));
#7781=CARTESIAN_POINT('Origin',(0.,0.,5.425));
#7782=CARTESIAN_POINT('Origin',(0.,0.,5.25));
#7783=CARTESIAN_POINT('Ctrl Pts',(-9.62805408712545,14.9709339578525,5.25));
#7784=CARTESIAN_POINT('Ctrl Pts',(-9.43537432938703,15.0872811970755,5.25));
#7785=CARTESIAN_POINT('Ctrl Pts',(-9.13429087534551,15.5394552631016,5.06117291516609));
#7786=CARTESIAN_POINT('Ctrl Pts',(-9.15201539621492,15.9716203246093,4.61088036966207));
#7787=CARTESIAN_POINT('Ctrl Pts',(-9.23035789138029,16.1189361321418,4.33333333319879));
#7788=CARTESIAN_POINT('Ctrl Pts',(-9.58914395432808,14.9104314904661,5.25));
#7789=CARTESIAN_POINT('Ctrl Pts',(-9.38661201775368,15.0343757518827,5.25092148315704));
#7790=CARTESIAN_POINT('Ctrl Pts',(-9.05894000042081,15.4960231002096,5.04041164570757));
#7791=CARTESIAN_POINT('Ctrl Pts',(-9.08063158907119,15.9007142303061,4.56622499028835));
#7792=CARTESIAN_POINT('Ctrl Pts',(-9.16299542835747,16.0323668759224,4.29012520417196));
#7793=CARTESIAN_POINT('Ctrl Pts',(-9.51134855501734,14.7894652209825,5.28153964009256));
#7794=CARTESIAN_POINT('Ctrl Pts',(-9.28333846806816,14.9327897954912,5.28333741089443));
#7795=CARTESIAN_POINT('Ctrl Pts',(-8.88859351884753,15.4232818221865,5.04027228177453));
#7796=CARTESIAN_POINT('Ctrl Pts',(-8.88089748961809,15.8003692183325,4.50790722930828));
#7797=CARTESIAN_POINT('Ctrl Pts',(-8.95845917295016,15.9106428778087,4.21118180917554));
#7798=CARTESIAN_POINT('Ctrl Pts',(-9.44781694096311,14.6906781151318,5.37033464635511));
#7799=CARTESIAN_POINT('Ctrl Pts',(-9.18718299362052,14.8574805911971,5.37114509382884));
#7800=CARTESIAN_POINT('Ctrl Pts',(-8.71604106787227,15.3989965311311,5.11757535559933));
#7801=CARTESIAN_POINT('Ctrl Pts',(-8.64776164940485,15.8241477066068,4.53239164726362));
#7802=CARTESIAN_POINT('Ctrl Pts',(-8.71205732058448,15.9488355651969,4.18451128448589));
#7803=CARTESIAN_POINT('Ctrl Pts',(-9.42252535464483,14.6513515113306,5.425));
#7804=CARTESIAN_POINT('Ctrl Pts',(-9.145176790131,14.8297189390171,5.425));
#7805=CARTESIAN_POINT('Ctrl Pts',(-8.6383373357109,15.4013741550943,5.17008343547421));
#7806=CARTESIAN_POINT('Ctrl Pts',(-8.54644985590543,15.8644343382705,4.5621884990438));
#7807=CARTESIAN_POINT('Ctrl Pts',(-8.60769557944005,16.0035948066713,4.18749999981837));
#7808=CARTESIAN_POINT('',(-9.23035789138484,16.1189361321385,4.33333333326606));
#7809=CARTESIAN_POINT('',(-8.60769557944005,16.0035948066713,4.18749999981837));
#7810=CARTESIAN_POINT('Origin',(-8.82725638452841,16.4118065199727,4.37499999979819));
#7811=CARTESIAN_POINT('Ctrl Pts',(-8.60769557944005,16.0035948066713,4.18749999981837));
#7812=CARTESIAN_POINT('Ctrl Pts',(-8.54644985590543,15.8644343382705,4.5621884990438));
#7813=CARTESIAN_POINT('Ctrl Pts',(-8.6383373357109,15.4013741550943,5.17008343547421));
#7814=CARTESIAN_POINT('Ctrl Pts',(-9.145176790131,14.8297189390171,5.425));
#7815=CARTESIAN_POINT('Ctrl Pts',(-9.42252535464483,14.6513515113306,5.425));
#7816=CARTESIAN_POINT('Ctrl Pts',(-9.62805408712545,14.9709339578525,5.25));
#7817=CARTESIAN_POINT('Ctrl Pts',(-9.43537432938703,15.0872811970755,5.25));
#7818=CARTESIAN_POINT('Ctrl Pts',(-9.13429087534551,15.5394552631016,5.06117291516609));
#7819=CARTESIAN_POINT('Ctrl Pts',(-9.15201539621492,15.9716203246093,4.61088036966207));
#7820=CARTESIAN_POINT('Ctrl Pts',(-9.23035789138029,16.1189361321418,4.33333333319879));
#7821=CARTESIAN_POINT('Ctrl Pts',(-7.4654852172333,16.9021432826345,2.95));
#7822=CARTESIAN_POINT('Ctrl Pts',(-7.85041186039538,16.7321255448723,2.95));
#7823=CARTESIAN_POINT('Ctrl Pts',(-8.50758101570615,16.3894331661385,3.25634162130054));
#7824=CARTESIAN_POINT('Ctrl Pts',(-8.65187852089737,16.1039857970272,3.91719802447849));
#7825=CARTESIAN_POINT('Ctrl Pts',(-8.60769557944005,16.0035948066713,4.18749999981837));
#7826=CARTESIAN_POINT('Ctrl Pts',(-7.47043673121243,16.9133536991454,2.82806189285408));
#7827=CARTESIAN_POINT('Ctrl Pts',(-7.88651320192091,16.7291760244431,2.83303359657853));
#7828=CARTESIAN_POINT('Ctrl Pts',(-8.59336394400477,16.3664562727211,3.17632390859901));
#7829=CARTESIAN_POINT('Ctrl Pts',(-8.75445138142375,16.0600985120086,3.8925969895713));
#7830=CARTESIAN_POINT('Ctrl Pts',(-8.71205732058175,15.9488355652111,4.18451128445833));
#7831=CARTESIAN_POINT('Ctrl Pts',(-7.51824267038689,17.0215881688651,2.59435863011913));
#7832=CARTESIAN_POINT('Ctrl Pts',(-7.99484454302067,16.8007522853151,2.60809281948987));
#7833=CARTESIAN_POINT('Ctrl Pts',(-8.79662065223944,16.3816000275365,3.02846864373726));
#7834=CARTESIAN_POINT('Ctrl Pts',(-8.99423963210058,16.0373256658917,3.8672329229866));
#7835=CARTESIAN_POINT('Ctrl Pts',(-8.95845933788547,15.9106422477747,4.21118160313504));
#7836=CARTESIAN_POINT('Ctrl Pts',(-7.61697364204028,17.2451188545152,2.5));
#7837=CARTESIAN_POINT('Ctrl Pts',(-8.12271393955607,16.9946855943297,2.5074173068433));
#7838=CARTESIAN_POINT('Ctrl Pts',(-8.98282422662935,16.5155118111201,2.96117673426538));
#7839=CARTESIAN_POINT('Ctrl Pts',(-9.20056579976332,16.1543038007288,3.90289762158368));
#7840=CARTESIAN_POINT('Ctrl Pts',(-9.16299542834295,16.0323668759404,4.29012520404575));
#7841=CARTESIAN_POINT('Ctrl Pts',(-7.66648878183158,17.3572230196243,2.5));
#7842=CARTESIAN_POINT('Ctrl Pts',(-8.17569468781681,17.0998633122009,2.5));
#7843=CARTESIAN_POINT('Ctrl Pts',(-9.05318255044335,16.5990380408797,2.95383943896376));
#7844=CARTESIAN_POINT('Ctrl Pts',(-9.27332870805543,16.2350520302254,3.93288596219036));
#7845=CARTESIAN_POINT('Ctrl Pts',(-9.23035789137119,16.1189361321484,4.33333333306425));
#7846=CARTESIAN_POINT('',(-7.66648878183158,17.3572230196243,2.5));
#7847=CARTESIAN_POINT('Ctrl Pts',(-9.23035789137119,16.1189361321484,4.33333333306425));
#7848=CARTESIAN_POINT('Ctrl Pts',(-9.27332870805543,16.2350520302254,3.93288596219036));
#7849=CARTESIAN_POINT('Ctrl Pts',(-9.05318255044335,16.5990380408797,2.95383943896376));
#7850=CARTESIAN_POINT('Ctrl Pts',(-8.17569468781681,17.0998633122009,2.5));
#7851=CARTESIAN_POINT('Ctrl Pts',(-7.66648878183158,17.3572230196243,2.5));
#7852=CARTESIAN_POINT('',(-7.4654852172333,16.9021432826345,2.95));
#7853=CARTESIAN_POINT('Origin',(-7.66648878183158,17.3572230196243,3.));
#7854=CARTESIAN_POINT('Ctrl Pts',(-7.4654852172333,16.9021432826345,2.95));
#7855=CARTESIAN_POINT('Ctrl Pts',(-7.85041186039538,16.7321255448723,2.95));
#7856=CARTESIAN_POINT('Ctrl Pts',(-8.50758101570615,16.3894331661385,3.25634162130054));
#7857=CARTESIAN_POINT('Ctrl Pts',(-8.65187852089737,16.1039857970272,3.91719802447849));
#7858=CARTESIAN_POINT('Ctrl Pts',(-8.60769557944005,16.0035948066713,4.18749999981837));
#7859=CARTESIAN_POINT('Origin',(0.,0.,3.));
#7860=CARTESIAN_POINT('',(7.66648878183155,17.3572230196244,2.5));
#7861=CARTESIAN_POINT('',(7.46548521723327,16.9021432826345,2.95));
#7862=CARTESIAN_POINT('Origin',(7.66648878183155,17.3572230196244,3.));
#7863=CARTESIAN_POINT('Origin',(0.,0.,2.95));
#7864=CARTESIAN_POINT('Origin',(0.,0.,2.5));
#7865=CARTESIAN_POINT('Ctrl Pts',(8.60769557944032,16.0035948066719,4.18749999981654));
#7866=CARTESIAN_POINT('Ctrl Pts',(8.63715107720638,16.0705225958743,4.00729743818865));
#7867=CARTESIAN_POINT('Ctrl Pts',(8.60839228160941,16.2235037196451,3.63774824619362));
#7868=CARTESIAN_POINT('Ctrl Pts',(8.22664563942456,16.537449741538,3.10706600054787));
#7869=CARTESIAN_POINT('Ctrl Pts',(7.75418219375585,16.7746290985189,2.95));
#7870=CARTESIAN_POINT('Ctrl Pts',(7.46548521723327,16.9021432826345,2.95));
#7871=CARTESIAN_POINT('Ctrl Pts',(8.71205732058201,15.9488355652118,4.18451128445636));
#7872=CARTESIAN_POINT('Ctrl Pts',(8.74032022303341,16.0230113754403,3.98990041027277));
#7873=CARTESIAN_POINT('Ctrl Pts',(8.70449828691271,16.1891758510524,3.58999536791168));
#7874=CARTESIAN_POINT('Ctrl Pts',(8.29160035814517,16.5225143835178,3.00979370217014));
#7875=CARTESIAN_POINT('Ctrl Pts',(7.78249623976954,16.7752194889678,2.83179069640382));
#7876=CARTESIAN_POINT('Ctrl Pts',(7.4704367312124,16.9133536991454,2.82806189285408));
#7877=CARTESIAN_POINT('Ctrl Pts',(8.95845933788567,15.9106422477755,4.21118160313272));
#7878=CARTESIAN_POINT('Ctrl Pts',(8.98231303212954,15.995098443228,3.98188089915766));
#7879=CARTESIAN_POINT('Ctrl Pts',(8.92948535639291,16.1829305789983,3.51281271044697));
#7880=CARTESIAN_POINT('Ctrl Pts',(8.45540888570766,16.5609480773304,2.82620314351241));
#7881=CARTESIAN_POINT('Ctrl Pts',(7.87569654394581,16.8559601121402,2.60465934329853));
#7882=CARTESIAN_POINT('Ctrl Pts',(7.51824267038685,17.0215881688651,2.59435863011913));
#7883=CARTESIAN_POINT('Ctrl Pts',(9.16299542834317,16.0323668759412,4.29012520404313));
#7884=CARTESIAN_POINT('Ctrl Pts',(9.18804251563378,16.1136587206504,4.03197169922727));
#7885=CARTESIAN_POINT('Ctrl Pts',(9.12941962624097,16.3049113586749,3.50484250599972));
#7886=CARTESIAN_POINT('Ctrl Pts',(8.61582467612757,16.7212439924794,2.74145355094328));
#7887=CARTESIAN_POINT('Ctrl Pts',(7.99628148521519,17.0572926119816,2.50556301855858));
#7888=CARTESIAN_POINT('Ctrl Pts',(7.61697364204024,17.2451188545153,2.5));
#7889=CARTESIAN_POINT('Ctrl Pts',(9.23035789137144,16.1189361321492,4.33333333306155));
#7890=CARTESIAN_POINT('Ctrl Pts',(9.25900530037356,16.1963472655784,4.06636657509429));
#7891=CARTESIAN_POINT('Ctrl Pts',(9.20270385884495,16.3853779705016,3.51888629065721));
#7892=CARTESIAN_POINT('Ctrl Pts',(8.67776822192726,16.8148154725824,2.73269037118204));
#7893=CARTESIAN_POINT('Ctrl Pts',(8.0483958493125,17.1642019057791,2.5));
#7894=CARTESIAN_POINT('Ctrl Pts',(7.66648878183155,17.3572230196244,2.5));
#7895=CARTESIAN_POINT('',(9.23035789138064,16.1189361321425,4.33333333319744));
#7896=CARTESIAN_POINT('Ctrl Pts',(7.66648878183155,17.3572230196244,2.5));
#7897=CARTESIAN_POINT('Ctrl Pts',(8.0483958493125,17.1642019057791,2.5));
#7898=CARTESIAN_POINT('Ctrl Pts',(8.67776822192726,16.8148154725824,2.73269037118204));
#7899=CARTESIAN_POINT('Ctrl Pts',(9.20270385884495,16.3853779705016,3.51888629065721));
#7900=CARTESIAN_POINT('Ctrl Pts',(9.25900530037356,16.1963472655784,4.06636657509429));
#7901=CARTESIAN_POINT('Ctrl Pts',(9.23035789137144,16.1189361321492,4.33333333306155));
#7902=CARTESIAN_POINT('',(8.60769557944032,16.0035948066719,4.18749999981654));
#7903=CARTESIAN_POINT('Origin',(8.82725638452871,16.4118065199735,4.37499999979616));
#7904=CARTESIAN_POINT('Ctrl Pts',(8.60769557944032,16.0035948066719,4.18749999981654));
#7905=CARTESIAN_POINT('Ctrl Pts',(8.63715107720638,16.0705225958743,4.00729743818865));
#7906=CARTESIAN_POINT('Ctrl Pts',(8.60839228160941,16.2235037196451,3.63774824619362));
#7907=CARTESIAN_POINT('Ctrl Pts',(8.22664563942456,16.537449741538,3.10706600054787));
#7908=CARTESIAN_POINT('Ctrl Pts',(7.75418219375585,16.7746290985189,2.95));
#7909=CARTESIAN_POINT('Ctrl Pts',(7.46548521723327,16.9021432826345,2.95));
#7910=CARTESIAN_POINT('Ctrl Pts',(9.42252535462064,14.6513515113462,5.425));
#7911=CARTESIAN_POINT('Ctrl Pts',(9.14517271495622,14.8297215598344,5.42499999999409));
#7912=CARTESIAN_POINT('Ctrl Pts',(8.63832690318736,15.4013649291116,5.17010458025165));
#7913=CARTESIAN_POINT('Ctrl Pts',(8.54644895600631,15.8644322935514,4.56219400443546));
#7914=CARTESIAN_POINT('Ctrl Pts',(8.60769557944032,16.0035948066719,4.18749999981654));
#7915=CARTESIAN_POINT('Ctrl Pts',(9.44781694094038,14.6906781151463,5.37033464635518));
#7916=CARTESIAN_POINT('Ctrl Pts',(9.18717916403924,14.8574830420866,5.37114510573114));
#7917=CARTESIAN_POINT('Ctrl Pts',(8.71603064354413,15.3989879747827,5.11759601294897));
#7918=CARTESIAN_POINT('Ctrl Pts',(8.64776070469213,15.8241458745373,4.53239675875662));
#7919=CARTESIAN_POINT('Ctrl Pts',(8.71205732058476,15.9488355651976,4.1845112844842));
#7920=CARTESIAN_POINT('Ctrl Pts',(9.51134855499745,14.789465220995,5.28153964009272));
#7921=CARTESIAN_POINT('Ctrl Pts',(9.28333511784045,14.9327919014118,5.28333743730407));
#7922=CARTESIAN_POINT('Ctrl Pts',(8.88858258998927,15.4232736096068,5.04029150768346));
#7923=CARTESIAN_POINT('Ctrl Pts',(8.88089634998461,15.8003675980544,4.50791158916891));
#7924=CARTESIAN_POINT('Ctrl Pts',(8.9584591729505,15.9106428778092,4.21118180917409));
#7925=CARTESIAN_POINT('Ctrl Pts',(9.58914395431041,14.910431490477,5.25000000000008));
#7926=CARTESIAN_POINT('Ctrl Pts',(9.38660904188541,15.0343775730421,5.25092149669183));
#7927=CARTESIAN_POINT('Ctrl Pts',(9.05892906054675,15.4960131496161,5.04042854099806));
#7928=CARTESIAN_POINT('Ctrl Pts',(9.08063037887846,15.9007122959012,4.56622904709145));
#7929=CARTESIAN_POINT('Ctrl Pts',(9.16299542835784,16.0323668759231,4.29012520417061));
#7930=CARTESIAN_POINT('Ctrl Pts',(9.62805408710864,14.9709339578627,5.25));
#7931=CARTESIAN_POINT('Ctrl Pts',(9.43537149828033,15.0872829066095,5.24999999999562));
#7932=CARTESIAN_POINT('Ctrl Pts',(9.13428038826787,15.5394441012823,5.0611885779642));
#7933=CARTESIAN_POINT('Ctrl Pts',(9.15201424510881,15.9716181600617,4.61088444773002));
#7934=CARTESIAN_POINT('Ctrl Pts',(9.23035789138064,16.1189361321425,4.33333333319744));
#7935=CARTESIAN_POINT('Ctrl Pts',(9.23035789138064,16.1189361321425,4.33333333319744));
#7936=CARTESIAN_POINT('Ctrl Pts',(9.15201424510881,15.9716181600617,4.61088444773002));
#7937=CARTESIAN_POINT('Ctrl Pts',(9.13428038826787,15.5394441012823,5.0611885779642));
#7938=CARTESIAN_POINT('Ctrl Pts',(9.43537149828033,15.0872829066095,5.24999999999562));
#7939=CARTESIAN_POINT('Ctrl Pts',(9.62805408710864,14.9709339578627,5.25));
#7940=CARTESIAN_POINT('',(9.42252535462064,14.6513515113462,5.425));
#7941=CARTESIAN_POINT('Origin',(9.62805408710073,14.9709339578684,5.75));
#7942=CARTESIAN_POINT('Ctrl Pts',(9.42252535462064,14.6513515113462,5.425));
#7943=CARTESIAN_POINT('Ctrl Pts',(9.14517271495622,14.8297215598344,5.42499999999409));
#7944=CARTESIAN_POINT('Ctrl Pts',(8.63832690318736,15.4013649291116,5.17010458025165));
#7945=CARTESIAN_POINT('Ctrl Pts',(8.54644895600631,15.8644322935514,4.56219400443546));
#7946=CARTESIAN_POINT('Ctrl Pts',(8.60769557944032,16.0035948066719,4.18749999981654));
#7947=CARTESIAN_POINT('Origin',(0.,0.,5.75));
#7948=CARTESIAN_POINT('',(11.0225428628678,13.4888707460535,5.425));
#7949=CARTESIAN_POINT('Origin',(11.2629719599571,13.7830965934443,5.75));
#7950=CARTESIAN_POINT('Origin',(0.,0.,5.425));
#7951=CARTESIAN_POINT('Ctrl Pts',(11.2629719599571,13.7830965934443,5.25));
#7952=CARTESIAN_POINT('Ctrl Pts',(11.4331660879362,13.635800521231,5.25));
#7953=CARTESIAN_POINT('Ctrl Pts',(11.9562461588401,13.48918889545,5.0611703445663));
#7954=CARTESIAN_POINT('Ctrl Pts',(12.3617852896143,13.6395859819235,4.61088038327873));
#7955=CARTESIAN_POINT('Ctrl Pts',(12.4776817916195,13.7596172164098,4.3333333331987));
#7956=CARTESIAN_POINT('Ctrl Pts',(11.2174545863851,13.7273945674734,5.25));
#7957=CARTESIAN_POINT('Ctrl Pts',(11.3979184030216,13.5730761249984,5.25092148320225));
#7958=CARTESIAN_POINT('Ctrl Pts',(11.9382238663368,13.4041050885366,5.04040845843842));
#7959=CARTESIAN_POINT('Ctrl Pts',(12.3164083969045,13.5497847588869,4.566225003834));
#7960=CARTESIAN_POINT('Ctrl Pts',(12.4161656822382,13.6688003356361,4.29012520417187));
#7961=CARTESIAN_POINT('Ctrl Pts',(11.12644904278,13.6160262534523,5.28154003390355));
#7962=CARTESIAN_POINT('Ctrl Pts',(11.3332178152122,13.443465495247,5.28333780479362));
#7963=CARTESIAN_POINT('Ctrl Pts',(11.9216807111617,13.219618899904,5.04026978104431));
#7964=CARTESIAN_POINT('Ctrl Pts',(12.2826986749323,13.3288181928818,4.50790813822906));
#7965=CARTESIAN_POINT('Ctrl Pts',(12.3636072830603,13.4366601773305,4.21118270353868));
#7966=CARTESIAN_POINT('Ctrl Pts',(11.0521291556896,13.5250770629346,5.37033464635511));
#7967=CARTESIAN_POINT('Ctrl Pts',(11.2913080682598,13.3287442391224,5.37114509386861));
#7968=CARTESIAN_POINT('Ctrl Pts',(11.9519061492113,13.0480074765529,5.11757199532888));
#7969=CARTESIAN_POINT('Ctrl Pts',(12.3773534733723,13.1144406259843,4.53239166433086));
#7970=CARTESIAN_POINT('Ctrl Pts',(12.4760702235712,13.2141201152162,4.18451128448578));
#7971=CARTESIAN_POINT('Ctrl Pts',(11.0225428628678,13.4888707460535,5.425));
#7972=CARTESIAN_POINT('Ctrl Pts',(11.2778857995914,13.2802151426488,5.425));
#7973=CARTESIAN_POINT('Ctrl Pts',(11.9781786882973,12.9748411560602,5.17007996516452));
#7974=CARTESIAN_POINT('Ctrl Pts',(12.446975402136,13.0305366383522,4.56218851742627));
#7975=CARTESIAN_POINT('Ctrl Pts',(12.5603989085789,13.1317877374635,4.18749999981825));
#7976=CARTESIAN_POINT('',(12.5603989085789,13.1317877374635,4.18749999981825));
#7977=CARTESIAN_POINT('Origin',(12.8807832984714,13.4667468285789,4.37499999979805));
#7978=CARTESIAN_POINT('Ctrl Pts',(12.5603989085789,13.1317877374635,4.18749999981825));
#7979=CARTESIAN_POINT('Ctrl Pts',(12.446975402136,13.0305366383522,4.56218851742627));
#7980=CARTESIAN_POINT('Ctrl Pts',(11.9781786882973,12.9748411560602,5.17007996516452));
#7981=CARTESIAN_POINT('Ctrl Pts',(11.2778857995914,13.2802151426488,5.425));
#7982=CARTESIAN_POINT('Ctrl Pts',(11.0225428628678,13.4888707460535,5.425));
#7983=CARTESIAN_POINT('Ctrl Pts',(13.7679317049238,12.3231478788493,2.95));
#7984=CARTESIAN_POINT('Ctrl Pts',(13.4872823386166,12.6367009860858,2.95));
#7985=CARTESIAN_POINT('Ctrl Pts',(12.9582354492866,13.1558301662927,3.25641697651052));
#7986=CARTESIAN_POINT('Ctrl Pts',(12.6422243048482,13.204831778819,3.91719415784115));
#7987=CARTESIAN_POINT('Ctrl Pts',(12.5603989085789,13.1317877374635,4.18749999981825));
#7988=CARTESIAN_POINT('Ctrl Pts',(13.7770633426295,12.3313212577005,2.82806189285408));
#7989=CARTESIAN_POINT('Ctrl Pts',(13.4733209196027,12.6701243114451,2.83303366769815));
#7990=CARTESIAN_POINT('Ctrl Pts',(12.9098707042869,13.2303173613056,3.17640623972543));
#7991=CARTESIAN_POINT('Ctrl Pts',(12.5687884152024,13.2888224730316,3.89259281377232));
#7992=CARTESIAN_POINT('Ctrl Pts',(12.4760702235855,13.214120115218,4.1845112844582));
#7993=CARTESIAN_POINT('Ctrl Pts',(13.8652296738876,12.4102355609754,2.59436171798199));
#7994=CARTESIAN_POINT('Ctrl Pts',(13.5079190783988,12.7952743444923,2.60809610381866));
#7995=CARTESIAN_POINT('Ctrl Pts',(12.8614570224291,13.428311714983,3.02856748284946));
#7996=CARTESIAN_POINT('Ctrl Pts',(12.4730351636925,13.5098376319176,3.86722908539994));
#7997=CARTESIAN_POINT('Ctrl Pts',(12.3636072270309,13.4366601740659,4.21118268569285));
#7998=CARTESIAN_POINT('Ctrl Pts',(14.0473083597746,12.5732072127719,2.5));
#7999=CARTESIAN_POINT('Ctrl Pts',(13.6528441864236,12.9768124583653,2.50741741294699));
#8000=CARTESIAN_POINT('Ctrl Pts',(12.9312669142475,13.6467850966969,2.96128513244237));
#8001=CARTESIAN_POINT('Ctrl Pts',(12.5205261987462,13.7422135143399,3.90289208233955));
#8002=CARTESIAN_POINT('Ctrl Pts',(12.4161656822598,13.6688003356278,4.29012520404557));
#8003=CARTESIAN_POINT('Ctrl Pts',(14.1386247368311,12.6549410012846,2.5));
#8004=CARTESIAN_POINT('Ctrl Pts',(13.7365020792346,13.0597018630194,2.5));
#8005=CARTESIAN_POINT('Ctrl Pts',(12.9889621390522,13.7395110579019,2.95395107631189));
#8006=CARTESIAN_POINT('Ctrl Pts',(12.5748372502998,13.836367775336,3.93288023383874));
#8007=CARTESIAN_POINT('Ctrl Pts',(12.4776817916286,13.7596172164032,4.33333333306407));
#8008=CARTESIAN_POINT('',(13.7679317049238,12.3231478788493,2.95));
#8009=CARTESIAN_POINT('Origin',(14.1386247368311,12.6549410012846,3.));
#8010=CARTESIAN_POINT('Ctrl Pts',(13.7679317049238,12.3231478788493,2.95));
#8011=CARTESIAN_POINT('Ctrl Pts',(13.4872823386166,12.6367009860858,2.95));
#8012=CARTESIAN_POINT('Ctrl Pts',(12.9582354492866,13.1558301662927,3.25641697651052));
#8013=CARTESIAN_POINT('Ctrl Pts',(12.6422243048482,13.204831778819,3.91719415784115));
#8014=CARTESIAN_POINT('Ctrl Pts',(12.5603989085789,13.1317877374635,4.18749999981825));
#8015=CARTESIAN_POINT('Origin',(0.,0.,3.));
#8016=CARTESIAN_POINT('',(18.3818553116839,-1.87704884746043,2.95));
#8017=CARTESIAN_POINT('Origin',(18.8767753783728,-1.92758722484462,3.));
#8018=CARTESIAN_POINT('Origin',(0.,0.,2.95));
#8019=CARTESIAN_POINT('Ctrl Pts',(17.8802473414857,-3.24102220475941,4.18749999981675));
#8020=CARTESIAN_POINT('Ctrl Pts',(17.9893785159068,-3.25202019625097,3.91719706074452));
#8021=CARTESIAN_POINT('Ctrl Pts',(18.2162407940617,-3.02663700262668,3.25640256574317));
#8022=CARTESIAN_POINT('Ctrl Pts',(18.3391075562123,-2.29567570261224,2.95));
#8023=CARTESIAN_POINT('Ctrl Pts',(18.3818553116839,-1.87704884746043,2.95));
#8024=CARTESIAN_POINT('Ctrl Pts',(17.860417759643,-3.35719765493438,4.18451128445658));
#8025=CARTESIAN_POINT('Ctrl Pts',(17.9793360194664,-3.36313468251303,3.89259594878082));
#8026=CARTESIAN_POINT('Ctrl Pts',(18.2208943467368,-3.11532658426167,3.17639024854049));
#8027=CARTESIAN_POINT('Ctrl Pts',(18.3474583099444,-2.3309216918815,2.83303361430459));
#8028=CARTESIAN_POINT('Ctrl Pts',(18.3940471533244,-1.87829380787991,2.82806189285408));
#8029=CARTESIAN_POINT('Ctrl Pts',(17.9002241500632,-3.60334998931095,4.21117708895025));
#8030=CARTESIAN_POINT('Ctrl Pts',(18.031764428337,-3.59823172392649,3.86722718249013));
#8031=CARTESIAN_POINT('Ctrl Pts',(18.2980931777317,-3.30397020831947,3.02854143945318));
#8032=CARTESIAN_POINT('Ctrl Pts',(18.4489959604006,-2.41183170121088,2.60807999230913));
#8033=CARTESIAN_POINT('Ctrl Pts',(18.5117455120137,-1.89031248416583,2.59434575397062));
#8034=CARTESIAN_POINT('Ctrl Pts',(18.0792082957363,-3.76025268618866,4.29012520404342));
#8035=CARTESIAN_POINT('Ctrl Pts',(18.2067875407555,-3.75830364379662,3.90289624096346));
#8036=CARTESIAN_POINT('Ctrl Pts',(18.4829988624963,-3.43968087299918,2.96126500526163));
#8037=CARTESIAN_POINT('Ctrl Pts',(18.6729628326601,-2.47351535033728,2.50741733328891));
#8038=CARTESIAN_POINT('Ctrl Pts',(18.7548569619676,-1.91513762064976,2.5));
#8039=CARTESIAN_POINT('Ctrl Pts',(18.1823566968225,-3.79756682424671,4.33333333306185));
#8040=CARTESIAN_POINT('Ctrl Pts',(18.3060686320315,-3.80255273141802,3.93288453443633));
#8041=CARTESIAN_POINT('Ctrl Pts',(18.5841783773595,-3.48078587325476,2.95392972702691));
#8042=CARTESIAN_POINT('Ctrl Pts',(18.7893647185294,-2.4914013533399,2.5));
#8043=CARTESIAN_POINT('Ctrl Pts',(18.8767753783728,-1.92758722484462,2.5));
#8044=CARTESIAN_POINT('',(17.8802473414857,-3.24102220475941,4.18749999981675));
#8045=CARTESIAN_POINT('Origin',(18.3363277715201,-3.32369258244865,4.37499999979638));
#8046=CARTESIAN_POINT('Ctrl Pts',(17.8802473414857,-3.24102220475941,4.18749999981675));
#8047=CARTESIAN_POINT('Ctrl Pts',(17.9893785159068,-3.25202019625097,3.91719706074452));
#8048=CARTESIAN_POINT('Ctrl Pts',(18.2162407940617,-3.02663700262668,3.25640256574317));
#8049=CARTESIAN_POINT('Ctrl Pts',(18.3391075562123,-2.29567570261224,2.95));
#8050=CARTESIAN_POINT('Ctrl Pts',(18.3818553116839,-1.87704884746043,2.95));
#8051=CARTESIAN_POINT('Ctrl Pts',(16.8459837919033,-4.43383753090122,5.425));
#8052=CARTESIAN_POINT('Ctrl Pts',(16.9299154038891,-4.11494660059542,5.42499999999408));
#8053=CARTESIAN_POINT('Ctrl Pts',(17.3169637245122,-3.45625716802606,5.17009185656605));
#8054=CARTESIAN_POINT('Ctrl Pts',(17.7289727536165,-3.22577709582154,4.56218638920398));
#8055=CARTESIAN_POINT('Ctrl Pts',(17.8802473414857,-3.24102220475941,4.18749999981675));
#8056=CARTESIAN_POINT('Ctrl Pts',(16.8912011446986,-4.44573866997276,5.37033464635518));
#8057=CARTESIAN_POINT('Ctrl Pts',(16.9692989676946,-4.14631794219943,5.37114508925947));
#8058=CARTESIAN_POINT('Ctrl Pts',(17.3387136780178,-3.53089180442744,5.11758379315834));
#8059=CARTESIAN_POINT('Ctrl Pts',(17.7219648837767,-3.33457963255346,4.53238968837817));
#8060=CARTESIAN_POINT('Ctrl Pts',(17.8604177596303,-3.3571976549414,4.18451128448439));
#8061=CARTESIAN_POINT('Ctrl Pts',(17.0047848780268,-4.47563373730843,5.28153798799746));
#8062=CARTESIAN_POINT('Ctrl Pts',(17.0706352860065,-4.2144949995585,5.28333574867062));
#8063=CARTESIAN_POINT('Ctrl Pts',(17.4151305259658,-3.68749426190249,5.04027801354889));
#8064=CARTESIAN_POINT('Ctrl Pts',(17.7713830921228,-3.56365945058063,4.5079018064861));
#8065=CARTESIAN_POINT('Ctrl Pts',(17.9002267272937,-3.60334833663277,4.21117805718833));
#8066=CARTESIAN_POINT('Ctrl Pts',(17.1438714731803,-4.51224111941844,5.25000000000008));
#8067=CARTESIAN_POINT('Ctrl Pts',(17.1991633490119,-4.28132221854128,5.25092147796346));
#8068=CARTESIAN_POINT('Ctrl Pts',(17.5369529030617,-3.82702567454672,5.04041926051983));
#8069=CARTESIAN_POINT('Ctrl Pts',(17.92854821152,-3.72260313699999,4.56622343559338));
#8070=CARTESIAN_POINT('Ctrl Pts',(18.0792082957236,-3.76025268620819,4.29012520417076));
#8071=CARTESIAN_POINT('Ctrl Pts',(17.2134366313274,-4.5305505641423,5.25));
#8072=CARTESIAN_POINT('Ctrl Pts',(17.2645478239308,-4.31134918513063,5.24999999999562));
#8073=CARTESIAN_POINT('Ctrl Pts',(17.6015437200983,-3.88526790464978,5.06117915301188));
#8074=CARTESIAN_POINT('Ctrl Pts',(18.0180428009667,-3.76858193500728,4.61087880681779));
#8075=CARTESIAN_POINT('Ctrl Pts',(18.182356696819,-3.79756682425751,4.33333333319759));
#8076=CARTESIAN_POINT('',(16.8459837919033,-4.43383753090122,5.425));
#8077=CARTESIAN_POINT('Origin',(17.2134366313304,-4.53055056413301,5.75));
#8078=CARTESIAN_POINT('Ctrl Pts',(16.8459837919033,-4.43383753090122,5.425));
#8079=CARTESIAN_POINT('Ctrl Pts',(16.9299154038891,-4.11494660059542,5.42499999999408));
#8080=CARTESIAN_POINT('Ctrl Pts',(17.3169637245122,-3.45625716802606,5.17009185656605));
#8081=CARTESIAN_POINT('Ctrl Pts',(17.7289727536165,-3.22577709582154,4.56218638920398));
#8082=CARTESIAN_POINT('Ctrl Pts',(17.8802473414857,-3.24102220475941,4.18749999981675));
#8083=CARTESIAN_POINT('Origin',(0.,0.,5.75));
#8084=CARTESIAN_POINT('',(16.2348314863497,-6.31477092041541,5.425));
#8085=CARTESIAN_POINT('Origin',(16.588953572716,-6.45251179288106,5.75));
#8086=CARTESIAN_POINT('Origin',(0.,0.,5.425));
#8087=CARTESIAN_POINT('Ctrl Pts',(16.588953572716,-6.45251179288106,5.25));
#8088=CARTESIAN_POINT('Ctrl Pts',(16.5306246186841,-6.59076502512313,5.25));
#8089=CARTESIAN_POINT('Ctrl Pts',(16.494767707499,-6.89389186465947,5.17874395791029));
#8090=CARTESIAN_POINT('Ctrl Pts',(16.6452264080017,-7.35619107445717,4.86826859873735));
#8091=CARTESIAN_POINT('Ctrl Pts',(16.8295122281788,-7.56017605993871,4.54149223998462));
#8092=CARTESIAN_POINT('Ctrl Pts',(16.9419893394075,-7.61502502021265,4.33333333319747));
#8093=CARTESIAN_POINT('Ctrl Pts',(16.5219121559725,-6.42643507078689,5.25));
#8094=CARTESIAN_POINT('Ctrl Pts',(16.4612464423242,-6.57264630762115,5.2506143180599));
#8095=CARTESIAN_POINT('Ctrl Pts',(16.4174978377228,-6.8907589827268,5.17235130942664));
#8096=CARTESIAN_POINT('Ctrl Pts',(16.5529646793696,-7.35536885938152,4.83528086150116));
#8097=CARTESIAN_POINT('Ctrl Pts',(16.7285956191882,-7.54101123675116,4.4971986803443));
#8098=CARTESIAN_POINT('Ctrl Pts',(16.8366078299314,-7.58458368306361,4.29012520417064));
#8099=CARTESIAN_POINT('Ctrl Pts',(16.3878719423625,-6.37429820421196,5.28153911764205));
#8100=CARTESIAN_POINT('Ctrl Pts',(16.3210590729096,-6.5409457622852,5.28273762361876));
#8101=CARTESIAN_POINT('Ctrl Pts',(16.2586943218315,-6.89726661374286,5.19315229418389));
#8102=CARTESIAN_POINT('Ctrl Pts',(16.3547855350976,-7.39623348024156,4.80871585044871));
#8103=CARTESIAN_POINT('Ctrl Pts',(16.5039117545435,-7.57360927649405,4.43372322249852));
#8104=CARTESIAN_POINT('Ctrl Pts',(16.599585587621,-7.60632679928189,4.21118062266447));
#8105=CARTESIAN_POINT('Ctrl Pts',(16.2784084072329,-6.33172078977662,5.37033464635511));
#8106=CARTESIAN_POINT('Ctrl Pts',(16.2032000642638,-6.52381474388146,5.37087494111352));
#8107=CARTESIAN_POINT('Ctrl Pts',(16.1232370285067,-6.93087981659347,5.27613383482845));
#8108=CARTESIAN_POINT('Ctrl Pts',(16.1911171350956,-7.50966283144123,4.86535880419295));
#8109=CARTESIAN_POINT('Ctrl Pts',(16.3287139022571,-7.73474860211494,4.44541983869287));
#8110=CARTESIAN_POINT('Ctrl Pts',(16.4226927647826,-7.78206020256996,4.18451128448423));
#8111=CARTESIAN_POINT('Ctrl Pts',(16.2348314863497,-6.31477092041541,5.425));
#8112=CARTESIAN_POINT('Ctrl Pts',(16.1551400386718,-6.51965202224147,5.425));
#8113=CARTESIAN_POINT('Ctrl Pts',(16.0678825480301,-6.95287695089976,5.32880434317889));
#8114=CARTESIAN_POINT('Ctrl Pts',(16.1308103463768,-7.57643019666708,4.90966260829542));
#8115=CARTESIAN_POINT('Ctrl Pts',(16.2719406891479,-7.83026614193432,4.46851452397925));
#8116=CARTESIAN_POINT('Ctrl Pts',(16.3704490171995,-7.88770365187008,4.18749999981658));
#8117=CARTESIAN_POINT('',(16.3704490171995,-7.88770365187008,4.18749999981658));
#8118=CARTESIAN_POINT('Origin',(16.7880182647064,-8.08889926202152,4.3749999997962));
#8119=CARTESIAN_POINT('Ctrl Pts',(16.3704490171995,-7.88770365187008,4.18749999981658));
#8120=CARTESIAN_POINT('Ctrl Pts',(16.2719406891479,-7.83026614193432,4.46851452397925));
#8121=CARTESIAN_POINT('Ctrl Pts',(16.1308103463768,-7.57643019666708,4.90966260829542));
#8122=CARTESIAN_POINT('Ctrl Pts',(16.0678825480301,-6.95287695089976,5.32880434317889));
#8123=CARTESIAN_POINT('Ctrl Pts',(16.1551400386718,-6.51965202224147,5.425));
#8124=CARTESIAN_POINT('Ctrl Pts',(16.2348314863497,-6.31477092041541,5.425));
#8125=CARTESIAN_POINT('Ctrl Pts',(15.9745349656635,-9.28601904511443,2.95));
#8126=CARTESIAN_POINT('Ctrl Pts',(16.1860133617739,-8.92221739698788,2.95));
#8127=CARTESIAN_POINT('Ctrl Pts',(16.5162428933802,-8.25870125449146,3.25634256171742));
#8128=CARTESIAN_POINT('Ctrl Pts',(16.465202164652,-7.94295161887062,3.91719787226214));
#8129=CARTESIAN_POINT('Ctrl Pts',(16.3704490171995,-7.88770365187009,4.18749999981658));
#8130=CARTESIAN_POINT('Ctrl Pts',(15.9851301421177,-9.29217803569232,2.82806189285408));
#8131=CARTESIAN_POINT('Ctrl Pts',(16.2134862854825,-8.89861133193724,2.83303359937823));
#8132=CARTESIAN_POINT('Ctrl Pts',(16.5721375058041,-8.18969094255868,3.17632503873324));
#8133=CARTESIAN_POINT('Ctrl Pts',(16.5223890558661,-7.847155250296,3.89259682518432));
#8134=CARTESIAN_POINT('Ctrl Pts',(16.4226927647887,-7.78206020258313,4.1845112844564));
#8135=CARTESIAN_POINT('Ctrl Pts',(16.0874223505884,-9.35164063651716,2.59435577357016));
#8136=CARTESIAN_POINT('Ctrl Pts',(16.3431974336063,-8.89284084344557,2.60808997067501));
#8137=CARTESIAN_POINT('Ctrl Pts',(16.7454747638825,-8.08246872944045,3.02846780469361));
#8138=CARTESIAN_POINT('Ctrl Pts',(16.7029951327767,-7.68778469250237,3.86723172783446));
#8139=CARTESIAN_POINT('Ctrl Pts',(16.5995855635813,-7.6063267377309,4.21118060166994));
#8140=CARTESIAN_POINT('Ctrl Pts',(16.2986876588315,-9.47444944942688,2.5));
#8141=CARTESIAN_POINT('Ctrl Pts',(16.5606393247536,-8.9745777161188,2.5074173110202));
#8142=CARTESIAN_POINT('Ctrl Pts',(16.9748296484887,-8.08136080782544,2.96117793270708));
#8143=CARTESIAN_POINT('Ctrl Pts',(16.9386756824716,-7.6611494603552,3.90289740352254));
#8144=CARTESIAN_POINT('Ctrl Pts',(16.8366078299302,-7.5845836830869,4.29012520404318));
#8145=CARTESIAN_POINT('Ctrl Pts',(16.4046394233733,-9.53603935520584,2.5));
#8146=CARTESIAN_POINT('Ctrl Pts',(16.665323561192,-9.02852697052045,2.5));
#8147=CARTESIAN_POINT('Ctrl Pts',(17.0808460894186,-8.10757944966885,2.95384083217396));
#8148=CARTESIAN_POINT('Ctrl Pts',(17.0450047308205,-7.68370718143612,3.93288573668469));
#8149=CARTESIAN_POINT('Ctrl Pts',(16.941989339404,-7.61502502022346,4.3333333330616));
#8150=CARTESIAN_POINT('',(15.9745349656635,-9.28601904511443,2.95));
#8151=CARTESIAN_POINT('Origin',(16.4046394233733,-9.53603935520584,3.));
#8152=CARTESIAN_POINT('Ctrl Pts',(15.9745349656635,-9.28601904511443,2.95));
#8153=CARTESIAN_POINT('Ctrl Pts',(16.1860133617739,-8.92221739698788,2.95));
#8154=CARTESIAN_POINT('Ctrl Pts',(16.5162428933802,-8.25870125449146,3.25634256171742));
#8155=CARTESIAN_POINT('Ctrl Pts',(16.465202164652,-7.94295161887062,3.91719787226214));
#8156=CARTESIAN_POINT('Ctrl Pts',(16.3704490171995,-7.88770365187009,4.18749999981658));
#8157=CARTESIAN_POINT('Origin',(0.,0.,3.));
#8158=CARTESIAN_POINT('',(3.89512614167018,-18.0622232689088,2.95));
#8159=CARTESIAN_POINT('Origin',(4.00000000000002,-18.5485374408584,3.));
#8160=CARTESIAN_POINT('Origin',(0.,0.,2.95));
#8161=CARTESIAN_POINT('Ctrl Pts',(2.44290500485283,-18.0066566875063,4.18749999981687));
#8162=CARTESIAN_POINT('Ctrl Pts',(2.45841422061517,-18.0781161281319,4.00729689707316));
#8163=CARTESIAN_POINT('Ctrl Pts',(2.57160480600325,-18.1849759503565,3.63774522256453));
#8164=CARTESIAN_POINT('Ctrl Pts',(3.06496399777546,-18.2145785886486,3.10707318894248));
#8165=CARTESIAN_POINT('Ctrl Pts',(3.58661349815244,-18.1287541518965,2.95));
#8166=CARTESIAN_POINT('Ctrl Pts',(3.89512614167018,-18.0622232689088,2.95));
#8167=CARTESIAN_POINT('Ctrl Pts',(2.32628790814966,-18.0236978229126,4.18451128445672));
#8168=CARTESIAN_POINT('Ctrl Pts',(2.34702224934653,-18.100320061289,3.98989982589172));
#8169=CARTESIAN_POINT('Ctrl Pts',(2.4736762394417,-18.2136935622666,3.58999194263292));
#8170=CARTESIAN_POINT('Ctrl Pts',(3.00363494790023,-18.240674885565,3.00980149153514));
#8171=CARTESIAN_POINT('Ctrl Pts',(3.56405390104693,-18.1458743819182,2.83179070760075));
#8172=CARTESIAN_POINT('Ctrl Pts',(3.89770960021035,-18.0742031132736,2.82806189285408));
#8173=CARTESIAN_POINT('Ctrl Pts',(2.10447937270395,-18.1376174313725,4.21117520640725));
#8174=CARTESIAN_POINT('Ctrl Pts',(2.13482352595142,-18.2199650257373,3.98187381388342));
#8175=CARTESIAN_POINT('Ctrl Pts',(2.28797639574434,-18.3408716685903,3.51279839142129));
#8176=CARTESIAN_POINT('Ctrl Pts',(2.89369027523099,-18.3680389049722,2.82620097606482));
#8177=CARTESIAN_POINT('Ctrl Pts',(3.53610778072614,-18.2659605626982,2.60464112835943));
#8178=CARTESIAN_POINT('Ctrl Pts',(3.92264892895925,-18.1898501315359,2.59434038424884));
#8179=CARTESIAN_POINT('Ctrl Pts',(2.01056978811097,-18.3563308422937,4.2901252040436));
#8180=CARTESIAN_POINT('Ctrl Pts',(2.03808849891842,-18.4368198763833,4.03197092403917));
#8181=CARTESIAN_POINT('Ctrl Pts',(2.19793638838201,-18.5570882356142,3.50483806698924));
#8182=CARTESIAN_POINT('Ctrl Pts',(2.85813991439503,-18.5920248087745,2.74146390238276));
#8183=CARTESIAN_POINT('Ctrl Pts',(3.55689617503459,-18.4997361444992,2.50556303526332));
#8184=CARTESIAN_POINT('Ctrl Pts',(3.97416541459834,-18.4287389972104,2.5));
#8185=CARTESIAN_POINT('Ctrl Pts',(2.00695654283914,-18.4659615040825,4.33333333306204));
#8186=CARTESIAN_POINT('Ctrl Pts',(2.0292814917421,-18.5454271897289,4.0663657734416));
#8187=CARTESIAN_POINT('Ctrl Pts',(2.18594550413336,-18.6652625720303,3.5188818112067));
#8188=CARTESIAN_POINT('Ctrl Pts',(2.86302631753093,-18.7041352159055,2.73270102065547));
#8189=CARTESIAN_POINT('Ctrl Pts',(3.57757445957262,-18.6168596266546,2.5));
#8190=CARTESIAN_POINT('Ctrl Pts',(4.00000000000002,-18.5485374408584,2.5));
#8191=CARTESIAN_POINT('',(2.44290500485283,-18.0066566875063,4.18749999981687));
#8192=CARTESIAN_POINT('Origin',(2.50521740712936,-18.4659615040825,4.37499999979653));
#8193=CARTESIAN_POINT('Ctrl Pts',(2.44290500485283,-18.0066566875063,4.18749999981687));
#8194=CARTESIAN_POINT('Ctrl Pts',(2.45841422061517,-18.0781161281319,4.00729689707316));
#8195=CARTESIAN_POINT('Ctrl Pts',(2.57160480600325,-18.1849759503565,3.63774522256453));
#8196=CARTESIAN_POINT('Ctrl Pts',(3.06496399777546,-18.2145785886486,3.10707318894248));
#8197=CARTESIAN_POINT('Ctrl Pts',(3.58661349815244,-18.1287541518965,2.95));
#8198=CARTESIAN_POINT('Ctrl Pts',(3.89512614167018,-18.0622232689088,2.95));
#8199=CARTESIAN_POINT('Ctrl Pts',(0.988865202705404,-17.3916138060381,5.425));
#8200=CARTESIAN_POINT('Ctrl Pts',(1.31809077036384,-17.3728944559397,5.42499999999408));
#8201=CARTESIAN_POINT('Ctrl Pts',(2.0641814690265,-17.5374428373228,5.17010541583321));
#8202=CARTESIAN_POINT('Ctrl Pts',(2.41065696123107,-17.8580723101926,4.562193190444));
#8203=CARTESIAN_POINT('Ctrl Pts',(2.44290500485283,-18.0066566875063,4.18749999981687));
#8204=CARTESIAN_POINT('Ctrl Pts',(0.991519477294503,-17.4382957182893,5.37033464635518));
#8205=CARTESIAN_POINT('Ctrl Pts',(1.30042467317633,-17.4200447371254,5.37114510397049));
#8206=CARTESIAN_POINT('Ctrl Pts',(1.99991894142135,-17.5811916663707,5.11759703722407));
#8207=CARTESIAN_POINT('Ctrl Pts',(2.30501424800928,-17.8850294427874,4.53239600300444));
#8208=CARTESIAN_POINT('Ctrl Pts',(2.32628790813907,-18.0236978229027,4.18451128448451));
#8209=CARTESIAN_POINT('Ctrl Pts',(0.998186846104707,-17.5555577103146,5.28153659277473));
#8210=CARTESIAN_POINT('Ctrl Pts',(1.26689831696485,-17.5374885340876,5.28333438608051));
#8211=CARTESIAN_POINT('Ctrl Pts',(1.87458958694278,-17.7022594631561,5.040288262863));
#8212=CARTESIAN_POINT('Ctrl Pts',(2.10241005826243,-18.0028122281662,4.50790402394589));
#8213=CARTESIAN_POINT('Ctrl Pts',(2.10447859498997,-18.1376167941604,4.21117488857207));
#8214=CARTESIAN_POINT('Ctrl Pts',(1.00635131487472,-17.6991498677124,5.25000000000008));
#8215=CARTESIAN_POINT('Ctrl Pts',(1.24305866616373,-17.6803773610779,5.25092149468996));
#8216=CARTESIAN_POINT('Ctrl Pts',(1.77952925417277,-17.8612381561127,5.04043032796053));
#8217=CARTESIAN_POINT('Ctrl Pts',(1.99981991567941,-18.2014074248335,4.56622844727882));
#8218=CARTESIAN_POINT('Ctrl Pts',(2.01056978808848,-18.3563308422877,4.29012520417086));
#8219=CARTESIAN_POINT('Ctrl Pts',(1.01043481424421,-17.7709681942526,5.25));
#8220=CARTESIAN_POINT('Ctrl Pts',(1.23470601210786,-17.751840528533,5.24999999999562));
#8221=CARTESIAN_POINT('Ctrl Pts',(1.74409475200796,-17.9406650922879,5.0611891969135));
#8222=CARTESIAN_POINT('Ctrl Pts',(1.98374660309799,-18.3007298801557,4.6108838447733));
#8223=CARTESIAN_POINT('Ctrl Pts',(2.0069565428278,-18.4659615040825,4.33333333319769));
#8224=CARTESIAN_POINT('',(0.988865202705404,-17.3916138060381,5.425));
#8225=CARTESIAN_POINT('Origin',(1.01043481425397,-17.7709681942526,5.75));
#8226=CARTESIAN_POINT('Ctrl Pts',(0.988865202705404,-17.3916138060381,5.425));
#8227=CARTESIAN_POINT('Ctrl Pts',(1.31809077036384,-17.3728944559397,5.42499999999408));
#8228=CARTESIAN_POINT('Ctrl Pts',(2.0641814690265,-17.5374428373228,5.17010541583321));
#8229=CARTESIAN_POINT('Ctrl Pts',(2.41065696123107,-17.8580723101926,4.562193190444));
#8230=CARTESIAN_POINT('Ctrl Pts',(2.44290500485283,-18.0066566875063,4.18749999981687));
#8231=CARTESIAN_POINT('Origin',(0.,0.,5.75));
#8232=CARTESIAN_POINT('Origin',(0.,0.,5.425));
#8233=CARTESIAN_POINT('Origin',(0.,0.,2.5));
#8234=CARTESIAN_POINT('',(1.01673729312486,8.2046252949422,2.5));
#8235=CARTESIAN_POINT('',(-2.9356772635302,10.8458195766775,2.5));
#8236=CARTESIAN_POINT('Origin',(-2.9356772635302,10.8458195766775,4.5));
#8237=CARTESIAN_POINT('',(-4.5480832909195,9.67433802536703,4.33333333333333));
#8238=CARTESIAN_POINT('Origin',(-5.35428630461415,9.08859724971178,4.25));
#8239=CARTESIAN_POINT('',(-5.35428630461415,9.08859724971178,5.25));
#8240=CARTESIAN_POINT('Origin',(-10.4245505116547,14.34816285328,5.25));
#8241=CARTESIAN_POINT('',(-5.0702642070405,5.25956560356816,5.25));
#8242=CARTESIAN_POINT('Origin',(-5.0702642070405,5.25956560356816,4.25));
#8243=CARTESIAN_POINT('',(-5.87646722073515,4.67382482791291,4.33333333333333));
#8244=CARTESIAN_POINT('Origin',(-7.48887324812446,3.5023432766024,4.5));
#8245=CARTESIAN_POINT('',(-7.48887324812446,3.5023432766024,2.5));
#8246=CARTESIAN_POINT('Origin',(0.,0.,2.5));
#8247=CARTESIAN_POINT('',(-11.2221615473917,0.559547575897939,2.5));
#8248=CARTESIAN_POINT('Origin',(-11.2221615473917,0.559547575897939,4.5));
#8249=CARTESIAN_POINT('',(-10.6062772485942,-1.33594939131591,4.33333333333333));
#8250=CARTESIAN_POINT('Origin',(-10.2983350991954,-2.28369787492284,4.25));
#8251=CARTESIAN_POINT('',(-10.2983350991954,-2.28369787492284,5.25));
#8252=CARTESIAN_POINT('Origin',(-16.8672770452973,-5.48051053383429,5.25));
#8253=CARTESIAN_POINT('',(-6.56894194610188,-3.19681265891147,5.25));
#8254=CARTESIAN_POINT('Origin',(-6.56894194610188,-3.19681265891147,4.25));
#8255=CARTESIAN_POINT('',(-6.26099979670312,-4.1445611425184,4.33333333333333));
#8256=CARTESIAN_POINT('Origin',(-5.6451154979056,-6.04005810973225,4.5));
#8257=CARTESIAN_POINT('',(-5.6451154979056,-6.04005810973225,2.5));
#8258=CARTESIAN_POINT('Origin',(0.,0.,2.5));
#8259=CARTESIAN_POINT('Origin',(3.43534633420881,6.44740296797645,4.25));
#8260=CARTESIAN_POINT('',(2.62914332051416,7.0331437436317,4.33333333333333));
#8261=CARTESIAN_POINT('Origin',(0.,0.,2.5));
#8262=CARTESIAN_POINT('',(-14.,-1.71450551880629E-15,8.5));
#8263=CARTESIAN_POINT('Origin',(0.,0.,8.5));
#8264=CARTESIAN_POINT('Origin',(-14.,-1.71450551880629E-15,2.5));
#8265=CARTESIAN_POINT('Origin',(0.,0.,2.5));
#8266=CARTESIAN_POINT('',(-14.,-1.71450551880629E-15,7.));
#8267=CARTESIAN_POINT('Origin',(-14.,-1.71450551880629E-15,2.5));
#8268=CARTESIAN_POINT('Origin',(0.,0.,7.));
#8269=CARTESIAN_POINT('Origin',(1.01673729312486,8.2046252949422,4.5));
#8270=CARTESIAN_POINT('Origin',(0.,6.00000008940697,3.75));
#8271=CARTESIAN_POINT('',(1.05,6.00000008940697,2.25));
#8272=CARTESIAN_POINT('Origin',(0.,6.00000008940697,2.25));
#8273=CARTESIAN_POINT('',(1.15,6.00000008940697,5.25));
#8274=CARTESIAN_POINT('',(1.1,6.00000008940697,3.75));
#8275=CARTESIAN_POINT('Origin',(0.,6.00000008940697,5.25));
#8276=CARTESIAN_POINT('Origin',(0.,6.00000008940697,6.75));
#8277=CARTESIAN_POINT('',(1.15,6.00000008940697,7.));
#8278=CARTESIAN_POINT('',(1.15,6.00000008940697,6.75));
#8279=CARTESIAN_POINT('Origin',(0.,6.00000008940697,7.));
#8280=CARTESIAN_POINT('Origin',(0.,6.00000008940697,2.25));
#8281=CARTESIAN_POINT('Origin',(5.706339182802,1.85410199387795,3.75));
#8282=CARTESIAN_POINT('',(6.756339182802,1.85410199387795,2.25));
#8283=CARTESIAN_POINT('Origin',(5.706339182802,1.85410199387795,2.25));
#8284=CARTESIAN_POINT('',(6.856339182802,1.85410199387795,5.25));
#8285=CARTESIAN_POINT('',(6.806339182802,1.85410199387795,3.75));
#8286=CARTESIAN_POINT('Origin',(5.706339182802,1.85410199387795,5.25));
#8287=CARTESIAN_POINT('Origin',(5.706339182802,1.85410199387795,6.75));
#8288=CARTESIAN_POINT('',(6.856339182802,1.85410199387795,7.));
#8289=CARTESIAN_POINT('',(6.856339182802,1.85410199387795,6.75));
#8290=CARTESIAN_POINT('Origin',(5.706339182802,1.85410199387795,7.));
#8291=CARTESIAN_POINT('Origin',(5.706339182802,1.85410199387795,2.25));
#8292=CARTESIAN_POINT('Origin',(3.52671156630693,-4.85410203858144,3.75));
#8293=CARTESIAN_POINT('',(4.57671156630694,-4.85410203858144,2.25));
#8294=CARTESIAN_POINT('Origin',(3.52671156630693,-4.85410203858144,2.25));
#8295=CARTESIAN_POINT('',(4.67671156630693,-4.85410203858144,5.25));
#8296=CARTESIAN_POINT('',(4.62671156630693,-4.85410203858144,3.75));
#8297=CARTESIAN_POINT('Origin',(3.52671156630693,-4.85410203858144,5.25));
#8298=CARTESIAN_POINT('Origin',(3.52671156630693,-4.85410203858144,6.75));
#8299=CARTESIAN_POINT('',(4.67671156630693,-4.85410203858144,7.));
#8300=CARTESIAN_POINT('',(4.67671156630693,-4.85410203858144,6.75));
#8301=CARTESIAN_POINT('Origin',(3.52671156630693,-4.85410203858144,7.));
#8302=CARTESIAN_POINT('Origin',(3.52671156630693,-4.85410203858144,2.25));
#8303=CARTESIAN_POINT('Origin',(-3.52671156630694,-4.85410203858144,3.75));
#8304=CARTESIAN_POINT('',(-2.47671156630694,-4.85410203858144,2.25));
#8305=CARTESIAN_POINT('Origin',(-3.52671156630694,-4.85410203858144,2.25));
#8306=CARTESIAN_POINT('',(-2.37671156630694,-4.85410203858144,5.25));
#8307=CARTESIAN_POINT('',(-2.42671156630694,-4.85410203858144,3.75));
#8308=CARTESIAN_POINT('Origin',(-3.52671156630694,-4.85410203858144,5.25));
#8309=CARTESIAN_POINT('Origin',(-3.52671156630694,-4.85410203858144,6.75));
#8310=CARTESIAN_POINT('',(-2.37671156630694,-4.85410203858144,7.));
#8311=CARTESIAN_POINT('',(-2.37671156630694,-4.85410203858144,6.75));
#8312=CARTESIAN_POINT('Origin',(-3.52671156630694,-4.85410203858144,7.));
#8313=CARTESIAN_POINT('Origin',(-3.52671156630694,-4.85410203858144,2.25));
#8314=CARTESIAN_POINT('Origin',(-5.706339182802,1.85410199387796,3.75));
#8315=CARTESIAN_POINT('',(-4.656339182802,1.85410199387796,2.25));
#8316=CARTESIAN_POINT('Origin',(-5.706339182802,1.85410199387796,2.25));
#8317=CARTESIAN_POINT('',(-4.556339182802,1.85410199387796,5.25));
#8318=CARTESIAN_POINT('',(-4.606339182802,1.85410199387796,3.75));
#8319=CARTESIAN_POINT('Origin',(-5.706339182802,1.85410199387796,5.25));
#8320=CARTESIAN_POINT('Origin',(-5.706339182802,1.85410199387796,6.75));
#8321=CARTESIAN_POINT('',(-4.556339182802,1.85410199387796,7.));
#8322=CARTESIAN_POINT('',(-4.556339182802,1.85410199387796,6.75));
#8323=CARTESIAN_POINT('Origin',(-5.706339182802,1.85410199387796,7.));
#8324=CARTESIAN_POINT('Origin',(-5.706339182802,1.85410199387796,2.25));
#8325=CARTESIAN_POINT('Origin',(0.,0.,6.75));
#8326=CARTESIAN_POINT('',(4.5,-5.51091059616309E-16,7.));
#8327=CARTESIAN_POINT('Origin',(0.,0.,7.));
#8328=CARTESIAN_POINT('',(4.5,-5.51091059616309E-16,8.5));
#8329=CARTESIAN_POINT('',(4.5,5.51091059616309E-16,6.75));
#8330=CARTESIAN_POINT('Origin',(0.,0.,8.5));
#8331=CARTESIAN_POINT('Origin',(0.,0.,7.));
#8332=CARTESIAN_POINT('Origin',(0.,0.,8.5));
#8333=UNCERTAINTY_MEASURE_WITH_UNIT(LENGTH_MEASURE(0.01),#8337,
'DISTANCE_ACCURACY_VALUE',
'Maximum model space distance between geometric entities at asserted c
onnectivities');
#8334=UNCERTAINTY_MEASURE_WITH_UNIT(LENGTH_MEASURE(0.01),#8337,
'DISTANCE_ACCURACY_VALUE',
'Maximum model space distance between geometric entities at asserted c
onnectivities');
#8335=(
GEOMETRIC_REPRESENTATION_CONTEXT(3)
GLOBAL_UNCERTAINTY_ASSIGNED_CONTEXT((#8333))
GLOBAL_UNIT_ASSIGNED_CONTEXT((#8337,#8339,#8340))
REPRESENTATION_CONTEXT('','3D')
);
#8336=(
GEOMETRIC_REPRESENTATION_CONTEXT(3)
GLOBAL_UNCERTAINTY_ASSIGNED_CONTEXT((#8334))
GLOBAL_UNIT_ASSIGNED_CONTEXT((#8337,#8339,#8340))
REPRESENTATION_CONTEXT('','3D')
);
#8337=(
LENGTH_UNIT()
NAMED_UNIT(*)
SI_UNIT(.MILLI.,.METRE.)
);
#8338=(
LENGTH_UNIT()
NAMED_UNIT(*)
SI_UNIT($,.METRE.)
);
#8339=(
NAMED_UNIT(*)
PLANE_ANGLE_UNIT()
SI_UNIT($,.RADIAN.)
);
#8340=(
NAMED_UNIT(*)
SI_UNIT($,.STERADIAN.)
SOLID_ANGLE_UNIT()
);
#8341=SHAPE_DEFINITION_REPRESENTATION(#8342,#8343);
#8342=PRODUCT_DEFINITION_SHAPE('',$,#8345);
#8343=SHAPE_REPRESENTATION('',(#3899),#8335);
#8344=PRODUCT_DEFINITION_CONTEXT('part definition',#8349,'design');
#8345=PRODUCT_DEFINITION('CenterRingV3','CenterRingV3 v26',#8346,#8344);
#8346=PRODUCT_DEFINITION_FORMATION('',$,#8351);
#8347=PRODUCT_RELATED_PRODUCT_CATEGORY('CenterRingV3 v26',
'CenterRingV3 v26',(#8351));
#8348=APPLICATION_PROTOCOL_DEFINITION('international standard',
'automotive_design',2009,#8349);
#8349=APPLICATION_CONTEXT(
'Core Data for Automotive Mechanical Design Process');
#8350=PRODUCT_CONTEXT('part definition',#8349,'mechanical');
#8351=PRODUCT('CenterRingV3','CenterRingV3 v26',$,(#8350));
#8352=PRESENTATION_STYLE_ASSIGNMENT((#8355));
#8353=PRESENTATION_STYLE_ASSIGNMENT((#8356));
#8354=PRESENTATION_STYLE_ASSIGNMENT((#8357));
#8355=SURFACE_STYLE_USAGE(.BOTH.,#8358);
#8356=SURFACE_STYLE_USAGE(.BOTH.,#8359);
#8357=SURFACE_STYLE_USAGE(.BOTH.,#8360);
#8358=SURFACE_SIDE_STYLE('',(#8361));
#8359=SURFACE_SIDE_STYLE('',(#8362));
#8360=SURFACE_SIDE_STYLE('',(#8363));
#8361=SURFACE_STYLE_FILL_AREA(#8364);
#8362=SURFACE_STYLE_FILL_AREA(#8365);
#8363=SURFACE_STYLE_FILL_AREA(#8366);
#8364=FILL_AREA_STYLE('Steel - Satin',(#8367));
#8365=FILL_AREA_STYLE('Glass - Frosted',(#8368));
#8366=FILL_AREA_STYLE('Glass - Frosted (1)',(#8369));
#8367=FILL_AREA_STYLE_COLOUR('Steel - Satin',#8370);
#8368=FILL_AREA_STYLE_COLOUR('Glass - Frosted',#8371);
#8369=FILL_AREA_STYLE_COLOUR('Glass - Frosted (1)',#8372);
#8370=COLOUR_RGB('Steel - Satin',0.627450980392157,0.627450980392157,0.627450980392157);
#8371=COLOUR_RGB('Glass - Frosted',0.709803921568627,0.941176470588235,
0.886274509803922);
#8372=COLOUR_RGB('Glass - Frosted (1)',0.96078431372549,0.807843137254902,
0.125490196078431);
ENDSEC;
END-ISO-10303-21;
