ISO-10303-21;
HEADER;
/* Generated by software containing ST-Developer
 * from STEP Tools, Inc. (www.steptools.com) 
 */

FILE_DESCRIPTION(
/* description */ (''),
/* implementation_level */ '2;1');

FILE_NAME(
/* name */ 'Spool_v3.step',
/* time_stamp */ '2026-08-21T09:13:41-04:00',
/* author */ (''),
/* organization */ (''),
/* preprocessor_version */ 'ST-DEVELOPER v20.1',
/* originating_system */ 'Autodesk Translation Framework v15.8.0.0',
/* authorisation */ '');

FILE_SCHEMA (('AUTOMOTIVE_DESIGN { 1 0 10303 214 3 1 1 }'));
ENDSEC;

DATA;
#10=MECHANICAL_DESIGN_GEOMETRIC_PRESENTATION_REPRESENTATION('',(#13),#2943);
#11=SHAPE_REPRESENTATION_RELATIONSHIP('SRR','None',#2950,#12);
#12=ADVANCED_BREP_SHAPE_REPRESENTATION('',(#14),#2942);
#13=STYLED_ITEM('',(#2960),#14);
#14=MANIFOLD_SOLID_BREP('Body1',#1743);
#15=PLANE('',#1782);
#16=PLANE('',#1783);
#17=PLANE('',#1784);
#18=PLANE('',#1785);
#19=PLANE('',#1786);
#20=PLANE('',#1787);
#21=PLANE('',#1788);
#22=PLANE('',#1789);
#23=PLANE('',#1790);
#24=PLANE('',#1791);
#25=PLANE('',#1792);
#26=PLANE('',#1793);
#27=PLANE('',#1794);
#28=PLANE('',#1795);
#29=PLANE('',#1796);
#30=PLANE('',#1797);
#31=PLANE('',#1798);
#32=PLANE('',#1799);
#33=PLANE('',#1800);
#34=PLANE('',#1801);
#35=PLANE('',#1802);
#36=PLANE('',#1803);
#37=PLANE('',#1804);
#38=PLANE('',#1805);
#39=PLANE('',#1806);
#40=PLANE('',#1807);
#41=PLANE('',#1808);
#42=PLANE('',#1809);
#43=PLANE('',#1810);
#44=PLANE('',#1811);
#45=PLANE('',#1812);
#46=PLANE('',#1813);
#47=PLANE('',#1814);
#48=PLANE('',#1815);
#49=PLANE('',#1819);
#50=PLANE('',#1826);
#51=PLANE('',#1831);
#52=PLANE('',#1835);
#53=PLANE('',#1842);
#54=PLANE('',#1843);
#55=PLANE('',#1844);
#56=PLANE('',#1845);
#57=PLANE('',#1846);
#58=PLANE('',#1847);
#59=PLANE('',#1848);
#60=PLANE('',#1849);
#61=PLANE('',#1850);
#62=PLANE('',#1851);
#63=PLANE('',#1852);
#64=PLANE('',#1853);
#65=PLANE('',#1854);
#66=PLANE('',#1855);
#67=PLANE('',#1856);
#68=PLANE('',#1857);
#69=PLANE('',#1858);
#70=PLANE('',#1859);
#71=PLANE('',#1860);
#72=PLANE('',#1861);
#73=PLANE('',#1862);
#74=PLANE('',#1863);
#75=PLANE('',#1864);
#76=PLANE('',#1865);
#77=PLANE('',#1866);
#78=PLANE('',#1867);
#79=PLANE('',#1868);
#80=PLANE('',#1869);
#81=PLANE('',#1870);
#82=PLANE('',#1871);
#83=PLANE('',#1872);
#84=PLANE('',#1873);
#85=PLANE('',#1874);
#86=FACE_BOUND('',#621,.T.);
#87=FACE_BOUND('',#622,.T.);
#88=FACE_BOUND('',#627,.T.);
#89=FACE_BOUND('',#663,.T.);
#90=FACE_BOUND('',#667,.T.);
#91=FACE_BOUND('',#670,.T.);
#92=FACE_BOUND('',#673,.T.);
#93=FACE_BOUND('',#674,.T.);
#94=FACE_BOUND('',#675,.T.);
#95=FACE_BOUND('',#676,.T.);
#96=B_SPLINE_CURVE_WITH_KNOTS('',3,(#2352,#2353,#2354,#2355,#2356,#2357,
#2358,#2359,#2360,#2361,#2362,#2363,#2364,#2365,#2366,#2367,#2368,#2369,
#2370,#2371,#2372,#2373,#2374,#2375,#2376,#2377),.UNSPECIFIED.,.F.,.F.,
(4,2,2,2,2,2,2,2,2,2,2,2,4),(0.,0.0198857528617834,0.0397715057235667,0.0595000834981933,
0.0792286612728199,0.0989572390474465,0.118685816822073,0.138571569683856,
0.15845732254564,0.176725733955237,0.194994145364835,0.212979152334672,
0.222808813985667),.UNSPECIFIED.);
#97=B_SPLINE_CURVE_WITH_KNOTS('',3,(#2378,#2379,#2380,#2381,#2382,#2383,
#2384,#2385,#2386,#2387,#2388,#2389),.UNSPECIFIED.,.F.,.F.,(4,2,2,2,2,4),
(0.222808813985667,0.230964159304509,0.248949166274347,0.266934173244184,
0.285202584653781,0.303470996063379),.UNSPECIFIED.);
#98=B_SPLINE_CURVE_WITH_KNOTS('',3,(#2392,#2393,#2394,#2395,#2396,#2397,
#2398,#2399,#2400,#2401,#2402,#2403,#2404,#2405,#2406,#2407,#2408,#2409,
#2410,#2411,#2412,#2413,#2414,#2415,#2416,#2417,#2418,#2419),
 .UNSPECIFIED.,.F.,.F.,(4,2,2,2,2,2,2,2,2,2,2,2,2,4),(0.,0.0198857528617833,
0.0397715057235667,0.0595000834981933,0.0792286612728199,0.0989572390474465,
0.118685816822073,0.138571569683856,0.15845732254564,0.176725733955237,
0.194994145364835,0.212979152334672,0.230964159304509,0.239119504623351),
 .UNSPECIFIED.);
#99=B_SPLINE_CURVE_WITH_KNOTS('',3,(#2420,#2421,#2422,#2423,#2424,#2425,
#2426,#2427,#2428,#2429),.UNSPECIFIED.,.F.,.F.,(4,2,2,2,4),(0.239119504623351,
0.248949166274347,0.266934173244184,0.285202584653781,0.303470996063379),
 .UNSPECIFIED.);
#100=B_SPLINE_CURVE_WITH_KNOTS('',3,(#2716,#2717,#2718,#2719,#2720,#2721,
#2722,#2723,#2724,#2725,#2726,#2727,#2728,#2729),.UNSPECIFIED.,.F.,.F.,
(4,2,2,2,2,2,4),(0.218451189143615,0.220927665274945,0.241387039896312,
0.261142378162274,0.279970105018208,0.299935474391771,0.307461418765597),
 .UNSPECIFIED.);
#101=B_SPLINE_CURVE_WITH_KNOTS('',3,(#2733,#2734,#2735,#2736,#2737,#2738,
#2739,#2740,#2741,#2742,#2743,#2744,#2745,#2746),.UNSPECIFIED.,.F.,.F.,
(4,2,2,2,2,2,4),(0.435842939404974,0.447653768964191,0.466618735952227,
0.483771821355201,0.501734825180707,0.520992727509788,0.521325043573958),
 .UNSPECIFIED.);
#102=B_SPLINE_CURVE_WITH_KNOTS('',3,(#2755,#2756,#2757,#2758,#2759,#2760,
#2761,#2762,#2763,#2764,#2765,#2766),.UNSPECIFIED.,.F.,.F.,(4,2,2,2,2,4),
(0.1293089892632,0.144508390738041,0.163831308289486,0.181739843856451,
0.200713306133089,0.218451189143956),.UNSPECIFIED.);
#103=B_SPLINE_CURVE_WITH_KNOTS('',3,(#2770,#2771,#2772,#2773,#2774,#2775,
#2776,#2777,#2778,#2779,#2780,#2781),.UNSPECIFIED.,.F.,.F.,(4,2,2,2,2,4),
(0.521325043573809,0.540580189459631,0.559679150939186,0.577718789247932,
0.591289446674396,0.606568088755139),.UNSPECIFIED.);
#104=CYLINDRICAL_SURFACE('',#1765,9.);
#105=CYLINDRICAL_SURFACE('',#1773,9.);
#106=CYLINDRICAL_SURFACE('',#1780,1.7);
#107=CYLINDRICAL_SURFACE('',#1825,5.);
#108=CYLINDRICAL_SURFACE('',#1839,0.5);
#109=CYLINDRICAL_SURFACE('',#1840,0.75);
#110=CYLINDRICAL_SURFACE('',#1841,0.5);
#111=LINE('',#2334,#319);
#112=LINE('',#2339,#320);
#113=LINE('',#2348,#321);
#114=LINE('',#2432,#322);
#115=LINE('',#2444,#323);
#116=LINE('',#2449,#324);
#117=LINE('',#2451,#325);
#118=LINE('',#2453,#326);
#119=LINE('',#2455,#327);
#120=LINE('',#2457,#328);
#121=LINE('',#2459,#329);
#122=LINE('',#2461,#330);
#123=LINE('',#2463,#331);
#124=LINE('',#2465,#332);
#125=LINE('',#2467,#333);
#126=LINE('',#2469,#334);
#127=LINE('',#2471,#335);
#128=LINE('',#2473,#336);
#129=LINE('',#2475,#337);
#130=LINE('',#2477,#338);
#131=LINE('',#2479,#339);
#132=LINE('',#2481,#340);
#133=LINE('',#2483,#341);
#134=LINE('',#2485,#342);
#135=LINE('',#2487,#343);
#136=LINE('',#2489,#344);
#137=LINE('',#2491,#345);
#138=LINE('',#2493,#346);
#139=LINE('',#2495,#347);
#140=LINE('',#2497,#348);
#141=LINE('',#2499,#349);
#142=LINE('',#2501,#350);
#143=LINE('',#2503,#351);
#144=LINE('',#2505,#352);
#145=LINE('',#2507,#353);
#146=LINE('',#2509,#354);
#147=LINE('',#2511,#355);
#148=LINE('',#2513,#356);
#149=LINE('',#2515,#357);
#150=LINE('',#2517,#358);
#151=LINE('',#2519,#359);
#152=LINE('',#2521,#360);
#153=LINE('',#2523,#361);
#154=LINE('',#2525,#362);
#155=LINE('',#2527,#363);
#156=LINE('',#2529,#364);
#157=LINE('',#2531,#365);
#158=LINE('',#2533,#366);
#159=LINE('',#2535,#367);
#160=LINE('',#2537,#368);
#161=LINE('',#2539,#369);
#162=LINE('',#2541,#370);
#163=LINE('',#2543,#371);
#164=LINE('',#2545,#372);
#165=LINE('',#2547,#373);
#166=LINE('',#2549,#374);
#167=LINE('',#2551,#375);
#168=LINE('',#2553,#376);
#169=LINE('',#2555,#377);
#170=LINE('',#2557,#378);
#171=LINE('',#2559,#379);
#172=LINE('',#2561,#380);
#173=LINE('',#2563,#381);
#174=LINE('',#2565,#382);
#175=LINE('',#2567,#383);
#176=LINE('',#2569,#384);
#177=LINE('',#2571,#385);
#178=LINE('',#2573,#386);
#179=LINE('',#2575,#387);
#180=LINE('',#2577,#388);
#181=LINE('',#2578,#389);
#182=LINE('',#2581,#390);
#183=LINE('',#2583,#391);
#184=LINE('',#2584,#392);
#185=LINE('',#2587,#393);
#186=LINE('',#2588,#394);
#187=LINE('',#2591,#395);
#188=LINE('',#2592,#396);
#189=LINE('',#2595,#397);
#190=LINE('',#2596,#398);
#191=LINE('',#2599,#399);
#192=LINE('',#2600,#400);
#193=LINE('',#2603,#401);
#194=LINE('',#2604,#402);
#195=LINE('',#2607,#403);
#196=LINE('',#2608,#404);
#197=LINE('',#2611,#405);
#198=LINE('',#2612,#406);
#199=LINE('',#2615,#407);
#200=LINE('',#2616,#408);
#201=LINE('',#2619,#409);
#202=LINE('',#2620,#410);
#203=LINE('',#2623,#411);
#204=LINE('',#2624,#412);
#205=LINE('',#2627,#413);
#206=LINE('',#2628,#414);
#207=LINE('',#2631,#415);
#208=LINE('',#2632,#416);
#209=LINE('',#2635,#417);
#210=LINE('',#2636,#418);
#211=LINE('',#2639,#419);
#212=LINE('',#2640,#420);
#213=LINE('',#2643,#421);
#214=LINE('',#2644,#422);
#215=LINE('',#2647,#423);
#216=LINE('',#2648,#424);
#217=LINE('',#2651,#425);
#218=LINE('',#2652,#426);
#219=LINE('',#2655,#427);
#220=LINE('',#2656,#428);
#221=LINE('',#2659,#429);
#222=LINE('',#2660,#430);
#223=LINE('',#2663,#431);
#224=LINE('',#2664,#432);
#225=LINE('',#2667,#433);
#226=LINE('',#2668,#434);
#227=LINE('',#2671,#435);
#228=LINE('',#2672,#436);
#229=LINE('',#2675,#437);
#230=LINE('',#2676,#438);
#231=LINE('',#2679,#439);
#232=LINE('',#2680,#440);
#233=LINE('',#2683,#441);
#234=LINE('',#2684,#442);
#235=LINE('',#2687,#443);
#236=LINE('',#2688,#444);
#237=LINE('',#2691,#445);
#238=LINE('',#2692,#446);
#239=LINE('',#2695,#447);
#240=LINE('',#2696,#448);
#241=LINE('',#2699,#449);
#242=LINE('',#2700,#450);
#243=LINE('',#2703,#451);
#244=LINE('',#2704,#452);
#245=LINE('',#2707,#453);
#246=LINE('',#2708,#454);
#247=LINE('',#2711,#455);
#248=LINE('',#2712,#456);
#249=LINE('',#2784,#457);
#250=LINE('',#2785,#458);
#251=LINE('',#2794,#459);
#252=LINE('',#2796,#460);
#253=LINE('',#2798,#461);
#254=LINE('',#2800,#462);
#255=LINE('',#2802,#463);
#256=LINE('',#2804,#464);
#257=LINE('',#2806,#465);
#258=LINE('',#2808,#466);
#259=LINE('',#2810,#467);
#260=LINE('',#2812,#468);
#261=LINE('',#2814,#469);
#262=LINE('',#2816,#470);
#263=LINE('',#2818,#471);
#264=LINE('',#2820,#472);
#265=LINE('',#2822,#473);
#266=LINE('',#2824,#474);
#267=LINE('',#2826,#475);
#268=LINE('',#2828,#476);
#269=LINE('',#2830,#477);
#270=LINE('',#2832,#478);
#271=LINE('',#2834,#479);
#272=LINE('',#2836,#480);
#273=LINE('',#2838,#481);
#274=LINE('',#2840,#482);
#275=LINE('',#2842,#483);
#276=LINE('',#2844,#484);
#277=LINE('',#2846,#485);
#278=LINE('',#2848,#486);
#279=LINE('',#2850,#487);
#280=LINE('',#2852,#488);
#281=LINE('',#2854,#489);
#282=LINE('',#2856,#490);
#283=LINE('',#2857,#491);
#284=LINE('',#2870,#492);
#285=LINE('',#2872,#493);
#286=LINE('',#2874,#494);
#287=LINE('',#2876,#495);
#288=LINE('',#2878,#496);
#289=LINE('',#2880,#497);
#290=LINE('',#2882,#498);
#291=LINE('',#2884,#499);
#292=LINE('',#2886,#500);
#293=LINE('',#2888,#501);
#294=LINE('',#2890,#502);
#295=LINE('',#2892,#503);
#296=LINE('',#2894,#504);
#297=LINE('',#2896,#505);
#298=LINE('',#2898,#506);
#299=LINE('',#2900,#507);
#300=LINE('',#2902,#508);
#301=LINE('',#2904,#509);
#302=LINE('',#2906,#510);
#303=LINE('',#2908,#511);
#304=LINE('',#2910,#512);
#305=LINE('',#2912,#513);
#306=LINE('',#2914,#514);
#307=LINE('',#2916,#515);
#308=LINE('',#2918,#516);
#309=LINE('',#2920,#517);
#310=LINE('',#2922,#518);
#311=LINE('',#2924,#519);
#312=LINE('',#2926,#520);
#313=LINE('',#2928,#521);
#314=LINE('',#2930,#522);
#315=LINE('',#2932,#523);
#316=LINE('',#2934,#524);
#317=LINE('',#2936,#525);
#318=LINE('',#2938,#526);
#319=VECTOR('',#1891,7.5);
#320=VECTOR('',#1898,9.);
#321=VECTOR('',#1909,7.5);
#322=VECTOR('',#1914,9.);
#323=VECTOR('',#1929,1.7);
#324=VECTOR('',#1934,10.);
#325=VECTOR('',#1935,10.);
#326=VECTOR('',#1936,10.);
#327=VECTOR('',#1937,10.);
#328=VECTOR('',#1938,10.);
#329=VECTOR('',#1939,10.);
#330=VECTOR('',#1940,10.);
#331=VECTOR('',#1941,10.);
#332=VECTOR('',#1942,10.);
#333=VECTOR('',#1943,10.);
#334=VECTOR('',#1944,10.);
#335=VECTOR('',#1945,10.);
#336=VECTOR('',#1946,10.);
#337=VECTOR('',#1947,10.);
#338=VECTOR('',#1948,10.);
#339=VECTOR('',#1949,10.);
#340=VECTOR('',#1950,10.);
#341=VECTOR('',#1951,10.);
#342=VECTOR('',#1952,10.);
#343=VECTOR('',#1953,10.);
#344=VECTOR('',#1954,10.);
#345=VECTOR('',#1955,10.);
#346=VECTOR('',#1956,10.);
#347=VECTOR('',#1957,10.);
#348=VECTOR('',#1958,10.);
#349=VECTOR('',#1959,10.);
#350=VECTOR('',#1960,10.);
#351=VECTOR('',#1961,10.);
#352=VECTOR('',#1962,10.);
#353=VECTOR('',#1963,10.);
#354=VECTOR('',#1964,10.);
#355=VECTOR('',#1965,10.);
#356=VECTOR('',#1966,10.);
#357=VECTOR('',#1967,10.);
#358=VECTOR('',#1968,10.);
#359=VECTOR('',#1969,10.);
#360=VECTOR('',#1970,10.);
#361=VECTOR('',#1971,10.);
#362=VECTOR('',#1972,10.);
#363=VECTOR('',#1973,10.);
#364=VECTOR('',#1974,10.);
#365=VECTOR('',#1975,10.);
#366=VECTOR('',#1976,10.);
#367=VECTOR('',#1977,10.);
#368=VECTOR('',#1978,10.);
#369=VECTOR('',#1979,10.);
#370=VECTOR('',#1980,10.);
#371=VECTOR('',#1981,10.);
#372=VECTOR('',#1982,10.);
#373=VECTOR('',#1983,10.);
#374=VECTOR('',#1984,10.);
#375=VECTOR('',#1985,10.);
#376=VECTOR('',#1986,10.);
#377=VECTOR('',#1987,10.);
#378=VECTOR('',#1988,10.);
#379=VECTOR('',#1989,10.);
#380=VECTOR('',#1990,10.);
#381=VECTOR('',#1991,10.);
#382=VECTOR('',#1992,10.);
#383=VECTOR('',#1993,10.);
#384=VECTOR('',#1994,10.);
#385=VECTOR('',#1995,10.);
#386=VECTOR('',#1996,10.);
#387=VECTOR('',#1997,10.);
#388=VECTOR('',#1998,10.);
#389=VECTOR('',#1999,10.);
#390=VECTOR('',#2002,10.);
#391=VECTOR('',#2003,10.);
#392=VECTOR('',#2004,10.);
#393=VECTOR('',#2007,10.);
#394=VECTOR('',#2008,10.);
#395=VECTOR('',#2011,10.);
#396=VECTOR('',#2012,10.);
#397=VECTOR('',#2015,10.);
#398=VECTOR('',#2016,10.);
#399=VECTOR('',#2019,10.);
#400=VECTOR('',#2020,10.);
#401=VECTOR('',#2023,10.);
#402=VECTOR('',#2024,10.);
#403=VECTOR('',#2027,10.);
#404=VECTOR('',#2028,10.);
#405=VECTOR('',#2031,10.);
#406=VECTOR('',#2032,10.);
#407=VECTOR('',#2035,10.);
#408=VECTOR('',#2036,10.);
#409=VECTOR('',#2039,10.);
#410=VECTOR('',#2040,10.);
#411=VECTOR('',#2043,10.);
#412=VECTOR('',#2044,10.);
#413=VECTOR('',#2047,10.);
#414=VECTOR('',#2048,10.);
#415=VECTOR('',#2051,10.);
#416=VECTOR('',#2052,10.);
#417=VECTOR('',#2055,10.);
#418=VECTOR('',#2056,10.);
#419=VECTOR('',#2059,10.);
#420=VECTOR('',#2060,10.);
#421=VECTOR('',#2063,10.);
#422=VECTOR('',#2064,10.);
#423=VECTOR('',#2067,10.);
#424=VECTOR('',#2068,10.);
#425=VECTOR('',#2071,10.);
#426=VECTOR('',#2072,10.);
#427=VECTOR('',#2075,10.);
#428=VECTOR('',#2076,10.);
#429=VECTOR('',#2079,10.);
#430=VECTOR('',#2080,10.);
#431=VECTOR('',#2083,10.);
#432=VECTOR('',#2084,10.);
#433=VECTOR('',#2087,10.);
#434=VECTOR('',#2088,10.);
#435=VECTOR('',#2091,10.);
#436=VECTOR('',#2092,10.);
#437=VECTOR('',#2095,10.);
#438=VECTOR('',#2096,10.);
#439=VECTOR('',#2099,10.);
#440=VECTOR('',#2100,10.);
#441=VECTOR('',#2103,10.);
#442=VECTOR('',#2104,10.);
#443=VECTOR('',#2107,10.);
#444=VECTOR('',#2108,10.);
#445=VECTOR('',#2111,10.);
#446=VECTOR('',#2112,10.);
#447=VECTOR('',#2115,10.);
#448=VECTOR('',#2116,10.);
#449=VECTOR('',#2119,10.);
#450=VECTOR('',#2120,10.);
#451=VECTOR('',#2123,10.);
#452=VECTOR('',#2124,10.);
#453=VECTOR('',#2127,10.);
#454=VECTOR('',#2128,10.);
#455=VECTOR('',#2131,10.);
#456=VECTOR('',#2132,10.);
#457=VECTOR('',#2153,10.);
#458=VECTOR('',#2154,10.);
#459=VECTOR('',#2167,10.);
#460=VECTOR('',#2168,10.);
#461=VECTOR('',#2169,10.);
#462=VECTOR('',#2170,10.);
#463=VECTOR('',#2171,10.);
#464=VECTOR('',#2172,10.);
#465=VECTOR('',#2173,10.);
#466=VECTOR('',#2174,10.);
#467=VECTOR('',#2175,10.);
#468=VECTOR('',#2176,10.);
#469=VECTOR('',#2177,10.);
#470=VECTOR('',#2178,10.);
#471=VECTOR('',#2179,10.);
#472=VECTOR('',#2180,10.);
#473=VECTOR('',#2181,10.);
#474=VECTOR('',#2182,10.);
#475=VECTOR('',#2183,10.);
#476=VECTOR('',#2184,10.);
#477=VECTOR('',#2185,10.);
#478=VECTOR('',#2186,10.);
#479=VECTOR('',#2187,10.);
#480=VECTOR('',#2188,10.);
#481=VECTOR('',#2189,10.);
#482=VECTOR('',#2190,10.);
#483=VECTOR('',#2191,10.);
#484=VECTOR('',#2192,10.);
#485=VECTOR('',#2193,10.);
#486=VECTOR('',#2194,10.);
#487=VECTOR('',#2195,10.);
#488=VECTOR('',#2196,10.);
#489=VECTOR('',#2197,10.);
#490=VECTOR('',#2198,10.);
#491=VECTOR('',#2199,10.);
#492=VECTOR('',#2216,0.5);
#493=VECTOR('',#2219,0.75);
#494=VECTOR('',#2222,0.5);
#495=VECTOR('',#2225,10.);
#496=VECTOR('',#2228,10.);
#497=VECTOR('',#2231,10.);
#498=VECTOR('',#2234,10.);
#499=VECTOR('',#2237,10.);
#500=VECTOR('',#2240,10.);
#501=VECTOR('',#2243,10.);
#502=VECTOR('',#2246,10.);
#503=VECTOR('',#2249,10.);
#504=VECTOR('',#2252,10.);
#505=VECTOR('',#2255,10.);
#506=VECTOR('',#2258,10.);
#507=VECTOR('',#2261,10.);
#508=VECTOR('',#2264,10.);
#509=VECTOR('',#2267,10.);
#510=VECTOR('',#2270,10.);
#511=VECTOR('',#2273,10.);
#512=VECTOR('',#2276,10.);
#513=VECTOR('',#2279,10.);
#514=VECTOR('',#2282,10.);
#515=VECTOR('',#2285,10.);
#516=VECTOR('',#2288,10.);
#517=VECTOR('',#2291,10.);
#518=VECTOR('',#2294,10.);
#519=VECTOR('',#2297,10.);
#520=VECTOR('',#2300,10.);
#521=VECTOR('',#2303,10.);
#522=VECTOR('',#2306,10.);
#523=VECTOR('',#2309,10.);
#524=VECTOR('',#2312,10.);
#525=VECTOR('',#2315,10.);
#526=VECTOR('',#2318,10.);
#527=CONICAL_SURFACE('',#1763,7.5,1.40564764938027);
#528=CONICAL_SURFACE('',#1771,7.5,1.40564764938027);
#529=FACE_OUTER_BOUND('',#616,.T.);
#530=FACE_OUTER_BOUND('',#617,.T.);
#531=FACE_OUTER_BOUND('',#618,.T.);
#532=FACE_OUTER_BOUND('',#619,.T.);
#533=FACE_OUTER_BOUND('',#620,.T.);
#534=FACE_OUTER_BOUND('',#623,.T.);
#535=FACE_OUTER_BOUND('',#624,.T.);
#536=FACE_OUTER_BOUND('',#625,.T.);
#537=FACE_OUTER_BOUND('',#626,.T.);
#538=FACE_OUTER_BOUND('',#628,.T.);
#539=FACE_OUTER_BOUND('',#629,.T.);
#540=FACE_OUTER_BOUND('',#630,.T.);
#541=FACE_OUTER_BOUND('',#631,.T.);
#542=FACE_OUTER_BOUND('',#632,.T.);
#543=FACE_OUTER_BOUND('',#633,.T.);
#544=FACE_OUTER_BOUND('',#634,.T.);
#545=FACE_OUTER_BOUND('',#635,.T.);
#546=FACE_OUTER_BOUND('',#636,.T.);
#547=FACE_OUTER_BOUND('',#637,.T.);
#548=FACE_OUTER_BOUND('',#638,.T.);
#549=FACE_OUTER_BOUND('',#639,.T.);
#550=FACE_OUTER_BOUND('',#640,.T.);
#551=FACE_OUTER_BOUND('',#641,.T.);
#552=FACE_OUTER_BOUND('',#642,.T.);
#553=FACE_OUTER_BOUND('',#643,.T.);
#554=FACE_OUTER_BOUND('',#644,.T.);
#555=FACE_OUTER_BOUND('',#645,.T.);
#556=FACE_OUTER_BOUND('',#646,.T.);
#557=FACE_OUTER_BOUND('',#647,.T.);
#558=FACE_OUTER_BOUND('',#648,.T.);
#559=FACE_OUTER_BOUND('',#649,.T.);
#560=FACE_OUTER_BOUND('',#650,.T.);
#561=FACE_OUTER_BOUND('',#651,.T.);
#562=FACE_OUTER_BOUND('',#652,.T.);
#563=FACE_OUTER_BOUND('',#653,.T.);
#564=FACE_OUTER_BOUND('',#654,.T.);
#565=FACE_OUTER_BOUND('',#655,.T.);
#566=FACE_OUTER_BOUND('',#656,.T.);
#567=FACE_OUTER_BOUND('',#657,.T.);
#568=FACE_OUTER_BOUND('',#658,.T.);
#569=FACE_OUTER_BOUND('',#659,.T.);
#570=FACE_OUTER_BOUND('',#660,.T.);
#571=FACE_OUTER_BOUND('',#661,.T.);
#572=FACE_OUTER_BOUND('',#662,.T.);
#573=FACE_OUTER_BOUND('',#664,.T.);
#574=FACE_OUTER_BOUND('',#665,.T.);
#575=FACE_OUTER_BOUND('',#666,.T.);
#576=FACE_OUTER_BOUND('',#668,.T.);
#577=FACE_OUTER_BOUND('',#669,.T.);
#578=FACE_OUTER_BOUND('',#671,.T.);
#579=FACE_OUTER_BOUND('',#672,.T.);
#580=FACE_OUTER_BOUND('',#677,.T.);
#581=FACE_OUTER_BOUND('',#678,.T.);
#582=FACE_OUTER_BOUND('',#679,.T.);
#583=FACE_OUTER_BOUND('',#680,.T.);
#584=FACE_OUTER_BOUND('',#681,.T.);
#585=FACE_OUTER_BOUND('',#682,.T.);
#586=FACE_OUTER_BOUND('',#683,.T.);
#587=FACE_OUTER_BOUND('',#684,.T.);
#588=FACE_OUTER_BOUND('',#685,.T.);
#589=FACE_OUTER_BOUND('',#686,.T.);
#590=FACE_OUTER_BOUND('',#687,.T.);
#591=FACE_OUTER_BOUND('',#688,.T.);
#592=FACE_OUTER_BOUND('',#689,.T.);
#593=FACE_OUTER_BOUND('',#690,.T.);
#594=FACE_OUTER_BOUND('',#691,.T.);
#595=FACE_OUTER_BOUND('',#692,.T.);
#596=FACE_OUTER_BOUND('',#693,.T.);
#597=FACE_OUTER_BOUND('',#694,.T.);
#598=FACE_OUTER_BOUND('',#695,.T.);
#599=FACE_OUTER_BOUND('',#696,.T.);
#600=FACE_OUTER_BOUND('',#697,.T.);
#601=FACE_OUTER_BOUND('',#698,.T.);
#602=FACE_OUTER_BOUND('',#699,.T.);
#603=FACE_OUTER_BOUND('',#700,.T.);
#604=FACE_OUTER_BOUND('',#701,.T.);
#605=FACE_OUTER_BOUND('',#702,.T.);
#606=FACE_OUTER_BOUND('',#703,.T.);
#607=FACE_OUTER_BOUND('',#704,.T.);
#608=FACE_OUTER_BOUND('',#705,.T.);
#609=FACE_OUTER_BOUND('',#706,.T.);
#610=FACE_OUTER_BOUND('',#707,.T.);
#611=FACE_OUTER_BOUND('',#708,.T.);
#612=FACE_OUTER_BOUND('',#709,.T.);
#613=FACE_OUTER_BOUND('',#710,.T.);
#614=FACE_OUTER_BOUND('',#711,.T.);
#615=FACE_OUTER_BOUND('',#712,.T.);
#616=EDGE_LOOP('',(#1155,#1156,#1157,#1158,#1159,#1160));
#617=EDGE_LOOP('',(#1161,#1162,#1163,#1164,#1165));
#618=EDGE_LOOP('',(#1166,#1167,#1168,#1169,#1170));
#619=EDGE_LOOP('',(#1171,#1172,#1173,#1174));
#620=EDGE_LOOP('',(#1175,#1176,#1177,#1178));
#621=EDGE_LOOP('',(#1179,#1180));
#622=EDGE_LOOP('',(#1181,#1182));
#623=EDGE_LOOP('',(#1183,#1184,#1185,#1186));
#624=EDGE_LOOP('',(#1187,#1188,#1189,#1190,#1191));
#625=EDGE_LOOP('',(#1192,#1193,#1194,#1195,#1196));
#626=EDGE_LOOP('',(#1197,#1198,#1199,#1200,#1201,#1202,#1203,#1204,#1205,
#1206,#1207,#1208,#1209,#1210,#1211,#1212,#1213,#1214,#1215,#1216,#1217,
#1218,#1219,#1220,#1221,#1222,#1223,#1224,#1225,#1226,#1227,#1228,#1229,
#1230,#1231,#1232,#1233,#1234,#1235,#1236,#1237,#1238,#1239,#1240,#1241,
#1242,#1243,#1244,#1245,#1246,#1247,#1248,#1249,#1250,#1251,#1252,#1253,
#1254,#1255,#1256,#1257,#1258,#1259,#1260,#1261,#1262));
#627=EDGE_LOOP('',(#1263));
#628=EDGE_LOOP('',(#1264,#1265,#1266,#1267));
#629=EDGE_LOOP('',(#1268,#1269,#1270,#1271));
#630=EDGE_LOOP('',(#1272,#1273,#1274,#1275));
#631=EDGE_LOOP('',(#1276,#1277,#1278,#1279));
#632=EDGE_LOOP('',(#1280,#1281,#1282,#1283));
#633=EDGE_LOOP('',(#1284,#1285,#1286,#1287));
#634=EDGE_LOOP('',(#1288,#1289,#1290,#1291));
#635=EDGE_LOOP('',(#1292,#1293,#1294,#1295));
#636=EDGE_LOOP('',(#1296,#1297,#1298,#1299));
#637=EDGE_LOOP('',(#1300,#1301,#1302,#1303));
#638=EDGE_LOOP('',(#1304,#1305,#1306,#1307));
#639=EDGE_LOOP('',(#1308,#1309,#1310,#1311));
#640=EDGE_LOOP('',(#1312,#1313,#1314,#1315));
#641=EDGE_LOOP('',(#1316,#1317,#1318,#1319));
#642=EDGE_LOOP('',(#1320,#1321,#1322,#1323));
#643=EDGE_LOOP('',(#1324,#1325,#1326,#1327));
#644=EDGE_LOOP('',(#1328,#1329,#1330,#1331));
#645=EDGE_LOOP('',(#1332,#1333,#1334,#1335));
#646=EDGE_LOOP('',(#1336,#1337,#1338,#1339));
#647=EDGE_LOOP('',(#1340,#1341,#1342,#1343));
#648=EDGE_LOOP('',(#1344,#1345,#1346,#1347));
#649=EDGE_LOOP('',(#1348,#1349,#1350,#1351));
#650=EDGE_LOOP('',(#1352,#1353,#1354,#1355));
#651=EDGE_LOOP('',(#1356,#1357,#1358,#1359));
#652=EDGE_LOOP('',(#1360,#1361,#1362,#1363));
#653=EDGE_LOOP('',(#1364,#1365,#1366,#1367));
#654=EDGE_LOOP('',(#1368,#1369,#1370,#1371));
#655=EDGE_LOOP('',(#1372,#1373,#1374,#1375));
#656=EDGE_LOOP('',(#1376,#1377,#1378,#1379));
#657=EDGE_LOOP('',(#1380,#1381,#1382,#1383));
#658=EDGE_LOOP('',(#1384,#1385,#1386,#1387));
#659=EDGE_LOOP('',(#1388,#1389,#1390,#1391));
#660=EDGE_LOOP('',(#1392,#1393,#1394,#1395));
#661=EDGE_LOOP('',(#1396,#1397,#1398,#1399));
#662=EDGE_LOOP('',(#1400));
#663=EDGE_LOOP('',(#1401,#1402,#1403));
#664=EDGE_LOOP('',(#1404,#1405,#1406,#1407));
#665=EDGE_LOOP('',(#1408,#1409,#1410,#1411));
#666=EDGE_LOOP('',(#1412));
#667=EDGE_LOOP('',(#1413,#1414));
#668=EDGE_LOOP('',(#1415,#1416,#1417,#1418));
#669=EDGE_LOOP('',(#1419));
#670=EDGE_LOOP('',(#1420,#1421,#1422,#1423,#1424,#1425,#1426,#1427,#1428,
#1429,#1430,#1431,#1432,#1433,#1434,#1435,#1436,#1437,#1438,#1439,#1440,
#1441,#1442,#1443,#1444,#1445,#1446,#1447,#1448,#1449,#1450,#1451,#1452,
#1453,#1454,#1455,#1456,#1457,#1458,#1459,#1460,#1461,#1462,#1463,#1464,
#1465,#1466,#1467,#1468,#1469,#1470,#1471,#1472,#1473,#1474,#1475,#1476,
#1477,#1478,#1479,#1480,#1481,#1482,#1483,#1484,#1485));
#671=EDGE_LOOP('',(#1486,#1487,#1488,#1489));
#672=EDGE_LOOP('',(#1490));
#673=EDGE_LOOP('',(#1491));
#674=EDGE_LOOP('',(#1492));
#675=EDGE_LOOP('',(#1493));
#676=EDGE_LOOP('',(#1494));
#677=EDGE_LOOP('',(#1495,#1496,#1497,#1498,#1499));
#678=EDGE_LOOP('',(#1500,#1501,#1502,#1503,#1504,#1505,#1506,#1507,#1508,
#1509,#1510,#1511));
#679=EDGE_LOOP('',(#1512,#1513,#1514,#1515,#1516));
#680=EDGE_LOOP('',(#1517,#1518,#1519,#1520));
#681=EDGE_LOOP('',(#1521,#1522,#1523,#1524));
#682=EDGE_LOOP('',(#1525,#1526,#1527,#1528));
#683=EDGE_LOOP('',(#1529,#1530,#1531,#1532));
#684=EDGE_LOOP('',(#1533,#1534,#1535,#1536));
#685=EDGE_LOOP('',(#1537,#1538,#1539,#1540));
#686=EDGE_LOOP('',(#1541,#1542,#1543,#1544));
#687=EDGE_LOOP('',(#1545,#1546,#1547,#1548));
#688=EDGE_LOOP('',(#1549,#1550,#1551,#1552));
#689=EDGE_LOOP('',(#1553,#1554,#1555,#1556));
#690=EDGE_LOOP('',(#1557,#1558,#1559,#1560));
#691=EDGE_LOOP('',(#1561,#1562,#1563,#1564));
#692=EDGE_LOOP('',(#1565,#1566,#1567,#1568));
#693=EDGE_LOOP('',(#1569,#1570,#1571,#1572));
#694=EDGE_LOOP('',(#1573,#1574,#1575,#1576));
#695=EDGE_LOOP('',(#1577,#1578,#1579,#1580));
#696=EDGE_LOOP('',(#1581,#1582,#1583,#1584));
#697=EDGE_LOOP('',(#1585,#1586,#1587,#1588));
#698=EDGE_LOOP('',(#1589,#1590,#1591,#1592));
#699=EDGE_LOOP('',(#1593,#1594,#1595,#1596));
#700=EDGE_LOOP('',(#1597,#1598,#1599,#1600));
#701=EDGE_LOOP('',(#1601,#1602,#1603,#1604));
#702=EDGE_LOOP('',(#1605,#1606,#1607,#1608));
#703=EDGE_LOOP('',(#1609,#1610,#1611,#1612));
#704=EDGE_LOOP('',(#1613,#1614,#1615,#1616));
#705=EDGE_LOOP('',(#1617,#1618,#1619,#1620));
#706=EDGE_LOOP('',(#1621,#1622,#1623,#1624));
#707=EDGE_LOOP('',(#1625,#1626,#1627,#1628));
#708=EDGE_LOOP('',(#1629,#1630,#1631,#1632));
#709=EDGE_LOOP('',(#1633,#1634,#1635,#1636));
#710=EDGE_LOOP('',(#1637,#1638,#1639,#1640));
#711=EDGE_LOOP('',(#1641,#1642,#1643,#1644));
#712=EDGE_LOOP('',(#1645,#1646,#1647,#1648));
#713=CIRCLE('',#1758,8.79109974682634);
#714=CIRCLE('',#1759,0.25);
#715=CIRCLE('',#1760,9.);
#716=CIRCLE('',#1761,9.);
#717=CIRCLE('',#1762,8.79109974682634);
#718=CIRCLE('',#1764,6.);
#719=CIRCLE('',#1766,9.);
#720=CIRCLE('',#1768,8.79109974682634);
#721=CIRCLE('',#1769,0.25);
#722=CIRCLE('',#1770,9.);
#723=CIRCLE('',#1772,6.);
#724=CIRCLE('',#1774,9.);
#725=CIRCLE('',#1776,2.2);
#726=CIRCLE('',#1777,0.5);
#727=CIRCLE('',#1778,1.7);
#728=CIRCLE('',#1779,1.7);
#729=CIRCLE('',#1781,1.7);
#730=CIRCLE('',#1817,5.5);
#731=CIRCLE('',#1818,5.);
#732=CIRCLE('',#1820,0.75);
#733=CIRCLE('',#1821,0.75);
#734=CIRCLE('',#1823,5.);
#735=CIRCLE('',#1824,5.5);
#736=CIRCLE('',#1827,0.75);
#737=CIRCLE('',#1829,8.5);
#738=CIRCLE('',#1830,0.5);
#739=CIRCLE('',#1833,0.5);
#740=CIRCLE('',#1834,8.5);
#741=CIRCLE('',#1836,0.5);
#742=CIRCLE('',#1837,0.75);
#743=CIRCLE('',#1838,0.5);
#744=VERTEX_POINT('',#2323);
#745=VERTEX_POINT('',#2324);
#746=VERTEX_POINT('',#2326);
#747=VERTEX_POINT('',#2328);
#748=VERTEX_POINT('',#2333);
#749=VERTEX_POINT('',#2337);
#750=VERTEX_POINT('',#2341);
#751=VERTEX_POINT('',#2343);
#752=VERTEX_POINT('',#2347);
#753=VERTEX_POINT('',#2350);
#754=VERTEX_POINT('',#2351);
#755=VERTEX_POINT('',#2390);
#756=VERTEX_POINT('',#2391);
#757=VERTEX_POINT('',#2431);
#758=VERTEX_POINT('',#2435);
#759=VERTEX_POINT('',#2437);
#760=VERTEX_POINT('',#2439);
#761=VERTEX_POINT('',#2443);
#762=VERTEX_POINT('',#2447);
#763=VERTEX_POINT('',#2448);
#764=VERTEX_POINT('',#2450);
#765=VERTEX_POINT('',#2452);
#766=VERTEX_POINT('',#2454);
#767=VERTEX_POINT('',#2456);
#768=VERTEX_POINT('',#2458);
#769=VERTEX_POINT('',#2460);
#770=VERTEX_POINT('',#2462);
#771=VERTEX_POINT('',#2464);
#772=VERTEX_POINT('',#2466);
#773=VERTEX_POINT('',#2468);
#774=VERTEX_POINT('',#2470);
#775=VERTEX_POINT('',#2472);
#776=VERTEX_POINT('',#2474);
#777=VERTEX_POINT('',#2476);
#778=VERTEX_POINT('',#2478);
#779=VERTEX_POINT('',#2480);
#780=VERTEX_POINT('',#2482);
#781=VERTEX_POINT('',#2484);
#782=VERTEX_POINT('',#2486);
#783=VERTEX_POINT('',#2488);
#784=VERTEX_POINT('',#2490);
#785=VERTEX_POINT('',#2492);
#786=VERTEX_POINT('',#2494);
#787=VERTEX_POINT('',#2496);
#788=VERTEX_POINT('',#2498);
#789=VERTEX_POINT('',#2500);
#790=VERTEX_POINT('',#2502);
#791=VERTEX_POINT('',#2504);
#792=VERTEX_POINT('',#2506);
#793=VERTEX_POINT('',#2508);
#794=VERTEX_POINT('',#2510);
#795=VERTEX_POINT('',#2512);
#796=VERTEX_POINT('',#2514);
#797=VERTEX_POINT('',#2516);
#798=VERTEX_POINT('',#2518);
#799=VERTEX_POINT('',#2520);
#800=VERTEX_POINT('',#2522);
#801=VERTEX_POINT('',#2524);
#802=VERTEX_POINT('',#2526);
#803=VERTEX_POINT('',#2528);
#804=VERTEX_POINT('',#2530);
#805=VERTEX_POINT('',#2532);
#806=VERTEX_POINT('',#2534);
#807=VERTEX_POINT('',#2536);
#808=VERTEX_POINT('',#2538);
#809=VERTEX_POINT('',#2540);
#810=VERTEX_POINT('',#2542);
#811=VERTEX_POINT('',#2544);
#812=VERTEX_POINT('',#2546);
#813=VERTEX_POINT('',#2548);
#814=VERTEX_POINT('',#2550);
#815=VERTEX_POINT('',#2552);
#816=VERTEX_POINT('',#2554);
#817=VERTEX_POINT('',#2556);
#818=VERTEX_POINT('',#2558);
#819=VERTEX_POINT('',#2560);
#820=VERTEX_POINT('',#2562);
#821=VERTEX_POINT('',#2564);
#822=VERTEX_POINT('',#2566);
#823=VERTEX_POINT('',#2568);
#824=VERTEX_POINT('',#2570);
#825=VERTEX_POINT('',#2572);
#826=VERTEX_POINT('',#2574);
#827=VERTEX_POINT('',#2576);
#828=VERTEX_POINT('',#2580);
#829=VERTEX_POINT('',#2582);
#830=VERTEX_POINT('',#2586);
#831=VERTEX_POINT('',#2590);
#832=VERTEX_POINT('',#2594);
#833=VERTEX_POINT('',#2598);
#834=VERTEX_POINT('',#2602);
#835=VERTEX_POINT('',#2606);
#836=VERTEX_POINT('',#2610);
#837=VERTEX_POINT('',#2614);
#838=VERTEX_POINT('',#2618);
#839=VERTEX_POINT('',#2622);
#840=VERTEX_POINT('',#2626);
#841=VERTEX_POINT('',#2630);
#842=VERTEX_POINT('',#2634);
#843=VERTEX_POINT('',#2638);
#844=VERTEX_POINT('',#2642);
#845=VERTEX_POINT('',#2646);
#846=VERTEX_POINT('',#2650);
#847=VERTEX_POINT('',#2654);
#848=VERTEX_POINT('',#2658);
#849=VERTEX_POINT('',#2662);
#850=VERTEX_POINT('',#2666);
#851=VERTEX_POINT('',#2670);
#852=VERTEX_POINT('',#2674);
#853=VERTEX_POINT('',#2678);
#854=VERTEX_POINT('',#2682);
#855=VERTEX_POINT('',#2686);
#856=VERTEX_POINT('',#2690);
#857=VERTEX_POINT('',#2694);
#858=VERTEX_POINT('',#2698);
#859=VERTEX_POINT('',#2702);
#860=VERTEX_POINT('',#2706);
#861=VERTEX_POINT('',#2710);
#862=VERTEX_POINT('',#2714);
#863=VERTEX_POINT('',#2715);
#864=VERTEX_POINT('',#2730);
#865=VERTEX_POINT('',#2732);
#866=VERTEX_POINT('',#2749);
#867=VERTEX_POINT('',#2753);
#868=VERTEX_POINT('',#2754);
#869=VERTEX_POINT('',#2767);
#870=VERTEX_POINT('',#2769);
#871=VERTEX_POINT('',#2789);
#872=VERTEX_POINT('',#2793);
#873=VERTEX_POINT('',#2795);
#874=VERTEX_POINT('',#2797);
#875=VERTEX_POINT('',#2799);
#876=VERTEX_POINT('',#2801);
#877=VERTEX_POINT('',#2803);
#878=VERTEX_POINT('',#2805);
#879=VERTEX_POINT('',#2807);
#880=VERTEX_POINT('',#2809);
#881=VERTEX_POINT('',#2811);
#882=VERTEX_POINT('',#2813);
#883=VERTEX_POINT('',#2815);
#884=VERTEX_POINT('',#2817);
#885=VERTEX_POINT('',#2819);
#886=VERTEX_POINT('',#2821);
#887=VERTEX_POINT('',#2823);
#888=VERTEX_POINT('',#2825);
#889=VERTEX_POINT('',#2827);
#890=VERTEX_POINT('',#2829);
#891=VERTEX_POINT('',#2831);
#892=VERTEX_POINT('',#2833);
#893=VERTEX_POINT('',#2835);
#894=VERTEX_POINT('',#2837);
#895=VERTEX_POINT('',#2839);
#896=VERTEX_POINT('',#2841);
#897=VERTEX_POINT('',#2843);
#898=VERTEX_POINT('',#2845);
#899=VERTEX_POINT('',#2847);
#900=VERTEX_POINT('',#2849);
#901=VERTEX_POINT('',#2851);
#902=VERTEX_POINT('',#2853);
#903=VERTEX_POINT('',#2855);
#904=VERTEX_POINT('',#2859);
#905=VERTEX_POINT('',#2863);
#906=VERTEX_POINT('',#2865);
#907=VERTEX_POINT('',#2867);
#908=EDGE_CURVE('',#744,#745,#713,.T.);
#909=EDGE_CURVE('',#745,#746,#714,.T.);
#910=EDGE_CURVE('',#746,#747,#715,.T.);
#911=EDGE_CURVE('',#747,#746,#716,.T.);
#912=EDGE_CURVE('',#745,#744,#717,.T.);
#913=EDGE_CURVE('',#744,#748,#111,.T.);
#914=EDGE_CURVE('',#748,#748,#718,.T.);
#915=EDGE_CURVE('',#749,#749,#719,.T.);
#916=EDGE_CURVE('',#749,#747,#112,.T.);
#917=EDGE_CURVE('',#750,#750,#720,.T.);
#918=EDGE_CURVE('',#750,#751,#721,.T.);
#919=EDGE_CURVE('',#751,#751,#722,.T.);
#920=EDGE_CURVE('',#750,#752,#113,.T.);
#921=EDGE_CURVE('',#752,#752,#723,.T.);
#922=EDGE_CURVE('',#753,#754,#96,.T.);
#923=EDGE_CURVE('',#754,#753,#97,.T.);
#924=EDGE_CURVE('',#755,#756,#98,.T.);
#925=EDGE_CURVE('',#756,#755,#99,.T.);
#926=EDGE_CURVE('',#751,#757,#114,.T.);
#927=EDGE_CURVE('',#757,#757,#724,.T.);
#928=EDGE_CURVE('',#758,#758,#725,.T.);
#929=EDGE_CURVE('',#758,#759,#726,.T.);
#930=EDGE_CURVE('',#759,#760,#727,.T.);
#931=EDGE_CURVE('',#760,#759,#728,.T.);
#932=EDGE_CURVE('',#760,#761,#115,.T.);
#933=EDGE_CURVE('',#761,#761,#729,.T.);
#934=EDGE_CURVE('',#762,#763,#116,.T.);
#935=EDGE_CURVE('',#764,#762,#117,.T.);
#936=EDGE_CURVE('',#765,#764,#118,.T.);
#937=EDGE_CURVE('',#766,#765,#119,.T.);
#938=EDGE_CURVE('',#767,#766,#120,.T.);
#939=EDGE_CURVE('',#768,#767,#121,.T.);
#940=EDGE_CURVE('',#769,#768,#122,.T.);
#941=EDGE_CURVE('',#770,#769,#123,.T.);
#942=EDGE_CURVE('',#771,#770,#124,.T.);
#943=EDGE_CURVE('',#772,#771,#125,.T.);
#944=EDGE_CURVE('',#773,#772,#126,.T.);
#945=EDGE_CURVE('',#774,#773,#127,.T.);
#946=EDGE_CURVE('',#775,#774,#128,.T.);
#947=EDGE_CURVE('',#776,#775,#129,.T.);
#948=EDGE_CURVE('',#777,#776,#130,.T.);
#949=EDGE_CURVE('',#778,#777,#131,.T.);
#950=EDGE_CURVE('',#779,#778,#132,.T.);
#951=EDGE_CURVE('',#780,#779,#133,.T.);
#952=EDGE_CURVE('',#781,#780,#134,.T.);
#953=EDGE_CURVE('',#782,#781,#135,.T.);
#954=EDGE_CURVE('',#783,#782,#136,.T.);
#955=EDGE_CURVE('',#784,#783,#137,.T.);
#956=EDGE_CURVE('',#785,#784,#138,.T.);
#957=EDGE_CURVE('',#786,#785,#139,.T.);
#958=EDGE_CURVE('',#787,#786,#140,.T.);
#959=EDGE_CURVE('',#788,#787,#141,.T.);
#960=EDGE_CURVE('',#789,#788,#142,.T.);
#961=EDGE_CURVE('',#790,#789,#143,.T.);
#962=EDGE_CURVE('',#791,#790,#144,.T.);
#963=EDGE_CURVE('',#792,#791,#145,.T.);
#964=EDGE_CURVE('',#793,#792,#146,.T.);
#965=EDGE_CURVE('',#794,#793,#147,.T.);
#966=EDGE_CURVE('',#795,#794,#148,.T.);
#967=EDGE_CURVE('',#796,#795,#149,.T.);
#968=EDGE_CURVE('',#797,#796,#150,.T.);
#969=EDGE_CURVE('',#798,#797,#151,.T.);
#970=EDGE_CURVE('',#799,#798,#152,.T.);
#971=EDGE_CURVE('',#800,#799,#153,.T.);
#972=EDGE_CURVE('',#801,#800,#154,.T.);
#973=EDGE_CURVE('',#802,#801,#155,.T.);
#974=EDGE_CURVE('',#803,#802,#156,.T.);
#975=EDGE_CURVE('',#804,#803,#157,.T.);
#976=EDGE_CURVE('',#805,#804,#158,.T.);
#977=EDGE_CURVE('',#806,#805,#159,.T.);
#978=EDGE_CURVE('',#807,#806,#160,.T.);
#979=EDGE_CURVE('',#808,#807,#161,.T.);
#980=EDGE_CURVE('',#809,#808,#162,.T.);
#981=EDGE_CURVE('',#810,#809,#163,.T.);
#982=EDGE_CURVE('',#811,#810,#164,.T.);
#983=EDGE_CURVE('',#812,#811,#165,.T.);
#984=EDGE_CURVE('',#813,#812,#166,.T.);
#985=EDGE_CURVE('',#814,#813,#167,.T.);
#986=EDGE_CURVE('',#815,#814,#168,.T.);
#987=EDGE_CURVE('',#816,#815,#169,.T.);
#988=EDGE_CURVE('',#817,#816,#170,.T.);
#989=EDGE_CURVE('',#818,#817,#171,.T.);
#990=EDGE_CURVE('',#819,#818,#172,.T.);
#991=EDGE_CURVE('',#820,#819,#173,.T.);
#992=EDGE_CURVE('',#821,#820,#174,.T.);
#993=EDGE_CURVE('',#822,#821,#175,.T.);
#994=EDGE_CURVE('',#823,#822,#176,.T.);
#995=EDGE_CURVE('',#824,#823,#177,.T.);
#996=EDGE_CURVE('',#825,#824,#178,.T.);
#997=EDGE_CURVE('',#826,#825,#179,.T.);
#998=EDGE_CURVE('',#827,#826,#180,.T.);
#999=EDGE_CURVE('',#763,#827,#181,.T.);
#1000=EDGE_CURVE('',#794,#828,#182,.T.);
#1001=EDGE_CURVE('',#829,#828,#183,.T.);
#1002=EDGE_CURVE('',#795,#829,#184,.T.);
#1003=EDGE_CURVE('',#793,#830,#185,.T.);
#1004=EDGE_CURVE('',#828,#830,#186,.T.);
#1005=EDGE_CURVE('',#792,#831,#187,.T.);
#1006=EDGE_CURVE('',#830,#831,#188,.T.);
#1007=EDGE_CURVE('',#791,#832,#189,.T.);
#1008=EDGE_CURVE('',#831,#832,#190,.T.);
#1009=EDGE_CURVE('',#790,#833,#191,.T.);
#1010=EDGE_CURVE('',#832,#833,#192,.T.);
#1011=EDGE_CURVE('',#789,#834,#193,.T.);
#1012=EDGE_CURVE('',#833,#834,#194,.T.);
#1013=EDGE_CURVE('',#788,#835,#195,.T.);
#1014=EDGE_CURVE('',#834,#835,#196,.T.);
#1015=EDGE_CURVE('',#787,#836,#197,.T.);
#1016=EDGE_CURVE('',#835,#836,#198,.T.);
#1017=EDGE_CURVE('',#786,#837,#199,.T.);
#1018=EDGE_CURVE('',#836,#837,#200,.T.);
#1019=EDGE_CURVE('',#785,#838,#201,.T.);
#1020=EDGE_CURVE('',#837,#838,#202,.T.);
#1021=EDGE_CURVE('',#784,#839,#203,.T.);
#1022=EDGE_CURVE('',#838,#839,#204,.T.);
#1023=EDGE_CURVE('',#783,#840,#205,.T.);
#1024=EDGE_CURVE('',#839,#840,#206,.T.);
#1025=EDGE_CURVE('',#782,#841,#207,.T.);
#1026=EDGE_CURVE('',#840,#841,#208,.T.);
#1027=EDGE_CURVE('',#781,#842,#209,.T.);
#1028=EDGE_CURVE('',#841,#842,#210,.T.);
#1029=EDGE_CURVE('',#780,#843,#211,.T.);
#1030=EDGE_CURVE('',#842,#843,#212,.T.);
#1031=EDGE_CURVE('',#779,#844,#213,.T.);
#1032=EDGE_CURVE('',#843,#844,#214,.T.);
#1033=EDGE_CURVE('',#778,#845,#215,.T.);
#1034=EDGE_CURVE('',#844,#845,#216,.T.);
#1035=EDGE_CURVE('',#777,#846,#217,.T.);
#1036=EDGE_CURVE('',#845,#846,#218,.T.);
#1037=EDGE_CURVE('',#776,#847,#219,.T.);
#1038=EDGE_CURVE('',#846,#847,#220,.T.);
#1039=EDGE_CURVE('',#775,#848,#221,.T.);
#1040=EDGE_CURVE('',#847,#848,#222,.T.);
#1041=EDGE_CURVE('',#774,#849,#223,.T.);
#1042=EDGE_CURVE('',#848,#849,#224,.T.);
#1043=EDGE_CURVE('',#773,#850,#225,.T.);
#1044=EDGE_CURVE('',#849,#850,#226,.T.);
#1045=EDGE_CURVE('',#772,#851,#227,.T.);
#1046=EDGE_CURVE('',#850,#851,#228,.T.);
#1047=EDGE_CURVE('',#771,#852,#229,.T.);
#1048=EDGE_CURVE('',#851,#852,#230,.T.);
#1049=EDGE_CURVE('',#770,#853,#231,.T.);
#1050=EDGE_CURVE('',#852,#853,#232,.T.);
#1051=EDGE_CURVE('',#769,#854,#233,.T.);
#1052=EDGE_CURVE('',#853,#854,#234,.T.);
#1053=EDGE_CURVE('',#768,#855,#235,.T.);
#1054=EDGE_CURVE('',#854,#855,#236,.T.);
#1055=EDGE_CURVE('',#767,#856,#237,.T.);
#1056=EDGE_CURVE('',#855,#856,#238,.T.);
#1057=EDGE_CURVE('',#766,#857,#239,.T.);
#1058=EDGE_CURVE('',#856,#857,#240,.T.);
#1059=EDGE_CURVE('',#765,#858,#241,.T.);
#1060=EDGE_CURVE('',#857,#858,#242,.T.);
#1061=EDGE_CURVE('',#764,#859,#243,.T.);
#1062=EDGE_CURVE('',#858,#859,#244,.T.);
#1063=EDGE_CURVE('',#762,#860,#245,.T.);
#1064=EDGE_CURVE('',#859,#860,#246,.T.);
#1065=EDGE_CURVE('',#763,#861,#247,.T.);
#1066=EDGE_CURVE('',#860,#861,#248,.T.);
#1067=EDGE_CURVE('',#862,#863,#100,.T.);
#1068=EDGE_CURVE('',#863,#864,#730,.T.);
#1069=EDGE_CURVE('',#864,#865,#101,.T.);
#1070=EDGE_CURVE('',#865,#862,#731,.T.);
#1071=EDGE_CURVE('',#864,#866,#732,.T.);
#1072=EDGE_CURVE('',#866,#863,#733,.T.);
#1073=EDGE_CURVE('',#867,#868,#102,.T.);
#1074=EDGE_CURVE('',#868,#869,#734,.T.);
#1075=EDGE_CURVE('',#869,#870,#103,.T.);
#1076=EDGE_CURVE('',#870,#867,#735,.T.);
#1077=EDGE_CURVE('',#865,#869,#249,.T.);
#1078=EDGE_CURVE('',#868,#862,#250,.T.);
#1079=EDGE_CURVE('',#870,#867,#736,.T.);
#1080=EDGE_CURVE('',#871,#871,#737,.T.);
#1081=EDGE_CURVE('',#871,#749,#738,.T.);
#1082=EDGE_CURVE('',#861,#872,#251,.T.);
#1083=EDGE_CURVE('',#872,#873,#252,.T.);
#1084=EDGE_CURVE('',#873,#874,#253,.T.);
#1085=EDGE_CURVE('',#874,#875,#254,.T.);
#1086=EDGE_CURVE('',#875,#876,#255,.T.);
#1087=EDGE_CURVE('',#876,#877,#256,.T.);
#1088=EDGE_CURVE('',#877,#878,#257,.T.);
#1089=EDGE_CURVE('',#878,#879,#258,.T.);
#1090=EDGE_CURVE('',#879,#880,#259,.T.);
#1091=EDGE_CURVE('',#880,#881,#260,.T.);
#1092=EDGE_CURVE('',#881,#882,#261,.T.);
#1093=EDGE_CURVE('',#882,#883,#262,.T.);
#1094=EDGE_CURVE('',#883,#884,#263,.T.);
#1095=EDGE_CURVE('',#884,#885,#264,.T.);
#1096=EDGE_CURVE('',#885,#886,#265,.T.);
#1097=EDGE_CURVE('',#886,#887,#266,.T.);
#1098=EDGE_CURVE('',#887,#888,#267,.T.);
#1099=EDGE_CURVE('',#888,#889,#268,.T.);
#1100=EDGE_CURVE('',#889,#890,#269,.T.);
#1101=EDGE_CURVE('',#890,#891,#270,.T.);
#1102=EDGE_CURVE('',#891,#892,#271,.T.);
#1103=EDGE_CURVE('',#892,#893,#272,.T.);
#1104=EDGE_CURVE('',#893,#894,#273,.T.);
#1105=EDGE_CURVE('',#894,#895,#274,.T.);
#1106=EDGE_CURVE('',#895,#896,#275,.T.);
#1107=EDGE_CURVE('',#896,#897,#276,.T.);
#1108=EDGE_CURVE('',#897,#898,#277,.T.);
#1109=EDGE_CURVE('',#898,#899,#278,.T.);
#1110=EDGE_CURVE('',#899,#900,#279,.T.);
#1111=EDGE_CURVE('',#900,#901,#280,.T.);
#1112=EDGE_CURVE('',#901,#902,#281,.T.);
#1113=EDGE_CURVE('',#902,#903,#282,.T.);
#1114=EDGE_CURVE('',#903,#829,#283,.T.);
#1115=EDGE_CURVE('',#757,#904,#739,.T.);
#1116=EDGE_CURVE('',#904,#904,#740,.T.);
#1117=EDGE_CURVE('',#905,#905,#741,.T.);
#1118=EDGE_CURVE('',#906,#906,#742,.T.);
#1119=EDGE_CURVE('',#907,#907,#743,.T.);
#1120=EDGE_CURVE('',#907,#756,#284,.T.);
#1121=EDGE_CURVE('',#906,#866,#285,.T.);
#1122=EDGE_CURVE('',#905,#754,#286,.T.);
#1123=EDGE_CURVE('',#796,#903,#287,.T.);
#1124=EDGE_CURVE('',#797,#902,#288,.T.);
#1125=EDGE_CURVE('',#798,#901,#289,.T.);
#1126=EDGE_CURVE('',#799,#900,#290,.T.);
#1127=EDGE_CURVE('',#800,#899,#291,.T.);
#1128=EDGE_CURVE('',#801,#898,#292,.T.);
#1129=EDGE_CURVE('',#802,#897,#293,.T.);
#1130=EDGE_CURVE('',#803,#896,#294,.T.);
#1131=EDGE_CURVE('',#804,#895,#295,.T.);
#1132=EDGE_CURVE('',#805,#894,#296,.T.);
#1133=EDGE_CURVE('',#806,#893,#297,.T.);
#1134=EDGE_CURVE('',#807,#892,#298,.T.);
#1135=EDGE_CURVE('',#808,#891,#299,.T.);
#1136=EDGE_CURVE('',#809,#890,#300,.T.);
#1137=EDGE_CURVE('',#810,#889,#301,.T.);
#1138=EDGE_CURVE('',#811,#888,#302,.T.);
#1139=EDGE_CURVE('',#812,#887,#303,.T.);
#1140=EDGE_CURVE('',#813,#886,#304,.T.);
#1141=EDGE_CURVE('',#814,#885,#305,.T.);
#1142=EDGE_CURVE('',#815,#884,#306,.T.);
#1143=EDGE_CURVE('',#816,#883,#307,.T.);
#1144=EDGE_CURVE('',#817,#882,#308,.T.);
#1145=EDGE_CURVE('',#818,#881,#309,.T.);
#1146=EDGE_CURVE('',#819,#880,#310,.T.);
#1147=EDGE_CURVE('',#820,#879,#311,.T.);
#1148=EDGE_CURVE('',#821,#878,#312,.T.);
#1149=EDGE_CURVE('',#822,#877,#313,.T.);
#1150=EDGE_CURVE('',#823,#876,#314,.T.);
#1151=EDGE_CURVE('',#824,#875,#315,.T.);
#1152=EDGE_CURVE('',#825,#874,#316,.T.);
#1153=EDGE_CURVE('',#826,#873,#317,.T.);
#1154=EDGE_CURVE('',#827,#872,#318,.T.);
#1155=ORIENTED_EDGE('',*,*,#908,.T.);
#1156=ORIENTED_EDGE('',*,*,#909,.T.);
#1157=ORIENTED_EDGE('',*,*,#910,.T.);
#1158=ORIENTED_EDGE('',*,*,#911,.T.);
#1159=ORIENTED_EDGE('',*,*,#909,.F.);
#1160=ORIENTED_EDGE('',*,*,#912,.T.);
#1161=ORIENTED_EDGE('',*,*,#908,.F.);
#1162=ORIENTED_EDGE('',*,*,#913,.T.);
#1163=ORIENTED_EDGE('',*,*,#914,.T.);
#1164=ORIENTED_EDGE('',*,*,#913,.F.);
#1165=ORIENTED_EDGE('',*,*,#912,.F.);
#1166=ORIENTED_EDGE('',*,*,#915,.F.);
#1167=ORIENTED_EDGE('',*,*,#916,.T.);
#1168=ORIENTED_EDGE('',*,*,#910,.F.);
#1169=ORIENTED_EDGE('',*,*,#911,.F.);
#1170=ORIENTED_EDGE('',*,*,#916,.F.);
#1171=ORIENTED_EDGE('',*,*,#917,.T.);
#1172=ORIENTED_EDGE('',*,*,#918,.T.);
#1173=ORIENTED_EDGE('',*,*,#919,.T.);
#1174=ORIENTED_EDGE('',*,*,#918,.F.);
#1175=ORIENTED_EDGE('',*,*,#917,.F.);
#1176=ORIENTED_EDGE('',*,*,#920,.T.);
#1177=ORIENTED_EDGE('',*,*,#921,.T.);
#1178=ORIENTED_EDGE('',*,*,#920,.F.);
#1179=ORIENTED_EDGE('',*,*,#922,.F.);
#1180=ORIENTED_EDGE('',*,*,#923,.F.);
#1181=ORIENTED_EDGE('',*,*,#924,.F.);
#1182=ORIENTED_EDGE('',*,*,#925,.F.);
#1183=ORIENTED_EDGE('',*,*,#919,.F.);
#1184=ORIENTED_EDGE('',*,*,#926,.T.);
#1185=ORIENTED_EDGE('',*,*,#927,.F.);
#1186=ORIENTED_EDGE('',*,*,#926,.F.);
#1187=ORIENTED_EDGE('',*,*,#928,.T.);
#1188=ORIENTED_EDGE('',*,*,#929,.T.);
#1189=ORIENTED_EDGE('',*,*,#930,.T.);
#1190=ORIENTED_EDGE('',*,*,#931,.T.);
#1191=ORIENTED_EDGE('',*,*,#929,.F.);
#1192=ORIENTED_EDGE('',*,*,#931,.F.);
#1193=ORIENTED_EDGE('',*,*,#932,.T.);
#1194=ORIENTED_EDGE('',*,*,#933,.T.);
#1195=ORIENTED_EDGE('',*,*,#932,.F.);
#1196=ORIENTED_EDGE('',*,*,#930,.F.);
#1197=ORIENTED_EDGE('',*,*,#934,.F.);
#1198=ORIENTED_EDGE('',*,*,#935,.F.);
#1199=ORIENTED_EDGE('',*,*,#936,.F.);
#1200=ORIENTED_EDGE('',*,*,#937,.F.);
#1201=ORIENTED_EDGE('',*,*,#938,.F.);
#1202=ORIENTED_EDGE('',*,*,#939,.F.);
#1203=ORIENTED_EDGE('',*,*,#940,.F.);
#1204=ORIENTED_EDGE('',*,*,#941,.F.);
#1205=ORIENTED_EDGE('',*,*,#942,.F.);
#1206=ORIENTED_EDGE('',*,*,#943,.F.);
#1207=ORIENTED_EDGE('',*,*,#944,.F.);
#1208=ORIENTED_EDGE('',*,*,#945,.F.);
#1209=ORIENTED_EDGE('',*,*,#946,.F.);
#1210=ORIENTED_EDGE('',*,*,#947,.F.);
#1211=ORIENTED_EDGE('',*,*,#948,.F.);
#1212=ORIENTED_EDGE('',*,*,#949,.F.);
#1213=ORIENTED_EDGE('',*,*,#950,.F.);
#1214=ORIENTED_EDGE('',*,*,#951,.F.);
#1215=ORIENTED_EDGE('',*,*,#952,.F.);
#1216=ORIENTED_EDGE('',*,*,#953,.F.);
#1217=ORIENTED_EDGE('',*,*,#954,.F.);
#1218=ORIENTED_EDGE('',*,*,#955,.F.);
#1219=ORIENTED_EDGE('',*,*,#956,.F.);
#1220=ORIENTED_EDGE('',*,*,#957,.F.);
#1221=ORIENTED_EDGE('',*,*,#958,.F.);
#1222=ORIENTED_EDGE('',*,*,#959,.F.);
#1223=ORIENTED_EDGE('',*,*,#960,.F.);
#1224=ORIENTED_EDGE('',*,*,#961,.F.);
#1225=ORIENTED_EDGE('',*,*,#962,.F.);
#1226=ORIENTED_EDGE('',*,*,#963,.F.);
#1227=ORIENTED_EDGE('',*,*,#964,.F.);
#1228=ORIENTED_EDGE('',*,*,#965,.F.);
#1229=ORIENTED_EDGE('',*,*,#966,.F.);
#1230=ORIENTED_EDGE('',*,*,#967,.F.);
#1231=ORIENTED_EDGE('',*,*,#968,.F.);
#1232=ORIENTED_EDGE('',*,*,#969,.F.);
#1233=ORIENTED_EDGE('',*,*,#970,.F.);
#1234=ORIENTED_EDGE('',*,*,#971,.F.);
#1235=ORIENTED_EDGE('',*,*,#972,.F.);
#1236=ORIENTED_EDGE('',*,*,#973,.F.);
#1237=ORIENTED_EDGE('',*,*,#974,.F.);
#1238=ORIENTED_EDGE('',*,*,#975,.F.);
#1239=ORIENTED_EDGE('',*,*,#976,.F.);
#1240=ORIENTED_EDGE('',*,*,#977,.F.);
#1241=ORIENTED_EDGE('',*,*,#978,.F.);
#1242=ORIENTED_EDGE('',*,*,#979,.F.);
#1243=ORIENTED_EDGE('',*,*,#980,.F.);
#1244=ORIENTED_EDGE('',*,*,#981,.F.);
#1245=ORIENTED_EDGE('',*,*,#982,.F.);
#1246=ORIENTED_EDGE('',*,*,#983,.F.);
#1247=ORIENTED_EDGE('',*,*,#984,.F.);
#1248=ORIENTED_EDGE('',*,*,#985,.F.);
#1249=ORIENTED_EDGE('',*,*,#986,.F.);
#1250=ORIENTED_EDGE('',*,*,#987,.F.);
#1251=ORIENTED_EDGE('',*,*,#988,.F.);
#1252=ORIENTED_EDGE('',*,*,#989,.F.);
#1253=ORIENTED_EDGE('',*,*,#990,.F.);
#1254=ORIENTED_EDGE('',*,*,#991,.F.);
#1255=ORIENTED_EDGE('',*,*,#992,.F.);
#1256=ORIENTED_EDGE('',*,*,#993,.F.);
#1257=ORIENTED_EDGE('',*,*,#994,.F.);
#1258=ORIENTED_EDGE('',*,*,#995,.F.);
#1259=ORIENTED_EDGE('',*,*,#996,.F.);
#1260=ORIENTED_EDGE('',*,*,#997,.F.);
#1261=ORIENTED_EDGE('',*,*,#998,.F.);
#1262=ORIENTED_EDGE('',*,*,#999,.F.);
#1263=ORIENTED_EDGE('',*,*,#928,.F.);
#1264=ORIENTED_EDGE('',*,*,#966,.T.);
#1265=ORIENTED_EDGE('',*,*,#1000,.T.);
#1266=ORIENTED_EDGE('',*,*,#1001,.F.);
#1267=ORIENTED_EDGE('',*,*,#1002,.F.);
#1268=ORIENTED_EDGE('',*,*,#965,.T.);
#1269=ORIENTED_EDGE('',*,*,#1003,.T.);
#1270=ORIENTED_EDGE('',*,*,#1004,.F.);
#1271=ORIENTED_EDGE('',*,*,#1000,.F.);
#1272=ORIENTED_EDGE('',*,*,#964,.T.);
#1273=ORIENTED_EDGE('',*,*,#1005,.T.);
#1274=ORIENTED_EDGE('',*,*,#1006,.F.);
#1275=ORIENTED_EDGE('',*,*,#1003,.F.);
#1276=ORIENTED_EDGE('',*,*,#963,.T.);
#1277=ORIENTED_EDGE('',*,*,#1007,.T.);
#1278=ORIENTED_EDGE('',*,*,#1008,.F.);
#1279=ORIENTED_EDGE('',*,*,#1005,.F.);
#1280=ORIENTED_EDGE('',*,*,#962,.T.);
#1281=ORIENTED_EDGE('',*,*,#1009,.T.);
#1282=ORIENTED_EDGE('',*,*,#1010,.F.);
#1283=ORIENTED_EDGE('',*,*,#1007,.F.);
#1284=ORIENTED_EDGE('',*,*,#961,.T.);
#1285=ORIENTED_EDGE('',*,*,#1011,.T.);
#1286=ORIENTED_EDGE('',*,*,#1012,.F.);
#1287=ORIENTED_EDGE('',*,*,#1009,.F.);
#1288=ORIENTED_EDGE('',*,*,#960,.T.);
#1289=ORIENTED_EDGE('',*,*,#1013,.T.);
#1290=ORIENTED_EDGE('',*,*,#1014,.F.);
#1291=ORIENTED_EDGE('',*,*,#1011,.F.);
#1292=ORIENTED_EDGE('',*,*,#959,.T.);
#1293=ORIENTED_EDGE('',*,*,#1015,.T.);
#1294=ORIENTED_EDGE('',*,*,#1016,.F.);
#1295=ORIENTED_EDGE('',*,*,#1013,.F.);
#1296=ORIENTED_EDGE('',*,*,#958,.T.);
#1297=ORIENTED_EDGE('',*,*,#1017,.T.);
#1298=ORIENTED_EDGE('',*,*,#1018,.F.);
#1299=ORIENTED_EDGE('',*,*,#1015,.F.);
#1300=ORIENTED_EDGE('',*,*,#957,.T.);
#1301=ORIENTED_EDGE('',*,*,#1019,.T.);
#1302=ORIENTED_EDGE('',*,*,#1020,.F.);
#1303=ORIENTED_EDGE('',*,*,#1017,.F.);
#1304=ORIENTED_EDGE('',*,*,#956,.T.);
#1305=ORIENTED_EDGE('',*,*,#1021,.T.);
#1306=ORIENTED_EDGE('',*,*,#1022,.F.);
#1307=ORIENTED_EDGE('',*,*,#1019,.F.);
#1308=ORIENTED_EDGE('',*,*,#955,.T.);
#1309=ORIENTED_EDGE('',*,*,#1023,.T.);
#1310=ORIENTED_EDGE('',*,*,#1024,.F.);
#1311=ORIENTED_EDGE('',*,*,#1021,.F.);
#1312=ORIENTED_EDGE('',*,*,#954,.T.);
#1313=ORIENTED_EDGE('',*,*,#1025,.T.);
#1314=ORIENTED_EDGE('',*,*,#1026,.F.);
#1315=ORIENTED_EDGE('',*,*,#1023,.F.);
#1316=ORIENTED_EDGE('',*,*,#953,.T.);
#1317=ORIENTED_EDGE('',*,*,#1027,.T.);
#1318=ORIENTED_EDGE('',*,*,#1028,.F.);
#1319=ORIENTED_EDGE('',*,*,#1025,.F.);
#1320=ORIENTED_EDGE('',*,*,#952,.T.);
#1321=ORIENTED_EDGE('',*,*,#1029,.T.);
#1322=ORIENTED_EDGE('',*,*,#1030,.F.);
#1323=ORIENTED_EDGE('',*,*,#1027,.F.);
#1324=ORIENTED_EDGE('',*,*,#951,.T.);
#1325=ORIENTED_EDGE('',*,*,#1031,.T.);
#1326=ORIENTED_EDGE('',*,*,#1032,.F.);
#1327=ORIENTED_EDGE('',*,*,#1029,.F.);
#1328=ORIENTED_EDGE('',*,*,#950,.T.);
#1329=ORIENTED_EDGE('',*,*,#1033,.T.);
#1330=ORIENTED_EDGE('',*,*,#1034,.F.);
#1331=ORIENTED_EDGE('',*,*,#1031,.F.);
#1332=ORIENTED_EDGE('',*,*,#949,.T.);
#1333=ORIENTED_EDGE('',*,*,#1035,.T.);
#1334=ORIENTED_EDGE('',*,*,#1036,.F.);
#1335=ORIENTED_EDGE('',*,*,#1033,.F.);
#1336=ORIENTED_EDGE('',*,*,#948,.T.);
#1337=ORIENTED_EDGE('',*,*,#1037,.T.);
#1338=ORIENTED_EDGE('',*,*,#1038,.F.);
#1339=ORIENTED_EDGE('',*,*,#1035,.F.);
#1340=ORIENTED_EDGE('',*,*,#947,.T.);
#1341=ORIENTED_EDGE('',*,*,#1039,.T.);
#1342=ORIENTED_EDGE('',*,*,#1040,.F.);
#1343=ORIENTED_EDGE('',*,*,#1037,.F.);
#1344=ORIENTED_EDGE('',*,*,#946,.T.);
#1345=ORIENTED_EDGE('',*,*,#1041,.T.);
#1346=ORIENTED_EDGE('',*,*,#1042,.F.);
#1347=ORIENTED_EDGE('',*,*,#1039,.F.);
#1348=ORIENTED_EDGE('',*,*,#945,.T.);
#1349=ORIENTED_EDGE('',*,*,#1043,.T.);
#1350=ORIENTED_EDGE('',*,*,#1044,.F.);
#1351=ORIENTED_EDGE('',*,*,#1041,.F.);
#1352=ORIENTED_EDGE('',*,*,#944,.T.);
#1353=ORIENTED_EDGE('',*,*,#1045,.T.);
#1354=ORIENTED_EDGE('',*,*,#1046,.F.);
#1355=ORIENTED_EDGE('',*,*,#1043,.F.);
#1356=ORIENTED_EDGE('',*,*,#943,.T.);
#1357=ORIENTED_EDGE('',*,*,#1047,.T.);
#1358=ORIENTED_EDGE('',*,*,#1048,.F.);
#1359=ORIENTED_EDGE('',*,*,#1045,.F.);
#1360=ORIENTED_EDGE('',*,*,#942,.T.);
#1361=ORIENTED_EDGE('',*,*,#1049,.T.);
#1362=ORIENTED_EDGE('',*,*,#1050,.F.);
#1363=ORIENTED_EDGE('',*,*,#1047,.F.);
#1364=ORIENTED_EDGE('',*,*,#941,.T.);
#1365=ORIENTED_EDGE('',*,*,#1051,.T.);
#1366=ORIENTED_EDGE('',*,*,#1052,.F.);
#1367=ORIENTED_EDGE('',*,*,#1049,.F.);
#1368=ORIENTED_EDGE('',*,*,#940,.T.);
#1369=ORIENTED_EDGE('',*,*,#1053,.T.);
#1370=ORIENTED_EDGE('',*,*,#1054,.F.);
#1371=ORIENTED_EDGE('',*,*,#1051,.F.);
#1372=ORIENTED_EDGE('',*,*,#939,.T.);
#1373=ORIENTED_EDGE('',*,*,#1055,.T.);
#1374=ORIENTED_EDGE('',*,*,#1056,.F.);
#1375=ORIENTED_EDGE('',*,*,#1053,.F.);
#1376=ORIENTED_EDGE('',*,*,#938,.T.);
#1377=ORIENTED_EDGE('',*,*,#1057,.T.);
#1378=ORIENTED_EDGE('',*,*,#1058,.F.);
#1379=ORIENTED_EDGE('',*,*,#1055,.F.);
#1380=ORIENTED_EDGE('',*,*,#937,.T.);
#1381=ORIENTED_EDGE('',*,*,#1059,.T.);
#1382=ORIENTED_EDGE('',*,*,#1060,.F.);
#1383=ORIENTED_EDGE('',*,*,#1057,.F.);
#1384=ORIENTED_EDGE('',*,*,#936,.T.);
#1385=ORIENTED_EDGE('',*,*,#1061,.T.);
#1386=ORIENTED_EDGE('',*,*,#1062,.F.);
#1387=ORIENTED_EDGE('',*,*,#1059,.F.);
#1388=ORIENTED_EDGE('',*,*,#935,.T.);
#1389=ORIENTED_EDGE('',*,*,#1063,.T.);
#1390=ORIENTED_EDGE('',*,*,#1064,.F.);
#1391=ORIENTED_EDGE('',*,*,#1061,.F.);
#1392=ORIENTED_EDGE('',*,*,#934,.T.);
#1393=ORIENTED_EDGE('',*,*,#1065,.T.);
#1394=ORIENTED_EDGE('',*,*,#1066,.F.);
#1395=ORIENTED_EDGE('',*,*,#1063,.F.);
#1396=ORIENTED_EDGE('',*,*,#1067,.T.);
#1397=ORIENTED_EDGE('',*,*,#1068,.T.);
#1398=ORIENTED_EDGE('',*,*,#1069,.T.);
#1399=ORIENTED_EDGE('',*,*,#1070,.T.);
#1400=ORIENTED_EDGE('',*,*,#914,.F.);
#1401=ORIENTED_EDGE('',*,*,#1071,.F.);
#1402=ORIENTED_EDGE('',*,*,#1068,.F.);
#1403=ORIENTED_EDGE('',*,*,#1072,.F.);
#1404=ORIENTED_EDGE('',*,*,#1073,.T.);
#1405=ORIENTED_EDGE('',*,*,#1074,.T.);
#1406=ORIENTED_EDGE('',*,*,#1075,.T.);
#1407=ORIENTED_EDGE('',*,*,#1076,.T.);
#1408=ORIENTED_EDGE('',*,*,#1070,.F.);
#1409=ORIENTED_EDGE('',*,*,#1077,.T.);
#1410=ORIENTED_EDGE('',*,*,#1074,.F.);
#1411=ORIENTED_EDGE('',*,*,#1078,.T.);
#1412=ORIENTED_EDGE('',*,*,#921,.F.);
#1413=ORIENTED_EDGE('',*,*,#1076,.F.);
#1414=ORIENTED_EDGE('',*,*,#1079,.T.);
#1415=ORIENTED_EDGE('',*,*,#1080,.T.);
#1416=ORIENTED_EDGE('',*,*,#1081,.T.);
#1417=ORIENTED_EDGE('',*,*,#915,.T.);
#1418=ORIENTED_EDGE('',*,*,#1081,.F.);
#1419=ORIENTED_EDGE('',*,*,#1080,.F.);
#1420=ORIENTED_EDGE('',*,*,#1066,.T.);
#1421=ORIENTED_EDGE('',*,*,#1082,.T.);
#1422=ORIENTED_EDGE('',*,*,#1083,.T.);
#1423=ORIENTED_EDGE('',*,*,#1084,.T.);
#1424=ORIENTED_EDGE('',*,*,#1085,.T.);
#1425=ORIENTED_EDGE('',*,*,#1086,.T.);
#1426=ORIENTED_EDGE('',*,*,#1087,.T.);
#1427=ORIENTED_EDGE('',*,*,#1088,.T.);
#1428=ORIENTED_EDGE('',*,*,#1089,.T.);
#1429=ORIENTED_EDGE('',*,*,#1090,.T.);
#1430=ORIENTED_EDGE('',*,*,#1091,.T.);
#1431=ORIENTED_EDGE('',*,*,#1092,.T.);
#1432=ORIENTED_EDGE('',*,*,#1093,.T.);
#1433=ORIENTED_EDGE('',*,*,#1094,.T.);
#1434=ORIENTED_EDGE('',*,*,#1095,.T.);
#1435=ORIENTED_EDGE('',*,*,#1096,.T.);
#1436=ORIENTED_EDGE('',*,*,#1097,.T.);
#1437=ORIENTED_EDGE('',*,*,#1098,.T.);
#1438=ORIENTED_EDGE('',*,*,#1099,.T.);
#1439=ORIENTED_EDGE('',*,*,#1100,.T.);
#1440=ORIENTED_EDGE('',*,*,#1101,.T.);
#1441=ORIENTED_EDGE('',*,*,#1102,.T.);
#1442=ORIENTED_EDGE('',*,*,#1103,.T.);
#1443=ORIENTED_EDGE('',*,*,#1104,.T.);
#1444=ORIENTED_EDGE('',*,*,#1105,.T.);
#1445=ORIENTED_EDGE('',*,*,#1106,.T.);
#1446=ORIENTED_EDGE('',*,*,#1107,.T.);
#1447=ORIENTED_EDGE('',*,*,#1108,.T.);
#1448=ORIENTED_EDGE('',*,*,#1109,.T.);
#1449=ORIENTED_EDGE('',*,*,#1110,.T.);
#1450=ORIENTED_EDGE('',*,*,#1111,.T.);
#1451=ORIENTED_EDGE('',*,*,#1112,.T.);
#1452=ORIENTED_EDGE('',*,*,#1113,.T.);
#1453=ORIENTED_EDGE('',*,*,#1114,.T.);
#1454=ORIENTED_EDGE('',*,*,#1001,.T.);
#1455=ORIENTED_EDGE('',*,*,#1004,.T.);
#1456=ORIENTED_EDGE('',*,*,#1006,.T.);
#1457=ORIENTED_EDGE('',*,*,#1008,.T.);
#1458=ORIENTED_EDGE('',*,*,#1010,.T.);
#1459=ORIENTED_EDGE('',*,*,#1012,.T.);
#1460=ORIENTED_EDGE('',*,*,#1014,.T.);
#1461=ORIENTED_EDGE('',*,*,#1016,.T.);
#1462=ORIENTED_EDGE('',*,*,#1018,.T.);
#1463=ORIENTED_EDGE('',*,*,#1020,.T.);
#1464=ORIENTED_EDGE('',*,*,#1022,.T.);
#1465=ORIENTED_EDGE('',*,*,#1024,.T.);
#1466=ORIENTED_EDGE('',*,*,#1026,.T.);
#1467=ORIENTED_EDGE('',*,*,#1028,.T.);
#1468=ORIENTED_EDGE('',*,*,#1030,.T.);
#1469=ORIENTED_EDGE('',*,*,#1032,.T.);
#1470=ORIENTED_EDGE('',*,*,#1034,.T.);
#1471=ORIENTED_EDGE('',*,*,#1036,.T.);
#1472=ORIENTED_EDGE('',*,*,#1038,.T.);
#1473=ORIENTED_EDGE('',*,*,#1040,.T.);
#1474=ORIENTED_EDGE('',*,*,#1042,.T.);
#1475=ORIENTED_EDGE('',*,*,#1044,.T.);
#1476=ORIENTED_EDGE('',*,*,#1046,.T.);
#1477=ORIENTED_EDGE('',*,*,#1048,.T.);
#1478=ORIENTED_EDGE('',*,*,#1050,.T.);
#1479=ORIENTED_EDGE('',*,*,#1052,.T.);
#1480=ORIENTED_EDGE('',*,*,#1054,.T.);
#1481=ORIENTED_EDGE('',*,*,#1056,.T.);
#1482=ORIENTED_EDGE('',*,*,#1058,.T.);
#1483=ORIENTED_EDGE('',*,*,#1060,.T.);
#1484=ORIENTED_EDGE('',*,*,#1062,.T.);
#1485=ORIENTED_EDGE('',*,*,#1064,.T.);
#1486=ORIENTED_EDGE('',*,*,#927,.T.);
#1487=ORIENTED_EDGE('',*,*,#1115,.T.);
#1488=ORIENTED_EDGE('',*,*,#1116,.T.);
#1489=ORIENTED_EDGE('',*,*,#1115,.F.);
#1490=ORIENTED_EDGE('',*,*,#1116,.F.);
#1491=ORIENTED_EDGE('',*,*,#933,.F.);
#1492=ORIENTED_EDGE('',*,*,#1117,.T.);
#1493=ORIENTED_EDGE('',*,*,#1118,.T.);
#1494=ORIENTED_EDGE('',*,*,#1119,.T.);
#1495=ORIENTED_EDGE('',*,*,#1119,.F.);
#1496=ORIENTED_EDGE('',*,*,#1120,.T.);
#1497=ORIENTED_EDGE('',*,*,#925,.T.);
#1498=ORIENTED_EDGE('',*,*,#924,.T.);
#1499=ORIENTED_EDGE('',*,*,#1120,.F.);
#1500=ORIENTED_EDGE('',*,*,#1118,.F.);
#1501=ORIENTED_EDGE('',*,*,#1121,.T.);
#1502=ORIENTED_EDGE('',*,*,#1072,.T.);
#1503=ORIENTED_EDGE('',*,*,#1067,.F.);
#1504=ORIENTED_EDGE('',*,*,#1078,.F.);
#1505=ORIENTED_EDGE('',*,*,#1073,.F.);
#1506=ORIENTED_EDGE('',*,*,#1079,.F.);
#1507=ORIENTED_EDGE('',*,*,#1075,.F.);
#1508=ORIENTED_EDGE('',*,*,#1077,.F.);
#1509=ORIENTED_EDGE('',*,*,#1069,.F.);
#1510=ORIENTED_EDGE('',*,*,#1071,.T.);
#1511=ORIENTED_EDGE('',*,*,#1121,.F.);
#1512=ORIENTED_EDGE('',*,*,#1117,.F.);
#1513=ORIENTED_EDGE('',*,*,#1122,.T.);
#1514=ORIENTED_EDGE('',*,*,#923,.T.);
#1515=ORIENTED_EDGE('',*,*,#922,.T.);
#1516=ORIENTED_EDGE('',*,*,#1122,.F.);
#1517=ORIENTED_EDGE('',*,*,#967,.T.);
#1518=ORIENTED_EDGE('',*,*,#1002,.T.);
#1519=ORIENTED_EDGE('',*,*,#1114,.F.);
#1520=ORIENTED_EDGE('',*,*,#1123,.F.);
#1521=ORIENTED_EDGE('',*,*,#968,.T.);
#1522=ORIENTED_EDGE('',*,*,#1123,.T.);
#1523=ORIENTED_EDGE('',*,*,#1113,.F.);
#1524=ORIENTED_EDGE('',*,*,#1124,.F.);
#1525=ORIENTED_EDGE('',*,*,#969,.T.);
#1526=ORIENTED_EDGE('',*,*,#1124,.T.);
#1527=ORIENTED_EDGE('',*,*,#1112,.F.);
#1528=ORIENTED_EDGE('',*,*,#1125,.F.);
#1529=ORIENTED_EDGE('',*,*,#970,.T.);
#1530=ORIENTED_EDGE('',*,*,#1125,.T.);
#1531=ORIENTED_EDGE('',*,*,#1111,.F.);
#1532=ORIENTED_EDGE('',*,*,#1126,.F.);
#1533=ORIENTED_EDGE('',*,*,#971,.T.);
#1534=ORIENTED_EDGE('',*,*,#1126,.T.);
#1535=ORIENTED_EDGE('',*,*,#1110,.F.);
#1536=ORIENTED_EDGE('',*,*,#1127,.F.);
#1537=ORIENTED_EDGE('',*,*,#972,.T.);
#1538=ORIENTED_EDGE('',*,*,#1127,.T.);
#1539=ORIENTED_EDGE('',*,*,#1109,.F.);
#1540=ORIENTED_EDGE('',*,*,#1128,.F.);
#1541=ORIENTED_EDGE('',*,*,#973,.T.);
#1542=ORIENTED_EDGE('',*,*,#1128,.T.);
#1543=ORIENTED_EDGE('',*,*,#1108,.F.);
#1544=ORIENTED_EDGE('',*,*,#1129,.F.);
#1545=ORIENTED_EDGE('',*,*,#974,.T.);
#1546=ORIENTED_EDGE('',*,*,#1129,.T.);
#1547=ORIENTED_EDGE('',*,*,#1107,.F.);
#1548=ORIENTED_EDGE('',*,*,#1130,.F.);
#1549=ORIENTED_EDGE('',*,*,#975,.T.);
#1550=ORIENTED_EDGE('',*,*,#1130,.T.);
#1551=ORIENTED_EDGE('',*,*,#1106,.F.);
#1552=ORIENTED_EDGE('',*,*,#1131,.F.);
#1553=ORIENTED_EDGE('',*,*,#976,.T.);
#1554=ORIENTED_EDGE('',*,*,#1131,.T.);
#1555=ORIENTED_EDGE('',*,*,#1105,.F.);
#1556=ORIENTED_EDGE('',*,*,#1132,.F.);
#1557=ORIENTED_EDGE('',*,*,#977,.T.);
#1558=ORIENTED_EDGE('',*,*,#1132,.T.);
#1559=ORIENTED_EDGE('',*,*,#1104,.F.);
#1560=ORIENTED_EDGE('',*,*,#1133,.F.);
#1561=ORIENTED_EDGE('',*,*,#978,.T.);
#1562=ORIENTED_EDGE('',*,*,#1133,.T.);
#1563=ORIENTED_EDGE('',*,*,#1103,.F.);
#1564=ORIENTED_EDGE('',*,*,#1134,.F.);
#1565=ORIENTED_EDGE('',*,*,#979,.T.);
#1566=ORIENTED_EDGE('',*,*,#1134,.T.);
#1567=ORIENTED_EDGE('',*,*,#1102,.F.);
#1568=ORIENTED_EDGE('',*,*,#1135,.F.);
#1569=ORIENTED_EDGE('',*,*,#980,.T.);
#1570=ORIENTED_EDGE('',*,*,#1135,.T.);
#1571=ORIENTED_EDGE('',*,*,#1101,.F.);
#1572=ORIENTED_EDGE('',*,*,#1136,.F.);
#1573=ORIENTED_EDGE('',*,*,#981,.T.);
#1574=ORIENTED_EDGE('',*,*,#1136,.T.);
#1575=ORIENTED_EDGE('',*,*,#1100,.F.);
#1576=ORIENTED_EDGE('',*,*,#1137,.F.);
#1577=ORIENTED_EDGE('',*,*,#982,.T.);
#1578=ORIENTED_EDGE('',*,*,#1137,.T.);
#1579=ORIENTED_EDGE('',*,*,#1099,.F.);
#1580=ORIENTED_EDGE('',*,*,#1138,.F.);
#1581=ORIENTED_EDGE('',*,*,#983,.T.);
#1582=ORIENTED_EDGE('',*,*,#1138,.T.);
#1583=ORIENTED_EDGE('',*,*,#1098,.F.);
#1584=ORIENTED_EDGE('',*,*,#1139,.F.);
#1585=ORIENTED_EDGE('',*,*,#984,.T.);
#1586=ORIENTED_EDGE('',*,*,#1139,.T.);
#1587=ORIENTED_EDGE('',*,*,#1097,.F.);
#1588=ORIENTED_EDGE('',*,*,#1140,.F.);
#1589=ORIENTED_EDGE('',*,*,#985,.T.);
#1590=ORIENTED_EDGE('',*,*,#1140,.T.);
#1591=ORIENTED_EDGE('',*,*,#1096,.F.);
#1592=ORIENTED_EDGE('',*,*,#1141,.F.);
#1593=ORIENTED_EDGE('',*,*,#986,.T.);
#1594=ORIENTED_EDGE('',*,*,#1141,.T.);
#1595=ORIENTED_EDGE('',*,*,#1095,.F.);
#1596=ORIENTED_EDGE('',*,*,#1142,.F.);
#1597=ORIENTED_EDGE('',*,*,#987,.T.);
#1598=ORIENTED_EDGE('',*,*,#1142,.T.);
#1599=ORIENTED_EDGE('',*,*,#1094,.F.);
#1600=ORIENTED_EDGE('',*,*,#1143,.F.);
#1601=ORIENTED_EDGE('',*,*,#988,.T.);
#1602=ORIENTED_EDGE('',*,*,#1143,.T.);
#1603=ORIENTED_EDGE('',*,*,#1093,.F.);
#1604=ORIENTED_EDGE('',*,*,#1144,.F.);
#1605=ORIENTED_EDGE('',*,*,#989,.T.);
#1606=ORIENTED_EDGE('',*,*,#1144,.T.);
#1607=ORIENTED_EDGE('',*,*,#1092,.F.);
#1608=ORIENTED_EDGE('',*,*,#1145,.F.);
#1609=ORIENTED_EDGE('',*,*,#990,.T.);
#1610=ORIENTED_EDGE('',*,*,#1145,.T.);
#1611=ORIENTED_EDGE('',*,*,#1091,.F.);
#1612=ORIENTED_EDGE('',*,*,#1146,.F.);
#1613=ORIENTED_EDGE('',*,*,#991,.T.);
#1614=ORIENTED_EDGE('',*,*,#1146,.T.);
#1615=ORIENTED_EDGE('',*,*,#1090,.F.);
#1616=ORIENTED_EDGE('',*,*,#1147,.F.);
#1617=ORIENTED_EDGE('',*,*,#992,.T.);
#1618=ORIENTED_EDGE('',*,*,#1147,.T.);
#1619=ORIENTED_EDGE('',*,*,#1089,.F.);
#1620=ORIENTED_EDGE('',*,*,#1148,.F.);
#1621=ORIENTED_EDGE('',*,*,#993,.T.);
#1622=ORIENTED_EDGE('',*,*,#1148,.T.);
#1623=ORIENTED_EDGE('',*,*,#1088,.F.);
#1624=ORIENTED_EDGE('',*,*,#1149,.F.);
#1625=ORIENTED_EDGE('',*,*,#994,.T.);
#1626=ORIENTED_EDGE('',*,*,#1149,.T.);
#1627=ORIENTED_EDGE('',*,*,#1087,.F.);
#1628=ORIENTED_EDGE('',*,*,#1150,.F.);
#1629=ORIENTED_EDGE('',*,*,#995,.T.);
#1630=ORIENTED_EDGE('',*,*,#1150,.T.);
#1631=ORIENTED_EDGE('',*,*,#1086,.F.);
#1632=ORIENTED_EDGE('',*,*,#1151,.F.);
#1633=ORIENTED_EDGE('',*,*,#996,.T.);
#1634=ORIENTED_EDGE('',*,*,#1151,.T.);
#1635=ORIENTED_EDGE('',*,*,#1085,.F.);
#1636=ORIENTED_EDGE('',*,*,#1152,.F.);
#1637=ORIENTED_EDGE('',*,*,#997,.T.);
#1638=ORIENTED_EDGE('',*,*,#1152,.T.);
#1639=ORIENTED_EDGE('',*,*,#1084,.F.);
#1640=ORIENTED_EDGE('',*,*,#1153,.F.);
#1641=ORIENTED_EDGE('',*,*,#998,.T.);
#1642=ORIENTED_EDGE('',*,*,#1153,.T.);
#1643=ORIENTED_EDGE('',*,*,#1083,.F.);
#1644=ORIENTED_EDGE('',*,*,#1154,.F.);
#1645=ORIENTED_EDGE('',*,*,#999,.T.);
#1646=ORIENTED_EDGE('',*,*,#1154,.T.);
#1647=ORIENTED_EDGE('',*,*,#1082,.F.);
#1648=ORIENTED_EDGE('',*,*,#1065,.F.);
#1649=TOROIDAL_SURFACE('',#1757,8.75,0.25);
#1650=TOROIDAL_SURFACE('',#1767,8.75,0.25);
#1651=TOROIDAL_SURFACE('',#1775,2.2,0.5);
#1652=TOROIDAL_SURFACE('',#1816,5.5,0.5);
#1653=TOROIDAL_SURFACE('',#1822,5.5,0.5);
#1654=TOROIDAL_SURFACE('',#1828,8.5,0.5);
#1655=TOROIDAL_SURFACE('',#1832,8.5,0.5);
#1656=ADVANCED_FACE('',(#529),#1649,.T.);
#1657=ADVANCED_FACE('',(#530),#527,.T.);
#1658=ADVANCED_FACE('',(#531),#104,.T.);
#1659=ADVANCED_FACE('',(#532),#1650,.T.);
#1660=ADVANCED_FACE('',(#533,#86,#87),#528,.T.);
#1661=ADVANCED_FACE('',(#534),#105,.T.);
#1662=ADVANCED_FACE('',(#535),#1651,.T.);
#1663=ADVANCED_FACE('',(#536),#106,.F.);
#1664=ADVANCED_FACE('',(#537,#88),#15,.T.);
#1665=ADVANCED_FACE('',(#538),#16,.T.);
#1666=ADVANCED_FACE('',(#539),#17,.T.);
#1667=ADVANCED_FACE('',(#540),#18,.T.);
#1668=ADVANCED_FACE('',(#541),#19,.T.);
#1669=ADVANCED_FACE('',(#542),#20,.T.);
#1670=ADVANCED_FACE('',(#543),#21,.T.);
#1671=ADVANCED_FACE('',(#544),#22,.T.);
#1672=ADVANCED_FACE('',(#545),#23,.T.);
#1673=ADVANCED_FACE('',(#546),#24,.T.);
#1674=ADVANCED_FACE('',(#547),#25,.T.);
#1675=ADVANCED_FACE('',(#548),#26,.T.);
#1676=ADVANCED_FACE('',(#549),#27,.T.);
#1677=ADVANCED_FACE('',(#550),#28,.T.);
#1678=ADVANCED_FACE('',(#551),#29,.T.);
#1679=ADVANCED_FACE('',(#552),#30,.T.);
#1680=ADVANCED_FACE('',(#553),#31,.T.);
#1681=ADVANCED_FACE('',(#554),#32,.T.);
#1682=ADVANCED_FACE('',(#555),#33,.T.);
#1683=ADVANCED_FACE('',(#556),#34,.T.);
#1684=ADVANCED_FACE('',(#557),#35,.T.);
#1685=ADVANCED_FACE('',(#558),#36,.T.);
#1686=ADVANCED_FACE('',(#559),#37,.T.);
#1687=ADVANCED_FACE('',(#560),#38,.T.);
#1688=ADVANCED_FACE('',(#561),#39,.T.);
#1689=ADVANCED_FACE('',(#562),#40,.T.);
#1690=ADVANCED_FACE('',(#563),#41,.T.);
#1691=ADVANCED_FACE('',(#564),#42,.T.);
#1692=ADVANCED_FACE('',(#565),#43,.T.);
#1693=ADVANCED_FACE('',(#566),#44,.T.);
#1694=ADVANCED_FACE('',(#567),#45,.T.);
#1695=ADVANCED_FACE('',(#568),#46,.T.);
#1696=ADVANCED_FACE('',(#569),#47,.T.);
#1697=ADVANCED_FACE('',(#570),#48,.T.);
#1698=ADVANCED_FACE('',(#571),#1652,.F.);
#1699=ADVANCED_FACE('',(#572,#89),#49,.F.);
#1700=ADVANCED_FACE('',(#573),#1653,.F.);
#1701=ADVANCED_FACE('',(#574),#107,.T.);
#1702=ADVANCED_FACE('',(#575,#90),#50,.T.);
#1703=ADVANCED_FACE('',(#576),#1654,.T.);
#1704=ADVANCED_FACE('',(#577,#91),#51,.T.);
#1705=ADVANCED_FACE('',(#578),#1655,.T.);
#1706=ADVANCED_FACE('',(#579,#92,#93,#94,#95),#52,.F.);
#1707=ADVANCED_FACE('',(#580),#108,.F.);
#1708=ADVANCED_FACE('',(#581),#109,.F.);
#1709=ADVANCED_FACE('',(#582),#110,.F.);
#1710=ADVANCED_FACE('',(#583),#53,.T.);
#1711=ADVANCED_FACE('',(#584),#54,.T.);
#1712=ADVANCED_FACE('',(#585),#55,.T.);
#1713=ADVANCED_FACE('',(#586),#56,.T.);
#1714=ADVANCED_FACE('',(#587),#57,.T.);
#1715=ADVANCED_FACE('',(#588),#58,.T.);
#1716=ADVANCED_FACE('',(#589),#59,.T.);
#1717=ADVANCED_FACE('',(#590),#60,.T.);
#1718=ADVANCED_FACE('',(#591),#61,.T.);
#1719=ADVANCED_FACE('',(#592),#62,.T.);
#1720=ADVANCED_FACE('',(#593),#63,.T.);
#1721=ADVANCED_FACE('',(#594),#64,.T.);
#1722=ADVANCED_FACE('',(#595),#65,.T.);
#1723=ADVANCED_FACE('',(#596),#66,.T.);
#1724=ADVANCED_FACE('',(#597),#67,.T.);
#1725=ADVANCED_FACE('',(#598),#68,.T.);
#1726=ADVANCED_FACE('',(#599),#69,.T.);
#1727=ADVANCED_FACE('',(#600),#70,.T.);
#1728=ADVANCED_FACE('',(#601),#71,.T.);
#1729=ADVANCED_FACE('',(#602),#72,.T.);
#1730=ADVANCED_FACE('',(#603),#73,.T.);
#1731=ADVANCED_FACE('',(#604),#74,.T.);
#1732=ADVANCED_FACE('',(#605),#75,.T.);
#1733=ADVANCED_FACE('',(#606),#76,.T.);
#1734=ADVANCED_FACE('',(#607),#77,.T.);
#1735=ADVANCED_FACE('',(#608),#78,.T.);
#1736=ADVANCED_FACE('',(#609),#79,.T.);
#1737=ADVANCED_FACE('',(#610),#80,.T.);
#1738=ADVANCED_FACE('',(#611),#81,.T.);
#1739=ADVANCED_FACE('',(#612),#82,.T.);
#1740=ADVANCED_FACE('',(#613),#83,.T.);
#1741=ADVANCED_FACE('',(#614),#84,.T.);
#1742=ADVANCED_FACE('',(#615),#85,.T.);
#1743=CLOSED_SHELL('',(#1656,#1657,#1658,#1659,#1660,#1661,#1662,#1663,
#1664,#1665,#1666,#1667,#1668,#1669,#1670,#1671,#1672,#1673,#1674,#1675,
#1676,#1677,#1678,#1679,#1680,#1681,#1682,#1683,#1684,#1685,#1686,#1687,
#1688,#1689,#1690,#1691,#1692,#1693,#1694,#1695,#1696,#1697,#1698,#1699,
#1700,#1701,#1702,#1703,#1704,#1705,#1706,#1707,#1708,#1709,#1710,#1711,
#1712,#1713,#1714,#1715,#1716,#1717,#1718,#1719,#1720,#1721,#1722,#1723,
#1724,#1725,#1726,#1727,#1728,#1729,#1730,#1731,#1732,#1733,#1734,#1735,
#1736,#1737,#1738,#1739,#1740,#1741,#1742));
#1744=DERIVED_UNIT_ELEMENT(#1746,1.);
#1745=DERIVED_UNIT_ELEMENT(#2945,-3.);
#1746=(
MASS_UNIT()
NAMED_UNIT(*)
SI_UNIT(.KILO.,.GRAM.)
);
#1747=DERIVED_UNIT((#1744,#1745));
#1748=MEASURE_REPRESENTATION_ITEM('density measure',
POSITIVE_RATIO_MEASURE(7850.),#1747);
#1749=PROPERTY_DEFINITION_REPRESENTATION(#1754,#1751);
#1750=PROPERTY_DEFINITION_REPRESENTATION(#1755,#1752);
#1751=REPRESENTATION('material name',(#1753),#2942);
#1752=REPRESENTATION('density',(#1748),#2942);
#1753=DESCRIPTIVE_REPRESENTATION_ITEM('Steel','Steel');
#1754=PROPERTY_DEFINITION('material property','material name',#2952);
#1755=PROPERTY_DEFINITION('material property','density of part',#2952);
#1756=AXIS2_PLACEMENT_3D('',#2321,#1875,#1876);
#1757=AXIS2_PLACEMENT_3D('',#2322,#1877,#1878);
#1758=AXIS2_PLACEMENT_3D('',#2325,#1879,#1880);
#1759=AXIS2_PLACEMENT_3D('',#2327,#1881,#1882);
#1760=AXIS2_PLACEMENT_3D('',#2329,#1883,#1884);
#1761=AXIS2_PLACEMENT_3D('',#2330,#1885,#1886);
#1762=AXIS2_PLACEMENT_3D('',#2331,#1887,#1888);
#1763=AXIS2_PLACEMENT_3D('',#2332,#1889,#1890);
#1764=AXIS2_PLACEMENT_3D('',#2335,#1892,#1893);
#1765=AXIS2_PLACEMENT_3D('',#2336,#1894,#1895);
#1766=AXIS2_PLACEMENT_3D('',#2338,#1896,#1897);
#1767=AXIS2_PLACEMENT_3D('',#2340,#1899,#1900);
#1768=AXIS2_PLACEMENT_3D('',#2342,#1901,#1902);
#1769=AXIS2_PLACEMENT_3D('',#2344,#1903,#1904);
#1770=AXIS2_PLACEMENT_3D('',#2345,#1905,#1906);
#1771=AXIS2_PLACEMENT_3D('',#2346,#1907,#1908);
#1772=AXIS2_PLACEMENT_3D('',#2349,#1910,#1911);
#1773=AXIS2_PLACEMENT_3D('',#2430,#1912,#1913);
#1774=AXIS2_PLACEMENT_3D('',#2433,#1915,#1916);
#1775=AXIS2_PLACEMENT_3D('',#2434,#1917,#1918);
#1776=AXIS2_PLACEMENT_3D('',#2436,#1919,#1920);
#1777=AXIS2_PLACEMENT_3D('',#2438,#1921,#1922);
#1778=AXIS2_PLACEMENT_3D('',#2440,#1923,#1924);
#1779=AXIS2_PLACEMENT_3D('',#2441,#1925,#1926);
#1780=AXIS2_PLACEMENT_3D('',#2442,#1927,#1928);
#1781=AXIS2_PLACEMENT_3D('',#2445,#1930,#1931);
#1782=AXIS2_PLACEMENT_3D('',#2446,#1932,#1933);
#1783=AXIS2_PLACEMENT_3D('',#2579,#2000,#2001);
#1784=AXIS2_PLACEMENT_3D('',#2585,#2005,#2006);
#1785=AXIS2_PLACEMENT_3D('',#2589,#2009,#2010);
#1786=AXIS2_PLACEMENT_3D('',#2593,#2013,#2014);
#1787=AXIS2_PLACEMENT_3D('',#2597,#2017,#2018);
#1788=AXIS2_PLACEMENT_3D('',#2601,#2021,#2022);
#1789=AXIS2_PLACEMENT_3D('',#2605,#2025,#2026);
#1790=AXIS2_PLACEMENT_3D('',#2609,#2029,#2030);
#1791=AXIS2_PLACEMENT_3D('',#2613,#2033,#2034);
#1792=AXIS2_PLACEMENT_3D('',#2617,#2037,#2038);
#1793=AXIS2_PLACEMENT_3D('',#2621,#2041,#2042);
#1794=AXIS2_PLACEMENT_3D('',#2625,#2045,#2046);
#1795=AXIS2_PLACEMENT_3D('',#2629,#2049,#2050);
#1796=AXIS2_PLACEMENT_3D('',#2633,#2053,#2054);
#1797=AXIS2_PLACEMENT_3D('',#2637,#2057,#2058);
#1798=AXIS2_PLACEMENT_3D('',#2641,#2061,#2062);
#1799=AXIS2_PLACEMENT_3D('',#2645,#2065,#2066);
#1800=AXIS2_PLACEMENT_3D('',#2649,#2069,#2070);
#1801=AXIS2_PLACEMENT_3D('',#2653,#2073,#2074);
#1802=AXIS2_PLACEMENT_3D('',#2657,#2077,#2078);
#1803=AXIS2_PLACEMENT_3D('',#2661,#2081,#2082);
#1804=AXIS2_PLACEMENT_3D('',#2665,#2085,#2086);
#1805=AXIS2_PLACEMENT_3D('',#2669,#2089,#2090);
#1806=AXIS2_PLACEMENT_3D('',#2673,#2093,#2094);
#1807=AXIS2_PLACEMENT_3D('',#2677,#2097,#2098);
#1808=AXIS2_PLACEMENT_3D('',#2681,#2101,#2102);
#1809=AXIS2_PLACEMENT_3D('',#2685,#2105,#2106);
#1810=AXIS2_PLACEMENT_3D('',#2689,#2109,#2110);
#1811=AXIS2_PLACEMENT_3D('',#2693,#2113,#2114);
#1812=AXIS2_PLACEMENT_3D('',#2697,#2117,#2118);
#1813=AXIS2_PLACEMENT_3D('',#2701,#2121,#2122);
#1814=AXIS2_PLACEMENT_3D('',#2705,#2125,#2126);
#1815=AXIS2_PLACEMENT_3D('',#2709,#2129,#2130);
#1816=AXIS2_PLACEMENT_3D('',#2713,#2133,#2134);
#1817=AXIS2_PLACEMENT_3D('',#2731,#2135,#2136);
#1818=AXIS2_PLACEMENT_3D('',#2747,#2137,#2138);
#1819=AXIS2_PLACEMENT_3D('',#2748,#2139,#2140);
#1820=AXIS2_PLACEMENT_3D('',#2750,#2141,#2142);
#1821=AXIS2_PLACEMENT_3D('',#2751,#2143,#2144);
#1822=AXIS2_PLACEMENT_3D('',#2752,#2145,#2146);
#1823=AXIS2_PLACEMENT_3D('',#2768,#2147,#2148);
#1824=AXIS2_PLACEMENT_3D('',#2782,#2149,#2150);
#1825=AXIS2_PLACEMENT_3D('',#2783,#2151,#2152);
#1826=AXIS2_PLACEMENT_3D('',#2786,#2155,#2156);
#1827=AXIS2_PLACEMENT_3D('',#2787,#2157,#2158);
#1828=AXIS2_PLACEMENT_3D('',#2788,#2159,#2160);
#1829=AXIS2_PLACEMENT_3D('',#2790,#2161,#2162);
#1830=AXIS2_PLACEMENT_3D('',#2791,#2163,#2164);
#1831=AXIS2_PLACEMENT_3D('',#2792,#2165,#2166);
#1832=AXIS2_PLACEMENT_3D('',#2858,#2200,#2201);
#1833=AXIS2_PLACEMENT_3D('',#2860,#2202,#2203);
#1834=AXIS2_PLACEMENT_3D('',#2861,#2204,#2205);
#1835=AXIS2_PLACEMENT_3D('',#2862,#2206,#2207);
#1836=AXIS2_PLACEMENT_3D('',#2864,#2208,#2209);
#1837=AXIS2_PLACEMENT_3D('',#2866,#2210,#2211);
#1838=AXIS2_PLACEMENT_3D('',#2868,#2212,#2213);
#1839=AXIS2_PLACEMENT_3D('',#2869,#2214,#2215);
#1840=AXIS2_PLACEMENT_3D('',#2871,#2217,#2218);
#1841=AXIS2_PLACEMENT_3D('',#2873,#2220,#2221);
#1842=AXIS2_PLACEMENT_3D('',#2875,#2223,#2224);
#1843=AXIS2_PLACEMENT_3D('',#2877,#2226,#2227);
#1844=AXIS2_PLACEMENT_3D('',#2879,#2229,#2230);
#1845=AXIS2_PLACEMENT_3D('',#2881,#2232,#2233);
#1846=AXIS2_PLACEMENT_3D('',#2883,#2235,#2236);
#1847=AXIS2_PLACEMENT_3D('',#2885,#2238,#2239);
#1848=AXIS2_PLACEMENT_3D('',#2887,#2241,#2242);
#1849=AXIS2_PLACEMENT_3D('',#2889,#2244,#2245);
#1850=AXIS2_PLACEMENT_3D('',#2891,#2247,#2248);
#1851=AXIS2_PLACEMENT_3D('',#2893,#2250,#2251);
#1852=AXIS2_PLACEMENT_3D('',#2895,#2253,#2254);
#1853=AXIS2_PLACEMENT_3D('',#2897,#2256,#2257);
#1854=AXIS2_PLACEMENT_3D('',#2899,#2259,#2260);
#1855=AXIS2_PLACEMENT_3D('',#2901,#2262,#2263);
#1856=AXIS2_PLACEMENT_3D('',#2903,#2265,#2266);
#1857=AXIS2_PLACEMENT_3D('',#2905,#2268,#2269);
#1858=AXIS2_PLACEMENT_3D('',#2907,#2271,#2272);
#1859=AXIS2_PLACEMENT_3D('',#2909,#2274,#2275);
#1860=AXIS2_PLACEMENT_3D('',#2911,#2277,#2278);
#1861=AXIS2_PLACEMENT_3D('',#2913,#2280,#2281);
#1862=AXIS2_PLACEMENT_3D('',#2915,#2283,#2284);
#1863=AXIS2_PLACEMENT_3D('',#2917,#2286,#2287);
#1864=AXIS2_PLACEMENT_3D('',#2919,#2289,#2290);
#1865=AXIS2_PLACEMENT_3D('',#2921,#2292,#2293);
#1866=AXIS2_PLACEMENT_3D('',#2923,#2295,#2296);
#1867=AXIS2_PLACEMENT_3D('',#2925,#2298,#2299);
#1868=AXIS2_PLACEMENT_3D('',#2927,#2301,#2302);
#1869=AXIS2_PLACEMENT_3D('',#2929,#2304,#2305);
#1870=AXIS2_PLACEMENT_3D('',#2931,#2307,#2308);
#1871=AXIS2_PLACEMENT_3D('',#2933,#2310,#2311);
#1872=AXIS2_PLACEMENT_3D('',#2935,#2313,#2314);
#1873=AXIS2_PLACEMENT_3D('',#2937,#2316,#2317);
#1874=AXIS2_PLACEMENT_3D('',#2939,#2319,#2320);
#1875=DIRECTION('axis',(0.,0.,1.));
#1876=DIRECTION('refdir',(1.,0.,0.));
#1877=DIRECTION('center_axis',(0.,0.,-1.));
#1878=DIRECTION('ref_axis',(-1.,0.,0.));
#1879=DIRECTION('center_axis',(0.,0.,1.));
#1880=DIRECTION('ref_axis',(1.,6.12323399573677E-17,0.));
#1881=DIRECTION('center_axis',(-1.22464679914735E-16,-1.,0.));
#1882=DIRECTION('ref_axis',(1.,-1.22464679914735E-16,0.));
#1883=DIRECTION('center_axis',(0.,0.,-1.));
#1884=DIRECTION('ref_axis',(1.,0.,0.));
#1885=DIRECTION('center_axis',(0.,0.,-1.));
#1886=DIRECTION('ref_axis',(1.,0.,0.));
#1887=DIRECTION('center_axis',(0.,0.,1.));
#1888=DIRECTION('ref_axis',(1.,6.12323399573677E-17,0.));
#1889=DIRECTION('center_axis',(0.,0.,1.));
#1890=DIRECTION('ref_axis',(1.,0.,0.));
#1891=DIRECTION('',(0.986393923832144,1.20798416151943E-16,-0.164398987305357));
#1892=DIRECTION('center_axis',(0.,0.,1.));
#1893=DIRECTION('ref_axis',(1.,0.,0.));
#1894=DIRECTION('center_axis',(0.,0.,1.));
#1895=DIRECTION('ref_axis',(1.,0.,0.));
#1896=DIRECTION('center_axis',(0.,0.,1.));
#1897=DIRECTION('ref_axis',(1.,0.,0.));
#1898=DIRECTION('',(0.,0.,-1.));
#1899=DIRECTION('center_axis',(0.,0.,1.));
#1900=DIRECTION('ref_axis',(1.,0.,0.));
#1901=DIRECTION('center_axis',(0.,0.,-1.));
#1902=DIRECTION('ref_axis',(1.,-6.12323399573677E-17,0.));
#1903=DIRECTION('center_axis',(1.22464679914735E-16,-1.,0.));
#1904=DIRECTION('ref_axis',(-1.,-1.22464679914735E-16,0.));
#1905=DIRECTION('center_axis',(0.,0.,1.));
#1906=DIRECTION('ref_axis',(1.,0.,0.));
#1907=DIRECTION('center_axis',(0.,0.,-1.));
#1908=DIRECTION('ref_axis',(1.,0.,0.));
#1909=DIRECTION('',(0.986393923832144,-1.20798416151943E-16,0.164398987305357));
#1910=DIRECTION('center_axis',(0.,0.,-1.));
#1911=DIRECTION('ref_axis',(1.,0.,0.));
#1912=DIRECTION('center_axis',(0.,0.,1.));
#1913=DIRECTION('ref_axis',(1.,0.,0.));
#1914=DIRECTION('',(0.,0.,-1.));
#1915=DIRECTION('center_axis',(0.,0.,-1.));
#1916=DIRECTION('ref_axis',(1.,0.,0.));
#1917=DIRECTION('center_axis',(0.,0.,-1.));
#1918=DIRECTION('ref_axis',(-1.,0.,0.));
#1919=DIRECTION('center_axis',(0.,0.,1.));
#1920=DIRECTION('ref_axis',(1.,0.,0.));
#1921=DIRECTION('center_axis',(-1.22464679914735E-16,-1.,0.));
#1922=DIRECTION('ref_axis',(1.,-1.22464679914735E-16,0.));
#1923=DIRECTION('center_axis',(0.,0.,-1.));
#1924=DIRECTION('ref_axis',(1.,0.,0.));
#1925=DIRECTION('center_axis',(0.,0.,-1.));
#1926=DIRECTION('ref_axis',(1.,0.,0.));
#1927=DIRECTION('center_axis',(0.,0.,1.));
#1928=DIRECTION('ref_axis',(1.,0.,0.));
#1929=DIRECTION('',(0.,0.,-1.));
#1930=DIRECTION('center_axis',(0.,0.,-1.));
#1931=DIRECTION('ref_axis',(1.,0.,0.));
#1932=DIRECTION('center_axis',(0.,0.,1.));
#1933=DIRECTION('ref_axis',(1.,0.,0.));
#1934=DIRECTION('',(0.954107290856292,0.299464985490571,0.));
#1935=DIRECTION('',(-0.142250075955823,-0.989830751134032,0.));
#1936=DIRECTION('',(0.880191208012889,0.474619255126477,0.));
#1937=DIRECTION('',(0.0476472695894813,-0.99886422385661,0.));
#1938=DIRECTION('',(0.774462721596089,0.632619548273667,0.));
#1939=DIRECTION('',(0.235822518668088,-0.971796141013659,0.));
#1940=DIRECTION('',(0.640743134577865,0.767755322672094,0.));
#1941=DIRECTION('',(0.415474527492463,-0.909604813644318,0.));
#1942=DIRECTION('',(0.483865421236039,0.875142419342172,0.));
#1943=DIRECTION('',(0.580110204384904,-0.81453799835766,0.));
#1944=DIRECTION('',(0.309499550871679,0.95089958881589,0.));
#1945=DIRECTION('',(0.723779187028515,-0.690031657552276,0.));
#1946=DIRECTION('',(0.123947560345626,0.992288769605082,0.));
#1947=DIRECTION('',(0.841288904064613,-0.540585774783024,0.));
#1948=DIRECTION('',(-0.0660842179535541,0.997814048877579,0.));
#1949=DIRECTION('',(0.928392248150953,-0.371601713630629,0.));
#1950=DIRECTION('',(-0.253727540435138,0.967275728644493,0.));
#1951=DIRECTION('',(0.981941077486717,-0.189186998348789,0.));
#1952=DIRECTION('',(-0.432200488524738,0.901777543365867,0.));
#1953=DIRECTION('',(0.99999999785959,6.54279752824833E-5,0.));
#1954=DIRECTION('',(-0.595052584871671,0.803686768111522,0.));
#1955=DIRECTION('',(0.981916312835237,0.189315489561877,0.));
#1956=DIRECTION('',(-0.736397930406935,0.676548659072194,0.));
#1957=DIRECTION('',(0.928343613907006,0.371723196099033,0.));
#1958=DIRECTION('',(-0.851127936071235,0.524958318763613,0.));
#1959=DIRECTION('',(0.841218157996501,0.540695857813776,0.));
#1960=DIRECTION('',(-0.935095960533677,0.354394617049412,0.));
#1961=DIRECTION('',(0.723688886083473,0.69012636245782,0.));
#1962=DIRECTION('',(-0.985267180613686,0.171022170508848,0.));
#1963=DIRECTION('',(0.580003612274363,0.814613902255965,0.));
#1964=DIRECTION('',(-0.999828277697715,-0.0185314628678219,0.));
#1965=DIRECTION('',(0.415355496733007,0.909659173170742,0.));
#1966=DIRECTION('',(-0.978252975798575,-0.207415320893208,0.));
#1967=DIRECTION('',(0.235695351341516,0.971826991473276,0.));
#1968=DIRECTION('',(-0.921321062540814,-0.388802648806132,0.));
#1969=DIRECTION('',(0.0475165618543115,0.998870450233435,0.));
#1970=DIRECTION('',(-0.83109020560422,-0.556137635975786,0.));
#1971=DIRECTION('',(-0.142379599981518,0.989812128390587,0.));
#1972=DIRECTION('',(-0.710821583252656,-0.703372359978829,0.));
#1973=DIRECTION('',(-0.327129792107583,0.944979417297355,0.));
#1974=DIRECTION('',(-0.564862016854808,-0.825185374273392,0.));
#1975=DIRECTION('',(-0.500056661218495,0.865992687943156,0.));
#1976=DIRECTION('',(-0.398486865434169,-0.917174039142218,0.));
#1977=DIRECTION('',(-0.654910179708103,0.755706726524715,0.));
#1978=DIRECTION('',(-0.217709360449353,-0.976013644562787,0.));
#1979=DIRECTION('',(-0.786093537951186,0.618107555035034,0.));
#1980=DIRECTION('',(-0.0290632719416748,-0.999577573890113,0.));
#1981=DIRECTION('',(-0.888865427585997,0.458168366042836,0.));
#1982=DIRECTION('',(0.16063323893759,-0.987014165323081,0.));
#1983=DIRECTION('',(-0.95951140475155,0.28166977855586,0.));
#1984=DIRECTION('',(0.344524046035815,-0.938777493180951,0.));
#1985=DIRECTION('',(-0.995478139766821,0.0949909113883545,0.));
#1986=DIRECTION('',(0.51596285646167,-0.856610956474358,0.));
#1987=DIRECTION('',(-0.995465701117914,-0.0951211748130732,0.));
#1988=DIRECTION('',(0.668753424926881,-0.743484267922709,0.));
#1989=DIRECTION('',(-0.959474538370013,-0.281795333921004,0.));
#1990=DIRECTION('',(0.797373502195203,-0.603486120798943,0.));
#1991=DIRECTION('',(-0.888805465918904,-0.458284675450402,0.));
#1992=DIRECTION('',(0.89717442355775,-0.44167641290182,0.));
#1993=DIRECTION('',(-0.78601264816943,-0.618210414759959,0.));
#1994=DIRECTION('',(0.9645491236878,-0.263903368665688,0.));
#1995=DIRECTION('',(-0.654811285379137,-0.755792418948565,0.));
#1996=DIRECTION('',(0.997062505379532,-0.0765921690924722,0.));
#1997=DIRECTION('',(-0.499943336641064,-0.866058115918441,0.));
#1998=DIRECTION('',(0.993539450305829,0.113487271030683,0.));
#1999=DIRECTION('',(-0.327006133127154,-0.945022216086599,0.));
#2000=DIRECTION('center_axis',(-0.207415320893208,0.978252975798575,0.));
#2001=DIRECTION('ref_axis',(-0.978252975798575,-0.207415320893208,0.));
#2002=DIRECTION('',(0.,0.,1.));
#2003=DIRECTION('',(-0.978252975798575,-0.207415320893208,0.));
#2004=DIRECTION('',(0.,0.,1.));
#2005=DIRECTION('center_axis',(0.909659173170742,-0.415355496733007,0.));
#2006=DIRECTION('ref_axis',(0.415355496733007,0.909659173170742,0.));
#2007=DIRECTION('',(0.,0.,1.));
#2008=DIRECTION('',(0.415355496733007,0.909659173170742,0.));
#2009=DIRECTION('center_axis',(-0.0185314628678219,0.999828277697715,0.));
#2010=DIRECTION('ref_axis',(-0.999828277697715,-0.0185314628678219,0.));
#2011=DIRECTION('',(0.,0.,1.));
#2012=DIRECTION('',(-0.999828277697715,-0.0185314628678219,0.));
#2013=DIRECTION('center_axis',(0.814613902255965,-0.580003612274363,0.));
#2014=DIRECTION('ref_axis',(0.580003612274363,0.814613902255965,0.));
#2015=DIRECTION('',(0.,0.,1.));
#2016=DIRECTION('',(0.580003612274363,0.814613902255965,0.));
#2017=DIRECTION('center_axis',(0.171022170508848,0.985267180613686,0.));
#2018=DIRECTION('ref_axis',(-0.985267180613686,0.171022170508848,0.));
#2019=DIRECTION('',(0.,0.,1.));
#2020=DIRECTION('',(-0.985267180613686,0.171022170508848,0.));
#2021=DIRECTION('center_axis',(0.69012636245782,-0.723688886083473,0.));
#2022=DIRECTION('ref_axis',(0.723688886083473,0.69012636245782,0.));
#2023=DIRECTION('',(0.,0.,1.));
#2024=DIRECTION('',(0.723688886083473,0.69012636245782,0.));
#2025=DIRECTION('center_axis',(0.354394617049412,0.935095960533677,0.));
#2026=DIRECTION('ref_axis',(-0.935095960533677,0.354394617049412,0.));
#2027=DIRECTION('',(0.,0.,1.));
#2028=DIRECTION('',(-0.935095960533677,0.354394617049412,0.));
#2029=DIRECTION('center_axis',(0.540695857813776,-0.841218157996501,0.));
#2030=DIRECTION('ref_axis',(0.841218157996501,0.540695857813776,0.));
#2031=DIRECTION('',(0.,0.,1.));
#2032=DIRECTION('',(0.841218157996501,0.540695857813776,0.));
#2033=DIRECTION('center_axis',(0.524958318763613,0.851127936071235,0.));
#2034=DIRECTION('ref_axis',(-0.851127936071235,0.524958318763613,0.));
#2035=DIRECTION('',(0.,0.,1.));
#2036=DIRECTION('',(-0.851127936071236,0.524958318763613,0.));
#2037=DIRECTION('center_axis',(0.371723196099033,-0.928343613907006,0.));
#2038=DIRECTION('ref_axis',(0.928343613907006,0.371723196099033,0.));
#2039=DIRECTION('',(0.,0.,1.));
#2040=DIRECTION('',(0.928343613907006,0.371723196099033,0.));
#2041=DIRECTION('center_axis',(0.676548659072194,0.736397930406935,0.));
#2042=DIRECTION('ref_axis',(-0.736397930406935,0.676548659072194,0.));
#2043=DIRECTION('',(0.,0.,1.));
#2044=DIRECTION('',(-0.736397930406935,0.676548659072194,0.));
#2045=DIRECTION('center_axis',(0.189315489561877,-0.981916312835237,0.));
#2046=DIRECTION('ref_axis',(0.981916312835237,0.189315489561877,0.));
#2047=DIRECTION('',(0.,0.,1.));
#2048=DIRECTION('',(0.981916312835237,0.189315489561877,0.));
#2049=DIRECTION('center_axis',(0.803686768111522,0.595052584871671,0.));
#2050=DIRECTION('ref_axis',(-0.595052584871671,0.803686768111522,0.));
#2051=DIRECTION('',(0.,0.,1.));
#2052=DIRECTION('',(-0.595052584871671,0.803686768111522,0.));
#2053=DIRECTION('center_axis',(6.54279752824833E-5,-0.99999999785959,0.));
#2054=DIRECTION('ref_axis',(0.99999999785959,6.54279752824833E-5,0.));
#2055=DIRECTION('',(0.,0.,1.));
#2056=DIRECTION('',(0.99999999785959,6.54279752824833E-5,0.));
#2057=DIRECTION('center_axis',(0.901777543365867,0.432200488524738,0.));
#2058=DIRECTION('ref_axis',(-0.432200488524738,0.901777543365867,0.));
#2059=DIRECTION('',(0.,0.,1.));
#2060=DIRECTION('',(-0.432200488524738,0.901777543365867,0.));
#2061=DIRECTION('center_axis',(-0.189186998348789,-0.981941077486717,0.));
#2062=DIRECTION('ref_axis',(0.981941077486717,-0.189186998348789,0.));
#2063=DIRECTION('',(0.,0.,1.));
#2064=DIRECTION('',(0.981941077486717,-0.189186998348789,0.));
#2065=DIRECTION('center_axis',(0.967275728644493,0.253727540435138,0.));
#2066=DIRECTION('ref_axis',(-0.253727540435138,0.967275728644493,0.));
#2067=DIRECTION('',(0.,0.,1.));
#2068=DIRECTION('',(-0.253727540435138,0.967275728644493,0.));
#2069=DIRECTION('center_axis',(-0.371601713630629,-0.928392248150953,0.));
#2070=DIRECTION('ref_axis',(0.928392248150953,-0.371601713630629,0.));
#2071=DIRECTION('',(0.,0.,1.));
#2072=DIRECTION('',(0.928392248150953,-0.371601713630629,0.));
#2073=DIRECTION('center_axis',(0.997814048877579,0.0660842179535541,0.));
#2074=DIRECTION('ref_axis',(-0.0660842179535541,0.997814048877579,0.));
#2075=DIRECTION('',(0.,0.,1.));
#2076=DIRECTION('',(-0.0660842179535541,0.997814048877579,0.));
#2077=DIRECTION('center_axis',(-0.540585774783024,-0.841288904064613,0.));
#2078=DIRECTION('ref_axis',(0.841288904064613,-0.540585774783024,0.));
#2079=DIRECTION('',(0.,0.,1.));
#2080=DIRECTION('',(0.841288904064613,-0.540585774783024,0.));
#2081=DIRECTION('center_axis',(0.992288769605082,-0.123947560345626,0.));
#2082=DIRECTION('ref_axis',(0.123947560345626,0.992288769605082,0.));
#2083=DIRECTION('',(0.,0.,1.));
#2084=DIRECTION('',(0.123947560345626,0.992288769605082,0.));
#2085=DIRECTION('center_axis',(-0.690031657552276,-0.723779187028515,0.));
#2086=DIRECTION('ref_axis',(0.723779187028515,-0.690031657552276,0.));
#2087=DIRECTION('',(0.,0.,1.));
#2088=DIRECTION('',(0.723779187028515,-0.690031657552276,0.));
#2089=DIRECTION('center_axis',(0.95089958881589,-0.309499550871679,0.));
#2090=DIRECTION('ref_axis',(0.309499550871679,0.95089958881589,0.));
#2091=DIRECTION('',(0.,0.,1.));
#2092=DIRECTION('',(0.309499550871679,0.95089958881589,0.));
#2093=DIRECTION('center_axis',(-0.814537998357661,-0.580110204384905,0.));
#2094=DIRECTION('ref_axis',(0.580110204384904,-0.81453799835766,0.));
#2095=DIRECTION('',(0.,0.,1.));
#2096=DIRECTION('',(0.580110204384904,-0.81453799835766,0.));
#2097=DIRECTION('center_axis',(0.875142419342172,-0.483865421236039,0.));
#2098=DIRECTION('ref_axis',(0.483865421236039,0.875142419342172,0.));
#2099=DIRECTION('',(0.,0.,1.));
#2100=DIRECTION('',(0.483865421236039,0.875142419342172,0.));
#2101=DIRECTION('center_axis',(-0.909604813644318,-0.415474527492464,0.));
#2102=DIRECTION('ref_axis',(0.415474527492463,-0.909604813644318,0.));
#2103=DIRECTION('',(0.,0.,1.));
#2104=DIRECTION('',(0.415474527492463,-0.909604813644318,0.));
#2105=DIRECTION('center_axis',(0.767755322672094,-0.640743134577865,0.));
#2106=DIRECTION('ref_axis',(0.640743134577865,0.767755322672094,0.));
#2107=DIRECTION('',(0.,0.,1.));
#2108=DIRECTION('',(0.640743134577865,0.767755322672094,0.));
#2109=DIRECTION('center_axis',(-0.971796141013659,-0.235822518668088,0.));
#2110=DIRECTION('ref_axis',(0.235822518668088,-0.971796141013659,0.));
#2111=DIRECTION('',(0.,0.,1.));
#2112=DIRECTION('',(0.235822518668088,-0.971796141013659,0.));
#2113=DIRECTION('center_axis',(0.632619548273667,-0.774462721596089,0.));
#2114=DIRECTION('ref_axis',(0.774462721596089,0.632619548273667,0.));
#2115=DIRECTION('',(0.,0.,1.));
#2116=DIRECTION('',(0.774462721596089,0.632619548273667,0.));
#2117=DIRECTION('center_axis',(-0.99886422385661,-0.0476472695894813,0.));
#2118=DIRECTION('ref_axis',(0.0476472695894813,-0.99886422385661,0.));
#2119=DIRECTION('',(0.,0.,1.));
#2120=DIRECTION('',(0.0476472695894813,-0.99886422385661,0.));
#2121=DIRECTION('center_axis',(0.474619255126477,-0.880191208012889,0.));
#2122=DIRECTION('ref_axis',(0.880191208012889,0.474619255126477,0.));
#2123=DIRECTION('',(0.,0.,1.));
#2124=DIRECTION('',(0.880191208012889,0.474619255126477,0.));
#2125=DIRECTION('center_axis',(-0.989830751134032,0.142250075955823,0.));
#2126=DIRECTION('ref_axis',(-0.142250075955823,-0.989830751134032,0.));
#2127=DIRECTION('',(0.,0.,1.));
#2128=DIRECTION('',(-0.142250075955823,-0.989830751134032,0.));
#2129=DIRECTION('center_axis',(0.299464985490571,-0.954107290856292,0.));
#2130=DIRECTION('ref_axis',(0.954107290856292,0.299464985490571,0.));
#2131=DIRECTION('',(0.,0.,1.));
#2132=DIRECTION('',(0.954107290856292,0.299464985490571,0.));
#2133=DIRECTION('center_axis',(0.,0.,-1.));
#2134=DIRECTION('ref_axis',(-1.,0.,0.));
#2135=DIRECTION('center_axis',(0.,0.,-1.));
#2136=DIRECTION('ref_axis',(-1.,1.22464679914735E-16,0.));
#2137=DIRECTION('center_axis',(0.,0.,1.));
#2138=DIRECTION('ref_axis',(-1.,1.22464679914735E-16,0.));
#2139=DIRECTION('center_axis',(0.,0.,1.));
#2140=DIRECTION('ref_axis',(1.,0.,0.));
#2141=DIRECTION('center_axis',(0.,0.,1.));
#2142=DIRECTION('ref_axis',(1.,0.,0.));
#2143=DIRECTION('center_axis',(0.,0.,1.));
#2144=DIRECTION('ref_axis',(1.,0.,0.));
#2145=DIRECTION('center_axis',(0.,0.,-1.));
#2146=DIRECTION('ref_axis',(-1.,0.,0.));
#2147=DIRECTION('center_axis',(0.,0.,-1.));
#2148=DIRECTION('ref_axis',(-1.,1.22464679914735E-16,0.));
#2149=DIRECTION('center_axis',(0.,0.,1.));
#2150=DIRECTION('ref_axis',(-1.,1.22464679914735E-16,0.));
#2151=DIRECTION('center_axis',(0.,0.,1.));
#2152=DIRECTION('ref_axis',(-1.,1.22464679914735E-16,0.));
#2153=DIRECTION('',(0.,0.,-1.));
#2154=DIRECTION('',(0.,0.,1.));
#2155=DIRECTION('center_axis',(0.,0.,1.));
#2156=DIRECTION('ref_axis',(1.,0.,0.));
#2157=DIRECTION('center_axis',(0.,0.,-1.));
#2158=DIRECTION('ref_axis',(1.,0.,0.));
#2159=DIRECTION('center_axis',(0.,0.,1.));
#2160=DIRECTION('ref_axis',(1.,0.,0.));
#2161=DIRECTION('center_axis',(0.,0.,-1.));
#2162=DIRECTION('ref_axis',(1.,0.,0.));
#2163=DIRECTION('center_axis',(1.22464679914735E-16,-1.,0.));
#2164=DIRECTION('ref_axis',(-1.,-1.22464679914735E-16,0.));
#2165=DIRECTION('center_axis',(0.,0.,1.));
#2166=DIRECTION('ref_axis',(1.,0.,0.));
#2167=DIRECTION('',(-0.327006133127154,-0.945022216086599,0.));
#2168=DIRECTION('',(0.993539450305829,0.113487271030683,0.));
#2169=DIRECTION('',(-0.499943336641064,-0.866058115918441,0.));
#2170=DIRECTION('',(0.997062505379532,-0.0765921690924722,0.));
#2171=DIRECTION('',(-0.654811285379137,-0.755792418948565,0.));
#2172=DIRECTION('',(0.9645491236878,-0.263903368665688,0.));
#2173=DIRECTION('',(-0.78601264816943,-0.618210414759959,0.));
#2174=DIRECTION('',(0.89717442355775,-0.44167641290182,0.));
#2175=DIRECTION('',(-0.888805465918904,-0.458284675450402,0.));
#2176=DIRECTION('',(0.797373502195203,-0.603486120798943,0.));
#2177=DIRECTION('',(-0.959474538370013,-0.281795333921004,0.));
#2178=DIRECTION('',(0.668753424926881,-0.743484267922709,0.));
#2179=DIRECTION('',(-0.995465701117914,-0.0951211748130732,0.));
#2180=DIRECTION('',(0.51596285646167,-0.856610956474358,0.));
#2181=DIRECTION('',(-0.995478139766821,0.0949909113883545,0.));
#2182=DIRECTION('',(0.344524046035815,-0.938777493180952,0.));
#2183=DIRECTION('',(-0.95951140475155,0.28166977855586,0.));
#2184=DIRECTION('',(0.16063323893759,-0.987014165323081,0.));
#2185=DIRECTION('',(-0.888865427585997,0.458168366042836,0.));
#2186=DIRECTION('',(-0.0290632719416748,-0.999577573890113,0.));
#2187=DIRECTION('',(-0.786093537951186,0.618107555035034,0.));
#2188=DIRECTION('',(-0.217709360449353,-0.976013644562787,0.));
#2189=DIRECTION('',(-0.654910179708103,0.755706726524715,0.));
#2190=DIRECTION('',(-0.398486865434169,-0.917174039142218,0.));
#2191=DIRECTION('',(-0.500056661218495,0.865992687943156,0.));
#2192=DIRECTION('',(-0.564862016854808,-0.825185374273392,0.));
#2193=DIRECTION('',(-0.327129792107583,0.944979417297355,0.));
#2194=DIRECTION('',(-0.710821583252656,-0.703372359978829,0.));
#2195=DIRECTION('',(-0.142379599981518,0.989812128390587,0.));
#2196=DIRECTION('',(-0.83109020560422,-0.556137635975786,0.));
#2197=DIRECTION('',(0.0475165618543115,0.998870450233435,0.));
#2198=DIRECTION('',(-0.921321062540814,-0.388802648806132,0.));
#2199=DIRECTION('',(0.235695351341516,0.971826991473276,0.));
#2200=DIRECTION('center_axis',(0.,0.,1.));
#2201=DIRECTION('ref_axis',(1.,0.,0.));
#2202=DIRECTION('center_axis',(1.22464679914735E-16,-1.,0.));
#2203=DIRECTION('ref_axis',(-1.,-1.22464679914735E-16,0.));
#2204=DIRECTION('center_axis',(0.,0.,1.));
#2205=DIRECTION('ref_axis',(1.,0.,0.));
#2206=DIRECTION('center_axis',(0.,0.,1.));
#2207=DIRECTION('ref_axis',(1.,0.,0.));
#2208=DIRECTION('center_axis',(0.,0.,1.));
#2209=DIRECTION('ref_axis',(1.,0.,0.));
#2210=DIRECTION('center_axis',(0.,0.,1.));
#2211=DIRECTION('ref_axis',(1.,0.,0.));
#2212=DIRECTION('center_axis',(0.,0.,1.));
#2213=DIRECTION('ref_axis',(1.,0.,0.));
#2214=DIRECTION('center_axis',(0.,0.,1.));
#2215=DIRECTION('ref_axis',(1.,0.,0.));
#2216=DIRECTION('',(0.,0.,1.));
#2217=DIRECTION('center_axis',(0.,0.,1.));
#2218=DIRECTION('ref_axis',(1.,0.,0.));
#2219=DIRECTION('',(0.,0.,1.));
#2220=DIRECTION('center_axis',(0.,0.,1.));
#2221=DIRECTION('ref_axis',(1.,0.,0.));
#2222=DIRECTION('',(0.,0.,1.));
#2223=DIRECTION('center_axis',(0.971826991473276,-0.235695351341516,0.));
#2224=DIRECTION('ref_axis',(0.235695351341516,0.971826991473276,0.));
#2225=DIRECTION('',(0.,0.,1.));
#2226=DIRECTION('center_axis',(-0.388802648806132,0.921321062540814,0.));
#2227=DIRECTION('ref_axis',(-0.921321062540814,-0.388802648806132,0.));
#2228=DIRECTION('',(0.,0.,1.));
#2229=DIRECTION('center_axis',(0.998870450233435,-0.0475165618543115,0.));
#2230=DIRECTION('ref_axis',(0.0475165618543115,0.998870450233435,0.));
#2231=DIRECTION('',(0.,0.,1.));
#2232=DIRECTION('center_axis',(-0.556137635975786,0.83109020560422,0.));
#2233=DIRECTION('ref_axis',(-0.83109020560422,-0.556137635975786,0.));
#2234=DIRECTION('',(0.,0.,1.));
#2235=DIRECTION('center_axis',(0.989812128390587,0.142379599981518,0.));
#2236=DIRECTION('ref_axis',(-0.142379599981518,0.989812128390587,0.));
#2237=DIRECTION('',(0.,0.,1.));
#2238=DIRECTION('center_axis',(-0.70337235997883,0.710821583252656,0.));
#2239=DIRECTION('ref_axis',(-0.710821583252656,-0.703372359978829,0.));
#2240=DIRECTION('',(0.,0.,1.));
#2241=DIRECTION('center_axis',(0.944979417297355,0.327129792107583,0.));
#2242=DIRECTION('ref_axis',(-0.327129792107583,0.944979417297355,0.));
#2243=DIRECTION('',(0.,0.,1.));
#2244=DIRECTION('center_axis',(-0.825185374273392,0.564862016854808,0.));
#2245=DIRECTION('ref_axis',(-0.564862016854808,-0.825185374273392,0.));
#2246=DIRECTION('',(0.,0.,1.));
#2247=DIRECTION('center_axis',(0.865992687943156,0.500056661218495,0.));
#2248=DIRECTION('ref_axis',(-0.500056661218495,0.865992687943156,0.));
#2249=DIRECTION('',(0.,0.,1.));
#2250=DIRECTION('center_axis',(-0.917174039142218,0.398486865434169,0.));
#2251=DIRECTION('ref_axis',(-0.398486865434169,-0.917174039142218,0.));
#2252=DIRECTION('',(0.,0.,1.));
#2253=DIRECTION('center_axis',(0.755706726524715,0.654910179708103,0.));
#2254=DIRECTION('ref_axis',(-0.654910179708103,0.755706726524715,0.));
#2255=DIRECTION('',(0.,0.,1.));
#2256=DIRECTION('center_axis',(-0.976013644562787,0.217709360449353,0.));
#2257=DIRECTION('ref_axis',(-0.217709360449353,-0.976013644562787,0.));
#2258=DIRECTION('',(0.,0.,1.));
#2259=DIRECTION('center_axis',(0.618107555035034,0.786093537951186,0.));
#2260=DIRECTION('ref_axis',(-0.786093537951186,0.618107555035034,0.));
#2261=DIRECTION('',(0.,0.,1.));
#2262=DIRECTION('center_axis',(-0.999577573890113,0.0290632719416748,0.));
#2263=DIRECTION('ref_axis',(-0.0290632719416748,-0.999577573890113,0.));
#2264=DIRECTION('',(0.,0.,1.));
#2265=DIRECTION('center_axis',(0.458168366042836,0.888865427585997,0.));
#2266=DIRECTION('ref_axis',(-0.888865427585997,0.458168366042836,0.));
#2267=DIRECTION('',(0.,0.,1.));
#2268=DIRECTION('center_axis',(-0.987014165323081,-0.16063323893759,0.));
#2269=DIRECTION('ref_axis',(0.16063323893759,-0.987014165323081,0.));
#2270=DIRECTION('',(0.,0.,1.));
#2271=DIRECTION('center_axis',(0.28166977855586,0.95951140475155,0.));
#2272=DIRECTION('ref_axis',(-0.95951140475155,0.28166977855586,0.));
#2273=DIRECTION('',(0.,0.,1.));
#2274=DIRECTION('center_axis',(-0.938777493180952,-0.344524046035815,0.));
#2275=DIRECTION('ref_axis',(0.344524046035815,-0.938777493180951,0.));
#2276=DIRECTION('',(0.,0.,1.));
#2277=DIRECTION('center_axis',(0.0949909113883545,0.995478139766821,0.));
#2278=DIRECTION('ref_axis',(-0.995478139766821,0.0949909113883545,0.));
#2279=DIRECTION('',(0.,0.,1.));
#2280=DIRECTION('center_axis',(-0.856610956474358,-0.51596285646167,0.));
#2281=DIRECTION('ref_axis',(0.51596285646167,-0.856610956474358,0.));
#2282=DIRECTION('',(0.,0.,1.));
#2283=DIRECTION('center_axis',(-0.0951211748130732,0.995465701117914,0.));
#2284=DIRECTION('ref_axis',(-0.995465701117914,-0.0951211748130732,0.));
#2285=DIRECTION('',(0.,0.,1.));
#2286=DIRECTION('center_axis',(-0.743484267922709,-0.668753424926881,0.));
#2287=DIRECTION('ref_axis',(0.668753424926881,-0.743484267922709,0.));
#2288=DIRECTION('',(0.,0.,1.));
#2289=DIRECTION('center_axis',(-0.281795333921004,0.959474538370013,0.));
#2290=DIRECTION('ref_axis',(-0.959474538370013,-0.281795333921004,0.));
#2291=DIRECTION('',(0.,0.,1.));
#2292=DIRECTION('center_axis',(-0.603486120798943,-0.797373502195203,0.));
#2293=DIRECTION('ref_axis',(0.797373502195203,-0.603486120798943,0.));
#2294=DIRECTION('',(0.,0.,1.));
#2295=DIRECTION('center_axis',(-0.458284675450402,0.888805465918904,0.));
#2296=DIRECTION('ref_axis',(-0.888805465918904,-0.458284675450402,0.));
#2297=DIRECTION('',(0.,0.,1.));
#2298=DIRECTION('center_axis',(-0.44167641290182,-0.89717442355775,0.));
#2299=DIRECTION('ref_axis',(0.89717442355775,-0.44167641290182,0.));
#2300=DIRECTION('',(0.,0.,1.));
#2301=DIRECTION('center_axis',(-0.618210414759959,0.78601264816943,0.));
#2302=DIRECTION('ref_axis',(-0.78601264816943,-0.618210414759959,0.));
#2303=DIRECTION('',(0.,0.,1.));
#2304=DIRECTION('center_axis',(-0.263903368665688,-0.9645491236878,0.));
#2305=DIRECTION('ref_axis',(0.9645491236878,-0.263903368665688,0.));
#2306=DIRECTION('',(0.,0.,1.));
#2307=DIRECTION('center_axis',(-0.755792418948565,0.654811285379137,0.));
#2308=DIRECTION('ref_axis',(-0.654811285379137,-0.755792418948565,0.));
#2309=DIRECTION('',(0.,0.,1.));
#2310=DIRECTION('center_axis',(-0.0765921690924722,-0.997062505379532,0.));
#2311=DIRECTION('ref_axis',(0.997062505379532,-0.0765921690924722,0.));
#2312=DIRECTION('',(0.,0.,1.));
#2313=DIRECTION('center_axis',(-0.866058115918441,0.499943336641064,0.));
#2314=DIRECTION('ref_axis',(-0.499943336641064,-0.866058115918441,0.));
#2315=DIRECTION('',(0.,0.,1.));
#2316=DIRECTION('center_axis',(0.113487271030683,-0.993539450305829,0.));
#2317=DIRECTION('ref_axis',(0.993539450305829,0.113487271030683,0.));
#2318=DIRECTION('',(0.,0.,1.));
#2319=DIRECTION('center_axis',(-0.945022216086599,0.327006133127154,0.));
#2320=DIRECTION('ref_axis',(-0.327006133127154,-0.945022216086599,0.));
#2321=CARTESIAN_POINT('',(0.,0.,0.));
#2322=CARTESIAN_POINT('Origin',(0.,0.,5.21178177209576));
#2323=CARTESIAN_POINT('',(-8.79109974682634,-2.1531984331872E-15,4.96518329113772));
#2324=CARTESIAN_POINT('',(8.79109974682634,-1.0765992165936E-15,4.96518329113773));
#2325=CARTESIAN_POINT('Origin',(0.,-5.38299608296799E-16,4.96518329113772));
#2326=CARTESIAN_POINT('',(9.,-1.10218211923262E-15,5.21178177209576));
#2327=CARTESIAN_POINT('Origin',(8.75,-1.07156594925393E-15,5.21178177209576));
#2328=CARTESIAN_POINT('',(-9.,1.10218211923262E-15,5.21178177209576));
#2329=CARTESIAN_POINT('Origin',(0.,0.,5.21178177209576));
#2330=CARTESIAN_POINT('Origin',(0.,0.,5.21178177209576));
#2331=CARTESIAN_POINT('Origin',(0.,-5.38299608296799E-16,4.96518329113772));
#2332=CARTESIAN_POINT('Origin',(0.,0.,4.75));
#2333=CARTESIAN_POINT('',(-6.,-7.34788079488412E-16,4.5));
#2334=CARTESIAN_POINT('',(-7.5,-9.18485099360515E-16,4.75));
#2335=CARTESIAN_POINT('Origin',(0.,0.,4.5));
#2336=CARTESIAN_POINT('Origin',(0.,0.,0.));
#2337=CARTESIAN_POINT('',(-9.,-1.10218211923262E-15,5.5));
#2338=CARTESIAN_POINT('Origin',(0.,0.,5.5));
#2339=CARTESIAN_POINT('',(-9.,-1.10218211923262E-15,0.));
#2340=CARTESIAN_POINT('Origin',(0.,0.,0.788218227904241));
#2341=CARTESIAN_POINT('',(-8.79109974682634,2.1531984331872E-15,1.03481670886228));
#2342=CARTESIAN_POINT('Origin',(0.,5.38299608296799E-16,1.03481670886228));
#2343=CARTESIAN_POINT('',(-9.,-1.10218211923262E-15,0.788218227904241));
#2344=CARTESIAN_POINT('Origin',(-8.75,-1.07156594925393E-15,0.788218227904241));
#2345=CARTESIAN_POINT('Origin',(0.,0.,0.788218227904241));
#2346=CARTESIAN_POINT('Origin',(0.,0.,1.25));
#2347=CARTESIAN_POINT('',(-6.,7.34788079488412E-16,1.5));
#2348=CARTESIAN_POINT('',(-7.5,9.18485099360515E-16,1.25));
#2349=CARTESIAN_POINT('Origin',(0.,0.,1.5));
#2350=CARTESIAN_POINT('',(7.45024793056495,0.752531278519335,1.25197380778868));
#2351=CARTESIAN_POINT('',(6.89999983459711,1.25000000000004,1.33128159320847));
#2352=CARTESIAN_POINT('Ctrl Pts',(7.45024793056495,0.752531278519335,1.25197380778868));
#2353=CARTESIAN_POINT('Ctrl Pts',(7.51530087322091,0.759102116773924,1.24107648234774));
#2354=CARTESIAN_POINT('Ctrl Pts',(7.58320695258431,0.779624463541923,1.229478455732));
#2355=CARTESIAN_POINT('Ctrl Pts',(7.70440802038309,0.847316938466974,1.20819778400192));
#2356=CARTESIAN_POINT('Ctrl Pts',(7.75769921249139,0.89449143136483,1.19850740250297));
#2357=CARTESIAN_POINT('Ctrl Pts',(7.8372234370486,0.998797990068463,1.18325444338425));
#2358=CARTESIAN_POINT('Ctrl Pts',(7.86866173618151,1.06244061383701,1.1766994627018));
#2359=CARTESIAN_POINT('Ctrl Pts',(7.90203662302592,1.19725946272014,1.16800618673333));
#2360=CARTESIAN_POINT('Ctrl Pts',(7.903968813424,1.2684363575657,1.16586139769394));
#2361=CARTESIAN_POINT('Ctrl Pts',(7.88206228397097,1.39812300902893,1.16586139769394));
#2362=CARTESIAN_POINT('Ctrl Pts',(7.85685814209371,1.46471606386067,1.16800618673333));
#2363=CARTESIAN_POINT('Ctrl Pts',(7.78105168294567,1.58109211740042,1.1766994627018));
#2364=CARTESIAN_POINT('Ctrl Pts',(7.73045329902401,1.63087719304595,1.18325444338425));
#2365=CARTESIAN_POINT('Ctrl Pts',(7.62108028998079,1.70327543454981,1.19850740250297));
#2366=CARTESIAN_POINT('Ctrl Pts',(7.55525071348867,1.73032817554514,1.20819778400192));
#2367=CARTESIAN_POINT('Ctrl Pts',(7.4185397258671,1.75445442391865,1.229478455732));
#2368=CARTESIAN_POINT('Ctrl Pts',(7.34766046676222,1.75153330082679,1.24107648234774));
#2369=CARTESIAN_POINT('Ctrl Pts',(7.22562963783008,1.72244362506278,1.2619848355734));
#2370=CARTESIAN_POINT('Ctrl Pts',(7.16574853051477,1.69635987414318,1.27270601796627));
#2371=CARTESIAN_POINT('Ctrl Pts',(7.06070494884689,1.62281334815388,1.29254046108355));
#2372=CARTESIAN_POINT('Ctrl Pts',(7.0155442880379,1.57534618710449,1.30164706222218));
#2373=CARTESIAN_POINT('Ctrl Pts',(6.94958695056536,1.47510415899552,1.3159513868466));
#2374=CARTESIAN_POINT('Ctrl Pts',(6.92391983423791,1.41554204171941,1.32218436925834));
#2375=CARTESIAN_POINT('Ctrl Pts',(6.90358484763656,1.31916534946697,1.32859706414435));
#2376=CARTESIAN_POINT('Ctrl Pts',(6.89999983459711,1.28428319700993,1.33026305120712));
#2377=CARTESIAN_POINT('Ctrl Pts',(6.89999983459711,1.25000000000008,1.33128159320847));
#2378=CARTESIAN_POINT('Ctrl Pts',(6.89999983459711,1.25000000000008,1.33128159320847));
#2379=CARTESIAN_POINT('Ctrl Pts',(6.89999983459711,1.221556364789,1.3321266438356));
#2380=CARTESIAN_POINT('Ctrl Pts',(6.90245628999452,1.19352507267671,1.33252806436061));
#2381=CARTESIAN_POINT('Ctrl Pts',(6.91696935839373,1.10760770967378,1.33252806436061));
#2382=CARTESIAN_POINT('Ctrl Pts',(6.93893316549867,1.04634867769095,1.33047728576168));
#2383=CARTESIAN_POINT('Ctrl Pts',(7.004709534664,0.937267025887185,1.32218436925834));
#2384=CARTESIAN_POINT('Ctrl Pts',(7.04851663857832,0.889440419049355,1.3159513868466));
#2385=CARTESIAN_POINT('Ctrl Pts',(7.14374044807549,0.816424936645188,1.30164706222218));
#2386=CARTESIAN_POINT('Ctrl Pts',(7.20198673943693,0.786425166555551,1.29254046108355));
#2387=CARTESIAN_POINT('Ctrl Pts',(7.32535957766386,0.75146249614063,1.27270601796627));
#2388=CARTESIAN_POINT('Ctrl Pts',(7.3904858522517,0.746494857500977,1.2619848355734));
#2389=CARTESIAN_POINT('Ctrl Pts',(7.45024793056495,0.752531278519335,1.25197380778868));
#2390=CARTESIAN_POINT('',(7.28405863057986,-1.7363719124405,1.25197380778868));
#2391=CARTESIAN_POINT('',(6.89999983459711,-1.25000000000004,1.33128159320847));
#2392=CARTESIAN_POINT('Ctrl Pts',(7.28405863057986,-1.7363719124405,1.25197380778868));
#2393=CARTESIAN_POINT('Ctrl Pts',(7.34766046676222,-1.75153330082679,1.24107648234774));
#2394=CARTESIAN_POINT('Ctrl Pts',(7.4185397258671,-1.75445442391865,1.229478455732));
#2395=CARTESIAN_POINT('Ctrl Pts',(7.55525071348867,-1.73032817554514,1.20819778400192));
#2396=CARTESIAN_POINT('Ctrl Pts',(7.62108028998079,-1.70327543454981,1.19850740250297));
#2397=CARTESIAN_POINT('Ctrl Pts',(7.73045329902401,-1.63087719304595,1.18325444338425));
#2398=CARTESIAN_POINT('Ctrl Pts',(7.78105168294567,-1.58109211740042,1.1766994627018));
#2399=CARTESIAN_POINT('Ctrl Pts',(7.85685814209371,-1.46471606386067,1.16800618673333));
#2400=CARTESIAN_POINT('Ctrl Pts',(7.88206228397097,-1.39812300902893,1.16586139769394));
#2401=CARTESIAN_POINT('Ctrl Pts',(7.903968813424,-1.2684363575657,1.16586139769394));
#2402=CARTESIAN_POINT('Ctrl Pts',(7.90203662302592,-1.19725946272014,1.16800618673333));
#2403=CARTESIAN_POINT('Ctrl Pts',(7.86866173618151,-1.06244061383701,1.1766994627018));
#2404=CARTESIAN_POINT('Ctrl Pts',(7.8372234370486,-0.998797990068463,1.18325444338425));
#2405=CARTESIAN_POINT('Ctrl Pts',(7.75769921249139,-0.89449143136483,1.19850740250297));
#2406=CARTESIAN_POINT('Ctrl Pts',(7.7044080203831,-0.847316938466974,1.20819778400192));
#2407=CARTESIAN_POINT('Ctrl Pts',(7.58320695258431,-0.779624463541923,1.229478455732));
#2408=CARTESIAN_POINT('Ctrl Pts',(7.51530087322091,-0.759102116773924,1.24107648234774));
#2409=CARTESIAN_POINT('Ctrl Pts',(7.3904858522517,-0.746494857500976,1.2619848355734));
#2410=CARTESIAN_POINT('Ctrl Pts',(7.32535957766386,-0.75146249614063,1.27270601796627));
#2411=CARTESIAN_POINT('Ctrl Pts',(7.20198673943693,-0.786425166555549,1.29254046108355));
#2412=CARTESIAN_POINT('Ctrl Pts',(7.14374044807549,-0.816424936645189,1.30164706222218));
#2413=CARTESIAN_POINT('Ctrl Pts',(7.04851663857832,-0.889440419049355,1.3159513868466));
#2414=CARTESIAN_POINT('Ctrl Pts',(7.004709534664,-0.937267025887185,1.32218436925834));
#2415=CARTESIAN_POINT('Ctrl Pts',(6.93893316549867,-1.04634867769095,1.33047728576168));
#2416=CARTESIAN_POINT('Ctrl Pts',(6.91696935839373,-1.10760770967378,1.33252806436061));
#2417=CARTESIAN_POINT('Ctrl Pts',(6.90245628999452,-1.19352507267671,1.33252806436061));
#2418=CARTESIAN_POINT('Ctrl Pts',(6.89999983459711,-1.221556364789,1.3321266438356));
#2419=CARTESIAN_POINT('Ctrl Pts',(6.89999983459711,-1.25000000000008,1.33128159320847));
#2420=CARTESIAN_POINT('Ctrl Pts',(6.89999983459711,-1.25000000000008,1.33128159320847));
#2421=CARTESIAN_POINT('Ctrl Pts',(6.89999983459712,-1.28428319700993,1.33026305120712));
#2422=CARTESIAN_POINT('Ctrl Pts',(6.90358484763656,-1.31916534946697,1.32859706414435));
#2423=CARTESIAN_POINT('Ctrl Pts',(6.92391983423791,-1.41554204171941,1.32218436925834));
#2424=CARTESIAN_POINT('Ctrl Pts',(6.94958695056536,-1.47510415899552,1.3159513868466));
#2425=CARTESIAN_POINT('Ctrl Pts',(7.0155442880379,-1.57534618710449,1.30164706222218));
#2426=CARTESIAN_POINT('Ctrl Pts',(7.06070494884688,-1.62281334815388,1.29254046108355));
#2427=CARTESIAN_POINT('Ctrl Pts',(7.16574853051477,-1.69635987414318,1.27270601796627));
#2428=CARTESIAN_POINT('Ctrl Pts',(7.22562963783008,-1.72244362506278,1.2619848355734));
#2429=CARTESIAN_POINT('Ctrl Pts',(7.28405863057986,-1.7363719124405,1.25197380778868));
#2430=CARTESIAN_POINT('Origin',(0.,0.,0.));
#2431=CARTESIAN_POINT('',(-9.,1.10218211923262E-15,0.5));
#2432=CARTESIAN_POINT('',(-9.,-1.10218211923262E-15,0.));
#2433=CARTESIAN_POINT('Origin',(0.,0.,0.5));
#2434=CARTESIAN_POINT('Origin',(0.,0.,1.5));
#2435=CARTESIAN_POINT('',(2.2,-2.69422295812418E-16,2.));
#2436=CARTESIAN_POINT('Origin',(0.,0.,2.));
#2437=CARTESIAN_POINT('',(1.7,-2.0818995585505E-16,1.5));
#2438=CARTESIAN_POINT('Origin',(2.2,-2.69422295812418E-16,1.5));
#2439=CARTESIAN_POINT('',(-1.7,2.0818995585505E-16,1.5));
#2440=CARTESIAN_POINT('Origin',(0.,0.,1.5));
#2441=CARTESIAN_POINT('Origin',(0.,0.,1.5));
#2442=CARTESIAN_POINT('Origin',(0.,0.,0.));
#2443=CARTESIAN_POINT('',(-1.7,-2.0818995585505E-16,0.));
#2444=CARTESIAN_POINT('',(-1.7,-2.0818995585505E-16,0.));
#2445=CARTESIAN_POINT('Origin',(0.,0.,0.));
#2446=CARTESIAN_POINT('Origin',(0.00575490612386986,0.00139753973980083,
2.));
#2447=CARTESIAN_POINT('',(1.72800502477059,2.03210155624783,2.));
#2448=CARTESIAN_POINT('',(2.26561244718008,2.2008400204587,2.));
#2449=CARTESIAN_POINT('',(0.653996910325695,1.69500338344135,2.));
#2450=CARTESIAN_POINT('',(1.8081581662517,2.58983794903992,2.));
#2451=CARTESIAN_POINT('',(1.60769154148776,1.19491405578994,2.));
#2452=CARTESIAN_POINT('',(1.31219997464977,2.32240593503083,2.));
#2453=CARTESIAN_POINT('',(0.321317355564173,1.78809933629769,2.));
#2454=CARTESIAN_POINT('',(1.28535233808485,2.88523238638586,2.));
#2455=CARTESIAN_POINT('',(1.35252522366093,1.47703853197935,2.));
#2456=CARTESIAN_POINT('',(0.848968598541419,2.52877251235216,2.));
#2457=CARTESIAN_POINT('',(-0.0230394006978026,1.81647314507875,2.));
#2458=CARTESIAN_POINT('',(0.716090527466746,3.07634700788816,2.));
#2459=CARTESIAN_POINT('',(1.04868410091655,1.70576902818568,2.));
#2460=CARTESIAN_POINT('',(0.355053285315673,2.64374266242458,2.));
#2461=CARTESIAN_POINT('',(-0.366578887067942,1.77906396130364,2.));
#2462=CARTESIAN_POINT('',(0.120947339430318,3.15627443318142,2.));
#2463=CARTESIAN_POINT('',(0.707146932825783,1.87289859031816,2.));
#2464=CARTESIAN_POINT('',(-0.151694578723696,2.66316106447265,2.));
#2465=CARTESIAN_POINT('',(-0.696826509629077,1.67720907051836,2.));
#2466=CARTESIAN_POINT('',(-0.478567200578331,3.12212587686671,2.));
#2467=CARTESIAN_POINT('',(0.34023283080256,1.97244132800871,2.));
#2468=CARTESIAN_POINT('',(-0.652959805451616,2.5863258868522,2.));
#2469=CARTESIAN_POINT('',(-1.00178675163024,1.51459767673057,2.));
#2470=CARTESIAN_POINT('',(-1.0607850750634,2.97513555674236,2.));
#2471=CARTESIAN_POINT('',(-0.0388404148605254,2.00084093699571,2.));
#2472=CARTESIAN_POINT('',(-1.13062536354034,2.41601415307455,2.));
#2473=CARTESIAN_POINT('',(-1.2703852479664,1.29713643276624,2.));
#2474=CARTESIAN_POINT('',(-1.60466341308712,2.72061608595729,2.));
#2475=CARTESIAN_POINT('',(-0.416427836786217,1.95709329784496,2.));
#2476=CARTESIAN_POINT('',(-1.56742717517506,2.1583813729413,2.));
#2477=CARTESIAN_POINT('',(-1.49287653536063,1.03273173883452,2.));
#2478=CARTESIAN_POINT('',(-2.09054503445214,2.36776646132965,2.));
#2479=CARTESIAN_POINT('',(-0.778942471449283,1.84277957029851,2.));
#2480=CARTESIAN_POINT('',(-1.94757808480728,1.82273906638214,2.));
#2481=CARTESIAN_POINT('',(-1.66120166750599,0.730997282117598,2.));
#2482=CARTESIAN_POINT('',(-2.50086891141009,1.92933958763421,2.));
#2483=CARTESIAN_POINT('',(-1.11333782733626,1.66200904517086,2.));
#2484=CARTESIAN_POINT('',(-2.25733844808937,1.42121822086362,2.));
#2485=CARTESIAN_POINT('',(-1.76928199801545,0.402898347894901,2.));
#2486=CARTESIAN_POINT('',(-2.82080486995929,1.42118135439641,2.));
#2487=CARTESIAN_POINT('',(-1.40757143475777,1.42127381939888,2.));
#2488=CARTESIAN_POINT('',(-2.48551271841953,0.968330845895119,2.));
#2489=CARTESIAN_POINT('',(-1.81323815327175,0.0603469360970921,2.));
#2490=CARTESIAN_POINT('',(-3.03878959097275,0.861657924158812,2.));
#2491=CARTESIAN_POINT('',(-1.65103386729141,1.12922008886349,2.));
#2492=CARTESIAN_POINT('',(-2.62385408316581,0.480445471194563,2.));
#2493=CARTESIAN_POINT('',(-1.79152638483293,-0.284236455470525,2.));
#2494=CARTESIAN_POINT('',(-3.14694453867941,0.270991931514274,2.));
#2495=CARTESIAN_POINT('',(-1.83492862069117,0.796343474909768,2.));
#2496=CARTESIAN_POINT('',(-2.66736252496133,-0.024804454623428,2.));
#2497=CARTESIAN_POINT('',(-1.70498792601274,-0.618377441801909,2.));
#2498=CARTESIAN_POINT('',(-3.14136071147417,-0.329468415597748,2.));
#2499=CARTESIAN_POINT('',(-1.95258963139043,0.434618275565621,2.));
#2500=CARTESIAN_POINT('',(-2.61446553535948,-0.529157882823958,2.));
#2501=CARTESIAN_POINT('',(-1.55681049116935,-0.930001507623936,2.));
#2502=CARTESIAN_POINT('',(-3.02223992342077,-0.9180209157485,2.));
#2503=CARTESIAN_POINT('',(-1.99972501740275,0.0570728106013645,2.));
#2504=CARTESIAN_POINT('',(-2.46707494938623,-1.01438616643181,2.));
#2505=CARTESIAN_POINT('',(-1.35240446913273,-1.20787009514275,2.));
#2506=CARTESIAN_POINT('',(-2.7938875101656,-1.47339374812393,2.));
#2507=CARTESIAN_POINT('',(-1.97457782933033,-0.322674955797524,2.));
#2508=CARTESIAN_POINT('',(-2.23051784684107,-1.46295189102743,2.));
#2509=CARTESIAN_POINT('',(-1.09919951671548,-1.44198330662744,2.));
#2510=CARTESIAN_POINT('',(-2.46455672289016,-1.97551429155221,2.));
#2511=CARTESIAN_POINT('',(-1.87799719476982,-0.690905662168047,2.));
#2512=CARTESIAN_POINT('',(-1.91334401775351,-1.85864272259736,2.));
#2513=CARTESIAN_POINT('',(-0.806370030136991,-1.62393516684013,2.));
#2514=CARTESIAN_POINT('',(-2.04615043430955,-2.40623460133149,2.));
#2515=CARTESIAN_POINT('',(-1.71341618970673,-1.03429358487951,2.));
#2516=CARTESIAN_POINT('',(-1.52701695069512,-2.18715736352623,2.));
#2517=CARTESIAN_POINT('',(-0.484500276327881,-1.74720948770028,2.));
#2518=CARTESIAN_POINT('',(-1.55379093784004,-2.74998732323555,2.));
#2519=CARTESIAN_POINT('',(-1.48673601018777,-1.34039068659861,2.));
#2520=CARTESIAN_POINT('',(-1.08549951243476,-2.43662243875435,2.));
#2521=CARTESIAN_POINT('',(-0.145201757350728,-1.8074067806952,2.));
#2522=CARTESIAN_POINT('',(-1.00527338851419,-2.99434833825581,2.));
#2523=CARTESIAN_POINT('',(-1.2061194483962,-1.59808183633781,2.));
#2524=CARTESIAN_POINT('',(-0.604749293553635,-2.59802163048805,2.));
#2525=CARTESIAN_POINT('',(0.199303349350368,-1.80239524784685,2.));
#2526=CARTESIAN_POINT('',(-0.420422639713204,-3.13048580263296,2.));
#2527=CARTESIAN_POINT('',(-0.881700168879885,-1.79799398672113,2.));
#2528=CARTESIAN_POINT('',(-0.102141859544554,-2.66552155141654,2.));
#2529=CARTESIAN_POINT('',(0.536618064895306,-1.73238154272087,2.));
#2530=CARTESIAN_POINT('',(0.179623278687547,-3.15347935370182,2.));
#2531=CARTESIAN_POINT('',(-0.525217676295875,-1.93284345277976,2.));
#2532=CARTESIAN_POINT('',(0.404157247396497,-2.63668257852821,2.));
#2533=CARTESIAN_POINT('',(0.854610884075004,-1.59989964479566,2.));
#2534=CARTESIAN_POINT('',(0.773177143792652,-3.06249794461753,2.));
#2535=CARTESIAN_POINT('',(-0.149590992420758,-1.99770752118884,2.));
#2536=CARTESIAN_POINT('',(0.895849058395203,-2.51254702744241,2.));
#2537=CARTESIAN_POINT('',(1.14184565410013,-1.40971877316596,2.));
#2538=CARTESIAN_POINT('',(1.33878637242769,-2.86082988055423,2.));
#2539=CARTESIAN_POINT('',(0.231553258796279,-1.99020937589485,2.));
#2540=CARTESIAN_POINT('',(1.35516255031155,-2.29760148040742,2.));
#2541=CARTESIAN_POINT('',(1.3879867500415,-1.16867373969093,2.));
#2542=CARTESIAN_POINT('',(1.85600837338932,-2.55576397078814,2.));
#2543=CARTESIAN_POINT('',(0.604380587322382,-1.91060865274015,2.));
#2544=CARTESIAN_POINT('',(1.76549693681805,-1.99961462952823,2.));
#2545=CARTESIAN_POINT('',(1.58416607146005,-0.885423482649979,2.));
#2546=CARTESIAN_POINT('',(2.30614939595401,-2.1583260921397,2.));
#2547=CARTESIAN_POINT('',(0.955357096079101,-1.76179368398219,2.));
#2548=CARTESIAN_POINT('',(2.11202166407055,-1.6293564959928,2.));
#2549=CARTESIAN_POINT('',(1.72329953579358,-0.570145711356053,2.));
#2550=CARTESIAN_POINT('',(2.67294017073528,-1.68288068505752,2.));
#2551=CARTESIAN_POINT('',(1.27174707609746,-1.5491754797158,2.));
#2552=CARTESIAN_POINT('',(2.38221242556476,-1.20020917344524,2.));
#2553=CARTESIAN_POINT('',(1.80034220593747,-0.234177609086087,2.));
#2554=CARTESIAN_POINT('',(2.94312392346848,-1.14661158531453,2.));
#2555=CARTESIAN_POINT('',(1.54208054356016,-1.28048751103583,2.));
#2556=CARTESIAN_POINT('',(2.56630382320513,-0.727683164254871,2.));
#2557=CARTESIAN_POINT('',(1.81247296136017,0.110385644914409,2.));
#2558=CARTESIAN_POINT('',(3.10693550937295,-0.568900955410904,2.));
#2559=CARTESIAN_POINT('',(1.7565727841602,-0.965499197311367,2.));
#2560=CARTESIAN_POINT('',(2.65764231423548,-0.228856789548342,2.));
#2561=CARTESIAN_POINT('',(1.75920170388718,0.451121209738871,2.));
#2562=CARTESIAN_POINT('',(3.15845435092715,0.0293712372782165,2.));
#2563=CARTESIAN_POINT('',(1.90748002656692,-0.6156544564415,2.));
#2564=CARTESIAN_POINT('',(2.65292668760984,0.278241065813021,2.));
#2565=CARTESIAN_POINT('',(1.64239447230432,0.77572319666552,2.));
#2566=CARTESIAN_POINT('',(3.09581842296633,0.626581876926117,2.));
#2567=CARTESIAN_POINT('',(1.9893780994384,-0.24364957915587,2.));
#2568=CARTESIAN_POINT('',(2.55232737836091,0.775282564105869,2.));
#2569=CARTESIAN_POINT('',(1.46621449774853,1.0724461205341,2.));
#2570=CARTESIAN_POINT('',(2.92129155112327,1.20114621499875,2.));
#2571=CARTESIAN_POINT('',(1.99935417580902,0.13703309635511,2.));
#2572=CARTESIAN_POINT('',(2.35948030763391,1.24430333055291,2.));
#2573=CARTESIAN_POINT('',(1.23698011271304,1.3305313496308,2.));
#2574=CARTESIAN_POINT('',(2.6411815912717,1.73229799930538,2.));
#2575=CARTESIAN_POINT('',(1.93710529064657,0.512617788185733,2.));
#2576=CARTESIAN_POINT('',(2.08135547102303,1.66835173263307,2.));
#2577=CARTESIAN_POINT('',(0.962943448789658,1.54060086350341,2.));
#2578=CARTESIAN_POINT('',(1.80494103930504,0.869535587130161,2.));
#2579=CARTESIAN_POINT('Origin',(-1.91334401775351,-1.85864272259736,0.));
#2580=CARTESIAN_POINT('',(-2.46455672289016,-1.97551429155221,6.));
#2581=CARTESIAN_POINT('',(-2.46455672289016,-1.97551429155221,0.));
#2582=CARTESIAN_POINT('',(-1.91334401775351,-1.85864272259736,6.));
#2583=CARTESIAN_POINT('',(-2.46455672289016,-1.97551429155221,6.));
#2584=CARTESIAN_POINT('',(-1.91334401775351,-1.85864272259736,0.));
#2585=CARTESIAN_POINT('Origin',(-2.46455672289016,-1.97551429155221,0.));
#2586=CARTESIAN_POINT('',(-2.23051784684107,-1.46295189102743,6.));
#2587=CARTESIAN_POINT('',(-2.23051784684107,-1.46295189102743,0.));
#2588=CARTESIAN_POINT('',(-2.23051784684107,-1.46295189102743,6.));
#2589=CARTESIAN_POINT('Origin',(-2.23051784684107,-1.46295189102743,0.));
#2590=CARTESIAN_POINT('',(-2.7938875101656,-1.47339374812393,6.));
#2591=CARTESIAN_POINT('',(-2.7938875101656,-1.47339374812393,0.));
#2592=CARTESIAN_POINT('',(-2.7938875101656,-1.47339374812393,6.));
#2593=CARTESIAN_POINT('Origin',(-2.7938875101656,-1.47339374812393,0.));
#2594=CARTESIAN_POINT('',(-2.46707494938623,-1.01438616643181,6.));
#2595=CARTESIAN_POINT('',(-2.46707494938623,-1.01438616643181,0.));
#2596=CARTESIAN_POINT('',(-2.46707494938623,-1.01438616643181,6.));
#2597=CARTESIAN_POINT('Origin',(-2.46707494938623,-1.01438616643181,0.));
#2598=CARTESIAN_POINT('',(-3.02223992342077,-0.9180209157485,6.));
#2599=CARTESIAN_POINT('',(-3.02223992342077,-0.9180209157485,0.));
#2600=CARTESIAN_POINT('',(-3.02223992342077,-0.9180209157485,6.));
#2601=CARTESIAN_POINT('Origin',(-3.02223992342077,-0.9180209157485,0.));
#2602=CARTESIAN_POINT('',(-2.61446553535948,-0.529157882823957,6.));
#2603=CARTESIAN_POINT('',(-2.61446553535948,-0.529157882823958,0.));
#2604=CARTESIAN_POINT('',(-2.61446553535948,-0.529157882823958,6.));
#2605=CARTESIAN_POINT('Origin',(-2.61446553535948,-0.529157882823958,0.));
#2606=CARTESIAN_POINT('',(-3.14136071147417,-0.329468415597748,6.));
#2607=CARTESIAN_POINT('',(-3.14136071147417,-0.329468415597748,0.));
#2608=CARTESIAN_POINT('',(-3.14136071147417,-0.329468415597748,6.));
#2609=CARTESIAN_POINT('Origin',(-3.14136071147417,-0.329468415597748,0.));
#2610=CARTESIAN_POINT('',(-2.66736252496133,-0.024804454623428,6.));
#2611=CARTESIAN_POINT('',(-2.66736252496133,-0.024804454623428,0.));
#2612=CARTESIAN_POINT('',(-2.66736252496133,-0.024804454623428,6.));
#2613=CARTESIAN_POINT('Origin',(-2.66736252496133,-0.024804454623428,0.));
#2614=CARTESIAN_POINT('',(-3.14694453867941,0.270991931514274,6.));
#2615=CARTESIAN_POINT('',(-3.14694453867941,0.270991931514274,0.));
#2616=CARTESIAN_POINT('',(-3.14694453867941,0.270991931514274,6.));
#2617=CARTESIAN_POINT('Origin',(-3.14694453867941,0.270991931514274,0.));
#2618=CARTESIAN_POINT('',(-2.62385408316581,0.480445471194563,6.));
#2619=CARTESIAN_POINT('',(-2.62385408316581,0.480445471194563,0.));
#2620=CARTESIAN_POINT('',(-2.62385408316581,0.480445471194563,6.));
#2621=CARTESIAN_POINT('Origin',(-2.62385408316581,0.480445471194563,0.));
#2622=CARTESIAN_POINT('',(-3.03878959097275,0.861657924158812,6.));
#2623=CARTESIAN_POINT('',(-3.03878959097275,0.861657924158812,0.));
#2624=CARTESIAN_POINT('',(-3.03878959097275,0.861657924158812,6.));
#2625=CARTESIAN_POINT('Origin',(-3.03878959097275,0.861657924158812,0.));
#2626=CARTESIAN_POINT('',(-2.48551271841953,0.968330845895119,6.));
#2627=CARTESIAN_POINT('',(-2.48551271841953,0.968330845895119,0.));
#2628=CARTESIAN_POINT('',(-2.48551271841953,0.968330845895119,6.));
#2629=CARTESIAN_POINT('Origin',(-2.48551271841953,0.968330845895119,0.));
#2630=CARTESIAN_POINT('',(-2.82080486995929,1.42118135439641,6.));
#2631=CARTESIAN_POINT('',(-2.82080486995929,1.42118135439641,0.));
#2632=CARTESIAN_POINT('',(-2.82080486995929,1.42118135439641,6.));
#2633=CARTESIAN_POINT('Origin',(-2.82080486995929,1.42118135439641,0.));
#2634=CARTESIAN_POINT('',(-2.25733844808937,1.42121822086362,6.));
#2635=CARTESIAN_POINT('',(-2.25733844808937,1.42121822086362,0.));
#2636=CARTESIAN_POINT('',(-2.25733844808937,1.42121822086362,6.));
#2637=CARTESIAN_POINT('Origin',(-2.25733844808937,1.42121822086362,0.));
#2638=CARTESIAN_POINT('',(-2.50086891141009,1.92933958763421,6.));
#2639=CARTESIAN_POINT('',(-2.50086891141009,1.92933958763421,0.));
#2640=CARTESIAN_POINT('',(-2.50086891141009,1.92933958763421,6.));
#2641=CARTESIAN_POINT('Origin',(-2.50086891141009,1.92933958763421,0.));
#2642=CARTESIAN_POINT('',(-1.94757808480728,1.82273906638214,6.));
#2643=CARTESIAN_POINT('',(-1.94757808480728,1.82273906638214,0.));
#2644=CARTESIAN_POINT('',(-1.94757808480728,1.82273906638214,6.));
#2645=CARTESIAN_POINT('Origin',(-1.94757808480728,1.82273906638214,0.));
#2646=CARTESIAN_POINT('',(-2.09054503445214,2.36776646132965,6.));
#2647=CARTESIAN_POINT('',(-2.09054503445214,2.36776646132965,0.));
#2648=CARTESIAN_POINT('',(-2.09054503445214,2.36776646132965,6.));
#2649=CARTESIAN_POINT('Origin',(-2.09054503445214,2.36776646132965,0.));
#2650=CARTESIAN_POINT('',(-1.56742717517506,2.1583813729413,6.));
#2651=CARTESIAN_POINT('',(-1.56742717517506,2.1583813729413,0.));
#2652=CARTESIAN_POINT('',(-1.56742717517506,2.1583813729413,6.));
#2653=CARTESIAN_POINT('Origin',(-1.56742717517506,2.1583813729413,0.));
#2654=CARTESIAN_POINT('',(-1.60466341308712,2.72061608595729,6.));
#2655=CARTESIAN_POINT('',(-1.60466341308712,2.72061608595729,0.));
#2656=CARTESIAN_POINT('',(-1.60466341308712,2.72061608595729,6.));
#2657=CARTESIAN_POINT('Origin',(-1.60466341308712,2.72061608595729,0.));
#2658=CARTESIAN_POINT('',(-1.13062536354034,2.41601415307455,6.));
#2659=CARTESIAN_POINT('',(-1.13062536354034,2.41601415307455,0.));
#2660=CARTESIAN_POINT('',(-1.13062536354034,2.41601415307455,6.));
#2661=CARTESIAN_POINT('Origin',(-1.13062536354034,2.41601415307455,0.));
#2662=CARTESIAN_POINT('',(-1.0607850750634,2.97513555674236,6.));
#2663=CARTESIAN_POINT('',(-1.0607850750634,2.97513555674236,0.));
#2664=CARTESIAN_POINT('',(-1.0607850750634,2.97513555674236,6.));
#2665=CARTESIAN_POINT('Origin',(-1.0607850750634,2.97513555674236,0.));
#2666=CARTESIAN_POINT('',(-0.652959805451616,2.5863258868522,6.));
#2667=CARTESIAN_POINT('',(-0.652959805451616,2.5863258868522,0.));
#2668=CARTESIAN_POINT('',(-0.652959805451616,2.5863258868522,6.));
#2669=CARTESIAN_POINT('Origin',(-0.652959805451616,2.5863258868522,0.));
#2670=CARTESIAN_POINT('',(-0.478567200578331,3.12212587686671,6.));
#2671=CARTESIAN_POINT('',(-0.478567200578331,3.12212587686671,0.));
#2672=CARTESIAN_POINT('',(-0.478567200578331,3.12212587686671,6.));
#2673=CARTESIAN_POINT('Origin',(-0.478567200578331,3.12212587686671,0.));
#2674=CARTESIAN_POINT('',(-0.151694578723696,2.66316106447265,6.));
#2675=CARTESIAN_POINT('',(-0.151694578723696,2.66316106447265,0.));
#2676=CARTESIAN_POINT('',(-0.151694578723696,2.66316106447265,6.));
#2677=CARTESIAN_POINT('Origin',(-0.151694578723696,2.66316106447265,0.));
#2678=CARTESIAN_POINT('',(0.120947339430317,3.15627443318142,6.));
#2679=CARTESIAN_POINT('',(0.120947339430317,3.15627443318142,0.));
#2680=CARTESIAN_POINT('',(0.120947339430317,3.15627443318142,6.));
#2681=CARTESIAN_POINT('Origin',(0.120947339430317,3.15627443318142,0.));
#2682=CARTESIAN_POINT('',(0.355053285315673,2.64374266242458,6.));
#2683=CARTESIAN_POINT('',(0.355053285315673,2.64374266242458,0.));
#2684=CARTESIAN_POINT('',(0.355053285315673,2.64374266242458,6.));
#2685=CARTESIAN_POINT('Origin',(0.355053285315673,2.64374266242458,0.));
#2686=CARTESIAN_POINT('',(0.716090527466746,3.07634700788816,6.));
#2687=CARTESIAN_POINT('',(0.716090527466746,3.07634700788816,0.));
#2688=CARTESIAN_POINT('',(0.716090527466746,3.07634700788816,6.));
#2689=CARTESIAN_POINT('Origin',(0.716090527466746,3.07634700788816,0.));
#2690=CARTESIAN_POINT('',(0.848968598541419,2.52877251235216,6.));
#2691=CARTESIAN_POINT('',(0.848968598541419,2.52877251235216,0.));
#2692=CARTESIAN_POINT('',(0.848968598541419,2.52877251235216,6.));
#2693=CARTESIAN_POINT('Origin',(0.848968598541419,2.52877251235216,0.));
#2694=CARTESIAN_POINT('',(1.28535233808485,2.88523238638586,6.));
#2695=CARTESIAN_POINT('',(1.28535233808485,2.88523238638586,0.));
#2696=CARTESIAN_POINT('',(1.28535233808485,2.88523238638586,6.));
#2697=CARTESIAN_POINT('Origin',(1.28535233808485,2.88523238638586,0.));
#2698=CARTESIAN_POINT('',(1.31219997464977,2.32240593503083,6.));
#2699=CARTESIAN_POINT('',(1.31219997464977,2.32240593503083,0.));
#2700=CARTESIAN_POINT('',(1.31219997464977,2.32240593503083,6.));
#2701=CARTESIAN_POINT('Origin',(1.31219997464977,2.32240593503083,0.));
#2702=CARTESIAN_POINT('',(1.80815816625171,2.58983794903992,6.));
#2703=CARTESIAN_POINT('',(1.80815816625171,2.58983794903992,0.));
#2704=CARTESIAN_POINT('',(1.80815816625171,2.58983794903992,6.));
#2705=CARTESIAN_POINT('Origin',(1.80815816625171,2.58983794903992,0.));
#2706=CARTESIAN_POINT('',(1.72800502477059,2.03210155624783,6.));
#2707=CARTESIAN_POINT('',(1.72800502477059,2.03210155624783,0.));
#2708=CARTESIAN_POINT('',(1.72800502477059,2.03210155624783,6.));
#2709=CARTESIAN_POINT('Origin',(1.72800502477059,2.03210155624783,0.));
#2710=CARTESIAN_POINT('',(2.26561244718008,2.2008400204587,6.));
#2711=CARTESIAN_POINT('',(2.26561244718008,2.2008400204587,0.));
#2712=CARTESIAN_POINT('',(2.26561244718008,2.2008400204587,6.));
#2713=CARTESIAN_POINT('Origin',(0.,0.,4.));
#2714=CARTESIAN_POINT('',(4.94375,-0.747887650319218,4.));
#2715=CARTESIAN_POINT('',(5.46875,-0.585468562349844,4.5));
#2716=CARTESIAN_POINT('Ctrl Pts',(4.94375,-0.747887650319218,4.00000000000115));
#2717=CARTESIAN_POINT('Ctrl Pts',(4.94375000000002,-0.747887650319219,4.00784901051652));
#2718=CARTESIAN_POINT('Ctrl Pts',(4.94393481298672,-0.747901619846565,4.01570532640032));
#2719=CARTESIAN_POINT('Ctrl Pts',(4.94736808806861,-0.748157278367032,4.08847181883713));
#2720=CARTESIAN_POINT('Ctrl Pts',(4.96303779807208,-0.749596159670727,4.15214514831851));
#2721=CARTESIAN_POINT('Ctrl Pts',(5.01724272408929,-0.750274515729865,4.26759750350242));
#2722=CARTESIAN_POINT('Ctrl Pts',(5.05437890787021,-0.749442726846989,4.31838823392782));
#2723=CARTESIAN_POINT('Ctrl Pts',(5.14353132226125,-0.737445371883769,4.40133863864176));
#2724=CARTESIAN_POINT('Ctrl Pts',(5.19289472152449,-0.726890426794345,4.43260703815226));
#2725=CARTESIAN_POINT('Ctrl Pts',(5.30091940970059,-0.6894989412341,4.4790208338212));
#2726=CARTESIAN_POINT('Ctrl Pts',(5.3568041278115,-0.662745665015341,4.49184134883813));
#2727=CARTESIAN_POINT('Ctrl Pts',(5.4300959503419,-0.61489158760567,4.49910184485767));
#2728=CARTESIAN_POINT('Ctrl Pts',(5.44970751596406,-0.60071475141254,4.5));
#2729=CARTESIAN_POINT('Ctrl Pts',(5.46875,-0.585468562349846,4.5));
#2730=CARTESIAN_POINT('',(5.46875,0.585468562349845,4.5));
#2731=CARTESIAN_POINT('Origin',(0.,0.,4.5));
#2732=CARTESIAN_POINT('',(4.94375,0.747887650319218,4.));
#2733=CARTESIAN_POINT('Ctrl Pts',(5.46875,0.585468562349848,4.5));
#2734=CARTESIAN_POINT('Ctrl Pts',(5.43736666291413,0.610595341488862,4.5));
#2735=CARTESIAN_POINT('Ctrl Pts',(5.40461094970148,0.632678349874169,4.49756222322106));
#2736=CARTESIAN_POINT('Ctrl Pts',(5.31714368563724,0.682470933515713,4.4828467996442));
#2737=CARTESIAN_POINT('Ctrl Pts',(5.26185146433798,0.705017202171722,4.46567042336909));
#2738=CARTESIAN_POINT('Ctrl Pts',(5.15973085278716,0.734530221967136,4.41190859382157));
#2739=CARTESIAN_POINT('Ctrl Pts',(5.11498534820974,0.742148410891119,4.37847251866023));
#2740=CARTESIAN_POINT('Ctrl Pts',(5.03595440678438,0.750239121782739,4.29420374284795));
#2741=CARTESIAN_POINT('Ctrl Pts',(5.00366842942782,0.750332007310402,4.24408720904068));
#2742=CARTESIAN_POINT('Ctrl Pts',(4.95681670401903,0.749148313919339,4.1303078507365));
#2743=CARTESIAN_POINT('Ctrl Pts',(4.9441831827003,0.74792022447738,4.0671711694046));
#2744=CARTESIAN_POINT('Ctrl Pts',(4.94375364156097,0.747887924213435,4.00220366842943));
#2745=CARTESIAN_POINT('Ctrl Pts',(4.94375,0.747887650319218,4.00110175029661));
#2746=CARTESIAN_POINT('Ctrl Pts',(4.94375,0.747887650319218,4.));
#2747=CARTESIAN_POINT('Origin',(0.,0.,4.));
#2748=CARTESIAN_POINT('Origin',(0.,0.,4.5));
#2749=CARTESIAN_POINT('',(4.25,-9.18485099360515E-17,4.5));
#2750=CARTESIAN_POINT('Origin',(5.,0.,4.5));
#2751=CARTESIAN_POINT('Origin',(5.,0.,4.5));
#2752=CARTESIAN_POINT('Origin',(0.,0.,2.));
#2753=CARTESIAN_POINT('',(5.46875,-0.585468562349849,1.5));
#2754=CARTESIAN_POINT('',(4.94375,-0.747887650319218,2.));
#2755=CARTESIAN_POINT('Ctrl Pts',(5.46875,-0.585468562349849,1.5));
#2756=CARTESIAN_POINT('Ctrl Pts',(5.4295975731566,-0.616815591486962,1.5));
#2757=CARTESIAN_POINT('Ctrl Pts',(5.38851006034364,-0.643266554439051,1.50379501447779));
#2758=CARTESIAN_POINT('Ctrl Pts',(5.29335338269433,-0.692857136174164,1.52412515867779));
#2759=CARTESIAN_POINT('Ctrl Pts',(5.23954591388285,-0.712697030914125,1.54364112751756));
#2760=CARTESIAN_POINT('Ctrl Pts',(5.14050976967032,-0.738362162472694,1.60158104754621));
#2761=CARTESIAN_POINT('Ctrl Pts',(5.09725415619062,-0.744574018019382,1.63727601776746));
#2762=CARTESIAN_POINT('Ctrl Pts',(5.02186482776502,-0.750690318890347,1.72588350649292));
#2763=CARTESIAN_POINT('Ctrl Pts',(4.99179822547323,-0.750220513389081,1.77824539470367));
#2764=CARTESIAN_POINT('Ctrl Pts',(4.95322043758645,-0.748772061741465,1.88793680178449));
#2765=CARTESIAN_POINT('Ctrl Pts',(4.94374999999987,-0.747887650319208,1.94378107323214));
#2766=CARTESIAN_POINT('Ctrl Pts',(4.94375,-0.747887650319218,2.00000000000115));
#2767=CARTESIAN_POINT('',(4.94375,0.747887650319218,2.));
#2768=CARTESIAN_POINT('Origin',(0.,0.,2.));
#2769=CARTESIAN_POINT('',(5.46875,0.585468562349849,1.5));
#2770=CARTESIAN_POINT('Ctrl Pts',(4.94375,0.747887650319218,2.));
#2771=CARTESIAN_POINT('Ctrl Pts',(4.94375,0.747887650319218,1.93616209091788));
#2772=CARTESIAN_POINT('Ctrl Pts',(4.95595546973617,0.749087500152282,1.87288761732125));
#2773=CARTESIAN_POINT('Ctrl Pts',(5.00357749178022,0.750366552642301,1.75509179384776));
#2774=CARTESIAN_POINT('Ctrl Pts',(5.03830844682373,0.750323383098105,1.70179711231055));
#2775=CARTESIAN_POINT('Ctrl Pts',(5.12371852545537,0.740902041683262,1.61383065362376));
#2776=CARTESIAN_POINT('Ctrl Pts',(5.17182762663693,0.732072022597072,1.5798728914564));
#2777=CARTESIAN_POINT('Ctrl Pts',(5.2627322706069,0.703664372358232,1.53583264896381));
#2778=CARTESIAN_POINT('Ctrl Pts',(5.30255051222486,0.687695250936384,1.52252983704981));
#2779=CARTESIAN_POINT('Ctrl Pts',(5.38634723799688,0.644765240711742,1.50388461678578));
#2780=CARTESIAN_POINT('Ctrl Pts',(5.42899371282813,0.61729906668473,1.5));
#2781=CARTESIAN_POINT('Ctrl Pts',(5.46875,0.585468562349848,1.5));
#2782=CARTESIAN_POINT('Origin',(0.,0.,1.5));
#2783=CARTESIAN_POINT('Origin',(0.,0.,1.5));
#2784=CARTESIAN_POINT('',(4.94375,0.747887650319218,0.));
#2785=CARTESIAN_POINT('',(4.94375,-0.747887650319218,0.));
#2786=CARTESIAN_POINT('Origin',(0.,0.,1.5));
#2787=CARTESIAN_POINT('Origin',(5.,0.,1.5));
#2788=CARTESIAN_POINT('Origin',(0.,0.,5.5));
#2789=CARTESIAN_POINT('',(-8.5,1.04094977927525E-15,6.));
#2790=CARTESIAN_POINT('Origin',(0.,0.,6.));
#2791=CARTESIAN_POINT('Origin',(-8.5,-1.04094977927525E-15,5.5));
#2792=CARTESIAN_POINT('Origin',(0.,0.,6.));
#2793=CARTESIAN_POINT('',(2.08135547102303,1.66835173263307,6.));
#2794=CARTESIAN_POINT('',(2.08135547102303,1.66835173263307,6.));
#2795=CARTESIAN_POINT('',(2.64118159127171,1.73229799930538,6.));
#2796=CARTESIAN_POINT('',(2.64118159127171,1.73229799930538,6.));
#2797=CARTESIAN_POINT('',(2.35948030763391,1.24430333055291,6.));
#2798=CARTESIAN_POINT('',(2.35948030763391,1.24430333055291,6.));
#2799=CARTESIAN_POINT('',(2.92129155112327,1.20114621499875,6.));
#2800=CARTESIAN_POINT('',(2.92129155112327,1.20114621499875,6.));
#2801=CARTESIAN_POINT('',(2.55232737836091,0.775282564105869,6.));
#2802=CARTESIAN_POINT('',(2.55232737836091,0.775282564105869,6.));
#2803=CARTESIAN_POINT('',(3.09581842296633,0.626581876926117,6.));
#2804=CARTESIAN_POINT('',(3.09581842296633,0.626581876926117,6.));
#2805=CARTESIAN_POINT('',(2.65292668760984,0.278241065813021,6.));
#2806=CARTESIAN_POINT('',(2.65292668760984,0.278241065813021,6.));
#2807=CARTESIAN_POINT('',(3.15845435092715,0.0293712372782165,6.));
#2808=CARTESIAN_POINT('',(3.15845435092715,0.0293712372782165,6.));
#2809=CARTESIAN_POINT('',(2.65764231423548,-0.228856789548342,6.));
#2810=CARTESIAN_POINT('',(2.65764231423548,-0.228856789548342,6.));
#2811=CARTESIAN_POINT('',(3.10693550937295,-0.568900955410904,6.));
#2812=CARTESIAN_POINT('',(3.10693550937295,-0.568900955410904,6.));
#2813=CARTESIAN_POINT('',(2.56630382320513,-0.727683164254871,6.));
#2814=CARTESIAN_POINT('',(2.56630382320513,-0.727683164254871,6.));
#2815=CARTESIAN_POINT('',(2.94312392346848,-1.14661158531453,6.));
#2816=CARTESIAN_POINT('',(2.94312392346848,-1.14661158531453,6.));
#2817=CARTESIAN_POINT('',(2.38221242556476,-1.20020917344524,6.));
#2818=CARTESIAN_POINT('',(2.38221242556476,-1.20020917344524,6.));
#2819=CARTESIAN_POINT('',(2.67294017073528,-1.68288068505752,6.));
#2820=CARTESIAN_POINT('',(2.67294017073528,-1.68288068505752,6.));
#2821=CARTESIAN_POINT('',(2.11202166407055,-1.6293564959928,6.));
#2822=CARTESIAN_POINT('',(2.11202166407055,-1.6293564959928,6.));
#2823=CARTESIAN_POINT('',(2.30614939595401,-2.1583260921397,6.));
#2824=CARTESIAN_POINT('',(2.30614939595401,-2.1583260921397,6.));
#2825=CARTESIAN_POINT('',(1.76549693681805,-1.99961462952823,6.));
#2826=CARTESIAN_POINT('',(1.76549693681805,-1.99961462952823,6.));
#2827=CARTESIAN_POINT('',(1.85600837338932,-2.55576397078814,6.));
#2828=CARTESIAN_POINT('',(1.85600837338932,-2.55576397078814,6.));
#2829=CARTESIAN_POINT('',(1.35516255031155,-2.29760148040742,6.));
#2830=CARTESIAN_POINT('',(1.35516255031155,-2.29760148040742,6.));
#2831=CARTESIAN_POINT('',(1.33878637242769,-2.86082988055423,6.));
#2832=CARTESIAN_POINT('',(1.33878637242769,-2.86082988055423,6.));
#2833=CARTESIAN_POINT('',(0.895849058395203,-2.51254702744241,6.));
#2834=CARTESIAN_POINT('',(0.895849058395203,-2.51254702744241,6.));
#2835=CARTESIAN_POINT('',(0.773177143792652,-3.06249794461753,6.));
#2836=CARTESIAN_POINT('',(0.773177143792652,-3.06249794461753,6.));
#2837=CARTESIAN_POINT('',(0.404157247396497,-2.63668257852821,6.));
#2838=CARTESIAN_POINT('',(0.404157247396497,-2.63668257852821,6.));
#2839=CARTESIAN_POINT('',(0.179623278687547,-3.15347935370182,6.));
#2840=CARTESIAN_POINT('',(0.179623278687547,-3.15347935370182,6.));
#2841=CARTESIAN_POINT('',(-0.102141859544554,-2.66552155141654,6.));
#2842=CARTESIAN_POINT('',(-0.102141859544554,-2.66552155141654,6.));
#2843=CARTESIAN_POINT('',(-0.420422639713204,-3.13048580263296,6.));
#2844=CARTESIAN_POINT('',(-0.420422639713204,-3.13048580263296,6.));
#2845=CARTESIAN_POINT('',(-0.604749293553635,-2.59802163048805,6.));
#2846=CARTESIAN_POINT('',(-0.604749293553635,-2.59802163048805,6.));
#2847=CARTESIAN_POINT('',(-1.00527338851419,-2.99434833825581,6.));
#2848=CARTESIAN_POINT('',(-1.00527338851419,-2.99434833825581,6.));
#2849=CARTESIAN_POINT('',(-1.08549951243476,-2.43662243875435,6.));
#2850=CARTESIAN_POINT('',(-1.08549951243476,-2.43662243875435,6.));
#2851=CARTESIAN_POINT('',(-1.55379093784004,-2.74998732323555,6.));
#2852=CARTESIAN_POINT('',(-1.55379093784004,-2.74998732323555,6.));
#2853=CARTESIAN_POINT('',(-1.52701695069512,-2.18715736352623,6.));
#2854=CARTESIAN_POINT('',(-1.52701695069512,-2.18715736352623,6.));
#2855=CARTESIAN_POINT('',(-2.04615043430955,-2.40623460133149,6.));
#2856=CARTESIAN_POINT('',(-2.04615043430955,-2.40623460133149,6.));
#2857=CARTESIAN_POINT('',(-1.91334401775351,-1.85864272259736,6.));
#2858=CARTESIAN_POINT('Origin',(0.,0.,0.5));
#2859=CARTESIAN_POINT('',(-8.5,-1.04094977927525E-15,0.));
#2860=CARTESIAN_POINT('Origin',(-8.5,-1.04094977927525E-15,0.5));
#2861=CARTESIAN_POINT('Origin',(0.,0.,0.));
#2862=CARTESIAN_POINT('Origin',(0.,0.,0.));
#2863=CARTESIAN_POINT('',(6.89999983459711,1.25,0.));
#2864=CARTESIAN_POINT('Origin',(7.39999983459711,1.25,0.));
#2865=CARTESIAN_POINT('',(4.25,-9.18485099360515E-17,0.));
#2866=CARTESIAN_POINT('Origin',(5.,0.,0.));
#2867=CARTESIAN_POINT('',(6.89999983459711,-1.25,0.));
#2868=CARTESIAN_POINT('Origin',(7.39999983459711,-1.25,0.));
#2869=CARTESIAN_POINT('Origin',(7.39999983459711,-1.25,0.));
#2870=CARTESIAN_POINT('',(6.89999983459711,-1.25,0.));
#2871=CARTESIAN_POINT('Origin',(5.,0.,0.));
#2872=CARTESIAN_POINT('',(4.25,-9.18485099360515E-17,0.));
#2873=CARTESIAN_POINT('Origin',(7.39999983459711,1.25,0.));
#2874=CARTESIAN_POINT('',(6.89999983459711,1.25,0.));
#2875=CARTESIAN_POINT('Origin',(-2.04615043430955,-2.40623460133149,0.));
#2876=CARTESIAN_POINT('',(-2.04615043430955,-2.40623460133149,0.));
#2877=CARTESIAN_POINT('Origin',(-1.52701695069512,-2.18715736352623,0.));
#2878=CARTESIAN_POINT('',(-1.52701695069512,-2.18715736352623,0.));
#2879=CARTESIAN_POINT('Origin',(-1.55379093784004,-2.74998732323555,0.));
#2880=CARTESIAN_POINT('',(-1.55379093784004,-2.74998732323555,0.));
#2881=CARTESIAN_POINT('Origin',(-1.08549951243476,-2.43662243875435,0.));
#2882=CARTESIAN_POINT('',(-1.08549951243476,-2.43662243875435,0.));
#2883=CARTESIAN_POINT('Origin',(-1.00527338851419,-2.99434833825581,0.));
#2884=CARTESIAN_POINT('',(-1.00527338851419,-2.99434833825581,0.));
#2885=CARTESIAN_POINT('Origin',(-0.604749293553635,-2.59802163048805,0.));
#2886=CARTESIAN_POINT('',(-0.604749293553635,-2.59802163048805,0.));
#2887=CARTESIAN_POINT('Origin',(-0.420422639713204,-3.13048580263296,0.));
#2888=CARTESIAN_POINT('',(-0.420422639713204,-3.13048580263296,0.));
#2889=CARTESIAN_POINT('Origin',(-0.102141859544554,-2.66552155141654,0.));
#2890=CARTESIAN_POINT('',(-0.102141859544554,-2.66552155141654,0.));
#2891=CARTESIAN_POINT('Origin',(0.179623278687547,-3.15347935370182,0.));
#2892=CARTESIAN_POINT('',(0.179623278687547,-3.15347935370182,0.));
#2893=CARTESIAN_POINT('Origin',(0.404157247396497,-2.63668257852821,0.));
#2894=CARTESIAN_POINT('',(0.404157247396497,-2.63668257852821,0.));
#2895=CARTESIAN_POINT('Origin',(0.773177143792652,-3.06249794461753,0.));
#2896=CARTESIAN_POINT('',(0.773177143792652,-3.06249794461753,0.));
#2897=CARTESIAN_POINT('Origin',(0.895849058395203,-2.51254702744241,0.));
#2898=CARTESIAN_POINT('',(0.895849058395203,-2.51254702744241,0.));
#2899=CARTESIAN_POINT('Origin',(1.33878637242769,-2.86082988055423,0.));
#2900=CARTESIAN_POINT('',(1.33878637242769,-2.86082988055423,0.));
#2901=CARTESIAN_POINT('Origin',(1.35516255031155,-2.29760148040742,0.));
#2902=CARTESIAN_POINT('',(1.35516255031155,-2.29760148040742,0.));
#2903=CARTESIAN_POINT('Origin',(1.85600837338932,-2.55576397078814,0.));
#2904=CARTESIAN_POINT('',(1.85600837338932,-2.55576397078814,0.));
#2905=CARTESIAN_POINT('Origin',(1.76549693681805,-1.99961462952823,0.));
#2906=CARTESIAN_POINT('',(1.76549693681805,-1.99961462952823,0.));
#2907=CARTESIAN_POINT('Origin',(2.30614939595401,-2.1583260921397,0.));
#2908=CARTESIAN_POINT('',(2.30614939595401,-2.1583260921397,0.));
#2909=CARTESIAN_POINT('Origin',(2.11202166407055,-1.6293564959928,0.));
#2910=CARTESIAN_POINT('',(2.11202166407055,-1.6293564959928,0.));
#2911=CARTESIAN_POINT('Origin',(2.67294017073528,-1.68288068505752,0.));
#2912=CARTESIAN_POINT('',(2.67294017073528,-1.68288068505752,0.));
#2913=CARTESIAN_POINT('Origin',(2.38221242556476,-1.20020917344524,0.));
#2914=CARTESIAN_POINT('',(2.38221242556476,-1.20020917344524,0.));
#2915=CARTESIAN_POINT('Origin',(2.94312392346848,-1.14661158531453,0.));
#2916=CARTESIAN_POINT('',(2.94312392346848,-1.14661158531453,0.));
#2917=CARTESIAN_POINT('Origin',(2.56630382320513,-0.727683164254871,0.));
#2918=CARTESIAN_POINT('',(2.56630382320513,-0.727683164254871,0.));
#2919=CARTESIAN_POINT('Origin',(3.10693550937295,-0.568900955410904,0.));
#2920=CARTESIAN_POINT('',(3.10693550937295,-0.568900955410904,0.));
#2921=CARTESIAN_POINT('Origin',(2.65764231423548,-0.228856789548342,0.));
#2922=CARTESIAN_POINT('',(2.65764231423548,-0.228856789548342,0.));
#2923=CARTESIAN_POINT('Origin',(3.15845435092715,0.0293712372782165,0.));
#2924=CARTESIAN_POINT('',(3.15845435092715,0.0293712372782165,0.));
#2925=CARTESIAN_POINT('Origin',(2.65292668760984,0.278241065813021,0.));
#2926=CARTESIAN_POINT('',(2.65292668760984,0.278241065813021,0.));
#2927=CARTESIAN_POINT('Origin',(3.09581842296633,0.626581876926117,0.));
#2928=CARTESIAN_POINT('',(3.09581842296633,0.626581876926117,0.));
#2929=CARTESIAN_POINT('Origin',(2.55232737836091,0.775282564105869,0.));
#2930=CARTESIAN_POINT('',(2.55232737836091,0.775282564105869,0.));
#2931=CARTESIAN_POINT('Origin',(2.92129155112327,1.20114621499875,0.));
#2932=CARTESIAN_POINT('',(2.92129155112327,1.20114621499875,0.));
#2933=CARTESIAN_POINT('Origin',(2.35948030763391,1.24430333055291,0.));
#2934=CARTESIAN_POINT('',(2.35948030763391,1.24430333055291,0.));
#2935=CARTESIAN_POINT('Origin',(2.64118159127171,1.73229799930538,0.));
#2936=CARTESIAN_POINT('',(2.64118159127171,1.73229799930538,0.));
#2937=CARTESIAN_POINT('Origin',(2.08135547102303,1.66835173263307,0.));
#2938=CARTESIAN_POINT('',(2.08135547102303,1.66835173263307,0.));
#2939=CARTESIAN_POINT('Origin',(2.26561244718008,2.2008400204587,0.));
#2940=UNCERTAINTY_MEASURE_WITH_UNIT(LENGTH_MEASURE(0.01),#2944,
'DISTANCE_ACCURACY_VALUE',
'Maximum model space distance between geometric entities at asserted c
onnectivities');
#2941=UNCERTAINTY_MEASURE_WITH_UNIT(LENGTH_MEASURE(0.01),#2944,
'DISTANCE_ACCURACY_VALUE',
'Maximum model space distance between geometric entities at asserted c
onnectivities');
#2942=(
GEOMETRIC_REPRESENTATION_CONTEXT(3)
GLOBAL_UNCERTAINTY_ASSIGNED_CONTEXT((#2940))
GLOBAL_UNIT_ASSIGNED_CONTEXT((#2944,#2946,#2947))
REPRESENTATION_CONTEXT('','3D')
);
#2943=(
GEOMETRIC_REPRESENTATION_CONTEXT(3)
GLOBAL_UNCERTAINTY_ASSIGNED_CONTEXT((#2941))
GLOBAL_UNIT_ASSIGNED_CONTEXT((#2944,#2946,#2947))
REPRESENTATION_CONTEXT('','3D')
);
#2944=(
LENGTH_UNIT()
NAMED_UNIT(*)
SI_UNIT(.MILLI.,.METRE.)
);
#2945=(
LENGTH_UNIT()
NAMED_UNIT(*)
SI_UNIT($,.METRE.)
);
#2946=(
NAMED_UNIT(*)
PLANE_ANGLE_UNIT()
SI_UNIT($,.RADIAN.)
);
#2947=(
NAMED_UNIT(*)
SI_UNIT($,.STERADIAN.)
SOLID_ANGLE_UNIT()
);
#2948=SHAPE_DEFINITION_REPRESENTATION(#2949,#2950);
#2949=PRODUCT_DEFINITION_SHAPE('',$,#2952);
#2950=SHAPE_REPRESENTATION('',(#1756),#2942);
#2951=PRODUCT_DEFINITION_CONTEXT('part definition',#2956,'design');
#2952=PRODUCT_DEFINITION('Spool','Spool v3',#2953,#2951);
#2953=PRODUCT_DEFINITION_FORMATION('',$,#2958);
#2954=PRODUCT_RELATED_PRODUCT_CATEGORY('Spool v3','Spool v3',(#2958));
#2955=APPLICATION_PROTOCOL_DEFINITION('international standard',
'automotive_design',2009,#2956);
#2956=APPLICATION_CONTEXT(
'Core Data for Automotive Mechanical Design Process');
#2957=PRODUCT_CONTEXT('part definition',#2956,'mechanical');
#2958=PRODUCT('Spool','Spool v3',$,(#2957));
#2959=PRESENTATION_STYLE_ASSIGNMENT((#2961));
#2960=PRESENTATION_STYLE_ASSIGNMENT((#2962));
#2961=SURFACE_STYLE_USAGE(.BOTH.,#2963);
#2962=SURFACE_STYLE_USAGE(.BOTH.,#2964);
#2963=SURFACE_SIDE_STYLE('',(#2965));
#2964=SURFACE_SIDE_STYLE('',(#2966));
#2965=SURFACE_STYLE_FILL_AREA(#2967);
#2966=SURFACE_STYLE_FILL_AREA(#2968);
#2967=FILL_AREA_STYLE('Steel - Satin',(#2969));
#2968=FILL_AREA_STYLE('Plastic - Matte (Yellow)',(#2970));
#2969=FILL_AREA_STYLE_COLOUR('Steel - Satin',#2971);
#2970=FILL_AREA_STYLE_COLOUR('Plastic - Matte (Yellow)',#2972);
#2971=COLOUR_RGB('Steel - Satin',0.627450980392157,0.627450980392157,0.627450980392157);
#2972=COLOUR_RGB('Plastic - Matte (Yellow)',0.909803921568627,0.67843137254902,
0.137254901960784);
ENDSEC;
END-ISO-10303-21;
