ISO-10303-21;
HEADER;
/* Generated by software containing ST-Developer
 * from STEP Tools, Inc. (www.steptools.com) 
 */

FILE_DESCRIPTION(
/* description */ (''),
/* implementation_level */ '2;1');

FILE_NAME(
/* name */ 'MountV2.1_v30.step',
/* time_stamp */ '2026-08-21T09:13:03-04:00',
/* author */ (''),
/* organization */ (''),
/* preprocessor_version */ 'ST-DEVELOPER v20.1',
/* originating_system */ 'Autodesk Translation Framework v15.8.0.0',
/* authorisation */ '');

FILE_SCHEMA (('AUTOMOTIVE_DESIGN { 1 0 10303 214 3 1 1 }'));
ENDSEC;

DATA;
#10=MECHANICAL_DESIGN_GEOMETRIC_PRESENTATION_REPRESENTATION('',(#13),#3493);
#11=SHAPE_REPRESENTATION_RELATIONSHIP('SRR','None',#3500,#12);
#12=ADVANCED_BREP_SHAPE_REPRESENTATION('',(#14),#3492);
#13=STYLED_ITEM('',(#3509),#14);
#14=MANIFOLD_SOLID_BREP('Body1',#1797);
#15=FACE_BOUND('',#176,.T.);
#16=FACE_BOUND('',#179,.T.);
#17=FACE_BOUND('',#182,.T.);
#18=FACE_BOUND('',#185,.T.);
#19=FACE_BOUND('',#188,.T.);
#20=FACE_BOUND('',#191,.T.);
#21=FACE_BOUND('',#194,.T.);
#22=FACE_BOUND('',#197,.T.);
#23=FACE_BOUND('',#222,.T.);
#24=FACE_BOUND('',#230,.T.);
#25=FACE_BOUND('',#231,.T.);
#26=FACE_BOUND('',#239,.T.);
#27=FACE_BOUND('',#248,.T.);
#28=FACE_BOUND('',#249,.T.);
#29=FACE_BOUND('',#256,.T.);
#30=B_SPLINE_CURVE_WITH_KNOTS('',3,(#2621,#2622,#2623,#2624),
 .UNSPECIFIED.,.F.,.F.,(4,4),(1.78526333662598,2.65031118352031),
 .UNSPECIFIED.);
#31=B_SPLINE_CURVE_WITH_KNOTS('',3,(#2626,#2627,#2628,#2629),
 .UNSPECIFIED.,.F.,.F.,(4,4),(0.0502808608737638,0.674232370254921),
 .UNSPECIFIED.);
#32=B_SPLINE_CURVE_WITH_KNOTS('',3,(#2630,#2631,#2632,#2633),
 .UNSPECIFIED.,.F.,.F.,(4,4),(0.245504619891161,0.785479304723372),
 .UNSPECIFIED.);
#33=B_SPLINE_CURVE_WITH_KNOTS('',3,(#2780,#2781,#2782,#2783),
 .UNSPECIFIED.,.F.,.F.,(4,4),(0.0726838990362731,0.937731745985738),
 .UNSPECIFIED.);
#34=B_SPLINE_CURVE_WITH_KNOTS('',3,(#2785,#2786,#2787,#2788),
 .UNSPECIFIED.,.F.,.F.,(4,4),(0.0505098779542211,0.595900316092642),
 .UNSPECIFIED.);
#35=B_SPLINE_CURVE_WITH_KNOTS('',3,(#2789,#2790,#2791,#2792),
 .UNSPECIFIED.,.F.,.F.,(4,4),(0.321443421105507,1.03213224859396),
 .UNSPECIFIED.);
#36=B_SPLINE_CURVE_WITH_KNOTS('',3,(#2939,#2940,#2941,#2942),
 .UNSPECIFIED.,.F.,.F.,(4,4),(1.78526337226235,2.65031121921178),
 .UNSPECIFIED.);
#37=B_SPLINE_CURVE_WITH_KNOTS('',3,(#2944,#2945,#2946,#2947),
 .UNSPECIFIED.,.F.,.F.,(4,4),(0.0502808608737649,0.674232370254965),
 .UNSPECIFIED.);
#38=B_SPLINE_CURVE_WITH_KNOTS('',3,(#2948,#2949,#2950,#2951),
 .UNSPECIFIED.,.F.,.F.,(4,4),(0.245504619891182,0.785479304723413),
 .UNSPECIFIED.);
#39=B_SPLINE_CURVE_WITH_KNOTS('',3,(#3098,#3099,#3100,#3101),
 .UNSPECIFIED.,.F.,.F.,(4,4),(0.0726838990359684,0.937731745930255),
 .UNSPECIFIED.);
#40=B_SPLINE_CURVE_WITH_KNOTS('',3,(#3103,#3104,#3105,#3106),
 .UNSPECIFIED.,.F.,.F.,(4,4),(0.0505098779542155,0.595900316092601),
 .UNSPECIFIED.);
#41=B_SPLINE_CURVE_WITH_KNOTS('',3,(#3107,#3108,#3109,#3110),
 .UNSPECIFIED.,.F.,.F.,(4,4),(0.321443421105582,1.03213224859438),
 .UNSPECIFIED.);
#42=(
BOUNDED_SURFACE()
B_SPLINE_SURFACE(3,2,((#2475,#2476,#2477,#2478,#2479,#2480,#2481,#2482,
#2483),(#2484,#2485,#2486,#2487,#2488,#2489,#2490,#2491,#2492),(#2493,#2494,
#2495,#2496,#2497,#2498,#2499,#2500,#2501),(#2502,#2503,#2504,#2505,#2506,
#2507,#2508,#2509,#2510),(#2511,#2512,#2513,#2514,#2515,#2516,#2517,#2518,
#2519),(#2520,#2521,#2522,#2523,#2524,#2525,#2526,#2527,#2528),(#2529,#2530,
#2531,#2532,#2533,#2534,#2535,#2536,#2537),(#2538,#2539,#2540,#2541,#2542,
#2543,#2544,#2545,#2546),(#2547,#2548,#2549,#2550,#2551,#2552,#2553,#2554,
#2555),(#2556,#2557,#2558,#2559,#2560,#2561,#2562,#2563,#2564),(#2565,#2566,
#2567,#2568,#2569,#2570,#2571,#2572,#2573),(#2574,#2575,#2576,#2577,#2578,
#2579,#2580,#2581,#2582),(#2583,#2584,#2585,#2586,#2587,#2588,#2589,#2590,
#2591),(#2592,#2593,#2594,#2595,#2596,#2597,#2598,#2599,#2600),(#2601,#2602,
#2603,#2604,#2605,#2606,#2607,#2608,#2609),(#2610,#2611,#2612,#2613,#2614,
#2615,#2616,#2617,#2618)),.UNSPECIFIED.,.F.,.T.,.F.)
B_SPLINE_SURFACE_WITH_KNOTS((4,3,3,3,3,4),(3,2,2,2,3),(0.,0.192456439230783,
0.380673351349445,0.696924372869544,0.92739847338591,1.),(0.,1.5707963267949,
3.14159265358979,4.71238898038469,6.28318530717959),.UNSPECIFIED.)
GEOMETRIC_REPRESENTATION_ITEM()
RATIONAL_B_SPLINE_SURFACE(((1.,0.707106781186548,1.,0.707106781186548,1.,
0.707106781186548,1.,0.707106781186548,1.),(1.,0.707106781186548,1.,0.707106781186548,
1.,0.707106781186548,1.,0.707106781186548,1.),(1.,0.707106781186548,1.,
0.707106781186548,1.,0.707106781186548,1.,0.707106781186548,1.),(1.,0.707106781186548,
1.,0.707106781186548,1.,0.707106781186548,1.,0.707106781186548,1.),(1.,
0.707106781186548,1.,0.707106781186548,1.,0.707106781186548,1.,0.707106781186548,
1.),(1.,0.707106781186548,1.,0.707106781186548,1.,0.707106781186548,1.,
0.707106781186548,1.),(1.,0.707106781186548,1.,0.707106781186548,1.,0.707106781186548,
1.,0.707106781186548,1.),(1.,0.707106781186548,1.,0.707106781186548,1.,
0.707106781186548,1.,0.707106781186548,1.),(1.,0.707106781186548,1.,0.707106781186548,
1.,0.707106781186548,1.,0.707106781186548,1.),(1.,0.707106781186548,1.,
0.707106781186548,1.,0.707106781186548,1.,0.707106781186548,1.),(1.,0.707106781186548,
1.,0.707106781186548,1.,0.707106781186548,1.,0.707106781186548,1.),(1.,
0.707106781186548,1.,0.707106781186548,1.,0.707106781186548,1.,0.707106781186548,
1.),(1.,0.707106781186548,1.,0.707106781186548,1.,0.707106781186548,1.,
0.707106781186548,1.),(1.,0.707106781186548,1.,0.707106781186548,1.,0.707106781186548,
1.,0.707106781186548,1.),(1.,0.707106781186548,1.,0.707106781186548,1.,
0.707106781186548,1.,0.707106781186548,1.),(1.,0.707106781186548,1.,0.707106781186548,
1.,0.707106781186548,1.,0.707106781186548,1.)))
REPRESENTATION_ITEM('')
SURFACE()
);
#43=(
BOUNDED_SURFACE()
B_SPLINE_SURFACE(3,2,((#2634,#2635,#2636,#2637,#2638,#2639,#2640,#2641,
#2642),(#2643,#2644,#2645,#2646,#2647,#2648,#2649,#2650,#2651),(#2652,#2653,
#2654,#2655,#2656,#2657,#2658,#2659,#2660),(#2661,#2662,#2663,#2664,#2665,
#2666,#2667,#2668,#2669),(#2670,#2671,#2672,#2673,#2674,#2675,#2676,#2677,
#2678),(#2679,#2680,#2681,#2682,#2683,#2684,#2685,#2686,#2687),(#2688,#2689,
#2690,#2691,#2692,#2693,#2694,#2695,#2696),(#2697,#2698,#2699,#2700,#2701,
#2702,#2703,#2704,#2705),(#2706,#2707,#2708,#2709,#2710,#2711,#2712,#2713,
#2714),(#2715,#2716,#2717,#2718,#2719,#2720,#2721,#2722,#2723),(#2724,#2725,
#2726,#2727,#2728,#2729,#2730,#2731,#2732),(#2733,#2734,#2735,#2736,#2737,
#2738,#2739,#2740,#2741),(#2742,#2743,#2744,#2745,#2746,#2747,#2748,#2749,
#2750),(#2751,#2752,#2753,#2754,#2755,#2756,#2757,#2758,#2759),(#2760,#2761,
#2762,#2763,#2764,#2765,#2766,#2767,#2768),(#2769,#2770,#2771,#2772,#2773,
#2774,#2775,#2776,#2777)),.UNSPECIFIED.,.F.,.T.,.F.)
B_SPLINE_SURFACE_WITH_KNOTS((4,3,3,3,3,4),(3,2,2,2,3),(0.,0.192456439230783,
0.380673351349445,0.696924372869544,0.92739847338591,1.),(0.,1.5707963267949,
3.14159265358979,4.71238898038469,6.28318530717959),.UNSPECIFIED.)
GEOMETRIC_REPRESENTATION_ITEM()
RATIONAL_B_SPLINE_SURFACE(((1.,0.707106781186548,1.,0.707106781186548,1.,
0.707106781186548,1.,0.707106781186548,1.),(1.,0.707106781186548,1.,0.707106781186548,
1.,0.707106781186548,1.,0.707106781186548,1.),(1.,0.707106781186548,1.,
0.707106781186548,1.,0.707106781186548,1.,0.707106781186548,1.),(1.,0.707106781186548,
1.,0.707106781186548,1.,0.707106781186548,1.,0.707106781186548,1.),(1.,
0.707106781186548,1.,0.707106781186548,1.,0.707106781186548,1.,0.707106781186548,
1.),(1.,0.707106781186548,1.,0.707106781186548,1.,0.707106781186548,1.,
0.707106781186548,1.),(1.,0.707106781186548,1.,0.707106781186548,1.,0.707106781186548,
1.,0.707106781186548,1.),(1.,0.707106781186548,1.,0.707106781186548,1.,
0.707106781186548,1.,0.707106781186548,1.),(1.,0.707106781186548,1.,0.707106781186548,
1.,0.707106781186548,1.,0.707106781186548,1.),(1.,0.707106781186548,1.,
0.707106781186548,1.,0.707106781186548,1.,0.707106781186548,1.),(1.,0.707106781186548,
1.,0.707106781186548,1.,0.707106781186548,1.,0.707106781186548,1.),(1.,
0.707106781186548,1.,0.707106781186548,1.,0.707106781186548,1.,0.707106781186548,
1.),(1.,0.707106781186548,1.,0.707106781186548,1.,0.707106781186548,1.,
0.707106781186548,1.),(1.,0.707106781186548,1.,0.707106781186548,1.,0.707106781186548,
1.,0.707106781186548,1.),(1.,0.707106781186548,1.,0.707106781186548,1.,
0.707106781186548,1.,0.707106781186548,1.),(1.,0.707106781186548,1.,0.707106781186548,
1.,0.707106781186548,1.,0.707106781186548,1.)))
REPRESENTATION_ITEM('')
SURFACE()
);
#44=(
BOUNDED_SURFACE()
B_SPLINE_SURFACE(3,2,((#2793,#2794,#2795,#2796,#2797,#2798,#2799,#2800,
#2801),(#2802,#2803,#2804,#2805,#2806,#2807,#2808,#2809,#2810),(#2811,#2812,
#2813,#2814,#2815,#2816,#2817,#2818,#2819),(#2820,#2821,#2822,#2823,#2824,
#2825,#2826,#2827,#2828),(#2829,#2830,#2831,#2832,#2833,#2834,#2835,#2836,
#2837),(#2838,#2839,#2840,#2841,#2842,#2843,#2844,#2845,#2846),(#2847,#2848,
#2849,#2850,#2851,#2852,#2853,#2854,#2855),(#2856,#2857,#2858,#2859,#2860,
#2861,#2862,#2863,#2864),(#2865,#2866,#2867,#2868,#2869,#2870,#2871,#2872,
#2873),(#2874,#2875,#2876,#2877,#2878,#2879,#2880,#2881,#2882),(#2883,#2884,
#2885,#2886,#2887,#2888,#2889,#2890,#2891),(#2892,#2893,#2894,#2895,#2896,
#2897,#2898,#2899,#2900),(#2901,#2902,#2903,#2904,#2905,#2906,#2907,#2908,
#2909),(#2910,#2911,#2912,#2913,#2914,#2915,#2916,#2917,#2918),(#2919,#2920,
#2921,#2922,#2923,#2924,#2925,#2926,#2927),(#2928,#2929,#2930,#2931,#2932,
#2933,#2934,#2935,#2936)),.UNSPECIFIED.,.F.,.T.,.F.)
B_SPLINE_SURFACE_WITH_KNOTS((4,3,3,3,3,4),(3,2,2,2,3),(0.,0.192456439230783,
0.380673351349445,0.696924372869544,0.92739847338591,1.),(0.,1.5707963267949,
3.14159265358979,4.71238898038469,6.28318530717959),.UNSPECIFIED.)
GEOMETRIC_REPRESENTATION_ITEM()
RATIONAL_B_SPLINE_SURFACE(((1.,0.707106781186548,1.,0.707106781186548,1.,
0.707106781186548,1.,0.707106781186548,1.),(1.,0.707106781186548,1.,0.707106781186548,
1.,0.707106781186548,1.,0.707106781186548,1.),(1.,0.707106781186548,1.,
0.707106781186548,1.,0.707106781186548,1.,0.707106781186548,1.),(1.,0.707106781186548,
1.,0.707106781186548,1.,0.707106781186548,1.,0.707106781186548,1.),(1.,
0.707106781186548,1.,0.707106781186548,1.,0.707106781186548,1.,0.707106781186548,
1.),(1.,0.707106781186548,1.,0.707106781186548,1.,0.707106781186548,1.,
0.707106781186548,1.),(1.,0.707106781186548,1.,0.707106781186548,1.,0.707106781186548,
1.,0.707106781186548,1.),(1.,0.707106781186548,1.,0.707106781186548,1.,
0.707106781186548,1.,0.707106781186548,1.),(1.,0.707106781186548,1.,0.707106781186548,
1.,0.707106781186548,1.,0.707106781186548,1.),(1.,0.707106781186548,1.,
0.707106781186548,1.,0.707106781186548,1.,0.707106781186548,1.),(1.,0.707106781186548,
1.,0.707106781186548,1.,0.707106781186548,1.,0.707106781186548,1.),(1.,
0.707106781186548,1.,0.707106781186548,1.,0.707106781186548,1.,0.707106781186548,
1.),(1.,0.707106781186548,1.,0.707106781186548,1.,0.707106781186548,1.,
0.707106781186548,1.),(1.,0.707106781186548,1.,0.707106781186548,1.,0.707106781186548,
1.,0.707106781186548,1.),(1.,0.707106781186548,1.,0.707106781186548,1.,
0.707106781186548,1.,0.707106781186548,1.),(1.,0.707106781186548,1.,0.707106781186548,
1.,0.707106781186548,1.,0.707106781186548,1.)))
REPRESENTATION_ITEM('')
SURFACE()
);
#45=(
BOUNDED_SURFACE()
B_SPLINE_SURFACE(3,2,((#2952,#2953,#2954,#2955,#2956,#2957,#2958,#2959,
#2960),(#2961,#2962,#2963,#2964,#2965,#2966,#2967,#2968,#2969),(#2970,#2971,
#2972,#2973,#2974,#2975,#2976,#2977,#2978),(#2979,#2980,#2981,#2982,#2983,
#2984,#2985,#2986,#2987),(#2988,#2989,#2990,#2991,#2992,#2993,#2994,#2995,
#2996),(#2997,#2998,#2999,#3000,#3001,#3002,#3003,#3004,#3005),(#3006,#3007,
#3008,#3009,#3010,#3011,#3012,#3013,#3014),(#3015,#3016,#3017,#3018,#3019,
#3020,#3021,#3022,#3023),(#3024,#3025,#3026,#3027,#3028,#3029,#3030,#3031,
#3032),(#3033,#3034,#3035,#3036,#3037,#3038,#3039,#3040,#3041),(#3042,#3043,
#3044,#3045,#3046,#3047,#3048,#3049,#3050),(#3051,#3052,#3053,#3054,#3055,
#3056,#3057,#3058,#3059),(#3060,#3061,#3062,#3063,#3064,#3065,#3066,#3067,
#3068),(#3069,#3070,#3071,#3072,#3073,#3074,#3075,#3076,#3077),(#3078,#3079,
#3080,#3081,#3082,#3083,#3084,#3085,#3086),(#3087,#3088,#3089,#3090,#3091,
#3092,#3093,#3094,#3095)),.UNSPECIFIED.,.F.,.T.,.F.)
B_SPLINE_SURFACE_WITH_KNOTS((4,3,3,3,3,4),(3,2,2,2,3),(0.,0.192456439230783,
0.380673351349445,0.696924372869544,0.92739847338591,1.),(0.,1.5707963267949,
3.14159265358979,4.71238898038469,6.28318530717959),.UNSPECIFIED.)
GEOMETRIC_REPRESENTATION_ITEM()
RATIONAL_B_SPLINE_SURFACE(((1.,0.707106781186548,1.,0.707106781186548,1.,
0.707106781186548,1.,0.707106781186548,1.),(1.,0.707106781186548,1.,0.707106781186548,
1.,0.707106781186548,1.,0.707106781186548,1.),(1.,0.707106781186548,1.,
0.707106781186548,1.,0.707106781186548,1.,0.707106781186548,1.),(1.,0.707106781186548,
1.,0.707106781186548,1.,0.707106781186548,1.,0.707106781186548,1.),(1.,
0.707106781186548,1.,0.707106781186548,1.,0.707106781186548,1.,0.707106781186548,
1.),(1.,0.707106781186548,1.,0.707106781186548,1.,0.707106781186548,1.,
0.707106781186548,1.),(1.,0.707106781186548,1.,0.707106781186548,1.,0.707106781186548,
1.,0.707106781186548,1.),(1.,0.707106781186548,1.,0.707106781186548,1.,
0.707106781186548,1.,0.707106781186548,1.),(1.,0.707106781186548,1.,0.707106781186548,
1.,0.707106781186548,1.,0.707106781186548,1.),(1.,0.707106781186548,1.,
0.707106781186548,1.,0.707106781186548,1.,0.707106781186548,1.),(1.,0.707106781186548,
1.,0.707106781186548,1.,0.707106781186548,1.,0.707106781186548,1.),(1.,
0.707106781186548,1.,0.707106781186548,1.,0.707106781186548,1.,0.707106781186548,
1.),(1.,0.707106781186548,1.,0.707106781186548,1.,0.707106781186548,1.,
0.707106781186548,1.),(1.,0.707106781186548,1.,0.707106781186548,1.,0.707106781186548,
1.,0.707106781186548,1.),(1.,0.707106781186548,1.,0.707106781186548,1.,
0.707106781186548,1.,0.707106781186548,1.),(1.,0.707106781186548,1.,0.707106781186548,
1.,0.707106781186548,1.,0.707106781186548,1.)))
REPRESENTATION_ITEM('')
SURFACE()
);
#46=CYLINDRICAL_SURFACE('',#1813,4.);
#47=CYLINDRICAL_SURFACE('',#1818,4.);
#48=CYLINDRICAL_SURFACE('',#1866,2.1);
#49=CYLINDRICAL_SURFACE('',#1870,2.1);
#50=CYLINDRICAL_SURFACE('',#1875,1.75);
#51=CYLINDRICAL_SURFACE('',#1878,3.5);
#52=CYLINDRICAL_SURFACE('',#1879,1.75);
#53=CYLINDRICAL_SURFACE('',#1882,3.5);
#54=CYLINDRICAL_SURFACE('',#1883,1.75);
#55=CYLINDRICAL_SURFACE('',#1884,3.5);
#56=CYLINDRICAL_SURFACE('',#1887,1.75);
#57=CYLINDRICAL_SURFACE('',#1888,3.5);
#58=CYLINDRICAL_SURFACE('',#1908,4.);
#59=CYLINDRICAL_SURFACE('',#1911,4.);
#60=FACE_OUTER_BOUND('',#151,.T.);
#61=FACE_OUTER_BOUND('',#152,.T.);
#62=FACE_OUTER_BOUND('',#153,.T.);
#63=FACE_OUTER_BOUND('',#154,.T.);
#64=FACE_OUTER_BOUND('',#155,.T.);
#65=FACE_OUTER_BOUND('',#156,.T.);
#66=FACE_OUTER_BOUND('',#157,.T.);
#67=FACE_OUTER_BOUND('',#158,.T.);
#68=FACE_OUTER_BOUND('',#159,.T.);
#69=FACE_OUTER_BOUND('',#160,.T.);
#70=FACE_OUTER_BOUND('',#161,.T.);
#71=FACE_OUTER_BOUND('',#162,.T.);
#72=FACE_OUTER_BOUND('',#163,.T.);
#73=FACE_OUTER_BOUND('',#164,.T.);
#74=FACE_OUTER_BOUND('',#165,.T.);
#75=FACE_OUTER_BOUND('',#166,.T.);
#76=FACE_OUTER_BOUND('',#167,.T.);
#77=FACE_OUTER_BOUND('',#168,.T.);
#78=FACE_OUTER_BOUND('',#169,.T.);
#79=FACE_OUTER_BOUND('',#170,.T.);
#80=FACE_OUTER_BOUND('',#171,.T.);
#81=FACE_OUTER_BOUND('',#172,.T.);
#82=FACE_OUTER_BOUND('',#173,.T.);
#83=FACE_OUTER_BOUND('',#174,.T.);
#84=FACE_OUTER_BOUND('',#175,.T.);
#85=FACE_OUTER_BOUND('',#177,.T.);
#86=FACE_OUTER_BOUND('',#178,.T.);
#87=FACE_OUTER_BOUND('',#180,.T.);
#88=FACE_OUTER_BOUND('',#181,.T.);
#89=FACE_OUTER_BOUND('',#183,.T.);
#90=FACE_OUTER_BOUND('',#184,.T.);
#91=FACE_OUTER_BOUND('',#186,.T.);
#92=FACE_OUTER_BOUND('',#187,.T.);
#93=FACE_OUTER_BOUND('',#189,.T.);
#94=FACE_OUTER_BOUND('',#190,.T.);
#95=FACE_OUTER_BOUND('',#192,.T.);
#96=FACE_OUTER_BOUND('',#193,.T.);
#97=FACE_OUTER_BOUND('',#195,.T.);
#98=FACE_OUTER_BOUND('',#196,.T.);
#99=FACE_OUTER_BOUND('',#198,.T.);
#100=FACE_OUTER_BOUND('',#199,.T.);
#101=FACE_OUTER_BOUND('',#200,.T.);
#102=FACE_OUTER_BOUND('',#201,.T.);
#103=FACE_OUTER_BOUND('',#202,.T.);
#104=FACE_OUTER_BOUND('',#203,.T.);
#105=FACE_OUTER_BOUND('',#204,.T.);
#106=FACE_OUTER_BOUND('',#205,.T.);
#107=FACE_OUTER_BOUND('',#206,.T.);
#108=FACE_OUTER_BOUND('',#207,.T.);
#109=FACE_OUTER_BOUND('',#208,.T.);
#110=FACE_OUTER_BOUND('',#209,.T.);
#111=FACE_OUTER_BOUND('',#210,.T.);
#112=FACE_OUTER_BOUND('',#211,.T.);
#113=FACE_OUTER_BOUND('',#212,.T.);
#114=FACE_OUTER_BOUND('',#213,.T.);
#115=FACE_OUTER_BOUND('',#214,.T.);
#116=FACE_OUTER_BOUND('',#215,.T.);
#117=FACE_OUTER_BOUND('',#216,.T.);
#118=FACE_OUTER_BOUND('',#217,.T.);
#119=FACE_OUTER_BOUND('',#218,.T.);
#120=FACE_OUTER_BOUND('',#219,.T.);
#121=FACE_OUTER_BOUND('',#220,.T.);
#122=FACE_OUTER_BOUND('',#221,.T.);
#123=FACE_OUTER_BOUND('',#223,.T.);
#124=FACE_OUTER_BOUND('',#224,.T.);
#125=FACE_OUTER_BOUND('',#225,.T.);
#126=FACE_OUTER_BOUND('',#226,.T.);
#127=FACE_OUTER_BOUND('',#227,.T.);
#128=FACE_OUTER_BOUND('',#228,.T.);
#129=FACE_OUTER_BOUND('',#229,.T.);
#130=FACE_OUTER_BOUND('',#232,.T.);
#131=FACE_OUTER_BOUND('',#233,.T.);
#132=FACE_OUTER_BOUND('',#234,.T.);
#133=FACE_OUTER_BOUND('',#235,.T.);
#134=FACE_OUTER_BOUND('',#236,.T.);
#135=FACE_OUTER_BOUND('',#237,.T.);
#136=FACE_OUTER_BOUND('',#238,.T.);
#137=FACE_OUTER_BOUND('',#240,.T.);
#138=FACE_OUTER_BOUND('',#241,.T.);
#139=FACE_OUTER_BOUND('',#242,.T.);
#140=FACE_OUTER_BOUND('',#243,.T.);
#141=FACE_OUTER_BOUND('',#244,.T.);
#142=FACE_OUTER_BOUND('',#245,.T.);
#143=FACE_OUTER_BOUND('',#246,.T.);
#144=FACE_OUTER_BOUND('',#247,.T.);
#145=FACE_OUTER_BOUND('',#250,.T.);
#146=FACE_OUTER_BOUND('',#251,.T.);
#147=FACE_OUTER_BOUND('',#252,.T.);
#148=FACE_OUTER_BOUND('',#253,.T.);
#149=FACE_OUTER_BOUND('',#254,.T.);
#150=FACE_OUTER_BOUND('',#255,.T.);
#151=EDGE_LOOP('',(#1129,#1130,#1131,#1132,#1133,#1134,#1135,#1136,#1137,
#1138,#1139,#1140));
#152=EDGE_LOOP('',(#1141,#1142,#1143,#1144));
#153=EDGE_LOOP('',(#1145,#1146,#1147,#1148));
#154=EDGE_LOOP('',(#1149,#1150,#1151,#1152,#1153,#1154,#1155,#1156,#1157,
#1158,#1159,#1160));
#155=EDGE_LOOP('',(#1161,#1162,#1163,#1164));
#156=EDGE_LOOP('',(#1165,#1166,#1167,#1168));
#157=EDGE_LOOP('',(#1169,#1170,#1171,#1172));
#158=EDGE_LOOP('',(#1173,#1174,#1175,#1176));
#159=EDGE_LOOP('',(#1177,#1178,#1179,#1180));
#160=EDGE_LOOP('',(#1181,#1182,#1183,#1184,#1185,#1186,#1187,#1188,#1189,
#1190,#1191,#1192,#1193,#1194,#1195,#1196));
#161=EDGE_LOOP('',(#1197,#1198,#1199,#1200));
#162=EDGE_LOOP('',(#1201,#1202,#1203));
#163=EDGE_LOOP('',(#1204,#1205,#1206));
#164=EDGE_LOOP('',(#1207,#1208,#1209));
#165=EDGE_LOOP('',(#1210,#1211,#1212));
#166=EDGE_LOOP('',(#1213,#1214,#1215,#1216,#1217));
#167=EDGE_LOOP('',(#1218,#1219,#1220,#1221,#1222,#1223,#1224,#1225,#1226,
#1227));
#168=EDGE_LOOP('',(#1228,#1229,#1230,#1231,#1232,#1233,#1234,#1235,#1236,
#1237));
#169=EDGE_LOOP('',(#1238,#1239,#1240,#1241,#1242,#1243));
#170=EDGE_LOOP('',(#1244,#1245,#1246,#1247));
#171=EDGE_LOOP('',(#1248,#1249,#1250,#1251));
#172=EDGE_LOOP('',(#1252,#1253,#1254,#1255));
#173=EDGE_LOOP('',(#1256,#1257,#1258,#1259));
#174=EDGE_LOOP('',(#1260,#1261,#1262,#1263));
#175=EDGE_LOOP('',(#1264,#1265,#1266,#1267));
#176=EDGE_LOOP('',(#1268));
#177=EDGE_LOOP('',(#1269,#1270,#1271,#1272));
#178=EDGE_LOOP('',(#1273,#1274,#1275,#1276));
#179=EDGE_LOOP('',(#1277));
#180=EDGE_LOOP('',(#1278,#1279,#1280,#1281));
#181=EDGE_LOOP('',(#1282,#1283,#1284,#1285));
#182=EDGE_LOOP('',(#1286));
#183=EDGE_LOOP('',(#1287,#1288,#1289,#1290));
#184=EDGE_LOOP('',(#1291,#1292,#1293,#1294));
#185=EDGE_LOOP('',(#1295));
#186=EDGE_LOOP('',(#1296,#1297,#1298,#1299));
#187=EDGE_LOOP('',(#1300,#1301,#1302,#1303));
#188=EDGE_LOOP('',(#1304));
#189=EDGE_LOOP('',(#1305,#1306,#1307,#1308));
#190=EDGE_LOOP('',(#1309,#1310,#1311,#1312));
#191=EDGE_LOOP('',(#1313));
#192=EDGE_LOOP('',(#1314,#1315,#1316,#1317));
#193=EDGE_LOOP('',(#1318,#1319,#1320,#1321));
#194=EDGE_LOOP('',(#1322));
#195=EDGE_LOOP('',(#1323,#1324,#1325,#1326));
#196=EDGE_LOOP('',(#1327,#1328,#1329,#1330));
#197=EDGE_LOOP('',(#1331));
#198=EDGE_LOOP('',(#1332,#1333,#1334,#1335));
#199=EDGE_LOOP('',(#1336));
#200=EDGE_LOOP('',(#1337,#1338,#1339,#1340));
#201=EDGE_LOOP('',(#1341));
#202=EDGE_LOOP('',(#1342,#1343,#1344,#1345,#1346,#1347,#1348,#1349,#1350,
#1351,#1352,#1353,#1354,#1355,#1356,#1357));
#203=EDGE_LOOP('',(#1358,#1359,#1360,#1361));
#204=EDGE_LOOP('',(#1362,#1363,#1364,#1365,#1366,#1367));
#205=EDGE_LOOP('',(#1368,#1369,#1370,#1371,#1372,#1373));
#206=EDGE_LOOP('',(#1374,#1375,#1376,#1377));
#207=EDGE_LOOP('',(#1378,#1379,#1380,#1381));
#208=EDGE_LOOP('',(#1382,#1383,#1384,#1385,#1386,#1387));
#209=EDGE_LOOP('',(#1388,#1389,#1390,#1391,#1392,#1393));
#210=EDGE_LOOP('',(#1394,#1395,#1396,#1397));
#211=EDGE_LOOP('',(#1398,#1399,#1400,#1401));
#212=EDGE_LOOP('',(#1402,#1403,#1404,#1405));
#213=EDGE_LOOP('',(#1406,#1407,#1408,#1409,#1410,#1411));
#214=EDGE_LOOP('',(#1412,#1413,#1414,#1415,#1416,#1417));
#215=EDGE_LOOP('',(#1418,#1419,#1420,#1421));
#216=EDGE_LOOP('',(#1422,#1423,#1424,#1425));
#217=EDGE_LOOP('',(#1426,#1427,#1428,#1429,#1430,#1431));
#218=EDGE_LOOP('',(#1432,#1433,#1434,#1435,#1436,#1437));
#219=EDGE_LOOP('',(#1438,#1439,#1440,#1441));
#220=EDGE_LOOP('',(#1442,#1443,#1444,#1445));
#221=EDGE_LOOP('',(#1446,#1447,#1448,#1449,#1450,#1451,#1452,#1453,#1454,
#1455,#1456,#1457,#1458,#1459,#1460,#1461));
#222=EDGE_LOOP('',(#1462,#1463,#1464,#1465));
#223=EDGE_LOOP('',(#1466,#1467,#1468,#1469));
#224=EDGE_LOOP('',(#1470,#1471,#1472,#1473,#1474,#1475));
#225=EDGE_LOOP('',(#1476,#1477,#1478,#1479));
#226=EDGE_LOOP('',(#1480,#1481,#1482,#1483));
#227=EDGE_LOOP('',(#1484,#1485,#1486,#1487));
#228=EDGE_LOOP('',(#1488,#1489,#1490,#1491));
#229=EDGE_LOOP('',(#1492,#1493,#1494,#1495));
#230=EDGE_LOOP('',(#1496,#1497,#1498,#1499));
#231=EDGE_LOOP('',(#1500,#1501,#1502,#1503));
#232=EDGE_LOOP('',(#1504,#1505,#1506,#1507));
#233=EDGE_LOOP('',(#1508,#1509,#1510,#1511));
#234=EDGE_LOOP('',(#1512,#1513,#1514,#1515));
#235=EDGE_LOOP('',(#1516,#1517,#1518,#1519));
#236=EDGE_LOOP('',(#1520,#1521,#1522,#1523));
#237=EDGE_LOOP('',(#1524,#1525,#1526,#1527,#1528,#1529));
#238=EDGE_LOOP('',(#1530,#1531,#1532,#1533,#1534,#1535,#1536,#1537,#1538,
#1539,#1540,#1541,#1542,#1543,#1544,#1545,#1546,#1547,#1548,#1549));
#239=EDGE_LOOP('',(#1550));
#240=EDGE_LOOP('',(#1551,#1552,#1553,#1554));
#241=EDGE_LOOP('',(#1555,#1556,#1557,#1558));
#242=EDGE_LOOP('',(#1559,#1560,#1561,#1562,#1563));
#243=EDGE_LOOP('',(#1564,#1565,#1566,#1567));
#244=EDGE_LOOP('',(#1568,#1569,#1570,#1571));
#245=EDGE_LOOP('',(#1572,#1573,#1574,#1575));
#246=EDGE_LOOP('',(#1576,#1577,#1578,#1579));
#247=EDGE_LOOP('',(#1580,#1581,#1582,#1583));
#248=EDGE_LOOP('',(#1584,#1585,#1586,#1587));
#249=EDGE_LOOP('',(#1588,#1589,#1590,#1591));
#250=EDGE_LOOP('',(#1592,#1593,#1594,#1595));
#251=EDGE_LOOP('',(#1596,#1597,#1598,#1599));
#252=EDGE_LOOP('',(#1600,#1601,#1602,#1603));
#253=EDGE_LOOP('',(#1604,#1605,#1606,#1607));
#254=EDGE_LOOP('',(#1608,#1609,#1610,#1611));
#255=EDGE_LOOP('',(#1612,#1613,#1614,#1615,#1616,#1617,#1618,#1619,#1620,
#1621,#1622,#1623,#1624,#1625,#1626,#1627,#1628,#1629,#1630,#1631));
#256=EDGE_LOOP('',(#1632));
#257=LINE('',#2376,#469);
#258=LINE('',#2378,#470);
#259=LINE('',#2380,#471);
#260=LINE('',#2382,#472);
#261=LINE('',#2384,#473);
#262=LINE('',#2386,#474);
#263=LINE('',#2388,#475);
#264=LINE('',#2390,#476);
#265=LINE('',#2392,#477);
#266=LINE('',#2394,#478);
#267=LINE('',#2395,#479);
#268=LINE('',#2398,#480);
#269=LINE('',#2401,#481);
#270=LINE('',#2404,#482);
#271=LINE('',#2405,#483);
#272=LINE('',#2411,#484);
#273=LINE('',#2413,#485);
#274=LINE('',#2415,#486);
#275=LINE('',#2417,#487);
#276=LINE('',#2419,#488);
#277=LINE('',#2421,#489);
#278=LINE('',#2423,#490);
#279=LINE('',#2425,#491);
#280=LINE('',#2427,#492);
#281=LINE('',#2429,#493);
#282=LINE('',#2430,#494);
#283=LINE('',#2433,#495);
#284=LINE('',#2436,#496);
#285=LINE('',#2439,#497);
#286=LINE('',#2440,#498);
#287=LINE('',#2443,#499);
#288=LINE('',#2444,#500);
#289=LINE('',#2447,#501);
#290=LINE('',#2448,#502);
#291=LINE('',#2450,#503);
#292=LINE('',#2453,#504);
#293=LINE('',#2455,#505);
#294=LINE('',#2457,#506);
#295=LINE('',#2459,#507);
#296=LINE('',#2461,#508);
#297=LINE('',#2463,#509);
#298=LINE('',#2465,#510);
#299=LINE('',#2467,#511);
#300=LINE('',#2469,#512);
#301=LINE('',#2471,#513);
#302=LINE('',#2472,#514);
#303=LINE('',#2474,#515);
#304=LINE('',#3113,#516);
#305=LINE('',#3115,#517);
#306=LINE('',#3117,#518);
#307=LINE('',#3118,#519);
#308=LINE('',#3120,#520);
#309=LINE('',#3122,#521);
#310=LINE('',#3123,#522);
#311=LINE('',#3125,#523);
#312=LINE('',#3127,#524);
#313=LINE('',#3128,#525);
#314=LINE('',#3130,#526);
#315=LINE('',#3132,#527);
#316=LINE('',#3134,#528);
#317=LINE('',#3136,#529);
#318=LINE('',#3138,#530);
#319=LINE('',#3140,#531);
#320=LINE('',#3142,#532);
#321=LINE('',#3143,#533);
#322=LINE('',#3146,#534);
#323=LINE('',#3148,#535);
#324=LINE('',#3150,#536);
#325=LINE('',#3151,#537);
#326=LINE('',#3155,#538);
#327=LINE('',#3157,#539);
#328=LINE('',#3159,#540);
#329=LINE('',#3160,#541);
#330=LINE('',#3164,#542);
#331=LINE('',#3165,#543);
#332=LINE('',#3166,#544);
#333=LINE('',#3170,#545);
#334=LINE('',#3172,#546);
#335=LINE('',#3174,#547);
#336=LINE('',#3175,#548);
#337=LINE('',#3179,#549);
#338=LINE('',#3180,#550);
#339=LINE('',#3181,#551);
#340=LINE('',#3185,#552);
#341=LINE('',#3187,#553);
#342=LINE('',#3189,#554);
#343=LINE('',#3190,#555);
#344=LINE('',#3193,#556);
#345=LINE('',#3196,#557);
#346=LINE('',#3202,#558);
#347=LINE('',#3204,#559);
#348=LINE('',#3206,#560);
#349=LINE('',#3207,#561);
#350=LINE('',#3210,#562);
#351=LINE('',#3213,#563);
#352=LINE('',#3219,#564);
#353=LINE('',#3221,#565);
#354=LINE('',#3223,#566);
#355=LINE('',#3224,#567);
#356=LINE('',#3227,#568);
#357=LINE('',#3230,#569);
#358=LINE('',#3236,#570);
#359=LINE('',#3238,#571);
#360=LINE('',#3240,#572);
#361=LINE('',#3241,#573);
#362=LINE('',#3244,#574);
#363=LINE('',#3247,#575);
#364=LINE('',#3253,#576);
#365=LINE('',#3255,#577);
#366=LINE('',#3257,#578);
#367=LINE('',#3258,#579);
#368=LINE('',#3261,#580);
#369=LINE('',#3264,#581);
#370=LINE('',#3270,#582);
#371=LINE('',#3272,#583);
#372=LINE('',#3274,#584);
#373=LINE('',#3275,#585);
#374=LINE('',#3278,#586);
#375=LINE('',#3281,#587);
#376=LINE('',#3287,#588);
#377=LINE('',#3289,#589);
#378=LINE('',#3291,#590);
#379=LINE('',#3292,#591);
#380=LINE('',#3295,#592);
#381=LINE('',#3298,#593);
#382=LINE('',#3304,#594);
#383=LINE('',#3306,#595);
#384=LINE('',#3308,#596);
#385=LINE('',#3309,#597);
#386=LINE('',#3312,#598);
#387=LINE('',#3315,#599);
#388=LINE('',#3322,#600);
#389=LINE('',#3329,#601);
#390=LINE('',#3334,#602);
#391=LINE('',#3335,#603);
#392=LINE('',#3337,#604);
#393=LINE('',#3338,#605);
#394=LINE('',#3340,#606);
#395=LINE('',#3341,#607);
#396=LINE('',#3343,#608);
#397=LINE('',#3344,#609);
#398=LINE('',#3346,#610);
#399=LINE('',#3348,#611);
#400=LINE('',#3349,#612);
#401=LINE('',#3351,#613);
#402=LINE('',#3352,#614);
#403=LINE('',#3355,#615);
#404=LINE('',#3357,#616);
#405=LINE('',#3358,#617);
#406=LINE('',#3360,#618);
#407=LINE('',#3361,#619);
#408=LINE('',#3364,#620);
#409=LINE('',#3366,#621);
#410=LINE('',#3367,#622);
#411=LINE('',#3369,#623);
#412=LINE('',#3371,#624);
#413=LINE('',#3373,#625);
#414=LINE('',#3375,#626);
#415=LINE('',#3376,#627);
#416=LINE('',#3378,#628);
#417=LINE('',#3380,#629);
#418=LINE('',#3383,#630);
#419=LINE('',#3385,#631);
#420=LINE('',#3386,#632);
#421=LINE('',#3390,#633);
#422=LINE('',#3392,#634);
#423=LINE('',#3394,#635);
#424=LINE('',#3395,#636);
#425=LINE('',#3397,#637);
#426=LINE('',#3400,#638);
#427=LINE('',#3402,#639);
#428=LINE('',#3405,#640);
#429=LINE('',#3406,#641);
#430=LINE('',#3407,#642);
#431=LINE('',#3411,#643);
#432=LINE('',#3412,#644);
#433=LINE('',#3413,#645);
#434=LINE('',#3415,#646);
#435=LINE('',#3418,#647);
#436=LINE('',#3419,#648);
#437=LINE('',#3421,#649);
#438=LINE('',#3424,#650);
#439=LINE('',#3425,#651);
#440=LINE('',#3427,#652);
#441=LINE('',#3429,#653);
#442=LINE('',#3432,#654);
#443=LINE('',#3433,#655);
#444=LINE('',#3435,#656);
#445=LINE('',#3438,#657);
#446=LINE('',#3439,#658);
#447=LINE('',#3441,#659);
#448=LINE('',#3444,#660);
#449=LINE('',#3445,#661);
#450=LINE('',#3453,#662);
#451=LINE('',#3454,#663);
#452=LINE('',#3457,#664);
#453=LINE('',#3458,#665);
#454=LINE('',#3460,#666);
#455=LINE('',#3463,#667);
#456=LINE('',#3464,#668);
#457=LINE('',#3466,#669);
#458=LINE('',#3469,#670);
#459=LINE('',#3470,#671);
#460=LINE('',#3472,#672);
#461=LINE('',#3474,#673);
#462=LINE('',#3477,#674);
#463=LINE('',#3478,#675);
#464=LINE('',#3480,#676);
#465=LINE('',#3483,#677);
#466=LINE('',#3484,#678);
#467=LINE('',#3486,#679);
#468=LINE('',#3488,#680);
#469=VECTOR('',#1932,10.);
#470=VECTOR('',#1933,10.);
#471=VECTOR('',#1934,10.);
#472=VECTOR('',#1935,10.);
#473=VECTOR('',#1936,10.);
#474=VECTOR('',#1937,10.);
#475=VECTOR('',#1938,10.);
#476=VECTOR('',#1939,10.);
#477=VECTOR('',#1940,10.);
#478=VECTOR('',#1941,10.);
#479=VECTOR('',#1942,10.);
#480=VECTOR('',#1945,10.);
#481=VECTOR('',#1948,10.);
#482=VECTOR('',#1951,10.);
#483=VECTOR('',#1952,10.);
#484=VECTOR('',#1957,10.);
#485=VECTOR('',#1958,10.);
#486=VECTOR('',#1959,10.);
#487=VECTOR('',#1960,10.);
#488=VECTOR('',#1961,10.);
#489=VECTOR('',#1962,10.);
#490=VECTOR('',#1963,10.);
#491=VECTOR('',#1964,10.);
#492=VECTOR('',#1965,10.);
#493=VECTOR('',#1966,10.);
#494=VECTOR('',#1967,10.);
#495=VECTOR('',#1970,10.);
#496=VECTOR('',#1973,10.);
#497=VECTOR('',#1976,10.);
#498=VECTOR('',#1977,10.);
#499=VECTOR('',#1980,10.);
#500=VECTOR('',#1981,10.);
#501=VECTOR('',#1984,10.);
#502=VECTOR('',#1985,10.);
#503=VECTOR('',#1988,10.);
#504=VECTOR('',#1991,10.);
#505=VECTOR('',#1992,10.);
#506=VECTOR('',#1993,10.);
#507=VECTOR('',#1994,10.);
#508=VECTOR('',#1995,10.);
#509=VECTOR('',#1996,10.);
#510=VECTOR('',#1997,10.);
#511=VECTOR('',#1998,10.);
#512=VECTOR('',#1999,10.);
#513=VECTOR('',#2000,10.);
#514=VECTOR('',#2001,10.);
#515=VECTOR('',#2004,10.);
#516=VECTOR('',#2007,10.);
#517=VECTOR('',#2008,10.);
#518=VECTOR('',#2009,10.);
#519=VECTOR('',#2010,10.);
#520=VECTOR('',#2013,10.);
#521=VECTOR('',#2014,10.);
#522=VECTOR('',#2015,10.);
#523=VECTOR('',#2016,10.);
#524=VECTOR('',#2017,10.);
#525=VECTOR('',#2018,10.);
#526=VECTOR('',#2021,10.);
#527=VECTOR('',#2022,10.);
#528=VECTOR('',#2023,10.);
#529=VECTOR('',#2024,10.);
#530=VECTOR('',#2025,10.);
#531=VECTOR('',#2026,10.);
#532=VECTOR('',#2027,10.);
#533=VECTOR('',#2028,10.);
#534=VECTOR('',#2031,10.);
#535=VECTOR('',#2032,10.);
#536=VECTOR('',#2033,10.);
#537=VECTOR('',#2034,10.);
#538=VECTOR('',#2037,10.);
#539=VECTOR('',#2038,10.);
#540=VECTOR('',#2039,10.);
#541=VECTOR('',#2040,10.);
#542=VECTOR('',#2043,10.);
#543=VECTOR('',#2044,10.);
#544=VECTOR('',#2045,10.);
#545=VECTOR('',#2048,10.);
#546=VECTOR('',#2049,10.);
#547=VECTOR('',#2050,10.);
#548=VECTOR('',#2051,10.);
#549=VECTOR('',#2054,10.);
#550=VECTOR('',#2055,10.);
#551=VECTOR('',#2056,10.);
#552=VECTOR('',#2059,10.);
#553=VECTOR('',#2060,10.);
#554=VECTOR('',#2061,10.);
#555=VECTOR('',#2062,10.);
#556=VECTOR('',#2065,10.);
#557=VECTOR('',#2068,10.);
#558=VECTOR('',#2073,10.);
#559=VECTOR('',#2074,10.);
#560=VECTOR('',#2075,10.);
#561=VECTOR('',#2076,10.);
#562=VECTOR('',#2079,10.);
#563=VECTOR('',#2082,10.);
#564=VECTOR('',#2087,10.);
#565=VECTOR('',#2088,10.);
#566=VECTOR('',#2089,10.);
#567=VECTOR('',#2090,10.);
#568=VECTOR('',#2093,10.);
#569=VECTOR('',#2096,10.);
#570=VECTOR('',#2101,10.);
#571=VECTOR('',#2102,10.);
#572=VECTOR('',#2103,10.);
#573=VECTOR('',#2104,10.);
#574=VECTOR('',#2107,10.);
#575=VECTOR('',#2110,10.);
#576=VECTOR('',#2115,10.);
#577=VECTOR('',#2116,10.);
#578=VECTOR('',#2117,10.);
#579=VECTOR('',#2118,10.);
#580=VECTOR('',#2121,10.);
#581=VECTOR('',#2124,10.);
#582=VECTOR('',#2129,10.);
#583=VECTOR('',#2130,10.);
#584=VECTOR('',#2131,10.);
#585=VECTOR('',#2132,10.);
#586=VECTOR('',#2135,10.);
#587=VECTOR('',#2138,10.);
#588=VECTOR('',#2143,10.);
#589=VECTOR('',#2144,10.);
#590=VECTOR('',#2145,10.);
#591=VECTOR('',#2146,10.);
#592=VECTOR('',#2149,10.);
#593=VECTOR('',#2152,10.);
#594=VECTOR('',#2157,10.);
#595=VECTOR('',#2158,10.);
#596=VECTOR('',#2159,10.);
#597=VECTOR('',#2160,10.);
#598=VECTOR('',#2163,10.);
#599=VECTOR('',#2166,10.);
#600=VECTOR('',#2173,2.1);
#601=VECTOR('',#2182,2.1);
#602=VECTOR('',#2189,10.);
#603=VECTOR('',#2190,10.);
#604=VECTOR('',#2191,10.);
#605=VECTOR('',#2192,10.);
#606=VECTOR('',#2193,10.);
#607=VECTOR('',#2194,10.);
#608=VECTOR('',#2195,10.);
#609=VECTOR('',#2196,10.);
#610=VECTOR('',#2199,1.75);
#611=VECTOR('',#2202,10.);
#612=VECTOR('',#2203,10.);
#613=VECTOR('',#2206,10.);
#614=VECTOR('',#2207,10.);
#615=VECTOR('',#2212,1.75);
#616=VECTOR('',#2215,10.);
#617=VECTOR('',#2216,10.);
#618=VECTOR('',#2219,10.);
#619=VECTOR('',#2220,10.);
#620=VECTOR('',#2225,1.75);
#621=VECTOR('',#2228,10.);
#622=VECTOR('',#2229,10.);
#623=VECTOR('',#2232,10.);
#624=VECTOR('',#2235,10.);
#625=VECTOR('',#2238,1.75);
#626=VECTOR('',#2241,10.);
#627=VECTOR('',#2242,10.);
#628=VECTOR('',#2245,10.);
#629=VECTOR('',#2248,10.);
#630=VECTOR('',#2251,10.);
#631=VECTOR('',#2252,10.);
#632=VECTOR('',#2253,10.);
#633=VECTOR('',#2256,10.);
#634=VECTOR('',#2257,10.);
#635=VECTOR('',#2258,10.);
#636=VECTOR('',#2259,10.);
#637=VECTOR('',#2262,10.);
#638=VECTOR('',#2265,10.);
#639=VECTOR('',#2266,10.);
#640=VECTOR('',#2269,10.);
#641=VECTOR('',#2270,10.);
#642=VECTOR('',#2271,10.);
#643=VECTOR('',#2274,10.);
#644=VECTOR('',#2275,10.);
#645=VECTOR('',#2276,10.);
#646=VECTOR('',#2279,10.);
#647=VECTOR('',#2282,10.);
#648=VECTOR('',#2283,10.);
#649=VECTOR('',#2286,10.);
#650=VECTOR('',#2289,10.);
#651=VECTOR('',#2290,10.);
#652=VECTOR('',#2293,10.);
#653=VECTOR('',#2296,10.);
#654=VECTOR('',#2299,10.);
#655=VECTOR('',#2300,10.);
#656=VECTOR('',#2303,10.);
#657=VECTOR('',#2306,10.);
#658=VECTOR('',#2307,10.);
#659=VECTOR('',#2310,10.);
#660=VECTOR('',#2313,10.);
#661=VECTOR('',#2314,10.);
#662=VECTOR('',#2325,10.);
#663=VECTOR('',#2326,10.);
#664=VECTOR('',#2329,10.);
#665=VECTOR('',#2330,10.);
#666=VECTOR('',#2333,10.);
#667=VECTOR('',#2336,10.);
#668=VECTOR('',#2337,10.);
#669=VECTOR('',#2340,10.);
#670=VECTOR('',#2343,10.);
#671=VECTOR('',#2344,10.);
#672=VECTOR('',#2347,10.);
#673=VECTOR('',#2350,10.);
#674=VECTOR('',#2353,10.);
#675=VECTOR('',#2354,10.);
#676=VECTOR('',#2357,10.);
#677=VECTOR('',#2360,10.);
#678=VECTOR('',#2361,10.);
#679=VECTOR('',#2364,10.);
#680=VECTOR('',#2367,10.);
#681=CIRCLE('',#1812,4.);
#682=CIRCLE('',#1814,4.);
#683=CIRCLE('',#1817,4.);
#684=CIRCLE('',#1819,4.);
#685=CIRCLE('',#1836,3.5);
#686=CIRCLE('',#1837,1.75);
#687=CIRCLE('',#1840,3.5);
#688=CIRCLE('',#1841,1.75);
#689=CIRCLE('',#1844,3.5);
#690=CIRCLE('',#1845,1.75);
#691=CIRCLE('',#1848,3.5);
#692=CIRCLE('',#1849,1.75);
#693=CIRCLE('',#1852,3.5);
#694=CIRCLE('',#1853,1.75);
#695=CIRCLE('',#1856,3.5);
#696=CIRCLE('',#1857,1.75);
#697=CIRCLE('',#1860,3.5);
#698=CIRCLE('',#1861,1.75);
#699=CIRCLE('',#1864,3.5);
#700=CIRCLE('',#1865,1.75);
#701=CIRCLE('',#1867,2.1);
#702=CIRCLE('',#1868,2.1);
#703=CIRCLE('',#1871,2.1);
#704=CIRCLE('',#1872,2.1);
#705=CIRCLE('',#1894,4.);
#706=CIRCLE('',#1895,4.00000005960466);
#707=CIRCLE('',#1909,4.);
#708=CIRCLE('',#1912,4.);
#709=VERTEX_POINT('',#2372);
#710=VERTEX_POINT('',#2373);
#711=VERTEX_POINT('',#2375);
#712=VERTEX_POINT('',#2377);
#713=VERTEX_POINT('',#2379);
#714=VERTEX_POINT('',#2381);
#715=VERTEX_POINT('',#2383);
#716=VERTEX_POINT('',#2385);
#717=VERTEX_POINT('',#2387);
#718=VERTEX_POINT('',#2389);
#719=VERTEX_POINT('',#2391);
#720=VERTEX_POINT('',#2393);
#721=VERTEX_POINT('',#2397);
#722=VERTEX_POINT('',#2399);
#723=VERTEX_POINT('',#2403);
#724=VERTEX_POINT('',#2407);
#725=VERTEX_POINT('',#2408);
#726=VERTEX_POINT('',#2410);
#727=VERTEX_POINT('',#2412);
#728=VERTEX_POINT('',#2414);
#729=VERTEX_POINT('',#2416);
#730=VERTEX_POINT('',#2418);
#731=VERTEX_POINT('',#2420);
#732=VERTEX_POINT('',#2422);
#733=VERTEX_POINT('',#2424);
#734=VERTEX_POINT('',#2426);
#735=VERTEX_POINT('',#2428);
#736=VERTEX_POINT('',#2432);
#737=VERTEX_POINT('',#2434);
#738=VERTEX_POINT('',#2438);
#739=VERTEX_POINT('',#2442);
#740=VERTEX_POINT('',#2446);
#741=VERTEX_POINT('',#2452);
#742=VERTEX_POINT('',#2454);
#743=VERTEX_POINT('',#2456);
#744=VERTEX_POINT('',#2458);
#745=VERTEX_POINT('',#2460);
#746=VERTEX_POINT('',#2462);
#747=VERTEX_POINT('',#2464);
#748=VERTEX_POINT('',#2466);
#749=VERTEX_POINT('',#2468);
#750=VERTEX_POINT('',#2470);
#751=VERTEX_POINT('',#2619);
#752=VERTEX_POINT('',#2620);
#753=VERTEX_POINT('',#2625);
#754=VERTEX_POINT('',#2778);
#755=VERTEX_POINT('',#2779);
#756=VERTEX_POINT('',#2784);
#757=VERTEX_POINT('',#2937);
#758=VERTEX_POINT('',#2938);
#759=VERTEX_POINT('',#2943);
#760=VERTEX_POINT('',#3096);
#761=VERTEX_POINT('',#3097);
#762=VERTEX_POINT('',#3102);
#763=VERTEX_POINT('',#3112);
#764=VERTEX_POINT('',#3114);
#765=VERTEX_POINT('',#3116);
#766=VERTEX_POINT('',#3121);
#767=VERTEX_POINT('',#3124);
#768=VERTEX_POINT('',#3126);
#769=VERTEX_POINT('',#3131);
#770=VERTEX_POINT('',#3133);
#771=VERTEX_POINT('',#3135);
#772=VERTEX_POINT('',#3137);
#773=VERTEX_POINT('',#3139);
#774=VERTEX_POINT('',#3141);
#775=VERTEX_POINT('',#3145);
#776=VERTEX_POINT('',#3147);
#777=VERTEX_POINT('',#3149);
#778=VERTEX_POINT('',#3153);
#779=VERTEX_POINT('',#3154);
#780=VERTEX_POINT('',#3156);
#781=VERTEX_POINT('',#3158);
#782=VERTEX_POINT('',#3162);
#783=VERTEX_POINT('',#3163);
#784=VERTEX_POINT('',#3168);
#785=VERTEX_POINT('',#3169);
#786=VERTEX_POINT('',#3171);
#787=VERTEX_POINT('',#3173);
#788=VERTEX_POINT('',#3177);
#789=VERTEX_POINT('',#3178);
#790=VERTEX_POINT('',#3183);
#791=VERTEX_POINT('',#3184);
#792=VERTEX_POINT('',#3186);
#793=VERTEX_POINT('',#3188);
#794=VERTEX_POINT('',#3192);
#795=VERTEX_POINT('',#3194);
#796=VERTEX_POINT('',#3197);
#797=VERTEX_POINT('',#3200);
#798=VERTEX_POINT('',#3201);
#799=VERTEX_POINT('',#3203);
#800=VERTEX_POINT('',#3205);
#801=VERTEX_POINT('',#3209);
#802=VERTEX_POINT('',#3211);
#803=VERTEX_POINT('',#3214);
#804=VERTEX_POINT('',#3217);
#805=VERTEX_POINT('',#3218);
#806=VERTEX_POINT('',#3220);
#807=VERTEX_POINT('',#3222);
#808=VERTEX_POINT('',#3226);
#809=VERTEX_POINT('',#3228);
#810=VERTEX_POINT('',#3231);
#811=VERTEX_POINT('',#3234);
#812=VERTEX_POINT('',#3235);
#813=VERTEX_POINT('',#3237);
#814=VERTEX_POINT('',#3239);
#815=VERTEX_POINT('',#3243);
#816=VERTEX_POINT('',#3245);
#817=VERTEX_POINT('',#3248);
#818=VERTEX_POINT('',#3251);
#819=VERTEX_POINT('',#3252);
#820=VERTEX_POINT('',#3254);
#821=VERTEX_POINT('',#3256);
#822=VERTEX_POINT('',#3260);
#823=VERTEX_POINT('',#3262);
#824=VERTEX_POINT('',#3265);
#825=VERTEX_POINT('',#3268);
#826=VERTEX_POINT('',#3269);
#827=VERTEX_POINT('',#3271);
#828=VERTEX_POINT('',#3273);
#829=VERTEX_POINT('',#3277);
#830=VERTEX_POINT('',#3279);
#831=VERTEX_POINT('',#3282);
#832=VERTEX_POINT('',#3285);
#833=VERTEX_POINT('',#3286);
#834=VERTEX_POINT('',#3288);
#835=VERTEX_POINT('',#3290);
#836=VERTEX_POINT('',#3294);
#837=VERTEX_POINT('',#3296);
#838=VERTEX_POINT('',#3299);
#839=VERTEX_POINT('',#3302);
#840=VERTEX_POINT('',#3303);
#841=VERTEX_POINT('',#3305);
#842=VERTEX_POINT('',#3307);
#843=VERTEX_POINT('',#3311);
#844=VERTEX_POINT('',#3313);
#845=VERTEX_POINT('',#3316);
#846=VERTEX_POINT('',#3319);
#847=VERTEX_POINT('',#3321);
#848=VERTEX_POINT('',#3326);
#849=VERTEX_POINT('',#3328);
#850=VERTEX_POINT('',#3333);
#851=VERTEX_POINT('',#3336);
#852=VERTEX_POINT('',#3339);
#853=VERTEX_POINT('',#3342);
#854=VERTEX_POINT('',#3382);
#855=VERTEX_POINT('',#3384);
#856=VERTEX_POINT('',#3388);
#857=VERTEX_POINT('',#3389);
#858=VERTEX_POINT('',#3391);
#859=VERTEX_POINT('',#3393);
#860=VERTEX_POINT('',#3399);
#861=VERTEX_POINT('',#3401);
#862=VERTEX_POINT('',#3403);
#863=VERTEX_POINT('',#3409);
#864=VERTEX_POINT('',#3410);
#865=VERTEX_POINT('',#3417);
#866=VERTEX_POINT('',#3423);
#867=VERTEX_POINT('',#3431);
#868=VERTEX_POINT('',#3437);
#869=VERTEX_POINT('',#3443);
#870=VERTEX_POINT('',#3450);
#871=VERTEX_POINT('',#3451);
#872=VERTEX_POINT('',#3456);
#873=VERTEX_POINT('',#3462);
#874=VERTEX_POINT('',#3468);
#875=VERTEX_POINT('',#3476);
#876=VERTEX_POINT('',#3482);
#877=EDGE_CURVE('',#709,#710,#681,.T.);
#878=EDGE_CURVE('',#711,#709,#257,.T.);
#879=EDGE_CURVE('',#712,#711,#258,.F.);
#880=EDGE_CURVE('',#713,#712,#259,.T.);
#881=EDGE_CURVE('',#713,#714,#260,.T.);
#882=EDGE_CURVE('',#714,#715,#261,.T.);
#883=EDGE_CURVE('',#716,#715,#262,.T.);
#884=EDGE_CURVE('',#717,#716,#263,.T.);
#885=EDGE_CURVE('',#718,#717,#264,.T.);
#886=EDGE_CURVE('',#718,#719,#265,.T.);
#887=EDGE_CURVE('',#720,#719,#266,.F.);
#888=EDGE_CURVE('',#720,#710,#267,.T.);
#889=EDGE_CURVE('',#710,#721,#268,.T.);
#890=EDGE_CURVE('',#721,#722,#682,.T.);
#891=EDGE_CURVE('',#722,#709,#269,.T.);
#892=EDGE_CURVE('',#723,#722,#270,.T.);
#893=EDGE_CURVE('',#711,#723,#271,.T.);
#894=EDGE_CURVE('',#724,#725,#683,.T.);
#895=EDGE_CURVE('',#726,#724,#272,.T.);
#896=EDGE_CURVE('',#727,#726,#273,.F.);
#897=EDGE_CURVE('',#728,#727,#274,.T.);
#898=EDGE_CURVE('',#728,#729,#275,.T.);
#899=EDGE_CURVE('',#729,#730,#276,.T.);
#900=EDGE_CURVE('',#731,#730,#277,.T.);
#901=EDGE_CURVE('',#732,#731,#278,.T.);
#902=EDGE_CURVE('',#733,#732,#279,.T.);
#903=EDGE_CURVE('',#733,#734,#280,.T.);
#904=EDGE_CURVE('',#735,#734,#281,.F.);
#905=EDGE_CURVE('',#735,#725,#282,.T.);
#906=EDGE_CURVE('',#725,#736,#283,.T.);
#907=EDGE_CURVE('',#736,#737,#684,.T.);
#908=EDGE_CURVE('',#737,#724,#284,.T.);
#909=EDGE_CURVE('',#738,#737,#285,.T.);
#910=EDGE_CURVE('',#726,#738,#286,.T.);
#911=EDGE_CURVE('',#739,#736,#287,.T.);
#912=EDGE_CURVE('',#738,#739,#288,.T.);
#913=EDGE_CURVE('',#740,#720,#289,.T.);
#914=EDGE_CURVE('',#740,#721,#290,.T.);
#915=EDGE_CURVE('',#723,#740,#291,.T.);
#916=EDGE_CURVE('',#719,#741,#292,.T.);
#917=EDGE_CURVE('',#741,#742,#293,.T.);
#918=EDGE_CURVE('',#742,#743,#294,.T.);
#919=EDGE_CURVE('',#744,#743,#295,.T.);
#920=EDGE_CURVE('',#744,#745,#296,.F.);
#921=EDGE_CURVE('',#746,#745,#297,.T.);
#922=EDGE_CURVE('',#746,#747,#298,.F.);
#923=EDGE_CURVE('',#747,#748,#299,.T.);
#924=EDGE_CURVE('',#748,#749,#300,.T.);
#925=EDGE_CURVE('',#750,#749,#301,.T.);
#926=EDGE_CURVE('',#750,#712,#302,.T.);
#927=EDGE_CURVE('',#739,#735,#303,.T.);
#928=EDGE_CURVE('',#751,#752,#30,.T.);
#929=EDGE_CURVE('',#753,#751,#31,.T.);
#930=EDGE_CURVE('',#752,#753,#32,.T.);
#931=EDGE_CURVE('',#754,#755,#33,.T.);
#932=EDGE_CURVE('',#756,#754,#34,.T.);
#933=EDGE_CURVE('',#755,#756,#35,.T.);
#934=EDGE_CURVE('',#757,#758,#36,.T.);
#935=EDGE_CURVE('',#759,#757,#37,.T.);
#936=EDGE_CURVE('',#758,#759,#38,.T.);
#937=EDGE_CURVE('',#760,#761,#39,.T.);
#938=EDGE_CURVE('',#762,#760,#40,.T.);
#939=EDGE_CURVE('',#761,#762,#41,.T.);
#940=EDGE_CURVE('',#763,#757,#304,.T.);
#941=EDGE_CURVE('',#764,#763,#305,.T.);
#942=EDGE_CURVE('',#764,#765,#306,.T.);
#943=EDGE_CURVE('',#765,#759,#307,.T.);
#944=EDGE_CURVE('',#758,#760,#308,.T.);
#945=EDGE_CURVE('',#766,#765,#309,.T.);
#946=EDGE_CURVE('',#766,#746,#310,.F.);
#947=EDGE_CURVE('',#767,#745,#311,.T.);
#948=EDGE_CURVE('',#767,#768,#312,.T.);
#949=EDGE_CURVE('',#768,#762,#313,.T.);
#950=EDGE_CURVE('',#752,#754,#314,.T.);
#951=EDGE_CURVE('',#769,#753,#315,.T.);
#952=EDGE_CURVE('',#770,#769,#316,.T.);
#953=EDGE_CURVE('',#770,#771,#317,.F.);
#954=EDGE_CURVE('',#771,#772,#318,.T.);
#955=EDGE_CURVE('',#773,#772,#319,.T.);
#956=EDGE_CURVE('',#773,#774,#320,.T.);
#957=EDGE_CURVE('',#774,#756,#321,.T.);
#958=EDGE_CURVE('',#775,#751,#322,.T.);
#959=EDGE_CURVE('',#776,#775,#323,.T.);
#960=EDGE_CURVE('',#777,#776,#324,.T.);
#961=EDGE_CURVE('',#769,#777,#325,.T.);
#962=EDGE_CURVE('',#778,#779,#326,.T.);
#963=EDGE_CURVE('',#780,#778,#327,.T.);
#964=EDGE_CURVE('',#781,#780,#328,.T.);
#965=EDGE_CURVE('',#779,#781,#329,.T.);
#966=EDGE_CURVE('',#782,#783,#330,.T.);
#967=EDGE_CURVE('',#749,#782,#331,.T.);
#968=EDGE_CURVE('',#783,#748,#332,.T.);
#969=EDGE_CURVE('',#784,#785,#333,.T.);
#970=EDGE_CURVE('',#786,#784,#334,.T.);
#971=EDGE_CURVE('',#787,#786,#335,.T.);
#972=EDGE_CURVE('',#785,#787,#336,.T.);
#973=EDGE_CURVE('',#788,#789,#337,.T.);
#974=EDGE_CURVE('',#743,#788,#338,.T.);
#975=EDGE_CURVE('',#789,#742,#339,.T.);
#976=EDGE_CURVE('',#790,#791,#340,.T.);
#977=EDGE_CURVE('',#791,#792,#341,.T.);
#978=EDGE_CURVE('',#792,#793,#342,.T.);
#979=EDGE_CURVE('',#793,#790,#343,.T.);
#980=EDGE_CURVE('',#794,#791,#344,.T.);
#981=EDGE_CURVE('',#795,#794,#685,.T.);
#982=EDGE_CURVE('',#795,#792,#345,.T.);
#983=EDGE_CURVE('',#796,#796,#686,.T.);
#984=EDGE_CURVE('',#797,#798,#346,.T.);
#985=EDGE_CURVE('',#798,#799,#347,.T.);
#986=EDGE_CURVE('',#799,#800,#348,.T.);
#987=EDGE_CURVE('',#800,#797,#349,.T.);
#988=EDGE_CURVE('',#801,#798,#350,.T.);
#989=EDGE_CURVE('',#802,#801,#687,.T.);
#990=EDGE_CURVE('',#802,#799,#351,.T.);
#991=EDGE_CURVE('',#803,#803,#688,.T.);
#992=EDGE_CURVE('',#804,#805,#352,.T.);
#993=EDGE_CURVE('',#805,#806,#353,.T.);
#994=EDGE_CURVE('',#806,#807,#354,.T.);
#995=EDGE_CURVE('',#807,#804,#355,.T.);
#996=EDGE_CURVE('',#808,#805,#356,.T.);
#997=EDGE_CURVE('',#809,#808,#689,.T.);
#998=EDGE_CURVE('',#809,#806,#357,.T.);
#999=EDGE_CURVE('',#810,#810,#690,.T.);
#1000=EDGE_CURVE('',#811,#812,#358,.T.);
#1001=EDGE_CURVE('',#812,#813,#359,.T.);
#1002=EDGE_CURVE('',#813,#814,#360,.T.);
#1003=EDGE_CURVE('',#814,#811,#361,.T.);
#1004=EDGE_CURVE('',#815,#812,#362,.T.);
#1005=EDGE_CURVE('',#816,#815,#691,.T.);
#1006=EDGE_CURVE('',#816,#813,#363,.T.);
#1007=EDGE_CURVE('',#817,#817,#692,.T.);
#1008=EDGE_CURVE('',#818,#819,#364,.T.);
#1009=EDGE_CURVE('',#819,#820,#365,.T.);
#1010=EDGE_CURVE('',#820,#821,#366,.T.);
#1011=EDGE_CURVE('',#821,#818,#367,.T.);
#1012=EDGE_CURVE('',#819,#822,#368,.T.);
#1013=EDGE_CURVE('',#822,#823,#693,.T.);
#1014=EDGE_CURVE('',#823,#820,#369,.T.);
#1015=EDGE_CURVE('',#824,#824,#694,.T.);
#1016=EDGE_CURVE('',#825,#826,#370,.T.);
#1017=EDGE_CURVE('',#826,#827,#371,.T.);
#1018=EDGE_CURVE('',#827,#828,#372,.T.);
#1019=EDGE_CURVE('',#828,#825,#373,.T.);
#1020=EDGE_CURVE('',#826,#829,#374,.T.);
#1021=EDGE_CURVE('',#829,#830,#695,.T.);
#1022=EDGE_CURVE('',#830,#827,#375,.T.);
#1023=EDGE_CURVE('',#831,#831,#696,.T.);
#1024=EDGE_CURVE('',#832,#833,#376,.T.);
#1025=EDGE_CURVE('',#833,#834,#377,.T.);
#1026=EDGE_CURVE('',#834,#835,#378,.T.);
#1027=EDGE_CURVE('',#835,#832,#379,.T.);
#1028=EDGE_CURVE('',#833,#836,#380,.T.);
#1029=EDGE_CURVE('',#836,#837,#697,.T.);
#1030=EDGE_CURVE('',#837,#834,#381,.T.);
#1031=EDGE_CURVE('',#838,#838,#698,.T.);
#1032=EDGE_CURVE('',#839,#840,#382,.T.);
#1033=EDGE_CURVE('',#840,#841,#383,.T.);
#1034=EDGE_CURVE('',#841,#842,#384,.T.);
#1035=EDGE_CURVE('',#842,#839,#385,.T.);
#1036=EDGE_CURVE('',#840,#843,#386,.T.);
#1037=EDGE_CURVE('',#843,#844,#699,.T.);
#1038=EDGE_CURVE('',#844,#841,#387,.T.);
#1039=EDGE_CURVE('',#845,#845,#700,.T.);
#1040=EDGE_CURVE('',#846,#846,#701,.T.);
#1041=EDGE_CURVE('',#846,#847,#388,.T.);
#1042=EDGE_CURVE('',#847,#847,#702,.T.);
#1043=EDGE_CURVE('',#848,#848,#703,.T.);
#1044=EDGE_CURVE('',#848,#849,#389,.T.);
#1045=EDGE_CURVE('',#849,#849,#704,.T.);
#1046=EDGE_CURVE('',#734,#850,#390,.T.);
#1047=EDGE_CURVE('',#850,#781,#391,.T.);
#1048=EDGE_CURVE('',#851,#780,#392,.T.);
#1049=EDGE_CURVE('',#851,#772,#393,.F.);
#1050=EDGE_CURVE('',#771,#852,#394,.F.);
#1051=EDGE_CURVE('',#852,#787,#395,.T.);
#1052=EDGE_CURVE('',#853,#786,#396,.T.);
#1053=EDGE_CURVE('',#853,#727,#397,.T.);
#1054=EDGE_CURVE('',#824,#817,#398,.T.);
#1055=EDGE_CURVE('',#816,#822,#399,.T.);
#1056=EDGE_CURVE('',#814,#818,#400,.T.);
#1057=EDGE_CURVE('',#821,#811,#401,.T.);
#1058=EDGE_CURVE('',#815,#823,#402,.T.);
#1059=EDGE_CURVE('',#845,#803,#403,.T.);
#1060=EDGE_CURVE('',#802,#843,#404,.T.);
#1061=EDGE_CURVE('',#800,#839,#405,.T.);
#1062=EDGE_CURVE('',#842,#797,#406,.T.);
#1063=EDGE_CURVE('',#801,#844,#407,.T.);
#1064=EDGE_CURVE('',#831,#810,#408,.T.);
#1065=EDGE_CURVE('',#808,#830,#409,.T.);
#1066=EDGE_CURVE('',#809,#829,#410,.T.);
#1067=EDGE_CURVE('',#807,#825,#411,.T.);
#1068=EDGE_CURVE('',#828,#804,#412,.T.);
#1069=EDGE_CURVE('',#838,#796,#413,.T.);
#1070=EDGE_CURVE('',#794,#837,#414,.T.);
#1071=EDGE_CURVE('',#795,#836,#415,.T.);
#1072=EDGE_CURVE('',#793,#832,#416,.T.);
#1073=EDGE_CURVE('',#835,#790,#417,.T.);
#1074=EDGE_CURVE('',#854,#776,#418,.T.);
#1075=EDGE_CURVE('',#855,#775,#419,.T.);
#1076=EDGE_CURVE('',#854,#855,#420,.T.);
#1077=EDGE_CURVE('',#856,#857,#421,.T.);
#1078=EDGE_CURVE('',#857,#858,#422,.T.);
#1079=EDGE_CURVE('',#859,#858,#423,.T.);
#1080=EDGE_CURVE('',#856,#859,#424,.T.);
#1081=EDGE_CURVE('',#761,#859,#425,.T.);
#1082=EDGE_CURVE('',#858,#855,#705,.T.);
#1083=EDGE_CURVE('',#755,#860,#426,.T.);
#1084=EDGE_CURVE('',#860,#861,#427,.T.);
#1085=EDGE_CURVE('',#861,#862,#706,.T.);
#1086=EDGE_CURVE('',#862,#763,#428,.T.);
#1087=EDGE_CURVE('',#730,#716,#429,.T.);
#1088=EDGE_CURVE('',#715,#731,#430,.T.);
#1089=EDGE_CURVE('',#863,#864,#431,.T.);
#1090=EDGE_CURVE('',#863,#857,#432,.T.);
#1091=EDGE_CURVE('',#864,#856,#433,.T.);
#1092=EDGE_CURVE('',#864,#768,#434,.T.);
#1093=EDGE_CURVE('',#865,#767,#435,.F.);
#1094=EDGE_CURVE('',#865,#744,#436,.F.);
#1095=EDGE_CURVE('',#865,#788,#437,.T.);
#1096=EDGE_CURVE('',#866,#789,#438,.F.);
#1097=EDGE_CURVE('',#866,#741,#439,.F.);
#1098=EDGE_CURVE('',#866,#718,#440,.T.);
#1099=EDGE_CURVE('',#717,#729,#441,.T.);
#1100=EDGE_CURVE('',#867,#728,#442,.T.);
#1101=EDGE_CURVE('',#867,#853,#443,.T.);
#1102=EDGE_CURVE('',#867,#784,#444,.T.);
#1103=EDGE_CURVE('',#785,#868,#445,.T.);
#1104=EDGE_CURVE('',#868,#852,#446,.T.);
#1105=EDGE_CURVE('',#868,#770,#447,.T.);
#1106=EDGE_CURVE('',#869,#777,#448,.T.);
#1107=EDGE_CURVE('',#869,#854,#449,.T.);
#1108=EDGE_CURVE('',#863,#869,#707,.T.);
#1109=EDGE_CURVE('',#870,#871,#708,.T.);
#1110=EDGE_CURVE('',#871,#862,#450,.T.);
#1111=EDGE_CURVE('',#870,#861,#451,.T.);
#1112=EDGE_CURVE('',#870,#872,#452,.T.);
#1113=EDGE_CURVE('',#872,#860,#453,.T.);
#1114=EDGE_CURVE('',#774,#872,#454,.T.);
#1115=EDGE_CURVE('',#873,#773,#455,.F.);
#1116=EDGE_CURVE('',#873,#851,#456,.F.);
#1117=EDGE_CURVE('',#873,#778,#457,.T.);
#1118=EDGE_CURVE('',#874,#779,#458,.F.);
#1119=EDGE_CURVE('',#874,#850,#459,.F.);
#1120=EDGE_CURVE('',#874,#733,#460,.T.);
#1121=EDGE_CURVE('',#714,#732,#461,.T.);
#1122=EDGE_CURVE('',#875,#713,#462,.T.);
#1123=EDGE_CURVE('',#875,#750,#463,.T.);
#1124=EDGE_CURVE('',#875,#782,#464,.T.);
#1125=EDGE_CURVE('',#783,#876,#465,.T.);
#1126=EDGE_CURVE('',#876,#747,#466,.T.);
#1127=EDGE_CURVE('',#876,#766,#467,.T.);
#1128=EDGE_CURVE('',#871,#764,#468,.T.);
#1129=ORIENTED_EDGE('',*,*,#877,.F.);
#1130=ORIENTED_EDGE('',*,*,#878,.F.);
#1131=ORIENTED_EDGE('',*,*,#879,.F.);
#1132=ORIENTED_EDGE('',*,*,#880,.F.);
#1133=ORIENTED_EDGE('',*,*,#881,.T.);
#1134=ORIENTED_EDGE('',*,*,#882,.T.);
#1135=ORIENTED_EDGE('',*,*,#883,.F.);
#1136=ORIENTED_EDGE('',*,*,#884,.F.);
#1137=ORIENTED_EDGE('',*,*,#885,.F.);
#1138=ORIENTED_EDGE('',*,*,#886,.T.);
#1139=ORIENTED_EDGE('',*,*,#887,.F.);
#1140=ORIENTED_EDGE('',*,*,#888,.T.);
#1141=ORIENTED_EDGE('',*,*,#877,.T.);
#1142=ORIENTED_EDGE('',*,*,#889,.T.);
#1143=ORIENTED_EDGE('',*,*,#890,.T.);
#1144=ORIENTED_EDGE('',*,*,#891,.T.);
#1145=ORIENTED_EDGE('',*,*,#891,.F.);
#1146=ORIENTED_EDGE('',*,*,#892,.F.);
#1147=ORIENTED_EDGE('',*,*,#893,.F.);
#1148=ORIENTED_EDGE('',*,*,#878,.T.);
#1149=ORIENTED_EDGE('',*,*,#894,.F.);
#1150=ORIENTED_EDGE('',*,*,#895,.F.);
#1151=ORIENTED_EDGE('',*,*,#896,.F.);
#1152=ORIENTED_EDGE('',*,*,#897,.F.);
#1153=ORIENTED_EDGE('',*,*,#898,.T.);
#1154=ORIENTED_EDGE('',*,*,#899,.T.);
#1155=ORIENTED_EDGE('',*,*,#900,.F.);
#1156=ORIENTED_EDGE('',*,*,#901,.F.);
#1157=ORIENTED_EDGE('',*,*,#902,.F.);
#1158=ORIENTED_EDGE('',*,*,#903,.T.);
#1159=ORIENTED_EDGE('',*,*,#904,.F.);
#1160=ORIENTED_EDGE('',*,*,#905,.T.);
#1161=ORIENTED_EDGE('',*,*,#894,.T.);
#1162=ORIENTED_EDGE('',*,*,#906,.T.);
#1163=ORIENTED_EDGE('',*,*,#907,.T.);
#1164=ORIENTED_EDGE('',*,*,#908,.T.);
#1165=ORIENTED_EDGE('',*,*,#908,.F.);
#1166=ORIENTED_EDGE('',*,*,#909,.F.);
#1167=ORIENTED_EDGE('',*,*,#910,.F.);
#1168=ORIENTED_EDGE('',*,*,#895,.T.);
#1169=ORIENTED_EDGE('',*,*,#907,.F.);
#1170=ORIENTED_EDGE('',*,*,#911,.F.);
#1171=ORIENTED_EDGE('',*,*,#912,.F.);
#1172=ORIENTED_EDGE('',*,*,#909,.T.);
#1173=ORIENTED_EDGE('',*,*,#889,.F.);
#1174=ORIENTED_EDGE('',*,*,#888,.F.);
#1175=ORIENTED_EDGE('',*,*,#913,.F.);
#1176=ORIENTED_EDGE('',*,*,#914,.T.);
#1177=ORIENTED_EDGE('',*,*,#890,.F.);
#1178=ORIENTED_EDGE('',*,*,#914,.F.);
#1179=ORIENTED_EDGE('',*,*,#915,.F.);
#1180=ORIENTED_EDGE('',*,*,#892,.T.);
#1181=ORIENTED_EDGE('',*,*,#893,.T.);
#1182=ORIENTED_EDGE('',*,*,#915,.T.);
#1183=ORIENTED_EDGE('',*,*,#913,.T.);
#1184=ORIENTED_EDGE('',*,*,#887,.T.);
#1185=ORIENTED_EDGE('',*,*,#916,.T.);
#1186=ORIENTED_EDGE('',*,*,#917,.T.);
#1187=ORIENTED_EDGE('',*,*,#918,.T.);
#1188=ORIENTED_EDGE('',*,*,#919,.F.);
#1189=ORIENTED_EDGE('',*,*,#920,.T.);
#1190=ORIENTED_EDGE('',*,*,#921,.F.);
#1191=ORIENTED_EDGE('',*,*,#922,.T.);
#1192=ORIENTED_EDGE('',*,*,#923,.T.);
#1193=ORIENTED_EDGE('',*,*,#924,.T.);
#1194=ORIENTED_EDGE('',*,*,#925,.F.);
#1195=ORIENTED_EDGE('',*,*,#926,.T.);
#1196=ORIENTED_EDGE('',*,*,#879,.T.);
#1197=ORIENTED_EDGE('',*,*,#906,.F.);
#1198=ORIENTED_EDGE('',*,*,#905,.F.);
#1199=ORIENTED_EDGE('',*,*,#927,.F.);
#1200=ORIENTED_EDGE('',*,*,#911,.T.);
#1201=ORIENTED_EDGE('',*,*,#928,.F.);
#1202=ORIENTED_EDGE('',*,*,#929,.F.);
#1203=ORIENTED_EDGE('',*,*,#930,.F.);
#1204=ORIENTED_EDGE('',*,*,#931,.F.);
#1205=ORIENTED_EDGE('',*,*,#932,.F.);
#1206=ORIENTED_EDGE('',*,*,#933,.F.);
#1207=ORIENTED_EDGE('',*,*,#934,.F.);
#1208=ORIENTED_EDGE('',*,*,#935,.F.);
#1209=ORIENTED_EDGE('',*,*,#936,.F.);
#1210=ORIENTED_EDGE('',*,*,#937,.F.);
#1211=ORIENTED_EDGE('',*,*,#938,.F.);
#1212=ORIENTED_EDGE('',*,*,#939,.F.);
#1213=ORIENTED_EDGE('',*,*,#935,.T.);
#1214=ORIENTED_EDGE('',*,*,#940,.F.);
#1215=ORIENTED_EDGE('',*,*,#941,.F.);
#1216=ORIENTED_EDGE('',*,*,#942,.T.);
#1217=ORIENTED_EDGE('',*,*,#943,.T.);
#1218=ORIENTED_EDGE('',*,*,#938,.T.);
#1219=ORIENTED_EDGE('',*,*,#944,.F.);
#1220=ORIENTED_EDGE('',*,*,#936,.T.);
#1221=ORIENTED_EDGE('',*,*,#943,.F.);
#1222=ORIENTED_EDGE('',*,*,#945,.F.);
#1223=ORIENTED_EDGE('',*,*,#946,.T.);
#1224=ORIENTED_EDGE('',*,*,#921,.T.);
#1225=ORIENTED_EDGE('',*,*,#947,.F.);
#1226=ORIENTED_EDGE('',*,*,#948,.T.);
#1227=ORIENTED_EDGE('',*,*,#949,.T.);
#1228=ORIENTED_EDGE('',*,*,#932,.T.);
#1229=ORIENTED_EDGE('',*,*,#950,.F.);
#1230=ORIENTED_EDGE('',*,*,#930,.T.);
#1231=ORIENTED_EDGE('',*,*,#951,.F.);
#1232=ORIENTED_EDGE('',*,*,#952,.F.);
#1233=ORIENTED_EDGE('',*,*,#953,.T.);
#1234=ORIENTED_EDGE('',*,*,#954,.T.);
#1235=ORIENTED_EDGE('',*,*,#955,.F.);
#1236=ORIENTED_EDGE('',*,*,#956,.T.);
#1237=ORIENTED_EDGE('',*,*,#957,.T.);
#1238=ORIENTED_EDGE('',*,*,#929,.T.);
#1239=ORIENTED_EDGE('',*,*,#958,.F.);
#1240=ORIENTED_EDGE('',*,*,#959,.F.);
#1241=ORIENTED_EDGE('',*,*,#960,.F.);
#1242=ORIENTED_EDGE('',*,*,#961,.F.);
#1243=ORIENTED_EDGE('',*,*,#951,.T.);
#1244=ORIENTED_EDGE('',*,*,#962,.F.);
#1245=ORIENTED_EDGE('',*,*,#963,.F.);
#1246=ORIENTED_EDGE('',*,*,#964,.F.);
#1247=ORIENTED_EDGE('',*,*,#965,.F.);
#1248=ORIENTED_EDGE('',*,*,#966,.F.);
#1249=ORIENTED_EDGE('',*,*,#967,.F.);
#1250=ORIENTED_EDGE('',*,*,#924,.F.);
#1251=ORIENTED_EDGE('',*,*,#968,.F.);
#1252=ORIENTED_EDGE('',*,*,#969,.F.);
#1253=ORIENTED_EDGE('',*,*,#970,.F.);
#1254=ORIENTED_EDGE('',*,*,#971,.F.);
#1255=ORIENTED_EDGE('',*,*,#972,.F.);
#1256=ORIENTED_EDGE('',*,*,#973,.F.);
#1257=ORIENTED_EDGE('',*,*,#974,.F.);
#1258=ORIENTED_EDGE('',*,*,#918,.F.);
#1259=ORIENTED_EDGE('',*,*,#975,.F.);
#1260=ORIENTED_EDGE('',*,*,#976,.T.);
#1261=ORIENTED_EDGE('',*,*,#977,.T.);
#1262=ORIENTED_EDGE('',*,*,#978,.T.);
#1263=ORIENTED_EDGE('',*,*,#979,.T.);
#1264=ORIENTED_EDGE('',*,*,#977,.F.);
#1265=ORIENTED_EDGE('',*,*,#980,.F.);
#1266=ORIENTED_EDGE('',*,*,#981,.F.);
#1267=ORIENTED_EDGE('',*,*,#982,.T.);
#1268=ORIENTED_EDGE('',*,*,#983,.F.);
#1269=ORIENTED_EDGE('',*,*,#984,.T.);
#1270=ORIENTED_EDGE('',*,*,#985,.T.);
#1271=ORIENTED_EDGE('',*,*,#986,.T.);
#1272=ORIENTED_EDGE('',*,*,#987,.T.);
#1273=ORIENTED_EDGE('',*,*,#985,.F.);
#1274=ORIENTED_EDGE('',*,*,#988,.F.);
#1275=ORIENTED_EDGE('',*,*,#989,.F.);
#1276=ORIENTED_EDGE('',*,*,#990,.T.);
#1277=ORIENTED_EDGE('',*,*,#991,.F.);
#1278=ORIENTED_EDGE('',*,*,#992,.T.);
#1279=ORIENTED_EDGE('',*,*,#993,.T.);
#1280=ORIENTED_EDGE('',*,*,#994,.T.);
#1281=ORIENTED_EDGE('',*,*,#995,.T.);
#1282=ORIENTED_EDGE('',*,*,#993,.F.);
#1283=ORIENTED_EDGE('',*,*,#996,.F.);
#1284=ORIENTED_EDGE('',*,*,#997,.F.);
#1285=ORIENTED_EDGE('',*,*,#998,.T.);
#1286=ORIENTED_EDGE('',*,*,#999,.F.);
#1287=ORIENTED_EDGE('',*,*,#1000,.T.);
#1288=ORIENTED_EDGE('',*,*,#1001,.T.);
#1289=ORIENTED_EDGE('',*,*,#1002,.T.);
#1290=ORIENTED_EDGE('',*,*,#1003,.T.);
#1291=ORIENTED_EDGE('',*,*,#1001,.F.);
#1292=ORIENTED_EDGE('',*,*,#1004,.F.);
#1293=ORIENTED_EDGE('',*,*,#1005,.F.);
#1294=ORIENTED_EDGE('',*,*,#1006,.T.);
#1295=ORIENTED_EDGE('',*,*,#1007,.F.);
#1296=ORIENTED_EDGE('',*,*,#1008,.T.);
#1297=ORIENTED_EDGE('',*,*,#1009,.T.);
#1298=ORIENTED_EDGE('',*,*,#1010,.T.);
#1299=ORIENTED_EDGE('',*,*,#1011,.T.);
#1300=ORIENTED_EDGE('',*,*,#1009,.F.);
#1301=ORIENTED_EDGE('',*,*,#1012,.T.);
#1302=ORIENTED_EDGE('',*,*,#1013,.T.);
#1303=ORIENTED_EDGE('',*,*,#1014,.T.);
#1304=ORIENTED_EDGE('',*,*,#1015,.T.);
#1305=ORIENTED_EDGE('',*,*,#1016,.T.);
#1306=ORIENTED_EDGE('',*,*,#1017,.T.);
#1307=ORIENTED_EDGE('',*,*,#1018,.T.);
#1308=ORIENTED_EDGE('',*,*,#1019,.T.);
#1309=ORIENTED_EDGE('',*,*,#1017,.F.);
#1310=ORIENTED_EDGE('',*,*,#1020,.T.);
#1311=ORIENTED_EDGE('',*,*,#1021,.T.);
#1312=ORIENTED_EDGE('',*,*,#1022,.T.);
#1313=ORIENTED_EDGE('',*,*,#1023,.T.);
#1314=ORIENTED_EDGE('',*,*,#1024,.T.);
#1315=ORIENTED_EDGE('',*,*,#1025,.T.);
#1316=ORIENTED_EDGE('',*,*,#1026,.T.);
#1317=ORIENTED_EDGE('',*,*,#1027,.T.);
#1318=ORIENTED_EDGE('',*,*,#1025,.F.);
#1319=ORIENTED_EDGE('',*,*,#1028,.T.);
#1320=ORIENTED_EDGE('',*,*,#1029,.T.);
#1321=ORIENTED_EDGE('',*,*,#1030,.T.);
#1322=ORIENTED_EDGE('',*,*,#1031,.T.);
#1323=ORIENTED_EDGE('',*,*,#1032,.T.);
#1324=ORIENTED_EDGE('',*,*,#1033,.T.);
#1325=ORIENTED_EDGE('',*,*,#1034,.T.);
#1326=ORIENTED_EDGE('',*,*,#1035,.T.);
#1327=ORIENTED_EDGE('',*,*,#1033,.F.);
#1328=ORIENTED_EDGE('',*,*,#1036,.T.);
#1329=ORIENTED_EDGE('',*,*,#1037,.T.);
#1330=ORIENTED_EDGE('',*,*,#1038,.T.);
#1331=ORIENTED_EDGE('',*,*,#1039,.T.);
#1332=ORIENTED_EDGE('',*,*,#1040,.F.);
#1333=ORIENTED_EDGE('',*,*,#1041,.T.);
#1334=ORIENTED_EDGE('',*,*,#1042,.T.);
#1335=ORIENTED_EDGE('',*,*,#1041,.F.);
#1336=ORIENTED_EDGE('',*,*,#1042,.F.);
#1337=ORIENTED_EDGE('',*,*,#1043,.F.);
#1338=ORIENTED_EDGE('',*,*,#1044,.T.);
#1339=ORIENTED_EDGE('',*,*,#1045,.T.);
#1340=ORIENTED_EDGE('',*,*,#1044,.F.);
#1341=ORIENTED_EDGE('',*,*,#1045,.F.);
#1342=ORIENTED_EDGE('',*,*,#927,.T.);
#1343=ORIENTED_EDGE('',*,*,#904,.T.);
#1344=ORIENTED_EDGE('',*,*,#1046,.T.);
#1345=ORIENTED_EDGE('',*,*,#1047,.T.);
#1346=ORIENTED_EDGE('',*,*,#964,.T.);
#1347=ORIENTED_EDGE('',*,*,#1048,.F.);
#1348=ORIENTED_EDGE('',*,*,#1049,.T.);
#1349=ORIENTED_EDGE('',*,*,#954,.F.);
#1350=ORIENTED_EDGE('',*,*,#1050,.T.);
#1351=ORIENTED_EDGE('',*,*,#1051,.T.);
#1352=ORIENTED_EDGE('',*,*,#971,.T.);
#1353=ORIENTED_EDGE('',*,*,#1052,.F.);
#1354=ORIENTED_EDGE('',*,*,#1053,.T.);
#1355=ORIENTED_EDGE('',*,*,#896,.T.);
#1356=ORIENTED_EDGE('',*,*,#910,.T.);
#1357=ORIENTED_EDGE('',*,*,#912,.T.);
#1358=ORIENTED_EDGE('',*,*,#1015,.F.);
#1359=ORIENTED_EDGE('',*,*,#1054,.T.);
#1360=ORIENTED_EDGE('',*,*,#1007,.T.);
#1361=ORIENTED_EDGE('',*,*,#1054,.F.);
#1362=ORIENTED_EDGE('',*,*,#1006,.F.);
#1363=ORIENTED_EDGE('',*,*,#1055,.T.);
#1364=ORIENTED_EDGE('',*,*,#1012,.F.);
#1365=ORIENTED_EDGE('',*,*,#1008,.F.);
#1366=ORIENTED_EDGE('',*,*,#1056,.F.);
#1367=ORIENTED_EDGE('',*,*,#1002,.F.);
#1368=ORIENTED_EDGE('',*,*,#1004,.T.);
#1369=ORIENTED_EDGE('',*,*,#1000,.F.);
#1370=ORIENTED_EDGE('',*,*,#1057,.F.);
#1371=ORIENTED_EDGE('',*,*,#1010,.F.);
#1372=ORIENTED_EDGE('',*,*,#1014,.F.);
#1373=ORIENTED_EDGE('',*,*,#1058,.F.);
#1374=ORIENTED_EDGE('',*,*,#1005,.T.);
#1375=ORIENTED_EDGE('',*,*,#1058,.T.);
#1376=ORIENTED_EDGE('',*,*,#1013,.F.);
#1377=ORIENTED_EDGE('',*,*,#1055,.F.);
#1378=ORIENTED_EDGE('',*,*,#1039,.F.);
#1379=ORIENTED_EDGE('',*,*,#1059,.T.);
#1380=ORIENTED_EDGE('',*,*,#991,.T.);
#1381=ORIENTED_EDGE('',*,*,#1059,.F.);
#1382=ORIENTED_EDGE('',*,*,#990,.F.);
#1383=ORIENTED_EDGE('',*,*,#1060,.T.);
#1384=ORIENTED_EDGE('',*,*,#1036,.F.);
#1385=ORIENTED_EDGE('',*,*,#1032,.F.);
#1386=ORIENTED_EDGE('',*,*,#1061,.F.);
#1387=ORIENTED_EDGE('',*,*,#986,.F.);
#1388=ORIENTED_EDGE('',*,*,#988,.T.);
#1389=ORIENTED_EDGE('',*,*,#984,.F.);
#1390=ORIENTED_EDGE('',*,*,#1062,.F.);
#1391=ORIENTED_EDGE('',*,*,#1034,.F.);
#1392=ORIENTED_EDGE('',*,*,#1038,.F.);
#1393=ORIENTED_EDGE('',*,*,#1063,.F.);
#1394=ORIENTED_EDGE('',*,*,#989,.T.);
#1395=ORIENTED_EDGE('',*,*,#1063,.T.);
#1396=ORIENTED_EDGE('',*,*,#1037,.F.);
#1397=ORIENTED_EDGE('',*,*,#1060,.F.);
#1398=ORIENTED_EDGE('',*,*,#1023,.F.);
#1399=ORIENTED_EDGE('',*,*,#1064,.T.);
#1400=ORIENTED_EDGE('',*,*,#999,.T.);
#1401=ORIENTED_EDGE('',*,*,#1064,.F.);
#1402=ORIENTED_EDGE('',*,*,#997,.T.);
#1403=ORIENTED_EDGE('',*,*,#1065,.T.);
#1404=ORIENTED_EDGE('',*,*,#1021,.F.);
#1405=ORIENTED_EDGE('',*,*,#1066,.F.);
#1406=ORIENTED_EDGE('',*,*,#998,.F.);
#1407=ORIENTED_EDGE('',*,*,#1066,.T.);
#1408=ORIENTED_EDGE('',*,*,#1020,.F.);
#1409=ORIENTED_EDGE('',*,*,#1016,.F.);
#1410=ORIENTED_EDGE('',*,*,#1067,.F.);
#1411=ORIENTED_EDGE('',*,*,#994,.F.);
#1412=ORIENTED_EDGE('',*,*,#996,.T.);
#1413=ORIENTED_EDGE('',*,*,#992,.F.);
#1414=ORIENTED_EDGE('',*,*,#1068,.F.);
#1415=ORIENTED_EDGE('',*,*,#1018,.F.);
#1416=ORIENTED_EDGE('',*,*,#1022,.F.);
#1417=ORIENTED_EDGE('',*,*,#1065,.F.);
#1418=ORIENTED_EDGE('',*,*,#1031,.F.);
#1419=ORIENTED_EDGE('',*,*,#1069,.T.);
#1420=ORIENTED_EDGE('',*,*,#983,.T.);
#1421=ORIENTED_EDGE('',*,*,#1069,.F.);
#1422=ORIENTED_EDGE('',*,*,#981,.T.);
#1423=ORIENTED_EDGE('',*,*,#1070,.T.);
#1424=ORIENTED_EDGE('',*,*,#1029,.F.);
#1425=ORIENTED_EDGE('',*,*,#1071,.F.);
#1426=ORIENTED_EDGE('',*,*,#982,.F.);
#1427=ORIENTED_EDGE('',*,*,#1071,.T.);
#1428=ORIENTED_EDGE('',*,*,#1028,.F.);
#1429=ORIENTED_EDGE('',*,*,#1024,.F.);
#1430=ORIENTED_EDGE('',*,*,#1072,.F.);
#1431=ORIENTED_EDGE('',*,*,#978,.F.);
#1432=ORIENTED_EDGE('',*,*,#980,.T.);
#1433=ORIENTED_EDGE('',*,*,#976,.F.);
#1434=ORIENTED_EDGE('',*,*,#1073,.F.);
#1435=ORIENTED_EDGE('',*,*,#1026,.F.);
#1436=ORIENTED_EDGE('',*,*,#1030,.F.);
#1437=ORIENTED_EDGE('',*,*,#1070,.F.);
#1438=ORIENTED_EDGE('',*,*,#1074,.T.);
#1439=ORIENTED_EDGE('',*,*,#959,.T.);
#1440=ORIENTED_EDGE('',*,*,#1075,.F.);
#1441=ORIENTED_EDGE('',*,*,#1076,.F.);
#1442=ORIENTED_EDGE('',*,*,#1077,.T.);
#1443=ORIENTED_EDGE('',*,*,#1078,.T.);
#1444=ORIENTED_EDGE('',*,*,#1079,.F.);
#1445=ORIENTED_EDGE('',*,*,#1080,.F.);
#1446=ORIENTED_EDGE('',*,*,#937,.T.);
#1447=ORIENTED_EDGE('',*,*,#1081,.T.);
#1448=ORIENTED_EDGE('',*,*,#1079,.T.);
#1449=ORIENTED_EDGE('',*,*,#1082,.T.);
#1450=ORIENTED_EDGE('',*,*,#1075,.T.);
#1451=ORIENTED_EDGE('',*,*,#958,.T.);
#1452=ORIENTED_EDGE('',*,*,#928,.T.);
#1453=ORIENTED_EDGE('',*,*,#950,.T.);
#1454=ORIENTED_EDGE('',*,*,#931,.T.);
#1455=ORIENTED_EDGE('',*,*,#1083,.T.);
#1456=ORIENTED_EDGE('',*,*,#1084,.T.);
#1457=ORIENTED_EDGE('',*,*,#1085,.T.);
#1458=ORIENTED_EDGE('',*,*,#1086,.T.);
#1459=ORIENTED_EDGE('',*,*,#940,.T.);
#1460=ORIENTED_EDGE('',*,*,#934,.T.);
#1461=ORIENTED_EDGE('',*,*,#944,.T.);
#1462=ORIENTED_EDGE('',*,*,#900,.T.);
#1463=ORIENTED_EDGE('',*,*,#1087,.T.);
#1464=ORIENTED_EDGE('',*,*,#883,.T.);
#1465=ORIENTED_EDGE('',*,*,#1088,.T.);
#1466=ORIENTED_EDGE('',*,*,#1089,.F.);
#1467=ORIENTED_EDGE('',*,*,#1090,.T.);
#1468=ORIENTED_EDGE('',*,*,#1077,.F.);
#1469=ORIENTED_EDGE('',*,*,#1091,.F.);
#1470=ORIENTED_EDGE('',*,*,#939,.T.);
#1471=ORIENTED_EDGE('',*,*,#949,.F.);
#1472=ORIENTED_EDGE('',*,*,#1092,.F.);
#1473=ORIENTED_EDGE('',*,*,#1091,.T.);
#1474=ORIENTED_EDGE('',*,*,#1080,.T.);
#1475=ORIENTED_EDGE('',*,*,#1081,.F.);
#1476=ORIENTED_EDGE('',*,*,#1093,.T.);
#1477=ORIENTED_EDGE('',*,*,#947,.T.);
#1478=ORIENTED_EDGE('',*,*,#920,.F.);
#1479=ORIENTED_EDGE('',*,*,#1094,.F.);
#1480=ORIENTED_EDGE('',*,*,#1095,.F.);
#1481=ORIENTED_EDGE('',*,*,#1094,.T.);
#1482=ORIENTED_EDGE('',*,*,#919,.T.);
#1483=ORIENTED_EDGE('',*,*,#974,.T.);
#1484=ORIENTED_EDGE('',*,*,#1096,.T.);
#1485=ORIENTED_EDGE('',*,*,#975,.T.);
#1486=ORIENTED_EDGE('',*,*,#917,.F.);
#1487=ORIENTED_EDGE('',*,*,#1097,.F.);
#1488=ORIENTED_EDGE('',*,*,#1098,.F.);
#1489=ORIENTED_EDGE('',*,*,#1097,.T.);
#1490=ORIENTED_EDGE('',*,*,#916,.F.);
#1491=ORIENTED_EDGE('',*,*,#886,.F.);
#1492=ORIENTED_EDGE('',*,*,#1099,.F.);
#1493=ORIENTED_EDGE('',*,*,#884,.T.);
#1494=ORIENTED_EDGE('',*,*,#1087,.F.);
#1495=ORIENTED_EDGE('',*,*,#899,.F.);
#1496=ORIENTED_EDGE('',*,*,#1072,.T.);
#1497=ORIENTED_EDGE('',*,*,#1027,.F.);
#1498=ORIENTED_EDGE('',*,*,#1073,.T.);
#1499=ORIENTED_EDGE('',*,*,#979,.F.);
#1500=ORIENTED_EDGE('',*,*,#1061,.T.);
#1501=ORIENTED_EDGE('',*,*,#1035,.F.);
#1502=ORIENTED_EDGE('',*,*,#1062,.T.);
#1503=ORIENTED_EDGE('',*,*,#987,.F.);
#1504=ORIENTED_EDGE('',*,*,#1100,.T.);
#1505=ORIENTED_EDGE('',*,*,#897,.T.);
#1506=ORIENTED_EDGE('',*,*,#1053,.F.);
#1507=ORIENTED_EDGE('',*,*,#1101,.F.);
#1508=ORIENTED_EDGE('',*,*,#1102,.F.);
#1509=ORIENTED_EDGE('',*,*,#1101,.T.);
#1510=ORIENTED_EDGE('',*,*,#1052,.T.);
#1511=ORIENTED_EDGE('',*,*,#970,.T.);
#1512=ORIENTED_EDGE('',*,*,#1103,.F.);
#1513=ORIENTED_EDGE('',*,*,#972,.T.);
#1514=ORIENTED_EDGE('',*,*,#1051,.F.);
#1515=ORIENTED_EDGE('',*,*,#1104,.F.);
#1516=ORIENTED_EDGE('',*,*,#1105,.F.);
#1517=ORIENTED_EDGE('',*,*,#1104,.T.);
#1518=ORIENTED_EDGE('',*,*,#1050,.F.);
#1519=ORIENTED_EDGE('',*,*,#953,.F.);
#1520=ORIENTED_EDGE('',*,*,#1106,.T.);
#1521=ORIENTED_EDGE('',*,*,#960,.T.);
#1522=ORIENTED_EDGE('',*,*,#1074,.F.);
#1523=ORIENTED_EDGE('',*,*,#1107,.F.);
#1524=ORIENTED_EDGE('',*,*,#1108,.T.);
#1525=ORIENTED_EDGE('',*,*,#1107,.T.);
#1526=ORIENTED_EDGE('',*,*,#1076,.T.);
#1527=ORIENTED_EDGE('',*,*,#1082,.F.);
#1528=ORIENTED_EDGE('',*,*,#1078,.F.);
#1529=ORIENTED_EDGE('',*,*,#1090,.F.);
#1530=ORIENTED_EDGE('',*,*,#1103,.T.);
#1531=ORIENTED_EDGE('',*,*,#1105,.T.);
#1532=ORIENTED_EDGE('',*,*,#952,.T.);
#1533=ORIENTED_EDGE('',*,*,#961,.T.);
#1534=ORIENTED_EDGE('',*,*,#1106,.F.);
#1535=ORIENTED_EDGE('',*,*,#1108,.F.);
#1536=ORIENTED_EDGE('',*,*,#1089,.T.);
#1537=ORIENTED_EDGE('',*,*,#1092,.T.);
#1538=ORIENTED_EDGE('',*,*,#948,.F.);
#1539=ORIENTED_EDGE('',*,*,#1093,.F.);
#1540=ORIENTED_EDGE('',*,*,#1095,.T.);
#1541=ORIENTED_EDGE('',*,*,#973,.T.);
#1542=ORIENTED_EDGE('',*,*,#1096,.F.);
#1543=ORIENTED_EDGE('',*,*,#1098,.T.);
#1544=ORIENTED_EDGE('',*,*,#885,.T.);
#1545=ORIENTED_EDGE('',*,*,#1099,.T.);
#1546=ORIENTED_EDGE('',*,*,#898,.F.);
#1547=ORIENTED_EDGE('',*,*,#1100,.F.);
#1548=ORIENTED_EDGE('',*,*,#1102,.T.);
#1549=ORIENTED_EDGE('',*,*,#969,.T.);
#1550=ORIENTED_EDGE('',*,*,#1040,.T.);
#1551=ORIENTED_EDGE('',*,*,#1109,.T.);
#1552=ORIENTED_EDGE('',*,*,#1110,.T.);
#1553=ORIENTED_EDGE('',*,*,#1085,.F.);
#1554=ORIENTED_EDGE('',*,*,#1111,.F.);
#1555=ORIENTED_EDGE('',*,*,#1112,.F.);
#1556=ORIENTED_EDGE('',*,*,#1111,.T.);
#1557=ORIENTED_EDGE('',*,*,#1084,.F.);
#1558=ORIENTED_EDGE('',*,*,#1113,.F.);
#1559=ORIENTED_EDGE('',*,*,#933,.T.);
#1560=ORIENTED_EDGE('',*,*,#957,.F.);
#1561=ORIENTED_EDGE('',*,*,#1114,.T.);
#1562=ORIENTED_EDGE('',*,*,#1113,.T.);
#1563=ORIENTED_EDGE('',*,*,#1083,.F.);
#1564=ORIENTED_EDGE('',*,*,#1115,.T.);
#1565=ORIENTED_EDGE('',*,*,#955,.T.);
#1566=ORIENTED_EDGE('',*,*,#1049,.F.);
#1567=ORIENTED_EDGE('',*,*,#1116,.F.);
#1568=ORIENTED_EDGE('',*,*,#1117,.F.);
#1569=ORIENTED_EDGE('',*,*,#1116,.T.);
#1570=ORIENTED_EDGE('',*,*,#1048,.T.);
#1571=ORIENTED_EDGE('',*,*,#963,.T.);
#1572=ORIENTED_EDGE('',*,*,#1118,.T.);
#1573=ORIENTED_EDGE('',*,*,#965,.T.);
#1574=ORIENTED_EDGE('',*,*,#1047,.F.);
#1575=ORIENTED_EDGE('',*,*,#1119,.F.);
#1576=ORIENTED_EDGE('',*,*,#1120,.F.);
#1577=ORIENTED_EDGE('',*,*,#1119,.T.);
#1578=ORIENTED_EDGE('',*,*,#1046,.F.);
#1579=ORIENTED_EDGE('',*,*,#903,.F.);
#1580=ORIENTED_EDGE('',*,*,#1121,.T.);
#1581=ORIENTED_EDGE('',*,*,#901,.T.);
#1582=ORIENTED_EDGE('',*,*,#1088,.F.);
#1583=ORIENTED_EDGE('',*,*,#882,.F.);
#1584=ORIENTED_EDGE('',*,*,#1067,.T.);
#1585=ORIENTED_EDGE('',*,*,#1019,.F.);
#1586=ORIENTED_EDGE('',*,*,#1068,.T.);
#1587=ORIENTED_EDGE('',*,*,#995,.F.);
#1588=ORIENTED_EDGE('',*,*,#1056,.T.);
#1589=ORIENTED_EDGE('',*,*,#1011,.F.);
#1590=ORIENTED_EDGE('',*,*,#1057,.T.);
#1591=ORIENTED_EDGE('',*,*,#1003,.F.);
#1592=ORIENTED_EDGE('',*,*,#1122,.T.);
#1593=ORIENTED_EDGE('',*,*,#880,.T.);
#1594=ORIENTED_EDGE('',*,*,#926,.F.);
#1595=ORIENTED_EDGE('',*,*,#1123,.F.);
#1596=ORIENTED_EDGE('',*,*,#1124,.F.);
#1597=ORIENTED_EDGE('',*,*,#1123,.T.);
#1598=ORIENTED_EDGE('',*,*,#925,.T.);
#1599=ORIENTED_EDGE('',*,*,#967,.T.);
#1600=ORIENTED_EDGE('',*,*,#1125,.F.);
#1601=ORIENTED_EDGE('',*,*,#968,.T.);
#1602=ORIENTED_EDGE('',*,*,#923,.F.);
#1603=ORIENTED_EDGE('',*,*,#1126,.F.);
#1604=ORIENTED_EDGE('',*,*,#1127,.F.);
#1605=ORIENTED_EDGE('',*,*,#1126,.T.);
#1606=ORIENTED_EDGE('',*,*,#922,.F.);
#1607=ORIENTED_EDGE('',*,*,#946,.F.);
#1608=ORIENTED_EDGE('',*,*,#1128,.T.);
#1609=ORIENTED_EDGE('',*,*,#941,.T.);
#1610=ORIENTED_EDGE('',*,*,#1086,.F.);
#1611=ORIENTED_EDGE('',*,*,#1110,.F.);
#1612=ORIENTED_EDGE('',*,*,#1118,.F.);
#1613=ORIENTED_EDGE('',*,*,#1120,.T.);
#1614=ORIENTED_EDGE('',*,*,#902,.T.);
#1615=ORIENTED_EDGE('',*,*,#1121,.F.);
#1616=ORIENTED_EDGE('',*,*,#881,.F.);
#1617=ORIENTED_EDGE('',*,*,#1122,.F.);
#1618=ORIENTED_EDGE('',*,*,#1124,.T.);
#1619=ORIENTED_EDGE('',*,*,#966,.T.);
#1620=ORIENTED_EDGE('',*,*,#1125,.T.);
#1621=ORIENTED_EDGE('',*,*,#1127,.T.);
#1622=ORIENTED_EDGE('',*,*,#945,.T.);
#1623=ORIENTED_EDGE('',*,*,#942,.F.);
#1624=ORIENTED_EDGE('',*,*,#1128,.F.);
#1625=ORIENTED_EDGE('',*,*,#1109,.F.);
#1626=ORIENTED_EDGE('',*,*,#1112,.T.);
#1627=ORIENTED_EDGE('',*,*,#1114,.F.);
#1628=ORIENTED_EDGE('',*,*,#956,.F.);
#1629=ORIENTED_EDGE('',*,*,#1115,.F.);
#1630=ORIENTED_EDGE('',*,*,#1117,.T.);
#1631=ORIENTED_EDGE('',*,*,#962,.T.);
#1632=ORIENTED_EDGE('',*,*,#1043,.T.);
#1633=PLANE('',#1811);
#1634=PLANE('',#1815);
#1635=PLANE('',#1816);
#1636=PLANE('',#1820);
#1637=PLANE('',#1821);
#1638=PLANE('',#1822);
#1639=PLANE('',#1823);
#1640=PLANE('',#1824);
#1641=PLANE('',#1825);
#1642=PLANE('',#1826);
#1643=PLANE('',#1827);
#1644=PLANE('',#1828);
#1645=PLANE('',#1829);
#1646=PLANE('',#1830);
#1647=PLANE('',#1831);
#1648=PLANE('',#1832);
#1649=PLANE('',#1833);
#1650=PLANE('',#1834);
#1651=PLANE('',#1835);
#1652=PLANE('',#1838);
#1653=PLANE('',#1839);
#1654=PLANE('',#1842);
#1655=PLANE('',#1843);
#1656=PLANE('',#1846);
#1657=PLANE('',#1847);
#1658=PLANE('',#1850);
#1659=PLANE('',#1851);
#1660=PLANE('',#1854);
#1661=PLANE('',#1855);
#1662=PLANE('',#1858);
#1663=PLANE('',#1859);
#1664=PLANE('',#1862);
#1665=PLANE('',#1863);
#1666=PLANE('',#1869);
#1667=PLANE('',#1873);
#1668=PLANE('',#1874);
#1669=PLANE('',#1876);
#1670=PLANE('',#1877);
#1671=PLANE('',#1880);
#1672=PLANE('',#1881);
#1673=PLANE('',#1885);
#1674=PLANE('',#1886);
#1675=PLANE('',#1889);
#1676=PLANE('',#1890);
#1677=PLANE('',#1891);
#1678=PLANE('',#1892);
#1679=PLANE('',#1893);
#1680=PLANE('',#1896);
#1681=PLANE('',#1897);
#1682=PLANE('',#1898);
#1683=PLANE('',#1899);
#1684=PLANE('',#1900);
#1685=PLANE('',#1901);
#1686=PLANE('',#1902);
#1687=PLANE('',#1903);
#1688=PLANE('',#1904);
#1689=PLANE('',#1905);
#1690=PLANE('',#1906);
#1691=PLANE('',#1907);
#1692=PLANE('',#1910);
#1693=PLANE('',#1913);
#1694=PLANE('',#1914);
#1695=PLANE('',#1915);
#1696=PLANE('',#1916);
#1697=PLANE('',#1917);
#1698=PLANE('',#1918);
#1699=PLANE('',#1919);
#1700=PLANE('',#1920);
#1701=PLANE('',#1921);
#1702=PLANE('',#1922);
#1703=PLANE('',#1923);
#1704=PLANE('',#1924);
#1705=PLANE('',#1925);
#1706=ADVANCED_FACE('',(#60),#1633,.T.);
#1707=ADVANCED_FACE('',(#61),#46,.T.);
#1708=ADVANCED_FACE('',(#62),#1634,.T.);
#1709=ADVANCED_FACE('',(#63),#1635,.T.);
#1710=ADVANCED_FACE('',(#64),#47,.T.);
#1711=ADVANCED_FACE('',(#65),#1636,.T.);
#1712=ADVANCED_FACE('',(#66),#1637,.T.);
#1713=ADVANCED_FACE('',(#67),#1638,.T.);
#1714=ADVANCED_FACE('',(#68),#1639,.T.);
#1715=ADVANCED_FACE('',(#69),#1640,.F.);
#1716=ADVANCED_FACE('',(#70),#1641,.T.);
#1717=ADVANCED_FACE('',(#71),#42,.F.);
#1718=ADVANCED_FACE('',(#72),#43,.F.);
#1719=ADVANCED_FACE('',(#73),#44,.F.);
#1720=ADVANCED_FACE('',(#74),#45,.F.);
#1721=ADVANCED_FACE('',(#75),#1642,.T.);
#1722=ADVANCED_FACE('',(#76),#1643,.T.);
#1723=ADVANCED_FACE('',(#77),#1644,.T.);
#1724=ADVANCED_FACE('',(#78),#1645,.T.);
#1725=ADVANCED_FACE('',(#79),#1646,.F.);
#1726=ADVANCED_FACE('',(#80),#1647,.F.);
#1727=ADVANCED_FACE('',(#81),#1648,.F.);
#1728=ADVANCED_FACE('',(#82),#1649,.F.);
#1729=ADVANCED_FACE('',(#83),#1650,.T.);
#1730=ADVANCED_FACE('',(#84,#15),#1651,.F.);
#1731=ADVANCED_FACE('',(#85),#1652,.T.);
#1732=ADVANCED_FACE('',(#86,#16),#1653,.F.);
#1733=ADVANCED_FACE('',(#87),#1654,.T.);
#1734=ADVANCED_FACE('',(#88,#17),#1655,.F.);
#1735=ADVANCED_FACE('',(#89),#1656,.T.);
#1736=ADVANCED_FACE('',(#90,#18),#1657,.F.);
#1737=ADVANCED_FACE('',(#91),#1658,.T.);
#1738=ADVANCED_FACE('',(#92,#19),#1659,.T.);
#1739=ADVANCED_FACE('',(#93),#1660,.T.);
#1740=ADVANCED_FACE('',(#94,#20),#1661,.T.);
#1741=ADVANCED_FACE('',(#95),#1662,.T.);
#1742=ADVANCED_FACE('',(#96,#21),#1663,.T.);
#1743=ADVANCED_FACE('',(#97),#1664,.T.);
#1744=ADVANCED_FACE('',(#98,#22),#1665,.T.);
#1745=ADVANCED_FACE('',(#99),#48,.F.);
#1746=ADVANCED_FACE('',(#100),#1666,.F.);
#1747=ADVANCED_FACE('',(#101),#49,.F.);
#1748=ADVANCED_FACE('',(#102),#1667,.F.);
#1749=ADVANCED_FACE('',(#103),#1668,.F.);
#1750=ADVANCED_FACE('',(#104),#50,.F.);
#1751=ADVANCED_FACE('',(#105),#1669,.T.);
#1752=ADVANCED_FACE('',(#106),#1670,.T.);
#1753=ADVANCED_FACE('',(#107),#51,.T.);
#1754=ADVANCED_FACE('',(#108),#52,.F.);
#1755=ADVANCED_FACE('',(#109),#1671,.T.);
#1756=ADVANCED_FACE('',(#110),#1672,.T.);
#1757=ADVANCED_FACE('',(#111),#53,.T.);
#1758=ADVANCED_FACE('',(#112),#54,.F.);
#1759=ADVANCED_FACE('',(#113),#55,.T.);
#1760=ADVANCED_FACE('',(#114),#1673,.T.);
#1761=ADVANCED_FACE('',(#115),#1674,.T.);
#1762=ADVANCED_FACE('',(#116),#56,.F.);
#1763=ADVANCED_FACE('',(#117),#57,.T.);
#1764=ADVANCED_FACE('',(#118),#1675,.T.);
#1765=ADVANCED_FACE('',(#119),#1676,.T.);
#1766=ADVANCED_FACE('',(#120),#1677,.T.);
#1767=ADVANCED_FACE('',(#121),#1678,.T.);
#1768=ADVANCED_FACE('',(#122,#23),#1679,.T.);
#1769=ADVANCED_FACE('',(#123),#1680,.T.);
#1770=ADVANCED_FACE('',(#124),#1681,.T.);
#1771=ADVANCED_FACE('',(#125),#1682,.T.);
#1772=ADVANCED_FACE('',(#126),#1683,.T.);
#1773=ADVANCED_FACE('',(#127),#1684,.T.);
#1774=ADVANCED_FACE('',(#128),#1685,.T.);
#1775=ADVANCED_FACE('',(#129,#24,#25),#1686,.T.);
#1776=ADVANCED_FACE('',(#130),#1687,.T.);
#1777=ADVANCED_FACE('',(#131),#1688,.T.);
#1778=ADVANCED_FACE('',(#132),#1689,.T.);
#1779=ADVANCED_FACE('',(#133),#1690,.T.);
#1780=ADVANCED_FACE('',(#134),#1691,.T.);
#1781=ADVANCED_FACE('',(#135),#58,.T.);
#1782=ADVANCED_FACE('',(#136,#26),#1692,.F.);
#1783=ADVANCED_FACE('',(#137),#59,.T.);
#1784=ADVANCED_FACE('',(#138),#1693,.T.);
#1785=ADVANCED_FACE('',(#139),#1694,.T.);
#1786=ADVANCED_FACE('',(#140),#1695,.T.);
#1787=ADVANCED_FACE('',(#141),#1696,.T.);
#1788=ADVANCED_FACE('',(#142),#1697,.T.);
#1789=ADVANCED_FACE('',(#143),#1698,.T.);
#1790=ADVANCED_FACE('',(#144,#27,#28),#1699,.T.);
#1791=ADVANCED_FACE('',(#145),#1700,.T.);
#1792=ADVANCED_FACE('',(#146),#1701,.T.);
#1793=ADVANCED_FACE('',(#147),#1702,.T.);
#1794=ADVANCED_FACE('',(#148),#1703,.T.);
#1795=ADVANCED_FACE('',(#149),#1704,.T.);
#1796=ADVANCED_FACE('',(#150,#29),#1705,.F.);
#1797=CLOSED_SHELL('',(#1706,#1707,#1708,#1709,#1710,#1711,#1712,#1713,
#1714,#1715,#1716,#1717,#1718,#1719,#1720,#1721,#1722,#1723,#1724,#1725,
#1726,#1727,#1728,#1729,#1730,#1731,#1732,#1733,#1734,#1735,#1736,#1737,
#1738,#1739,#1740,#1741,#1742,#1743,#1744,#1745,#1746,#1747,#1748,#1749,
#1750,#1751,#1752,#1753,#1754,#1755,#1756,#1757,#1758,#1759,#1760,#1761,
#1762,#1763,#1764,#1765,#1766,#1767,#1768,#1769,#1770,#1771,#1772,#1773,
#1774,#1775,#1776,#1777,#1778,#1779,#1780,#1781,#1782,#1783,#1784,#1785,
#1786,#1787,#1788,#1789,#1790,#1791,#1792,#1793,#1794,#1795,#1796));
#1798=DERIVED_UNIT_ELEMENT(#1800,1.);
#1799=DERIVED_UNIT_ELEMENT(#3495,-3.);
#1800=(
MASS_UNIT()
NAMED_UNIT(*)
SI_UNIT(.KILO.,.GRAM.)
);
#1801=DERIVED_UNIT((#1798,#1799));
#1802=MEASURE_REPRESENTATION_ITEM('density measure',
POSITIVE_RATIO_MEASURE(7850.),#1801);
#1803=PROPERTY_DEFINITION_REPRESENTATION(#1808,#1805);
#1804=PROPERTY_DEFINITION_REPRESENTATION(#1809,#1806);
#1805=REPRESENTATION('material name',(#1807),#3492);
#1806=REPRESENTATION('density',(#1802),#3492);
#1807=DESCRIPTIVE_REPRESENTATION_ITEM('Steel','Steel');
#1808=PROPERTY_DEFINITION('material property','material name',#3502);
#1809=PROPERTY_DEFINITION('material property','density of part',#3502);
#1810=AXIS2_PLACEMENT_3D('',#2370,#1926,#1927);
#1811=AXIS2_PLACEMENT_3D('',#2371,#1928,#1929);
#1812=AXIS2_PLACEMENT_3D('',#2374,#1930,#1931);
#1813=AXIS2_PLACEMENT_3D('',#2396,#1943,#1944);
#1814=AXIS2_PLACEMENT_3D('',#2400,#1946,#1947);
#1815=AXIS2_PLACEMENT_3D('',#2402,#1949,#1950);
#1816=AXIS2_PLACEMENT_3D('',#2406,#1953,#1954);
#1817=AXIS2_PLACEMENT_3D('',#2409,#1955,#1956);
#1818=AXIS2_PLACEMENT_3D('',#2431,#1968,#1969);
#1819=AXIS2_PLACEMENT_3D('',#2435,#1971,#1972);
#1820=AXIS2_PLACEMENT_3D('',#2437,#1974,#1975);
#1821=AXIS2_PLACEMENT_3D('',#2441,#1978,#1979);
#1822=AXIS2_PLACEMENT_3D('',#2445,#1982,#1983);
#1823=AXIS2_PLACEMENT_3D('',#2449,#1986,#1987);
#1824=AXIS2_PLACEMENT_3D('',#2451,#1989,#1990);
#1825=AXIS2_PLACEMENT_3D('',#2473,#2002,#2003);
#1826=AXIS2_PLACEMENT_3D('',#3111,#2005,#2006);
#1827=AXIS2_PLACEMENT_3D('',#3119,#2011,#2012);
#1828=AXIS2_PLACEMENT_3D('',#3129,#2019,#2020);
#1829=AXIS2_PLACEMENT_3D('',#3144,#2029,#2030);
#1830=AXIS2_PLACEMENT_3D('',#3152,#2035,#2036);
#1831=AXIS2_PLACEMENT_3D('',#3161,#2041,#2042);
#1832=AXIS2_PLACEMENT_3D('',#3167,#2046,#2047);
#1833=AXIS2_PLACEMENT_3D('',#3176,#2052,#2053);
#1834=AXIS2_PLACEMENT_3D('',#3182,#2057,#2058);
#1835=AXIS2_PLACEMENT_3D('',#3191,#2063,#2064);
#1836=AXIS2_PLACEMENT_3D('',#3195,#2066,#2067);
#1837=AXIS2_PLACEMENT_3D('',#3198,#2069,#2070);
#1838=AXIS2_PLACEMENT_3D('',#3199,#2071,#2072);
#1839=AXIS2_PLACEMENT_3D('',#3208,#2077,#2078);
#1840=AXIS2_PLACEMENT_3D('',#3212,#2080,#2081);
#1841=AXIS2_PLACEMENT_3D('',#3215,#2083,#2084);
#1842=AXIS2_PLACEMENT_3D('',#3216,#2085,#2086);
#1843=AXIS2_PLACEMENT_3D('',#3225,#2091,#2092);
#1844=AXIS2_PLACEMENT_3D('',#3229,#2094,#2095);
#1845=AXIS2_PLACEMENT_3D('',#3232,#2097,#2098);
#1846=AXIS2_PLACEMENT_3D('',#3233,#2099,#2100);
#1847=AXIS2_PLACEMENT_3D('',#3242,#2105,#2106);
#1848=AXIS2_PLACEMENT_3D('',#3246,#2108,#2109);
#1849=AXIS2_PLACEMENT_3D('',#3249,#2111,#2112);
#1850=AXIS2_PLACEMENT_3D('',#3250,#2113,#2114);
#1851=AXIS2_PLACEMENT_3D('',#3259,#2119,#2120);
#1852=AXIS2_PLACEMENT_3D('',#3263,#2122,#2123);
#1853=AXIS2_PLACEMENT_3D('',#3266,#2125,#2126);
#1854=AXIS2_PLACEMENT_3D('',#3267,#2127,#2128);
#1855=AXIS2_PLACEMENT_3D('',#3276,#2133,#2134);
#1856=AXIS2_PLACEMENT_3D('',#3280,#2136,#2137);
#1857=AXIS2_PLACEMENT_3D('',#3283,#2139,#2140);
#1858=AXIS2_PLACEMENT_3D('',#3284,#2141,#2142);
#1859=AXIS2_PLACEMENT_3D('',#3293,#2147,#2148);
#1860=AXIS2_PLACEMENT_3D('',#3297,#2150,#2151);
#1861=AXIS2_PLACEMENT_3D('',#3300,#2153,#2154);
#1862=AXIS2_PLACEMENT_3D('',#3301,#2155,#2156);
#1863=AXIS2_PLACEMENT_3D('',#3310,#2161,#2162);
#1864=AXIS2_PLACEMENT_3D('',#3314,#2164,#2165);
#1865=AXIS2_PLACEMENT_3D('',#3317,#2167,#2168);
#1866=AXIS2_PLACEMENT_3D('',#3318,#2169,#2170);
#1867=AXIS2_PLACEMENT_3D('',#3320,#2171,#2172);
#1868=AXIS2_PLACEMENT_3D('',#3323,#2174,#2175);
#1869=AXIS2_PLACEMENT_3D('',#3324,#2176,#2177);
#1870=AXIS2_PLACEMENT_3D('',#3325,#2178,#2179);
#1871=AXIS2_PLACEMENT_3D('',#3327,#2180,#2181);
#1872=AXIS2_PLACEMENT_3D('',#3330,#2183,#2184);
#1873=AXIS2_PLACEMENT_3D('',#3331,#2185,#2186);
#1874=AXIS2_PLACEMENT_3D('',#3332,#2187,#2188);
#1875=AXIS2_PLACEMENT_3D('',#3345,#2197,#2198);
#1876=AXIS2_PLACEMENT_3D('',#3347,#2200,#2201);
#1877=AXIS2_PLACEMENT_3D('',#3350,#2204,#2205);
#1878=AXIS2_PLACEMENT_3D('',#3353,#2208,#2209);
#1879=AXIS2_PLACEMENT_3D('',#3354,#2210,#2211);
#1880=AXIS2_PLACEMENT_3D('',#3356,#2213,#2214);
#1881=AXIS2_PLACEMENT_3D('',#3359,#2217,#2218);
#1882=AXIS2_PLACEMENT_3D('',#3362,#2221,#2222);
#1883=AXIS2_PLACEMENT_3D('',#3363,#2223,#2224);
#1884=AXIS2_PLACEMENT_3D('',#3365,#2226,#2227);
#1885=AXIS2_PLACEMENT_3D('',#3368,#2230,#2231);
#1886=AXIS2_PLACEMENT_3D('',#3370,#2233,#2234);
#1887=AXIS2_PLACEMENT_3D('',#3372,#2236,#2237);
#1888=AXIS2_PLACEMENT_3D('',#3374,#2239,#2240);
#1889=AXIS2_PLACEMENT_3D('',#3377,#2243,#2244);
#1890=AXIS2_PLACEMENT_3D('',#3379,#2246,#2247);
#1891=AXIS2_PLACEMENT_3D('',#3381,#2249,#2250);
#1892=AXIS2_PLACEMENT_3D('',#3387,#2254,#2255);
#1893=AXIS2_PLACEMENT_3D('',#3396,#2260,#2261);
#1894=AXIS2_PLACEMENT_3D('',#3398,#2263,#2264);
#1895=AXIS2_PLACEMENT_3D('',#3404,#2267,#2268);
#1896=AXIS2_PLACEMENT_3D('',#3408,#2272,#2273);
#1897=AXIS2_PLACEMENT_3D('',#3414,#2277,#2278);
#1898=AXIS2_PLACEMENT_3D('',#3416,#2280,#2281);
#1899=AXIS2_PLACEMENT_3D('',#3420,#2284,#2285);
#1900=AXIS2_PLACEMENT_3D('',#3422,#2287,#2288);
#1901=AXIS2_PLACEMENT_3D('',#3426,#2291,#2292);
#1902=AXIS2_PLACEMENT_3D('',#3428,#2294,#2295);
#1903=AXIS2_PLACEMENT_3D('',#3430,#2297,#2298);
#1904=AXIS2_PLACEMENT_3D('',#3434,#2301,#2302);
#1905=AXIS2_PLACEMENT_3D('',#3436,#2304,#2305);
#1906=AXIS2_PLACEMENT_3D('',#3440,#2308,#2309);
#1907=AXIS2_PLACEMENT_3D('',#3442,#2311,#2312);
#1908=AXIS2_PLACEMENT_3D('',#3446,#2315,#2316);
#1909=AXIS2_PLACEMENT_3D('',#3447,#2317,#2318);
#1910=AXIS2_PLACEMENT_3D('',#3448,#2319,#2320);
#1911=AXIS2_PLACEMENT_3D('',#3449,#2321,#2322);
#1912=AXIS2_PLACEMENT_3D('',#3452,#2323,#2324);
#1913=AXIS2_PLACEMENT_3D('',#3455,#2327,#2328);
#1914=AXIS2_PLACEMENT_3D('',#3459,#2331,#2332);
#1915=AXIS2_PLACEMENT_3D('',#3461,#2334,#2335);
#1916=AXIS2_PLACEMENT_3D('',#3465,#2338,#2339);
#1917=AXIS2_PLACEMENT_3D('',#3467,#2341,#2342);
#1918=AXIS2_PLACEMENT_3D('',#3471,#2345,#2346);
#1919=AXIS2_PLACEMENT_3D('',#3473,#2348,#2349);
#1920=AXIS2_PLACEMENT_3D('',#3475,#2351,#2352);
#1921=AXIS2_PLACEMENT_3D('',#3479,#2355,#2356);
#1922=AXIS2_PLACEMENT_3D('',#3481,#2358,#2359);
#1923=AXIS2_PLACEMENT_3D('',#3485,#2362,#2363);
#1924=AXIS2_PLACEMENT_3D('',#3487,#2365,#2366);
#1925=AXIS2_PLACEMENT_3D('',#3489,#2368,#2369);
#1926=DIRECTION('axis',(0.,0.,1.));
#1927=DIRECTION('refdir',(1.,0.,0.));
#1928=DIRECTION('center_axis',(-2.22044604925031E-15,-1.,0.));
#1929=DIRECTION('ref_axis',(1.,-2.22044604925031E-15,0.));
#1930=DIRECTION('center_axis',(2.22044604925031E-15,1.,0.));
#1931=DIRECTION('ref_axis',(-0.707106781186547,0.,-0.707106781186548));
#1932=DIRECTION('',(0.,0.,-1.));
#1933=DIRECTION('',(1.,-2.22044604925031E-15,0.));
#1934=DIRECTION('',(0.,0.,1.));
#1935=DIRECTION('',(1.,2.22044604925031E-15,0.));
#1936=DIRECTION('',(0.,0.,1.));
#1937=DIRECTION('',(1.,-2.22044604925031E-15,0.));
#1938=DIRECTION('',(0.,0.,1.));
#1939=DIRECTION('',(-1.,2.22044604925031E-15,0.));
#1940=DIRECTION('',(0.,0.,1.));
#1941=DIRECTION('',(1.,-2.22044604925031E-15,0.));
#1942=DIRECTION('',(0.,0.,-1.));
#1943=DIRECTION('center_axis',(1.38777878078146E-15,-1.,0.));
#1944=DIRECTION('ref_axis',(0.707106781186547,0.,-0.707106781186548));
#1945=DIRECTION('',(0.,1.,0.));
#1946=DIRECTION('center_axis',(-2.22044604925031E-15,-1.,0.));
#1947=DIRECTION('ref_axis',(0.707106781186547,0.,-0.707106781186548));
#1948=DIRECTION('',(1.38777878078146E-15,-1.,0.));
#1949=DIRECTION('center_axis',(1.,1.38777878078146E-15,0.));
#1950=DIRECTION('ref_axis',(1.38777878078146E-15,-1.,0.));
#1951=DIRECTION('',(0.,0.,-1.));
#1952=DIRECTION('',(-1.38777878078146E-15,1.,0.));
#1953=DIRECTION('center_axis',(0.,1.,0.));
#1954=DIRECTION('ref_axis',(-1.,0.,0.));
#1955=DIRECTION('center_axis',(0.,-1.,0.));
#1956=DIRECTION('ref_axis',(0.707106781186547,0.,-0.707106781186548));
#1957=DIRECTION('',(0.,0.,-1.));
#1958=DIRECTION('',(-1.,0.,0.));
#1959=DIRECTION('',(0.,0.,1.));
#1960=DIRECTION('',(-1.,0.,0.));
#1961=DIRECTION('',(0.,0.,1.));
#1962=DIRECTION('',(-1.,0.,0.));
#1963=DIRECTION('',(0.,0.,1.));
#1964=DIRECTION('',(1.,0.,0.));
#1965=DIRECTION('',(0.,0.,1.));
#1966=DIRECTION('',(-1.,0.,0.));
#1967=DIRECTION('',(0.,0.,-1.));
#1968=DIRECTION('center_axis',(0.,1.,0.));
#1969=DIRECTION('ref_axis',(-0.707106781186547,0.,-0.707106781186548));
#1970=DIRECTION('',(-1.38777878078146E-15,-1.,0.));
#1971=DIRECTION('center_axis',(-2.22044604925031E-15,1.,0.));
#1972=DIRECTION('ref_axis',(-0.707106781186547,0.,-0.707106781186548));
#1973=DIRECTION('',(0.,1.,0.));
#1974=DIRECTION('center_axis',(-1.,0.,0.));
#1975=DIRECTION('ref_axis',(0.,1.,0.));
#1976=DIRECTION('',(0.,0.,-1.));
#1977=DIRECTION('',(0.,-1.,0.));
#1978=DIRECTION('center_axis',(2.22044604925031E-15,-1.,0.));
#1979=DIRECTION('ref_axis',(-1.,-2.22044604925031E-15,0.));
#1980=DIRECTION('',(0.,0.,-1.));
#1981=DIRECTION('',(1.,2.22044604925031E-15,0.));
#1982=DIRECTION('center_axis',(-1.,0.,0.));
#1983=DIRECTION('ref_axis',(0.,1.,0.));
#1984=DIRECTION('',(0.,-1.,0.));
#1985=DIRECTION('',(0.,0.,-1.));
#1986=DIRECTION('center_axis',(2.22044604925031E-15,1.,0.));
#1987=DIRECTION('ref_axis',(1.,-2.22044604925031E-15,0.));
#1988=DIRECTION('',(-1.,2.22044604925031E-15,0.));
#1989=DIRECTION('center_axis',(0.,0.,1.));
#1990=DIRECTION('ref_axis',(-1.,0.,0.));
#1991=DIRECTION('',(2.96059473233375E-15,1.,0.));
#1992=DIRECTION('',(-1.,2.22044604925031E-15,0.));
#1993=DIRECTION('',(0.,1.,0.));
#1994=DIRECTION('',(-1.,0.,0.));
#1995=DIRECTION('',(0.,-1.,0.));
#1996=DIRECTION('',(-1.,-1.26882631385732E-15,0.));
#1997=DIRECTION('',(0.,1.,0.));
#1998=DIRECTION('',(1.,2.22044604925031E-15,0.));
#1999=DIRECTION('',(0.,-1.,0.));
#2000=DIRECTION('',(1.,0.,0.));
#2001=DIRECTION('',(2.96059473233375E-15,-1.,0.));
#2002=DIRECTION('center_axis',(1.,-1.38777878078146E-15,0.));
#2003=DIRECTION('ref_axis',(-1.38777878078146E-15,-1.,0.));
#2004=DIRECTION('',(1.38777878078146E-15,1.,0.));
#2005=DIRECTION('center_axis',(1.,2.96059473233375E-16,0.));
#2006=DIRECTION('ref_axis',(-2.96059473233375E-16,1.,0.));
#2007=DIRECTION('',(-3.41607085283177E-16,1.,0.));
#2008=DIRECTION('',(0.,0.,1.));
#2009=DIRECTION('',(-2.96059473233375E-16,1.,0.));
#2010=DIRECTION('',(0.,0.,1.));
#2011=DIRECTION('center_axis',(-1.26882631385732E-15,1.,0.));
#2012=DIRECTION('ref_axis',(-1.,-1.26882631385732E-15,0.));
#2013=DIRECTION('',(-1.,-1.26882631385732E-15,0.));
#2014=DIRECTION('',(1.,1.26882631385732E-15,0.));
#2015=DIRECTION('',(0.,0.,-1.));
#2016=DIRECTION('',(0.,0.,1.));
#2017=DIRECTION('',(-1.,1.26882631385732E-15,0.));
#2018=DIRECTION('',(0.,0.,1.));
#2019=DIRECTION('center_axis',(0.,-1.,0.));
#2020=DIRECTION('ref_axis',(1.,0.,0.));
#2021=DIRECTION('',(1.,0.,0.));
#2022=DIRECTION('',(0.,0.,1.));
#2023=DIRECTION('',(-1.,0.,0.));
#2024=DIRECTION('',(0.,0.,-1.));
#2025=DIRECTION('',(1.,0.,0.));
#2026=DIRECTION('',(0.,0.,1.));
#2027=DIRECTION('',(1.,0.,0.));
#2028=DIRECTION('',(0.,0.,1.));
#2029=DIRECTION('center_axis',(-1.,2.96059473233375E-16,0.));
#2030=DIRECTION('ref_axis',(-2.96059473233375E-16,-1.,0.));
#2031=DIRECTION('',(-3.41607085283178E-16,-1.,0.));
#2032=DIRECTION('',(0.,0.,1.));
#2033=DIRECTION('',(0.,0.,1.));
#2034=DIRECTION('',(2.96059473233375E-16,1.,0.));
#2035=DIRECTION('center_axis',(1.,0.,0.));
#2036=DIRECTION('ref_axis',(0.,0.,-1.));
#2037=DIRECTION('',(0.,1.,0.));
#2038=DIRECTION('',(0.,0.,-1.));
#2039=DIRECTION('',(0.,-1.,0.));
#2040=DIRECTION('',(0.,0.,1.));
#2041=DIRECTION('center_axis',(1.,0.,0.));
#2042=DIRECTION('ref_axis',(0.,0.,-1.));
#2043=DIRECTION('',(0.,1.,0.));
#2044=DIRECTION('',(0.,0.,-1.));
#2045=DIRECTION('',(0.,0.,1.));
#2046=DIRECTION('center_axis',(-1.,0.,0.));
#2047=DIRECTION('ref_axis',(0.,0.,1.));
#2048=DIRECTION('',(0.,-1.,0.));
#2049=DIRECTION('',(0.,0.,-1.));
#2050=DIRECTION('',(0.,1.,0.));
#2051=DIRECTION('',(0.,0.,1.));
#2052=DIRECTION('center_axis',(-1.,0.,0.));
#2053=DIRECTION('ref_axis',(0.,0.,1.));
#2054=DIRECTION('',(0.,-1.,0.));
#2055=DIRECTION('',(0.,0.,-1.));
#2056=DIRECTION('',(0.,0.,1.));
#2057=DIRECTION('center_axis',(0.707106781186547,-1.4953261511274E-16,0.707106781186548));
#2058=DIRECTION('ref_axis',(0.707106781186548,0.,-0.707106781186547));
#2059=DIRECTION('',(0.707106781186548,1.17343752175314E-14,-0.707106781186547));
#2060=DIRECTION('',(2.11471052309553E-16,1.,0.));
#2061=DIRECTION('',(-0.707106781186548,-5.12345960202074E-15,0.707106781186547));
#2062=DIRECTION('',(-2.11471052309553E-16,-1.,0.));
#2063=DIRECTION('center_axis',(0.,0.,-1.));
#2064=DIRECTION('ref_axis',(1.,0.,0.));
#2065=DIRECTION('',(-1.,-1.65949125786076E-14,0.));
#2066=DIRECTION('center_axis',(0.,0.,-1.));
#2067=DIRECTION('ref_axis',(1.,0.,0.));
#2068=DIRECTION('',(-1.,-7.24566605544838E-15,0.));
#2069=DIRECTION('center_axis',(0.,0.,1.));
#2070=DIRECTION('ref_axis',(1.,0.,0.));
#2071=DIRECTION('center_axis',(0.707106781186548,-1.4953261511274E-16,0.707106781186547));
#2072=DIRECTION('ref_axis',(0.707106781186547,0.,-0.707106781186548));
#2073=DIRECTION('',(0.707106781186547,-5.12345960202073E-15,-0.707106781186548));
#2074=DIRECTION('',(2.11471052309553E-16,1.,0.));
#2075=DIRECTION('',(-0.707106781186547,1.18996481079191E-14,0.707106781186548));
#2076=DIRECTION('',(-2.11471052309553E-16,-1.,0.));
#2077=DIRECTION('center_axis',(0.,0.,-1.));
#2078=DIRECTION('ref_axis',(1.,0.,0.));
#2079=DIRECTION('',(-1.,7.24566605544838E-15,0.));
#2080=DIRECTION('center_axis',(0.,0.,-1.));
#2081=DIRECTION('ref_axis',(1.,0.,0.));
#2082=DIRECTION('',(-1.,1.68286437416866E-14,0.));
#2083=DIRECTION('center_axis',(0.,0.,1.));
#2084=DIRECTION('ref_axis',(1.,0.,0.));
#2085=DIRECTION('center_axis',(-0.707106781186548,-1.4953261511274E-16,
0.707106781186547));
#2086=DIRECTION('ref_axis',(0.707106781186547,0.,0.707106781186548));
#2087=DIRECTION('',(-0.707106781186547,-1.20649209983069E-14,-0.707106781186548));
#2088=DIRECTION('',(2.11471052309553E-16,-1.,0.));
#2089=DIRECTION('',(0.707106781186547,5.12345960202073E-15,0.707106781186548));
#2090=DIRECTION('',(-2.11471052309553E-16,1.,0.));
#2091=DIRECTION('center_axis',(0.,0.,-1.));
#2092=DIRECTION('ref_axis',(1.,0.,0.));
#2093=DIRECTION('',(1.,1.70623749047656E-14,0.));
#2094=DIRECTION('center_axis',(0.,0.,-1.));
#2095=DIRECTION('ref_axis',(1.,0.,0.));
#2096=DIRECTION('',(1.,7.24566605544838E-15,0.));
#2097=DIRECTION('center_axis',(0.,0.,1.));
#2098=DIRECTION('ref_axis',(1.,0.,0.));
#2099=DIRECTION('center_axis',(-0.707106781186547,-1.4953261511274E-16,
0.707106781186548));
#2100=DIRECTION('ref_axis',(0.707106781186548,0.,0.707106781186547));
#2101=DIRECTION('',(-0.707106781186548,5.12345960202074E-15,-0.707106781186547));
#2102=DIRECTION('',(2.11471052309553E-16,-1.,0.));
#2103=DIRECTION('',(0.707106781186548,-1.15691023271436E-14,0.707106781186547));
#2104=DIRECTION('',(-2.11471052309553E-16,1.,0.));
#2105=DIRECTION('center_axis',(0.,0.,-1.));
#2106=DIRECTION('ref_axis',(1.,0.,0.));
#2107=DIRECTION('',(1.,-7.24566605544838E-15,0.));
#2108=DIRECTION('center_axis',(0.,0.,-1.));
#2109=DIRECTION('ref_axis',(1.,0.,0.));
#2110=DIRECTION('',(1.,-1.63611814155286E-14,0.));
#2111=DIRECTION('center_axis',(0.,0.,1.));
#2112=DIRECTION('ref_axis',(1.,0.,0.));
#2113=DIRECTION('center_axis',(-0.707106781186547,-1.4953261511274E-16,
-0.707106781186548));
#2114=DIRECTION('ref_axis',(-0.707106781186548,0.,0.707106781186547));
#2115=DIRECTION('',(-0.707106781186548,1.15691023271436E-14,0.707106781186547));
#2116=DIRECTION('',(-2.11471052309553E-16,1.,0.));
#2117=DIRECTION('',(0.707106781186548,-5.12345960202074E-15,-0.707106781186547));
#2118=DIRECTION('',(2.11471052309553E-16,-1.,0.));
#2119=DIRECTION('center_axis',(0.,0.,-1.));
#2120=DIRECTION('ref_axis',(1.,0.,0.));
#2121=DIRECTION('',(-1.,1.63611814155286E-14,0.));
#2122=DIRECTION('center_axis',(0.,0.,-1.));
#2123=DIRECTION('ref_axis',(1.,0.,0.));
#2124=DIRECTION('',(1.,-7.24566605544838E-15,0.));
#2125=DIRECTION('center_axis',(0.,0.,1.));
#2126=DIRECTION('ref_axis',(1.,0.,0.));
#2127=DIRECTION('center_axis',(-0.707106781186548,-1.4953261511274E-16,
-0.707106781186547));
#2128=DIRECTION('ref_axis',(-0.707106781186547,0.,0.707106781186548));
#2129=DIRECTION('',(-0.707106781186547,-5.12345960202073E-15,0.707106781186548));
#2130=DIRECTION('',(-2.11471052309553E-16,1.,0.));
#2131=DIRECTION('',(0.707106781186547,1.20649209983069E-14,-0.707106781186548));
#2132=DIRECTION('',(2.11471052309553E-16,-1.,0.));
#2133=DIRECTION('center_axis',(0.,0.,-1.));
#2134=DIRECTION('ref_axis',(1.,0.,0.));
#2135=DIRECTION('',(-1.,-7.24566605544838E-15,0.));
#2136=DIRECTION('center_axis',(0.,0.,-1.));
#2137=DIRECTION('ref_axis',(1.,0.,0.));
#2138=DIRECTION('',(1.,1.70623749047656E-14,0.));
#2139=DIRECTION('center_axis',(0.,0.,1.));
#2140=DIRECTION('ref_axis',(1.,0.,0.));
#2141=DIRECTION('center_axis',(0.707106781186547,-1.4953261511274E-16,-0.707106781186548));
#2142=DIRECTION('ref_axis',(-0.707106781186548,0.,-0.707106781186547));
#2143=DIRECTION('',(0.707106781186548,5.12345960202074E-15,0.707106781186547));
#2144=DIRECTION('',(-2.11471052309553E-16,-1.,0.));
#2145=DIRECTION('',(-0.707106781186548,-1.17343752175314E-14,-0.707106781186547));
#2146=DIRECTION('',(2.11471052309553E-16,1.,0.));
#2147=DIRECTION('center_axis',(0.,0.,-1.));
#2148=DIRECTION('ref_axis',(1.,0.,0.));
#2149=DIRECTION('',(1.,7.24566605544838E-15,0.));
#2150=DIRECTION('center_axis',(0.,0.,-1.));
#2151=DIRECTION('ref_axis',(1.,0.,0.));
#2152=DIRECTION('',(-1.,-1.65949125786076E-14,0.));
#2153=DIRECTION('center_axis',(0.,0.,1.));
#2154=DIRECTION('ref_axis',(1.,0.,0.));
#2155=DIRECTION('center_axis',(0.707106781186548,-1.4953261511274E-16,-0.707106781186547));
#2156=DIRECTION('ref_axis',(-0.707106781186547,0.,-0.707106781186548));
#2157=DIRECTION('',(0.707106781186547,-1.18996481079191E-14,0.707106781186548));
#2158=DIRECTION('',(-2.11471052309553E-16,-1.,0.));
#2159=DIRECTION('',(-0.707106781186547,5.12345960202073E-15,-0.707106781186548));
#2160=DIRECTION('',(2.11471052309553E-16,1.,0.));
#2161=DIRECTION('center_axis',(0.,0.,-1.));
#2162=DIRECTION('ref_axis',(1.,0.,0.));
#2163=DIRECTION('',(1.,-1.68286437416866E-14,0.));
#2164=DIRECTION('center_axis',(0.,0.,-1.));
#2165=DIRECTION('ref_axis',(1.,0.,0.));
#2166=DIRECTION('',(-1.,7.24566605544838E-15,0.));
#2167=DIRECTION('center_axis',(0.,0.,1.));
#2168=DIRECTION('ref_axis',(1.,0.,0.));
#2169=DIRECTION('center_axis',(0.,0.,1.));
#2170=DIRECTION('ref_axis',(-1.,0.,0.));
#2171=DIRECTION('center_axis',(0.,0.,1.));
#2172=DIRECTION('ref_axis',(-1.,0.,0.));
#2173=DIRECTION('',(0.,0.,1.));
#2174=DIRECTION('center_axis',(0.,0.,1.));
#2175=DIRECTION('ref_axis',(-1.,0.,0.));
#2176=DIRECTION('center_axis',(0.,0.,1.));
#2177=DIRECTION('ref_axis',(-1.,0.,0.));
#2178=DIRECTION('center_axis',(0.,0.,1.));
#2179=DIRECTION('ref_axis',(-1.,0.,0.));
#2180=DIRECTION('center_axis',(0.,0.,1.));
#2181=DIRECTION('ref_axis',(-1.,0.,0.));
#2182=DIRECTION('',(0.,0.,1.));
#2183=DIRECTION('center_axis',(0.,0.,1.));
#2184=DIRECTION('ref_axis',(-1.,0.,0.));
#2185=DIRECTION('center_axis',(0.,0.,1.));
#2186=DIRECTION('ref_axis',(-1.,0.,0.));
#2187=DIRECTION('center_axis',(0.,0.,1.));
#2188=DIRECTION('ref_axis',(-1.,0.,0.));
#2189=DIRECTION('',(0.,-1.,0.));
#2190=DIRECTION('',(1.,0.,0.));
#2191=DIRECTION('',(1.,0.,0.));
#2192=DIRECTION('',(0.,1.,0.));
#2193=DIRECTION('',(0.,-1.,0.));
#2194=DIRECTION('',(-1.,0.,0.));
#2195=DIRECTION('',(-1.,0.,0.));
#2196=DIRECTION('',(0.,1.,0.));
#2197=DIRECTION('center_axis',(0.,0.,-1.));
#2198=DIRECTION('ref_axis',(1.,0.,0.));
#2199=DIRECTION('',(0.,0.,1.));
#2200=DIRECTION('center_axis',(-1.63611814155286E-14,-1.,0.));
#2201=DIRECTION('ref_axis',(-1.,1.63611814155286E-14,0.));
#2202=DIRECTION('',(0.,0.,-1.));
#2203=DIRECTION('',(0.,0.,-1.));
#2204=DIRECTION('center_axis',(7.24566605544838E-15,1.,0.));
#2205=DIRECTION('ref_axis',(1.,-7.24566605544838E-15,0.));
#2206=DIRECTION('',(0.,0.,1.));
#2207=DIRECTION('',(0.,0.,-1.));
#2208=DIRECTION('center_axis',(0.,0.,-1.));
#2209=DIRECTION('ref_axis',(-1.,-1.01064309961486E-15,0.));
#2210=DIRECTION('center_axis',(0.,0.,-1.));
#2211=DIRECTION('ref_axis',(1.,0.,0.));
#2212=DIRECTION('',(0.,0.,1.));
#2213=DIRECTION('center_axis',(1.68286437416866E-14,1.,0.));
#2214=DIRECTION('ref_axis',(1.,-1.68286437416866E-14,0.));
#2215=DIRECTION('',(0.,0.,-1.));
#2216=DIRECTION('',(0.,0.,-1.));
#2217=DIRECTION('center_axis',(-7.24566605544838E-15,-1.,0.));
#2218=DIRECTION('ref_axis',(-1.,7.24566605544838E-15,0.));
#2219=DIRECTION('',(0.,0.,1.));
#2220=DIRECTION('',(0.,0.,-1.));
#2221=DIRECTION('center_axis',(0.,0.,-1.));
#2222=DIRECTION('ref_axis',(1.,0.,0.));
#2223=DIRECTION('center_axis',(0.,0.,-1.));
#2224=DIRECTION('ref_axis',(1.,0.,0.));
#2225=DIRECTION('',(0.,0.,1.));
#2226=DIRECTION('center_axis',(0.,0.,-1.));
#2227=DIRECTION('ref_axis',(-1.,-1.22464679914735E-16,0.));
#2228=DIRECTION('',(0.,0.,-1.));
#2229=DIRECTION('',(0.,0.,-1.));
#2230=DIRECTION('center_axis',(7.24566605544838E-15,-1.,0.));
#2231=DIRECTION('ref_axis',(-1.,-7.24566605544838E-15,0.));
#2232=DIRECTION('',(0.,0.,-1.));
#2233=DIRECTION('center_axis',(-1.70623749047656E-14,1.,0.));
#2234=DIRECTION('ref_axis',(1.,1.70623749047656E-14,0.));
#2235=DIRECTION('',(0.,0.,1.));
#2236=DIRECTION('center_axis',(0.,0.,-1.));
#2237=DIRECTION('ref_axis',(1.,0.,0.));
#2238=DIRECTION('',(0.,0.,1.));
#2239=DIRECTION('center_axis',(0.,0.,-1.));
#2240=DIRECTION('ref_axis',(1.,0.,0.));
#2241=DIRECTION('',(0.,0.,-1.));
#2242=DIRECTION('',(0.,0.,-1.));
#2243=DIRECTION('center_axis',(-7.24566605544838E-15,1.,0.));
#2244=DIRECTION('ref_axis',(1.,7.24566605544838E-15,0.));
#2245=DIRECTION('',(0.,0.,-1.));
#2246=DIRECTION('center_axis',(1.65949125786076E-14,-1.,0.));
#2247=DIRECTION('ref_axis',(-1.,-1.65949125786076E-14,0.));
#2248=DIRECTION('',(0.,0.,1.));
#2249=DIRECTION('center_axis',(-2.83831698884758E-8,-1.,0.));
#2250=DIRECTION('ref_axis',(1.,-2.83831698884758E-8,0.));
#2251=DIRECTION('',(1.,-2.64338815386942E-16,0.));
#2252=DIRECTION('',(1.,-2.83831698884758E-8,0.));
#2253=DIRECTION('',(0.,0.,1.));
#2254=DIRECTION('center_axis',(-2.83831550855022E-8,1.,0.));
#2255=DIRECTION('ref_axis',(-1.,-2.83831550855023E-8,0.));
#2256=DIRECTION('',(-1.,2.64338815386943E-16,0.));
#2257=DIRECTION('',(0.,0.,1.));
#2258=DIRECTION('',(-1.,-2.83831550855022E-8,0.));
#2259=DIRECTION('',(0.,0.,1.));
#2260=DIRECTION('center_axis',(0.,0.,1.));
#2261=DIRECTION('ref_axis',(-1.,0.,0.));
#2262=DIRECTION('',(-3.41607085283177E-16,-1.,0.));
#2263=DIRECTION('center_axis',(0.,0.,1.));
#2264=DIRECTION('ref_axis',(1.11022302462516E-15,1.,0.));
#2265=DIRECTION('',(-3.41607085283178E-16,1.,0.));
#2266=DIRECTION('',(1.,0.,0.));
#2267=DIRECTION('center_axis',(0.,0.,1.));
#2268=DIRECTION('ref_axis',(1.11022300808154E-15,-1.,0.));
#2269=DIRECTION('',(-1.,-2.64338815386943E-16,0.));
#2270=DIRECTION('',(2.11471052309553E-16,1.,0.));
#2271=DIRECTION('',(2.11471052309553E-16,-1.,0.));
#2272=DIRECTION('center_axis',(2.64338815386943E-16,1.,0.));
#2273=DIRECTION('ref_axis',(-1.,2.64338815386943E-16,0.));
#2274=DIRECTION('',(1.,-2.64338815386943E-16,0.));
#2275=DIRECTION('',(0.,0.,1.));
#2276=DIRECTION('',(0.,0.,1.));
#2277=DIRECTION('center_axis',(-1.,2.96059473233375E-16,0.));
#2278=DIRECTION('ref_axis',(-2.96059473233375E-16,-1.,0.));
#2279=DIRECTION('',(2.96059473233375E-16,1.,0.));
#2280=DIRECTION('center_axis',(1.,0.,0.));
#2281=DIRECTION('ref_axis',(0.,1.,0.));
#2282=DIRECTION('',(0.,-1.,0.));
#2283=DIRECTION('',(0.,0.,-1.));
#2284=DIRECTION('center_axis',(-2.22044604925031E-15,-1.,0.));
#2285=DIRECTION('ref_axis',(1.,-2.22044604925031E-15,0.));
#2286=DIRECTION('',(-1.,0.,0.));
#2287=DIRECTION('center_axis',(2.22044604925031E-15,1.,0.));
#2288=DIRECTION('ref_axis',(-1.,2.22044604925031E-15,0.));
#2289=DIRECTION('',(1.,-2.22044604925031E-15,0.));
#2290=DIRECTION('',(0.,0.,-1.));
#2291=DIRECTION('center_axis',(1.,-2.96059473233375E-15,0.));
#2292=DIRECTION('ref_axis',(2.96059473233375E-15,1.,0.));
#2293=DIRECTION('',(-2.96059473233375E-15,-1.,0.));
#2294=DIRECTION('center_axis',(1.,-2.11471052309553E-16,0.));
#2295=DIRECTION('ref_axis',(2.11471052309553E-16,1.,0.));
#2296=DIRECTION('',(-2.11471052309553E-16,-1.,0.));
#2297=DIRECTION('center_axis',(1.,0.,0.));
#2298=DIRECTION('ref_axis',(0.,1.,0.));
#2299=DIRECTION('',(0.,1.,0.));
#2300=DIRECTION('',(0.,0.,1.));
#2301=DIRECTION('center_axis',(0.,-1.,0.));
#2302=DIRECTION('ref_axis',(1.,0.,0.));
#2303=DIRECTION('',(-1.,0.,0.));
#2304=DIRECTION('center_axis',(0.,1.,0.));
#2305=DIRECTION('ref_axis',(-1.,0.,0.));
#2306=DIRECTION('',(1.,0.,0.));
#2307=DIRECTION('',(0.,0.,1.));
#2308=DIRECTION('center_axis',(1.,0.,0.));
#2309=DIRECTION('ref_axis',(0.,1.,0.));
#2310=DIRECTION('',(0.,-1.,0.));
#2311=DIRECTION('center_axis',(-2.64338815386942E-16,-1.,0.));
#2312=DIRECTION('ref_axis',(1.,-2.64338815386942E-16,0.));
#2313=DIRECTION('',(1.,-2.64338815386942E-16,0.));
#2314=DIRECTION('',(0.,0.,1.));
#2315=DIRECTION('center_axis',(0.,0.,1.));
#2316=DIRECTION('ref_axis',(-1.,1.01064309961486E-15,0.));
#2317=DIRECTION('center_axis',(0.,0.,1.));
#2318=DIRECTION('ref_axis',(1.,0.,0.));
#2319=DIRECTION('center_axis',(0.,0.,1.));
#2320=DIRECTION('ref_axis',(1.,0.,0.));
#2321=DIRECTION('center_axis',(0.,0.,1.));
#2322=DIRECTION('ref_axis',(1.,0.,0.));
#2323=DIRECTION('center_axis',(0.,0.,1.));
#2324=DIRECTION('ref_axis',(1.,0.,0.));
#2325=DIRECTION('',(0.,0.,1.));
#2326=DIRECTION('',(0.,0.,1.));
#2327=DIRECTION('center_axis',(2.64338815386942E-16,-1.,0.));
#2328=DIRECTION('ref_axis',(1.,2.64338815386942E-16,0.));
#2329=DIRECTION('',(-1.,-2.64338815386942E-16,0.));
#2330=DIRECTION('',(0.,0.,1.));
#2331=DIRECTION('center_axis',(1.,2.96059473233375E-16,0.));
#2332=DIRECTION('ref_axis',(-2.96059473233375E-16,1.,0.));
#2333=DIRECTION('',(-2.96059473233375E-16,1.,0.));
#2334=DIRECTION('center_axis',(-1.,0.,0.));
#2335=DIRECTION('ref_axis',(0.,-1.,0.));
#2336=DIRECTION('',(0.,1.,0.));
#2337=DIRECTION('',(0.,0.,-1.));
#2338=DIRECTION('center_axis',(0.,1.,0.));
#2339=DIRECTION('ref_axis',(-1.,0.,0.));
#2340=DIRECTION('',(1.,0.,0.));
#2341=DIRECTION('center_axis',(0.,-1.,0.));
#2342=DIRECTION('ref_axis',(1.,0.,0.));
#2343=DIRECTION('',(-1.,0.,0.));
#2344=DIRECTION('',(0.,0.,-1.));
#2345=DIRECTION('center_axis',(-1.,0.,0.));
#2346=DIRECTION('ref_axis',(0.,-1.,0.));
#2347=DIRECTION('',(0.,1.,0.));
#2348=DIRECTION('center_axis',(-1.,-2.11471052309553E-16,0.));
#2349=DIRECTION('ref_axis',(2.11471052309553E-16,-1.,0.));
#2350=DIRECTION('',(2.11471052309553E-16,-1.,0.));
#2351=DIRECTION('center_axis',(-1.,-2.96059473233375E-15,0.));
#2352=DIRECTION('ref_axis',(2.96059473233375E-15,-1.,0.));
#2353=DIRECTION('',(2.96059473233375E-15,-1.,0.));
#2354=DIRECTION('',(0.,0.,1.));
#2355=DIRECTION('center_axis',(-2.22044604925031E-15,1.,0.));
#2356=DIRECTION('ref_axis',(-1.,-2.22044604925031E-15,0.));
#2357=DIRECTION('',(1.,0.,0.));
#2358=DIRECTION('center_axis',(2.22044604925031E-15,-1.,0.));
#2359=DIRECTION('ref_axis',(1.,2.22044604925031E-15,0.));
#2360=DIRECTION('',(-1.,-2.22044604925031E-15,0.));
#2361=DIRECTION('',(0.,0.,1.));
#2362=DIRECTION('center_axis',(-1.,0.,0.));
#2363=DIRECTION('ref_axis',(0.,-1.,0.));
#2364=DIRECTION('',(0.,1.,0.));
#2365=DIRECTION('center_axis',(-2.64338815386943E-16,1.,0.));
#2366=DIRECTION('ref_axis',(-1.,-2.64338815386943E-16,0.));
#2367=DIRECTION('',(-1.,-2.64338815386943E-16,0.));
#2368=DIRECTION('center_axis',(0.,0.,1.));
#2369=DIRECTION('ref_axis',(1.,0.,0.));
#2370=CARTESIAN_POINT('',(0.,0.,0.));
#2371=CARTESIAN_POINT('Origin',(-31.5,21.,0.));
#2372=CARTESIAN_POINT('',(4.,21.,50.46));
#2373=CARTESIAN_POINT('',(-4.,21.,50.46));
#2374=CARTESIAN_POINT('Origin',(1.11022302462516E-15,21.,50.46));
#2375=CARTESIAN_POINT('',(4.,21.,54.96));
#2376=CARTESIAN_POINT('',(4.,21.,54.96));
#2377=CARTESIAN_POINT('',(27.5,21.,54.96));
#2378=CARTESIAN_POINT('',(-15.7499999850988,21.,54.96));
#2379=CARTESIAN_POINT('',(27.5,21.,0.));
#2380=CARTESIAN_POINT('',(27.5,21.,0.));
#2381=CARTESIAN_POINT('',(31.5,21.,0.));
#2382=CARTESIAN_POINT('',(27.5,21.,0.));
#2383=CARTESIAN_POINT('',(31.5,21.,60.96));
#2384=CARTESIAN_POINT('',(31.5,21.,0.));
#2385=CARTESIAN_POINT('',(-31.5,21.,60.96));
#2386=CARTESIAN_POINT('',(15.7500000149012,20.9999999999999,60.96));
#2387=CARTESIAN_POINT('',(-31.5,21.,0.));
#2388=CARTESIAN_POINT('',(-31.5,21.,0.));
#2389=CARTESIAN_POINT('',(-27.5,21.,0.));
#2390=CARTESIAN_POINT('',(-27.5,21.,0.));
#2391=CARTESIAN_POINT('',(-27.5,21.,54.96));
#2392=CARTESIAN_POINT('',(-27.5,21.,0.));
#2393=CARTESIAN_POINT('',(-4.,21.,54.96));
#2394=CARTESIAN_POINT('',(-15.7499999850988,21.,54.96));
#2395=CARTESIAN_POINT('',(-4.,21.,54.96));
#2396=CARTESIAN_POINT('Origin',(-1.80411241501589E-15,23.1,50.46));
#2397=CARTESIAN_POINT('',(-4.,23.8,50.46));
#2398=CARTESIAN_POINT('',(-4.,21.7,50.46));
#2399=CARTESIAN_POINT('',(4.,23.8,50.46));
#2400=CARTESIAN_POINT('Origin',(-2.77555756156293E-15,23.8,50.46));
#2401=CARTESIAN_POINT('',(4.,23.1,50.46));
#2402=CARTESIAN_POINT('Origin',(4.,23.8,54.96));
#2403=CARTESIAN_POINT('',(4.,23.8,54.96));
#2404=CARTESIAN_POINT('',(4.,23.8,54.96));
#2405=CARTESIAN_POINT('',(4.00000000000001,11.9,54.96));
#2406=CARTESIAN_POINT('Origin',(-27.5,-21.,0.));
#2407=CARTESIAN_POINT('',(-4.,-21.,50.46));
#2408=CARTESIAN_POINT('',(4.,-21.,50.46));
#2409=CARTESIAN_POINT('Origin',(1.1102230246251E-15,-21.,50.46));
#2410=CARTESIAN_POINT('',(-4.,-21.,54.96));
#2411=CARTESIAN_POINT('',(-4.,-21.,54.96));
#2412=CARTESIAN_POINT('',(-27.5,-21.,54.96));
#2413=CARTESIAN_POINT('',(-13.7499999850988,-21.,54.96));
#2414=CARTESIAN_POINT('',(-27.5,-21.,0.));
#2415=CARTESIAN_POINT('',(-27.5,-21.,0.));
#2416=CARTESIAN_POINT('',(-31.5,-21.,0.));
#2417=CARTESIAN_POINT('',(-27.5,-21.,0.));
#2418=CARTESIAN_POINT('',(-31.5,-21.,60.96));
#2419=CARTESIAN_POINT('',(-31.5,-21.,0.));
#2420=CARTESIAN_POINT('',(31.5,-21.,60.96));
#2421=CARTESIAN_POINT('',(-15.7499999850988,-21.,60.96));
#2422=CARTESIAN_POINT('',(31.5,-21.,0.));
#2423=CARTESIAN_POINT('',(31.5,-21.,0.));
#2424=CARTESIAN_POINT('',(27.5,-21.,0.));
#2425=CARTESIAN_POINT('',(27.5,-21.,0.));
#2426=CARTESIAN_POINT('',(27.5,-21.,54.96));
#2427=CARTESIAN_POINT('',(27.5,-21.,0.));
#2428=CARTESIAN_POINT('',(4.,-21.,54.96));
#2429=CARTESIAN_POINT('',(-13.7499999850988,-21.,54.96));
#2430=CARTESIAN_POINT('',(4.,-21.,54.96));
#2431=CARTESIAN_POINT('Origin',(1.11022302462516E-15,-23.1,50.46));
#2432=CARTESIAN_POINT('',(4.,-23.8,50.46));
#2433=CARTESIAN_POINT('',(4.,-21.7,50.46));
#2434=CARTESIAN_POINT('',(-4.,-23.8,50.46));
#2435=CARTESIAN_POINT('Origin',(1.11022302462516E-15,-23.8,50.46));
#2436=CARTESIAN_POINT('',(-4.,-23.1,50.46));
#2437=CARTESIAN_POINT('Origin',(-4.,-23.8,54.96));
#2438=CARTESIAN_POINT('',(-4.,-23.8,54.96));
#2439=CARTESIAN_POINT('',(-4.,-23.8,54.96));
#2440=CARTESIAN_POINT('',(-4.,-11.9,54.96));
#2441=CARTESIAN_POINT('Origin',(4.,-23.8,54.96));
#2442=CARTESIAN_POINT('',(4.,-23.8,54.96));
#2443=CARTESIAN_POINT('',(4.,-23.8,54.96));
#2444=CARTESIAN_POINT('',(2.00000001490119,-23.8,54.96));
#2445=CARTESIAN_POINT('Origin',(-4.,21.,54.96));
#2446=CARTESIAN_POINT('',(-4.,23.8,54.96));
#2447=CARTESIAN_POINT('',(-4.,10.5,54.96));
#2448=CARTESIAN_POINT('',(-4.,23.8,54.96));
#2449=CARTESIAN_POINT('Origin',(-4.,23.8,54.96));
#2450=CARTESIAN_POINT('',(-1.99999998509881,23.8,54.96));
#2451=CARTESIAN_POINT('Origin',(2.98023294931227E-8,1.33226762955019E-14,
54.96));
#2452=CARTESIAN_POINT('',(-27.5,23.8,54.96));
#2453=CARTESIAN_POINT('',(-27.5,10.5000000000001,54.96));
#2454=CARTESIAN_POINT('',(-32.,23.8,54.96));
#2455=CARTESIAN_POINT('',(-13.7499999850988,23.8,54.96));
#2456=CARTESIAN_POINT('',(-32.,27.2,54.96));
#2457=CARTESIAN_POINT('',(-32.,12.,54.96));
#2458=CARTESIAN_POINT('',(-27.7,27.2,54.96));
#2459=CARTESIAN_POINT('',(-31.7,27.2,54.96));
#2460=CARTESIAN_POINT('',(-27.7,30.,54.96));
#2461=CARTESIAN_POINT('',(-27.7,13.5,54.96));
#2462=CARTESIAN_POINT('',(27.7,30.,54.96));
#2463=CARTESIAN_POINT('',(17.2500000149011,30.,54.96));
#2464=CARTESIAN_POINT('',(27.7,27.2,54.96));
#2465=CARTESIAN_POINT('',(27.7,15.,54.96));
#2466=CARTESIAN_POINT('',(32.,27.2,54.96));
#2467=CARTESIAN_POINT('',(13.7500000149011,27.2,54.96));
#2468=CARTESIAN_POINT('',(32.,23.8,54.96));
#2469=CARTESIAN_POINT('',(32.,13.5,54.96));
#2470=CARTESIAN_POINT('',(27.5,23.8,54.96));
#2471=CARTESIAN_POINT('',(31.7,23.8,54.96));
#2472=CARTESIAN_POINT('',(27.5,12.0000000000001,54.96));
#2473=CARTESIAN_POINT('Origin',(4.,-21.,54.96));
#2474=CARTESIAN_POINT('',(4.00000000000002,-10.5,54.96));
#2475=CARTESIAN_POINT('Ctrl Pts',(0.,40.,61.));
#2476=CARTESIAN_POINT('Ctrl Pts',(40.,40.,61.));
#2477=CARTESIAN_POINT('Ctrl Pts',(40.,0.,61.));
#2478=CARTESIAN_POINT('Ctrl Pts',(40.,-40.,61.));
#2479=CARTESIAN_POINT('Ctrl Pts',(0.,-40.,61.));
#2480=CARTESIAN_POINT('Ctrl Pts',(-40.,-40.,61.));
#2481=CARTESIAN_POINT('Ctrl Pts',(-40.,0.,61.));
#2482=CARTESIAN_POINT('Ctrl Pts',(-40.,40.,61.));
#2483=CARTESIAN_POINT('Ctrl Pts',(0.,40.,61.));
#2484=CARTESIAN_POINT('Ctrl Pts',(0.,43.8627292229462,61.));
#2485=CARTESIAN_POINT('Ctrl Pts',(43.8627292229462,43.8627292229462,61.));
#2486=CARTESIAN_POINT('Ctrl Pts',(43.8627292229462,0.,61.));
#2487=CARTESIAN_POINT('Ctrl Pts',(43.8627292229462,-43.8627292229462,61.));
#2488=CARTESIAN_POINT('Ctrl Pts',(0.,-43.8627292229462,61.));
#2489=CARTESIAN_POINT('Ctrl Pts',(-43.8627292229462,-43.8627292229462,61.));
#2490=CARTESIAN_POINT('Ctrl Pts',(-43.8627292229462,0.,61.));
#2491=CARTESIAN_POINT('Ctrl Pts',(-43.8627292229462,43.8627292229462,61.));
#2492=CARTESIAN_POINT('Ctrl Pts',(0.,43.8627292229462,61.));
#2493=CARTESIAN_POINT('Ctrl Pts',(0.,46.9138210090934,60.4088871668864));
#2494=CARTESIAN_POINT('Ctrl Pts',(46.9138210090934,46.9138210090934,60.4088871668864));
#2495=CARTESIAN_POINT('Ctrl Pts',(46.9138210090934,0.,60.4088871668864));
#2496=CARTESIAN_POINT('Ctrl Pts',(46.9138210090934,-46.9138210090934,60.4088871668864));
#2497=CARTESIAN_POINT('Ctrl Pts',(0.,-46.9138210090934,60.4088871668864));
#2498=CARTESIAN_POINT('Ctrl Pts',(-46.9138210090934,-46.9138210090934,60.4088871668864));
#2499=CARTESIAN_POINT('Ctrl Pts',(-46.9138210090934,0.,60.4088871668864));
#2500=CARTESIAN_POINT('Ctrl Pts',(-46.9138210090934,46.9138210090934,60.4088871668864));
#2501=CARTESIAN_POINT('Ctrl Pts',(0.,46.9138210090934,60.4088871668864));
#2502=CARTESIAN_POINT('Ctrl Pts',(0.,49.3163080770055,59.3379045429998));
#2503=CARTESIAN_POINT('Ctrl Pts',(49.3163080770055,49.3163080770055,59.3379045429998));
#2504=CARTESIAN_POINT('Ctrl Pts',(49.3163080770055,0.,59.3379045429998));
#2505=CARTESIAN_POINT('Ctrl Pts',(49.3163080770055,-49.3163080770055,59.3379045429998));
#2506=CARTESIAN_POINT('Ctrl Pts',(0.,-49.3163080770055,59.3379045429998));
#2507=CARTESIAN_POINT('Ctrl Pts',(-49.3163080770055,-49.3163080770055,59.3379045429998));
#2508=CARTESIAN_POINT('Ctrl Pts',(-49.3163080770055,0.,59.3379045429998));
#2509=CARTESIAN_POINT('Ctrl Pts',(-49.3163080770055,49.3163080770055,59.3379045429998));
#2510=CARTESIAN_POINT('Ctrl Pts',(0.,49.3163080770055,59.3379045429998));
#2511=CARTESIAN_POINT('Ctrl Pts',(0.,51.6658719530428,58.2905140622949));
#2512=CARTESIAN_POINT('Ctrl Pts',(51.6658719530428,51.6658719530428,58.2905140622949));
#2513=CARTESIAN_POINT('Ctrl Pts',(51.6658719530428,0.,58.2905140622949));
#2514=CARTESIAN_POINT('Ctrl Pts',(51.6658719530428,-51.6658719530428,58.2905140622949));
#2515=CARTESIAN_POINT('Ctrl Pts',(0.,-51.6658719530428,58.2905140622949));
#2516=CARTESIAN_POINT('Ctrl Pts',(-51.6658719530428,-51.6658719530428,58.2905140622949));
#2517=CARTESIAN_POINT('Ctrl Pts',(-51.6658719530428,0.,58.2905140622949));
#2518=CARTESIAN_POINT('Ctrl Pts',(-51.6658719530428,51.6658719530428,58.2905140622949));
#2519=CARTESIAN_POINT('Ctrl Pts',(0.,51.6658719530428,58.2905140622949));
#2520=CARTESIAN_POINT('Ctrl Pts',(0.,53.4548771517319,56.8176194975966));
#2521=CARTESIAN_POINT('Ctrl Pts',(53.4548771517319,53.4548771517319,56.8176194975966));
#2522=CARTESIAN_POINT('Ctrl Pts',(53.4548771517319,0.,56.8176194975966));
#2523=CARTESIAN_POINT('Ctrl Pts',(53.4548771517319,-53.4548771517319,56.8176194975966));
#2524=CARTESIAN_POINT('Ctrl Pts',(0.,-53.4548771517319,56.8176194975966));
#2525=CARTESIAN_POINT('Ctrl Pts',(-53.4548771517319,-53.4548771517319,56.8176194975966));
#2526=CARTESIAN_POINT('Ctrl Pts',(-53.4548771517319,0.,56.8176194975966));
#2527=CARTESIAN_POINT('Ctrl Pts',(-53.4548771517319,53.4548771517319,56.8176194975966));
#2528=CARTESIAN_POINT('Ctrl Pts',(0.,53.4548771517319,56.8176194975966));
#2529=CARTESIAN_POINT('Ctrl Pts',(0.,55.0317708299608,54.5853444401021));
#2530=CARTESIAN_POINT('Ctrl Pts',(55.0317708299607,55.0317708299607,54.5853444401021));
#2531=CARTESIAN_POINT('Ctrl Pts',(55.0317708299608,0.,54.5853444401021));
#2532=CARTESIAN_POINT('Ctrl Pts',(55.0317708299607,-55.0317708299607,54.5853444401021));
#2533=CARTESIAN_POINT('Ctrl Pts',(0.,-55.0317708299608,54.5853444401021));
#2534=CARTESIAN_POINT('Ctrl Pts',(-55.0317708299607,-55.0317708299607,54.5853444401021));
#2535=CARTESIAN_POINT('Ctrl Pts',(-55.0317708299608,0.,54.5853444401021));
#2536=CARTESIAN_POINT('Ctrl Pts',(-55.0317708299607,55.0317708299607,54.5853444401021));
#2537=CARTESIAN_POINT('Ctrl Pts',(0.,55.0317708299608,54.5853444401021));
#2538=CARTESIAN_POINT('Ctrl Pts',(0.,57.6813427040019,50.834569553298));
#2539=CARTESIAN_POINT('Ctrl Pts',(57.6813427040019,57.6813427040019,50.834569553298));
#2540=CARTESIAN_POINT('Ctrl Pts',(57.6813427040019,0.,50.834569553298));
#2541=CARTESIAN_POINT('Ctrl Pts',(57.6813427040019,-57.6813427040019,50.834569553298));
#2542=CARTESIAN_POINT('Ctrl Pts',(0.,-57.6813427040019,50.834569553298));
#2543=CARTESIAN_POINT('Ctrl Pts',(-57.6813427040019,-57.6813427040019,50.834569553298));
#2544=CARTESIAN_POINT('Ctrl Pts',(-57.6813427040019,0.,50.834569553298));
#2545=CARTESIAN_POINT('Ctrl Pts',(-57.6813427040019,57.6813427040019,50.834569553298));
#2546=CARTESIAN_POINT('Ctrl Pts',(0.,57.6813427040019,50.834569553298));
#2547=CARTESIAN_POINT('Ctrl Pts',(0.,59.6488782645734,44.8163801205575));
#2548=CARTESIAN_POINT('Ctrl Pts',(59.6488782645734,59.6488782645734,44.8163801205575));
#2549=CARTESIAN_POINT('Ctrl Pts',(59.6488782645734,0.,44.8163801205575));
#2550=CARTESIAN_POINT('Ctrl Pts',(59.6488782645734,-59.6488782645734,44.8163801205575));
#2551=CARTESIAN_POINT('Ctrl Pts',(0.,-59.6488782645734,44.8163801205575));
#2552=CARTESIAN_POINT('Ctrl Pts',(-59.6488782645734,-59.6488782645734,44.8163801205575));
#2553=CARTESIAN_POINT('Ctrl Pts',(-59.6488782645734,0.,44.8163801205575));
#2554=CARTESIAN_POINT('Ctrl Pts',(-59.6488782645734,59.6488782645734,44.8163801205575));
#2555=CARTESIAN_POINT('Ctrl Pts',(0.,59.6488782645734,44.8163801205575));
#2556=CARTESIAN_POINT('Ctrl Pts',(0.,60.9582162067592,34.890387185119));
#2557=CARTESIAN_POINT('Ctrl Pts',(60.9582162067592,60.9582162067592,34.890387185119));
#2558=CARTESIAN_POINT('Ctrl Pts',(60.9582162067592,0.,34.890387185119));
#2559=CARTESIAN_POINT('Ctrl Pts',(60.9582162067592,-60.9582162067592,34.890387185119));
#2560=CARTESIAN_POINT('Ctrl Pts',(0.,-60.9582162067592,34.890387185119));
#2561=CARTESIAN_POINT('Ctrl Pts',(-60.9582162067592,-60.9582162067592,34.890387185119));
#2562=CARTESIAN_POINT('Ctrl Pts',(-60.9582162067592,0.,34.890387185119));
#2563=CARTESIAN_POINT('Ctrl Pts',(-60.9582162067592,60.9582162067592,34.890387185119));
#2564=CARTESIAN_POINT('Ctrl Pts',(0.,60.9582162067592,34.890387185119));
#2565=CARTESIAN_POINT('Ctrl Pts',(0.,61.9124217712084,27.6566262235544));
#2566=CARTESIAN_POINT('Ctrl Pts',(61.9124217712084,61.9124217712084,27.6566262235544));
#2567=CARTESIAN_POINT('Ctrl Pts',(61.9124217712084,0.,27.6566262235544));
#2568=CARTESIAN_POINT('Ctrl Pts',(61.9124217712084,-61.9124217712084,27.6566262235544));
#2569=CARTESIAN_POINT('Ctrl Pts',(0.,-61.9124217712084,27.6566262235544));
#2570=CARTESIAN_POINT('Ctrl Pts',(-61.9124217712084,-61.9124217712084,27.6566262235544));
#2571=CARTESIAN_POINT('Ctrl Pts',(-61.9124217712084,0.,27.6566262235544));
#2572=CARTESIAN_POINT('Ctrl Pts',(-61.9124217712084,61.9124217712084,27.6566262235544));
#2573=CARTESIAN_POINT('Ctrl Pts',(0.,61.9124217712084,27.6566262235544));
#2574=CARTESIAN_POINT('Ctrl Pts',(0.,62.5274333958876,18.3210525274739));
#2575=CARTESIAN_POINT('Ctrl Pts',(62.5274333958875,62.5274333958875,18.3210525274739));
#2576=CARTESIAN_POINT('Ctrl Pts',(62.5274333958876,0.,18.3210525274739));
#2577=CARTESIAN_POINT('Ctrl Pts',(62.5274333958875,-62.5274333958875,18.3210525274739));
#2578=CARTESIAN_POINT('Ctrl Pts',(0.,-62.5274333958876,18.3210525274739));
#2579=CARTESIAN_POINT('Ctrl Pts',(-62.5274333958875,-62.5274333958875,18.3210525274739));
#2580=CARTESIAN_POINT('Ctrl Pts',(-62.5274333958876,0.,18.3210525274739));
#2581=CARTESIAN_POINT('Ctrl Pts',(-62.5274333958875,62.5274333958875,18.3210525274739));
#2582=CARTESIAN_POINT('Ctrl Pts',(0.,62.5274333958876,18.3210525274739));
#2583=CARTESIAN_POINT('Ctrl Pts',(0.,62.8203569984197,6.24597071445725));
#2584=CARTESIAN_POINT('Ctrl Pts',(62.8203569984197,62.8203569984197,6.24597071445725));
#2585=CARTESIAN_POINT('Ctrl Pts',(62.8203569984197,0.,6.24597071445725));
#2586=CARTESIAN_POINT('Ctrl Pts',(62.8203569984197,-62.8203569984197,6.24597071445724));
#2587=CARTESIAN_POINT('Ctrl Pts',(0.,-62.8203569984197,6.24597071445724));
#2588=CARTESIAN_POINT('Ctrl Pts',(-62.8203569984197,-62.8203569984197,6.24597071445724));
#2589=CARTESIAN_POINT('Ctrl Pts',(-62.8203569984197,0.,6.24597071445725));
#2590=CARTESIAN_POINT('Ctrl Pts',(-62.8203569984197,62.8203569984197,6.24597071445725));
#2591=CARTESIAN_POINT('Ctrl Pts',(0.,62.8203569984197,6.24597071445725));
#2592=CARTESIAN_POINT('Ctrl Pts',(0.,62.9126307102055,2.44220546859707));
#2593=CARTESIAN_POINT('Ctrl Pts',(62.9126307102054,62.9126307102054,2.44220546859707));
#2594=CARTESIAN_POINT('Ctrl Pts',(62.9126307102055,0.,2.44220546859706));
#2595=CARTESIAN_POINT('Ctrl Pts',(62.9126307102054,-62.9126307102054,2.44220546859706));
#2596=CARTESIAN_POINT('Ctrl Pts',(0.,-62.9126307102055,2.44220546859706));
#2597=CARTESIAN_POINT('Ctrl Pts',(-62.9126307102054,-62.9126307102054,2.44220546859706));
#2598=CARTESIAN_POINT('Ctrl Pts',(-62.9126307102055,0.,2.44220546859706));
#2599=CARTESIAN_POINT('Ctrl Pts',(-62.9126307102054,62.9126307102054,2.44220546859707));
#2600=CARTESIAN_POINT('Ctrl Pts',(0.,62.9126307102055,2.44220546859707));
#2601=CARTESIAN_POINT('Ctrl Pts',(0.,62.9725771513235,-1.63082415661071));
#2602=CARTESIAN_POINT('Ctrl Pts',(62.9725771513235,62.9725771513235,-1.63082415661071));
#2603=CARTESIAN_POINT('Ctrl Pts',(62.9725771513235,0.,-1.63082415661071));
#2604=CARTESIAN_POINT('Ctrl Pts',(62.9725771513235,-62.9725771513235,-1.63082415661071));
#2605=CARTESIAN_POINT('Ctrl Pts',(0.,-62.9725771513235,-1.63082415661071));
#2606=CARTESIAN_POINT('Ctrl Pts',(-62.9725771513235,-62.9725771513235,-1.63082415661071));
#2607=CARTESIAN_POINT('Ctrl Pts',(-62.9725771513235,0.,-1.63082415661071));
#2608=CARTESIAN_POINT('Ctrl Pts',(-62.9725771513235,62.9725771513235,-1.63082415661071));
#2609=CARTESIAN_POINT('Ctrl Pts',(0.,62.9725771513235,-1.63082415661071));
#2610=CARTESIAN_POINT('Ctrl Pts',(0.,63.0000599228997,-5.97896137672466));
#2611=CARTESIAN_POINT('Ctrl Pts',(63.0000599228997,63.0000599228997,-5.97896137672466));
#2612=CARTESIAN_POINT('Ctrl Pts',(63.0000599228997,0.,-5.97896137672467));
#2613=CARTESIAN_POINT('Ctrl Pts',(63.0000599228997,-63.0000599228997,-5.97896137672467));
#2614=CARTESIAN_POINT('Ctrl Pts',(0.,-63.0000599228997,-5.97896137672467));
#2615=CARTESIAN_POINT('Ctrl Pts',(-63.0000599228997,-63.0000599228997,-5.97896137672467));
#2616=CARTESIAN_POINT('Ctrl Pts',(-63.0000599228997,0.,-5.97896137672467));
#2617=CARTESIAN_POINT('Ctrl Pts',(-63.0000599228997,63.0000599228997,-5.97896137672466));
#2618=CARTESIAN_POINT('Ctrl Pts',(0.,63.0000599228997,-5.97896137672466));
#2619=CARTESIAN_POINT('',(-34.5,-23.4111494055111,60.96));
#2620=CARTESIAN_POINT('',(-28.9539620170916,-30.,60.96));
#2621=CARTESIAN_POINT('Ctrl Pts',(-34.5000000000001,-23.4111494055111,60.96));
#2622=CARTESIAN_POINT('Ctrl Pts',(-32.8854759472235,-25.7904037879414,60.96));
#2623=CARTESIAN_POINT('Ctrl Pts',(-31.0273542178552,-27.998902699085,60.96));
#2624=CARTESIAN_POINT('Ctrl Pts',(-28.9539620170915,-29.9999999999999,60.96));
#2625=CARTESIAN_POINT('',(-34.5,-30.,60.4709777464653));
#2626=CARTESIAN_POINT('Ctrl Pts',(-34.5,-30.,60.4709777464652));
#2627=CARTESIAN_POINT('Ctrl Pts',(-34.5,-27.9210296205513,60.7531849895378));
#2628=CARTESIAN_POINT('Ctrl Pts',(-34.5,-25.7099144787383,60.8973270164456));
#2629=CARTESIAN_POINT('Ctrl Pts',(-34.5,-23.4111494055111,60.96));
#2630=CARTESIAN_POINT('Ctrl Pts',(-28.9539620170916,-30.,60.96));
#2631=CARTESIAN_POINT('Ctrl Pts',(-30.8068994992137,-30.,60.8975213250881));
#2632=CARTESIAN_POINT('Ctrl Pts',(-32.6927927296658,-30.,60.7530924097778));
#2633=CARTESIAN_POINT('Ctrl Pts',(-34.5,-30.,60.4709777464652));
#2634=CARTESIAN_POINT('Ctrl Pts',(0.,40.,61.));
#2635=CARTESIAN_POINT('Ctrl Pts',(40.,40.,61.));
#2636=CARTESIAN_POINT('Ctrl Pts',(40.,0.,61.));
#2637=CARTESIAN_POINT('Ctrl Pts',(40.,-40.,61.));
#2638=CARTESIAN_POINT('Ctrl Pts',(0.,-40.,61.));
#2639=CARTESIAN_POINT('Ctrl Pts',(-40.,-40.,61.));
#2640=CARTESIAN_POINT('Ctrl Pts',(-40.,0.,61.));
#2641=CARTESIAN_POINT('Ctrl Pts',(-40.,40.,61.));
#2642=CARTESIAN_POINT('Ctrl Pts',(0.,40.,61.));
#2643=CARTESIAN_POINT('Ctrl Pts',(0.,43.8627292229462,61.));
#2644=CARTESIAN_POINT('Ctrl Pts',(43.8627292229462,43.8627292229462,61.));
#2645=CARTESIAN_POINT('Ctrl Pts',(43.8627292229462,0.,61.));
#2646=CARTESIAN_POINT('Ctrl Pts',(43.8627292229462,-43.8627292229462,61.));
#2647=CARTESIAN_POINT('Ctrl Pts',(0.,-43.8627292229462,61.));
#2648=CARTESIAN_POINT('Ctrl Pts',(-43.8627292229462,-43.8627292229462,61.));
#2649=CARTESIAN_POINT('Ctrl Pts',(-43.8627292229462,0.,61.));
#2650=CARTESIAN_POINT('Ctrl Pts',(-43.8627292229462,43.8627292229462,61.));
#2651=CARTESIAN_POINT('Ctrl Pts',(0.,43.8627292229462,61.));
#2652=CARTESIAN_POINT('Ctrl Pts',(0.,46.9138210090934,60.4088871668864));
#2653=CARTESIAN_POINT('Ctrl Pts',(46.9138210090934,46.9138210090934,60.4088871668864));
#2654=CARTESIAN_POINT('Ctrl Pts',(46.9138210090934,0.,60.4088871668864));
#2655=CARTESIAN_POINT('Ctrl Pts',(46.9138210090934,-46.9138210090934,60.4088871668864));
#2656=CARTESIAN_POINT('Ctrl Pts',(0.,-46.9138210090934,60.4088871668864));
#2657=CARTESIAN_POINT('Ctrl Pts',(-46.9138210090934,-46.9138210090934,60.4088871668864));
#2658=CARTESIAN_POINT('Ctrl Pts',(-46.9138210090934,0.,60.4088871668864));
#2659=CARTESIAN_POINT('Ctrl Pts',(-46.9138210090934,46.9138210090934,60.4088871668864));
#2660=CARTESIAN_POINT('Ctrl Pts',(0.,46.9138210090934,60.4088871668864));
#2661=CARTESIAN_POINT('Ctrl Pts',(0.,49.3163080770055,59.3379045429998));
#2662=CARTESIAN_POINT('Ctrl Pts',(49.3163080770055,49.3163080770055,59.3379045429998));
#2663=CARTESIAN_POINT('Ctrl Pts',(49.3163080770055,0.,59.3379045429998));
#2664=CARTESIAN_POINT('Ctrl Pts',(49.3163080770055,-49.3163080770055,59.3379045429998));
#2665=CARTESIAN_POINT('Ctrl Pts',(0.,-49.3163080770055,59.3379045429998));
#2666=CARTESIAN_POINT('Ctrl Pts',(-49.3163080770055,-49.3163080770055,59.3379045429998));
#2667=CARTESIAN_POINT('Ctrl Pts',(-49.3163080770055,0.,59.3379045429998));
#2668=CARTESIAN_POINT('Ctrl Pts',(-49.3163080770055,49.3163080770055,59.3379045429998));
#2669=CARTESIAN_POINT('Ctrl Pts',(0.,49.3163080770055,59.3379045429998));
#2670=CARTESIAN_POINT('Ctrl Pts',(0.,51.6658719530428,58.2905140622949));
#2671=CARTESIAN_POINT('Ctrl Pts',(51.6658719530428,51.6658719530428,58.2905140622949));
#2672=CARTESIAN_POINT('Ctrl Pts',(51.6658719530428,0.,58.2905140622949));
#2673=CARTESIAN_POINT('Ctrl Pts',(51.6658719530428,-51.6658719530428,58.2905140622949));
#2674=CARTESIAN_POINT('Ctrl Pts',(0.,-51.6658719530428,58.2905140622949));
#2675=CARTESIAN_POINT('Ctrl Pts',(-51.6658719530428,-51.6658719530428,58.2905140622949));
#2676=CARTESIAN_POINT('Ctrl Pts',(-51.6658719530428,0.,58.2905140622949));
#2677=CARTESIAN_POINT('Ctrl Pts',(-51.6658719530428,51.6658719530428,58.2905140622949));
#2678=CARTESIAN_POINT('Ctrl Pts',(0.,51.6658719530428,58.2905140622949));
#2679=CARTESIAN_POINT('Ctrl Pts',(0.,53.4548771517319,56.8176194975966));
#2680=CARTESIAN_POINT('Ctrl Pts',(53.4548771517319,53.4548771517319,56.8176194975966));
#2681=CARTESIAN_POINT('Ctrl Pts',(53.4548771517319,0.,56.8176194975966));
#2682=CARTESIAN_POINT('Ctrl Pts',(53.4548771517319,-53.4548771517319,56.8176194975966));
#2683=CARTESIAN_POINT('Ctrl Pts',(0.,-53.4548771517319,56.8176194975966));
#2684=CARTESIAN_POINT('Ctrl Pts',(-53.4548771517319,-53.4548771517319,56.8176194975966));
#2685=CARTESIAN_POINT('Ctrl Pts',(-53.4548771517319,0.,56.8176194975966));
#2686=CARTESIAN_POINT('Ctrl Pts',(-53.4548771517319,53.4548771517319,56.8176194975966));
#2687=CARTESIAN_POINT('Ctrl Pts',(0.,53.4548771517319,56.8176194975966));
#2688=CARTESIAN_POINT('Ctrl Pts',(0.,55.0317708299608,54.5853444401021));
#2689=CARTESIAN_POINT('Ctrl Pts',(55.0317708299607,55.0317708299607,54.5853444401021));
#2690=CARTESIAN_POINT('Ctrl Pts',(55.0317708299608,0.,54.5853444401021));
#2691=CARTESIAN_POINT('Ctrl Pts',(55.0317708299607,-55.0317708299607,54.5853444401021));
#2692=CARTESIAN_POINT('Ctrl Pts',(0.,-55.0317708299608,54.5853444401021));
#2693=CARTESIAN_POINT('Ctrl Pts',(-55.0317708299607,-55.0317708299607,54.5853444401021));
#2694=CARTESIAN_POINT('Ctrl Pts',(-55.0317708299608,0.,54.5853444401021));
#2695=CARTESIAN_POINT('Ctrl Pts',(-55.0317708299607,55.0317708299607,54.5853444401021));
#2696=CARTESIAN_POINT('Ctrl Pts',(0.,55.0317708299608,54.5853444401021));
#2697=CARTESIAN_POINT('Ctrl Pts',(0.,57.6813427040019,50.834569553298));
#2698=CARTESIAN_POINT('Ctrl Pts',(57.6813427040019,57.6813427040019,50.834569553298));
#2699=CARTESIAN_POINT('Ctrl Pts',(57.6813427040019,0.,50.834569553298));
#2700=CARTESIAN_POINT('Ctrl Pts',(57.6813427040019,-57.6813427040019,50.834569553298));
#2701=CARTESIAN_POINT('Ctrl Pts',(0.,-57.6813427040019,50.834569553298));
#2702=CARTESIAN_POINT('Ctrl Pts',(-57.6813427040019,-57.6813427040019,50.834569553298));
#2703=CARTESIAN_POINT('Ctrl Pts',(-57.6813427040019,0.,50.834569553298));
#2704=CARTESIAN_POINT('Ctrl Pts',(-57.6813427040019,57.6813427040019,50.834569553298));
#2705=CARTESIAN_POINT('Ctrl Pts',(0.,57.6813427040019,50.834569553298));
#2706=CARTESIAN_POINT('Ctrl Pts',(0.,59.6488782645734,44.8163801205575));
#2707=CARTESIAN_POINT('Ctrl Pts',(59.6488782645734,59.6488782645734,44.8163801205575));
#2708=CARTESIAN_POINT('Ctrl Pts',(59.6488782645734,0.,44.8163801205575));
#2709=CARTESIAN_POINT('Ctrl Pts',(59.6488782645734,-59.6488782645734,44.8163801205575));
#2710=CARTESIAN_POINT('Ctrl Pts',(0.,-59.6488782645734,44.8163801205575));
#2711=CARTESIAN_POINT('Ctrl Pts',(-59.6488782645734,-59.6488782645734,44.8163801205575));
#2712=CARTESIAN_POINT('Ctrl Pts',(-59.6488782645734,0.,44.8163801205575));
#2713=CARTESIAN_POINT('Ctrl Pts',(-59.6488782645734,59.6488782645734,44.8163801205575));
#2714=CARTESIAN_POINT('Ctrl Pts',(0.,59.6488782645734,44.8163801205575));
#2715=CARTESIAN_POINT('Ctrl Pts',(0.,60.9582162067592,34.890387185119));
#2716=CARTESIAN_POINT('Ctrl Pts',(60.9582162067592,60.9582162067592,34.890387185119));
#2717=CARTESIAN_POINT('Ctrl Pts',(60.9582162067592,0.,34.890387185119));
#2718=CARTESIAN_POINT('Ctrl Pts',(60.9582162067592,-60.9582162067592,34.890387185119));
#2719=CARTESIAN_POINT('Ctrl Pts',(0.,-60.9582162067592,34.890387185119));
#2720=CARTESIAN_POINT('Ctrl Pts',(-60.9582162067592,-60.9582162067592,34.890387185119));
#2721=CARTESIAN_POINT('Ctrl Pts',(-60.9582162067592,0.,34.890387185119));
#2722=CARTESIAN_POINT('Ctrl Pts',(-60.9582162067592,60.9582162067592,34.890387185119));
#2723=CARTESIAN_POINT('Ctrl Pts',(0.,60.9582162067592,34.890387185119));
#2724=CARTESIAN_POINT('Ctrl Pts',(0.,61.9124217712084,27.6566262235544));
#2725=CARTESIAN_POINT('Ctrl Pts',(61.9124217712084,61.9124217712084,27.6566262235544));
#2726=CARTESIAN_POINT('Ctrl Pts',(61.9124217712084,0.,27.6566262235544));
#2727=CARTESIAN_POINT('Ctrl Pts',(61.9124217712084,-61.9124217712084,27.6566262235544));
#2728=CARTESIAN_POINT('Ctrl Pts',(0.,-61.9124217712084,27.6566262235544));
#2729=CARTESIAN_POINT('Ctrl Pts',(-61.9124217712084,-61.9124217712084,27.6566262235544));
#2730=CARTESIAN_POINT('Ctrl Pts',(-61.9124217712084,0.,27.6566262235544));
#2731=CARTESIAN_POINT('Ctrl Pts',(-61.9124217712084,61.9124217712084,27.6566262235544));
#2732=CARTESIAN_POINT('Ctrl Pts',(0.,61.9124217712084,27.6566262235544));
#2733=CARTESIAN_POINT('Ctrl Pts',(0.,62.5274333958876,18.3210525274739));
#2734=CARTESIAN_POINT('Ctrl Pts',(62.5274333958875,62.5274333958875,18.3210525274739));
#2735=CARTESIAN_POINT('Ctrl Pts',(62.5274333958876,0.,18.3210525274739));
#2736=CARTESIAN_POINT('Ctrl Pts',(62.5274333958875,-62.5274333958875,18.3210525274739));
#2737=CARTESIAN_POINT('Ctrl Pts',(0.,-62.5274333958876,18.3210525274739));
#2738=CARTESIAN_POINT('Ctrl Pts',(-62.5274333958875,-62.5274333958875,18.3210525274739));
#2739=CARTESIAN_POINT('Ctrl Pts',(-62.5274333958876,0.,18.3210525274739));
#2740=CARTESIAN_POINT('Ctrl Pts',(-62.5274333958875,62.5274333958875,18.3210525274739));
#2741=CARTESIAN_POINT('Ctrl Pts',(0.,62.5274333958876,18.3210525274739));
#2742=CARTESIAN_POINT('Ctrl Pts',(0.,62.8203569984197,6.24597071445725));
#2743=CARTESIAN_POINT('Ctrl Pts',(62.8203569984197,62.8203569984197,6.24597071445725));
#2744=CARTESIAN_POINT('Ctrl Pts',(62.8203569984197,0.,6.24597071445725));
#2745=CARTESIAN_POINT('Ctrl Pts',(62.8203569984197,-62.8203569984197,6.24597071445724));
#2746=CARTESIAN_POINT('Ctrl Pts',(0.,-62.8203569984197,6.24597071445724));
#2747=CARTESIAN_POINT('Ctrl Pts',(-62.8203569984197,-62.8203569984197,6.24597071445724));
#2748=CARTESIAN_POINT('Ctrl Pts',(-62.8203569984197,0.,6.24597071445725));
#2749=CARTESIAN_POINT('Ctrl Pts',(-62.8203569984197,62.8203569984197,6.24597071445725));
#2750=CARTESIAN_POINT('Ctrl Pts',(0.,62.8203569984197,6.24597071445725));
#2751=CARTESIAN_POINT('Ctrl Pts',(0.,62.9126307102055,2.44220546859707));
#2752=CARTESIAN_POINT('Ctrl Pts',(62.9126307102054,62.9126307102054,2.44220546859707));
#2753=CARTESIAN_POINT('Ctrl Pts',(62.9126307102055,0.,2.44220546859706));
#2754=CARTESIAN_POINT('Ctrl Pts',(62.9126307102054,-62.9126307102054,2.44220546859706));
#2755=CARTESIAN_POINT('Ctrl Pts',(0.,-62.9126307102055,2.44220546859706));
#2756=CARTESIAN_POINT('Ctrl Pts',(-62.9126307102054,-62.9126307102054,2.44220546859706));
#2757=CARTESIAN_POINT('Ctrl Pts',(-62.9126307102055,0.,2.44220546859706));
#2758=CARTESIAN_POINT('Ctrl Pts',(-62.9126307102054,62.9126307102054,2.44220546859707));
#2759=CARTESIAN_POINT('Ctrl Pts',(0.,62.9126307102055,2.44220546859707));
#2760=CARTESIAN_POINT('Ctrl Pts',(0.,62.9725771513235,-1.63082415661071));
#2761=CARTESIAN_POINT('Ctrl Pts',(62.9725771513235,62.9725771513235,-1.63082415661071));
#2762=CARTESIAN_POINT('Ctrl Pts',(62.9725771513235,0.,-1.63082415661071));
#2763=CARTESIAN_POINT('Ctrl Pts',(62.9725771513235,-62.9725771513235,-1.63082415661071));
#2764=CARTESIAN_POINT('Ctrl Pts',(0.,-62.9725771513235,-1.63082415661071));
#2765=CARTESIAN_POINT('Ctrl Pts',(-62.9725771513235,-62.9725771513235,-1.63082415661071));
#2766=CARTESIAN_POINT('Ctrl Pts',(-62.9725771513235,0.,-1.63082415661071));
#2767=CARTESIAN_POINT('Ctrl Pts',(-62.9725771513235,62.9725771513235,-1.63082415661071));
#2768=CARTESIAN_POINT('Ctrl Pts',(0.,62.9725771513235,-1.63082415661071));
#2769=CARTESIAN_POINT('Ctrl Pts',(0.,63.0000599228997,-5.97896137672466));
#2770=CARTESIAN_POINT('Ctrl Pts',(63.0000599228997,63.0000599228997,-5.97896137672466));
#2771=CARTESIAN_POINT('Ctrl Pts',(63.0000599228997,0.,-5.97896137672467));
#2772=CARTESIAN_POINT('Ctrl Pts',(63.0000599228997,-63.0000599228997,-5.97896137672467));
#2773=CARTESIAN_POINT('Ctrl Pts',(0.,-63.0000599228997,-5.97896137672467));
#2774=CARTESIAN_POINT('Ctrl Pts',(-63.0000599228997,-63.0000599228997,-5.97896137672467));
#2775=CARTESIAN_POINT('Ctrl Pts',(-63.0000599228997,0.,-5.97896137672467));
#2776=CARTESIAN_POINT('Ctrl Pts',(-63.0000599228997,63.0000599228997,-5.97896137672466));
#2777=CARTESIAN_POINT('Ctrl Pts',(0.,63.0000599228997,-5.97896137672466));
#2778=CARTESIAN_POINT('',(28.9539620170909,-30.,60.96));
#2779=CARTESIAN_POINT('',(34.5,-23.4111494055113,60.96));
#2780=CARTESIAN_POINT('Ctrl Pts',(28.9539620170912,-30.0000000000002,60.96));
#2781=CARTESIAN_POINT('Ctrl Pts',(31.0273540555301,-27.9989028557503,60.96));
#2782=CARTESIAN_POINT('Ctrl Pts',(32.885475923794,-25.7904038224685,60.96));
#2783=CARTESIAN_POINT('Ctrl Pts',(34.5,-23.4111494055113,60.96));
#2784=CARTESIAN_POINT('',(34.5,-30.,60.4709777464652));
#2785=CARTESIAN_POINT('Ctrl Pts',(34.5,-30.,60.4709777464652));
#2786=CARTESIAN_POINT('Ctrl Pts',(32.6927988795043,-30.,60.7530914497553));
#2787=CARTESIAN_POINT('Ctrl Pts',(30.8069104751117,-30.,60.8975209549949));
#2788=CARTESIAN_POINT('Ctrl Pts',(28.9539620170909,-30.,60.96));
#2789=CARTESIAN_POINT('Ctrl Pts',(34.5,-23.4111494055113,60.96));
#2790=CARTESIAN_POINT('Ctrl Pts',(34.5,-25.7099169186101,60.8973269499255));
#2791=CARTESIAN_POINT('Ctrl Pts',(34.5,-27.9210336608566,60.7531844410916));
#2792=CARTESIAN_POINT('Ctrl Pts',(34.5,-30.,60.4709777464652));
#2793=CARTESIAN_POINT('Ctrl Pts',(0.,40.,61.));
#2794=CARTESIAN_POINT('Ctrl Pts',(40.,40.,61.));
#2795=CARTESIAN_POINT('Ctrl Pts',(40.,0.,61.));
#2796=CARTESIAN_POINT('Ctrl Pts',(40.,-40.,61.));
#2797=CARTESIAN_POINT('Ctrl Pts',(0.,-40.,61.));
#2798=CARTESIAN_POINT('Ctrl Pts',(-40.,-40.,61.));
#2799=CARTESIAN_POINT('Ctrl Pts',(-40.,0.,61.));
#2800=CARTESIAN_POINT('Ctrl Pts',(-40.,40.,61.));
#2801=CARTESIAN_POINT('Ctrl Pts',(0.,40.,61.));
#2802=CARTESIAN_POINT('Ctrl Pts',(0.,43.8627292229462,61.));
#2803=CARTESIAN_POINT('Ctrl Pts',(43.8627292229462,43.8627292229462,61.));
#2804=CARTESIAN_POINT('Ctrl Pts',(43.8627292229462,0.,61.));
#2805=CARTESIAN_POINT('Ctrl Pts',(43.8627292229462,-43.8627292229462,61.));
#2806=CARTESIAN_POINT('Ctrl Pts',(0.,-43.8627292229462,61.));
#2807=CARTESIAN_POINT('Ctrl Pts',(-43.8627292229462,-43.8627292229462,61.));
#2808=CARTESIAN_POINT('Ctrl Pts',(-43.8627292229462,0.,61.));
#2809=CARTESIAN_POINT('Ctrl Pts',(-43.8627292229462,43.8627292229462,61.));
#2810=CARTESIAN_POINT('Ctrl Pts',(0.,43.8627292229462,61.));
#2811=CARTESIAN_POINT('Ctrl Pts',(0.,46.9138210090934,60.4088871668864));
#2812=CARTESIAN_POINT('Ctrl Pts',(46.9138210090934,46.9138210090934,60.4088871668864));
#2813=CARTESIAN_POINT('Ctrl Pts',(46.9138210090934,0.,60.4088871668864));
#2814=CARTESIAN_POINT('Ctrl Pts',(46.9138210090934,-46.9138210090934,60.4088871668864));
#2815=CARTESIAN_POINT('Ctrl Pts',(0.,-46.9138210090934,60.4088871668864));
#2816=CARTESIAN_POINT('Ctrl Pts',(-46.9138210090934,-46.9138210090934,60.4088871668864));
#2817=CARTESIAN_POINT('Ctrl Pts',(-46.9138210090934,0.,60.4088871668864));
#2818=CARTESIAN_POINT('Ctrl Pts',(-46.9138210090934,46.9138210090934,60.4088871668864));
#2819=CARTESIAN_POINT('Ctrl Pts',(0.,46.9138210090934,60.4088871668864));
#2820=CARTESIAN_POINT('Ctrl Pts',(0.,49.3163080770055,59.3379045429998));
#2821=CARTESIAN_POINT('Ctrl Pts',(49.3163080770055,49.3163080770055,59.3379045429998));
#2822=CARTESIAN_POINT('Ctrl Pts',(49.3163080770055,0.,59.3379045429998));
#2823=CARTESIAN_POINT('Ctrl Pts',(49.3163080770055,-49.3163080770055,59.3379045429998));
#2824=CARTESIAN_POINT('Ctrl Pts',(0.,-49.3163080770055,59.3379045429998));
#2825=CARTESIAN_POINT('Ctrl Pts',(-49.3163080770055,-49.3163080770055,59.3379045429998));
#2826=CARTESIAN_POINT('Ctrl Pts',(-49.3163080770055,0.,59.3379045429998));
#2827=CARTESIAN_POINT('Ctrl Pts',(-49.3163080770055,49.3163080770055,59.3379045429998));
#2828=CARTESIAN_POINT('Ctrl Pts',(0.,49.3163080770055,59.3379045429998));
#2829=CARTESIAN_POINT('Ctrl Pts',(0.,51.6658719530428,58.2905140622949));
#2830=CARTESIAN_POINT('Ctrl Pts',(51.6658719530428,51.6658719530428,58.2905140622949));
#2831=CARTESIAN_POINT('Ctrl Pts',(51.6658719530428,0.,58.2905140622949));
#2832=CARTESIAN_POINT('Ctrl Pts',(51.6658719530428,-51.6658719530428,58.2905140622949));
#2833=CARTESIAN_POINT('Ctrl Pts',(0.,-51.6658719530428,58.2905140622949));
#2834=CARTESIAN_POINT('Ctrl Pts',(-51.6658719530428,-51.6658719530428,58.2905140622949));
#2835=CARTESIAN_POINT('Ctrl Pts',(-51.6658719530428,0.,58.2905140622949));
#2836=CARTESIAN_POINT('Ctrl Pts',(-51.6658719530428,51.6658719530428,58.2905140622949));
#2837=CARTESIAN_POINT('Ctrl Pts',(0.,51.6658719530428,58.2905140622949));
#2838=CARTESIAN_POINT('Ctrl Pts',(0.,53.4548771517319,56.8176194975966));
#2839=CARTESIAN_POINT('Ctrl Pts',(53.4548771517319,53.4548771517319,56.8176194975966));
#2840=CARTESIAN_POINT('Ctrl Pts',(53.4548771517319,0.,56.8176194975966));
#2841=CARTESIAN_POINT('Ctrl Pts',(53.4548771517319,-53.4548771517319,56.8176194975966));
#2842=CARTESIAN_POINT('Ctrl Pts',(0.,-53.4548771517319,56.8176194975966));
#2843=CARTESIAN_POINT('Ctrl Pts',(-53.4548771517319,-53.4548771517319,56.8176194975966));
#2844=CARTESIAN_POINT('Ctrl Pts',(-53.4548771517319,0.,56.8176194975966));
#2845=CARTESIAN_POINT('Ctrl Pts',(-53.4548771517319,53.4548771517319,56.8176194975966));
#2846=CARTESIAN_POINT('Ctrl Pts',(0.,53.4548771517319,56.8176194975966));
#2847=CARTESIAN_POINT('Ctrl Pts',(0.,55.0317708299608,54.5853444401021));
#2848=CARTESIAN_POINT('Ctrl Pts',(55.0317708299607,55.0317708299607,54.5853444401021));
#2849=CARTESIAN_POINT('Ctrl Pts',(55.0317708299608,0.,54.5853444401021));
#2850=CARTESIAN_POINT('Ctrl Pts',(55.0317708299607,-55.0317708299607,54.5853444401021));
#2851=CARTESIAN_POINT('Ctrl Pts',(0.,-55.0317708299608,54.5853444401021));
#2852=CARTESIAN_POINT('Ctrl Pts',(-55.0317708299607,-55.0317708299607,54.5853444401021));
#2853=CARTESIAN_POINT('Ctrl Pts',(-55.0317708299608,0.,54.5853444401021));
#2854=CARTESIAN_POINT('Ctrl Pts',(-55.0317708299607,55.0317708299607,54.5853444401021));
#2855=CARTESIAN_POINT('Ctrl Pts',(0.,55.0317708299608,54.5853444401021));
#2856=CARTESIAN_POINT('Ctrl Pts',(0.,57.6813427040019,50.834569553298));
#2857=CARTESIAN_POINT('Ctrl Pts',(57.6813427040019,57.6813427040019,50.834569553298));
#2858=CARTESIAN_POINT('Ctrl Pts',(57.6813427040019,0.,50.834569553298));
#2859=CARTESIAN_POINT('Ctrl Pts',(57.6813427040019,-57.6813427040019,50.834569553298));
#2860=CARTESIAN_POINT('Ctrl Pts',(0.,-57.6813427040019,50.834569553298));
#2861=CARTESIAN_POINT('Ctrl Pts',(-57.6813427040019,-57.6813427040019,50.834569553298));
#2862=CARTESIAN_POINT('Ctrl Pts',(-57.6813427040019,0.,50.834569553298));
#2863=CARTESIAN_POINT('Ctrl Pts',(-57.6813427040019,57.6813427040019,50.834569553298));
#2864=CARTESIAN_POINT('Ctrl Pts',(0.,57.6813427040019,50.834569553298));
#2865=CARTESIAN_POINT('Ctrl Pts',(0.,59.6488782645734,44.8163801205575));
#2866=CARTESIAN_POINT('Ctrl Pts',(59.6488782645734,59.6488782645734,44.8163801205575));
#2867=CARTESIAN_POINT('Ctrl Pts',(59.6488782645734,0.,44.8163801205575));
#2868=CARTESIAN_POINT('Ctrl Pts',(59.6488782645734,-59.6488782645734,44.8163801205575));
#2869=CARTESIAN_POINT('Ctrl Pts',(0.,-59.6488782645734,44.8163801205575));
#2870=CARTESIAN_POINT('Ctrl Pts',(-59.6488782645734,-59.6488782645734,44.8163801205575));
#2871=CARTESIAN_POINT('Ctrl Pts',(-59.6488782645734,0.,44.8163801205575));
#2872=CARTESIAN_POINT('Ctrl Pts',(-59.6488782645734,59.6488782645734,44.8163801205575));
#2873=CARTESIAN_POINT('Ctrl Pts',(0.,59.6488782645734,44.8163801205575));
#2874=CARTESIAN_POINT('Ctrl Pts',(0.,60.9582162067592,34.890387185119));
#2875=CARTESIAN_POINT('Ctrl Pts',(60.9582162067592,60.9582162067592,34.890387185119));
#2876=CARTESIAN_POINT('Ctrl Pts',(60.9582162067592,0.,34.890387185119));
#2877=CARTESIAN_POINT('Ctrl Pts',(60.9582162067592,-60.9582162067592,34.890387185119));
#2878=CARTESIAN_POINT('Ctrl Pts',(0.,-60.9582162067592,34.890387185119));
#2879=CARTESIAN_POINT('Ctrl Pts',(-60.9582162067592,-60.9582162067592,34.890387185119));
#2880=CARTESIAN_POINT('Ctrl Pts',(-60.9582162067592,0.,34.890387185119));
#2881=CARTESIAN_POINT('Ctrl Pts',(-60.9582162067592,60.9582162067592,34.890387185119));
#2882=CARTESIAN_POINT('Ctrl Pts',(0.,60.9582162067592,34.890387185119));
#2883=CARTESIAN_POINT('Ctrl Pts',(0.,61.9124217712084,27.6566262235544));
#2884=CARTESIAN_POINT('Ctrl Pts',(61.9124217712084,61.9124217712084,27.6566262235544));
#2885=CARTESIAN_POINT('Ctrl Pts',(61.9124217712084,0.,27.6566262235544));
#2886=CARTESIAN_POINT('Ctrl Pts',(61.9124217712084,-61.9124217712084,27.6566262235544));
#2887=CARTESIAN_POINT('Ctrl Pts',(0.,-61.9124217712084,27.6566262235544));
#2888=CARTESIAN_POINT('Ctrl Pts',(-61.9124217712084,-61.9124217712084,27.6566262235544));
#2889=CARTESIAN_POINT('Ctrl Pts',(-61.9124217712084,0.,27.6566262235544));
#2890=CARTESIAN_POINT('Ctrl Pts',(-61.9124217712084,61.9124217712084,27.6566262235544));
#2891=CARTESIAN_POINT('Ctrl Pts',(0.,61.9124217712084,27.6566262235544));
#2892=CARTESIAN_POINT('Ctrl Pts',(0.,62.5274333958876,18.3210525274739));
#2893=CARTESIAN_POINT('Ctrl Pts',(62.5274333958875,62.5274333958875,18.3210525274739));
#2894=CARTESIAN_POINT('Ctrl Pts',(62.5274333958876,0.,18.3210525274739));
#2895=CARTESIAN_POINT('Ctrl Pts',(62.5274333958875,-62.5274333958875,18.3210525274739));
#2896=CARTESIAN_POINT('Ctrl Pts',(0.,-62.5274333958876,18.3210525274739));
#2897=CARTESIAN_POINT('Ctrl Pts',(-62.5274333958875,-62.5274333958875,18.3210525274739));
#2898=CARTESIAN_POINT('Ctrl Pts',(-62.5274333958876,0.,18.3210525274739));
#2899=CARTESIAN_POINT('Ctrl Pts',(-62.5274333958875,62.5274333958875,18.3210525274739));
#2900=CARTESIAN_POINT('Ctrl Pts',(0.,62.5274333958876,18.3210525274739));
#2901=CARTESIAN_POINT('Ctrl Pts',(0.,62.8203569984197,6.24597071445725));
#2902=CARTESIAN_POINT('Ctrl Pts',(62.8203569984197,62.8203569984197,6.24597071445725));
#2903=CARTESIAN_POINT('Ctrl Pts',(62.8203569984197,0.,6.24597071445725));
#2904=CARTESIAN_POINT('Ctrl Pts',(62.8203569984197,-62.8203569984197,6.24597071445724));
#2905=CARTESIAN_POINT('Ctrl Pts',(0.,-62.8203569984197,6.24597071445724));
#2906=CARTESIAN_POINT('Ctrl Pts',(-62.8203569984197,-62.8203569984197,6.24597071445724));
#2907=CARTESIAN_POINT('Ctrl Pts',(-62.8203569984197,0.,6.24597071445725));
#2908=CARTESIAN_POINT('Ctrl Pts',(-62.8203569984197,62.8203569984197,6.24597071445725));
#2909=CARTESIAN_POINT('Ctrl Pts',(0.,62.8203569984197,6.24597071445725));
#2910=CARTESIAN_POINT('Ctrl Pts',(0.,62.9126307102055,2.44220546859707));
#2911=CARTESIAN_POINT('Ctrl Pts',(62.9126307102054,62.9126307102054,2.44220546859707));
#2912=CARTESIAN_POINT('Ctrl Pts',(62.9126307102055,0.,2.44220546859706));
#2913=CARTESIAN_POINT('Ctrl Pts',(62.9126307102054,-62.9126307102054,2.44220546859706));
#2914=CARTESIAN_POINT('Ctrl Pts',(0.,-62.9126307102055,2.44220546859706));
#2915=CARTESIAN_POINT('Ctrl Pts',(-62.9126307102054,-62.9126307102054,2.44220546859706));
#2916=CARTESIAN_POINT('Ctrl Pts',(-62.9126307102055,0.,2.44220546859706));
#2917=CARTESIAN_POINT('Ctrl Pts',(-62.9126307102054,62.9126307102054,2.44220546859707));
#2918=CARTESIAN_POINT('Ctrl Pts',(0.,62.9126307102055,2.44220546859707));
#2919=CARTESIAN_POINT('Ctrl Pts',(0.,62.9725771513235,-1.63082415661071));
#2920=CARTESIAN_POINT('Ctrl Pts',(62.9725771513235,62.9725771513235,-1.63082415661071));
#2921=CARTESIAN_POINT('Ctrl Pts',(62.9725771513235,0.,-1.63082415661071));
#2922=CARTESIAN_POINT('Ctrl Pts',(62.9725771513235,-62.9725771513235,-1.63082415661071));
#2923=CARTESIAN_POINT('Ctrl Pts',(0.,-62.9725771513235,-1.63082415661071));
#2924=CARTESIAN_POINT('Ctrl Pts',(-62.9725771513235,-62.9725771513235,-1.63082415661071));
#2925=CARTESIAN_POINT('Ctrl Pts',(-62.9725771513235,0.,-1.63082415661071));
#2926=CARTESIAN_POINT('Ctrl Pts',(-62.9725771513235,62.9725771513235,-1.63082415661071));
#2927=CARTESIAN_POINT('Ctrl Pts',(0.,62.9725771513235,-1.63082415661071));
#2928=CARTESIAN_POINT('Ctrl Pts',(0.,63.0000599228997,-5.97896137672466));
#2929=CARTESIAN_POINT('Ctrl Pts',(63.0000599228997,63.0000599228997,-5.97896137672466));
#2930=CARTESIAN_POINT('Ctrl Pts',(63.0000599228997,0.,-5.97896137672467));
#2931=CARTESIAN_POINT('Ctrl Pts',(63.0000599228997,-63.0000599228997,-5.97896137672467));
#2932=CARTESIAN_POINT('Ctrl Pts',(0.,-63.0000599228997,-5.97896137672467));
#2933=CARTESIAN_POINT('Ctrl Pts',(-63.0000599228997,-63.0000599228997,-5.97896137672467));
#2934=CARTESIAN_POINT('Ctrl Pts',(-63.0000599228997,0.,-5.97896137672467));
#2935=CARTESIAN_POINT('Ctrl Pts',(-63.0000599228997,63.0000599228997,-5.97896137672466));
#2936=CARTESIAN_POINT('Ctrl Pts',(0.,63.0000599228997,-5.97896137672466));
#2937=CARTESIAN_POINT('',(34.5,23.4111494055111,60.96));
#2938=CARTESIAN_POINT('',(28.9539620170917,30.,60.96));
#2939=CARTESIAN_POINT('Ctrl Pts',(34.5000000000001,23.4111494055111,60.96));
#2940=CARTESIAN_POINT('Ctrl Pts',(32.8854759473113,25.790403787812,60.96));
#2941=CARTESIAN_POINT('Ctrl Pts',(31.027354217968,27.9989026989761,60.96));
#2942=CARTESIAN_POINT('Ctrl Pts',(28.9539620170915,29.9999999999998,60.96));
#2943=CARTESIAN_POINT('',(34.5,30.,60.4709777464652));
#2944=CARTESIAN_POINT('Ctrl Pts',(34.5,30.,60.4709777464652));
#2945=CARTESIAN_POINT('Ctrl Pts',(34.5,27.9210296205512,60.7531849895378));
#2946=CARTESIAN_POINT('Ctrl Pts',(34.5,25.709914478738,60.8973270164456));
#2947=CARTESIAN_POINT('Ctrl Pts',(34.5,23.4111494055111,60.96));
#2948=CARTESIAN_POINT('Ctrl Pts',(28.9539620170917,30.,60.96));
#2949=CARTESIAN_POINT('Ctrl Pts',(30.8068994992138,30.,60.8975213250881));
#2950=CARTESIAN_POINT('Ctrl Pts',(32.6927927296658,30.,60.7530924097778));
#2951=CARTESIAN_POINT('Ctrl Pts',(34.5,30.,60.4709777464653));
#2952=CARTESIAN_POINT('Ctrl Pts',(0.,40.,61.));
#2953=CARTESIAN_POINT('Ctrl Pts',(40.,40.,61.));
#2954=CARTESIAN_POINT('Ctrl Pts',(40.,0.,61.));
#2955=CARTESIAN_POINT('Ctrl Pts',(40.,-40.,61.));
#2956=CARTESIAN_POINT('Ctrl Pts',(0.,-40.,61.));
#2957=CARTESIAN_POINT('Ctrl Pts',(-40.,-40.,61.));
#2958=CARTESIAN_POINT('Ctrl Pts',(-40.,0.,61.));
#2959=CARTESIAN_POINT('Ctrl Pts',(-40.,40.,61.));
#2960=CARTESIAN_POINT('Ctrl Pts',(0.,40.,61.));
#2961=CARTESIAN_POINT('Ctrl Pts',(0.,43.8627292229462,61.));
#2962=CARTESIAN_POINT('Ctrl Pts',(43.8627292229462,43.8627292229462,61.));
#2963=CARTESIAN_POINT('Ctrl Pts',(43.8627292229462,0.,61.));
#2964=CARTESIAN_POINT('Ctrl Pts',(43.8627292229462,-43.8627292229462,61.));
#2965=CARTESIAN_POINT('Ctrl Pts',(0.,-43.8627292229462,61.));
#2966=CARTESIAN_POINT('Ctrl Pts',(-43.8627292229462,-43.8627292229462,61.));
#2967=CARTESIAN_POINT('Ctrl Pts',(-43.8627292229462,0.,61.));
#2968=CARTESIAN_POINT('Ctrl Pts',(-43.8627292229462,43.8627292229462,61.));
#2969=CARTESIAN_POINT('Ctrl Pts',(0.,43.8627292229462,61.));
#2970=CARTESIAN_POINT('Ctrl Pts',(0.,46.9138210090934,60.4088871668864));
#2971=CARTESIAN_POINT('Ctrl Pts',(46.9138210090934,46.9138210090934,60.4088871668864));
#2972=CARTESIAN_POINT('Ctrl Pts',(46.9138210090934,0.,60.4088871668864));
#2973=CARTESIAN_POINT('Ctrl Pts',(46.9138210090934,-46.9138210090934,60.4088871668864));
#2974=CARTESIAN_POINT('Ctrl Pts',(0.,-46.9138210090934,60.4088871668864));
#2975=CARTESIAN_POINT('Ctrl Pts',(-46.9138210090934,-46.9138210090934,60.4088871668864));
#2976=CARTESIAN_POINT('Ctrl Pts',(-46.9138210090934,0.,60.4088871668864));
#2977=CARTESIAN_POINT('Ctrl Pts',(-46.9138210090934,46.9138210090934,60.4088871668864));
#2978=CARTESIAN_POINT('Ctrl Pts',(0.,46.9138210090934,60.4088871668864));
#2979=CARTESIAN_POINT('Ctrl Pts',(0.,49.3163080770055,59.3379045429998));
#2980=CARTESIAN_POINT('Ctrl Pts',(49.3163080770055,49.3163080770055,59.3379045429998));
#2981=CARTESIAN_POINT('Ctrl Pts',(49.3163080770055,0.,59.3379045429998));
#2982=CARTESIAN_POINT('Ctrl Pts',(49.3163080770055,-49.3163080770055,59.3379045429998));
#2983=CARTESIAN_POINT('Ctrl Pts',(0.,-49.3163080770055,59.3379045429998));
#2984=CARTESIAN_POINT('Ctrl Pts',(-49.3163080770055,-49.3163080770055,59.3379045429998));
#2985=CARTESIAN_POINT('Ctrl Pts',(-49.3163080770055,0.,59.3379045429998));
#2986=CARTESIAN_POINT('Ctrl Pts',(-49.3163080770055,49.3163080770055,59.3379045429998));
#2987=CARTESIAN_POINT('Ctrl Pts',(0.,49.3163080770055,59.3379045429998));
#2988=CARTESIAN_POINT('Ctrl Pts',(0.,51.6658719530428,58.2905140622949));
#2989=CARTESIAN_POINT('Ctrl Pts',(51.6658719530428,51.6658719530428,58.2905140622949));
#2990=CARTESIAN_POINT('Ctrl Pts',(51.6658719530428,0.,58.2905140622949));
#2991=CARTESIAN_POINT('Ctrl Pts',(51.6658719530428,-51.6658719530428,58.2905140622949));
#2992=CARTESIAN_POINT('Ctrl Pts',(0.,-51.6658719530428,58.2905140622949));
#2993=CARTESIAN_POINT('Ctrl Pts',(-51.6658719530428,-51.6658719530428,58.2905140622949));
#2994=CARTESIAN_POINT('Ctrl Pts',(-51.6658719530428,0.,58.2905140622949));
#2995=CARTESIAN_POINT('Ctrl Pts',(-51.6658719530428,51.6658719530428,58.2905140622949));
#2996=CARTESIAN_POINT('Ctrl Pts',(0.,51.6658719530428,58.2905140622949));
#2997=CARTESIAN_POINT('Ctrl Pts',(0.,53.4548771517319,56.8176194975966));
#2998=CARTESIAN_POINT('Ctrl Pts',(53.4548771517319,53.4548771517319,56.8176194975966));
#2999=CARTESIAN_POINT('Ctrl Pts',(53.4548771517319,0.,56.8176194975966));
#3000=CARTESIAN_POINT('Ctrl Pts',(53.4548771517319,-53.4548771517319,56.8176194975966));
#3001=CARTESIAN_POINT('Ctrl Pts',(0.,-53.4548771517319,56.8176194975966));
#3002=CARTESIAN_POINT('Ctrl Pts',(-53.4548771517319,-53.4548771517319,56.8176194975966));
#3003=CARTESIAN_POINT('Ctrl Pts',(-53.4548771517319,0.,56.8176194975966));
#3004=CARTESIAN_POINT('Ctrl Pts',(-53.4548771517319,53.4548771517319,56.8176194975966));
#3005=CARTESIAN_POINT('Ctrl Pts',(0.,53.4548771517319,56.8176194975966));
#3006=CARTESIAN_POINT('Ctrl Pts',(0.,55.0317708299608,54.5853444401021));
#3007=CARTESIAN_POINT('Ctrl Pts',(55.0317708299607,55.0317708299607,54.5853444401021));
#3008=CARTESIAN_POINT('Ctrl Pts',(55.0317708299608,0.,54.5853444401021));
#3009=CARTESIAN_POINT('Ctrl Pts',(55.0317708299607,-55.0317708299607,54.5853444401021));
#3010=CARTESIAN_POINT('Ctrl Pts',(0.,-55.0317708299608,54.5853444401021));
#3011=CARTESIAN_POINT('Ctrl Pts',(-55.0317708299607,-55.0317708299607,54.5853444401021));
#3012=CARTESIAN_POINT('Ctrl Pts',(-55.0317708299608,0.,54.5853444401021));
#3013=CARTESIAN_POINT('Ctrl Pts',(-55.0317708299607,55.0317708299607,54.5853444401021));
#3014=CARTESIAN_POINT('Ctrl Pts',(0.,55.0317708299608,54.5853444401021));
#3015=CARTESIAN_POINT('Ctrl Pts',(0.,57.6813427040019,50.834569553298));
#3016=CARTESIAN_POINT('Ctrl Pts',(57.6813427040019,57.6813427040019,50.834569553298));
#3017=CARTESIAN_POINT('Ctrl Pts',(57.6813427040019,0.,50.834569553298));
#3018=CARTESIAN_POINT('Ctrl Pts',(57.6813427040019,-57.6813427040019,50.834569553298));
#3019=CARTESIAN_POINT('Ctrl Pts',(0.,-57.6813427040019,50.834569553298));
#3020=CARTESIAN_POINT('Ctrl Pts',(-57.6813427040019,-57.6813427040019,50.834569553298));
#3021=CARTESIAN_POINT('Ctrl Pts',(-57.6813427040019,0.,50.834569553298));
#3022=CARTESIAN_POINT('Ctrl Pts',(-57.6813427040019,57.6813427040019,50.834569553298));
#3023=CARTESIAN_POINT('Ctrl Pts',(0.,57.6813427040019,50.834569553298));
#3024=CARTESIAN_POINT('Ctrl Pts',(0.,59.6488782645734,44.8163801205575));
#3025=CARTESIAN_POINT('Ctrl Pts',(59.6488782645734,59.6488782645734,44.8163801205575));
#3026=CARTESIAN_POINT('Ctrl Pts',(59.6488782645734,0.,44.8163801205575));
#3027=CARTESIAN_POINT('Ctrl Pts',(59.6488782645734,-59.6488782645734,44.8163801205575));
#3028=CARTESIAN_POINT('Ctrl Pts',(0.,-59.6488782645734,44.8163801205575));
#3029=CARTESIAN_POINT('Ctrl Pts',(-59.6488782645734,-59.6488782645734,44.8163801205575));
#3030=CARTESIAN_POINT('Ctrl Pts',(-59.6488782645734,0.,44.8163801205575));
#3031=CARTESIAN_POINT('Ctrl Pts',(-59.6488782645734,59.6488782645734,44.8163801205575));
#3032=CARTESIAN_POINT('Ctrl Pts',(0.,59.6488782645734,44.8163801205575));
#3033=CARTESIAN_POINT('Ctrl Pts',(0.,60.9582162067592,34.890387185119));
#3034=CARTESIAN_POINT('Ctrl Pts',(60.9582162067592,60.9582162067592,34.890387185119));
#3035=CARTESIAN_POINT('Ctrl Pts',(60.9582162067592,0.,34.890387185119));
#3036=CARTESIAN_POINT('Ctrl Pts',(60.9582162067592,-60.9582162067592,34.890387185119));
#3037=CARTESIAN_POINT('Ctrl Pts',(0.,-60.9582162067592,34.890387185119));
#3038=CARTESIAN_POINT('Ctrl Pts',(-60.9582162067592,-60.9582162067592,34.890387185119));
#3039=CARTESIAN_POINT('Ctrl Pts',(-60.9582162067592,0.,34.890387185119));
#3040=CARTESIAN_POINT('Ctrl Pts',(-60.9582162067592,60.9582162067592,34.890387185119));
#3041=CARTESIAN_POINT('Ctrl Pts',(0.,60.9582162067592,34.890387185119));
#3042=CARTESIAN_POINT('Ctrl Pts',(0.,61.9124217712084,27.6566262235544));
#3043=CARTESIAN_POINT('Ctrl Pts',(61.9124217712084,61.9124217712084,27.6566262235544));
#3044=CARTESIAN_POINT('Ctrl Pts',(61.9124217712084,0.,27.6566262235544));
#3045=CARTESIAN_POINT('Ctrl Pts',(61.9124217712084,-61.9124217712084,27.6566262235544));
#3046=CARTESIAN_POINT('Ctrl Pts',(0.,-61.9124217712084,27.6566262235544));
#3047=CARTESIAN_POINT('Ctrl Pts',(-61.9124217712084,-61.9124217712084,27.6566262235544));
#3048=CARTESIAN_POINT('Ctrl Pts',(-61.9124217712084,0.,27.6566262235544));
#3049=CARTESIAN_POINT('Ctrl Pts',(-61.9124217712084,61.9124217712084,27.6566262235544));
#3050=CARTESIAN_POINT('Ctrl Pts',(0.,61.9124217712084,27.6566262235544));
#3051=CARTESIAN_POINT('Ctrl Pts',(0.,62.5274333958876,18.3210525274739));
#3052=CARTESIAN_POINT('Ctrl Pts',(62.5274333958875,62.5274333958875,18.3210525274739));
#3053=CARTESIAN_POINT('Ctrl Pts',(62.5274333958876,0.,18.3210525274739));
#3054=CARTESIAN_POINT('Ctrl Pts',(62.5274333958875,-62.5274333958875,18.3210525274739));
#3055=CARTESIAN_POINT('Ctrl Pts',(0.,-62.5274333958876,18.3210525274739));
#3056=CARTESIAN_POINT('Ctrl Pts',(-62.5274333958875,-62.5274333958875,18.3210525274739));
#3057=CARTESIAN_POINT('Ctrl Pts',(-62.5274333958876,0.,18.3210525274739));
#3058=CARTESIAN_POINT('Ctrl Pts',(-62.5274333958875,62.5274333958875,18.3210525274739));
#3059=CARTESIAN_POINT('Ctrl Pts',(0.,62.5274333958876,18.3210525274739));
#3060=CARTESIAN_POINT('Ctrl Pts',(0.,62.8203569984197,6.24597071445725));
#3061=CARTESIAN_POINT('Ctrl Pts',(62.8203569984197,62.8203569984197,6.24597071445725));
#3062=CARTESIAN_POINT('Ctrl Pts',(62.8203569984197,0.,6.24597071445725));
#3063=CARTESIAN_POINT('Ctrl Pts',(62.8203569984197,-62.8203569984197,6.24597071445724));
#3064=CARTESIAN_POINT('Ctrl Pts',(0.,-62.8203569984197,6.24597071445724));
#3065=CARTESIAN_POINT('Ctrl Pts',(-62.8203569984197,-62.8203569984197,6.24597071445724));
#3066=CARTESIAN_POINT('Ctrl Pts',(-62.8203569984197,0.,6.24597071445725));
#3067=CARTESIAN_POINT('Ctrl Pts',(-62.8203569984197,62.8203569984197,6.24597071445725));
#3068=CARTESIAN_POINT('Ctrl Pts',(0.,62.8203569984197,6.24597071445725));
#3069=CARTESIAN_POINT('Ctrl Pts',(0.,62.9126307102055,2.44220546859707));
#3070=CARTESIAN_POINT('Ctrl Pts',(62.9126307102054,62.9126307102054,2.44220546859707));
#3071=CARTESIAN_POINT('Ctrl Pts',(62.9126307102055,0.,2.44220546859706));
#3072=CARTESIAN_POINT('Ctrl Pts',(62.9126307102054,-62.9126307102054,2.44220546859706));
#3073=CARTESIAN_POINT('Ctrl Pts',(0.,-62.9126307102055,2.44220546859706));
#3074=CARTESIAN_POINT('Ctrl Pts',(-62.9126307102054,-62.9126307102054,2.44220546859706));
#3075=CARTESIAN_POINT('Ctrl Pts',(-62.9126307102055,0.,2.44220546859706));
#3076=CARTESIAN_POINT('Ctrl Pts',(-62.9126307102054,62.9126307102054,2.44220546859707));
#3077=CARTESIAN_POINT('Ctrl Pts',(0.,62.9126307102055,2.44220546859707));
#3078=CARTESIAN_POINT('Ctrl Pts',(0.,62.9725771513235,-1.63082415661071));
#3079=CARTESIAN_POINT('Ctrl Pts',(62.9725771513235,62.9725771513235,-1.63082415661071));
#3080=CARTESIAN_POINT('Ctrl Pts',(62.9725771513235,0.,-1.63082415661071));
#3081=CARTESIAN_POINT('Ctrl Pts',(62.9725771513235,-62.9725771513235,-1.63082415661071));
#3082=CARTESIAN_POINT('Ctrl Pts',(0.,-62.9725771513235,-1.63082415661071));
#3083=CARTESIAN_POINT('Ctrl Pts',(-62.9725771513235,-62.9725771513235,-1.63082415661071));
#3084=CARTESIAN_POINT('Ctrl Pts',(-62.9725771513235,0.,-1.63082415661071));
#3085=CARTESIAN_POINT('Ctrl Pts',(-62.9725771513235,62.9725771513235,-1.63082415661071));
#3086=CARTESIAN_POINT('Ctrl Pts',(0.,62.9725771513235,-1.63082415661071));
#3087=CARTESIAN_POINT('Ctrl Pts',(0.,63.0000599228997,-5.97896137672466));
#3088=CARTESIAN_POINT('Ctrl Pts',(63.0000599228997,63.0000599228997,-5.97896137672466));
#3089=CARTESIAN_POINT('Ctrl Pts',(63.0000599228997,0.,-5.97896137672467));
#3090=CARTESIAN_POINT('Ctrl Pts',(63.0000599228997,-63.0000599228997,-5.97896137672467));
#3091=CARTESIAN_POINT('Ctrl Pts',(0.,-63.0000599228997,-5.97896137672467));
#3092=CARTESIAN_POINT('Ctrl Pts',(-63.0000599228997,-63.0000599228997,-5.97896137672467));
#3093=CARTESIAN_POINT('Ctrl Pts',(-63.0000599228997,0.,-5.97896137672467));
#3094=CARTESIAN_POINT('Ctrl Pts',(-63.0000599228997,63.0000599228997,-5.97896137672466));
#3095=CARTESIAN_POINT('Ctrl Pts',(0.,63.0000599228997,-5.97896137672466));
#3096=CARTESIAN_POINT('',(-28.9539620170915,30.,60.96));
#3097=CARTESIAN_POINT('',(-34.5,23.4111494055116,60.96));
#3098=CARTESIAN_POINT('Ctrl Pts',(-28.9539620170915,30.,60.96));
#3099=CARTESIAN_POINT('Ctrl Pts',(-31.0273540554175,27.9989028558589,60.96));
#3100=CARTESIAN_POINT('Ctrl Pts',(-32.8854759237062,25.7904038225979,60.96));
#3101=CARTESIAN_POINT('Ctrl Pts',(-34.4999999999999,23.4111494055115,60.96));
#3102=CARTESIAN_POINT('',(-34.5,30.,60.4709777464652));
#3103=CARTESIAN_POINT('Ctrl Pts',(-34.5,30.,60.4709777464653));
#3104=CARTESIAN_POINT('Ctrl Pts',(-32.6927988795044,30.,60.7530914497553));
#3105=CARTESIAN_POINT('Ctrl Pts',(-30.806910475112,30.,60.8975209549949));
#3106=CARTESIAN_POINT('Ctrl Pts',(-28.9539620170915,30.,60.96));
#3107=CARTESIAN_POINT('Ctrl Pts',(-34.5,23.4111494055116,60.96));
#3108=CARTESIAN_POINT('Ctrl Pts',(-34.5,25.7099169186108,60.8973269499255));
#3109=CARTESIAN_POINT('Ctrl Pts',(-34.5,27.9210336608571,60.7531844410915));
#3110=CARTESIAN_POINT('Ctrl Pts',(-34.5,30.,60.4709777464652));
#3111=CARTESIAN_POINT('Origin',(34.5,4.00000005960464,0.));
#3112=CARTESIAN_POINT('',(34.5,4.00000005960464,60.96));
#3113=CARTESIAN_POINT('',(34.5,4.00000005960464,60.96));
#3114=CARTESIAN_POINT('',(34.5,4.00000005960464,0.));
#3115=CARTESIAN_POINT('',(34.5,4.00000005960464,0.));
#3116=CARTESIAN_POINT('',(34.5,30.,0.));
#3117=CARTESIAN_POINT('',(34.5,-30.,0.));
#3118=CARTESIAN_POINT('',(34.5,30.,0.));
#3119=CARTESIAN_POINT('Origin',(34.5,30.,0.));
#3120=CARTESIAN_POINT('',(34.5,30.,60.96));
#3121=CARTESIAN_POINT('',(27.7,30.,0.));
#3122=CARTESIAN_POINT('',(27.5,30.,0.));
#3123=CARTESIAN_POINT('',(27.7,30.,0.));
#3124=CARTESIAN_POINT('',(-27.7,30.,0.));
#3125=CARTESIAN_POINT('',(-27.7,30.,0.));
#3126=CARTESIAN_POINT('',(-34.5,30.,0.));
#3127=CARTESIAN_POINT('',(-27.5,30.,0.));
#3128=CARTESIAN_POINT('',(-34.5,30.,0.));
#3129=CARTESIAN_POINT('Origin',(27.5,-30.,0.));
#3130=CARTESIAN_POINT('',(-34.5,-30.,60.96));
#3131=CARTESIAN_POINT('',(-34.5,-30.,0.));
#3132=CARTESIAN_POINT('',(-34.5,-30.,0.));
#3133=CARTESIAN_POINT('',(-27.7,-30.,0.));
#3134=CARTESIAN_POINT('',(-27.5,-30.,0.));
#3135=CARTESIAN_POINT('',(-27.7,-30.,54.96));
#3136=CARTESIAN_POINT('',(-27.7,-30.,0.));
#3137=CARTESIAN_POINT('',(27.7,-30.,54.96));
#3138=CARTESIAN_POINT('',(13.7500000149012,-30.,54.96));
#3139=CARTESIAN_POINT('',(27.7,-30.,0.));
#3140=CARTESIAN_POINT('',(27.7,-30.,0.));
#3141=CARTESIAN_POINT('',(34.5,-30.,0.));
#3142=CARTESIAN_POINT('',(27.5,-30.,0.));
#3143=CARTESIAN_POINT('',(34.5,-30.,0.));
#3144=CARTESIAN_POINT('Origin',(-34.5,-4.00000005960464,0.));
#3145=CARTESIAN_POINT('',(-34.5,-4.00000005960464,60.96));
#3146=CARTESIAN_POINT('',(-34.5,-4.00000005960464,60.96));
#3147=CARTESIAN_POINT('',(-34.5,-4.00000005960464,57.96));
#3148=CARTESIAN_POINT('',(-34.5,-4.00000005960464,57.96));
#3149=CARTESIAN_POINT('',(-34.5,-4.00000005960465,0.));
#3150=CARTESIAN_POINT('',(-34.5,-4.00000005960465,0.));
#3151=CARTESIAN_POINT('',(-34.5,-30.,0.));
#3152=CARTESIAN_POINT('Origin',(32.,-24.,0.));
#3153=CARTESIAN_POINT('',(32.,-27.2,0.));
#3154=CARTESIAN_POINT('',(32.,-23.8,0.));
#3155=CARTESIAN_POINT('',(32.,-12.,0.));
#3156=CARTESIAN_POINT('',(32.,-27.2,54.96));
#3157=CARTESIAN_POINT('',(32.,-27.2,0.));
#3158=CARTESIAN_POINT('',(32.,-23.8,54.96));
#3159=CARTESIAN_POINT('',(32.,-12.,54.96));
#3160=CARTESIAN_POINT('',(32.,-23.8,0.));
#3161=CARTESIAN_POINT('Origin',(32.,27.,0.));
#3162=CARTESIAN_POINT('',(32.,23.8,0.));
#3163=CARTESIAN_POINT('',(32.,27.2,0.));
#3164=CARTESIAN_POINT('',(32.,13.5,0.));
#3165=CARTESIAN_POINT('',(32.,23.8,0.));
#3166=CARTESIAN_POINT('',(32.,27.2,0.));
#3167=CARTESIAN_POINT('Origin',(-32.,-27.,0.));
#3168=CARTESIAN_POINT('',(-32.,-23.8,0.));
#3169=CARTESIAN_POINT('',(-32.,-27.2,0.));
#3170=CARTESIAN_POINT('',(-32.,-13.5,0.));
#3171=CARTESIAN_POINT('',(-32.,-23.8,54.96));
#3172=CARTESIAN_POINT('',(-32.,-23.8,0.));
#3173=CARTESIAN_POINT('',(-32.,-27.2,54.96));
#3174=CARTESIAN_POINT('',(-32.,-13.5,54.96));
#3175=CARTESIAN_POINT('',(-32.,-27.2,0.));
#3176=CARTESIAN_POINT('Origin',(-32.,24.,0.));
#3177=CARTESIAN_POINT('',(-32.,27.2,0.));
#3178=CARTESIAN_POINT('',(-32.,23.8,0.));
#3179=CARTESIAN_POINT('',(-32.,12.,0.));
#3180=CARTESIAN_POINT('',(-32.,27.2,0.));
#3181=CARTESIAN_POINT('',(-32.,23.8,0.));
#3182=CARTESIAN_POINT('Origin',(-29.,-5.50000000000005,57.46));
#3183=CARTESIAN_POINT('',(-31.5,6.49999999999984,59.96));
#3184=CARTESIAN_POINT('',(-26.5,6.49999999999992,54.96));
#3185=CARTESIAN_POINT('',(-26.625,6.49999999999992,55.0850000000001));
#3186=CARTESIAN_POINT('',(-26.5,13.5,54.96));
#3187=CARTESIAN_POINT('',(-26.5,-5.50000000000005,54.96));
#3188=CARTESIAN_POINT('',(-31.5,13.4999999999999,59.96));
#3189=CARTESIAN_POINT('',(-29.,13.4999999999999,57.46));
#3190=CARTESIAN_POINT('',(-31.5,-5.50000000000005,59.96));
#3191=CARTESIAN_POINT('Origin',(-25.,9.99999999999991,54.96));
#3192=CARTESIAN_POINT('',(-22.,6.49999999999999,54.96));
#3193=CARTESIAN_POINT('',(-22.,6.49999999999999,54.96));
#3194=CARTESIAN_POINT('',(-22.,13.5,54.96));
#3195=CARTESIAN_POINT('Origin',(-22.,10.,54.96));
#3196=CARTESIAN_POINT('',(-22.,13.5,54.96));
#3197=CARTESIAN_POINT('',(-23.75,10.,54.96));
#3198=CARTESIAN_POINT('Origin',(-22.,10.,54.96));
#3199=CARTESIAN_POINT('Origin',(-29.,-15.5,57.46));
#3200=CARTESIAN_POINT('',(-31.5,-13.4999999999999,59.96));
#3201=CARTESIAN_POINT('',(-26.5,-13.5,54.96));
#3202=CARTESIAN_POINT('',(-26.625,-13.5,55.085));
#3203=CARTESIAN_POINT('',(-26.5,-6.49999999999993,54.96));
#3204=CARTESIAN_POINT('',(-26.5,-15.5,54.96));
#3205=CARTESIAN_POINT('',(-31.5,-6.49999999999984,59.96));
#3206=CARTESIAN_POINT('',(-29.,-6.49999999999988,57.46));
#3207=CARTESIAN_POINT('',(-31.5,-15.5,59.96));
#3208=CARTESIAN_POINT('Origin',(-25.,-9.99999999999993,54.96));
#3209=CARTESIAN_POINT('',(-22.,-13.5,54.96));
#3210=CARTESIAN_POINT('',(-22.,-13.5,54.96));
#3211=CARTESIAN_POINT('',(-22.,-6.5,54.96));
#3212=CARTESIAN_POINT('Origin',(-22.,-10.,54.96));
#3213=CARTESIAN_POINT('',(-22.,-6.5,54.96));
#3214=CARTESIAN_POINT('',(-23.75,-10.,54.96));
#3215=CARTESIAN_POINT('Origin',(-22.,-10.,54.96));
#3216=CARTESIAN_POINT('Origin',(29.,5.50000000000006,57.46));
#3217=CARTESIAN_POINT('',(31.5,-6.49999999999984,59.96));
#3218=CARTESIAN_POINT('',(26.5,-6.49999999999992,54.96));
#3219=CARTESIAN_POINT('',(26.625,-6.49999999999992,55.0850000000001));
#3220=CARTESIAN_POINT('',(26.5,-13.5,54.96));
#3221=CARTESIAN_POINT('',(26.5,5.50000000000006,54.96));
#3222=CARTESIAN_POINT('',(31.5,-13.4999999999999,59.96));
#3223=CARTESIAN_POINT('',(29.,-13.5,57.46));
#3224=CARTESIAN_POINT('',(31.5,5.50000000000006,59.96));
#3225=CARTESIAN_POINT('Origin',(25.,-9.99999999999992,54.96));
#3226=CARTESIAN_POINT('',(22.,-6.5,54.96));
#3227=CARTESIAN_POINT('',(22.,-6.5,54.96));
#3228=CARTESIAN_POINT('',(22.,-13.5,54.96));
#3229=CARTESIAN_POINT('Origin',(22.,-10.,54.96));
#3230=CARTESIAN_POINT('',(22.,-13.5,54.96));
#3231=CARTESIAN_POINT('',(20.25,-10.,54.96));
#3232=CARTESIAN_POINT('Origin',(22.,-10.,54.96));
#3233=CARTESIAN_POINT('Origin',(29.,15.5,57.46));
#3234=CARTESIAN_POINT('',(31.5,13.4999999999999,59.96));
#3235=CARTESIAN_POINT('',(26.5,13.5,54.96));
#3236=CARTESIAN_POINT('',(26.625,13.5,55.085));
#3237=CARTESIAN_POINT('',(26.5,6.49999999999992,54.96));
#3238=CARTESIAN_POINT('',(26.5,15.5,54.96));
#3239=CARTESIAN_POINT('',(31.5,6.49999999999984,59.96));
#3240=CARTESIAN_POINT('',(29.,6.49999999999988,57.46));
#3241=CARTESIAN_POINT('',(31.5,15.5,59.96));
#3242=CARTESIAN_POINT('Origin',(25.,9.99999999999992,54.96));
#3243=CARTESIAN_POINT('',(22.,13.5,54.96));
#3244=CARTESIAN_POINT('',(22.,13.5,54.96));
#3245=CARTESIAN_POINT('',(22.,6.5,54.96));
#3246=CARTESIAN_POINT('Origin',(22.,10.,54.96));
#3247=CARTESIAN_POINT('',(22.,6.5,54.96));
#3248=CARTESIAN_POINT('',(20.25,10.,54.96));
#3249=CARTESIAN_POINT('Origin',(22.,10.,54.96));
#3250=CARTESIAN_POINT('Origin',(29.,15.5,50.96));
#3251=CARTESIAN_POINT('',(31.5,6.49999999999984,48.46));
#3252=CARTESIAN_POINT('',(26.5,6.49999999999992,53.46));
#3253=CARTESIAN_POINT('',(28.625,6.49999999999989,51.335));
#3254=CARTESIAN_POINT('',(26.5,13.5,53.46));
#3255=CARTESIAN_POINT('',(26.5,15.5,53.46));
#3256=CARTESIAN_POINT('',(31.5,13.4999999999999,48.46));
#3257=CARTESIAN_POINT('',(26.25,13.5,53.71));
#3258=CARTESIAN_POINT('',(31.5,15.5,48.46));
#3259=CARTESIAN_POINT('Origin',(25.,9.99999999999992,53.46));
#3260=CARTESIAN_POINT('',(22.,6.5,53.46));
#3261=CARTESIAN_POINT('',(22.,6.5,53.46));
#3262=CARTESIAN_POINT('',(22.,13.5,53.46));
#3263=CARTESIAN_POINT('Origin',(22.,10.,53.46));
#3264=CARTESIAN_POINT('',(22.,13.5,53.46));
#3265=CARTESIAN_POINT('',(20.25,10.,53.46));
#3266=CARTESIAN_POINT('Origin',(22.,10.,53.46));
#3267=CARTESIAN_POINT('Origin',(29.,5.50000000000006,50.96));
#3268=CARTESIAN_POINT('',(31.5,-13.4999999999999,48.46));
#3269=CARTESIAN_POINT('',(26.5,-13.5,53.46));
#3270=CARTESIAN_POINT('',(28.625,-13.5,51.335));
#3271=CARTESIAN_POINT('',(26.5,-6.49999999999992,53.46));
#3272=CARTESIAN_POINT('',(26.5,5.50000000000006,53.46));
#3273=CARTESIAN_POINT('',(31.5,-6.49999999999984,48.46));
#3274=CARTESIAN_POINT('',(26.25,-6.49999999999993,53.71));
#3275=CARTESIAN_POINT('',(31.5,5.50000000000006,48.46));
#3276=CARTESIAN_POINT('Origin',(25.,-9.99999999999992,53.46));
#3277=CARTESIAN_POINT('',(22.,-13.5,53.46));
#3278=CARTESIAN_POINT('',(22.,-13.5,53.46));
#3279=CARTESIAN_POINT('',(22.,-6.5,53.46));
#3280=CARTESIAN_POINT('Origin',(22.,-10.,53.46));
#3281=CARTESIAN_POINT('',(22.,-6.5,53.46));
#3282=CARTESIAN_POINT('',(20.25,-10.,53.46));
#3283=CARTESIAN_POINT('Origin',(22.,-10.,53.46));
#3284=CARTESIAN_POINT('Origin',(-29.,-5.50000000000005,50.96));
#3285=CARTESIAN_POINT('',(-31.5,13.4999999999999,48.46));
#3286=CARTESIAN_POINT('',(-26.5,13.5,53.46));
#3287=CARTESIAN_POINT('',(-28.625,13.4999999999999,51.335));
#3288=CARTESIAN_POINT('',(-26.5,6.49999999999992,53.46));
#3289=CARTESIAN_POINT('',(-26.5,-5.50000000000005,53.46));
#3290=CARTESIAN_POINT('',(-31.5,6.49999999999984,48.46));
#3291=CARTESIAN_POINT('',(-26.25,6.49999999999992,53.7099999999999));
#3292=CARTESIAN_POINT('',(-31.5,-5.50000000000005,48.46));
#3293=CARTESIAN_POINT('Origin',(-25.,9.99999999999991,53.46));
#3294=CARTESIAN_POINT('',(-22.,13.5,53.46));
#3295=CARTESIAN_POINT('',(-22.,13.5,53.46));
#3296=CARTESIAN_POINT('',(-22.,6.49999999999999,53.46));
#3297=CARTESIAN_POINT('Origin',(-22.,10.,53.46));
#3298=CARTESIAN_POINT('',(-22.,6.49999999999999,53.46));
#3299=CARTESIAN_POINT('',(-23.75,10.,53.46));
#3300=CARTESIAN_POINT('Origin',(-22.,10.,53.46));
#3301=CARTESIAN_POINT('Origin',(-29.,-15.5,50.96));
#3302=CARTESIAN_POINT('',(-31.5,-6.49999999999984,48.46));
#3303=CARTESIAN_POINT('',(-26.5,-6.49999999999993,53.46));
#3304=CARTESIAN_POINT('',(-28.625,-6.49999999999989,51.335));
#3305=CARTESIAN_POINT('',(-26.5,-13.5,53.46));
#3306=CARTESIAN_POINT('',(-26.5,-15.5,53.46));
#3307=CARTESIAN_POINT('',(-31.5,-13.4999999999999,48.46));
#3308=CARTESIAN_POINT('',(-26.25,-13.5,53.71));
#3309=CARTESIAN_POINT('',(-31.5,-15.5,48.46));
#3310=CARTESIAN_POINT('Origin',(-25.,-9.99999999999993,53.46));
#3311=CARTESIAN_POINT('',(-22.,-6.5,53.46));
#3312=CARTESIAN_POINT('',(-22.,-6.5,53.46));
#3313=CARTESIAN_POINT('',(-22.,-13.5,53.46));
#3314=CARTESIAN_POINT('Origin',(-22.,-10.,53.46));
#3315=CARTESIAN_POINT('',(-22.,-13.5,53.46));
#3316=CARTESIAN_POINT('',(-23.75,-10.,53.46));
#3317=CARTESIAN_POINT('Origin',(-22.,-10.,53.46));
#3318=CARTESIAN_POINT('Origin',(-36.6,1.5334955527635E-14,2.));
#3319=CARTESIAN_POINT('',(-34.5,1.55921313554559E-14,0.));
#3320=CARTESIAN_POINT('Origin',(-36.6,1.5334955527635E-14,0.));
#3321=CARTESIAN_POINT('',(-34.5,1.55921313554559E-14,4.));
#3322=CARTESIAN_POINT('',(-34.5,1.55921313554559E-14,2.));
#3323=CARTESIAN_POINT('Origin',(-36.6,1.5334955527635E-14,4.));
#3324=CARTESIAN_POINT('Origin',(-36.6,1.5334955527635E-14,4.));
#3325=CARTESIAN_POINT('Origin',(36.6,1.5334955527635E-14,2.));
#3326=CARTESIAN_POINT('',(38.7,1.55921313554559E-14,0.));
#3327=CARTESIAN_POINT('Origin',(36.6,1.5334955527635E-14,0.));
#3328=CARTESIAN_POINT('',(38.7,1.55921313554559E-14,4.));
#3329=CARTESIAN_POINT('',(38.7,1.55921313554559E-14,2.));
#3330=CARTESIAN_POINT('Origin',(36.6,1.5334955527635E-14,4.));
#3331=CARTESIAN_POINT('Origin',(36.6,1.5334955527635E-14,4.));
#3332=CARTESIAN_POINT('Origin',(2.98023294931227E-8,1.33226762955019E-14,
54.96));
#3333=CARTESIAN_POINT('',(27.5,-23.8,54.96));
#3334=CARTESIAN_POINT('',(27.5,-10.5,54.96));
#3335=CARTESIAN_POINT('',(13.7500000149012,-23.8,54.96));
#3336=CARTESIAN_POINT('',(27.7,-27.2,54.96));
#3337=CARTESIAN_POINT('',(31.7,-27.2,54.96));
#3338=CARTESIAN_POINT('',(27.7,-13.5,54.96));
#3339=CARTESIAN_POINT('',(-27.7,-27.2,54.96));
#3340=CARTESIAN_POINT('',(-27.7,-15.,54.96));
#3341=CARTESIAN_POINT('',(-13.7499999850988,-27.2,54.96));
#3342=CARTESIAN_POINT('',(-27.5,-23.8,54.96));
#3343=CARTESIAN_POINT('',(-31.7,-23.8,54.96));
#3344=CARTESIAN_POINT('',(-27.5,-12.,54.96));
#3345=CARTESIAN_POINT('Origin',(22.,10.,54.96));
#3346=CARTESIAN_POINT('',(20.25,10.,54.96));
#3347=CARTESIAN_POINT('Origin',(31.5,6.49999999999984,54.96));
#3348=CARTESIAN_POINT('',(22.,6.5,54.96));
#3349=CARTESIAN_POINT('',(31.5,6.49999999999984,27.48));
#3350=CARTESIAN_POINT('Origin',(22.,13.5,54.96));
#3351=CARTESIAN_POINT('',(31.5,13.4999999999999,27.48));
#3352=CARTESIAN_POINT('',(22.,13.5,54.96));
#3353=CARTESIAN_POINT('Origin',(22.,10.,54.96));
#3354=CARTESIAN_POINT('Origin',(-22.,-10.,54.96));
#3355=CARTESIAN_POINT('',(-23.75,-10.,54.96));
#3356=CARTESIAN_POINT('Origin',(-31.5,-6.49999999999984,54.96));
#3357=CARTESIAN_POINT('',(-22.,-6.5,54.96));
#3358=CARTESIAN_POINT('',(-31.5,-6.49999999999984,27.48));
#3359=CARTESIAN_POINT('Origin',(-22.,-13.5,54.96));
#3360=CARTESIAN_POINT('',(-31.5,-13.4999999999999,27.48));
#3361=CARTESIAN_POINT('',(-22.,-13.5,54.96));
#3362=CARTESIAN_POINT('Origin',(-22.,-10.,54.96));
#3363=CARTESIAN_POINT('Origin',(22.,-10.,54.96));
#3364=CARTESIAN_POINT('',(20.25,-10.,54.96));
#3365=CARTESIAN_POINT('Origin',(22.,-10.,54.96));
#3366=CARTESIAN_POINT('',(22.,-6.5,54.96));
#3367=CARTESIAN_POINT('',(22.,-13.5,54.96));
#3368=CARTESIAN_POINT('Origin',(31.5,-13.4999999999999,54.96));
#3369=CARTESIAN_POINT('',(31.5,-13.4999999999999,27.48));
#3370=CARTESIAN_POINT('Origin',(22.,-6.5,54.96));
#3371=CARTESIAN_POINT('',(31.5,-6.49999999999984,27.48));
#3372=CARTESIAN_POINT('Origin',(-22.,10.,54.96));
#3373=CARTESIAN_POINT('',(-23.75,10.,54.96));
#3374=CARTESIAN_POINT('Origin',(-22.,10.,54.96));
#3375=CARTESIAN_POINT('',(-22.,6.49999999999999,54.96));
#3376=CARTESIAN_POINT('',(-22.,13.5,54.96));
#3377=CARTESIAN_POINT('Origin',(-31.5,13.4999999999999,54.96));
#3378=CARTESIAN_POINT('',(-31.5,13.4999999999999,27.48));
#3379=CARTESIAN_POINT('Origin',(-22.,6.49999999999999,54.96));
#3380=CARTESIAN_POINT('',(-31.5,6.49999999999984,27.48));
#3381=CARTESIAN_POINT('Origin',(-36.6,-3.99999999999999,57.96));
#3382=CARTESIAN_POINT('',(-36.6,-4.00000005960464,57.96));
#3383=CARTESIAN_POINT('',(-36.6,-4.00000005960464,57.96));
#3384=CARTESIAN_POINT('',(-36.6,-3.99999999999999,60.96));
#3385=CARTESIAN_POINT('',(-36.6,-3.99999999999999,60.96));
#3386=CARTESIAN_POINT('',(-36.6,-3.99999999999999,57.96));
#3387=CARTESIAN_POINT('Origin',(-34.5,4.00000005960464,57.96));
#3388=CARTESIAN_POINT('',(-34.5,4.00000005960464,57.96));
#3389=CARTESIAN_POINT('',(-36.6,4.00000005960464,57.96));
#3390=CARTESIAN_POINT('',(-36.6,4.00000005960464,57.96));
#3391=CARTESIAN_POINT('',(-36.6,4.00000000000002,60.96));
#3392=CARTESIAN_POINT('',(-36.6,4.00000000000002,57.96));
#3393=CARTESIAN_POINT('',(-34.5,4.00000005960464,60.96));
#3394=CARTESIAN_POINT('',(-34.5,4.00000005960464,60.96));
#3395=CARTESIAN_POINT('',(-34.5,4.00000005960464,57.96));
#3396=CARTESIAN_POINT('Origin',(2.98023294931227E-8,1.33226762955019E-14,
60.96));
#3397=CARTESIAN_POINT('',(-34.5,30.,60.96));
#3398=CARTESIAN_POINT('Origin',(-36.6,1.5334955527635E-14,60.96));
#3399=CARTESIAN_POINT('',(34.5,-4.00000005960464,60.96));
#3400=CARTESIAN_POINT('',(34.5,-30.,60.96));
#3401=CARTESIAN_POINT('',(36.6,-4.00000005960464,60.96));
#3402=CARTESIAN_POINT('',(34.5,-4.00000005960464,60.96));
#3403=CARTESIAN_POINT('',(36.6,4.00000005960468,60.96));
#3404=CARTESIAN_POINT('Origin',(36.6,1.5334955527635E-14,60.96));
#3405=CARTESIAN_POINT('',(36.6,4.00000005960464,60.96));
#3406=CARTESIAN_POINT('',(-31.5,10.5,60.96));
#3407=CARTESIAN_POINT('',(31.5,-10.5,60.96));
#3408=CARTESIAN_POINT('Origin',(-34.5,4.00000005960464,0.));
#3409=CARTESIAN_POINT('',(-36.6,4.00000005960464,0.));
#3410=CARTESIAN_POINT('',(-34.5,4.00000005960464,0.));
#3411=CARTESIAN_POINT('',(-36.6,4.00000005960464,0.));
#3412=CARTESIAN_POINT('',(-36.6,4.00000005960464,0.));
#3413=CARTESIAN_POINT('',(-34.5,4.00000005960464,0.));
#3414=CARTESIAN_POINT('Origin',(-34.5,30.,0.));
#3415=CARTESIAN_POINT('',(-34.5,-30.,0.));
#3416=CARTESIAN_POINT('Origin',(-27.7,27.,0.));
#3417=CARTESIAN_POINT('',(-27.7,27.2,0.));
#3418=CARTESIAN_POINT('',(-27.7,13.5,0.));
#3419=CARTESIAN_POINT('',(-27.7,27.2,0.));
#3420=CARTESIAN_POINT('Origin',(-31.5,27.2,0.));
#3421=CARTESIAN_POINT('',(-32.875,27.2,0.));
#3422=CARTESIAN_POINT('Origin',(-27.5,23.8,0.));
#3423=CARTESIAN_POINT('',(-27.5,23.8,0.));
#3424=CARTESIAN_POINT('',(-30.775,23.8,0.));
#3425=CARTESIAN_POINT('',(-27.5,23.8,0.));
#3426=CARTESIAN_POINT('Origin',(-27.5,21.,0.));
#3427=CARTESIAN_POINT('',(-27.5,24.,0.));
#3428=CARTESIAN_POINT('Origin',(-31.5,-21.,0.));
#3429=CARTESIAN_POINT('',(-31.5,21.,0.));
#3430=CARTESIAN_POINT('Origin',(-27.5,-24.,0.));
#3431=CARTESIAN_POINT('',(-27.5,-23.8,0.));
#3432=CARTESIAN_POINT('',(-27.5,-24.,0.));
#3433=CARTESIAN_POINT('',(-27.5,-23.8,0.));
#3434=CARTESIAN_POINT('Origin',(-31.5,-23.8,0.));
#3435=CARTESIAN_POINT('',(-32.875,-23.8,0.));
#3436=CARTESIAN_POINT('Origin',(-27.5,-27.2,0.));
#3437=CARTESIAN_POINT('',(-27.7,-27.2,0.));
#3438=CARTESIAN_POINT('',(-30.775,-27.2,0.));
#3439=CARTESIAN_POINT('',(-27.7,-27.2,0.));
#3440=CARTESIAN_POINT('Origin',(-27.7,-30.,0.));
#3441=CARTESIAN_POINT('',(-27.7,-15.,0.));
#3442=CARTESIAN_POINT('Origin',(-36.6,-4.00000005960464,0.));
#3443=CARTESIAN_POINT('',(-36.6,-4.00000005960464,0.));
#3444=CARTESIAN_POINT('',(-36.6,-4.00000005960464,0.));
#3445=CARTESIAN_POINT('',(-36.6,-4.00000005960464,0.));
#3446=CARTESIAN_POINT('Origin',(-36.6,1.5334955527635E-14,0.));
#3447=CARTESIAN_POINT('Origin',(-36.6,1.5334955527635E-14,0.));
#3448=CARTESIAN_POINT('Origin',(-34.05,1.33226762955019E-14,0.));
#3449=CARTESIAN_POINT('Origin',(36.6,1.5334955527635E-14,0.));
#3450=CARTESIAN_POINT('',(36.6,-4.00000005960464,0.));
#3451=CARTESIAN_POINT('',(36.6,4.00000005960464,0.));
#3452=CARTESIAN_POINT('Origin',(36.6,1.5334955527635E-14,0.));
#3453=CARTESIAN_POINT('',(36.6,4.00000005960464,0.));
#3454=CARTESIAN_POINT('',(36.6,-4.00000005960464,0.));
#3455=CARTESIAN_POINT('Origin',(34.5,-4.00000005960465,0.));
#3456=CARTESIAN_POINT('',(34.5,-4.00000005960465,0.));
#3457=CARTESIAN_POINT('',(36.6,-4.00000005960464,0.));
#3458=CARTESIAN_POINT('',(34.5,-4.00000005960465,0.));
#3459=CARTESIAN_POINT('Origin',(34.5,-30.,0.));
#3460=CARTESIAN_POINT('',(34.5,-30.,0.));
#3461=CARTESIAN_POINT('Origin',(27.7,-27.,0.));
#3462=CARTESIAN_POINT('',(27.7,-27.2,0.));
#3463=CARTESIAN_POINT('',(27.7,-13.5,0.));
#3464=CARTESIAN_POINT('',(27.7,-27.2,0.));
#3465=CARTESIAN_POINT('Origin',(31.5,-27.2,0.));
#3466=CARTESIAN_POINT('',(32.875,-27.2,0.));
#3467=CARTESIAN_POINT('Origin',(27.5,-23.8,0.));
#3468=CARTESIAN_POINT('',(27.5,-23.8,0.));
#3469=CARTESIAN_POINT('',(30.775,-23.8,0.));
#3470=CARTESIAN_POINT('',(27.5,-23.8,0.));
#3471=CARTESIAN_POINT('Origin',(27.5,-21.,0.));
#3472=CARTESIAN_POINT('',(27.5,-24.,0.));
#3473=CARTESIAN_POINT('Origin',(31.5,21.,0.));
#3474=CARTESIAN_POINT('',(31.5,21.,0.));
#3475=CARTESIAN_POINT('Origin',(27.5,24.,0.));
#3476=CARTESIAN_POINT('',(27.5,23.8,0.));
#3477=CARTESIAN_POINT('',(27.5,24.,0.));
#3478=CARTESIAN_POINT('',(27.5,23.8,0.));
#3479=CARTESIAN_POINT('Origin',(31.5,23.8,0.));
#3480=CARTESIAN_POINT('',(32.875,23.8,0.));
#3481=CARTESIAN_POINT('Origin',(27.5,27.2,0.));
#3482=CARTESIAN_POINT('',(27.7,27.2,0.));
#3483=CARTESIAN_POINT('',(30.775,27.2,0.));
#3484=CARTESIAN_POINT('',(27.7,27.2,0.));
#3485=CARTESIAN_POINT('Origin',(27.7,30.,0.));
#3486=CARTESIAN_POINT('',(27.7,15.,0.));
#3487=CARTESIAN_POINT('Origin',(36.6,4.00000005960464,0.));
#3488=CARTESIAN_POINT('',(36.6,4.00000005960464,0.));
#3489=CARTESIAN_POINT('Origin',(34.05,1.33226762955019E-14,0.));
#3490=UNCERTAINTY_MEASURE_WITH_UNIT(LENGTH_MEASURE(0.01),#3494,
'DISTANCE_ACCURACY_VALUE',
'Maximum model space distance between geometric entities at asserted c
onnectivities');
#3491=UNCERTAINTY_MEASURE_WITH_UNIT(LENGTH_MEASURE(0.01),#3494,
'DISTANCE_ACCURACY_VALUE',
'Maximum model space distance between geometric entities at asserted c
onnectivities');
#3492=(
GEOMETRIC_REPRESENTATION_CONTEXT(3)
GLOBAL_UNCERTAINTY_ASSIGNED_CONTEXT((#3490))
GLOBAL_UNIT_ASSIGNED_CONTEXT((#3494,#3496,#3497))
REPRESENTATION_CONTEXT('','3D')
);
#3493=(
GEOMETRIC_REPRESENTATION_CONTEXT(3)
GLOBAL_UNCERTAINTY_ASSIGNED_CONTEXT((#3491))
GLOBAL_UNIT_ASSIGNED_CONTEXT((#3494,#3496,#3497))
REPRESENTATION_CONTEXT('','3D')
);
#3494=(
LENGTH_UNIT()
NAMED_UNIT(*)
SI_UNIT(.MILLI.,.METRE.)
);
#3495=(
LENGTH_UNIT()
NAMED_UNIT(*)
SI_UNIT($,.METRE.)
);
#3496=(
NAMED_UNIT(*)
PLANE_ANGLE_UNIT()
SI_UNIT($,.RADIAN.)
);
#3497=(
NAMED_UNIT(*)
SI_UNIT($,.STERADIAN.)
SOLID_ANGLE_UNIT()
);
#3498=SHAPE_DEFINITION_REPRESENTATION(#3499,#3500);
#3499=PRODUCT_DEFINITION_SHAPE('',$,#3502);
#3500=SHAPE_REPRESENTATION('',(#1810),#3492);
#3501=PRODUCT_DEFINITION_CONTEXT('part definition',#3506,'design');
#3502=PRODUCT_DEFINITION('MountV2.1','MountV2.1 v30',#3503,#3501);
#3503=PRODUCT_DEFINITION_FORMATION('',$,#3508);
#3504=PRODUCT_RELATED_PRODUCT_CATEGORY('MountV2.1 v30','MountV2.1 v30',
(#3508));
#3505=APPLICATION_PROTOCOL_DEFINITION('international standard',
'automotive_design',2009,#3506);
#3506=APPLICATION_CONTEXT(
'Core Data for Automotive Mechanical Design Process');
#3507=PRODUCT_CONTEXT('part definition',#3506,'mechanical');
#3508=PRODUCT('MountV2.1','MountV2.1 v30',$,(#3507));
#3509=PRESENTATION_STYLE_ASSIGNMENT((#3510));
#3510=SURFACE_STYLE_USAGE(.BOTH.,#3511);
#3511=SURFACE_SIDE_STYLE('',(#3512));
#3512=SURFACE_STYLE_FILL_AREA(#3513);
#3513=FILL_AREA_STYLE('Steel - Satin',(#3514));
#3514=FILL_AREA_STYLE_COLOUR('Steel - Satin',#3515);
#3515=COLOUR_RGB('Steel - Satin',0.627450980392157,0.627450980392157,0.627450980392157);
ENDSEC;
END-ISO-10303-21;
