ISO-10303-21;
HEADER;
/* Generated by software containing ST-Developer
 * from STEP Tools, Inc. (www.steptools.com) 
 */

FILE_DESCRIPTION(
/* description */ (''),
/* implementation_level */ '2;1');

FILE_NAME(
/* name */ 'Threaded Rod_v4.step',
/* time_stamp */ '2026-08-21T09:22:09-04:00',
/* author */ (''),
/* organization */ (''),
/* preprocessor_version */ 'ST-DEVELOPER v20.1',
/* originating_system */ 'Autodesk Translation Framework v15.8.0.0',
/* authorisation */ '');

FILE_SCHEMA (('AUTOMOTIVE_DESIGN { 1 0 10303 214 3 1 1 }'));
ENDSEC;

DATA;
#10=MECHANICAL_DESIGN_GEOMETRIC_PRESENTATION_REPRESENTATION('',(#13),#4608);
#11=SHAPE_REPRESENTATION_RELATIONSHIP('SRR','None',#4615,#12);
#12=ADVANCED_BREP_SHAPE_REPRESENTATION('',(#14),#4607);
#13=STYLED_ITEM('',(#4625),#14);
#14=MANIFOLD_SOLID_BREP('Body15',#166);
#15=B_SPLINE_SURFACE_WITH_KNOTS('',3,3,((#413,#414,#415,#416,#417,#418,
#419,#420,#421,#422,#423,#424,#425,#426,#427,#428,#429,#430,#431,#432,#433,
#434,#435,#436,#437,#438,#439,#440,#441,#442,#443,#444,#445,#446,#447,#448,
#449,#450,#451,#452,#453,#454,#455,#456,#457,#458,#459,#460,#461,#462,#463,
#464,#465,#466,#467,#468,#469,#470,#471,#472,#473,#474,#475,#476,#477,#478,
#479,#480,#481,#482,#483,#484,#485,#486,#487,#488,#489,#490,#491,#492,#493,
#494,#495,#496,#497,#498,#499,#500,#501,#502,#503,#504,#505,#506,#507,#508,
#509,#510,#511,#512,#513,#514,#515,#516,#517,#518,#519,#520,#521,#522,#523,
#524,#525,#526,#527,#528,#529,#530,#531,#532,#533,#534,#535,#536,#537,#538,
#539,#540,#541,#542,#543,#544,#545,#546,#547,#548,#549,#550,#551,#552,#553,
#554,#555,#556,#557,#558,#559,#560,#561,#562,#563,#564,#565,#566,#567,#568,
#569,#570,#571,#572,#573,#574,#575,#576,#577,#578,#579,#580,#581,#582,#583,
#584,#585,#586,#587,#588,#589,#590,#591,#592,#593,#594,#595,#596,#597,#598,
#599,#600,#601,#602,#603,#604,#605,#606,#607,#608,#609,#610,#611,#612,#613,
#614,#615,#616,#617,#618,#619,#620,#621,#622,#623,#624,#625,#626,#627,#628,
#629,#630,#631,#632,#633,#634,#635,#636,#637,#638,#639,#640,#641,#642,#643,
#644,#645,#646,#647,#648,#649,#650,#651,#652,#653,#654,#655,#656,#657,#658,
#659,#660,#661,#662,#663),(#664,#665,#666,#667,#668,#669,#670,#671,#672,
#673,#674,#675,#676,#677,#678,#679,#680,#681,#682,#683,#684,#685,#686,#687,
#688,#689,#690,#691,#692,#693,#694,#695,#696,#697,#698,#699,#700,#701,#702,
#703,#704,#705,#706,#707,#708,#709,#710,#711,#712,#713,#714,#715,#716,#717,
#718,#719,#720,#721,#722,#723,#724,#725,#726,#727,#728,#729,#730,#731,#732,
#733,#734,#735,#736,#737,#738,#739,#740,#741,#742,#743,#744,#745,#746,#747,
#748,#749,#750,#751,#752,#753,#754,#755,#756,#757,#758,#759,#760,#761,#762,
#763,#764,#765,#766,#767,#768,#769,#770,#771,#772,#773,#774,#775,#776,#777,
#778,#779,#780,#781,#782,#783,#784,#785,#786,#787,#788,#789,#790,#791,#792,
#793,#794,#795,#796,#797,#798,#799,#800,#801,#802,#803,#804,#805,#806,#807,
#808,#809,#810,#811,#812,#813,#814,#815,#816,#817,#818,#819,#820,#821,#822,
#823,#824,#825,#826,#827,#828,#829,#830,#831,#832,#833,#834,#835,#836,#837,
#838,#839,#840,#841,#842,#843,#844,#845,#846,#847,#848,#849,#850,#851,#852,
#853,#854,#855,#856,#857,#858,#859,#860,#861,#862,#863,#864,#865,#866,#867,
#868,#869,#870,#871,#872,#873,#874,#875,#876,#877,#878,#879,#880,#881,#882,
#883,#884,#885,#886,#887,#888,#889,#890,#891,#892,#893,#894,#895,#896,#897,
#898,#899,#900,#901,#902,#903,#904,#905,#906,#907,#908,#909,#910,#911,#912,
#913,#914),(#915,#916,#917,#918,#919,#920,#921,#922,#923,#924,#925,#926,
#927,#928,#929,#930,#931,#932,#933,#934,#935,#936,#937,#938,#939,#940,#941,
#942,#943,#944,#945,#946,#947,#948,#949,#950,#951,#952,#953,#954,#955,#956,
#957,#958,#959,#960,#961,#962,#963,#964,#965,#966,#967,#968,#969,#970,#971,
#972,#973,#974,#975,#976,#977,#978,#979,#980,#981,#982,#983,#984,#985,#986,
#987,#988,#989,#990,#991,#992,#993,#994,#995,#996,#997,#998,#999,#1000,
#1001,#1002,#1003,#1004,#1005,#1006,#1007,#1008,#1009,#1010,#1011,#1012,
#1013,#1014,#1015,#1016,#1017,#1018,#1019,#1020,#1021,#1022,#1023,#1024,
#1025,#1026,#1027,#1028,#1029,#1030,#1031,#1032,#1033,#1034,#1035,#1036,
#1037,#1038,#1039,#1040,#1041,#1042,#1043,#1044,#1045,#1046,#1047,#1048,
#1049,#1050,#1051,#1052,#1053,#1054,#1055,#1056,#1057,#1058,#1059,#1060,
#1061,#1062,#1063,#1064,#1065,#1066,#1067,#1068,#1069,#1070,#1071,#1072,
#1073,#1074,#1075,#1076,#1077,#1078,#1079,#1080,#1081,#1082,#1083,#1084,
#1085,#1086,#1087,#1088,#1089,#1090,#1091,#1092,#1093,#1094,#1095,#1096,
#1097,#1098,#1099,#1100,#1101,#1102,#1103,#1104,#1105,#1106,#1107,#1108,
#1109,#1110,#1111,#1112,#1113,#1114,#1115,#1116,#1117,#1118,#1119,#1120,
#1121,#1122,#1123,#1124,#1125,#1126,#1127,#1128,#1129,#1130,#1131,#1132,
#1133,#1134,#1135,#1136,#1137,#1138,#1139,#1140,#1141,#1142,#1143,#1144,
#1145,#1146,#1147,#1148,#1149,#1150,#1151,#1152,#1153,#1154,#1155,#1156,
#1157,#1158,#1159,#1160,#1161,#1162,#1163,#1164,#1165),(#1166,#1167,#1168,
#1169,#1170,#1171,#1172,#1173,#1174,#1175,#1176,#1177,#1178,#1179,#1180,
#1181,#1182,#1183,#1184,#1185,#1186,#1187,#1188,#1189,#1190,#1191,#1192,
#1193,#1194,#1195,#1196,#1197,#1198,#1199,#1200,#1201,#1202,#1203,#1204,
#1205,#1206,#1207,#1208,#1209,#1210,#1211,#1212,#1213,#1214,#1215,#1216,
#1217,#1218,#1219,#1220,#1221,#1222,#1223,#1224,#1225,#1226,#1227,#1228,
#1229,#1230,#1231,#1232,#1233,#1234,#1235,#1236,#1237,#1238,#1239,#1240,
#1241,#1242,#1243,#1244,#1245,#1246,#1247,#1248,#1249,#1250,#1251,#1252,
#1253,#1254,#1255,#1256,#1257,#1258,#1259,#1260,#1261,#1262,#1263,#1264,
#1265,#1266,#1267,#1268,#1269,#1270,#1271,#1272,#1273,#1274,#1275,#1276,
#1277,#1278,#1279,#1280,#1281,#1282,#1283,#1284,#1285,#1286,#1287,#1288,
#1289,#1290,#1291,#1292,#1293,#1294,#1295,#1296,#1297,#1298,#1299,#1300,
#1301,#1302,#1303,#1304,#1305,#1306,#1307,#1308,#1309,#1310,#1311,#1312,
#1313,#1314,#1315,#1316,#1317,#1318,#1319,#1320,#1321,#1322,#1323,#1324,
#1325,#1326,#1327,#1328,#1329,#1330,#1331,#1332,#1333,#1334,#1335,#1336,
#1337,#1338,#1339,#1340,#1341,#1342,#1343,#1344,#1345,#1346,#1347,#1348,
#1349,#1350,#1351,#1352,#1353,#1354,#1355,#1356,#1357,#1358,#1359,#1360,
#1361,#1362,#1363,#1364,#1365,#1366,#1367,#1368,#1369,#1370,#1371,#1372,
#1373,#1374,#1375,#1376,#1377,#1378,#1379,#1380,#1381,#1382,#1383,#1384,
#1385,#1386,#1387,#1388,#1389,#1390,#1391,#1392,#1393,#1394,#1395,#1396,
#1397,#1398,#1399,#1400,#1401,#1402,#1403,#1404,#1405,#1406,#1407,#1408,
#1409,#1410,#1411,#1412,#1413,#1414,#1415,#1416),(#1417,#1418,#1419,#1420,
#1421,#1422,#1423,#1424,#1425,#1426,#1427,#1428,#1429,#1430,#1431,#1432,
#1433,#1434,#1435,#1436,#1437,#1438,#1439,#1440,#1441,#1442,#1443,#1444,
#1445,#1446,#1447,#1448,#1449,#1450,#1451,#1452,#1453,#1454,#1455,#1456,
#1457,#1458,#1459,#1460,#1461,#1462,#1463,#1464,#1465,#1466,#1467,#1468,
#1469,#1470,#1471,#1472,#1473,#1474,#1475,#1476,#1477,#1478,#1479,#1480,
#1481,#1482,#1483,#1484,#1485,#1486,#1487,#1488,#1489,#1490,#1491,#1492,
#1493,#1494,#1495,#1496,#1497,#1498,#1499,#1500,#1501,#1502,#1503,#1504,
#1505,#1506,#1507,#1508,#1509,#1510,#1511,#1512,#1513,#1514,#1515,#1516,
#1517,#1518,#1519,#1520,#1521,#1522,#1523,#1524,#1525,#1526,#1527,#1528,
#1529,#1530,#1531,#1532,#1533,#1534,#1535,#1536,#1537,#1538,#1539,#1540,
#1541,#1542,#1543,#1544,#1545,#1546,#1547,#1548,#1549,#1550,#1551,#1552,
#1553,#1554,#1555,#1556,#1557,#1558,#1559,#1560,#1561,#1562,#1563,#1564,
#1565,#1566,#1567,#1568,#1569,#1570,#1571,#1572,#1573,#1574,#1575,#1576,
#1577,#1578,#1579,#1580,#1581,#1582,#1583,#1584,#1585,#1586,#1587,#1588,
#1589,#1590,#1591,#1592,#1593,#1594,#1595,#1596,#1597,#1598,#1599,#1600,
#1601,#1602,#1603,#1604,#1605,#1606,#1607,#1608,#1609,#1610,#1611,#1612,
#1613,#1614,#1615,#1616,#1617,#1618,#1619,#1620,#1621,#1622,#1623,#1624,
#1625,#1626,#1627,#1628,#1629,#1630,#1631,#1632,#1633,#1634,#1635,#1636,
#1637,#1638,#1639,#1640,#1641,#1642,#1643,#1644,#1645,#1646,#1647,#1648,
#1649,#1650,#1651,#1652,#1653,#1654,#1655,#1656,#1657,#1658,#1659,#1660,
#1661,#1662,#1663,#1664,#1665,#1666,#1667),(#1668,#1669,#1670,#1671,#1672,
#1673,#1674,#1675,#1676,#1677,#1678,#1679,#1680,#1681,#1682,#1683,#1684,
#1685,#1686,#1687,#1688,#1689,#1690,#1691,#1692,#1693,#1694,#1695,#1696,
#1697,#1698,#1699,#1700,#1701,#1702,#1703,#1704,#1705,#1706,#1707,#1708,
#1709,#1710,#1711,#1712,#1713,#1714,#1715,#1716,#1717,#1718,#1719,#1720,
#1721,#1722,#1723,#1724,#1725,#1726,#1727,#1728,#1729,#1730,#1731,#1732,
#1733,#1734,#1735,#1736,#1737,#1738,#1739,#1740,#1741,#1742,#1743,#1744,
#1745,#1746,#1747,#1748,#1749,#1750,#1751,#1752,#1753,#1754,#1755,#1756,
#1757,#1758,#1759,#1760,#1761,#1762,#1763,#1764,#1765,#1766,#1767,#1768,
#1769,#1770,#1771,#1772,#1773,#1774,#1775,#1776,#1777,#1778,#1779,#1780,
#1781,#1782,#1783,#1784,#1785,#1786,#1787,#1788,#1789,#1790,#1791,#1792,
#1793,#1794,#1795,#1796,#1797,#1798,#1799,#1800,#1801,#1802,#1803,#1804,
#1805,#1806,#1807,#1808,#1809,#1810,#1811,#1812,#1813,#1814,#1815,#1816,
#1817,#1818,#1819,#1820,#1821,#1822,#1823,#1824,#1825,#1826,#1827,#1828,
#1829,#1830,#1831,#1832,#1833,#1834,#1835,#1836,#1837,#1838,#1839,#1840,
#1841,#1842,#1843,#1844,#1845,#1846,#1847,#1848,#1849,#1850,#1851,#1852,
#1853,#1854,#1855,#1856,#1857,#1858,#1859,#1860,#1861,#1862,#1863,#1864,
#1865,#1866,#1867,#1868,#1869,#1870,#1871,#1872,#1873,#1874,#1875,#1876,
#1877,#1878,#1879,#1880,#1881,#1882,#1883,#1884,#1885,#1886,#1887,#1888,
#1889,#1890,#1891,#1892,#1893,#1894,#1895,#1896,#1897,#1898,#1899,#1900,
#1901,#1902,#1903,#1904,#1905,#1906,#1907,#1908,#1909,#1910,#1911,#1912,
#1913,#1914,#1915,#1916,#1917,#1918)),.UNSPECIFIED.,.F.,.F.,.F.,(4,1,1,
4),(4,1,1,1,1,1,1,1,1,1,1,1,1,1,1,1,1,1,1,1,1,1,1,1,1,1,1,1,1,1,1,1,1,1,
1,1,1,1,1,1,1,1,1,1,1,1,1,1,1,1,1,1,1,1,1,1,1,1,1,1,1,1,1,1,1,1,1,1,1,1,
1,1,1,1,1,1,1,1,1,1,1,1,1,1,1,1,1,1,1,1,1,1,1,1,1,1,1,1,1,1,1,1,1,1,1,1,
1,1,1,1,1,1,1,1,1,1,1,1,1,1,1,1,1,1,1,1,1,1,1,1,1,1,1,1,1,1,1,1,1,1,1,1,
1,1,1,1,1,1,1,1,1,1,1,1,1,1,1,1,1,1,1,1,1,1,1,1,1,1,1,1,1,1,1,1,1,1,1,1,
1,1,1,1,1,1,1,1,1,1,1,1,1,1,1,1,1,1,1,1,1,1,1,1,1,1,1,1,1,1,1,1,1,1,1,1,
1,1,1,1,1,1,1,1,1,1,1,1,1,1,1,1,1,1,1,1,1,1,1,1,1,1,1,1,1,1,1,1,1,1,4),
(0.,0.285714285714286,0.571428571428571,1.),(-6.27999990803236,-6.1148863901453,
-5.94977287225825,-5.78465935437119,-5.61954583648413,-5.45443231859708,
-5.28931880071002,-5.12420528282296,-4.95909176493591,-4.79397824704885,
-4.62886472916179,-4.46375121127473,-4.29863769338768,-4.13352417550062,
-3.96841065761356,-3.80329713972651,-3.63818362183945,-3.47307010395239,
-3.30795658606534,-3.14284306817828,-2.97772955029122,-2.81261603240416,
-2.64750251451711,-2.48238899663005,-2.31727547874299,-2.15216196085594,
-1.98704844296888,-1.82193492508182,-1.65682140719477,-1.49170788930771,
-1.32659437142065,-1.16148085353359,-0.996367335646537,-0.886291657055166,
-0.776215978463795,-0.666140299872423,-0.556064621281052,-0.445988942689681,
-0.335913264098309,-0.225837585506938,-0.115761906915567,-0.0056862283241953,
0.104389450267176,0.324540807449919,0.544692164632661,0.764843521815404,
0.984994878998147,1.20514623618089,1.31522191477226,1.42529759336363,1.64544895054637,
1.86560030772912,2.08575166491186,2.19582734350323,2.3059030220946,2.41597870068597,
2.52605437927735,2.63613005786872,2.74620573646009,2.85628141505146,2.96635709364283,
3.0764327722342,3.18650845082557,3.29658412941695,3.40665980800832,3.51673548659969,
3.62681116519106,3.73688684378243,3.8469625223738,3.95703820096517,4.06711387955654,
4.17718955814792,4.28726523673929,4.39734091533066,4.50741659392203,4.72756795110477,
4.94771930828752,5.05779498687889,5.16787066547026,5.27794634406163,5.388022022653,
5.49809770124437,5.60817337983574,5.71824905842712,5.82832473701849,5.93840041560986,
6.04847609420123,6.1585517727926,6.26862745138397,6.37870312997534,6.48877880856671,
6.70893016574946,6.9290815229322,7.03915720152357,7.14923288011494,7.25930855870631,
7.36938423729769,7.47945991588906,7.58953559448043,7.6996112730718,7.80968695166317,
7.91976263025454,8.02983830884591,8.13991398743729,8.24998966602866,8.36006534462003,
8.4701410232114,8.58021670180277,8.69029238039414,8.80036805898551,8.91044373757688,
9.02051941616826,9.13059509475963,9.240670773351,9.35074645194237,9.46082213053374,
9.57089780912511,9.79104916630785,10.0112005234906,10.2313518806733,10.4515032378561,
10.6716545950388,10.7817302736302,10.8918059522216,11.1119573094043,11.3321086665871,
11.5522600237698,11.7724113809525,11.9925627381353,12.212714095318,12.4328654525008,
12.6530168096835,12.8731681668663,13.093319524049,13.3134708812317,13.5336222384145,
13.7537735955972,13.97392495278,14.1940763099627,14.4142276671455,14.5243033457368,
14.6343790243282,14.8545303815109,15.0746817386937,15.2948330958764,15.5149844530592,
15.7351358102419,15.8452114888333,15.9552871674247,16.065362846016,16.1754385246074,
16.2855142031988,16.3955898817901,16.5056655603815,16.6157412389729,16.7258169175643,
16.8358925961556,16.945968274747,17.0560439533384,17.2761953105211,17.4963466677039,
17.6064223462952,17.7164980248866,17.826573703478,17.9366493820693,18.0467250606607,
18.1568007392521,18.2668764178434,18.3769520964348,18.4870277750262,18.5971034536176,
18.7071791322089,18.8172548108003,18.9273304893917,19.0374061679831,19.1474818465744,
19.2575575251658,19.3676332037572,19.4777088823485,19.5877845609399,19.6978602395313,
19.918011596714,20.1381629538968,20.3583143110795,20.5784656682622,20.798617025445,
21.0187683826277,21.2389197398105,21.3489954184018,21.4590710969932,21.679222454176,
21.8993738113587,22.1195251685414,22.3396765257242,22.5598278829069,22.6699035614983,
22.7799792400897,22.890054918681,23.0001305972724,23.1102062758638,23.2202819544552,
23.3303576330465,23.4404333116379,23.5505089902293,23.6605846688206,23.8073522402758,
23.954119811731,24.1008873831861,24.2476549546413,24.3944225260965,24.5411900975516,
24.6879576690068,24.8347252404619,24.9814928119171,25.1282603833723,25.2750279548274,
25.4217955262826,25.5869090441696,25.7520225620567,25.9171360799438,26.0822495978308,
26.2473631157179,26.4124766336049,26.577590151492,26.742703669379,26.9078171872661,
27.0729307051532,27.2380442230402,27.4031577409273,27.5682712588143,27.7333847767014,
27.8984982945884,28.0636118124755,28.2287253303626,28.3938388482496,28.5589523661367,
28.7240658840237,28.8891794019108,29.0542929197978,29.2194064376849,29.384519955572,
29.549633473459,29.7147469913461,29.8798605092331,30.0449740271202,30.2100875450072,
30.3752010628943,30.5403145807814,30.7054280986684),.UNSPECIFIED.);
#16=B_SPLINE_SURFACE_WITH_KNOTS('',3,3,((#2393,#2394,#2395,#2396,#2397,
#2398,#2399,#2400,#2401,#2402,#2403,#2404,#2405,#2406,#2407,#2408,#2409,
#2410,#2411,#2412,#2413,#2414,#2415,#2416,#2417,#2418,#2419,#2420,#2421,
#2422,#2423,#2424,#2425,#2426,#2427,#2428,#2429,#2430,#2431,#2432,#2433,
#2434,#2435,#2436,#2437,#2438,#2439,#2440,#2441,#2442,#2443,#2444,#2445,
#2446,#2447,#2448,#2449,#2450,#2451,#2452,#2453,#2454,#2455,#2456,#2457,
#2458,#2459,#2460,#2461,#2462,#2463,#2464,#2465,#2466,#2467,#2468,#2469,
#2470,#2471,#2472,#2473,#2474,#2475,#2476,#2477,#2478,#2479,#2480,#2481,
#2482,#2483,#2484,#2485,#2486,#2487,#2488,#2489,#2490,#2491,#2492,#2493,
#2494,#2495,#2496,#2497,#2498,#2499,#2500,#2501,#2502,#2503,#2504,#2505,
#2506,#2507,#2508,#2509,#2510,#2511,#2512,#2513,#2514,#2515,#2516,#2517,
#2518,#2519,#2520,#2521,#2522,#2523,#2524,#2525,#2526,#2527,#2528,#2529,
#2530,#2531,#2532,#2533,#2534,#2535,#2536,#2537,#2538,#2539,#2540,#2541,
#2542,#2543,#2544,#2545,#2546,#2547,#2548,#2549,#2550,#2551,#2552,#2553,
#2554,#2555,#2556,#2557,#2558,#2559,#2560,#2561,#2562,#2563,#2564,#2565,
#2566,#2567,#2568,#2569,#2570,#2571,#2572,#2573,#2574,#2575,#2576,#2577,
#2578,#2579,#2580,#2581,#2582,#2583,#2584,#2585,#2586,#2587,#2588,#2589,
#2590,#2591,#2592,#2593,#2594,#2595),(#2596,#2597,#2598,#2599,#2600,#2601,
#2602,#2603,#2604,#2605,#2606,#2607,#2608,#2609,#2610,#2611,#2612,#2613,
#2614,#2615,#2616,#2617,#2618,#2619,#2620,#2621,#2622,#2623,#2624,#2625,
#2626,#2627,#2628,#2629,#2630,#2631,#2632,#2633,#2634,#2635,#2636,#2637,
#2638,#2639,#2640,#2641,#2642,#2643,#2644,#2645,#2646,#2647,#2648,#2649,
#2650,#2651,#2652,#2653,#2654,#2655,#2656,#2657,#2658,#2659,#2660,#2661,
#2662,#2663,#2664,#2665,#2666,#2667,#2668,#2669,#2670,#2671,#2672,#2673,
#2674,#2675,#2676,#2677,#2678,#2679,#2680,#2681,#2682,#2683,#2684,#2685,
#2686,#2687,#2688,#2689,#2690,#2691,#2692,#2693,#2694,#2695,#2696,#2697,
#2698,#2699,#2700,#2701,#2702,#2703,#2704,#2705,#2706,#2707,#2708,#2709,
#2710,#2711,#2712,#2713,#2714,#2715,#2716,#2717,#2718,#2719,#2720,#2721,
#2722,#2723,#2724,#2725,#2726,#2727,#2728,#2729,#2730,#2731,#2732,#2733,
#2734,#2735,#2736,#2737,#2738,#2739,#2740,#2741,#2742,#2743,#2744,#2745,
#2746,#2747,#2748,#2749,#2750,#2751,#2752,#2753,#2754,#2755,#2756,#2757,
#2758,#2759,#2760,#2761,#2762,#2763,#2764,#2765,#2766,#2767,#2768,#2769,
#2770,#2771,#2772,#2773,#2774,#2775,#2776,#2777,#2778,#2779,#2780,#2781,
#2782,#2783,#2784,#2785,#2786,#2787,#2788,#2789,#2790,#2791,#2792,#2793,
#2794,#2795,#2796,#2797,#2798),(#2799,#2800,#2801,#2802,#2803,#2804,#2805,
#2806,#2807,#2808,#2809,#2810,#2811,#2812,#2813,#2814,#2815,#2816,#2817,
#2818,#2819,#2820,#2821,#2822,#2823,#2824,#2825,#2826,#2827,#2828,#2829,
#2830,#2831,#2832,#2833,#2834,#2835,#2836,#2837,#2838,#2839,#2840,#2841,
#2842,#2843,#2844,#2845,#2846,#2847,#2848,#2849,#2850,#2851,#2852,#2853,
#2854,#2855,#2856,#2857,#2858,#2859,#2860,#2861,#2862,#2863,#2864,#2865,
#2866,#2867,#2868,#2869,#2870,#2871,#2872,#2873,#2874,#2875,#2876,#2877,
#2878,#2879,#2880,#2881,#2882,#2883,#2884,#2885,#2886,#2887,#2888,#2889,
#2890,#2891,#2892,#2893,#2894,#2895,#2896,#2897,#2898,#2899,#2900,#2901,
#2902,#2903,#2904,#2905,#2906,#2907,#2908,#2909,#2910,#2911,#2912,#2913,
#2914,#2915,#2916,#2917,#2918,#2919,#2920,#2921,#2922,#2923,#2924,#2925,
#2926,#2927,#2928,#2929,#2930,#2931,#2932,#2933,#2934,#2935,#2936,#2937,
#2938,#2939,#2940,#2941,#2942,#2943,#2944,#2945,#2946,#2947,#2948,#2949,
#2950,#2951,#2952,#2953,#2954,#2955,#2956,#2957,#2958,#2959,#2960,#2961,
#2962,#2963,#2964,#2965,#2966,#2967,#2968,#2969,#2970,#2971,#2972,#2973,
#2974,#2975,#2976,#2977,#2978,#2979,#2980,#2981,#2982,#2983,#2984,#2985,
#2986,#2987,#2988,#2989,#2990,#2991,#2992,#2993,#2994,#2995,#2996,#2997,
#2998,#2999,#3000,#3001),(#3002,#3003,#3004,#3005,#3006,#3007,#3008,#3009,
#3010,#3011,#3012,#3013,#3014,#3015,#3016,#3017,#3018,#3019,#3020,#3021,
#3022,#3023,#3024,#3025,#3026,#3027,#3028,#3029,#3030,#3031,#3032,#3033,
#3034,#3035,#3036,#3037,#3038,#3039,#3040,#3041,#3042,#3043,#3044,#3045,
#3046,#3047,#3048,#3049,#3050,#3051,#3052,#3053,#3054,#3055,#3056,#3057,
#3058,#3059,#3060,#3061,#3062,#3063,#3064,#3065,#3066,#3067,#3068,#3069,
#3070,#3071,#3072,#3073,#3074,#3075,#3076,#3077,#3078,#3079,#3080,#3081,
#3082,#3083,#3084,#3085,#3086,#3087,#3088,#3089,#3090,#3091,#3092,#3093,
#3094,#3095,#3096,#3097,#3098,#3099,#3100,#3101,#3102,#3103,#3104,#3105,
#3106,#3107,#3108,#3109,#3110,#3111,#3112,#3113,#3114,#3115,#3116,#3117,
#3118,#3119,#3120,#3121,#3122,#3123,#3124,#3125,#3126,#3127,#3128,#3129,
#3130,#3131,#3132,#3133,#3134,#3135,#3136,#3137,#3138,#3139,#3140,#3141,
#3142,#3143,#3144,#3145,#3146,#3147,#3148,#3149,#3150,#3151,#3152,#3153,
#3154,#3155,#3156,#3157,#3158,#3159,#3160,#3161,#3162,#3163,#3164,#3165,
#3166,#3167,#3168,#3169,#3170,#3171,#3172,#3173,#3174,#3175,#3176,#3177,
#3178,#3179,#3180,#3181,#3182,#3183,#3184,#3185,#3186,#3187,#3188,#3189,
#3190,#3191,#3192,#3193,#3194,#3195,#3196,#3197,#3198,#3199,#3200,#3201,
#3202,#3203,#3204)),.UNSPECIFIED.,.F.,.F.,.F.,(4,4),(4,1,1,1,1,1,1,1,1,
1,1,1,1,1,1,1,1,1,1,1,1,1,1,1,1,1,1,1,1,1,1,1,1,1,1,1,1,1,1,1,1,1,1,1,1,
1,1,1,1,1,1,1,1,1,1,1,1,1,1,1,1,1,1,1,1,1,1,1,1,1,1,1,1,1,1,1,1,1,1,1,1,
1,1,1,1,1,1,1,1,1,1,1,1,1,1,1,1,1,1,1,1,1,1,1,1,1,1,1,1,1,1,1,1,1,1,1,1,
1,1,1,1,1,1,1,1,1,1,1,1,1,1,1,1,1,1,1,1,1,1,1,1,1,1,1,1,1,1,1,1,1,1,1,1,
1,1,1,1,1,1,1,1,1,1,1,1,1,1,1,1,1,1,1,1,1,1,1,1,1,1,1,1,1,1,1,1,1,1,1,1,
1,1,1,1,1,1,1,1,1,1,1,4),(0.0405906667746321,0.0971936675149648),(-13.4165556260236,
-12.7213901150785,-12.0262246041335,-11.3310590931884,-10.6358935822434,
-9.94072807129832,-9.24556256035326,-8.55039704940821,-7.85523153846315,
-7.16006602751809,-6.46490051657304,-5.76973500562798,-5.07456949468293,
-4.37940398373787,-3.68423847279281,-3.33665571732028,-2.98907296184776,
-2.2939074509027,-1.59874193995764,-0.903576429012586,-0.20841091806753,
0.486754592877527,1.18192010382258,1.87708561476764,2.5722511257127,3.26741663665775,
3.96258214760281,4.65774765854787,5.35291316949292,6.04807868043798,6.74324419138304,
7.43840970232809,8.13357521327315,8.82874072421821,9.29218439818158,9.75562807214495,
10.6825154200717,11.6094027679984,12.5362901159252,13.4631774638519,13.9266211378153,
14.3900648117787,15.3169521597054,16.2438395076321,17.1707268555589,18.0976142034856,
19.0245015514124,19.9513888993391,20.6465544102842,21.3417199212292,22.0368854321743,
22.7320509431193,23.4272164540644,24.1223819650094,24.8175474759545,25.5127129868996,
26.2078784978446,26.9030440087897,27.5982095197347,28.2933750306798,28.9885405416248,
29.6837060525699,30.378871563515,31.07403707446,32.0009244223868,32.9278117703135,
33.8546991182402,34.781586466167,35.7084738140937,36.1719174880571,36.6353611620205,
37.5622485099472,38.489135857874,39.4160232058007,40.3429105537274,41.2697979016542,
42.1966852495809,43.1235725975077,44.0504599454344,44.9773472933611,45.9042346412879,
46.3676783152513,46.8311219892146,47.7580093371414,48.6848966850681,49.6117840329949,
50.5386713809216,51.4655587288484,52.3924460767751,53.3193334247018,54.2462207726286,
55.1731081205553,56.0999954684821,57.0268828164088,57.9537701643355,58.8806575122623,
59.3441011862257,59.807544860189,60.7344322081158,61.6613195560425,62.5882069039692,
63.515094251896,64.4419815998227,65.3688689477495,66.2957562956762,67.222643643603,
68.1495309915297,69.0764183394564,70.0033056873832,70.9301930353099,71.8570803832367,
72.7839677311634,73.7108550790902,74.6377424270169,75.5646297749436,76.4915171228704,
77.4184044707971,78.3452918187239,79.2721791666506,80.1990665145773,81.1259538625041,
82.0528412104308,82.9797285583576,83.9066159062843,84.8335032542111,85.7603906021378,
86.6872779500645,87.6141652979913,88.541052645918,89.0044963198814,89.4679399938447,
90.3948273417715,91.3217146896982,92.248602037625,93.1754893855517,94.1023767334785,
95.0292640814052,95.9561514293319,96.8830387772587,97.8099261251854,98.7368134731122,
99.6637008210389,100.590588168966,101.517475516892,102.444362864819,103.371250212746,
104.298137560673,105.225024908599,106.151912256526,107.078799604453,108.00568695238,
108.932574300306,109.859461648233,110.78634899616,111.713236344087,112.640123692013,
113.258048590631,113.875973489249,114.493898387867,115.111823286485,115.729748185102,
116.34767308372,116.965597982338,117.583522880956,118.201447779574,118.819372678192,
119.437297576809,120.055222475427,120.750387986372,121.445553497317,122.140719008262,
122.835884519207,123.531050030153,124.226215541098,124.921381052043,125.616546562988,
126.311712073933,127.006877584878,127.702043095823,128.397208606768,129.092374117713,
129.787539628658,130.482705139603,131.177870650548,131.873036161493,132.220618916966,
132.568201672438,133.263367183383,133.958532694328,134.653698205273,135.348863716218,
136.044029227164,136.739194738109,137.434360249054,138.129525759999,138.824691270944,
139.519856781889,140.215022292834,140.910187803779,141.605353314724,142.300518825669),
 .UNSPECIFIED.);
#17=B_SPLINE_SURFACE_WITH_KNOTS('',3,3,((#3821,#3822,#3823,#3824,#3825,
#3826,#3827,#3828,#3829,#3830,#3831,#3832,#3833,#3834,#3835,#3836,#3837,
#3838,#3839,#3840,#3841,#3842,#3843,#3844,#3845,#3846,#3847,#3848,#3849,
#3850,#3851,#3852,#3853,#3854,#3855,#3856,#3857,#3858,#3859,#3860,#3861,
#3862,#3863,#3864,#3865,#3866,#3867,#3868,#3869,#3870,#3871,#3872,#3873,
#3874,#3875,#3876,#3877,#3878,#3879,#3880,#3881,#3882,#3883,#3884,#3885,
#3886,#3887,#3888,#3889,#3890,#3891,#3892,#3893,#3894,#3895,#3896,#3897,
#3898,#3899,#3900,#3901,#3902,#3903,#3904,#3905,#3906,#3907,#3908,#3909,
#3910,#3911,#3912,#3913,#3914,#3915,#3916,#3917,#3918,#3919,#3920,#3921,
#3922,#3923,#3924,#3925,#3926,#3927,#3928,#3929,#3930,#3931,#3932,#3933,
#3934,#3935,#3936,#3937,#3938,#3939,#3940,#3941,#3942,#3943,#3944,#3945,
#3946,#3947,#3948,#3949,#3950,#3951,#3952,#3953,#3954,#3955,#3956,#3957,
#3958,#3959,#3960,#3961,#3962,#3963,#3964,#3965,#3966,#3967,#3968,#3969,
#3970,#3971,#3972,#3973,#3974,#3975,#3976,#3977,#3978,#3979),(#3980,#3981,
#3982,#3983,#3984,#3985,#3986,#3987,#3988,#3989,#3990,#3991,#3992,#3993,
#3994,#3995,#3996,#3997,#3998,#3999,#4000,#4001,#4002,#4003,#4004,#4005,
#4006,#4007,#4008,#4009,#4010,#4011,#4012,#4013,#4014,#4015,#4016,#4017,
#4018,#4019,#4020,#4021,#4022,#4023,#4024,#4025,#4026,#4027,#4028,#4029,
#4030,#4031,#4032,#4033,#4034,#4035,#4036,#4037,#4038,#4039,#4040,#4041,
#4042,#4043,#4044,#4045,#4046,#4047,#4048,#4049,#4050,#4051,#4052,#4053,
#4054,#4055,#4056,#4057,#4058,#4059,#4060,#4061,#4062,#4063,#4064,#4065,
#4066,#4067,#4068,#4069,#4070,#4071,#4072,#4073,#4074,#4075,#4076,#4077,
#4078,#4079,#4080,#4081,#4082,#4083,#4084,#4085,#4086,#4087,#4088,#4089,
#4090,#4091,#4092,#4093,#4094,#4095,#4096,#4097,#4098,#4099,#4100,#4101,
#4102,#4103,#4104,#4105,#4106,#4107,#4108,#4109,#4110,#4111,#4112,#4113,
#4114,#4115,#4116,#4117,#4118,#4119,#4120,#4121,#4122,#4123,#4124,#4125,
#4126,#4127,#4128,#4129,#4130,#4131,#4132,#4133,#4134,#4135,#4136,#4137,
#4138),(#4139,#4140,#4141,#4142,#4143,#4144,#4145,#4146,#4147,#4148,#4149,
#4150,#4151,#4152,#4153,#4154,#4155,#4156,#4157,#4158,#4159,#4160,#4161,
#4162,#4163,#4164,#4165,#4166,#4167,#4168,#4169,#4170,#4171,#4172,#4173,
#4174,#4175,#4176,#4177,#4178,#4179,#4180,#4181,#4182,#4183,#4184,#4185,
#4186,#4187,#4188,#4189,#4190,#4191,#4192,#4193,#4194,#4195,#4196,#4197,
#4198,#4199,#4200,#4201,#4202,#4203,#4204,#4205,#4206,#4207,#4208,#4209,
#4210,#4211,#4212,#4213,#4214,#4215,#4216,#4217,#4218,#4219,#4220,#4221,
#4222,#4223,#4224,#4225,#4226,#4227,#4228,#4229,#4230,#4231,#4232,#4233,
#4234,#4235,#4236,#4237,#4238,#4239,#4240,#4241,#4242,#4243,#4244,#4245,
#4246,#4247,#4248,#4249,#4250,#4251,#4252,#4253,#4254,#4255,#4256,#4257,
#4258,#4259,#4260,#4261,#4262,#4263,#4264,#4265,#4266,#4267,#4268,#4269,
#4270,#4271,#4272,#4273,#4274,#4275,#4276,#4277,#4278,#4279,#4280,#4281,
#4282,#4283,#4284,#4285,#4286,#4287,#4288,#4289,#4290,#4291,#4292,#4293,
#4294,#4295,#4296,#4297),(#4298,#4299,#4300,#4301,#4302,#4303,#4304,#4305,
#4306,#4307,#4308,#4309,#4310,#4311,#4312,#4313,#4314,#4315,#4316,#4317,
#4318,#4319,#4320,#4321,#4322,#4323,#4324,#4325,#4326,#4327,#4328,#4329,
#4330,#4331,#4332,#4333,#4334,#4335,#4336,#4337,#4338,#4339,#4340,#4341,
#4342,#4343,#4344,#4345,#4346,#4347,#4348,#4349,#4350,#4351,#4352,#4353,
#4354,#4355,#4356,#4357,#4358,#4359,#4360,#4361,#4362,#4363,#4364,#4365,
#4366,#4367,#4368,#4369,#4370,#4371,#4372,#4373,#4374,#4375,#4376,#4377,
#4378,#4379,#4380,#4381,#4382,#4383,#4384,#4385,#4386,#4387,#4388,#4389,
#4390,#4391,#4392,#4393,#4394,#4395,#4396,#4397,#4398,#4399,#4400,#4401,
#4402,#4403,#4404,#4405,#4406,#4407,#4408,#4409,#4410,#4411,#4412,#4413,
#4414,#4415,#4416,#4417,#4418,#4419,#4420,#4421,#4422,#4423,#4424,#4425,
#4426,#4427,#4428,#4429,#4430,#4431,#4432,#4433,#4434,#4435,#4436,#4437,
#4438,#4439,#4440,#4441,#4442,#4443,#4444,#4445,#4446,#4447,#4448,#4449,
#4450,#4451,#4452,#4453,#4454,#4455,#4456)),.UNSPECIFIED.,.F.,.F.,.F.,(4,
4),(4,1,1,1,1,1,1,1,1,1,1,1,1,1,1,1,1,1,1,1,1,1,1,1,1,1,1,1,1,1,1,1,1,1,
1,1,1,1,1,1,1,1,1,1,1,1,1,1,1,1,1,1,1,1,1,1,1,1,1,1,1,1,1,1,1,1,1,1,1,1,
1,1,1,1,1,1,1,1,1,1,1,1,1,1,1,1,1,1,1,1,1,1,1,1,1,1,1,1,1,1,1,1,1,1,1,1,
1,1,1,1,1,1,1,1,1,1,1,1,1,1,1,1,1,1,1,1,1,1,1,1,1,1,1,1,1,1,1,1,1,1,1,1,
1,1,1,1,1,1,1,1,1,1,1,1,1,1,4),(-0.0428641393421728,0.0302820216190367),
(-15.1880625479791,-14.1898824599978,-13.1917023720166,-12.1935222840354,
-11.1953421960542,-10.197162108073,-9.19898202009178,-8.20080193211057,
-7.20262184412936,-6.20444175614814,-5.20626166816693,-4.20808158018572,
-3.20990149220451,-2.2117214042233,-1.21354131624209,-0.215361228260873,
0.782818859720338,1.78099894770155,2.77917903568276,3.77735912366397,4.77553921164519,
5.7737192996264,6.77189938760761,7.77007947558882,8.76825956357003,9.76643965155125,
10.7646197395325,11.7627998275137,12.7609799154949,13.7591600034761,14.7573400914573,
15.7555201794385,16.7537002674197,17.7518803554009,18.7500604433822,19.7482405313634,
20.7464206193446,21.7446007073258,22.742780795307,23.7409608832882,24.7391409712694,
25.7373210592506,26.7355011472318,27.7336812352131,28.7318613231943,29.7300414111755,
30.7282214991567,31.7264015871379,32.7245816751191,33.7227617631003,34.7209418510815,
35.7191219390628,36.717302027044,37.7154821150252,38.7136622030064,39.7118422909876,
40.7100223789688,41.70820246695,42.7063825549312,43.7045626429124,44.7027427308937,
45.7009228188749,46.6991029068561,47.6972829948373,48.6954630828185,49.6936431707997,
50.6918232587809,51.6900033467621,52.6881834347434,53.6863635227246,54.6845436107058,
55.682723698687,56.6809037866682,57.6790838746494,58.6772639626306,59.6754440506118,
60.673624138593,61.6718042265743,62.6699843145555,63.6681644025367,64.6663444905179,
65.6645245784991,66.6627046664803,67.6608847544615,68.6590648424427,69.657244930424,
70.6554250184052,71.6536051063864,72.6517851943676,73.6499652823488,74.64814537033,
75.6463254583112,76.6445055462924,77.6426856342736,78.6408657222549,79.6390458102361,
80.6372258982173,81.6354059861985,82.6335860741797,83.6317661621609,84.6299462501421,
85.6281263381233,86.6263064261045,87.6244865140858,88.622666602067,89.6208466900482,
90.6190267780294,91.6172068660106,92.6153869539918,93.613567041973,94.6117471299542,
95.6099272179355,96.6081073059167,97.6062873938979,98.6044674818791,99.6026475698603,
100.600827657842,101.599007745823,102.597187833804,103.595367921785,104.593548009766,
105.591728097748,106.589908185729,107.58808827371,108.586268361691,109.584448449672,
110.582628537654,111.580808625635,112.578988713616,113.577168801597,114.575348889578,
115.57352897756,116.571709065541,117.569889153522,118.568069241503,119.566249329485,
120.564429417466,121.562609505447,122.560789593428,123.558969681409,124.557149769391,
125.555329857372,126.553509945353,127.551690033334,128.549870121315,129.548050209297,
130.546230297278,131.544410385259,132.54259047324,133.540770561222,134.538950649203,
135.537130737184,136.535310825165,137.533490913146,138.531671001128,139.529851089109,
140.52803117709),.UNSPECIFIED.);
#18=B_SPLINE_SURFACE_WITH_KNOTS('',3,1,((#4561,#4562),(#4563,#4564),(#4565,
#4566),(#4567,#4568),(#4569,#4570),(#4571,#4572),(#4573,#4574),(#4575,#4576),
(#4577,#4578),(#4579,#4580),(#4581,#4582),(#4583,#4584),(#4585,#4586),(#4587,
#4588),(#4589,#4590),(#4591,#4592),(#4593,#4594),(#4595,#4596),(#4597,#4598),
(#4599,#4600)),.UNSPECIFIED.,.F.,.F.,.F.,(4,3,2,2,2,2,2,3,4),(2,2),(-0.554352041465251,
-0.55274537837503,-0.475719374464956,-0.40058969971687,-0.294332097688384,
-0.192146802619658,-0.094035555982824,0.,0.0650916326805118),(0.,0.470319224335976),
 .UNSPECIFIED.);
#19=FACE_BOUND('',#52,.T.);
#20=FACE_BOUND('',#61,.T.);
#21=B_SPLINE_CURVE_WITH_KNOTS('',3,(#231,#232,#233,#234,#235,#236,#237,
#238,#239,#240,#241,#242,#243,#244,#245,#246,#247,#248,#249,#250,#251,#252,
#253,#254,#255,#256,#257,#258,#259,#260,#261,#262,#263,#264,#265,#266,#267,
#268,#269,#270,#271,#272,#273,#274,#275,#276,#277,#278,#279,#280,#281,#282,
#283,#284,#285,#286,#287,#288,#289,#290,#291,#292,#293,#294,#295,#296,#297,
#298,#299,#300,#301,#302,#303,#304,#305,#306,#307,#308,#309,#310,#311,#312,
#313,#314,#315,#316,#317,#318,#319,#320,#321,#322,#323,#324,#325,#326,#327,
#328,#329,#330),.UNSPECIFIED.,.F.,.F.,(4,3,3,3,3,3,3,3,3,3,3,3,3,3,3,3,
3,3,3,3,3,3,3,3,3,3,3,3,3,3,3,3,3,4),(-0.801274258342997,-0.77971986477599,
-0.757623653613332,-0.749006670250387,-0.742145106799494,-0.719212012235722,
-0.702340702308128,-0.691461234192043,-0.68709971930769,-0.663421674021763,
-0.639298600493634,-0.615328243897536,-0.606431221111167,-0.60166244653589,
-0.597876543142326,-0.584241532814971,-0.560562844505409,-0.536274186359126,
-0.511635473415329,-0.507731632033001,-0.482559622901788,-0.456880371272198,
-0.431025304711225,-0.417723164786915,-0.413384594986897,-0.386766257510362,
-0.360235516792044,-0.340002045970247,-0.329091768338332,-0.32097816169902,
-0.316794683479051,-0.290864880437257,-0.264156614009274,-0.260950976857379),
 .UNSPECIFIED.);
#22=B_SPLINE_CURVE_WITH_KNOTS('',3,(#332,#333,#334,#335,#336,#337,#338,
#339,#340,#341,#342,#343,#344,#345,#346,#347,#348,#349,#350,#351,#352,#353,
#354,#355,#356,#357,#358,#359,#360,#361,#362,#363,#364,#365,#366,#367,#368,
#369,#370,#371,#372,#373,#374,#375,#376,#377,#378,#379,#380,#381,#382,#383,
#384,#385,#386,#387,#388,#389),.UNSPECIFIED.,.F.,.F.,(4,3,3,3,3,3,3,3,3,
3,3,3,3,3,3,3,3,3,3,4),(-0.402129742195885,-0.376470178326462,-0.350708599677221,
-0.324947021027979,-0.299950857932074,-0.275188670117684,-0.250426482303294,
-0.234989619418662,-0.210748573690431,-0.186677008965683,-0.162883792966781,
-0.139542877845142,-0.116456089845308,-0.0940239685099228,-0.0806334669300725,
-0.0794078442429103,-0.0569542980294808,-0.0344394585098515,-0.0123313035364242,
0.),.UNSPECIFIED.);
#23=B_SPLINE_CURVE_WITH_KNOTS('',3,(#391,#392,#393,#394,#395,#396,#397,
#398,#399,#400,#401,#402,#403,#404),.UNSPECIFIED.,.F.,.F.,(4,2,2,2,2,2,
4),(-0.417095753374694,-0.372591332209429,-0.29857479924675,-0.222413677015891,
-0.146596519499054,-0.0734037612316593,0.),.UNSPECIFIED.);
#24=B_SPLINE_CURVE_WITH_KNOTS('',3,(#405,#406,#407,#408),.UNSPECIFIED.,
 .F.,.F.,(4,4),(-0.134302052841085,-0.0930782083224366),.UNSPECIFIED.);
#25=B_SPLINE_CURVE_WITH_KNOTS('',3,(#1920,#1921,#1922,#1923,#1924,#1925,
#1926,#1927,#1928,#1929,#1930,#1931,#1932,#1933,#1934,#1935,#1936,#1937,
#1938,#1939,#1940,#1941,#1942,#1943,#1944,#1945,#1946,#1947,#1948,#1949,
#1950,#1951,#1952,#1953,#1954,#1955,#1956,#1957,#1958,#1959,#1960,#1961,
#1962,#1963,#1964,#1965,#1966,#1967,#1968,#1969,#1970,#1971,#1972,#1973,
#1974,#1975,#1976,#1977,#1978,#1979,#1980,#1981,#1982,#1983,#1984,#1985,
#1986,#1987,#1988,#1989,#1990,#1991,#1992,#1993,#1994,#1995,#1996,#1997,
#1998,#1999,#2000,#2001,#2002,#2003,#2004,#2005,#2006,#2007,#2008,#2009,
#2010,#2011,#2012,#2013,#2014,#2015,#2016,#2017,#2018,#2019,#2020,#2021,
#2022,#2023,#2024,#2025,#2026,#2027,#2028,#2029,#2030,#2031,#2032,#2033,
#2034,#2035,#2036,#2037,#2038,#2039,#2040,#2041,#2042,#2043,#2044,#2045,
#2046,#2047,#2048,#2049,#2050,#2051,#2052,#2053,#2054,#2055,#2056,#2057,
#2058,#2059,#2060,#2061,#2062,#2063,#2064,#2065,#2066,#2067,#2068,#2069,
#2070,#2071,#2072,#2073,#2074,#2075,#2076,#2077,#2078,#2079,#2080,#2081,
#2082,#2083,#2084,#2085,#2086,#2087,#2088,#2089,#2090,#2091,#2092,#2093,
#2094,#2095,#2096,#2097,#2098,#2099,#2100,#2101,#2102,#2103,#2104,#2105,
#2106,#2107,#2108,#2109,#2110,#2111,#2112,#2113,#2114,#2115,#2116,#2117,
#2118,#2119,#2120),.UNSPECIFIED.,.F.,.F.,(4,1,1,1,1,1,1,1,1,1,1,1,1,1,1,
1,1,1,1,1,1,1,1,1,1,1,1,1,1,1,1,1,1,1,1,1,1,1,1,1,1,1,1,1,1,1,1,1,1,1,1,
1,1,1,1,1,1,1,1,1,1,1,1,1,1,1,1,1,1,1,1,1,1,1,1,1,1,1,1,1,1,1,1,1,1,1,1,
1,1,1,1,1,1,1,1,1,1,1,1,1,1,1,1,1,1,1,1,1,1,1,1,1,1,1,1,1,1,1,1,1,1,1,1,
1,1,1,1,1,1,1,1,1,1,1,1,1,1,1,1,1,1,1,1,1,1,1,1,1,1,1,1,1,1,1,1,1,1,1,1,
1,1,1,1,1,1,1,1,1,1,1,1,1,1,1,1,1,1,1,1,1,1,1,1,1,1,1,1,1,1,1,1,1,1,1,1,
1,1,1,4),(-11.6375833016141,-11.3310590931884,-10.6358935822434,-9.94072807129832,
-9.24556256035326,-8.55039704940821,-7.85523153846315,-7.16006602751809,
-6.46490051657304,-5.76973500562798,-5.07456949468293,-4.37940398373787,
-3.68423847279281,-3.33665571732028,-2.98907296184776,-2.2939074509027,
-1.59874193995764,-0.903576429012586,-0.20841091806753,0.486754592877527,
1.18192010382258,1.87708561476764,2.5722511257127,3.26741663665775,3.96258214760281,
4.65774765854787,5.35291316949292,6.04807868043798,6.74324419138304,7.43840970232809,
8.13357521327315,8.82874072421821,9.29218439818158,9.75562807214495,10.6825154200717,
11.6094027679984,12.5362901159252,13.4631774638519,13.9266211378153,14.3900648117787,
15.3169521597054,16.2438395076321,17.1707268555589,18.0976142034856,19.0245015514124,
19.9513888993391,20.6465544102842,21.3417199212292,22.0368854321743,22.7320509431193,
23.4272164540644,24.1223819650094,24.8175474759545,25.5127129868996,26.2078784978446,
26.9030440087897,27.5982095197347,28.2933750306798,28.9885405416248,29.6837060525699,
30.378871563515,31.07403707446,32.0009244223868,32.9278117703135,33.8546991182402,
34.781586466167,35.7084738140937,36.1719174880571,36.6353611620205,37.5622485099472,
38.489135857874,39.4160232058007,40.3429105537274,41.2697979016542,42.1966852495809,
43.1235725975077,44.0504599454344,44.9773472933611,45.9042346412879,46.3676783152513,
46.8311219892146,47.7580093371414,48.6848966850681,49.6117840329949,50.5386713809216,
51.4655587288484,52.3924460767751,53.3193334247018,54.2462207726286,55.1731081205553,
56.0999954684821,57.0268828164088,57.9537701643355,58.8806575122623,59.3441011862257,
59.807544860189,60.7344322081158,61.6613195560425,62.5882069039692,63.515094251896,
64.4419815998227,65.3688689477495,66.2957562956762,67.222643643603,68.1495309915297,
69.0764183394564,70.0033056873832,70.9301930353099,71.8570803832367,72.7839677311634,
73.7108550790902,74.6377424270169,75.5646297749436,76.4915171228704,77.4184044707971,
78.3452918187239,79.2721791666506,80.1990665145773,81.1259538625041,82.0528412104308,
82.9797285583576,83.9066159062843,84.8335032542111,85.7603906021378,86.6872779500645,
87.6141652979913,88.541052645918,89.0044963198814,89.4679399938447,90.3948273417715,
91.3217146896982,92.248602037625,93.1754893855517,94.1023767334785,95.0292640814052,
95.9561514293319,96.8830387772587,97.8099261251854,98.7368134731122,99.6637008210389,
100.590588168966,101.517475516892,102.444362864819,103.371250212746,104.298137560673,
105.225024908599,106.151912256526,107.078799604453,108.00568695238,108.932574300306,
109.859461648233,110.78634899616,111.713236344087,112.640123692013,113.258048590631,
113.875973489249,114.493898387867,115.111823286485,115.729748185102,116.34767308372,
116.965597982338,117.583522880956,118.201447779574,118.819372678192,119.437297576809,
120.055222475427,120.750387986372,121.445553497317,122.140719008262,122.835884519207,
123.531050030153,124.226215541098,124.921381052043,125.616546562988,126.311712073933,
127.006877584878,127.702043095823,128.397208606768,129.092374117713,129.787539628658,
130.482705139603,131.177870650548,131.873036161493,132.220618916966,132.568201672438,
133.263367183383,133.958532694328,134.653698205273,135.348863716218,136.044029227164,
136.739194738109,137.434360249054,138.129525759999,138.824691270944,139.519856781889,
140.215022292834,140.910187803779,141.605353314724,142.300518825669),
 .UNSPECIFIED.);
#26=B_SPLINE_CURVE_WITH_KNOTS('',3,(#2122,#2123,#2124,#2125,#2126,#2127,
#2128,#2129,#2130,#2131,#2132,#2133,#2134,#2135,#2136,#2137,#2138,#2139),
 .UNSPECIFIED.,.F.,.F.,(4,2,2,2,2,2,2,2,4),(-0.555338164911768,-0.504020015231857,
-0.443376521822055,-0.372590779115286,-0.298574470089885,-0.222413107244586,
-0.146595971549243,-0.0734033732204618,0.),.UNSPECIFIED.);
#27=B_SPLINE_CURVE_WITH_KNOTS('',3,(#2141,#2142,#2143,#2144,#2145,#2146,
#2147,#2148,#2149,#2150,#2151,#2152,#2153,#2154,#2155,#2156,#2157,#2158,
#2159,#2160,#2161,#2162,#2163,#2164,#2165,#2166,#2167,#2168,#2169,#2170,
#2171,#2172,#2173,#2174,#2175,#2176,#2177,#2178,#2179,#2180,#2181,#2182,
#2183,#2184,#2185,#2186,#2187,#2188,#2189,#2190,#2191,#2192,#2193,#2194,
#2195,#2196,#2197,#2198,#2199,#2200,#2201,#2202,#2203,#2204,#2205,#2206,
#2207,#2208,#2209,#2210,#2211,#2212,#2213,#2214,#2215,#2216,#2217,#2218,
#2219,#2220,#2221,#2222,#2223,#2224,#2225,#2226,#2227,#2228,#2229,#2230,
#2231,#2232,#2233,#2234,#2235,#2236,#2237,#2238,#2239,#2240,#2241,#2242,
#2243,#2244,#2245,#2246,#2247,#2248,#2249,#2250,#2251,#2252,#2253,#2254,
#2255,#2256,#2257,#2258,#2259,#2260,#2261,#2262,#2263,#2264,#2265,#2266,
#2267,#2268,#2269,#2270,#2271,#2272,#2273,#2274,#2275,#2276,#2277,#2278,
#2279,#2280,#2281,#2282,#2283,#2284,#2285,#2286,#2287,#2288,#2289,#2290,
#2291,#2292,#2293,#2294,#2295,#2296,#2297,#2298,#2299,#2300,#2301,#2302,
#2303,#2304,#2305,#2306,#2307,#2308,#2309,#2310,#2311,#2312,#2313,#2314,
#2315,#2316,#2317,#2318,#2319,#2320,#2321,#2322,#2323,#2324,#2325,#2326,
#2327,#2328,#2329,#2330,#2331,#2332,#2333,#2334,#2335,#2336,#2337,#2338,
#2339,#2340,#2341,#2342,#2343,#2344,#2345,#2346,#2347,#2348,#2349,#2350,
#2351,#2352,#2353,#2354,#2355,#2356,#2357,#2358,#2359,#2360,#2361,#2362,
#2363,#2364,#2365,#2366,#2367,#2368,#2369,#2370,#2371,#2372,#2373,#2374,
#2375,#2376,#2377,#2378,#2379,#2380,#2381,#2382,#2383,#2384,#2385,#2386,
#2387,#2388),.UNSPECIFIED.,.F.,.F.,(4,1,1,1,1,1,1,1,1,1,1,1,1,1,1,1,1,1,
1,1,1,1,1,1,1,1,1,1,1,1,1,1,1,1,1,1,1,1,1,1,1,1,1,1,1,1,1,1,1,1,1,1,1,1,
1,1,1,1,1,1,1,1,1,1,1,1,1,1,1,1,1,1,1,1,1,1,1,1,1,1,1,1,1,1,1,1,1,1,1,1,
1,1,1,1,1,1,1,1,1,1,1,1,1,1,1,1,1,1,1,1,1,1,1,1,1,1,1,1,1,1,1,1,1,1,1,1,
1,1,1,1,1,1,1,1,1,1,1,1,1,1,1,1,1,1,1,1,1,1,1,1,1,1,1,1,1,1,1,1,1,1,1,1,
1,1,1,1,1,1,1,1,1,1,1,1,1,1,1,1,1,1,1,1,1,1,1,1,1,1,1,1,1,1,1,1,1,1,1,1,
1,1,1,1,1,1,1,1,1,1,1,1,1,1,1,1,1,1,1,1,1,1,1,1,1,1,1,1,1,1,1,1,1,1,1,1,
1,1,1,1,1,1,1,1,1,1,1,4),(-5.63583064965637,-5.61954583648413,-5.45443231859708,
-5.28931880071002,-5.12420528282296,-4.95909176493591,-4.79397824704885,
-4.62886472916179,-4.46375121127473,-4.29863769338768,-4.13352417550062,
-3.96841065761356,-3.80329713972651,-3.63818362183945,-3.47307010395239,
-3.30795658606534,-3.14284306817828,-2.97772955029122,-2.81261603240416,
-2.64750251451711,-2.48238899663005,-2.31727547874299,-2.15216196085594,
-1.98704844296888,-1.82193492508182,-1.65682140719477,-1.49170788930771,
-1.32659437142065,-1.16148085353359,-0.996367335646537,-0.886291657055166,
-0.776215978463795,-0.666140299872423,-0.556064621281052,-0.445988942689681,
-0.335913264098309,-0.225837585506938,-0.115761906915567,-0.0056862283241953,
0.104389450267176,0.324540807449919,0.544692164632661,0.764843521815404,
0.984994878998147,1.20514623618089,1.31522191477226,1.42529759336363,1.64544895054637,
1.86560030772912,2.08575166491186,2.19582734350323,2.3059030220946,2.41597870068597,
2.52605437927735,2.63613005786872,2.74620573646009,2.85628141505146,2.96635709364283,
3.0764327722342,3.18650845082557,3.29658412941695,3.40665980800832,3.51673548659969,
3.62681116519106,3.73688684378243,3.8469625223738,3.95703820096517,4.06711387955654,
4.17718955814792,4.28726523673929,4.39734091533066,4.50741659392203,4.72756795110477,
4.94771930828752,5.05779498687889,5.16787066547026,5.27794634406163,5.388022022653,
5.49809770124437,5.60817337983574,5.71824905842712,5.82832473701849,5.93840041560986,
6.04847609420123,6.1585517727926,6.26862745138397,6.37870312997534,6.48877880856671,
6.70893016574946,6.9290815229322,7.03915720152357,7.14923288011494,7.25930855870631,
7.36938423729769,7.47945991588906,7.58953559448043,7.6996112730718,7.80968695166317,
7.91976263025454,8.02983830884591,8.13991398743729,8.24998966602866,8.36006534462003,
8.4701410232114,8.58021670180277,8.69029238039414,8.80036805898551,8.91044373757688,
9.02051941616826,9.13059509475963,9.240670773351,9.35074645194237,9.46082213053374,
9.57089780912511,9.79104916630785,10.0112005234906,10.2313518806733,10.4515032378561,
10.6716545950388,10.7817302736302,10.8918059522216,11.1119573094043,11.3321086665871,
11.5522600237698,11.7724113809525,11.9925627381353,12.212714095318,12.4328654525008,
12.6530168096835,12.8731681668663,13.093319524049,13.3134708812317,13.5336222384145,
13.7537735955972,13.97392495278,14.1940763099627,14.4142276671455,14.5243033457368,
14.6343790243282,14.8545303815109,15.0746817386937,15.2948330958764,15.5149844530592,
15.7351358102419,15.8452114888333,15.9552871674247,16.065362846016,16.1754385246074,
16.2855142031988,16.3955898817901,16.5056655603815,16.6157412389729,16.7258169175643,
16.8358925961556,16.945968274747,17.0560439533384,17.2761953105211,17.4963466677039,
17.6064223462952,17.7164980248866,17.826573703478,17.9366493820693,18.0467250606607,
18.1568007392521,18.2668764178434,18.3769520964348,18.4870277750262,18.5971034536176,
18.7071791322089,18.8172548108003,18.9273304893917,19.0374061679831,19.1474818465744,
19.2575575251658,19.3676332037572,19.4777088823485,19.5877845609399,19.6978602395313,
19.918011596714,20.1381629538968,20.3583143110795,20.5784656682622,20.798617025445,
21.0187683826277,21.2389197398105,21.3489954184018,21.4590710969932,21.679222454176,
21.8993738113587,22.1195251685414,22.3396765257242,22.5598278829069,22.6699035614983,
22.7799792400897,22.890054918681,23.0001305972724,23.1102062758638,23.2202819544552,
23.3303576330465,23.4404333116379,23.5505089902293,23.6605846688206,23.8073522402758,
23.954119811731,24.1008873831861,24.2476549546413,24.3944225260965,24.5411900975516,
24.6879576690068,24.8347252404619,24.9814928119171,25.1282603833723,25.2750279548274,
25.4217955262826,25.5869090441696,25.7520225620567,25.9171360799438,26.0822495978308,
26.2473631157179,26.4124766336049,26.577590151492,26.742703669379,26.9078171872661,
27.0729307051532,27.2380442230402,27.4031577409273,27.5682712588143,27.7333847767014,
27.8984982945884,28.0636118124755,28.2287253303626,28.3938388482496,28.5589523661367,
28.7240658840237,28.8891794019108,29.0542929197978,29.2194064376849,29.384519955572,
29.549633473459,29.7147469913461,29.8798605092331,30.0449740271202,30.2100875450072,
30.3752010628943,30.5403145807814,30.6185930100206),.UNSPECIFIED.);
#28=B_SPLINE_CURVE_WITH_KNOTS('',3,(#2389,#2390,#2391,#2392),
 .UNSPECIFIED.,.F.,.F.,(4,4),(-0.118678276287957,0.),.UNSPECIFIED.);
#29=B_SPLINE_CURVE_WITH_KNOTS('',3,(#3206,#3207,#3208,#3209,#3210,#3211,
#3212,#3213,#3214,#3215,#3216,#3217,#3218,#3219,#3220,#3221,#3222,#3223,
#3224,#3225,#3226,#3227,#3228,#3229,#3230,#3231,#3232,#3233,#3234,#3235,
#3236,#3237,#3238,#3239,#3240,#3241,#3242,#3243,#3244,#3245,#3246,#3247,
#3248,#3249,#3250,#3251,#3252,#3253,#3254,#3255,#3256,#3257,#3258,#3259,
#3260,#3261,#3262,#3263,#3264,#3265,#3266,#3267,#3268,#3269,#3270,#3271,
#3272,#3273,#3274,#3275,#3276,#3277,#3278,#3279,#3280,#3281,#3282,#3283,
#3284,#3285,#3286,#3287,#3288,#3289,#3290,#3291,#3292,#3293,#3294,#3295,
#3296,#3297,#3298,#3299,#3300,#3301,#3302,#3303,#3304,#3305,#3306,#3307,
#3308,#3309,#3310,#3311,#3312,#3313,#3314,#3315,#3316,#3317,#3318,#3319,
#3320,#3321,#3322,#3323,#3324,#3325,#3326,#3327,#3328,#3329,#3330,#3331,
#3332,#3333,#3334,#3335,#3336,#3337,#3338,#3339,#3340,#3341,#3342,#3343,
#3344,#3345,#3346,#3347,#3348,#3349,#3350,#3351,#3352,#3353,#3354,#3355,
#3356,#3357,#3358,#3359,#3360,#3361,#3362,#3363,#3364,#3365,#3366,#3367,
#3368,#3369,#3370,#3371,#3372,#3373,#3374,#3375,#3376,#3377,#3378,#3379,
#3380,#3381,#3382,#3383,#3384,#3385,#3386,#3387,#3388,#3389,#3390,#3391,
#3392,#3393,#3394,#3395,#3396,#3397,#3398,#3399,#3400,#3401,#3402,#3403,
#3404,#3405,#3406,#3407,#3408,#3409,#3410,#3411,#3412,#3413,#3414,#3415,
#3416,#3417,#3418,#3419,#3420,#3421,#3422,#3423,#3424,#3425,#3426,#3427,
#3428,#3429,#3430,#3431,#3432,#3433,#3434,#3435,#3436,#3437,#3438,#3439,
#3440,#3441,#3442,#3443,#3444,#3445,#3446,#3447,#3448,#3449,#3450,#3451,
#3452,#3453,#3454,#3455,#3456,#3457,#3458,#3459,#3460,#3461,#3462,#3463,
#3464,#3465,#3466,#3467,#3468,#3469,#3470,#3471,#3472,#3473,#3474,#3475,
#3476,#3477,#3478,#3479,#3480,#3481,#3482,#3483,#3484,#3485,#3486,#3487,
#3488,#3489,#3490,#3491,#3492,#3493,#3494,#3495,#3496,#3497,#3498,#3499,
#3500,#3501,#3502,#3503,#3504,#3505,#3506,#3507,#3508,#3509,#3510,#3511,
#3512,#3513,#3514,#3515,#3516,#3517,#3518,#3519,#3520,#3521,#3522,#3523,
#3524,#3525,#3526,#3527,#3528,#3529,#3530,#3531,#3532,#3533,#3534,#3535,
#3536,#3537,#3538,#3539,#3540,#3541,#3542,#3543,#3544,#3545,#3546,#3547,
#3548,#3549,#3550,#3551,#3552,#3553,#3554,#3555,#3556,#3557,#3558,#3559,
#3560,#3561,#3562,#3563,#3564,#3565,#3566,#3567,#3568,#3569,#3570,#3571,
#3572,#3573,#3574,#3575,#3576,#3577,#3578,#3579,#3580,#3581,#3582,#3583,
#3584,#3585,#3586,#3587,#3588,#3589,#3590,#3591,#3592,#3593,#3594,#3595,
#3596,#3597,#3598,#3599,#3600,#3601,#3602,#3603,#3604,#3605,#3606,#3607,
#3608,#3609,#3610,#3611,#3612,#3613,#3614,#3615,#3616,#3617,#3618,#3619,
#3620,#3621,#3622,#3623,#3624,#3625,#3626,#3627,#3628,#3629,#3630,#3631,
#3632,#3633,#3634,#3635,#3636,#3637,#3638,#3639,#3640,#3641,#3642,#3643,
#3644,#3645,#3646,#3647,#3648,#3649,#3650,#3651,#3652,#3653,#3654,#3655,
#3656,#3657,#3658,#3659,#3660,#3661,#3662,#3663,#3664,#3665,#3666,#3667,
#3668,#3669,#3670,#3671,#3672,#3673,#3674,#3675,#3676,#3677,#3678,#3679,
#3680,#3681,#3682,#3683,#3684,#3685,#3686,#3687,#3688,#3689,#3690,#3691,
#3692,#3693,#3694,#3695,#3696,#3697,#3698,#3699,#3700,#3701,#3702,#3703,
#3704,#3705,#3706,#3707,#3708,#3709,#3710,#3711,#3712,#3713,#3714,#3715,
#3716,#3717,#3718,#3719,#3720,#3721,#3722,#3723,#3724,#3725,#3726,#3727,
#3728,#3729,#3730,#3731,#3732,#3733,#3734,#3735,#3736,#3737,#3738,#3739,
#3740,#3741,#3742,#3743,#3744,#3745,#3746,#3747,#3748,#3749,#3750,#3751,
#3752,#3753,#3754,#3755,#3756,#3757,#3758,#3759,#3760,#3761,#3762,#3763,
#3764,#3765,#3766,#3767,#3768,#3769,#3770,#3771,#3772,#3773,#3774,#3775,
#3776,#3777,#3778,#3779,#3780,#3781,#3782,#3783,#3784,#3785,#3786,#3787,
#3788,#3789,#3790,#3791,#3792,#3793,#3794,#3795,#3796,#3797,#3798,#3799,
#3800),.UNSPECIFIED.,.F.,.F.,(4,3,3,3,3,3,3,3,3,3,3,3,3,3,3,3,3,3,3,3,3,
3,3,3,3,3,3,3,3,3,3,3,3,3,3,3,3,3,3,3,3,3,3,3,3,3,3,3,3,3,3,3,3,3,3,3,3,
3,3,3,3,3,3,3,3,3,3,3,3,3,3,3,3,3,3,3,3,3,3,3,3,3,3,3,3,3,3,3,3,3,3,3,3,
3,3,3,3,3,3,3,3,3,3,3,3,3,3,3,3,3,3,3,3,3,3,3,3,3,3,3,3,3,3,3,3,3,3,3,3,
3,3,3,3,3,3,3,3,3,3,3,3,3,3,3,3,3,3,3,3,3,3,3,3,3,3,3,3,3,3,3,3,3,3,3,3,
3,3,3,3,3,3,3,3,3,3,3,3,3,3,3,3,3,3,3,3,3,3,3,3,3,3,3,3,3,3,3,3,3,4),(-26.0252796921905,
-25.9635381419193,-25.8234862550645,-25.6834343682096,-25.5433824813547,
-25.4033305944999,-25.263278707645,-25.1232268207902,-24.9831749339353,
-24.8431230470805,-24.7030711602256,-24.5630192733707,-24.4229673865159,
-24.3529414430885,-24.282915499661,-24.1428636128062,-24.0028117259513,
-23.8627598390965,-23.7227079522416,-23.5826560653867,-23.4426041785319,
-23.302552291677,-23.1625004048222,-23.0224485179673,-22.8823966311124,
-22.7423447442576,-22.6022928574027,-22.4622409705479,-22.322189083693,
-22.1821371968382,-22.0420853099833,-21.9020334231284,-21.7775428570352,
-21.653052290942,-21.5285617248488,-21.4040711587556,-21.2795805926624,
-21.1550900265692,-21.030599460476,-20.9061088943828,-20.7816183282896,
-20.6571277621964,-20.5326371961032,-20.40814663001,-20.2214107808701,-20.0346749317303,
-19.8479390825905,-19.6612032334507,-19.4744673843109,-19.2877315351711,
-19.1009956860313,-18.9142598368915,-18.7275239877516,-18.5407881386118,
-18.354052289472,-18.1673164403322,-17.9805805911924,-17.7938447420526,
-17.6071088929128,-17.420373043773,-17.2336371946332,-17.0469013454934,
-16.8601654963535,-16.6734296472137,-16.4866937980739,-16.2999579489341,
-16.1132220997943,-15.9264862506545,-15.7397504015147,-15.6463824769448,
-15.5530145523749,-15.3662787032351,-15.1795428540953,-14.9928070049554,
-14.8060711558156,-14.6193353066758,-14.432599457536,-14.2458636083962,
-14.0591277592564,-13.8723919101166,-13.6856560609768,-13.498920211837,
-13.3121843626971,-13.1254485135573,-12.9387126644175,-12.7519768152777,
-12.5652409661379,-12.3785051169981,-12.1917692678583,-12.0050334187185,
-11.8182975695787,-11.6315617204389,-11.444825871299,-11.2580900221592,
-11.0713541730194,-10.8846183238796,-10.6978824747398,-10.5111466256,-10.3244107764602,
-10.1376749273204,-9.95093907818055,-9.76420322904074,-9.67083530447084,
-9.57746737990093,-9.39073153076112,-9.20399568162131,-9.0172598324815,
-8.83052398334169,-8.64378813420188,-8.45705228506207,-8.27031643592226,
-8.08358058678245,-7.89684473764264,-7.71010888850283,-7.52337303936302,
-7.33663719022321,-7.1499013410834,-7.05653341651349,-6.96316549194359,
-6.77642964280377,-6.58969379366396,-6.40295794452415,-6.21622209538434,
-6.02948624624453,-5.84275039710472,-5.65601454796491,-5.4692786988251,
-5.28254284968529,-5.09580700054548,-5.00243907597557,-4.90907115140567,
-4.72233530226586,-4.53559945312605,-4.34886360398623,-4.16212775484643,
-3.97539190570662,-3.83534001885176,-3.6952881319969,-3.55523624514204,
-3.41518435828718,-3.27513247143232,-3.13508058457747,-2.99502869772261,
-2.85497681086775,-2.71492492401289,-2.57487303715803,-2.43482115030318,
-2.29476926344832,-2.15471737659346,-2.0146654897386,-1.87461360288374,
-1.73456171602889,-1.54782586688907,-1.36109001774926,-1.17435416860945,
-0.987618319469643,-0.800882470329831,-0.614146621190021,-0.520778696620116,
-0.42741077205021,-0.2406749229104,-0.0539390737705894,0.132796775369222,
0.319532624509032,0.412900549078937,0.506268473648842,0.6463203605037,0.786372247358557,
0.926424134213416,1.06647602106827,1.20652790792313,1.34657979477799,1.48663168163285,
1.62668356848771,1.76673545534256,1.90678734219742,2.04683922905228,2.18689111590714,
2.326943002762,2.46699488961685,2.60704677647171,2.74709866332657,2.88715055018143,
2.95717649360886,3.02720243703629,3.16725432389114,3.307306210746,3.44735809760086,
3.58740998445572,3.72746187131058,3.86751375816543,4.00756564502029,4.14761753187515,
4.28766941873001,4.42772130558487,4.56777319243972,4.70782507929458,4.84787696614944,
4.9879288530043),.UNSPECIFIED.);
#30=B_SPLINE_CURVE_WITH_KNOTS('',3,(#3801,#3802,#3803,#3804,#3805,#3806,
#3807,#3808,#3809,#3810,#3811,#3812,#3813,#3814),.UNSPECIFIED.,.F.,.F.,
(4,2,2,2,2,2,4),(69.5724969543684,69.6002544118137,69.6980776995675,69.7916370021755,
69.8809311079663,69.9659590692296,69.994861040897),.UNSPECIFIED.);
#31=B_SPLINE_CURVE_WITH_KNOTS('',3,(#4457,#4458,#4459,#4460,#4461,#4462,
#4463,#4464,#4465,#4466,#4467,#4468,#4469,#4470,#4471,#4472,#4473,#4474,
#4475,#4476,#4477,#4478),.UNSPECIFIED.,.F.,.F.,(4,3,3,3,3,3,3,4),(0.172288672069907,
0.198438087096174,0.212074147077227,0.223562678264811,0.227266141490548,
0.254131595467108,0.281545338542042,0.307526566944597),.UNSPECIFIED.);
#32=B_SPLINE_CURVE_WITH_KNOTS('',3,(#4479,#4480,#4481,#4482,#4483,#4484,
#4485,#4486,#4487,#4488,#4489,#4490,#4491,#4492,#4493,#4494,#4495,#4496,
#4497,#4498,#4499,#4500,#4501,#4502,#4503,#4504,#4505,#4506,#4507,#4508,
#4509,#4510,#4511,#4512,#4513,#4514,#4515,#4516,#4517,#4518,#4519,#4520,
#4521,#4522,#4523,#4524,#4525,#4526,#4527,#4528,#4529,#4530,#4531,#4532,
#4533,#4534,#4535,#4536,#4537,#4538,#4539,#4540,#4541,#4542,#4543,#4544,
#4545,#4546,#4547,#4548,#4549,#4550,#4551,#4552,#4553,#4554,#4555,#4556,
#4557,#4558,#4559,#4560),.UNSPECIFIED.,.F.,.F.,(4,3,3,3,3,3,3,3,3,3,3,3,
3,3,3,3,3,3,3,3,3,3,3,3,3,3,3,4),(-1.12256713649361,-1.10856120232199,-1.0990352949104,
-1.09581962304355,-1.07115119388155,-1.04692203490204,-1.02300287722332,
-1.01376103370812,-1.00819237690821,-1.00451302700566,-0.981140372777315,
-0.958300878929092,-0.935930822973642,-0.925233056173664,-0.921429506863731,
-0.898472189747573,-0.875863983611343,-0.859000855991017,-0.85009577814512,
-0.845137778173885,-0.840819611495723,-0.819030763680257,-0.797476826563415,
-0.776353995068957,-0.769361848287831,-0.766039814482526,-0.745312965334834,
-0.740958962648735),.UNSPECIFIED.);
#33=PLANE('',#183);
#34=PLANE('',#184);
#35=PLANE('',#186);
#36=PLANE('',#189);
#37=PLANE('',#190);
#38=FACE_OUTER_BOUND('',#49,.T.);
#39=FACE_OUTER_BOUND('',#50,.T.);
#40=FACE_OUTER_BOUND('',#51,.T.);
#41=FACE_OUTER_BOUND('',#53,.T.);
#42=FACE_OUTER_BOUND('',#54,.T.);
#43=FACE_OUTER_BOUND('',#55,.T.);
#44=FACE_OUTER_BOUND('',#56,.T.);
#45=FACE_OUTER_BOUND('',#57,.T.);
#46=FACE_OUTER_BOUND('',#58,.T.);
#47=FACE_OUTER_BOUND('',#59,.T.);
#48=FACE_OUTER_BOUND('',#60,.T.);
#49=EDGE_LOOP('',(#111,#112,#113,#114));
#50=EDGE_LOOP('',(#115));
#51=EDGE_LOOP('',(#116,#117,#118,#119));
#52=EDGE_LOOP('',(#120,#121));
#53=EDGE_LOOP('',(#122,#123,#124,#125,#126));
#54=EDGE_LOOP('',(#127,#128,#129,#130));
#55=EDGE_LOOP('',(#131,#132,#133,#134));
#56=EDGE_LOOP('',(#135,#136,#137,#138,#139));
#57=EDGE_LOOP('',(#140,#141,#142));
#58=EDGE_LOOP('',(#143,#144,#145,#146));
#59=EDGE_LOOP('',(#147,#148));
#60=EDGE_LOOP('',(#149,#150,#151));
#61=EDGE_LOOP('',(#152));
#62=LINE('',#225,#67);
#63=LINE('',#412,#68);
#64=LINE('',#3817,#69);
#65=LINE('',#3819,#70);
#66=LINE('',#3820,#71);
#67=VECTOR('',#197,1.75);
#68=VECTOR('',#206,10.);
#69=VECTOR('',#209,10.);
#70=VECTOR('',#210,10.);
#71=VECTOR('',#211,10.);
#72=CIRCLE('',#181,1.75);
#73=CIRCLE('',#182,1.75);
#74=CIRCLE('',#185,1.7);
#75=CIRCLE('',#188,1.7);
#76=VERTEX_POINT('',#222);
#77=VERTEX_POINT('',#224);
#78=VERTEX_POINT('',#229);
#79=VERTEX_POINT('',#230);
#80=VERTEX_POINT('',#331);
#81=VERTEX_POINT('',#390);
#82=VERTEX_POINT('',#409);
#83=VERTEX_POINT('',#410);
#84=VERTEX_POINT('',#1919);
#85=VERTEX_POINT('',#2121);
#86=VERTEX_POINT('',#2140);
#87=VERTEX_POINT('',#3205);
#88=VERTEX_POINT('',#3816);
#89=VERTEX_POINT('',#3818);
#90=EDGE_CURVE('',#76,#76,#72,.T.);
#91=EDGE_CURVE('',#76,#77,#62,.T.);
#92=EDGE_CURVE('',#77,#77,#73,.T.);
#93=EDGE_CURVE('',#78,#79,#21,.T.);
#94=EDGE_CURVE('',#80,#78,#22,.T.);
#95=EDGE_CURVE('',#81,#80,#23,.T.);
#96=EDGE_CURVE('',#79,#81,#24,.T.);
#97=EDGE_CURVE('',#82,#83,#74,.T.);
#98=EDGE_CURVE('',#83,#82,#63,.T.);
#99=EDGE_CURVE('',#80,#84,#25,.F.);
#100=EDGE_CURVE('',#84,#85,#26,.F.);
#101=EDGE_CURVE('',#85,#86,#27,.T.);
#102=EDGE_CURVE('',#81,#86,#28,.T.);
#103=EDGE_CURVE('',#78,#87,#29,.T.);
#104=EDGE_CURVE('',#84,#87,#30,.T.);
#105=EDGE_CURVE('',#88,#82,#64,.F.);
#106=EDGE_CURVE('',#89,#88,#65,.F.);
#107=EDGE_CURVE('',#83,#89,#66,.F.);
#108=EDGE_CURVE('',#86,#79,#31,.T.);
#109=EDGE_CURVE('',#87,#85,#32,.F.);
#110=EDGE_CURVE('',#88,#89,#75,.F.);
#111=ORIENTED_EDGE('',*,*,#90,.F.);
#112=ORIENTED_EDGE('',*,*,#91,.T.);
#113=ORIENTED_EDGE('',*,*,#92,.F.);
#114=ORIENTED_EDGE('',*,*,#91,.F.);
#115=ORIENTED_EDGE('',*,*,#90,.T.);
#116=ORIENTED_EDGE('',*,*,#93,.F.);
#117=ORIENTED_EDGE('',*,*,#94,.F.);
#118=ORIENTED_EDGE('',*,*,#95,.F.);
#119=ORIENTED_EDGE('',*,*,#96,.F.);
#120=ORIENTED_EDGE('',*,*,#97,.F.);
#121=ORIENTED_EDGE('',*,*,#98,.F.);
#122=ORIENTED_EDGE('',*,*,#95,.T.);
#123=ORIENTED_EDGE('',*,*,#99,.T.);
#124=ORIENTED_EDGE('',*,*,#100,.T.);
#125=ORIENTED_EDGE('',*,*,#101,.T.);
#126=ORIENTED_EDGE('',*,*,#102,.F.);
#127=ORIENTED_EDGE('',*,*,#94,.T.);
#128=ORIENTED_EDGE('',*,*,#103,.T.);
#129=ORIENTED_EDGE('',*,*,#104,.F.);
#130=ORIENTED_EDGE('',*,*,#99,.F.);
#131=ORIENTED_EDGE('',*,*,#98,.T.);
#132=ORIENTED_EDGE('',*,*,#105,.F.);
#133=ORIENTED_EDGE('',*,*,#106,.F.);
#134=ORIENTED_EDGE('',*,*,#107,.F.);
#135=ORIENTED_EDGE('',*,*,#93,.T.);
#136=ORIENTED_EDGE('',*,*,#108,.F.);
#137=ORIENTED_EDGE('',*,*,#101,.F.);
#138=ORIENTED_EDGE('',*,*,#109,.F.);
#139=ORIENTED_EDGE('',*,*,#103,.F.);
#140=ORIENTED_EDGE('',*,*,#96,.T.);
#141=ORIENTED_EDGE('',*,*,#102,.T.);
#142=ORIENTED_EDGE('',*,*,#108,.T.);
#143=ORIENTED_EDGE('',*,*,#97,.T.);
#144=ORIENTED_EDGE('',*,*,#107,.T.);
#145=ORIENTED_EDGE('',*,*,#110,.F.);
#146=ORIENTED_EDGE('',*,*,#105,.T.);
#147=ORIENTED_EDGE('',*,*,#106,.T.);
#148=ORIENTED_EDGE('',*,*,#110,.T.);
#149=ORIENTED_EDGE('',*,*,#100,.F.);
#150=ORIENTED_EDGE('',*,*,#104,.T.);
#151=ORIENTED_EDGE('',*,*,#109,.T.);
#152=ORIENTED_EDGE('',*,*,#92,.T.);
#153=CYLINDRICAL_SURFACE('',#180,1.75);
#154=CYLINDRICAL_SURFACE('',#187,1.7);
#155=ADVANCED_FACE('',(#38),#153,.T.);
#156=ADVANCED_FACE('',(#39),#33,.T.);
#157=ADVANCED_FACE('',(#40,#19),#34,.T.);
#158=ADVANCED_FACE('',(#41),#15,.F.);
#159=ADVANCED_FACE('',(#42),#16,.F.);
#160=ADVANCED_FACE('',(#43),#35,.T.);
#161=ADVANCED_FACE('',(#44),#17,.F.);
#162=ADVANCED_FACE('',(#45),#18,.T.);
#163=ADVANCED_FACE('',(#46),#154,.F.);
#164=ADVANCED_FACE('',(#47),#36,.F.);
#165=ADVANCED_FACE('',(#48,#20),#37,.T.);
#166=CLOSED_SHELL('',(#155,#156,#157,#158,#159,#160,#161,#162,#163,#164,
#165));
#167=DERIVED_UNIT_ELEMENT(#169,1.);
#168=DERIVED_UNIT_ELEMENT(#4610,-3.);
#169=(
MASS_UNIT()
NAMED_UNIT(*)
SI_UNIT(.KILO.,.GRAM.)
);
#170=DERIVED_UNIT((#167,#168));
#171=MEASURE_REPRESENTATION_ITEM('density measure',
POSITIVE_RATIO_MEASURE(7850.),#170);
#172=PROPERTY_DEFINITION_REPRESENTATION(#177,#174);
#173=PROPERTY_DEFINITION_REPRESENTATION(#178,#175);
#174=REPRESENTATION('material name',(#176),#4607);
#175=REPRESENTATION('density',(#171),#4607);
#176=DESCRIPTIVE_REPRESENTATION_ITEM('Steel','Steel');
#177=PROPERTY_DEFINITION('material property','material name',#4617);
#178=PROPERTY_DEFINITION('material property','density of part',#4617);
#179=AXIS2_PLACEMENT_3D('',#220,#191,#192);
#180=AXIS2_PLACEMENT_3D('',#221,#193,#194);
#181=AXIS2_PLACEMENT_3D('',#223,#195,#196);
#182=AXIS2_PLACEMENT_3D('',#226,#198,#199);
#183=AXIS2_PLACEMENT_3D('',#227,#200,#201);
#184=AXIS2_PLACEMENT_3D('',#228,#202,#203);
#185=AXIS2_PLACEMENT_3D('',#411,#204,#205);
#186=AXIS2_PLACEMENT_3D('',#3815,#207,#208);
#187=AXIS2_PLACEMENT_3D('',#4601,#212,#213);
#188=AXIS2_PLACEMENT_3D('',#4602,#214,#215);
#189=AXIS2_PLACEMENT_3D('',#4603,#216,#217);
#190=AXIS2_PLACEMENT_3D('',#4604,#218,#219);
#191=DIRECTION('axis',(0.,0.,1.));
#192=DIRECTION('refdir',(1.,0.,0.));
#193=DIRECTION('center_axis',(0.,1.,0.));
#194=DIRECTION('ref_axis',(-1.,0.,0.));
#195=DIRECTION('center_axis',(0.,1.,0.));
#196=DIRECTION('ref_axis',(-1.,0.,0.));
#197=DIRECTION('',(0.,-1.,0.));
#198=DIRECTION('center_axis',(0.,-1.,0.));
#199=DIRECTION('ref_axis',(-1.,0.,0.));
#200=DIRECTION('center_axis',(0.,1.,0.));
#201=DIRECTION('ref_axis',(-1.,0.,0.));
#202=DIRECTION('center_axis',(0.,-1.,0.));
#203=DIRECTION('ref_axis',(1.,0.,0.));
#204=DIRECTION('center_axis',(0.,-1.,0.));
#205=DIRECTION('ref_axis',(-1.,0.,0.));
#206=DIRECTION('',(1.,0.,0.));
#207=DIRECTION('center_axis',(0.,0.,1.));
#208=DIRECTION('ref_axis',(-1.,0.,0.));
#209=DIRECTION('',(0.,1.,0.));
#210=DIRECTION('',(-1.,0.,0.));
#211=DIRECTION('',(0.,-1.,0.));
#212=DIRECTION('center_axis',(0.,-1.,0.));
#213=DIRECTION('ref_axis',(1.83697019872103E-16,0.,1.));
#214=DIRECTION('center_axis',(0.,1.,0.));
#215=DIRECTION('ref_axis',(-1.,0.,0.));
#216=DIRECTION('center_axis',(0.,1.,0.));
#217=DIRECTION('ref_axis',(-1.,0.,0.));
#218=DIRECTION('center_axis',(0.,1.,0.));
#219=DIRECTION('ref_axis',(-1.,0.,0.));
#220=CARTESIAN_POINT('',(0.,0.,0.));
#221=CARTESIAN_POINT('Origin',(6.00000008940697,38.4,-5.00000007450581));
#222=CARTESIAN_POINT('',(7.75000008940697,43.4,-5.00000007450581));
#223=CARTESIAN_POINT('Origin',(6.00000008940697,43.4,-5.00000007450581));
#224=CARTESIAN_POINT('',(7.75000008940697,38.4,-5.00000007450581));
#225=CARTESIAN_POINT('',(7.75000008940697,38.4,-5.00000007450581));
#226=CARTESIAN_POINT('Origin',(6.00000008940697,38.4,-5.00000007450581));
#227=CARTESIAN_POINT('Origin',(6.00000008940697,43.4,-5.00000007450581));
#228=CARTESIAN_POINT('Origin',(5.98448704416877,13.9,-4.91399952495445));
#229=CARTESIAN_POINT('',(7.31434158262331,13.9,-6.40853284683822));
#230=CARTESIAN_POINT('',(3.35048704416913,13.9000000000002,-4.91399952495108));
#231=CARTESIAN_POINT('Ctrl Pts',(7.31434158262338,13.9,-6.40853284683814));
#232=CARTESIAN_POINT('Ctrl Pts',(7.26802335165238,13.9,-6.46278134340102));
#233=CARTESIAN_POINT('Ctrl Pts',(7.21871073163534,13.9,-6.51417787322688));
#234=CARTESIAN_POINT('Ctrl Pts',(7.16675955282125,13.9,-6.56270266055206));
#235=CARTESIAN_POINT('Ctrl Pts',(7.11350246564519,13.9,-6.61244722627259));
#236=CARTESIAN_POINT('Ctrl Pts',(7.05747206996568,13.9,-6.65917439270412));
#237=CARTESIAN_POINT('Ctrl Pts',(6.99900210881036,13.9,-6.70284019445308));
#238=CARTESIAN_POINT('Ctrl Pts',(6.97620025021123,13.9,-6.71986879199998));
#239=CARTESIAN_POINT('Ctrl Pts',(6.95302689294074,13.9,-6.73643153139492));
#240=CARTESIAN_POINT('Ctrl Pts',(6.92950009619171,13.9,-6.75252463009061));
#241=CARTESIAN_POINT('Ctrl Pts',(6.91076609127486,13.9,-6.76533930236871));
#242=CARTESIAN_POINT('Ctrl Pts',(6.89180182148441,13.9,-6.77785987373032));
#243=CARTESIAN_POINT('Ctrl Pts',(6.87264874888638,13.9,-6.79006389560171));
#244=CARTESIAN_POINT('Ctrl Pts',(6.80863429675444,13.9,-6.83085284838746));
#245=CARTESIAN_POINT('Ctrl Pts',(6.74246574032014,13.9,-6.86814427692571));
#246=CARTESIAN_POINT('Ctrl Pts',(6.67451304340023,13.9,-6.90189846807755));
#247=CARTESIAN_POINT('Ctrl Pts',(6.62452192654665,13.9,-6.92673059087259));
#248=CARTESIAN_POINT('Ctrl Pts',(6.57356407469734,13.9,-6.94964781017586));
#249=CARTESIAN_POINT('Ctrl Pts',(6.52177259932517,13.9,-6.97062338944555));
#250=CARTESIAN_POINT('Ctrl Pts',(6.48837485443075,13.9,-6.9841494965979));
#251=CARTESIAN_POINT('Ctrl Pts',(6.45463023049965,13.9,-6.99686801331057));
#252=CARTESIAN_POINT('Ctrl Pts',(6.42057233286017,13.9,-7.0087693882021));
#253=CARTESIAN_POINT('Ctrl Pts',(6.40691872168181,13.9,-7.01354057951217));
#254=CARTESIAN_POINT('Ctrl Pts',(6.39321304111559,13.9,-7.0181809777218));
#255=CARTESIAN_POINT('Ctrl Pts',(6.37946276908722,13.9,-7.02268811957947));
#256=CARTESIAN_POINT('Ctrl Pts',(6.30481449379425,13.9,-7.04715675303494));
#257=CARTESIAN_POINT('Ctrl Pts',(6.22907723366993,13.9,-7.06762897957752));
#258=CARTESIAN_POINT('Ctrl Pts',(6.15262738239374,13.9,-7.08406588311057));
#259=CARTESIAN_POINT('Ctrl Pts',(6.07474065816122,13.9,-7.10081171781587));
#260=CARTESIAN_POINT('Ctrl Pts',(5.99611349811953,13.9,-7.11336973226104));
#261=CARTESIAN_POINT('Ctrl Pts',(5.91710757131427,13.9,-7.12165965973172));
#262=CARTESIAN_POINT('Ctrl Pts',(5.83860181057367,13.9,-7.1298971058182));
#263=CARTESIAN_POINT('Ctrl Pts',(5.759721086728,13.9,-7.1339207927907));
#264=CARTESIAN_POINT('Ctrl Pts',(5.68079832686736,13.9,-7.13360588160331));
#265=CARTESIAN_POINT('Ctrl Pts',(5.65150474543781,13.9,-7.13348899673351));
#266=CARTESIAN_POINT('Ctrl Pts',(5.62220522906035,13.9,-7.13277390952844));
#267=CARTESIAN_POINT('Ctrl Pts',(5.59291644582166,13.9,-7.13145240797847));
#268=CARTESIAN_POINT('Ctrl Pts',(5.57721775557401,13.9,-7.13074408754994));
#269=CARTESIAN_POINT('Ctrl Pts',(5.56152214710671,13.9,-7.12986153117414));
#270=CARTESIAN_POINT('Ctrl Pts',(5.54583218121397,13.9,-7.12880334825051));
#271=CARTESIAN_POINT('Ctrl Pts',(5.53337600527599,13.9,-7.12796326276139));
#272=CARTESIAN_POINT('Ctrl Pts',(5.52093233533956,13.9,-7.12701307454773));
#273=CARTESIAN_POINT('Ctrl Pts',(5.50850448119872,13.9,-7.12595273850444));
#274=CARTESIAN_POINT('Ctrl Pts',(5.46374530434142,13.9,-7.12213391604711));
#275=CARTESIAN_POINT('Ctrl Pts',(5.41918319096855,13.9,-7.11688612783665));
#276=CARTESIAN_POINT('Ctrl Pts',(5.37488033011663,13.9,-7.11019863456558));
#277=CARTESIAN_POINT('Ctrl Pts',(5.29794356159582,13.9,-7.09858507029712));
#278=CARTESIAN_POINT('Ctrl Pts',(5.22178892551908,13.9,-7.08263298531078));
#279=CARTESIAN_POINT('Ctrl Pts',(5.14663789313924,13.9,-7.06263941385665));
#280=CARTESIAN_POINT('Ctrl Pts',(5.06955094850148,13.9,-7.04213080223831));
#281=CARTESIAN_POINT('Ctrl Pts',(4.99351929871732,13.9,-7.01736968331801));
#282=CARTESIAN_POINT('Ctrl Pts',(4.91877733819961,13.9,-6.98862216644916));
#283=CARTESIAN_POINT('Ctrl Pts',(4.84295817606387,13.9,-6.95946033248894));
#284=CARTESIAN_POINT('Ctrl Pts',(4.76846533919,13.9,-6.92619609277746));
#285=CARTESIAN_POINT('Ctrl Pts',(4.69555018491726,13.9,-6.88905502907516));
#286=CARTESIAN_POINT('Ctrl Pts',(4.68399726016433,13.9,-6.88317027276522));
#287=CARTESIAN_POINT('Ctrl Pts',(4.6724921222091,13.9,-6.87719223114827));
#288=CARTESIAN_POINT('Ctrl Pts',(4.66103753161578,13.9,-6.87112314351357));
#289=CARTESIAN_POINT('Ctrl Pts',(4.58717821440202,13.9,-6.83198960441783));
#290=CARTESIAN_POINT('Ctrl Pts',(4.51539567386741,13.9,-6.78906241353509));
#291=CARTESIAN_POINT('Ctrl Pts',(4.44593667588328,13.9,-6.74265957309619));
#292=CARTESIAN_POINT('Ctrl Pts',(4.37507800592666,13.9,-6.69532166654504));
#293=CARTESIAN_POINT('Ctrl Pts',(4.30663661502234,13.9,-6.64436633000226));
#294=CARTESIAN_POINT('Ctrl Pts',(4.24088012946915,13.9,-6.59007661163604));
#295=CARTESIAN_POINT('Ctrl Pts',(4.17467343718243,13.9,-6.53541519462195));
#296=CARTESIAN_POINT('Ctrl Pts',(4.11118761786942,13.9,-6.47737312283615));
#297=CARTESIAN_POINT('Ctrl Pts',(4.05071494627864,13.9,-6.41619041630635));
#298=CARTESIAN_POINT('Ctrl Pts',(4.01960243928894,13.9,-6.38471260435455));
#299=CARTESIAN_POINT('Ctrl Pts',(3.98928790291571,13.9,-6.35240272278549));
#300=CARTESIAN_POINT('Ctrl Pts',(3.95981433785445,13.9,-6.31928909449612));
#301=CARTESIAN_POINT('Ctrl Pts',(3.95020136430273,13.9,-6.30848889328919));
#302=CARTESIAN_POINT('Ctrl Pts',(3.94068372123278,13.9,-6.29760969309684));
#303=CARTESIAN_POINT('Ctrl Pts',(3.93126621388401,13.9,-6.28665703541393));
#304=CARTESIAN_POINT('Ctrl Pts',(3.87348717600933,13.9,-6.21945942147503));
#305=CARTESIAN_POINT('Ctrl Pts',(3.81943228547036,13.9,-6.1494517364078));
#306=CARTESIAN_POINT('Ctrl Pts',(3.76937819149454,13.9,-6.07693957011205));
#307=CARTESIAN_POINT('Ctrl Pts',(3.71948881766217,13.9,-6.00466602994029));
#308=CARTESIAN_POINT('Ctrl Pts',(3.67357305756372,13.9,-5.92990387085239));
#309=CARTESIAN_POINT('Ctrl Pts',(3.63192948549902,13.9,-5.85291101399968));
#310=CARTESIAN_POINT('Ctrl Pts',(3.60017032697298,13.9,-5.79419298802536));
#311=CARTESIAN_POINT('Ctrl Pts',(3.57089636227912,13.9,-5.73417656301538));
#312=CARTESIAN_POINT('Ctrl Pts',(3.54425463208653,13.9,-5.6729618335635));
#313=CARTESIAN_POINT('Ctrl Pts',(3.52988889743054,13.9,-5.63995367103099));
#314=CARTESIAN_POINT('Ctrl Pts',(3.51628875164155,13.9,-5.60659689571478));
#315=CARTESIAN_POINT('Ctrl Pts',(3.50344801102084,13.9,-5.57291546411911));
#316=CARTESIAN_POINT('Ctrl Pts',(3.49389878396459,13.9,-5.54786771590995));
#317=CARTESIAN_POINT('Ctrl Pts',(3.48476956750363,13.9,-5.52264040160681));
#318=CARTESIAN_POINT('Ctrl Pts',(3.47605833634453,13.9,-5.49724312132259));
#319=CARTESIAN_POINT('Ctrl Pts',(3.47156671536224,13.9,-5.48414796233366));
#320=CARTESIAN_POINT('Ctrl Pts',(3.46718602263538,13.9,-5.47100674227324));
#321=CARTESIAN_POINT('Ctrl Pts',(3.46292068880687,13.9,-5.45783588736573));
#322=CARTESIAN_POINT('Ctrl Pts',(3.43648353286499,13.9,-5.3762010238176));
#323=CARTESIAN_POINT('Ctrl Pts',(3.41442682425357,13.9000000000001,-5.29329337575069));
#324=CARTESIAN_POINT('Ctrl Pts',(3.39659883674108,13.9000000000001,-5.20947277597531));
#325=CARTESIAN_POINT('Ctrl Pts',(3.37823561818555,13.9000000000002,-5.12313571790566));
#326=CARTESIAN_POINT('Ctrl Pts',(3.36435859581435,13.9000000000003,-5.03582945401351));
#327=CARTESIAN_POINT('Ctrl Pts',(3.35484652902173,13.9000000000003,-4.94791553162473));
#328=CARTESIAN_POINT('Ctrl Pts',(3.35370485122755,13.9000000000003,-4.93736373723784));
#329=CARTESIAN_POINT('Ctrl Pts',(3.35262610792406,13.9000000000004,-4.92680315936827));
#330=CARTESIAN_POINT('Ctrl Pts',(3.35161013359039,13.9000000000004,-4.91623440054325));
#331=CARTESIAN_POINT('',(7.46724692907582,13.9,-2.9128241365424));
#332=CARTESIAN_POINT('Ctrl Pts',(7.46724692906392,13.9,-2.91282413653137));
#333=CARTESIAN_POINT('Ctrl Pts',(7.53021462350932,13.9,-2.97124544032094));
#334=CARTESIAN_POINT('Ctrl Pts',(7.58988613257899,13.9000000024645,-3.03292860910607));
#335=CARTESIAN_POINT('Ctrl Pts',(7.64611153956082,13.9000000071863,-3.09754436991802));
#336=CARTESIAN_POINT('Ctrl Pts',(7.70256048200657,13.9000000119269,-3.16241702374053));
#337=CARTESIAN_POINT('Ctrl Pts',(7.75553624371675,13.9000000189488,-3.23024657540037));
#338=CARTESIAN_POINT('Ctrl Pts',(7.80484011304878,13.9000000275211,-3.30072277629156));
#339=CARTESIAN_POINT('Ctrl Pts',(7.85414398238081,13.9000000360933,-3.37119897718276));
#340=CARTESIAN_POINT('Ctrl Pts',(7.89977629915727,13.9000000462222,-3.44432276048265));
#341=CARTESIAN_POINT('Ctrl Pts',(7.94148610576481,13.9000000565647,-3.51979270818036));
#342=CARTESIAN_POINT('Ctrl Pts',(7.98195665079064,13.9000000666,-3.59302032932798));
#343=CARTESIAN_POINT('Ctrl Pts',(8.01856523439378,13.9000000767119,-3.6681500265034));
#344=CARTESIAN_POINT('Ctrl Pts',(8.05114030071561,13.9000000870023,-3.74488623329912));
#345=CARTESIAN_POINT('Ctrl Pts',(8.08341044982739,13.9000000971963,-3.82090415483168));
#346=CARTESIAN_POINT('Ctrl Pts',(8.11172243713556,13.9000001075703,-3.89849952880066));
#347=CARTESIAN_POINT('Ctrl Pts',(8.13585888634084,13.900000117608,-3.97739120690751));
#348=CARTESIAN_POINT('Ctrl Pts',(8.15999533554612,13.9000001276457,-4.05628288501436));
#349=CARTESIAN_POINT('Ctrl Pts',(8.17995650984223,13.9000001373536,-4.13647169741539));
#350=CARTESIAN_POINT('Ctrl Pts',(8.19547063950847,13.9000001455114,-4.21766999688258));
#351=CARTESIAN_POINT('Ctrl Pts',(8.2051422199935,13.900000150597,-4.2682893938735));
#352=CARTESIAN_POINT('Ctrl Pts',(8.2130550232747,13.9000001548742,-4.31914669161259));
#353=CARTESIAN_POINT('Ctrl Pts',(8.21916520231661,13.9000001585859,-4.3701728187523));
#354=CARTESIAN_POINT('Ctrl Pts',(8.22876023018397,13.9000001644145,-4.45030093095828));
#355=CARTESIAN_POINT('Ctrl Pts',(8.2339126013827,13.9000001688879,-4.53084609367572));
#356=CARTESIAN_POINT('Ctrl Pts',(8.23470516743204,13.900000172353,-4.61145659980132));
#357=CARTESIAN_POINT('Ctrl Pts',(8.2354921922646,13.900000175794,-4.69150351846364));
#358=CARTESIAN_POINT('Ctrl Pts',(8.23197973873452,13.9000001782466,-4.77161581412872));
#359=CARTESIAN_POINT('Ctrl Pts',(8.2242011219049,13.900000179257,-4.85143257272478));
#360=CARTESIAN_POINT('Ctrl Pts',(8.21651245220203,13.9000001802557,-4.9303263795597));
#361=CARTESIAN_POINT('Ctrl Pts',(8.20465529012611,13.9000001798509,-5.00893227640983));
#362=CARTESIAN_POINT('Ctrl Pts',(8.18862122965612,13.9000001767426,-5.08687240365521));
#363=CARTESIAN_POINT('Ctrl Pts',(8.17289197117747,13.9000001736934,-5.16333091580791));
#364=CARTESIAN_POINT('Ctrl Pts',(8.15322602143564,13.9000001678194,-5.23874921355031));
#365=CARTESIAN_POINT('Ctrl Pts',(8.1296912444545,13.9000001607127,-5.31280379584818));
#366=CARTESIAN_POINT('Ctrl Pts',(8.10641270529032,13.9000001536833,-5.38605209965363));
#367=CARTESIAN_POINT('Ctrl Pts',(8.07934866466204,13.9000001454531,-5.45796703541091));
#368=CARTESIAN_POINT('Ctrl Pts',(8.04852221164166,13.9000001366792,-5.52820861872557));
#369=CARTESIAN_POINT('Ctrl Pts',(8.01856989716216,13.9000001281541,-5.59645837783954));
#370=CARTESIAN_POINT('Ctrl Pts',(7.98506503043766,13.9000001191182,-5.66312890443482));
#371=CARTESIAN_POINT('Ctrl Pts',(7.94799550076177,13.9000001092827,-5.72787288675048));
#372=CARTESIAN_POINT('Ctrl Pts',(7.92586742877661,13.9000001034115,-5.7665207874337));
#373=CARTESIAN_POINT('Ctrl Pts',(7.90246855465426,13.9000000972381,-5.8044814812526));
#374=CARTESIAN_POINT('Ctrl Pts',(7.87779144867423,13.9000000905362,-5.84167359005129));
#375=CARTESIAN_POINT('Ctrl Pts',(7.87553277144976,13.9000000899227,-5.84507775621005));
#376=CARTESIAN_POINT('Ctrl Pts',(7.87326338338163,13.9000000893048,-5.84847547915137));
#377=CARTESIAN_POINT('Ctrl Pts',(7.87098331981965,13.9000000886821,-5.85186671523062));
#378=CARTESIAN_POINT('Ctrl Pts',(7.8292122975509,13.9000000772744,-5.91399454365907));
#379=CARTESIAN_POINT('Ctrl Pts',(7.78408086798061,13.9000000641002,-5.97362205391665));
#380=CARTESIAN_POINT('Ctrl Pts',(7.73587566586602,13.900000051901,-6.03056463136897));
#381=CARTESIAN_POINT('Ctrl Pts',(7.68753887401565,13.9000000396684,-6.08766264969475));
#382=CARTESIAN_POINT('Ctrl Pts',(7.63611054862877,13.9000000284248,-6.14206157225165));
#383=CARTESIAN_POINT('Ctrl Pts',(7.58185019708221,13.9000000198125,-6.19353200411767));
#384=CARTESIAN_POINT('Ctrl Pts',(7.52856994785556,13.9000000113559,-6.24407272785905));
#385=CARTESIAN_POINT('Ctrl Pts',(7.47255813273601,13.9000000054414,-6.29179009719417));
#386=CARTESIAN_POINT('Ctrl Pts',(7.41404611462049,13.9000000024496,-6.33641949617624));
#387=CARTESIAN_POINT('Ctrl Pts',(7.38140976587143,13.9000000007809,-6.3613125126291));
#388=CARTESIAN_POINT('Ctrl Pts',(7.34799540194884,13.9,-6.385243955306));
#389=CARTESIAN_POINT('Ctrl Pts',(7.31384275412711,13.9,-6.40816080861249));
#390=CARTESIAN_POINT('',(3.4254236182912,13.9,-4.5096929106623));
#391=CARTESIAN_POINT('Ctrl Pts',(3.42542361829121,13.9,-4.50969291066231));
#392=CARTESIAN_POINT('Ctrl Pts',(3.44981448053743,13.9,-4.3185793765998));
#393=CARTESIAN_POINT('Ctrl Pts',(3.49665478255609,13.899999999996,-4.13048393155947));
#394=CARTESIAN_POINT('Ctrl Pts',(3.67836569386609,13.899999999996,-3.64842647101278));
#395=CARTESIAN_POINT('Ctrl Pts',(3.84911210207474,13.9000000000004,-3.37191535038379));
#396=CARTESIAN_POINT('Ctrl Pts',(4.29140930088307,13.9000000000004,-2.89159077950193));
#397=CARTESIAN_POINT('Ctrl Pts',(4.56175081551702,13.9,-2.694445288484));
#398=CARTESIAN_POINT('Ctrl Pts',(5.16148484484706,13.9,-2.41720290335916));
#399=CARTESIAN_POINT('Ctrl Pts',(5.48526302510453,13.9000000000012,-2.33905928601647));
#400=CARTESIAN_POINT('Ctrl Pts',(6.13224113135149,13.9000000000012,-2.31491979817789));
#401=CARTESIAN_POINT('Ctrl Pts',(6.44999205527018,13.9000000000941,-2.36467956098082));
#402=CARTESIAN_POINT('Ctrl Pts',(7.04549381819977,13.9000000000941,-2.5867217930826));
#403=CARTESIAN_POINT('Ctrl Pts',(7.28787844593377,13.9,-2.74640640858926));
#404=CARTESIAN_POINT('Ctrl Pts',(7.46724692907574,13.9,-2.91282413654234));
#405=CARTESIAN_POINT('Ctrl Pts',(3.35048079736906,13.9000000000002,-4.91399887125422));
#406=CARTESIAN_POINT('Ctrl Pts',(3.36474660848841,13.9000000000002,-4.77767319460131));
#407=CARTESIAN_POINT('Ctrl Pts',(3.38971219457631,13.9000000000002,-4.64247893555615));
#408=CARTESIAN_POINT('Ctrl Pts',(3.42542287265707,13.9000000000002,-4.5096927101362));
#409=CARTESIAN_POINT('',(7.188646502048,13.9,-6.11399952495445));
#410=CARTESIAN_POINT('',(4.78032758628954,13.9,-6.11399952495445));
#411=CARTESIAN_POINT('Origin',(5.98448704416877,13.9,-4.91399952495445));
#412=CARTESIAN_POINT('',(6.56543454609988,13.9,-6.11399952495445));
#413=CARTESIAN_POINT('Ctrl Pts',(4.52517215806873,38.8323761268147,-6.93238902325187));
#414=CARTESIAN_POINT('Ctrl Pts',(4.99365770824986,38.7954348966203,-7.2711085508152));
#415=CARTESIAN_POINT('Ctrl Pts',(6.1738113292499,38.7215488636778,-7.60845677408192));
#416=CARTESIAN_POINT('Ctrl Pts',(7.85869474780766,38.6107234056556,-6.85942351755706));
#417=CARTESIAN_POINT('Ctrl Pts',(8.66987748165662,38.4998955946116,-5.20452307293636));
#418=CARTESIAN_POINT('Ctrl Pts',(8.231187407436,38.3890685578147,-3.41434680331125));
#419=CARTESIAN_POINT('Ctrl Pts',(6.74616127782232,38.278242017757,-2.32245491035646));
#420=CARTESIAN_POINT('Ctrl Pts',(4.90662583837115,38.1674165433831,-2.43720785568996));
#421=CARTESIAN_POINT('Ctrl Pts',(3.56887276442973,38.0565894623879,-3.70519066291601));
#422=CARTESIAN_POINT('Ctrl Pts',(3.35590543156101,37.9457622391724,-5.53603612430119));
#423=CARTESIAN_POINT('Ctrl Pts',(4.36685410463819,37.8349350145179,-7.07723637756162));
#424=CARTESIAN_POINT('Ctrl Pts',(6.13097769837674,37.7241092372056,-7.61118921477011));
#425=CARTESIAN_POINT('Ctrl Pts',(7.82689534821313,37.6132831962612,-6.88931389018147));
#426=CARTESIAN_POINT('Ctrl Pts',(8.66498089187963,37.502455919252,-5.24768410626432));
#427=CARTESIAN_POINT('Ctrl Pts',(8.25496174849583,37.3916286655223,-3.45067640735617));
#428=CARTESIAN_POINT('Ctrl Pts',(6.78777148462783,37.280801809877,-2.33503895628765));
#429=CARTESIAN_POINT('Ctrl Pts',(4.94658737294524,37.1699763603746,-2.4201945058003));
#430=CARTESIAN_POINT('Ctrl Pts',(3.5886383695205,37.0591496789216,-3.6664926673172));
#431=CARTESIAN_POINT('Ctrl Pts',(3.34623584786289,36.9483223817512,-5.49367348848851));
#432=CARTESIAN_POINT('Ctrl Pts',(4.33226621857811,36.8374952198223,-7.05094035463732));
#433=CARTESIAN_POINT('Ctrl Pts',(6.08758305565798,36.7266687411341,-7.6131971323321));
#434=CARTESIAN_POINT('Ctrl Pts',(7.79488309806402,36.6158432717882,-6.91868980878497));
#435=CARTESIAN_POINT('Ctrl Pts',(8.65926536027193,36.5050160676749,-5.29075726575116));
#436=CARTESIAN_POINT('Ctrl Pts',(8.27820801131362,36.3941888707907,-3.4873870482456));
#437=CARTESIAN_POINT('Ctrl Pts',(6.82914784264667,36.2833617050874,-2.34828717657705));
#438=CARTESIAN_POINT('Ctrl Pts',(4.9868281435207,36.1725360705717,-2.40383126281037));
#439=CARTESIAN_POINT('Ctrl Pts',(3.60901932627342,36.0617098412468,-3.62810761568351));
#440=CARTESIAN_POINT('Ctrl Pts',(3.33724936109376,35.9508825553903,-5.45118327614076));
#441=CARTESIAN_POINT('Ctrl Pts',(4.29811316043647,35.8400552813611,-7.02404412509829));
#442=CARTESIAN_POINT('Ctrl Pts',(6.04414424735972,35.7292285921484,-7.61460374488342));
#443=CARTESIAN_POINT('Ctrl Pts',(7.76243245493267,35.6184031220634,-6.94734421506558));
#444=CARTESIAN_POINT('Ctrl Pts',(8.65279832445362,35.507576327907,-5.33415443510866));
#445=CARTESIAN_POINT('Ctrl Pts',(8.30097604036842,35.3967489545846,-3.52359230286701));
#446=CARTESIAN_POINT('Ctrl Pts',(7.0289847692886,35.2982360468261,-2.49308398197866));
#447=CARTESIAN_POINT('Ctrl Pts',(5.64930339134023,35.2120381970806,-2.35465447764406));
#448=CARTESIAN_POINT('Ctrl Pts',(4.53870088928711,35.138153940116,-2.77427788952028));
#449=CARTESIAN_POINT('Ctrl Pts',(3.73408503033248,35.0642687259543,-3.64876340007043));
#450=CARTESIAN_POINT('Ctrl Pts',(3.40532850867594,34.9903847248532,-4.79005186526171));
#451=CARTESIAN_POINT('Ctrl Pts',(3.62300947162507,34.9165003652855,-5.95780597549109));
#452=CARTESIAN_POINT('Ctrl Pts',(4.34064307285231,34.8426159901729,-6.90501544642833));
#453=CARTESIAN_POINT('Ctrl Pts',(5.40509889734675,34.7687311221457,-7.42980614195449));
#454=CARTESIAN_POINT('Ctrl Pts',(6.59507607345301,34.6948473911213,-7.42380250454796));
#455=CARTESIAN_POINT('Ctrl Pts',(7.64959210528486,34.6209617781489,-6.88383669625377));
#456=CARTESIAN_POINT('Ctrl Pts',(8.60280196743189,34.5224527061384,-5.61377777513449));
#457=CARTESIAN_POINT('Ctrl Pts',(8.47788547610184,34.3993098175265,-3.47503785423069));
#458=CARTESIAN_POINT('Ctrl Pts',(6.32290185787551,34.2515419701334,-2.0549914716818));
#459=CARTESIAN_POINT('Ctrl Pts',(3.89940106940944,34.1037727147672,-2.9295920772121));
#460=CARTESIAN_POINT('Ctrl Pts',(3.14606085330554,33.9560037756144,-5.39701981448005));
#461=CARTESIAN_POINT('Ctrl Pts',(4.41651891559713,33.8328635171068,-7.12506738823808));
#462=CARTESIAN_POINT('Ctrl Pts',(5.95856816364883,33.7343501842678,-7.49159830001802));
#463=CARTESIAN_POINT('Ctrl Pts',(7.50716833241777,33.6358385215941,-7.15579441475375));
#464=CARTESIAN_POINT('Ctrl Pts',(8.81332646225575,33.5126968117114,-5.45557355105061));
#465=CARTESIAN_POINT('Ctrl Pts',(8.10785073112321,33.3649287814385,-2.96939848686818));
#466=CARTESIAN_POINT('Ctrl Pts',(6.10698822162643,33.2417870236081,-2.20701966328538));
#467=CARTESIAN_POINT('Ctrl Pts',(4.60834373035245,33.1432754978298,-2.73227231718774));
#468=CARTESIAN_POINT('Ctrl Pts',(3.77561361441748,33.0693902643198,-3.57517199533366));
#469=CARTESIAN_POINT('Ctrl Pts',(3.41109269729476,32.995505962025,-4.70776753419116));
#470=CARTESIAN_POINT('Ctrl Pts',(3.59036561329617,32.9216220403649,-5.88117066380167));
#471=CARTESIAN_POINT('Ctrl Pts',(4.27728646526506,32.8477372150685,-6.85074089420935));
#472=CARTESIAN_POINT('Ctrl Pts',(5.32491443727632,32.7738524554165,-7.41050404877128));
#473=CARTESIAN_POINT('Ctrl Pts',(6.51241626722263,32.6999685782332,-7.44113942725411));
#474=CARTESIAN_POINT('Ctrl Pts',(7.58830914590676,32.6260841116503,-6.93773121037325));
#475=CARTESIAN_POINT('Ctrl Pts',(8.32420345531417,32.5521987795145,-6.00516802276782));
#476=CARTESIAN_POINT('Ctrl Pts',(8.56569398358669,32.4783158536827,-4.84224126463827));
#477=CARTESIAN_POINT('Ctrl Pts',(8.25999608385793,32.4044303918142,-3.69420461348882));
#478=CARTESIAN_POINT('Ctrl Pts',(7.47317398304301,32.3305461839135,-2.80423514231137));
#479=CARTESIAN_POINT('Ctrl Pts',(6.37101547602515,32.2566615448944,-2.36139711123034));
#480=CARTESIAN_POINT('Ctrl Pts',(5.18703475526556,32.182777762742,-2.45801301227935));
#481=CARTESIAN_POINT('Ctrl Pts',(4.17216382650294,32.1088924693591,-3.07534018354161));
#482=CARTESIAN_POINT('Ctrl Pts',(3.54029910999411,32.0350081979416,-4.08125626317644));
#483=CARTESIAN_POINT('Ctrl Pts',(3.42649305880254,31.9611243375279,-5.26354626690574));
#484=CARTESIAN_POINT('Ctrl Pts',(3.85368756696947,31.8872393116505,-6.37242827088341));
#485=CARTESIAN_POINT('Ctrl Pts',(4.73159772290191,31.8133547765209,-7.17117410003189));
#486=CARTESIAN_POINT('Ctrl Pts',(5.87671776556296,31.7394709600069,-7.49492244494223));
#487=CARTESIAN_POINT('Ctrl Pts',(7.03941514956609,31.6655861701029,-7.26738767326561));
#488=CARTESIAN_POINT('Ctrl Pts',(8.3071465459782,31.5670733015451,-6.31188837056426));
#489=CARTESIAN_POINT('Ctrl Pts',(8.77818370566475,31.4439331811596,-4.21889070610322));
#490=CARTESIAN_POINT('Ctrl Pts',(7.38124418072911,31.3207916025192,-2.59065879092291));
#491=CARTESIAN_POINT('Ctrl Pts',(5.81357850180863,31.2222799510777,-2.34065800752739));
#492=CARTESIAN_POINT('Ctrl Pts',(4.67981619182624,31.148394583714,-2.68450856070791));
#493=CARTESIAN_POINT('Ctrl Pts',(3.8199282428667,31.0745105770812,-3.50714160868816));
#494=CARTESIAN_POINT('Ctrl Pts',(3.4186951833437,31.000626549906,-4.62414479076367));
#495=CARTESIAN_POINT('Ctrl Pts',(3.56094132741629,30.9267414898307,-5.80393631645726));
#496=CARTESIAN_POINT('Ctrl Pts',(4.21553983726711,30.8528569867058,-6.79503045221928));
#497=CARTESIAN_POINT('Ctrl Pts',(5.24506557844872,30.778973010019,-7.387663925935));
#498=CARTESIAN_POINT('Ctrl Pts',(6.43100589452035,30.7050888545999,-7.45709164276021));
#499=CARTESIAN_POINT('Ctrl Pts',(7.52207499888693,30.6312034773645,-6.98800844161751));
#500=CARTESIAN_POINT('Ctrl Pts',(8.28845243359846,30.5573198953846,-6.07975867099682));
#501=CARTESIAN_POINT('Ctrl Pts',(8.5660451716325,30.4834351855242,-4.92583032013057));
#502=CARTESIAN_POINT('Ctrl Pts',(8.29865524702775,30.4095501676101,-3.76621149668556));
#503=CARTESIAN_POINT('Ctrl Pts',(7.53960080426471,30.3356663844648,-2.85659660152146));
#504=CARTESIAN_POINT('Ctrl Pts',(6.091868475032,30.2371534645432,-2.20524146703565));
#505=CARTESIAN_POINT('Ctrl Pts',(4.03057634993774,30.114012877357,-2.79977613979642));
#506=CARTESIAN_POINT('Ctrl Pts',(3.27563697874694,29.99087213638,-4.8078909968661));
#507=CARTESIAN_POINT('Ctrl Pts',(3.81114825244509,29.8923593712829,-6.30243244909762));
#508=CARTESIAN_POINT('Ctrl Pts',(4.65795345046111,29.8184752761258,-7.13055018893764));
#509=CARTESIAN_POINT('Ctrl Pts',(5.79323490882663,29.7445907538659,-7.48855238037954));
#510=CARTESIAN_POINT('Ctrl Pts',(6.96538831402907,29.6707058992289,-7.3025555815588));
#511=CARTESIAN_POINT('Ctrl Pts',(7.93103203354168,29.5968220618288,-6.61001620764574));
#512=CARTESIAN_POINT('Ctrl Pts',(8.48472353295966,29.522937379721,-5.55923404647351));
#513=CARTESIAN_POINT('Ctrl Pts',(8.5085718536906,29.449052423586,-4.37150299711838));
#514=CARTESIAN_POINT('Ctrl Pts',(7.99888694863342,29.3751688680028,-3.29865731702551));
#515=CARTESIAN_POINT('Ctrl Pts',(7.06226031443449,29.3012842736144,-2.56797053898399));
#516=CARTESIAN_POINT('Ctrl Pts',(5.89777435122054,29.2273991104918,-2.33321509269225));
#517=CARTESIAN_POINT('Ctrl Pts',(4.75171835622735,29.1535151043063,-2.64567844106914));
#518=CARTESIAN_POINT('Ctrl Pts',(3.86614382508085,29.0796311397627,-3.43733678326249));
#519=CARTESIAN_POINT('Ctrl Pts',(3.42969760694666,29.0057456223579,-4.54223063906527));
#520=CARTESIAN_POINT('Ctrl Pts',(3.53319993521453,28.93186222531,-5.72545513664878));
#521=CARTESIAN_POINT('Ctrl Pts',(4.15617959440746,28.8579771229193,-6.7369854799999));
#522=CARTESIAN_POINT('Ctrl Pts',(5.16585299857008,28.7840930575216,-7.36288337701914));
#523=CARTESIAN_POINT('Ctrl Pts',(6.34881326860376,28.7102081014607,-7.469889991983));
#524=CARTESIAN_POINT('Ctrl Pts',(7.45491040041976,28.6363244491199,-7.03658108871781));
#525=CARTESIAN_POINT('Ctrl Pts',(8.24924438808202,28.5624394238063,-6.15351363719715));
#526=CARTESIAN_POINT('Ctrl Pts',(8.56487891889635,28.4885547784335,-5.00791792153742));
#527=CARTESIAN_POINT('Ctrl Pts',(8.33378599050904,28.4146708930279,-3.84367133072695));
#528=CARTESIAN_POINT('Ctrl Pts',(7.6053145417343,28.3407863729954,-2.90281188297095));
#529=CARTESIAN_POINT('Ctrl Pts',(6.53528415486801,28.2669013399673,-2.39418172977265));
#530=CARTESIAN_POINT('Ctrl Pts',(4.94736586653043,28.1683896734157,-2.41007316207162));
#531=CARTESIAN_POINT('Ctrl Pts',(3.32572859793687,28.0452481538026,-3.81008469948529));
#532=CARTESIAN_POINT('Ctrl Pts',(3.50929680075543,27.8974796711363,-6.38435921952321));
#533=CARTESIAN_POINT('Ctrl Pts',(5.67759975417829,27.7497106100731,-7.77600945392095));
#534=CARTESIAN_POINT('Ctrl Pts',(8.09431418523299,27.60194173775,-6.87328021846584));
#535=CARTESIAN_POINT('Ctrl Pts',(8.69325998887663,27.4788011323897,-4.81359854322448));
#536=CARTESIAN_POINT('Ctrl Pts',(8.04618793308108,27.3802884576249,-3.36694320317164));
#537=CARTESIAN_POINT('Ctrl Pts',(6.837911308444,27.2817756799335,-2.34123904224654));
#538=CARTESIAN_POINT('Ctrl Pts',(4.69336421892673,27.1586351942949,-2.3406176002926));
#539=CARTESIAN_POINT('Ctrl Pts',(3.15016234341609,27.0108661867248,-4.40868579925723));
#540=CARTESIAN_POINT('Ctrl Pts',(3.88210308393749,26.8630973325877,-6.87949785134971));
#541=CARTESIAN_POINT('Ctrl Pts',(6.29870018710292,26.7153284569893,-7.77543804743656));
#542=CARTESIAN_POINT('Ctrl Pts',(8.46391153044886,26.5675595554416,-6.37631652719752));
#543=CARTESIAN_POINT('Ctrl Pts',(8.64068724179847,26.4197906652011,-3.80489711746389));
#544=CARTESIAN_POINT('Ctrl Pts',(6.68768164583151,26.2720218008068,-2.12269350893513));
#545=CARTESIAN_POINT('Ctrl Pts',(4.17076159927072,26.1242528788333,-2.67879229389587));
#546=CARTESIAN_POINT('Ctrl Pts',(3.10819591677665,25.9764840285386,-5.02721189098214));
#547=CARTESIAN_POINT('Ctrl Pts',(4.35208555766336,25.8287151249136,-7.28481817097542));
#548=CARTESIAN_POINT('Ctrl Pts',(6.90478356109323,25.6809462277476,-7.64144582143017));
#549=CARTESIAN_POINT('Ctrl Pts',(8.71985946654319,25.5331773625628,-5.81082693607729));
#550=CARTESIAN_POINT('Ctrl Pts',(8.34085732787234,25.3854084755518,-3.26150807897695));
#551=CARTESIAN_POINT('Ctrl Pts',(6.07377247074467,25.2376395368025,-2.03636984060962));
#552=CARTESIAN_POINT('Ctrl Pts',(3.7322007692684,25.0898707916624,-3.12053456352941));
#553=CARTESIAN_POINT('Ctrl Pts',(3.29111580559644,24.9667297523575,-5.21923933978386));
#554=CARTESIAN_POINT('Ctrl Pts',(4.04596685429442,24.8682174579795,-6.61285932769855));
#555=CARTESIAN_POINT('Ctrl Pts',(5.32833040502139,24.7697047460609,-7.54401620479988));
#556=CARTESIAN_POINT('Ctrl Pts',(7.46721749155667,24.6465640671955,-7.38213048827464));
#557=CARTESIAN_POINT('Ctrl Pts',(8.84834025658942,24.4987950782886,-5.20315953846476));
#558=CARTESIAN_POINT('Ctrl Pts',(7.93312081738088,24.3510263776186,-2.79471419844302));
#559=CARTESIAN_POINT('Ctrl Pts',(5.45184224982503,24.2032571568818,-2.08488667089388));
#560=CARTESIAN_POINT('Ctrl Pts',(3.74785703719631,24.0801170307207,-3.3833850503036));
#561=CARTESIAN_POINT('Ctrl Pts',(3.40524993901352,23.9816036564213,-4.93401299394887));
#562=CARTESIAN_POINT('Ctrl Pts',(3.68259155225931,23.9077198263041,-6.08583535004061));
#563=CARTESIAN_POINT('Ctrl Pts',(4.45323071314044,23.8338354343519,-6.99248810574037));
#564=CARTESIAN_POINT('Ctrl Pts',(5.54494031591698,23.7599502778213,-7.45840174714511));
#565=CARTESIAN_POINT('Ctrl Pts',(6.73099615056118,23.6860664661782,-7.38560663748645));
#566=CARTESIAN_POINT('Ctrl Pts',(7.75864528186519,23.612182294447,-6.78983978763726));
#567=CARTESIAN_POINT('Ctrl Pts',(8.41057917152496,23.5382970129955,-5.79711556079233));
#568=CARTESIAN_POINT('Ctrl Pts',(8.54942231132202,23.4644128194681,-4.61685391715256));
#569=CARTESIAN_POINT('Ctrl Pts',(8.14507071220187,23.3905289409527,-3.5010372218371));
#570=CARTESIAN_POINT('Ctrl Pts',(7.28282429085211,23.3166437667549,-2.6808122691396));
#571=CARTESIAN_POINT('Ctrl Pts',(6.14812329697101,23.242759453788,-2.34018878019119));
#572=CARTESIAN_POINT('Ctrl Pts',(4.58114084627597,23.1442473937941,-2.59461942466678));
#573=CARTESIAN_POINT('Ctrl Pts',(3.1888748202859,23.0211058330018,-4.22679973706741));
#574=CARTESIAN_POINT('Ctrl Pts',(3.66572855647956,22.8979661176758,-6.31845826561574));
#575=CARTESIAN_POINT('Ctrl Pts',(4.93629596512882,22.7994524568238,-7.27036131142909));
#576=CARTESIAN_POINT('Ctrl Pts',(6.09928645656018,22.7255690227718,-7.4946228685941));
#577=CARTESIAN_POINT('Ctrl Pts',(7.24388310135279,22.6516843772711,-7.16762305546992));
#578=CARTESIAN_POINT('Ctrl Pts',(8.1194250313607,22.5777991967953,-6.36638618747854));
#579=CARTESIAN_POINT('Ctrl Pts',(8.54345725567456,22.5039151314803,-5.25630338298445));
#580=CARTESIAN_POINT('Ctrl Pts',(8.4263168146877,22.4300312642582,-4.07436992067195));
#581=CARTESIAN_POINT('Ctrl Pts',(7.79158914463312,22.3561458003735,-3.07017150629111));
#582=CARTESIAN_POINT('Ctrl Pts',(6.77499810800249,22.2822622524429,-2.45589432071146));
#583=CARTESIAN_POINT('Ctrl Pts',(5.59073765933793,22.2083771440054,-2.36234465459739));
#584=CARTESIAN_POINT('Ctrl Pts',(4.48975160663046,22.1344933062019,-2.80852121095296));
#585=CARTESIAN_POINT('Ctrl Pts',(3.70564770899461,22.0606080899492,-3.70071017825268));
#586=CARTESIAN_POINT('Ctrl Pts',(3.40308362565963,21.9867245126642,-4.84945607156548));
#587=CARTESIAN_POINT('Ctrl Pts',(3.64783975057692,21.9128396540687,-6.01183622345054));
#588=CARTESIAN_POINT('Ctrl Pts',(4.38641420769788,21.8389548412365,-6.94222930003667));
#589=CARTESIAN_POINT('Ctrl Pts',(5.46362020182754,21.7650708832954,-7.44267558810819));
#590=CARTESIAN_POINT('Ctrl Pts',(6.65138556973626,21.6911866212049,-7.40848793345181));
#591=CARTESIAN_POINT('Ctrl Pts',(7.69671191741562,21.6173013947351,-6.84613566929951));
#592=CARTESIAN_POINT('Ctrl Pts',(8.38254782339683,21.5434175388349,-5.87376304802454));
#593=CARTESIAN_POINT('Ctrl Pts',(8.55506674563217,21.4695332714116,-4.70168071519942));
#594=CARTESIAN_POINT('Ctrl Pts',(8.07412436178424,21.3710199402382,-3.1880840902409));
#595=CARTESIAN_POINT('Ctrl Pts',(6.26033059166656,21.2478798763221,-2.04864530213783));
#596=CARTESIAN_POINT('Ctrl Pts',(3.85264667374024,21.100110647426,-2.97838822455605));
#597=CARTESIAN_POINT('Ctrl Pts',(3.15884437170745,20.9523418887028,-5.4607457965068));
#598=CARTESIAN_POINT('Ctrl Pts',(4.72896079105947,20.8045730199543,-7.50389321890569));
#599=CARTESIAN_POINT('Ctrl Pts',(7.30614748797595,20.6568039718775,-7.47180165105197));
#600=CARTESIAN_POINT('Ctrl Pts',(8.82462502981745,20.5090354489791,-5.38567334931584));
#601=CARTESIAN_POINT('Ctrl Pts',(8.18943960129482,20.3858940242006,-3.33737641387177));
#602=CARTESIAN_POINT('Ctrl Pts',(6.85205864318949,20.287382267848,-2.48680149211738));
#603=CARTESIAN_POINT('Ctrl Pts',(5.27871164841775,20.1888687798587,-2.2968595407175));
#604=CARTESIAN_POINT('Ctrl Pts',(3.48856089655366,20.0657288221861,-3.47855413162143));
#605=CARTESIAN_POINT('Ctrl Pts',(3.34151755510448,19.9179595244644,-6.05416845928434));
#606=CARTESIAN_POINT('Ctrl Pts',(5.3125462542049,19.7701908297205,-7.71346955947081));
#607=CARTESIAN_POINT('Ctrl Pts',(7.82582594151698,19.6224218766352,-7.1269343929868));
#608=CARTESIAN_POINT('Ctrl Pts',(8.68318523164537,19.4992810991255,-5.16361162993968));
#609=CARTESIAN_POINT('Ctrl Pts',(8.22840456820885,19.4007684863858,-3.642113152666));
#610=CARTESIAN_POINT('Ctrl Pts',(7.42588767780929,19.3268845878917,-2.77056842516617));
#611=CARTESIAN_POINT('Ctrl Pts',(6.3115743963385,19.2529992568965,-2.3531667695751));
#612=CARTESIAN_POINT('Ctrl Pts',(5.1310825778311,19.1791151479312,-2.4770190438931));
#613=CARTESIAN_POINT('Ctrl Pts',(4.13024047066894,19.1052312256805,-3.11751798286171));
#614=CARTESIAN_POINT('Ctrl Pts',(3.52180034274497,19.0313460194447,-4.13769934899458));
#615=CARTESIAN_POINT('Ctrl Pts',(3.43528851185706,18.9574617704296,-5.32233561648168));
#616=CARTESIAN_POINT('Ctrl Pts',(3.88754107256821,18.8835777209428,-6.42099875553092));
#617=CARTESIAN_POINT('Ctrl Pts',(4.78431410420724,18.8096931017764,-7.19948825734471));
#618=CARTESIAN_POINT('Ctrl Pts',(6.06272003593087,18.7275982533057,-7.52944394585985));
#619=CARTESIAN_POINT('Ctrl Pts',(7.4829759022827,18.6372977026915,-7.10650650685821));
#620=CARTESIAN_POINT('Ctrl Pts',(8.47751253521544,18.5387823817483,-5.82952575743152));
#621=CARTESIAN_POINT('Ctrl Pts',(8.54563656052332,18.4402711829432,-4.21394380919721));
#622=CARTESIAN_POINT('Ctrl Pts',(7.66433937139031,18.341758313426,-2.85738255394865));
#623=CARTESIAN_POINT('Ctrl Pts',(6.15969707138925,18.2432444539995,-2.26448098021562));
#624=CARTESIAN_POINT('Ctrl Pts',(4.58937119131163,18.1447345193486,-2.65406235562584));
#625=CARTESIAN_POINT('Ctrl Pts',(3.53774205568776,18.0462186336242,-3.88290782944202));
#626=CARTESIAN_POINT('Ctrl Pts',(3.39317024779626,17.9477097530433,-5.49386745788124));
#627=CARTESIAN_POINT('Ctrl Pts',(4.21026342486134,17.8491943240056,-6.88976147361969));
#628=CARTESIAN_POINT('Ctrl Pts',(5.68603809872294,17.7506823838342,-7.55263750534147));
#629=CARTESIAN_POINT('Ctrl Pts',(7.2717031092711,17.6521713265869,-7.23623105308927));
#630=CARTESIAN_POINT('Ctrl Pts',(8.42786419783506,17.5495510884117,-6.00954888426339));
#631=CARTESIAN_POINT('Ctrl Pts',(8.60149297257941,17.4428313384607,-4.24394612360142));
#632=CARTESIAN_POINT('Ctrl Pts',(7.5618563565652,17.3320046753836,-2.7212112437072));
#633=CARTESIAN_POINT('Ctrl Pts',(5.78842091102019,17.2211777020357,-2.22001213808413));
#634=CARTESIAN_POINT('Ctrl Pts',(4.10595043209054,17.110350304721,-2.97293429542809));
#635=CARTESIAN_POINT('Ctrl Pts',(3.29833498401906,16.9995235110851,-4.62977322692924));
#636=CARTESIAN_POINT('Ctrl Pts',(3.7413430205181,16.8886980349282,-6.41886544534603));
#637=CARTESIAN_POINT('Ctrl Pts',(5.22882306326809,16.7778713580656,-7.50732689443757));
#638=CARTESIAN_POINT('Ctrl Pts',(7.0681584098867,16.6670440828381,-7.38827459231729));
#639=CARTESIAN_POINT('Ctrl Pts',(8.40291434307593,16.5562167954811,-6.11714570128877));
#640=CARTESIAN_POINT('Ctrl Pts',(8.61159487268108,16.4453905578693,-4.2858314434989));
#641=CARTESIAN_POINT('Ctrl Pts',(7.59708148313803,16.3345649232875,-2.74700692484745));
#642=CARTESIAN_POINT('Ctrl Pts',(5.8317028795642,16.2237377788171,-2.21714189644723));
#643=CARTESIAN_POINT('Ctrl Pts',(4.13745189328364,16.1129105450691,-2.94299857692926));
#644=CARTESIAN_POINT('Ctrl Pts',(3.30323315870068,16.002083393387,-4.58659123989101));
#645=CARTESIAN_POINT('Ctrl Pts',(3.71744063000422,15.8912577465404,-6.38260194498956));
#646=CARTESIAN_POINT('Ctrl Pts',(5.18720399582083,15.7804315282428,-7.49482955463979));
#647=CARTESIAN_POINT('Ctrl Pts',(7.02822002769536,15.6696042374332,-7.40538765789033));
#648=CARTESIAN_POINT('Ctrl Pts',(8.38325102907011,15.5587769715448,-6.15589131631756));
#649=CARTESIAN_POINT('Ctrl Pts',(8.62135932617206,15.4479502627284,-4.32816366108696));
#650=CARTESIAN_POINT('Ctrl Pts',(7.63172417788406,15.3371248228892,-2.77322534972649));
#651=CARTESIAN_POINT('Ctrl Pts',(5.87510258266471,15.2262979717966,-2.21503612242513));
#652=CARTESIAN_POINT('Ctrl Pts',(4.16939492316071,15.1154707205166,-2.91354137443801));
#653=CARTESIAN_POINT('Ctrl Pts',(3.30884166994755,15.0046434382574,-4.54350815461206));
#654=CARTESIAN_POINT('Ctrl Pts',(3.69411773457241,14.8938173928007,-6.34595015833284));
#655=CARTESIAN_POINT('Ctrl Pts',(5.14579202036839,14.7829916114444,-7.48167334181057));
#656=CARTESIAN_POINT('Ctrl Pts',(6.98801916244566,14.6721644179701,-7.42184295474819));
#657=CARTESIAN_POINT('Ctrl Pts',(8.36294636558635,14.5613371379401,-6.19433843368807));
#658=CARTESIAN_POINT('Ctrl Pts',(8.6304856753689,14.4505101691766,-4.37060379696492));
#659=CARTESIAN_POINT('Ctrl Pts',(7.66585092755123,14.3396844425245,-2.80008902866319));
#660=CARTESIAN_POINT('Ctrl Pts',(5.91872025374669,14.2288584333114,-2.21343522029552));
#661=CARTESIAN_POINT('Ctrl Pts',(4.20145186009293,14.1180303541138,-2.88501407771279));
#662=CARTESIAN_POINT('Ctrl Pts',(3.61166266703209,14.0441473303963,-3.96140449515209));
#663=CARTESIAN_POINT('Ctrl Pts',(3.52316140187851,14.0072046034577,-4.53272247839257));
#664=CARTESIAN_POINT('Ctrl Pts',(4.49826429293649,38.8075212200689,-6.96632065939176));
#665=CARTESIAN_POINT('Ctrl Pts',(4.97464283580614,38.7705799898746,-7.31129703630037));
#666=CARTESIAN_POINT('Ctrl Pts',(6.17500918872882,38.6966939569321,-7.65540920043424));
#667=CARTESIAN_POINT('Ctrl Pts',(7.88975624841049,38.5858684989099,-6.8946702861636));
#668=CARTESIAN_POINT('Ctrl Pts',(8.71630304108063,38.4750406878659,-5.21164419243705));
#669=CARTESIAN_POINT('Ctrl Pts',(8.27137816434639,38.364213651069,-3.39003012815108));
#670=CARTESIAN_POINT('Ctrl Pts',(6.7613952858039,38.2533871110112,-2.27802131701508));
#671=CARTESIAN_POINT('Ctrl Pts',(4.88981441989555,38.1425616366374,-2.39334684730013));
#672=CARTESIAN_POINT('Ctrl Pts',(3.52784106457968,38.0317345556421,-3.6823241301568));
#673=CARTESIAN_POINT('Ctrl Pts',(3.30975957963129,37.9209073324267,-5.54481167421358));
#674=CARTESIAN_POINT('Ctrl Pts',(4.33708023690837,37.8100801077721,-7.11356763366344));
#675=CARTESIAN_POINT('Ctrl Pts',(6.13143876023742,37.6992543304599,-7.65815961753178));
#676=CARTESIAN_POINT('Ctrl Pts',(7.85737663022509,37.5884282895155,-6.92505371298592));
#677=CARTESIAN_POINT('Ctrl Pts',(8.71129025509492,37.4776010125063,-5.25555205535992));
#678=CARTESIAN_POINT('Ctrl Pts',(8.29553639122861,37.3667737587765,-3.42700885950998));
#679=CARTESIAN_POINT('Ctrl Pts',(6.80371916106451,37.2559469031314,-2.29085631219455));
#680=CARTESIAN_POINT('Ctrl Pts',(4.93048308814937,37.1451214536288,-2.37606871789085));
#681=CARTESIAN_POINT('Ctrl Pts',(3.5479800672214,37.0342947721759,-3.64296916284977));
#682=CARTESIAN_POINT('Ctrl Pts',(3.29995468247103,36.9234674750055,-5.50170559759142));
#683=CARTESIAN_POINT('Ctrl Pts',(4.30191181335323,36.8126403130766,-7.08678806715519));
#684=CARTESIAN_POINT('Ctrl Pts',(6.08728867439181,36.7018138343883,-7.66016888610299));
#685=CARTESIAN_POINT('Ctrl Pts',(7.82478555568318,36.5909883650425,-6.95491523687002));
#686=CARTESIAN_POINT('Ctrl Pts',(8.70544214432748,36.4801611609292,-5.29936909155258));
#687=CARTESIAN_POINT('Ctrl Pts',(8.31915814835235,36.369333964045,-3.46437522004289));
#688=CARTESIAN_POINT('Ctrl Pts',(6.84580408226279,36.2585067983417,-2.30436665770942));
#689=CARTESIAN_POINT('Ctrl Pts',(4.97143562071099,36.147681163826,-2.35945228988402));
#690=CARTESIAN_POINT('Ctrl Pts',(3.5687446837863,36.0368549345011,-3.60393301652885));
#691=CARTESIAN_POINT('Ctrl Pts',(3.2908450451795,35.9260276486445,-5.45847026105887));
#692=CARTESIAN_POINT('Ctrl Pts',(4.26718591701854,35.8152003746154,-7.05939822460195));
#693=CARTESIAN_POINT('Ctrl Pts',(6.04309473884717,35.7043736854027,-7.66156630832603));
#694=CARTESIAN_POINT('Ctrl Pts',(7.79174776648702,35.5935482153177,-6.984042509807));
#695=CARTESIAN_POINT('Ctrl Pts',(8.69883187175279,35.4827214211613,-5.34351490622687));
#696=CARTESIAN_POINT('Ctrl Pts',(8.34228851912218,35.3718940478389,-3.50122767043307));
#697=CARTESIAN_POINT('Ctrl Pts',(7.04901439364899,35.2733811400804,-2.45183278530054));
#698=CARTESIAN_POINT('Ctrl Pts',(5.64545729173958,35.1871832903349,-2.30993704319044));
#699=CARTESIAN_POINT('Ctrl Pts',(4.51523457981557,35.1132990333703,-2.7359841430802));
#700=CARTESIAN_POINT('Ctrl Pts',(3.69597197418301,35.0394138192086,-3.62504673058135));
#701=CARTESIAN_POINT('Ctrl Pts',(3.36061143353943,34.9655298181075,-4.78590606257291));
#702=CARTESIAN_POINT('Ctrl Pts',(3.58118508388519,34.8916454585398,-5.97411728781085));
#703=CARTESIAN_POINT('Ctrl Pts',(4.31053773749214,34.8177610834272,-6.93833464047845));
#704=CARTESIAN_POINT('Ctrl Pts',(5.39309246645573,34.7438762154,-7.4730607263938));
#705=CARTESIAN_POINT('Ctrl Pts',(6.60374458109415,34.6699924843756,-7.46788048638552));
#706=CARTESIAN_POINT('Ctrl Pts',(7.67699530216897,34.5961068714032,-6.91934154984099));
#707=CARTESIAN_POINT('Ctrl Pts',(8.64775314047115,34.4975977993927,-5.6279539484611));
#708=CARTESIAN_POINT('Ctrl Pts',(8.52231125159372,34.3744549107808,-3.45196756628134));
#709=CARTESIAN_POINT('Ctrl Pts',(6.33099182143216,34.2266870633876,-2.0055836268423));
#710=CARTESIAN_POINT('Ctrl Pts',(3.86470878184914,34.0789178080215,-2.89350722108089));
#711=CARTESIAN_POINT('Ctrl Pts',(3.09638018584543,33.9311488688686,-5.40321790633571));
#712=CARTESIAN_POINT('Ctrl Pts',(4.38756468840025,33.8080086103611,-7.16226793627749));
#713=CARTESIAN_POINT('Ctrl Pts',(5.95612648784955,33.7094952775221,-7.53635522044679));
#714=CARTESIAN_POINT('Ctrl Pts',(7.53189476593477,33.6109836148484,-7.19591652372138));
#715=CARTESIAN_POINT('Ctrl Pts',(8.86205046313115,33.4878419049657,-5.46716679225142));
#716=CARTESIAN_POINT('Ctrl Pts',(8.14624091770879,33.3400738746928,-2.93725826641757));
#717=CARTESIAN_POINT('Ctrl Pts',(6.11121165490958,33.2169321168623,-2.16008297917063));
#718=CARTESIAN_POINT('Ctrl Pts',(4.58612492720069,33.1184205910841,-2.69330976266334));
#719=CARTESIAN_POINT('Ctrl Pts',(3.73826892963302,33.044535357574,-3.55020430467657));
#720=CARTESIAN_POINT('Ctrl Pts',(3.36655114004101,32.9706510552793,-4.7021963459433));
#721=CARTESIAN_POINT('Ctrl Pts',(3.54802025764019,32.8967671336192,-5.89612621655473));
#722=CARTESIAN_POINT('Ctrl Pts',(4.24613528304303,32.8228823083227,-6.88306351034664));
#723=CARTESIAN_POINT('Ctrl Pts',(5.31152559384438,32.7489975486707,-7.45337175188002));
#724=CARTESIAN_POINT('Ctrl Pts',(6.51963396398614,32.6751136714875,-7.48544482449527));
#725=CARTESIAN_POINT('Ctrl Pts',(7.61461186252466,32.6012292049046,-6.97413258606044));
#726=CARTESIAN_POINT('Ctrl Pts',(8.36400091373075,32.5273438727688,-6.02593339044294));
#727=CARTESIAN_POINT('Ctrl Pts',(8.61059754839425,32.453460946937,-4.84297696485613));
#728=CARTESIAN_POINT('Ctrl Pts',(8.30046578636812,32.3795754850685,-3.67477532085271));
#729=CARTESIAN_POINT('Ctrl Pts',(7.50067548237472,32.3056912771678,-2.76873219266622));
#730=CARTESIAN_POINT('Ctrl Pts',(6.37970059660381,32.2318066381487,-2.31735502751605));
#731=CARTESIAN_POINT('Ctrl Pts',(5.1750771638108,32.1579228559963,-2.41472461655909));
#732=CARTESIAN_POINT('Ctrl Pts',(4.14210356401598,32.0840375626133,-3.04200137627172));
#733=CARTESIAN_POINT('Ctrl Pts',(3.49847436443999,32.0101532911959,-4.0648991897124));
#734=CARTESIAN_POINT('Ctrl Pts',(3.38178970453146,31.9362694307822,-5.26764145121251));
#735=CARTESIAN_POINT('Ctrl Pts',(3.81553786021324,31.8623844049047,-6.39612248958341));
#736=CARTESIAN_POINT('Ctrl Pts',(4.70809057502028,31.7884998697752,-7.20941427523295));
#737=CARTESIAN_POINT('Ctrl Pts',(5.87285125633061,31.7146160532612,-7.53968195718684));
#738=CARTESIAN_POINT('Ctrl Pts',(7.05592185017066,31.6407312633572,-7.30908368699122));
#739=CARTESIAN_POINT('Ctrl Pts',(8.34642448012763,31.5422183947994,-6.33796542197815));
#740=CARTESIAN_POINT('Ctrl Pts',(8.82724774912834,31.4190782744139,-4.20897530427713));
#741=CARTESIAN_POINT('Ctrl Pts',(7.40731198129391,31.2959366957735,-2.55137351849276));
#742=CARTESIAN_POINT('Ctrl Pts',(5.81259789050838,31.1974250443319,-2.29582430006887));
#743=CARTESIAN_POINT('Ctrl Pts',(4.65887003617928,31.1235396769683,-2.64476406688904));
#744=CARTESIAN_POINT('Ctrl Pts',(3.78341610316427,31.0496556703355,-3.4810310407501));
#745=CARTESIAN_POINT('Ctrl Pts',(3.37433803300238,30.9757716431603,-4.61712664099477));
#746=CARTESIAN_POINT('Ctrl Pts',(3.51815602023811,30.901886583085,-5.81752217241052));
#747=CARTESIAN_POINT('Ctrl Pts',(4.1833511115926,30.8280020799601,-6.82634706862253));
#748=CARTESIAN_POINT('Ctrl Pts',(5.23031503513362,30.7541181032733,-7.43006259606177));
#749=CARTESIAN_POINT('Ctrl Pts',(6.43679255901673,30.6802339478542,-7.50162391160796));
#750=CARTESIAN_POINT('Ctrl Pts',(7.5471830062375,30.6063485706188,-7.02522262361016));
#751=CARTESIAN_POINT('Ctrl Pts',(8.32758210347084,30.5324649886389,-6.10179405749036));
#752=CARTESIAN_POINT('Ctrl Pts',(8.61087936502163,30.4585802787785,-4.92803027262854));
#753=CARTESIAN_POINT('Ctrl Pts',(8.33974978887898,30.3846952608644,-3.74805702111058));
#754=CARTESIAN_POINT('Ctrl Pts',(7.56820456207465,30.3108114777191,-2.82205895963429));
#755=CARTESIAN_POINT('Ctrl Pts',(6.09582141866823,30.2122985577975,-2.15826112732269));
#756=CARTESIAN_POINT('Ctrl Pts',(3.99826948673222,30.0891579706113,-2.76154166726391));
#757=CARTESIAN_POINT('Ctrl Pts',(3.22865536411877,29.9660172296343,-4.80394959559688));
#758=CARTESIAN_POINT('Ctrl Pts',(3.77232061805919,29.8675044645371,-6.32487132192326));
#759=CARTESIAN_POINT('Ctrl Pts',(4.63319977700923,29.7936203693801,-7.16803964633083));
#760=CARTESIAN_POINT('Ctrl Pts',(5.78791808284623,29.7197358471202,-7.53312623430236));
#761=CARTESIAN_POINT('Ctrl Pts',(6.98058632536303,29.6458509924832,-7.34481427529805));
#762=CARTESIAN_POINT('Ctrl Pts',(7.96353376066593,29.5719671550831,-6.64098119829533));
#763=CARTESIAN_POINT('Ctrl Pts',(8.52766616174562,29.4980824729753,-5.57237552339785));
#764=CARTESIAN_POINT('Ctrl Pts',(8.55283686152301,29.4241975168403,-4.36403137900376));
#765=CARTESIAN_POINT('Ctrl Pts',(8.03513003809933,29.350313961257,-3.27214192026001));
#766=CARTESIAN_POINT('Ctrl Pts',(7.08279924502725,29.2764293668687,-2.52805346616984));
#767=CARTESIAN_POINT('Ctrl Pts',(5.89826152141321,29.202544203746,-2.28830700210401));
#768=CARTESIAN_POINT('Ctrl Pts',(4.73205745736532,29.1286601975606,-2.60532394416411));
#769=CARTESIAN_POINT('Ctrl Pts',(3.83047867436443,29.054776233017,-3.41004431400856));
#770=CARTESIAN_POINT('Ctrl Pts',(3.38560620133765,28.9808907156122,-4.53379715060881));
#771=CARTESIAN_POINT('Ctrl Pts',(3.48998557351892,28.9070073185642,-5.73766697948169));
#772=CARTESIAN_POINT('Ctrl Pts',(4.12301161091176,28.8331222161735,-6.76723972770793));
#773=CARTESIAN_POINT('Ctrl Pts',(5.14973074644146,28.7592381507759,-7.40479728591977));
#774=CARTESIAN_POINT('Ctrl Pts',(6.35316848730404,28.685353194715,-7.51456917524552));
#775=CARTESIAN_POINT('Ctrl Pts',(7.4788183262859,28.6114695423742,-7.07459660835695));
#776=CARTESIAN_POINT('Ctrl Pts',(8.28762664372798,28.5375845170606,-6.17679455604131));
#777=CARTESIAN_POINT('Ctrl Pts',(8.6096408565198,28.4636998716877,-5.01154323905832));
#778=CARTESIAN_POINT('Ctrl Pts',(8.37542131731282,28.3898159862822,-3.82689430562654));
#779=CARTESIAN_POINT('Ctrl Pts',(7.63503000847747,28.3159314662496,-2.86912042014675));
#780=CARTESIAN_POINT('Ctrl Pts',(6.54679875600973,28.2420464332215,-2.35083529604444));
#781=CARTESIAN_POINT('Ctrl Pts',(4.93127703829597,28.1435347666699,-2.36577021051349));
#782=CARTESIAN_POINT('Ctrl Pts',(3.28039504053276,28.0203932470568,-3.78885395214754));
#783=CARTESIAN_POINT('Ctrl Pts',(3.46515843694782,27.8726247643906,-6.40798977424057));
#784=CARTESIAN_POINT('Ctrl Pts',(5.6700586753129,27.7248557033273,-7.82549435209826));
#785=CARTESIAN_POINT('Ctrl Pts',(8.12945145401758,27.5770868310042,-6.90894554750727));
#786=CARTESIAN_POINT('Ctrl Pts',(8.74039964183298,27.453946225644,-4.81395211232784));
#787=CARTESIAN_POINT('Ctrl Pts',(8.08319834363787,27.3554335508792,-3.34166126615894));
#788=CARTESIAN_POINT('Ctrl Pts',(6.85472113914327,27.2569207731878,-2.29719849080695));
#789=CARTESIAN_POINT('Ctrl Pts',(4.67292428396737,27.1337802875492,-2.29491593125858));
#790=CARTESIAN_POINT('Ctrl Pts',(3.10131216253501,26.9860112799791,-4.39771628185839));
#791=CARTESIAN_POINT('Ctrl Pts',(3.84406110567362,26.838242425842,-6.91201988262163));
#792=CARTESIAN_POINT('Ctrl Pts',(6.30194787872322,26.6904735502436,-7.82539120482601));
#793=CARTESIAN_POINT('Ctrl Pts',(8.50585591434334,26.5427046486958,-6.40363654174372));
#794=CARTESIAN_POINT('Ctrl Pts',(8.68768921094821,26.3949357584553,-3.78768125871399));
#795=CARTESIAN_POINT('Ctrl Pts',(6.7020545944767,26.2471668940611,-2.07474457657171));
#796=CARTESIAN_POINT('Ctrl Pts',(4.14097937579906,26.0993979720876,-2.63855958327934));
#797=CARTESIAN_POINT('Ctrl Pts',(3.05813980292492,25.9516291217929,-5.02695647129868));
#798=CARTESIAN_POINT('Ctrl Pts',(4.32189471146318,25.8038602181678,-7.32474419765182));
#799=CARTESIAN_POINT('Ctrl Pts',(6.91866437093664,25.656091321002,-7.68953983634541));
#800=CARTESIAN_POINT('Ctrl Pts',(8.76668689472764,25.5083224558171,-5.82852028036819));
#801=CARTESIAN_POINT('Ctrl Pts',(8.38307081795933,25.3605535688061,-3.23462108503368));
#802=CARTESIAN_POINT('Ctrl Pts',(6.0775459294845,25.2127846300568,-1.98644579045272));
#803=CARTESIAN_POINT('Ctrl Pts',(3.69446029557732,25.0650158849166,-3.08763952686106));
#804=CARTESIAN_POINT('Ctrl Pts',(3.24408525882379,24.9418748456117,-5.22245661946868));
#805=CARTESIAN_POINT('Ctrl Pts',(4.01097894764601,24.8433625512337,-6.64087345347163));
#806=CARTESIAN_POINT('Ctrl Pts',(5.31490377666455,24.7448498393152,-7.58920370020692));
#807=CARTESIAN_POINT('Ctrl Pts',(7.49106720106402,24.6217091604498,-7.42615147108185));
#808=CARTESIAN_POINT('Ctrl Pts',(8.89787067665341,24.4739401715428,-5.21039737367522));
#809=CARTESIAN_POINT('Ctrl Pts',(7.96861020345247,24.3261714708729,-2.75940026627353));
#810=CARTESIAN_POINT('Ctrl Pts',(5.44477556017403,24.1784022501361,-2.03532932320259));
#811=CARTESIAN_POINT('Ctrl Pts',(3.71018228764181,24.055262123975,-3.35506017107317));
#812=CARTESIAN_POINT('Ctrl Pts',(3.36043033270701,23.9567487496756,-4.93236737513591));
#813=CARTESIAN_POINT('Ctrl Pts',(3.64169167078721,23.8828649195583,-6.10441782300075));
#814=CARTESIAN_POINT('Ctrl Pts',(4.42502598894188,23.8089805276062,-7.02740897598841));
#815=CARTESIAN_POINT('Ctrl Pts',(5.53533785031253,23.7350953710756,-7.50227139772062));
#816=CARTESIAN_POINT('Ctrl Pts',(6.74205831908086,23.6612115594324,-7.42911482554324));
#817=CARTESIAN_POINT('Ctrl Pts',(7.78801696216297,23.5873273877013,-6.82380785280366));
#818=CARTESIAN_POINT('Ctrl Pts',(8.45204053996499,23.5134421062498,-5.81432891065733));
#819=CARTESIAN_POINT('Ctrl Pts',(8.59421691307162,23.4395579127223,-4.613673495754));
#820=CARTESIAN_POINT('Ctrl Pts',(8.18369306085116,23.365674034207,-3.47816236460121));
#821=CARTESIAN_POINT('Ctrl Pts',(7.30710773147793,23.2917888600092,-2.64301458415063));
#822=CARTESIAN_POINT('Ctrl Pts',(6.15295463348081,23.2179045470423,-2.2956053784452));
#823=CARTESIAN_POINT('Ctrl Pts',(4.55854574549,23.1193924870484,-2.55324019604706));
#824=CARTESIAN_POINT('Ctrl Pts',(3.14084477677921,22.9962509262561,-4.21270298814143));
#825=CARTESIAN_POINT('Ctrl Pts',(3.62435457024529,22.87311121093,-6.34106369443723));
#826=CARTESIAN_POINT('Ctrl Pts',(4.91626549753207,22.774597550078,-7.31048446942169));
#827=CARTESIAN_POINT('Ctrl Pts',(6.09929441781025,22.7007141160261,-7.53954732081273));
#828=CARTESIAN_POINT('Ctrl Pts',(7.2640138256647,22.6268294705253,-7.20774598748821));
#829=CARTESIAN_POINT('Ctrl Pts',(8.15539749647571,22.5529442900496,-6.39327048364423));
#830=CARTESIAN_POINT('Ctrl Pts',(8.58764329955215,22.4790602247345,-5.26422697017087));
#831=CARTESIAN_POINT('Ctrl Pts',(8.46939123860337,22.4051763575125,-4.06166731623804));
#832=CARTESIAN_POINT('Ctrl Pts',(7.82440583649237,22.3312908936278,-3.03954003291489));
#833=CARTESIAN_POINT('Ctrl Pts',(6.79062481564815,22.2574073456972,-2.41379452068447));
#834=CARTESIAN_POINT('Ctrl Pts',(5.58586948893178,22.1835222372596,-2.31771580713125));
#835=CARTESIAN_POINT('Ctrl Pts',(4.46541349827075,22.1096383994561,-2.77078022346415));
#836=CARTESIAN_POINT('Ctrl Pts',(3.66699920649194,22.0357531832034,-3.67787483529163));
#837=CARTESIAN_POINT('Ctrl Pts',(3.35828240193398,21.9618696059185,-4.84633988626842));
#838=CARTESIAN_POINT('Ctrl Pts',(3.60640266980197,21.887984747323,-6.02910066199961));
#839=CARTESIAN_POINT('Ctrl Pts',(4.35708079709239,21.8140999344908,-6.97623556737474));
#840=CARTESIAN_POINT('Ctrl Pts',(5.4526186410544,21.7402159765497,-7.48619707833462));
#841=CARTESIAN_POINT('Ctrl Pts',(6.6610458547691,21.6663317144592,-7.45234534348266));
#842=CARTESIAN_POINT('Ctrl Pts',(7.72496129075847,21.5924464879894,-6.8810205076431));
#843=CARTESIAN_POINT('Ctrl Pts',(8.42347187473156,21.5185626320891,-5.89229171483029));
#844=CARTESIAN_POINT('Ctrl Pts',(8.59988455116323,21.4446783646658,-4.69997832965575));
#845=CARTESIAN_POINT('Ctrl Pts',(8.11176025436059,21.3461650334925,-3.15970885331514));
#846=CARTESIAN_POINT('Ctrl Pts',(6.26733649869045,21.2230249695764,-1.99908280941144));
#847=CARTESIAN_POINT('Ctrl Pts',(3.81710639895664,21.0752557406802,-2.94311299896126));
#848=CARTESIAN_POINT('Ctrl Pts',(3.10933347406313,20.9274869819571,-5.46806192135269));
#849=CARTESIAN_POINT('Ctrl Pts',(4.705147393126,20.7797181132085,-7.5479157976341));
#850=CARTESIAN_POINT('Ctrl Pts',(7.3271333515613,20.6319490651318,-7.51725915011424));
#851=CARTESIAN_POINT('Ctrl Pts',(8.87359839831394,20.4841805422334,-5.39606075281968));
#852=CARTESIAN_POINT('Ctrl Pts',(8.22896908070858,20.3610391174549,-3.31169212624515));
#853=CARTESIAN_POINT('Ctrl Pts',(6.86900519432616,20.2625273611023,-2.44530744623121));
#854=CARTESIAN_POINT('Ctrl Pts',(5.26846654225361,20.164013873113,-2.25084623185846));
#855=CARTESIAN_POINT('Ctrl Pts',(3.44631238032436,20.0408739154403,-3.45168936001076));
#856=CARTESIAN_POINT('Ctrl Pts',(3.29471946293452,19.8931046177186,-6.07193327092005));
#857=CARTESIAN_POINT('Ctrl Pts',(5.29871167681238,19.7453359229748,-7.76158580021328));
#858=CARTESIAN_POINT('Ctrl Pts',(7.85610267267612,19.5975669698895,-7.16679910065888));
#859=CARTESIAN_POINT('Ctrl Pts',(8.72987981031094,19.4744261923798,-5.17003779229602));
#860=CARTESIAN_POINT('Ctrl Pts',(8.26836679821124,19.3759135796401,-3.6217532450449));
#861=CARTESIAN_POINT('Ctrl Pts',(7.45258705183224,19.3020296811459,-2.73444012421163));
#862=CARTESIAN_POINT('Ctrl Pts',(6.31923515277193,19.2281443501508,-2.3089367690629));
#863=CARTESIAN_POINT('Ctrl Pts',(5.11813691231403,19.1542602411854,-2.43401690644391));
#864=CARTESIAN_POINT('Ctrl Pts',(4.0994197071807,19.0803763189348,-3.08487969808594));
#865=CARTESIAN_POINT('Ctrl Pts',(3.47961068687854,19.006491112699,-4.12230848168853));
#866=CARTESIAN_POINT('Ctrl Pts',(3.39069199439052,18.9326068636838,-5.32745893532074));
#867=CARTESIAN_POINT('Ctrl Pts',(3.84994384315611,18.8587228141971,-6.44556276232535));
#868=CARTESIAN_POINT('Ctrl Pts',(4.76169866914547,18.7848381950307,-7.23826139824923));
#869=CARTESIAN_POINT('Ctrl Pts',(6.06206997999472,18.7027433465599,-7.57494663893301));
#870=CARTESIAN_POINT('Ctrl Pts',(7.50731031794468,18.6124427959457,-7.14574884818787));
#871=CARTESIAN_POINT('Ctrl Pts',(8.52011832730551,18.5139274750025,-5.84736558788277));
#872=CARTESIAN_POINT('Ctrl Pts',(8.59066674414309,18.4154162761975,-4.2037558954315));
#873=CARTESIAN_POINT('Ctrl Pts',(7.69511379043603,18.3169034066803,-2.82295052481155));
#874=CARTESIAN_POINT('Ctrl Pts',(6.16478565831091,18.2183895472537,-2.21858984215018));
#875=CARTESIAN_POINT('Ctrl Pts',(4.56688510104055,18.1198796126029,-2.61371669598783));
#876=CARTESIAN_POINT('Ctrl Pts',(3.49603172158572,18.0213637268785,-3.86311074465993));
#877=CARTESIAN_POINT('Ctrl Pts',(3.34770384769315,17.9228548462975,-5.50193867224127));
#878=CARTESIAN_POINT('Ctrl Pts',(4.17791418728484,17.8243394172598,-6.92271530449029));
#879=CARTESIAN_POINT('Ctrl Pts',(5.6788146193987,17.7258274770884,-7.59824660154512));
#880=CARTESIAN_POINT('Ctrl Pts',(7.29227110742309,17.6273164198411,-7.27756916752234));
#881=CARTESIAN_POINT('Ctrl Pts',(8.4694662548844,17.524696181666,-6.03046759221482));
#882=CARTESIAN_POINT('Ctrl Pts',(8.64747473023323,17.417976431715,-4.23432794132088));
#883=CARTESIAN_POINT('Ctrl Pts',(7.59095362569999,17.3071497686379,-2.68433524294209));
#884=CARTESIAN_POINT('Ctrl Pts',(5.78709609545775,17.19632279529,-2.17305918345467));
#885=CARTESIAN_POINT('Ctrl Pts',(4.07481505668508,17.0854953979752,-2.93776149966111));
#886=CARTESIAN_POINT('Ctrl Pts',(3.25188910583219,16.9746686043394,-4.62276015389754));
#887=CARTESIAN_POINT('Ctrl Pts',(3.70121108911152,16.8638431281825,-6.44327580165875));
#888=CARTESIAN_POINT('Ctrl Pts',(5.21369157602503,16.7530164513199,-7.55179592585666));
#889=CARTESIAN_POINT('Ctrl Pts',(7.08507295874918,16.6421891760924,-7.43209645497469));
#890=CARTESIAN_POINT('Ctrl Pts',(8.44399916863753,16.5313618887354,-6.13991598982489));
#891=CARTESIAN_POINT('Ctrl Pts',(8.65771991505915,16.4205356511236,-4.27694825501863));
#892=CARTESIAN_POINT('Ctrl Pts',(7.62677069421248,16.3097100165417,-2.71060652013439));
#893=CARTESIAN_POINT('Ctrl Pts',(5.83113223992656,16.1988828720714,-2.17017240393798));
#894=CARTESIAN_POINT('Ctrl Pts',(4.10688689097034,16.0880556383233,-2.90733011302325));
#895=CARTESIAN_POINT('Ctrl Pts',(3.25690574601747,15.9772284866413,-4.57883174108113));
#896=CARTESIAN_POINT('Ctrl Pts',(3.67692146526392,15.8664028397947,-6.40636385551956));
#897=CARTESIAN_POINT('Ctrl Pts',(5.17135913444165,15.7555766214971,-7.53904931291852));
#898=CARTESIAN_POINT('Ctrl Pts',(7.04442751971008,15.6447493306875,-7.44947596570341));
#899=CARTESIAN_POINT('Ctrl Pts',(8.42396431715066,15.533922064799,-6.17931952315957));
#900=CARTESIAN_POINT('Ctrl Pts',(8.66762129549582,15.4230953559827,-4.32002343962311));
#901=CARTESIAN_POINT('Ctrl Pts',(7.66199496733717,15.3122699161435,-2.73730718935342));
#902=CARTESIAN_POINT('Ctrl Pts',(5.87528753378911,15.2014430650509,-2.16806358475527));
#903=CARTESIAN_POINT('Ctrl Pts',(4.13940761842188,15.0906158137709,-2.87738582818841));
#904=CARTESIAN_POINT('Ctrl Pts',(3.26264496802746,14.9797885315116,-4.5350045509086));
#905=CARTESIAN_POINT('Ctrl Pts',(3.65322172879167,14.8689624860549,-6.36905725549164));
#906=CARTESIAN_POINT('Ctrl Pts',(5.12923784647932,14.7581367046987,-7.52563266539957));
#907=CARTESIAN_POINT('Ctrl Pts',(7.00351563662192,14.6473095112244,-7.466185828083));
#908=CARTESIAN_POINT('Ctrl Pts',(8.4032770175357,14.5364822311944,-6.2184193920197));
#909=CARTESIAN_POINT('Ctrl Pts',(8.67687379184675,14.4256552624309,-4.36320685681694));
#910=CARTESIAN_POINT('Ctrl Pts',(7.69669302782658,14.3148295357787,-2.76466614000201));
#911=CARTESIAN_POINT('Ctrl Pts',(5.91966591426434,14.2040035265657,-2.16646390849175));
#912=CARTESIAN_POINT('Ctrl Pts',(4.17204025289712,14.0931754473681,-2.84839727533661));
#913=CARTESIAN_POINT('Ctrl Pts',(3.57118521935128,14.0192924236506,-3.9430040064185));
#914=CARTESIAN_POINT('Ctrl Pts',(3.48070296573854,13.982349696712,-4.52419778850659));
#915=CARTESIAN_POINT('Ctrl Pts',(4.45233007720384,38.7314171501478,-7.02040974931629));
#916=CARTESIAN_POINT('Ctrl Pts',(4.94128818337478,38.6944759199535,-7.37607000976347));
#917=CARTESIAN_POINT('Ctrl Pts',(6.17438677891521,38.6205898870109,-7.73236744487985));
#918=CARTESIAN_POINT('Ctrl Pts',(7.93868458917873,38.5097644289888,-6.95410473377241));
#919=CARTESIAN_POINT('Ctrl Pts',(8.79194218257822,38.3989366179448,-5.22586209446608));
#920=CARTESIAN_POINT('Ctrl Pts',(8.3385371464429,38.2881095811479,-3.35241972211504));
#921=CARTESIAN_POINT('Ctrl Pts',(6.78879038474886,38.1772830410901,-2.20609119717284));
#922=CARTESIAN_POINT('Ctrl Pts',(4.86469722313233,38.0664575667163,-2.32059026280344));
#923=CARTESIAN_POINT('Ctrl Pts',(3.46190253254307,37.955630485721,-3.64261659108603));
#924=CARTESIAN_POINT('Ctrl Pts',(3.23370349464513,37.8448032625056,-5.55664274361611));
#925=CARTESIAN_POINT('Ctrl Pts',(4.28631938781215,37.733976037851,-7.17142797480098));
#926=CARTESIAN_POINT('Ctrl Pts',(6.12960780914908,37.6231502605388,-7.73510829669795));
#927=CARTESIAN_POINT('Ctrl Pts',(7.90532802564148,37.5123242195944,-6.98526291114741));
#928=CARTESIAN_POINT('Ctrl Pts',(8.78669778237517,37.4014969425852,-5.27098700839758));
#929=CARTESIAN_POINT('Ctrl Pts',(8.36328842047661,37.2906696888554,-3.39048248568794));
#930=CARTESIAN_POINT('Ctrl Pts',(6.8322691696562,37.1798428332102,-2.21937654848899));
#931=CARTESIAN_POINT('Ctrl Pts',(4.9065385624703,37.0690173837077,-2.30291739611136));
#932=CARTESIAN_POINT('Ctrl Pts',(3.48268920708647,36.9581907022548,-3.60220628085092));
#933=CARTESIAN_POINT('Ctrl Pts',(3.22371793156099,36.8473634050844,-5.51231167672218));
#934=CARTESIAN_POINT('Ctrl Pts',(4.2502268394222,36.7365362431555,-7.14382455255601));
#935=CARTESIAN_POINT('Ctrl Pts',(6.08422046310063,36.6257097644672,-7.73707818342179));
#936=CARTESIAN_POINT('Ctrl Pts',(7.87176227573337,36.5148842951214,-7.01588784265464));
#937=CARTESIAN_POINT('Ctrl Pts',(8.78059159207698,36.4040570910081,-5.31601498879401));
#938=CARTESIAN_POINT('Ctrl Pts',(8.38748902163806,36.2932298941239,-3.42894339142192));
#939=CARTESIAN_POINT('Ctrl Pts',(6.8755000712349,36.1824027284206,-2.23335518387664));
#940=CARTESIAN_POINT('Ctrl Pts',(4.94867068472846,36.0715770939049,-2.28592552071844));
#941=CARTESIAN_POINT('Ctrl Pts',(3.50411798988628,35.96075086458,-3.5621249496097));
#942=CARTESIAN_POINT('Ctrl Pts',(3.21444763375593,35.8499235787234,-5.46784929726143));
#943=CARTESIAN_POINT('Ctrl Pts',(4.21458998692793,35.7390963046943,-7.11559473082471));
#944=CARTESIAN_POINT('Ctrl Pts',(6.03879035830439,35.6282696154816,-7.73841908823852));
#945=CARTESIAN_POINT('Ctrl Pts',(7.83773689611031,35.5174441453966,-7.04575697698728));
#946=CARTESIAN_POINT('Ctrl Pts',(8.77370549794959,35.4066173512402,-5.36137944434122));
#947=CARTESIAN_POINT('Ctrl Pts',(8.41117720352255,35.2957899779178,-3.46687476455178));
#948=CARTESIAN_POINT('Ctrl Pts',(7.08408771885784,35.1972770701592,-2.38538098324186));
#949=CARTESIAN_POINT('Ctrl Pts',(5.64161983851311,35.1110792204138,-2.23649148235954));
#950=CARTESIAN_POINT('Ctrl Pts',(4.47891299759544,35.0371949634492,-2.67197830556629));
#951=CARTESIAN_POINT('Ctrl Pts',(3.63485952313493,34.9633097492875,-3.58410840340661));
#952=CARTESIAN_POINT('Ctrl Pts',(3.28760680509161,34.8894257481864,-4.77665344098425));
#953=CARTESIAN_POINT('Ctrl Pts',(3.51179077754405,34.8155413886187,-5.99852875544826));
#954=CARTESIAN_POINT('Ctrl Pts',(4.25940011732111,34.7416570135061,-6.99124226944161));
#955=CARTESIAN_POINT('Ctrl Pts',(5.37104872672991,34.6677721454789,-7.54323820184844));
#956=CARTESIAN_POINT('Ctrl Pts',(6.61551340939719,34.5938884144545,-7.54054401791629));
#957=CARTESIAN_POINT('Ctrl Pts',(7.71991922024181,34.520002801482,-6.97899618163702));
#958=CARTESIAN_POINT('Ctrl Pts',(8.72058957460213,34.4214937294715,-5.65364604676158));
#959=CARTESIAN_POINT('Ctrl Pts',(8.59633714850835,34.2983508408597,-3.41663080772193));
#960=CARTESIAN_POINT('Ctrl Pts',(6.34696105927233,34.1505829934665,-1.92511431052202));
#961=CARTESIAN_POINT('Ctrl Pts',(3.80988001403511,34.0028137381004,-2.83250073984549));
#962=CARTESIAN_POINT('Ctrl Pts',(3.01467700053525,33.8550447989475,-5.41063385783258));
#963=CARTESIAN_POINT('Ctrl Pts',(4.33809848248233,33.7319045404399,-7.22159594864589));
#964=CARTESIAN_POINT('Ctrl Pts',(5.94966406652208,33.633391207601,-7.60951915865731));
#965=CARTESIAN_POINT('Ctrl Pts',(7.57018005945204,33.5348795449273,-7.26298671413687));
#966=CARTESIAN_POINT('Ctrl Pts',(8.94120754604152,33.4117378350446,-5.4888352792386));
#967=CARTESIAN_POINT('Ctrl Pts',(8.21088160374737,33.2639698047717,-2.88673579038538));
#968=CARTESIAN_POINT('Ctrl Pts',(6.12071313370214,33.1408280469413,-2.08344822286127));
#969=CARTESIAN_POINT('Ctrl Pts',(4.55188180377992,33.0423165211629,-2.62827801270056));
#970=CARTESIAN_POINT('Ctrl Pts',(3.67848481095178,32.9684312876529,-3.50725786834371));
#971=CARTESIAN_POINT('Ctrl Pts',(3.29391216107673,32.8945469853582,-4.69062112498784));
#972=CARTESIAN_POINT('Ctrl Pts',(3.47784763241491,32.8206630636981,-5.91828635541279));
#973=CARTESIAN_POINT('Ctrl Pts',(4.1933402203478,32.7467782384016,-6.93428386762723));
#974=CARTESIAN_POINT('Ctrl Pts',(5.28723747363279,32.6728934787496,-7.52283846961396));
#975=CARTESIAN_POINT('Ctrl Pts',(6.52901606581765,32.5990096015664,-7.55840095033483));
#976=CARTESIAN_POINT('Ctrl Pts',(7.65568266985893,32.5251251349834,-7.03519566803893));
#977=CARTESIAN_POINT('Ctrl Pts',(8.4280337909609,32.4512398028477,-6.06213071153866));
#978=CARTESIAN_POINT('Ctrl Pts',(8.68409741732319,32.3773568770159,-4.84665541818083));
#979=CARTESIAN_POINT('Ctrl Pts',(8.36781208991893,32.3034714151474,-3.64518329734319));
#980=CARTESIAN_POINT('Ctrl Pts',(7.54766920076011,32.2295872072466,-2.71210488326336));
#981=CARTESIAN_POINT('Ctrl Pts',(6.39634824116502,32.1557025682276,-2.24570511545815));
#982=CARTESIAN_POINT('Ctrl Pts',(5.15787854587528,32.0818187860752,-2.34317291811435));
#983=CARTESIAN_POINT('Ctrl Pts',(4.09470871388002,32.0079334926922,-2.98574808325216));
#984=CARTESIAN_POINT('Ctrl Pts',(3.43087914721566,31.9340492212748,-4.03580748656946));
#985=CARTESIAN_POINT('Ctrl Pts',(3.30835370189174,31.8601653608611,-5.27188794698326));
#986=CARTESIAN_POINT('Ctrl Pts',(3.75175515885141,31.7862803349836,-6.43282499938256));
#987=CARTESIAN_POINT('Ctrl Pts',(4.66748838834624,31.712395799854,-7.27074649190237));
#988=CARTESIAN_POINT('Ctrl Pts',(5.86405383350434,31.6385119833401,-7.61277141078337));
#989=CARTESIAN_POINT('Ctrl Pts',(7.08065985971802,31.5646271934361,-7.3782776954223));
#990=CARTESIAN_POINT('Ctrl Pts',(8.40931434775477,31.4661143248783,-6.38283559622506));
#991=CARTESIAN_POINT('Ctrl Pts',(8.9081455368604,31.3429742044928,-4.19543692427874));
#992=CARTESIAN_POINT('Ctrl Pts',(7.45216618534963,31.2198326258524,-2.48847271114817));
#993=CARTESIAN_POINT('Ctrl Pts',(5.81345962529006,31.1213209744108,-2.22234622289876));
#994=CARTESIAN_POINT('Ctrl Pts',(4.62675564024648,31.0474356070472,-2.57852097176622));
#995=CARTESIAN_POINT('Ctrl Pts',(3.72505724241439,30.9735516004144,-3.43626040191646));
#996=CARTESIAN_POINT('Ctrl Pts',(3.30208108392105,30.8996675732391,-4.60318973062739));
#997=CARTESIAN_POINT('Ctrl Pts',(3.4473388875319,30.8257825131639,-5.83741712030582));
#998=CARTESIAN_POINT('Ctrl Pts',(4.12891079752713,30.751898010039,-6.87586112242429));
#999=CARTESIAN_POINT('Ctrl Pts',(5.20382432118407,30.6780140333522,-7.49868788605798));
#1000=CARTESIAN_POINT('Ctrl Pts',(6.44381647293232,30.604129877933,-7.57487166614449));
#1001=CARTESIAN_POINT('Ctrl Pts',(7.58625430413792,30.5302445006977,-7.08755041098408));
#1002=CARTESIAN_POINT('Ctrl Pts',(8.39045079601366,30.4563609187177,-6.14003639072882));
#1003=CARTESIAN_POINT('Ctrl Pts',(8.68418323529703,30.3824762088573,-4.93410065820616));
#1004=CARTESIAN_POINT('Ctrl Pts',(8.4080500082727,30.3085911909432,-3.72058889208497));
#1005=CARTESIAN_POINT('Ctrl Pts',(7.61694985627706,30.234707407798,-2.76707110901024));
#1006=CARTESIAN_POINT('Ctrl Pts',(6.1048827708615,30.1361944878763,-2.08153839687899));
#1007=CARTESIAN_POINT('Ctrl Pts',(3.94746474225402,30.0130539006902,-2.69714708138236));
#1008=CARTESIAN_POINT('Ctrl Pts',(3.15193172099541,29.8899131597132,-4.79490760255209));
#1009=CARTESIAN_POINT('Ctrl Pts',(3.70749773206359,29.791400394616,-6.35948204750481));
#1010=CARTESIAN_POINT('Ctrl Pts',(4.59059535103309,29.717516299459,-7.22807370913524));
#1011=CARTESIAN_POINT('Ctrl Pts',(5.77675768774529,29.6436317771991,-7.60583121628773));
#1012=CARTESIAN_POINT('Ctrl Pts',(7.00314842259481,29.5697469225621,-7.41485827499597));
#1013=CARTESIAN_POINT('Ctrl Pts',(8.01505760134557,29.4958630851619,-6.69348120934247));
#1014=CARTESIAN_POINT('Ctrl Pts',(8.59726943614051,29.4219784030542,-5.59626251659373));
#1015=CARTESIAN_POINT('Ctrl Pts',(8.62574051549312,29.3480934469191,-4.3542314162868));
#1016=CARTESIAN_POINT('Ctrl Pts',(8.09594668670154,29.2742098913359,-3.2307133512065));
#1017=CARTESIAN_POINT('Ctrl Pts',(7.11863220639825,29.2003252969475,-2.46381246422655));
#1018=CARTESIAN_POINT('Ctrl Pts',(5.90153293454304,29.1264401338249,-2.21478808699114));
#1019=CARTESIAN_POINT('Ctrl Pts',(4.70207974634718,29.0525561276395,-2.53815343409809));
#1020=CARTESIAN_POINT('Ctrl Pts',(3.77357313899859,28.9786721630959,-3.36338312056431));
#1021=CARTESIAN_POINT('Ctrl Pts',(3.31386220252729,28.9047866456911,-4.51755898832792));
#1022=CARTESIAN_POINT('Ctrl Pts',(3.41853973880218,28.8309032486431,-5.75528641803301));
#1023=CARTESIAN_POINT('Ctrl Pts',(4.06702728571523,28.7570181462524,-6.81496151394054));
#1024=CARTESIAN_POINT('Ctrl Pts',(5.12101947248208,28.6831340808548,-7.47255037515345));
#1025=CARTESIAN_POINT('Ctrl Pts',(6.35784195696982,28.6092491247939,-7.58798017328819));
#1026=CARTESIAN_POINT('Ctrl Pts',(7.51587836137346,28.5353654724531,-7.13817115783332));
#1027=CARTESIAN_POINT('Ctrl Pts',(8.34920395179094,28.4614804471395,-6.21703406527422));
#1028=CARTESIAN_POINT('Ctrl Pts',(8.68274756188729,28.3875958017666,-5.01994596794937));
#1029=CARTESIAN_POINT('Ctrl Pts',(8.44453079980512,28.3137119163611,-3.80170996277045));
#1030=CARTESIAN_POINT('Ctrl Pts',(7.6855505085809,28.2398273963285,-2.81558079231253));
#1031=CARTESIAN_POINT('Ctrl Pts',(6.56804204764254,28.1659423633004,-2.28048063473735));
#1032=CARTESIAN_POINT('Ctrl Pts',(4.90736808582368,28.0674306967488,-2.29232861782709));
#1033=CARTESIAN_POINT('Ctrl Pts',(3.20732097784605,27.9442891771358,-3.75158901907777));
#1034=CARTESIAN_POINT('Ctrl Pts',(3.3915723892883,27.7965206944694,-6.44425906440428));
#1035=CARTESIAN_POINT('Ctrl Pts',(5.65498390774575,27.6487516334063,-7.90612067665907));
#1036=CARTESIAN_POINT('Ctrl Pts',(8.18503255796992,27.5009827610831,-6.96928878165758));
#1037=CARTESIAN_POINT('Ctrl Pts',(8.81757967135746,27.3778421557229,-4.81712699822969));
#1038=CARTESIAN_POINT('Ctrl Pts',(8.1452019015571,27.2793294809581,-3.3022943846103));
#1039=CARTESIAN_POINT('Ctrl Pts',(6.88467615508078,27.1808167032666,-2.2259982980463));
#1040=CARTESIAN_POINT('Ctrl Pts',(4.64196559169144,27.0576762176281,-2.21894537924893));
#1041=CARTESIAN_POINT('Ctrl Pts',(3.02191452334643,26.909907210058,-4.377061869002));
#1042=CARTESIAN_POINT('Ctrl Pts',(3.77996921086391,26.7621383559209,-6.96318672707024));
#1043=CARTESIAN_POINT('Ctrl Pts',(6.30451641557463,26.6143694803224,-7.90737811879068));
#1044=CARTESIAN_POINT('Ctrl Pts',(8.57304393823823,26.4666005787747,-6.45068778144787));
#1045=CARTESIAN_POINT('Ctrl Pts',(8.7656120589383,26.3188316885342,-3.76207465583797));
#1046=CARTESIAN_POINT('Ctrl Pts',(6.72823302753884,26.17106282414,-1.99701007922285));
#1047=CARTESIAN_POINT('Ctrl Pts',(4.09442019607269,26.0232939021665,-2.57103087856213));
#1048=CARTESIAN_POINT('Ctrl Pts',(2.97617710529002,25.8755250518718,-5.02378225754392));
#1049=CARTESIAN_POINT('Ctrl Pts',(4.27025307291111,25.7277561482467,-7.38846872295107));
#1050=CARTESIAN_POINT('Ctrl Pts',(6.93874901506537,25.5799872510808,-7.76906751112445));
#1051=CARTESIAN_POINT('Ctrl Pts',(8.84240195579396,25.4322183858959,-5.86007474466027));
#1052=CARTESIAN_POINT('Ctrl Pts',(8.45368392682151,25.284449498885,-3.19291252943574));
#1053=CARTESIAN_POINT('Ctrl Pts',(6.08647457984608,25.1366805601357,-1.90489293625907));
#1054=CARTESIAN_POINT('Ctrl Pts',(3.63446346524986,24.9889118149955,-3.03168984076029));
#1055=CARTESIAN_POINT('Ctrl Pts',(3.16688725498913,24.8657707756906,-5.22513566361824));
#1056=CARTESIAN_POINT('Ctrl Pts',(3.95213725460086,24.7672584813126,-6.68482615866965));
#1057=CARTESIAN_POINT('Ctrl Pts',(5.29042629121792,24.6687457693941,-7.66246857966025));
#1058=CARTESIAN_POINT('Ctrl Pts',(7.52770265394663,24.5456050905287,-7.49955725837632));
#1059=CARTESIAN_POINT('Ctrl Pts',(8.97858767250811,24.3978361016217,-5.22497789838963));
#1060=CARTESIAN_POINT('Ctrl Pts',(8.0286757000768,24.2500674009517,-2.70352057248471));
#1061=CARTESIAN_POINT('Ctrl Pts',(5.43593032318867,24.102298180215,-1.95378040418443));
#1062=CARTESIAN_POINT('Ctrl Pts',(3.65004303325966,23.9791580540539,-3.30659831204458));
#1063=CARTESIAN_POINT('Ctrl Pts',(3.2871199831066,23.8806446797545,-4.92720544329479));
#1064=CARTESIAN_POINT('Ctrl Pts',(3.57368655054854,23.8067608496372,-6.13259758392333));
#1065=CARTESIAN_POINT('Ctrl Pts',(4.37691333436789,23.732876457685,-7.08304660196882));
#1066=CARTESIAN_POINT('Ctrl Pts',(5.51719550638557,23.6589913011544,-7.57358764035435));
#1067=CARTESIAN_POINT('Ctrl Pts',(6.75778050761616,23.5851074895113,-7.50097781571577));
#1068=CARTESIAN_POINT('Ctrl Pts',(7.83424713402578,23.5112233177802,-6.88105396454517));
#1069=CARTESIAN_POINT('Ctrl Pts',(8.51899464994602,23.4373380363287,-5.84480129082188));
#1070=CARTESIAN_POINT('Ctrl Pts',(8.66775183922381,23.3634538428012,-4.61093211606826));
#1071=CARTESIAN_POINT('Ctrl Pts',(8.24820382786444,23.2895699642859,-3.44282586013335));
#1072=CARTESIAN_POINT('Ctrl Pts',(7.34895838401723,23.2156847900881,-2.58245096478935));
#1073=CARTESIAN_POINT('Ctrl Pts',(6.16332080938174,23.1418004771212,-2.22285715450117));
#1074=CARTESIAN_POINT('Ctrl Pts',(4.52382044935682,23.0432884171273,-2.48422829775755));
#1075=CARTESIAN_POINT('Ctrl Pts',(3.06296177509175,22.920146856335,-4.18697343986725));
#1076=CARTESIAN_POINT('Ctrl Pts',(3.55535248950364,22.7970071410089,-6.37580563454771));
#1077=CARTESIAN_POINT('Ctrl Pts',(4.88125317193237,22.6984934801569,-7.37509131016158));
#1078=CARTESIAN_POINT('Ctrl Pts',(6.0968332265782,22.6246100461049,-7.6131216068717));
#1079=CARTESIAN_POINT('Ctrl Pts',(7.29477327125421,22.5507254006042,-7.27456231670547));
#1080=CARTESIAN_POINT('Ctrl Pts',(8.21282865390903,22.4768402201285,-6.43928015832971));
#1081=CARTESIAN_POINT('Ctrl Pts',(8.65957060141743,22.4029561548134,-5.27963518096811));
#1082=CARTESIAN_POINT('Ctrl Pts',(8.54063378811902,22.3290722875914,-4.04323674123443));
#1083=CARTESIAN_POINT('Ctrl Pts',(7.87983537499634,22.2551868237067,-2.9911812649793));
#1084=CARTESIAN_POINT('Ctrl Pts',(6.81853586799119,22.1813032757761,-2.34570734606846));
#1085=CARTESIAN_POINT('Ctrl Pts',(5.58035323731115,22.1074181673385,-2.2443592770824));
#1086=CARTESIAN_POINT('Ctrl Pts',(4.42763435819932,22.033534329535,-2.7076326472233));
#1087=CARTESIAN_POINT('Ctrl Pts',(3.60496122090765,21.9596491132823,-3.63835012481044));
#1088=CARTESIAN_POINT('Ctrl Pts',(3.28508337038653,21.8857655359974,-4.83876898310838));
#1089=CARTESIAN_POINT('Ctrl Pts',(3.53759107221843,21.8118806774019,-6.0550941108927));
#1090=CARTESIAN_POINT('Ctrl Pts',(4.30716845583387,21.7379958645697,-7.03031173675368));
#1091=CARTESIAN_POINT('Ctrl Pts',(5.43220626319666,21.6641119066285,-7.55686671621497));
#1092=CARTESIAN_POINT('Ctrl Pts',(6.67445066202849,21.5902276445381,-7.52470249281525));
#1093=CARTESIAN_POINT('Ctrl Pts',(7.76930542520942,21.5163424180683,-6.93970609895027));
#1094=CARTESIAN_POINT('Ctrl Pts',(8.48947240298454,21.442458562168,-5.92489001260362));
#1095=CARTESIAN_POINT('Ctrl Pts',(8.67337636338595,21.3685742947448,-4.6996571627969));
#1096=CARTESIAN_POINT('Ctrl Pts',(8.17495975680653,21.2700609635713,-3.11531108169646));
#1097=CARTESIAN_POINT('Ctrl Pts',(6.28153825512916,21.1469208996553,-1.91830009063538));
#1098=CARTESIAN_POINT('Ctrl Pts',(3.76084459951784,20.9991516707591,-2.88338616015411));
#1099=CARTESIAN_POINT('Ctrl Pts',(3.02784666387154,20.851382912036,-5.47731764738497));
#1100=CARTESIAN_POINT('Ctrl Pts',(4.6637246511905,20.7036140432875,-7.61870026463514));
#1101=CARTESIAN_POINT('Ctrl Pts',(7.35899894753018,20.5558449952106,-7.59286039440249));
#1102=CARTESIAN_POINT('Ctrl Pts',(8.95323032364085,20.4080764723123,-5.41576801588517));
#1103=CARTESIAN_POINT('Ctrl Pts',(8.2951199389135,20.2849350475337,-3.2718063220252));
#1104=CARTESIAN_POINT('Ctrl Pts',(6.89904262655342,20.1864232911812,-2.37828559384725));
#1105=CARTESIAN_POINT('Ctrl Pts',(5.25422192490007,20.0879098031919,-2.17492529888244));
#1106=CARTESIAN_POINT('Ctrl Pts',(3.37860091779806,19.9647698455192,-3.40536747473757));
#1107=CARTESIAN_POINT('Ctrl Pts',(3.21710050762842,19.8170005477975,-6.09844979756349));
#1108=CARTESIAN_POINT('Ctrl Pts',(5.27340543862014,19.6692318530537,-7.83962420372198));
#1109=CARTESIAN_POINT('Ctrl Pts',(7.90349245923553,19.5214628999683,-7.23375199647267));
#1110=CARTESIAN_POINT('Ctrl Pts',(8.80599664245695,19.3983221224587,-5.18313331556327));
#1111=CARTESIAN_POINT('Ctrl Pts',(8.33493343933705,19.299809509719,-3.59060944643941));
#1112=CARTESIAN_POINT('Ctrl Pts',(7.49830244246052,19.2259256112248,-2.67674345754939));
#1113=CARTESIAN_POINT('Ctrl Pts',(6.33421531660031,19.1520402802297,-2.23692301873373));
#1114=CARTESIAN_POINT('Ctrl Pts',(5.09930452881275,19.0781561712643,-2.36287939368398));
#1115=CARTESIAN_POINT('Ctrl Pts',(4.05074077626822,19.0042722490137,-3.02973184430368));
#1116=CARTESIAN_POINT('Ctrl Pts',(3.41136467056604,18.9303870427779,-4.09477905501464));
#1117=CARTESIAN_POINT('Ctrl Pts',(3.31737436520842,18.8565027937627,-5.33339499033262));
#1118=CARTESIAN_POINT('Ctrl Pts',(3.78701802047018,18.782618744276,-6.483720474451));
#1119=CARTESIAN_POINT('Ctrl Pts',(4.72252749689625,18.7087341251096,-7.30051514338655));
#1120=CARTESIAN_POINT('Ctrl Pts',(6.05849892865381,18.6266392766388,-7.64943236463954));
#1121=CARTESIAN_POINT('Ctrl Pts',(7.54500316658289,18.5363387260246,-7.21135507189198));
#1122=CARTESIAN_POINT('Ctrl Pts',(8.58890991490647,18.4378234050814,-5.87892780208019));
#1123=CARTESIAN_POINT('Ctrl Pts',(8.66497444551804,18.3393122062763,-4.18954972696835));
#1124=CARTESIAN_POINT('Ctrl Pts',(7.74740881299511,18.2407993367592,-2.76825601480326));
#1125=CARTESIAN_POINT('Ctrl Pts',(6.17564544989702,18.1422854773326,-2.14371373984237));
#1126=CARTESIAN_POINT('Ctrl Pts',(4.53228205108258,18.0437755426818,-2.54640573024668));
#1127=CARTESIAN_POINT('Ctrl Pts',(3.4288117417264,17.9452596569574,-3.82839240730003));
#1128=CARTESIAN_POINT('Ctrl Pts',(3.27279938810004,17.8467507763764,-5.5126535864428));
#1129=CARTESIAN_POINT('Ctrl Pts',(4.1231215214641,17.7482353473387,-6.97490267188109));
#1130=CARTESIAN_POINT('Ctrl Pts',(5.66447372772,17.6497234071673,-7.67254279501333));
#1131=CARTESIAN_POINT('Ctrl Pts',(7.32367925967395,17.55121234992,-7.34640084909058));
#1132=CARTESIAN_POINT('Ctrl Pts',(8.53644637703336,17.4485921117449,-6.06701672778847));
#1133=CARTESIAN_POINT('Ctrl Pts',(8.7233083876699,17.3418723617939,-4.22110783076269));
#1134=CARTESIAN_POINT('Ctrl Pts',(7.64063644569587,17.2310456987168,-2.62554554041672));
#1135=CARTESIAN_POINT('Ctrl Pts',(5.78751149884605,17.1202187253689,-2.09609151611868));
#1136=CARTESIAN_POINT('Ctrl Pts',(4.0257612455127,17.0093913280541,-2.87844491138434));
#1137=CARTESIAN_POINT('Ctrl Pts',(3.1762109369916,16.8985645344182,-4.60871771116893));
#1138=CARTESIAN_POINT('Ctrl Pts',(3.63414319287374,16.7877390582614,-6.48104304577204));
#1139=CARTESIAN_POINT('Ctrl Pts',(5.186462469532,16.6769123813988,-7.6237896412288));
#1140=CARTESIAN_POINT('Ctrl Pts',(7.1103611850697,16.5660851061713,-7.50479464992888));
#1141=CARTESIAN_POINT('Ctrl Pts',(8.51003001411581,16.4552578188142,-6.17946881520849));
#1142=CARTESIAN_POINT('Ctrl Pts',(8.73374784140769,16.3444315812025,-4.26493976995298));
#1143=CARTESIAN_POINT('Ctrl Pts',(7.67739671071195,16.2336059466206,-2.65262826919487));
#1144=CARTESIAN_POINT('Ctrl Pts',(5.83278368462335,16.1227788021503,-2.0932191847709));
#1145=CARTESIAN_POINT('Ctrl Pts',(4.05879445878061,16.0119515684022,-2.84723316852899));
#1146=CARTESIAN_POINT('Ctrl Pts',(3.18146268784715,15.9011244167202,-4.56357340358328));
#1147=CARTESIAN_POINT('Ctrl Pts',(3.60925509714783,15.7902987698736,-6.44304782103557));
#1148=CARTESIAN_POINT('Ctrl Pts',(5.14297546239673,15.679472551576,-7.6105955189906));
#1149=CARTESIAN_POINT('Ctrl Pts',(7.06854313096319,15.5686452607664,-7.5225715886667));
#1150=CARTESIAN_POINT('Ctrl Pts',(8.48935047436952,15.4578179948779,-6.21992936406285));
#1151=CARTESIAN_POINT('Ctrl Pts',(8.74383256117399,15.3469912860616,-4.30923924802626));
#1152=CARTESIAN_POINT('Ctrl Pts',(7.71354688290127,15.2361658462224,-2.68015072856761));
#1153=CARTESIAN_POINT('Ctrl Pts',(5.87817657384803,15.1253389951298,-2.09114697820704));
#1154=CARTESIAN_POINT('Ctrl Pts',(4.09228809918677,15.0145117438498,-2.81652299764733));
#1155=CARTESIAN_POINT('Ctrl Pts',(3.18745693781955,14.9036844615905,-4.51853478891291));
#1156=CARTESIAN_POINT('Ctrl Pts',(3.58497427037506,14.7928584161338,-6.40464809275488));
#1157=CARTESIAN_POINT('Ctrl Pts',(5.09970685442897,14.6820326347776,-7.59671329508502));
#1158=CARTESIAN_POINT('Ctrl Pts',(7.02645284132609,14.5712054413033,-7.5396592287661));
#1159=CARTESIAN_POINT('Ctrl Pts',(8.46800050951412,14.4603781612733,-6.26007712821765));
#1160=CARTESIAN_POINT('Ctrl Pts',(8.75325090237212,14.3495511925098,-4.35364697852909));
#1161=CARTESIAN_POINT('Ctrl Pts',(7.74915294283932,14.2387254658576,-2.70835203461318));
#1162=CARTESIAN_POINT('Ctrl Pts',(5.9238014701291,14.1278994566446,-2.08959162584273));
#1163=CARTESIAN_POINT('Ctrl Pts',(4.12588735502766,14.017071377447,-2.78680989986312));
#1164=CARTESIAN_POINT('Ctrl Pts',(3.50591143810063,13.9431883537294,-3.91064307582606));
#1165=CARTESIAN_POINT('Ctrl Pts',(3.41163793222271,13.9062456267909,-4.50790045837877));
#1166=CARTESIAN_POINT('Ctrl Pts',(4.42611663943546,38.5506980436233,-7.03564047140986));
#1167=CARTESIAN_POINT('Ctrl Pts',(4.91856782153929,38.5137568134289,-7.39735041982995));
#1168=CARTESIAN_POINT('Ctrl Pts',(6.1631893812916,38.4398707804864,-7.76326451494432));
#1169=CARTESIAN_POINT('Ctrl Pts',(7.9498831211345,38.3290453224643,-6.98499123543881));
#1170=CARTESIAN_POINT('Ctrl Pts',(8.8203588238931,38.2182175114203,-5.24237469501484));
#1171=CARTESIAN_POINT('Ctrl Pts',(8.37092288827091,38.1073904746233,-3.34686112196645));
#1172=CARTESIAN_POINT('Ctrl Pts',(6.81007424176013,37.9965639345656,-2.1810539881905));
#1173=CARTESIAN_POINT('Ctrl Pts',(4.86496539582684,37.8857384601918,-2.28773006655645));
#1174=CARTESIAN_POINT('Ctrl Pts',(3.44103177314192,37.7749113791965,-3.61723440281711));
#1175=CARTESIAN_POINT('Ctrl Pts',(3.20141063327552,37.6640841559811,-5.55055674590814));
#1176=CARTESIAN_POINT('Ctrl Pts',(4.25764123228727,37.5532569313265,-7.18747205772267));
#1177=CARTESIAN_POINT('Ctrl Pts',(6.11789690202377,37.4424311540142,-7.76581173117302));
#1178=CARTESIAN_POINT('Ctrl Pts',(7.91603718536842,37.3316051130699,-7.01633005644518));
#1179=CARTESIAN_POINT('Ctrl Pts',(8.81484091777261,37.2207778360607,-5.28795240356821));
#1180=CARTESIAN_POINT('Ctrl Pts',(8.39576145144718,37.1099505823309,-3.38544656949768));
#1181=CARTESIAN_POINT('Ctrl Pts',(6.85395198209163,36.9991237266857,-2.19468436722752));
#1182=CARTESIAN_POINT('Ctrl Pts',(4.90733567082519,36.8882982771832,-2.27006603221834));
#1183=CARTESIAN_POINT('Ctrl Pts',(3.46222922132832,36.7774715957302,-3.57649157524277));
#1184=CARTESIAN_POINT('Ctrl Pts',(3.1915272461741,36.6666442985599,-5.50570707184811));
#1185=CARTESIAN_POINT('Ctrl Pts',(4.22129422140135,36.5558171366309,-7.15940526787691));
#1186=CARTESIAN_POINT('Ctrl Pts',(6.07201733375218,36.4449906579427,-7.76758934111695));
#1187=CARTESIAN_POINT('Ctrl Pts',(7.88197032196564,36.3341651885968,-7.04712317232079));
#1188=CARTESIAN_POINT('Ctrl Pts',(8.80845819682511,36.2233379844836,-5.33343087426211));
#1189=CARTESIAN_POINT('Ctrl Pts',(8.42003885368578,36.1125107875993,-3.42443047371297));
#1190=CARTESIAN_POINT('Ctrl Pts',(6.89757730110875,36.001683621896,-2.20901488541787));
#1191=CARTESIAN_POINT('Ctrl Pts',(4.94999590366053,35.8908579873803,-2.25309129349122));
#1192=CARTESIAN_POINT('Ctrl Pts',(3.48407455110471,35.7800317580554,-3.53608439340231));
#1193=CARTESIAN_POINT('Ctrl Pts',(3.18236682897617,35.6692044721989,-5.46072797606695));
#1194=CARTESIAN_POINT('Ctrl Pts',(4.18541155443341,35.5583771981698,-7.13070759037038));
#1195=CARTESIAN_POINT('Ctrl Pts',(6.02609584019971,35.447550508957,-7.76873105333213));
#1196=CARTESIAN_POINT('Ctrl Pts',(7.84744589530316,35.336725038872,-7.07715030519452));
#1197=CARTESIAN_POINT('Ctrl Pts',(8.80127854978862,35.2258982447156,-5.37924569414653));
#1198=CARTESIAN_POINT('Ctrl Pts',(8.44381501021595,35.1150708713932,-3.46287669222952));
#1199=CARTESIAN_POINT('Ctrl Pts',(7.10763405234788,35.0165579636347,-2.36363606407603));
#1200=CARTESIAN_POINT('Ctrl Pts',(5.65055404767817,34.9303601138892,-2.20637646823571));
#1201=CARTESIAN_POINT('Ctrl Pts',(4.47343051746727,34.8564758569246,-2.64105700564217));
#1202=CARTESIAN_POINT('Ctrl Pts',(3.61609197787954,34.7825906427629,-3.55890810349697));
#1203=CARTESIAN_POINT('Ctrl Pts',(3.2595689483422,34.7087066416619,-4.76252167439681));
#1204=CARTESIAN_POINT('Ctrl Pts',(3.48036291070995,34.6348222820941,-5.99844399264944));
#1205=CARTESIAN_POINT('Ctrl Pts',(4.2313065946175,34.5609379069815,-7.00524479545937));
#1206=CARTESIAN_POINT('Ctrl Pts',(5.35215836671198,34.4870530389544,-7.56834521509978));
#1207=CARTESIAN_POINT('Ctrl Pts',(6.60988869840319,34.4131693079299,-7.57144824342453));
#1208=CARTESIAN_POINT('Ctrl Pts',(7.72868949509742,34.3392836949575,-7.00913364506314));
#1209=CARTESIAN_POINT('Ctrl Pts',(8.74621716135514,34.240774622947,-5.67438150974957));
#1210=CARTESIAN_POINT('Ctrl Pts',(8.63117540119852,34.1176317343352,-3.4129641804052));
#1211=CARTESIAN_POINT('Ctrl Pts',(6.36485657802715,33.969863886942,-1.89501218033251));
#1212=CARTESIAN_POINT('Ctrl Pts',(3.79652411757977,33.8220946315759,-2.80013179890836));
#1213=CARTESIAN_POINT('Ctrl Pts',(2.98073040277408,33.674325692423,-5.40196464125665));
#1214=CARTESIAN_POINT('Ctrl Pts',(4.3097521779838,33.5511854339154,-7.23841912062035));
#1215=CARTESIAN_POINT('Ctrl Pts',(5.93662735407215,33.4526721010764,-7.63804772036863));
#1216=CARTESIAN_POINT('Ctrl Pts',(7.57600296195741,33.3541604384027,-7.29543336977719));
#1217=CARTESIAN_POINT('Ctrl Pts',(8.96997614058579,33.2310187285201,-5.50884791235394));
#1218=CARTESIAN_POINT('Ctrl Pts',(8.24410184303907,33.0832506982471,-2.87561776337588));
#1219=CARTESIAN_POINT('Ctrl Pts',(6.13545099914889,32.9601089404167,-2.05397582375989));
#1220=CARTESIAN_POINT('Ctrl Pts',(4.54736949922584,32.8615974146384,-2.59721396793607));
#1221=CARTESIAN_POINT('Ctrl Pts',(3.66056773583639,32.7877121811284,-3.48146002329394));
#1222=CARTESIAN_POINT('Ctrl Pts',(3.26631406733788,32.7138278788336,-4.67560085899843));
#1223=CARTESIAN_POINT('Ctrl Pts',(3.44647064956222,32.6399439571736,-5.91718989673918));
#1224=CARTESIAN_POINT('Ctrl Pts',(4.16477556386384,32.5660591318771,-6.94737866098894));
#1225=CARTESIAN_POINT('Ctrl Pts',(5.26756564943607,32.4921743722251,-7.54730816900676));
#1226=CARTESIAN_POINT('Ctrl Pts',(6.52238775200457,32.4182904950419,-7.58911561522214));
#1227=CARTESIAN_POINT('Ctrl Pts',(7.6634920816033,32.3444060284589,-7.06560743909348));
#1228=CARTESIAN_POINT('Ctrl Pts',(8.44866047062892,32.2705206963231,-6.08582869371355));
#1229=CARTESIAN_POINT('Ctrl Pts',(8.71312338499047,32.1966377704914,-4.85865318796468));
#1230=CARTESIAN_POINT('Ctrl Pts',(8.39914893252465,32.1227523086229,-3.64287064960611));
#1231=CARTESIAN_POINT('Ctrl Pts',(7.57462545384993,32.0488681007221,-2.69601757072766));
#1232=CARTESIAN_POINT('Ctrl Pts',(6.41327522776802,31.974983461703,-2.21923314828704));
#1233=CARTESIAN_POINT('Ctrl Pts',(5.16116303745655,31.9010996795507,-2.31194562363729));
#1234=CARTESIAN_POINT('Ctrl Pts',(4.08364875529047,31.8272143861677,-2.95633770758638));
#1235=CARTESIAN_POINT('Ctrl Pts',(3.40784654125672,31.7533301147503,-4.0144701346804));
#1236=CARTESIAN_POINT('Ctrl Pts',(3.27817775098511,31.6794462543365,-5.26312349582289));
#1237=CARTESIAN_POINT('Ctrl Pts',(3.72087404317612,31.6055612284591,-6.43848881879395));
#1238=CARTESIAN_POINT('Ctrl Pts',(4.64239112519291,31.5316766933295,-7.28965050618853));
#1239=CARTESIAN_POINT('Ctrl Pts',(5.85009402613822,31.4577928768156,-7.64091088887827));
#1240=CARTESIAN_POINT('Ctrl Pts',(7.08075047738049,31.3839080869115,-7.40966238979499));
#1241=CARTESIAN_POINT('Ctrl Pts',(8.42819715755033,31.2853952183538,-6.40986417666131));
#1242=CARTESIAN_POINT('Ctrl Pts',(8.94265338590324,31.1622550979682,-4.20152385839695));
#1243=CARTESIAN_POINT('Ctrl Pts',(7.4791609953416,31.0391135193278,-2.46955976709521));
#1244=CARTESIAN_POINT('Ctrl Pts',(5.8242868662548,30.9406018678863,-2.1928879500107));
#1245=CARTESIAN_POINT('Ctrl Pts',(4.62328749300181,30.8667165005226,-2.54730065137922));
#1246=CARTESIAN_POINT('Ctrl Pts',(3.70794379845169,30.7928324938898,-3.40991017182412));
#1247=CARTESIAN_POINT('Ctrl Pts',(3.27501341771937,30.7189484667146,-4.58728131340843));
#1248=CARTESIAN_POINT('Ctrl Pts',(3.41598486943558,30.6450634066394,-5.83532714918899));
#1249=CARTESIAN_POINT('Ctrl Pts',(4.09995885833299,30.5711789035144,-6.8880083804176));
#1250=CARTESIAN_POINT('Ctrl Pts',(5.1833542833299,30.4972949268277,-7.52253444110117));
#1251=CARTESIAN_POINT('Ctrl Pts',(6.43621957354545,30.4234107714085,-7.60532891344722));
#1252=CARTESIAN_POINT('Ctrl Pts',(7.5930899387729,30.3495253941732,-7.11821989475837));
#1253=CARTESIAN_POINT('Ctrl Pts',(8.41028288683734,30.2756418121932,-6.16437877548088));
#1254=CARTESIAN_POINT('Ctrl Pts',(8.7128317900293,30.2017571023328,-4.94700113539758));
#1255=CARTESIAN_POINT('Ctrl Pts',(8.43943534986319,30.1278720844187,-3.71928110733733));
#1256=CARTESIAN_POINT('Ctrl Pts',(7.6444165035198,30.0539883012735,-2.75188607152782));
#1257=CARTESIAN_POINT('Ctrl Pts',(6.11948532988279,29.9554753813518,-2.05197691176381));
#1258=CARTESIAN_POINT('Ctrl Pts',(3.93619352035976,29.8323347941657,-2.66397092547558));
#1259=CARTESIAN_POINT('Ctrl Pts',(3.12235650131518,29.7091940531886,-4.78034607318436));
#1260=CARTESIAN_POINT('Ctrl Pts',(3.67646963470723,29.6106812880915,-6.36417257916845));
#1261=CARTESIAN_POINT('Ctrl Pts',(4.56487991023809,29.5367971929345,-7.24613010031218));
#1262=CARTESIAN_POINT('Ctrl Pts',(5.76191150552649,29.4629126706746,-7.63351610403233));
#1263=CARTESIAN_POINT('Ctrl Pts',(7.00223290624609,29.3890278160375,-7.44624295018039));
#1264=CARTESIAN_POINT('Ctrl Pts',(8.02831640961119,29.3151439786374,-6.72196860649918));
#1265=CARTESIAN_POINT('Ctrl Pts',(8.62185379960126,29.2412592965297,-5.61579677049714));
#1266=CARTESIAN_POINT('Ctrl Pts',(8.65648991893144,29.1673743403946,-4.36067831528221));
#1267=CARTESIAN_POINT('Ctrl Pts',(8.12632357717223,29.0934907848114,-3.22274525662537));
#1268=CARTESIAN_POINT('Ctrl Pts',(7.14220895158999,29.019606190423,-2.44304792207848));
#1269=CARTESIAN_POINT('Ctrl Pts',(5.9133317178957,28.9457210273004,-2.1856904030933));
#1270=CARTESIAN_POINT('Ctrl Pts',(4.6995892017334,28.8718370211149,-2.50683157146551));
#1271=CARTESIAN_POINT('Ctrl Pts',(3.75734314279499,28.7979530565714,-3.33650132896535));
#1272=CARTESIAN_POINT('Ctrl Pts',(3.28729185925655,28.7240675391666,-4.50079336823717));
#1273=CARTESIAN_POINT('Ctrl Pts',(3.38728902426282,28.6501841421186,-5.75216052085273));
#1274=CARTESIAN_POINT('Ctrl Pts',(4.03768149976515,28.5762990397279,-6.82618943045164));
#1275=CARTESIAN_POINT('Ctrl Pts',(5.0998323660453,28.5024149743303,-7.49571559222197));
#1276=CARTESIAN_POINT('Ctrl Pts',(6.34924809438016,28.4285300182694,-7.6182028531112));
#1277=CARTESIAN_POINT('Ctrl Pts',(7.5217186380267,28.3546463659286,-7.16902235509955));
#1278=CARTESIAN_POINT('Ctrl Pts',(8.3682584358721,28.280761340615,-6.24201943660634));
#1279=CARTESIAN_POINT('Ctrl Pts',(8.7109470879645,28.2068766952421,-5.03374933974546));
#1280=CARTESIAN_POINT('Ctrl Pts',(8.47595038789712,28.1329928098365,-3.80142739983791));
#1281=CARTESIAN_POINT('Ctrl Pts',(7.71350159019302,28.059108289804,-2.80125250083001));
#1282=CARTESIAN_POINT('Ctrl Pts',(6.58662976200665,27.9852232567759,-2.25518733594731));
#1283=CARTESIAN_POINT('Ctrl Pts',(4.90823889238937,27.8867115902243,-2.25937536583598));
#1284=CARTESIAN_POINT('Ctrl Pts',(3.18322079169338,27.7635700706112,-3.72616573632262));
#1285=CARTESIAN_POINT('Ctrl Pts',(3.35679372434751,27.6158015879449,-6.44836410730547));
#1286=CARTESIAN_POINT('Ctrl Pts',(5.63741491671181,27.4680325268817,-7.93640967074311));
#1287=CARTESIAN_POINT('Ctrl Pts',(8.19879833037598,27.3202636545586,-7.0015076091513));
#1288=CARTESIAN_POINT('Ctrl Pts',(8.84817574881824,27.1971230491983,-4.82939329670877));
#1289=CARTESIAN_POINT('Ctrl Pts',(8.17577421044055,27.0986103744335,-3.29529168237154));
#1290=CARTESIAN_POINT('Ctrl Pts',(6.90689522943234,27.0000975967421,-2.20163566043256));
#1291=CARTESIAN_POINT('Ctrl Pts',(4.64033701631347,26.8769571111035,-2.18395077033079));
#1292=CARTESIAN_POINT('Ctrl Pts',(2.99291265126309,26.7291881035334,-4.35743115819327));
#1293=CARTESIAN_POINT('Ctrl Pts',(3.74687984770648,26.5814192493964,-6.97463405692647));
#1294=CARTESIAN_POINT('Ctrl Pts',(6.29385800211985,26.4336503737979,-7.94073739798509));
#1295=CARTESIAN_POINT('Ctrl Pts',(8.59337023342846,26.2858814722502,-6.47920304155494));
#1296=CARTESIAN_POINT('Ctrl Pts',(8.80062070061689,26.1381125820097,-3.76288367562603));
#1297=CARTESIAN_POINT('Ctrl Pts',(6.74985344036885,25.9903437176154,-1.96946259617233));
#1298=CARTESIAN_POINT('Ctrl Pts',(4.08531523691717,25.8425747956419,-2.53721699785578));
#1299=CARTESIAN_POINT('Ctrl Pts',(2.94364746725052,25.6948059453473,-5.01081563422446));
#1300=CARTESIAN_POINT('Ctrl Pts',(4.24038422392635,25.5470370417222,-7.40674717319494));
#1301=CARTESIAN_POINT('Ctrl Pts',(6.93548901540542,25.3992681445563,-7.80393378454432));
#1302=CARTESIAN_POINT('Ctrl Pts',(8.86837053648364,25.2514992793714,-5.88357157790331));
#1303=CARTESIAN_POINT('Ctrl Pts',(8.48804614844522,25.1037303923605,-3.18619728034067));
#1304=CARTESIAN_POINT('Ctrl Pts',(6.10170064431548,24.9559614536111,-1.87335313354321));
#1305=CARTESIAN_POINT('Ctrl Pts',(3.6182946881083,24.808192708471,-3.00061033181237));
#1306=CARTESIAN_POINT('Ctrl Pts',(3.13544995759826,24.6850516691661,-5.21522139144406));
#1307=CARTESIAN_POINT('Ctrl Pts',(3.922183753583,24.5865393747881,-6.69412592721402));
#1308=CARTESIAN_POINT('Ctrl Pts',(5.27011559876877,24.4880266628695,-7.68844351538287));
#1309=CARTESIAN_POINT('Ctrl Pts',(7.5319820895182,24.3648859840042,-7.53433033069299));
#1310=CARTESIAN_POINT('Ctrl Pts',(9.00898627877388,24.2171169950972,-5.2423503137557));
#1311=CARTESIAN_POINT('Ctrl Pts',(8.06081727498782,24.0693482944272,-2.6896074158075));
#1312=CARTESIAN_POINT('Ctrl Pts',(5.44400001067678,23.9215790736904,-1.91969206409185));
#1313=CARTESIAN_POINT('Ctrl Pts',(3.63275437977217,23.7984389475293,-3.27854068564045));
#1314=CARTESIAN_POINT('Ctrl Pts',(3.25834253392595,23.69992557323,-4.91467249794972));
#1315=CARTESIAN_POINT('Ctrl Pts',(3.54231881728135,23.6260417431127,-6.13423138498168));
#1316=CARTESIAN_POINT('Ctrl Pts',(4.3496048845979,23.5521573511605,-7.09858775244977));
#1317=CARTESIAN_POINT('Ctrl Pts',(5.49972978640649,23.4782721946299,-7.59967800420488));
#1318=CARTESIAN_POINT('Ctrl Pts',(6.75384469712106,23.4043883829868,-7.53215856066506));
#1319=CARTESIAN_POINT('Ctrl Pts',(7.84469427237418,23.3305042112557,-6.91065414537912));
#1320=CARTESIAN_POINT('Ctrl Pts',(8.54160224726975,23.2566189298041,-5.86662468300161));
#1321=CARTESIAN_POINT('Ctrl Pts',(8.69771611481423,23.1827347362767,-4.6203126700012));
#1322=CARTESIAN_POINT('Ctrl Pts',(8.27921845357644,23.1088508577614,-3.43780032897935));
#1323=CARTESIAN_POINT('Ctrl Pts',(7.37442560060447,23.0349656835636,-2.56406150006808));
#1324=CARTESIAN_POINT('Ctrl Pts',(6.17786966711797,22.9610813705966,-2.19504830969248));
#1325=CARTESIAN_POINT('Ctrl Pts',(4.51971190812238,22.8625693106027,-2.45151382705937));
#1326=CARTESIAN_POINT('Ctrl Pts',(3.03527181240695,22.7394277498104,-4.16550343178605));
#1327=CARTESIAN_POINT('Ctrl Pts',(3.52264913984463,22.6162880344844,-6.37995595761134));
#1328=CARTESIAN_POINT('Ctrl Pts',(4.85794851403083,22.5177743736324,-7.39610646558364));
#1329=CARTESIAN_POINT('Ctrl Pts',(6.08532805455749,22.4438909395804,-7.64236110880083));
#1330=CARTESIAN_POINT('Ctrl Pts',(7.29764423041305,22.3700062940797,-7.30584523187448));
#1331=CARTESIAN_POINT('Ctrl Pts',(8.22936267154529,22.296121113604,-6.46597215538374));
#1332=CARTESIAN_POINT('Ctrl Pts',(8.68633478114836,22.2222370482889,-5.29609748126031));
#1333=CARTESIAN_POINT('Ctrl Pts',(8.57191357491364,22.1483531810668,-4.04598614845833));
#1334=CARTESIAN_POINT('Ctrl Pts',(7.90904625876125,22.0744677171821,-2.9796132682024));
#1335=CARTESIAN_POINT('Ctrl Pts',(6.83949207773184,22.0005841692515,-2.32231499620071));
#1336=CARTESIAN_POINT('Ctrl Pts',(5.58859507242088,21.926699060814,-2.21403910255892));
#1337=CARTESIAN_POINT('Ctrl Pts',(4.42142395501652,21.8528152230105,-2.6768598474523));
#1338=CARTESIAN_POINT('Ctrl Pts',(3.58562431241983,21.7789300067578,-3.61358469800662));
#1339=CARTESIAN_POINT('Ctrl Pts',(3.25672461878959,21.7050464294728,-4.82528790052619));
#1340=CARTESIAN_POINT('Ctrl Pts',(3.5061767613824,21.6311615708773,-6.05574575505538));
#1341=CARTESIAN_POINT('Ctrl Pts',(4.27938655786257,21.5572767580452,-7.04493895326506));
#1342=CARTESIAN_POINT('Ctrl Pts',(5.4139070752348,21.483392800104,-7.58241168823241));
#1343=CARTESIAN_POINT('Ctrl Pts',(6.66952363088654,21.4095085380135,-7.55570928263722));
#1344=CARTESIAN_POINT('Ctrl Pts',(7.77878955144248,21.3356233115437,-6.96966183020023));
#1345=CARTESIAN_POINT('Ctrl Pts',(8.51136747047318,21.2617394556435,-5.94740992445219));
#1346=CARTESIAN_POINT('Ctrl Pts',(8.7030084473073,21.1878551882202,-4.7100110736451));
#1347=CARTESIAN_POINT('Ctrl Pts',(8.2067197905998,21.0893418570468,-3.10647813041992));
#1348=CARTESIAN_POINT('Ctrl Pts',(6.29877590345771,20.9662017931308,-1.88780811150934));
#1349=CARTESIAN_POINT('Ctrl Pts',(3.74672198519217,20.8184325642345,-2.85133298216925));
#1350=CARTESIAN_POINT('Ctrl Pts',(2.99373541695415,20.6706638055115,-5.4694180069902));
#1351=CARTESIAN_POINT('Ctrl Pts',(4.63696270907332,20.5228949367629,-7.641279136273));
#1352=CARTESIAN_POINT('Ctrl Pts',(7.36103591398266,20.3751258886861,-7.62782426050957));
#1353=CARTESIAN_POINT('Ctrl Pts',(8.98247257108572,20.2273573657877,-5.4350604305938));
#1354=CARTESIAN_POINT('Ctrl Pts',(8.32741090026354,20.1042159410092,-3.2651796609567));
#1355=CARTESIAN_POINT('Ctrl Pts',(6.9206919844878,20.0057041846567,-2.35559199153276));
#1356=CARTESIAN_POINT('Ctrl Pts',(5.25933587027163,19.9071906966674,-2.14235119663336));
#1357=CARTESIAN_POINT('Ctrl Pts',(3.35794991915427,19.7840507389947,-3.37706527825921));
#1358=CARTESIAN_POINT('Ctrl Pts',(3.1820902117318,19.636281441273,-6.09805464463992));
#1359=CARTESIAN_POINT('Ctrl Pts',(5.25208787434011,19.4885127465292,-7.86741299839296));
#1360=CARTESIAN_POINT('Ctrl Pts',(7.91302018710488,19.3407437934438,-7.26746192431253));
#1361=CARTESIAN_POINT('Ctrl Pts',(8.83474866934591,19.2176030159342,-5.19924073438947));
#1362=CARTESIAN_POINT('Ctrl Pts',(8.36617349175519,19.1190904031945,-3.58756453552228));
#1363=CARTESIAN_POINT('Ctrl Pts',(7.52491604771946,19.0452065047003,-2.6600603587582));
#1364=CARTESIAN_POINT('Ctrl Pts',(6.35051753007144,18.9713211737051,-2.21006244581102));
#1365=CARTESIAN_POINT('Ctrl Pts',(5.10187649984736,18.8974370647398,-2.33158885620188));
#1366=CARTESIAN_POINT('Ctrl Pts',(4.03900523478551,18.8235531424891,-3.00058236128318));
#1367=CARTESIAN_POINT('Ctrl Pts',(3.3878471072603,18.7496679362534,-4.07397772720963));
#1368=CARTESIAN_POINT('Ctrl Pts',(3.2870068628755,18.6757836872382,-5.32532758904942));
#1369=CARTESIAN_POINT('Ctrl Pts',(3.75626796876546,18.6018996377515,-6.49009147384386));
#1370=CARTESIAN_POINT('Ctrl Pts',(4.6978821295301,18.528015018585,-7.31999429700763));
#1371=CARTESIAN_POINT('Ctrl Pts',(6.04640463220114,18.4459201701143,-7.67887277254381));
#1372=CARTESIAN_POINT('Ctrl Pts',(7.55082545897295,18.3556196195001,-7.24314973631846));
#1373=CARTESIAN_POINT('Ctrl Pts',(8.61208692985501,18.2571042985569,-5.90140965283944));
#1374=CARTESIAN_POINT('Ctrl Pts',(8.69691408639619,18.1585930997518,-4.19444917560969));
#1375=CARTESIAN_POINT('Ctrl Pts',(7.77624560814141,18.0600802302346,-2.7537070686604));
#1376=CARTESIAN_POINT('Ctrl Pts',(6.19070305211035,17.9615663708081,-2.11512509259753));
#1377=CARTESIAN_POINT('Ctrl Pts',(4.52793792264417,17.8630564361573,-2.51440371525535));
#1378=CARTESIAN_POINT('Ctrl Pts',(3.40671911572486,17.7645405504329,-3.80481564345339));
#1379=CARTESIAN_POINT('Ctrl Pts',(3.24113047324889,17.6660316698519,-5.50628477279714));
#1380=CARTESIAN_POINT('Ctrl Pts',(4.09362972440844,17.5675162408142,-6.98808723147404));
#1381=CARTESIAN_POINT('Ctrl Pts',(5.64810688476422,17.4690043006428,-7.70039587766274));
#1382=CARTESIAN_POINT('Ctrl Pts',(7.32650223183162,17.3704932433955,-7.37857722911949));
#1383=CARTESIAN_POINT('Ctrl Pts',(8.5581839589629,17.2678730052204,-6.09128158440273));
#1384=CARTESIAN_POINT('Ctrl Pts',(8.75571043897636,17.1611532552694,-4.2266016167945));
#1385=CARTESIAN_POINT('Ctrl Pts',(7.66901301043507,17.0503265921922,-2.60897451815511));
#1386=CARTESIAN_POINT('Ctrl Pts',(5.79865564007196,16.9394996188444,-2.06517819132405));
#1387=CARTESIAN_POINT('Ctrl Pts',(4.01448109814634,16.8286722215296,-2.84757991345095));
#1388=CARTESIAN_POINT('Ctrl Pts',(3.14776033394071,16.7178454278937,-4.5922739832248));
#1389=CARTESIAN_POINT('Ctrl Pts',(3.60176847652786,16.6070199517369,-6.48667590816394));
#1390=CARTESIAN_POINT('Ctrl Pts',(5.16523790979712,16.4961932748742,-7.64887700113357));
#1391=CARTESIAN_POINT('Ctrl Pts',(7.11016940631015,16.3853659996468,-7.53765531381312));
#1392=CARTESIAN_POINT('Ctrl Pts',(8.53096034668971,16.2745387122897,-6.20480211961705));
#1393=CARTESIAN_POINT('Ctrl Pts',(8.76605450149727,16.1637124746779,-4.2709502596216));
#1394=CARTESIAN_POINT('Ctrl Pts',(7.70603750554747,16.0528868400961,-2.63651755377124));
#1395=CARTESIAN_POINT('Ctrl Pts',(5.84442296341259,15.9420596956257,-2.06248830209006));
#1396=CARTESIAN_POINT('Ctrl Pts',(4.04801255874433,15.8312324618777,-2.81619109051176));
#1397=CARTESIAN_POINT('Ctrl Pts',(3.15328005623382,15.7204053101957,-4.54667400404459));
#1398=CARTESIAN_POINT('Ctrl Pts',(3.57679406577326,15.609579663349,-6.44815937475109));
#1399=CARTESIAN_POINT('Ctrl Pts',(5.12135011035143,15.4987534450515,-7.63533815934588));
#1400=CARTESIAN_POINT('Ctrl Pts',(7.06782281210718,15.3879261542418,-7.5554249363844));
#1401=CARTESIAN_POINT('Ctrl Pts',(8.50987063003859,15.2770988883534,-6.24559608080019));
#1402=CARTESIAN_POINT('Ctrl Pts',(8.77603839835725,15.166272179537,-4.31576854158916));
#1403=CARTESIAN_POINT('Ctrl Pts',(7.74244305913705,15.0554467396979,-2.66450276405387));
#1404=CARTESIAN_POINT('Ctrl Pts',(5.89030865752059,14.9446198886053,-2.06060730898417));
#1405=CARTESIAN_POINT('Ctrl Pts',(4.08200690793664,14.8337926373252,-2.7853115160798));
#1406=CARTESIAN_POINT('Ctrl Pts',(3.15954974847927,14.722965355066,-4.50118419316971));
#1407=CARTESIAN_POINT('Ctrl Pts',(3.55243519971076,14.6121393096093,-6.40923706499093));
#1408=CARTESIAN_POINT('Ctrl Pts',(5.07768642479059,14.501313528253,-7.62110460025927));
#1409=CARTESIAN_POINT('Ctrl Pts',(7.02520400770204,14.3904863347787,-7.5724972842971));
#1410=CARTESIAN_POINT('Ctrl Pts',(8.48810547575774,14.2796590547488,-6.28606946339783));
#1411=CARTESIAN_POINT('Ctrl Pts',(8.78534696196616,14.1688320859852,-4.36069582647614));
#1412=CARTESIAN_POINT('Ctrl Pts',(7.77829832711564,14.0580063593331,-2.69316582122829));
#1413=CARTESIAN_POINT('Ctrl Pts',(5.93642042111089,13.94718035012,-2.05926169076529));
#1414=CARTESIAN_POINT('Ctrl Pts',(4.11611485175133,13.8363522709225,-2.75541554883256));
#1415=CARTESIAN_POINT('Ctrl Pts',(3.48422073463479,13.7624692472049,-3.88836560660539));
#1416=CARTESIAN_POINT('Ctrl Pts',(3.38614890307379,13.7255265202664,-4.49148617776175));
#1417=CARTESIAN_POINT('Ctrl Pts',(4.46540782668051,38.4372693779519,-6.96904048198347));
#1418=CARTESIAN_POINT('Ctrl Pts',(4.94252627115408,38.4003281477576,-7.32173554484331));
#1419=CARTESIAN_POINT('Ctrl Pts',(6.14949714311831,38.3264421148151,-7.68053975426543));
#1420=CARTESIAN_POINT('Ctrl Pts',(7.88641112834057,38.2156166567929,-6.93031917023707));
#1421=CARTESIAN_POINT('Ctrl Pts',(8.73655013241706,38.1047888457489,-5.24113822472646));
#1422=CARTESIAN_POINT('Ctrl Pts',(8.30585453783419,37.993961808952,-3.39967139780382));
#1423=CARTESIAN_POINT('Ctrl Pts',(6.79401721155859,37.8831352688942,-2.26330407703586));
#1424=CARTESIAN_POINT('Ctrl Pts',(4.90540782954438,37.7723097945204,-2.36113183745641));
#1425=CARTESIAN_POINT('Ctrl Pts',(3.51913805050471,37.6614827135252,-3.64760692418187));
#1426=CARTESIAN_POINT('Ctrl Pts',(3.28081570289735,37.5506554903097,-5.52375933377199));
#1427=CARTESIAN_POINT('Ctrl Pts',(4.3013709050734,37.4398282656551,-7.11598162275916));
#1428=CARTESIAN_POINT('Ctrl Pts',(6.10559145809521,37.3290024883429,-7.68291601824675));
#1429=CARTESIAN_POINT('Ctrl Pts',(7.85342567533686,37.2181764473985,-6.96062563256965));
#1430=CARTESIAN_POINT('Ctrl Pts',(8.73107581501032,37.1073491703893,-5.28537680572124));
#1431=CARTESIAN_POINT('Ctrl Pts',(8.32984578776776,36.9965219166595,-3.43719919684388));
#1432=CARTESIAN_POINT('Ctrl Pts',(6.83657717652349,36.8856950610144,-2.2766676658546));
#1433=CARTESIAN_POINT('Ctrl Pts',(4.94659086171275,36.7748696115118,-2.34410771341428));
#1434=CARTESIAN_POINT('Ctrl Pts',(3.53983745561823,36.6640429300589,-3.60811696628302));
#1435=CARTESIAN_POINT('Ctrl Pts',(3.27135278083359,36.5532156328885,-5.48019016785369));
#1436=CARTESIAN_POINT('Ctrl Pts',(4.26616840549249,36.4423884709596,-7.08862746843063));
#1437=CARTESIAN_POINT('Ctrl Pts',(6.06104648850809,36.3315619922713,-7.68450637666743));
#1438=CARTESIAN_POINT('Ctrl Pts',(7.82026301929058,36.2207365229255,-6.99041898300564));
#1439=CARTESIAN_POINT('Ctrl Pts',(8.72474534956035,36.1099093188122,-5.32950821517356));
#1440=CARTESIAN_POINT('Ctrl Pts',(8.35329927108804,35.999082121928,-3.47511614311425));
#1441=CARTESIAN_POINT('Ctrl Pts',(6.87888600059467,35.8882549562247,-2.29070828610114));
#1442=CARTESIAN_POINT('Ctrl Pts',(4.98805548661543,35.777429321709,-2.32775453064284));
#1443=CARTESIAN_POINT('Ctrl Pts',(3.5611633886371,35.6666030923841,-3.56895431669771));
#1444=CARTESIAN_POINT('Ctrl Pts',(3.26259365136734,35.5557758065275,-5.43649771053094));
#1445=CARTESIAN_POINT('Ctrl Pts',(4.23141600838265,35.4449485324984,-7.06066210673598));
#1446=CARTESIAN_POINT('Ctrl Pts',(6.01646764335233,35.3341218432857,-7.68547935984335));
#1447=CARTESIAN_POINT('Ctrl Pts',(7.78664830512006,35.2232963732007,-7.01946730068534));
#1448=CARTESIAN_POINT('Ctrl Pts',(8.71766145095648,35.1124695790443,-5.37396397142078));
#1449=CARTESIAN_POINT('Ctrl Pts',(8.37622574268617,35.0016422057219,-3.51250986663273));
#1450=CARTESIAN_POINT('Ctrl Pts',(7.0824598496946,34.9031292979633,-2.44144073401959));
#1451=CARTESIAN_POINT('Ctrl Pts',(5.66828355656471,34.8169314482179,-2.28450126617283));
#1452=CARTESIAN_POINT('Ctrl Pts',(4.52424898576293,34.7430471912533,-2.70294898197077));
#1453=CARTESIAN_POINT('Ctrl Pts',(3.68929384772007,34.6691619770916,-3.59152452443799));
#1454=CARTESIAN_POINT('Ctrl Pts',(3.3395500720192,34.5952779759905,-4.75890651868287));
#1455=CARTESIAN_POINT('Ctrl Pts',(3.55035401701018,34.5213936164228,-5.9594116482347));
#1456=CARTESIAN_POINT('Ctrl Pts',(4.27627002806538,34.4475092413102,-6.93899143645758));
#1457=CARTESIAN_POINT('Ctrl Pts',(5.36282460463602,34.373624373283,-7.48893032925614));
#1458=CARTESIAN_POINT('Ctrl Pts',(6.5837840041526,34.2997406422586,-7.49571474546578));
#1459=CARTESIAN_POINT('Ctrl Pts',(7.67155677500143,34.2258550292862,-6.95306267780659));
#1460=CARTESIAN_POINT('Ctrl Pts',(8.66335867374674,34.1273459572757,-5.66029243482589));
#1461=CARTESIAN_POINT('Ctrl Pts',(8.5582792916172,34.0042030686638,-3.46461906095037));
#1462=CARTESIAN_POINT('Ctrl Pts',(6.36266576095974,33.8564352212706,-1.98430014383113));
#1463=CARTESIAN_POINT('Ctrl Pts',(3.86664145518131,33.7086659659045,-2.85541862664513));
#1464=CARTESIAN_POINT('Ctrl Pts',(3.06704530352416,33.5608970267516,-5.37885722134479));
#1465=CARTESIAN_POINT('Ctrl Pts',(4.35176055119335,33.4377567682441,-7.16558858098117));
#1466=CARTESIAN_POINT('Ctrl Pts',(5.92999569962289,33.3392434354051,-7.5583278536236));
#1467=CARTESIAN_POINT('Ctrl Pts',(7.52254327866942,33.2407317727314,-7.23057865364032));
#1468=CARTESIAN_POINT('Ctrl Pts',(8.88101466785507,33.1175900628487,-5.50026950898061));
#1469=CARTESIAN_POINT('Ctrl Pts',(8.18411231008812,32.9698220325758,-2.9418286946791));
#1470=CARTESIAN_POINT('Ctrl Pts',(6.13950934866002,32.8466802747454,-2.13792149469308));
#1471=CARTESIAN_POINT('Ctrl Pts',(4.59619234059793,32.7481687489671,-2.66066553149228));
#1472=CARTESIAN_POINT('Ctrl Pts',(3.73262449399166,32.674283515457,-3.51642390623461));
#1473=CARTESIAN_POINT('Ctrl Pts',(3.34644823552333,32.6003992131623,-4.67455206723651));
#1474=CARTESIAN_POINT('Ctrl Pts',(3.51758704537076,32.5265152915022,-5.88042539375513));
#1475=CARTESIAN_POINT('Ctrl Pts',(4.21195898310206,32.4526304662057,-6.8825932527712));
#1476=CARTESIAN_POINT('Ctrl Pts',(5.28072102160248,32.3787457065537,-7.46833664652565));
#1477=CARTESIAN_POINT('Ctrl Pts',(6.49878432894339,32.3048618293705,-7.5125284405652));
#1478=CARTESIAN_POINT('Ctrl Pts',(7.60813607753165,32.2309773627876,-7.00776009061854));
#1479=CARTESIAN_POINT('Ctrl Pts',(8.37318486812242,32.1570920306518,-6.05887475362598));
#1480=CARTESIAN_POINT('Ctrl Pts',(8.63365174404693,32.08320910482,-4.86822639151197));
#1481=CARTESIAN_POINT('Ctrl Pts',(8.3323383668632,32.0093236429515,-3.68714004463237));
#1482=CARTESIAN_POINT('Ctrl Pts',(7.53479751478326,31.9354394350508,-2.765484309834));
#1483=CARTESIAN_POINT('Ctrl Pts',(6.40867788249149,31.8615547960317,-2.29923492225143));
#1484=CARTESIAN_POINT('Ctrl Pts',(5.19287620647502,31.7876710138793,-2.3854688695081));
#1485=CARTESIAN_POINT('Ctrl Pts',(4.14496458264099,31.7137857204963,-3.00794051148413));
#1486=CARTESIAN_POINT('Ctrl Pts',(3.4857039784945,31.6399014490789,-4.03312428163925));
#1487=CARTESIAN_POINT('Ctrl Pts',(3.35623422005791,31.5660175886652,-5.24494399383951));
#1488=CARTESIAN_POINT('Ctrl Pts',(3.78244324514392,31.4921325627878,-6.38731540262365));
#1489=CARTESIAN_POINT('Ctrl Pts',(4.67460871893344,31.4182480276582,-7.21627466332543));
#1490=CARTESIAN_POINT('Ctrl Pts',(5.84597146421055,31.3443642111442,-7.56091591139011));
#1491=CARTESIAN_POINT('Ctrl Pts',(7.04136245090115,31.2704794212402,-7.33997781804756));
#1492=CARTESIAN_POINT('Ctrl Pts',(8.35247601567029,31.1719665526824,-6.3733695698417));
#1493=CARTESIAN_POINT('Ctrl Pts',(8.85830335740699,31.0488264322969,-4.2310648358668));
#1494=CARTESIAN_POINT('Ctrl Pts',(7.44277669651042,30.9256848536565,-2.54535010871041));
#1495=CARTESIAN_POINT('Ctrl Pts',(5.83698842818246,30.8271732022149,-2.27191938493754));
#1496=CARTESIAN_POINT('Ctrl Pts',(4.67000008401225,30.7532878348513,-2.61237010890709));
#1497=CARTESIAN_POINT('Ctrl Pts',(3.77890372561614,30.6794038282185,-3.4471501203913));
#1498=CARTESIAN_POINT('Ctrl Pts',(3.35505687851519,30.6055198010432,-4.58882584272177));
#1499=CARTESIAN_POINT('Ctrl Pts',(3.48832912449738,30.531634740968,-5.80083284850608));
#1500=CARTESIAN_POINT('Ctrl Pts',(4.14913936373101,30.4577502378431,-6.82483420949546));
#1501=CARTESIAN_POINT('Ctrl Pts',(5.19911366967174,30.3838662611563,-7.44396171265206));
#1502=CARTESIAN_POINT('Ctrl Pts',(6.41503876940405,30.3099821057371,-7.52811019160197));
#1503=CARTESIAN_POINT('Ctrl Pts',(7.53960227166268,30.2360967285018,-7.05854876041573));
#1504=CARTESIAN_POINT('Ctrl Pts',(8.33578137211602,30.1622131465219,-6.13504169464398));
#1505=CARTESIAN_POINT('Ctrl Pts',(8.63301132331932,30.0883284366615,-4.9540769614883));
#1506=CARTESIAN_POINT('Ctrl Pts',(8.37129841060769,30.0144434187474,-3.76139818098404));
#1507=CARTESIAN_POINT('Ctrl Pts',(7.60229225401559,29.9405596356021,-2.81995103222823));
#1508=CARTESIAN_POINT('Ctrl Pts',(6.1239440764149,29.8420467156805,-2.13591704445509));
#1509=CARTESIAN_POINT('Ctrl Pts',(4.00267899077958,29.7189061284943,-2.72368576944866));
#1510=CARTESIAN_POINT('Ctrl Pts',(3.20631561586569,29.5957653875173,-4.77576581216167));
#1511=CARTESIAN_POINT('Ctrl Pts',(3.73961614949229,29.4972526224201,-6.31499379665836));
#1512=CARTESIAN_POINT('Ctrl Pts',(4.59949058917077,29.4233685272631,-7.17389243664021));
#1513=CARTESIAN_POINT('Ctrl Pts',(5.76035666442306,29.3494840050032,-7.55338959111803));
#1514=CARTESIAN_POINT('Ctrl Pts',(6.96505792569609,29.2755991503662,-7.37533311683273));
#1515=CARTESIAN_POINT('Ctrl Pts',(7.9632611780628,29.2017153129661,-6.67516326167685));
#1516=CARTESIAN_POINT('Ctrl Pts',(8.54280159509302,29.1278306308583,-5.60308500879608));
#1517=CARTESIAN_POINT('Ctrl Pts',(8.58004910042895,29.0539456747232,-4.3847361712457));
#1518=CARTESIAN_POINT('Ctrl Pts',(8.06876241379178,28.9800621191401,-3.27838340321736));
#1519=CARTESIAN_POINT('Ctrl Pts',(7.11569769599998,28.9061775247516,-2.51868431559386));
#1520=CARTESIAN_POINT('Ctrl Pts',(5.92345770112069,28.832292361629,-2.26511383969307));
#1521=CARTESIAN_POINT('Ctrl Pts',(4.74423305317607,28.7584083554436,-2.57338488777495));
#1522=CARTESIAN_POINT('Ctrl Pts',(3.82700343885799,28.6845243909,-3.37598314665179));
#1523=CARTESIAN_POINT('Ctrl Pts',(3.36732200240958,28.6106388734952,-4.50490408274215));
#1524=CARTESIAN_POINT('Ctrl Pts',(3.46064550815933,28.5367554764473,-5.72008937480373));
#1525=CARTESIAN_POINT('Ctrl Pts',(4.0889269403297,28.4628703740565,-6.76457930067363));
#1526=CARTESIAN_POINT('Ctrl Pts',(5.11798736641878,28.3889863086589,-7.41772152454154));
#1527=CARTESIAN_POINT('Ctrl Pts',(6.33063031792473,28.315101352598,-7.54026303421599));
#1528=CARTESIAN_POINT('Ctrl Pts',(7.47019095335915,28.2412177002572,-7.10773524841304));
#1529=CARTESIAN_POINT('Ctrl Pts',(8.29468680185158,28.1673326749436,-6.21023907390857));
#1530=CARTESIAN_POINT('Ctrl Pts',(8.63101612598116,28.0934480295708,-5.03829786020777));
#1531=CARTESIAN_POINT('Ctrl Pts',(8.40642399134627,28.0195641441652,-3.84128092301803));
#1532=CARTESIAN_POINT('Ctrl Pts',(7.66926669201877,27.9456796241327,-2.86802548031433));
#1533=CARTESIAN_POINT('Ctrl Pts',(6.57687238726309,27.8717945911045,-2.33464466093623));
#1534=CARTESIAN_POINT('Ctrl Pts',(4.94745437194361,27.7732829245529,-2.33371135713069));
#1535=CARTESIAN_POINT('Ctrl Pts',(3.26855976969479,27.6501414049398,-3.75261028642615));
#1536=CARTESIAN_POINT('Ctrl Pts',(3.4289993042066,27.5023729222736,-6.39579344915609));
#1537=CARTESIAN_POINT('Ctrl Pts',(5.63865028546769,27.3546038612103,-7.84712737608698));
#1538=CARTESIAN_POINT('Ctrl Pts',(8.12795747344305,27.2068349888872,-6.94704768306315));
#1539=CARTESIAN_POINT('Ctrl Pts',(8.7648134921457,27.083694383527,-4.84035112436639));
#1540=CARTESIAN_POINT('Ctrl Pts',(8.11653218312513,26.9851817087622,-3.34903935066015));
#1541=CARTESIAN_POINT('Ctrl Pts',(6.8879250399893,26.8866689310708,-2.2835338680808));
#1542=CARTESIAN_POINT('Ctrl Pts',(4.68765796125215,26.7635284454322,-2.25973958297632));
#1543=CARTESIAN_POINT('Ctrl Pts',(3.0819180265894,26.6157594378621,-4.36485541523414));
#1544=CARTESIAN_POINT('Ctrl Pts',(3.80615777033967,26.4679905837249,-6.9078582749289));
#1545=CARTESIAN_POINT('Ctrl Pts',(6.27589596432645,26.3202217081266,-7.85324944150754));
#1546=CARTESIAN_POINT('Ctrl Pts',(8.5125614399325,26.1724528065788,-6.44118418196255));
#1547=CARTESIAN_POINT('Ctrl Pts',(8.72176749158969,26.0246839163384,-3.80480625530799));
#1548=CARTESIAN_POINT('Ctrl Pts',(6.73618325458501,25.876915051944,-2.0577170115623));
#1549=CARTESIAN_POINT('Ctrl Pts',(4.14779016390187,25.7291461299706,-2.60103217621809));
#1550=CARTESIAN_POINT('Ctrl Pts',(3.03217202911765,25.5813772796759,-4.9990217742355));
#1551=CARTESIAN_POINT('Ctrl Pts',(4.28397112611951,25.4336083760509,-7.32880129873635));
#1552=CARTESIAN_POINT('Ctrl Pts',(6.89919348595026,25.2858394788849,-7.72233663141985));
#1553=CARTESIAN_POINT('Ctrl Pts',(8.78128416978495,25.1380706137001,-5.86375605888107));
#1554=CARTESIAN_POINT('Ctrl Pts',(8.42002596491412,24.9903017266891,-3.24404591271964));
#1555=CARTESIAN_POINT('Ctrl Pts',(6.10723686951081,24.8425327879398,-1.96249337599118));
#1556=CARTESIAN_POINT('Ctrl Pts',(3.69305653119999,24.6947640427996,-3.04953462666382));
#1557=CARTESIAN_POINT('Ctrl Pts',(3.21774364375224,24.5716230034947,-5.19798306214733));
#1558=CARTESIAN_POINT('Ctrl Pts',(3.9771814885123,24.4731107091167,-6.63604247740465));
#1559=CARTESIAN_POINT('Ctrl Pts',(5.28283006948606,24.3745979971982,-7.60534476782277));
#1560=CARTESIAN_POINT('Ctrl Pts',(7.47904394100079,24.2514573183328,-7.46234337126227));
#1561=CARTESIAN_POINT('Ctrl Pts',(8.91969364395618,24.1036883294258,-5.24169382253526));
#1562=CARTESIAN_POINT('Ctrl Pts',(8.00673081063784,23.9559196287559,-2.76067863563016));
#1563=CARTESIAN_POINT('Ctrl Pts',(5.46861920748764,23.8081504080191,-2.00557567418573));
#1564=CARTESIAN_POINT('Ctrl Pts',(3.70625667551939,23.685010281858,-3.31932162458814));
#1565=CARTESIAN_POINT('Ctrl Pts',(3.33799109612206,23.5864969075586,-4.90661328996149));
#1566=CARTESIAN_POINT('Ctrl Pts',(3.6100068499572,23.5126130774413,-6.09141276181424));
#1567=CARTESIAN_POINT('Ctrl Pts',(4.39093950071372,23.4387286854892,-7.02992902619587));
#1568=CARTESIAN_POINT('Ctrl Pts',(5.50595796280001,23.3648435289586,-7.51986121414248));
#1569=CARTESIAN_POINT('Ctrl Pts',(6.72368431243846,23.2909597173154,-7.45791061871367));
#1570=CARTESIAN_POINT('Ctrl Pts',(7.78446366975445,23.2170755455843,-6.85789698759844));
#1571=CARTESIAN_POINT('Ctrl Pts',(8.46408303205008,23.1431902641327,-5.84631480790642));
#1572=CARTESIAN_POINT('Ctrl Pts',(8.61938312852568,23.0693060706054,-4.63689605668157));
#1573=CARTESIAN_POINT('Ctrl Pts',(8.21651574831896,22.99542219209,-3.48769773876801));
#1574=CARTESIAN_POINT('Ctrl Pts',(7.34078507984555,22.9215370178922,-2.63675824436475));
#1575=CARTESIAN_POINT('Ctrl Pts',(6.18023562911341,22.8476527049253,-2.27505885106596));
#1576=CARTESIAN_POINT('Ctrl Pts',(4.56969633098333,22.7491406449314,-2.51909627967836));
#1577=CARTESIAN_POINT('Ctrl Pts',(3.12365955603674,22.6259990841391,-4.17868566409214));
#1578=CARTESIAN_POINT('Ctrl Pts',(3.59018055224333,22.502859368813,-6.32985969356522));
#1579=CARTESIAN_POINT('Ctrl Pts',(4.88353278638289,22.4043457079611,-7.32026795322543));
#1580=CARTESIAN_POINT('Ctrl Pts',(6.07439314206424,22.3304622739091,-7.56300993681082));
#1581=CARTESIAN_POINT('Ctrl Pts',(7.25218476822726,22.2565776284083,-7.23984433864454));
#1582=CARTESIAN_POINT('Ctrl Pts',(8.15926119565978,22.1826924479326,-6.4272942444379));
#1583=CARTESIAN_POINT('Ctrl Pts',(8.60625561322198,22.1088083826175,-5.29289847179172));
#1584=CARTESIAN_POINT('Ctrl Pts',(8.4989456216174,22.0349245153955,-4.07895016511996));
#1585=CARTESIAN_POINT('Ctrl Pts',(7.85852276972919,21.9610390515108,-3.0418167611338));
#1586=CARTESIAN_POINT('Ctrl Pts',(6.82212439875339,21.8871555035802,-2.40046870765966));
#1587=CARTESIAN_POINT('Ctrl Pts',(5.60812169614876,21.8132703951426,-2.2917604631105));
#1588=CARTESIAN_POINT('Ctrl Pts',(4.47369946739255,21.7393865573391,-2.73752318333455));
#1589=CARTESIAN_POINT('Ctrl Pts',(3.65954388304076,21.6655013410864,-3.64451995582225));
#1590=CARTESIAN_POINT('Ctrl Pts',(3.33661023439941,21.5916177638015,-4.81982672235891));
#1591=CARTESIAN_POINT('Ctrl Pts',(3.57523090014644,21.517732905206,-6.01507667882446));
#1592=CARTESIAN_POINT('Ctrl Pts',(4.32286767213406,21.4438480923738,-6.9777142538785));
#1593=CARTESIAN_POINT('Ctrl Pts',(5.42271544146901,21.3699641344327,-7.50275148088617));
#1594=CARTESIAN_POINT('Ctrl Pts',(6.64173535991203,21.2960798723422,-7.48062847665972));
#1595=CARTESIAN_POINT('Ctrl Pts',(7.72029909362165,21.2221946458724,-6.91487848734709));
#1596=CARTESIAN_POINT('Ctrl Pts',(8.43455846857676,21.1483107899721,-5.92470229323316));
#1597=CARTESIAN_POINT('Ctrl Pts',(8.62418265734303,21.0744265225489,-4.7239820718202));
#1598=CARTESIAN_POINT('Ctrl Pts',(8.14715315963611,20.9759131913755,-3.16577282909702));
#1599=CARTESIAN_POINT('Ctrl Pts',(6.29851740793489,20.8527731274594,-1.97714109863382));
#1600=CARTESIAN_POINT('Ctrl Pts',(3.81816011979352,20.7050038985633,-2.90496382079374));
#1601=CARTESIAN_POINT('Ctrl Pts',(3.07944627486728,20.5572351398401,-5.44438460875379));
#1602=CARTESIAN_POINT('Ctrl Pts',(4.66827143876824,20.4094662710916,-7.55764825984687));
#1603=CARTESIAN_POINT('Ctrl Pts',(7.31284066645986,20.2616972230148,-7.55263078846195));
#1604=CARTESIAN_POINT('Ctrl Pts',(8.89335659830864,20.1139287001164,-5.42867133123818));
#1605=CARTESIAN_POINT('Ctrl Pts',(8.26388835796167,19.9907872753379,-3.32026565935731));
#1606=CARTESIAN_POINT('Ctrl Pts',(6.9008857413575,19.8922755189853,-2.43309117065109));
#1607=CARTESIAN_POINT('Ctrl Pts',(5.28864128242279,19.793762030996,-2.22114378966753));
#1608=CARTESIAN_POINT('Ctrl Pts',(3.43921606485242,19.6706220733233,-3.41421863224215));
#1609=CARTESIAN_POINT('Ctrl Pts',(3.26043036605097,19.5228527756017,-6.05520105832436));
#1610=CARTESIAN_POINT('Ctrl Pts',(5.2647814576737,19.3750840808578,-7.77900862971456));
#1611=CARTESIAN_POINT('Ctrl Pts',(7.84973954050724,19.2273151277725,-7.20439316931814));
#1612=CARTESIAN_POINT('Ctrl Pts',(8.75069117817779,19.1041743502628,-5.19935557510083));
#1613=CARTESIAN_POINT('Ctrl Pts',(8.30049896718666,19.0056617375231,-3.63334311257139));
#1614=CARTESIAN_POINT('Ctrl Pts',(7.48659685247727,18.9317778390289,-2.73039351670034));
#1615=CARTESIAN_POINT('Ctrl Pts',(6.34779443968079,18.8578925080338,-2.29015657113718));
#1616=CARTESIAN_POINT('Ctrl Pts',(5.13525315812146,18.7840083990684,-2.40435685398351));
#1617=CARTESIAN_POINT('Ctrl Pts',(4.10149748168342,18.7101244768178,-3.05076307285775));
#1618=CARTESIAN_POINT('Ctrl Pts',(3.46611378277686,18.636239270582,-4.09083448877466));
#1619=CARTESIAN_POINT('Ctrl Pts',(3.36461774689742,18.5623550215668,-5.30535703720678));
#1620=CARTESIAN_POINT('Ctrl Pts',(3.81666632726324,18.4884709720801,-6.4375157321922));
#1621=CARTESIAN_POINT('Ctrl Pts',(4.72837161671639,18.4145863529137,-7.24589659715722));
#1622=CARTESIAN_POINT('Ctrl Pts',(6.0365302013744,18.332491504443,-7.59835654616961));
#1623=CARTESIAN_POINT('Ctrl Pts',(7.49818195391495,18.2421909538287,-7.17970080562903));
#1624=CARTESIAN_POINT('Ctrl Pts',(8.5324487232103,18.1436756328855,-5.88039042143674));
#1625=CARTESIAN_POINT('Ctrl Pts',(8.61978607169844,18.0451644340805,-4.22341956790621));
#1626=CARTESIAN_POINT('Ctrl Pts',(7.7303033128378,17.9466515645633,-2.82207644196723));
#1627=CARTESIAN_POINT('Ctrl Pts',(6.19291289948122,17.8481377051367,-2.1974942429903));
#1628=CARTESIAN_POINT('Ctrl Pts',(4.57759617918159,17.7496277704859,-2.58014116562389));
#1629=CARTESIAN_POINT('Ctrl Pts',(3.48526490141912,17.6511118847615,-3.82965627920741));
#1630=CARTESIAN_POINT('Ctrl Pts',(3.31950245917355,17.5526030041806,-5.48089268446412));
#1631=CARTESIAN_POINT('Ctrl Pts',(4.14273833431195,17.4540875751428,-6.9219403474756));
#1632=CARTESIAN_POINT('Ctrl Pts',(5.64971504786496,17.3555756349714,-7.61802264425922));
#1633=CARTESIAN_POINT('Ctrl Pts',(7.28003907320812,17.2570645777241,-7.3105576752264));
#1634=CARTESIAN_POINT('Ctrl Pts',(8.47955253197693,17.154444339549,-6.06447515652197));
#1635=CARTESIAN_POINT('Ctrl Pts',(8.67680028697729,17.047724589598,-4.25485269496573));
#1636=CARTESIAN_POINT('Ctrl Pts',(7.62661301011594,16.9368979265209,-2.68125973579244));
#1637=CARTESIAN_POINT('Ctrl Pts',(5.81248297405606,16.826070953173,-2.14783289124189));
#1638=CARTESIAN_POINT('Ctrl Pts',(4.07810998116928,16.7152435558582,-2.90212169962883));
#1639=CARTESIAN_POINT('Ctrl Pts',(3.2315574897961,16.6044167622224,-4.59330567321619));
#1640=CARTESIAN_POINT('Ctrl Pts',(3.66672007203137,16.4935912860655,-6.43371871802113));
#1641=CARTESIAN_POINT('Ctrl Pts',(5.18110021396538,16.3827646092029,-7.56658731607805));
#1642=CARTESIAN_POINT('Ctrl Pts',(7.06955664079666,16.2719373339754,-7.46434894120909));
#1643=CARTESIAN_POINT('Ctrl Pts',(8.45278260500959,16.1611100466184,-6.17461219822203));
#1644=CARTESIAN_POINT('Ctrl Pts',(8.6867130757631,16.0502838090066,-4.29793303561935));
#1645=CARTESIAN_POINT('Ctrl Pts',(7.66247410805953,15.9394581744248,-2.70810938001762));
#1646=CARTESIAN_POINT('Ctrl Pts',(5.85692196403558,15.8286310299544,-2.14535564617211));
#1647=CARTESIAN_POINT('Ctrl Pts',(4.11075449681258,15.7178037962063,-2.87174890315982));
#1648=CARTESIAN_POINT('Ctrl Pts',(3.23705055853392,15.6069766445243,-4.54905354764319));
#1649=CARTESIAN_POINT('Ctrl Pts',(3.64258858739794,15.4961509976777,-6.39625354320963));
#1650=CARTESIAN_POINT('Ctrl Pts',(5.13853413223385,15.3853247793801,-7.55331442316534));
#1651=CARTESIAN_POINT('Ctrl Pts',(7.0283943972579,15.2744974885705,-7.48147474668262));
#1652=CARTESIAN_POINT('Ctrl Pts',(8.43218854606106,15.1636702226821,-6.21415254071954));
#1653=CARTESIAN_POINT('Ctrl Pts',(8.69627322126759,15.0528435138657,-4.34147182273441));
#1654=CARTESIAN_POINT('Ctrl Pts',(7.69773390288254,14.9420180740265,-2.7353845872535));
#1655=CARTESIAN_POINT('Ctrl Pts',(5.90147305794936,14.8311912229339,-2.14366494324993));
#1656=CARTESIAN_POINT('Ctrl Pts',(4.14384712397021,14.7203639716539,-2.84187132628551));
#1657=CARTESIAN_POINT('Ctrl Pts',(3.24327117226734,14.6095366893946,-4.50491099390532));
#1658=CARTESIAN_POINT('Ctrl Pts',(3.61905612689321,14.4987106439379,-6.35839572845479));
#1659=CARTESIAN_POINT('Ctrl Pts',(5.09618719784392,14.3878848625817,-7.53936871042952));
#1660=CARTESIAN_POINT('Ctrl Pts',(6.98697089321284,14.2770576691074,-7.49792094507455));
#1661=CARTESIAN_POINT('Ctrl Pts',(8.41093777563825,14.1662303890774,-6.25338357768272));
#1662=CARTESIAN_POINT('Ctrl Pts',(8.70518147608503,14.0554034203139,-4.38510634010885));
#1663=CARTESIAN_POINT('Ctrl Pts',(7.73244911346094,13.9445776936617,-2.76333303531595));
#1664=CARTESIAN_POINT('Ctrl Pts',(5.94625987032329,13.8337516844487,-2.14245925206749));
#1665=CARTESIAN_POINT('Ctrl Pts',(4.17701269844582,13.7229236052511,-2.81302186967129));
#1666=CARTESIAN_POINT('Ctrl Pts',(3.56035237182914,13.6490405815336,-3.91081147430427));
#1667=CARTESIAN_POINT('Ctrl Pts',(3.46333285293653,13.612097854595,-4.49617594004852));
#1668=CARTESIAN_POINT('Ctrl Pts',(4.50172715926176,38.4,-6.91517491336653));
#1669=CARTESIAN_POINT('Ctrl Pts',(4.9662171665869,38.3630587698057,-7.2593362266577));
#1670=CARTESIAN_POINT('Ctrl Pts',(6.14233032530944,38.2891727368631,-7.61043692813697));
#1671=CARTESIAN_POINT('Ctrl Pts',(7.83581639504743,38.178347278841,-6.88114319841302));
#1672=CARTESIAN_POINT('Ctrl Pts',(8.66625494094931,38.067519467797,-5.23585711374314));
#1673=CARTESIAN_POINT('Ctrl Pts',(8.24850738976967,37.9566924310001,-3.44071127165346));
#1674=CARTESIAN_POINT('Ctrl Pts',(6.77635908476153,37.8458658909423,-2.33157132524533));
#1675=CARTESIAN_POINT('Ctrl Pts',(4.93564110719487,37.7350404165685,-2.42483308636723));
#1676=CARTESIAN_POINT('Ctrl Pts',(3.58319557551974,37.6242133355733,-3.67708558368953));
#1677=CARTESIAN_POINT('Ctrl Pts',(3.34886659591201,37.5133861123578,-5.50528734090013));
#1678=CARTESIAN_POINT('Ctrl Pts',(4.34173119154386,37.4025588877032,-7.05816109095418));
#1679=CARTESIAN_POINT('Ctrl Pts',(6.09946845349899,37.2917331103909,-7.6126689408653));
#1680=CARTESIAN_POINT('Ctrl Pts',(7.80367067029923,37.1809070694466,-6.91065967115692));
#1681=CARTESIAN_POINT('Ctrl Pts',(8.66085475313455,37.0700797924374,-5.27895727120993));
#1682=CARTESIAN_POINT('Ctrl Pts',(8.27185545268759,36.9592525387076,-3.47731539240602));
#1683=CARTESIAN_POINT('Ctrl Pts',(6.81781877744945,36.8484256830624,-2.34464020108306));
#1684=CARTESIAN_POINT('Ctrl Pts',(4.9757978953604,36.7376002335599,-2.40828784797597));
#1685=CARTESIAN_POINT('Ctrl Pts',(3.60341138799489,36.6267735521069,-3.63862171624036));
#1686=CARTESIAN_POINT('Ctrl Pts',(3.33969253403945,36.5159462549366,-5.46281541464231));
#1687=CARTESIAN_POINT('Ctrl Pts',(4.30745334133357,36.4051190930077,-7.03146341599456));
#1688=CARTESIAN_POINT('Ctrl Pts',(6.05605407856799,36.2942926143194,-7.61416994122914));
#1689=CARTESIAN_POINT('Ctrl Pts',(7.77131812080898,36.1834671449736,-6.93965924834377));
#1690=CARTESIAN_POINT('Ctrl Pts',(8.6546367197624,36.0726399408603,-5.32195999908426));
#1691=CARTESIAN_POINT('Ctrl Pts',(8.2946710329816,35.9618127439761,-3.51429435069225));
#1692=CARTESIAN_POINT('Ctrl Pts',(6.85903688541031,35.8509855782727,-2.35837046361986));
#1693=CARTESIAN_POINT('Ctrl Pts',(5.0162263039308,35.740159943757,-2.39239592162865));
#1694=CARTESIAN_POINT('Ctrl Pts',(3.62423884501137,35.6293337144322,-3.60047795179266));
#1695=CARTESIAN_POINT('Ctrl Pts',(3.33120300039693,35.5185064285756,-5.42022389970519));
#1696=CARTESIAN_POINT('Ctrl Pts',(4.27361729078452,35.4076791545465,-7.00417066355638));
#1697=CARTESIAN_POINT('Ctrl Pts',(6.01260256363835,35.2968524653337,-7.61506917231801));
#1698=CARTESIAN_POINT('Ctrl Pts',(7.73853564140398,35.1860269952487,-6.96793225560567));
#1699=CARTESIAN_POINT('Ctrl Pts',(8.6476634628657,35.0752002010924,-5.36527793332194));
#1700=CARTESIAN_POINT('Ctrl Pts',(8.31701432215766,34.9643728277699,-3.550762381359));
#1701=CARTESIAN_POINT('Ctrl Pts',(7.05716582285342,34.8658599200114,-2.50548848722764));
#1702=CARTESIAN_POINT('Ctrl Pts',(5.67921909749854,34.779662070266,-2.35095946793802));
#1703=CARTESIAN_POINT('Ctrl Pts',(4.56381149078447,34.7057778133013,-2.75757777989705));
#1704=CARTESIAN_POINT('Ctrl Pts',(3.74905263096659,34.6318925991396,-3.6225924349004));
#1705=CARTESIAN_POINT('Ctrl Pts',(3.40699674722071,34.5580085980386,-4.75994409590062));
#1706=CARTESIAN_POINT('Ctrl Pts',(3.61102250692891,34.4841242384709,-5.93014021433032));
#1707=CARTESIAN_POINT('Ctrl Pts',(4.31753353109228,34.4102398633582,-6.8856488234184));
#1708=CARTESIAN_POINT('Ctrl Pts',(5.37576992112884,34.3363549953311,-7.42282487575719));
#1709=CARTESIAN_POINT('Ctrl Pts',(6.56571531955855,34.2624712643067,-7.43071782986991));
#1710=CARTESIAN_POINT('Ctrl Pts',(7.62644656854066,34.1885856513342,-6.90311246983404));
#1711=CARTESIAN_POINT('Ctrl Pts',(8.59440605700876,34.0900765793237,-5.64429349455981));
#1712=CARTESIAN_POINT('Ctrl Pts',(8.49447561034909,33.9669336907119,-3.50427796757996));
#1713=CARTESIAN_POINT('Ctrl Pts',(6.35625923530836,33.8191658433187,-2.05918813256111));
#1714=CARTESIAN_POINT('Ctrl Pts',(3.92275271074704,33.6713965879526,-2.90541318201475));
#1715=CARTESIAN_POINT('Ctrl Pts',(3.14066336139444,33.5236276487997,-5.36383245259462));
#1716=CARTESIAN_POINT('Ctrl Pts',(4.39083319879464,33.4004873902921,-7.10656797214039));
#1717=CARTESIAN_POINT('Ctrl Pts',(5.92847021532973,33.3019740574531,-7.49107493589285));
#1718=CARTESIAN_POINT('Ctrl Pts',(7.48085917652853,33.2034623947794,-7.1733837354834));
#1719=CARTESIAN_POINT('Ctrl Pts',(8.8067599723912,33.0803206848968,-5.48856123675292));
#1720=CARTESIAN_POINT('Ctrl Pts',(8.13037720199977,32.9325526546239,-2.99436077527744));
#1721=CARTESIAN_POINT('Ctrl Pts',(6.13858876115556,32.8094108967934,-2.20868195444113));
#1722=CARTESIAN_POINT('Ctrl Pts',(4.63393889330724,32.7108993710151,-2.71638906532014));
#1723=CARTESIAN_POINT('Ctrl Pts',(3.79143703036645,32.6370141375051,-3.54949228524803));
#1724=CARTESIAN_POINT('Ctrl Pts',(3.41372132581581,32.5631298352103,-4.67773412189716));
#1725=CARTESIAN_POINT('Ctrl Pts',(3.57927636008146,32.4892459135503,-5.85313026222982));
#1726=CARTESIAN_POINT('Ctrl Pts',(4.25481614460457,32.4153610882538,-6.83063906506069));
#1727=CARTESIAN_POINT('Ctrl Pts',(5.29581772856924,32.3414763286018,-7.40258807316565));
#1728=CARTESIAN_POINT('Ctrl Pts',(6.4828601370055,32.2675924514186,-7.4470880000357));
#1729=CARTESIAN_POINT('Ctrl Pts',(7.56453949762591,32.1937079848356,-6.95628673162215));
#1730=CARTESIAN_POINT('Ctrl Pts',(8.31126089971266,32.1198226526998,-6.03239686940173));
#1731=CARTESIAN_POINT('Ctrl Pts',(8.56631094511197,32.0459397268681,-4.87238971076665));
#1732=CARTESIAN_POINT('Ctrl Pts',(8.27404553202695,31.9720542649996,-3.72088153662739));
#1733=CARTESIAN_POINT('Ctrl Pts',(7.49768350636783,31.8981700570988,-2.82180007079106));
#1734=CARTESIAN_POINT('Ctrl Pts',(6.40079065147312,31.8242854180798,-2.36612938927071));
#1735=CARTESIAN_POINT('Ctrl Pts',(5.21578306120286,31.7504016359274,-2.44891096479258));
#1736=CARTESIAN_POINT('Ctrl Pts',(4.1937901258261,31.6765163425444,-3.05433402377882));
#1737=CARTESIAN_POINT('Ctrl Pts',(3.55023282389934,31.602632071127,-4.05278531353523));
#1738=CARTESIAN_POINT('Ctrl Pts',(3.42263020700894,31.5287482107133,-5.23364510814184));
#1739=CARTESIAN_POINT('Ctrl Pts',(3.83683905831036,31.4548631848358,-6.34742077632353));
#1740=CARTESIAN_POINT('Ctrl Pts',(4.70534661333828,31.3809786497062,-7.1563501005657));
#1741=CARTESIAN_POINT('Ctrl Pts',(5.84658800723374,31.3070948331922,-7.49344297999421));
#1742=CARTESIAN_POINT('Ctrl Pts',(7.01184290123064,31.2332100432883,-7.27950520481459));
#1743=CARTESIAN_POINT('Ctrl Pts',(8.29062369325022,31.1346971747304,-6.33889177206128));
#1744=CARTESIAN_POINT('Ctrl Pts',(8.78606171232768,31.011557054345,-4.25157389343919));
#1745=CARTESIAN_POINT('Ctrl Pts',(7.40825563428037,30.8884154757045,-2.60716848633233));
#1746=CARTESIAN_POINT('Ctrl Pts',(5.84364358792445,30.789903824263,-2.33888253523032));
#1747=CARTESIAN_POINT('Ctrl Pts',(4.70596300135781,30.7160184568994,-2.6694640251865));
#1748=CARTESIAN_POINT('Ctrl Pts',(3.83654229624468,30.6421344502665,-3.48198521186473));
#1749=CARTESIAN_POINT('Ctrl Pts',(3.4222996738903,30.5682504230913,-4.59420731703361));
#1750=CARTESIAN_POINT('Ctrl Pts',(3.55075650532226,30.4943653630161,-5.775558922643));
#1751=CARTESIAN_POINT('Ctrl Pts',(4.19372536760625,30.4204808598911,-6.77421234057034));
#1752=CARTESIAN_POINT('Ctrl Pts',(5.21624242421345,30.3465968832044,-7.37881746286394));
#1753=CARTESIAN_POINT('Ctrl Pts',(6.40127045106094,30.2727127277852,-7.46208817194496));
#1754=CARTESIAN_POINT('Ctrl Pts',(7.4977239041723,30.1988273505499,-7.00578620225764));
#1755=CARTESIAN_POINT('Ctrl Pts',(8.27464189924183,30.1249437685699,-6.10656364505358));
#1756=CARTESIAN_POINT('Ctrl Pts',(8.5656859835335,30.0510590587095,-4.95597571040407));
#1757=CARTESIAN_POINT('Ctrl Pts',(8.31186051762202,29.9771740407954,-3.79333370084479));
#1758=CARTESIAN_POINT('Ctrl Pts',(7.56349318395349,29.9032902576502,-2.87493275266553));
#1759=CARTESIAN_POINT('Ctrl Pts',(6.1234910741772,29.8047773377285,-2.20672734808739));
#1760=CARTESIAN_POINT('Ctrl Pts',(4.05543269865064,29.6816367505424,-2.77714017188721));
#1761=CARTESIAN_POINT('Ctrl Pts',(3.27710800322689,29.5584960095654,-4.77626721430825));
#1762=CARTESIAN_POINT('Ctrl Pts',(3.79512076920823,29.4599832444682,-6.27693419047464));
#1763=CARTESIAN_POINT('Ctrl Pts',(4.63218303609909,29.3860991493112,-7.11486967933067));
#1764=CARTESIAN_POINT('Ctrl Pts',(5.76318668535911,29.3122146270513,-7.48609858142696));
#1765=CARTESIAN_POINT('Ctrl Pts',(6.93741172709912,29.2383297724142,-7.31380564625853));
#1766=CARTESIAN_POINT('Ctrl Pts',(7.9110599660744,29.1644459350141,-6.63260196862498));
#1767=CARTESIAN_POINT('Ctrl Pts',(8.47697467224944,29.0905612529064,-5.58837556320057));
#1768=CARTESIAN_POINT('Ctrl Pts',(8.51469079920751,29.0166762967713,-4.40102469843554));
#1769=CARTESIAN_POINT('Ctrl Pts',(8.0175777960609,28.9427927411881,-3.32231897885156));
#1770=CARTESIAN_POINT('Ctrl Pts',(7.0895640236906,28.8689081467997,-2.58075721095827));
#1771=CARTESIAN_POINT('Ctrl Pts',(5.9279191438767,28.7950229836771,-2.33242346310924));
#1772=CARTESIAN_POINT('Ctrl Pts',(4.77831245210685,28.7211389774916,-2.63147687489555));
#1773=CARTESIAN_POINT('Ctrl Pts',(3.88356907431465,28.6472550129481,-3.41272605020626));
#1774=CARTESIAN_POINT('Ctrl Pts',(3.43425771616562,28.5733694955433,-4.51242866072049));
#1775=CARTESIAN_POINT('Ctrl Pts',(3.52393396016276,28.4994860984953,-5.69676050950504));
#1776=CARTESIAN_POINT('Ctrl Pts',(4.13504803313435,28.4256009961046,-6.71547915298411));
#1777=CARTESIAN_POINT('Ctrl Pts',(5.13732600384803,28.351716930707,-7.35311402283284));
#1778=CARTESIAN_POINT('Ctrl Pts',(6.31893540846752,28.2778319746461,-7.47392561276453));
#1779=CARTESIAN_POINT('Ctrl Pts',(7.42999784438834,28.2039483223053,-7.05357036925568));
#1780=CARTESIAN_POINT('Ctrl Pts',(8.23457592972085,28.1300632969917,-6.1798544404866));
#1781=CARTESIAN_POINT('Ctrl Pts',(8.56356124447649,28.0561786516188,-5.03804266444395));
#1782=CARTESIAN_POINT('Ctrl Pts',(8.34608370825271,27.9822947662133,-3.87119714555181));
#1783=CARTESIAN_POINT('Ctrl Pts',(7.62866161144672,27.9084102461807,-2.92191145590783));
#1784=CARTESIAN_POINT('Ctrl Pts',(6.56466241998257,27.8345252131526,-2.40082946472289));
#1785=CARTESIAN_POINT('Ctrl Pts',(4.97669451529472,27.736013546601,-2.39817646177265));
#1786=CARTESIAN_POINT('Ctrl Pts',(3.33884731640849,27.6128720269879,-3.77913129891758));
#1787=CARTESIAN_POINT('Ctrl Pts',(3.49233845396081,27.4651035443217,-6.35532904582009));
#1788=CARTESIAN_POINT('Ctrl Pts',(5.64420462265767,27.3173344832584,-7.77218070183268));
#1789=CARTESIAN_POINT('Ctrl Pts',(8.07125384574422,27.1695656109353,-6.89775018245791));
#1790=CARTESIAN_POINT('Ctrl Pts',(8.69420050645448,27.0464250055751,-4.84523910652557));
#1791=CARTESIAN_POINT('Ctrl Pts',(8.06407731533694,26.9479123308102,-3.39115138034209));
#1792=CARTESIAN_POINT('Ctrl Pts',(6.86788190617394,26.8493995531188,-2.35142526899836));
#1793=CARTESIAN_POINT('Ctrl Pts',(4.72352568956141,26.7262590674803,-2.32576071712981));
#1794=CARTESIAN_POINT('Ctrl Pts',(3.15630586964567,26.5784900599101,-4.37563095401389));
#1795=CARTESIAN_POINT('Ctrl Pts',(3.85933078660413,26.4307212057731,-6.85477876657334));
#1796=CARTESIAN_POINT('Ctrl Pts',(6.26525854966815,26.2829523301746,-7.77886230669624));
#1797=CARTESIAN_POINT('Ctrl Pts',(8.44662288927237,26.1351834286269,-6.40514505114563));
#1798=CARTESIAN_POINT('Ctrl Pts',(8.65341147243435,25.9874145383864,-3.83601012219019));
#1799=CARTESIAN_POINT('Ctrl Pts',(6.72021719353625,25.8396456739921,-2.13114412562822));
#1800=CARTESIAN_POINT('Ctrl Pts',(4.19701874629412,25.6918767520187,-2.65780371188365));
#1801=CARTESIAN_POINT('Ctrl Pts',(3.10712013587105,25.544107901724,-4.99361402043888));
#1802=CARTESIAN_POINT('Ctrl Pts',(4.32453985189722,25.3963389980989,-7.26555265004669));
#1803=CARTESIAN_POINT('Ctrl Pts',(6.87285473846762,25.248570100933,-7.65195915231032));
#1804=CARTESIAN_POINT('Ctrl Pts',(8.70915247238158,25.1008012357481,-5.84269273482212));
#1805=CARTESIAN_POINT('Ctrl Pts',(8.3599527097654,24.9530323487372,-3.2891663148232));
#1806=CARTESIAN_POINT('Ctrl Pts',(6.10736863457547,24.8052634099879,-2.0376588625369));
#1807=CARTESIAN_POINT('Ctrl Pts',(3.75333697630173,24.6574946648477,-3.09438682162404));
#1808=CARTESIAN_POINT('Ctrl Pts',(3.28778194336546,24.5343536255428,-5.18776109316168));
#1809=CARTESIAN_POINT('Ctrl Pts',(4.02629422498534,24.4358413311648,-6.59007660805872));
#1810=CARTESIAN_POINT('Ctrl Pts',(5.29767430228433,24.3373286192463,-7.53612868819888));
#1811=CARTESIAN_POINT('Ctrl Pts',(7.43826869411999,24.2141879403808,-7.39923390018756));
#1812=CARTESIAN_POINT('Ctrl Pts',(8.84471835872343,24.0664189514739,-5.2365777129203));
#1813=CARTESIAN_POINT('Ctrl Pts',(7.95770214186793,23.9186502508039,-2.81765101726425));
#1814=CARTESIAN_POINT('Ctrl Pts',(5.48492510313472,23.7708810300671,-2.07890888645745));
#1815=CARTESIAN_POINT('Ctrl Pts',(3.7659224408932,23.6477409039061,-3.35739763079467));
#1816=CARTESIAN_POINT('Ctrl Pts',(3.40523706380705,23.5492275296067,-4.9038919811421));
#1817=CARTESIAN_POINT('Ctrl Pts',(3.66910441032403,23.4753436994894,-6.05885440272044));
#1818=CARTESIAN_POINT('Ctrl Pts',(4.42909006090785,23.4014593075372,-6.97442874675799));
#1819=CARTESIAN_POINT('Ctrl Pts',(5.51526543844817,23.3275741510066,-7.45305104474576));
#1820=CARTESIAN_POINT('Ctrl Pts',(6.70206979525808,23.2536903393635,-7.39411245342989));
#1821=CARTESIAN_POINT('Ctrl Pts',(7.73658806629791,23.1798061676324,-6.81039708860184));
#1822=CARTESIAN_POINT('Ctrl Pts',(8.40005877387424,23.1059208861808,-5.8253708819266));
#1823=CARTESIAN_POINT('Ctrl Pts',(8.55267264931874,23.0320366926534,-4.64683164684775));
#1824=CARTESIAN_POINT('Ctrl Pts',(8.16138573180768,22.9581528141381,-3.52638863143099));
#1825=CARTESIAN_POINT('Ctrl Pts',(7.30879139484816,22.8842676399403,-2.69616493750785));
#1826=CARTESIAN_POINT('Ctrl Pts',(6.17816521883677,22.8103833269733,-2.34232002837398));
#1827=CARTESIAN_POINT('Ctrl Pts',(4.6083457937592,22.7118712669795,-2.57843029422959));
#1828=CARTESIAN_POINT('Ctrl Pts',(3.19713902463859,22.5887297061871,-4.19421253371495));
#1829=CARTESIAN_POINT('Ctrl Pts',(3.64952638099051,22.4655899908611,-6.29126048181998));
#1830=CARTESIAN_POINT('Ctrl Pts',(4.90886906073648,22.3670763300091,-7.2579192037579));
#1831=CARTESIAN_POINT('Ctrl Pts',(6.06914114024981,22.2931928959571,-7.49574249744487));
#1832=CARTESIAN_POINT('Ctrl Pts',(7.21745835778944,22.2193082504564,-7.18213682381432));
#1833=CARTESIAN_POINT('Ctrl Pts',(8.10228184762657,22.1454230699807,-6.39119278611503));
#1834=CARTESIAN_POINT('Ctrl Pts',(8.53924086930777,22.0715390046656,-5.28615670553243));
#1835=CARTESIAN_POINT('Ctrl Pts',(8.43591260409229,21.9976551374435,-4.10295652105531));
#1836=CARTESIAN_POINT('Ctrl Pts',(7.81296590678896,21.9237696735588,-3.09143199021551));
#1837=CARTESIAN_POINT('Ctrl Pts',(6.80363519387434,21.8498861256282,-2.46533605549697));
#1838=CARTESIAN_POINT('Ctrl Pts',(5.62056857707914,21.7760010171907,-2.35796507926615));
#1839=CARTESIAN_POINT('Ctrl Pts',(4.51446651935073,21.7021171793872,-2.7912465592754));
#1840=CARTESIAN_POINT('Ctrl Pts',(3.72001113073233,21.6282319631345,-3.67420268573951));
#1841=CARTESIAN_POINT('Ctrl Pts',(3.40405835785073,21.5543483858496,-4.81931700117495));
#1842=CARTESIAN_POINT('Ctrl Pts',(3.6352197162899,21.4804635272541,-5.98445579429));
#1843=CARTESIAN_POINT('Ctrl Pts',(4.36286617851944,21.4065787144219,-6.92339398778442));
#1844=CARTESIAN_POINT('Ctrl Pts',(5.43413593077556,21.3326947564807,-7.43637660841593));
#1845=CARTESIAN_POINT('Ctrl Pts',(6.62219883206275,21.2588104943903,-7.41606212978072));
#1846=CARTESIAN_POINT('Ctrl Pts',(7.67400260378968,21.1849252679204,-6.86596491715755));
#1847=CARTESIAN_POINT('Ctrl Pts',(8.37113476708997,21.1110414120202,-5.90168446773565));
#1848=CARTESIAN_POINT('Ctrl Pts',(8.55732602693481,21.0371571445969,-4.73171709547698));
#1849=CARTESIAN_POINT('Ctrl Pts',(8.09409999730491,20.9386438134235,-3.21263381175482));
#1850=CARTESIAN_POINT('Ctrl Pts',(6.2937674344759,20.8155037495075,-2.05211182415653));
#1851=CARTESIAN_POINT('Ctrl Pts',(3.87543249629464,20.6677345206113,-2.95365917230486));
#1852=CARTESIAN_POINT('Ctrl Pts',(3.15270161874389,20.5199657618882,-5.42770225922244));
#1853=CARTESIAN_POINT('Ctrl Pts',(4.69882454648254,20.3721968931396,-7.48900993901923));
#1854=CARTESIAN_POINT('Ctrl Pts',(7.27616533736867,20.2244278450629,-7.48701647425089));
#1855=CARTESIAN_POINT('Ctrl Pts',(8.81887383916719,20.0766593221644,-5.41879896002067));
#1856=CARTESIAN_POINT('Ctrl Pts',(8.20766198749317,19.9535178973859,-3.36325995823113));
#1857=CARTESIAN_POINT('Ctrl Pts',(6.8803282095591,19.8550061410334,-2.49714046274006));
#1858=CARTESIAN_POINT('Ctrl Pts',(5.30933399076837,19.7564926530441,-2.28884185726711));
#1859=CARTESIAN_POINT('Ctrl Pts',(3.50553715470054,19.6333526953714,-3.44953060712761));
#1860=CARTESIAN_POINT('Ctrl Pts',(3.32842940918212,19.4855833976497,-6.02320729756697));
#1861=CARTESIAN_POINT('Ctrl Pts',(5.27991269440872,19.3378147029059,-7.70538321328702));
#1862=CARTESIAN_POINT('Ctrl Pts',(7.79982651797873,19.1900457498205,-7.14824734080971));
#1863=CARTESIAN_POINT('Ctrl Pts',(8.68003929899684,19.0669049723109,-5.19510457616246));
#1864=CARTESIAN_POINT('Ctrl Pts',(8.24306502448461,18.9683923595712,-3.6684256227878));
#1865=CARTESIAN_POINT('Ctrl Pts',(7.45079439624046,18.894508461077,-2.78758404562888));
#1866=CARTESIAN_POINT('Ctrl Pts',(6.3414507717649,18.8206231300818,-2.35720562314371));
#1867=CARTESIAN_POINT('Ctrl Pts',(5.15961372955441,18.7467390211165,-2.4672619819634));
#1868=CARTESIAN_POINT('Ctrl Pts',(4.15137782399662,18.6728550988659,-3.09601864765837));
#1869=CARTESIAN_POINT('Ctrl Pts',(3.53107652073346,18.5989698926301,-4.1090075454961));
#1870=CARTESIAN_POINT('Ctrl Pts',(3.43073838848803,18.5250856436149,-5.29253213396096));
#1871=CARTESIAN_POINT('Ctrl Pts',(3.8701224786824,18.4512015941282,-6.39638243006739));
#1872=CARTESIAN_POINT('Ctrl Pts',(4.75772783966733,18.3773169749617,-7.18527743443766));
#1873=CARTESIAN_POINT('Ctrl Pts',(6.0321712238222,18.295222126491,-7.53013358529866));
#1874=CARTESIAN_POINT('Ctrl Pts',(7.45724438222135,18.2049215758768,-7.1238175380922));
#1875=CARTESIAN_POINT('Ctrl Pts',(8.46660793342263,18.1064062549336,-5.85855992465605));
#1876=CARTESIAN_POINT('Ctrl Pts',(8.553592245738,18.0078950561285,-4.24391182754077));
#1877=CARTESIAN_POINT('Ctrl Pts',(7.68821189293465,17.9093821866114,-2.87717528489274));
#1878=CARTESIAN_POINT('Ctrl Pts',(6.19062208771539,17.8108683271848,-2.26675386440264));
#1879=CARTESIAN_POINT('Ctrl Pts',(4.61588128334197,17.712358392534,-2.63796424636687));
#1880=CARTESIAN_POINT('Ctrl Pts',(3.54999222220032,17.6138425068096,-3.85442400212079));
#1881=CARTESIAN_POINT('Ctrl Pts',(3.3866206503562,17.5153336262286,-5.46355744857671));
#1882=CARTESIAN_POINT('Ctrl Pts',(4.18734317598966,17.4168181971909,-6.86887363527451));
#1883=CARTESIAN_POINT('Ctrl Pts',(5.65525069298178,17.3183062570195,-7.54892641795434));
#1884=CARTESIAN_POINT('Ctrl Pts',(7.24447480700689,17.2197951997722,-7.25106381814713));
#1885=CARTESIAN_POINT('Ctrl Pts',(8.41486160886061,17.1171749615971,-6.03798786449658));
#1886=CARTESIAN_POINT('Ctrl Pts',(8.60909352034536,17.0104552116461,-4.27456384198736));
#1887=CARTESIAN_POINT('Ctrl Pts',(7.58732780679163,16.8996285485689,-2.73981887797287));
#1888=CARTESIAN_POINT('Ctrl Pts',(5.81989700533366,16.7888015752211,-2.21795321519443));
#1889=CARTESIAN_POINT('Ctrl Pts',(4.12877825559981,16.6779741779063,-2.95116369011392));
#1890=CARTESIAN_POINT('Ctrl Pts',(3.30188405317027,16.5671473842704,-4.59842975302762));
#1891=CARTESIAN_POINT('Ctrl Pts',(3.72396185604113,16.4563219081136,-6.39254206016168));
#1892=CARTESIAN_POINT('Ctrl Pts',(5.19860392343304,16.3454952312509,-7.498280512237));
#1893=CARTESIAN_POINT('Ctrl Pts',(7.03917203146796,16.2346679560235,-7.40071742583483));
#1894=CARTESIAN_POINT('Ctrl Pts',(8.38865741771409,16.1238406686664,-6.14528411466664));
#1895=CARTESIAN_POINT('Ctrl Pts',(8.61870543551092,16.0130144310546,-4.31656354161581));
#1896=CARTESIAN_POINT('Ctrl Pts',(7.62224868574543,15.9021887964728,-2.76602369542746));
#1897=CARTESIAN_POINT('Ctrl Pts',(5.86320878561267,15.7913616520024,-2.21558864882387));
#1898=CARTESIAN_POINT('Ctrl Pts',(4.16062659698704,15.6805344182544,-2.92159839617264));
#1899=CARTESIAN_POINT('Ctrl Pts',(3.30728607044299,15.5697072665724,-4.55530866215245));
#1900=CARTESIAN_POINT('Ctrl Pts',(3.70048498270032,15.4588816197257,-6.3560025421275));
#1901=CARTESIAN_POINT('Ctrl Pts',(5.15713435834249,15.3480554014282,-7.48529823163788));
#1902=CARTESIAN_POINT('Ctrl Pts',(6.99903722926297,15.2372281106186,-7.4173626417361));
#1903=CARTESIAN_POINT('Ctrl Pts',(8.36854333148509,15.1264008447301,-6.183796791983));
#1904=CARTESIAN_POINT('Ctrl Pts',(8.62797471426542,15.0155741359137,-4.35900616010487));
#1905=CARTESIAN_POINT('Ctrl Pts',(7.65658224610794,14.9047486960746,-2.79264441901971));
#1906=CARTESIAN_POINT('Ctrl Pts',(5.90662936322075,14.793921844982,-2.2139898594715));
#1907=CARTESIAN_POINT('Ctrl Pts',(4.19291088133259,14.6830945937019,-2.89251673373092));
#1908=CARTESIAN_POINT('Ctrl Pts',(3.31339720852683,14.5722673114427,-4.51229475959493));
#1909=CARTESIAN_POINT('Ctrl Pts',(3.67759208907737,14.461441265986,-6.31908153814987));
#1910=CARTESIAN_POINT('Ctrl Pts',(5.11587956157127,14.3506154846298,-7.47165955275746));
#1911=CARTESIAN_POINT('Ctrl Pts',(6.95864764763342,14.2397882911554,-7.43334708006814));
#1912=CARTESIAN_POINT('Ctrl Pts',(8.3477914364267,14.1289610111255,-6.22200350777571));
#1913=CARTESIAN_POINT('Ctrl Pts',(8.63660468313365,14.018134042362,-4.40154923611725));
#1914=CARTESIAN_POINT('Ctrl Pts',(7.69039237054792,13.9073083157098,-2.81990431642267));
#1915=CARTESIAN_POINT('Ctrl Pts',(5.95026199445587,13.7964823064967,-2.21289844412746));
#1916=CARTESIAN_POINT('Ctrl Pts',(4.22529820391303,13.6856542272992,-2.86436622759775));
#1917=CARTESIAN_POINT('Ctrl Pts',(3.62298985180309,13.6117712035816,-3.93377716228457));
#1918=CARTESIAN_POINT('Ctrl Pts',(3.52782454123186,13.5748284766431,-4.50401274694876));
#1919=CARTESIAN_POINT('',(4.50172715926176,38.4,-6.91517491336653));
#1920=CARTESIAN_POINT('Ctrl Pts',(4.50218002349444,38.4000098837421,-6.91456583855532));
#1921=CARTESIAN_POINT('Ctrl Pts',(4.70667189466057,38.383748269426,-7.06634740480034));
#1922=CARTESIAN_POINT('Ctrl Pts',(5.44911417856403,38.330606979332,-7.46185732115645));
#1923=CARTESIAN_POINT('Ctrl Pts',(6.94572700380187,38.2405860134599,-7.43758299597654));
#1924=CARTESIAN_POINT('Ctrl Pts',(8.33899794790538,38.129946986126,-6.2361780179468));
#1925=CARTESIAN_POINT('Ctrl Pts',(8.63952476297841,38.0193079587922,-4.4213280843536));
#1926=CARTESIAN_POINT('Ctrl Pts',(7.7078525206935,37.9086689314582,-2.83504045220247));
#1927=CARTESIAN_POINT('Ctrl Pts',(5.97632353642845,37.7980299041244,-2.21364131475996));
#1928=CARTESIAN_POINT('Ctrl Pts',(4.24865286307252,37.6873908767903,-2.84549600838748));
#1929=CARTESIAN_POINT('Ctrl Pts',(3.32645471469305,37.5767518494565,-4.43730596855734));
#1930=CARTESIAN_POINT('Ctrl Pts',(3.63812655911709,37.4661128221226,-6.25046131622374));
#1931=CARTESIAN_POINT('Ctrl Pts',(5.03823872561914,37.3554737947886,-7.44313507640647));
#1932=CARTESIAN_POINT('Ctrl Pts',(6.87852738086384,37.2448347674548,-7.46247169220845));
#1933=CARTESIAN_POINT('Ctrl Pts',(8.06455127390743,37.1526355780098,-6.49216974702629));
#1934=CARTESIAN_POINT('Ctrl Pts',(8.47821140461296,37.0788762264539,-5.39565217676516));
#1935=CARTESIAN_POINT('Ctrl Pts',(8.50264715789052,37.0051168748979,-4.22395775819099));
#1936=CARTESIAN_POINT('Ctrl Pts',(7.76327088917848,36.9129176854531,-2.88177213010089));
#1937=CARTESIAN_POINT('Ctrl Pts',(6.04814819050317,36.8022786581191,-2.21439640850885));
#1938=CARTESIAN_POINT('Ctrl Pts',(4.30459210894912,36.6916396307853,-2.79988187913086));
#1939=CARTESIAN_POINT('Ctrl Pts',(3.34011901618697,36.5810006034513,-4.36655803484702));
#1940=CARTESIAN_POINT('Ctrl Pts',(3.60319895703367,36.4703615761174,-6.18729382940221));
#1941=CARTESIAN_POINT('Ctrl Pts',(4.97129630383521,36.3597225487835,-7.41709474527575));
#1942=CARTESIAN_POINT('Ctrl Pts',(6.80969757563922,36.2490835214496,-7.4851912577801));
#1943=CARTESIAN_POINT('Ctrl Pts',(8.26507389377443,36.1384444941156,-6.35999472359942));
#1944=CARTESIAN_POINT('Ctrl Pts',(8.66204254442835,36.0278054667818,-4.56368979367059));
#1945=CARTESIAN_POINT('Ctrl Pts',(7.81632937394673,35.9171664394478,-2.9299941342301));
#1946=CARTESIAN_POINT('Ctrl Pts',(6.12046588684283,35.806527412114,-2.21702883326599));
#1947=CARTESIAN_POINT('Ctrl Pts',(4.36147035164435,35.69588838478,-2.75584790252191));
#1948=CARTESIAN_POINT('Ctrl Pts',(3.35576628646458,35.5852493574461,-4.2960656742056));
#1949=CARTESIAN_POINT('Ctrl Pts',(3.56998413709669,35.4746103301122,-6.12347618746923));
#1950=CARTESIAN_POINT('Ctrl Pts',(4.90493745504431,35.3639713027783,-7.38877106149338));
#1951=CARTESIAN_POINT('Ctrl Pts',(6.7406144331972,35.2533322754444,-7.50707049220042));
#1952=CARTESIAN_POINT('Ctrl Pts',(8.06093741376204,35.1549864733698,-6.53962524781774));
#1953=CARTESIAN_POINT('Ctrl Pts',(8.54122963428359,35.0689338965546,-5.2452807645215));
#1954=CARTESIAN_POINT('Ctrl Pts',(8.39029558380594,34.97058809448,-3.6679803498599));
#1955=CARTESIAN_POINT('Ctrl Pts',(6.8609524469035,34.8476558418867,-2.17403680097412));
#1956=CARTESIAN_POINT('Ctrl Pts',(4.3166562937503,34.7001371387749,-2.56831547856185));
#1957=CARTESIAN_POINT('Ctrl Pts',(3.1082640702832,34.5526184356629,-4.84164140324453));
#1958=CARTESIAN_POINT('Ctrl Pts',(4.01832688741737,34.4296861830698,-6.77816663742058));
#1959=CARTESIAN_POINT('Ctrl Pts',(5.45692192041325,34.3313403809951,-7.43648045443273));
#1960=CARTESIAN_POINT('Ctrl Pts',(7.03797618538876,34.2329945789206,-7.40994077026932));
#1961=CARTESIAN_POINT('Ctrl Pts',(8.64883492216806,34.1100623263273,-6.00133645615474));
#1962=CARTESIAN_POINT('Ctrl Pts',(8.4521783359964,33.9625436232155,-3.43314465008031));
#1963=CARTESIAN_POINT('Ctrl Pts',(6.28155676100205,33.8150249201036,-2.05397841942694));
#1964=CARTESIAN_POINT('Ctrl Pts',(3.87511915101546,33.6675062169917,-2.95590673087309));
#1965=CARTESIAN_POINT('Ctrl Pts',(3.15343826046752,33.5199875138798,-5.42983636382796));
#1966=CARTESIAN_POINT('Ctrl Pts',(4.56721754796517,33.3847620360273,-7.30909675348113));
#1967=CARTESIAN_POINT('Ctrl Pts',(6.60311657909708,33.2618297834341,-7.54068788990264));
#1968=CARTESIAN_POINT('Ctrl Pts',(8.14117764639085,33.1511907561001,-6.53899141736635));
#1969=CARTESIAN_POINT('Ctrl Pts',(8.68195033305265,33.0405517287662,-4.77841745221033));
#1970=CARTESIAN_POINT('Ctrl Pts',(7.968943429901,32.9299127014323,-3.08320423161534));
#1971=CARTESIAN_POINT('Ctrl Pts',(6.33591171417746,32.8192736740984,-2.23641707965279));
#1972=CARTESIAN_POINT('Ctrl Pts',(4.53927138130189,32.7086346467645,-2.63295197258486));
#1973=CARTESIAN_POINT('Ctrl Pts',(3.41364692555576,32.5979956194306,-4.08780451629154));
#1974=CARTESIAN_POINT('Ctrl Pts',(3.48097261332022,32.4873565920967,-5.92625770972817));
#1975=CARTESIAN_POINT('Ctrl Pts',(4.71036957354754,32.3767175647627,-7.29485172649884));
#1976=CARTESIAN_POINT('Ctrl Pts',(6.53083978411182,32.2660785374289,-7.5584824729048));
#1977=CARTESIAN_POINT('Ctrl Pts',(8.09818202714397,32.1554395100949,-6.59485910233104));
#1978=CARTESIAN_POINT('Ctrl Pts',(8.68372586903694,32.044800482761,-4.85098614139361));
#1979=CARTESIAN_POINT('Ctrl Pts',(8.01812537758401,31.9341614554271,-3.13667584646047));
#1980=CARTESIAN_POINT('Ctrl Pts',(6.40563384078766,31.8235224280932,-2.24660586381473));
#1981=CARTESIAN_POINT('Ctrl Pts',(4.60363443572484,31.7128834007593,-2.59567706852595));
#1982=CARTESIAN_POINT('Ctrl Pts',(3.30076732474076,31.5899511481661,-4.17672849337606));
#1983=CARTESIAN_POINT('Ctrl Pts',(3.59063695709676,31.4547256703135,-6.51148973799692));
#1984=CARTESIAN_POINT('Ctrl Pts',(5.82862443304046,31.3072069672016,-7.7867847708749));
#1985=CARTESIAN_POINT('Ctrl Pts',(8.18655853987658,31.1596882640898,-6.76489118961677));
#1986=CARTESIAN_POINT('Ctrl Pts',(8.78776174568442,31.0121695609779,-4.2606862627827));
#1987=CARTESIAN_POINT('Ctrl Pts',(7.41799905356785,30.8892373083847,-2.61600303542096));
#1988=CARTESIAN_POINT('Ctrl Pts',(5.86109784560928,30.7908915063101,-2.34035612393552));
#1989=CARTESIAN_POINT('Ctrl Pts',(4.337244356183,30.6925457042355,-2.76275067144225));
#1990=CARTESIAN_POINT('Ctrl Pts',(3.13218886002963,30.5696134516423,-4.53188041502746));
#1991=CARTESIAN_POINT('Ctrl Pts',(3.96876837968345,30.4220947485304,-6.96712496173104));
#1992=CARTESIAN_POINT('Ctrl Pts',(6.41528192106149,30.2745760454185,-7.75800057170513));
#1993=CARTESIAN_POINT('Ctrl Pts',(8.51818244731745,30.1270573423066,-6.27695903202537));
#1994=CARTESIAN_POINT('Ctrl Pts',(8.59527587061526,29.9795386391948,-3.70611460172154));
#1995=CARTESIAN_POINT('Ctrl Pts',(6.58591902880677,29.8320199360829,-2.10014681209657));
#1996=CARTESIAN_POINT('Ctrl Pts',(4.09527259677224,29.684501232971,-2.74542660084075));
#1997=CARTESIAN_POINT('Ctrl Pts',(3.1143996133243,29.5369825298591,-5.12108711918583));
#1998=CARTESIAN_POINT('Ctrl Pts',(4.42962301228018,29.3894638267473,-7.33549837307636));
#1999=CARTESIAN_POINT('Ctrl Pts',(6.55774438395457,29.266531574154,-7.56214561068113));
#2000=CARTESIAN_POINT('Ctrl Pts',(7.86631107570559,29.1681857720794,-6.67393353254776));
#2001=CARTESIAN_POINT('Ctrl Pts',(8.66506981305356,29.0698399700048,-5.30901242070216));
#2002=CARTESIAN_POINT('Ctrl Pts',(8.29648040664547,28.9469077174116,-3.20051794633445));
#2003=CARTESIAN_POINT('Ctrl Pts',(5.99951106930558,28.7993890142997,-2.03675726075604));
#2004=CARTESIAN_POINT('Ctrl Pts',(3.69372111648792,28.6518703111879,-3.1744826877748));
#2005=CARTESIAN_POINT('Ctrl Pts',(3.21742533446805,28.5043516080759,-5.7018890857872));
#2006=CARTESIAN_POINT('Ctrl Pts',(4.95379521389637,28.3568329049641,-7.5998962831854));
#2007=CARTESIAN_POINT('Ctrl Pts',(7.51365868503133,28.2093142018522,-7.35076128704295));
#2008=CARTESIAN_POINT('Ctrl Pts',(8.85130701982423,28.0617954987403,-5.15384161418134));
#2009=CARTESIAN_POINT('Ctrl Pts',(7.89745354821477,27.9142767956285,-2.76529718592042));
#2010=CARTESIAN_POINT('Ctrl Pts',(5.41414654066219,27.7667580925165,-2.0940521904496));
#2011=CARTESIAN_POINT('Ctrl Pts',(3.38745868402891,27.6192393894047,-3.67746878839383));
#2012=CARTESIAN_POINT('Ctrl Pts',(3.43526826987846,27.4717206862928,-6.24823282556273));
#2013=CARTESIAN_POINT('Ctrl Pts',(5.52360230525707,27.3242019831809,-7.75458113401914));
#2014=CARTESIAN_POINT('Ctrl Pts',(7.56605830159111,27.2012697305877,-7.11408538582624));
#2015=CARTESIAN_POINT('Ctrl Pts',(8.41185057571185,27.1029239285131,-5.77783779185745));
#2016=CARTESIAN_POINT('Ctrl Pts',(8.60041758462931,27.0045781264385,-4.20760956971346));
#2017=CARTESIAN_POINT('Ctrl Pts',(7.42156776201114,26.8816458738453,-2.4209296398416));
#2018=CARTESIAN_POINT('Ctrl Pts',(4.85147095341769,26.7341271707335,-2.26918536872955));
#2019=CARTESIAN_POINT('Ctrl Pts',(3.18980642437327,26.5866084676215,-4.23216624408632));
#2020=CARTESIAN_POINT('Ctrl Pts',(3.76061794159026,26.4390897645097,-6.73881633860722));
#2021=CARTESIAN_POINT('Ctrl Pts',(6.11023031423769,26.2915710613978,-7.78854610407553));
#2022=CARTESIAN_POINT('Ctrl Pts',(8.35816586087864,26.1440523582859,-6.5389067925484));
#2023=CARTESIAN_POINT('Ctrl Pts',(8.70939341763773,25.9965336551741,-3.99123708192135));
#2024=CARTESIAN_POINT('Ctrl Pts',(6.88211169301131,25.8490149520621,-2.18065406059486));
#2025=CARTESIAN_POINT('Ctrl Pts',(4.33749846338069,25.7014962489503,-2.55541133376908));
#2026=CARTESIAN_POINT('Ctrl Pts',(3.10931058068994,25.5539775458384,-4.81493418341426));
#2027=CARTESIAN_POINT('Ctrl Pts',(4.17951217904822,25.4064588427266,-7.15452053321322));
#2028=CARTESIAN_POINT('Ctrl Pts',(6.69149271244573,25.2589401396146,-7.70229834855803));
#2029=CARTESIAN_POINT('Ctrl Pts',(8.63996957194076,25.1114214365028,-6.02176452878034));
#2030=CARTESIAN_POINT('Ctrl Pts',(8.46408347666433,24.9639027333909,-3.45569803393231));
#2031=CARTESIAN_POINT('Ctrl Pts',(6.30702961441028,24.816384030279,-2.055246946075));
#2032=CARTESIAN_POINT('Ctrl Pts',(3.89166582329272,24.6688653271671,-2.93998759147025));
#2033=CARTESIAN_POINT('Ctrl Pts',(3.14949240642654,24.5213466240552,-5.40260886948771));
#2034=CARTESIAN_POINT('Ctrl Pts',(4.67322106113901,24.3738279209434,-7.47470426838615));
#2035=CARTESIAN_POINT('Ctrl Pts',(7.24540321045356,24.2263092178315,-7.49984315524724));
#2036=CARTESIAN_POINT('Ctrl Pts',(8.80919600695437,24.0787905147196,-5.45810880345277));
#2037=CARTESIAN_POINT('Ctrl Pts',(8.11593475584461,23.9312718116077,-2.98120724584158));
#2038=CARTESIAN_POINT('Ctrl Pts',(5.71729968673141,23.7837531084959,-2.04990365364789));
#2039=CARTESIAN_POINT('Ctrl Pts',(3.53363415573349,23.636234405384,-3.40695752646212));
#2040=CARTESIAN_POINT('Ctrl Pts',(3.30833645459569,23.4887157022721,-5.96985253376974));
#2041=CARTESIAN_POINT('Ctrl Pts',(5.22210830705649,23.3411969991602,-7.68780225451593));
#2042=CARTESIAN_POINT('Ctrl Pts',(7.74525211308371,23.1936782960483,-7.18924704155939));
#2043=CARTESIAN_POINT('Ctrl Pts',(8.86121926167777,23.0461595929365,-4.87118115066025));
#2044=CARTESIAN_POINT('Ctrl Pts',(7.67700285558126,22.8986408898246,-2.58855886221394));
#2045=CARTESIAN_POINT('Ctrl Pts',(5.14122340190957,22.7511221867127,-2.1625921405855));
#2046=CARTESIAN_POINT('Ctrl Pts',(3.27704502625111,22.6036034836008,-3.94011090587573));
#2047=CARTESIAN_POINT('Ctrl Pts',(3.53069633763057,22.4806712310076,-6.06463939370422));
#2048=CARTESIAN_POINT('Ctrl Pts',(4.6897327858253,22.382325428933,-7.14133635332133));
#2049=CARTESIAN_POINT('Ctrl Pts',(6.1981507446149,22.2839796268584,-7.61516371931942));
#2050=CARTESIAN_POINT('Ctrl Pts',(8.171301326916,22.1610473742652,-6.78468714153448));
#2051=CARTESIAN_POINT('Ctrl Pts',(8.79230534869409,22.0135286711533,-4.28584517054118));
#2052=CARTESIAN_POINT('Ctrl Pts',(7.16826792891212,21.8660099680414,-2.29249361241585));
#2053=CARTESIAN_POINT('Ctrl Pts',(4.59829754485976,21.7184912649295,-2.39290432474563));
#2054=CARTESIAN_POINT('Ctrl Pts',(3.13620829975918,21.5709725618177,-4.50944517597141));
#2055=CARTESIAN_POINT('Ctrl Pts',(3.95097001181482,21.4234538587058,-6.94889767199969));
#2056=CARTESIAN_POINT('Ctrl Pts',(6.39117338860334,21.2759351555939,-7.76200318342766));
#2057=CARTESIAN_POINT('Ctrl Pts',(8.50631673343824,21.1284164524821,-6.29843674387276));
#2058=CARTESIAN_POINT('Ctrl Pts',(8.60562908850693,20.9808977493702,-3.72829092779968));
#2059=CARTESIAN_POINT('Ctrl Pts',(6.60974543470031,20.8333790462583,-2.10590192559068));
#2060=CARTESIAN_POINT('Ctrl Pts',(4.11405781012385,20.6858603431464,-2.72818053499835));
#2061=CARTESIAN_POINT('Ctrl Pts',(3.11349855966981,20.5383416400345,-5.09767129884304));
#2062=CARTESIAN_POINT('Ctrl Pts',(4.40784878362081,20.3908229369227,-7.32036372566028));
#2063=CARTESIAN_POINT('Ctrl Pts',(6.9624950104079,20.2433042338107,-7.6195047689092));
#2064=CARTESIAN_POINT('Ctrl Pts',(8.73534651938234,20.0957855306989,-5.75606132288095));
#2065=CARTESIAN_POINT('Ctrl Pts',(8.3093557609633,19.948266827587,-3.21941526317698));
#2066=CARTESIAN_POINT('Ctrl Pts',(6.02489160608693,19.8007481244751,-2.03752706485415));
#2067=CARTESIAN_POINT('Ctrl Pts',(3.70830185488227,19.6532294213632,-3.15456343198903));
#2068=CARTESIAN_POINT('Ctrl Pts',(3.21095125200882,19.5057107182514,-5.67872554017772));
#2069=CARTESIAN_POINT('Ctrl Pts',(4.92994954159842,19.3581920151395,-7.59032571287935));
#2070=CARTESIAN_POINT('Ctrl Pts',(7.49359359648205,19.2106733120276,-7.36401667327094));
#2071=CARTESIAN_POINT('Ctrl Pts',(8.84822373884496,19.0631546089157,-5.1781575241299));
#2072=CARTESIAN_POINT('Ctrl Pts',(7.91720527360583,18.9156359058039,-2.78182151744788));
#2073=CARTESIAN_POINT('Ctrl Pts',(5.43551284169992,18.768117202692,-2.08917581302872));
#2074=CARTESIAN_POINT('Ctrl Pts',(3.6296971936741,18.6369894665925,-3.4814043808643));
#2075=CARTESIAN_POINT('Ctrl Pts',(3.36850674444318,18.5222526975055,-5.35180242214048));
#2076=CARTESIAN_POINT('Ctrl Pts',(4.10116287059706,18.4239068954309,-6.78574456597929));
#2077=CARTESIAN_POINT('Ctrl Pts',(5.53605062673319,18.3255610933564,-7.53092721085456));
#2078=CARTESIAN_POINT('Ctrl Pts',(7.13405289331773,18.2272152912818,-7.30660993786374));
#2079=CARTESIAN_POINT('Ctrl Pts',(8.30811308794186,18.1288694892072,-6.1983681908386));
#2080=CARTESIAN_POINT('Ctrl Pts',(8.62238200293585,18.0305236871326,-4.61447971269364));
#2081=CARTESIAN_POINT('Ctrl Pts',(7.96117214304995,17.932177885058,-3.14188319084001));
#2082=CARTESIAN_POINT('Ctrl Pts',(6.56876952116613,17.8338320829834,-2.32429710340866));
#2083=CARTESIAN_POINT('Ctrl Pts',(4.96058171401177,17.7354862809088,-2.46457904861494));
#2084=CARTESIAN_POINT('Ctrl Pts',(3.73063185395935,17.6371404788343,-3.51099548402567));
#2085=CARTESIAN_POINT('Ctrl Pts',(3.3349594850324,17.5387946767597,-5.07560319269558));
#2086=CARTESIAN_POINT('Ctrl Pts',(3.94212179561262,17.436351132932,-6.64468653948887));
#2087=CARTESIAN_POINT('Ctrl Pts',(5.45642793248337,17.3298098473512,-7.56252450766131));
#2088=CARTESIAN_POINT('Ctrl Pts',(7.27577320461834,17.2191708200172,-7.28562592191891));
#2089=CARTESIAN_POINT('Ctrl Pts',(8.49498339700322,17.1085317926834,-5.9084697076709));
#2090=CARTESIAN_POINT('Ctrl Pts',(8.54949029505785,16.9978927653494,-4.0695574623841));
#2091=CARTESIAN_POINT('Ctrl Pts',(7.41334715331778,16.8872537380155,-2.62266669738556));
#2092=CARTESIAN_POINT('Ctrl Pts',(5.61417576755844,16.7766147106816,-2.2391364177535));
#2093=CARTESIAN_POINT('Ctrl Pts',(3.98681176639804,16.6659756833477,-3.09705196210227));
#2094=CARTESIAN_POINT('Ctrl Pts',(3.28660281295706,16.5553366560138,-4.79820622614967));
#2095=CARTESIAN_POINT('Ctrl Pts',(3.8384892734784,16.4446976286799,-6.55310799600791));
#2096=CARTESIAN_POINT('Ctrl Pts',(5.38633085129615,16.334058601346,-7.54728904182291));
#2097=CARTESIAN_POINT('Ctrl Pts',(7.21181480010473,16.2234195740121,-7.31934824322816));
#2098=CARTESIAN_POINT('Ctrl Pts',(8.4676157983164,16.1127805466782,-5.97507715599936));
#2099=CARTESIAN_POINT('Ctrl Pts',(8.57113304468392,16.0021415193443,-4.13834747783309));
#2100=CARTESIAN_POINT('Ctrl Pts',(7.47388735768147,15.8915024920104,-2.6616170034466));
#2101=CARTESIAN_POINT('Ctrl Pts',(5.68596717787919,15.7808634646764,-2.23019701328499));
#2102=CARTESIAN_POINT('Ctrl Pts',(4.03548062758086,15.6702244373425,-3.04440226802429));
#2103=CARTESIAN_POINT('Ctrl Pts',(3.41580043638575,15.5780252478976,-4.44587860847111));
#2104=CARTESIAN_POINT('Ctrl Pts',(3.5421828052727,15.5042658963417,-5.61099339083394));
#2105=CARTESIAN_POINT('Ctrl Pts',(4.0497638137704,15.4305065447857,-6.66732050939927));
#2106=CARTESIAN_POINT('Ctrl Pts',(5.31578241070951,15.3383073553408,-7.53064864746788));
#2107=CARTESIAN_POINT('Ctrl Pts',(7.14739529183389,15.2276683280069,-7.35112014549607));
#2108=CARTESIAN_POINT('Ctrl Pts',(8.43832155416542,15.117029300673,-6.04104603967251));
#2109=CARTESIAN_POINT('Ctrl Pts',(8.59090687527138,15.0063902733391,-4.20763681766942));
#2110=CARTESIAN_POINT('Ctrl Pts',(7.53358636396653,14.8957512460052,-2.7021861513574));
#2111=CARTESIAN_POINT('Ctrl Pts',(5.75745324853111,14.7851122186713,-2.22318983970916));
#2112=CARTESIAN_POINT('Ctrl Pts',(4.08661868698149,14.6744731913374,-2.99302188573236));
#2113=CARTESIAN_POINT('Ctrl Pts',(3.29663128752582,14.5638341640034,-4.6544193479892));
#2114=CARTESIAN_POINT('Ctrl Pts',(3.75406627759574,14.4531951366696,-6.43620212880467));
#2115=CARTESIAN_POINT('Ctrl Pts',(5.24667061339113,14.3425561093356,-7.51170672740656));
#2116=CARTESIAN_POINT('Ctrl Pts',(7.08167174325351,14.2319170820017,-7.38124019713872));
#2117=CARTESIAN_POINT('Ctrl Pts',(8.407509446543,14.1212780546678,-6.10643096174348));
#2118=CARTESIAN_POINT('Ctrl Pts',(8.60873790485956,14.0106390273339,-4.27675957366604));
#2119=CARTESIAN_POINT('Ctrl Pts',(7.93096296619184,13.936879675778,-3.25641198086202));
#2120=CARTESIAN_POINT('Ctrl Pts',(7.46724692906392,13.9,-2.91282413653137));
#2121=CARTESIAN_POINT('',(8.14607138392457,38.4,-3.6766437774951));
#2122=CARTESIAN_POINT('Ctrl Pts',(8.14607138390555,38.4,-3.67664377746902));
#2123=CARTESIAN_POINT('Ctrl Pts',(8.24972096737176,38.4,-3.81876297178052));
#2124=CARTESIAN_POINT('Ctrl Pts',(8.3485057856383,38.3999999999902,-3.99612378181307));
#2125=CARTESIAN_POINT('Ctrl Pts',(8.51335646041916,38.3999999999902,-4.45231891797054));
#2126=CARTESIAN_POINT('Ctrl Pts',(8.55964466020333,38.3999999999946,-4.71407128458976));
#2127=CARTESIAN_POINT('Ctrl Pts',(8.56703429758739,38.3999999999946,-5.28480630609112));
#2128=CARTESIAN_POINT('Ctrl Pts',(8.51261069572729,38.4000000000024,-5.59062964563341));
#2129=CARTESIAN_POINT('Ctrl Pts',(8.29060498550738,38.4000000000024,-6.17957869646538));
#2130=CARTESIAN_POINT('Ctrl Pts',(8.11985845492296,38.4000000000089,-6.45608844126326));
#2131=CARTESIAN_POINT('Ctrl Pts',(7.67756042884546,38.4000000000089,-6.93641207067688));
#2132=CARTESIAN_POINT('Ctrl Pts',(7.40721764424233,38.4,-7.13355746877729));
#2133=CARTESIAN_POINT('Ctrl Pts',(6.80748210125456,38.4,-7.41079834780336));
#2134=CARTESIAN_POINT('Ctrl Pts',(6.48370389051578,38.400000000003,-7.48894096971345));
#2135=CARTESIAN_POINT('Ctrl Pts',(5.83672671253713,38.400000000003,-7.51307857897901));
#2136=CARTESIAN_POINT('Ctrl Pts',(5.51897671464731,38.4000000001522,-7.46331817827035));
#2137=CARTESIAN_POINT('Ctrl Pts',(4.92347781308248,38.4000000001522,-7.24127566643618));
#2138=CARTESIAN_POINT('Ctrl Pts',(4.68109469426458,38.4,-7.08159176163796));
#2139=CARTESIAN_POINT('Ctrl Pts',(4.50172715926176,38.4,-6.91517491336653));
#2140=CARTESIAN_POINT('',(3.82290270443193,14.0654895390046,-3.67664377746913));
#2141=CARTESIAN_POINT('Ctrl Pts',(8.14654253746634,38.3999992656276,-3.67611680386575));
#2142=CARTESIAN_POINT('Ctrl Pts',(8.11834577898216,38.3963557231184,-3.62661048006748));
#2143=CARTESIAN_POINT('Ctrl Pts',(7.78500040799792,38.3557699104843,-3.0862798705395));
#2144=CARTESIAN_POINT('Ctrl Pts',(6.74616127782232,38.278242017757,-2.32245491035646));
#2145=CARTESIAN_POINT('Ctrl Pts',(4.90662583837115,38.1674165433831,-2.43720785568996));
#2146=CARTESIAN_POINT('Ctrl Pts',(3.56887276442973,38.0565894623879,-3.70519066291601));
#2147=CARTESIAN_POINT('Ctrl Pts',(3.35590543156101,37.9457622391724,-5.53603612430119));
#2148=CARTESIAN_POINT('Ctrl Pts',(4.36685410463819,37.8349350145179,-7.07723637756162));
#2149=CARTESIAN_POINT('Ctrl Pts',(6.13097769837674,37.7241092372056,-7.61118921477011));
#2150=CARTESIAN_POINT('Ctrl Pts',(7.82689534821313,37.6132831962612,-6.88931389018147));
#2151=CARTESIAN_POINT('Ctrl Pts',(8.66498089187963,37.502455919252,-5.24768410626432));
#2152=CARTESIAN_POINT('Ctrl Pts',(8.25496174849583,37.3916286655223,-3.45067640735617));
#2153=CARTESIAN_POINT('Ctrl Pts',(6.78777148462783,37.280801809877,-2.33503895628765));
#2154=CARTESIAN_POINT('Ctrl Pts',(4.94658737294524,37.1699763603746,-2.4201945058003));
#2155=CARTESIAN_POINT('Ctrl Pts',(3.5886383695205,37.0591496789216,-3.6664926673172));
#2156=CARTESIAN_POINT('Ctrl Pts',(3.34623584786289,36.9483223817512,-5.49367348848851));
#2157=CARTESIAN_POINT('Ctrl Pts',(4.33226621857811,36.8374952198223,-7.05094035463732));
#2158=CARTESIAN_POINT('Ctrl Pts',(6.08758305565798,36.7266687411341,-7.6131971323321));
#2159=CARTESIAN_POINT('Ctrl Pts',(7.79488309806402,36.6158432717882,-6.91868980878497));
#2160=CARTESIAN_POINT('Ctrl Pts',(8.65926536027193,36.5050160676749,-5.29075726575116));
#2161=CARTESIAN_POINT('Ctrl Pts',(8.27820801131362,36.3941888707907,-3.4873870482456));
#2162=CARTESIAN_POINT('Ctrl Pts',(6.82914784264667,36.2833617050874,-2.34828717657705));
#2163=CARTESIAN_POINT('Ctrl Pts',(4.9868281435207,36.1725360705717,-2.40383126281037));
#2164=CARTESIAN_POINT('Ctrl Pts',(3.60901932627342,36.0617098412468,-3.62810761568351));
#2165=CARTESIAN_POINT('Ctrl Pts',(3.33724936109376,35.9508825553903,-5.45118327614076));
#2166=CARTESIAN_POINT('Ctrl Pts',(4.29811316043647,35.8400552813611,-7.02404412509829));
#2167=CARTESIAN_POINT('Ctrl Pts',(6.04414424735972,35.7292285921484,-7.61460374488342));
#2168=CARTESIAN_POINT('Ctrl Pts',(7.76243245493267,35.6184031220634,-6.94734421506558));
#2169=CARTESIAN_POINT('Ctrl Pts',(8.65279832445362,35.507576327907,-5.33415443510866));
#2170=CARTESIAN_POINT('Ctrl Pts',(8.30097604036842,35.3967489545846,-3.52359230286701));
#2171=CARTESIAN_POINT('Ctrl Pts',(7.0289847692886,35.2982360468261,-2.49308398197866));
#2172=CARTESIAN_POINT('Ctrl Pts',(5.64930339134023,35.2120381970806,-2.35465447764406));
#2173=CARTESIAN_POINT('Ctrl Pts',(4.53870088928711,35.138153940116,-2.77427788952028));
#2174=CARTESIAN_POINT('Ctrl Pts',(3.73408503033248,35.0642687259543,-3.64876340007043));
#2175=CARTESIAN_POINT('Ctrl Pts',(3.40532850867594,34.9903847248532,-4.79005186526171));
#2176=CARTESIAN_POINT('Ctrl Pts',(3.62300947162507,34.9165003652855,-5.95780597549109));
#2177=CARTESIAN_POINT('Ctrl Pts',(4.34064307285231,34.8426159901729,-6.90501544642833));
#2178=CARTESIAN_POINT('Ctrl Pts',(5.40509889734675,34.7687311221457,-7.42980614195449));
#2179=CARTESIAN_POINT('Ctrl Pts',(6.59507607345301,34.6948473911213,-7.42380250454796));
#2180=CARTESIAN_POINT('Ctrl Pts',(7.64959210528486,34.6209617781489,-6.88383669625377));
#2181=CARTESIAN_POINT('Ctrl Pts',(8.60280196743189,34.5224527061384,-5.61377777513449));
#2182=CARTESIAN_POINT('Ctrl Pts',(8.47788547610184,34.3993098175265,-3.47503785423069));
#2183=CARTESIAN_POINT('Ctrl Pts',(6.32290185787551,34.2515419701334,-2.0549914716818));
#2184=CARTESIAN_POINT('Ctrl Pts',(3.89940106940944,34.1037727147672,-2.9295920772121));
#2185=CARTESIAN_POINT('Ctrl Pts',(3.14606085330554,33.9560037756144,-5.39701981448005));
#2186=CARTESIAN_POINT('Ctrl Pts',(4.41651891559713,33.8328635171068,-7.12506738823808));
#2187=CARTESIAN_POINT('Ctrl Pts',(5.95856816364883,33.7343501842678,-7.49159830001802));
#2188=CARTESIAN_POINT('Ctrl Pts',(7.50716833241777,33.6358385215941,-7.15579441475375));
#2189=CARTESIAN_POINT('Ctrl Pts',(8.81332646225575,33.5126968117114,-5.45557355105061));
#2190=CARTESIAN_POINT('Ctrl Pts',(8.10785073112321,33.3649287814385,-2.96939848686818));
#2191=CARTESIAN_POINT('Ctrl Pts',(6.10698822162643,33.2417870236081,-2.20701966328538));
#2192=CARTESIAN_POINT('Ctrl Pts',(4.60834373035245,33.1432754978298,-2.73227231718774));
#2193=CARTESIAN_POINT('Ctrl Pts',(3.77561361441748,33.0693902643198,-3.57517199533366));
#2194=CARTESIAN_POINT('Ctrl Pts',(3.41109269729476,32.995505962025,-4.70776753419116));
#2195=CARTESIAN_POINT('Ctrl Pts',(3.59036561329617,32.9216220403649,-5.88117066380167));
#2196=CARTESIAN_POINT('Ctrl Pts',(4.27728646526506,32.8477372150685,-6.85074089420935));
#2197=CARTESIAN_POINT('Ctrl Pts',(5.32491443727632,32.7738524554165,-7.41050404877128));
#2198=CARTESIAN_POINT('Ctrl Pts',(6.51241626722263,32.6999685782332,-7.44113942725411));
#2199=CARTESIAN_POINT('Ctrl Pts',(7.58830914590676,32.6260841116503,-6.93773121037325));
#2200=CARTESIAN_POINT('Ctrl Pts',(8.32420345531417,32.5521987795145,-6.00516802276782));
#2201=CARTESIAN_POINT('Ctrl Pts',(8.56569398358669,32.4783158536827,-4.84224126463827));
#2202=CARTESIAN_POINT('Ctrl Pts',(8.25999608385793,32.4044303918142,-3.69420461348882));
#2203=CARTESIAN_POINT('Ctrl Pts',(7.47317398304301,32.3305461839135,-2.80423514231137));
#2204=CARTESIAN_POINT('Ctrl Pts',(6.37101547602515,32.2566615448944,-2.36139711123034));
#2205=CARTESIAN_POINT('Ctrl Pts',(5.18703475526556,32.182777762742,-2.45801301227935));
#2206=CARTESIAN_POINT('Ctrl Pts',(4.17216382650294,32.1088924693591,-3.07534018354161));
#2207=CARTESIAN_POINT('Ctrl Pts',(3.54029910999411,32.0350081979416,-4.08125626317644));
#2208=CARTESIAN_POINT('Ctrl Pts',(3.42649305880254,31.9611243375279,-5.26354626690574));
#2209=CARTESIAN_POINT('Ctrl Pts',(3.85368756696947,31.8872393116505,-6.37242827088341));
#2210=CARTESIAN_POINT('Ctrl Pts',(4.73159772290191,31.8133547765209,-7.17117410003189));
#2211=CARTESIAN_POINT('Ctrl Pts',(5.87671776556296,31.7394709600069,-7.49492244494223));
#2212=CARTESIAN_POINT('Ctrl Pts',(7.03941514956609,31.6655861701029,-7.26738767326561));
#2213=CARTESIAN_POINT('Ctrl Pts',(8.3071465459782,31.5670733015451,-6.31188837056426));
#2214=CARTESIAN_POINT('Ctrl Pts',(8.77818370566475,31.4439331811596,-4.21889070610322));
#2215=CARTESIAN_POINT('Ctrl Pts',(7.38124418072911,31.3207916025192,-2.59065879092291));
#2216=CARTESIAN_POINT('Ctrl Pts',(5.81357850180863,31.2222799510777,-2.34065800752739));
#2217=CARTESIAN_POINT('Ctrl Pts',(4.67981619182624,31.148394583714,-2.68450856070791));
#2218=CARTESIAN_POINT('Ctrl Pts',(3.8199282428667,31.0745105770812,-3.50714160868816));
#2219=CARTESIAN_POINT('Ctrl Pts',(3.4186951833437,31.000626549906,-4.62414479076367));
#2220=CARTESIAN_POINT('Ctrl Pts',(3.56094132741629,30.9267414898307,-5.80393631645726));
#2221=CARTESIAN_POINT('Ctrl Pts',(4.21553983726711,30.8528569867058,-6.79503045221928));
#2222=CARTESIAN_POINT('Ctrl Pts',(5.24506557844872,30.778973010019,-7.387663925935));
#2223=CARTESIAN_POINT('Ctrl Pts',(6.43100589452035,30.7050888545999,-7.45709164276021));
#2224=CARTESIAN_POINT('Ctrl Pts',(7.52207499888693,30.6312034773645,-6.98800844161751));
#2225=CARTESIAN_POINT('Ctrl Pts',(8.28845243359846,30.5573198953846,-6.07975867099682));
#2226=CARTESIAN_POINT('Ctrl Pts',(8.5660451716325,30.4834351855242,-4.92583032013057));
#2227=CARTESIAN_POINT('Ctrl Pts',(8.29865524702775,30.4095501676101,-3.76621149668556));
#2228=CARTESIAN_POINT('Ctrl Pts',(7.53960080426471,30.3356663844648,-2.85659660152146));
#2229=CARTESIAN_POINT('Ctrl Pts',(6.091868475032,30.2371534645432,-2.20524146703565));
#2230=CARTESIAN_POINT('Ctrl Pts',(4.03057634993774,30.114012877357,-2.79977613979642));
#2231=CARTESIAN_POINT('Ctrl Pts',(3.27563697874694,29.99087213638,-4.8078909968661));
#2232=CARTESIAN_POINT('Ctrl Pts',(3.81114825244509,29.8923593712829,-6.30243244909762));
#2233=CARTESIAN_POINT('Ctrl Pts',(4.65795345046111,29.8184752761258,-7.13055018893764));
#2234=CARTESIAN_POINT('Ctrl Pts',(5.79323490882663,29.7445907538659,-7.48855238037954));
#2235=CARTESIAN_POINT('Ctrl Pts',(6.96538831402907,29.6707058992289,-7.3025555815588));
#2236=CARTESIAN_POINT('Ctrl Pts',(7.93103203354168,29.5968220618288,-6.61001620764574));
#2237=CARTESIAN_POINT('Ctrl Pts',(8.48472353295966,29.522937379721,-5.55923404647351));
#2238=CARTESIAN_POINT('Ctrl Pts',(8.5085718536906,29.449052423586,-4.37150299711838));
#2239=CARTESIAN_POINT('Ctrl Pts',(7.99888694863342,29.3751688680028,-3.29865731702551));
#2240=CARTESIAN_POINT('Ctrl Pts',(7.06226031443449,29.3012842736144,-2.56797053898399));
#2241=CARTESIAN_POINT('Ctrl Pts',(5.89777435122054,29.2273991104918,-2.33321509269225));
#2242=CARTESIAN_POINT('Ctrl Pts',(4.75171835622735,29.1535151043063,-2.64567844106914));
#2243=CARTESIAN_POINT('Ctrl Pts',(3.86614382508085,29.0796311397627,-3.43733678326249));
#2244=CARTESIAN_POINT('Ctrl Pts',(3.42969760694666,29.0057456223579,-4.54223063906527));
#2245=CARTESIAN_POINT('Ctrl Pts',(3.53319993521453,28.93186222531,-5.72545513664878));
#2246=CARTESIAN_POINT('Ctrl Pts',(4.15617959440746,28.8579771229193,-6.7369854799999));
#2247=CARTESIAN_POINT('Ctrl Pts',(5.16585299857008,28.7840930575216,-7.36288337701914));
#2248=CARTESIAN_POINT('Ctrl Pts',(6.34881326860376,28.7102081014607,-7.469889991983));
#2249=CARTESIAN_POINT('Ctrl Pts',(7.45491040041976,28.6363244491199,-7.03658108871781));
#2250=CARTESIAN_POINT('Ctrl Pts',(8.24924438808202,28.5624394238063,-6.15351363719715));
#2251=CARTESIAN_POINT('Ctrl Pts',(8.56487891889635,28.4885547784335,-5.00791792153742));
#2252=CARTESIAN_POINT('Ctrl Pts',(8.33378599050904,28.4146708930279,-3.84367133072695));
#2253=CARTESIAN_POINT('Ctrl Pts',(7.6053145417343,28.3407863729954,-2.90281188297095));
#2254=CARTESIAN_POINT('Ctrl Pts',(6.53528415486801,28.2669013399673,-2.39418172977265));
#2255=CARTESIAN_POINT('Ctrl Pts',(4.94736586653043,28.1683896734157,-2.41007316207162));
#2256=CARTESIAN_POINT('Ctrl Pts',(3.32572859793687,28.0452481538026,-3.81008469948529));
#2257=CARTESIAN_POINT('Ctrl Pts',(3.50929680075543,27.8974796711363,-6.38435921952321));
#2258=CARTESIAN_POINT('Ctrl Pts',(5.67759975417829,27.7497106100731,-7.77600945392095));
#2259=CARTESIAN_POINT('Ctrl Pts',(8.09431418523299,27.60194173775,-6.87328021846584));
#2260=CARTESIAN_POINT('Ctrl Pts',(8.69325998887663,27.4788011323897,-4.81359854322448));
#2261=CARTESIAN_POINT('Ctrl Pts',(8.04618793308108,27.3802884576249,-3.36694320317164));
#2262=CARTESIAN_POINT('Ctrl Pts',(6.837911308444,27.2817756799335,-2.34123904224654));
#2263=CARTESIAN_POINT('Ctrl Pts',(4.69336421892673,27.1586351942949,-2.3406176002926));
#2264=CARTESIAN_POINT('Ctrl Pts',(3.15016234341609,27.0108661867248,-4.40868579925723));
#2265=CARTESIAN_POINT('Ctrl Pts',(3.88210308393749,26.8630973325877,-6.87949785134971));
#2266=CARTESIAN_POINT('Ctrl Pts',(6.29870018710292,26.7153284569893,-7.77543804743656));
#2267=CARTESIAN_POINT('Ctrl Pts',(8.46391153044886,26.5675595554416,-6.37631652719752));
#2268=CARTESIAN_POINT('Ctrl Pts',(8.64068724179847,26.4197906652011,-3.80489711746389));
#2269=CARTESIAN_POINT('Ctrl Pts',(6.68768164583151,26.2720218008068,-2.12269350893513));
#2270=CARTESIAN_POINT('Ctrl Pts',(4.17076159927072,26.1242528788333,-2.67879229389587));
#2271=CARTESIAN_POINT('Ctrl Pts',(3.10819591677665,25.9764840285386,-5.02721189098214));
#2272=CARTESIAN_POINT('Ctrl Pts',(4.35208555766336,25.8287151249136,-7.28481817097542));
#2273=CARTESIAN_POINT('Ctrl Pts',(6.90478356109323,25.6809462277476,-7.64144582143017));
#2274=CARTESIAN_POINT('Ctrl Pts',(8.71985946654319,25.5331773625628,-5.81082693607729));
#2275=CARTESIAN_POINT('Ctrl Pts',(8.34085732787234,25.3854084755518,-3.26150807897695));
#2276=CARTESIAN_POINT('Ctrl Pts',(6.07377247074467,25.2376395368025,-2.03636984060962));
#2277=CARTESIAN_POINT('Ctrl Pts',(3.7322007692684,25.0898707916624,-3.12053456352941));
#2278=CARTESIAN_POINT('Ctrl Pts',(3.29111580559644,24.9667297523575,-5.21923933978386));
#2279=CARTESIAN_POINT('Ctrl Pts',(4.04596685429442,24.8682174579795,-6.61285932769855));
#2280=CARTESIAN_POINT('Ctrl Pts',(5.32833040502139,24.7697047460609,-7.54401620479988));
#2281=CARTESIAN_POINT('Ctrl Pts',(7.46721749155667,24.6465640671955,-7.38213048827464));
#2282=CARTESIAN_POINT('Ctrl Pts',(8.84834025658942,24.4987950782886,-5.20315953846476));
#2283=CARTESIAN_POINT('Ctrl Pts',(7.93312081738088,24.3510263776186,-2.79471419844302));
#2284=CARTESIAN_POINT('Ctrl Pts',(5.45184224982503,24.2032571568818,-2.08488667089388));
#2285=CARTESIAN_POINT('Ctrl Pts',(3.74785703719631,24.0801170307207,-3.3833850503036));
#2286=CARTESIAN_POINT('Ctrl Pts',(3.40524993901352,23.9816036564213,-4.93401299394887));
#2287=CARTESIAN_POINT('Ctrl Pts',(3.68259155225931,23.9077198263041,-6.08583535004061));
#2288=CARTESIAN_POINT('Ctrl Pts',(4.45323071314044,23.8338354343519,-6.99248810574037));
#2289=CARTESIAN_POINT('Ctrl Pts',(5.54494031591698,23.7599502778213,-7.45840174714511));
#2290=CARTESIAN_POINT('Ctrl Pts',(6.73099615056118,23.6860664661782,-7.38560663748645));
#2291=CARTESIAN_POINT('Ctrl Pts',(7.75864528186519,23.612182294447,-6.78983978763726));
#2292=CARTESIAN_POINT('Ctrl Pts',(8.41057917152496,23.5382970129955,-5.79711556079233));
#2293=CARTESIAN_POINT('Ctrl Pts',(8.54942231132202,23.4644128194681,-4.61685391715256));
#2294=CARTESIAN_POINT('Ctrl Pts',(8.14507071220187,23.3905289409527,-3.5010372218371));
#2295=CARTESIAN_POINT('Ctrl Pts',(7.28282429085211,23.3166437667549,-2.6808122691396));
#2296=CARTESIAN_POINT('Ctrl Pts',(6.14812329697101,23.242759453788,-2.34018878019119));
#2297=CARTESIAN_POINT('Ctrl Pts',(4.58114084627597,23.1442473937941,-2.59461942466678));
#2298=CARTESIAN_POINT('Ctrl Pts',(3.1888748202859,23.0211058330018,-4.22679973706741));
#2299=CARTESIAN_POINT('Ctrl Pts',(3.66572855647956,22.8979661176758,-6.31845826561574));
#2300=CARTESIAN_POINT('Ctrl Pts',(4.93629596512882,22.7994524568238,-7.27036131142909));
#2301=CARTESIAN_POINT('Ctrl Pts',(6.09928645656018,22.7255690227718,-7.4946228685941));
#2302=CARTESIAN_POINT('Ctrl Pts',(7.24388310135279,22.6516843772711,-7.16762305546992));
#2303=CARTESIAN_POINT('Ctrl Pts',(8.1194250313607,22.5777991967953,-6.36638618747854));
#2304=CARTESIAN_POINT('Ctrl Pts',(8.54345725567456,22.5039151314803,-5.25630338298445));
#2305=CARTESIAN_POINT('Ctrl Pts',(8.4263168146877,22.4300312642582,-4.07436992067195));
#2306=CARTESIAN_POINT('Ctrl Pts',(7.79158914463312,22.3561458003735,-3.07017150629111));
#2307=CARTESIAN_POINT('Ctrl Pts',(6.77499810800249,22.2822622524429,-2.45589432071146));
#2308=CARTESIAN_POINT('Ctrl Pts',(5.59073765933793,22.2083771440054,-2.36234465459739));
#2309=CARTESIAN_POINT('Ctrl Pts',(4.48975160663046,22.1344933062019,-2.80852121095296));
#2310=CARTESIAN_POINT('Ctrl Pts',(3.70564770899461,22.0606080899492,-3.70071017825268));
#2311=CARTESIAN_POINT('Ctrl Pts',(3.40308362565963,21.9867245126642,-4.84945607156548));
#2312=CARTESIAN_POINT('Ctrl Pts',(3.64783975057692,21.9128396540687,-6.01183622345054));
#2313=CARTESIAN_POINT('Ctrl Pts',(4.38641420769788,21.8389548412365,-6.94222930003667));
#2314=CARTESIAN_POINT('Ctrl Pts',(5.46362020182754,21.7650708832954,-7.44267558810819));
#2315=CARTESIAN_POINT('Ctrl Pts',(6.65138556973626,21.6911866212049,-7.40848793345181));
#2316=CARTESIAN_POINT('Ctrl Pts',(7.69671191741562,21.6173013947351,-6.84613566929951));
#2317=CARTESIAN_POINT('Ctrl Pts',(8.38254782339683,21.5434175388349,-5.87376304802454));
#2318=CARTESIAN_POINT('Ctrl Pts',(8.55506674563217,21.4695332714116,-4.70168071519942));
#2319=CARTESIAN_POINT('Ctrl Pts',(8.07412436178424,21.3710199402382,-3.1880840902409));
#2320=CARTESIAN_POINT('Ctrl Pts',(6.26033059166656,21.2478798763221,-2.04864530213783));
#2321=CARTESIAN_POINT('Ctrl Pts',(3.85264667374024,21.100110647426,-2.97838822455605));
#2322=CARTESIAN_POINT('Ctrl Pts',(3.15884437170745,20.9523418887028,-5.4607457965068));
#2323=CARTESIAN_POINT('Ctrl Pts',(4.72896079105947,20.8045730199543,-7.50389321890569));
#2324=CARTESIAN_POINT('Ctrl Pts',(7.30614748797595,20.6568039718775,-7.47180165105197));
#2325=CARTESIAN_POINT('Ctrl Pts',(8.82462502981745,20.5090354489791,-5.38567334931584));
#2326=CARTESIAN_POINT('Ctrl Pts',(8.18943960129482,20.3858940242006,-3.33737641387177));
#2327=CARTESIAN_POINT('Ctrl Pts',(6.85205864318949,20.287382267848,-2.48680149211738));
#2328=CARTESIAN_POINT('Ctrl Pts',(5.27871164841775,20.1888687798587,-2.2968595407175));
#2329=CARTESIAN_POINT('Ctrl Pts',(3.48856089655366,20.0657288221861,-3.47855413162143));
#2330=CARTESIAN_POINT('Ctrl Pts',(3.34151755510448,19.9179595244644,-6.05416845928434));
#2331=CARTESIAN_POINT('Ctrl Pts',(5.3125462542049,19.7701908297205,-7.71346955947081));
#2332=CARTESIAN_POINT('Ctrl Pts',(7.82582594151698,19.6224218766352,-7.1269343929868));
#2333=CARTESIAN_POINT('Ctrl Pts',(8.68318523164537,19.4992810991255,-5.16361162993968));
#2334=CARTESIAN_POINT('Ctrl Pts',(8.22840456820885,19.4007684863858,-3.642113152666));
#2335=CARTESIAN_POINT('Ctrl Pts',(7.42588767780929,19.3268845878917,-2.77056842516617));
#2336=CARTESIAN_POINT('Ctrl Pts',(6.3115743963385,19.2529992568965,-2.3531667695751));
#2337=CARTESIAN_POINT('Ctrl Pts',(5.1310825778311,19.1791151479312,-2.4770190438931));
#2338=CARTESIAN_POINT('Ctrl Pts',(4.13024047066894,19.1052312256805,-3.11751798286171));
#2339=CARTESIAN_POINT('Ctrl Pts',(3.52180034274497,19.0313460194447,-4.13769934899458));
#2340=CARTESIAN_POINT('Ctrl Pts',(3.43528851185706,18.9574617704296,-5.32233561648168));
#2341=CARTESIAN_POINT('Ctrl Pts',(3.88754107256821,18.8835777209428,-6.42099875553092));
#2342=CARTESIAN_POINT('Ctrl Pts',(4.78431410420724,18.8096931017764,-7.19948825734471));
#2343=CARTESIAN_POINT('Ctrl Pts',(6.06272003593087,18.7275982533057,-7.52944394585985));
#2344=CARTESIAN_POINT('Ctrl Pts',(7.4829759022827,18.6372977026915,-7.10650650685821));
#2345=CARTESIAN_POINT('Ctrl Pts',(8.47751253521544,18.5387823817483,-5.82952575743152));
#2346=CARTESIAN_POINT('Ctrl Pts',(8.54563656052332,18.4402711829432,-4.21394380919721));
#2347=CARTESIAN_POINT('Ctrl Pts',(7.66433937139031,18.341758313426,-2.85738255394865));
#2348=CARTESIAN_POINT('Ctrl Pts',(6.15969707138925,18.2432444539995,-2.26448098021562));
#2349=CARTESIAN_POINT('Ctrl Pts',(4.58937119131163,18.1447345193486,-2.65406235562584));
#2350=CARTESIAN_POINT('Ctrl Pts',(3.53774205568776,18.0462186336242,-3.88290782944202));
#2351=CARTESIAN_POINT('Ctrl Pts',(3.39317024779626,17.9477097530433,-5.49386745788124));
#2352=CARTESIAN_POINT('Ctrl Pts',(4.21026342486134,17.8491943240056,-6.88976147361969));
#2353=CARTESIAN_POINT('Ctrl Pts',(5.68603809872294,17.7506823838342,-7.55263750534147));
#2354=CARTESIAN_POINT('Ctrl Pts',(7.2717031092711,17.6521713265869,-7.23623105308927));
#2355=CARTESIAN_POINT('Ctrl Pts',(8.42786419783506,17.5495510884117,-6.00954888426339));
#2356=CARTESIAN_POINT('Ctrl Pts',(8.60149297257941,17.4428313384607,-4.24394612360142));
#2357=CARTESIAN_POINT('Ctrl Pts',(7.5618563565652,17.3320046753836,-2.7212112437072));
#2358=CARTESIAN_POINT('Ctrl Pts',(5.78842091102019,17.2211777020357,-2.22001213808413));
#2359=CARTESIAN_POINT('Ctrl Pts',(4.10595043209054,17.110350304721,-2.97293429542809));
#2360=CARTESIAN_POINT('Ctrl Pts',(3.29833498401906,16.9995235110851,-4.62977322692924));
#2361=CARTESIAN_POINT('Ctrl Pts',(3.7413430205181,16.8886980349282,-6.41886544534603));
#2362=CARTESIAN_POINT('Ctrl Pts',(5.22882306326809,16.7778713580656,-7.50732689443757));
#2363=CARTESIAN_POINT('Ctrl Pts',(7.0681584098867,16.6670440828381,-7.38827459231729));
#2364=CARTESIAN_POINT('Ctrl Pts',(8.40291434307593,16.5562167954811,-6.11714570128877));
#2365=CARTESIAN_POINT('Ctrl Pts',(8.61159487268108,16.4453905578693,-4.2858314434989));
#2366=CARTESIAN_POINT('Ctrl Pts',(7.59708148313803,16.3345649232875,-2.74700692484745));
#2367=CARTESIAN_POINT('Ctrl Pts',(5.8317028795642,16.2237377788171,-2.21714189644723));
#2368=CARTESIAN_POINT('Ctrl Pts',(4.13745189328364,16.1129105450691,-2.94299857692926));
#2369=CARTESIAN_POINT('Ctrl Pts',(3.30323315870068,16.002083393387,-4.58659123989101));
#2370=CARTESIAN_POINT('Ctrl Pts',(3.71744063000422,15.8912577465404,-6.38260194498956));
#2371=CARTESIAN_POINT('Ctrl Pts',(5.18720399582083,15.7804315282428,-7.49482955463979));
#2372=CARTESIAN_POINT('Ctrl Pts',(7.02822002769536,15.6696042374332,-7.40538765789033));
#2373=CARTESIAN_POINT('Ctrl Pts',(8.38325102907011,15.5587769715448,-6.15589131631756));
#2374=CARTESIAN_POINT('Ctrl Pts',(8.62135932617206,15.4479502627284,-4.32816366108696));
#2375=CARTESIAN_POINT('Ctrl Pts',(7.63172417788406,15.3371248228892,-2.77322534972649));
#2376=CARTESIAN_POINT('Ctrl Pts',(5.87510258266471,15.2262979717966,-2.21503612242513));
#2377=CARTESIAN_POINT('Ctrl Pts',(4.16939492316071,15.1154707205166,-2.91354137443801));
#2378=CARTESIAN_POINT('Ctrl Pts',(3.30884166994755,15.0046434382574,-4.54350815461206));
#2379=CARTESIAN_POINT('Ctrl Pts',(3.69411773457241,14.8938173928007,-6.34595015833284));
#2380=CARTESIAN_POINT('Ctrl Pts',(5.14579202036839,14.7829916114444,-7.48167334181057));
#2381=CARTESIAN_POINT('Ctrl Pts',(6.98801916244566,14.6721644179701,-7.42184295474819));
#2382=CARTESIAN_POINT('Ctrl Pts',(8.36294636558635,14.5613371379401,-6.19433843368807));
#2383=CARTESIAN_POINT('Ctrl Pts',(8.6304856753689,14.4505101691766,-4.37060379696492));
#2384=CARTESIAN_POINT('Ctrl Pts',(7.66585092755123,14.3396844425245,-2.80008902866319));
#2385=CARTESIAN_POINT('Ctrl Pts',(5.91872025374669,14.2288584333114,-2.21343522029552));
#2386=CARTESIAN_POINT('Ctrl Pts',(4.50249556041753,14.1374589391765,-2.76728374211481));
#2387=CARTESIAN_POINT('Ctrl Pts',(3.96021932336944,14.0830034214517,-3.43878837236163));
#2388=CARTESIAN_POINT('Ctrl Pts',(3.82421023369383,14.0654896665284,-3.67686140630915));
#2389=CARTESIAN_POINT('Ctrl Pts',(3.4254236182912,13.9,-4.5096929106623));
#2390=CARTESIAN_POINT('Ctrl Pts',(3.4806954460481,13.9594784929856,-4.30415392442477));
#2391=CARTESIAN_POINT('Ctrl Pts',(3.59165688561207,14.0156398723959,-3.99371663352451));
#2392=CARTESIAN_POINT('Ctrl Pts',(3.82290270443193,14.0654895390046,-3.67664377746913));
#2393=CARTESIAN_POINT('Ctrl Pts',(4.33308409989437,38.6831421227956,-3.04955641047593));
#2394=CARTESIAN_POINT('Ctrl Pts',(3.90105191645955,38.6462624470176,-3.43222253432016));
#2395=CARTESIAN_POINT('Ctrl Pts',(3.31471112908317,38.5725030954617,-4.50771895862091));
#2396=CARTESIAN_POINT('Ctrl Pts',(3.67451578330966,38.4618640681277,-6.31291448586671));
#2397=CARTESIAN_POINT('Ctrl Pts',(5.10633563895969,38.3512250407939,-7.46741702076261));
#2398=CARTESIAN_POINT('Ctrl Pts',(6.94572700380187,38.2405860134599,-7.43758299597654));
#2399=CARTESIAN_POINT('Ctrl Pts',(8.33899794790538,38.129946986126,-6.2361780179468));
#2400=CARTESIAN_POINT('Ctrl Pts',(8.63952476297841,38.0193079587922,-4.4213280843536));
#2401=CARTESIAN_POINT('Ctrl Pts',(7.7078525206935,37.9086689314582,-2.83504045220247));
#2402=CARTESIAN_POINT('Ctrl Pts',(5.97632353642845,37.7980299041244,-2.21364131475996));
#2403=CARTESIAN_POINT('Ctrl Pts',(4.24865286307252,37.6873908767903,-2.84549600838748));
#2404=CARTESIAN_POINT('Ctrl Pts',(3.32645471469305,37.5767518494565,-4.43730596855734));
#2405=CARTESIAN_POINT('Ctrl Pts',(3.63812655911709,37.4661128221226,-6.25046131622374));
#2406=CARTESIAN_POINT('Ctrl Pts',(5.03823872561914,37.3554737947886,-7.44313507640647));
#2407=CARTESIAN_POINT('Ctrl Pts',(6.87852738086384,37.2448347674548,-7.46247169220845));
#2408=CARTESIAN_POINT('Ctrl Pts',(8.06455127390743,37.1526355780098,-6.49216974702629));
#2409=CARTESIAN_POINT('Ctrl Pts',(8.47821140461296,37.0788762264539,-5.39565217676516));
#2410=CARTESIAN_POINT('Ctrl Pts',(8.50264715789052,37.0051168748979,-4.22395775819099));
#2411=CARTESIAN_POINT('Ctrl Pts',(7.76327088917848,36.9129176854531,-2.88177213010089));
#2412=CARTESIAN_POINT('Ctrl Pts',(6.04814819050317,36.8022786581191,-2.21439640850885));
#2413=CARTESIAN_POINT('Ctrl Pts',(4.30459210894912,36.6916396307853,-2.79988187913086));
#2414=CARTESIAN_POINT('Ctrl Pts',(3.34011901618697,36.5810006034513,-4.36655803484702));
#2415=CARTESIAN_POINT('Ctrl Pts',(3.60319895703367,36.4703615761174,-6.18729382940221));
#2416=CARTESIAN_POINT('Ctrl Pts',(4.97129630383521,36.3597225487835,-7.41709474527575));
#2417=CARTESIAN_POINT('Ctrl Pts',(6.80969757563922,36.2490835214496,-7.4851912577801));
#2418=CARTESIAN_POINT('Ctrl Pts',(8.26507389377443,36.1384444941156,-6.35999472359942));
#2419=CARTESIAN_POINT('Ctrl Pts',(8.66204254442835,36.0278054667818,-4.56368979367059));
#2420=CARTESIAN_POINT('Ctrl Pts',(7.81632937394673,35.9171664394478,-2.9299941342301));
#2421=CARTESIAN_POINT('Ctrl Pts',(6.12046588684283,35.806527412114,-2.21702883326599));
#2422=CARTESIAN_POINT('Ctrl Pts',(4.36147035164435,35.69588838478,-2.75584790252191));
#2423=CARTESIAN_POINT('Ctrl Pts',(3.35576628646458,35.5852493574461,-4.2960656742056));
#2424=CARTESIAN_POINT('Ctrl Pts',(3.56998413709669,35.4746103301122,-6.12347618746923));
#2425=CARTESIAN_POINT('Ctrl Pts',(4.90493745504431,35.3639713027783,-7.38877106149338));
#2426=CARTESIAN_POINT('Ctrl Pts',(6.7406144331972,35.2533322754444,-7.50707049220042));
#2427=CARTESIAN_POINT('Ctrl Pts',(8.06093741376204,35.1549864733698,-6.53962524781774));
#2428=CARTESIAN_POINT('Ctrl Pts',(8.54122963428359,35.0689338965546,-5.2452807645215));
#2429=CARTESIAN_POINT('Ctrl Pts',(8.39029558380594,34.97058809448,-3.6679803498599));
#2430=CARTESIAN_POINT('Ctrl Pts',(6.8609524469035,34.8476558418867,-2.17403680097412));
#2431=CARTESIAN_POINT('Ctrl Pts',(4.3166562937503,34.7001371387749,-2.56831547856185));
#2432=CARTESIAN_POINT('Ctrl Pts',(3.1082640702832,34.5526184356629,-4.84164140324453));
#2433=CARTESIAN_POINT('Ctrl Pts',(4.01832688741737,34.4296861830698,-6.77816663742058));
#2434=CARTESIAN_POINT('Ctrl Pts',(5.45692192041325,34.3313403809951,-7.43648045443273));
#2435=CARTESIAN_POINT('Ctrl Pts',(7.03797618538876,34.2329945789206,-7.40994077026932));
#2436=CARTESIAN_POINT('Ctrl Pts',(8.64883492216806,34.1100623263273,-6.00133645615474));
#2437=CARTESIAN_POINT('Ctrl Pts',(8.4521783359964,33.9625436232155,-3.43314465008031));
#2438=CARTESIAN_POINT('Ctrl Pts',(6.28155676100205,33.8150249201036,-2.05397841942694));
#2439=CARTESIAN_POINT('Ctrl Pts',(3.87511915101546,33.6675062169917,-2.95590673087309));
#2440=CARTESIAN_POINT('Ctrl Pts',(3.15343826046752,33.5199875138798,-5.42983636382796));
#2441=CARTESIAN_POINT('Ctrl Pts',(4.56721754796517,33.3847620360273,-7.30909675348113));
#2442=CARTESIAN_POINT('Ctrl Pts',(6.60311657909708,33.2618297834341,-7.54068788990264));
#2443=CARTESIAN_POINT('Ctrl Pts',(8.14117764639085,33.1511907561001,-6.53899141736635));
#2444=CARTESIAN_POINT('Ctrl Pts',(8.68195033305265,33.0405517287662,-4.77841745221033));
#2445=CARTESIAN_POINT('Ctrl Pts',(7.968943429901,32.9299127014323,-3.08320423161534));
#2446=CARTESIAN_POINT('Ctrl Pts',(6.33591171417746,32.8192736740984,-2.23641707965279));
#2447=CARTESIAN_POINT('Ctrl Pts',(4.53927138130189,32.7086346467645,-2.63295197258486));
#2448=CARTESIAN_POINT('Ctrl Pts',(3.41364692555576,32.5979956194306,-4.08780451629154));
#2449=CARTESIAN_POINT('Ctrl Pts',(3.48097261332022,32.4873565920967,-5.92625770972817));
#2450=CARTESIAN_POINT('Ctrl Pts',(4.71036957354754,32.3767175647627,-7.29485172649884));
#2451=CARTESIAN_POINT('Ctrl Pts',(6.53083978411182,32.2660785374289,-7.5584824729048));
#2452=CARTESIAN_POINT('Ctrl Pts',(8.09818202714397,32.1554395100949,-6.59485910233104));
#2453=CARTESIAN_POINT('Ctrl Pts',(8.68372586903694,32.044800482761,-4.85098614139361));
#2454=CARTESIAN_POINT('Ctrl Pts',(8.01812537758401,31.9341614554271,-3.13667584646047));
#2455=CARTESIAN_POINT('Ctrl Pts',(6.40563384078766,31.8235224280932,-2.24660586381473));
#2456=CARTESIAN_POINT('Ctrl Pts',(4.60363443572484,31.7128834007593,-2.59567706852595));
#2457=CARTESIAN_POINT('Ctrl Pts',(3.30076732474076,31.5899511481661,-4.17672849337606));
#2458=CARTESIAN_POINT('Ctrl Pts',(3.59063695709676,31.4547256703135,-6.51148973799692));
#2459=CARTESIAN_POINT('Ctrl Pts',(5.82862443304046,31.3072069672016,-7.7867847708749));
#2460=CARTESIAN_POINT('Ctrl Pts',(8.18655853987658,31.1596882640898,-6.76489118961677));
#2461=CARTESIAN_POINT('Ctrl Pts',(8.78776174568442,31.0121695609779,-4.2606862627827));
#2462=CARTESIAN_POINT('Ctrl Pts',(7.41799905356785,30.8892373083847,-2.61600303542096));
#2463=CARTESIAN_POINT('Ctrl Pts',(5.86109784560928,30.7908915063101,-2.34035612393552));
#2464=CARTESIAN_POINT('Ctrl Pts',(4.337244356183,30.6925457042355,-2.76275067144225));
#2465=CARTESIAN_POINT('Ctrl Pts',(3.13218886002963,30.5696134516423,-4.53188041502746));
#2466=CARTESIAN_POINT('Ctrl Pts',(3.96876837968345,30.4220947485304,-6.96712496173104));
#2467=CARTESIAN_POINT('Ctrl Pts',(6.41528192106149,30.2745760454185,-7.75800057170513));
#2468=CARTESIAN_POINT('Ctrl Pts',(8.51818244731745,30.1270573423066,-6.27695903202537));
#2469=CARTESIAN_POINT('Ctrl Pts',(8.59527587061526,29.9795386391948,-3.70611460172154));
#2470=CARTESIAN_POINT('Ctrl Pts',(6.58591902880677,29.8320199360829,-2.10014681209657));
#2471=CARTESIAN_POINT('Ctrl Pts',(4.09527259677224,29.684501232971,-2.74542660084075));
#2472=CARTESIAN_POINT('Ctrl Pts',(3.1143996133243,29.5369825298591,-5.12108711918583));
#2473=CARTESIAN_POINT('Ctrl Pts',(4.42962301228018,29.3894638267473,-7.33549837307636));
#2474=CARTESIAN_POINT('Ctrl Pts',(6.55774438395457,29.266531574154,-7.56214561068113));
#2475=CARTESIAN_POINT('Ctrl Pts',(7.86631107570559,29.1681857720794,-6.67393353254776));
#2476=CARTESIAN_POINT('Ctrl Pts',(8.66506981305356,29.0698399700048,-5.30901242070216));
#2477=CARTESIAN_POINT('Ctrl Pts',(8.29648040664547,28.9469077174116,-3.20051794633445));
#2478=CARTESIAN_POINT('Ctrl Pts',(5.99951106930558,28.7993890142997,-2.03675726075604));
#2479=CARTESIAN_POINT('Ctrl Pts',(3.69372111648792,28.6518703111879,-3.1744826877748));
#2480=CARTESIAN_POINT('Ctrl Pts',(3.21742533446805,28.5043516080759,-5.7018890857872));
#2481=CARTESIAN_POINT('Ctrl Pts',(4.95379521389637,28.3568329049641,-7.5998962831854));
#2482=CARTESIAN_POINT('Ctrl Pts',(7.51365868503133,28.2093142018522,-7.35076128704295));
#2483=CARTESIAN_POINT('Ctrl Pts',(8.85130701982423,28.0617954987403,-5.15384161418134));
#2484=CARTESIAN_POINT('Ctrl Pts',(7.89745354821477,27.9142767956285,-2.76529718592042));
#2485=CARTESIAN_POINT('Ctrl Pts',(5.41414654066219,27.7667580925165,-2.0940521904496));
#2486=CARTESIAN_POINT('Ctrl Pts',(3.38745868402891,27.6192393894047,-3.67746878839383));
#2487=CARTESIAN_POINT('Ctrl Pts',(3.43526826987846,27.4717206862928,-6.24823282556273));
#2488=CARTESIAN_POINT('Ctrl Pts',(5.52360230525707,27.3242019831809,-7.75458113401914));
#2489=CARTESIAN_POINT('Ctrl Pts',(7.56605830159111,27.2012697305877,-7.11408538582624));
#2490=CARTESIAN_POINT('Ctrl Pts',(8.41185057571185,27.1029239285131,-5.77783779185745));
#2491=CARTESIAN_POINT('Ctrl Pts',(8.60041758462931,27.0045781264385,-4.20760956971346));
#2492=CARTESIAN_POINT('Ctrl Pts',(7.42156776201114,26.8816458738453,-2.4209296398416));
#2493=CARTESIAN_POINT('Ctrl Pts',(4.85147095341769,26.7341271707335,-2.26918536872955));
#2494=CARTESIAN_POINT('Ctrl Pts',(3.18980642437327,26.5866084676215,-4.23216624408632));
#2495=CARTESIAN_POINT('Ctrl Pts',(3.76061794159026,26.4390897645097,-6.73881633860722));
#2496=CARTESIAN_POINT('Ctrl Pts',(6.11023031423769,26.2915710613978,-7.78854610407553));
#2497=CARTESIAN_POINT('Ctrl Pts',(8.35816586087864,26.1440523582859,-6.5389067925484));
#2498=CARTESIAN_POINT('Ctrl Pts',(8.70939341763773,25.9965336551741,-3.99123708192135));
#2499=CARTESIAN_POINT('Ctrl Pts',(6.88211169301131,25.8490149520621,-2.18065406059486));
#2500=CARTESIAN_POINT('Ctrl Pts',(4.33749846338069,25.7014962489503,-2.55541133376908));
#2501=CARTESIAN_POINT('Ctrl Pts',(3.10931058068994,25.5539775458384,-4.81493418341426));
#2502=CARTESIAN_POINT('Ctrl Pts',(4.17951217904822,25.4064588427266,-7.15452053321322));
#2503=CARTESIAN_POINT('Ctrl Pts',(6.69149271244573,25.2589401396146,-7.70229834855803));
#2504=CARTESIAN_POINT('Ctrl Pts',(8.63996957194076,25.1114214365028,-6.02176452878034));
#2505=CARTESIAN_POINT('Ctrl Pts',(8.46408347666433,24.9639027333909,-3.45569803393231));
#2506=CARTESIAN_POINT('Ctrl Pts',(6.30702961441028,24.816384030279,-2.055246946075));
#2507=CARTESIAN_POINT('Ctrl Pts',(3.89166582329272,24.6688653271671,-2.93998759147025));
#2508=CARTESIAN_POINT('Ctrl Pts',(3.14949240642654,24.5213466240552,-5.40260886948771));
#2509=CARTESIAN_POINT('Ctrl Pts',(4.67322106113901,24.3738279209434,-7.47470426838615));
#2510=CARTESIAN_POINT('Ctrl Pts',(7.24540321045356,24.2263092178315,-7.49984315524724));
#2511=CARTESIAN_POINT('Ctrl Pts',(8.80919600695437,24.0787905147196,-5.45810880345277));
#2512=CARTESIAN_POINT('Ctrl Pts',(8.11593475584461,23.9312718116077,-2.98120724584158));
#2513=CARTESIAN_POINT('Ctrl Pts',(5.71729968673141,23.7837531084959,-2.04990365364789));
#2514=CARTESIAN_POINT('Ctrl Pts',(3.53363415573349,23.636234405384,-3.40695752646212));
#2515=CARTESIAN_POINT('Ctrl Pts',(3.30833645459569,23.4887157022721,-5.96985253376974));
#2516=CARTESIAN_POINT('Ctrl Pts',(5.22210830705649,23.3411969991602,-7.68780225451593));
#2517=CARTESIAN_POINT('Ctrl Pts',(7.74525211308371,23.1936782960483,-7.18924704155939));
#2518=CARTESIAN_POINT('Ctrl Pts',(8.86121926167777,23.0461595929365,-4.87118115066025));
#2519=CARTESIAN_POINT('Ctrl Pts',(7.67700285558126,22.8986408898246,-2.58855886221394));
#2520=CARTESIAN_POINT('Ctrl Pts',(5.14122340190957,22.7511221867127,-2.1625921405855));
#2521=CARTESIAN_POINT('Ctrl Pts',(3.27704502625111,22.6036034836008,-3.94011090587573));
#2522=CARTESIAN_POINT('Ctrl Pts',(3.53069633763057,22.4806712310076,-6.06463939370422));
#2523=CARTESIAN_POINT('Ctrl Pts',(4.6897327858253,22.382325428933,-7.14133635332133));
#2524=CARTESIAN_POINT('Ctrl Pts',(6.1981507446149,22.2839796268584,-7.61516371931942));
#2525=CARTESIAN_POINT('Ctrl Pts',(8.171301326916,22.1610473742652,-6.78468714153448));
#2526=CARTESIAN_POINT('Ctrl Pts',(8.79230534869409,22.0135286711533,-4.28584517054118));
#2527=CARTESIAN_POINT('Ctrl Pts',(7.16826792891212,21.8660099680414,-2.29249361241585));
#2528=CARTESIAN_POINT('Ctrl Pts',(4.59829754485976,21.7184912649295,-2.39290432474563));
#2529=CARTESIAN_POINT('Ctrl Pts',(3.13620829975918,21.5709725618177,-4.50944517597141));
#2530=CARTESIAN_POINT('Ctrl Pts',(3.95097001181482,21.4234538587058,-6.94889767199969));
#2531=CARTESIAN_POINT('Ctrl Pts',(6.39117338860334,21.2759351555939,-7.76200318342766));
#2532=CARTESIAN_POINT('Ctrl Pts',(8.50631673343824,21.1284164524821,-6.29843674387276));
#2533=CARTESIAN_POINT('Ctrl Pts',(8.60562908850693,20.9808977493702,-3.72829092779968));
#2534=CARTESIAN_POINT('Ctrl Pts',(6.60974543470031,20.8333790462583,-2.10590192559068));
#2535=CARTESIAN_POINT('Ctrl Pts',(4.11405781012385,20.6858603431464,-2.72818053499835));
#2536=CARTESIAN_POINT('Ctrl Pts',(3.11349855966981,20.5383416400345,-5.09767129884304));
#2537=CARTESIAN_POINT('Ctrl Pts',(4.40784878362081,20.3908229369227,-7.32036372566028));
#2538=CARTESIAN_POINT('Ctrl Pts',(6.9624950104079,20.2433042338107,-7.6195047689092));
#2539=CARTESIAN_POINT('Ctrl Pts',(8.73534651938234,20.0957855306989,-5.75606132288095));
#2540=CARTESIAN_POINT('Ctrl Pts',(8.3093557609633,19.948266827587,-3.21941526317698));
#2541=CARTESIAN_POINT('Ctrl Pts',(6.02489160608693,19.8007481244751,-2.03752706485415));
#2542=CARTESIAN_POINT('Ctrl Pts',(3.70830185488227,19.6532294213632,-3.15456343198903));
#2543=CARTESIAN_POINT('Ctrl Pts',(3.21095125200882,19.5057107182514,-5.67872554017772));
#2544=CARTESIAN_POINT('Ctrl Pts',(4.92994954159842,19.3581920151395,-7.59032571287935));
#2545=CARTESIAN_POINT('Ctrl Pts',(7.49359359648205,19.2106733120276,-7.36401667327094));
#2546=CARTESIAN_POINT('Ctrl Pts',(8.84822373884496,19.0631546089157,-5.1781575241299));
#2547=CARTESIAN_POINT('Ctrl Pts',(7.91720527360583,18.9156359058039,-2.78182151744788));
#2548=CARTESIAN_POINT('Ctrl Pts',(5.43551284169992,18.768117202692,-2.08917581302872));
#2549=CARTESIAN_POINT('Ctrl Pts',(3.6296971936741,18.6369894665925,-3.4814043808643));
#2550=CARTESIAN_POINT('Ctrl Pts',(3.36850674444318,18.5222526975055,-5.35180242214048));
#2551=CARTESIAN_POINT('Ctrl Pts',(4.10116287059706,18.4239068954309,-6.78574456597929));
#2552=CARTESIAN_POINT('Ctrl Pts',(5.53605062673319,18.3255610933564,-7.53092721085456));
#2553=CARTESIAN_POINT('Ctrl Pts',(7.13405289331773,18.2272152912818,-7.30660993786374));
#2554=CARTESIAN_POINT('Ctrl Pts',(8.30811308794186,18.1288694892072,-6.1983681908386));
#2555=CARTESIAN_POINT('Ctrl Pts',(8.62238200293585,18.0305236871326,-4.61447971269364));
#2556=CARTESIAN_POINT('Ctrl Pts',(7.96117214304995,17.932177885058,-3.14188319084001));
#2557=CARTESIAN_POINT('Ctrl Pts',(6.56876952116613,17.8338320829834,-2.32429710340866));
#2558=CARTESIAN_POINT('Ctrl Pts',(4.96058171401177,17.7354862809088,-2.46457904861494));
#2559=CARTESIAN_POINT('Ctrl Pts',(3.73063185395935,17.6371404788343,-3.51099548402567));
#2560=CARTESIAN_POINT('Ctrl Pts',(3.3349594850324,17.5387946767597,-5.07560319269558));
#2561=CARTESIAN_POINT('Ctrl Pts',(3.94212179561262,17.436351132932,-6.64468653948887));
#2562=CARTESIAN_POINT('Ctrl Pts',(5.45642793248337,17.3298098473512,-7.56252450766131));
#2563=CARTESIAN_POINT('Ctrl Pts',(7.27577320461834,17.2191708200172,-7.28562592191891));
#2564=CARTESIAN_POINT('Ctrl Pts',(8.49498339700322,17.1085317926834,-5.9084697076709));
#2565=CARTESIAN_POINT('Ctrl Pts',(8.54949029505785,16.9978927653494,-4.0695574623841));
#2566=CARTESIAN_POINT('Ctrl Pts',(7.41334715331778,16.8872537380155,-2.62266669738556));
#2567=CARTESIAN_POINT('Ctrl Pts',(5.61417576755844,16.7766147106816,-2.2391364177535));
#2568=CARTESIAN_POINT('Ctrl Pts',(3.98681176639804,16.6659756833477,-3.09705196210227));
#2569=CARTESIAN_POINT('Ctrl Pts',(3.28660281295706,16.5553366560138,-4.79820622614967));
#2570=CARTESIAN_POINT('Ctrl Pts',(3.8384892734784,16.4446976286799,-6.55310799600791));
#2571=CARTESIAN_POINT('Ctrl Pts',(5.38633085129615,16.334058601346,-7.54728904182291));
#2572=CARTESIAN_POINT('Ctrl Pts',(7.21181480010473,16.2234195740121,-7.31934824322816));
#2573=CARTESIAN_POINT('Ctrl Pts',(8.4676157983164,16.1127805466782,-5.97507715599936));
#2574=CARTESIAN_POINT('Ctrl Pts',(8.57113304468392,16.0021415193443,-4.13834747783309));
#2575=CARTESIAN_POINT('Ctrl Pts',(7.47388735768147,15.8915024920104,-2.6616170034466));
#2576=CARTESIAN_POINT('Ctrl Pts',(5.68596717787919,15.7808634646764,-2.23019701328499));
#2577=CARTESIAN_POINT('Ctrl Pts',(4.03548062758086,15.6702244373425,-3.04440226802429));
#2578=CARTESIAN_POINT('Ctrl Pts',(3.41580043638575,15.5780252478976,-4.44587860847111));
#2579=CARTESIAN_POINT('Ctrl Pts',(3.5421828052727,15.5042658963417,-5.61099339083394));
#2580=CARTESIAN_POINT('Ctrl Pts',(4.0497638137704,15.4305065447857,-6.66732050939927));
#2581=CARTESIAN_POINT('Ctrl Pts',(5.31578241070951,15.3383073553408,-7.53064864746788));
#2582=CARTESIAN_POINT('Ctrl Pts',(7.14739529183389,15.2276683280069,-7.35112014549607));
#2583=CARTESIAN_POINT('Ctrl Pts',(8.43832155416542,15.117029300673,-6.04104603967251));
#2584=CARTESIAN_POINT('Ctrl Pts',(8.59090687527138,15.0063902733391,-4.20763681766942));
#2585=CARTESIAN_POINT('Ctrl Pts',(7.53358636396653,14.8957512460052,-2.7021861513574));
#2586=CARTESIAN_POINT('Ctrl Pts',(5.75745324853111,14.7851122186713,-2.22318983970916));
#2587=CARTESIAN_POINT('Ctrl Pts',(4.08661868698149,14.6744731913374,-2.99302188573236));
#2588=CARTESIAN_POINT('Ctrl Pts',(3.29663128752582,14.5638341640034,-4.6544193479892));
#2589=CARTESIAN_POINT('Ctrl Pts',(3.75406627759574,14.4531951366696,-6.43620212880467));
#2590=CARTESIAN_POINT('Ctrl Pts',(5.24667061339113,14.3425561093356,-7.51170672740656));
#2591=CARTESIAN_POINT('Ctrl Pts',(7.08167174325351,14.2319170820017,-7.38124019713872));
#2592=CARTESIAN_POINT('Ctrl Pts',(8.407509446543,14.1212780546678,-6.10643096174348));
#2593=CARTESIAN_POINT('Ctrl Pts',(8.60873790485956,14.0106390273339,-4.27675957366604));
#2594=CARTESIAN_POINT('Ctrl Pts',(7.93096296619184,13.936879675778,-3.25641198086202));
#2595=CARTESIAN_POINT('Ctrl Pts',(7.46724692906392,13.9,-2.91282413653137));
#2596=CARTESIAN_POINT('Ctrl Pts',(4.44038787058707,38.5887729895999,-3.17276233963244));
#2597=CARTESIAN_POINT('Ctrl Pts',(4.03690539712579,38.551893313822,-3.53056410874172));
#2598=CARTESIAN_POINT('Ctrl Pts',(3.48961566890011,38.478133962266,-4.53583297827013));
#2599=CARTESIAN_POINT('Ctrl Pts',(3.82680836419836,38.3674949349321,-6.22241734431092));
#2600=CARTESIAN_POINT('Ctrl Pts',(5.16533898117012,38.2568559075982,-7.30040368004011));
#2601=CARTESIAN_POINT('Ctrl Pts',(6.88405677279355,38.1462168802643,-7.27151828432816));
#2602=CARTESIAN_POINT('Ctrl Pts',(8.18527560937826,38.0355778529304,-6.14815714602122));
#2603=CARTESIAN_POINT('Ctrl Pts',(8.4650940125841,37.9249388255965,-4.45218990826589));
#2604=CARTESIAN_POINT('Ctrl Pts',(7.59366634413982,37.8142997982626,-2.97046765003496));
#2605=CARTESIAN_POINT('Ctrl Pts',(5.97537858214651,37.7036607709287,-2.39077930048335));
#2606=CARTESIAN_POINT('Ctrl Pts',(4.36138311913434,37.5930217435947,-2.98213384318923));
#2607=CARTESIAN_POINT('Ctrl Pts',(3.50055046070295,37.4823827162609,-4.47003255188897));
#2608=CARTESIAN_POINT('Ctrl Pts',(3.79277182668273,37.371743688927,-6.16408073839207));
#2609=CARTESIAN_POINT('Ctrl Pts',(5.10169570481122,37.261104661593,-7.27775192292561));
#2610=CARTESIAN_POINT('Ctrl Pts',(6.82127880407472,37.1504656342592,-7.29481117951678));
#2611=CARTESIAN_POINT('Ctrl Pts',(7.92897201441882,37.0582664448142,-6.38750726744143));
#2612=CARTESIAN_POINT('Ctrl Pts',(8.31489637590469,36.9845070932583,-5.36269037540705));
#2613=CARTESIAN_POINT('Ctrl Pts',(8.33708681316152,36.9107477417023,-4.26784138710589));
#2614=CARTESIAN_POINT('Ctrl Pts',(7.64547512090599,36.8185485522575,-3.01410351977825));
#2615=CARTESIAN_POINT('Ctrl Pts',(6.04249220439969,36.7079095249235,-2.39144548523202));
#2616=CARTESIAN_POINT('Ctrl Pts',(4.41362795803663,36.5972704975896,-2.93948116468559));
#2617=CARTESIAN_POINT('Ctrl Pts',(3.51327964142532,36.4866314702556,-4.40391792755811));
#2618=CARTESIAN_POINT('Ctrl Pts',(3.76010072173847,36.3759924429218,-6.10507595774517));
#2619=CARTESIAN_POINT('Ctrl Pts',(5.03913017112867,36.2653534155879,-7.25345643413277));
#2620=CARTESIAN_POINT('Ctrl Pts',(6.75697645572634,36.154714388254,-7.31607817685129));
#2621=CARTESIAN_POINT('Ctrl Pts',(8.11626859012535,36.04407536092,-6.26389247281976));
#2622=CARTESIAN_POINT('Ctrl Pts',(8.48621275505833,35.9334363335862,-4.58520086542116));
#2623=CARTESIAN_POINT('Ctrl Pts',(7.69507957735689,35.8227973062522,-3.05913325307485));
#2624=CARTESIAN_POINT('Ctrl Pts',(6.11006758322583,35.7121582789183,-2.39386558364009));
#2625=CARTESIAN_POINT('Ctrl Pts',(4.46675105033354,35.6015192515844,-2.89830447116891));
#2626=CARTESIAN_POINT('Ctrl Pts',(3.52786186593886,35.4908802242505,-4.33804102727256));
#2627=CARTESIAN_POINT('Ctrl Pts',(3.72902967997624,35.3802411969166,-6.04546272460944));
#2628=CARTESIAN_POINT('Ctrl Pts',(4.97710869364639,35.2696021695826,-7.22702706461495));
#2629=CARTESIAN_POINT('Ctrl Pts',(6.69243689881962,35.1589631422488,-7.33656007924884));
#2630=CARTESIAN_POINT('Ctrl Pts',(7.92562120594487,35.0606173401742,-6.43185183429314));
#2631=CARTESIAN_POINT('Ctrl Pts',(8.37369840610594,34.9745647633589,-5.22214821827239));
#2632=CARTESIAN_POINT('Ctrl Pts',(8.23180028102189,34.8762189612843,-3.74839564827114));
#2633=CARTESIAN_POINT('Ctrl Pts',(6.80195742382944,34.7532867086911,-2.35328768304854));
#2634=CARTESIAN_POINT('Ctrl Pts',(4.42477379100872,34.6057680055792,-2.72309807540367));
#2635=CARTESIAN_POINT('Ctrl Pts',(3.29689401989445,34.4582493024673,-4.84796465302783));
#2636=CARTESIAN_POINT('Ctrl Pts',(4.14832168756435,34.3353170498741,-6.65696217736046));
#2637=CARTESIAN_POINT('Ctrl Pts',(5.49291118144972,34.2369712477995,-7.27130424637267));
#2638=CARTESIAN_POINT('Ctrl Pts',(6.97023956782267,34.138625445725,-7.24563866203236));
#2639=CARTESIAN_POINT('Ctrl Pts',(8.47465969128022,34.0156931931317,-5.92855048059625));
#2640=CARTESIAN_POINT('Ctrl Pts',(8.2894950406131,33.8681744900198,-3.52893035605725));
#2641=CARTESIAN_POINT('Ctrl Pts',(6.26050211215069,33.720655786908,-2.24142233331719));
#2642=CARTESIAN_POINT('Ctrl Pts',(4.01241236874589,33.5731370837961,-3.08550685594613));
#2643=CARTESIAN_POINT('Ctrl Pts',(3.3394273939522,33.4256183806842,-5.3975514515656));
#2644=CARTESIAN_POINT('Ctrl Pts',(4.66149827091637,33.2903929028316,-7.15276426763228));
#2645=CARTESIAN_POINT('Ctrl Pts',(6.56397683566459,33.1674606502385,-7.3680476820442));
#2646=CARTESIAN_POINT('Ctrl Pts',(8.00059761108968,33.0568216229045,-6.43121557592505));
#2647=CARTESIAN_POINT('Ctrl Pts',(8.50493238963536,32.9461825955706,-4.78583226705077));
#2648=CARTESIAN_POINT('Ctrl Pts',(7.83776671213312,32.8355435682367,-3.20220966681234));
#2649=CARTESIAN_POINT('Ctrl Pts',(6.3113915906756,32.7249045409027,-2.41186391515156));
#2650=CARTESIAN_POINT('Ctrl Pts',(4.6328216138914,32.6142655135689,-2.78337258241468));
#2651=CARTESIAN_POINT('Ctrl Pts',(3.58183157059015,32.503626486235,-4.14340929673213));
#2652=CARTESIAN_POINT('Ctrl Pts',(3.64574886114158,32.3929874589011,-5.86122985184567));
#2653=CARTESIAN_POINT('Ctrl Pts',(4.79525225094757,32.2823484315671,-7.13937515612053));
#2654=CARTESIAN_POINT('Ctrl Pts',(6.49645088469991,32.1717094042332,-7.3847146414043));
#2655=CARTESIAN_POINT('Ctrl Pts',(7.96045297521708,32.0610703768993,-6.48344211424034));
#2656=CARTESIAN_POINT('Ctrl Pts',(8.50663124229182,31.9504313495654,-4.85363974834834));
#2657=CARTESIAN_POINT('Ctrl Pts',(7.88375182069444,31.8397923222315,-3.2521467755954));
#2658=CARTESIAN_POINT('Ctrl Pts',(6.37654579150697,31.7291532948976,-2.4213461307059));
#2659=CARTESIAN_POINT('Ctrl Pts',(4.69294225026327,31.6185142675637,-2.74850748347248));
#2660=CARTESIAN_POINT('Ctrl Pts',(3.47640521883916,31.4955820149705,-4.22656208433211));
#2661=CARTESIAN_POINT('Ctrl Pts',(3.74854047478621,31.3603565371179,-6.40801269393336));
#2662=CARTESIAN_POINT('Ctrl Pts',(5.84042342561551,31.212837834006,-7.59842614724587));
#2663=CARTESIAN_POINT('Ctrl Pts',(8.04312554383859,31.0653191308941,-6.64227225772818));
#2664=CARTESIAN_POINT('Ctrl Pts',(8.60351910085548,30.9178004277823,-4.30200435363737));
#2665=CARTESIAN_POINT('Ctrl Pts',(7.32270615092015,30.7948681751891,-2.76595712252497));
#2666=CARTESIAN_POINT('Ctrl Pts',(5.86778072121119,30.6965223731145,-2.50924529555552));
#2667=CARTESIAN_POINT('Ctrl Pts',(4.44411800313663,30.5981765710398,-2.90476773302519));
#2668=CARTESIAN_POINT('Ctrl Pts',(3.31907955829124,30.4752443184467,-4.55850976348817));
#2669=CARTESIAN_POINT('Ctrl Pts',(4.10211768592873,30.3277256153347,-6.83355263449774));
#2670=CARTESIAN_POINT('Ctrl Pts',(6.38858257001279,30.1802069122229,-7.57120844255514));
#2671=CARTESIAN_POINT('Ctrl Pts',(8.35272863774702,30.032688209111,-6.18616485353268));
#2672=CARTESIAN_POINT('Ctrl Pts',(8.4233555669575,29.8851695059991,-3.78391603215619));
#2673=CARTESIAN_POINT('Ctrl Pts',(6.54492464338014,29.7376508028873,-2.28439542011349));
#2674=CARTESIAN_POINT('Ctrl Pts',(4.2180091569172,29.5901320997753,-2.88871268016898));
#2675=CARTESIAN_POINT('Ctrl Pts',(3.30278029404148,29.4426133966635,-5.10907647837972));
#2676=CARTESIAN_POINT('Ctrl Pts',(4.53294388783826,29.2950946935516,-7.1775094145796));
#2677=CARTESIAN_POINT('Ctrl Pts',(6.52159266708419,29.1721624409584,-7.38812278516548));
#2678=CARTESIAN_POINT('Ctrl Pts',(7.74383525300527,29.0738166388838,-6.55745667074011));
#2679=CARTESIAN_POINT('Ctrl Pts',(8.48945002844077,28.9754708368092,-5.28163141549473));
#2680=CARTESIAN_POINT('Ctrl Pts',(8.14388281147562,28.852538584216,-3.31164847003171));
#2681=CARTESIAN_POINT('Ctrl Pts',(5.99694811150143,28.7050198811041,-2.22548546906387));
#2682=CARTESIAN_POINT('Ctrl Pts',(3.84303321369439,28.5575011779923,-3.28984445404827));
#2683=CARTESIAN_POINT('Ctrl Pts',(3.3993662975366,28.4099824748803,-5.65172346656036));
#2684=CARTESIAN_POINT('Ctrl Pts',(5.02287730993508,28.2624637717685,-7.42427646272417));
#2685=CARTESIAN_POINT('Ctrl Pts',(7.41468661907404,28.1149450686566,-7.19008037272679));
#2686=CARTESIAN_POINT('Ctrl Pts',(8.66338572826037,27.9674263655447,-5.13653714764207));
#2687=CARTESIAN_POINT('Ctrl Pts',(7.77079201109261,27.8199076624328,-2.90519533839173));
#2688=CARTESIAN_POINT('Ctrl Pts',(5.4500127535074,27.6723889593209,-2.27934299020471));
#2689=CARTESIAN_POINT('Ctrl Pts',(3.55713621375203,27.5248702562091,-3.76000442764726));
#2690=CARTESIAN_POINT('Ctrl Pts',(3.60321908065778,27.3773515530972,-6.16210965702241));
#2691=CARTESIAN_POINT('Ctrl Pts',(5.55539195420252,27.2298328499853,-7.56850214875811));
#2692=CARTESIAN_POINT('Ctrl Pts',(7.46351928434137,27.1069005973921,-6.96890083893033));
#2693=CARTESIAN_POINT('Ctrl Pts',(8.25309810163924,27.0085547953175,-5.71984240929225));
#2694=CARTESIAN_POINT('Ctrl Pts',(8.42843491187614,26.9102089932429,-4.25251197407881));
#2695=CARTESIAN_POINT('Ctrl Pts',(7.32593378645846,26.7872767406497,-2.58367793327271));
#2696=CARTESIAN_POINT('Ctrl Pts',(4.92434262501716,26.6397580375378,-2.44329655424732));
#2697=CARTESIAN_POINT('Ctrl Pts',(3.37275329667782,26.4922393344259,-4.27842416152787));
#2698=CARTESIAN_POINT('Ctrl Pts',(3.90749598581735,26.344720631314,-6.62033430822841));
#2699=CARTESIAN_POINT('Ctrl Pts',(6.10355796856703,26.1972019282022,-7.5999175533291));
#2700=CARTESIAN_POINT('Ctrl Pts',(8.20335215650181,26.0496832250903,-6.43101753013498));
#2701=CARTESIAN_POINT('Ctrl Pts',(8.53014374260719,25.9021645219784,-4.05027297836436));
#2702=CARTESIAN_POINT('Ctrl Pts',(6.82173230026811,25.7546458188665,-2.359459288005));
#2703=CARTESIAN_POINT('Ctrl Pts',(4.44424174110769,25.6071271157546,-2.71102895361249));
#2704=CARTESIAN_POINT('Ctrl Pts',(3.29785720892468,25.4596084126428,-4.82300877850793));
#2705=CARTESIAN_POINT('Ctrl Pts',(4.29914020068424,25.3120897095309,-7.00854024342394));
#2706=CARTESIAN_POINT('Ctrl Pts',(6.64664441194113,25.164571006419,-7.51900862583332));
#2707=CARTESIAN_POINT('Ctrl Pts',(8.46638707190078,25.0170523033071,-5.94764339971886));
#2708=CARTESIAN_POINT('Ctrl Pts',(8.30063161833897,24.8695336001953,-3.54999779304131));
#2709=CARTESIAN_POINT('Ctrl Pts',(6.28430472577198,24.7220148970834,-2.24259370842221));
#2710=CARTESIAN_POINT('Ctrl Pts',(4.02786491413696,24.5744961939715,-3.07062284459411));
#2711=CARTESIAN_POINT('Ctrl Pts',(3.33572544276472,24.4269774908596,-5.3721121704083));
#2712=CARTESIAN_POINT('Ctrl Pts',(4.76063914686122,24.2794587877477,-7.30745040228613));
#2713=CARTESIAN_POINT('Ctrl Pts',(7.16410944412137,24.1319400846359,-7.32953009309137));
#2714=CARTESIAN_POINT('Ctrl Pts',(8.62420385568431,23.984421381524,-5.42086861839171));
#2715=CARTESIAN_POINT('Ctrl Pts',(7.97506002813631,23.8369026784121,-3.10682272470336));
#2716=CARTESIAN_POINT('Ctrl Pts',(5.73325597329978,23.6893839753002,-2.2379242039434));
#2717=CARTESIAN_POINT('Ctrl Pts',(3.69357482053069,23.5418652721884,-3.50715760244879));
#2718=CARTESIAN_POINT('Ctrl Pts',(3.48446089144739,23.3943465690765,-5.90205964374855));
#2719=CARTESIAN_POINT('Ctrl Pts',(5.27363825169193,23.2468278659646,-7.50626903717245));
#2720=CARTESIAN_POINT('Ctrl Pts',(7.63099982584028,23.0993091628527,-7.0390338883729));
#2721=CARTESIAN_POINT('Ctrl Pts',(8.67249279659563,22.9517904597409,-4.87241273567238));
#2722=CARTESIAN_POINT('Ctrl Pts',(7.56470517416705,22.8042717566289,-2.74017124899405));
#2723=CARTESIAN_POINT('Ctrl Pts',(5.19502993793916,22.6567530535171,-2.34353661202224));
#2724=CARTESIAN_POINT('Ctrl Pts',(3.45410926597719,22.5092343504052,-4.00547870484289));
#2725=CARTESIAN_POINT('Ctrl Pts',(3.69228676733835,22.386302097812,-5.9905069716173));
#2726=CARTESIAN_POINT('Ctrl Pts',(4.77588498341465,22.2879562957374,-6.99594113812811));
#2727=CARTESIAN_POINT('Ctrl Pts',(6.18561610586999,22.1896104936628,-7.43786016430867));
#2728=CARTESIAN_POINT('Ctrl Pts',(8.02887998325245,22.0666782410696,-6.66077807059137));
#2729=CARTESIAN_POINT('Ctrl Pts',(8.60777847885364,21.9191595379577,-4.32551039548507));
#2730=CARTESIAN_POINT('Ctrl Pts',(7.08917905850259,21.7716408348458,-2.46380570754242));
#2731=CARTESIAN_POINT('Ctrl Pts',(4.68784427624219,21.6241221317339,-2.55903880835249));
#2732=CARTESIAN_POINT('Ctrl Pts',(3.3228230531077,21.4766034286221,-4.53754399446081));
#2733=CARTESIAN_POINT('Ctrl Pts',(4.08547682445819,21.3290847255102,-6.81653074241397));
#2734=CARTESIAN_POINT('Ctrl Pts',(6.36605766649349,21.1815660223983,-7.57496171762599));
#2735=CARTESIAN_POINT('Ctrl Pts',(8.341653043662,21.0340473192864,-6.2062402089461));
#2736=CARTESIAN_POINT('Ctrl Pts',(8.43304181141584,20.8865286161745,-3.80463200280847));
#2737=CARTESIAN_POINT('Ctrl Pts',(6.56719127819025,20.7390099130626,-2.28975994549811));
#2738=CARTESIAN_POINT('Ctrl Pts',(4.23555268812915,20.5914912099508,-2.87258762357632));
#2739=CARTESIAN_POINT('Ctrl Pts',(3.30192547954959,20.4439725068389,-5.08719710859046));
#2740=CARTESIAN_POINT('Ctrl Pts',(4.51258969194055,20.296453803727,-7.16337951809187));
#2741=CARTESIAN_POINT('Ctrl Pts',(6.89982458099379,20.1489351006151,-7.44149744737329));
#2742=CARTESIAN_POINT('Ctrl Pts',(8.555361967597,20.0014163975033,-5.69931704741109));
#2743=CARTESIAN_POINT('Ctrl Pts',(8.15592393420832,19.8538976943914,-3.32929912454593));
#2744=CARTESIAN_POINT('Ctrl Pts',(6.0206642041017,19.7063789912795,-2.22619087268215));
#2745=CARTESIAN_POINT('Ctrl Pts',(3.85664659658113,19.5588602881676,-3.27122381752438));
#2746=CARTESIAN_POINT('Ctrl Pts',(3.39330417272959,19.4113415850557,-5.63008294121433));
#2747=CARTESIAN_POINT('Ctrl Pts',(5.00059058471898,19.2638228819439,-7.41534673354282));
#2748=CARTESIAN_POINT('Ctrl Pts',(7.39594499323547,19.116304178832,-7.20247726374178));
#2749=CARTESIAN_POINT('Ctrl Pts',(8.6605180317298,18.9687854757201,-5.1592597098252));
#2750=CARTESIAN_POINT('Ctrl Pts',(7.78925715091601,18.8212667726082,-2.92062490952421));
#2751=CARTESIAN_POINT('Ctrl Pts',(5.46997484157829,18.6737480694963,-2.27477476728605));
#2752=CARTESIAN_POINT('Ctrl Pts',(3.78337726090575,18.5426203333969,-3.57666832017492));
#2753=CARTESIAN_POINT('Ctrl Pts',(3.54034541024497,18.4278835643099,-5.3245183472498));
#2754=CARTESIAN_POINT('Ctrl Pts',(4.22572812214331,18.3295377622353,-6.66399757362368));
#2755=CARTESIAN_POINT('Ctrl Pts',(5.56690110832163,18.2311919601607,-7.35951225876666));
#2756=CARTESIAN_POINT('Ctrl Pts',(7.05995737030717,18.1328461580861,-7.14903330700892));
#2757=CARTESIAN_POINT('Ctrl Pts',(8.15639593929675,18.0345003560115,-6.1128444554183));
#2758=CARTESIAN_POINT('Ctrl Pts',(8.44918168402224,17.936154553937,-4.63268087635213));
#2759=CARTESIAN_POINT('Ctrl Pts',(7.83053733985997,17.8378087518624,-3.25704378619905));
#2760=CARTESIAN_POINT('Ctrl Pts',(6.52902297042777,17.7394629497878,-2.49385166524794));
#2761=CARTESIAN_POINT('Ctrl Pts',(5.02640323658919,17.6411171477132,-2.62581332214104));
#2762=CARTESIAN_POINT('Ctrl Pts',(3.87770723067631,17.5427713456387,-3.60426301616274));
#2763=CARTESIAN_POINT('Ctrl Pts',(3.50884728589286,17.444425543564,-5.06645517680404));
#2764=CARTESIAN_POINT('Ctrl Pts',(4.07704224302791,17.3419819997363,-6.53227958177714));
#2765=CARTESIAN_POINT('Ctrl Pts',(5.49251868868494,17.2354407141555,-7.38908057429486));
#2766=CARTESIAN_POINT('Ctrl Pts',(7.19236983840016,17.1248016868216,-7.12934806500407));
#2767=CARTESIAN_POINT('Ctrl Pts',(8.33084933473577,17.0141626594877,-5.84185978177688));
#2768=CARTESIAN_POINT('Ctrl Pts',(8.38077261250018,16.9035236321538,-4.12354349254841));
#2769=CARTESIAN_POINT('Ctrl Pts',(7.31836300942448,16.7928846048199,-2.77218629150667));
#2770=CARTESIAN_POINT('Ctrl Pts',(5.63700034282193,16.682245577486,-2.41480056191878));
#2771=CARTESIAN_POINT('Ctrl Pts',(4.11685574526223,16.5716065501521,-3.21733221133965));
#2772=CARTESIAN_POINT('Ctrl Pts',(3.46351055453882,16.4609675228182,-4.80728093390259));
#2773=CARTESIAN_POINT('Ctrl Pts',(3.9801574170207,16.3503284954843,-6.4467650723663));
#2774=CARTESIAN_POINT('Ctrl Pts',(5.42701136716453,16.2396894681504,-7.37488292675713));
#2775=CARTESIAN_POINT('Ctrl Pts',(7.13262535441377,16.1290504408164,-7.1608933924604));
#2776=CARTESIAN_POINT('Ctrl Pts',(8.30531346866671,16.0184114134826,-5.90411303178967));
#2777=CARTESIAN_POINT('Ctrl Pts',(8.40103338790403,15.9077723861486,-4.1878092716255));
#2778=CARTESIAN_POINT('Ctrl Pts',(7.37495336099047,15.7971333588147,-2.80854841200451));
#2779=CARTESIAN_POINT('Ctrl Pts',(5.70407758896608,15.6864943314808,-2.40640818773212));
#2780=CARTESIAN_POINT('Ctrl Pts',(4.16230326940729,15.5758553041469,-3.16810946505377));
#2781=CARTESIAN_POINT('Ctrl Pts',(3.5840400839226,15.483656114702,-4.47799386436394));
#2782=CARTESIAN_POINT('Ctrl Pts',(3.70277105010082,15.4098967631461,-5.56661215056414));
#2783=CARTESIAN_POINT('Ctrl Pts',(4.17763578528967,15.3361374115901,-6.55336981171987));
#2784=CARTESIAN_POINT('Ctrl Pts',(5.36108149882764,15.2439382221452,-7.35937277270745));
#2785=CARTESIAN_POINT('Ctrl Pts',(7.07244895744427,15.1332991948113,-7.19061648602198));
#2786=CARTESIAN_POINT('Ctrl Pts',(8.27797697848854,15.0226601674774,-5.96577066457325));
#2787=CARTESIAN_POINT('Ctrl Pts',(8.4195481219627,14.9120211401435,-4.25254264470254));
#2788=CARTESIAN_POINT('Ctrl Pts',(7.43075856681362,14.8013821128096,-2.84642364471361));
#2789=CARTESIAN_POINT('Ctrl Pts',(5.77087061042809,14.6907430854756,-2.39982146776546));
#2790=CARTESIAN_POINT('Ctrl Pts',(4.21005866454351,14.5801040581417,-3.12007140753027));
#2791=CARTESIAN_POINT('Ctrl Pts',(3.47280237317212,14.4694650308078,-4.67292043970002));
#2792=CARTESIAN_POINT('Ctrl Pts',(3.90120815500211,14.3588260034739,-6.33757409187576));
#2793=CARTESIAN_POINT('Ctrl Pts',(5.29649283480758,14.24818697614,-7.34171122883246));
#2794=CARTESIAN_POINT('Ctrl Pts',(7.01105309664918,14.1375479488061,-7.21879685097901));
#2795=CARTESIAN_POINT('Ctrl Pts',(8.24922195572377,14.0269089214722,-6.02688339198745));
#2796=CARTESIAN_POINT('Ctrl Pts',(8.43624724144313,13.9162698941383,-4.31712158803397));
#2797=CARTESIAN_POINT('Ctrl Pts',(7.80237282140236,13.8425105425823,-3.36407620757861));
#2798=CARTESIAN_POINT('Ctrl Pts',(7.3688862502427,13.8056308668044,-3.04328093798696));
#2799=CARTESIAN_POINT('Ctrl Pts',(4.54759908024335,38.4943959950919,-3.29604351092189));
#2800=CARTESIAN_POINT('Ctrl Pts',(4.17268358212986,38.4575163193139,-3.62900215069453));
#2801=CARTESIAN_POINT('Ctrl Pts',(3.66449547901402,38.383756967758,-4.56407404611859));
#2802=CARTESIAN_POINT('Ctrl Pts',(3.9791631397591,38.2731179404241,-6.13203349129695));
#2803=CARTESIAN_POINT('Ctrl Pts',(5.22446273890412,38.1624789130902,-7.1334375600304));
#2804=CARTESIAN_POINT('Ctrl Pts',(6.82250921412538,38.0518398857563,-7.10541267879359));
#2805=CARTESIAN_POINT('Ctrl Pts',(8.03162130744994,37.9412008584224,-6.06002631151165));
#2806=CARTESIAN_POINT('Ctrl Pts',(8.29064506588953,37.8305618310884,-4.48292370083813));
#2807=CARTESIAN_POINT('Ctrl Pts',(7.47938419496002,37.7199228037546,-3.105808185007));
#2808=CARTESIAN_POINT('Ctrl Pts',(5.97430441283196,37.6092837764206,-2.56791220413201));
#2809=CARTESIAN_POINT('Ctrl Pts',(4.47401089368836,37.4986447490868,-3.11885053847316));
#2810=CARTESIAN_POINT('Ctrl Pts',(3.67461801196945,37.3880057217528,-4.50288533931631));
#2811=CARTESIAN_POINT('Ctrl Pts',(3.94747628681874,37.277366694419,-6.07781513181257));
#2812=CARTESIAN_POINT('Ctrl Pts',(5.16527176366771,37.166727667085,-7.11241915979735));
#2813=CARTESIAN_POINT('Ctrl Pts',(6.76415398516625,37.0560886397511,-7.12711306825925));
#2814=CARTESIAN_POINT('Ctrl Pts',(7.79347244455404,36.9638894503062,-6.2827484425278));
#2815=CARTESIAN_POINT('Ctrl Pts',(8.15160944332878,36.8901300987502,-5.3296102415373));
#2816=CARTESIAN_POINT('Ctrl Pts',(8.17149859445116,36.8163707471943,-4.31160313376384));
#2817=CARTESIAN_POINT('Ctrl Pts',(7.52758570519539,36.7241715577494,-3.14634569010817));
#2818=CARTESIAN_POINT('Ctrl Pts',(6.0367071965934,36.6135325304155,-2.56848604520231));
#2819=CARTESIAN_POINT('Ctrl Pts',(4.52255924981573,36.5028935030816,-3.07915654119477));
#2820=CARTESIAN_POINT('Ctrl Pts',(3.6864087197315,36.3922544757477,-4.4414032288699));
#2821=CARTESIAN_POINT('Ctrl Pts',(3.91705858045245,36.2816154484137,-6.02297459724018));
#2822=CARTESIAN_POINT('Ctrl Pts',(5.10708174537253,36.1709764210798,-7.0898716697369));
#2823=CARTESIAN_POINT('Ctrl Pts',(6.70438002438466,36.0603373937459,-7.14693082361445));
#2824=CARTESIAN_POINT('Ctrl Pts',(7.96753708997299,35.949698366412,-6.16768403846053));
#2825=CARTESIAN_POINT('Ctrl Pts',(8.31037163002057,35.8390593390781,-4.60658312142651));
#2826=CARTESIAN_POINT('Ctrl Pts',(7.5737385688292,35.7284203117442,-3.18818070904435));
#2827=CARTESIAN_POINT('Ctrl Pts',(6.09954052001547,35.6177812844103,-2.57069036375836));
#2828=CARTESIAN_POINT('Ctrl Pts',(4.57192520575754,35.5071422570764,-3.04083432004512));
#2829=CARTESIAN_POINT('Ctrl Pts',(3.69992255405928,35.3965032297425,-4.38014089684101));
#2830=CARTESIAN_POINT('Ctrl Pts',(3.88812819919045,35.2858642024086,-5.96756723454161));
#2831=CARTESIAN_POINT('Ctrl Pts',(5.04939614583838,35.1752251750747,-7.0653397282028));
#2832=CARTESIAN_POINT('Ctrl Pts',(6.64438496657816,35.0645861477407,-7.16601875136368));
#2833=CARTESIAN_POINT('Ctrl Pts',(7.79038696845972,34.9662403456662,-6.32398235258695));
#2834=CARTESIAN_POINT('Ctrl Pts',(8.20618820461091,34.8801877688509,-5.19889402301364));
#2835=CARTESIAN_POINT('Ctrl Pts',(8.07325027210504,34.7818419667763,-3.82869330313058));
#2836=CARTESIAN_POINT('Ctrl Pts',(6.74283306038758,34.6589097141831,-2.53249109625595));
#2837=CARTESIAN_POINT('Ctrl Pts',(4.53277570191034,34.5113910110712,-2.87795569518582));
#2838=CARTESIAN_POINT('Ctrl Pts',(3.48551465290459,34.3638723079593,-4.85442540351957));
#2839=CARTESIAN_POINT('Ctrl Pts',(4.27840173355674,34.2409400553661,-6.53585550417067));
#2840=CARTESIAN_POINT('Ctrl Pts',(5.52902005313055,34.1425942532915,-7.10615841074065));
#2841=CARTESIAN_POINT('Ctrl Pts',(6.90262450921016,34.044248451217,-7.08129123079525));
#2842=CARTESIAN_POINT('Ctrl Pts',(8.30054187479197,33.9213161986236,-5.85563922249109));
#2843=CARTESIAN_POINT('Ctrl Pts',(8.12674590103025,33.7737974955118,-3.62459499746226));
#2844=CARTESIAN_POINT('Ctrl Pts',(6.23931121977958,33.6262787924,-2.42884625864174));
#2845=CARTESIAN_POINT('Ctrl Pts',(4.14960763041374,33.478760089288,-3.21520390545886));
#2846=CARTESIAN_POINT('Ctrl Pts',(3.52543546882766,33.3312413861762,-5.36540305577894));
#2847=CARTESIAN_POINT('Ctrl Pts',(4.75589072043346,33.1960159083236,-6.99650442344813));
#2848=CARTESIAN_POINT('Ctrl Pts',(6.52496401604852,33.0730836557304,-7.19538320605886));
#2849=CARTESIAN_POINT('Ctrl Pts',(7.86009969286249,32.9624446283965,-6.32333983719387));
#2850=CARTESIAN_POINT('Ctrl Pts',(8.32791342412925,32.8518056010625,-4.79311775087784));
#2851=CARTESIAN_POINT('Ctrl Pts',(7.70650642192222,32.7411665737287,-3.32111644660502));
#2852=CARTESIAN_POINT('Ctrl Pts',(6.28674407183266,32.6305275463948,-2.58728851263437));
#2853=CARTESIAN_POINT('Ctrl Pts',(4.72625978319192,32.5198885190608,-2.93385771588648));
#2854=CARTESIAN_POINT('Ctrl Pts',(3.74997147821207,32.409249491727,-4.19913540364834));
#2855=CARTESIAN_POINT('Ctrl Pts',(3.81056846758183,32.298610464393,-5.79632382379387));
#2856=CARTESIAN_POINT('Ctrl Pts',(4.88024625735105,32.1879714370591,-6.98396436887999));
#2857=CARTESIAN_POINT('Ctrl Pts',(6.462189615722,32.0773324097252,-7.21092602769853));
#2858=CARTESIAN_POINT('Ctrl Pts',(7.82280862559639,31.9666933823913,-6.37192740346328));
#2859=CARTESIAN_POINT('Ctrl Pts',(8.32953906905014,31.8560543550574,-4.85616408384489));
#2860=CARTESIAN_POINT('Ctrl Pts',(7.74929734993779,31.7454153277235,-3.36751680647379));
#2861=CARTESIAN_POINT('Ctrl Pts',(6.34733097409301,31.6347763003895,-2.59606084228534));
#2862=CARTESIAN_POINT('Ctrl Pts',(4.78213635190451,31.5241372730557,-2.90139927048839));
#2863=CARTESIAN_POINT('Ctrl Pts',(3.65200239068383,31.4012050204624,-4.27652257523171));
#2864=CARTESIAN_POINT('Ctrl Pts',(3.90651557678993,31.2659795426099,-6.30465342481426));
#2865=CARTESIAN_POINT('Ctrl Pts',(5.85235955065313,31.118460839498,-7.41008079325468));
#2866=CARTESIAN_POINT('Ctrl Pts',(7.89978555665686,30.9709421363861,-6.51955173261953));
#2867=CARTESIAN_POINT('Ctrl Pts',(8.41925089559301,30.8234234332743,-4.34318697259499));
#2868=CARTESIAN_POINT('Ctrl Pts',(7.22730617229029,30.700491180681,-2.91583802438666));
#2869=CARTESIAN_POINT('Ctrl Pts',(5.87434022693713,30.6021453786065,-2.67813512433767));
#2870=CARTESIAN_POINT('Ctrl Pts',(4.55088536480858,30.5037995765318,-3.04685924197569));
#2871=CARTESIAN_POINT('Ctrl Pts',(3.50594620858885,30.3808673239387,-4.58527480701079));
#2872=CARTESIAN_POINT('Ctrl Pts',(4.235561132153,30.2333486208267,-6.70008090598514));
#2873=CARTESIAN_POINT('Ctrl Pts',(6.36202016462946,30.0858299177149,-7.38440146609436));
#2874=CARTESIAN_POINT('Ctrl Pts',(8.18734516962953,29.9383112146029,-6.09525221088535));
#2875=CARTESIAN_POINT('Ctrl Pts',(8.25138276355497,29.7907925114911,-3.8615901083017));
#2876=CARTESIAN_POINT('Ctrl Pts',(6.50379684755366,29.6432738083792,-2.46860954285723));
#2877=CARTESIAN_POINT('Ctrl Pts',(4.34063814665138,29.4957551052674,-3.03208477860763));
#2878=CARTESIAN_POINT('Ctrl Pts',(3.49116504361908,29.3482364021554,-5.09720354655354));
#2879=CARTESIAN_POINT('Ctrl Pts',(4.63637748634973,29.2007176990436,-7.01959978304973));
#2880=CARTESIAN_POINT('Ctrl Pts',(6.48556879675764,29.0777854464503,-7.21407786109232));
#2881=CARTESIAN_POINT('Ctrl Pts',(7.62144744556505,28.9794396443758,-6.44089334447703));
#2882=CARTESIAN_POINT('Ctrl Pts',(8.31385460292231,28.8810938423011,-5.25412296819328));
#2883=CARTESIAN_POINT('Ctrl Pts',(7.99120790374603,28.758161589708,-3.42266490200436));
#2884=CARTESIAN_POINT('Ctrl Pts',(5.9942475323935,28.6106428865961,-2.41420713123191));
#2885=CARTESIAN_POINT('Ctrl Pts',(3.99225743944702,28.4631241834842,-3.40531229514629));
#2886=CARTESIAN_POINT('Ctrl Pts',(3.58133935272502,28.3156054803723,-5.60169183256635));
#2887=CARTESIAN_POINT('Ctrl Pts',(5.09208582155189,28.1680867772605,-7.24871139636667));
#2888=CARTESIAN_POINT('Ctrl Pts',(7.31583423739257,28.0205680741485,-7.02933123355547));
#2889=CARTESIAN_POINT('Ctrl Pts',(8.47548171938207,27.8730493710367,-5.11909600524452));
#2890=CARTESIAN_POINT('Ctrl Pts',(7.64403154732189,27.7255306679248,-3.04499761387996));
#2891=CARTESIAN_POINT('Ctrl Pts',(5.48574289069664,27.578011964813,-2.46465536226796));
#2892=CARTESIAN_POINT('Ctrl Pts',(3.72674932358944,27.430493261701,-3.84266181854226));
#2893=CARTESIAN_POINT('Ctrl Pts',(3.77122855673356,27.2829745585892,-6.07611115024504));
#2894=CARTESIAN_POINT('Ctrl Pts',(5.58731658624187,27.1354558554772,-7.38245098385397));
#2895=CARTESIAN_POINT('Ctrl Pts',(7.36108871282239,27.0125236028841,-6.82364505471467));
#2896=CARTESIAN_POINT('Ctrl Pts',(8.09439187530331,26.9141778008094,-5.6617326440762));
#2897=CARTESIAN_POINT('Ctrl Pts',(8.25642377036245,26.8158319987349,-4.29728778804562));
#2898=CARTESIAN_POINT('Ctrl Pts',(7.2301834344568,26.6928997461416,-2.74635241803967));
#2899=CARTESIAN_POINT('Ctrl Pts',(4.99708545483428,26.5453810430298,-2.61745659479793));
#2900=CARTESIAN_POINT('Ctrl Pts',(3.55566190690438,26.3978623399179,-4.32481439642712));
#2901=CARTESIAN_POINT('Ctrl Pts',(4.05445681859058,26.250343636806,-6.50196239023402));
#2902=CARTESIAN_POINT('Ctrl Pts',(6.09702341011763,26.1028249336941,-7.41128880398428));
#2903=CARTESIAN_POINT('Ctrl Pts',(8.04862100365085,25.9553062305823,-6.32301799666185));
#2904=CARTESIAN_POINT('Ctrl Pts',(8.35085543956583,25.8077875274704,-4.10917663010787));
#2905=CARTESIAN_POINT('Ctrl Pts',(6.76122395063987,25.6602688243585,-2.53821603643211));
#2906=CARTESIAN_POINT('Ctrl Pts',(4.55086883739483,25.5127501212466,-2.86672058512853));
#2907=CARTESIAN_POINT('Ctrl Pts',(3.48639327121468,25.3652314181347,-4.8312207501173));
#2908=CARTESIAN_POINT('Ctrl Pts',(4.41887176267301,25.2177127150229,-6.86265082245922));
#2909=CARTESIAN_POINT('Ctrl Pts',(6.60193095592273,25.070194011911,-7.3356907464857));
#2910=CARTESIAN_POINT('Ctrl Pts',(8.29286294805113,24.9226753087991,-5.87339746012344));
#2911=CARTESIAN_POINT('Ctrl Pts',(8.13711501446364,24.7751566056872,-3.64417596486081));
#2912=CARTESIAN_POINT('Ctrl Pts',(6.26144371431124,24.6276379025754,-2.42991924594223));
#2913=CARTESIAN_POINT('Ctrl Pts',(4.1639653199636,24.4801191994634,-3.20135422865122));
#2914=CARTESIAN_POINT('Ctrl Pts',(3.5219761124445,24.3326004963516,-5.34175209922985));
#2915=CARTESIAN_POINT('Ctrl Pts',(4.84817709086544,24.1850817932397,-7.14026446169749));
#2916=CARTESIAN_POINT('Ctrl Pts',(7.08294195138867,24.0375630901278,-7.1591619409833));
#2917=CARTESIAN_POINT('Ctrl Pts',(8.43924345816598,23.8900443870159,-5.38349439171184));
#2918=CARTESIAN_POINT('Ctrl Pts',(7.83409714880435,23.7425256839041,-3.23233230411198));
#2919=CARTESIAN_POINT('Ctrl Pts',(5.74907468405272,23.5950069807922,-2.425951756435));
#2920=CARTESIAN_POINT('Ctrl Pts',(3.85343840993911,23.4474882776803,-3.60747185680682));
#2921=CARTESIAN_POINT('Ctrl Pts',(3.66063042694862,23.2999695745684,-5.83439694756702));
#2922=CARTESIAN_POINT('Ctrl Pts',(5.32529936045662,23.1524508714566,-7.32477790626203));
#2923=CARTESIAN_POINT('Ctrl Pts',(7.51685996472171,23.0049321683447,-6.88874110790136));
#2924=CARTESIAN_POINT('Ctrl Pts',(8.48377011100433,22.8574134652328,-4.87350659361709));
#2925=CARTESIAN_POINT('Ctrl Pts',(7.45229966240742,22.7098947621209,-2.8916979532743));
#2926=CARTESIAN_POINT('Ctrl Pts',(5.2487031258365,22.5623760590091,-2.52451584368911));
#2927=CARTESIAN_POINT('Ctrl Pts',(3.63112143561905,22.4148573558972,-4.07097408876389));
#2928=CARTESIAN_POINT('Ctrl Pts',(3.85392727098436,22.2919251033039,-5.91649426187026));
#2929=CARTESIAN_POINT('Ctrl Pts',(4.86214113405625,22.1935793012294,-6.85061238179378));
#2930=CARTESIAN_POINT('Ctrl Pts',(6.17321112283054,22.0952334991548,-7.26055189036391));
#2931=CARTESIAN_POINT('Ctrl Pts',(7.88655257879574,21.9723012465615,-6.53676814564454));
#2932=CARTESIAN_POINT('Ctrl Pts',(8.42322724079838,21.8247825434497,-4.36504001805802));
#2933=CARTESIAN_POINT('Ctrl Pts',(7.0099671638919,21.6772638403378,-2.63505584972653));
#2934=CARTESIAN_POINT('Ctrl Pts',(4.77726757805991,21.5297451372259,-2.72523450777984));
#2935=CARTESIAN_POINT('Ctrl Pts',(3.50941268054818,21.382226434114,-4.56577826620405));
#2936=CARTESIAN_POINT('Ctrl Pts',(4.22007687528735,21.2347077310021,-6.68426522857438));
#2937=CARTESIAN_POINT('Ctrl Pts',(6.34107902941218,21.0871890278903,-7.38790656400628));
#2938=CARTESIAN_POINT('Ctrl Pts',(8.17706070065329,20.9396703247784,-6.11392582378432));
#2939=CARTESIAN_POINT('Ctrl Pts',(8.26040311544681,20.7921516216665,-3.88084526851925));
#2940=CARTESIAN_POINT('Ctrl Pts',(6.52450403674975,20.6446329185546,-2.47358236111216));
#2941=CARTESIAN_POINT('Ctrl Pts',(4.35693919756501,20.4971142154427,-3.0170797729484));
#2942=CARTESIAN_POINT('Ctrl Pts',(3.49035537013739,20.3495955123309,-5.07686065135572));
#2943=CARTESIAN_POINT('Ctrl Pts',(4.61744253731303,20.202076809219,-7.00647561868161));
#2944=CARTESIAN_POINT('Ctrl Pts',(6.83728557546376,20.0545581061071,-7.2634488160554));
#2945=CARTESIAN_POINT('Ctrl Pts',(8.37542327857966,19.9070394029952,-5.64244286307611));
#2946=CARTESIAN_POINT('Ctrl Pts',(8.00241573852829,19.7595206998834,-3.43906832417016));
#2947=CARTESIAN_POINT('Ctrl Pts',(6.01629926649309,19.6120019967715,-2.4148469129795));
#2948=CARTESIAN_POINT('Ctrl Pts',(4.00490253716525,19.4644832936596,-3.38798955345076));
#2949=CARTESIAN_POINT('Ctrl Pts',(3.57568807970384,19.3169645905477,-5.58157456723734));
#2950=CARTESIAN_POINT('Ctrl Pts',(5.07135753219194,19.1694458874359,-7.24042365126587));
#2951=CARTESIAN_POINT('Ctrl Pts',(7.29841666781098,19.021927184324,-7.04087060919556));
#2952=CARTESIAN_POINT('Ctrl Pts',(8.47283076313106,18.8744084812121,-5.14022542008202));
#2953=CARTESIAN_POINT('Ctrl Pts',(7.66121093612895,18.7268897781002,-3.0593315103116));
#2954=CARTESIAN_POINT('Ctrl Pts',(5.5043005669419,18.5793710749883,-2.46039426494611));
#2955=CARTESIAN_POINT('Ctrl Pts',(3.93698403615158,18.4482433388889,-3.67204201929247));
#2956=CARTESIAN_POINT('Ctrl Pts',(3.71219971084177,18.3335065698019,-5.29736033334539));
#2957=CARTESIAN_POINT('Ctrl Pts',(4.35037912464513,18.2351607677273,-6.54234444827246));
#2958=CARTESIAN_POINT('Ctrl Pts',(5.59787588688061,18.1368149656527,-7.18812408825286));
#2959=CARTESIAN_POINT('Ctrl Pts',(6.98597863932194,18.0384691635781,-6.99140652212607));
#2960=CARTESIAN_POINT('Ctrl Pts',(8.00474496689081,17.9401233615035,-6.02721214255388));
#2961=CARTESIAN_POINT('Ctrl Pts',(8.27597234591573,17.8417775594289,-4.65075524201011));
#2962=CARTESIAN_POINT('Ctrl Pts',(7.69982177511012,17.7434317573544,-3.37210619850551));
#2963=CARTESIAN_POINT('Ctrl Pts',(6.48915369757955,17.6450859552798,-2.66337303162016));
#2964=CARTESIAN_POINT('Ctrl Pts',(5.09210549511363,17.5467401532052,-2.7870916182301));
#2965=CARTESIAN_POINT('Ctrl Pts',(4.02471091377142,17.4483943511306,-3.69763554192288));
#2966=CARTESIAN_POINT('Ctrl Pts',(3.68273745274497,17.350048549056,-5.05743425140697));
#2967=CARTESIAN_POINT('Ctrl Pts',(4.21204135090938,17.2476050052283,-6.41997385003598));
#2968=CARTESIAN_POINT('Ctrl Pts',(5.52873509428778,17.1410637196475,-7.21566726977966));
#2969=CARTESIAN_POINT('Ctrl Pts',(7.10908255622772,17.0304246923136,-6.97301323323548));
#2970=CARTESIAN_POINT('Ctrl Pts',(8.1667679391967,16.9197856649797,-5.7751317571475));
#2971=CARTESIAN_POINT('Ctrl Pts',(8.21201972464601,16.8091466376458,-4.1774050911227));
#2972=CARTESIAN_POINT('Ctrl Pts',(7.22327213325298,16.6985076103119,-2.92163288027167));
#2973=CARTESIAN_POINT('Ctrl Pts',(5.65969619058795,16.587868582978,-2.59047700407385));
#2974=CARTESIAN_POINT('Ctrl Pts',(4.24680874614243,16.4772295556441,-3.33770435685566));
#2975=CARTESIAN_POINT('Ctrl Pts',(3.64040728992994,16.3665905283101,-4.81648448561244));
#2976=CARTESIAN_POINT('Ctrl Pts',(4.12189963498876,16.2559515009763,-6.34052814355459));
#2977=CARTESIAN_POINT('Ctrl Pts',(5.4678166588502,16.1453124736423,-7.20251076517354));
#2978=CARTESIAN_POINT('Ctrl Pts',(7.05355347841914,16.0346734463084,-7.00238469444394));
#2979=CARTESIAN_POINT('Ctrl Pts',(8.1430669351685,15.9240344189745,-5.83303225336794));
#2980=CARTESIAN_POINT('Ctrl Pts',(8.23090186381135,15.8133953916406,-4.23714573801396));
#2981=CARTESIAN_POINT('Ctrl Pts',(7.27591461296571,15.7027563643067,-2.95540399669099));
#2982=CARTESIAN_POINT('Ctrl Pts',(5.72205900042187,15.5921173369728,-2.58262820922081));
#2983=CARTESIAN_POINT('Ctrl Pts',(4.28903249229203,15.4814783096389,-3.29190611912372));
#2984=CARTESIAN_POINT('Ctrl Pts',(3.75225216865127,15.389279120194,-4.51023107577967));
#2985=CARTESIAN_POINT('Ctrl Pts',(3.86338769348002,15.315519768638,-5.52234917059338));
#2986=CARTESIAN_POINT('Ctrl Pts',(4.30558769093277,15.2417604170821,-6.4395152534162));
#2987=CARTESIAN_POINT('Ctrl Pts',(5.40650444128071,15.1495612276372,-7.18813418122871));
#2988=CARTESIAN_POINT('Ctrl Pts',(6.99762157318159,15.0389222003033,-7.03006213156437));
#2989=CARTESIAN_POINT('Ctrl Pts',(8.11769130162085,14.9282831729693,-5.89038016762098));
#2990=CARTESIAN_POINT('Ctrl Pts',(8.24816085140498,14.8176441456354,-4.29732233994217));
#2991=CARTESIAN_POINT('Ctrl Pts',(7.3278280870725,14.7070051183015,-2.99058253980991));
#2992=CARTESIAN_POINT('Ctrl Pts',(5.78415877060042,14.5963660909676,-2.57645850794866));
#2993=CARTESIAN_POINT('Ctrl Pts',(4.33340289138905,14.4857270636337,-3.2472078372819));
#2994=CARTESIAN_POINT('Ctrl Pts',(3.64895558944209,14.3750880362998,-4.69154960856977));
#2995=CARTESIAN_POINT('Ctrl Pts',(4.04841835029868,14.2644490089659,-6.23905584381285));
#2996=CARTESIAN_POINT('Ctrl Pts',(5.34643783161794,14.153809981632,-7.17175630961625));
#2997=CARTESIAN_POINT('Ctrl Pts',(6.94055474653711,14.0431709542981,-7.056305978407));
#2998=CARTESIAN_POINT('Ctrl Pts',(8.09099636590445,13.9325319269642,-5.94722237151796));
#2999=CARTESIAN_POINT('Ctrl Pts',(8.26373153224819,13.8218928996303,-4.3573566254896));
#3000=CARTESIAN_POINT('Ctrl Pts',(7.673707121704,13.7481335480743,-3.47164414772373));
#3001=CARTESIAN_POINT('Ctrl Pts',(7.27043281903434,13.7112538722963,-3.17366273331805));
#3002=CARTESIAN_POINT('Ctrl Pts',(4.65463250607457,38.3999999996822,-3.41946620348616));
#3003=CARTESIAN_POINT('Ctrl Pts',(4.3083164993936,38.3631203239043,-3.72762253997178));
#3004=CARTESIAN_POINT('Ctrl Pts',(3.83932567469672,38.2893609723483,-4.59255661006197));
#3005=CARTESIAN_POINT('Ctrl Pts',(4.13163419418695,38.1787219450144,-6.04186667145385));
#3006=CARTESIAN_POINT('Ctrl Pts',(5.28381494832777,38.0680829176805,-6.96656373069269));
#3007=CARTESIAN_POINT('Ctrl Pts',(6.76119613512185,37.9574438903466,-6.93923157132573));
#3008=CARTESIAN_POINT('Ctrl Pts',(7.87809875118837,37.8468048630127,-5.97168733390409));
#3009=CARTESIAN_POINT('Ctrl Pts',(8.11616395501304,37.7361658356788,-4.51341325279944));
#3010=CARTESIAN_POINT('Ctrl Pts',(7.36492091712822,37.6255268083449,-3.24098176348791));
#3011=CARTESIAN_POINT('Ctrl Pts',(5.97298420128509,37.514887781011,-2.74503290729628));
#3012=CARTESIAN_POINT('Ctrl Pts',(4.58644191280115,37.4042487536771,-3.25571545603689));
#3013=CARTESIAN_POINT('Ctrl Pts',(3.84862939431366,37.2936097263431,-4.53597798358433));
#3014=CARTESIAN_POINT('Ctrl Pts',(4.10229125957223,37.1829706990093,-5.99176968752146));
#3015=CARTESIAN_POINT('Ctrl Pts',(5.22907367665383,37.0723316716753,-6.94718470933814));
#3016=CARTESIAN_POINT('Ctrl Pts',(6.70726564183466,36.9616926443415,-6.95934574572826));
#3017=CARTESIAN_POINT('Ctrl Pts',(7.65812656226145,36.8694934548964,-6.17780764970987));
#3018=CARTESIAN_POINT('Ctrl Pts',(7.9883783390726,36.7957341033406,-5.29630524342166));
#3019=CARTESIAN_POINT('Ctrl Pts',(8.00585964576415,36.7219747517846,-4.35513216414752));
#3020=CARTESIAN_POINT('Ctrl Pts',(7.40951964577625,36.6297755623397,-3.27841607951612));
#3021=CARTESIAN_POINT('Ctrl Pts',(6.03067657884581,36.5191365350057,-2.74550786561457));
#3022=CARTESIAN_POINT('Ctrl Pts',(4.63128988768744,36.4084975076719,-3.21897482405598));
#3023=CARTESIAN_POINT('Ctrl Pts',(3.85947525777981,36.297858480338,-4.47912680586678));
#3024=CARTESIAN_POINT('Ctrl Pts',(4.07412102070185,36.187219453004,-5.94109627280014));
#3025=CARTESIAN_POINT('Ctrl Pts',(5.17525649510844,36.0765804256701,-6.92639120218737));
#3026=CARTESIAN_POINT('Ctrl Pts',(6.65202178082458,35.9659413983362,-6.97772061682999));
#3027=CARTESIAN_POINT('Ctrl Pts',(7.81894824894074,35.8553023710023,-6.07127477435949));
#3028=CARTESIAN_POINT('Ctrl Pts',(8.13451142398061,35.7446633436684,-4.6277197752374));
#3029=CARTESIAN_POINT('Ctrl Pts',(7.45222559831554,35.6340243163345,-3.31705177746136));
#3030=CARTESIAN_POINT('Ctrl Pts',(6.08876841614953,35.5233852890006,-2.74748983062437));
#3031=CARTESIAN_POINT('Ctrl Pts',(4.67689497762107,35.4127462616667,-3.18350168240741));
#3032=CARTESIAN_POINT('Ctrl Pts',(3.87191434940682,35.3021072343328,-4.42247727769513));
#3033=CARTESIAN_POINT('Ctrl Pts',(4.0473253318407,35.1914682069989,-5.88989750353811));
#3034=CARTESIAN_POINT('Ctrl Pts',(5.12190386903152,35.0808291796649,-6.90376259182495));
#3035=CARTESIAN_POINT('Ctrl Pts',(6.59657289522863,34.9701901523311,-6.99542098118307));
#3036=CARTESIAN_POINT('Ctrl Pts',(7.65531075325275,34.8718443502565,-6.21593147322302));
#3037=CARTESIAN_POINT('Ctrl Pts',(8.03872043022877,34.7857917734412,-5.17540850723385));
#3038=CARTESIAN_POINT('Ctrl Pts',(7.91459833896098,34.6874459713666,-3.90876579535547));
#3039=CARTESIAN_POINT('Ctrl Pts',(6.68346324853133,34.5645137187734,-2.71160155950867));
#3040=CARTESIAN_POINT('Ctrl Pts',(4.64055596383603,34.4169950156615,-3.03295397710058));
#3041=CARTESIAN_POINT('Ctrl Pts',(3.67411486424557,34.2694763125496,-4.8611478883926));
#3042=CARTESIAN_POINT('Ctrl Pts',(4.40864224683195,34.1465440599564,-6.41493678266369));
#3043=CARTESIAN_POINT('Ctrl Pts',(5.56535618070719,34.0481982578818,-6.9410727590662));
#3044=CARTESIAN_POINT('Ctrl Pts',(6.83524189035914,33.9498524558072,-6.91685982845302));
#3045=CARTESIAN_POINT('Ctrl Pts',(8.12653587197813,33.826920203214,-5.7824904363544));
#3046=CARTESIAN_POINT('Ctrl Pts',(7.96387369422206,33.6794015001021,-3.72002773854367));
#3047=CARTESIAN_POINT('Ctrl Pts',(6.21786118947844,33.5318827969903,-2.61622944582234));
#3048=CARTESIAN_POINT('Ctrl Pts',(4.28661440473642,33.3843640938783,-3.34508368348556));
#3049=CARTESIAN_POINT('Ctrl Pts',(3.71147696352106,33.2368453907665,-5.33351507417528));
#3050=CARTESIAN_POINT('Ctrl Pts',(4.85049457950825,33.1016199129139,-6.84038513822511));
#3051=CARTESIAN_POINT('Ctrl Pts',(6.48619344743406,32.9786876603207,-7.02267497505948));
#3052=CARTESIAN_POINT('Ctrl Pts',(7.71976014750733,32.8680486329868,-6.21527540665242));
#3053=CARTESIAN_POINT('Ctrl Pts',(8.15089503408909,32.7574096056529,-4.80015685157265));
#3054=CARTESIAN_POINT('Ctrl Pts',(7.57508885855329,32.646770578319,-3.43983366807628));
#3055=CARTESIAN_POINT('Ctrl Pts',(6.26185431132076,32.5361315509851,-2.76266826420268));
#3056=CARTESIAN_POINT('Ctrl Pts',(4.8194832247071,32.4254925236512,-3.08446357497418));
#3057=CARTESIAN_POINT('Ctrl Pts',(3.91802379932237,32.3148534963173,-4.25509175283765));
#3058=CARTESIAN_POINT('Ctrl Pts',(3.97546829183543,32.2042144689833,-5.73165071504837));
#3059=CARTESIAN_POINT('Ctrl Pts',(4.96545105141873,32.0935754416495,-6.82868106315705));
#3060=CARTESIAN_POINT('Ctrl Pts',(6.42817187531598,31.9829364143155,-7.03710031515826));
#3061=CARTESIAN_POINT('Ctrl Pts',(7.685327531229,31.8722973869816,-6.26022819260481));
#3062=CARTESIAN_POINT('Ctrl Pts',(8.15245409075491,31.7616583596477,-4.85844221808115));
#3063=CARTESIAN_POINT('Ctrl Pts',(7.61469071394237,31.6510193323138,-3.48269305798631));
#3064=CARTESIAN_POINT('Ctrl Pts',(6.31787517484985,31.5403803049799,-2.77072440161613));
#3065=CARTESIAN_POINT('Ctrl Pts',(4.87111264404743,31.429741277646,-3.05440574664167));
#3066=CARTESIAN_POINT('Ctrl Pts',(3.82751951845618,31.3068090250527,-4.32672400554806));
#3067=CARTESIAN_POINT('Ctrl Pts',(4.06462474198172,31.1715835472002,-6.2015198997231));
#3068=CARTESIAN_POINT('Ctrl Pts',(5.86455664007146,31.0240648440883,-7.22176339306685));
#3069=CARTESIAN_POINT('Ctrl Pts',(7.75662472537637,30.8765461409764,-6.39663949311987));
#3070=CARTESIAN_POINT('Ctrl Pts',(8.23493663775055,30.7290274378646,-4.38411103945764));
#3071=CARTESIAN_POINT('Ctrl Pts',(7.13170366096891,30.6060951852713,-3.06557741334902));
#3072=CARTESIAN_POINT('Ctrl Pts',(5.88066470867116,30.5077493831968,-2.84702380692955));
#3073=CARTESIAN_POINT('Ctrl Pts',(4.65744881744855,30.4094035811221,-3.18909049438097));
#3074=CARTESIAN_POINT('Ctrl Pts',(3.69276440015056,30.286471328529,-4.61229786626386));
#3075=CARTESIAN_POINT('Ctrl Pts',(4.36918194533718,30.138952625417,-6.56680264448201));
#3076=CARTESIAN_POINT('Ctrl Pts',(6.33571891576853,29.9914339223052,-7.19756887735583));
#3077=CARTESIAN_POINT('Ctrl Pts',(8.02209800579858,29.8439152191932,-6.0041152783619));
#3078=CARTESIAN_POINT('Ctrl Pts',(8.07931243688047,29.6963965160814,-3.93902056220408));
#3079=CARTESIAN_POINT('Ctrl Pts',(6.46241559122822,29.5488778129695,-2.65275537505808));
#3080=CARTESIAN_POINT('Ctrl Pts',(4.46306054518356,29.4013591098577,-3.17561863064313));
#3081=CARTESIAN_POINT('Ctrl Pts',(3.67955486422458,29.2538404067457,-5.08559302323823));
#3082=CARTESIAN_POINT('Ctrl Pts',(4.74002425931976,29.1063217036339,-6.86184345229139));
#3083=CARTESIAN_POINT('Ctrl Pts',(6.44978889558123,28.9833894510406,-7.0399933442574));
#3084=CARTESIAN_POINT('Ctrl Pts',(7.49922898481999,28.8850436489661,-6.32416702745945));
#3085=CARTESIAN_POINT('Ctrl Pts',(8.138308057215,28.7866978468915,-5.2263722291834));
#3086=CARTESIAN_POINT('Ctrl Pts',(7.83838795254255,28.6637655942983,-3.53346249401295));
#3087=CARTESIAN_POINT('Ctrl Pts',(5.99128492406852,28.5162468911864,-2.60291363906838));
#3088=CARTESIAN_POINT('Ctrl Pts',(4.14131221115113,28.3687281880745,-3.52098048475358));
#3089=CARTESIAN_POINT('Ctrl Pts',(3.76337092654317,28.2212094849626,-5.55191605277736));
#3090=CARTESIAN_POINT('Ctrl Pts',(5.1615340746706,28.0736907818507,-7.07325309669003));
#3091=CARTESIAN_POINT('Ctrl Pts',(7.21721117268658,27.9261720787389,-6.86845446692067));
#3092=CARTESIAN_POINT('Ctrl Pts',(8.28761329803646,27.7786533756269,-5.10139484620357));
#3093=CARTESIAN_POINT('Ctrl Pts',(7.51708450781395,27.6311346725151,-3.18461532366619));
#3094=CARTESIAN_POINT('Ctrl Pts',(5.5212133970036,27.4836159694032,-2.6500061740659));
#3095=CARTESIAN_POINT('Ctrl Pts',(3.8962373447784,27.3360972662914,-3.92554987682072));
#3096=CARTESIAN_POINT('Ctrl Pts',(3.93934735441635,27.1885785631794,-5.99035125768527));
#3097=CARTESIAN_POINT('Ctrl Pts',(5.61949780230774,27.0410598600676,-7.19645544275259));
#3098=CARTESIAN_POINT('Ctrl Pts',(7.25886611392204,26.9181276074744,-6.67825569213387));
#3099=CARTESIAN_POINT('Ctrl Pts',(7.93577597709191,26.8197818053997,-5.60340589256995));
#3100=CARTESIAN_POINT('Ctrl Pts',(8.08436086043659,26.7214360033252,-4.34182190496964));
#3101=CARTESIAN_POINT('Ctrl Pts',(7.13421283861787,26.598503750732,-2.90888403540797));
#3102=CARTESIAN_POINT('Ctrl Pts',(5.06958190286749,26.4509850476201,-2.79170718527449));
#3103=CARTESIAN_POINT('Ctrl Pts',(3.73849504547858,26.3034663445082,-4.37145593926764));
#3104=CARTESIAN_POINT('Ctrl Pts',(4.20157321118068,26.1559476413963,-6.3838018360609));
#3105=CARTESIAN_POINT('Ctrl Pts',(6.09075132599134,26.0084289382844,-7.2226623651989));
#3106=CARTESIAN_POINT('Ctrl Pts',(7.89404925391553,25.8609102351726,-6.21481001681263));
#3107=CARTESIAN_POINT('Ctrl Pts',(8.1714961330933,25.7133915320607,-4.16782761649362));
#3108=CARTESIAN_POINT('Ctrl Pts',(6.70047089661668,25.5658728289488,-2.71687792089926));
#3109=CARTESIAN_POINT('Ctrl Pts',(4.65727317599648,25.4183541258369,-3.02255093787021));
#3110=CARTESIAN_POINT('Ctrl Pts',(3.67490652756126,25.270835422725,-4.83969420008605));
#3111=CARTESIAN_POINT('Ctrl Pts',(4.5387987860582,25.1233167196132,-6.71693652408753));
#3112=CARTESIAN_POINT('Ctrl Pts',(6.55747491250075,24.9757980165013,-7.15232185619604));
#3113=CARTESIAN_POINT('Ctrl Pts',(8.11945246022106,24.8282793133894,-5.79891490873169));
#3114=CARTESIAN_POINT('Ctrl Pts',(7.97347744753273,24.6807606102775,-3.73812126178723));
#3115=CARTESIAN_POINT('Ctrl Pts',(6.23832381668352,24.5332419071656,-2.61720169777336));
#3116=CARTESIAN_POINT('Ctrl Pts',(4.29987586574279,24.3857232040538,-3.33226680772892));
#3117=CARTESIAN_POINT('Ctrl Pts',(3.70825770725533,24.2382045009419,-5.31165263460413));
#3118=CARTESIAN_POINT('Ctrl Pts',(4.93594202827827,24.09068579783,-6.97321024981974));
#3119=CARTESIAN_POINT('Ctrl Pts',(7.0020160714329,23.9431670947182,-6.98869131102136));
#3120=CARTESIAN_POINT('Ctrl Pts',(8.25434616303671,23.7956483916063,-5.34586544782111));
#3121=CARTESIAN_POINT('Ctrl Pts',(7.69296841392162,23.6481296884944,-3.35763843787607));
#3122=CARTESIAN_POINT('Ctrl Pts',(5.76463119111334,23.5006109853825,-2.61398995883313));
#3123=CARTESIAN_POINT('Ctrl Pts',(4.01315295307117,23.3530922822706,-3.7080021134818));
#3124=CARTESIAN_POINT('Ctrl Pts',(3.8368833308038,23.2055735791588,-5.76698313313144));
#3125=CARTESIAN_POINT('Ctrl Pts',(5.37720950346058,23.0580548760469,-7.14336950616193));
#3126=CARTESIAN_POINT('Ctrl Pts',(7.40293581689402,22.910536172935,-6.73829883658671));
#3127=CARTESIAN_POINT('Ctrl Pts',(8.29505731107194,22.7630174698231,-4.87433817020521));
#3128=CARTESIAN_POINT('Ctrl Pts',(7.3396904157545,22.6154987667112,-3.04305933635318));
#3129=CARTESIAN_POINT('Ctrl Pts',(5.30212162094169,22.4679800635994,-2.70555869218332));
#3130=CARTESIAN_POINT('Ctrl Pts',(3.80803192618244,22.3204613604875,-4.13671148804577));
#3131=CARTESIAN_POINT('Ctrl Pts',(4.01566082721043,22.1975291078942,-5.84271057362288));
#3132=CARTESIAN_POINT('Ctrl Pts',(4.94859400600746,22.0991833058197,-6.70541225039117));
#3133=CARTESIAN_POINT('Ctrl Pts',(6.16105321641809,22.000837503745,-7.0832371481759));
#3134=CARTESIAN_POINT('Ctrl Pts',(7.74440608425573,21.8779052511519,-6.41256794033997));
#3135=CARTESIAN_POINT('Ctrl Pts',(8.23863222925871,21.7303865480399,-4.40431085424418));
#3136=CARTESIAN_POINT('Ctrl Pts',(6.93052212826016,21.5828678449281,-2.80618557953195));
#3137=CARTESIAN_POINT('Ctrl Pts',(4.86645456523892,21.4353491418162,-2.89154440942519));
#3138=CARTESIAN_POINT('Ctrl Pts',(3.69595180379255,21.2878304387043,-4.59427007314466));
#3139=CARTESIAN_POINT('Ctrl Pts',(4.35485255771963,21.1403117355925,-6.55219471985692));
#3140=CARTESIAN_POINT('Ctrl Pts',(6.31636179253702,20.9927930324806,-7.20082801009315));
#3141=CARTESIAN_POINT('Ctrl Pts',(8.01260656454984,20.8452743293687,-6.02138833711126));
#3142=CARTESIAN_POINT('Ctrl Pts',(8.08766896427881,20.6977556262568,-3.95681406749599));
#3143=CARTESIAN_POINT('Ctrl Pts',(6.48156397621132,20.5502369231449,-2.65733435853828));
#3144=CARTESIAN_POINT('Ctrl Pts',(4.4781176167377,20.4027182200331,-3.16173184118163));
#3145=CARTESIAN_POINT('Ctrl Pts',(3.67878823349739,20.2551995169212,-5.06678661963809));
#3146=CARTESIAN_POINT('Ctrl Pts',(4.72250704524765,20.1076808138093,-6.84972688150702));
#3147=CARTESIAN_POINT('Ctrl Pts',(6.77499772517348,19.9601621106974,-7.08532405663695));
#3148=CARTESIAN_POINT('Ctrl Pts',(8.19557448675503,19.8126434075855,-5.58532211022391));
#3149=CARTESIAN_POINT('Ctrl Pts',(7.84876430465925,19.6651247044737,-3.54861761435709));
#3150=CARTESIAN_POINT('Ctrl Pts',(6.01167248729917,19.5176060013618,-2.60348547620039));
#3151=CARTESIAN_POINT('Ctrl Pts',(4.15298726857577,19.3700872982499,-3.50495423638187));
#3152=CARTESIAN_POINT('Ctrl Pts',(3.75812838997917,19.222568595138,-5.53332248836859));
#3153=CARTESIAN_POINT('Ctrl Pts',(5.14236322645508,19.0750498920262,-7.06560949749132));
#3154=CARTESIAN_POINT('Ctrl Pts',(7.20111877085274,18.9275311889143,-6.87913820703999));
#3155=CARTESIAN_POINT('Ctrl Pts',(8.28518128025285,18.7800124858024,-5.12093151710076));
#3156=CARTESIAN_POINT('Ctrl Pts',(7.5329797521544,18.6324937826905,-3.19785182069225));
#3157=CARTESIAN_POINT('Ctrl Pts',(5.53836630495202,18.4849750795786,-2.64605023773578));
#3158=CARTESIAN_POINT('Ctrl Pts',(4.09044905162994,18.3538473434792,-3.76762337063454));
#3159=CARTESIAN_POINT('Ctrl Pts',(3.88408133863447,18.2391105743922,-5.27044275445504));
#3160=CARTESIAN_POINT('Ctrl Pts',(4.47519163966983,18.1407647723176,-6.42087181054194));
#3161=CARTESIAN_POINT('Ctrl Pts',(5.62908691652773,18.042418970243,-7.01678935189893));
#3162=CARTESIAN_POINT('Ctrl Pts',(6.91222336615588,17.9440731681684,-6.83368647700018));
#3163=CARTESIAN_POINT('Ctrl Pts',(7.853222166388,17.8457273660938,-5.94137429283828));
#3164=CARTESIAN_POINT('Ctrl Pts',(8.10274830865584,17.7473815640192,-4.66858789006661));
#3165=CARTESIAN_POINT('Ctrl Pts',(7.56895427745005,17.6490357619447,-3.48698001163467));
#3166=CARTESIAN_POINT('Ctrl Pts',(6.44905129962884,17.5506899598701,-2.83282876900728));
#3167=CARTESIAN_POINT('Ctrl Pts',(5.15757970858814,17.4523441577955,-2.94845144764937));
#3168=CARTESIAN_POINT('Ctrl Pts',(4.17157598036436,17.3539983557209,-3.7912066713493));
#3169=CARTESIAN_POINT('Ctrl Pts',(3.85662964737302,17.2556525536463,-5.04865546732113));
#3170=CARTESIAN_POINT('Ctrl Pts',(4.34718832628777,17.1532090098186,-6.3078624768171));
#3171=CARTESIAN_POINT('Ctrl Pts',(5.56519025151506,17.0466677242378,-7.042314761137));
#3172=CARTESIAN_POINT('Ctrl Pts',(7.02601751403217,16.9360286969039,-6.81657213380614));
#3173=CARTESIAN_POINT('Ctrl Pts',(8.00278917163093,16.82538966957,-5.70817979348522));
#3174=CARTESIAN_POINT('Ctrl Pts',(8.04320220106553,16.7147506422361,-4.23102897328036));
#3175=CARTESIAN_POINT('Ctrl Pts',(7.1279793665194,16.6041116149022,-3.07093831956845));
#3176=CARTESIAN_POINT('Ctrl Pts',(5.68214658550528,16.4934725875683,-2.76617436210386));
#3177=CARTESIAN_POINT('Ctrl Pts',(4.37658665078505,16.3828335602344,-3.45824978128142));
#3178=CARTESIAN_POINT('Ctrl Pts',(3.8172805468313,16.2721945329005,-4.82593325754437));
#3179=CARTESIAN_POINT('Ctrl Pts',(4.26378089009056,16.1615555055666,-6.23449456896428));
#3180=CARTESIAN_POINT('Ctrl Pts',(5.50885897391095,16.0509164782326,-7.03020571508757));
#3181=CARTESIAN_POINT('Ctrl Pts',(6.97470661095519,15.9402774508987,-6.8437757156999));
#3182=CARTESIAN_POINT('Ctrl Pts',(7.9809289631992,15.8296384235648,-5.76173034858304));
#3183=CARTESIAN_POINT('Ctrl Pts',(8.06071207924858,15.7189993962309,-4.28624284655529));
#3184=CARTESIAN_POINT('Ctrl Pts',(7.17667780418195,15.608360368897,-3.10211310182141));
#3185=CARTESIAN_POINT('Ctrl Pts',(5.73979450538625,15.4977213415631,-2.75886256699736));
#3186=CARTESIAN_POINT('Ctrl Pts',(4.41558202193457,15.3870823142292,-3.41587135915123));
#3187=CARTESIAN_POINT('Ctrl Pts',(3.92040936078299,15.2948831247843,-4.54270006076748));
#3188=CARTESIAN_POINT('Ctrl Pts',(4.02405612695596,15.2211237732283,-5.47831201913371));
#3189=CARTESIAN_POINT('Ctrl Pts',(4.43368999652974,15.1473644216724,-6.32584538471779));
#3190=CARTESIAN_POINT('Ctrl Pts',(5.45216258228571,15.0551652322275,-7.01696902910646));
#3191=CARTESIAN_POINT('Ctrl Pts',(6.92302176791969,14.9445262048936,-6.86941352664045));
#3192=CARTESIAN_POINT('Ctrl Pts',(7.95752006516471,14.8338871775596,-5.81477152449743));
#3193=CARTESIAN_POINT('Ctrl Pts',(8.07672171890773,14.7232481502258,-4.34186121009254));
#3194=CARTESIAN_POINT('Ctrl Pts',(7.22470353970684,14.6126091228918,-3.13458971080179));
#3195=CARTESIAN_POINT('Ctrl Pts',(5.79720070926841,14.5019700955579,-2.75310333751413));
#3196=CARTESIAN_POINT('Ctrl Pts',(4.45656302710281,14.391331068224,-3.37450795118491));
#3197=CARTESIAN_POINT('Ctrl Pts',(3.82507226956678,14.2806920408901,-4.71042240206297));
#3198=CARTESIAN_POINT('Ctrl Pts',(4.19575654107382,14.1700530135562,-6.14074806701544));
#3199=CARTESIAN_POINT('Ctrl Pts',(5.39661591590304,14.0594139862223,-7.00188108054152));
#3200=CARTESIAN_POINT('Ctrl Pts',(6.87028646830861,13.9487749588884,-6.8937269265863));
#3201=CARTESIAN_POINT('Ctrl Pts',(7.93289091938301,13.8381359315545,-5.86734643079869));
#3202=CARTESIAN_POINT('Ctrl Pts',(8.09117055695678,13.7274969042206,-4.39734932843957));
#3203=CARTESIAN_POINT('Ctrl Pts',(7.54489942548858,13.6537375526646,-3.57902714850156));
#3204=CARTESIAN_POINT('Ctrl Pts',(7.17180416949518,13.6168578768866,-3.30389984314112));
#3205=CARTESIAN_POINT('',(4.65463250571425,38.4,-3.41946620307067));
#3206=CARTESIAN_POINT('Ctrl Pts',(7.31384275747152,13.9,-6.40816080636835));
#3207=CARTESIAN_POINT('Ctrl Pts',(7.16116421853107,13.9162583197354,-6.54422783776142));
#3208=CARTESIAN_POINT('Ctrl Pts',(6.98812727950821,13.9325166394708,-6.65732970755043));
#3209=CARTESIAN_POINT('Ctrl Pts',(6.80177545163834,13.9487749592062,-6.74068920345258));
#3210=CARTESIAN_POINT('Ctrl Pts',(6.37906295094149,13.9856546349841,-6.92977831179354));
#3211=CARTESIAN_POINT('Ctrl Pts',(5.88783943333779,14.0225343107621,-6.96582969645347));
#3212=CARTESIAN_POINT('Ctrl Pts',(5.44208444534324,14.0594139865401,-6.84033321982227));
#3213=CARTESIAN_POINT('Ctrl Pts',(4.99632945734867,14.096293662318,-6.71483674319106));
#3214=CARTESIAN_POINT('Ctrl Pts',(4.59604299896324,14.133173338096,-6.42779240526873));
#3215=CARTESIAN_POINT('Ctrl Pts',(4.33411905783654,14.170053013874,-6.0458826254164));
#3216=CARTESIAN_POINT('Ctrl Pts',(4.07219511670983,14.2069326896519,-5.66397284556407));
#3217=CARTESIAN_POINT('Ctrl Pts',(3.94863369284186,14.2438123654299,-5.18719762378176));
#3218=CARTESIAN_POINT('Ctrl Pts',(3.99210144052693,14.2806920412079,-4.72615760435008));
#3219=CARTESIAN_POINT('Ctrl Pts',(4.03556918821199,14.3175717169858,-4.26511758491843));
#3220=CARTESIAN_POINT('Ctrl Pts',(4.24606610745008,14.3544513927638,-3.81981276783742));
#3221=CARTESIAN_POINT('Ctrl Pts',(4.57475418082516,14.3913310685418,-3.49359292365743));
#3222=CARTESIAN_POINT('Ctrl Pts',(4.90344225420027,14.4282107443198,-3.1673730794774));
#3223=CARTESIAN_POINT('Ctrl Pts',(5.35032148171238,14.4650904200977,-2.96023820819843));
#3224=CARTESIAN_POINT('Ctrl Pts',(5.81167823394004,14.5019700958757,-2.92025183479187));
#3225=CARTESIAN_POINT('Ctrl Pts',(6.27303498616769,14.5388497716537,-2.8802654613853));
#3226=CARTESIAN_POINT('Ctrl Pts',(6.74886926311083,14.5757294474316,-3.00742758585114));
#3227=CARTESIAN_POINT('Ctrl Pts',(7.12878943148757,14.6126091232096,-3.27222056468834));
#3228=CARTESIAN_POINT('Ctrl Pts',(7.50870959986428,14.6494887989876,-3.53701354352552));
#3229=CARTESIAN_POINT('Ctrl Pts',(7.79271565967459,14.6863684747656,-3.93943737673409));
#3230=CARTESIAN_POINT('Ctrl Pts',(7.9148517472829,14.7232481505435,-4.38613434580656));
#3231=CARTESIAN_POINT('Ctrl Pts',(8.03698783489122,14.7601278263215,-4.83283131487906));
#3232=CARTESIAN_POINT('Ctrl Pts',(7.99725395029757,14.7970075020995,-5.32380141981551));
#3233=CARTESIAN_POINT('Ctrl Pts',(7.80497062507856,14.8338871778774,-5.74506013935529));
#3234=CARTESIAN_POINT('Ctrl Pts',(7.61268729985955,14.8707668536554,-6.16631885889507));
#3235=CARTESIAN_POINT('Ctrl Pts',(7.26785453401519,14.9076465294334,-6.51786619303816));
#3236=CARTESIAN_POINT('Ctrl Pts',(6.85029495341987,14.9445262052113,-6.71823244385995));
#3237=CARTESIAN_POINT('Ctrl Pts',(6.43273537282456,14.9814058809893,-6.91859869468173));
#3238=CARTESIAN_POINT('Ctrl Pts',(5.94244897747827,15.0182855567673,-6.96778386218221));
#3239=CARTESIAN_POINT('Ctrl Pts',(5.49361126259844,15.0551652325452,-6.854151717016));
#3240=CARTESIAN_POINT('Ctrl Pts',(5.04477354771859,15.0920449083232,-6.74051957184979));
#3241=CARTESIAN_POINT('Ctrl Pts',(4.63738451330519,15.1289245841012,-6.4640701140169));
#3242=CARTESIAN_POINT('Ctrl Pts',(4.36504354527292,15.1658042598792,-6.08940917279977));
#3243=CARTESIAN_POINT('Ctrl Pts',(4.22887306125679,15.1842440977681,-5.90207870219122));
#3244=CARTESIAN_POINT('Ctrl Pts',(4.12646459383595,15.2026839356571,-5.69019536073662));
#3245=CARTESIAN_POINT('Ctrl Pts',(4.06230451435075,15.2211237735461,-5.46730219518135));
#3246=CARTESIAN_POINT('Ctrl Pts',(3.99814443486554,15.2395636114351,-5.24440902962605));
#3247=CARTESIAN_POINT('Ctrl Pts',(3.97223274331598,15.2580034493241,-5.01050603997008));
#3248=CARTESIAN_POINT('Ctrl Pts',(3.98796979303573,15.2764432872131,-4.77944880007114));
#3249=CARTESIAN_POINT('Ctrl Pts',(4.01944389247523,15.313322962991,-4.31733432027329));
#3250=CARTESIAN_POINT('Ctrl Pts',(4.2175129569919,15.350202638769,-3.86660283950357));
#3251=CARTESIAN_POINT('Ctrl Pts',(4.53724956988658,15.387082314547,-3.53173563373041));
#3252=CARTESIAN_POINT('Ctrl Pts',(4.85698618278124,15.4239619903249,-3.19686842795728));
#3253=CARTESIAN_POINT('Ctrl Pts',(5.29839034405389,15.4608416661029,-2.97786549718069));
#3254=CARTESIAN_POINT('Ctrl Pts',(5.7585729745551,15.4977213418809,-2.92557245427962));
#3255=CARTESIAN_POINT('Ctrl Pts',(6.21875560505636,15.5346010176588,-2.87327941137856));
#3256=CARTESIAN_POINT('Ctrl Pts',(6.69771670478619,15.5714806934368,-2.98769625635304));
#3257=CARTESIAN_POINT('Ctrl Pts',(7.08453630053536,15.6083603692148,-3.2422596363507));
#3258=CARTESIAN_POINT('Ctrl Pts',(7.47135589628453,15.6452400449928,-3.49682301634835));
#3259=CARTESIAN_POINT('Ctrl Pts',(7.76603398805302,15.6821197207707,-3.89153293136918));
#3260=CARTESIAN_POINT('Ctrl Pts',(7.90007584792452,15.7189993965487,-4.33480247261844));
#3261=CARTESIAN_POINT('Ctrl Pts',(8.03411770779602,15.7558790723267,-4.7780720138677));
#3262=CARTESIAN_POINT('Ctrl Pts',(8.00752333577053,15.7927587481046,-5.26990118134538));
#3263=CARTESIAN_POINT('Ctrl Pts',(7.82652242433704,15.8296384238826,-5.69615665965269));
#3264=CARTESIAN_POINT('Ctrl Pts',(7.64552151290356,15.8665180996606,-6.12241213796));
#3265=CARTESIAN_POINT('Ctrl Pts',(7.31011406206208,15.9033977754385,-6.48309392709695));
#3266=CARTESIAN_POINT('Ctrl Pts',(6.8981023970667,15.9402774512165,-6.6945064882377));
#3267=CARTESIAN_POINT('Ctrl Pts',(6.48609073207133,15.9771571269945,-6.90591904937845));
#3268=CARTESIAN_POINT('Ctrl Pts',(5.99747485292203,16.0140368027725,-6.96806238252304));
#3269=CARTESIAN_POINT('Ctrl Pts',(5.54565389932075,16.0509164785504,-6.86651552470426));
#3270=CARTESIAN_POINT('Ctrl Pts',(5.09383294571946,16.0877961543284,-6.76496866688548));
#3271=CARTESIAN_POINT('Ctrl Pts',(4.6788069176662,16.1246758301064,-6.49973161810336));
#3272=CARTESIAN_POINT('Ctrl Pts',(4.39687717974337,16.1615555058843,-6.1323528750775));
#3273=CARTESIAN_POINT('Ctrl Pts',(4.11494744182056,16.1984351816623,-5.76497413205166));
#3274=CARTESIAN_POINT('Ctrl Pts',(3.96611399402822,16.2353148574403,-5.29545369478211));
#3275=CARTESIAN_POINT('Ctrl Pts',(3.98491495415076,16.2721945332182,-4.83274623004118));
#3276=CARTESIAN_POINT('Ctrl Pts',(4.00371591427329,16.3090742089962,-4.37003876530025));
#3277=CARTESIAN_POINT('Ctrl Pts',(4.19015128231073,16.3459538847742,-3.91414427308792));
#3278=CARTESIAN_POINT('Ctrl Pts',(4.50096228884303,16.3828335605522,-3.57085112375457));
#3279=CARTESIAN_POINT('Ctrl Pts',(4.81177329537534,16.4197132363301,-3.2275579744212));
#3280=CARTESIAN_POINT('Ctrl Pts',(5.24695994040252,16.4565929121081,-2.99686616796679));
#3281=CARTESIAN_POINT('Ctrl Pts',(5.7055253931512,16.4934725878861,-2.93231425766516));
#3282=CARTESIAN_POINT('Ctrl Pts',(6.16409084589989,16.530352263664,-2.86776234736353));
#3283=CARTESIAN_POINT('Ctrl Pts',(6.64603510637006,16.567231939442,-2.96935033321467));
#3284=CARTESIAN_POINT('Ctrl Pts',(7.03954437573743,16.60411161522,-3.21349276847927));
#3285=CARTESIAN_POINT('Ctrl Pts',(7.43305364510477,16.6409912909979,-3.45763520374384));
#3286=CARTESIAN_POINT('Ctrl Pts',(7.73812792336931,16.6778709667759,-3.84433208842184));
#3287=CARTESIAN_POINT('Ctrl Pts',(7.8839295575931,16.7147506425539,-4.28387233419596));
#3288=CARTESIAN_POINT('Ctrl Pts',(8.02973119181688,16.7516303183318,-4.72341257997008));
#3289=CARTESIAN_POINT('Ctrl Pts',(8.01626018199992,16.7885099941098,-5.21579618684033));
#3290=CARTESIAN_POINT('Ctrl Pts',(7.8467294007796,16.8253896698878,-5.64672004704581));
#3291=CARTESIAN_POINT('Ctrl Pts',(7.67719861955926,16.8622693456658,-6.07764390725132));
#3292=CARTESIAN_POINT('Ctrl Pts',(7.35160806693554,16.8991490214437,-6.44710802079206));
#3293=CARTESIAN_POINT('Ctrl Pts',(6.94534158013708,16.9360286972217,-6.66946384879373));
#3294=CARTESIAN_POINT('Ctrl Pts',(6.53907509333864,16.9729083729997,-6.8918196767954));
#3295=CARTESIAN_POINT('Ctrl Pts',(6.05213267236549,17.0097880487776,-6.96706721925799));
#3296=CARTESIAN_POINT('Ctrl Pts',(5.5978534363013,17.0466677245556,-6.8775742489367));
#3297=CARTESIAN_POINT('Ctrl Pts',(5.14357420023712,17.0835474003336,-6.78808127861541));
#3298=CARTESIAN_POINT('Ctrl Pts',(4.72195814908188,17.1204270761115,-6.53384779551023));
#3299=CARTESIAN_POINT('Ctrl Pts',(4.43005588264964,17.1573067518895,-6.17421846746697));
#3300=CARTESIAN_POINT('Ctrl Pts',(4.17058720137653,17.1900886859144,-5.85454795365073));
#3301=CARTESIAN_POINT('Ctrl Pts',(4.01360842408207,17.2228706199392,-5.4516017105007));
#3302=CARTESIAN_POINT('Ctrl Pts',(3.98761009094857,17.2556525539641,-5.04055378953961));
#3303=CARTESIAN_POINT('Ctrl Pts',(3.96161175781506,17.288434487989,-4.62950586857854));
#3304=CARTESIAN_POINT('Ctrl Pts',(4.06659386884251,17.3212164220138,-4.21035626980642));
#3305=CARTESIAN_POINT('Ctrl Pts',(4.28341887910585,17.3539983560387,-3.86032226643234));
#3306=CARTESIAN_POINT('Ctrl Pts',(4.50024388936921,17.3867802900636,-3.51028826305825));
#3307=CARTESIAN_POINT('Ctrl Pts',(4.82891179886847,17.4195622240884,-3.22936985508221));
#3308=CARTESIAN_POINT('Ctrl Pts',(5.20849101885078,17.4523441581133,-3.06964020464929));
#3309=CARTESIAN_POINT('Ctrl Pts',(5.58807023883311,17.4851260921381,-2.90991055421637));
#3310=CARTESIAN_POINT('Ctrl Pts',(6.01856076929846,17.517908026163,-2.87136966132659));
#3311=CARTESIAN_POINT('Ctrl Pts',(6.42045653088562,17.5506899601879,-2.96112442201689));
#3312=CARTESIAN_POINT('Ctrl Pts',(6.82235229247275,17.5834718942127,-3.05087918270719));
#3313=CARTESIAN_POINT('Ctrl Pts',(7.19565328518172,17.6162538282376,-3.2689295969776));
#3314=CARTESIAN_POINT('Ctrl Pts',(7.47126945342757,17.6490357622624,-3.57488945057256));
#3315=CARTESIAN_POINT('Ctrl Pts',(7.74688562167341,17.6818176962873,-3.88084930416751));
#3316=CARTESIAN_POINT('Ctrl Pts',(7.92481696545619,17.7145996303122,-4.27471859708703));
#3317=CARTESIAN_POINT('Ctrl Pts',(7.97219494695744,17.747381564337,-4.68378431073357));
#3318=CARTESIAN_POINT('Ctrl Pts',(8.0195729284587,17.7801634983619,-5.09285002438012));
#3319=CARTESIAN_POINT('Ctrl Pts',(7.9363975476784,17.8129454323868,-5.51711215875368));
#3320=CARTESIAN_POINT('Ctrl Pts',(7.7379767238726,17.8457273664116,-5.87796192334111));
#3321=CARTESIAN_POINT('Ctrl Pts',(7.5395559000668,17.8785093004365,-6.23881168792854));
#3322=CARTESIAN_POINT('Ctrl Pts',(7.22588963323549,17.9112912344613,-6.53624908272984));
#3323=CARTESIAN_POINT('Ctrl Pts',(6.85520042482291,17.9440731684862,-6.71548492595459));
#3324=CARTESIAN_POINT('Ctrl Pts',(6.48451121641034,17.976855102511,-6.89472076917933));
#3325=CARTESIAN_POINT('Ctrl Pts',(6.0567990664165,18.0096370365359,-6.95575506082753));
#3326=CARTESIAN_POINT('Ctrl Pts',(5.65062711189074,18.0424189705608,-6.88695261639748));
#3327=CARTESIAN_POINT('Ctrl Pts',(5.24445515736499,18.0752009045857,-6.81815017196744));
#3328=CARTESIAN_POINT('Ctrl Pts',(4.85982339830732,18.1079828386105,-6.61951099145916));
#3329=CARTESIAN_POINT('Ctrl Pts',(4.56898913524618,18.1407647726354,-6.32845322513748));
#3330=CARTESIAN_POINT('Ctrl Pts',(4.27815487218504,18.1735467066602,-6.0373954588158));
#3331=CARTESIAN_POINT('Ctrl Pts',(4.08111810512044,18.2063286406851,-5.65391910668073));
#3332=CARTESIAN_POINT('Ctrl Pts',(4.01208082345349,18.2391105747099,-5.24749244715136));
#3333=CARTESIAN_POINT('Ctrl Pts',(3.94304354178654,18.2718925087348,-4.84106578762198));
#3334=CARTESIAN_POINT('Ctrl Pts',(4.00200574551725,18.3046744427597,-4.4116888206983));
#3335=CARTESIAN_POINT('Ctrl Pts',(4.18217479312807,18.3374563767845,-4.04190532722389));
#3336=CARTESIAN_POINT('Ctrl Pts',(4.45242836454431,18.3866292778218,-3.48723008701227));
#3337=CARTESIAN_POINT('Ctrl Pts',(4.99539733469083,18.4358021788591,-3.06664016206152));
#3338=CARTESIAN_POINT('Ctrl Pts',(5.59931739438888,18.4849750798964,-2.94831213010534));
#3339=CARTESIAN_POINT('Ctrl Pts',(6.20323745408692,18.5341479809337,-2.82998409814916));
#3340=CARTESIAN_POINT('Ctrl Pts',(6.86810860333651,18.583320881971,-3.01391795918755));
#3341=CARTESIAN_POINT('Ctrl Pts',(7.32591109934438,18.6324937830083,-3.42639817253003));
#3342=CARTESIAN_POINT('Ctrl Pts',(7.78371359535225,18.6816666840456,-3.83887838587252));
#3343=CARTESIAN_POINT('Ctrl Pts',(8.0344474381184,18.7308395850829,-4.4799049515191));
#3344=CARTESIAN_POINT('Ctrl Pts',(7.97913727455077,18.7800124861202,-5.09345268274553));
#3345=CARTESIAN_POINT('Ctrl Pts',(7.92382711098314,18.8291853871575,-5.70700041397195));
#3346=CARTESIAN_POINT('Ctrl Pts',(7.56247294108171,18.8783582881948,-6.29306931077821));
#3347=CARTESIAN_POINT('Ctrl Pts',(7.03866993197029,18.9275311892321,-6.61718230759722));
#3348=CARTESIAN_POINT('Ctrl Pts',(6.51486692285887,18.9767040902694,-6.94129530441624));
#3349=CARTESIAN_POINT('Ctrl Pts',(5.82861507453745,19.0258769913067,-7.00345240124803));
#3350=CARTESIAN_POINT('Ctrl Pts',(5.2547833442349,19.0750498923439,-6.77914978140579));
#3351=CARTESIAN_POINT('Ctrl Pts',(4.68095161393235,19.1242227933812,-6.55484716156355));
#3352=CARTESIAN_POINT('Ctrl Pts',(4.21954000164867,19.1733956944185,-6.0440848250473));
#3353=CARTESIAN_POINT('Ctrl Pts',(4.05464400862554,19.2225685954558,-5.45064228136534));
#3354=CARTESIAN_POINT('Ctrl Pts',(3.88974801560241,19.2717414964931,-4.8571997376834));
#3355=CARTESIAN_POINT('Ctrl Pts',(4.02136764183983,19.3209143975304,-4.18107698683575));
#3356=CARTESIAN_POINT('Ctrl Pts',(4.39695832483145,19.3700872985677,-3.69277081800814));
#3357=CARTESIAN_POINT('Ctrl Pts',(4.77254900782307,19.419260199605,-3.20446464918053));
#3358=CARTESIAN_POINT('Ctrl Pts',(5.39211074756891,19.4684331006423,-2.90397506237293));
#3359=CARTESIAN_POINT('Ctrl Pts',(6.00807358708545,19.5176060016796,-2.91125229203963));
#3360=CARTESIAN_POINT('Ctrl Pts',(6.62403642660202,19.5667789027169,-2.91852952170633));
#3361=CARTESIAN_POINT('Ctrl Pts',(7.23640036588927,19.6159518037542,-3.23357356784732));
#3362=CARTESIAN_POINT('Ctrl Pts',(7.60038403256357,19.6651247047915,-3.73054634032249));
#3363=CARTESIAN_POINT('Ctrl Pts',(7.96436769923784,19.7142976058288,-4.22751911279763));
#3364=CARTESIAN_POINT('Ctrl Pts',(8.07997109329916,19.763470506866,-4.90642061160691));
#3365=CARTESIAN_POINT('Ctrl Pts',(7.90100999666694,19.8126434079033,-5.49587168548162));
#3366=CARTESIAN_POINT('Ctrl Pts',(7.72204890003472,19.8618163089406,-6.08532275935633));
#3367=CARTESIAN_POINT('Ctrl Pts',(7.24852331270891,19.9109892099779,-6.58532340829649));
#3368=CARTESIAN_POINT('Ctrl Pts',(6.66967873896449,19.9601621110152,-6.79605753689957));
#3369=CARTESIAN_POINT('Ctrl Pts',(6.09083416522007,20.0093350120525,-7.00679166550264));
#3370=CARTESIAN_POINT('Ctrl Pts',(5.40667060505705,20.0585079130898,-6.92825927376868));
#3371=CARTESIAN_POINT('Ctrl Pts',(4.89063568963703,20.1076808141271,-6.59183636750793));
#3372=CARTESIAN_POINT('Ctrl Pts',(4.374600774217,20.1568537151644,-6.25541346124717));
#3373=CARTESIAN_POINT('Ctrl Pts',(4.02669450354001,20.2060266162017,-5.66110004045958));
#3374=CARTESIAN_POINT('Ctrl Pts',(3.98596293211265,20.255199517239,-5.04643420023624));
#3375=CARTESIAN_POINT('Ctrl Pts',(3.94523136068528,20.3043724182763,-4.43176836001291));
#3376=CARTESIAN_POINT('Ctrl Pts',(4.2116744885075,20.3535453193135,-3.79675010035382));
#3377=CARTESIAN_POINT('Ctrl Pts',(4.67880377908962,20.4027182203508,-3.39517472339509));
#3378=CARTESIAN_POINT('Ctrl Pts',(5.14593306967176,20.4518911213881,-2.99359934643634));
#3379=CARTESIAN_POINT('Ctrl Pts',(5.81374852301385,20.5010640224254,-2.825466852178));
#3380=CARTESIAN_POINT('Ctrl Pts',(6.41534041443563,20.5502369234627,-2.95798055660228));
#3381=CARTESIAN_POINT('Ctrl Pts',(7.01693230585738,20.5994098245,-3.09049426102656));
#3382=CARTESIAN_POINT('Ctrl Pts',(7.55230063535884,20.6485827255373,-3.5236541641334));
#3383=CARTESIAN_POINT('Ctrl Pts',(7.8074744001501,20.6977556265746,-4.08432982738391));
#3384=CARTESIAN_POINT('Ctrl Pts',(8.06264816494137,20.7469285276119,-4.64500549063443));
#3385=CARTESIAN_POINT('Ctrl Pts',(8.03762736502242,20.7961014286492,-5.33319691402859));
#3386=CARTESIAN_POINT('Ctrl Pts',(7.74240950298241,20.8452743296865,-5.87386590460905));
#3387=CARTESIAN_POINT('Ctrl Pts',(7.44719164094239,20.8944472307238,-6.4145348951895));
#3388=CARTESIAN_POINT('Ctrl Pts',(6.88177671678133,20.9436201317611,-6.80768145295621));
#3389=CARTESIAN_POINT('Ctrl Pts',(6.27215104880841,20.9927930327983,-6.89614918343601));
#3390=CARTESIAN_POINT('Ctrl Pts',(5.66252538083548,21.0419659338356,-6.98461691391581));
#3391=CARTESIAN_POINT('Ctrl Pts',(5.0086889690507,21.0911388348729,-6.76840581710868));
#3392=CARTESIAN_POINT('Ctrl Pts',(4.57195397080808,21.1403117359102,-6.33397949416298));
#3393=CARTESIAN_POINT('Ctrl Pts',(4.13521897256547,21.1894846369475,-5.89955317121728));
#3394=CARTESIAN_POINT('Ctrl Pts',(3.91558538786501,21.2386575379848,-5.24691162213301));
#3395=CARTESIAN_POINT('Ctrl Pts',(4.00085238914381,21.2878304390221,-4.63680323689363));
#3396=CARTESIAN_POINT('Ctrl Pts',(4.08611939042261,21.3370033400594,-4.02669485165426));
#3397=CARTESIAN_POINT('Ctrl Pts',(4.47628697768064,21.3861762410967,-3.45911963025979));
#3398=CARTESIAN_POINT('Ctrl Pts',(5.01538203190781,21.435349142134,-3.16110554791097));
#3399=CARTESIAN_POINT('Ctrl Pts',(5.55447708613498,21.4845220431713,-2.86309146556216));
#3400=CARTESIAN_POINT('Ctrl Pts',(6.2424996073313,21.5336949442086,-2.83463852225901));
#3401=CARTESIAN_POINT('Ctrl Pts',(6.80452921815487,21.5828678452459,-3.08676626313345));
#3402=CARTESIAN_POINT('Ctrl Pts',(7.36655882897845,21.6320407462832,-3.33889400400789));
#3403=CARTESIAN_POINT('Ctrl Pts',(7.8025955294293,21.6812136473204,-3.87160242905995));
#3404=CARTESIAN_POINT('Ctrl Pts',(7.93824285546374,21.7303865483577,-4.47266615602699));
#3405=CARTESIAN_POINT('Ctrl Pts',(8.07389018149818,21.779559449395,-5.07372988299404));
#3406=CARTESIAN_POINT('Ctrl Pts',(7.90914813311621,21.8287323504324,-5.74314891187607));
#3407=CARTESIAN_POINT('Ctrl Pts',(7.51010653527017,21.8779052514696,-6.21199226792004));
#3408=CARTESIAN_POINT('Ctrl Pts',(7.11106493742414,21.9270781525069,-6.68083562396399));
#3409=CARTESIAN_POINT('Ctrl Pts',(6.47772379011405,21.9762510535442,-6.94910330716988));
#3410=CARTESIAN_POINT('Ctrl Pts',(5.86245700409649,22.0254239545815,-6.91258423560756));
#3411=CARTESIAN_POINT('Ctrl Pts',(5.55482361108771,22.0500104051001,-6.8943246998264));
#3412=CARTESIAN_POINT('Ctrl Pts',(5.25170880840203,22.0745968556188,-6.79986847535318));
#3413=CARTESIAN_POINT('Ctrl Pts',(4.98353475967791,22.0991833061374,-6.64480265349048));
#3414=CARTESIAN_POINT('Ctrl Pts',(4.71536071095378,22.1237697566561,-6.48973683162779));
#3415=CARTESIAN_POINT('Ctrl Pts',(4.48212741619121,22.1483562071747,-6.27406141237565));
#3416=CARTESIAN_POINT('Ctrl Pts',(4.31279662627752,22.1729426576934,-6.01654452713774));
#3417=CARTESIAN_POINT('Ctrl Pts',(3.97413504645015,22.2221155587307,-5.50151075666194));
#3418=CARTESIAN_POINT('Ctrl Pts',(3.89108348601851,22.271288459768,-4.81911112224319));
#3419=CARTESIAN_POINT('Ctrl Pts',(4.09857265499852,22.3204613608053,-4.23938583899206));
#3420=CARTESIAN_POINT('Ctrl Pts',(4.30606182397853,22.3696342618426,-3.65966055574094));
#3421=CARTESIAN_POINT('Ctrl Pts',(4.80409172237018,22.4188071628798,-3.1826096236574));
#3422=CARTESIAN_POINT('Ctrl Pts',(5.39270147079462,22.4679800639171,-3.00033426499392));
#3423=CARTESIAN_POINT('Ctrl Pts',(5.98131121921909,22.5171529649544,-2.81805890633044));
#3424=CARTESIAN_POINT('Ctrl Pts',(6.66050081767634,22.5663258659917,-2.93055912108703));
#3425=CARTESIAN_POINT('Ctrl Pts',(7.15932343283391,22.615498767029,-3.29202236752513));
#3426=CARTESIAN_POINT('Ctrl Pts',(7.65814604799148,22.6646716680663,-3.65348561396322));
#3427=CARTESIAN_POINT('Ctrl Pts',(7.97660167984936,22.7138445691036,-4.26391189208282));
#3428=CARTESIAN_POINT('Ctrl Pts',(7.98714258004002,22.7630174701409,-4.87978514229107));
#3429=CARTESIAN_POINT('Ctrl Pts',(7.99768348023068,22.8121903711782,-5.49565839249932));
#3430=CARTESIAN_POINT('Ctrl Pts',(7.70030964875412,22.8613632722155,-6.11697861479623));
#3431=CARTESIAN_POINT('Ctrl Pts',(7.2140016806839,22.9105361732528,-6.4951505042246));
#3432=CARTESIAN_POINT('Ctrl Pts',(6.72769371261366,22.9597090742901,-6.873322393653));
#3433=CARTESIAN_POINT('Ctrl Pts',(6.05245160794973,23.0088819753274,-7.00834595021282));
#3434=CARTESIAN_POINT('Ctrl Pts',(5.45810952677186,23.0580548763646,-6.84645999959035));
#3435=CARTESIAN_POINT('Ctrl Pts',(4.86376744559402,23.1072277774019,-6.68457404896787));
#3436=CARTESIAN_POINT('Ctrl Pts',(4.35032538790223,23.1564006784392,-6.22577859116313));
#3437=CARTESIAN_POINT('Ctrl Pts',(4.12298262944352,23.2055735794765,-5.65321735889158));
#3438=CARTESIAN_POINT('Ctrl Pts',(3.8956398709848,23.2547464805138,-5.08065612662004));
#3439=CARTESIAN_POINT('Ctrl Pts',(3.95439641175915,23.3039193815511,-4.39432911988171));
#3440=CARTESIAN_POINT('Ctrl Pts',(4.2756877219009,23.3530922825884,-3.86883025735533));
#3441=CARTESIAN_POINT('Ctrl Pts',(4.59697903204266,23.4022651836257,-3.34333139482895));
#3442=CARTESIAN_POINT('Ctrl Pts',(5.18080511155181,23.451438084663,-2.97866067651452));
#3443=CARTESIAN_POINT('Ctrl Pts',(5.79410768852902,23.5006109857003,-2.92026673056633));
#3444=CARTESIAN_POINT('Ctrl Pts',(6.40741026550622,23.5497838867376,-2.86187278461814));
#3445=CARTESIAN_POINT('Ctrl Pts',(7.05018933995148,23.5989567877749,-3.10975561103619));
#3446=CARTESIAN_POINT('Ctrl Pts',(7.46514183538451,23.6481296888122,-3.5650681926608));
#3447=CARTESIAN_POINT('Ctrl Pts',(7.88009433081754,23.6973025898495,-4.02038077428541));
#3448=CARTESIAN_POINT('Ctrl Pts',(8.06722024723835,23.7464754908867,-4.68312311111659));
#3449=CARTESIAN_POINT('Ctrl Pts',(7.95206152345645,23.795648391924,-5.28829859014009));
#3450=CARTESIAN_POINT('Ctrl Pts',(7.83690279967456,23.8448212929613,-5.8934740691636));
#3451=CARTESIAN_POINT('Ctrl Pts',(7.41945943568995,23.8939941939986,-6.44108269037942));
#3452=CARTESIAN_POINT('Ctrl Pts',(6.86639207974389,23.9431670950359,-6.71230682411848));
#3453=CARTESIAN_POINT('Ctrl Pts',(6.31332472379783,23.9923399960732,-6.98353095785754));
#3454=CARTESIAN_POINT('Ctrl Pts',(5.62463337589031,24.0415128971105,-6.97837060411983));
#3455=CARTESIAN_POINT('Ctrl Pts',(5.07567364837746,24.0906857981478,-6.69886415797153));
#3456=CARTESIAN_POINT('Ctrl Pts',(4.52671392086461,24.1398586991851,-6.41935771182323));
#3457=CARTESIAN_POINT('Ctrl Pts',(4.11748581374642,24.1890316002224,-5.86550517326435));
#3458=CARTESIAN_POINT('Ctrl Pts',(4.01147478663016,24.2382045012597,-5.25868126608203));
#3459=CARTESIAN_POINT('Ctrl Pts',(3.9054637595139,24.287377402297,-4.65185735889971));
#3460=CARTESIAN_POINT('Ctrl Pts',(4.10266981239958,24.3365503033343,-3.99206208309396));
#3461=CARTESIAN_POINT('Ctrl Pts',(4.52434749742176,24.3857232043716,-3.54298692683353));
#3462=CARTESIAN_POINT('Ctrl Pts',(4.94602518244395,24.4348961054088,-3.09391177057309));
#3463=CARTESIAN_POINT('Ctrl Pts',(5.59217449960265,24.4840690064461,-2.85555673385799));
#3464=CARTESIAN_POINT('Ctrl Pts',(6.20444143006904,24.5332419074834,-2.92319914288844));
#3465=CARTESIAN_POINT('Ctrl Pts',(6.81670836053543,24.5824148085207,-2.9908415519189));
#3466=CARTESIAN_POINT('Ctrl Pts',(7.39509290430951,24.631587709558,-3.36448140669493));
#3467=CARTESIAN_POINT('Ctrl Pts',(7.70861434498343,24.6807606105953,-3.89476694200152));
#3468=CARTESIAN_POINT('Ctrl Pts',(8.02213578565735,24.7299335116326,-4.42505247730812));
#3469=CARTESIAN_POINT('Ctrl Pts',(8.0707941232311,24.7791064126699,-5.11198369314527));
#3470=CARTESIAN_POINT('Ctrl Pts',(7.8347937006589,24.8282793137072,-5.68101712570234));
#3471=CARTESIAN_POINT('Ctrl Pts',(7.5987932780867,24.8774522147445,-6.2500505582594));
#3472=CARTESIAN_POINT('Ctrl Pts',(7.07813409536854,24.9266251157818,-6.70118620753638));
#3473=CARTESIAN_POINT('Ctrl Pts',(6.48135848284348,24.9757980168191,-6.85418981013565));
#3474=CARTESIAN_POINT('Ctrl Pts',(5.88458287031842,25.0249709178564,-7.00719341273492));
#3475=CARTESIAN_POINT('Ctrl Pts',(5.21169082798644,25.0741438188937,-6.8620649686565));
#3476=CARTESIAN_POINT('Ctrl Pts',(4.73126276369915,25.1233167199309,-6.47662702586386));
#3477=CARTESIAN_POINT('Ctrl Pts',(4.25083469941186,25.1724896209682,-6.09118908307123));
#3478=CARTESIAN_POINT('Ctrl Pts',(3.96287061316925,25.2216625220055,-5.46544164156438));
#3479=CARTESIAN_POINT('Ctrl Pts',(3.98261634483322,25.2708354230428,-4.84971071035897));
#3480=CARTESIAN_POINT('Ctrl Pts',(4.00236207649718,25.3200083240801,-4.23397977915355));
#3481=CARTESIAN_POINT('Ctrl Pts',(4.32981762606775,25.3691812251174,-3.62826535824956));
#3482=CARTESIAN_POINT('Ctrl Pts',(4.83407835438351,25.4183541261547,-3.27446264495628));
#3483=CARTESIAN_POINT('Ctrl Pts',(5.33833908269927,25.467527027192,-2.920659931663));
#3484=CARTESIAN_POINT('Ctrl Pts',(6.01940498976022,25.5166999282293,-2.8187689259804));
#3485=CARTESIAN_POINT('Ctrl Pts',(6.60510881610335,25.5658728292666,-3.00964837247216));
#3486=CARTESIAN_POINT('Ctrl Pts',(7.1908126424465,25.6150457303039,-3.20052781896392));
#3487=CARTESIAN_POINT('Ctrl Pts',(7.68115438807182,25.6642186313412,-3.68417771763007));
#3488=CARTESIAN_POINT('Ctrl Pts',(7.88008411434093,25.7133915323785,-4.26716640044326));
#3489=CARTESIAN_POINT('Ctrl Pts',(8.07901384061003,25.7625644334158,-4.85015508325646));
#3490=CARTESIAN_POINT('Ctrl Pts',(7.98653154752296,25.8117373344531,-5.53248255021667));
#3491=CARTESIAN_POINT('Ctrl Pts',(7.63974074624218,25.8609102354903,-6.04162167513963));
#3492=CARTESIAN_POINT('Ctrl Pts',(7.29294994496141,25.9100831365276,-6.55076080006258));
#3493=CARTESIAN_POINT('Ctrl Pts',(6.6918506354869,25.9592560375649,-6.88671158294825));
#3494=CARTESIAN_POINT('Ctrl Pts',(6.07643796152849,26.0084289386022,-6.91487688616187));
#3495=CARTESIAN_POINT('Ctrl Pts',(5.46102528757009,26.0576018396395,-6.94304218937549));
#3496=CARTESIAN_POINT('Ctrl Pts',(4.83129924912776,26.1067747406768,-6.66342201291709));
#3497=CARTESIAN_POINT('Ctrl Pts',(4.43925653560287,26.1559476417141,-6.18822094179655));
#3498=CARTESIAN_POINT('Ctrl Pts',(4.04721382207797,26.2051205427514,-5.713019870676));
#3499=CARTESIAN_POINT('Ctrl Pts',(3.89285443347053,26.2542934437887,-5.04223790489333));
#3500=CARTESIAN_POINT('Ctrl Pts',(4.03752254879352,26.303466344826,-4.44355546293153));
#3501=CARTESIAN_POINT('Ctrl Pts',(4.18219066411652,26.3526392458633,-3.84487302096973));
#3502=CARTESIAN_POINT('Ctrl Pts',(4.62588628336999,26.4018121469006,-3.31829010282879));
#3503=CARTESIAN_POINT('Ctrl Pts',(5.19183924904963,26.4509850479379,-3.07452811878716));
#3504=CARTESIAN_POINT('Ctrl Pts',(5.75779221472929,26.5001579489751,-2.83076613474552));
#3505=CARTESIAN_POINT('Ctrl Pts',(6.44600252683513,26.5493308500125,-2.86982508480317));
#3506=CARTESIAN_POINT('Ctrl Pts',(6.98013728730303,26.5985037510497,-3.17594213382379));
#3507=CARTESIAN_POINT('Ctrl Pts',(7.51427204777092,26.647676652087,-3.4820591828444));
#3508=CARTESIAN_POINT('Ctrl Pts',(7.89433125660086,26.6968495531243,-4.05523433082794));
#3509=CARTESIAN_POINT('Ctrl Pts',(7.97148936508086,26.7460224541616,-4.66682070947132));
#3510=CARTESIAN_POINT('Ctrl Pts',(8.01006841932086,26.7706089046802,-4.97261389879301));
#3511=CARTESIAN_POINT('Ctrl Pts',(7.97292219847337,26.7951953551989,-5.28800989577967));
#3512=CARTESIAN_POINT('Ctrl Pts',(7.86973535512966,26.8197818057175,-5.58006411925512));
#3513=CARTESIAN_POINT('Ctrl Pts',(7.76654851178595,26.8443682562362,-5.87211834273058));
#3514=CARTESIAN_POINT('Ctrl Pts',(7.59732104594603,26.8689547067548,-6.14083079269482));
#3515=CARTESIAN_POINT('Ctrl Pts',(7.37521151458161,26.8935411572735,-6.35451907605469));
#3516=CARTESIAN_POINT('Ctrl Pts',(6.93099245185281,26.9427140583108,-6.7818956427744));
#3517=CARTESIAN_POINT('Ctrl Pts',(6.2752451270261,26.9918869593481,-6.98917554307657));
#3518=CARTESIAN_POINT('Ctrl Pts',(5.66734638988792,27.0410598603854,-6.89179812899353));
#3519=CARTESIAN_POINT('Ctrl Pts',(5.05944765274973,27.0902327614227,-6.79442071491048));
#3520=CARTESIAN_POINT('Ctrl Pts',(4.49939750330006,27.1394056624599,-6.39238598644223));
#3521=CARTESIAN_POINT('Ctrl Pts',(4.21218742696813,27.1885785634972,-5.84723505863606));
#3522=CARTESIAN_POINT('Ctrl Pts',(3.9249773506362,27.2377514645345,-5.30208413082988));
#3523=CARTESIAN_POINT('Ctrl Pts',(3.91060734742201,27.2869243655718,-4.61381700368578));
#3524=CARTESIAN_POINT('Ctrl Pts',(4.17425168792765,27.3360972666091,-4.05709282293043));
#3525=CARTESIAN_POINT('Ctrl Pts',(4.43789602843328,27.3852701676464,-3.50036864217508));
#3526=CARTESIAN_POINT('Ctrl Pts',(4.97955471265873,27.4344430686837,-3.0751874078085));
#3527=CARTESIAN_POINT('Ctrl Pts',(5.58302923999765,27.483615969721,-2.95169831558425));
#3528=CARTESIAN_POINT('Ctrl Pts',(6.18650376733657,27.5327888707583,-2.82820922336));
#3529=CARTESIAN_POINT('Ctrl Pts',(6.85179413778896,27.5819617717956,-3.0064122732781));
#3530=CARTESIAN_POINT('Ctrl Pts',(7.31286078808641,27.6311346728329,-3.41497705208164));
#3531=CARTESIAN_POINT('Ctrl Pts',(7.77392743838386,27.6803075738702,-3.82354183088519));
#3532=CARTESIAN_POINT('Ctrl Pts',(8.03077036852638,27.7294804749075,-4.46246833857417));
#3533=CARTESIAN_POINT('Ctrl Pts',(7.98079147932259,27.7786533759447,-5.07644152928518));
#3534=CARTESIAN_POINT('Ctrl Pts',(7.93081259011881,27.827826276982,-5.6904147199962));
#3535=CARTESIAN_POINT('Ctrl Pts',(7.5740118815687,27.8769991780193,-6.27943459372923));
#3536=CARTESIAN_POINT('Ctrl Pts',(7.05299867753001,27.9261720790566,-6.60807763556549));
#3537=CARTESIAN_POINT('Ctrl Pts',(6.53198547349133,27.9753449800939,-6.93672067740174));
#3538=CARTESIAN_POINT('Ctrl Pts',(5.84675977396406,28.0245178811312,-7.00498688734123));
#3539=CARTESIAN_POINT('Ctrl Pts',(5.27111973278269,28.0736907821685,-6.785563818255));
#3540=CARTESIAN_POINT('Ctrl Pts',(4.69547969160132,28.1228636832058,-6.56614074916878));
#3541=CARTESIAN_POINT('Ctrl Pts',(4.22942530876584,28.1720365842431,-6.05902840105685));
#3542=CARTESIAN_POINT('Ctrl Pts',(4.05938833146793,28.2212094852804,-5.46698296557077));
#3543=CARTESIAN_POINT('Ctrl Pts',(3.88935135417002,28.2703823863177,-4.87493753008468));
#3544=CARTESIAN_POINT('Ctrl Pts',(4.01533178240968,28.319555287355,-4.19795900722443));
#3545=CARTESIAN_POINT('Ctrl Pts',(4.38665078210103,28.3687281883923,-3.7064586048058));
#3546=CARTESIAN_POINT('Ctrl Pts',(4.75796978179239,28.4179010894296,-3.21495820238716));
#3547=CARTESIAN_POINT('Ctrl Pts',(5.37462735293543,28.4670739904669,-2.90893592041014));
#3548=CARTESIAN_POINT('Ctrl Pts',(5.99080664333671,28.5162468915041,-2.91101625528943));
#3549=CARTESIAN_POINT('Ctrl Pts',(6.60698593373799,28.5654197925414,-2.91309659016872));
#3550=CARTESIAN_POINT('Ctrl Pts',(7.22268694339751,28.6145926935787,-3.22327954190434));
#3551=CARTESIAN_POINT('Ctrl Pts',(7.59052146917706,28.663765594616,-3.71695296489953));
#3552=CARTESIAN_POINT('Ctrl Pts',(7.95835599495661,28.7129384956533,-4.21062638789471));
#3553=CARTESIAN_POINT('Ctrl Pts',(8.07832403685618,28.7621113966906,-4.88779028214944));
#3554=CARTESIAN_POINT('Ctrl Pts',(7.9052870266312,28.8112842977279,-5.47944317975956));
#3555=CARTESIAN_POINT('Ctrl Pts',(7.81876852151871,28.8358707482465,-5.77526962856461));
#3556=CARTESIAN_POINT('Ctrl Pts',(7.65899875337507,28.8604571987652,-6.04971832820851));
#3557=CARTESIAN_POINT('Ctrl Pts',(7.44793385811204,28.8850436492838,-6.27642096765434));
#3558=CARTESIAN_POINT('Ctrl Pts',(7.236868962849,28.9096300998025,-6.50312360710017));
#3559=CARTESIAN_POINT('Ctrl Pts',(6.97450894046657,28.9342165503211,-6.68208018634792));
#3560=CARTESIAN_POINT('Ctrl Pts',(6.68561794976289,28.9588030008398,-6.78950791304503));
#3561=CARTESIAN_POINT('Ctrl Pts',(6.10783596835552,29.0079759018771,-7.00436336643925));
#3562=CARTESIAN_POINT('Ctrl Pts',(5.42393011366317,29.0571488029144,-6.93310340963086));
#3563=CARTESIAN_POINT('Ctrl Pts',(4.90523228708692,29.1063217039517,-6.60143169296914));
#3564=CARTESIAN_POINT('Ctrl Pts',(4.38653446051067,29.155494604989,-6.26975997630742));
#3565=CARTESIAN_POINT('Ctrl Pts',(4.03304466205053,29.2046675060262,-5.67767649979237));
#3566=CARTESIAN_POINT('Ctrl Pts',(3.98688404301729,29.2538404070635,-5.06330569601528));
#3567=CARTESIAN_POINT('Ctrl Pts',(3.94072342398405,29.3030133081008,-4.44893489223819));
#3568=CARTESIAN_POINT('Ctrl Pts',(4.20189198437774,29.3521862091381,-3.81227676119906));
#3569=CARTESIAN_POINT('Ctrl Pts',(4.66570210567393,29.4013591101754,-3.40680381972587));
#3570=CARTESIAN_POINT('Ctrl Pts',(5.12951222697012,29.4505320112127,-3.00133087825268));
#3571=CARTESIAN_POINT('Ctrl Pts',(5.79596390916883,29.49970491225,-2.82704312634542));
#3572=CARTESIAN_POINT('Ctrl Pts',(6.39867255795021,29.5488778132873,-2.95427678164266));
#3573=CARTESIAN_POINT('Ctrl Pts',(7.0013812067316,29.5980507143246,-3.08151043693991));
#3574=CARTESIAN_POINT('Ctrl Pts',(7.54034682209567,29.6472236153619,-3.51026549944166));
#3575=CARTESIAN_POINT('Ctrl Pts',(7.80029389126023,29.6963965163992,-4.06882548348009));
#3576=CARTESIAN_POINT('Ctrl Pts',(8.06024096042479,29.7455694174365,-4.62738546751851));
#3577=CARTESIAN_POINT('Ctrl Pts',(8.04116948338983,29.7947423184738,-5.31575037309361));
#3578=CARTESIAN_POINT('Ctrl Pts',(7.75057056312272,29.843915219511,-5.85884175910051));
#3579=CARTESIAN_POINT('Ctrl Pts',(7.45997164285561,29.8930881205483,-6.4019331451074));
#3580=CARTESIAN_POINT('Ctrl Pts',(6.89784527935634,29.9422610215856,-6.7997510115461));
#3581=CARTESIAN_POINT('Ctrl Pts',(6.28902593577843,29.9914339226229,-6.89353223925643));
#3582=CARTESIAN_POINT('Ctrl Pts',(5.6802065922005,30.0406068236602,-6.98731346696676));
#3583=CARTESIAN_POINT('Ctrl Pts',(5.02469426854392,30.0897797246975,-6.77705805594873));
#3584=CARTESIAN_POINT('Ctrl Pts',(4.58420184915467,30.1389526257348,-6.34617955398006));
#3585=CARTESIAN_POINT('Ctrl Pts',(4.14370942976544,30.1881255267721,-5.91530105201141));
#3586=CARTESIAN_POINT('Ctrl Pts',(3.91823691464354,30.2372984278094,-5.26379945909215));
#3587=CARTESIAN_POINT('Ctrl Pts',(3.99843754059623,30.2864713288467,-4.65340718817837));
#3588=CARTESIAN_POINT('Ctrl Pts',(4.07863816654891,30.335644229884,-4.04301491726459));
#3589=CARTESIAN_POINT('Ctrl Pts',(4.46451193357618,30.3848171309212,-3.4737319683563));
#3590=CARTESIAN_POINT('Ctrl Pts',(5.00087515310528,30.4339900319586,-3.16994875620648));
#3591=CARTESIAN_POINT('Ctrl Pts',(5.26905676286984,30.4585764824772,-3.01805715013157));
#3592=CARTESIAN_POINT('Ctrl Pts',(5.57486073575984,30.4831629329959,-2.93254047824628));
#3593=CARTESIAN_POINT('Ctrl Pts',(5.88414259128496,30.5077493835145,-2.91710134311413));
#3594=CARTESIAN_POINT('Ctrl Pts',(6.19342444681008,30.5323358340332,-2.90166220798198));
#3595=CARTESIAN_POINT('Ctrl Pts',(6.50618418497031,30.5569222845518,-2.95630060960296));
#3596=CARTESIAN_POINT('Ctrl Pts',(6.78823954221581,30.5815087350705,-3.08062845244861));
#3597=CARTESIAN_POINT('Ctrl Pts',(7.35235025670681,30.6306816361077,-3.32928413813992));
#3598=CARTESIAN_POINT('Ctrl Pts',(7.79364344753892,30.679854537145,-3.8566975887299));
#3599=CARTESIAN_POINT('Ctrl Pts',(7.93457139086953,30.7290274381823,-4.45582572306052));
#3600=CARTESIAN_POINT('Ctrl Pts',(8.07549933420013,30.7782003392196,-5.05495385739113));
#3601=CARTESIAN_POINT('Ctrl Pts',(7.91606203002922,30.8273732402569,-5.7257966754624));
#3602=CARTESIAN_POINT('Ctrl Pts',(7.52099869697245,30.8765461412942,-6.19873873452588));
#3603=CARTESIAN_POINT('Ctrl Pts',(7.12593536391568,30.9257190423315,-6.67168079358937));
#3604=CARTESIAN_POINT('Ctrl Pts',(6.49524600197304,30.9748919433688,-6.94672209364509));
#3605=CARTESIAN_POINT('Ctrl Pts',(5.87991267123822,31.0240648444061,-6.9142021614012));
#3606=CARTESIAN_POINT('Ctrl Pts',(5.26457934050342,31.0732377454434,-6.8816822291573));
#3607=CARTESIAN_POINT('Ctrl Pts',(4.66460204097644,31.1224106464807,-6.5416010646138));
#3608=CARTESIAN_POINT('Ctrl Pts',(4.32150335056128,31.171583547518,-6.0306885014891));
#3609=CARTESIAN_POINT('Ctrl Pts',(3.97840466014613,31.2207564485552,-5.5197759383644));
#3610=CARTESIAN_POINT('Ctrl Pts',(3.8921845788428,31.2699293495925,-4.83803197665848));
#3611=CARTESIAN_POINT('Ctrl Pts',(4.0937686870574,31.3191022506298,-4.25504039095539));
#3612=CARTESIAN_POINT('Ctrl Pts',(4.24495676821835,31.3559819264078,-3.81779670167806));
#3613=CARTESIAN_POINT('Ctrl Pts',(4.55803470598311,31.3928616021858,-3.43610122390233));
#3614=CARTESIAN_POINT('Ctrl Pts',(4.95570076339902,31.4297412779638,-3.19797326083138));
#3615=CARTESIAN_POINT('Ctrl Pts',(5.35336682081492,31.4666209537417,-2.95984529776043));
#3616=CARTESIAN_POINT('Ctrl Pts',(5.83562099788197,31.5035006295197,-2.86528484939428));
#3617=CARTESIAN_POINT('Ctrl Pts',(6.29288400965657,31.5403803052977,-2.93666606797294));
#3618=CARTESIAN_POINT('Ctrl Pts',(6.75014702143118,31.5772599810756,-3.00804728655161));
#3619=CARTESIAN_POINT('Ctrl Pts',(7.18241886791334,31.6141396568536,-3.24537017207509));
#3620=CARTESIAN_POINT('Ctrl Pts',(7.48818202064702,31.6510193326316,-3.59332314158265));
#3621=CARTESIAN_POINT('Ctrl Pts',(7.7939451733807,31.6878990084096,-3.9412761110902));
#3622=CARTESIAN_POINT('Ctrl Pts',(7.97319963236588,31.7247786841875,-4.39985916458185));
#3623=CARTESIAN_POINT('Ctrl Pts',(7.9849724352486,31.7616583599655,-4.86278168714555));
#3624=CARTESIAN_POINT('Ctrl Pts',(7.99674523813132,31.7985380357434,-5.32570420970927));
#3625=CARTESIAN_POINT('Ctrl Pts',(7.84103638491157,31.8354177115214,-5.79296620134505));
#3626=CARTESIAN_POINT('Ctrl Pts',(7.55365601559148,31.8722973872994,-6.15607588429004));
#3627=CARTESIAN_POINT('Ctrl Pts',(7.26627564627139,31.9091770630774,-6.51918556723504));
#3628=CARTESIAN_POINT('Ctrl Pts',(6.84722376085095,31.9460567388553,-6.77814294148924));
#3629=CARTESIAN_POINT('Ctrl Pts',(6.39391101409096,31.9829364146333,-6.87288508660573));
#3630=CARTESIAN_POINT('Ctrl Pts',(5.94059826733096,32.0198160904113,-6.96762723172223));
#3631=CARTESIAN_POINT('Ctrl Pts',(5.45302465923142,32.0566957661892,-6.89815414770102));
#3632=CARTESIAN_POINT('Ctrl Pts',(5.04424072853972,32.0935754419672,-6.68057921428812));
#3633=CARTESIAN_POINT('Ctrl Pts',(4.63545679784802,32.1304551177452,-6.46300428087523));
#3634=CARTESIAN_POINT('Ctrl Pts',(4.30546254456416,32.1673347935231,-6.09732749807065));
#3635=CARTESIAN_POINT('Ctrl Pts',(4.13089133583495,32.2042144693011,-5.66839594623224));
#3636=CARTESIAN_POINT('Ctrl Pts',(3.95632012710574,32.2410941450791,-5.23946439439381));
#3637=CARTESIAN_POINT('Ctrl Pts',(3.93717196293118,32.2779738208571,-4.74727807352154));
#3638=CARTESIAN_POINT('Ctrl Pts',(4.07784111845001,32.314853496635,-4.30608021672172));
#3639=CARTESIAN_POINT('Ctrl Pts',(4.21851027396884,32.351733172413,-3.8648823599219));
#3640=CARTESIAN_POINT('Ctrl Pts',(4.51899674918105,32.388612848191,-3.47467296719453));
#3641=CARTESIAN_POINT('Ctrl Pts',(4.90963516795571,32.4254925239689,-3.2259357190217));
#3642=CARTESIAN_POINT('Ctrl Pts',(5.30027358673036,32.4623721997469,-2.97719847084887));
#3643=CARTESIAN_POINT('Ctrl Pts',(5.78106394906745,32.4992518755249,-2.86993336723057));
#3644=CARTESIAN_POINT('Ctrl Pts',(6.24033155483452,32.5361315513028,-2.92916171609881));
#3645=CARTESIAN_POINT('Ctrl Pts',(6.6995991606016,32.5730112270808,-2.98839006496705));
#3646=CARTESIAN_POINT('Ctrl Pts',(7.13734400979865,32.6098909028588,-3.21411186632184));
#3647=CARTESIAN_POINT('Ctrl Pts',(7.45218413034539,32.6467705786367,-3.55369329764462));
#3648=CARTESIAN_POINT('Ctrl Pts',(7.76702425089214,32.6836502544147,-3.8932747289674));
#3649=CARTESIAN_POINT('Ctrl Pts',(7.95895964278858,32.7205299301927,-4.34671579025818));
#3650=CARTESIAN_POINT('Ctrl Pts',(7.98307152428592,32.7574096059707,-4.80928941348145));
#3651=CARTESIAN_POINT('Ctrl Pts',(8.00718340578326,32.7942892817486,-5.27186303670471));
#3652=CARTESIAN_POINT('Ctrl Pts',(7.86347177688152,32.8311689575266,-5.74356922186046));
#3653=CARTESIAN_POINT('Ctrl Pts',(7.58602151236145,32.8680486333046,-6.11398890920912));
#3654=CARTESIAN_POINT('Ctrl Pts',(7.30857124784138,32.9049283090825,-6.48440859655777));
#3655=CARTESIAN_POINT('Ctrl Pts',(6.89738234770297,32.9418079848605,-6.75354178609933));
#3656=CARTESIAN_POINT('Ctrl Pts',(6.44643306737755,32.9786876606385,-6.86076490533658));
#3657=CARTESIAN_POINT('Ctrl Pts',(5.99548378705213,33.0155673364165,-6.96798802457383));
#3658=CARTESIAN_POINT('Ctrl Pts',(5.50477412653969,33.0524470121944,-6.91330107350677));
#3659=CARTESIAN_POINT('Ctrl Pts',(5.09123667706953,33.0893266879724,-6.70592371730984));
#3660=CARTESIAN_POINT('Ctrl Pts',(4.53985341110931,33.1384995890096,-6.42942057571394));
#3661=CARTESIAN_POINT('Ctrl Pts',(4.12566518700204,33.187672490047,-5.88146782499828));
#3662=CARTESIAN_POINT('Ctrl Pts',(4.01442731517847,33.2368453910843,-5.27608621776807));
#3663=CARTESIAN_POINT('Ctrl Pts',(3.9031894433549,33.2860182921216,-4.67070461053786));
#3664=CARTESIAN_POINT('Ctrl Pts',(4.09490192381505,33.3351911931588,-4.00789414679308));
#3665=CARTESIAN_POINT('Ctrl Pts',(4.5126326282577,33.3843640941961,-3.55501320861123));
#3666=CARTESIAN_POINT('Ctrl Pts',(4.93036333270035,33.4335369952334,-3.10213227042939));
#3667=CARTESIAN_POINT('Ctrl Pts',(5.5741122611255,33.4827098962707,-2.85918085781045));
#3668=CARTESIAN_POINT('Ctrl Pts',(6.18698880954136,33.531882797308,-2.9216715336728));
#3669=CARTESIAN_POINT('Ctrl Pts',(6.79986535795722,33.5810556983453,-2.98416220953515));
#3670=CARTESIAN_POINT('Ctrl Pts',(7.3818695263638,33.6302285993826,-3.35209497387878));
#3671=CARTESIAN_POINT('Ctrl Pts',(7.69998197353267,33.6794015004199,-3.87980513911363));
#3672=CARTESIAN_POINT('Ctrl Pts',(8.01809442070155,33.7285744014572,-4.40751530434849));
#3673=CARTESIAN_POINT('Ctrl Pts',(8.07231514663273,33.7777473024945,-5.09500287047457));
#3674=CARTESIAN_POINT('Ctrl Pts',(7.84116671320274,33.8269202035318,-5.6656205320188));
#3675=CARTESIAN_POINT('Ctrl Pts',(7.61001827977274,33.8760931045691,-6.23623819356302));
#3676=CARTESIAN_POINT('Ctrl Pts',(7.09350068698157,33.9252660056064,-6.68998595052539));
#3677=CARTESIAN_POINT('Ctrl Pts',(6.49803291938414,33.9744389066436,-6.84930617971797));
#3678=CARTESIAN_POINT('Ctrl Pts',(6.20029903558542,33.9990253571623,-6.92896629431426));
#3679=CARTESIAN_POINT('Ctrl Pts',(5.88282760808514,34.023611807681,-6.93501952696811));
#3680=CARTESIAN_POINT('Ctrl Pts',(5.57950265256108,34.0481982581996,-6.87227914622613));
#3681=CARTESIAN_POINT('Ctrl Pts',(5.27617769703702,34.0727847087182,-6.80953876548415));
#3682=CARTESIAN_POINT('Ctrl Pts',(4.98699921348918,34.0973711592369,-6.67800477134636));
#3683=CARTESIAN_POINT('Ctrl Pts',(4.7452450656051,34.1219576097555,-6.48672951560777));
#3684=CARTESIAN_POINT('Ctrl Pts',(4.26173676983693,34.1711305107928,-6.1041790041306));
#3685=CARTESIAN_POINT('Ctrl Pts',(3.96792581672379,34.2203034118301,-5.48266344625028));
#3686=CARTESIAN_POINT('Ctrl Pts',(3.98209385681098,34.2694763128674,-4.86720668201159));
#3687=CARTESIAN_POINT('Ctrl Pts',(3.99626189689816,34.3186492139047,-4.2517499177729));
#3688=CARTESIAN_POINT('Ctrl Pts',(4.31840893018568,34.367822114942,-3.64235194717584));
#3689=CARTESIAN_POINT('Ctrl Pts',(4.81996699437243,34.4169950159793,-3.28409422559846));
#3690=CARTESIAN_POINT('Ctrl Pts',(5.32152505855919,34.4661679170166,-2.92583650402109));
#3691=CARTESIAN_POINT('Ctrl Pts',(6.0024941536452,34.5153408180539,-2.8187190314634));
#3692=CARTESIAN_POINT('Ctrl Pts',(6.58920571934097,34.5645137190912,-3.00459314242059));
#3693=CARTESIAN_POINT('Ctrl Pts',(7.17591728503675,34.6136866201285,-3.19046725337779));
#3694=CARTESIAN_POINT('Ctrl Pts',(7.6683713213423,34.6628595211657,-3.66933294784987));
#3695=CARTESIAN_POINT('Ctrl Pts',(7.87389669720997,34.712032422203,-4.25116908341623));
#3696=CARTESIAN_POINT('Ctrl Pts',(7.97665938514381,34.7366188727217,-4.54208715119941));
#3697=CARTESIAN_POINT('Ctrl Pts',(8.00768990796817,34.7612053232403,-4.85874782925616));
#3698=CARTESIAN_POINT('Ctrl Pts',(7.96843235836821,34.785791773759,-5.16572430632366));
#3699=CARTESIAN_POINT('Ctrl Pts',(7.92917480876824,34.8103782242776,-5.47270078339115));
#3700=CARTESIAN_POINT('Ctrl Pts',(7.81962918674393,34.8349646747963,-5.76999305946941));
#3701=CARTESIAN_POINT('Ctrl Pts',(7.64802802769756,34.8595511253149,-6.02631737593341));
#3702=CARTESIAN_POINT('Ctrl Pts',(7.390626289128,34.8964308010929,-6.41080385062943));
#3703=CARTESIAN_POINT('Ctrl Pts',(6.9935995922588,34.9333104768709,-6.7031124161934));
#3704=CARTESIAN_POINT('Ctrl Pts',(6.54930807272383,34.9701901526488,-6.83399030074398));
#3705=CARTESIAN_POINT('Ctrl Pts',(6.10501655318887,35.0070698284268,-6.96486818529455));
#3706=CARTESIAN_POINT('Ctrl Pts',(5.61346021098814,35.0439495042048,-6.93431538883173));
#3707=CARTESIAN_POINT('Ctrl Pts',(5.18858561697401,35.0808291799827,-6.75006147583876));
#3708=CARTESIAN_POINT('Ctrl Pts',(4.76371102295987,35.1177088557607,-6.56580756284579));
#3709=CARTESIAN_POINT('Ctrl Pts',(4.40551817713232,35.1545885315387,-6.22785253332269));
#3710=CARTESIAN_POINT('Ctrl Pts',(4.19718659047239,35.1914682073167,-5.81430498085331));
#3711=CARTESIAN_POINT('Ctrl Pts',(3.98885500381245,35.2283478830946,-5.40075742838393));
#3712=CARTESIAN_POINT('Ctrl Pts',(3.93038467632014,35.2652275588726,-4.91161735296827));
#3713=CARTESIAN_POINT('Ctrl Pts',(4.03531295064729,35.3021072346505,-4.46055138265619));
#3714=CARTESIAN_POINT('Ctrl Pts',(4.14024122497444,35.3389869104285,-4.00948541234412));
#3715=CARTESIAN_POINT('Ctrl Pts',(4.40856810112107,35.3758665862065,-3.59649354713563));
#3716=CARTESIAN_POINT('Ctrl Pts',(4.77804377901406,35.4127462619845,-3.31732897254839));
#3717=CARTESIAN_POINT('Ctrl Pts',(5.14751945690706,35.4496259377624,-3.03816439796115));
#3718=CARTESIAN_POINT('Ctrl Pts',(5.61814393654643,35.4865056135404,-2.89282711399516));
#3719=CARTESIAN_POINT('Ctrl Pts',(6.08069904012259,35.5233852893184,-2.91508546317856));
#3720=CARTESIAN_POINT('Ctrl Pts',(6.54325414369874,35.5602649650964,-2.93734381236196));
#3721=CARTESIAN_POINT('Ctrl Pts',(6.99773987121167,35.5971446408743,-3.12719779469474));
#3722=CARTESIAN_POINT('Ctrl Pts',(7.33869703927614,35.6340243166523,-3.44056945221758));
#3723=CARTESIAN_POINT('Ctrl Pts',(7.67965420734062,35.6709039924303,-3.75394110974042));
#3724=CARTESIAN_POINT('Ctrl Pts',(7.90708281595663,35.7077836682082,-4.19083044245334));
#3725=CARTESIAN_POINT('Ctrl Pts',(7.96820325774269,35.7446633439862,-4.64986760872942));
#3726=CARTESIAN_POINT('Ctrl Pts',(8.02932369952874,35.7815430197642,-5.10890477500551));
#3727=CARTESIAN_POINT('Ctrl Pts',(7.92413597448485,35.8184226955421,-5.59008977484478));
#3728=CARTESIAN_POINT('Ctrl Pts',(7.67705436722289,35.8553023713201,-5.98175658188368));
#3729=CARTESIAN_POINT('Ctrl Pts',(7.42997275996092,35.8921820470981,-6.37342338892258));
#3730=CARTESIAN_POINT('Ctrl Pts',(7.04099727048089,35.929061722876,-6.67557200316111));
#3731=CARTESIAN_POINT('Ctrl Pts',(6.60038197805388,35.965941398654,-6.81809140783672));
#3732=CARTESIAN_POINT('Ctrl Pts',(6.15976668562688,36.002821074432,-6.96061081251233));
#3733=CARTESIAN_POINT('Ctrl Pts',(5.66751159025291,36.03970075021,-6.94350100762503));
#3734=CARTESIAN_POINT('Ctrl Pts',(5.23786146344828,36.0765804259879,-6.77073028357105));
#3735=CARTESIAN_POINT('Ctrl Pts',(4.80821133664366,36.1134601017659,-6.59795955951707));
#3736=CARTESIAN_POINT('Ctrl Pts',(4.44116617840838,36.1503397775439,-6.26952791629642));
#3737=CARTESIAN_POINT('Ctrl Pts',(4.22186930546142,36.1872194533218,-5.86165051679677));
#3738=CARTESIAN_POINT('Ctrl Pts',(4.00257243251447,36.2240991290998,-5.45377311729711));
#3739=CARTESIAN_POINT('Ctrl Pts',(3.93102384485582,36.2609788048778,-4.96644996151845));
#3740=CARTESIAN_POINT('Ctrl Pts',(4.02388532271388,36.2978584806557,-4.51276305327003));
#3741=CARTESIAN_POINT('Ctrl Pts',(4.11674680057192,36.3347381564337,-4.05907614502162));
#3742=CARTESIAN_POINT('Ctrl Pts',(4.37401834394667,36.3716178322117,-3.63902548430345));
#3743=CARTESIAN_POINT('Ctrl Pts',(4.73588523089149,36.4084975079896,-3.35008899418326));
#3744=CARTESIAN_POINT('Ctrl Pts',(5.09775211783631,36.4453771837676,-3.06115250406307));
#3745=CARTESIAN_POINT('Ctrl Pts',(5.56421434835121,36.4822568595456,-2.90333018454085));
#3746=CARTESIAN_POINT('Ctrl Pts',(6.02725264149326,36.5191365353235,-2.91323706045522));
#3747=CARTESIAN_POINT('Ctrl Pts',(6.49029093463531,36.5560162111015,-2.92314393636959));
#3748=CARTESIAN_POINT('Ctrl Pts',(6.94990529040451,36.5928958868795,-3.10078000772055));
#3749=CARTESIAN_POINT('Ctrl Pts',(7.29898046831873,36.6297755626575,-3.40494126038192));
#3750=CARTESIAN_POINT('Ctrl Pts',(7.64805564623294,36.6666552384354,-3.7091025130433));
#3751=CARTESIAN_POINT('Ctrl Pts',(7.88659164629216,36.7035349142134,-4.13978894701509));
#3752=CARTESIAN_POINT('Ctrl Pts',(7.96027654407868,36.7404145899914,-4.59707545151662));
#3753=CARTESIAN_POINT('Ctrl Pts',(7.99711899297194,36.7588544278804,-4.82571870376738));
#3754=CARTESIAN_POINT('Ctrl Pts',(7.99274866629703,36.7772942657694,-5.06101197365058));
#3755=CARTESIAN_POINT('Ctrl Pts',(7.94928203084645,36.7957341036583,-5.28884640940836));
#3756=CARTESIAN_POINT('Ctrl Pts',(7.90581539539586,36.8141739415473,-5.51668084516613));
#3757=CARTESIAN_POINT('Ctrl Pts',(7.8232524511696,36.8326137794363,-5.73705644679847));
#3758=CARTESIAN_POINT('Ctrl Pts',(7.70481976030603,36.8510536173253,-5.93607605430202));
#3759=CARTESIAN_POINT('Ctrl Pts',(7.4679543785789,36.8879332931032,-6.33411526930913));
#3760=CARTESIAN_POINT('Ctrl Pts',(7.08761001030253,36.9248129688812,-6.64673050780109));
#3761=CARTESIAN_POINT('Ctrl Pts',(6.65107249856649,36.9616926446592,-6.80101128764729));
#3762=CARTESIAN_POINT('Ctrl Pts',(6.21453498683046,36.9985723204372,-6.95529206749349));
#3763=CARTESIAN_POINT('Ctrl Pts',(5.72180433163475,37.0354519962151,-6.95123838869394));
#3764=CARTESIAN_POINT('Ctrl Pts',(5.28764193447223,37.0723316719931,-6.78997571228029));
#3765=CARTESIAN_POINT('Ctrl Pts',(4.85347953730971,37.1092113477711,-6.62871303586664));
#3766=CARTESIAN_POINT('Ctrl Pts',(4.47788539818038,37.1460910235491,-6.31024136183888));
#3767=CARTESIAN_POINT('Ctrl Pts',(4.24781135106185,37.182970699327,-5.90837357410197));
#3768=CARTESIAN_POINT('Ctrl Pts',(4.01773730394332,37.219850375105,-5.50650578636506));
#3769=CARTESIAN_POINT('Ctrl Pts',(3.93318334883559,37.2567300508829,-5.02124188491899));
#3770=CARTESIAN_POINT('Ctrl Pts',(4.01387512439752,37.2936097266609,-4.56523284621316));
#3771=CARTESIAN_POINT('Ctrl Pts',(4.09456689995946,37.3304894024389,-4.10922380750733));
#3772=CARTESIAN_POINT('Ctrl Pts',(4.34050440619106,37.3673690782169,-3.68246963154174));
#3773=CARTESIAN_POINT('Ctrl Pts',(4.69456354078467,37.4042487539948,-3.38397878541292));
#3774=CARTESIAN_POINT('Ctrl Pts',(5.04862267537828,37.4411284297728,-3.0854879392841));
#3775=CARTESIAN_POINT('Ctrl Pts',(5.51080343833391,37.4780081055508,-2.91526042299205));
#3776=CARTESIAN_POINT('Ctrl Pts',(5.97388327251573,37.5148877813287,-2.91280480756817));
#3777=CARTESIAN_POINT('Ctrl Pts',(6.43696310669754,37.5517674571067,-2.91034919214429));
#3778=CARTESIAN_POINT('Ctrl Pts',(6.90094201210555,37.5886471328847,-3.07566547758857));
#3779=CARTESIAN_POINT('Ctrl Pts',(7.25813863782403,37.6255268086626,-3.3703955352547));
#3780=CARTESIAN_POINT('Ctrl Pts',(7.61533526354251,37.6624064844406,-3.66512559292083));
#3781=CARTESIAN_POINT('Ctrl Pts',(7.86574960957147,37.6992861602186,-4.08926942280881));
#3782=CARTESIAN_POINT('Ctrl Pts',(7.95127924860341,37.7361658359966,-4.54438701800359));
#3783=CARTESIAN_POINT('Ctrl Pts',(8.03680888763535,37.7730455117745,-4.99950461319836));
#3784=CARTESIAN_POINT('Ctrl Pts',(7.95745381967027,37.8099251875525,-5.48559597369992));
#3785=CARTESIAN_POINT('Ctrl Pts',(7.73162584962491,37.8468048633305,-5.88989902689798));
#3786=CARTESIAN_POINT('Ctrl Pts',(7.50579787957955,37.8836845391084,-6.29420208009604));
#3787=CARTESIAN_POINT('Ctrl Pts',(7.1334970074539,37.9205642148864,-6.61671682599061));
#3788=CARTESIAN_POINT('Ctrl Pts',(6.70111637352436,37.9574438906644,-6.78252955883278));
#3789=CARTESIAN_POINT('Ctrl Pts',(6.26873573959482,37.9943235664423,-6.94834229167494));
#3790=CARTESIAN_POINT('Ctrl Pts',(5.77627534386139,38.0312032422203,-6.95745301146471));
#3791=CARTESIAN_POINT('Ctrl Pts',(5.33801502025229,38.0680829179983,-6.80789219477674));
#3792=CARTESIAN_POINT('Ctrl Pts',(4.89975469664319,38.1049625937762,-6.65833137808878));
#3793=CARTESIAN_POINT('Ctrl Pts',(4.51569444515843,38.1418422695542,-6.35009902492309));
#3794=CARTESIAN_POINT('Ctrl Pts',(4.27494623282179,38.1787219453322,-5.95443117137503));
#3795=CARTESIAN_POINT('Ctrl Pts',(4.03419802048516,38.2156016211102,-5.55876331782696));
#3796=CARTESIAN_POINT('Ctrl Pts',(3.93676184729666,38.2524812968881,-5.07565996389652));
#3797=CARTESIAN_POINT('Ctrl Pts',(4.00529146690962,38.2893609726661,-4.61787476934973));
#3798=CARTESIAN_POINT('Ctrl Pts',(4.07382108652258,38.3262406484441,-4.16008957480293));
#3799=CARTESIAN_POINT('Ctrl Pts',(4.308316498937,38.363120324222,-3.72762253963978));
#3800=CARTESIAN_POINT('Ctrl Pts',(4.65463250571425,38.4,-3.41946620307067));
#3801=CARTESIAN_POINT('Ctrl Pts',(4.50172715927358,38.4,-6.91517491337749));
#3802=CARTESIAN_POINT('Ctrl Pts',(4.43708283581535,38.4,-6.85519803646804));
#3803=CARTESIAN_POINT('Ctrl Pts',(4.37557705893959,38.4,-6.79170790727464));
#3804=CARTESIAN_POINT('Ctrl Pts',(4.11299796499911,38.4,-6.48939466515643));
#3805=CARTESIAN_POINT('Ctrl Pts',(3.95541069164462,38.4,-6.21698605770048));
#3806=CARTESIAN_POINT('Ctrl Pts',(3.76041749531683,38.4,-5.63935073328257));
#3807=CARTESIAN_POINT('Ctrl Pts',(3.71994077420661,38.4,-5.34138831874793));
#3808=CARTESIAN_POINT('Ctrl Pts',(3.75720447216149,38.4,-4.76067450436536));
#3809=CARTESIAN_POINT('Ctrl Pts',(3.82936595345795,38.4,-4.48320244052176));
#3810=CARTESIAN_POINT('Ctrl Pts',(4.07228521896012,38.4,-3.9851031280466));
#3811=CARTESIAN_POINT('Ctrl Pts',(4.23600111290089,38.4,-3.76699425804858));
#3812=CARTESIAN_POINT('Ctrl Pts',(4.50623982071381,38.4,-3.52644748461102));
#3813=CARTESIAN_POINT('Ctrl Pts',(4.57872781747507,38.4,-3.47030025897384));
#3814=CARTESIAN_POINT('Ctrl Pts',(4.65463250571425,38.4,-3.41946620307067));
#3815=CARTESIAN_POINT('Origin',(7.146382048031,20.4,-6.11399952495445));
#3816=CARTESIAN_POINT('',(7.188646502048,25.4,-6.11399952495445));
#3817=CARTESIAN_POINT('',(7.188646502048,20.4,-6.11399952495445));
#3818=CARTESIAN_POINT('',(4.78032758628954,25.4,-6.11399952495445));
#3819=CARTESIAN_POINT('',(6.56543454609988,25.4,-6.11399952495445));
#3820=CARTESIAN_POINT('',(4.78032758628954,20.4,-6.11399952495445));
#3821=CARTESIAN_POINT('Ctrl Pts',(7.72068894159454,38.6829860353056,-3.92014545365215));
#3822=CARTESIAN_POINT('Ctrl Pts',(7.3900071601502,38.6300309369396,-3.34246473274361));
#3823=CARTESIAN_POINT('Ctrl Pts',(6.11231081636203,38.5241207402075,-2.55319626948346));
#3824=CARTESIAN_POINT('Ctrl Pts',(4.06544784310296,38.3652554451094,-3.52911513344897));
#3825=CARTESIAN_POINT('Ctrl Pts',(3.78274947711488,38.2063901500113,-5.77575396876226));
#3826=CARTESIAN_POINT('Ctrl Pts',(5.51475613550844,38.0475248549132,-7.23186024275194));
#3827=CARTESIAN_POINT('Ctrl Pts',(7.67864633620323,37.888659559815,-6.56448620653256));
#3828=CARTESIAN_POINT('Ctrl Pts',(8.28936656786978,37.7297942647169,-4.38447805317133));
#3829=CARTESIAN_POINT('Ctrl Pts',(6.78843792050487,37.5709289696189,-2.6898114875202));
#3830=CARTESIAN_POINT('Ctrl Pts',(4.55061803913542,37.4120636745207,-3.03318102584678));
#3831=CARTESIAN_POINT('Ctrl Pts',(3.62680731961291,37.2531983794226,-5.10004238414832));
#3832=CARTESIAN_POINT('Ctrl Pts',(4.8633646401899,37.0943330843244,-6.9964090331463));
#3833=CARTESIAN_POINT('Ctrl Pts',(7.12727350297487,36.9354677892264,-6.98460123128944));
#3834=CARTESIAN_POINT('Ctrl Pts',(8.34399301728548,36.7766024941282,-5.07542525625543));
#3835=CARTESIAN_POINT('Ctrl Pts',(7.39862381415842,36.6177371990302,-3.01833175479836));
#3836=CARTESIAN_POINT('Ctrl Pts',(5.15742847396142,36.458871903932,-2.69830253367967));
#3837=CARTESIAN_POINT('Ctrl Pts',(3.67409741227261,36.3000066088339,-4.4085932796904));
#3838=CARTESIAN_POINT('Ctrl Pts',(4.30785470371846,36.1411413137358,-6.58200480103189));
#3839=CARTESIAN_POINT('Ctrl Pts',(6.47796840214163,35.9822760186377,-7.22696592977897));
#3840=CARTESIAN_POINT('Ctrl Pts',(8.19588787754335,35.8234107235396,-5.75247634610236));
#3841=CARTESIAN_POINT('Ctrl Pts',(7.88742490833448,35.6645454284414,-3.50966167777209));
#3842=CARTESIAN_POINT('Ctrl Pts',(5.83523448529035,35.5056801333434,-2.55369002557659));
#3843=CARTESIAN_POINT('Ctrl Pts',(3.91980935323669,35.3468148382452,-3.76055111183093));
#3844=CARTESIAN_POINT('Ctrl Pts',(3.89631933757167,35.1879495431472,-6.02435662000901));
#3845=CARTESIAN_POINT('Ctrl Pts',(5.78628917946067,35.029084248049,-7.27070375898176));
#3846=CARTESIAN_POINT('Ctrl Pts',(7.85787453171357,34.8702189529509,-6.35752179913511));
#3847=CARTESIAN_POINT('Ctrl Pts',(8.21281053787057,34.7113536578527,-4.1215907619722));
#3848=CARTESIAN_POINT('Ctrl Pts',(6.52585713067252,34.5524883627547,-2.61177111143592));
#3849=CARTESIAN_POINT('Ctrl Pts',(4.34282770541771,34.3936230676566,-3.21156249132775));
#3850=CARTESIAN_POINT('Ctrl Pts',(3.66410716086126,34.2347577725584,-5.37135544314193));
#3851=CARTESIAN_POINT('Ctrl Pts',(5.11163046238854,34.0758924774604,-7.11205744642087));
#3852=CARTESIAN_POINT('Ctrl Pts',(7.35898225252737,33.9170271823622,-6.83860342202606));
#3853=CARTESIAN_POINT('Ctrl Pts',(8.34683683756124,33.7581618872641,-4.80156869204374));
#3854=CARTESIAN_POINT('Ctrl Pts',(7.16998910544958,33.599296592166,-2.86755819885097));
#3855=CARTESIAN_POINT('Ctrl Pts',(4.90682508514919,33.4404312970679,-2.80877223542868));
#3856=CARTESIAN_POINT('Ctrl Pts',(3.63115976053802,33.2815660019697,-4.67907840071247));
#3857=CARTESIAN_POINT('Ctrl Pts',(4.51192911721923,33.1227007068717,-6.76465086712213));
#3858=CARTESIAN_POINT('Ctrl Pts',(6.74205391883253,32.9638354117735,-7.15440789596659));
#3859=CARTESIAN_POINT('Ctrl Pts',(8.27799415322457,32.8049701166754,-5.49120172453572));
#3860=CARTESIAN_POINT('Ctrl Pts',(7.71231498849942,32.6461048215773,-3.29908533736429));
#3861=CARTESIAN_POINT('Ctrl Pts',(5.56336768747659,32.4872395264792,-2.58677032998694));
#3862=CARTESIAN_POINT('Ctrl Pts',(3.80030652819401,32.328374231381,-4.00697542818168));
#3863=CARTESIAN_POINT('Ctrl Pts',(4.03868505288736,32.169508936283,-6.25831788353451));
#3864=CARTESIAN_POINT('Ctrl Pts',(6.06006882555664,32.0106436411849,-7.27781521844925));
#3865=CARTESIAN_POINT('Ctrl Pts',(8.01219441395548,31.8517783460867,-6.13126698159769));
#3866=CARTESIAN_POINT('Ctrl Pts',(8.10626204070722,31.6929130509887,-3.86929473289386));
#3867=CARTESIAN_POINT('Ctrl Pts',(6.25607430601753,31.5340477558905,-2.56462139496098));
#3868=CARTESIAN_POINT('Ctrl Pts',(4.1570218279832,31.3751824607925,-3.41276399309349));
#3869=CARTESIAN_POINT('Ctrl Pts',(3.73253854329551,31.2163171656943,-5.63654031128055));
#3870=CARTESIAN_POINT('Ctrl Pts',(5.371593076546,31.0574518705962,-7.19822767094639));
#3871=CARTESIAN_POINT('Ctrl Pts',(7.57226341943217,30.898586575498,-6.66679826429832));
#3872=CARTESIAN_POINT('Ctrl Pts',(8.31799969277175,30.7397212804,-4.52921912355651));
#3873=CARTESIAN_POINT('Ctrl Pts',(6.92545811599085,30.5808559853018,-2.74422749073423));
#3874=CARTESIAN_POINT('Ctrl Pts',(4.67067240194936,30.4219906902037,-2.94747255479107));
#3875=CARTESIAN_POINT('Ctrl Pts',(3.61978020453555,30.2631253951056,-4.95271387735643));
#3876=CARTESIAN_POINT('Ctrl Pts',(4.73575016672617,30.1042601000075,-6.92247990808121));
#3877=CARTESIAN_POINT('Ctrl Pts',(6.99598065275099,29.9453948049094,-7.05180632592767));
#3878=CARTESIAN_POINT('Ctrl Pts',(8.32934477699943,29.7865295098113,-5.22218688886538));
#3879=CARTESIAN_POINT('Ctrl Pts',(7.51403516048313,29.6276642147132,-3.11016477687765));
#3880=CARTESIAN_POINT('Ctrl Pts',(5.29714802958457,29.4687989196151,-2.65105844805463));
#3881=CARTESIAN_POINT('Ctrl Pts',(3.71009326376401,29.3099336245169,-4.26556281243253));
#3882=CARTESIAN_POINT('Ctrl Pts',(4.20714369703156,29.1510683294188,-6.47425202531367));
#3883=CARTESIAN_POINT('Ctrl Pts',(6.33283493218967,28.9922030343207,-7.25322824130551));
#3884=CARTESIAN_POINT('Ctrl Pts',(8.13932302373624,28.8333377392226,-5.88868877781999));
#3885=CARTESIAN_POINT('Ctrl Pts',(7.97126083868144,28.6744724441245,-3.6310080487833));
#3886=CARTESIAN_POINT('Ctrl Pts',(5.98264953401948,28.5156071490264,-2.54897650983461));
#3887=CARTESIAN_POINT('Ctrl Pts',(3.99572200306834,28.3567418539283,-3.63409685295672));
#3888=CARTESIAN_POINT('Ctrl Pts',(3.83116823941817,28.1978765588301,-5.89203600873076));
#3889=CARTESIAN_POINT('Ctrl Pts',(5.63977451293458,28.039011263732,-7.25376671621519));
#3890=CARTESIAN_POINT('Ctrl Pts',(7.76425272768015,27.8801459686339,-6.47148832115343));
#3891=CARTESIAN_POINT('Ctrl Pts',(8.25787047045216,27.7212806735358,-4.26202940632163));
#3892=CARTESIAN_POINT('Ctrl Pts',(6.66830883634653,27.5624153784377,-2.64999312146685));
#3893=CARTESIAN_POINT('Ctrl Pts',(4.45213778895198,27.4035500833396,-3.11254372518399));
#3894=CARTESIAN_POINT('Ctrl Pts',(3.64011103579997,27.2446847882415,-5.22583019996076));
#3895=CARTESIAN_POINT('Ctrl Pts',(4.97631660272991,27.0858194931434,-7.05337550862329));
#3896=CARTESIAN_POINT('Ctrl Pts',(7.23634339915499,26.9269541980452,-6.92053706633529));
#3897=CARTESIAN_POINT('Ctrl Pts',(8.34925118724638,26.7680889029472,-4.94903930384239));
#3898=CARTESIAN_POINT('Ctrl Pts',(7.29524430661751,26.609223607849,-2.94543338752651));
#3899=CARTESIAN_POINT('Ctrl Pts',(5.04014549153666,26.4503583127509,-2.74569228877631));
#3900=CARTESIAN_POINT('Ctrl Pts',(3.65037930113669,26.2914930176528,-4.53284564210952));
#3901=CARTESIAN_POINT('Ctrl Pts',(4.39943626633788,26.1326277225547,-6.66926339975726));
#3902=CARTESIAN_POINT('Ctrl Pts',(6.60092974247085,25.9737624274565,-7.19727253495569));
#3903=CARTESIAN_POINT('Ctrl Pts',(8.23755558506559,25.8148971323585,-5.63304012777958));
#3904=CARTESIAN_POINT('Ctrl Pts',(7.80961727854926,25.6560318372603,-3.4099261005365));
#3905=CARTESIAN_POINT('Ctrl Pts',(5.70924940277495,25.4971665421623,-2.56504625184533));
#3906=CARTESIAN_POINT('Ctrl Pts',(3.86109123859755,25.3383012470641,-3.8725930282527));
#3907=CARTESIAN_POINT('Ctrl Pts',(3.95867363889058,25.179435951966,-6.1344163740209));
#3908=CARTESIAN_POINT('Ctrl Pts',(5.91257849605003,25.0205706568679,-7.27792981140486));
#3909=CARTESIAN_POINT('Ctrl Pts',(7.93237562757477,24.8617053617698,-6.25529267155837));
#3910=CARTESIAN_POINT('Ctrl Pts',(8.16725549503701,24.7028400666717,-4.00358251699365));
#3911=CARTESIAN_POINT('Ctrl Pts',(6.40198960231766,24.5439747715736,-2.58611876073365));
#3912=CARTESIAN_POINT('Ctrl Pts',(4.25415176468389,24.3851094764754,-3.30177216534909));
#3913=CARTESIAN_POINT('Ctrl Pts',(3.69187962073498,24.2262441813773,-5.49476491692126));
#3914=CARTESIAN_POINT('Ctrl Pts',(5.23040246304216,24.0673788862792,-7.15558237709201));
#3915=CARTESIAN_POINT('Ctrl Pts',(7.45991892730623,23.9085135911811,-6.76236041956121));
#3916=CARTESIAN_POINT('Ctrl Pts',(8.33744644179404,23.749648296083,-4.67542184029591));
#3917=CARTESIAN_POINT('Ctrl Pts',(7.05887638158598,23.5907830009849,-2.80710019415236));
#3918=CARTESIAN_POINT('Ctrl Pts',(4.79580644134504,23.4319177058868,-2.86940282561233));
#3919=CARTESIAN_POINT('Ctrl Pts',(3.62196539618102,23.2730524107887,-4.80523969193067));
#3920=CARTESIAN_POINT('Ctrl Pts',(4.61298414440478,23.1141871156905,-6.84073693166795));
#3921=CARTESIAN_POINT('Ctrl Pts',(6.86075814257202,22.9553218205924,-7.11069845757885));
#3922=CARTESIAN_POINT('Ctrl Pts',(8.30557481306499,22.7964565254943,-5.36774924404031));
#3923=CARTESIAN_POINT('Ctrl Pts',(7.62349897779512,22.6375912303962,-3.2090135660913));
#3924=CARTESIAN_POINT('Ctrl Pts',(5.43954016972264,22.4787259352981,-2.61261512800521));
#3925=CARTESIAN_POINT('Ctrl Pts',(3.75493491425169,22.3198606402,-4.1250543186997));
#3926=CARTESIAN_POINT('Ctrl Pts',(4.11334491217773,22.1609953451019,-6.36043112042592));
#3927=CARTESIAN_POINT('Ctrl Pts',(6.1863467627166,22.0021300500038,-7.27039293279573));
#3928=CARTESIAN_POINT('Ctrl Pts',(8.07437761459353,21.8432647549056,-6.021110468871));
#3929=CARTESIAN_POINT('Ctrl Pts',(8.04736990064553,21.6843994598075,-3.75734419213297));
#3930=CARTESIAN_POINT('Ctrl Pts',(6.13007171750367,21.5255341647094,-2.55346095475907));
#3931=CARTESIAN_POINT('Ctrl Pts',(4.07936929397964,21.3666688696113,-3.51262034842712));
#3932=CARTESIAN_POINT('Ctrl Pts',(3.77439174987276,21.2078035745132,-5.75591165137901));
#3933=CARTESIAN_POINT('Ctrl Pts',(5.49460049189033,21.0489382794151,-7.22772993370712));
#3934=CARTESIAN_POINT('Ctrl Pts',(7.66370912070988,20.890072984317,-6.5793975122677));
#3935=CARTESIAN_POINT('Ctrl Pts',(8.29408884062431,20.7312076892188,-4.40500367006026));
#3936=CARTESIAN_POINT('Ctrl Pts',(6.80810104613248,20.5723423941208,-2.69702022548876));
#3937=CARTESIAN_POINT('Ctrl Pts',(4.56740743142476,20.4134770990226,-3.0205311176037));
#3938=CARTESIAN_POINT('Ctrl Pts',(3.62523257537978,20.2546118039245,-5.07909219586829));
#3939=CARTESIAN_POINT('Ctrl Pts',(4.84492368411962,20.0957465088264,-6.98637318501758));
#3940=CARTESIAN_POINT('Ctrl Pts',(7.10883587006695,19.9368812137283,-6.99466695541786));
#3941=CARTESIAN_POINT('Ctrl Pts',(8.34246857942109,19.7780159186302,-5.0963736401683));
#3942=CARTESIAN_POINT('Ctrl Pts',(7.41540175674433,19.619150623532,-3.03096465437347));
#3943=CARTESIAN_POINT('Ctrl Pts',(5.17713859787424,19.4602853284339,-2.69104524635249));
#3944=CARTESIAN_POINT('Ctrl Pts',(3.67867657145948,19.3014200333358,-4.3880952537794));
#3945=CARTESIAN_POINT('Ctrl Pts',(4.29310793918699,19.1425547382377,-6.56704942187619));
#3946=CARTESIAN_POINT('Ctrl Pts',(6.45740811884665,18.9836894431396,-7.23125714887344));
#3947=CARTESIAN_POINT('Ctrl Pts',(8.18835446200347,18.8248241480415,-5.77208206360505));
#3948=CARTESIAN_POINT('Ctrl Pts',(7.89982133627707,18.6659588529434,-3.52661645316136));
#3949=CARTESIAN_POINT('Ctrl Pts',(5.85620156265986,18.5070935578453,-2.55245764014437));
#3950=CARTESIAN_POINT('Ctrl Pts',(3.93013418520798,18.3482282627472,-3.74226082983555));
#3951=CARTESIAN_POINT('Ctrl Pts',(3.88654094725168,18.189362967649,-6.00576846223129));
#3952=CARTESIAN_POINT('Ctrl Pts',(5.76536783049928,18.0304976725509,-7.26885068984236));
#3953=CARTESIAN_POINT('Ctrl Pts',(7.8449811818986,17.8716323774528,-6.37410185140538));
#3954=CARTESIAN_POINT('Ctrl Pts',(8.21975980220314,17.7127670823547,-4.1414110628774));
#3955=CARTESIAN_POINT('Ctrl Pts',(6.54628116406485,17.5539017872566,-2.61666963851949));
#3956=CARTESIAN_POINT('Ctrl Pts',(4.35801125719524,17.3950364921585,-3.19705055547346));
#3957=CARTESIAN_POINT('Ctrl Pts',(3.66013703264847,17.2361711970604,-5.35073083035331));
#3958=CARTESIAN_POINT('Ctrl Pts',(5.09214459658289,17.0773059019622,-7.10421919782326));
#3959=CARTESIAN_POINT('Ctrl Pts',(7.34183626084314,16.9184406068642,-6.85073399511235));
#3960=CARTESIAN_POINT('Ctrl Pts',(8.34774209879061,16.759575311766,-4.82255242409021));
#3961=CARTESIAN_POINT('Ctrl Pts',(7.18811625676315,16.6007100166679,-2.87816697803343));
#3962=CARTESIAN_POINT('Ctrl Pts',(4.92556328850068,16.4418447215698,-2.7992848667209));
#3963=CARTESIAN_POINT('Ctrl Pts',(3.63333914531812,16.2829794264717,-4.65818849771872));
#3964=CARTESIAN_POINT('Ctrl Pts',(4.49555150444031,16.1241141313736,-6.75150054379253));
#3965=CARTESIAN_POINT('Ctrl Pts',(6.72212885978355,15.9652488362755,-7.16104728833239));
#3966=CARTESIAN_POINT('Ctrl Pts',(8.27277546609784,15.8063835411774,-5.5115468469005));
#3967=CARTESIAN_POINT('Ctrl Pts',(7.72659281441355,15.6475182460792,-3.31449341305997));
#3968=CARTESIAN_POINT('Ctrl Pts',(5.58404321802056,15.4886529509811,-2.58312210505203));
#3969=CARTESIAN_POINT('Ctrl Pts',(3.80846397848765,15.329787655883,-3.98761448261914));
#3970=CARTESIAN_POINT('Ctrl Pts',(4.02679190692057,15.1709223607849,-6.24098418943845));
#3971=CARTESIAN_POINT('Ctrl Pts',(6.03913395143558,15.0120570656868,-7.27839440588136));
#3972=CARTESIAN_POINT('Ctrl Pts',(8.00118800082157,14.8531917705887,-6.14922414391705));
#3973=CARTESIAN_POINT('Ctrl Pts',(8.11567984674483,14.6943264754906,-3.88818315196105));
#3974=CARTESIAN_POINT('Ctrl Pts',(6.2764968277416,14.5354611803924,-2.56711739754427));
#3975=CARTESIAN_POINT('Ctrl Pts',(4.17125747912597,14.3765958852943,-3.39661111717825));
#3976=CARTESIAN_POINT('Ctrl Pts',(3.72458746002409,14.2177305901962,-5.61647379682888));
#3977=CARTESIAN_POINT('Ctrl Pts',(5.35467059967133,14.0588652950981,-7.19282864843448));
#3978=CARTESIAN_POINT('Ctrl Pts',(6.81707044838048,13.952955098366,-6.85101095357042));
#3979=CARTESIAN_POINT('Ctrl Pts',(7.31434158262338,13.9,-6.40853284683814));
#3980=CARTESIAN_POINT('Ctrl Pts',(7.90394352376938,38.5610757670369,-3.81524503115561));
#3981=CARTESIAN_POINT('Ctrl Pts',(7.53835857133942,38.5081206686709,-3.17659061859433));
#3982=CARTESIAN_POINT('Ctrl Pts',(6.12580250301438,38.4022104719388,-2.30401556370276));
#3983=CARTESIAN_POINT('Ctrl Pts',(3.86289494445111,38.2433451768407,-3.38294180481591));
#3984=CARTESIAN_POINT('Ctrl Pts',(3.55035801474675,38.0844798817426,-5.86671139184274));
#3985=CARTESIAN_POINT('Ctrl Pts',(5.4651764515277,37.9256145866444,-7.47650840147658));
#3986=CARTESIAN_POINT('Ctrl Pts',(7.85746335838232,37.7667492915464,-6.73869362311594));
#3987=CARTESIAN_POINT('Ctrl Pts',(8.5326445729828,37.6078839964482,-4.32858752787695));
#3988=CARTESIAN_POINT('Ctrl Pts',(6.87329422791387,37.4490187013501,-2.45505039776295));
#3989=CARTESIAN_POINT('Ctrl Pts',(4.39927442765774,37.290153406252,-2.83466228864709));
#3990=CARTESIAN_POINT('Ctrl Pts',(3.37795629977116,37.1312881111539,-5.11967904419271));
#3991=CARTESIAN_POINT('Ctrl Pts',(4.74503115719314,36.9724228160558,-7.21620552392679));
#3992=CARTESIAN_POINT('Ctrl Pts',(7.24789360789128,36.8135575209576,-7.20315141897643));
#3993=CARTESIAN_POINT('Ctrl Pts',(8.59303679605547,36.6546922258596,-5.09246360011722));
#3994=CARTESIAN_POINT('Ctrl Pts',(7.54788470559435,36.4958269307615,-2.81824569010893));
#3995=CARTESIAN_POINT('Ctrl Pts',(5.07013316980227,36.3369616356633,-2.46443766637126));
#3996=CARTESIAN_POINT('Ctrl Pts',(3.43023782008926,36.1780963405652,-4.35524809533037));
#3997=CARTESIAN_POINT('Ctrl Pts',(4.13088763585291,36.0192310454671,-6.7580612898459));
#3998=CARTESIAN_POINT('Ctrl Pts',(6.53005492514364,35.860365750369,-7.47109749807697));
#3999=CARTESIAN_POINT('Ctrl Pts',(8.42929928916661,35.7015004552709,-5.84097683659865));
#4000=CARTESIAN_POINT('Ctrl Pts',(8.08827832504795,35.5426351601728,-3.36143505401405));
#4001=CARTESIAN_POINT('Ctrl Pts',(5.81948100906367,35.3837698650747,-2.30456143531697));
#4002=CARTESIAN_POINT('Ctrl Pts',(3.70188444016152,35.2249045699765,-3.63880564702031));
#4003=CARTESIAN_POINT('Ctrl Pts',(3.67591507401753,35.0660392748784,-6.1415538341238));
#4004=CARTESIAN_POINT('Ctrl Pts',(5.76536956928234,34.9071739797803,-7.51945181665677));
#4005=CARTESIAN_POINT('Ctrl Pts',(8.05560893218313,34.7483086846822,-6.50988430467509));
#4006=CARTESIAN_POINT('Ctrl Pts',(8.44800812139709,34.5894433895841,-4.03795271446903));
#4007=CARTESIAN_POINT('Ctrl Pts',(6.58299826682222,34.430578094486,-2.36877292866934));
#4008=CARTESIAN_POINT('Ctrl Pts',(4.16955200710044,34.2717127993879,-3.03187176080913));
#4009=CARTESIAN_POINT('Ctrl Pts',(3.41919310643425,34.1128475042898,-5.41962895777));
#4010=CARTESIAN_POINT('Ctrl Pts',(5.01950121841649,33.9539822091917,-7.34406052543583));
#4011=CARTESIAN_POINT('Ctrl Pts',(7.50405901202321,33.7951169140935,-7.04174366944364));
#4012=CARTESIAN_POINT('Ctrl Pts',(8.59618077905838,33.6362516189954,-4.78970171658473));
#4013=CARTESIAN_POINT('Ctrl Pts',(7.29511780461154,33.4773863238973,-2.65155811803294));
#4014=CARTESIAN_POINT('Ctrl Pts',(4.79307881386665,33.3185210287992,-2.58656734791121));
#4015=CARTESIAN_POINT('Ctrl Pts',(3.38276813700517,33.1596557337011,-4.65428268281191));
#4016=CARTESIAN_POINT('Ctrl Pts',(4.35650192408491,33.000790438603,-6.95998548745809));
#4017=CARTESIAN_POINT('Ctrl Pts',(6.82201443568938,32.8419251435049,-7.39088102765685));
#4018=CARTESIAN_POINT('Ctrl Pts',(8.52007180998108,32.6830598484067,-5.55212490868353));
#4019=CARTESIAN_POINT('Ctrl Pts',(7.89468570729531,32.5241945533087,-3.1286325662126));
#4020=CARTESIAN_POINT('Ctrl Pts',(5.51891891002116,32.3653292582105,-2.34113333674256));
#4021=CARTESIAN_POINT('Ctrl Pts',(3.56976819711464,32.2064639631124,-3.91123983307432));
#4022=CARTESIAN_POINT('Ctrl Pts',(3.83330736528323,32.0475986680143,-6.40020950309605));
#4023=CARTESIAN_POINT('Ctrl Pts',(6.06804641605967,31.8887333729162,-7.52731388441198));
#4024=CARTESIAN_POINT('Ctrl Pts',(8.22621714217278,31.7298680778181,-6.25974849028221));
#4025=CARTESIAN_POINT('Ctrl Pts',(8.3302135241356,31.57100278272,-3.75902706157696));
#4026=CARTESIAN_POINT('Ctrl Pts',(6.28474010247121,31.4121374876218,-2.31664660111875));
#4027=CARTESIAN_POINT('Ctrl Pts',(3.96413448283765,31.2532721925237,-3.25430990400102));
#4028=CARTESIAN_POINT('Ctrl Pts',(3.49484736105533,31.0944068974256,-5.71280385534119));
#4029=CARTESIAN_POINT('Ctrl Pts',(5.30690265769512,30.9355416023275,-7.43932594131826));
#4030=CARTESIAN_POINT('Ctrl Pts',(7.73985181837781,30.7766763072294,-6.8518046285301));
#4031=CARTESIAN_POINT('Ctrl Pts',(8.56429989901704,30.6178110121313,-4.48860589084907));
#4032=CARTESIAN_POINT('Ctrl Pts',(7.02477678443661,30.4589457170332,-2.5152099622226));
#4033=CARTESIAN_POINT('Ctrl Pts',(4.53200042280219,30.300080421935,-2.73990736390678));
#4034=CARTESIAN_POINT('Ctrl Pts',(3.37018747888222,30.1412151268369,-4.95680014317847));
#4035=CARTESIAN_POINT('Ctrl Pts',(4.60394708837374,29.9823498317389,-7.13447324477895));
#4036=CARTESIAN_POINT('Ctrl Pts',(7.1027429128822,29.8234845366407,-7.27744995220393));
#4037=CARTESIAN_POINT('Ctrl Pts',(8.5768424468997,29.6646192415426,-5.25471579387855));
#4038=CARTESIAN_POINT('Ctrl Pts',(7.67547761794565,29.5057539464445,-2.91977160684289));
#4039=CARTESIAN_POINT('Ctrl Pts',(5.22460000154885,29.3468886513463,-2.41220700908984));
#4040=CARTESIAN_POINT('Ctrl Pts',(3.47003300202425,29.1880233562483,-4.19712088814008));
#4041=CARTESIAN_POINT('Ctrl Pts',(4.01954667104987,29.0291580611502,-6.638935303488));
#4042=CARTESIAN_POINT('Ctrl Pts',(6.36960274517583,28.870292766052,-7.50013177347068));
#4043=CARTESIAN_POINT('Ctrl Pts',(8.36676406482508,28.7114274709539,-5.99156637059822));
#4044=CARTESIAN_POINT('Ctrl Pts',(8.18096306405577,28.5525621758558,-3.49558942768386));
#4045=CARTESIAN_POINT('Ctrl Pts',(5.98245558644048,28.3936968807577,-2.29935041213696));
#4046=CARTESIAN_POINT('Ctrl Pts',(3.78580960336925,28.2348315856596,-3.49900425241922));
#4047=CARTESIAN_POINT('Ctrl Pts',(3.60388733479592,28.0759662905615,-5.9952668987856));
#4048=CARTESIAN_POINT('Ctrl Pts',(5.60339040865765,27.9171009954634,-7.50072708393315));
#4049=CARTESIAN_POINT('Ctrl Pts',(7.95210542913415,27.7582357003652,-6.63587989278609));
#4050=CARTESIAN_POINT('Ctrl Pts',(8.49782409020367,27.5993704052671,-4.19321453412406));
#4051=CARTESIAN_POINT('Ctrl Pts',(6.74048562465288,27.440505110169,-2.41102923821835));
#4052=CARTESIAN_POINT('Ctrl Pts',(4.2903996737437,27.2816398150709,-2.92240165104916));
#4053=CARTESIAN_POINT('Ctrl Pts',(3.39266421149267,27.1227745199728,-5.25874365325343));
#4054=CARTESIAN_POINT('Ctrl Pts',(4.86990509996584,26.9639092248747,-7.27918476075198));
#4055=CARTESIAN_POINT('Ctrl Pts',(7.36847573561659,26.8050439297766,-7.13232533779672));
#4056=CARTESIAN_POINT('Ctrl Pts',(8.59884996122782,26.6461786346784,-4.95273772166414));
#4057=CARTESIAN_POINT('Ctrl Pts',(7.43359358202079,26.4873133395804,-2.7376529643322));
#4058=CARTESIAN_POINT('Ctrl Pts',(4.94047107180788,26.3284480444822,-2.51682936840879));
#4059=CARTESIAN_POINT('Ctrl Pts',(3.40401628319817,26.1695827493841,-4.49261518524352));
#4060=CARTESIAN_POINT('Ctrl Pts',(4.23213555180234,26.010717454286,-6.85452995686706));
#4061=CARTESIAN_POINT('Ctrl Pts',(6.66599472672156,25.8518521591879,-7.43826999156442));
#4062=CARTESIAN_POINT('Ctrl Pts',(8.47536498654449,25.6929868640897,-5.70893423055231));
#4063=CARTESIAN_POINT('Ctrl Pts',(8.00225816842037,25.5341215689917,-3.25117247438239));
#4064=CARTESIAN_POINT('Ctrl Pts',(5.68019831197316,25.3752562738935,-2.31711630127331));
#4065=CARTESIAN_POINT('Ctrl Pts',(3.63696868020228,25.2163909787955,-3.76267348910797));
#4066=CARTESIAN_POINT('Ctrl Pts',(3.74485081696023,25.0575256836973,-6.26323029830378));
#4067=CARTESIAN_POINT('Ctrl Pts',(5.90498861208558,24.8986603885992,-7.52744057255321));
#4068=CARTESIAN_POINT('Ctrl Pts',(8.13797355314118,24.7397950935011,-6.39686498265843));
#4069=CARTESIAN_POINT('Ctrl Pts',(8.3976447838872,24.580929798403,-3.90748880309661));
#4070=CARTESIAN_POINT('Ctrl Pts',(6.44605662987013,24.4220645033048,-2.34041299492806));
#4071=CARTESIAN_POINT('Ctrl Pts',(4.07151639886928,24.2631992082068,-3.13160298652641));
#4072=CARTESIAN_POINT('Ctrl Pts',(3.44989692500403,24.1043339131087,-5.55606419288927));
#4073=CARTESIAN_POINT('Ctrl Pts',(5.15080949920326,23.9454686180105,-7.39217947423135));
#4074=CARTESIAN_POINT('Ctrl Pts',(7.61564946398672,23.7866033229124,-6.95745328517302));
#4075=CARTESIAN_POINT('Ctrl Pts',(8.5857992352828,23.6277380278143,-4.65024017566165));
#4076=CARTESIAN_POINT('Ctrl Pts',(7.17227723053874,23.4688727327162,-2.5847188241498));
#4077=CARTESIAN_POINT('Ctrl Pts',(4.67034224992078,23.3100074376181,-2.65359744352542));
#4078=CARTESIAN_POINT('Ctrl Pts',(3.37260331558261,23.15114214252,-4.79376018727875));
#4079=CARTESIAN_POINT('Ctrl Pts',(4.46822322044745,22.9922768474218,-7.04410236915042));
#4080=CARTESIAN_POINT('Ctrl Pts',(6.95324778576841,22.8334115523238,-7.34255809651766));
#4081=CARTESIAN_POINT('Ctrl Pts',(8.55056358419283,22.6745462572256,-5.41564212752713));
#4082=CARTESIAN_POINT('Ctrl Pts',(7.79649524483158,22.5156809621275,-3.0290537987574));
#4083=CARTESIAN_POINT('Ctrl Pts',(5.38202150675367,22.3568156670294,-2.36970603044464));
#4084=CARTESIAN_POINT('Ctrl Pts',(3.51960764925403,22.1979503719313,-4.04178184656072));
#4085=CARTESIAN_POINT('Ctrl Pts',(3.91584750701065,22.0390850768332,-6.51310070226752));
#4086=CARTESIAN_POINT('Ctrl Pts',(6.20765287834478,21.8802197817351,-7.51910818304038));
#4087=CARTESIAN_POINT('Ctrl Pts',(8.29496372490832,21.721354486637,-6.1379650545902));
#4088=CARTESIAN_POINT('Ctrl Pts',(8.26510537052365,21.5624891915388,-3.63526023977077));
#4089=CARTESIAN_POINT('Ctrl Pts',(6.14543805163945,21.4036238964407,-2.30430818627626));
#4090=CARTESIAN_POINT('Ctrl Pts',(3.87828579221501,21.2447586013426,-3.3647060097527));
#4091=CARTESIAN_POINT('Ctrl Pts',(3.54111813675018,21.0858933062445,-5.84477473532368));
#4092=CARTESIAN_POINT('Ctrl Pts',(5.44289339746545,20.9270280111464,-7.47194214194733));
#4093=CARTESIAN_POINT('Ctrl Pts',(7.84094953294049,20.7681627160483,-6.75517880404741));
#4094=CARTESIAN_POINT('Ctrl Pts',(8.5378652774703,20.6092974209502,-4.35127960556312));
#4095=CARTESIAN_POINT('Ctrl Pts',(6.89503277914521,20.450432125852,-2.46302001167941));
#4096=CARTESIAN_POINT('Ctrl Pts',(4.41783592552621,20.291566830754,-2.82067719372262));
#4097=CARTESIAN_POINT('Ctrl Pts',(3.37621534267024,20.1327015356558,-5.09651758197881));
#4098=CARTESIAN_POINT('Ctrl Pts',(4.72464377444022,19.9738362405577,-7.20511040086101));
#4099=CARTESIAN_POINT('Ctrl Pts',(7.22750989905761,19.8149709454596,-7.21427957142738));
#4100=CARTESIAN_POINT('Ctrl Pts',(8.59135145511621,19.6561056503615,-5.1156230675146));
#4101=CARTESIAN_POINT('Ctrl Pts',(7.56643354525327,19.4972403552634,-2.83221198111548));
#4102=CARTESIAN_POINT('Ctrl Pts',(5.09192367994646,19.3383750601653,-2.45641437875411));
#4103=CARTESIAN_POINT('Ctrl Pts',(3.435300305498,19.1795097650672,-4.33258652082557));
#4104=CARTESIAN_POINT('Ctrl Pts',(4.11458436330436,19.020644469969,-6.74152738358311));
#4105=CARTESIAN_POINT('Ctrl Pts',(6.50732452204276,18.8617791748709,-7.47584165157002));
#4106=CARTESIAN_POINT('Ctrl Pts',(8.42097072824697,18.7029138797728,-5.86265192032796));
#4107=CARTESIAN_POINT('Ctrl Pts',(8.10198318504927,18.5440485846747,-3.38017939102312));
#4108=CARTESIAN_POINT('Ctrl Pts',(5.84266114299562,18.3851832895766,-2.30319897268703));
#4109=CARTESIAN_POINT('Ctrl Pts',(3.71329904906009,18.2263179944785,-3.61858484185831));
#4110=CARTESIAN_POINT('Ctrl Pts',(3.66510458320561,18.0674526993804,-6.12100371265279));
#4111=CARTESIAN_POINT('Ctrl Pts',(5.74223999035177,17.9085874042823,-7.51740315770067));
#4112=CARTESIAN_POINT('Ctrl Pts',(8.04135470064311,17.7497221091841,-6.52821436686973));
#4113=CARTESIAN_POINT('Ctrl Pts',(8.45569087446363,17.590856814086,-4.05986503069015));
#4114=CARTESIAN_POINT('Ctrl Pts',(6.60557803896314,17.4319915189879,-2.37418849097519));
#4115=CARTESIAN_POINT('Ctrl Pts',(4.18633816940445,17.2731262238898,-3.01582810289795));
#4116=CARTESIAN_POINT('Ctrl Pts',(3.41480393468287,17.1142609287917,-5.39682743525406));
#4117=CARTESIAN_POINT('Ctrl Pts',(4.99795863662532,16.9553956336936,-7.33539495659749));
#4118=CARTESIAN_POINT('Ctrl Pts',(7.48510327600757,16.7965303385954,-7.05515461384259));
#4119=CARTESIAN_POINT('Ctrl Pts',(8.59718158981373,16.6376650434974,-4.81290026308011));
#4120=CARTESIAN_POINT('Ctrl Pts',(7.31515826079187,16.4787997483992,-2.66328664452089));
#4121=CARTESIAN_POINT('Ctrl Pts',(4.81379481808966,16.3199344533011,-2.57607859578653));
#4122=CARTESIAN_POINT('Ctrl Pts',(3.38517755393066,16.161069158203,-4.63118786894318));
#4123=CARTESIAN_POINT('Ctrl Pts',(4.33839566869173,16.0022038631049,-6.94544715907517));
#4124=CARTESIAN_POINT('Ctrl Pts',(6.7999863041946,15.8433385680068,-7.39822120204327));
#4125=CARTESIAN_POINT('Ctrl Pts',(8.51430229502129,15.6844732729087,-5.57461744080738));
#4126=CARTESIAN_POINT('Ctrl Pts',(7.9104705451682,15.5256079778106,-3.14566695073672));
#4127=CARTESIAN_POINT('Ctrl Pts',(5.54177672461672,15.3667426827124,-2.33710004487672));
#4128=CARTESIAN_POINT('Ctrl Pts',(3.57878665910709,15.2078773876143,-3.88983535674797));
#4129=CARTESIAN_POINT('Ctrl Pts',(3.82015890822725,15.0490120925162,-6.38104625284419));
#4130=CARTESIAN_POINT('Ctrl Pts',(6.04490188440073,14.8901467974181,-7.5279542045678));
#4131=CARTESIAN_POINT('Ctrl Pts',(8.21404901181974,14.73128150232,-6.27960101527958));
#4132=CARTESIAN_POINT('Ctrl Pts',(8.3406253713115,14.5724162072219,-3.77990913665226));
#4133=CARTESIAN_POINT('Ctrl Pts',(6.3073182033886,14.4135509121238,-2.31940605457789));
#4134=CARTESIAN_POINT('Ctrl Pts',(3.97987269442919,14.2546856170257,-3.23645210624971));
#4135=CARTESIAN_POINT('Ctrl Pts',(3.48605704794267,14.0958203219275,-5.69061933795045));
#4136=CARTESIAN_POINT('Ctrl Pts',(5.28819402828044,13.9369550268294,-7.43335705673213));
#4137=CARTESIAN_POINT('Ctrl Pts',(6.90494889390616,13.8310448300974,-7.05546080502214));
#4138=CARTESIAN_POINT('Ctrl Pts',(7.45470655870084,13.7780897317313,-6.56627952356637));
#4139=CARTESIAN_POINT('Ctrl Pts',(8.08719810594421,38.4391654987682,-3.71034460865906));
#4140=CARTESIAN_POINT('Ctrl Pts',(7.68670998252863,38.3862104004022,-3.01071650444504));
#4141=CARTESIAN_POINT('Ctrl Pts',(6.13929418966673,38.2803002036701,-2.05483485792208));
#4142=CARTESIAN_POINT('Ctrl Pts',(3.66034204579924,38.121434908572,-3.23676847618283));
#4143=CARTESIAN_POINT('Ctrl Pts',(3.31796655237863,37.9625696134739,-5.95766881492325));
#4144=CARTESIAN_POINT('Ctrl Pts',(5.41559676754694,37.8037043183758,-7.72115656020122));
#4145=CARTESIAN_POINT('Ctrl Pts',(8.03628038056144,37.6448390232777,-6.91290103969934));
#4146=CARTESIAN_POINT('Ctrl Pts',(8.7759225780958,37.4859737281796,-4.27269700258257));
#4147=CARTESIAN_POINT('Ctrl Pts',(6.95815053532288,37.3271084330815,-2.2202893080057));
#4148=CARTESIAN_POINT('Ctrl Pts',(4.24793081618004,37.1682431379833,-2.6361435514474));
#4149=CARTESIAN_POINT('Ctrl Pts',(3.12910527992942,37.0093778428852,-5.13931570423711));
#4150=CARTESIAN_POINT('Ctrl Pts',(4.62669767419637,36.8505125477871,-7.43600201470727));
#4151=CARTESIAN_POINT('Ctrl Pts',(7.36851371280769,36.691647252689,-7.42170160666342));
#4152=CARTESIAN_POINT('Ctrl Pts',(8.84208057482546,36.5327819575909,-5.10950194397901));
#4153=CARTESIAN_POINT('Ctrl Pts',(7.69714559703027,36.3739166624928,-2.61815962541949));
#4154=CARTESIAN_POINT('Ctrl Pts',(4.98283786564313,36.2150513673946,-2.23057279906285));
#4155=CARTESIAN_POINT('Ctrl Pts',(3.18637822790591,36.0561860722966,-4.30190291097034));
#4156=CARTESIAN_POINT('Ctrl Pts',(3.95392056798737,35.8973207771984,-6.9341177786599));
#4157=CARTESIAN_POINT('Ctrl Pts',(6.58214144814564,35.7384554821003,-7.71522906637499));
#4158=CARTESIAN_POINT('Ctrl Pts',(8.66271070078988,35.5795901870022,-5.92947732709491));
#4159=CARTESIAN_POINT('Ctrl Pts',(8.28913174176139,35.4207248919041,-3.21320843025602));
#4160=CARTESIAN_POINT('Ctrl Pts',(5.80372753283702,35.261859596806,-2.05543284505733));
#4161=CARTESIAN_POINT('Ctrl Pts',(3.48395952708634,35.1029943017078,-3.51706018220971));
#4162=CARTESIAN_POINT('Ctrl Pts',(3.4555108104634,34.9441290066098,-6.25875104823857));
#4163=CARTESIAN_POINT('Ctrl Pts',(5.744449959104,34.7852637115116,-7.7681998743318));
#4164=CARTESIAN_POINT('Ctrl Pts',(8.25334333265269,34.6263984164135,-6.66224681021505));
#4165=CARTESIAN_POINT('Ctrl Pts',(8.6832057049236,34.4675331213154,-3.95431466696586));
#4166=CARTESIAN_POINT('Ctrl Pts',(6.64013940297195,34.3086678262173,-2.12577474590275));
#4167=CARTESIAN_POINT('Ctrl Pts',(3.99627630878315,34.1498025311192,-2.85218103029053));
#4168=CARTESIAN_POINT('Ctrl Pts',(3.17427905200725,33.9909372360211,-5.46790247239805));
#4169=CARTESIAN_POINT('Ctrl Pts',(4.92737197444442,33.832071940923,-7.57606360445081));
#4170=CARTESIAN_POINT('Ctrl Pts',(7.64913577151906,33.6732066458248,-7.24488391686119));
#4171=CARTESIAN_POINT('Ctrl Pts',(8.84552472055551,33.5143413507268,-4.77783474112573));
#4172=CARTESIAN_POINT('Ctrl Pts',(7.42024650377351,33.3554760556286,-2.43555803721489));
#4173=CARTESIAN_POINT('Ctrl Pts',(4.67933254258411,33.1966107605305,-2.36436246039375));
#4174=CARTESIAN_POINT('Ctrl Pts',(3.13437651347233,33.0377454654324,-4.62948696491134));
#4175=CARTESIAN_POINT('Ctrl Pts',(4.20107473095058,32.8788801703343,-7.15532010779405));
#4176=CARTESIAN_POINT('Ctrl Pts',(6.90197495254624,32.7200148752362,-7.62735415934709));
#4177=CARTESIAN_POINT('Ctrl Pts',(8.76214946673758,32.561149580138,-5.61304809283135));
#4178=CARTESIAN_POINT('Ctrl Pts',(8.07705642609119,32.4022842850399,-2.95817979506091));
#4179=CARTESIAN_POINT('Ctrl Pts',(5.47447013256573,32.2434189899418,-2.09549634349819));
#4180=CARTESIAN_POINT('Ctrl Pts',(3.33922986603528,32.0845536948437,-3.81550423796695));
#4181=CARTESIAN_POINT('Ctrl Pts',(3.62792967767907,31.9256883997456,-6.54210112265758));
#4182=CARTESIAN_POINT('Ctrl Pts',(6.07602400656272,31.7668231046475,-7.77681255037472));
#4183=CARTESIAN_POINT('Ctrl Pts',(8.44023987039007,31.6079578095493,-6.38822999896672));
#4184=CARTESIAN_POINT('Ctrl Pts',(8.55416500756398,31.4490925144513,-3.64875939026006));
#4185=CARTESIAN_POINT('Ctrl Pts',(6.31340589892488,31.2902272193531,-2.06867180727652));
#4186=CARTESIAN_POINT('Ctrl Pts',(3.7712471376921,31.1313619242551,-3.09585581490856));
#4187=CARTESIAN_POINT('Ctrl Pts',(3.25715617881515,30.9724966291569,-5.78906739940182));
#4188=CARTESIAN_POINT('Ctrl Pts',(5.24221223884423,30.8136313340588,-7.68042421169016));
#4189=CARTESIAN_POINT('Ctrl Pts',(7.90744021732345,30.6547660389607,-7.03681099276187));
#4190=CARTESIAN_POINT('Ctrl Pts',(8.81060010526233,30.4959007438626,-4.44799265814163));
#4191=CARTESIAN_POINT('Ctrl Pts',(7.12409545288239,30.3370354487645,-2.28619243371097));
#4192=CARTESIAN_POINT('Ctrl Pts',(4.39332844365503,30.1781701536664,-2.5323421730225));
#4193=CARTESIAN_POINT('Ctrl Pts',(3.1205947532289,30.0193048585682,-4.9608864090005));
#4194=CARTESIAN_POINT('Ctrl Pts',(4.47214401002132,29.8604395634702,-7.3464665814767));
#4195=CARTESIAN_POINT('Ctrl Pts',(7.20950517301339,29.701574268372,-7.50309357848019));
#4196=CARTESIAN_POINT('Ctrl Pts',(8.82434011679997,29.542708973274,-5.28724469889172));
#4197=CARTESIAN_POINT('Ctrl Pts',(7.83692007540815,29.3838436781758,-2.72937843680812));
#4198=CARTESIAN_POINT('Ctrl Pts',(5.15205197351315,29.2249783830777,-2.17335557012505));
#4199=CARTESIAN_POINT('Ctrl Pts',(3.22997274028447,29.0661130879796,-4.12867896384763));
#4200=CARTESIAN_POINT('Ctrl Pts',(3.83194964506818,28.9072477928815,-6.80361858166233));
#4201=CARTESIAN_POINT('Ctrl Pts',(6.40637055816198,28.7483824977833,-7.74703530563586));
#4202=CARTESIAN_POINT('Ctrl Pts',(8.59420510591393,28.5895172026853,-6.09444396337645));
#4203=CARTESIAN_POINT('Ctrl Pts',(8.3906652894301,28.4306519075871,-3.36017080658443));
#4204=CARTESIAN_POINT('Ctrl Pts',(5.98226163886149,28.271786612489,-2.0497243144393));
#4205=CARTESIAN_POINT('Ctrl Pts',(3.57589720367014,28.1129213173909,-3.36391165188172));
#4206=CARTESIAN_POINT('Ctrl Pts',(3.37660643017368,27.9540560222928,-6.09849778884045));
#4207=CARTESIAN_POINT('Ctrl Pts',(5.56700630438072,27.7951907271947,-7.7476874516511));
#4208=CARTESIAN_POINT('Ctrl Pts',(8.13995813058815,27.6363254320965,-6.80027146441874));
#4209=CARTESIAN_POINT('Ctrl Pts',(8.73777770995517,27.4774601369985,-4.12439966192649));
#4210=CARTESIAN_POINT('Ctrl Pts',(6.81266241295923,27.3185948419003,-2.17206535496985));
#4211=CARTESIAN_POINT('Ctrl Pts',(4.12866155853542,27.1597295468022,-2.73225957691433));
#4212=CARTESIAN_POINT('Ctrl Pts',(3.14521738718536,27.0008642517041,-5.29165710654611));
#4213=CARTESIAN_POINT('Ctrl Pts',(4.76349359720177,26.841998956606,-7.50499401288066));
#4214=CARTESIAN_POINT('Ctrl Pts',(7.50060807207818,26.6831336615079,-7.34411360925816));
#4215=CARTESIAN_POINT('Ctrl Pts',(8.84844873520926,26.5242683664097,-4.95643613948589));
#4216=CARTESIAN_POINT('Ctrl Pts',(7.57194285742408,26.3654030713117,-2.52987254113789));
#4217=CARTESIAN_POINT('Ctrl Pts',(4.84079665207909,26.2065377762135,-2.28796644804127));
#4218=CARTESIAN_POINT('Ctrl Pts',(3.15765326525965,26.0476724811155,-4.45238472837752));
#4219=CARTESIAN_POINT('Ctrl Pts',(4.0648348372668,25.8888071860173,-7.03979651397686));
#4220=CARTESIAN_POINT('Ctrl Pts',(6.73105971097227,25.7299418909192,-7.67926744817315));
#4221=CARTESIAN_POINT('Ctrl Pts',(8.71317438802337,25.5710765958211,-5.78482833332505));
#4222=CARTESIAN_POINT('Ctrl Pts',(8.19489905829151,25.412211300723,-3.09241884822828));
#4223=CARTESIAN_POINT('Ctrl Pts',(5.65114722117133,25.2533460056249,-2.06918635070128));
#4224=CARTESIAN_POINT('Ctrl Pts',(3.41284612180704,25.0944807105267,-3.65275394996325));
#4225=CARTESIAN_POINT('Ctrl Pts',(3.53102799502985,24.9356154154286,-6.39204422258667));
#4226=CARTESIAN_POINT('Ctrl Pts',(5.89739872812116,24.7767501203305,-7.77695133370155));
#4227=CARTESIAN_POINT('Ctrl Pts',(8.34357147870758,24.6178848252324,-6.53843729375849));
#4228=CARTESIAN_POINT('Ctrl Pts',(8.62803407273739,24.4590195301343,-3.81139508919957));
#4229=CARTESIAN_POINT('Ctrl Pts',(6.49012365742258,24.3001542350362,-2.09470722912247));
#4230=CARTESIAN_POINT('Ctrl Pts',(3.88888103305466,24.1412889399381,-2.96143380770374));
#4231=CARTESIAN_POINT('Ctrl Pts',(3.20791422927308,23.9824236448399,-5.61736346885729));
#4232=CARTESIAN_POINT('Ctrl Pts',(5.07121653536435,23.8235583497419,-7.62877657137068));
#4233=CARTESIAN_POINT('Ctrl Pts',(7.77138000066721,23.6646930546437,-7.15254615078485));
#4234=CARTESIAN_POINT('Ctrl Pts',(8.83415202877154,23.5058277595456,-4.62505851102738));
#4235=CARTESIAN_POINT('Ctrl Pts',(7.28567807949151,23.3469624644475,-2.36233745414726));
#4236=CARTESIAN_POINT('Ctrl Pts',(4.54487805849651,23.1880971693494,-2.43779206143851));
#4237=CARTESIAN_POINT('Ctrl Pts',(3.12324123498421,23.0292318742513,-4.78228068262684));
#4238=CARTESIAN_POINT('Ctrl Pts',(4.32346229649011,22.8703665791532,-7.24746780663291));
#4239=CARTESIAN_POINT('Ctrl Pts',(7.04573742896479,22.711501284055,-7.57441773545645));
#4240=CARTESIAN_POINT('Ctrl Pts',(8.7955523553207,22.552635988957,-5.46353501101397));
#4241=CARTESIAN_POINT('Ctrl Pts',(7.96949151186803,22.3937706938588,-2.8490940314235));
#4242=CARTESIAN_POINT('Ctrl Pts',(5.3245028437847,22.2349053987608,-2.12679693288409));
#4243=CARTESIAN_POINT('Ctrl Pts',(3.28428038425636,22.0760401036626,-3.95850937442173));
#4244=CARTESIAN_POINT('Ctrl Pts',(3.71835010184358,21.9171748085645,-6.66577028410913));
#4245=CARTESIAN_POINT('Ctrl Pts',(6.22895899397296,21.7583095134664,-7.76782343328503));
#4246=CARTESIAN_POINT('Ctrl Pts',(8.51554983522312,21.5994442183683,-6.25481964030943));
#4247=CARTESIAN_POINT('Ctrl Pts',(8.48284084040176,21.4405789232702,-3.51317628740856));
#4248=CARTESIAN_POINT('Ctrl Pts',(6.16080438577525,21.281713628172,-2.05515541779346));
#4249=CARTESIAN_POINT('Ctrl Pts',(3.67720229045038,21.122848333074,-3.21679167107826));
#4250=CARTESIAN_POINT('Ctrl Pts',(3.3078445236276,20.9639830379758,-5.93363781926837));
#4251=CARTESIAN_POINT('Ctrl Pts',(5.39118630304057,20.8051177428777,-7.71615435018752));
#4252=CARTESIAN_POINT('Ctrl Pts',(8.01818994517109,20.6462524477796,-6.93096009582714));
#4253=CARTESIAN_POINT('Ctrl Pts',(8.78164171431629,20.4873871526815,-4.29755554106598));
#4254=CARTESIAN_POINT('Ctrl Pts',(6.98196451215793,20.3285218575834,-2.22901979787005));
#4255=CARTESIAN_POINT('Ctrl Pts',(4.26826441962767,20.1696565624853,-2.62082326984155));
#4256=CARTESIAN_POINT('Ctrl Pts',(3.12719810996068,20.0107912673871,-5.11394296808931));
#4257=CARTESIAN_POINT('Ctrl Pts',(4.60436386476084,19.8519259722891,-7.42384761670445));
#4258=CARTESIAN_POINT('Ctrl Pts',(7.34618392804826,19.6930606771909,-7.43389218743689));
#4259=CARTESIAN_POINT('Ctrl Pts',(8.84023433081132,19.5341953820928,-5.13487249486091));
#4260=CARTESIAN_POINT('Ctrl Pts',(7.71746533376223,19.3753300869947,-2.63345930785749));
#4261=CARTESIAN_POINT('Ctrl Pts',(5.00670876201866,19.2164647918966,-2.22178351115573));
#4262=CARTESIAN_POINT('Ctrl Pts',(3.19192403953654,19.0575994967984,-4.27707778787174));
#4263=CARTESIAN_POINT('Ctrl Pts',(3.93606078742171,18.8987342017004,-6.91600534529003));
#4264=CARTESIAN_POINT('Ctrl Pts',(6.55724092523888,18.7398689066022,-7.72042615426659));
#4265=CARTESIAN_POINT('Ctrl Pts',(8.65358699449045,18.5810036115041,-5.9532217770509));
#4266=CARTESIAN_POINT('Ctrl Pts',(8.3041450338215,18.422138316406,-3.23374232888487));
#4267=CARTESIAN_POINT('Ctrl Pts',(5.82912072333136,18.2632730213079,-2.0539403052297));
#4268=CARTESIAN_POINT('Ctrl Pts',(3.49646391291221,18.1044077262098,-3.49490885388107));
#4269=CARTESIAN_POINT('Ctrl Pts',(3.44366821915953,17.9455424311117,-6.23623896307428));
#4270=CARTESIAN_POINT('Ctrl Pts',(5.71911215020425,17.7866771360136,-7.76595562555898));
#4271=CARTESIAN_POINT('Ctrl Pts',(8.23772821938764,17.6278118409155,-6.68232688233408));
#4272=CARTESIAN_POINT('Ctrl Pts',(8.69162194672414,17.4689465458173,-3.97831899850291));
#4273=CARTESIAN_POINT('Ctrl Pts',(6.66487491386143,17.3100812507192,-2.13170734343088));
#4274=CARTESIAN_POINT('Ctrl Pts',(4.01466508161366,17.1512159556211,-2.83460565032245));
#4275=CARTESIAN_POINT('Ctrl Pts',(3.16947083671727,16.992350660523,-5.44292404015479));
#4276=CARTESIAN_POINT('Ctrl Pts',(4.90377267666774,16.8334853654249,-7.56657071537174));
#4277=CARTESIAN_POINT('Ctrl Pts',(7.628370291172,16.6746200703268,-7.25957523257282));
#4278=CARTESIAN_POINT('Ctrl Pts',(8.84662108083687,16.5157547752287,-4.80324810207003));
#4279=CARTESIAN_POINT('Ctrl Pts',(7.44220026482058,16.3568894801306,-2.44840631100836));
#4280=CARTESIAN_POINT('Ctrl Pts',(4.70202634767865,16.1980241850324,-2.35287232485216));
#4281=CARTESIAN_POINT('Ctrl Pts',(3.1370159625432,16.0391588899343,-4.60418724016763));
#4282=CARTESIAN_POINT('Ctrl Pts',(4.18123983294316,15.8802935948362,-7.1393937743578));
#4283=CARTESIAN_POINT('Ctrl Pts',(6.87784374860564,15.7214282997381,-7.63539511575415));
#4284=CARTESIAN_POINT('Ctrl Pts',(8.75582912394474,15.56256300464,-5.63768803471427));
#4285=CARTESIAN_POINT('Ctrl Pts',(8.09434827592286,15.4036977095419,-2.97684048841347));
#4286=CARTESIAN_POINT('Ctrl Pts',(5.49951023121288,15.2448324144437,-2.0910779847014));
#4287=CARTESIAN_POINT('Ctrl Pts',(3.34910933972653,15.0859671193457,-3.79205623087679));
#4288=CARTESIAN_POINT('Ctrl Pts',(3.61352590953393,14.9271018242475,-6.52110831624994));
#4289=CARTESIAN_POINT('Ctrl Pts',(6.0506698173659,14.7682365291494,-7.77751400325423));
#4290=CARTESIAN_POINT('Ctrl Pts',(8.42691002281791,14.6093712340513,-6.4099778866421));
#4291=CARTESIAN_POINT('Ctrl Pts',(8.56557089587818,14.4505059389532,-3.67163512134348));
#4292=CARTESIAN_POINT('Ctrl Pts',(6.33813957903561,14.2916406438551,-2.07169471161149));
#4293=CARTESIAN_POINT('Ctrl Pts',(3.78848790973241,14.132775348757,-3.07629309532118));
#4294=CARTESIAN_POINT('Ctrl Pts',(3.24752663586126,13.9739100536589,-5.76476487907201));
#4295=CARTESIAN_POINT('Ctrl Pts',(5.22171745688956,13.8150447585607,-7.67388546502978));
#4296=CARTESIAN_POINT('Ctrl Pts',(6.99282733943184,13.7091345618287,-7.25991065647386));
#4297=CARTESIAN_POINT('Ctrl Pts',(7.5950715347783,13.6561794634626,-6.7240262002946));
#4298=CARTESIAN_POINT('Ctrl Pts',(8.27045268811904,38.3172552304996,-3.60544418616252));
#4299=CARTESIAN_POINT('Ctrl Pts',(7.83506139371784,38.2643001321335,-2.84484239029575));
#4300=CARTESIAN_POINT('Ctrl Pts',(6.15278587631907,38.1583899354015,-1.80565415214139));
#4301=CARTESIAN_POINT('Ctrl Pts',(3.45778914714739,37.9995246403033,-3.09059514754975));
#4302=CARTESIAN_POINT('Ctrl Pts',(3.0855750900105,37.8406593452052,-6.04862623800374));
#4303=CARTESIAN_POINT('Ctrl Pts',(5.3660170835662,37.6817940501071,-7.96580471892585));
#4304=CARTESIAN_POINT('Ctrl Pts',(8.21509740274053,37.522928755009,-7.08710845628273));
#4305=CARTESIAN_POINT('Ctrl Pts',(9.01920058320881,37.3640634599108,-4.21680647728819));
#4306=CARTESIAN_POINT('Ctrl Pts',(7.04300684273188,37.2051981648128,-1.98552821824845));
#4307=CARTESIAN_POINT('Ctrl Pts',(4.09658720470235,37.0463328697147,-2.43762481424772));
#4308=CARTESIAN_POINT('Ctrl Pts',(2.88025426008769,36.8874675746165,-5.15895236428151));
#4309=CARTESIAN_POINT('Ctrl Pts',(4.5083641911996,36.7286022795184,-7.65579850548775));
#4310=CARTESIAN_POINT('Ctrl Pts',(7.4891338177241,36.5697369844203,-7.64025179435042));
#4311=CARTESIAN_POINT('Ctrl Pts',(9.09112435359545,36.4108716893222,-5.12654028784079));
#4312=CARTESIAN_POINT('Ctrl Pts',(7.84640648846619,36.2520063942241,-2.41807356073005));
#4313=CARTESIAN_POINT('Ctrl Pts',(4.89554256148399,36.093141099126,-1.99670793175443));
#4314=CARTESIAN_POINT('Ctrl Pts',(2.94251863572257,35.9342758040279,-4.24855772661031));
#4315=CARTESIAN_POINT('Ctrl Pts',(3.77695350012183,35.7754105089297,-7.11017426747391));
#4316=CARTESIAN_POINT('Ctrl Pts',(6.63422797114765,35.6165452138317,-7.95936063467301));
#4317=CARTESIAN_POINT('Ctrl Pts',(8.89612211241314,35.4576799187335,-6.01797781759118));
#4318=CARTESIAN_POINT('Ctrl Pts',(8.48998515847487,35.2988146236354,-3.06498180649799));
#4319=CARTESIAN_POINT('Ctrl Pts',(5.78797405661033,35.1399493285373,-1.8063042547977));
#4320=CARTESIAN_POINT('Ctrl Pts',(3.26603461401117,34.9810840334392,-3.39531471739909));
#4321=CARTESIAN_POINT('Ctrl Pts',(3.23510654690924,34.8222187383411,-6.37594826235335));
#4322=CARTESIAN_POINT('Ctrl Pts',(5.72353034892569,34.663353443243,-8.0169479320068));
#4323=CARTESIAN_POINT('Ctrl Pts',(8.45107773312223,34.5044881481448,-6.81460931575503));
#4324=CARTESIAN_POINT('Ctrl Pts',(8.91840328845012,34.3456228530468,-3.87067661946269));
#4325=CARTESIAN_POINT('Ctrl Pts',(6.69728053912165,34.1867575579486,-1.88277656313615));
#4326=CARTESIAN_POINT('Ctrl Pts',(3.82300061046587,34.0278922628505,-2.67249029977193));
#4327=CARTESIAN_POINT('Ctrl Pts',(2.92936499758024,33.8690269677524,-5.5161759870261));
#4328=CARTESIAN_POINT('Ctrl Pts',(4.83524273047237,33.7101616726543,-7.80806668346579));
#4329=CARTESIAN_POINT('Ctrl Pts',(7.79421253101491,33.5512963775562,-7.44802416427876));
#4330=CARTESIAN_POINT('Ctrl Pts',(9.09486866205264,33.3924310824581,-4.76596776566673));
#4331=CARTESIAN_POINT('Ctrl Pts',(7.54537520293547,33.2335657873599,-2.21955795639684));
#4332=CARTESIAN_POINT('Ctrl Pts',(4.56558627130157,33.0747004922618,-2.14215757287629));
#4333=CARTESIAN_POINT('Ctrl Pts',(2.88598488993949,32.9158351971637,-4.60469124701077));
#4334=CARTESIAN_POINT('Ctrl Pts',(4.04564753781626,32.7569699020656,-7.35065472813001));
#4335=CARTESIAN_POINT('Ctrl Pts',(6.98193546940309,32.5981046069675,-7.86382729103736));
#4336=CARTESIAN_POINT('Ctrl Pts',(9.00422712349408,32.4392393118694,-5.67397127697916));
#4337=CARTESIAN_POINT('Ctrl Pts',(8.25942714488708,32.2803740167712,-2.78772702390922));
#4338=CARTESIAN_POINT('Ctrl Pts',(5.43002135511031,32.1215087216732,-1.84985935025381));
#4339=CARTESIAN_POINT('Ctrl Pts',(3.10869153495591,31.962643426575,-3.71976864285958));
#4340=CARTESIAN_POINT('Ctrl Pts',(3.42255199007493,31.8037781314769,-6.68399274221911));
#4341=CARTESIAN_POINT('Ctrl Pts',(6.08400159706576,31.6449128363788,-8.02631121633747));
#4342=CARTESIAN_POINT('Ctrl Pts',(8.65426259860736,31.4860475412807,-6.51671150765123));
#4343=CARTESIAN_POINT('Ctrl Pts',(8.77811649099234,31.3271822461826,-3.53849171894317));
#4344=CARTESIAN_POINT('Ctrl Pts',(6.34207169537857,31.1683169510844,-1.82069701343429));
#4345=CARTESIAN_POINT('Ctrl Pts',(3.57835979254653,31.0094516559864,-2.93740172581611));
#4346=CARTESIAN_POINT('Ctrl Pts',(3.01946499657498,30.8505863608883,-5.86533094346244));
#4347=CARTESIAN_POINT('Ctrl Pts',(5.17752181999333,30.6917210657901,-7.92152248206206));
#4348=CARTESIAN_POINT('Ctrl Pts',(8.0750286162691,30.532855770692,-7.22181735699363));
#4349=CARTESIAN_POINT('Ctrl Pts',(9.05690031150761,30.3739904755939,-4.40737942543419));
#4350=CARTESIAN_POINT('Ctrl Pts',(7.22341412132817,30.2151251804958,-2.05717490519933));
#4351=CARTESIAN_POINT('Ctrl Pts',(4.25465646450786,30.0562598853977,-2.32477698213822));
#4352=CARTESIAN_POINT('Ctrl Pts',(2.87100202757559,29.8973945902996,-4.96497267482253));
#4353=CARTESIAN_POINT('Ctrl Pts',(4.34034093166889,29.7385292952014,-7.55845991817445));
#4354=CARTESIAN_POINT('Ctrl Pts',(7.31626743314459,29.5796640001034,-7.72873720475644));
#4355=CARTESIAN_POINT('Ctrl Pts',(9.07183778670024,29.4207987050052,-5.31977360390489));
#4356=CARTESIAN_POINT('Ctrl Pts',(7.99836253287067,29.2619334099071,-2.53898526677336));
#4357=CARTESIAN_POINT('Ctrl Pts',(5.07950394547743,29.103068114809,-1.93450413116026));
#4358=CARTESIAN_POINT('Ctrl Pts',(2.98991247854471,28.9442028197109,-4.06023703955518));
#4359=CARTESIAN_POINT('Ctrl Pts',(3.64435261908647,28.7853375246128,-6.96830185983666));
#4360=CARTESIAN_POINT('Ctrl Pts',(6.44313837114815,28.6264722295147,-7.99393883780102));
#4361=CARTESIAN_POINT('Ctrl Pts',(8.82164614700276,28.4676069344165,-6.19732155615469));
#4362=CARTESIAN_POINT('Ctrl Pts',(8.60036751480444,28.3087416393185,-3.22475218548499));
#4363=CARTESIAN_POINT('Ctrl Pts',(5.98206769128249,28.1498763442203,-1.80009821674165));
#4364=CARTESIAN_POINT('Ctrl Pts',(3.36598480397104,27.9910110491222,-3.22881905134421));
#4365=CARTESIAN_POINT('Ctrl Pts',(3.14932552555145,27.8321457540241,-6.2017286788953));
#4366=CARTESIAN_POINT('Ctrl Pts',(5.53062220010378,27.673280458926,-7.99464781936905));
#4367=CARTESIAN_POINT('Ctrl Pts',(8.32781083204216,27.5144151638279,-6.96466303605139));
#4368=CARTESIAN_POINT('Ctrl Pts',(8.97773132970668,27.3555498687298,-4.05558478972892));
#4369=CARTESIAN_POINT('Ctrl Pts',(6.88483920126558,27.1966845736316,-1.93310147172135));
#4370=CARTESIAN_POINT('Ctrl Pts',(3.96692344332714,27.0378192785336,-2.5421175027795));
#4371=CARTESIAN_POINT('Ctrl Pts',(2.89777056287806,26.8789539834354,-5.32457055983879));
#4372=CARTESIAN_POINT('Ctrl Pts',(4.65708209443771,26.7200886883373,-7.73080326500934));
#4373=CARTESIAN_POINT('Ctrl Pts',(7.63274040853977,26.5612233932392,-7.55590188071959));
#4374=CARTESIAN_POINT('Ctrl Pts',(9.09804750919069,26.4023580981411,-4.96013455730765));
#4375=CARTESIAN_POINT('Ctrl Pts',(7.71029213282737,26.2434928030429,-2.32209211794358));
#4376=CARTESIAN_POINT('Ctrl Pts',(4.7411222323503,26.0846275079449,-2.05910352767375));
#4377=CARTESIAN_POINT('Ctrl Pts',(2.91129024732114,25.9257622128468,-4.41215427151152));
#4378=CARTESIAN_POINT('Ctrl Pts',(3.89753412273126,25.7668969177486,-7.22506307108666));
#4379=CARTESIAN_POINT('Ctrl Pts',(6.796124695223,25.6080316226505,-7.92026490478188));
#4380=CARTESIAN_POINT('Ctrl Pts',(8.95098378950224,25.4491663275524,-5.86072243609778));
#4381=CARTESIAN_POINT('Ctrl Pts',(8.38753994816265,25.2903010324543,-2.93366522207417));
#4382=CARTESIAN_POINT('Ctrl Pts',(5.6220961303695,25.1314357373562,-1.82125640012926));
#4383=CARTESIAN_POINT('Ctrl Pts',(3.18872356341179,24.972570442258,-3.54283441081853));
#4384=CARTESIAN_POINT('Ctrl Pts',(3.31720517309949,24.81370514716,-6.52085814686955));
#4385=CARTESIAN_POINT('Ctrl Pts',(5.88980884415672,24.6548398520618,-8.0264620948499));
#4386=CARTESIAN_POINT('Ctrl Pts',(8.54916940427399,24.4959745569638,-6.68000960485853));
#4387=CARTESIAN_POINT('Ctrl Pts',(8.85842336158758,24.3371092618656,-3.71530137530254));
#4388=CARTESIAN_POINT('Ctrl Pts',(6.53419068497504,24.1782439667675,-1.84900146331688));
#4389=CARTESIAN_POINT('Ctrl Pts',(3.70624566724006,24.0193786716694,-2.79126462888107));
#4390=CARTESIAN_POINT('Ctrl Pts',(2.96593153354212,23.8605133765713,-5.67866274482529));
#4391=CARTESIAN_POINT('Ctrl Pts',(4.99162357152546,23.7016480814731,-7.86537366851002));
#4392=CARTESIAN_POINT('Ctrl Pts',(7.92711053734769,23.5427827863751,-7.34763901639665));
#4393=CARTESIAN_POINT('Ctrl Pts',(9.0825048222603,23.3839174912769,-4.59987684639313));
#4394=CARTESIAN_POINT('Ctrl Pts',(7.39907892844428,23.2250521961788,-2.1399560841447));
#4395=CARTESIAN_POINT('Ctrl Pts',(4.41941386707224,23.0661869010807,-2.22198667935161));
#4396=CARTESIAN_POINT('Ctrl Pts',(2.8738791543858,22.9073216059826,-4.77080117797491));
#4397=CARTESIAN_POINT('Ctrl Pts',(4.17870137253278,22.7484563108845,-7.45083324411539));
#4398=CARTESIAN_POINT('Ctrl Pts',(7.13822707216116,22.5895910157864,-7.80627737439524));
#4399=CARTESIAN_POINT('Ctrl Pts',(9.04054112644855,22.4307257206883,-5.5114278945008));
#4400=CARTESIAN_POINT('Ctrl Pts',(8.14248777890449,22.2718604255901,-2.66913426408959));
#4401=CARTESIAN_POINT('Ctrl Pts',(5.26698418081574,22.1129951304921,-1.88388783532353));
#4402=CARTESIAN_POINT('Ctrl Pts',(3.0489531192587,21.9541298353939,-3.87523690228275));
#4403=CARTESIAN_POINT('Ctrl Pts',(3.5208526966765,21.7952645402958,-6.81843986595073));
#4404=CARTESIAN_POINT('Ctrl Pts',(6.25026510960115,21.6363992451977,-8.01653868352969));
#4405=CARTESIAN_POINT('Ctrl Pts',(8.7361359455379,21.4775339500996,-6.37167422602864));
#4406=CARTESIAN_POINT('Ctrl Pts',(8.70057631027988,21.3186686550015,-3.39109233504636));
#4407=CARTESIAN_POINT('Ctrl Pts',(6.17617071991105,21.1598033599034,-1.80600264931064));
#4408=CARTESIAN_POINT('Ctrl Pts',(3.47611878868574,21.0009380648053,-3.06887733240384));
#4409=CARTESIAN_POINT('Ctrl Pts',(3.07457091050504,20.8420727697071,-6.02250090321304));
#4410=CARTESIAN_POINT('Ctrl Pts',(5.33947920861568,20.683207474609,-7.96036655842774));
#4411=CARTESIAN_POINT('Ctrl Pts',(8.19543035740171,20.5243421795109,-7.10674138760685));
#4412=CARTESIAN_POINT('Ctrl Pts',(9.02541815116228,20.3654768844128,-4.24383147656884));
#4413=CARTESIAN_POINT('Ctrl Pts',(7.06889624517065,20.2066115893147,-1.99501958406069));
#4414=CARTESIAN_POINT('Ctrl Pts',(4.11869291372912,20.0477462942166,-2.42096934596048));
#4415=CARTESIAN_POINT('Ctrl Pts',(2.87818087725113,19.8888809991185,-5.13136835419982));
#4416=CARTESIAN_POINT('Ctrl Pts',(4.48408395508145,19.7300157040204,-7.64258483254789));
#4417=CARTESIAN_POINT('Ctrl Pts',(7.46485795703892,19.5711504089222,-7.65350480344641));
#4418=CARTESIAN_POINT('Ctrl Pts',(9.08911720650644,19.4122851138241,-5.15412192220721));
#4419=CARTESIAN_POINT('Ctrl Pts',(7.86849712227118,19.253419818726,-2.4347066345995));
#4420=CARTESIAN_POINT('Ctrl Pts',(4.92149384409088,19.0945545236279,-1.98715264355736));
#4421=CARTESIAN_POINT('Ctrl Pts',(2.94854777357507,18.9356892285298,-4.22156905491789));
#4422=CARTESIAN_POINT('Ctrl Pts',(3.75753721153906,18.7768239334317,-7.09048330699698));
#4423=CARTESIAN_POINT('Ctrl Pts',(6.60715732843501,18.6179586383336,-7.96501065696314));
#4424=CARTESIAN_POINT('Ctrl Pts',(8.88620326073393,18.4590933432354,-6.04379163377384));
#4425=CARTESIAN_POINT('Ctrl Pts',(8.50630688259373,18.3002280481373,-3.08730526674661));
#4426=CARTESIAN_POINT('Ctrl Pts',(5.81558030366711,18.1413627530392,-1.80468163777237));
#4427=CARTESIAN_POINT('Ctrl Pts',(3.27962877676432,17.9824974579411,-3.37123286590383));
#4428=CARTESIAN_POINT('Ctrl Pts',(3.22223185511345,17.823632162843,-6.35147421349578));
#4429=CARTESIAN_POINT('Ctrl Pts',(5.69598431005673,17.6647668677449,-8.0145080934173));
#4430=CARTESIAN_POINT('Ctrl Pts',(8.43410173813216,17.5059015726468,-6.83643939779843));
#4431=CARTESIAN_POINT('Ctrl Pts',(8.92755301898463,17.3470362775486,-3.89677296631567));
#4432=CARTESIAN_POINT('Ctrl Pts',(6.72417178875972,17.1881709824506,-1.88922619588657));
#4433=CARTESIAN_POINT('Ctrl Pts',(3.84299199382286,17.0293056873524,-2.65338319774695));
#4434=CARTESIAN_POINT('Ctrl Pts',(2.92413773875167,16.8704403922543,-5.48902064505551));
#4435=CARTESIAN_POINT('Ctrl Pts',(4.80958671671016,16.7115750971562,-7.79774647414599));
#4436=CARTESIAN_POINT('Ctrl Pts',(7.77163730633642,16.5527098020581,-7.46399585130305));
#4437=CARTESIAN_POINT('Ctrl Pts',(9.09606057186001,16.39384450696,-4.79359594105993));
#4438=CARTESIAN_POINT('Ctrl Pts',(7.56924226884926,16.2349792118619,-2.23352597749582));
#4439=CARTESIAN_POINT('Ctrl Pts',(4.59025787726765,16.0761139167637,-2.12966605391779));
#4440=CARTESIAN_POINT('Ctrl Pts',(2.88885437115573,15.9172486216657,-4.57718661139208));
#4441=CARTESIAN_POINT('Ctrl Pts',(4.0240839971946,15.7583833265675,-7.33334038964042));
#4442=CARTESIAN_POINT('Ctrl Pts',(6.95570119301669,15.5995180314694,-7.87256902946503));
#4443=CARTESIAN_POINT('Ctrl Pts',(8.99735595286819,15.4406527363713,-5.70075862862116));
#4444=CARTESIAN_POINT('Ctrl Pts',(8.27822600667751,15.2817874412732,-2.8080140260902));
#4445=CARTESIAN_POINT('Ctrl Pts',(5.45724373780904,15.1229221461751,-1.8450559245261));
#4446=CARTESIAN_POINT('Ctrl Pts',(3.11943202034596,14.964056851077,-3.69427710500561));
#4447=CARTESIAN_POINT('Ctrl Pts',(3.40689291084062,14.8051915559789,-6.66117037965569));
#4448=CARTESIAN_POINT('Ctrl Pts',(6.05643775033104,14.6463262608807,-8.02707380194066));
#4449=CARTESIAN_POINT('Ctrl Pts',(8.6397710338161,14.4874609657826,-6.54035475800463));
#4450=CARTESIAN_POINT('Ctrl Pts',(8.79051642044484,14.3285956706845,-3.5633611060347));
#4451=CARTESIAN_POINT('Ctrl Pts',(6.36896095468261,14.1697303755864,-1.8239833686451));
#4452=CARTESIAN_POINT('Ctrl Pts',(3.59710312503562,14.0108650804883,-2.91613408439264));
#4453=CARTESIAN_POINT('Ctrl Pts',(3.00899622377983,13.8519997853902,-5.83891042019357));
#4454=CARTESIAN_POINT('Ctrl Pts',(5.15524088549867,13.6931344902921,-7.91441387332743));
#4455=CARTESIAN_POINT('Ctrl Pts',(7.08070578495753,13.58722429356,-7.46436050792558));
#4456=CARTESIAN_POINT('Ctrl Pts',(7.73543651085576,13.5342691951939,-6.88177287702282));
#4457=CARTESIAN_POINT('Ctrl Pts',(3.82279891442176,14.0654895390046,-3.67412165150917));
#4458=CARTESIAN_POINT('Ctrl Pts',(3.77272046285693,14.0545442436621,-3.74398264177559));
#4459=CARTESIAN_POINT('Ctrl Pts',(3.72628317965321,14.0436606241554,-3.81658151677968));
#4460=CARTESIAN_POINT('Ctrl Pts',(3.68353962926656,14.03282162217,-3.89155442900718));
#4461=CARTESIAN_POINT('Ctrl Pts',(3.66125027341328,14.0271694390884,-3.9306503371589));
#4462=CARTESIAN_POINT('Ctrl Pts',(3.63996591386534,14.0215293887578,-3.97039248765724));
#4463=CARTESIAN_POINT('Ctrl Pts',(3.61969802604389,14.015899052284,-4.01073308350665));
#4464=CARTESIAN_POINT('Ctrl Pts',(3.60262210663119,14.0111554316,-4.04472048119965));
#4465=CARTESIAN_POINT('Ctrl Pts',(3.58626774754707,14.006418706053,-4.07913272257344));
#4466=CARTESIAN_POINT('Ctrl Pts',(3.57064348939065,14.001687429059,-4.11394234469784));
#4467=CARTESIAN_POINT('Ctrl Pts',(3.56560682590713,14.0001622462421,-4.12516363603044));
#4468=CARTESIAN_POINT('Ctrl Pts',(3.56065079515925,13.9986390733081,-4.13641559573519));
#4469=CARTESIAN_POINT('Ctrl Pts',(3.55577361217332,13.9971173199428,-4.1477011214243));
#4470=CARTESIAN_POINT('Ctrl Pts',(3.52039382653559,13.98607830254,-4.22956794513009));
#4471=CARTESIAN_POINT('Ctrl Pts',(3.48919177958106,13.9751234611459,-4.31312792410049));
#4472=CARTESIAN_POINT('Ctrl Pts',(3.46219532683119,13.9642365145866,-4.39797444143626));
#4473=CARTESIAN_POINT('Ctrl Pts',(3.43464791146775,13.9531273795573,-4.48455256623084));
#4474=CARTESIAN_POINT('Ctrl Pts',(3.4114789705981,13.9420889389331,-4.57247104527937));
#4475=CARTESIAN_POINT('Ctrl Pts',(3.3927576111376,13.9311038942246,-4.66133549957835));
#4476=CARTESIAN_POINT('Ctrl Pts',(3.37501454282256,13.9206928768452,-4.74555631093196));
#4477=CARTESIAN_POINT('Ctrl Pts',(3.36126637803723,13.9103298207413,-4.83062778279517));
#4478=CARTESIAN_POINT('Ctrl Pts',(3.35161013359048,13.9000000000004,-4.91623440054318));
#4479=CARTESIAN_POINT('Ctrl Pts',(8.14607138392457,38.4,-3.6766437774951));
#4480=CARTESIAN_POINT('Ctrl Pts',(8.11703403776658,38.4,-3.63682920127565));
#4481=CARTESIAN_POINT('Ctrl Pts',(8.08670537251499,38.4,-3.59793680971087));
#4482=CARTESIAN_POINT('Ctrl Pts',(8.05514290176268,38.4,-3.56000345792739));
#4483=CARTESIAN_POINT('Ctrl Pts',(8.03367620269189,38.4,-3.53420370815899));
#4484=CARTESIAN_POINT('Ctrl Pts',(8.01163872068485,38.4,-3.5088476889338));
#4485=CARTESIAN_POINT('Ctrl Pts',(7.9890481473187,38.4,-3.48394829552332));
#4486=CARTESIAN_POINT('Ctrl Pts',(7.98142222066514,38.4,-3.47554297774811));
#4487=CARTESIAN_POINT('Ctrl Pts',(7.97373265490232,38.4,-3.46718904830789));
#4488=CARTESIAN_POINT('Ctrl Pts',(7.9659817487956,38.4,-3.45888877650958));
#4489=CARTESIAN_POINT('Ctrl Pts',(7.90652211293957,38.4,-3.3952147838385));
#4490=CARTESIAN_POINT('Ctrl Pts',(7.84370742242705,38.4,-3.33496318337467));
#4491=CARTESIAN_POINT('Ctrl Pts',(7.77790885377617,38.4,-3.27826924396549));
#4492=CARTESIAN_POINT('Ctrl Pts',(7.71328195880862,38.4,-3.22258485230443));
#4493=CARTESIAN_POINT('Ctrl Pts',(7.64577537917748,38.4,-3.17033234871366));
#4494=CARTESIAN_POINT('Ctrl Pts',(7.57571494482036,38.4,-3.12168663183423));
#4495=CARTESIAN_POINT('Ctrl Pts',(7.50655090252553,38.4,-3.07366331524215));
#4496=CARTESIAN_POINT('Ctrl Pts',(7.43489697348847,38.4,-3.02915487977877));
#4497=CARTESIAN_POINT('Ctrl Pts',(7.36105653896777,38.4,-2.98837854762061));
#4498=CARTESIAN_POINT('Ctrl Pts',(7.33252619730186,38.4,-2.97262345766337));
#4499=CARTESIAN_POINT('Ctrl Pts',(7.30366940411222,38.4,-2.9574260655693));
#4500=CARTESIAN_POINT('Ctrl Pts',(7.27450370861187,38.4,-2.94280099245551));
#4501=CARTESIAN_POINT('Ctrl Pts',(7.25692996931353,38.4,-2.93398867998665));
#4502=CARTESIAN_POINT('Ctrl Pts',(7.23924408072162,38.4,-2.92538417916017));
#4503=CARTESIAN_POINT('Ctrl Pts',(7.22144991468161,38.4,-2.91699090187691));
#4504=CARTESIAN_POINT('Ctrl Pts',(7.20969286707792,38.4,-2.91144525504253));
#4505=CARTESIAN_POINT('Ctrl Pts',(7.19789766204378,38.4,-2.90599612436836));
#4506=CARTESIAN_POINT('Ctrl Pts',(7.18606621025744,38.4,-2.90064434740702));
#4507=CARTESIAN_POINT('Ctrl Pts',(7.11090825057813,38.4,-2.86664778939058));
#4508=CARTESIAN_POINT('Ctrl Pts',(7.03427908067097,38.4,-2.83657114779278));
#4509=CARTESIAN_POINT('Ctrl Pts',(6.95647988893824,38.4,-2.81057277673519));
#4510=CARTESIAN_POINT('Ctrl Pts',(6.8804553970848,38.4,-2.78516746204425));
#4511=CARTESIAN_POINT('Ctrl Pts',(6.80331278172932,38.4,-2.76365643510679));
#4512=CARTESIAN_POINT('Ctrl Pts',(6.72533063884942,38.4,-2.74623638205875));
#4513=CARTESIAN_POINT('Ctrl Pts',(6.64895132364471,38.4,-2.72917437691884));
#4514=CARTESIAN_POINT('Ctrl Pts',(6.57176591898205,38.4,-2.71603687211357));
#4515=CARTESIAN_POINT('Ctrl Pts',(6.49404538059406,38.4,-2.70705672461594));
#4516=CARTESIAN_POINT('Ctrl Pts',(6.45687800842033,38.4,-2.70276225508263));
#4517=CARTESIAN_POINT('Ctrl Pts',(6.41958845786612,38.4,-2.69941925987217));
#4518=CARTESIAN_POINT('Ctrl Pts',(6.38220783991512,38.4,-2.69705724426879));
#4519=CARTESIAN_POINT('Ctrl Pts',(6.3689173068281,38.4,-2.69621743882282));
#4520=CARTESIAN_POINT('Ctrl Pts',(6.35561442512335,38.4,-2.69550171590428));
#4521=CARTESIAN_POINT('Ctrl Pts',(6.34231696777989,38.4,-2.69491194733873));
#4522=CARTESIAN_POINT('Ctrl Pts',(6.26205668450316,38.4,-2.69135224483952));
#4523=CARTESIAN_POINT('Ctrl Pts',(6.1818525515323,38.4,-2.69236622388162));
#4524=CARTESIAN_POINT('Ctrl Pts',(6.10199332352852,38.4,-2.69815114886782));
#4525=CARTESIAN_POINT('Ctrl Pts',(6.02334851153005,38.4,-2.703848102737));
#4526=CARTESIAN_POINT('Ctrl Pts',(5.94503727440478,38.4,-2.71417287403157));
#4527=CARTESIAN_POINT('Ctrl Pts',(5.86739183425286,38.4,-2.7289292940135));
#4528=CARTESIAN_POINT('Ctrl Pts',(5.80947724525236,38.4,-2.73993589010851));
#4529=CARTESIAN_POINT('Ctrl Pts',(5.75193334344472,38.4,-2.75340915972289));
#4530=CARTESIAN_POINT('Ctrl Pts',(5.6949087735623,38.4,-2.76928317022928));
#4531=CARTESIAN_POINT('Ctrl Pts',(5.66479524744989,38.4,-2.77766591526143));
#4532=CARTESIAN_POINT('Ctrl Pts',(5.6348267256792,38.4,-2.78671835267767));
#4533=CARTESIAN_POINT('Ctrl Pts',(5.60502647328888,38.4,-2.79643198876931));
#4534=CARTESIAN_POINT('Ctrl Pts',(5.58843485521986,38.4,-2.80184016243117));
#4535=CARTESIAN_POINT('Ctrl Pts',(5.57189541603721,38.4,-2.80745331021471));
#4536=CARTESIAN_POINT('Ctrl Pts',(5.55541231791372,38.4,-2.81327006349815));
#4537=CARTESIAN_POINT('Ctrl Pts',(5.54105637489584,38.4,-2.81833616078523));
#4538=CARTESIAN_POINT('Ctrl Pts',(5.52674105887902,38.4,-2.82355762133464));
#4539=CARTESIAN_POINT('Ctrl Pts',(5.51249070387409,38.4,-2.82892511323994));
#4540=CARTESIAN_POINT('Ctrl Pts',(5.44058546267785,38.4,-2.85600870518808));
#4541=CARTESIAN_POINT('Ctrl Pts',(5.37021107236025,38.4,-2.88684788449622));
#4542=CARTESIAN_POINT('Ctrl Pts',(5.30166916173725,38.4,-2.92124977441148));
#4543=CARTESIAN_POINT('Ctrl Pts',(5.23386621759131,38.4,-2.95528076945141));
#4544=CARTESIAN_POINT('Ctrl Pts',(5.16785571303327,38.4,-2.99279884313611));
#4545=CARTESIAN_POINT('Ctrl Pts',(5.10396409307686,38.4,-3.03365348573886));
#4546=CARTESIAN_POINT('Ctrl Pts',(5.04135038519922,38.4,-3.07369098453947));
#4547=CARTESIAN_POINT('Ctrl Pts',(4.98077109099012,38.4,-3.11693362970352));
#4548=CARTESIAN_POINT('Ctrl Pts',(4.92257615709469,38.4,-3.16326372991207));
#4549=CARTESIAN_POINT('Ctrl Pts',(4.90331228521172,38.4,-3.17860006685759));
#4550=CARTESIAN_POINT('Ctrl Pts',(4.88431007118246,38.4,-3.19427486841081));
#4551=CARTESIAN_POINT('Ctrl Pts',(4.86558342473269,38.4,-3.21028426029054));
#4552=CARTESIAN_POINT('Ctrl Pts',(4.85668622126808,38.4,-3.21789047089962));
#4553=CARTESIAN_POINT('Ctrl Pts',(4.84784983495747,38.4,-3.22557344326569));
#4554=CARTESIAN_POINT('Ctrl Pts',(4.83907983595131,38.4,-3.23332921763929));
#4555=CARTESIAN_POINT('Ctrl Pts',(4.78436201636266,38.4,-3.28171908206767));
#4556=CARTESIAN_POINT('Ctrl Pts',(4.73241007046582,38.4,-3.33277540280642));
#4557=CARTESIAN_POINT('Ctrl Pts',(4.68351326343647,38.4,-3.38635187877951));
#4558=CARTESIAN_POINT('Ctrl Pts',(4.67324171528024,38.4,-3.39760646545771));
#4559=CARTESIAN_POINT('Ctrl Pts',(4.66310513999715,38.4,-3.40897235491881));
#4560=CARTESIAN_POINT('Ctrl Pts',(4.65310647969404,38.4,-3.42044833071167));
#4561=CARTESIAN_POINT('Ctrl Pts',(4.70936717203845,10.4,-7.56697684784995));
#4562=CARTESIAN_POINT('Ctrl Pts',(4.70936717203845,15.1031922433598,-7.56697684784995));
#4563=CARTESIAN_POINT('Ctrl Pts',(4.70475885730133,10.4,-7.56420560218568));
#4564=CARTESIAN_POINT('Ctrl Pts',(4.70475885730133,15.1031922433598,-7.56420560218568));
#4565=CARTESIAN_POINT('Ctrl Pts',(4.70015817775933,10.4,-7.56142167915588));
#4566=CARTESIAN_POINT('Ctrl Pts',(4.70015817775933,15.1031922433598,-7.56142167915588));
#4567=CARTESIAN_POINT('Ctrl Pts',(4.69556519011574,10.4,-7.55862510415172));
#4568=CARTESIAN_POINT('Ctrl Pts',(4.69556519011574,15.1031922433598,-7.55862510415172));
#4569=CARTESIAN_POINT('Ctrl Pts',(4.47537000025424,10.4,-7.42455281574486));
#4570=CARTESIAN_POINT('Ctrl Pts',(4.47537000025424,15.1031922433598,-7.42455281574486));
#4571=CARTESIAN_POINT('Ctrl Pts',(4.2738400650943,10.4,-7.26200175034369));
#4572=CARTESIAN_POINT('Ctrl Pts',(4.2738400650943,15.1031922433598,-7.26200175034369));
#4573=CARTESIAN_POINT('Ctrl Pts',(3.92422176530359,10.4,-6.89190144096634));
#4574=CARTESIAN_POINT('Ctrl Pts',(3.92422176530359,15.1031922433598,-6.89190144096634));
#4575=CARTESIAN_POINT('Ctrl Pts',(3.77647576482158,10.4,-6.68716815216573));
#4576=CARTESIAN_POINT('Ctrl Pts',(3.77647576482158,15.1031922433598,-6.68716815216573));
#4577=CARTESIAN_POINT('Ctrl Pts',(3.49096571891453,10.4,-6.15176221824143));
#4578=CARTESIAN_POINT('Ctrl Pts',(3.49096571891453,15.1031922433598,-6.15176221824143));
#4579=CARTESIAN_POINT('Ctrl Pts',(3.38537588048117,10.4,-5.80902313905023));
#4580=CARTESIAN_POINT('Ctrl Pts',(3.38537588048117,15.1031922433598,-5.80902313905023));
#4581=CARTESIAN_POINT('Ctrl Pts',(3.31538401795328,10.4,-5.11584843710277));
#4582=CARTESIAN_POINT('Ctrl Pts',(3.31538401795328,15.1031922433598,-5.11584843710277));
#4583=CARTESIAN_POINT('Ctrl Pts',(3.34644697702315,10.4,-4.7726522958233));
#4584=CARTESIAN_POINT('Ctrl Pts',(3.34644697702315,15.1031922433598,-4.7726522958233));
#4585=CARTESIAN_POINT('Ctrl Pts',(3.53683119046662,10.4,-4.13142845359703));
#4586=CARTESIAN_POINT('Ctrl Pts',(3.53683119046662,15.1031922433598,-4.13142845359703));
#4587=CARTESIAN_POINT('Ctrl Pts',(3.68928986420161,10.4,-3.83811571372023));
#4588=CARTESIAN_POINT('Ctrl Pts',(3.68928986420161,15.1031922433598,-3.83811571372023));
#4589=CARTESIAN_POINT('Ctrl Pts',(4.09133011593218,10.4,-3.33875072453105));
#4590=CARTESIAN_POINT('Ctrl Pts',(4.09133011593218,15.1031922433598,-3.33875072453105));
#4591=CARTESIAN_POINT('Ctrl Pts',(4.3329477605242,10.4,-3.13424459806877));
#4592=CARTESIAN_POINT('Ctrl Pts',(4.3329477605242,15.1031922433598,-3.13424459806877));
#4593=CARTESIAN_POINT('Ctrl Pts',(4.60746225403772,10.4,-2.98293743639682));
#4594=CARTESIAN_POINT('Ctrl Pts',(4.60746225403772,15.1031922433598,-2.98293743639682));
#4595=CARTESIAN_POINT('Ctrl Pts',(4.79748183110624,10.4,-2.87820226376404));
#4596=CARTESIAN_POINT('Ctrl Pts',(4.79748183110624,15.1031922433598,-2.87820226376404));
#4597=CARTESIAN_POINT('Ctrl Pts',(5.00113406810036,10.4,-2.80018126997872));
#4598=CARTESIAN_POINT('Ctrl Pts',(5.00113406810036,15.1031922433598,-2.80018126997872));
#4599=CARTESIAN_POINT('Ctrl Pts',(5.21271569989712,10.4,-2.75211767521163));
#4600=CARTESIAN_POINT('Ctrl Pts',(5.21271569989712,15.1031922433598,-2.75211767521163));
#4601=CARTESIAN_POINT('Origin',(5.98448704416877,20.4,-4.91399952495445));
#4602=CARTESIAN_POINT('Origin',(5.98448704416877,25.4,-4.91399952495445));
#4603=CARTESIAN_POINT('Origin',(5.98448704416877,25.4,-4.91399952495445));
#4604=CARTESIAN_POINT('Origin',(5.98448704416877,38.4,-4.91399952495445));
#4605=UNCERTAINTY_MEASURE_WITH_UNIT(LENGTH_MEASURE(0.01),#4609,
'DISTANCE_ACCURACY_VALUE',
'Maximum model space distance between geometric entities at asserted c
onnectivities');
#4606=UNCERTAINTY_MEASURE_WITH_UNIT(LENGTH_MEASURE(0.01),#4609,
'DISTANCE_ACCURACY_VALUE',
'Maximum model space distance between geometric entities at asserted c
onnectivities');
#4607=(
GEOMETRIC_REPRESENTATION_CONTEXT(3)
GLOBAL_UNCERTAINTY_ASSIGNED_CONTEXT((#4605))
GLOBAL_UNIT_ASSIGNED_CONTEXT((#4609,#4611,#4612))
REPRESENTATION_CONTEXT('','3D')
);
#4608=(
GEOMETRIC_REPRESENTATION_CONTEXT(3)
GLOBAL_UNCERTAINTY_ASSIGNED_CONTEXT((#4606))
GLOBAL_UNIT_ASSIGNED_CONTEXT((#4609,#4611,#4612))
REPRESENTATION_CONTEXT('','3D')
);
#4609=(
LENGTH_UNIT()
NAMED_UNIT(*)
SI_UNIT(.MILLI.,.METRE.)
);
#4610=(
LENGTH_UNIT()
NAMED_UNIT(*)
SI_UNIT($,.METRE.)
);
#4611=(
NAMED_UNIT(*)
PLANE_ANGLE_UNIT()
SI_UNIT($,.RADIAN.)
);
#4612=(
NAMED_UNIT(*)
SI_UNIT($,.STERADIAN.)
SOLID_ANGLE_UNIT()
);
#4613=SHAPE_DEFINITION_REPRESENTATION(#4614,#4615);
#4614=PRODUCT_DEFINITION_SHAPE('',$,#4617);
#4615=SHAPE_REPRESENTATION('',(#179),#4607);
#4616=PRODUCT_DEFINITION_CONTEXT('part definition',#4621,'design');
#4617=PRODUCT_DEFINITION('Threaded Rod','Threaded Rod v4',#4618,#4616);
#4618=PRODUCT_DEFINITION_FORMATION('',$,#4623);
#4619=PRODUCT_RELATED_PRODUCT_CATEGORY('Threaded Rod v4',
'Threaded Rod v4',(#4623));
#4620=APPLICATION_PROTOCOL_DEFINITION('international standard',
'automotive_design',2009,#4621);
#4621=APPLICATION_CONTEXT(
'Core Data for Automotive Mechanical Design Process');
#4622=PRODUCT_CONTEXT('part definition',#4621,'mechanical');
#4623=PRODUCT('Threaded Rod','Threaded Rod v4',$,(#4622));
#4624=PRESENTATION_STYLE_ASSIGNMENT((#4626));
#4625=PRESENTATION_STYLE_ASSIGNMENT((#4627));
#4626=SURFACE_STYLE_USAGE(.BOTH.,#4628);
#4627=SURFACE_STYLE_USAGE(.BOTH.,#4629);
#4628=SURFACE_SIDE_STYLE('',(#4630));
#4629=SURFACE_SIDE_STYLE('',(#4631));
#4630=SURFACE_STYLE_FILL_AREA(#4632);
#4631=SURFACE_STYLE_FILL_AREA(#4633);
#4632=FILL_AREA_STYLE('Steel - Satin',(#4634));
#4633=FILL_AREA_STYLE('Steel - Satin',(#4635));
#4634=FILL_AREA_STYLE_COLOUR('Steel - Satin',#4636);
#4635=FILL_AREA_STYLE_COLOUR('Steel - Satin',#4637);
#4636=COLOUR_RGB('Steel - Satin',0.627450980392157,0.627450980392157,0.627450980392157);
#4637=COLOUR_RGB('Steel - Satin',0.627450980392157,0.627450980392157,0.627450980392157);
ENDSEC;
END-ISO-10303-21;
