ISO-10303-21;
HEADER;
/* Generated by software containing ST-Developer
 * from STEP Tools, Inc. (www.steptools.com) 
 */

FILE_DESCRIPTION(
/* description */ (''),
/* implementation_level */ '2;1');

FILE_NAME(
/* name */ 'Ball and Socket - 5mm_v2.step',
/* time_stamp */ '2026-08-21T09:23:34-04:00',
/* author */ (''),
/* organization */ (''),
/* preprocessor_version */ 'ST-DEVELOPER v20.1',
/* originating_system */ 'Autodesk Translation Framework v15.8.0.0',
/* authorisation */ '');

FILE_SCHEMA (('AUTOMOTIVE_DESIGN { 1 0 10303 214 3 1 1 }'));
ENDSEC;

DATA;
#10=MECHANICAL_DESIGN_GEOMETRIC_PRESENTATION_REPRESENTATION('',(#13),#2477);
#11=SHAPE_REPRESENTATION_RELATIONSHIP('SRR','None',#2484,#12);
#12=ADVANCED_BREP_SHAPE_REPRESENTATION('',(#14),#2476);
#13=STYLED_ITEM('',(#2494),#14);
#14=MANIFOLD_SOLID_BREP('Body1',#1129);
#15=TOROIDAL_SURFACE('',#1223,3.,0.5);
#16=TOROIDAL_SURFACE('',#1228,2.,0.5);
#17=TOROIDAL_SURFACE('',#1232,6.75,0.25);
#18=TOROIDAL_SURFACE('',#1237,6.75,0.25);
#19=TOROIDAL_SURFACE('',#1239,2.59807621135332,0.5);
#20=TOROIDAL_SURFACE('',#1244,2.06215906273013,0.5);
#21=TOROIDAL_SURFACE('',#1245,2.06215906273013,0.5);
#22=TOROIDAL_SURFACE('',#1249,2.59807621135332,0.5);
#23=TOROIDAL_SURFACE('',#1252,2.34574082114798,0.5);
#24=TOROIDAL_SURFACE('',#1255,2.8284271247462,0.5);
#25=TOROIDAL_SURFACE('',#1259,2.82842712474619,0.5);
#26=TOROIDAL_SURFACE('',#1264,2.34574082114798,0.5);
#27=TOROIDAL_SURFACE('',#1273,2.6752443269348,0.8);
#28=TOROIDAL_SURFACE('',#1276,2.8284271247462,0.5);
#29=TOROIDAL_SURFACE('',#1280,2.34574082114798,0.5);
#30=TOROIDAL_SURFACE('',#1282,2.6752443269348,0.8);
#31=TOROIDAL_SURFACE('',#1285,2.34574082114798,0.5);
#32=TOROIDAL_SURFACE('',#1289,2.82842712474619,0.5);
#33=B_SPLINE_SURFACE_WITH_KNOTS('',3,3,((#1777,#1778,#1779,#1780,#1781,
#1782,#1783,#1784,#1785,#1786),(#1787,#1788,#1789,#1790,#1791,#1792,#1793,
#1794,#1795,#1796),(#1797,#1798,#1799,#1800,#1801,#1802,#1803,#1804,#1805,
#1806),(#1807,#1808,#1809,#1810,#1811,#1812,#1813,#1814,#1815,#1816)),
 .UNSPECIFIED.,.F.,.T.,.F.,(4,4),(4,1,1,1,1,1,1,4),(0.,1.),(-3.14159265358979,
-2.24399475256414,-1.34639685153848,-0.448798950512828,0.448798950512828,
1.34639685153848,2.24399475256414,3.14159265358979),.UNSPECIFIED.);
#34=B_SPLINE_SURFACE_WITH_KNOTS('',3,3,((#2066,#2067,#2068,#2069),(#2070,
#2071,#2072,#2073),(#2074,#2075,#2076,#2077),(#2078,#2079,#2080,#2081),
(#2082,#2083,#2084,#2085)),.UNSPECIFIED.,.F.,.F.,.F.,(4,1,4),(4,4),(0.,
0.5,1.),(0.470001069117902,0.527758918186111),.UNSPECIFIED.);
#35=B_SPLINE_SURFACE_WITH_KNOTS('',3,3,((#2110,#2111,#2112,#2113,#2114,
#2115),(#2116,#2117,#2118,#2119,#2120,#2121),(#2122,#2123,#2124,#2125,#2126,
#2127),(#2128,#2129,#2130,#2131,#2132,#2133),(#2134,#2135,#2136,#2137,#2138,
#2139),(#2140,#2141,#2142,#2143,#2144,#2145)),.UNSPECIFIED.,.F.,.F.,.F.,
(4,1,1,4),(4,1,1,4),(0.,0.285714285714286,0.571428571428571,1.),(2.70956524627615E-14,
0.0252165303110712,0.042027550518434,0.0588385707257967),.UNSPECIFIED.);
#36=B_SPLINE_SURFACE_WITH_KNOTS('',3,3,((#2171,#2172,#2173,#2174,#2175,
#2176),(#2177,#2178,#2179,#2180,#2181,#2182),(#2183,#2184,#2185,#2186,#2187,
#2188),(#2189,#2190,#2191,#2192,#2193,#2194),(#2195,#2196,#2197,#2198,#2199,
#2200),(#2201,#2202,#2203,#2204,#2205,#2206)),.UNSPECIFIED.,.F.,.F.,.F.,
(4,1,1,4),(4,1,1,4),(0.,0.285714285714286,0.571428571428571,1.),(0.,0.0168110137324177,
0.0336220274648354,0.058838548063462),.UNSPECIFIED.);
#37=B_SPLINE_SURFACE_WITH_KNOTS('',3,3,((#2222,#2223,#2224,#2225),(#2226,
#2227,#2228,#2229),(#2230,#2231,#2232,#2233),(#2234,#2235,#2236,#2237),
(#2238,#2239,#2240,#2241)),.UNSPECIFIED.,.F.,.F.,.F.,(4,1,4),(4,4),(0.,
0.5,1.),(2.57281640558103E-15,0.0577578490681504),.UNSPECIFIED.);
#38=B_SPLINE_SURFACE_WITH_KNOTS('',3,3,((#2291,#2292,#2293,#2294,#2295,
#2296),(#2297,#2298,#2299,#2300,#2301,#2302),(#2303,#2304,#2305,#2306,#2307,
#2308),(#2309,#2310,#2311,#2312,#2313,#2314),(#2315,#2316,#2317,#2318,#2319,
#2320),(#2321,#2322,#2323,#2324,#2325,#2326)),.UNSPECIFIED.,.F.,.F.,.F.,
(4,1,1,4),(4,1,1,4),(0.,0.285714285714286,0.571428571428571,1.),(0.,0.0168110137324177,
0.0336220274648355,0.0588385480634621),.UNSPECIFIED.);
#39=B_SPLINE_SURFACE_WITH_KNOTS('',3,3,((#2342,#2343,#2344,#2345),(#2346,
#2347,#2348,#2349),(#2350,#2351,#2352,#2353),(#2354,#2355,#2356,#2357),
(#2358,#2359,#2360,#2361)),.UNSPECIFIED.,.F.,.F.,.F.,(4,1,4),(4,4),(0.,
0.5,1.),(2.67229479056892E-15,0.0577578490677168),.UNSPECIFIED.);
#40=B_SPLINE_SURFACE_WITH_KNOTS('',3,3,((#2399,#2400,#2401,#2402),(#2403,
#2404,#2405,#2406),(#2407,#2408,#2409,#2410),(#2411,#2412,#2413,#2414),
(#2415,#2416,#2417,#2418)),.UNSPECIFIED.,.F.,.F.,.F.,(4,1,4),(4,4),(0.,
0.5,1.),(0.483661243001979,0.54141909206975),.UNSPECIFIED.);
#41=B_SPLINE_SURFACE_WITH_KNOTS('',3,3,((#2425,#2426,#2427,#2428,#2429,
#2430),(#2431,#2432,#2433,#2434,#2435,#2436),(#2437,#2438,#2439,#2440,#2441,
#2442),(#2443,#2444,#2445,#2446,#2447,#2448),(#2449,#2450,#2451,#2452,#2453,
#2454),(#2455,#2456,#2457,#2458,#2459,#2460)),.UNSPECIFIED.,.F.,.F.,.F.,
(4,1,1,4),(4,1,1,4),(0.,0.285714285714286,0.571428571428571,1.),(2.74368386686394E-14,
0.0252165303110714,0.042027550518434,0.0588385707257966),.UNSPECIFIED.);
#42=SPHERICAL_SURFACE('',#1190,2.05);
#43=SPHERICAL_SURFACE('',#1201,2.);
#44=SPHERICAL_SURFACE('',#1266,3.5);
#45=B_SPLINE_CURVE_WITH_KNOTS('',3,(#1727,#1728,#1729,#1730,#1731,#1732,
#1733,#1734,#1735,#1736),.UNSPECIFIED.,.T.,.F.,(4,1,1,1,1,1,1,4),(-3.14159265358979,
-2.24399475256414,-1.34639685153848,-0.448798950512828,0.448798950512828,
1.34639685153848,2.24399475256414,3.14159265358979),.UNSPECIFIED.);
#46=B_SPLINE_CURVE_WITH_KNOTS('',3,(#1743,#1744,#1745,#1746),
 .UNSPECIFIED.,.F.,.F.,(4,4),(0.0600313154710639,0.0708987096460436),
 .UNSPECIFIED.);
#47=B_SPLINE_CURVE_WITH_KNOTS('',3,(#1754,#1755,#1756,#1757),
 .UNSPECIFIED.,.F.,.F.,(4,4),(0.,0.0109122887614159),.UNSPECIFIED.);
#48=B_SPLINE_CURVE_WITH_KNOTS('',3,(#1761,#1762,#1763,#1764),
 .UNSPECIFIED.,.F.,.F.,(4,4),(0.0600313133847266,0.0708987083404903),
 .UNSPECIFIED.);
#49=B_SPLINE_CURVE_WITH_KNOTS('',3,(#1772,#1773,#1774,#1775),
 .UNSPECIFIED.,.F.,.F.,(4,4),(0.,0.0109122889628218),.UNSPECIFIED.);
#50=B_SPLINE_CURVE_WITH_KNOTS('',3,(#1819,#1820,#1821,#1822,#1823,#1824,
#1825,#1826,#1827,#1828),.UNSPECIFIED.,.T.,.F.,(4,1,1,1,1,1,1,4),(-3.14159265358979,
-2.24399475256414,-1.34639685153848,-0.448798950512828,0.448798950512828,
1.34639685153848,2.24399475256414,3.14159265358979),.UNSPECIFIED.);
#51=B_SPLINE_CURVE_WITH_KNOTS('',3,(#1897,#1898,#1899,#1900,#1901,#1902,
#1903,#1904,#1905,#1906,#1907,#1908,#1909,#1910,#1911,#1912,#1913,#1914),
 .UNSPECIFIED.,.F.,.F.,(4,2,2,2,2,2,2,2,4),(-0.000486703997484103,0.,0.0199803685066338,
0.0393219488404615,0.0695907305421389,0.0945251002228651,0.11480063203448,
0.132933033724113,0.136616797876434),.UNSPECIFIED.);
#52=B_SPLINE_CURVE_WITH_KNOTS('',3,(#1918,#1919,#1920,#1921,#1922,#1923,
#1924,#1925,#1926,#1927,#1928,#1929,#1930,#1931,#1932,#1933,#1934,#1935),
 .UNSPECIFIED.,.F.,.F.,(4,2,2,2,2,2,2,2,4),(0.0793113758757512,0.0821362258278506,
0.0960408385898078,0.11158888474546,0.130709504330692,0.153920753206715,
0.168752609976124,0.184074313724561,0.1844475367939),.UNSPECIFIED.);
#53=B_SPLINE_CURVE_WITH_KNOTS('',3,(#1937,#1938,#1939,#1940),
 .UNSPECIFIED.,.F.,.F.,(4,4),(0.224454847600411,0.23329235042027),
 .UNSPECIFIED.);
#54=B_SPLINE_CURVE_WITH_KNOTS('',3,(#1943,#1944,#1945,#1946),
 .UNSPECIFIED.,.F.,.F.,(4,4),(0.0658160545494891,0.0746535573693487),
 .UNSPECIFIED.);
#55=B_SPLINE_CURVE_WITH_KNOTS('',3,(#1951,#1952,#1953,#1954),
 .UNSPECIFIED.,.F.,.F.,(4,4),(0.0773097551075919,0.0890890952498326),
 .UNSPECIFIED.);
#56=B_SPLINE_CURVE_WITH_KNOTS('',3,(#1958,#1959,#1960,#1961),
 .UNSPECIFIED.,.F.,.F.,(4,4),(0.223798040308843,0.235577380451084),
 .UNSPECIFIED.);
#57=B_SPLINE_CURVE_WITH_KNOTS('',3,(#1964,#1965,#1966,#1967,#1968,#1969,
#1970,#1971),.UNSPECIFIED.,.F.,.F.,(4,2,2,4),(0.159852257688878,0.182926477009298,
0.237327678855406,0.23776102172687),.UNSPECIFIED.);
#58=B_SPLINE_CURVE_WITH_KNOTS('',3,(#1972,#1973,#1974,#1975,#1976,#1977,
#1978,#1979),.UNSPECIFIED.,.F.,.F.,(4,2,2,4),(-0.000447526898383873,0.,
0.0561818408151272,0.0800113158505112),.UNSPECIFIED.);
#59=B_SPLINE_CURVE_WITH_KNOTS('',3,(#1982,#1983,#1984,#1985,#1986,#1987,
#1988,#1989),.UNSPECIFIED.,.F.,.F.,(4,2,2,4),(0.159852257696849,0.18292647701845,
0.237327680357374,0.237761023256884),.UNSPECIFIED.);
#60=B_SPLINE_CURVE_WITH_KNOTS('',3,(#1992,#1993,#1994,#1995,#1996,#1997,
#1998,#1999),.UNSPECIFIED.,.F.,.F.,(4,2,2,4),(-0.000447526896349163,0.,
0.0561818428267783,0.0800113194224522),.UNSPECIFIED.);
#61=B_SPLINE_CURVE_WITH_KNOTS('',3,(#2002,#2003,#2004,#2005),
 .UNSPECIFIED.,.F.,.F.,(4,4),(0.223798040308843,0.235577380451084),
 .UNSPECIFIED.);
#62=B_SPLINE_CURVE_WITH_KNOTS('',3,(#2012,#2013,#2014,#2015),
 .UNSPECIFIED.,.F.,.F.,(4,4),(0.0773097551075919,0.0890890952498325),
 .UNSPECIFIED.);
#63=B_SPLINE_CURVE_WITH_KNOTS('',3,(#2019,#2020,#2021,#2022,#2023,#2024,
#2025,#2026,#2027,#2028,#2029,#2030,#2031,#2032,#2033,#2034,#2035,#2036),
 .UNSPECIFIED.,.F.,.F.,(4,2,2,2,2,2,2,2,4),(-0.000486703997239517,0.,0.0199803685019597,
0.0393219488305092,0.069590730523945,0.0945251001978812,0.114800632003966,
0.132933033688653,0.136616797839969),.UNSPECIFIED.);
#64=B_SPLINE_CURVE_WITH_KNOTS('',3,(#2040,#2041,#2042,#2043,#2044,#2045,
#2046,#2047,#2048,#2049,#2050,#2051,#2052,#2053,#2054,#2055,#2056,#2057),
 .UNSPECIFIED.,.F.,.F.,(4,2,2,2,2,2,2,2,4),(0.0793113758720835,0.082136225824048,
0.0960408385853408,0.111588884740251,0.130709504324567,0.153920753199483,
0.168752609968194,0.184074313715512,0.184447536784882),.UNSPECIFIED.);
#65=B_SPLINE_CURVE_WITH_KNOTS('',3,(#2058,#2059,#2060,#2061),
 .UNSPECIFIED.,.F.,.F.,(4,4),(0.224454847600411,0.23329235042027),
 .UNSPECIFIED.);
#66=B_SPLINE_CURVE_WITH_KNOTS('',3,(#2062,#2063,#2064,#2065),
 .UNSPECIFIED.,.F.,.F.,(4,4),(0.065816054549489,0.0746535573693487),
 .UNSPECIFIED.);
#67=B_SPLINE_CURVE_WITH_KNOTS('',3,(#2088,#2089,#2090,#2091),
 .UNSPECIFIED.,.F.,.F.,(4,4),(0.519349623259345,0.527758918186111),
 .UNSPECIFIED.);
#68=B_SPLINE_CURVE_WITH_KNOTS('',3,(#2094,#2095,#2096,#2097),
 .UNSPECIFIED.,.F.,.F.,(4,4),(-0.527758918186111,-0.470001069299272),
 .UNSPECIFIED.);
#69=B_SPLINE_CURVE_WITH_KNOTS('',3,(#2098,#2099,#2100,#2101,#2102,#2103,
#2104,#2105,#2106,#2107),.UNSPECIFIED.,.F.,.F.,(4,2,2,2,4),(0.,0.0182783757677898,
0.0433601346329734,0.0685328404881632,0.0689046515558616),.UNSPECIFIED.);
#70=B_SPLINE_CURVE_WITH_KNOTS('',3,(#2149,#2150,#2151,#2152,#2153,#2154),
 .UNSPECIFIED.,.F.,.F.,(4,1,1,4),(-0.0588385707257967,-0.042027550518434,
-0.0252165303110712,-2.70956524627615E-14),.UNSPECIFIED.);
#71=B_SPLINE_CURVE_WITH_KNOTS('',3,(#2155,#2156,#2157,#2158,#2159,#2160),
 .UNSPECIFIED.,.F.,.F.,(4,1,1,4),(2.70956524627615E-14,0.0252165303110712,
0.042027550518434,0.0588385707257967),.UNSPECIFIED.);
#72=B_SPLINE_CURVE_WITH_KNOTS('',3,(#2210,#2211,#2212,#2213,#2214,#2215),
 .UNSPECIFIED.,.F.,.F.,(4,1,1,4),(-0.058838548063462,-0.0336220274648354,
-0.0168110137324177,0.),.UNSPECIFIED.);
#73=B_SPLINE_CURVE_WITH_KNOTS('',3,(#2216,#2217,#2218,#2219,#2220,#2221),
 .UNSPECIFIED.,.F.,.F.,(4,1,1,4),(0.,0.0168110137324177,0.0336220274648354,
0.058838548063462),.UNSPECIFIED.);
#74=B_SPLINE_CURVE_WITH_KNOTS('',3,(#2242,#2243,#2244,#2245),
 .UNSPECIFIED.,.F.,.F.,(4,4),(-0.0577578486996688,-2.57281640558103E-15),
 .UNSPECIFIED.);
#75=B_SPLINE_CURVE_WITH_KNOTS('',3,(#2247,#2248,#2249,#2250),
 .UNSPECIFIED.,.F.,.F.,(4,4),(2.57281640558103E-15,0.00840929492671182),
 .UNSPECIFIED.);
#76=B_SPLINE_CURVE_WITH_KNOTS('',3,(#2251,#2252,#2253,#2254,#2255,#2256,
#2257,#2258,#2259,#2260),.UNSPECIFIED.,.F.,.F.,(4,2,2,2,4),(-0.000415793078241564,
0.,0.0281502780961682,0.0561989163306814,0.0766394052227912),
 .UNSPECIFIED.);
#77=B_SPLINE_CURVE_WITH_KNOTS('',3,(#2276,#2277,#2278,#2279,#2280,#2281),
 .UNSPECIFIED.,.F.,.F.,(4,1,1,4),(-0.0588385707257966,-0.042027550518434,
-0.0252165303110714,-2.74368386686394E-14),.UNSPECIFIED.);
#78=B_SPLINE_CURVE_WITH_KNOTS('',3,(#2283,#2284,#2285,#2286),
 .UNSPECIFIED.,.F.,.F.,(4,4),(-0.54141909206975,-0.483661243218879),
 .UNSPECIFIED.);
#79=B_SPLINE_CURVE_WITH_KNOTS('',3,(#2330,#2331,#2332,#2333,#2334,#2335),
 .UNSPECIFIED.,.F.,.F.,(4,1,1,4),(-0.0588385480634621,-0.0336220274648355,
-0.0168110137324177,0.),.UNSPECIFIED.);
#80=B_SPLINE_CURVE_WITH_KNOTS('',3,(#2336,#2337,#2338,#2339,#2340,#2341),
 .UNSPECIFIED.,.F.,.F.,(4,1,1,4),(0.,0.0168110137324177,0.0336220274648355,
0.0588385480634621),.UNSPECIFIED.);
#81=B_SPLINE_CURVE_WITH_KNOTS('',3,(#2362,#2363,#2364,#2365),
 .UNSPECIFIED.,.F.,.F.,(4,4),(-0.0577578486992355,-2.67229479056892E-15),
 .UNSPECIFIED.);
#82=B_SPLINE_CURVE_WITH_KNOTS('',3,(#2367,#2368,#2369,#2370),
 .UNSPECIFIED.,.F.,.F.,(4,4),(2.67229479056892E-15,0.00840929492667447),
 .UNSPECIFIED.);
#83=B_SPLINE_CURVE_WITH_KNOTS('',3,(#2371,#2372,#2373,#2374,#2375,#2376,
#2377,#2378,#2379,#2380),.UNSPECIFIED.,.F.,.F.,(4,2,2,2,4),(-0.000415923035750685,
0.,0.0281469277008492,0.0561978728468523,0.0766395709319323),
 .UNSPECIFIED.);
#84=B_SPLINE_CURVE_WITH_KNOTS('',3,(#2389,#2390,#2391,#2392,#2393,#2394,
#2395,#2396,#2397,#2398),.UNSPECIFIED.,.F.,.F.,(4,2,2,2,4),(-0.0689047356720453,
-0.0685328080473885,-0.0433631995828403,-0.0182794208525932,0.),
 .UNSPECIFIED.);
#85=B_SPLINE_CURVE_WITH_KNOTS('',3,(#2420,#2421,#2422,#2423),
 .UNSPECIFIED.,.F.,.F.,(4,4),(0.533009797143021,0.54141909206975),
 .UNSPECIFIED.);
#86=B_SPLINE_CURVE_WITH_KNOTS('',3,(#2463,#2464,#2465,#2466,#2467,#2468),
 .UNSPECIFIED.,.F.,.F.,(4,1,1,4),(2.74368386686394E-14,0.0252165303110714,
0.042027550518434,0.0588385707257966),.UNSPECIFIED.);
#87=CYLINDRICAL_SURFACE('',#1156,0.75);
#88=CYLINDRICAL_SURFACE('',#1160,0.75);
#89=CYLINDRICAL_SURFACE('',#1164,0.75);
#90=CYLINDRICAL_SURFACE('',#1168,0.75);
#91=CYLINDRICAL_SURFACE('',#1172,0.75);
#92=CYLINDRICAL_SURFACE('',#1176,0.75);
#93=CYLINDRICAL_SURFACE('',#1180,0.75);
#94=CYLINDRICAL_SURFACE('',#1184,0.75);
#95=CYLINDRICAL_SURFACE('',#1189,0.7);
#96=CYLINDRICAL_SURFACE('',#1226,2.5);
#97=CYLINDRICAL_SURFACE('',#1231,1.5);
#98=CYLINDRICAL_SURFACE('',#1235,7.);
#99=FACE_BOUND('',#196,.T.);
#100=FACE_BOUND('',#197,.T.);
#101=FACE_BOUND('',#198,.T.);
#102=FACE_BOUND('',#199,.T.);
#103=FACE_BOUND('',#200,.T.);
#104=FACE_BOUND('',#201,.T.);
#105=FACE_BOUND('',#202,.T.);
#106=FACE_BOUND('',#203,.T.);
#107=FACE_BOUND('',#204,.T.);
#108=FACE_BOUND('',#227,.T.);
#109=FACE_BOUND('',#228,.T.);
#110=FACE_BOUND('',#229,.T.);
#111=FACE_BOUND('',#230,.T.);
#112=FACE_BOUND('',#231,.T.);
#113=FACE_BOUND('',#232,.T.);
#114=FACE_BOUND('',#233,.T.);
#115=FACE_BOUND('',#234,.T.);
#116=FACE_BOUND('',#235,.T.);
#117=PLANE('',#1146);
#118=PLANE('',#1206);
#119=PLANE('',#1242);
#120=PLANE('',#1247);
#121=PLANE('',#1258);
#122=PLANE('',#1291);
#123=PLANE('',#1292);
#124=PLANE('',#1293);
#125=FACE_OUTER_BOUND('',#194,.T.);
#126=FACE_OUTER_BOUND('',#195,.T.);
#127=FACE_OUTER_BOUND('',#205,.T.);
#128=FACE_OUTER_BOUND('',#206,.T.);
#129=FACE_OUTER_BOUND('',#207,.T.);
#130=FACE_OUTER_BOUND('',#208,.T.);
#131=FACE_OUTER_BOUND('',#209,.T.);
#132=FACE_OUTER_BOUND('',#210,.T.);
#133=FACE_OUTER_BOUND('',#211,.T.);
#134=FACE_OUTER_BOUND('',#212,.T.);
#135=FACE_OUTER_BOUND('',#213,.T.);
#136=FACE_OUTER_BOUND('',#214,.T.);
#137=FACE_OUTER_BOUND('',#215,.T.);
#138=FACE_OUTER_BOUND('',#216,.T.);
#139=FACE_OUTER_BOUND('',#217,.T.);
#140=FACE_OUTER_BOUND('',#218,.T.);
#141=FACE_OUTER_BOUND('',#219,.T.);
#142=FACE_OUTER_BOUND('',#220,.T.);
#143=FACE_OUTER_BOUND('',#221,.T.);
#144=FACE_OUTER_BOUND('',#222,.T.);
#145=FACE_OUTER_BOUND('',#223,.T.);
#146=FACE_OUTER_BOUND('',#224,.T.);
#147=FACE_OUTER_BOUND('',#225,.T.);
#148=FACE_OUTER_BOUND('',#226,.T.);
#149=FACE_OUTER_BOUND('',#236,.T.);
#150=FACE_OUTER_BOUND('',#237,.T.);
#151=FACE_OUTER_BOUND('',#238,.T.);
#152=FACE_OUTER_BOUND('',#239,.T.);
#153=FACE_OUTER_BOUND('',#240,.T.);
#154=FACE_OUTER_BOUND('',#241,.T.);
#155=FACE_OUTER_BOUND('',#242,.T.);
#156=FACE_OUTER_BOUND('',#243,.T.);
#157=FACE_OUTER_BOUND('',#244,.T.);
#158=FACE_OUTER_BOUND('',#245,.T.);
#159=FACE_OUTER_BOUND('',#246,.T.);
#160=FACE_OUTER_BOUND('',#247,.T.);
#161=FACE_OUTER_BOUND('',#248,.T.);
#162=FACE_OUTER_BOUND('',#249,.T.);
#163=FACE_OUTER_BOUND('',#250,.T.);
#164=FACE_OUTER_BOUND('',#251,.T.);
#165=FACE_OUTER_BOUND('',#252,.T.);
#166=FACE_OUTER_BOUND('',#253,.T.);
#167=FACE_OUTER_BOUND('',#254,.T.);
#168=FACE_OUTER_BOUND('',#255,.T.);
#169=FACE_OUTER_BOUND('',#256,.T.);
#170=FACE_OUTER_BOUND('',#257,.T.);
#171=FACE_OUTER_BOUND('',#258,.T.);
#172=FACE_OUTER_BOUND('',#259,.T.);
#173=FACE_OUTER_BOUND('',#260,.T.);
#174=FACE_OUTER_BOUND('',#261,.T.);
#175=FACE_OUTER_BOUND('',#262,.T.);
#176=FACE_OUTER_BOUND('',#263,.T.);
#177=FACE_OUTER_BOUND('',#264,.T.);
#178=FACE_OUTER_BOUND('',#265,.T.);
#179=FACE_OUTER_BOUND('',#266,.T.);
#180=FACE_OUTER_BOUND('',#267,.T.);
#181=FACE_OUTER_BOUND('',#268,.T.);
#182=FACE_OUTER_BOUND('',#269,.T.);
#183=FACE_OUTER_BOUND('',#270,.T.);
#184=FACE_OUTER_BOUND('',#271,.T.);
#185=FACE_OUTER_BOUND('',#272,.T.);
#186=FACE_OUTER_BOUND('',#273,.T.);
#187=FACE_OUTER_BOUND('',#274,.T.);
#188=FACE_OUTER_BOUND('',#275,.T.);
#189=FACE_OUTER_BOUND('',#276,.T.);
#190=FACE_OUTER_BOUND('',#277,.T.);
#191=FACE_OUTER_BOUND('',#278,.T.);
#192=FACE_OUTER_BOUND('',#279,.T.);
#193=FACE_OUTER_BOUND('',#280,.T.);
#194=EDGE_LOOP('',(#707,#708,#709,#710));
#195=EDGE_LOOP('',(#711));
#196=EDGE_LOOP('',(#712));
#197=EDGE_LOOP('',(#713));
#198=EDGE_LOOP('',(#714));
#199=EDGE_LOOP('',(#715));
#200=EDGE_LOOP('',(#716));
#201=EDGE_LOOP('',(#717));
#202=EDGE_LOOP('',(#718));
#203=EDGE_LOOP('',(#719));
#204=EDGE_LOOP('',(#720));
#205=EDGE_LOOP('',(#721,#722,#723,#724));
#206=EDGE_LOOP('',(#725,#726,#727,#728));
#207=EDGE_LOOP('',(#729,#730,#731,#732));
#208=EDGE_LOOP('',(#733,#734,#735,#736));
#209=EDGE_LOOP('',(#737,#738,#739,#740));
#210=EDGE_LOOP('',(#741,#742,#743,#744));
#211=EDGE_LOOP('',(#745,#746,#747,#748));
#212=EDGE_LOOP('',(#749,#750,#751,#752));
#213=EDGE_LOOP('',(#753,#754,#755,#756));
#214=EDGE_LOOP('',(#757,#758,#759,#760));
#215=EDGE_LOOP('',(#761,#762,#763,#764));
#216=EDGE_LOOP('',(#765,#766,#767,#768));
#217=EDGE_LOOP('',(#769,#770,#771,#772));
#218=EDGE_LOOP('',(#773,#774,#775,#776));
#219=EDGE_LOOP('',(#777,#778,#779,#780));
#220=EDGE_LOOP('',(#781,#782,#783,#784));
#221=EDGE_LOOP('',(#785,#786,#787,#788));
#222=EDGE_LOOP('',(#789,#790,#791,#792,#793,#794,#795,#796,#797,#798,#799,
#800,#801,#802,#803,#804));
#223=EDGE_LOOP('',(#805,#806,#807,#808));
#224=EDGE_LOOP('',(#809,#810,#811,#812));
#225=EDGE_LOOP('',(#813,#814,#815,#816));
#226=EDGE_LOOP('',(#817));
#227=EDGE_LOOP('',(#818));
#228=EDGE_LOOP('',(#819));
#229=EDGE_LOOP('',(#820));
#230=EDGE_LOOP('',(#821));
#231=EDGE_LOOP('',(#822));
#232=EDGE_LOOP('',(#823));
#233=EDGE_LOOP('',(#824));
#234=EDGE_LOOP('',(#825));
#235=EDGE_LOOP('',(#826));
#236=EDGE_LOOP('',(#827,#828,#829,#830));
#237=EDGE_LOOP('',(#831,#832,#833,#834));
#238=EDGE_LOOP('',(#835,#836,#837,#838));
#239=EDGE_LOOP('',(#839,#840,#841,#842));
#240=EDGE_LOOP('',(#843,#844,#845,#846));
#241=EDGE_LOOP('',(#847,#848,#849,#850));
#242=EDGE_LOOP('',(#851,#852,#853,#854));
#243=EDGE_LOOP('',(#855,#856,#857,#858));
#244=EDGE_LOOP('',(#859,#860,#861,#862));
#245=EDGE_LOOP('',(#863,#864,#865,#866));
#246=EDGE_LOOP('',(#867,#868,#869,#870));
#247=EDGE_LOOP('',(#871,#872,#873,#874));
#248=EDGE_LOOP('',(#875,#876,#877,#878));
#249=EDGE_LOOP('',(#879,#880,#881,#882));
#250=EDGE_LOOP('',(#883,#884,#885,#886,#887,#888));
#251=EDGE_LOOP('',(#889,#890,#891,#892,#893,#894));
#252=EDGE_LOOP('',(#895,#896,#897,#898));
#253=EDGE_LOOP('',(#899,#900,#901,#902));
#254=EDGE_LOOP('',(#903,#904,#905,#906,#907,#908));
#255=EDGE_LOOP('',(#909,#910,#911,#912,#913,#914));
#256=EDGE_LOOP('',(#915,#916,#917,#918,#919));
#257=EDGE_LOOP('',(#920,#921,#922,#923,#924));
#258=EDGE_LOOP('',(#925,#926,#927,#928));
#259=EDGE_LOOP('',(#929,#930,#931,#932));
#260=EDGE_LOOP('',(#933,#934,#935,#936,#937,#938));
#261=EDGE_LOOP('',(#939,#940,#941,#942));
#262=EDGE_LOOP('',(#943,#944,#945,#946));
#263=EDGE_LOOP('',(#947,#948,#949,#950,#951));
#264=EDGE_LOOP('',(#952,#953,#954,#955,#956));
#265=EDGE_LOOP('',(#957,#958,#959,#960,#961,#962,#963,#964,#965,#966,#967,
#968));
#266=EDGE_LOOP('',(#969,#970,#971,#972,#973));
#267=EDGE_LOOP('',(#974,#975,#976,#977,#978));
#268=EDGE_LOOP('',(#979,#980,#981,#982));
#269=EDGE_LOOP('',(#983,#984,#985,#986));
#270=EDGE_LOOP('',(#987,#988,#989,#990,#991));
#271=EDGE_LOOP('',(#992,#993,#994,#995,#996));
#272=EDGE_LOOP('',(#997,#998,#999,#1000));
#273=EDGE_LOOP('',(#1001,#1002,#1003,#1004));
#274=EDGE_LOOP('',(#1005,#1006,#1007,#1008,#1009));
#275=EDGE_LOOP('',(#1010,#1011,#1012,#1013,#1014));
#276=EDGE_LOOP('',(#1015,#1016,#1017,#1018));
#277=EDGE_LOOP('',(#1019,#1020,#1021,#1022));
#278=EDGE_LOOP('',(#1023,#1024,#1025,#1026,#1027,#1028));
#279=EDGE_LOOP('',(#1029,#1030,#1031,#1032,#1033,#1034));
#280=EDGE_LOOP('',(#1035,#1036,#1037,#1038,#1039,#1040));
#281=LINE('',#1637,#315);
#282=LINE('',#1661,#316);
#283=LINE('',#1664,#317);
#284=LINE('',#1669,#318);
#285=LINE('',#1672,#319);
#286=LINE('',#1677,#320);
#287=LINE('',#1680,#321);
#288=LINE('',#1685,#322);
#289=LINE('',#1688,#323);
#290=LINE('',#1693,#324);
#291=LINE('',#1696,#325);
#292=LINE('',#1701,#326);
#293=LINE('',#1704,#327);
#294=LINE('',#1709,#328);
#295=LINE('',#1712,#329);
#296=LINE('',#1717,#330);
#297=LINE('',#1722,#331);
#298=LINE('',#1726,#332);
#299=LINE('',#1818,#333);
#300=LINE('',#1836,#334);
#301=LINE('',#1857,#335);
#302=LINE('',#1859,#336);
#303=LINE('',#1861,#337);
#304=LINE('',#1863,#338);
#305=LINE('',#1865,#339);
#306=LINE('',#1867,#340);
#307=LINE('',#1869,#341);
#308=LINE('',#1876,#342);
#309=LINE('',#1883,#343);
#310=LINE('',#1890,#344);
#311=LINE('',#1949,#345);
#312=LINE('',#1962,#346);
#313=LINE('',#2007,#347);
#314=LINE('',#2011,#348);
#315=VECTOR('',#1300,0.775);
#316=VECTOR('',#1327,0.75);
#317=VECTOR('',#1330,0.775);
#318=VECTOR('',#1337,0.75);
#319=VECTOR('',#1340,0.775);
#320=VECTOR('',#1347,0.75);
#321=VECTOR('',#1350,0.775);
#322=VECTOR('',#1357,0.75);
#323=VECTOR('',#1360,0.775);
#324=VECTOR('',#1367,0.75);
#325=VECTOR('',#1370,0.774999999999999);
#326=VECTOR('',#1377,0.75);
#327=VECTOR('',#1380,0.775);
#328=VECTOR('',#1387,0.75);
#329=VECTOR('',#1390,0.775);
#330=VECTOR('',#1397,0.75);
#331=VECTOR('',#1402,0.922809474873874);
#332=VECTOR('',#1407,0.7);
#333=VECTOR('',#1430,10.);
#334=VECTOR('',#1441,0.774999999999999);
#335=VECTOR('',#1464,0.775);
#336=VECTOR('',#1467,0.775);
#337=VECTOR('',#1470,0.775);
#338=VECTOR('',#1473,0.775);
#339=VECTOR('',#1476,0.775);
#340=VECTOR('',#1479,0.775);
#341=VECTOR('',#1482,0.775);
#342=VECTOR('',#1491,2.5);
#343=VECTOR('',#1502,1.5);
#344=VECTOR('',#1511,7.);
#345=VECTOR('',#1526,10.);
#346=VECTOR('',#1529,10.);
#347=VECTOR('',#1538,10.);
#348=VECTOR('',#1541,10.);
#349=CIRCLE('',#1144,0.8);
#350=CIRCLE('',#1145,0.75);
#351=CIRCLE('',#1147,6.75);
#352=CIRCLE('',#1148,0.8);
#353=CIRCLE('',#1149,0.8);
#354=CIRCLE('',#1150,0.8);
#355=CIRCLE('',#1151,0.8);
#356=CIRCLE('',#1152,3.);
#357=CIRCLE('',#1153,0.8);
#358=CIRCLE('',#1154,0.8);
#359=CIRCLE('',#1155,0.8);
#360=CIRCLE('',#1157,0.75);
#361=CIRCLE('',#1159,0.75);
#362=CIRCLE('',#1161,0.75);
#363=CIRCLE('',#1163,0.75);
#364=CIRCLE('',#1165,0.75);
#365=CIRCLE('',#1167,0.75);
#366=CIRCLE('',#1169,0.75);
#367=CIRCLE('',#1171,0.75);
#368=CIRCLE('',#1173,0.75);
#369=CIRCLE('',#1175,0.75);
#370=CIRCLE('',#1177,0.75);
#371=CIRCLE('',#1179,0.75);
#372=CIRCLE('',#1181,0.75);
#373=CIRCLE('',#1183,0.75);
#374=CIRCLE('',#1185,0.75);
#375=CIRCLE('',#1187,1.14561894974775);
#376=CIRCLE('',#1188,0.7);
#377=CIRCLE('',#1191,2.05);
#378=CIRCLE('',#1192,1.85793096342514);
#379=CIRCLE('',#1193,1.88579164053073);
#380=CIRCLE('',#1194,1.65781414846932);
#381=CIRCLE('',#1195,1.88579164053073);
#382=CIRCLE('',#1196,1.85793096342514);
#383=CIRCLE('',#1197,1.88579164053073);
#384=CIRCLE('',#1198,1.65781414846932);
#385=CIRCLE('',#1199,1.88579164053073);
#386=CIRCLE('',#1200,1.85793096342514);
#387=CIRCLE('',#1202,2.);
#388=CIRCLE('',#1203,1.5);
#389=CIRCLE('',#1205,0.8);
#390=CIRCLE('',#1207,6.75);
#391=CIRCLE('',#1208,0.8);
#392=CIRCLE('',#1209,0.8);
#393=CIRCLE('',#1210,0.8);
#394=CIRCLE('',#1211,0.8);
#395=CIRCLE('',#1212,2.);
#396=CIRCLE('',#1213,0.8);
#397=CIRCLE('',#1214,0.8);
#398=CIRCLE('',#1215,0.8);
#399=CIRCLE('',#1224,2.5);
#400=CIRCLE('',#1225,0.5);
#401=CIRCLE('',#1227,2.5);
#402=CIRCLE('',#1229,0.5);
#403=CIRCLE('',#1230,1.5);
#404=CIRCLE('',#1233,0.25);
#405=CIRCLE('',#1234,7.);
#406=CIRCLE('',#1236,7.);
#407=CIRCLE('',#1238,0.25);
#408=CIRCLE('',#1240,3.03108891324554);
#409=CIRCLE('',#1241,2.59807621135332);
#410=CIRCLE('',#1243,2.06215906273013);
#411=CIRCLE('',#1246,2.06215906273013);
#412=CIRCLE('',#1248,2.59807621135332);
#413=CIRCLE('',#1250,3.03108891324554);
#414=CIRCLE('',#1251,0.5);
#415=CIRCLE('',#1253,2.34574082114798);
#416=CIRCLE('',#1254,0.5);
#417=CIRCLE('',#1256,3.29983164553723);
#418=CIRCLE('',#1257,2.82842712474619);
#419=CIRCLE('',#1260,0.5);
#420=CIRCLE('',#1261,3.29983164553722);
#421=CIRCLE('',#1262,2.82842712474619);
#422=CIRCLE('',#1263,0.5);
#423=CIRCLE('',#1265,2.34574082114798);
#424=CIRCLE('',#1267,3.5);
#425=CIRCLE('',#1268,3.46790931269326);
#426=CIRCLE('',#1269,3.29983164553722);
#427=CIRCLE('',#1270,3.29983164553723);
#428=CIRCLE('',#1271,3.46790931269326);
#429=CIRCLE('',#1272,3.46790931269326);
#430=CIRCLE('',#1274,2.33714971754224);
#431=CIRCLE('',#1277,0.5);
#432=CIRCLE('',#1278,2.8284271247462);
#433=CIRCLE('',#1279,0.5);
#434=CIRCLE('',#1281,2.34574082114798);
#435=CIRCLE('',#1283,2.33714971754224);
#436=CIRCLE('',#1286,2.34574082114798);
#437=CIRCLE('',#1287,0.5);
#438=CIRCLE('',#1288,0.5);
#439=CIRCLE('',#1290,2.82842712474619);
#440=VERTEX_POINT('',#1634);
#441=VERTEX_POINT('',#1636);
#442=VERTEX_POINT('',#1640);
#443=VERTEX_POINT('',#1642);
#444=VERTEX_POINT('',#1644);
#445=VERTEX_POINT('',#1646);
#446=VERTEX_POINT('',#1648);
#447=VERTEX_POINT('',#1650);
#448=VERTEX_POINT('',#1652);
#449=VERTEX_POINT('',#1654);
#450=VERTEX_POINT('',#1656);
#451=VERTEX_POINT('',#1659);
#452=VERTEX_POINT('',#1663);
#453=VERTEX_POINT('',#1667);
#454=VERTEX_POINT('',#1671);
#455=VERTEX_POINT('',#1675);
#456=VERTEX_POINT('',#1679);
#457=VERTEX_POINT('',#1683);
#458=VERTEX_POINT('',#1687);
#459=VERTEX_POINT('',#1691);
#460=VERTEX_POINT('',#1695);
#461=VERTEX_POINT('',#1699);
#462=VERTEX_POINT('',#1703);
#463=VERTEX_POINT('',#1707);
#464=VERTEX_POINT('',#1711);
#465=VERTEX_POINT('',#1715);
#466=VERTEX_POINT('',#1719);
#467=VERTEX_POINT('',#1721);
#468=VERTEX_POINT('',#1725);
#469=VERTEX_POINT('',#1738);
#470=VERTEX_POINT('',#1740);
#471=VERTEX_POINT('',#1742);
#472=VERTEX_POINT('',#1747);
#473=VERTEX_POINT('',#1749);
#474=VERTEX_POINT('',#1751);
#475=VERTEX_POINT('',#1753);
#476=VERTEX_POINT('',#1758);
#477=VERTEX_POINT('',#1760);
#478=VERTEX_POINT('',#1765);
#479=VERTEX_POINT('',#1767);
#480=VERTEX_POINT('',#1769);
#481=VERTEX_POINT('',#1771);
#482=VERTEX_POINT('',#1817);
#483=VERTEX_POINT('',#1830);
#484=VERTEX_POINT('',#1834);
#485=VERTEX_POINT('',#1838);
#486=VERTEX_POINT('',#1840);
#487=VERTEX_POINT('',#1842);
#488=VERTEX_POINT('',#1844);
#489=VERTEX_POINT('',#1846);
#490=VERTEX_POINT('',#1848);
#491=VERTEX_POINT('',#1850);
#492=VERTEX_POINT('',#1852);
#493=VERTEX_POINT('',#1854);
#494=VERTEX_POINT('',#1871);
#495=VERTEX_POINT('',#1875);
#496=VERTEX_POINT('',#1879);
#497=VERTEX_POINT('',#1885);
#498=VERTEX_POINT('',#1889);
#499=VERTEX_POINT('',#1895);
#500=VERTEX_POINT('',#1896);
#501=VERTEX_POINT('',#1915);
#502=VERTEX_POINT('',#1917);
#503=VERTEX_POINT('',#1936);
#504=VERTEX_POINT('',#1941);
#505=VERTEX_POINT('',#1948);
#506=VERTEX_POINT('',#1950);
#507=VERTEX_POINT('',#1955);
#508=VERTEX_POINT('',#1957);
#509=VERTEX_POINT('',#1981);
#510=VERTEX_POINT('',#1990);
#511=VERTEX_POINT('',#2001);
#512=VERTEX_POINT('',#2006);
#513=VERTEX_POINT('',#2008);
#514=VERTEX_POINT('',#2010);
#515=VERTEX_POINT('',#2017);
#516=VERTEX_POINT('',#2018);
#517=VERTEX_POINT('',#2037);
#518=VERTEX_POINT('',#2039);
#519=VERTEX_POINT('',#2086);
#520=VERTEX_POINT('',#2087);
#521=VERTEX_POINT('',#2092);
#522=VERTEX_POINT('',#2146);
#523=VERTEX_POINT('',#2147);
#524=VERTEX_POINT('',#2166);
#525=VERTEX_POINT('',#2167);
#526=VERTEX_POINT('',#2207);
#527=VERTEX_POINT('',#2208);
#528=VERTEX_POINT('',#2246);
#529=VERTEX_POINT('',#2264);
#530=VERTEX_POINT('',#2266);
#531=VERTEX_POINT('',#2269);
#532=VERTEX_POINT('',#2274);
#533=VERTEX_POINT('',#2288);
#534=VERTEX_POINT('',#2327);
#535=VERTEX_POINT('',#2328);
#536=VERTEX_POINT('',#2366);
#537=VERTEX_POINT('',#2387);
#538=VERTEX_POINT('',#2419);
#539=VERTEX_POINT('',#2461);
#540=EDGE_CURVE('',#440,#440,#349,.T.);
#541=EDGE_CURVE('',#440,#441,#281,.T.);
#542=EDGE_CURVE('',#441,#441,#350,.T.);
#543=EDGE_CURVE('',#442,#442,#351,.T.);
#544=EDGE_CURVE('',#443,#443,#352,.T.);
#545=EDGE_CURVE('',#444,#444,#353,.T.);
#546=EDGE_CURVE('',#445,#445,#354,.T.);
#547=EDGE_CURVE('',#446,#446,#355,.T.);
#548=EDGE_CURVE('',#447,#447,#356,.T.);
#549=EDGE_CURVE('',#448,#448,#357,.T.);
#550=EDGE_CURVE('',#449,#449,#358,.T.);
#551=EDGE_CURVE('',#450,#450,#359,.T.);
#552=EDGE_CURVE('',#451,#451,#360,.T.);
#553=EDGE_CURVE('',#451,#441,#282,.T.);
#554=EDGE_CURVE('',#443,#452,#283,.T.);
#555=EDGE_CURVE('',#452,#452,#361,.T.);
#556=EDGE_CURVE('',#453,#453,#362,.T.);
#557=EDGE_CURVE('',#453,#452,#284,.T.);
#558=EDGE_CURVE('',#450,#454,#285,.T.);
#559=EDGE_CURVE('',#454,#454,#363,.T.);
#560=EDGE_CURVE('',#455,#455,#364,.T.);
#561=EDGE_CURVE('',#455,#454,#286,.T.);
#562=EDGE_CURVE('',#444,#456,#287,.T.);
#563=EDGE_CURVE('',#456,#456,#365,.T.);
#564=EDGE_CURVE('',#457,#457,#366,.T.);
#565=EDGE_CURVE('',#457,#456,#288,.T.);
#566=EDGE_CURVE('',#449,#458,#289,.T.);
#567=EDGE_CURVE('',#458,#458,#367,.T.);
#568=EDGE_CURVE('',#459,#459,#368,.T.);
#569=EDGE_CURVE('',#459,#458,#290,.T.);
#570=EDGE_CURVE('',#445,#460,#291,.T.);
#571=EDGE_CURVE('',#460,#460,#369,.T.);
#572=EDGE_CURVE('',#461,#461,#370,.T.);
#573=EDGE_CURVE('',#461,#460,#292,.T.);
#574=EDGE_CURVE('',#448,#462,#293,.T.);
#575=EDGE_CURVE('',#462,#462,#371,.T.);
#576=EDGE_CURVE('',#463,#463,#372,.T.);
#577=EDGE_CURVE('',#463,#462,#294,.T.);
#578=EDGE_CURVE('',#446,#464,#295,.T.);
#579=EDGE_CURVE('',#464,#464,#373,.T.);
#580=EDGE_CURVE('',#465,#465,#374,.T.);
#581=EDGE_CURVE('',#465,#464,#296,.T.);
#582=EDGE_CURVE('',#466,#466,#375,.T.);
#583=EDGE_CURVE('',#466,#467,#297,.T.);
#584=EDGE_CURVE('',#467,#467,#376,.T.);
#585=EDGE_CURVE('',#467,#468,#298,.T.);
#586=EDGE_CURVE('',#468,#468,#45,.T.);
#587=EDGE_CURVE('',#466,#469,#377,.T.);
#588=EDGE_CURVE('',#470,#469,#378,.T.);
#589=EDGE_CURVE('',#471,#470,#46,.T.);
#590=EDGE_CURVE('',#472,#471,#379,.T.);
#591=EDGE_CURVE('',#473,#472,#380,.T.);
#592=EDGE_CURVE('',#474,#473,#381,.T.);
#593=EDGE_CURVE('',#475,#474,#47,.T.);
#594=EDGE_CURVE('',#476,#475,#382,.T.);
#595=EDGE_CURVE('',#477,#476,#48,.T.);
#596=EDGE_CURVE('',#478,#477,#383,.T.);
#597=EDGE_CURVE('',#479,#478,#384,.T.);
#598=EDGE_CURVE('',#480,#479,#385,.T.);
#599=EDGE_CURVE('',#481,#480,#49,.T.);
#600=EDGE_CURVE('',#469,#481,#386,.T.);
#601=EDGE_CURVE('',#482,#468,#299,.T.);
#602=EDGE_CURVE('',#482,#482,#50,.T.);
#603=EDGE_CURVE('',#482,#483,#387,.T.);
#604=EDGE_CURVE('',#483,#483,#388,.T.);
#605=EDGE_CURVE('',#484,#484,#389,.T.);
#606=EDGE_CURVE('',#484,#461,#300,.T.);
#607=EDGE_CURVE('',#485,#485,#390,.T.);
#608=EDGE_CURVE('',#486,#486,#391,.T.);
#609=EDGE_CURVE('',#487,#487,#392,.T.);
#610=EDGE_CURVE('',#488,#488,#393,.T.);
#611=EDGE_CURVE('',#489,#489,#394,.T.);
#612=EDGE_CURVE('',#490,#490,#395,.T.);
#613=EDGE_CURVE('',#491,#491,#396,.T.);
#614=EDGE_CURVE('',#492,#492,#397,.T.);
#615=EDGE_CURVE('',#493,#493,#398,.T.);
#616=EDGE_CURVE('',#486,#463,#301,.T.);
#617=EDGE_CURVE('',#493,#465,#302,.T.);
#618=EDGE_CURVE('',#487,#453,#303,.T.);
#619=EDGE_CURVE('',#492,#451,#304,.T.);
#620=EDGE_CURVE('',#488,#455,#305,.T.);
#621=EDGE_CURVE('',#491,#457,#306,.T.);
#622=EDGE_CURVE('',#489,#459,#307,.T.);
#623=EDGE_CURVE('',#494,#494,#399,.T.);
#624=EDGE_CURVE('',#494,#447,#400,.T.);
#625=EDGE_CURVE('',#494,#495,#308,.T.);
#626=EDGE_CURVE('',#495,#495,#401,.T.);
#627=EDGE_CURVE('',#490,#496,#402,.T.);
#628=EDGE_CURVE('',#496,#496,#403,.T.);
#629=EDGE_CURVE('',#483,#496,#309,.T.);
#630=EDGE_CURVE('',#485,#497,#404,.T.);
#631=EDGE_CURVE('',#497,#497,#405,.T.);
#632=EDGE_CURVE('',#497,#498,#310,.T.);
#633=EDGE_CURVE('',#498,#498,#406,.T.);
#634=EDGE_CURVE('',#498,#442,#407,.T.);
#635=EDGE_CURVE('',#499,#500,#51,.T.);
#636=EDGE_CURVE('',#499,#501,#408,.T.);
#637=EDGE_CURVE('',#501,#502,#52,.F.);
#638=EDGE_CURVE('',#502,#503,#53,.F.);
#639=EDGE_CURVE('',#503,#504,#409,.T.);
#640=EDGE_CURVE('',#500,#504,#54,.T.);
#641=EDGE_CURVE('',#505,#503,#311,.T.);
#642=EDGE_CURVE('',#506,#505,#55,.F.);
#643=EDGE_CURVE('',#507,#506,#410,.T.);
#644=EDGE_CURVE('',#508,#507,#56,.F.);
#645=EDGE_CURVE('',#504,#508,#312,.T.);
#646=EDGE_CURVE('',#472,#507,#57,.F.);
#647=EDGE_CURVE('',#506,#473,#58,.F.);
#648=EDGE_CURVE('',#478,#509,#59,.F.);
#649=EDGE_CURVE('',#509,#510,#411,.T.);
#650=EDGE_CURVE('',#510,#479,#60,.F.);
#651=EDGE_CURVE('',#511,#509,#61,.F.);
#652=EDGE_CURVE('',#512,#511,#313,.T.);
#653=EDGE_CURVE('',#513,#512,#412,.T.);
#654=EDGE_CURVE('',#514,#513,#314,.T.);
#655=EDGE_CURVE('',#510,#514,#62,.F.);
#656=EDGE_CURVE('',#515,#516,#63,.T.);
#657=EDGE_CURVE('',#515,#517,#413,.T.);
#658=EDGE_CURVE('',#517,#518,#64,.F.);
#659=EDGE_CURVE('',#518,#513,#65,.F.);
#660=EDGE_CURVE('',#516,#512,#66,.T.);
#661=EDGE_CURVE('',#519,#520,#67,.T.);
#662=EDGE_CURVE('',#520,#521,#414,.T.);
#663=EDGE_CURVE('',#521,#475,#68,.T.);
#664=EDGE_CURVE('',#474,#519,#69,.T.);
#665=EDGE_CURVE('',#505,#519,#415,.T.);
#666=EDGE_CURVE('',#522,#523,#416,.T.);
#667=EDGE_CURVE('',#523,#521,#70,.T.);
#668=EDGE_CURVE('',#520,#522,#71,.T.);
#669=EDGE_CURVE('',#523,#501,#417,.T.);
#670=EDGE_CURVE('',#522,#502,#418,.T.);
#671=EDGE_CURVE('',#524,#525,#419,.T.);
#672=EDGE_CURVE('',#499,#525,#420,.T.);
#673=EDGE_CURVE('',#500,#524,#421,.F.);
#674=EDGE_CURVE('',#526,#527,#422,.T.);
#675=EDGE_CURVE('',#527,#525,#72,.T.);
#676=EDGE_CURVE('',#524,#526,#73,.T.);
#677=EDGE_CURVE('',#470,#527,#74,.T.);
#678=EDGE_CURVE('',#526,#528,#75,.T.);
#679=EDGE_CURVE('',#528,#471,#76,.T.);
#680=EDGE_CURVE('',#528,#508,#423,.T.);
#681=EDGE_CURVE('',#495,#529,#424,.T.);
#682=EDGE_CURVE('',#530,#529,#425,.T.);
#683=EDGE_CURVE('',#530,#517,#426,.T.);
#684=EDGE_CURVE('',#515,#531,#427,.T.);
#685=EDGE_CURVE('',#523,#531,#428,.T.);
#686=EDGE_CURVE('',#529,#525,#429,.T.);
#687=EDGE_CURVE('',#527,#532,#430,.T.);
#688=EDGE_CURVE('',#530,#532,#77,.T.);
#689=EDGE_CURVE('',#532,#481,#78,.T.);
#690=EDGE_CURVE('',#533,#531,#431,.T.);
#691=EDGE_CURVE('',#516,#533,#432,.F.);
#692=EDGE_CURVE('',#534,#535,#433,.T.);
#693=EDGE_CURVE('',#535,#531,#79,.T.);
#694=EDGE_CURVE('',#533,#534,#80,.T.);
#695=EDGE_CURVE('',#476,#535,#81,.T.);
#696=EDGE_CURVE('',#534,#536,#82,.T.);
#697=EDGE_CURVE('',#536,#477,#83,.T.);
#698=EDGE_CURVE('',#536,#511,#434,.T.);
#699=EDGE_CURVE('',#535,#521,#435,.T.);
#700=EDGE_CURVE('',#514,#537,#436,.T.);
#701=EDGE_CURVE('',#537,#480,#84,.T.);
#702=EDGE_CURVE('',#537,#538,#85,.T.);
#703=EDGE_CURVE('',#538,#532,#437,.T.);
#704=EDGE_CURVE('',#539,#530,#438,.T.);
#705=EDGE_CURVE('',#538,#539,#86,.T.);
#706=EDGE_CURVE('',#539,#518,#439,.T.);
#707=ORIENTED_EDGE('',*,*,#540,.T.);
#708=ORIENTED_EDGE('',*,*,#541,.T.);
#709=ORIENTED_EDGE('',*,*,#542,.T.);
#710=ORIENTED_EDGE('',*,*,#541,.F.);
#711=ORIENTED_EDGE('',*,*,#543,.F.);
#712=ORIENTED_EDGE('',*,*,#544,.F.);
#713=ORIENTED_EDGE('',*,*,#545,.F.);
#714=ORIENTED_EDGE('',*,*,#546,.F.);
#715=ORIENTED_EDGE('',*,*,#547,.F.);
#716=ORIENTED_EDGE('',*,*,#548,.F.);
#717=ORIENTED_EDGE('',*,*,#549,.F.);
#718=ORIENTED_EDGE('',*,*,#550,.F.);
#719=ORIENTED_EDGE('',*,*,#551,.F.);
#720=ORIENTED_EDGE('',*,*,#540,.F.);
#721=ORIENTED_EDGE('',*,*,#552,.F.);
#722=ORIENTED_EDGE('',*,*,#553,.T.);
#723=ORIENTED_EDGE('',*,*,#542,.F.);
#724=ORIENTED_EDGE('',*,*,#553,.F.);
#725=ORIENTED_EDGE('',*,*,#544,.T.);
#726=ORIENTED_EDGE('',*,*,#554,.T.);
#727=ORIENTED_EDGE('',*,*,#555,.T.);
#728=ORIENTED_EDGE('',*,*,#554,.F.);
#729=ORIENTED_EDGE('',*,*,#556,.F.);
#730=ORIENTED_EDGE('',*,*,#557,.T.);
#731=ORIENTED_EDGE('',*,*,#555,.F.);
#732=ORIENTED_EDGE('',*,*,#557,.F.);
#733=ORIENTED_EDGE('',*,*,#551,.T.);
#734=ORIENTED_EDGE('',*,*,#558,.T.);
#735=ORIENTED_EDGE('',*,*,#559,.T.);
#736=ORIENTED_EDGE('',*,*,#558,.F.);
#737=ORIENTED_EDGE('',*,*,#560,.F.);
#738=ORIENTED_EDGE('',*,*,#561,.T.);
#739=ORIENTED_EDGE('',*,*,#559,.F.);
#740=ORIENTED_EDGE('',*,*,#561,.F.);
#741=ORIENTED_EDGE('',*,*,#545,.T.);
#742=ORIENTED_EDGE('',*,*,#562,.T.);
#743=ORIENTED_EDGE('',*,*,#563,.T.);
#744=ORIENTED_EDGE('',*,*,#562,.F.);
#745=ORIENTED_EDGE('',*,*,#564,.F.);
#746=ORIENTED_EDGE('',*,*,#565,.T.);
#747=ORIENTED_EDGE('',*,*,#563,.F.);
#748=ORIENTED_EDGE('',*,*,#565,.F.);
#749=ORIENTED_EDGE('',*,*,#550,.T.);
#750=ORIENTED_EDGE('',*,*,#566,.T.);
#751=ORIENTED_EDGE('',*,*,#567,.T.);
#752=ORIENTED_EDGE('',*,*,#566,.F.);
#753=ORIENTED_EDGE('',*,*,#568,.F.);
#754=ORIENTED_EDGE('',*,*,#569,.T.);
#755=ORIENTED_EDGE('',*,*,#567,.F.);
#756=ORIENTED_EDGE('',*,*,#569,.F.);
#757=ORIENTED_EDGE('',*,*,#546,.T.);
#758=ORIENTED_EDGE('',*,*,#570,.T.);
#759=ORIENTED_EDGE('',*,*,#571,.T.);
#760=ORIENTED_EDGE('',*,*,#570,.F.);
#761=ORIENTED_EDGE('',*,*,#572,.F.);
#762=ORIENTED_EDGE('',*,*,#573,.T.);
#763=ORIENTED_EDGE('',*,*,#571,.F.);
#764=ORIENTED_EDGE('',*,*,#573,.F.);
#765=ORIENTED_EDGE('',*,*,#549,.T.);
#766=ORIENTED_EDGE('',*,*,#574,.T.);
#767=ORIENTED_EDGE('',*,*,#575,.T.);
#768=ORIENTED_EDGE('',*,*,#574,.F.);
#769=ORIENTED_EDGE('',*,*,#576,.F.);
#770=ORIENTED_EDGE('',*,*,#577,.T.);
#771=ORIENTED_EDGE('',*,*,#575,.F.);
#772=ORIENTED_EDGE('',*,*,#577,.F.);
#773=ORIENTED_EDGE('',*,*,#547,.T.);
#774=ORIENTED_EDGE('',*,*,#578,.T.);
#775=ORIENTED_EDGE('',*,*,#579,.T.);
#776=ORIENTED_EDGE('',*,*,#578,.F.);
#777=ORIENTED_EDGE('',*,*,#580,.F.);
#778=ORIENTED_EDGE('',*,*,#581,.T.);
#779=ORIENTED_EDGE('',*,*,#579,.F.);
#780=ORIENTED_EDGE('',*,*,#581,.F.);
#781=ORIENTED_EDGE('',*,*,#582,.T.);
#782=ORIENTED_EDGE('',*,*,#583,.T.);
#783=ORIENTED_EDGE('',*,*,#584,.T.);
#784=ORIENTED_EDGE('',*,*,#583,.F.);
#785=ORIENTED_EDGE('',*,*,#584,.F.);
#786=ORIENTED_EDGE('',*,*,#585,.T.);
#787=ORIENTED_EDGE('',*,*,#586,.F.);
#788=ORIENTED_EDGE('',*,*,#585,.F.);
#789=ORIENTED_EDGE('',*,*,#582,.F.);
#790=ORIENTED_EDGE('',*,*,#587,.T.);
#791=ORIENTED_EDGE('',*,*,#588,.F.);
#792=ORIENTED_EDGE('',*,*,#589,.F.);
#793=ORIENTED_EDGE('',*,*,#590,.F.);
#794=ORIENTED_EDGE('',*,*,#591,.F.);
#795=ORIENTED_EDGE('',*,*,#592,.F.);
#796=ORIENTED_EDGE('',*,*,#593,.F.);
#797=ORIENTED_EDGE('',*,*,#594,.F.);
#798=ORIENTED_EDGE('',*,*,#595,.F.);
#799=ORIENTED_EDGE('',*,*,#596,.F.);
#800=ORIENTED_EDGE('',*,*,#597,.F.);
#801=ORIENTED_EDGE('',*,*,#598,.F.);
#802=ORIENTED_EDGE('',*,*,#599,.F.);
#803=ORIENTED_EDGE('',*,*,#600,.F.);
#804=ORIENTED_EDGE('',*,*,#587,.F.);
#805=ORIENTED_EDGE('',*,*,#601,.T.);
#806=ORIENTED_EDGE('',*,*,#586,.T.);
#807=ORIENTED_EDGE('',*,*,#601,.F.);
#808=ORIENTED_EDGE('',*,*,#602,.T.);
#809=ORIENTED_EDGE('',*,*,#602,.F.);
#810=ORIENTED_EDGE('',*,*,#603,.T.);
#811=ORIENTED_EDGE('',*,*,#604,.T.);
#812=ORIENTED_EDGE('',*,*,#603,.F.);
#813=ORIENTED_EDGE('',*,*,#605,.T.);
#814=ORIENTED_EDGE('',*,*,#606,.T.);
#815=ORIENTED_EDGE('',*,*,#572,.T.);
#816=ORIENTED_EDGE('',*,*,#606,.F.);
#817=ORIENTED_EDGE('',*,*,#607,.F.);
#818=ORIENTED_EDGE('',*,*,#608,.F.);
#819=ORIENTED_EDGE('',*,*,#609,.F.);
#820=ORIENTED_EDGE('',*,*,#610,.F.);
#821=ORIENTED_EDGE('',*,*,#611,.F.);
#822=ORIENTED_EDGE('',*,*,#612,.F.);
#823=ORIENTED_EDGE('',*,*,#613,.F.);
#824=ORIENTED_EDGE('',*,*,#614,.F.);
#825=ORIENTED_EDGE('',*,*,#615,.F.);
#826=ORIENTED_EDGE('',*,*,#605,.F.);
#827=ORIENTED_EDGE('',*,*,#608,.T.);
#828=ORIENTED_EDGE('',*,*,#616,.T.);
#829=ORIENTED_EDGE('',*,*,#576,.T.);
#830=ORIENTED_EDGE('',*,*,#616,.F.);
#831=ORIENTED_EDGE('',*,*,#615,.T.);
#832=ORIENTED_EDGE('',*,*,#617,.T.);
#833=ORIENTED_EDGE('',*,*,#580,.T.);
#834=ORIENTED_EDGE('',*,*,#617,.F.);
#835=ORIENTED_EDGE('',*,*,#609,.T.);
#836=ORIENTED_EDGE('',*,*,#618,.T.);
#837=ORIENTED_EDGE('',*,*,#556,.T.);
#838=ORIENTED_EDGE('',*,*,#618,.F.);
#839=ORIENTED_EDGE('',*,*,#614,.T.);
#840=ORIENTED_EDGE('',*,*,#619,.T.);
#841=ORIENTED_EDGE('',*,*,#552,.T.);
#842=ORIENTED_EDGE('',*,*,#619,.F.);
#843=ORIENTED_EDGE('',*,*,#610,.T.);
#844=ORIENTED_EDGE('',*,*,#620,.T.);
#845=ORIENTED_EDGE('',*,*,#560,.T.);
#846=ORIENTED_EDGE('',*,*,#620,.F.);
#847=ORIENTED_EDGE('',*,*,#613,.T.);
#848=ORIENTED_EDGE('',*,*,#621,.T.);
#849=ORIENTED_EDGE('',*,*,#564,.T.);
#850=ORIENTED_EDGE('',*,*,#621,.F.);
#851=ORIENTED_EDGE('',*,*,#611,.T.);
#852=ORIENTED_EDGE('',*,*,#622,.T.);
#853=ORIENTED_EDGE('',*,*,#568,.T.);
#854=ORIENTED_EDGE('',*,*,#622,.F.);
#855=ORIENTED_EDGE('',*,*,#623,.T.);
#856=ORIENTED_EDGE('',*,*,#624,.T.);
#857=ORIENTED_EDGE('',*,*,#548,.T.);
#858=ORIENTED_EDGE('',*,*,#624,.F.);
#859=ORIENTED_EDGE('',*,*,#623,.F.);
#860=ORIENTED_EDGE('',*,*,#625,.T.);
#861=ORIENTED_EDGE('',*,*,#626,.T.);
#862=ORIENTED_EDGE('',*,*,#625,.F.);
#863=ORIENTED_EDGE('',*,*,#612,.T.);
#864=ORIENTED_EDGE('',*,*,#627,.T.);
#865=ORIENTED_EDGE('',*,*,#628,.T.);
#866=ORIENTED_EDGE('',*,*,#627,.F.);
#867=ORIENTED_EDGE('',*,*,#604,.F.);
#868=ORIENTED_EDGE('',*,*,#629,.T.);
#869=ORIENTED_EDGE('',*,*,#628,.F.);
#870=ORIENTED_EDGE('',*,*,#629,.F.);
#871=ORIENTED_EDGE('',*,*,#607,.T.);
#872=ORIENTED_EDGE('',*,*,#630,.T.);
#873=ORIENTED_EDGE('',*,*,#631,.T.);
#874=ORIENTED_EDGE('',*,*,#630,.F.);
#875=ORIENTED_EDGE('',*,*,#631,.F.);
#876=ORIENTED_EDGE('',*,*,#632,.T.);
#877=ORIENTED_EDGE('',*,*,#633,.F.);
#878=ORIENTED_EDGE('',*,*,#632,.F.);
#879=ORIENTED_EDGE('',*,*,#633,.T.);
#880=ORIENTED_EDGE('',*,*,#634,.T.);
#881=ORIENTED_EDGE('',*,*,#543,.T.);
#882=ORIENTED_EDGE('',*,*,#634,.F.);
#883=ORIENTED_EDGE('',*,*,#635,.F.);
#884=ORIENTED_EDGE('',*,*,#636,.T.);
#885=ORIENTED_EDGE('',*,*,#637,.T.);
#886=ORIENTED_EDGE('',*,*,#638,.T.);
#887=ORIENTED_EDGE('',*,*,#639,.T.);
#888=ORIENTED_EDGE('',*,*,#640,.F.);
#889=ORIENTED_EDGE('',*,*,#639,.F.);
#890=ORIENTED_EDGE('',*,*,#641,.F.);
#891=ORIENTED_EDGE('',*,*,#642,.F.);
#892=ORIENTED_EDGE('',*,*,#643,.F.);
#893=ORIENTED_EDGE('',*,*,#644,.F.);
#894=ORIENTED_EDGE('',*,*,#645,.F.);
#895=ORIENTED_EDGE('',*,*,#646,.T.);
#896=ORIENTED_EDGE('',*,*,#643,.T.);
#897=ORIENTED_EDGE('',*,*,#647,.T.);
#898=ORIENTED_EDGE('',*,*,#591,.T.);
#899=ORIENTED_EDGE('',*,*,#648,.T.);
#900=ORIENTED_EDGE('',*,*,#649,.T.);
#901=ORIENTED_EDGE('',*,*,#650,.T.);
#902=ORIENTED_EDGE('',*,*,#597,.T.);
#903=ORIENTED_EDGE('',*,*,#649,.F.);
#904=ORIENTED_EDGE('',*,*,#651,.F.);
#905=ORIENTED_EDGE('',*,*,#652,.F.);
#906=ORIENTED_EDGE('',*,*,#653,.F.);
#907=ORIENTED_EDGE('',*,*,#654,.F.);
#908=ORIENTED_EDGE('',*,*,#655,.F.);
#909=ORIENTED_EDGE('',*,*,#656,.F.);
#910=ORIENTED_EDGE('',*,*,#657,.T.);
#911=ORIENTED_EDGE('',*,*,#658,.T.);
#912=ORIENTED_EDGE('',*,*,#659,.T.);
#913=ORIENTED_EDGE('',*,*,#653,.T.);
#914=ORIENTED_EDGE('',*,*,#660,.F.);
#915=ORIENTED_EDGE('',*,*,#661,.T.);
#916=ORIENTED_EDGE('',*,*,#662,.T.);
#917=ORIENTED_EDGE('',*,*,#663,.T.);
#918=ORIENTED_EDGE('',*,*,#593,.T.);
#919=ORIENTED_EDGE('',*,*,#664,.T.);
#920=ORIENTED_EDGE('',*,*,#592,.T.);
#921=ORIENTED_EDGE('',*,*,#647,.F.);
#922=ORIENTED_EDGE('',*,*,#642,.T.);
#923=ORIENTED_EDGE('',*,*,#665,.T.);
#924=ORIENTED_EDGE('',*,*,#664,.F.);
#925=ORIENTED_EDGE('',*,*,#666,.T.);
#926=ORIENTED_EDGE('',*,*,#667,.T.);
#927=ORIENTED_EDGE('',*,*,#662,.F.);
#928=ORIENTED_EDGE('',*,*,#668,.T.);
#929=ORIENTED_EDGE('',*,*,#669,.F.);
#930=ORIENTED_EDGE('',*,*,#666,.F.);
#931=ORIENTED_EDGE('',*,*,#670,.T.);
#932=ORIENTED_EDGE('',*,*,#637,.F.);
#933=ORIENTED_EDGE('',*,*,#670,.F.);
#934=ORIENTED_EDGE('',*,*,#668,.F.);
#935=ORIENTED_EDGE('',*,*,#661,.F.);
#936=ORIENTED_EDGE('',*,*,#665,.F.);
#937=ORIENTED_EDGE('',*,*,#641,.T.);
#938=ORIENTED_EDGE('',*,*,#638,.F.);
#939=ORIENTED_EDGE('',*,*,#671,.T.);
#940=ORIENTED_EDGE('',*,*,#672,.F.);
#941=ORIENTED_EDGE('',*,*,#635,.T.);
#942=ORIENTED_EDGE('',*,*,#673,.T.);
#943=ORIENTED_EDGE('',*,*,#674,.T.);
#944=ORIENTED_EDGE('',*,*,#675,.T.);
#945=ORIENTED_EDGE('',*,*,#671,.F.);
#946=ORIENTED_EDGE('',*,*,#676,.T.);
#947=ORIENTED_EDGE('',*,*,#677,.T.);
#948=ORIENTED_EDGE('',*,*,#674,.F.);
#949=ORIENTED_EDGE('',*,*,#678,.T.);
#950=ORIENTED_EDGE('',*,*,#679,.T.);
#951=ORIENTED_EDGE('',*,*,#589,.T.);
#952=ORIENTED_EDGE('',*,*,#680,.T.);
#953=ORIENTED_EDGE('',*,*,#644,.T.);
#954=ORIENTED_EDGE('',*,*,#646,.F.);
#955=ORIENTED_EDGE('',*,*,#590,.T.);
#956=ORIENTED_EDGE('',*,*,#679,.F.);
#957=ORIENTED_EDGE('',*,*,#626,.F.);
#958=ORIENTED_EDGE('',*,*,#681,.T.);
#959=ORIENTED_EDGE('',*,*,#682,.F.);
#960=ORIENTED_EDGE('',*,*,#683,.T.);
#961=ORIENTED_EDGE('',*,*,#657,.F.);
#962=ORIENTED_EDGE('',*,*,#684,.T.);
#963=ORIENTED_EDGE('',*,*,#685,.F.);
#964=ORIENTED_EDGE('',*,*,#669,.T.);
#965=ORIENTED_EDGE('',*,*,#636,.F.);
#966=ORIENTED_EDGE('',*,*,#672,.T.);
#967=ORIENTED_EDGE('',*,*,#686,.F.);
#968=ORIENTED_EDGE('',*,*,#681,.F.);
#969=ORIENTED_EDGE('',*,*,#675,.F.);
#970=ORIENTED_EDGE('',*,*,#687,.T.);
#971=ORIENTED_EDGE('',*,*,#688,.F.);
#972=ORIENTED_EDGE('',*,*,#682,.T.);
#973=ORIENTED_EDGE('',*,*,#686,.T.);
#974=ORIENTED_EDGE('',*,*,#677,.F.);
#975=ORIENTED_EDGE('',*,*,#588,.T.);
#976=ORIENTED_EDGE('',*,*,#600,.T.);
#977=ORIENTED_EDGE('',*,*,#689,.F.);
#978=ORIENTED_EDGE('',*,*,#687,.F.);
#979=ORIENTED_EDGE('',*,*,#690,.T.);
#980=ORIENTED_EDGE('',*,*,#684,.F.);
#981=ORIENTED_EDGE('',*,*,#656,.T.);
#982=ORIENTED_EDGE('',*,*,#691,.T.);
#983=ORIENTED_EDGE('',*,*,#692,.T.);
#984=ORIENTED_EDGE('',*,*,#693,.T.);
#985=ORIENTED_EDGE('',*,*,#690,.F.);
#986=ORIENTED_EDGE('',*,*,#694,.T.);
#987=ORIENTED_EDGE('',*,*,#695,.T.);
#988=ORIENTED_EDGE('',*,*,#692,.F.);
#989=ORIENTED_EDGE('',*,*,#696,.T.);
#990=ORIENTED_EDGE('',*,*,#697,.T.);
#991=ORIENTED_EDGE('',*,*,#595,.T.);
#992=ORIENTED_EDGE('',*,*,#698,.T.);
#993=ORIENTED_EDGE('',*,*,#651,.T.);
#994=ORIENTED_EDGE('',*,*,#648,.F.);
#995=ORIENTED_EDGE('',*,*,#596,.T.);
#996=ORIENTED_EDGE('',*,*,#697,.F.);
#997=ORIENTED_EDGE('',*,*,#667,.F.);
#998=ORIENTED_EDGE('',*,*,#685,.T.);
#999=ORIENTED_EDGE('',*,*,#693,.F.);
#1000=ORIENTED_EDGE('',*,*,#699,.T.);
#1001=ORIENTED_EDGE('',*,*,#663,.F.);
#1002=ORIENTED_EDGE('',*,*,#699,.F.);
#1003=ORIENTED_EDGE('',*,*,#695,.F.);
#1004=ORIENTED_EDGE('',*,*,#594,.T.);
#1005=ORIENTED_EDGE('',*,*,#598,.T.);
#1006=ORIENTED_EDGE('',*,*,#650,.F.);
#1007=ORIENTED_EDGE('',*,*,#655,.T.);
#1008=ORIENTED_EDGE('',*,*,#700,.T.);
#1009=ORIENTED_EDGE('',*,*,#701,.T.);
#1010=ORIENTED_EDGE('',*,*,#702,.T.);
#1011=ORIENTED_EDGE('',*,*,#703,.T.);
#1012=ORIENTED_EDGE('',*,*,#689,.T.);
#1013=ORIENTED_EDGE('',*,*,#599,.T.);
#1014=ORIENTED_EDGE('',*,*,#701,.F.);
#1015=ORIENTED_EDGE('',*,*,#704,.T.);
#1016=ORIENTED_EDGE('',*,*,#688,.T.);
#1017=ORIENTED_EDGE('',*,*,#703,.F.);
#1018=ORIENTED_EDGE('',*,*,#705,.T.);
#1019=ORIENTED_EDGE('',*,*,#683,.F.);
#1020=ORIENTED_EDGE('',*,*,#704,.F.);
#1021=ORIENTED_EDGE('',*,*,#706,.T.);
#1022=ORIENTED_EDGE('',*,*,#658,.F.);
#1023=ORIENTED_EDGE('',*,*,#700,.F.);
#1024=ORIENTED_EDGE('',*,*,#654,.T.);
#1025=ORIENTED_EDGE('',*,*,#659,.F.);
#1026=ORIENTED_EDGE('',*,*,#706,.F.);
#1027=ORIENTED_EDGE('',*,*,#705,.F.);
#1028=ORIENTED_EDGE('',*,*,#702,.F.);
#1029=ORIENTED_EDGE('',*,*,#691,.F.);
#1030=ORIENTED_EDGE('',*,*,#660,.T.);
#1031=ORIENTED_EDGE('',*,*,#652,.T.);
#1032=ORIENTED_EDGE('',*,*,#698,.F.);
#1033=ORIENTED_EDGE('',*,*,#696,.F.);
#1034=ORIENTED_EDGE('',*,*,#694,.F.);
#1035=ORIENTED_EDGE('',*,*,#673,.F.);
#1036=ORIENTED_EDGE('',*,*,#640,.T.);
#1037=ORIENTED_EDGE('',*,*,#645,.T.);
#1038=ORIENTED_EDGE('',*,*,#680,.F.);
#1039=ORIENTED_EDGE('',*,*,#678,.F.);
#1040=ORIENTED_EDGE('',*,*,#676,.F.);
#1041=CONICAL_SURFACE('',#1143,0.775,0.0554985052457169);
#1042=CONICAL_SURFACE('',#1158,0.775,0.0554985052457169);
#1043=CONICAL_SURFACE('',#1162,0.775,0.0554985052457169);
#1044=CONICAL_SURFACE('',#1166,0.775,0.0554985052457169);
#1045=CONICAL_SURFACE('',#1170,0.775,0.0554985052457169);
#1046=CONICAL_SURFACE('',#1174,0.775,0.0554985052457169);
#1047=CONICAL_SURFACE('',#1178,0.775,0.0554985052457169);
#1048=CONICAL_SURFACE('',#1182,0.775,0.0554985052457169);
#1049=CONICAL_SURFACE('',#1186,0.922809474873874,0.119007467062751);
#1050=CONICAL_SURFACE('',#1204,0.775,0.0499583957219428);
#1051=CONICAL_SURFACE('',#1216,0.775,0.0499583957219428);
#1052=CONICAL_SURFACE('',#1217,0.775,0.0499583957219428);
#1053=CONICAL_SURFACE('',#1218,0.775,0.0499583957219428);
#1054=CONICAL_SURFACE('',#1219,0.775,0.0499583957219428);
#1055=CONICAL_SURFACE('',#1220,0.775,0.0499583957219428);
#1056=CONICAL_SURFACE('',#1221,0.775,0.0499583957219428);
#1057=CONICAL_SURFACE('',#1222,0.775,0.0499583957219428);
#1058=CONICAL_SURFACE('',#1275,2.51500410902671,1.13446401379632);
#1059=CONICAL_SURFACE('',#1284,2.51500410902671,1.13446401379632);
#1060=ADVANCED_FACE('',(#125),#1041,.F.);
#1061=ADVANCED_FACE('',(#126,#99,#100,#101,#102,#103,#104,#105,#106,#107),
#117,.T.);
#1062=ADVANCED_FACE('',(#127),#87,.F.);
#1063=ADVANCED_FACE('',(#128),#1042,.F.);
#1064=ADVANCED_FACE('',(#129),#88,.F.);
#1065=ADVANCED_FACE('',(#130),#1043,.F.);
#1066=ADVANCED_FACE('',(#131),#89,.F.);
#1067=ADVANCED_FACE('',(#132),#1044,.F.);
#1068=ADVANCED_FACE('',(#133),#90,.F.);
#1069=ADVANCED_FACE('',(#134),#1045,.F.);
#1070=ADVANCED_FACE('',(#135),#91,.F.);
#1071=ADVANCED_FACE('',(#136),#1046,.F.);
#1072=ADVANCED_FACE('',(#137),#92,.F.);
#1073=ADVANCED_FACE('',(#138),#1047,.F.);
#1074=ADVANCED_FACE('',(#139),#93,.F.);
#1075=ADVANCED_FACE('',(#140),#1048,.F.);
#1076=ADVANCED_FACE('',(#141),#94,.F.);
#1077=ADVANCED_FACE('',(#142),#1049,.F.);
#1078=ADVANCED_FACE('',(#143),#95,.F.);
#1079=ADVANCED_FACE('',(#144),#42,.F.);
#1080=ADVANCED_FACE('',(#145),#33,.T.);
#1081=ADVANCED_FACE('',(#146),#43,.T.);
#1082=ADVANCED_FACE('',(#147),#1050,.F.);
#1083=ADVANCED_FACE('',(#148,#108,#109,#110,#111,#112,#113,#114,#115,#116),
#118,.T.);
#1084=ADVANCED_FACE('',(#149),#1051,.F.);
#1085=ADVANCED_FACE('',(#150),#1052,.F.);
#1086=ADVANCED_FACE('',(#151),#1053,.F.);
#1087=ADVANCED_FACE('',(#152),#1054,.F.);
#1088=ADVANCED_FACE('',(#153),#1055,.F.);
#1089=ADVANCED_FACE('',(#154),#1056,.F.);
#1090=ADVANCED_FACE('',(#155),#1057,.F.);
#1091=ADVANCED_FACE('',(#156),#15,.F.);
#1092=ADVANCED_FACE('',(#157),#96,.T.);
#1093=ADVANCED_FACE('',(#158),#16,.F.);
#1094=ADVANCED_FACE('',(#159),#97,.T.);
#1095=ADVANCED_FACE('',(#160),#17,.T.);
#1096=ADVANCED_FACE('',(#161),#98,.T.);
#1097=ADVANCED_FACE('',(#162),#18,.T.);
#1098=ADVANCED_FACE('',(#163),#19,.T.);
#1099=ADVANCED_FACE('',(#164),#119,.F.);
#1100=ADVANCED_FACE('',(#165),#20,.T.);
#1101=ADVANCED_FACE('',(#166),#21,.T.);
#1102=ADVANCED_FACE('',(#167),#120,.F.);
#1103=ADVANCED_FACE('',(#168),#22,.T.);
#1104=ADVANCED_FACE('',(#169),#34,.F.);
#1105=ADVANCED_FACE('',(#170),#23,.T.);
#1106=ADVANCED_FACE('',(#171),#35,.F.);
#1107=ADVANCED_FACE('',(#172),#24,.T.);
#1108=ADVANCED_FACE('',(#173),#121,.F.);
#1109=ADVANCED_FACE('',(#174),#25,.T.);
#1110=ADVANCED_FACE('',(#175),#36,.F.);
#1111=ADVANCED_FACE('',(#176),#37,.F.);
#1112=ADVANCED_FACE('',(#177),#26,.T.);
#1113=ADVANCED_FACE('',(#178),#44,.T.);
#1114=ADVANCED_FACE('',(#179),#27,.T.);
#1115=ADVANCED_FACE('',(#180),#1058,.F.);
#1116=ADVANCED_FACE('',(#181),#28,.T.);
#1117=ADVANCED_FACE('',(#182),#38,.F.);
#1118=ADVANCED_FACE('',(#183),#39,.F.);
#1119=ADVANCED_FACE('',(#184),#29,.T.);
#1120=ADVANCED_FACE('',(#185),#30,.T.);
#1121=ADVANCED_FACE('',(#186),#1059,.F.);
#1122=ADVANCED_FACE('',(#187),#31,.T.);
#1123=ADVANCED_FACE('',(#188),#40,.F.);
#1124=ADVANCED_FACE('',(#189),#41,.F.);
#1125=ADVANCED_FACE('',(#190),#32,.T.);
#1126=ADVANCED_FACE('',(#191),#122,.F.);
#1127=ADVANCED_FACE('',(#192),#123,.F.);
#1128=ADVANCED_FACE('',(#193),#124,.F.);
#1129=CLOSED_SHELL('',(#1060,#1061,#1062,#1063,#1064,#1065,#1066,#1067,
#1068,#1069,#1070,#1071,#1072,#1073,#1074,#1075,#1076,#1077,#1078,#1079,
#1080,#1081,#1082,#1083,#1084,#1085,#1086,#1087,#1088,#1089,#1090,#1091,
#1092,#1093,#1094,#1095,#1096,#1097,#1098,#1099,#1100,#1101,#1102,#1103,
#1104,#1105,#1106,#1107,#1108,#1109,#1110,#1111,#1112,#1113,#1114,#1115,
#1116,#1117,#1118,#1119,#1120,#1121,#1122,#1123,#1124,#1125,#1126,#1127,
#1128));
#1130=DERIVED_UNIT_ELEMENT(#1132,1.);
#1131=DERIVED_UNIT_ELEMENT(#2479,-3.);
#1132=(
MASS_UNIT()
NAMED_UNIT(*)
SI_UNIT(.KILO.,.GRAM.)
);
#1133=DERIVED_UNIT((#1130,#1131));
#1134=MEASURE_REPRESENTATION_ITEM('density measure',
POSITIVE_RATIO_MEASURE(7850.),#1133);
#1135=PROPERTY_DEFINITION_REPRESENTATION(#1140,#1137);
#1136=PROPERTY_DEFINITION_REPRESENTATION(#1141,#1138);
#1137=REPRESENTATION('material name',(#1139),#2476);
#1138=REPRESENTATION('density',(#1134),#2476);
#1139=DESCRIPTIVE_REPRESENTATION_ITEM('Steel','Steel');
#1140=PROPERTY_DEFINITION('material property','material name',#2486);
#1141=PROPERTY_DEFINITION('material property','density of part',#2486);
#1142=AXIS2_PLACEMENT_3D('',#1632,#1294,#1295);
#1143=AXIS2_PLACEMENT_3D('',#1633,#1296,#1297);
#1144=AXIS2_PLACEMENT_3D('',#1635,#1298,#1299);
#1145=AXIS2_PLACEMENT_3D('',#1638,#1301,#1302);
#1146=AXIS2_PLACEMENT_3D('',#1639,#1303,#1304);
#1147=AXIS2_PLACEMENT_3D('',#1641,#1305,#1306);
#1148=AXIS2_PLACEMENT_3D('',#1643,#1307,#1308);
#1149=AXIS2_PLACEMENT_3D('',#1645,#1309,#1310);
#1150=AXIS2_PLACEMENT_3D('',#1647,#1311,#1312);
#1151=AXIS2_PLACEMENT_3D('',#1649,#1313,#1314);
#1152=AXIS2_PLACEMENT_3D('',#1651,#1315,#1316);
#1153=AXIS2_PLACEMENT_3D('',#1653,#1317,#1318);
#1154=AXIS2_PLACEMENT_3D('',#1655,#1319,#1320);
#1155=AXIS2_PLACEMENT_3D('',#1657,#1321,#1322);
#1156=AXIS2_PLACEMENT_3D('',#1658,#1323,#1324);
#1157=AXIS2_PLACEMENT_3D('',#1660,#1325,#1326);
#1158=AXIS2_PLACEMENT_3D('',#1662,#1328,#1329);
#1159=AXIS2_PLACEMENT_3D('',#1665,#1331,#1332);
#1160=AXIS2_PLACEMENT_3D('',#1666,#1333,#1334);
#1161=AXIS2_PLACEMENT_3D('',#1668,#1335,#1336);
#1162=AXIS2_PLACEMENT_3D('',#1670,#1338,#1339);
#1163=AXIS2_PLACEMENT_3D('',#1673,#1341,#1342);
#1164=AXIS2_PLACEMENT_3D('',#1674,#1343,#1344);
#1165=AXIS2_PLACEMENT_3D('',#1676,#1345,#1346);
#1166=AXIS2_PLACEMENT_3D('',#1678,#1348,#1349);
#1167=AXIS2_PLACEMENT_3D('',#1681,#1351,#1352);
#1168=AXIS2_PLACEMENT_3D('',#1682,#1353,#1354);
#1169=AXIS2_PLACEMENT_3D('',#1684,#1355,#1356);
#1170=AXIS2_PLACEMENT_3D('',#1686,#1358,#1359);
#1171=AXIS2_PLACEMENT_3D('',#1689,#1361,#1362);
#1172=AXIS2_PLACEMENT_3D('',#1690,#1363,#1364);
#1173=AXIS2_PLACEMENT_3D('',#1692,#1365,#1366);
#1174=AXIS2_PLACEMENT_3D('',#1694,#1368,#1369);
#1175=AXIS2_PLACEMENT_3D('',#1697,#1371,#1372);
#1176=AXIS2_PLACEMENT_3D('',#1698,#1373,#1374);
#1177=AXIS2_PLACEMENT_3D('',#1700,#1375,#1376);
#1178=AXIS2_PLACEMENT_3D('',#1702,#1378,#1379);
#1179=AXIS2_PLACEMENT_3D('',#1705,#1381,#1382);
#1180=AXIS2_PLACEMENT_3D('',#1706,#1383,#1384);
#1181=AXIS2_PLACEMENT_3D('',#1708,#1385,#1386);
#1182=AXIS2_PLACEMENT_3D('',#1710,#1388,#1389);
#1183=AXIS2_PLACEMENT_3D('',#1713,#1391,#1392);
#1184=AXIS2_PLACEMENT_3D('',#1714,#1393,#1394);
#1185=AXIS2_PLACEMENT_3D('',#1716,#1395,#1396);
#1186=AXIS2_PLACEMENT_3D('',#1718,#1398,#1399);
#1187=AXIS2_PLACEMENT_3D('',#1720,#1400,#1401);
#1188=AXIS2_PLACEMENT_3D('',#1723,#1403,#1404);
#1189=AXIS2_PLACEMENT_3D('',#1724,#1405,#1406);
#1190=AXIS2_PLACEMENT_3D('',#1737,#1408,#1409);
#1191=AXIS2_PLACEMENT_3D('',#1739,#1410,#1411);
#1192=AXIS2_PLACEMENT_3D('',#1741,#1412,#1413);
#1193=AXIS2_PLACEMENT_3D('',#1748,#1414,#1415);
#1194=AXIS2_PLACEMENT_3D('',#1750,#1416,#1417);
#1195=AXIS2_PLACEMENT_3D('',#1752,#1418,#1419);
#1196=AXIS2_PLACEMENT_3D('',#1759,#1420,#1421);
#1197=AXIS2_PLACEMENT_3D('',#1766,#1422,#1423);
#1198=AXIS2_PLACEMENT_3D('',#1768,#1424,#1425);
#1199=AXIS2_PLACEMENT_3D('',#1770,#1426,#1427);
#1200=AXIS2_PLACEMENT_3D('',#1776,#1428,#1429);
#1201=AXIS2_PLACEMENT_3D('',#1829,#1431,#1432);
#1202=AXIS2_PLACEMENT_3D('',#1831,#1433,#1434);
#1203=AXIS2_PLACEMENT_3D('',#1832,#1435,#1436);
#1204=AXIS2_PLACEMENT_3D('',#1833,#1437,#1438);
#1205=AXIS2_PLACEMENT_3D('',#1835,#1439,#1440);
#1206=AXIS2_PLACEMENT_3D('',#1837,#1442,#1443);
#1207=AXIS2_PLACEMENT_3D('',#1839,#1444,#1445);
#1208=AXIS2_PLACEMENT_3D('',#1841,#1446,#1447);
#1209=AXIS2_PLACEMENT_3D('',#1843,#1448,#1449);
#1210=AXIS2_PLACEMENT_3D('',#1845,#1450,#1451);
#1211=AXIS2_PLACEMENT_3D('',#1847,#1452,#1453);
#1212=AXIS2_PLACEMENT_3D('',#1849,#1454,#1455);
#1213=AXIS2_PLACEMENT_3D('',#1851,#1456,#1457);
#1214=AXIS2_PLACEMENT_3D('',#1853,#1458,#1459);
#1215=AXIS2_PLACEMENT_3D('',#1855,#1460,#1461);
#1216=AXIS2_PLACEMENT_3D('',#1856,#1462,#1463);
#1217=AXIS2_PLACEMENT_3D('',#1858,#1465,#1466);
#1218=AXIS2_PLACEMENT_3D('',#1860,#1468,#1469);
#1219=AXIS2_PLACEMENT_3D('',#1862,#1471,#1472);
#1220=AXIS2_PLACEMENT_3D('',#1864,#1474,#1475);
#1221=AXIS2_PLACEMENT_3D('',#1866,#1477,#1478);
#1222=AXIS2_PLACEMENT_3D('',#1868,#1480,#1481);
#1223=AXIS2_PLACEMENT_3D('',#1870,#1483,#1484);
#1224=AXIS2_PLACEMENT_3D('',#1872,#1485,#1486);
#1225=AXIS2_PLACEMENT_3D('',#1873,#1487,#1488);
#1226=AXIS2_PLACEMENT_3D('',#1874,#1489,#1490);
#1227=AXIS2_PLACEMENT_3D('',#1877,#1492,#1493);
#1228=AXIS2_PLACEMENT_3D('',#1878,#1494,#1495);
#1229=AXIS2_PLACEMENT_3D('',#1880,#1496,#1497);
#1230=AXIS2_PLACEMENT_3D('',#1881,#1498,#1499);
#1231=AXIS2_PLACEMENT_3D('',#1882,#1500,#1501);
#1232=AXIS2_PLACEMENT_3D('',#1884,#1503,#1504);
#1233=AXIS2_PLACEMENT_3D('',#1886,#1505,#1506);
#1234=AXIS2_PLACEMENT_3D('',#1887,#1507,#1508);
#1235=AXIS2_PLACEMENT_3D('',#1888,#1509,#1510);
#1236=AXIS2_PLACEMENT_3D('',#1891,#1512,#1513);
#1237=AXIS2_PLACEMENT_3D('',#1892,#1514,#1515);
#1238=AXIS2_PLACEMENT_3D('',#1893,#1516,#1517);
#1239=AXIS2_PLACEMENT_3D('',#1894,#1518,#1519);
#1240=AXIS2_PLACEMENT_3D('',#1916,#1520,#1521);
#1241=AXIS2_PLACEMENT_3D('',#1942,#1522,#1523);
#1242=AXIS2_PLACEMENT_3D('',#1947,#1524,#1525);
#1243=AXIS2_PLACEMENT_3D('',#1956,#1527,#1528);
#1244=AXIS2_PLACEMENT_3D('',#1963,#1530,#1531);
#1245=AXIS2_PLACEMENT_3D('',#1980,#1532,#1533);
#1246=AXIS2_PLACEMENT_3D('',#1991,#1534,#1535);
#1247=AXIS2_PLACEMENT_3D('',#2000,#1536,#1537);
#1248=AXIS2_PLACEMENT_3D('',#2009,#1539,#1540);
#1249=AXIS2_PLACEMENT_3D('',#2016,#1542,#1543);
#1250=AXIS2_PLACEMENT_3D('',#2038,#1544,#1545);
#1251=AXIS2_PLACEMENT_3D('',#2093,#1546,#1547);
#1252=AXIS2_PLACEMENT_3D('',#2108,#1548,#1549);
#1253=AXIS2_PLACEMENT_3D('',#2109,#1550,#1551);
#1254=AXIS2_PLACEMENT_3D('',#2148,#1552,#1553);
#1255=AXIS2_PLACEMENT_3D('',#2161,#1554,#1555);
#1256=AXIS2_PLACEMENT_3D('',#2162,#1556,#1557);
#1257=AXIS2_PLACEMENT_3D('',#2163,#1558,#1559);
#1258=AXIS2_PLACEMENT_3D('',#2164,#1560,#1561);
#1259=AXIS2_PLACEMENT_3D('',#2165,#1562,#1563);
#1260=AXIS2_PLACEMENT_3D('',#2168,#1564,#1565);
#1261=AXIS2_PLACEMENT_3D('',#2169,#1566,#1567);
#1262=AXIS2_PLACEMENT_3D('',#2170,#1568,#1569);
#1263=AXIS2_PLACEMENT_3D('',#2209,#1570,#1571);
#1264=AXIS2_PLACEMENT_3D('',#2261,#1572,#1573);
#1265=AXIS2_PLACEMENT_3D('',#2262,#1574,#1575);
#1266=AXIS2_PLACEMENT_3D('',#2263,#1576,#1577);
#1267=AXIS2_PLACEMENT_3D('',#2265,#1578,#1579);
#1268=AXIS2_PLACEMENT_3D('',#2267,#1580,#1581);
#1269=AXIS2_PLACEMENT_3D('',#2268,#1582,#1583);
#1270=AXIS2_PLACEMENT_3D('',#2270,#1584,#1585);
#1271=AXIS2_PLACEMENT_3D('',#2271,#1586,#1587);
#1272=AXIS2_PLACEMENT_3D('',#2272,#1588,#1589);
#1273=AXIS2_PLACEMENT_3D('',#2273,#1590,#1591);
#1274=AXIS2_PLACEMENT_3D('',#2275,#1592,#1593);
#1275=AXIS2_PLACEMENT_3D('',#2282,#1594,#1595);
#1276=AXIS2_PLACEMENT_3D('',#2287,#1596,#1597);
#1277=AXIS2_PLACEMENT_3D('',#2289,#1598,#1599);
#1278=AXIS2_PLACEMENT_3D('',#2290,#1600,#1601);
#1279=AXIS2_PLACEMENT_3D('',#2329,#1602,#1603);
#1280=AXIS2_PLACEMENT_3D('',#2381,#1604,#1605);
#1281=AXIS2_PLACEMENT_3D('',#2382,#1606,#1607);
#1282=AXIS2_PLACEMENT_3D('',#2383,#1608,#1609);
#1283=AXIS2_PLACEMENT_3D('',#2384,#1610,#1611);
#1284=AXIS2_PLACEMENT_3D('',#2385,#1612,#1613);
#1285=AXIS2_PLACEMENT_3D('',#2386,#1614,#1615);
#1286=AXIS2_PLACEMENT_3D('',#2388,#1616,#1617);
#1287=AXIS2_PLACEMENT_3D('',#2424,#1618,#1619);
#1288=AXIS2_PLACEMENT_3D('',#2462,#1620,#1621);
#1289=AXIS2_PLACEMENT_3D('',#2469,#1622,#1623);
#1290=AXIS2_PLACEMENT_3D('',#2470,#1624,#1625);
#1291=AXIS2_PLACEMENT_3D('',#2471,#1626,#1627);
#1292=AXIS2_PLACEMENT_3D('',#2472,#1628,#1629);
#1293=AXIS2_PLACEMENT_3D('',#2473,#1630,#1631);
#1294=DIRECTION('axis',(0.,0.,1.));
#1295=DIRECTION('refdir',(1.,0.,0.));
#1296=DIRECTION('center_axis',(0.,0.,-1.));
#1297=DIRECTION('ref_axis',(-1.,0.,0.));
#1298=DIRECTION('center_axis',(0.,0.,-1.));
#1299=DIRECTION('ref_axis',(-1.,0.,0.));
#1300=DIRECTION('',(-0.0554700196225229,6.79311819793636E-18,0.998460353205412));
#1301=DIRECTION('center_axis',(0.,0.,1.));
#1302=DIRECTION('ref_axis',(-1.,0.,0.));
#1303=DIRECTION('center_axis',(0.,0.,-1.));
#1304=DIRECTION('ref_axis',(-1.,0.,0.));
#1305=DIRECTION('center_axis',(0.,0.,1.));
#1306=DIRECTION('ref_axis',(-1.,1.22464679914735E-16,0.));
#1307=DIRECTION('center_axis',(0.,0.,-1.));
#1308=DIRECTION('ref_axis',(-1.,0.,0.));
#1309=DIRECTION('center_axis',(0.,0.,-1.));
#1310=DIRECTION('ref_axis',(-1.,0.,0.));
#1311=DIRECTION('center_axis',(0.,0.,-1.));
#1312=DIRECTION('ref_axis',(-1.,0.,0.));
#1313=DIRECTION('center_axis',(0.,0.,-1.));
#1314=DIRECTION('ref_axis',(-1.,0.,0.));
#1315=DIRECTION('center_axis',(0.,0.,-1.));
#1316=DIRECTION('ref_axis',(-1.,1.22464679914735E-16,0.));
#1317=DIRECTION('center_axis',(0.,0.,-1.));
#1318=DIRECTION('ref_axis',(-1.,0.,0.));
#1319=DIRECTION('center_axis',(0.,0.,-1.));
#1320=DIRECTION('ref_axis',(-1.,0.,0.));
#1321=DIRECTION('center_axis',(0.,0.,-1.));
#1322=DIRECTION('ref_axis',(-1.,0.,0.));
#1323=DIRECTION('center_axis',(0.,0.,-1.));
#1324=DIRECTION('ref_axis',(-1.,0.,0.));
#1325=DIRECTION('center_axis',(0.,0.,-1.));
#1326=DIRECTION('ref_axis',(-1.,0.,0.));
#1327=DIRECTION('',(0.,0.,-1.));
#1328=DIRECTION('center_axis',(0.,0.,-1.));
#1329=DIRECTION('ref_axis',(-1.,0.,0.));
#1330=DIRECTION('',(-0.0554700196225229,6.79311819793636E-18,0.998460353205412));
#1331=DIRECTION('center_axis',(0.,0.,1.));
#1332=DIRECTION('ref_axis',(-1.,0.,0.));
#1333=DIRECTION('center_axis',(0.,0.,-1.));
#1334=DIRECTION('ref_axis',(-1.,0.,0.));
#1335=DIRECTION('center_axis',(0.,0.,-1.));
#1336=DIRECTION('ref_axis',(-1.,0.,0.));
#1337=DIRECTION('',(0.,0.,-1.));
#1338=DIRECTION('center_axis',(0.,0.,-1.));
#1339=DIRECTION('ref_axis',(-1.,0.,0.));
#1340=DIRECTION('',(-0.0554700196225229,6.79311819793636E-18,0.998460353205412));
#1341=DIRECTION('center_axis',(0.,0.,1.));
#1342=DIRECTION('ref_axis',(-1.,0.,0.));
#1343=DIRECTION('center_axis',(0.,0.,-1.));
#1344=DIRECTION('ref_axis',(-1.,0.,0.));
#1345=DIRECTION('center_axis',(0.,0.,-1.));
#1346=DIRECTION('ref_axis',(-1.,0.,0.));
#1347=DIRECTION('',(0.,0.,-1.));
#1348=DIRECTION('center_axis',(0.,0.,-1.));
#1349=DIRECTION('ref_axis',(-1.,0.,0.));
#1350=DIRECTION('',(-0.0554700196225229,6.79311819793636E-18,0.998460353205412));
#1351=DIRECTION('center_axis',(0.,0.,1.));
#1352=DIRECTION('ref_axis',(-1.,0.,0.));
#1353=DIRECTION('center_axis',(0.,0.,-1.));
#1354=DIRECTION('ref_axis',(-1.,0.,0.));
#1355=DIRECTION('center_axis',(0.,0.,-1.));
#1356=DIRECTION('ref_axis',(-1.,0.,0.));
#1357=DIRECTION('',(0.,0.,-1.));
#1358=DIRECTION('center_axis',(0.,0.,-1.));
#1359=DIRECTION('ref_axis',(-1.,0.,0.));
#1360=DIRECTION('',(-0.0554700196225229,6.79311819793636E-18,0.998460353205412));
#1361=DIRECTION('center_axis',(0.,0.,1.));
#1362=DIRECTION('ref_axis',(-1.,0.,0.));
#1363=DIRECTION('center_axis',(0.,0.,-1.));
#1364=DIRECTION('ref_axis',(-1.,0.,0.));
#1365=DIRECTION('center_axis',(0.,0.,-1.));
#1366=DIRECTION('ref_axis',(-1.,0.,0.));
#1367=DIRECTION('',(0.,0.,-1.));
#1368=DIRECTION('center_axis',(0.,0.,-1.));
#1369=DIRECTION('ref_axis',(-1.,0.,0.));
#1370=DIRECTION('',(-0.0554700196225229,6.79311819793636E-18,0.998460353205412));
#1371=DIRECTION('center_axis',(0.,0.,1.));
#1372=DIRECTION('ref_axis',(-1.,0.,0.));
#1373=DIRECTION('center_axis',(0.,0.,-1.));
#1374=DIRECTION('ref_axis',(-1.,0.,0.));
#1375=DIRECTION('center_axis',(0.,0.,-1.));
#1376=DIRECTION('ref_axis',(-1.,0.,0.));
#1377=DIRECTION('',(0.,0.,-1.));
#1378=DIRECTION('center_axis',(0.,0.,-1.));
#1379=DIRECTION('ref_axis',(-1.,0.,0.));
#1380=DIRECTION('',(-0.0554700196225229,6.79311819793636E-18,0.998460353205412));
#1381=DIRECTION('center_axis',(0.,0.,1.));
#1382=DIRECTION('ref_axis',(-1.,0.,0.));
#1383=DIRECTION('center_axis',(0.,0.,-1.));
#1384=DIRECTION('ref_axis',(-1.,0.,0.));
#1385=DIRECTION('center_axis',(0.,0.,-1.));
#1386=DIRECTION('ref_axis',(-1.,0.,0.));
#1387=DIRECTION('',(0.,0.,-1.));
#1388=DIRECTION('center_axis',(0.,0.,-1.));
#1389=DIRECTION('ref_axis',(-1.,0.,0.));
#1390=DIRECTION('',(-0.0554700196225229,6.79311819793636E-18,0.998460353205412));
#1391=DIRECTION('center_axis',(0.,0.,1.));
#1392=DIRECTION('ref_axis',(-1.,0.,0.));
#1393=DIRECTION('center_axis',(0.,0.,-1.));
#1394=DIRECTION('ref_axis',(-1.,0.,0.));
#1395=DIRECTION('center_axis',(0.,0.,-1.));
#1396=DIRECTION('ref_axis',(-1.,0.,0.));
#1397=DIRECTION('',(0.,0.,-1.));
#1398=DIRECTION('center_axis',(5.64907313138001E-16,0.,-1.));
#1399=DIRECTION('ref_axis',(1.,0.,0.));
#1400=DIRECTION('center_axis',(0.,0.,-1.));
#1401=DIRECTION('ref_axis',(1.,0.,0.));
#1402=DIRECTION('',(0.1187267532137,-1.45398338296316E-17,0.992926965124492));
#1403=DIRECTION('center_axis',(0.,0.,1.));
#1404=DIRECTION('ref_axis',(1.,0.,0.));
#1405=DIRECTION('center_axis',(0.,0.,1.));
#1406=DIRECTION('ref_axis',(1.,0.,0.));
#1407=DIRECTION('',(0.,0.,1.));
#1408=DIRECTION('center_axis',(6.12323399573676E-17,0.,1.));
#1409=DIRECTION('ref_axis',(1.,0.,0.));
#1410=DIRECTION('center_axis',(1.22464679914735E-16,-1.,0.));
#1411=DIRECTION('ref_axis',(-1.,-1.22464679914735E-16,0.));
#1412=DIRECTION('center_axis',(0.,0.,1.));
#1413=DIRECTION('ref_axis',(1.,0.,0.));
#1414=DIRECTION('center_axis',(-1.,0.,0.));
#1415=DIRECTION('ref_axis',(0.,0.999275089579881,0.0380696118330645));
#1416=DIRECTION('center_axis',(0.,0.,1.));
#1417=DIRECTION('ref_axis',(-1.55431223447522E-15,1.,0.));
#1418=DIRECTION('center_axis',(1.,0.,0.));
#1419=DIRECTION('ref_axis',(0.,0.999275089579881,0.0380696118330645));
#1420=DIRECTION('center_axis',(0.,0.,1.));
#1421=DIRECTION('ref_axis',(1.,0.,0.));
#1422=DIRECTION('center_axis',(1.,0.,0.));
#1423=DIRECTION('ref_axis',(0.,-0.999275089579881,0.0380696118330645));
#1424=DIRECTION('center_axis',(0.,0.,1.));
#1425=DIRECTION('ref_axis',(-1.65389215948551E-15,-1.,0.));
#1426=DIRECTION('center_axis',(-1.,0.,0.));
#1427=DIRECTION('ref_axis',(0.,-0.999275089579881,0.0380696118330645));
#1428=DIRECTION('center_axis',(0.,0.,1.));
#1429=DIRECTION('ref_axis',(1.,0.,0.));
#1430=DIRECTION('',(0.10734976707902,-3.45263183754567E-17,-0.994221317166394));
#1431=DIRECTION('center_axis',(6.12323399573677E-17,0.,1.));
#1432=DIRECTION('ref_axis',(1.,0.,0.));
#1433=DIRECTION('center_axis',(1.22464679914735E-16,-1.,0.));
#1434=DIRECTION('ref_axis',(-1.,-1.22464679914735E-16,0.));
#1435=DIRECTION('center_axis',(0.,0.,1.));
#1436=DIRECTION('ref_axis',(1.,0.,0.));
#1437=DIRECTION('center_axis',(0.,0.,1.));
#1438=DIRECTION('ref_axis',(-1.,0.,0.));
#1439=DIRECTION('center_axis',(0.,0.,1.));
#1440=DIRECTION('ref_axis',(-1.,0.,0.));
#1441=DIRECTION('',(-0.0499376169438923,-6.11559427473843E-18,-0.998752338877845));
#1442=DIRECTION('center_axis',(0.,0.,1.));
#1443=DIRECTION('ref_axis',(1.,0.,0.));
#1444=DIRECTION('center_axis',(0.,0.,-1.));
#1445=DIRECTION('ref_axis',(-1.,1.22464679914735E-16,0.));
#1446=DIRECTION('center_axis',(0.,0.,1.));
#1447=DIRECTION('ref_axis',(-1.,0.,0.));
#1448=DIRECTION('center_axis',(0.,0.,1.));
#1449=DIRECTION('ref_axis',(-1.,0.,0.));
#1450=DIRECTION('center_axis',(0.,0.,1.));
#1451=DIRECTION('ref_axis',(-1.,0.,0.));
#1452=DIRECTION('center_axis',(0.,0.,1.));
#1453=DIRECTION('ref_axis',(-1.,0.,0.));
#1454=DIRECTION('center_axis',(0.,0.,1.));
#1455=DIRECTION('ref_axis',(-1.,1.22464679914735E-16,0.));
#1456=DIRECTION('center_axis',(0.,0.,1.));
#1457=DIRECTION('ref_axis',(-1.,0.,0.));
#1458=DIRECTION('center_axis',(0.,0.,1.));
#1459=DIRECTION('ref_axis',(-1.,0.,0.));
#1460=DIRECTION('center_axis',(0.,0.,1.));
#1461=DIRECTION('ref_axis',(-1.,0.,0.));
#1462=DIRECTION('center_axis',(0.,0.,1.));
#1463=DIRECTION('ref_axis',(-1.,0.,0.));
#1464=DIRECTION('',(-0.0499376169438923,-6.11559427473843E-18,-0.998752338877845));
#1465=DIRECTION('center_axis',(0.,0.,1.));
#1466=DIRECTION('ref_axis',(-1.,0.,0.));
#1467=DIRECTION('',(-0.0499376169438923,-6.11559427473843E-18,-0.998752338877845));
#1468=DIRECTION('center_axis',(0.,0.,1.));
#1469=DIRECTION('ref_axis',(-1.,0.,0.));
#1470=DIRECTION('',(-0.0499376169438923,-6.11559427473843E-18,-0.998752338877845));
#1471=DIRECTION('center_axis',(0.,0.,1.));
#1472=DIRECTION('ref_axis',(-1.,0.,0.));
#1473=DIRECTION('',(-0.0499376169438923,-6.11559427473843E-18,-0.998752338877845));
#1474=DIRECTION('center_axis',(0.,0.,1.));
#1475=DIRECTION('ref_axis',(-1.,0.,0.));
#1476=DIRECTION('',(-0.0499376169438923,-6.11559427473843E-18,-0.998752338877845));
#1477=DIRECTION('center_axis',(0.,0.,1.));
#1478=DIRECTION('ref_axis',(-1.,0.,0.));
#1479=DIRECTION('',(-0.0499376169438923,-6.11559427473843E-18,-0.998752338877845));
#1480=DIRECTION('center_axis',(0.,0.,1.));
#1481=DIRECTION('ref_axis',(-1.,0.,0.));
#1482=DIRECTION('',(-0.0499376169438923,-6.11559427473843E-18,-0.998752338877845));
#1483=DIRECTION('center_axis',(0.,0.,1.));
#1484=DIRECTION('ref_axis',(1.,0.,0.));
#1485=DIRECTION('center_axis',(0.,0.,1.));
#1486=DIRECTION('ref_axis',(-1.,1.22464679914735E-16,0.));
#1487=DIRECTION('center_axis',(1.22464679914735E-16,-1.,0.));
#1488=DIRECTION('ref_axis',(-1.,-1.22464679914735E-16,0.));
#1489=DIRECTION('center_axis',(0.,0.,1.));
#1490=DIRECTION('ref_axis',(1.,0.,0.));
#1491=DIRECTION('',(0.,0.,-1.));
#1492=DIRECTION('center_axis',(0.,0.,1.));
#1493=DIRECTION('ref_axis',(1.,0.,0.));
#1494=DIRECTION('center_axis',(0.,0.,1.));
#1495=DIRECTION('ref_axis',(1.,0.,0.));
#1496=DIRECTION('center_axis',(1.22464679914735E-16,-1.,0.));
#1497=DIRECTION('ref_axis',(-1.,-1.22464679914735E-16,0.));
#1498=DIRECTION('center_axis',(0.,0.,-1.));
#1499=DIRECTION('ref_axis',(-1.,1.22464679914735E-16,0.));
#1500=DIRECTION('center_axis',(0.,0.,1.));
#1501=DIRECTION('ref_axis',(1.,0.,0.));
#1502=DIRECTION('',(0.,0.,-1.));
#1503=DIRECTION('center_axis',(0.,0.,1.));
#1504=DIRECTION('ref_axis',(1.,0.,0.));
#1505=DIRECTION('center_axis',(1.22464679914735E-16,-1.,0.));
#1506=DIRECTION('ref_axis',(-1.,-1.22464679914735E-16,0.));
#1507=DIRECTION('center_axis',(0.,0.,1.));
#1508=DIRECTION('ref_axis',(-1.,1.22464679914735E-16,0.));
#1509=DIRECTION('center_axis',(0.,0.,1.));
#1510=DIRECTION('ref_axis',(1.,0.,0.));
#1511=DIRECTION('',(0.,0.,-1.));
#1512=DIRECTION('center_axis',(0.,0.,-1.));
#1513=DIRECTION('ref_axis',(-1.,1.22464679914735E-16,0.));
#1514=DIRECTION('center_axis',(0.,0.,1.));
#1515=DIRECTION('ref_axis',(1.,0.,0.));
#1516=DIRECTION('center_axis',(1.22464679914735E-16,-1.,0.));
#1517=DIRECTION('ref_axis',(-1.,-1.22464679914735E-16,0.));
#1518=DIRECTION('center_axis',(0.,0.,1.));
#1519=DIRECTION('ref_axis',(1.,0.,0.));
#1520=DIRECTION('center_axis',(0.,0.,-1.));
#1521=DIRECTION('ref_axis',(-1.11022302462516E-15,1.,0.));
#1522=DIRECTION('center_axis',(0.,0.,1.));
#1523=DIRECTION('ref_axis',(-1.11022302462516E-15,1.,0.));
#1524=DIRECTION('center_axis',(0.,0.,1.));
#1525=DIRECTION('ref_axis',(1.,0.,0.));
#1526=DIRECTION('',(0.,1.,0.));
#1527=DIRECTION('center_axis',(0.,0.,-1.));
#1528=DIRECTION('ref_axis',(-1.55431223447522E-15,1.,0.));
#1529=DIRECTION('',(0.,-1.,0.));
#1530=DIRECTION('center_axis',(0.,0.,-1.));
#1531=DIRECTION('ref_axis',(-1.,0.,0.));
#1532=DIRECTION('center_axis',(0.,0.,-1.));
#1533=DIRECTION('ref_axis',(-1.,0.,0.));
#1534=DIRECTION('center_axis',(0.,0.,-1.));
#1535=DIRECTION('ref_axis',(-1.65389215948551E-15,-1.,0.));
#1536=DIRECTION('center_axis',(0.,0.,1.));
#1537=DIRECTION('ref_axis',(1.,0.,0.));
#1538=DIRECTION('',(0.,1.,0.));
#1539=DIRECTION('center_axis',(0.,0.,1.));
#1540=DIRECTION('ref_axis',(-7.6571373978539E-16,-1.,0.));
#1541=DIRECTION('',(0.,-1.,0.));
#1542=DIRECTION('center_axis',(0.,0.,1.));
#1543=DIRECTION('ref_axis',(1.,0.,0.));
#1544=DIRECTION('center_axis',(0.,0.,-1.));
#1545=DIRECTION('ref_axis',(-7.6571373978539E-16,-1.,0.));
#1546=DIRECTION('center_axis',(0.,-0.919032834332937,0.394180985611899));
#1547=DIRECTION('ref_axis',(-1.,0.,0.));
#1548=DIRECTION('center_axis',(-1.,0.,0.));
#1549=DIRECTION('ref_axis',(0.,0.,1.));
#1550=DIRECTION('center_axis',(-1.,0.,0.));
#1551=DIRECTION('ref_axis',(0.,0.999275089579881,0.0380696118330645));
#1552=DIRECTION('center_axis',(-1.5909597808597E-16,-0.143300917524824,
-0.989679163687174));
#1553=DIRECTION('ref_axis',(-1.,1.11022302462516E-15,0.));
#1554=DIRECTION('center_axis',(1.,0.,0.));
#1555=DIRECTION('ref_axis',(0.,0.,-1.));
#1556=DIRECTION('center_axis',(1.,0.,0.));
#1557=DIRECTION('ref_axis',(0.,0.,-1.));
#1558=DIRECTION('center_axis',(1.,0.,0.));
#1559=DIRECTION('ref_axis',(0.,0.996963057223138,0.0778759432192889));
#1560=DIRECTION('center_axis',(1.,0.,0.));
#1561=DIRECTION('ref_axis',(0.,1.,0.));
#1562=DIRECTION('center_axis',(-1.,0.,0.));
#1563=DIRECTION('ref_axis',(0.,0.,1.));
#1564=DIRECTION('center_axis',(0.,0.143300917524832,0.989679163687173));
#1565=DIRECTION('ref_axis',(1.,0.,0.));
#1566=DIRECTION('center_axis',(-1.,0.,0.));
#1567=DIRECTION('ref_axis',(0.,0.,1.));
#1568=DIRECTION('center_axis',(1.,0.,0.));
#1569=DIRECTION('ref_axis',(0.,0.,1.));
#1570=DIRECTION('center_axis',(0.,0.919032834333166,-0.394180985611366));
#1571=DIRECTION('ref_axis',(1.,0.,0.));
#1572=DIRECTION('center_axis',(1.,0.,0.));
#1573=DIRECTION('ref_axis',(0.,0.,-1.));
#1574=DIRECTION('center_axis',(1.,0.,0.));
#1575=DIRECTION('ref_axis',(0.,0.999275089579881,0.0380696118330645));
#1576=DIRECTION('center_axis',(6.12323399573676E-17,0.,1.));
#1577=DIRECTION('ref_axis',(1.,0.,0.));
#1578=DIRECTION('center_axis',(1.22464679914735E-16,-1.,0.));
#1579=DIRECTION('ref_axis',(-1.,-1.22464679914735E-16,0.));
#1580=DIRECTION('center_axis',(0.,0.,-1.));
#1581=DIRECTION('ref_axis',(-1.,1.22464679914735E-16,0.));
#1582=DIRECTION('center_axis',(-1.,0.,0.));
#1583=DIRECTION('ref_axis',(0.,0.,1.));
#1584=DIRECTION('center_axis',(1.,0.,0.));
#1585=DIRECTION('ref_axis',(0.,0.,-1.));
#1586=DIRECTION('center_axis',(0.,0.,-1.));
#1587=DIRECTION('ref_axis',(-1.,1.22464679914735E-16,0.));
#1588=DIRECTION('center_axis',(0.,0.,-1.));
#1589=DIRECTION('ref_axis',(-1.,1.22464679914735E-16,0.));
#1590=DIRECTION('center_axis',(0.,0.,1.));
#1591=DIRECTION('ref_axis',(-1.,1.22464679914735E-16,0.));
#1592=DIRECTION('center_axis',(0.,0.,1.));
#1593=DIRECTION('ref_axis',(-1.,0.,0.));
#1594=DIRECTION('center_axis',(0.,0.,-1.));
#1595=DIRECTION('ref_axis',(-1.,-3.98455642065909E-14,0.));
#1596=DIRECTION('center_axis',(1.,0.,0.));
#1597=DIRECTION('ref_axis',(0.,0.,-1.));
#1598=DIRECTION('center_axis',(0.,-0.143300917524828,0.989679163687173));
#1599=DIRECTION('ref_axis',(-1.,0.,0.));
#1600=DIRECTION('center_axis',(-1.,0.,0.));
#1601=DIRECTION('ref_axis',(0.,0.,-1.));
#1602=DIRECTION('center_axis',(0.,-0.919032834333166,-0.394180985611365));
#1603=DIRECTION('ref_axis',(-1.,0.,0.));
#1604=DIRECTION('center_axis',(-1.,0.,0.));
#1605=DIRECTION('ref_axis',(0.,0.,1.));
#1606=DIRECTION('center_axis',(-1.,0.,0.));
#1607=DIRECTION('ref_axis',(0.,-0.999275089579881,0.0380696118330645));
#1608=DIRECTION('center_axis',(0.,0.,1.));
#1609=DIRECTION('ref_axis',(1.,0.,0.));
#1610=DIRECTION('center_axis',(0.,0.,1.));
#1611=DIRECTION('ref_axis',(-1.,0.,0.));
#1612=DIRECTION('center_axis',(0.,0.,-1.));
#1613=DIRECTION('ref_axis',(1.,0.,0.));
#1614=DIRECTION('center_axis',(1.,0.,0.));
#1615=DIRECTION('ref_axis',(0.,0.,-1.));
#1616=DIRECTION('center_axis',(1.,0.,0.));
#1617=DIRECTION('ref_axis',(0.,-0.999275089579881,0.0380696118330645));
#1618=DIRECTION('center_axis',(0.,0.919032834332936,0.394180985611903));
#1619=DIRECTION('ref_axis',(1.,0.,0.));
#1620=DIRECTION('center_axis',(0.,0.143300917524824,-0.989679163687174));
#1621=DIRECTION('ref_axis',(1.,0.,0.));
#1622=DIRECTION('center_axis',(-1.,0.,0.));
#1623=DIRECTION('ref_axis',(0.,0.,1.));
#1624=DIRECTION('center_axis',(-1.,0.,0.));
#1625=DIRECTION('ref_axis',(0.,-0.996963057223138,0.0778759432192889));
#1626=DIRECTION('center_axis',(-1.,0.,0.));
#1627=DIRECTION('ref_axis',(0.,-1.,0.));
#1628=DIRECTION('center_axis',(1.,0.,0.));
#1629=DIRECTION('ref_axis',(0.,1.,0.));
#1630=DIRECTION('center_axis',(-1.,0.,0.));
#1631=DIRECTION('ref_axis',(0.,-1.,0.));
#1632=CARTESIAN_POINT('',(0.,0.,0.));
#1633=CARTESIAN_POINT('Origin',(5.,-7.92768641756291E-16,-4.55));
#1634=CARTESIAN_POINT('',(5.8,-8.90740385688079E-16,-5.));
#1635=CARTESIAN_POINT('Origin',(5.,-7.92768641756291E-16,-5.));
#1636=CARTESIAN_POINT('',(5.75,-7.00920131820239E-16,-4.1));
#1637=CARTESIAN_POINT('',(5.775,-8.87678768690211E-16,-4.55));
#1638=CARTESIAN_POINT('Origin',(5.,-7.92768641756291E-16,-4.1));
#1639=CARTESIAN_POINT('Origin',(7.,0.,-5.));
#1640=CARTESIAN_POINT('',(-6.75,-8.26636589424464E-16,-5.));
#1641=CARTESIAN_POINT('Origin',(0.,0.,-5.));
#1642=CARTESIAN_POINT('',(4.33553390593274,3.53553390593274,-5.));
#1643=CARTESIAN_POINT('Origin',(3.53553390593274,3.53553390593274,-5.));
#1644=CARTESIAN_POINT('',(0.799999999999999,-5.,-5.));
#1645=CARTESIAN_POINT('Origin',(-8.57252759403147E-16,-5.,-5.));
#1646=CARTESIAN_POINT('',(-4.2,2.54177108456614E-16,-5.));
#1647=CARTESIAN_POINT('Origin',(-5.,3.52148852388402E-16,-5.));
#1648=CARTESIAN_POINT('',(0.8,5.,-5.));
#1649=CARTESIAN_POINT('Origin',(0.,5.,-5.));
#1650=CARTESIAN_POINT('',(-3.,-3.67394039744206E-16,-5.));
#1651=CARTESIAN_POINT('Origin',(0.,0.,-5.));
#1652=CARTESIAN_POINT('',(-2.73553390593274,3.53553390593274,-5.));
#1653=CARTESIAN_POINT('Origin',(-3.53553390593274,3.53553390593274,-5.));
#1654=CARTESIAN_POINT('',(-2.73553390593274,-3.53553390593274,-5.));
#1655=CARTESIAN_POINT('Origin',(-3.53553390593274,-3.53553390593274,-5.));
#1656=CARTESIAN_POINT('',(4.33553390593274,-3.53553390593274,-5.));
#1657=CARTESIAN_POINT('Origin',(3.53553390593274,-3.53553390593274,-5.));
#1658=CARTESIAN_POINT('Origin',(5.,-7.92768641756291E-16,-3.));
#1659=CARTESIAN_POINT('',(5.75,-8.84617151692342E-16,-4.));
#1660=CARTESIAN_POINT('Origin',(5.,-7.92768641756291E-16,-4.));
#1661=CARTESIAN_POINT('',(5.75,-8.84617151692342E-16,-3.));
#1662=CARTESIAN_POINT('Origin',(3.53553390593274,3.53553390593274,-4.55));
#1663=CARTESIAN_POINT('',(4.28553390593274,3.53553390593274,-4.1));
#1664=CARTESIAN_POINT('',(4.31053390593274,3.53553390593274,-4.55));
#1665=CARTESIAN_POINT('Origin',(3.53553390593274,3.53553390593274,-4.1));
#1666=CARTESIAN_POINT('Origin',(3.53553390593274,3.53553390593274,-3.));
#1667=CARTESIAN_POINT('',(4.28553390593274,3.53553390593274,-4.));
#1668=CARTESIAN_POINT('Origin',(3.53553390593274,3.53553390593274,-4.));
#1669=CARTESIAN_POINT('',(4.28553390593274,3.53553390593274,-3.));
#1670=CARTESIAN_POINT('Origin',(3.53553390593274,-3.53553390593274,-4.55));
#1671=CARTESIAN_POINT('',(4.28553390593274,-3.53553390593274,-4.1));
#1672=CARTESIAN_POINT('',(4.31053390593274,-3.53553390593274,-4.55));
#1673=CARTESIAN_POINT('Origin',(3.53553390593274,-3.53553390593274,-4.1));
#1674=CARTESIAN_POINT('Origin',(3.53553390593274,-3.53553390593274,-3.));
#1675=CARTESIAN_POINT('',(4.28553390593274,-3.53553390593274,-4.));
#1676=CARTESIAN_POINT('Origin',(3.53553390593274,-3.53553390593274,-4.));
#1677=CARTESIAN_POINT('',(4.28553390593274,-3.53553390593274,-3.));
#1678=CARTESIAN_POINT('Origin',(-8.57252759403147E-16,-5.,-4.55));
#1679=CARTESIAN_POINT('',(0.749999999999999,-5.,-4.1));
#1680=CARTESIAN_POINT('',(0.774999999999999,-5.,-4.55));
#1681=CARTESIAN_POINT('Origin',(-8.57252759403147E-16,-5.,-4.1));
#1682=CARTESIAN_POINT('Origin',(-8.57252759403147E-16,-5.,-3.));
#1683=CARTESIAN_POINT('',(0.749999999999999,-5.,-4.));
#1684=CARTESIAN_POINT('Origin',(-8.57252759403147E-16,-5.,-4.));
#1685=CARTESIAN_POINT('',(0.749999999999999,-5.,-3.));
#1686=CARTESIAN_POINT('Origin',(-3.53553390593274,-3.53553390593274,-4.55));
#1687=CARTESIAN_POINT('',(-2.78553390593274,-3.53553390593274,-4.1));
#1688=CARTESIAN_POINT('',(-2.76053390593274,-3.53553390593274,-4.55));
#1689=CARTESIAN_POINT('Origin',(-3.53553390593274,-3.53553390593274,-4.1));
#1690=CARTESIAN_POINT('Origin',(-3.53553390593274,-3.53553390593274,-3.));
#1691=CARTESIAN_POINT('',(-2.78553390593274,-3.53553390593274,-4.));
#1692=CARTESIAN_POINT('Origin',(-3.53553390593274,-3.53553390593274,-4.));
#1693=CARTESIAN_POINT('',(-2.78553390593274,-3.53553390593274,-3.));
#1694=CARTESIAN_POINT('Origin',(-5.,3.52148852388402E-16,-4.55));
#1695=CARTESIAN_POINT('',(-4.25,4.43997362324453E-16,-4.1));
#1696=CARTESIAN_POINT('',(-4.225,2.57238725454482E-16,-4.55));
#1697=CARTESIAN_POINT('Origin',(-5.,3.52148852388402E-16,-4.1));
#1698=CARTESIAN_POINT('Origin',(-5.,3.52148852388402E-16,-3.));
#1699=CARTESIAN_POINT('',(-4.25,2.60300342452351E-16,-4.));
#1700=CARTESIAN_POINT('Origin',(-5.,3.52148852388402E-16,-4.));
#1701=CARTESIAN_POINT('',(-4.25,2.60300342452351E-16,-3.));
#1702=CARTESIAN_POINT('Origin',(-3.53553390593274,3.53553390593274,-4.55));
#1703=CARTESIAN_POINT('',(-2.78553390593274,3.53553390593274,-4.1));
#1704=CARTESIAN_POINT('',(-2.76053390593274,3.53553390593274,-4.55));
#1705=CARTESIAN_POINT('Origin',(-3.53553390593274,3.53553390593274,-4.1));
#1706=CARTESIAN_POINT('Origin',(-3.53553390593274,3.53553390593274,-3.));
#1707=CARTESIAN_POINT('',(-2.78553390593274,3.53553390593274,-4.));
#1708=CARTESIAN_POINT('Origin',(-3.53553390593274,3.53553390593274,-4.));
#1709=CARTESIAN_POINT('',(-2.78553390593274,3.53553390593274,-3.));
#1710=CARTESIAN_POINT('Origin',(0.,5.,-4.55));
#1711=CARTESIAN_POINT('',(0.75,5.,-4.1));
#1712=CARTESIAN_POINT('',(0.775,5.,-4.55));
#1713=CARTESIAN_POINT('Origin',(0.,5.,-4.1));
#1714=CARTESIAN_POINT('Origin',(0.,5.,-3.));
#1715=CARTESIAN_POINT('',(0.75,5.,-4.));
#1716=CARTESIAN_POINT('Origin',(0.,5.,-4.));
#1717=CARTESIAN_POINT('',(0.75,5.,-3.));
#1718=CARTESIAN_POINT('Origin',(1.05263926485293E-15,0.,-6.43659914164487));
#1719=CARTESIAN_POINT('',(-1.14561894974775,1.40297857985113E-16,-8.29998317008952));
#1720=CARTESIAN_POINT('Origin',(2.10527852970586E-15,0.,-8.29998317008952));
#1721=CARTESIAN_POINT('',(-0.7,-8.57252759403147E-17,-4.57321511320023));
#1722=CARTESIAN_POINT('',(-0.922809474873873,1.13011566962714E-16,-6.43659914164487));
#1723=CARTESIAN_POINT('Origin',(0.,0.,-4.57321511320023));
#1724=CARTESIAN_POINT('Origin',(0.,0.,-11.5));
#1725=CARTESIAN_POINT('',(-0.7,2.25137170954729E-16,-1.62650060048048));
#1726=CARTESIAN_POINT('',(-0.7,-8.57252759403147E-17,-11.5));
#1727=CARTESIAN_POINT('Ctrl Pts',(-0.7,2.25137170954729E-16,-1.62650060048048));
#1728=CARTESIAN_POINT('Ctrl Pts',(-0.7,0.209439510239318,-1.62650060048048));
#1729=CARTESIAN_POINT('Ctrl Pts',(-0.500100779423054,0.626199437773012,
-1.62650060048048));
#1730=CARTESIAN_POINT('Ctrl Pts',(0.178369044897184,0.781250651839523,-1.62650060048048));
#1731=CARTESIAN_POINT('Ctrl Pts',(0.722191686064816,0.347622807939088,-1.62650060048048));
#1732=CARTESIAN_POINT('Ctrl Pts',(0.721708705276605,-0.347438157341534,
-1.62650060048048));
#1733=CARTESIAN_POINT('Ctrl Pts',(0.178520634264081,-0.78170305713204,-1.62650060048048));
#1734=CARTESIAN_POINT('Ctrl Pts',(-0.499817984288843,-0.62601716212896,
-1.62650060048048));
#1735=CARTESIAN_POINT('Ctrl Pts',(-0.7,-0.209439510239318,-1.62650060048048));
#1736=CARTESIAN_POINT('Ctrl Pts',(-0.7,-8.57252759403147E-17,-1.62650060048048));
#1737=CARTESIAN_POINT('Origin',(3.06563046937997E-15,0.,-10.));
#1738=CARTESIAN_POINT('',(-1.85793096342514,-2.27530920739536E-16,-10.8663674365684));
#1739=CARTESIAN_POINT('Origin',(3.06563046937997E-15,0.,-10.));
#1740=CARTESIAN_POINT('',(-0.897880805007717,1.62656617857389,-10.8663674386837));
#1741=CARTESIAN_POINT('Origin',(0.,0.,-10.8663674365684));
#1742=CARTESIAN_POINT('',(-0.803921568627451,1.68011582550501,-10.8563999792055));
#1743=CARTESIAN_POINT('Ctrl Pts',(-0.803921568627451,1.68011582550501,-10.8563999792055));
#1744=CARTESIAN_POINT('Ctrl Pts',(-0.834564534313715,1.66203789748893,-10.8631006705292));
#1745=CARTESIAN_POINT('Ctrl Pts',(-0.866067373141817,1.6441275087293,-10.8663674365684));
#1746=CARTESIAN_POINT('Ctrl Pts',(-0.897880805879952,1.6265661755017,-10.8663674365684));
#1747=CARTESIAN_POINT('',(-0.803921568627451,1.44984753072888,-8.79411764705882));
#1748=CARTESIAN_POINT('Origin',(-0.803921568627451,0.,-10.));
#1749=CARTESIAN_POINT('',(0.803921568627452,1.44984753072889,-8.79411764705882));
#1750=CARTESIAN_POINT('Origin',(3.06563046937997E-15,0.,-8.79411764705882));
#1751=CARTESIAN_POINT('',(0.803921568627452,1.68011582550502,-10.8563999792055));
#1752=CARTESIAN_POINT('Origin',(0.803921568627452,0.,-10.));
#1753=CARTESIAN_POINT('',(0.897880805450629,1.62656617701386,-10.8663674376096));
#1754=CARTESIAN_POINT('Ctrl Pts',(0.897880805879951,1.6265661755017,-10.8663674365684));
#1755=CARTESIAN_POINT('Ctrl Pts',(0.86603613539068,1.64414475228052,-10.8663674365684));
#1756=CARTESIAN_POINT('Ctrl Pts',(0.8345316901165,1.66205727404142,-10.863093488495));
#1757=CARTESIAN_POINT('Ctrl Pts',(0.803921568627452,1.68011582550502,-10.8563999792055));
#1758=CARTESIAN_POINT('',(0.897880805007717,-1.62656617857389,-10.8663674386837));
#1759=CARTESIAN_POINT('Origin',(0.,0.,-10.8663674365684));
#1760=CARTESIAN_POINT('',(0.803921568627452,-1.68011582550502,-10.8563999792055));
#1761=CARTESIAN_POINT('Ctrl Pts',(0.803921568627452,-1.68011582550501,-10.8563999792055));
#1762=CARTESIAN_POINT('Ctrl Pts',(0.834564531022541,-1.66203789943057,-10.8631006698095));
#1763=CARTESIAN_POINT('Ctrl Pts',(0.866067370048782,-1.64412751043669,-10.8663674365684));
#1764=CARTESIAN_POINT('Ctrl Pts',(0.897880805879951,-1.6265661755017,-10.8663674365684));
#1765=CARTESIAN_POINT('',(0.803921568627452,-1.44984753072889,-8.79411764705882));
#1766=CARTESIAN_POINT('Origin',(0.803921568627452,0.,-10.));
#1767=CARTESIAN_POINT('',(-0.803921568627451,-1.44984753072888,-8.79411764705882));
#1768=CARTESIAN_POINT('Origin',(3.06563046937997E-15,0.,-8.79411764705882));
#1769=CARTESIAN_POINT('',(-0.803921568627451,-1.68011582550501,-10.8563999792055));
#1770=CARTESIAN_POINT('Origin',(-0.803921568627451,0.,-10.));
#1771=CARTESIAN_POINT('',(-0.897880805366527,-1.62656617731009,-10.8663674378135));
#1772=CARTESIAN_POINT('Ctrl Pts',(-0.897880805879951,-1.6265661755017,-10.8663674365684));
#1773=CARTESIAN_POINT('Ctrl Pts',(-0.866036134802929,-1.64414475260496,
-10.8663674365684));
#1774=CARTESIAN_POINT('Ctrl Pts',(-0.834531689505527,-1.66205727440186,
-10.8630934883614));
#1775=CARTESIAN_POINT('Ctrl Pts',(-0.803921568627451,-1.68011582550501,
-10.8563999792055));
#1776=CARTESIAN_POINT('Origin',(0.,0.,-10.8663674365684));
#1777=CARTESIAN_POINT('Ctrl Pts',(-1.05882167318974,3.40543022924988E-16,
1.6967311703342));
#1778=CARTESIAN_POINT('Ctrl Pts',(-1.05882167318974,0.316798703805196,1.6967311703342));
#1779=CARTESIAN_POINT('Ctrl Pts',(-0.756453634331729,0.947190766361857,
1.6967311703342));
#1780=CARTESIAN_POINT('Ctrl Pts',(0.269801443661855,1.18172160337329,1.6967311703342));
#1781=CARTESIAN_POINT('Ctrl Pts',(1.09238887057553,0.525815090201397,1.6967311703342));
#1782=CARTESIAN_POINT('Ctrl Pts',(1.09165831268083,-0.525535787266174,1.6967311703342));
#1783=CARTESIAN_POINT('Ctrl Pts',(0.270030738100562,-1.18240591270012,1.6967311703342));
#1784=CARTESIAN_POINT('Ctrl Pts',(-0.756025877735763,-0.946915055786976,
1.6967311703342));
#1785=CARTESIAN_POINT('Ctrl Pts',(-1.05882167318974,-0.316798703805195,
1.6967311703342));
#1786=CARTESIAN_POINT('Ctrl Pts',(-1.05882167318974,-1.29668257293966E-16,
1.6967311703342));
#1787=CARTESIAN_POINT('Ctrl Pts',(-0.939214448793162,3.02074405601568E-16,
0.588987246729309));
#1788=CARTESIAN_POINT('Ctrl Pts',(-0.939214448793162,0.281012305949903,
0.588987246729309));
#1789=CARTESIAN_POINT('Ctrl Pts',(-0.671002682695503,0.840193656832243,
0.588987246729309));
#1790=CARTESIAN_POINT('Ctrl Pts',(0.239323977406964,1.04823128619536,0.588987246729308));
#1791=CARTESIAN_POINT('Ctrl Pts',(0.968989809071959,0.466417662780629,0.588987246729308));
#1792=CARTESIAN_POINT('Ctrl Pts',(0.968341776879418,-0.466169910624629,
0.588987246729308));
#1793=CARTESIAN_POINT('Ctrl Pts',(0.239527370155069,-1.04883829417742,0.588987246729308));
#1794=CARTESIAN_POINT('Ctrl Pts',(-0.67062324658679,-0.839949091234306,
0.588987246729309));
#1795=CARTESIAN_POINT('Ctrl Pts',(-0.939214448793162,-0.281012305949903,
0.588987246729309));
#1796=CARTESIAN_POINT('Ctrl Pts',(-0.939214448793162,-1.15020596842749E-16,
0.588987246729309));
#1797=CARTESIAN_POINT('Ctrl Pts',(-0.819607224396581,2.63605788278149E-16,
-0.518756676875586));
#1798=CARTESIAN_POINT('Ctrl Pts',(-0.819607224396581,0.245225908094611,
-0.518756676875586));
#1799=CARTESIAN_POINT('Ctrl Pts',(-0.585551731059279,0.733196547302627,
-0.518756676875585));
#1800=CARTESIAN_POINT('Ctrl Pts',(0.208846511152074,0.914740969017443,-0.518756676875586));
#1801=CARTESIAN_POINT('Ctrl Pts',(0.845590747568386,0.407020235359858,-0.518756676875586));
#1802=CARTESIAN_POINT('Ctrl Pts',(0.845025241078012,-0.406804033983081,
-0.518756676875586));
#1803=CARTESIAN_POINT('Ctrl Pts',(0.209024002209574,-0.915270675654732,
-0.518756676875586));
#1804=CARTESIAN_POINT('Ctrl Pts',(-0.585220615437816,-0.732983126681632,
-0.518756676875586));
#1805=CARTESIAN_POINT('Ctrl Pts',(-0.819607224396581,-0.245225908094611,
-0.518756676875586));
#1806=CARTESIAN_POINT('Ctrl Pts',(-0.819607224396581,-1.00372936391532E-16,
-0.518756676875586));
#1807=CARTESIAN_POINT('Ctrl Pts',(-0.7,2.25137170954729E-16,-1.62650060048048));
#1808=CARTESIAN_POINT('Ctrl Pts',(-0.7,0.209439510239318,-1.62650060048048));
#1809=CARTESIAN_POINT('Ctrl Pts',(-0.500100779423054,0.626199437773012,
-1.62650060048048));
#1810=CARTESIAN_POINT('Ctrl Pts',(0.178369044897184,0.781250651839523,-1.62650060048048));
#1811=CARTESIAN_POINT('Ctrl Pts',(0.722191686064816,0.347622807939088,-1.62650060048048));
#1812=CARTESIAN_POINT('Ctrl Pts',(0.721708705276605,-0.347438157341534,
-1.62650060048048));
#1813=CARTESIAN_POINT('Ctrl Pts',(0.178520634264081,-0.78170305713204,-1.62650060048048));
#1814=CARTESIAN_POINT('Ctrl Pts',(-0.499817984288843,-0.62601716212896,
-1.62650060048048));
#1815=CARTESIAN_POINT('Ctrl Pts',(-0.7,-0.209439510239318,-1.62650060048048));
#1816=CARTESIAN_POINT('Ctrl Pts',(-0.7,-8.57252759403147E-17,-1.62650060048048));
#1817=CARTESIAN_POINT('',(-1.05882167318974,-1.29668257293966E-16,1.6967311703342));
#1818=CARTESIAN_POINT('',(-1.05882167318974,3.40543022924988E-16,1.6967311703342));
#1819=CARTESIAN_POINT('Ctrl Pts',(-1.05882167318974,-1.29668257293966E-16,
1.6967311703342));
#1820=CARTESIAN_POINT('Ctrl Pts',(-1.05882167318974,-0.316798703805195,
1.6967311703342));
#1821=CARTESIAN_POINT('Ctrl Pts',(-0.756025877735763,-0.946915055786976,
1.6967311703342));
#1822=CARTESIAN_POINT('Ctrl Pts',(0.270030738100562,-1.18240591270012,1.6967311703342));
#1823=CARTESIAN_POINT('Ctrl Pts',(1.09165831268083,-0.525535787266174,1.6967311703342));
#1824=CARTESIAN_POINT('Ctrl Pts',(1.09238887057553,0.525815090201397,1.6967311703342));
#1825=CARTESIAN_POINT('Ctrl Pts',(0.269801443661855,1.18172160337329,1.6967311703342));
#1826=CARTESIAN_POINT('Ctrl Pts',(-0.756453634331729,0.947190766361857,
1.6967311703342));
#1827=CARTESIAN_POINT('Ctrl Pts',(-1.05882167318974,0.316798703805196,1.6967311703342));
#1828=CARTESIAN_POINT('Ctrl Pts',(-1.05882167318974,3.40543022924988E-16,
1.6967311703342));
#1829=CARTESIAN_POINT('Origin',(0.,0.,0.));
#1830=CARTESIAN_POINT('',(-1.5,-1.83697019872103E-16,-1.3228756555323));
#1831=CARTESIAN_POINT('Origin',(0.,0.,0.));
#1832=CARTESIAN_POINT('Origin',(0.,0.,-1.3228756555323));
#1833=CARTESIAN_POINT('Origin',(-5.,3.52148852388402E-16,-3.5));
#1834=CARTESIAN_POINT('',(-4.2,4.5012059632019E-16,-3.));
#1835=CARTESIAN_POINT('Origin',(-5.,3.52148852388402E-16,-3.));
#1836=CARTESIAN_POINT('',(-4.225,4.47058979322322E-16,-3.5));
#1837=CARTESIAN_POINT('Origin',(1.5,0.,-3.));
#1838=CARTESIAN_POINT('',(-6.75,-8.26636589424464E-16,-3.));
#1839=CARTESIAN_POINT('Origin',(0.,0.,-3.));
#1840=CARTESIAN_POINT('',(-2.73553390593274,3.53553390593274,-3.));
#1841=CARTESIAN_POINT('Origin',(-3.53553390593274,3.53553390593274,-3.));
#1842=CARTESIAN_POINT('',(4.33553390593274,3.53553390593274,-3.));
#1843=CARTESIAN_POINT('Origin',(3.53553390593274,3.53553390593274,-3.));
#1844=CARTESIAN_POINT('',(4.33553390593274,-3.53553390593274,-3.));
#1845=CARTESIAN_POINT('Origin',(3.53553390593274,-3.53553390593274,-3.));
#1846=CARTESIAN_POINT('',(-2.73553390593274,-3.53553390593274,-3.));
#1847=CARTESIAN_POINT('Origin',(-3.53553390593274,-3.53553390593274,-3.));
#1848=CARTESIAN_POINT('',(-2.,-2.44929359829471E-16,-3.));
#1849=CARTESIAN_POINT('Origin',(0.,0.,-3.));
#1850=CARTESIAN_POINT('',(0.799999999999999,-5.,-3.));
#1851=CARTESIAN_POINT('Origin',(-8.57252759403147E-16,-5.,-3.));
#1852=CARTESIAN_POINT('',(5.8,-6.94796897824502E-16,-3.));
#1853=CARTESIAN_POINT('Origin',(5.,-7.92768641756291E-16,-3.));
#1854=CARTESIAN_POINT('',(0.8,5.,-3.));
#1855=CARTESIAN_POINT('Origin',(0.,5.,-3.));
#1856=CARTESIAN_POINT('Origin',(-3.53553390593274,3.53553390593274,-3.5));
#1857=CARTESIAN_POINT('',(-2.76053390593274,3.53553390593274,-3.5));
#1858=CARTESIAN_POINT('Origin',(0.,5.,-3.5));
#1859=CARTESIAN_POINT('',(0.775,5.,-3.5));
#1860=CARTESIAN_POINT('Origin',(3.53553390593274,3.53553390593274,-3.5));
#1861=CARTESIAN_POINT('',(4.31053390593274,3.53553390593274,-3.5));
#1862=CARTESIAN_POINT('Origin',(5.,-7.92768641756291E-16,-3.5));
#1863=CARTESIAN_POINT('',(5.775,-6.97858514822371E-16,-3.5));
#1864=CARTESIAN_POINT('Origin',(3.53553390593274,-3.53553390593274,-3.5));
#1865=CARTESIAN_POINT('',(4.31053390593274,-3.53553390593274,-3.5));
#1866=CARTESIAN_POINT('Origin',(-8.57252759403147E-16,-5.,-3.5));
#1867=CARTESIAN_POINT('',(0.774999999999999,-5.,-3.5));
#1868=CARTESIAN_POINT('Origin',(-3.53553390593274,-3.53553390593274,-3.5));
#1869=CARTESIAN_POINT('',(-2.76053390593274,-3.53553390593274,-3.5));
#1870=CARTESIAN_POINT('Origin',(0.,0.,-5.5));
#1871=CARTESIAN_POINT('',(-2.5,-3.06161699786838E-16,-5.5));
#1872=CARTESIAN_POINT('Origin',(0.,0.,-5.5));
#1873=CARTESIAN_POINT('Origin',(-3.,-3.67394039744206E-16,-5.5));
#1874=CARTESIAN_POINT('Origin',(0.,0.,-6.27525512860841));
#1875=CARTESIAN_POINT('',(-2.5,-3.06161699786838E-16,-7.55051025721682));
#1876=CARTESIAN_POINT('',(-2.5,-3.06161699786838E-16,-6.27525512860841));
#1877=CARTESIAN_POINT('Origin',(0.,0.,-7.55051025721682));
#1878=CARTESIAN_POINT('Origin',(0.,0.,-2.5));
#1879=CARTESIAN_POINT('',(-1.5,-1.83697019872103E-16,-2.5));
#1880=CARTESIAN_POINT('Origin',(-2.,-2.44929359829471E-16,-2.5));
#1881=CARTESIAN_POINT('Origin',(0.,0.,-2.5));
#1882=CARTESIAN_POINT('Origin',(0.,0.,-2.16143782776615));
#1883=CARTESIAN_POINT('',(-1.5,-1.83697019872103E-16,-2.16143782776615));
#1884=CARTESIAN_POINT('Origin',(0.,0.,-3.25));
#1885=CARTESIAN_POINT('',(-7.,-8.57252759403147E-16,-3.25));
#1886=CARTESIAN_POINT('Origin',(-6.75,-8.26636589424464E-16,-3.25));
#1887=CARTESIAN_POINT('Origin',(0.,0.,-3.25));
#1888=CARTESIAN_POINT('Origin',(0.,0.,-4.));
#1889=CARTESIAN_POINT('',(-7.,-8.57252759403147E-16,-4.75));
#1890=CARTESIAN_POINT('',(-7.,-8.57252759403147E-16,-4.));
#1891=CARTESIAN_POINT('Origin',(0.,0.,-4.75));
#1892=CARTESIAN_POINT('Origin',(0.,0.,-4.75));
#1893=CARTESIAN_POINT('Origin',(-6.75,-8.26636589424464E-16,-4.75));
#1894=CARTESIAN_POINT('Origin',(3.06563046937997E-15,0.,-8.5));
#1895=CARTESIAN_POINT('',(-1.16666666666667,2.79756838859909,-8.25));
#1896=CARTESIAN_POINT('',(-0.5,2.64255414625983,-8.99158162250564));
#1897=CARTESIAN_POINT('Ctrl Pts',(-1.16666666666667,2.79756838859909,-8.25));
#1898=CARTESIAN_POINT('Ctrl Pts',(-1.16570178275709,2.79852519352255,-8.25088630246481));
#1899=CARTESIAN_POINT('Ctrl Pts',(-1.16473555288812,2.79947893336117,-8.25177445025953));
#1900=CARTESIAN_POINT('Ctrl Pts',(-1.12404709628995,2.8394564293321,-8.289200450623));
#1901=CARTESIAN_POINT('Ctrl Pts',(-1.08203631341063,2.87332812088991,-8.32886611489762));
#1902=CARTESIAN_POINT('Ctrl Pts',(-0.996386959247315,2.92752445603218,-8.41186421964827));
#1903=CARTESIAN_POINT('Ctrl Pts',(-0.952755151207493,2.94829842350226,-8.45512459969028));
#1904=CARTESIAN_POINT('Ctrl Pts',(-0.839589556092033,2.9830155177796,-8.57022816503648));
#1905=CARTESIAN_POINT('Ctrl Pts',(-0.774093475462248,2.98499023433067,-8.6395953748816));
#1906=CARTESIAN_POINT('Ctrl Pts',(-0.668826151929505,2.95684033125863,-8.75633960224845));
#1907=CARTESIAN_POINT('Ctrl Pts',(-0.627331449112004,2.93256866323265,-8.80457205431));
#1908=CARTESIAN_POINT('Ctrl Pts',(-0.566226194375991,2.87093717451254,-8.88022417636595));
#1909=CARTESIAN_POINT('Ctrl Pts',(-0.543193266558841,2.83603834602656,-8.9108233073659));
#1910=CARTESIAN_POINT('Ctrl Pts',(-0.512089686676362,2.75645809461398,-8.95806518102151));
#1911=CARTESIAN_POINT('Ctrl Pts',(-0.503296373585774,2.71469196908684,-8.97493883497681));
#1912=CARTESIAN_POINT('Ctrl Pts',(-0.500251273295347,2.66084396797369,-8.98797701066648));
#1913=CARTESIAN_POINT('Ctrl Pts',(-0.500000000129391,2.65171280503764,-8.98990908231723));
#1914=CARTESIAN_POINT('Ctrl Pts',(-0.5,2.64255414625983,-8.99158162250564));
#1915=CARTESIAN_POINT('',(1.16666666666692,2.79756838859899,-8.25));
#1916=CARTESIAN_POINT('Origin',(3.06563046937997E-15,0.,-8.25));
#1917=CARTESIAN_POINT('',(0.5,2.64255414625984,-8.99158162250564));
#1918=CARTESIAN_POINT('Ctrl Pts',(0.5,2.64255414625984,-8.99158162250564));
#1919=CARTESIAN_POINT('Ctrl Pts',(0.500000000129391,2.65171280503764,-8.98990908231723));
#1920=CARTESIAN_POINT('Ctrl Pts',(0.500251273295346,2.66084396797369,-8.98797701066648));
#1921=CARTESIAN_POINT('Ctrl Pts',(0.503296373585774,2.71469196908684,-8.97493883497681));
#1922=CARTESIAN_POINT('Ctrl Pts',(0.512089686676362,2.75645809461399,-8.95806518102151));
#1923=CARTESIAN_POINT('Ctrl Pts',(0.543193266558841,2.83603834602656,-8.9108233073659));
#1924=CARTESIAN_POINT('Ctrl Pts',(0.56622619437599,2.87093717451254,-8.88022417636595));
#1925=CARTESIAN_POINT('Ctrl Pts',(0.627331449112012,2.93256866323266,-8.80457205430999));
#1926=CARTESIAN_POINT('Ctrl Pts',(0.668826151929518,2.95684033125864,-8.75633960224844));
#1927=CARTESIAN_POINT('Ctrl Pts',(0.774093475462221,2.98499023433066,-8.63959537488163));
#1928=CARTESIAN_POINT('Ctrl Pts',(0.839589556092002,2.98301551777961,-8.57022816503651));
#1929=CARTESIAN_POINT('Ctrl Pts',(0.952755151207485,2.94829842350226,-8.45512459969029));
#1930=CARTESIAN_POINT('Ctrl Pts',(0.9963869592473,2.92752445603219,-8.41186421964828));
#1931=CARTESIAN_POINT('Ctrl Pts',(1.08203631341221,2.87332812088892,-8.32886611489609));
#1932=CARTESIAN_POINT('Ctrl Pts',(1.12404709630037,2.83945642932372,-8.28920045061643));
#1933=CARTESIAN_POINT('Ctrl Pts',(1.16473555288731,2.79947893336177,-8.25177445025995));
#1934=CARTESIAN_POINT('Ctrl Pts',(1.16570178275757,2.79852519352207,-8.25088630246437));
#1935=CARTESIAN_POINT('Ctrl Pts',(1.16666666666667,2.79756838859909,-8.25));
#1936=CARTESIAN_POINT('',(0.5,2.5495097567964,-9.));
#1937=CARTESIAN_POINT('Ctrl Pts',(0.5,2.5495097567964,-9.));
#1938=CARTESIAN_POINT('Ctrl Pts',(0.5,2.57896809952927,-9.));
#1939=CARTESIAN_POINT('Ctrl Pts',(0.5,2.61096291332502,-8.99735076489053));
#1940=CARTESIAN_POINT('Ctrl Pts',(0.5,2.64255414625983,-8.99158162250564));
#1941=CARTESIAN_POINT('',(-0.5,2.5495097567964,-9.));
#1942=CARTESIAN_POINT('Origin',(3.06563046937997E-15,0.,-9.));
#1943=CARTESIAN_POINT('Ctrl Pts',(-0.5,2.64255414625983,-8.99158162250564));
#1944=CARTESIAN_POINT('Ctrl Pts',(-0.5,2.61096291332502,-8.99735076489053));
#1945=CARTESIAN_POINT('Ctrl Pts',(-0.5,2.57896809952926,-9.));
#1946=CARTESIAN_POINT('Ctrl Pts',(-0.5,2.5495097567964,-9.));
#1947=CARTESIAN_POINT('Origin',(0.,0.,-9.));
#1948=CARTESIAN_POINT('',(0.5,2.1219095173923,-9.));
#1949=CARTESIAN_POINT('',(0.5,-4.,-9.));
#1950=CARTESIAN_POINT('',(0.512703508665651,1.99740711739684,-9.));
#1951=CARTESIAN_POINT('Ctrl Pts',(0.5,2.1219095173923,-9.));
#1952=CARTESIAN_POINT('Ctrl Pts',(0.5,2.0826450502515,-9.));
#1953=CARTESIAN_POINT('Ctrl Pts',(0.504082700237651,2.03935632220108,-9.));
#1954=CARTESIAN_POINT('Ctrl Pts',(0.512703517041772,1.99740711911818,-9.));
#1955=CARTESIAN_POINT('',(-0.51270350866565,1.99740711739684,-9.));
#1956=CARTESIAN_POINT('Origin',(3.06563046937997E-15,0.,-9.));
#1957=CARTESIAN_POINT('',(-0.5,2.1219095173923,-9.));
#1958=CARTESIAN_POINT('Ctrl Pts',(-0.512703517041772,1.99740711911818,-9.));
#1959=CARTESIAN_POINT('Ctrl Pts',(-0.504082700237651,2.03935632220108,-9.));
#1960=CARTESIAN_POINT('Ctrl Pts',(-0.5,2.08264505025149,-9.));
#1961=CARTESIAN_POINT('Ctrl Pts',(-0.5,2.1219095173923,-9.));
#1962=CARTESIAN_POINT('',(-0.5,4.,-9.));
#1963=CARTESIAN_POINT('Origin',(3.06563046937997E-15,0.,-8.5));
#1964=CARTESIAN_POINT('Ctrl Pts',(-0.512703517041849,1.99740711911781,-9.));
#1965=CARTESIAN_POINT('Ctrl Pts',(-0.524446032697159,1.94026761892912,-9.00000000243778));
#1966=CARTESIAN_POINT('Ctrl Pts',(-0.543370444476066,1.88464436779091,-8.99176759706178));
#1967=CARTESIAN_POINT('Ctrl Pts',(-0.618890879770289,1.70879199694631,-8.94777216795547));
#1968=CARTESIAN_POINT('Ctrl Pts',(-0.700409904104518,1.58325670714237,-8.88497278929885));
#1969=CARTESIAN_POINT('Ctrl Pts',(-0.802309959011203,1.45192080686793,-8.79553386491444));
#1970=CARTESIAN_POINT('Ctrl Pts',(-0.803115599030404,1.45088373981587,-8.79482618122161));
#1971=CARTESIAN_POINT('Ctrl Pts',(-0.803921568627451,1.44984753072888,-8.79411764705882));
#1972=CARTESIAN_POINT('Ctrl Pts',(0.803921568627452,1.44984753072889,-8.79411764705882));
#1973=CARTESIAN_POINT('Ctrl Pts',(0.803115599026999,1.45088373982025,-8.79482618122461));
#1974=CARTESIAN_POINT('Ctrl Pts',(0.80230995901475,1.45192080686346,-8.79553386491145));
#1975=CARTESIAN_POINT('Ctrl Pts',(0.70040990744398,1.58325670283524,-8.88497278636419));
#1976=CARTESIAN_POINT('Ctrl Pts',(0.618890881222707,1.7087919935643,-8.94777216710935));
#1977=CARTESIAN_POINT('Ctrl Pts',(0.543370444476072,1.88464436779091,-8.99176759706178));
#1978=CARTESIAN_POINT('Ctrl Pts',(0.52444603269716,1.94026761892912,-9.00000000243778));
#1979=CARTESIAN_POINT('Ctrl Pts',(0.512703517041849,1.99740711911781,-9.));
#1980=CARTESIAN_POINT('Origin',(3.06563046937997E-15,0.,-8.5));
#1981=CARTESIAN_POINT('',(0.512703508665651,-1.99740711739684,-9.));
#1982=CARTESIAN_POINT('Ctrl Pts',(0.512703517041849,-1.99740711911781,-9.));
#1983=CARTESIAN_POINT('Ctrl Pts',(0.524446032697161,-1.94026761892912,-9.00000000243778));
#1984=CARTESIAN_POINT('Ctrl Pts',(0.543370444476072,-1.88464436779091,-8.99176759706178));
#1985=CARTESIAN_POINT('Ctrl Pts',(0.618890881222717,-1.70879199356428,-8.94777216710935));
#1986=CARTESIAN_POINT('Ctrl Pts',(0.700409907444004,-1.58325670283521,-8.88497278636417));
#1987=CARTESIAN_POINT('Ctrl Pts',(0.80230995901475,-1.45192080686346,-8.79553386491145));
#1988=CARTESIAN_POINT('Ctrl Pts',(0.803115599026999,-1.45088373982025,-8.79482618122461));
#1989=CARTESIAN_POINT('Ctrl Pts',(0.803921568627452,-1.44984753072889,-8.79411764705882));
#1990=CARTESIAN_POINT('',(-0.51270350866565,-1.99740711739684,-9.));
#1991=CARTESIAN_POINT('Origin',(3.06563046937997E-15,0.,-9.));
#1992=CARTESIAN_POINT('Ctrl Pts',(-0.803921568627451,-1.44984753072888,
-8.79411764705882));
#1993=CARTESIAN_POINT('Ctrl Pts',(-0.803115599030663,-1.45088373981554,
-8.79482618122139));
#1994=CARTESIAN_POINT('Ctrl Pts',(-0.802309959010937,-1.45192080686826,
-8.79553386491467));
#1995=CARTESIAN_POINT('Ctrl Pts',(-0.700409903826302,-1.5832567075012,-8.88497278954334));
#1996=CARTESIAN_POINT('Ctrl Pts',(-0.618890879649289,-1.70879199722806,
-8.94777216802597));
#1997=CARTESIAN_POINT('Ctrl Pts',(-0.543370444476069,-1.88464436779091,
-8.99176759706178));
#1998=CARTESIAN_POINT('Ctrl Pts',(-0.52444603269716,-1.94026761892912,-9.00000000243778));
#1999=CARTESIAN_POINT('Ctrl Pts',(-0.512703517041849,-1.99740711911781,
-9.));
#2000=CARTESIAN_POINT('Origin',(0.,0.,-9.));
#2001=CARTESIAN_POINT('',(0.5,-2.1219095173923,-9.));
#2002=CARTESIAN_POINT('Ctrl Pts',(0.512703517041772,-1.99740711911818,-9.));
#2003=CARTESIAN_POINT('Ctrl Pts',(0.504082700237651,-2.03935632220108,-9.));
#2004=CARTESIAN_POINT('Ctrl Pts',(0.5,-2.0826450502515,-9.));
#2005=CARTESIAN_POINT('Ctrl Pts',(0.5,-2.1219095173923,-9.));
#2006=CARTESIAN_POINT('',(0.5,-2.5495097567964,-9.));
#2007=CARTESIAN_POINT('',(0.5,-4.,-9.));
#2008=CARTESIAN_POINT('',(-0.5,-2.5495097567964,-9.));
#2009=CARTESIAN_POINT('Origin',(3.06563046937997E-15,0.,-9.));
#2010=CARTESIAN_POINT('',(-0.5,-2.1219095173923,-9.));
#2011=CARTESIAN_POINT('',(-0.5,4.,-9.));
#2012=CARTESIAN_POINT('Ctrl Pts',(-0.5,-2.1219095173923,-9.));
#2013=CARTESIAN_POINT('Ctrl Pts',(-0.5,-2.08264505025149,-9.));
#2014=CARTESIAN_POINT('Ctrl Pts',(-0.504082700237651,-2.03935632220108,
-9.));
#2015=CARTESIAN_POINT('Ctrl Pts',(-0.512703517041772,-1.99740711911818,
-9.));
#2016=CARTESIAN_POINT('Origin',(3.06563046937997E-15,0.,-8.5));
#2017=CARTESIAN_POINT('',(1.16666666666692,-2.79756838859899,-8.25));
#2018=CARTESIAN_POINT('',(0.5,-2.64255414625984,-8.99158162250564));
#2019=CARTESIAN_POINT('Ctrl Pts',(1.16666666666667,-2.79756838859909,-8.25));
#2020=CARTESIAN_POINT('Ctrl Pts',(1.16570178275757,-2.79852519352207,-8.25088630246436));
#2021=CARTESIAN_POINT('Ctrl Pts',(1.1647355528873,-2.79947893336178,-8.25177445025995));
#2022=CARTESIAN_POINT('Ctrl Pts',(1.12404709630078,-2.83945642932338,-8.28920045061616));
#2023=CARTESIAN_POINT('Ctrl Pts',(1.08203631341227,-2.87332812088887,-8.32886611489603));
#2024=CARTESIAN_POINT('Ctrl Pts',(0.9963869592473,-2.92752445603219,-8.41186421964828));
#2025=CARTESIAN_POINT('Ctrl Pts',(0.952755151207485,-2.94829842350226,-8.45512459969029));
#2026=CARTESIAN_POINT('Ctrl Pts',(0.839589556092002,-2.98301551777961,-8.57022816503651));
#2027=CARTESIAN_POINT('Ctrl Pts',(0.774093475462221,-2.98499023433066,-8.63959537488163));
#2028=CARTESIAN_POINT('Ctrl Pts',(0.668826151929528,-2.95684033125864,-8.75633960224843));
#2029=CARTESIAN_POINT('Ctrl Pts',(0.627331449112019,-2.93256866323267,-8.80457205430998));
#2030=CARTESIAN_POINT('Ctrl Pts',(0.566226194375988,-2.87093717451254,-8.88022417636595));
#2031=CARTESIAN_POINT('Ctrl Pts',(0.54319326655884,-2.83603834602656,-8.9108233073659));
#2032=CARTESIAN_POINT('Ctrl Pts',(0.512089686676364,-2.75645809461399,-8.9580651810215));
#2033=CARTESIAN_POINT('Ctrl Pts',(0.503296373585773,-2.71469196908684,-8.97493883497681));
#2034=CARTESIAN_POINT('Ctrl Pts',(0.500251273295346,-2.66084396797369,-8.98797701066648));
#2035=CARTESIAN_POINT('Ctrl Pts',(0.500000000129391,-2.65171280503764,-8.98990908231723));
#2036=CARTESIAN_POINT('Ctrl Pts',(0.5,-2.64255414625984,-8.99158162250564));
#2037=CARTESIAN_POINT('',(-1.16666666666667,-2.79756838859909,-8.25));
#2038=CARTESIAN_POINT('Origin',(3.06563046937997E-15,0.,-8.25));
#2039=CARTESIAN_POINT('',(-0.5,-2.64255414625983,-8.99158162250564));
#2040=CARTESIAN_POINT('Ctrl Pts',(-0.5,-2.64255414625983,-8.99158162250564));
#2041=CARTESIAN_POINT('Ctrl Pts',(-0.500000000129391,-2.65171280503764,
-8.98990908231723));
#2042=CARTESIAN_POINT('Ctrl Pts',(-0.500251273295347,-2.66084396797369,
-8.98797701066648));
#2043=CARTESIAN_POINT('Ctrl Pts',(-0.503296373585774,-2.71469196908684,
-8.97493883497681));
#2044=CARTESIAN_POINT('Ctrl Pts',(-0.512089686676363,-2.75645809461399,
-8.95806518102151));
#2045=CARTESIAN_POINT('Ctrl Pts',(-0.543193266558841,-2.83603834602656,
-8.9108233073659));
#2046=CARTESIAN_POINT('Ctrl Pts',(-0.56622619437599,-2.87093717451253,-8.88022417636595));
#2047=CARTESIAN_POINT('Ctrl Pts',(-0.62733144911201,-2.93256866323266,-8.80457205431));
#2048=CARTESIAN_POINT('Ctrl Pts',(-0.668826151929513,-2.95684033125863,
-8.75633960224845));
#2049=CARTESIAN_POINT('Ctrl Pts',(-0.774093475462245,-2.98499023433067,
-8.63959537488161));
#2050=CARTESIAN_POINT('Ctrl Pts',(-0.839589556092029,-2.9830155177796,-8.57022816503648));
#2051=CARTESIAN_POINT('Ctrl Pts',(-0.952755151207494,-2.94829842350226,
-8.45512459969028));
#2052=CARTESIAN_POINT('Ctrl Pts',(-0.996386959247317,-2.92752445603218,
-8.41186421964827));
#2053=CARTESIAN_POINT('Ctrl Pts',(-1.08203631341113,-2.87332812088959,-8.32886611489714));
#2054=CARTESIAN_POINT('Ctrl Pts',(-1.12404709629317,-2.83945642932951,-8.28920045062097));
#2055=CARTESIAN_POINT('Ctrl Pts',(-1.16473555288786,-2.79947893336137,-8.25177445025967));
#2056=CARTESIAN_POINT('Ctrl Pts',(-1.16570178275727,-2.79852519352237,-8.25088630246464));
#2057=CARTESIAN_POINT('Ctrl Pts',(-1.16666666666667,-2.79756838859909,-8.25));
#2058=CARTESIAN_POINT('Ctrl Pts',(-0.5,-2.5495097567964,-9.));
#2059=CARTESIAN_POINT('Ctrl Pts',(-0.5,-2.57896809952926,-9.));
#2060=CARTESIAN_POINT('Ctrl Pts',(-0.5,-2.61096291332502,-8.99735076489053));
#2061=CARTESIAN_POINT('Ctrl Pts',(-0.5,-2.64255414625983,-8.99158162250564));
#2062=CARTESIAN_POINT('Ctrl Pts',(0.5,-2.64255414625983,-8.99158162250564));
#2063=CARTESIAN_POINT('Ctrl Pts',(0.5,-2.61096291332502,-8.99735076489053));
#2064=CARTESIAN_POINT('Ctrl Pts',(0.5,-2.57896809952927,-9.));
#2065=CARTESIAN_POINT('Ctrl Pts',(0.5,-2.5495097567964,-9.));
#2066=CARTESIAN_POINT('Ctrl Pts',(0.5,1.81156136187544,-10.4132135430501));
#2067=CARTESIAN_POINT('Ctrl Pts',(0.5,1.9897666630993,-10.4859639339973));
#2068=CARTESIAN_POINT('Ctrl Pts',(0.5,2.16712751343899,-10.5607867651183));
#2069=CARTESIAN_POINT('Ctrl Pts',(0.5,2.34406537921946,-10.6366769180267));
#2070=CARTESIAN_POINT('Ctrl Pts',(0.5,1.76856523649949,-10.5185344543788));
#2071=CARTESIAN_POINT('Ctrl Pts',(0.499972195470501,1.94542489349429,-10.5921589252407));
#2072=CARTESIAN_POINT('Ctrl Pts',(0.500020696784267,2.121810156757,-10.6676954820905));
#2073=CARTESIAN_POINT('Ctrl Pts',(0.5,2.29793983772521,-10.7442186023848));
#2074=CARTESIAN_POINT('Ctrl Pts',(0.580719771655259,1.68274164520985,-10.7287631382218));
#2075=CARTESIAN_POINT('Ctrl Pts',(0.582668604211883,1.85694328536904,-10.8040780001561));
#2076=CARTESIAN_POINT('Ctrl Pts',(0.584228810900933,2.03135511519082,-10.8810802326589));
#2077=CARTESIAN_POINT('Ctrl Pts',(0.5856037185452,2.20589342304023,-10.9588247870209));
#2078=CARTESIAN_POINT('Ctrl Pts',(0.786519491350374,1.63534763484905,-10.8448568633907));
#2079=CARTESIAN_POINT('Ctrl Pts',(0.792566509168696,1.80889949182024,-10.9190773940758));
#2080=CARTESIAN_POINT('Ctrl Pts',(0.79748532656894,1.98304011345754,-10.9950527320179));
#2081=CARTESIAN_POINT('Ctrl Pts',(0.801687632033339,2.15735295805784,-11.071996864673));
#2082=CARTESIAN_POINT('Ctrl Pts',(0.897880805879951,1.6265661755017,-10.8663674365684));
#2083=CARTESIAN_POINT('Ctrl Pts',(0.905580248337562,1.80052130744086,-10.9391178275156));
#2084=CARTESIAN_POINT('Ctrl Pts',(0.911788440640751,1.97502490872934,-11.0139406586366));
#2085=CARTESIAN_POINT('Ctrl Pts',(0.91708356169772,2.1497038268269,-11.089830811545));
#2086=CARTESIAN_POINT('',(0.5,2.26675171984802,-10.6036030488376));
#2087=CARTESIAN_POINT('',(0.5,2.34406537921946,-10.6366769180267));
#2088=CARTESIAN_POINT('Ctrl Pts',(0.5,2.26675299749248,-10.6036000541669));
#2089=CARTESIAN_POINT('Ctrl Pts',(0.5,2.29253362507092,-10.614600982148));
#2090=CARTESIAN_POINT('Ctrl Pts',(0.5,2.31830398538184,-10.6256276374849));
#2091=CARTESIAN_POINT('Ctrl Pts',(0.5,2.34406537921946,-10.6366769180267));
#2092=CARTESIAN_POINT('',(0.91708356169761,2.14970382682664,-11.089830811545));
#2093=CARTESIAN_POINT('Origin',(1.,2.34406537921946,-10.6366769180267));
#2094=CARTESIAN_POINT('Ctrl Pts',(0.91708356169772,2.1497038268269,-11.089830811545));
#2095=CARTESIAN_POINT('Ctrl Pts',(0.911788440657379,1.97502490927786,-11.013940658875));
#2096=CARTESIAN_POINT('Ctrl Pts',(0.905580248376552,1.8005213085368,-10.9391178279855));
#2097=CARTESIAN_POINT('Ctrl Pts',(0.897880805952484,1.62656617714045,-10.8663674372538));
#2098=CARTESIAN_POINT('Ctrl Pts',(0.803921568627452,1.68011582550502,-10.8563999792055));
#2099=CARTESIAN_POINT('Ctrl Pts',(0.752351804473146,1.71053959367853,-10.8451232289467));
#2100=CARTESIAN_POINT('Ctrl Pts',(0.707374422974031,1.75076148365724,-10.8298837881146));
#2101=CARTESIAN_POINT('Ctrl Pts',(0.617529825213144,1.85654950436603,-10.7880568348857));
#2102=CARTESIAN_POINT('Ctrl Pts',(0.575076073840179,1.93045969262877,-10.7575910566338));
#2103=CARTESIAN_POINT('Ctrl Pts',(0.515960442231012,2.09293585341896,-10.686203683216));
#2104=CARTESIAN_POINT('Ctrl Pts',(0.500455279052458,2.17864880350237,-10.6465001111698));
#2105=CARTESIAN_POINT('Ctrl Pts',(0.500003292036418,2.26425997701546,-10.60481750393));
#2106=CARTESIAN_POINT('Ctrl Pts',(0.5,2.26550593246245,-10.6042104465956));
#2107=CARTESIAN_POINT('Ctrl Pts',(0.5,2.26675171984802,-10.6036030488376));
#2108=CARTESIAN_POINT('Origin',(1.,0.,-10.));
#2109=CARTESIAN_POINT('Origin',(0.5,0.,-10.));
#2110=CARTESIAN_POINT('Ctrl Pts',(0.5,2.34406537921923,-10.6366769180266));
#2111=CARTESIAN_POINT('Ctrl Pts',(0.5,2.4213147769653,-10.6698098405988));
#2112=CARTESIAN_POINT('Ctrl Pts',(0.5,2.57040157305306,-10.6764138701069));
#2113=CARTESIAN_POINT('Ctrl Pts',(0.5,2.74105508077997,-10.5662115615467));
#2114=CARTESIAN_POINT('Ctrl Pts',(0.5,2.79120527596812,-10.4607745901934));
#2115=CARTESIAN_POINT('Ctrl Pts',(0.5,2.79923539136893,-10.4053162021282));
#2116=CARTESIAN_POINT('Ctrl Pts',(0.5,2.31770792693687,-10.6981293090884));
#2117=CARTESIAN_POINT('Ctrl Pts',(0.499986479320375,2.40817874954375,-10.7420658156932));
#2118=CARTESIAN_POINT('Ctrl Pts',(0.500027755125536,2.58771681460701,-10.7599955515447));
#2119=CARTESIAN_POINT('Ctrl Pts',(0.499985672242953,2.80943453745294,-10.6291059355404));
#2120=CARTESIAN_POINT('Ctrl Pts',(0.500001984847733,2.87828682823558,-10.4915724012143));
#2121=CARTESIAN_POINT('Ctrl Pts',(0.5,2.88927891057673,-10.418354082881));
#2122=CARTESIAN_POINT('Ctrl Pts',(0.52724304822461,2.2650503564371,-10.8209004168591));
#2123=CARTESIAN_POINT('Ctrl Pts',(0.531125921681472,2.3819506187836,-10.88639372622));
#2124=CARTESIAN_POINT('Ctrl Pts',(0.538680461603786,2.62225005429544,-10.9268521049759));
#2125=CARTESIAN_POINT('Ctrl Pts',(0.547725681159758,2.94581606420606,-10.7545699652179));
#2126=CARTESIAN_POINT('Ctrl Pts',(0.550480353970832,3.05190773081655,-10.5529947600718));
#2127=CARTESIAN_POINT('Ctrl Pts',(0.550921069125594,3.06880270628096,-10.4443482894743));
#2128=CARTESIAN_POINT('Ctrl Pts',(0.662308725487798,2.18735615924971,-11.0020444112653));
#2129=CARTESIAN_POINT('Ctrl Pts',(0.68443594696536,2.34522296458274,-11.0946135132661));
#2130=CARTESIAN_POINT('Ctrl Pts',(0.726742812826425,2.67382638533276,-11.1538051479957));
#2131=CARTESIAN_POINT('Ctrl Pts',(0.775422507996253,3.12191452245554,-10.9133029392959));
#2132=CARTESIAN_POINT('Ctrl Pts',(0.789985768952185,3.26972219781278,-10.6297299004572));
#2133=CARTESIAN_POINT('Ctrl Pts',(0.792311315747918,3.2932231260339,-10.4768433174004));
#2134=CARTESIAN_POINT('Ctrl Pts',(0.818172764842719,2.15626022502512,-11.0745445713692));
#2135=CARTESIAN_POINT('Ctrl Pts',(0.858327642372574,2.33433699032314,-11.1693381177335));
#2136=CARTESIAN_POINT('Ctrl Pts',(0.932185436523664,2.69318598822166,-11.2102848139186));
#2137=CARTESIAN_POINT('Ctrl Pts',(1.01163518104165,3.1468531740389,-10.9309131791204));
#2138=CARTESIAN_POINT('Ctrl Pts',(1.03434954003004,3.28817840301367,-10.6362460436899));
#2139=CARTESIAN_POINT('Ctrl Pts',(1.03799793164647,3.31079638286765,-10.4793878428593));
#2140=CARTESIAN_POINT('Ctrl Pts',(0.917083561697942,2.14970382682721,-11.0898308115452));
#2141=CARTESIAN_POINT('Ctrl Pts',(0.965863825965076,2.33489210830895,-11.1781852717379));
#2142=CARTESIAN_POINT('Ctrl Pts',(1.05248999259187,2.697543456343,-11.1957960170926));
#2143=CARTESIAN_POINT('Ctrl Pts',(1.13908575792203,3.12047348527711,-10.9019231942656));
#2144=CARTESIAN_POINT('Ctrl Pts',(1.16285064720138,3.24572421855477,-10.6207579373234));
#2145=CARTESIAN_POINT('Ctrl Pts',(1.16666666666667,3.26577462326375,-10.4728689024829));
#2146=CARTESIAN_POINT('',(0.5,2.79923539136893,-10.4053162021282));
#2147=CARTESIAN_POINT('',(1.16666666666667,3.26577462326375,-10.4728689024829));
#2148=CARTESIAN_POINT('Origin',(1.,2.79923539136893,-10.4053162021282));
#2149=CARTESIAN_POINT('Ctrl Pts',(1.16666666666667,3.26577462326375,-10.4728689024829));
#2150=CARTESIAN_POINT('Ctrl Pts',(1.16285064720138,3.24572421855477,-10.6207579373234));
#2151=CARTESIAN_POINT('Ctrl Pts',(1.13908575792203,3.12047348527711,-10.9019231942656));
#2152=CARTESIAN_POINT('Ctrl Pts',(1.05248999259187,2.697543456343,-11.1957960170926));
#2153=CARTESIAN_POINT('Ctrl Pts',(0.965863825965076,2.33489210830895,-11.1781852717379));
#2154=CARTESIAN_POINT('Ctrl Pts',(0.917083561697942,2.14970382682721,-11.0898308115452));
#2155=CARTESIAN_POINT('Ctrl Pts',(0.5,2.34406537921923,-10.6366769180266));
#2156=CARTESIAN_POINT('Ctrl Pts',(0.5,2.4213147769653,-10.6698098405988));
#2157=CARTESIAN_POINT('Ctrl Pts',(0.5,2.57040157305306,-10.6764138701069));
#2158=CARTESIAN_POINT('Ctrl Pts',(0.5,2.74105508077997,-10.5662115615467));
#2159=CARTESIAN_POINT('Ctrl Pts',(0.5,2.79120527596812,-10.4607745901934));
#2160=CARTESIAN_POINT('Ctrl Pts',(0.5,2.79923539136893,-10.4053162021282));
#2161=CARTESIAN_POINT('Origin',(1.,0.,-10.));
#2162=CARTESIAN_POINT('Origin',(1.16666666666667,0.,-10.));
#2163=CARTESIAN_POINT('Origin',(0.5,0.,-10.));
#2164=CARTESIAN_POINT('Origin',(0.5,-4.,-11.5));
#2165=CARTESIAN_POINT('Origin',(-1.,0.,-10.));
#2166=CARTESIAN_POINT('',(-0.5,2.79923539136893,-10.4053162021282));
#2167=CARTESIAN_POINT('',(-1.16666666666667,3.26577462326375,-10.4728689024829));
#2168=CARTESIAN_POINT('Origin',(-1.,2.79923539136893,-10.4053162021282));
#2169=CARTESIAN_POINT('Origin',(-1.16666666666667,0.,-10.));
#2170=CARTESIAN_POINT('Origin',(-0.5,0.,-10.));
#2171=CARTESIAN_POINT('Ctrl Pts',(-0.5,2.79923539136893,-10.4053162021282));
#2172=CARTESIAN_POINT('Ctrl Pts',(-0.5,2.791205279061,-10.460774568833));
#2173=CARTESIAN_POINT('Ctrl Pts',(-0.5,2.74105116252078,-10.5662157214855));
#2174=CARTESIAN_POINT('Ctrl Pts',(-0.5,2.57039590888838,-10.6764139794934));
#2175=CARTESIAN_POINT('Ctrl Pts',(-0.5,2.42131474721152,-10.6698098278373));
#2176=CARTESIAN_POINT('Ctrl Pts',(-0.5,2.34406537921893,-10.6366769180264));
#2177=CARTESIAN_POINT('Ctrl Pts',(-0.5,2.88927891057673,-10.418354082881));
#2178=CARTESIAN_POINT('Ctrl Pts',(-0.500001984846968,2.8782868324693,-10.4915723730135));
#2179=CARTESIAN_POINT('Ctrl Pts',(-0.499985673182681,2.80942927933728,-10.6291111172063));
#2180=CARTESIAN_POINT('Ctrl Pts',(-0.500027756302842,2.58770978934708,-10.7599952320025));
#2181=CARTESIAN_POINT('Ctrl Pts',(-0.499986479325582,2.40817871469753,-10.7420657987705));
#2182=CARTESIAN_POINT('Ctrl Pts',(-0.5,2.31770792693651,-10.6981293090883));
#2183=CARTESIAN_POINT('Ctrl Pts',(-0.550921069125858,3.06880270628044,-10.4443482894742));
#2184=CARTESIAN_POINT('Ctrl Pts',(-0.550480354140842,3.05190773732331,-10.5529947182254));
#2185=CARTESIAN_POINT('Ctrl Pts',(-0.547725469216788,2.94580813513807,-10.7545771877746));
#2186=CARTESIAN_POINT('Ctrl Pts',(-0.538680169598053,2.62224031198901,-10.9268509334325));
#2187=CARTESIAN_POINT('Ctrl Pts',(-0.531125920186061,2.38195057375773,-10.8863937009943));
#2188=CARTESIAN_POINT('Ctrl Pts',(-0.527243048224732,2.26505035643669,-10.8209004168587));
#2189=CARTESIAN_POINT('Ctrl Pts',(-0.792311315748043,3.29322312603243,-10.4768433174002));
#2190=CARTESIAN_POINT('Ctrl Pts',(-0.78998576984802,3.26972220686294,-10.6297298415711));
#2191=CARTESIAN_POINT('Ctrl Pts',(-0.775421383240566,3.12190349821287,-10.9133130716656));
#2192=CARTESIAN_POINT('Ctrl Pts',(-0.726741206355954,2.67381299358872,-11.1538034163297));
#2193=CARTESIAN_POINT('Ctrl Pts',(-0.684435938442937,2.34522290377807,-11.0946134776115));
#2194=CARTESIAN_POINT('Ctrl Pts',(-0.662308725487922,2.18735615924924,-11.0020444112645));
#2195=CARTESIAN_POINT('Ctrl Pts',(-1.03799793164647,3.31079638286765,-10.4793878428593));
#2196=CARTESIAN_POINT('Ctrl Pts',(-1.03434954143525,3.28817841172522,-10.6362459832743));
#2197=CARTESIAN_POINT('Ctrl Pts',(-1.01163339720345,3.14684235279981,-10.9309242730243));
#2198=CARTESIAN_POINT('Ctrl Pts',(-0.932182702673766,2.69317177343261,-11.2102840591707));
#2199=CARTESIAN_POINT('Ctrl Pts',(-0.858327626906318,2.33433692173415,-11.1693380812226));
#2200=CARTESIAN_POINT('Ctrl Pts',(-0.818172764842561,2.15626022502442,-11.0745445713688));
#2201=CARTESIAN_POINT('Ctrl Pts',(-1.16666666666667,3.26577462326375,-10.4728689024829));
#2202=CARTESIAN_POINT('Ctrl Pts',(-1.16285064867116,3.2457242262774,-10.6207578803624));
#2203=CARTESIAN_POINT('Ctrl Pts',(-1.13908387262885,3.12046371240491,-10.9019342874355));
#2204=CARTESIAN_POINT('Ctrl Pts',(-1.05248688050746,2.69752956557194,-11.1957963087901));
#2205=CARTESIAN_POINT('Ctrl Pts',(-0.965863807176626,2.33489203698087,-11.1781852377071));
#2206=CARTESIAN_POINT('Ctrl Pts',(-0.91708356169775,2.14970382682648,-11.0898308115448));
#2207=CARTESIAN_POINT('',(-0.5,2.34406537921893,-10.6366769180264));
#2208=CARTESIAN_POINT('',(-0.917083561697713,2.1497038268264,-11.0898308115448));
#2209=CARTESIAN_POINT('Origin',(-1.,2.34406537921893,-10.6366769180264));
#2210=CARTESIAN_POINT('Ctrl Pts',(-0.91708356169775,2.14970382682648,-11.0898308115448));
#2211=CARTESIAN_POINT('Ctrl Pts',(-0.965863807176626,2.33489203698087,-11.1781852377071));
#2212=CARTESIAN_POINT('Ctrl Pts',(-1.05248688050746,2.69752956557194,-11.1957963087901));
#2213=CARTESIAN_POINT('Ctrl Pts',(-1.13908387262885,3.12046371240491,-10.9019342874355));
#2214=CARTESIAN_POINT('Ctrl Pts',(-1.16285064867116,3.2457242262774,-10.6207578803624));
#2215=CARTESIAN_POINT('Ctrl Pts',(-1.16666666666667,3.26577462326375,-10.4728689024829));
#2216=CARTESIAN_POINT('Ctrl Pts',(-0.5,2.79923539136893,-10.4053162021282));
#2217=CARTESIAN_POINT('Ctrl Pts',(-0.5,2.791205279061,-10.460774568833));
#2218=CARTESIAN_POINT('Ctrl Pts',(-0.5,2.74105116252078,-10.5662157214855));
#2219=CARTESIAN_POINT('Ctrl Pts',(-0.5,2.57039590888838,-10.6764139794934));
#2220=CARTESIAN_POINT('Ctrl Pts',(-0.5,2.42131474721152,-10.6698098278373));
#2221=CARTESIAN_POINT('Ctrl Pts',(-0.5,2.34406537921893,-10.6366769180264));
#2222=CARTESIAN_POINT('Ctrl Pts',(-0.5,2.34406537921895,-10.6366769180264));
#2223=CARTESIAN_POINT('Ctrl Pts',(-0.5,2.16712751343867,-10.5607867651182));
#2224=CARTESIAN_POINT('Ctrl Pts',(-0.5,1.98976666309909,-10.4859639339972));
#2225=CARTESIAN_POINT('Ctrl Pts',(-0.5,1.81156136187544,-10.4132135430501));
#2226=CARTESIAN_POINT('Ctrl Pts',(-0.5,2.2979398377247,-10.7442186023846));
#2227=CARTESIAN_POINT('Ctrl Pts',(-0.500020696784267,2.12181015675667,-10.6676954820904));
#2228=CARTESIAN_POINT('Ctrl Pts',(-0.499972195470502,1.94542489349407,-10.5921589252406));
#2229=CARTESIAN_POINT('Ctrl Pts',(-0.5,1.76856523649949,-10.5185344543788));
#2230=CARTESIAN_POINT('Ctrl Pts',(-0.585603718545197,2.20589342303972,-10.9588247870206));
#2231=CARTESIAN_POINT('Ctrl Pts',(-0.584228810900931,2.03135511519049,-10.8810802326588));
#2232=CARTESIAN_POINT('Ctrl Pts',(-0.582668604211882,1.85694328536883,-10.804078000156));
#2233=CARTESIAN_POINT('Ctrl Pts',(-0.58071977165526,1.68274164520985,-10.7287631382218));
#2234=CARTESIAN_POINT('Ctrl Pts',(-0.801687632033326,2.15735295805733,-11.0719968646728));
#2235=CARTESIAN_POINT('Ctrl Pts',(-0.79748532656893,1.98304011345722,-10.9950527320177));
#2236=CARTESIAN_POINT('Ctrl Pts',(-0.792566509168689,1.80889949182003,-10.9190773940757));
#2237=CARTESIAN_POINT('Ctrl Pts',(-0.786519491350374,1.63534763484905,-10.8448568633907));
#2238=CARTESIAN_POINT('Ctrl Pts',(-0.917083561697704,2.14970382682639,-11.0898308115448));
#2239=CARTESIAN_POINT('Ctrl Pts',(-0.911788440640739,1.97502490872902,-11.0139406586365));
#2240=CARTESIAN_POINT('Ctrl Pts',(-0.905580248337553,1.80052130744064,-10.9391178275155));
#2241=CARTESIAN_POINT('Ctrl Pts',(-0.897880805879952,1.6265661755017,-10.8663674365684));
#2242=CARTESIAN_POINT('Ctrl Pts',(-0.897880806027313,1.62656617883108,-10.8663674379608));
#2243=CARTESIAN_POINT('Ctrl Pts',(-0.905580248416767,1.80052130966723,-10.9391178284702));
#2244=CARTESIAN_POINT('Ctrl Pts',(-0.911788440674521,1.97502490984343,-11.0139406591207));
#2245=CARTESIAN_POINT('Ctrl Pts',(-0.917083561697704,2.14970382682639,-11.0898308115448));
#2246=CARTESIAN_POINT('',(-0.5,2.26675171984802,-10.6036030488376));
#2247=CARTESIAN_POINT('Ctrl Pts',(-0.5,2.34406537921895,-10.6366769180264));
#2248=CARTESIAN_POINT('Ctrl Pts',(-0.5,2.31830398538149,-10.6256276374848));
#2249=CARTESIAN_POINT('Ctrl Pts',(-0.5,2.29253362507074,-10.6146009821479));
#2250=CARTESIAN_POINT('Ctrl Pts',(-0.5,2.26675299749248,-10.6036000541669));
#2251=CARTESIAN_POINT('Ctrl Pts',(-0.5,2.26675171984802,-10.6036030488376));
#2252=CARTESIAN_POINT('Ctrl Pts',(-0.5,2.2655059279885,-10.6042104487769));
#2253=CARTESIAN_POINT('Ctrl Pts',(-0.50000329206006,2.2642599680672,-10.6048175082898));
#2254=CARTESIAN_POINT('Ctrl Pts',(-0.500455280112499,2.17864890536403,-10.6465000613691));
#2255=CARTESIAN_POINT('Ctrl Pts',(-0.515960403041971,2.09293607552378,-10.6862035804647));
#2256=CARTESIAN_POINT('Ctrl Pts',(-0.575075946542206,1.93045992851812,-10.7575909581369));
#2257=CARTESIAN_POINT('Ctrl Pts',(-0.617529715127118,1.85654965692139,-10.7880567734378));
#2258=CARTESIAN_POINT('Ctrl Pts',(-0.707374364441913,1.75076153586308,-10.8298837682966));
#2259=CARTESIAN_POINT('Ctrl Pts',(-0.752351770975788,1.71053961344042,-10.8451232216218));
#2260=CARTESIAN_POINT('Ctrl Pts',(-0.803921568627451,1.68011582550501,-10.8563999792055));
#2261=CARTESIAN_POINT('Origin',(-1.,0.,-10.));
#2262=CARTESIAN_POINT('Origin',(-0.5,0.,-10.));
#2263=CARTESIAN_POINT('Origin',(3.06563046937997E-15,0.,-10.));
#2264=CARTESIAN_POINT('',(-3.46790931269326,-4.2469640395231E-16,-10.4728689024829));
#2265=CARTESIAN_POINT('Origin',(3.06563046937997E-15,0.,-10.));
#2266=CARTESIAN_POINT('',(-1.16666666666667,-3.26577462326375,-10.4728689024829));
#2267=CARTESIAN_POINT('Origin',(-9.08334953890362E-16,0.,-10.4728689024829));
#2268=CARTESIAN_POINT('Origin',(-1.16666666666667,0.,-10.));
#2269=CARTESIAN_POINT('',(1.16666666666667,-3.26577462326375,-10.4728689024829));
#2270=CARTESIAN_POINT('Origin',(1.16666666666667,0.,-10.));
#2271=CARTESIAN_POINT('Origin',(-9.08334953890362E-16,0.,-10.4728689024829));
#2272=CARTESIAN_POINT('Origin',(-9.08334953890362E-16,0.,-10.4728689024829));
#2273=CARTESIAN_POINT('Origin',(0.,0.,-10.3647845819154));
#2274=CARTESIAN_POINT('',(-0.91708356169761,-2.14970382682664,-11.089830811545));
#2275=CARTESIAN_POINT('Origin',(0.,-2.86218292071625E-16,-11.0898308115447));
#2276=CARTESIAN_POINT('Ctrl Pts',(-1.16666666666667,-3.26577462326375,-10.4728689024829));
#2277=CARTESIAN_POINT('Ctrl Pts',(-1.16285064720138,-3.24572421855477,-10.6207579373234));
#2278=CARTESIAN_POINT('Ctrl Pts',(-1.13908575792203,-3.12047348527711,-10.9019231942657));
#2279=CARTESIAN_POINT('Ctrl Pts',(-1.05248999259188,-2.69754345634304,-11.1957960170926));
#2280=CARTESIAN_POINT('Ctrl Pts',(-0.965863825965083,-2.33489210830898,
-11.1781852717379));
#2281=CARTESIAN_POINT('Ctrl Pts',(-0.917083561697944,-2.14970382682722,
-11.0898308115452));
#2282=CARTESIAN_POINT('Origin',(0.,0.,-11.1727656763304));
#2283=CARTESIAN_POINT('Ctrl Pts',(-0.91708356169772,-2.1497038268269,-11.089830811545));
#2284=CARTESIAN_POINT('Ctrl Pts',(-0.911788440660676,-1.97502490938664,
-11.0139406589222));
#2285=CARTESIAN_POINT('Ctrl Pts',(-0.90558024838404,-1.8005213087481,-10.9391178280762));
#2286=CARTESIAN_POINT('Ctrl Pts',(-0.897880805966693,-1.62656617746147,
-10.866367437388));
#2287=CARTESIAN_POINT('Origin',(1.,0.,-10.));
#2288=CARTESIAN_POINT('',(0.5,-2.79923539136893,-10.4053162021282));
#2289=CARTESIAN_POINT('Origin',(1.,-2.79923539136893,-10.4053162021282));
#2290=CARTESIAN_POINT('Origin',(0.5,0.,-10.));
#2291=CARTESIAN_POINT('Ctrl Pts',(0.5,-2.79923539136893,-10.4053162021282));
#2292=CARTESIAN_POINT('Ctrl Pts',(0.5,-2.791205279061,-10.460774568833));
#2293=CARTESIAN_POINT('Ctrl Pts',(0.5,-2.74105116252078,-10.5662157214855));
#2294=CARTESIAN_POINT('Ctrl Pts',(0.5,-2.57039590888836,-10.6764139794934));
#2295=CARTESIAN_POINT('Ctrl Pts',(0.5,-2.42131474721152,-10.6698098278373));
#2296=CARTESIAN_POINT('Ctrl Pts',(0.5,-2.34406537921893,-10.6366769180264));
#2297=CARTESIAN_POINT('Ctrl Pts',(0.5,-2.88927891057673,-10.418354082881));
#2298=CARTESIAN_POINT('Ctrl Pts',(0.500001984846968,-2.8782868324693,-10.4915723730135));
#2299=CARTESIAN_POINT('Ctrl Pts',(0.499985673182681,-2.80942927933728,-10.6291111172063));
#2300=CARTESIAN_POINT('Ctrl Pts',(0.500027756302842,-2.58770978934706,-10.7599952320025));
#2301=CARTESIAN_POINT('Ctrl Pts',(0.499986479325582,-2.40817871469753,-10.7420657987705));
#2302=CARTESIAN_POINT('Ctrl Pts',(0.5,-2.31770792693651,-10.6981293090883));
#2303=CARTESIAN_POINT('Ctrl Pts',(0.550921069125858,-3.06880270628044,-10.4443482894742));
#2304=CARTESIAN_POINT('Ctrl Pts',(0.550480354140842,-3.05190773732331,-10.5529947182253));
#2305=CARTESIAN_POINT('Ctrl Pts',(0.547725469216788,-2.94580813513807,-10.7545771877746));
#2306=CARTESIAN_POINT('Ctrl Pts',(0.538680169598052,-2.62224031198899,-10.9268509334325));
#2307=CARTESIAN_POINT('Ctrl Pts',(0.531125920186061,-2.38195057375772,-10.8863937009943));
#2308=CARTESIAN_POINT('Ctrl Pts',(0.527243048224732,-2.26505035643669,-10.8209004168587));
#2309=CARTESIAN_POINT('Ctrl Pts',(0.792311315748044,-3.29322312603243,-10.4768433174002));
#2310=CARTESIAN_POINT('Ctrl Pts',(0.78998576984802,-3.26972220686294,-10.629729841571));
#2311=CARTESIAN_POINT('Ctrl Pts',(0.775421383240566,-3.12190349821287,-10.9133130716656));
#2312=CARTESIAN_POINT('Ctrl Pts',(0.726741206355951,-2.67381299358869,-11.1538034163297));
#2313=CARTESIAN_POINT('Ctrl Pts',(0.684435938442936,-2.34522290377806,-11.0946134776115));
#2314=CARTESIAN_POINT('Ctrl Pts',(0.662308725487922,-2.18735615924924,-11.0020444112645));
#2315=CARTESIAN_POINT('Ctrl Pts',(1.03799793164647,-3.31079638286765,-10.4793878428593));
#2316=CARTESIAN_POINT('Ctrl Pts',(1.03434954143526,-3.28817841172523,-10.6362459832743));
#2317=CARTESIAN_POINT('Ctrl Pts',(1.01163339720345,-3.14684235279981,-10.9309242730243));
#2318=CARTESIAN_POINT('Ctrl Pts',(0.932182702673761,-2.69317177343258,-11.2102840591707));
#2319=CARTESIAN_POINT('Ctrl Pts',(0.858327626906316,-2.33433692173414,-11.1693380812226));
#2320=CARTESIAN_POINT('Ctrl Pts',(0.818172764842561,-2.15626022502442,-11.0745445713688));
#2321=CARTESIAN_POINT('Ctrl Pts',(1.16666666666667,-3.26577462326375,-10.4728689024829));
#2322=CARTESIAN_POINT('Ctrl Pts',(1.16285064867117,-3.2457242262774,-10.6207578803623));
#2323=CARTESIAN_POINT('Ctrl Pts',(1.13908387262885,-3.12046371240491,-10.9019342874356));
#2324=CARTESIAN_POINT('Ctrl Pts',(1.05248688050745,-2.69752956557191,-11.1957963087902));
#2325=CARTESIAN_POINT('Ctrl Pts',(0.965863807176624,-2.33489203698086,-11.1781852377071));
#2326=CARTESIAN_POINT('Ctrl Pts',(0.91708356169775,-2.14970382682648,-11.0898308115448));
#2327=CARTESIAN_POINT('',(0.5,-2.34406537921893,-10.6366769180264));
#2328=CARTESIAN_POINT('',(0.917083561697713,-2.1497038268264,-11.0898308115448));
#2329=CARTESIAN_POINT('Origin',(1.,-2.34406537921893,-10.6366769180264));
#2330=CARTESIAN_POINT('Ctrl Pts',(0.91708356169775,-2.14970382682648,-11.0898308115448));
#2331=CARTESIAN_POINT('Ctrl Pts',(0.965863807176624,-2.33489203698086,-11.1781852377071));
#2332=CARTESIAN_POINT('Ctrl Pts',(1.05248688050745,-2.69752956557191,-11.1957963087902));
#2333=CARTESIAN_POINT('Ctrl Pts',(1.13908387262885,-3.12046371240491,-10.9019342874356));
#2334=CARTESIAN_POINT('Ctrl Pts',(1.16285064867117,-3.2457242262774,-10.6207578803623));
#2335=CARTESIAN_POINT('Ctrl Pts',(1.16666666666667,-3.26577462326375,-10.4728689024829));
#2336=CARTESIAN_POINT('Ctrl Pts',(0.5,-2.79923539136893,-10.4053162021282));
#2337=CARTESIAN_POINT('Ctrl Pts',(0.5,-2.791205279061,-10.460774568833));
#2338=CARTESIAN_POINT('Ctrl Pts',(0.5,-2.74105116252078,-10.5662157214855));
#2339=CARTESIAN_POINT('Ctrl Pts',(0.5,-2.57039590888836,-10.6764139794934));
#2340=CARTESIAN_POINT('Ctrl Pts',(0.5,-2.42131474721152,-10.6698098278373));
#2341=CARTESIAN_POINT('Ctrl Pts',(0.5,-2.34406537921893,-10.6366769180264));
#2342=CARTESIAN_POINT('Ctrl Pts',(0.5,-2.34406537921895,-10.6366769180264));
#2343=CARTESIAN_POINT('Ctrl Pts',(0.5,-2.16712751343999,-10.5607867651188));
#2344=CARTESIAN_POINT('Ctrl Pts',(0.5,-1.98976666309566,-10.4859639339958));
#2345=CARTESIAN_POINT('Ctrl Pts',(0.5,-1.81156136187544,-10.4132135430501));
#2346=CARTESIAN_POINT('Ctrl Pts',(0.5,-2.29793983772469,-10.7442186023846));
#2347=CARTESIAN_POINT('Ctrl Pts',(0.500020696784266,-2.121810156758,-10.6676954820909));
#2348=CARTESIAN_POINT('Ctrl Pts',(0.499972195470502,-1.94542489349067,-10.5921589252392));
#2349=CARTESIAN_POINT('Ctrl Pts',(0.5,-1.76856523649949,-10.5185344543788));
#2350=CARTESIAN_POINT('Ctrl Pts',(0.585603718545196,-2.20589342303972,-10.9588247870206));
#2351=CARTESIAN_POINT('Ctrl Pts',(0.58422881090094,-2.0313551151918,-10.8810802326594));
#2352=CARTESIAN_POINT('Ctrl Pts',(0.582668604211844,-1.85694328536547,-10.8040780001546));
#2353=CARTESIAN_POINT('Ctrl Pts',(0.580719771655259,-1.68274164520985,-10.7287631382218));
#2354=CARTESIAN_POINT('Ctrl Pts',(0.801687632033326,-2.15735295805733,-11.0719968646728));
#2355=CARTESIAN_POINT('Ctrl Pts',(0.797485326568962,-1.98304011345853,-10.9950527320183));
#2356=CARTESIAN_POINT('Ctrl Pts',(0.792566509168572,-1.80889949181669,-10.9190773940743));
#2357=CARTESIAN_POINT('Ctrl Pts',(0.786519491350373,-1.63534763484905,-10.8448568633907));
#2358=CARTESIAN_POINT('Ctrl Pts',(0.917083561697704,-2.14970382682639,-11.0898308115448));
#2359=CARTESIAN_POINT('Ctrl Pts',(0.911788440640779,-1.97502490873033,-11.0139406586371));
#2360=CARTESIAN_POINT('Ctrl Pts',(0.905580248337405,-1.8005213074373,-10.9391178275141));
#2361=CARTESIAN_POINT('Ctrl Pts',(0.897880805879951,-1.6265661755017,-10.8663674365684));
#2362=CARTESIAN_POINT('Ctrl Pts',(0.897880806027313,-1.62656617883108,-10.8663674379608));
#2363=CARTESIAN_POINT('Ctrl Pts',(0.905580248416618,-1.80052130966388,-10.9391178284688));
#2364=CARTESIAN_POINT('Ctrl Pts',(0.91178844067456,-1.97502490984474,-11.0139406591212));
#2365=CARTESIAN_POINT('Ctrl Pts',(0.917083561697704,-2.14970382682639,-11.0898308115448));
#2366=CARTESIAN_POINT('',(0.5,-2.26675171984802,-10.6036030488376));
#2367=CARTESIAN_POINT('Ctrl Pts',(0.5,-2.34406537921895,-10.6366769180264));
#2368=CARTESIAN_POINT('Ctrl Pts',(0.5,-2.31830398538161,-10.6256276374848));
#2369=CARTESIAN_POINT('Ctrl Pts',(0.5,-2.29253362507084,-10.614600982148));
#2370=CARTESIAN_POINT('Ctrl Pts',(0.5,-2.26675299749248,-10.6036000541669));
#2371=CARTESIAN_POINT('Ctrl Pts',(0.5,-2.26675171984802,-10.6036030488376));
#2372=CARTESIAN_POINT('Ctrl Pts',(0.5,-2.26550553861211,-10.6042106386217));
#2373=CARTESIAN_POINT('Ctrl Pts',(0.500003294118274,-2.26425918920779,-10.6048178877675));
#2374=CARTESIAN_POINT('Ctrl Pts',(0.500455372358355,-2.17865777144534,-10.6464957267243));
#2375=CARTESIAN_POINT('Ctrl Pts',(0.51595699240218,-2.09295540629146,-10.6861946375351));
#2376=CARTESIAN_POINT('Ctrl Pts',(0.57506486772222,-1.93048045869967,-10.7575823856161));
#2377=CARTESIAN_POINT('Ctrl Pts',(0.617520134458971,-1.85656293379532,-10.7880514256267));
#2378=CARTESIAN_POINT('Ctrl Pts',(0.707369270793848,-1.75076607902725,-10.8298820436522));
#2379=CARTESIAN_POINT('Ctrl Pts',(0.752348855919209,-1.71054133318855,-10.845122584187));
#2380=CARTESIAN_POINT('Ctrl Pts',(0.803921568627452,-1.68011582550502,-10.8563999792055));
#2381=CARTESIAN_POINT('Origin',(1.,0.,-10.));
#2382=CARTESIAN_POINT('Origin',(0.5,0.,-10.));
#2383=CARTESIAN_POINT('Origin',(0.,0.,-10.3647845819154));
#2384=CARTESIAN_POINT('Origin',(0.,-2.86218292071625E-16,-11.0898308115447));
#2385=CARTESIAN_POINT('Origin',(0.,0.,-11.1727656763304));
#2386=CARTESIAN_POINT('Origin',(-1.,0.,-10.));
#2387=CARTESIAN_POINT('',(-0.5,-2.26675171984802,-10.6036030488376));
#2388=CARTESIAN_POINT('Origin',(-0.5,0.,-10.));
#2389=CARTESIAN_POINT('Ctrl Pts',(-0.5,-2.26675171984802,-10.6036030488376));
#2390=CARTESIAN_POINT('Ctrl Pts',(-0.5,-2.26550553861213,-10.6042106386217));
#2391=CARTESIAN_POINT('Ctrl Pts',(-0.500003294118274,-2.26425918920777,
-10.6048178877675));
#2392=CARTESIAN_POINT('Ctrl Pts',(-0.500455372358351,-2.17865777144611,
-10.646495726724));
#2393=CARTESIAN_POINT('Ctrl Pts',(-0.515956992402129,-2.0929554062916,-10.686194637535));
#2394=CARTESIAN_POINT('Ctrl Pts',(-0.575064867722226,-1.93048045869965,
-10.7575823856161));
#2395=CARTESIAN_POINT('Ctrl Pts',(-0.617520134458981,-1.85656293379531,
-10.7880514256267));
#2396=CARTESIAN_POINT('Ctrl Pts',(-0.707369270793847,-1.75076607902724,
-10.8298820436522));
#2397=CARTESIAN_POINT('Ctrl Pts',(-0.752348855919208,-1.71054133318855,
-10.845122584187));
#2398=CARTESIAN_POINT('Ctrl Pts',(-0.803921568627451,-1.68011582550501,
-10.8563999792055));
#2399=CARTESIAN_POINT('Ctrl Pts',(-0.5,-1.81156136187544,-10.4132135430501));
#2400=CARTESIAN_POINT('Ctrl Pts',(-0.5,-1.98976666309583,-10.4859639339959));
#2401=CARTESIAN_POINT('Ctrl Pts',(-0.5,-2.16712751344034,-10.5607867651189));
#2402=CARTESIAN_POINT('Ctrl Pts',(-0.5,-2.34406537921947,-10.6366769180267));
#2403=CARTESIAN_POINT('Ctrl Pts',(-0.5,-1.76856523649949,-10.5185344543788));
#2404=CARTESIAN_POINT('Ctrl Pts',(-0.499972195470502,-1.94542489349084,
-10.5921589252393));
#2405=CARTESIAN_POINT('Ctrl Pts',(-0.500020696784267,-2.12181015675834,
-10.6676954820911));
#2406=CARTESIAN_POINT('Ctrl Pts',(-0.5,-2.29793983772521,-10.7442186023848));
#2407=CARTESIAN_POINT('Ctrl Pts',(-0.580719771655259,-1.68274164520985,
-10.7287631382218));
#2408=CARTESIAN_POINT('Ctrl Pts',(-0.582668604211845,-1.85694328536564,
-10.8040780001546));
#2409=CARTESIAN_POINT('Ctrl Pts',(-0.584228810900944,-2.03135511519214,
-10.8810802326595));
#2410=CARTESIAN_POINT('Ctrl Pts',(-0.5856037185452,-2.20589342304023,-10.9588247870209));
#2411=CARTESIAN_POINT('Ctrl Pts',(-0.786519491350373,-1.63534763484905,
-10.8448568633907));
#2412=CARTESIAN_POINT('Ctrl Pts',(-0.792566509168578,-1.80889949181686,
-10.9190773940743));
#2413=CARTESIAN_POINT('Ctrl Pts',(-0.797485326568972,-1.98304011345887,
-10.9950527320185));
#2414=CARTESIAN_POINT('Ctrl Pts',(-0.801687632033339,-2.15735295805784,
-11.071996864673));
#2415=CARTESIAN_POINT('Ctrl Pts',(-0.897880805879951,-1.6265661755017,-10.8663674365684));
#2416=CARTESIAN_POINT('Ctrl Pts',(-0.905580248337412,-1.80052130743746,
-10.9391178275142));
#2417=CARTESIAN_POINT('Ctrl Pts',(-0.911788440640791,-1.97502490873067,
-11.0139406586372));
#2418=CARTESIAN_POINT('Ctrl Pts',(-0.91708356169772,-2.1497038268269,-11.089830811545));
#2419=CARTESIAN_POINT('',(-0.5,-2.34406537921947,-10.6366769180267));
#2420=CARTESIAN_POINT('Ctrl Pts',(-0.5,-2.26675299749248,-10.6036000541669));
#2421=CARTESIAN_POINT('Ctrl Pts',(-0.5,-2.29253362507101,-10.614600982148));
#2422=CARTESIAN_POINT('Ctrl Pts',(-0.5,-2.31830398538195,-10.625627637485));
#2423=CARTESIAN_POINT('Ctrl Pts',(-0.5,-2.34406537921947,-10.6366769180267));
#2424=CARTESIAN_POINT('Origin',(-1.,-2.34406537921947,-10.6366769180267));
#2425=CARTESIAN_POINT('Ctrl Pts',(-0.5,-2.34406537921924,-10.6366769180266));
#2426=CARTESIAN_POINT('Ctrl Pts',(-0.5,-2.42131477696531,-10.6698098405988));
#2427=CARTESIAN_POINT('Ctrl Pts',(-0.5,-2.57040157305307,-10.6764138701069));
#2428=CARTESIAN_POINT('Ctrl Pts',(-0.5,-2.74105508077997,-10.5662115615468));
#2429=CARTESIAN_POINT('Ctrl Pts',(-0.5,-2.79120527596812,-10.4607745901934));
#2430=CARTESIAN_POINT('Ctrl Pts',(-0.5,-2.79923539136893,-10.4053162021282));
#2431=CARTESIAN_POINT('Ctrl Pts',(-0.5,-2.31770792693687,-10.6981293090884));
#2432=CARTESIAN_POINT('Ctrl Pts',(-0.499986479320375,-2.40817874954376,
-10.7420658156932));
#2433=CARTESIAN_POINT('Ctrl Pts',(-0.500027755125536,-2.58771681460703,
-10.7599955515447));
#2434=CARTESIAN_POINT('Ctrl Pts',(-0.499985672242953,-2.80943453745294,
-10.6291059355404));
#2435=CARTESIAN_POINT('Ctrl Pts',(-0.500001984847733,-2.87828682823558,
-10.4915724012143));
#2436=CARTESIAN_POINT('Ctrl Pts',(-0.5,-2.88927891057673,-10.418354082881));
#2437=CARTESIAN_POINT('Ctrl Pts',(-0.52724304822461,-2.26505035643711,-10.8209004168591));
#2438=CARTESIAN_POINT('Ctrl Pts',(-0.531125921681472,-2.38195061878362,
-10.88639372622));
#2439=CARTESIAN_POINT('Ctrl Pts',(-0.538680461603786,-2.62225005429547,
-10.9268521049759));
#2440=CARTESIAN_POINT('Ctrl Pts',(-0.547725681159757,-2.94581606420605,
-10.7545699652179));
#2441=CARTESIAN_POINT('Ctrl Pts',(-0.550480353970832,-3.05190773081655,
-10.5529947600718));
#2442=CARTESIAN_POINT('Ctrl Pts',(-0.550921069125594,-3.06880270628096,
-10.4443482894743));
#2443=CARTESIAN_POINT('Ctrl Pts',(-0.662308725487798,-2.18735615924972,
-11.0020444112653));
#2444=CARTESIAN_POINT('Ctrl Pts',(-0.684435946965363,-2.34522296458277,
-11.0946135132661));
#2445=CARTESIAN_POINT('Ctrl Pts',(-0.72674281282643,-2.67382638533281,-11.1538051479957));
#2446=CARTESIAN_POINT('Ctrl Pts',(-0.775422507996252,-3.12191452245553,
-10.9133029392959));
#2447=CARTESIAN_POINT('Ctrl Pts',(-0.789985768952185,-3.26972219781278,
-10.6297299004572));
#2448=CARTESIAN_POINT('Ctrl Pts',(-0.792311315747917,-3.2932231260339,-10.4768433174004));
#2449=CARTESIAN_POINT('Ctrl Pts',(-0.818172764842721,-2.15626022502513,
-11.0745445713692));
#2450=CARTESIAN_POINT('Ctrl Pts',(-0.85832764237258,-2.33433699032317,-11.1693381177335));
#2451=CARTESIAN_POINT('Ctrl Pts',(-0.932185436523671,-2.69318598822171,
-11.2102848139186));
#2452=CARTESIAN_POINT('Ctrl Pts',(-1.01163518104164,-3.14685317403889,-10.9309131791204));
#2453=CARTESIAN_POINT('Ctrl Pts',(-1.03434954003004,-3.28817840301367,-10.6362460436899));
#2454=CARTESIAN_POINT('Ctrl Pts',(-1.03799793164647,-3.31079638286766,-10.4793878428593));
#2455=CARTESIAN_POINT('Ctrl Pts',(-0.917083561697944,-2.14970382682722,
-11.0898308115452));
#2456=CARTESIAN_POINT('Ctrl Pts',(-0.965863825965083,-2.33489210830898,
-11.1781852717379));
#2457=CARTESIAN_POINT('Ctrl Pts',(-1.05248999259188,-2.69754345634304,-11.1957960170926));
#2458=CARTESIAN_POINT('Ctrl Pts',(-1.13908575792203,-3.12047348527711,-10.9019231942657));
#2459=CARTESIAN_POINT('Ctrl Pts',(-1.16285064720138,-3.24572421855477,-10.6207579373234));
#2460=CARTESIAN_POINT('Ctrl Pts',(-1.16666666666667,-3.26577462326375,-10.4728689024829));
#2461=CARTESIAN_POINT('',(-0.5,-2.79923539136893,-10.4053162021282));
#2462=CARTESIAN_POINT('Origin',(-1.,-2.79923539136893,-10.4053162021282));
#2463=CARTESIAN_POINT('Ctrl Pts',(-0.5,-2.34406537921924,-10.6366769180266));
#2464=CARTESIAN_POINT('Ctrl Pts',(-0.5,-2.42131477696531,-10.6698098405988));
#2465=CARTESIAN_POINT('Ctrl Pts',(-0.5,-2.57040157305307,-10.6764138701069));
#2466=CARTESIAN_POINT('Ctrl Pts',(-0.5,-2.74105508077997,-10.5662115615468));
#2467=CARTESIAN_POINT('Ctrl Pts',(-0.5,-2.79120527596812,-10.4607745901934));
#2468=CARTESIAN_POINT('Ctrl Pts',(-0.5,-2.79923539136893,-10.4053162021282));
#2469=CARTESIAN_POINT('Origin',(-1.,0.,-10.));
#2470=CARTESIAN_POINT('Origin',(-0.5,0.,-10.));
#2471=CARTESIAN_POINT('Origin',(-0.5,4.,-11.5));
#2472=CARTESIAN_POINT('Origin',(0.5,-4.,-11.5));
#2473=CARTESIAN_POINT('Origin',(-0.5,4.,-11.5));
#2474=UNCERTAINTY_MEASURE_WITH_UNIT(LENGTH_MEASURE(0.01),#2478,
'DISTANCE_ACCURACY_VALUE',
'Maximum model space distance between geometric entities at asserted c
onnectivities');
#2475=UNCERTAINTY_MEASURE_WITH_UNIT(LENGTH_MEASURE(0.01),#2478,
'DISTANCE_ACCURACY_VALUE',
'Maximum model space distance between geometric entities at asserted c
onnectivities');
#2476=(
GEOMETRIC_REPRESENTATION_CONTEXT(3)
GLOBAL_UNCERTAINTY_ASSIGNED_CONTEXT((#2474))
GLOBAL_UNIT_ASSIGNED_CONTEXT((#2478,#2480,#2481))
REPRESENTATION_CONTEXT('','3D')
);
#2477=(
GEOMETRIC_REPRESENTATION_CONTEXT(3)
GLOBAL_UNCERTAINTY_ASSIGNED_CONTEXT((#2475))
GLOBAL_UNIT_ASSIGNED_CONTEXT((#2478,#2480,#2481))
REPRESENTATION_CONTEXT('','3D')
);
#2478=(
LENGTH_UNIT()
NAMED_UNIT(*)
SI_UNIT(.MILLI.,.METRE.)
);
#2479=(
LENGTH_UNIT()
NAMED_UNIT(*)
SI_UNIT($,.METRE.)
);
#2480=(
NAMED_UNIT(*)
PLANE_ANGLE_UNIT()
SI_UNIT($,.RADIAN.)
);
#2481=(
NAMED_UNIT(*)
SI_UNIT($,.STERADIAN.)
SOLID_ANGLE_UNIT()
);
#2482=SHAPE_DEFINITION_REPRESENTATION(#2483,#2484);
#2483=PRODUCT_DEFINITION_SHAPE('',$,#2486);
#2484=SHAPE_REPRESENTATION('',(#1142),#2476);
#2485=PRODUCT_DEFINITION_CONTEXT('part definition',#2490,'design');
#2486=PRODUCT_DEFINITION('Ball and Socket - 5mm',
'Ball and Socket - 5mm v2',#2487,#2485);
#2487=PRODUCT_DEFINITION_FORMATION('',$,#2492);
#2488=PRODUCT_RELATED_PRODUCT_CATEGORY('Ball and Socket - 5mm v2',
'Ball and Socket - 5mm v2',(#2492));
#2489=APPLICATION_PROTOCOL_DEFINITION('international standard',
'automotive_design',2009,#2490);
#2490=APPLICATION_CONTEXT(
'Core Data for Automotive Mechanical Design Process');
#2491=PRODUCT_CONTEXT('part definition',#2490,'mechanical');
#2492=PRODUCT('Ball and Socket - 5mm','Ball and Socket - 5mm v2',$,(#2491));
#2493=PRESENTATION_STYLE_ASSIGNMENT((#2495));
#2494=PRESENTATION_STYLE_ASSIGNMENT((#2496));
#2495=SURFACE_STYLE_USAGE(.BOTH.,#2497);
#2496=SURFACE_STYLE_USAGE(.BOTH.,#2498);
#2497=SURFACE_SIDE_STYLE('',(#2499));
#2498=SURFACE_SIDE_STYLE('',(#2500));
#2499=SURFACE_STYLE_FILL_AREA(#2501);
#2500=SURFACE_STYLE_FILL_AREA(#2502);
#2501=FILL_AREA_STYLE('Steel - Satin',(#2503));
#2502=FILL_AREA_STYLE('Plastic - Matte (Green)',(#2504));
#2503=FILL_AREA_STYLE_COLOUR('Steel - Satin',#2505);
#2504=FILL_AREA_STYLE_COLOUR('Plastic - Matte (Green)',#2506);
#2505=COLOUR_RGB('Steel - Satin',0.627450980392157,0.627450980392157,0.627450980392157);
#2506=COLOUR_RGB('Plastic - Matte (Green)',0.266666666666667,0.588235294117647,
0.282352941176471);
ENDSEC;
END-ISO-10303-21;
