ISO-10303-21;
HEADER;
/* Generated by software containing ST-Developer
 * from STEP Tools, Inc. (www.steptools.com) 
 */

FILE_DESCRIPTION(
/* description */ (''),
/* implementation_level */ '2;1');

FILE_NAME(
/* name */ 'BallAndSocketContinuumAssembly_v7.step',
/* time_stamp */ '2026-08-21T09:23:20-04:00',
/* author */ (''),
/* organization */ (''),
/* preprocessor_version */ 'ST-DEVELOPER v20.1',
/* originating_system */ 'Autodesk Translation Framework v15.8.0.0',
/* authorisation */ '');

FILE_SCHEMA (('AUTOMOTIVE_DESIGN { 1 0 10303 214 3 1 1 }'));
ENDSEC;

DATA;
#10=MECHANICAL_DESIGN_GEOMETRIC_PRESENTATION_REPRESENTATION('',(#127,#128,
#129,#130),#14045);
#11=ITEM_DEFINED_TRANSFORMATION($,$,#5391,#6037);
#12=ITEM_DEFINED_TRANSFORMATION($,$,#5759,#6038);
#13=ITEM_DEFINED_TRANSFORMATION($,$,#5759,#6039);
#14=ITEM_DEFINED_TRANSFORMATION($,$,#5759,#6040);
#15=ITEM_DEFINED_TRANSFORMATION($,$,#5759,#6041);
#16=ITEM_DEFINED_TRANSFORMATION($,$,#5759,#6042);
#17=ITEM_DEFINED_TRANSFORMATION($,$,#5759,#6043);
#18=ITEM_DEFINED_TRANSFORMATION($,$,#5759,#6044);
#19=ITEM_DEFINED_TRANSFORMATION($,$,#5546,#6045);
#20=ITEM_DEFINED_TRANSFORMATION($,$,#5759,#6046);
#21=ITEM_DEFINED_TRANSFORMATION($,$,#5759,#6047);
#22=ITEM_DEFINED_TRANSFORMATION($,$,#5759,#6048);
#23=ITEM_DEFINED_TRANSFORMATION($,$,#5759,#6049);
#24=ITEM_DEFINED_TRANSFORMATION($,$,#5759,#6050);
#25=ITEM_DEFINED_TRANSFORMATION($,$,#5759,#6051);
#26=ITEM_DEFINED_TRANSFORMATION($,$,#5759,#6052);
#27=ITEM_DEFINED_TRANSFORMATION($,$,#5891,#6053);
#28=(
REPRESENTATION_RELATIONSHIP($,$,#14078,#14077)
REPRESENTATION_RELATIONSHIP_WITH_TRANSFORMATION(#11)
SHAPE_REPRESENTATION_RELATIONSHIP()
);
#29=(
REPRESENTATION_RELATIONSHIP($,$,#14080,#14077)
REPRESENTATION_RELATIONSHIP_WITH_TRANSFORMATION(#12)
SHAPE_REPRESENTATION_RELATIONSHIP()
);
#30=(
REPRESENTATION_RELATIONSHIP($,$,#14080,#14077)
REPRESENTATION_RELATIONSHIP_WITH_TRANSFORMATION(#13)
SHAPE_REPRESENTATION_RELATIONSHIP()
);
#31=(
REPRESENTATION_RELATIONSHIP($,$,#14080,#14077)
REPRESENTATION_RELATIONSHIP_WITH_TRANSFORMATION(#14)
SHAPE_REPRESENTATION_RELATIONSHIP()
);
#32=(
REPRESENTATION_RELATIONSHIP($,$,#14080,#14077)
REPRESENTATION_RELATIONSHIP_WITH_TRANSFORMATION(#15)
SHAPE_REPRESENTATION_RELATIONSHIP()
);
#33=(
REPRESENTATION_RELATIONSHIP($,$,#14080,#14077)
REPRESENTATION_RELATIONSHIP_WITH_TRANSFORMATION(#16)
SHAPE_REPRESENTATION_RELATIONSHIP()
);
#34=(
REPRESENTATION_RELATIONSHIP($,$,#14080,#14077)
REPRESENTATION_RELATIONSHIP_WITH_TRANSFORMATION(#17)
SHAPE_REPRESENTATION_RELATIONSHIP()
);
#35=(
REPRESENTATION_RELATIONSHIP($,$,#14080,#14077)
REPRESENTATION_RELATIONSHIP_WITH_TRANSFORMATION(#18)
SHAPE_REPRESENTATION_RELATIONSHIP()
);
#36=(
REPRESENTATION_RELATIONSHIP($,$,#14079,#14077)
REPRESENTATION_RELATIONSHIP_WITH_TRANSFORMATION(#19)
SHAPE_REPRESENTATION_RELATIONSHIP()
);
#37=(
REPRESENTATION_RELATIONSHIP($,$,#14080,#14077)
REPRESENTATION_RELATIONSHIP_WITH_TRANSFORMATION(#20)
SHAPE_REPRESENTATION_RELATIONSHIP()
);
#38=(
REPRESENTATION_RELATIONSHIP($,$,#14080,#14077)
REPRESENTATION_RELATIONSHIP_WITH_TRANSFORMATION(#21)
SHAPE_REPRESENTATION_RELATIONSHIP()
);
#39=(
REPRESENTATION_RELATIONSHIP($,$,#14080,#14077)
REPRESENTATION_RELATIONSHIP_WITH_TRANSFORMATION(#22)
SHAPE_REPRESENTATION_RELATIONSHIP()
);
#40=(
REPRESENTATION_RELATIONSHIP($,$,#14080,#14077)
REPRESENTATION_RELATIONSHIP_WITH_TRANSFORMATION(#23)
SHAPE_REPRESENTATION_RELATIONSHIP()
);
#41=(
REPRESENTATION_RELATIONSHIP($,$,#14080,#14077)
REPRESENTATION_RELATIONSHIP_WITH_TRANSFORMATION(#24)
SHAPE_REPRESENTATION_RELATIONSHIP()
);
#42=(
REPRESENTATION_RELATIONSHIP($,$,#14080,#14077)
REPRESENTATION_RELATIONSHIP_WITH_TRANSFORMATION(#25)
SHAPE_REPRESENTATION_RELATIONSHIP()
);
#43=(
REPRESENTATION_RELATIONSHIP($,$,#14080,#14077)
REPRESENTATION_RELATIONSHIP_WITH_TRANSFORMATION(#26)
SHAPE_REPRESENTATION_RELATIONSHIP()
);
#44=(
REPRESENTATION_RELATIONSHIP($,$,#14081,#14077)
REPRESENTATION_RELATIONSHIP_WITH_TRANSFORMATION(#27)
SHAPE_REPRESENTATION_RELATIONSHIP()
);
#45=CONTEXT_DEPENDENT_SHAPE_REPRESENTATION(#28,#14060);
#46=CONTEXT_DEPENDENT_SHAPE_REPRESENTATION(#29,#14061);
#47=CONTEXT_DEPENDENT_SHAPE_REPRESENTATION(#30,#14062);
#48=CONTEXT_DEPENDENT_SHAPE_REPRESENTATION(#31,#14063);
#49=CONTEXT_DEPENDENT_SHAPE_REPRESENTATION(#32,#14064);
#50=CONTEXT_DEPENDENT_SHAPE_REPRESENTATION(#33,#14065);
#51=CONTEXT_DEPENDENT_SHAPE_REPRESENTATION(#34,#14066);
#52=CONTEXT_DEPENDENT_SHAPE_REPRESENTATION(#35,#14067);
#53=CONTEXT_DEPENDENT_SHAPE_REPRESENTATION(#36,#14068);
#54=CONTEXT_DEPENDENT_SHAPE_REPRESENTATION(#37,#14069);
#55=CONTEXT_DEPENDENT_SHAPE_REPRESENTATION(#38,#14070);
#56=CONTEXT_DEPENDENT_SHAPE_REPRESENTATION(#39,#14071);
#57=CONTEXT_DEPENDENT_SHAPE_REPRESENTATION(#40,#14072);
#58=CONTEXT_DEPENDENT_SHAPE_REPRESENTATION(#41,#14073);
#59=CONTEXT_DEPENDENT_SHAPE_REPRESENTATION(#42,#14074);
#60=CONTEXT_DEPENDENT_SHAPE_REPRESENTATION(#43,#14075);
#61=CONTEXT_DEPENDENT_SHAPE_REPRESENTATION(#44,#14076);
#62=NEXT_ASSEMBLY_USAGE_OCCURRENCE('Standoff v9:1','Standoff v9:1',
'Standoff v9:1',#14083,#14084,'Standoff v9:1');
#63=NEXT_ASSEMBLY_USAGE_OCCURRENCE('Ball and Socket v5:1',
'Ball and Socket v5:1','Ball and Socket v5:1',#14083,#14086,
'Ball and Socket v5:1');
#64=NEXT_ASSEMBLY_USAGE_OCCURRENCE('Ball and Socket v5:2',
'Ball and Socket v5:2','Ball and Socket v5:2',#14083,#14086,
'Ball and Socket v5:2');
#65=NEXT_ASSEMBLY_USAGE_OCCURRENCE('Ball and Socket v5:3',
'Ball and Socket v5:3','Ball and Socket v5:3',#14083,#14086,
'Ball and Socket v5:3');
#66=NEXT_ASSEMBLY_USAGE_OCCURRENCE('Ball and Socket v5:4',
'Ball and Socket v5:4','Ball and Socket v5:4',#14083,#14086,
'Ball and Socket v5:4');
#67=NEXT_ASSEMBLY_USAGE_OCCURRENCE('Ball and Socket v5:5',
'Ball and Socket v5:5','Ball and Socket v5:5',#14083,#14086,
'Ball and Socket v5:5');
#68=NEXT_ASSEMBLY_USAGE_OCCURRENCE('Ball and Socket v5:6',
'Ball and Socket v5:6','Ball and Socket v5:6',#14083,#14086,
'Ball and Socket v5:6');
#69=NEXT_ASSEMBLY_USAGE_OCCURRENCE('Ball and Socket v5:7',
'Ball and Socket v5:7','Ball and Socket v5:7',#14083,#14086,
'Ball and Socket v5:7');
#70=NEXT_ASSEMBLY_USAGE_OCCURRENCE('BallandSocketMidpoint v5:1',
'BallandSocketMidpoint v5:1','BallandSocketMidpoint v5:1',#14083,#14085,
'BallandSocketMidpoint v5:1');
#71=NEXT_ASSEMBLY_USAGE_OCCURRENCE('Ball and Socket v5:8',
'Ball and Socket v5:8','Ball and Socket v5:8',#14083,#14086,
'Ball and Socket v5:8');
#72=NEXT_ASSEMBLY_USAGE_OCCURRENCE('Ball and Socket v5:9',
'Ball and Socket v5:9','Ball and Socket v5:9',#14083,#14086,
'Ball and Socket v5:9');
#73=NEXT_ASSEMBLY_USAGE_OCCURRENCE('Ball and Socket v5:10',
'Ball and Socket v5:10','Ball and Socket v5:10',#14083,#14086,
'Ball and Socket v5:10');
#74=NEXT_ASSEMBLY_USAGE_OCCURRENCE('Ball and Socket v5:11',
'Ball and Socket v5:11','Ball and Socket v5:11',#14083,#14086,
'Ball and Socket v5:11');
#75=NEXT_ASSEMBLY_USAGE_OCCURRENCE('Ball and Socket v5:12',
'Ball and Socket v5:12','Ball and Socket v5:12',#14083,#14086,
'Ball and Socket v5:12');
#76=NEXT_ASSEMBLY_USAGE_OCCURRENCE('Ball and Socket v5:13',
'Ball and Socket v5:13','Ball and Socket v5:13',#14083,#14086,
'Ball and Socket v5:13');
#77=NEXT_ASSEMBLY_USAGE_OCCURRENCE('Ball and Socket v5:14',
'Ball and Socket v5:14','Ball and Socket v5:14',#14083,#14086,
'Ball and Socket v5:14');
#78=NEXT_ASSEMBLY_USAGE_OCCURRENCE('BallandSocketTop v6:1',
'BallandSocketTop v6:1','BallandSocketTop v6:1',#14083,#14087,
'BallandSocketTop v6:1');
#79=ELLIPSE('',#5625,0.424264068711929,0.3);
#80=ELLIPSE('',#5626,0.424264068711929,0.3);
#81=ELLIPSE('',#5627,0.424264068711929,0.3);
#82=ELLIPSE('',#5629,0.424264068711929,0.3);
#83=ELLIPSE('',#5630,0.424264068711929,0.3);
#84=ELLIPSE('',#5634,0.424264068711929,0.3);
#85=ELLIPSE('',#5635,0.424264068711929,0.3);
#86=ELLIPSE('',#5636,0.424264068711929,0.3);
#87=ELLIPSE('',#5638,0.424264068711929,0.3);
#88=ELLIPSE('',#5639,0.424264068711929,0.3);
#89=ELLIPSE('',#5643,0.424264068711929,0.3);
#90=ELLIPSE('',#5644,0.424264068711929,0.3);
#91=ELLIPSE('',#5645,0.424264068711929,0.3);
#92=ELLIPSE('',#5647,0.424264068711929,0.3);
#93=ELLIPSE('',#5648,0.424264068711929,0.3);
#94=ELLIPSE('',#5652,0.424264068711929,0.3);
#95=ELLIPSE('',#5653,0.424264068711929,0.3);
#96=ELLIPSE('',#5654,0.424264068711929,0.3);
#97=ELLIPSE('',#5656,0.424264068711929,0.3);
#98=ELLIPSE('',#5657,0.424264068711929,0.3);
#99=ELLIPSE('',#5971,0.42426406871193,0.3);
#100=ELLIPSE('',#5972,0.424264068711928,0.3);
#101=ELLIPSE('',#5973,0.424264068711928,0.3);
#102=ELLIPSE('',#5974,0.424264068711928,0.3);
#103=ELLIPSE('',#5975,0.42426406871193,0.3);
#104=ELLIPSE('',#5980,0.42426406871193,0.3);
#105=ELLIPSE('',#5981,0.424264068711928,0.3);
#106=ELLIPSE('',#5982,0.424264068711928,0.3);
#107=ELLIPSE('',#5983,0.424264068711928,0.3);
#108=ELLIPSE('',#5984,0.42426406871193,0.3);
#109=ELLIPSE('',#5989,0.42426406871193,0.3);
#110=ELLIPSE('',#5990,0.424264068711929,0.3);
#111=ELLIPSE('',#5991,0.424264068711929,0.3);
#112=ELLIPSE('',#5992,0.424264068711929,0.3);
#113=ELLIPSE('',#5993,0.42426406871193,0.3);
#114=ELLIPSE('',#5998,0.42426406871193,0.3);
#115=ELLIPSE('',#5999,0.424264068711929,0.3);
#116=ELLIPSE('',#6000,0.424264068711929,0.3);
#117=ELLIPSE('',#6001,0.424264068711929,0.3);
#118=ELLIPSE('',#6002,0.42426406871193,0.3);
#119=SHAPE_REPRESENTATION_RELATIONSHIP('SRR','None',#14078,#123);
#120=SHAPE_REPRESENTATION_RELATIONSHIP('SRR','None',#14079,#124);
#121=SHAPE_REPRESENTATION_RELATIONSHIP('SRR','None',#14080,#125);
#122=SHAPE_REPRESENTATION_RELATIONSHIP('SRR','None',#14081,#126);
#123=ADVANCED_BREP_SHAPE_REPRESENTATION('',(#131),#14041);
#124=ADVANCED_BREP_SHAPE_REPRESENTATION('',(#132),#14042);
#125=ADVANCED_BREP_SHAPE_REPRESENTATION('',(#133),#14043);
#126=ADVANCED_BREP_SHAPE_REPRESENTATION('',(#134),#14044);
#127=STYLED_ITEM('',(#14107),#131);
#128=STYLED_ITEM('',(#14108),#132);
#129=STYLED_ITEM('',(#14109),#133);
#130=STYLED_ITEM('',(#14110),#134);
#131=MANIFOLD_SOLID_BREP('Body12',#5341);
#132=MANIFOLD_SOLID_BREP('Body1',#5342);
#133=MANIFOLD_SOLID_BREP('Body1',#5343);
#134=MANIFOLD_SOLID_BREP('Body1',#5344);
#135=(
BOUNDED_CURVE()
B_SPLINE_CURVE(2,(#9749,#9750,#9751),.UNSPECIFIED.,.F.,.F.)
B_SPLINE_CURVE_WITH_KNOTS((3,3),(5.36486869740046,9.73761861618343),
 .UNSPECIFIED.)
CURVE()
GEOMETRIC_REPRESENTATION_ITEM()
RATIONAL_B_SPLINE_CURVE((3.92102124952264,3.92102124952265,1.98046693603325))
REPRESENTATION_ITEM('')
);
#136=(
BOUNDED_CURVE()
B_SPLINE_CURVE(2,(#9753,#9754,#9755),.UNSPECIFIED.,.F.,.F.)
B_SPLINE_CURVE_WITH_KNOTS((3,3),(5.36486869740049,9.73761861618343),
 .UNSPECIFIED.)
CURVE()
GEOMETRIC_REPRESENTATION_ITEM()
RATIONAL_B_SPLINE_CURVE((3.92102124952264,3.92102124952264,1.98046693603325))
REPRESENTATION_ITEM('')
);
#137=(
BOUNDED_CURVE()
B_SPLINE_CURVE(2,(#9757,#9758,#9759),.UNSPECIFIED.,.F.,.F.)
B_SPLINE_CURVE_WITH_KNOTS((3,3),(0.992118778617557,5.36486869740049),
 .UNSPECIFIED.)
CURVE()
GEOMETRIC_REPRESENTATION_ITEM()
RATIONAL_B_SPLINE_CURVE((1.98046693603325,3.92102124952263,3.92102124952263))
REPRESENTATION_ITEM('')
);
#138=(
BOUNDED_CURVE()
B_SPLINE_CURVE(2,(#9760,#9761,#9762),.UNSPECIFIED.,.F.,.F.)
B_SPLINE_CURVE_WITH_KNOTS((3,3),(5.3648686974005,9.73761861618342),
 .UNSPECIFIED.)
CURVE()
GEOMETRIC_REPRESENTATION_ITEM()
RATIONAL_B_SPLINE_CURVE((3.92102124952262,3.92102124952261,1.98046693603324))
REPRESENTATION_ITEM('')
);
#139=FACE_BOUND('',#1146,.T.);
#140=FACE_BOUND('',#1148,.T.);
#141=FACE_BOUND('',#1152,.T.);
#142=FACE_BOUND('',#1153,.T.);
#143=FACE_BOUND('',#1154,.T.);
#144=FACE_BOUND('',#1181,.T.);
#145=FACE_BOUND('',#1182,.T.);
#146=FACE_BOUND('',#1183,.T.);
#147=FACE_BOUND('',#1184,.T.);
#148=FACE_BOUND('',#1185,.T.);
#149=FACE_BOUND('',#1186,.T.);
#150=FACE_BOUND('',#1187,.T.);
#151=FACE_BOUND('',#1188,.T.);
#152=FACE_BOUND('',#1189,.T.);
#153=FACE_BOUND('',#1192,.T.);
#154=FACE_BOUND('',#1193,.T.);
#155=FACE_BOUND('',#1194,.T.);
#156=FACE_BOUND('',#1195,.T.);
#157=FACE_BOUND('',#1196,.T.);
#158=FACE_BOUND('',#1197,.T.);
#159=FACE_BOUND('',#1198,.T.);
#160=FACE_BOUND('',#1199,.T.);
#161=FACE_BOUND('',#1200,.T.);
#162=FACE_BOUND('',#1213,.T.);
#163=FACE_BOUND('',#1216,.T.);
#164=FACE_BOUND('',#1219,.T.);
#165=FACE_BOUND('',#1220,.T.);
#166=FACE_BOUND('',#1221,.T.);
#167=FACE_BOUND('',#1222,.T.);
#168=FACE_BOUND('',#1223,.T.);
#169=FACE_BOUND('',#1224,.T.);
#170=FACE_BOUND('',#1225,.T.);
#171=FACE_BOUND('',#1226,.T.);
#172=FACE_BOUND('',#1227,.T.);
#173=FACE_BOUND('',#1238,.T.);
#174=FACE_BOUND('',#1241,.T.);
#175=FACE_BOUND('',#1242,.T.);
#176=FACE_BOUND('',#1243,.T.);
#177=FACE_BOUND('',#1244,.T.);
#178=FACE_BOUND('',#1245,.T.);
#179=FACE_BOUND('',#1246,.T.);
#180=FACE_BOUND('',#1247,.T.);
#181=FACE_BOUND('',#1248,.T.);
#182=FACE_BOUND('',#1249,.T.);
#183=FACE_BOUND('',#1315,.T.);
#184=FACE_BOUND('',#1319,.T.);
#185=FACE_BOUND('',#1320,.T.);
#186=FACE_BOUND('',#1321,.T.);
#187=FACE_BOUND('',#1322,.T.);
#188=FACE_BOUND('',#1323,.T.);
#189=FACE_BOUND('',#1324,.T.);
#190=FACE_BOUND('',#1325,.T.);
#191=FACE_BOUND('',#1326,.T.);
#192=FACE_BOUND('',#1327,.T.);
#193=FACE_BOUND('',#1337,.T.);
#194=FACE_BOUND('',#1338,.T.);
#195=FACE_BOUND('',#1339,.T.);
#196=FACE_BOUND('',#1340,.T.);
#197=FACE_BOUND('',#1341,.T.);
#198=FACE_BOUND('',#1342,.T.);
#199=FACE_BOUND('',#1343,.T.);
#200=FACE_BOUND('',#1344,.T.);
#201=FACE_BOUND('',#1345,.T.);
#202=FACE_BOUND('',#1402,.T.);
#203=FACE_BOUND('',#1405,.T.);
#204=FACE_BOUND('',#1408,.T.);
#205=FACE_BOUND('',#1409,.T.);
#206=FACE_BOUND('',#1410,.T.);
#207=FACE_BOUND('',#1411,.T.);
#208=FACE_BOUND('',#1412,.T.);
#209=FACE_BOUND('',#1413,.T.);
#210=FACE_BOUND('',#1414,.T.);
#211=FACE_BOUND('',#1415,.T.);
#212=FACE_BOUND('',#1416,.T.);
#213=FACE_BOUND('',#1427,.T.);
#214=FACE_BOUND('',#1430,.T.);
#215=FACE_BOUND('',#1431,.T.);
#216=FACE_BOUND('',#1432,.T.);
#217=FACE_BOUND('',#1433,.T.);
#218=FACE_BOUND('',#1434,.T.);
#219=FACE_BOUND('',#1435,.T.);
#220=FACE_BOUND('',#1436,.T.);
#221=FACE_BOUND('',#1437,.T.);
#222=FACE_BOUND('',#1438,.T.);
#223=FACE_BOUND('',#1474,.T.);
#224=CYLINDRICAL_SURFACE('',#5470,0.5);
#225=CYLINDRICAL_SURFACE('',#5471,0.5);
#226=CYLINDRICAL_SURFACE('',#5472,0.5);
#227=CYLINDRICAL_SURFACE('',#5473,0.5);
#228=CYLINDRICAL_SURFACE('',#5474,0.5);
#229=CYLINDRICAL_SURFACE('',#5475,0.5);
#230=CYLINDRICAL_SURFACE('',#5476,0.5);
#231=CYLINDRICAL_SURFACE('',#5485,8.87909070502767);
#232=CYLINDRICAL_SURFACE('',#5488,8.8790907050277);
#233=CYLINDRICAL_SURFACE('',#5500,3.5);
#234=CYLINDRICAL_SURFACE('',#5501,3.5);
#235=CYLINDRICAL_SURFACE('',#5502,1.75);
#236=CYLINDRICAL_SURFACE('',#5503,1.75);
#237=CYLINDRICAL_SURFACE('',#5504,3.0000032200065);
#238=CYLINDRICAL_SURFACE('',#5524,5.0000032200065);
#239=CYLINDRICAL_SURFACE('',#5536,0.5);
#240=CYLINDRICAL_SURFACE('',#5544,7.49999999999998);
#241=CYLINDRICAL_SURFACE('',#5571,1.5);
#242=CYLINDRICAL_SURFACE('',#5573,5.);
#243=CYLINDRICAL_SURFACE('',#5575,1.5);
#244=CYLINDRICAL_SURFACE('',#5577,5.);
#245=CYLINDRICAL_SURFACE('',#5609,5.);
#246=CYLINDRICAL_SURFACE('',#5610,1.5);
#247=CYLINDRICAL_SURFACE('',#5611,5.);
#248=CYLINDRICAL_SURFACE('',#5624,0.3);
#249=CYLINDRICAL_SURFACE('',#5633,0.3);
#250=CYLINDRICAL_SURFACE('',#5642,0.3);
#251=CYLINDRICAL_SURFACE('',#5651,0.3);
#252=CYLINDRICAL_SURFACE('',#5664,0.4);
#253=CYLINDRICAL_SURFACE('',#5668,0.4);
#254=CYLINDRICAL_SURFACE('',#5676,2.5);
#255=CYLINDRICAL_SURFACE('',#5682,1.5);
#256=CYLINDRICAL_SURFACE('',#5750,0.3);
#257=CYLINDRICAL_SURFACE('',#5751,0.3);
#258=CYLINDRICAL_SURFACE('',#5752,0.4);
#259=CYLINDRICAL_SURFACE('',#5753,0.3);
#260=CYLINDRICAL_SURFACE('',#5754,0.4);
#261=CYLINDRICAL_SURFACE('',#5755,0.3);
#262=CYLINDRICAL_SURFACE('',#5756,1.5);
#263=CYLINDRICAL_SURFACE('',#5809,2.5);
#264=CYLINDRICAL_SURFACE('',#5814,1.5);
#265=CYLINDRICAL_SURFACE('',#5819,5.);
#266=CYLINDRICAL_SURFACE('',#5916,1.5);
#267=CYLINDRICAL_SURFACE('',#5918,5.);
#268=CYLINDRICAL_SURFACE('',#5920,1.5);
#269=CYLINDRICAL_SURFACE('',#5922,5.);
#270=CYLINDRICAL_SURFACE('',#5954,5.);
#271=CYLINDRICAL_SURFACE('',#5955,1.5);
#272=CYLINDRICAL_SURFACE('',#5956,5.);
#273=CYLINDRICAL_SURFACE('',#5969,0.3);
#274=CYLINDRICAL_SURFACE('',#5978,0.3);
#275=CYLINDRICAL_SURFACE('',#5987,0.3);
#276=CYLINDRICAL_SURFACE('',#5996,0.3);
#277=CYLINDRICAL_SURFACE('',#6009,2.125);
#278=CYLINDRICAL_SURFACE('',#6014,1.5);
#279=CYLINDRICAL_SURFACE('',#6020,0.4);
#280=CYLINDRICAL_SURFACE('',#6024,0.4);
#281=CYLINDRICAL_SURFACE('',#6028,0.3);
#282=CYLINDRICAL_SURFACE('',#6029,0.3);
#283=CYLINDRICAL_SURFACE('',#6030,0.3);
#284=CYLINDRICAL_SURFACE('',#6031,0.4);
#285=CYLINDRICAL_SURFACE('',#6032,0.4);
#286=CYLINDRICAL_SURFACE('',#6035,0.3);
#287=CYLINDRICAL_SURFACE('',#6036,1.5);
#288=CONICAL_SURFACE('',#5422,2.5150041090267,1.13446401379631);
#289=CONICAL_SURFACE('',#5457,2.5150041090267,1.13446401379631);
#290=CONICAL_SURFACE('',#5510,6.11402255284072,0.339292614454045);
#291=CONICAL_SURFACE('',#5511,6.11402255284072,0.339292614454045);
#292=CONICAL_SURFACE('',#5518,8.0000032200065,0.339292614454045);
#293=CONICAL_SURFACE('',#5521,8.0000032200065,0.339292614454045);
#294=CONICAL_SURFACE('',#5543,3.03373683362461,0.192921839743057);
#295=CONICAL_SURFACE('',#5545,4.70941481513858,0.192921839743057);
#296=CONICAL_SURFACE('',#5622,0.325,0.0499583957219428);
#297=CONICAL_SURFACE('',#5631,0.325,0.0499583957219428);
#298=CONICAL_SURFACE('',#5640,0.325,0.0499583957219428);
#299=CONICAL_SURFACE('',#5649,0.325,0.0499583957219428);
#300=CONICAL_SURFACE('',#5658,0.325,0.0499583957219428);
#301=CONICAL_SURFACE('',#5659,0.325,0.0499583957219428);
#302=CONICAL_SURFACE('',#5660,0.325,0.0499583957219428);
#303=CONICAL_SURFACE('',#5661,0.325,0.0499583957219428);
#304=CONICAL_SURFACE('',#5662,0.425,0.0499583957219428);
#305=CONICAL_SURFACE('',#5666,0.425,0.0499583957219428);
#306=CONICAL_SURFACE('',#5670,0.425,0.0499583957219428);
#307=CONICAL_SURFACE('',#5671,0.425,0.0499583957219428);
#308=CONICAL_SURFACE('',#5714,2.51500410902671,1.13446401379632);
#309=CONICAL_SURFACE('',#5744,2.51500410902671,1.13446401379632);
#310=CONICAL_SURFACE('',#5760,0.425,0.0499583957219427);
#311=CONICAL_SURFACE('',#5773,0.425,0.0499583957219428);
#312=CONICAL_SURFACE('',#5775,0.425,0.0499583957219428);
#313=CONICAL_SURFACE('',#5777,0.425,0.0499583957219428);
#314=CONICAL_SURFACE('',#5779,0.425,0.0499583957219428);
#315=CONICAL_SURFACE('',#5781,0.425,0.0499583957219428);
#316=CONICAL_SURFACE('',#5783,0.425,0.0499583957219428);
#317=CONICAL_SURFACE('',#5785,0.425,0.0499583957219428);
#318=CONICAL_SURFACE('',#5787,0.425,0.0499583957219428);
#319=CONICAL_SURFACE('',#5799,0.425,0.0499583957219428);
#320=CONICAL_SURFACE('',#5800,0.425,0.0499583957219428);
#321=CONICAL_SURFACE('',#5801,0.425,0.0499583957219428);
#322=CONICAL_SURFACE('',#5802,0.425,0.0499583957219428);
#323=CONICAL_SURFACE('',#5803,0.425,0.0499583957219428);
#324=CONICAL_SURFACE('',#5804,0.425,0.0499583957219427);
#325=CONICAL_SURFACE('',#5805,0.425,0.0499583957219428);
#326=CONICAL_SURFACE('',#5863,2.51500410902671,1.13446401379632);
#327=CONICAL_SURFACE('',#5879,2.51500410902671,1.13446401379632);
#328=CONICAL_SURFACE('',#5967,0.325,0.0499583957219428);
#329=CONICAL_SURFACE('',#5976,0.325,0.0499583957219428);
#330=CONICAL_SURFACE('',#5985,0.325,0.0499583957219428);
#331=CONICAL_SURFACE('',#5994,0.325,0.0499583957219428);
#332=CONICAL_SURFACE('',#6003,0.325,0.0499583957219428);
#333=CONICAL_SURFACE('',#6004,0.325,0.0499583957219428);
#334=CONICAL_SURFACE('',#6005,0.325,0.0499583957219428);
#335=CONICAL_SURFACE('',#6006,0.325,0.0499583957219428);
#336=CONICAL_SURFACE('',#6007,2.225,0.197395559849881);
#337=CONICAL_SURFACE('',#6018,0.425,0.0499583957219428);
#338=CONICAL_SURFACE('',#6022,0.425,0.0499583957219428);
#339=CONICAL_SURFACE('',#6026,0.425,0.0499583957219428);
#340=CONICAL_SURFACE('',#6027,0.425,0.0499583957219428);
#341=SPHERICAL_SURFACE('',#5414,0.5);
#342=SPHERICAL_SURFACE('',#5416,2.05);
#343=SPHERICAL_SURFACE('',#5427,3.5);
#344=SPHERICAL_SURFACE('',#5439,0.5);
#345=SPHERICAL_SURFACE('',#5452,0.5);
#346=SPHERICAL_SURFACE('',#5454,0.5);
#347=SPHERICAL_SURFACE('',#5466,0.5);
#348=SPHERICAL_SURFACE('',#5706,2.05);
#349=SPHERICAL_SURFACE('',#5731,3.5);
#350=SPHERICAL_SURFACE('',#5757,2.);
#351=SPHERICAL_SURFACE('',#5854,3.5);
#352=SPHERICAL_SURFACE('',#5866,2.05);
#353=SPHERICAL_SURFACE('',#5889,2.);
#354=SPHERICAL_SURFACE('',#6033,2.);
#355=B_SPLINE_SURFACE_WITH_KNOTS('',3,3,((#7737,#7738,#7739,#7740),(#7741,
#7742,#7743,#7744),(#7745,#7746,#7747,#7748),(#7749,#7750,#7751,#7752),
(#7753,#7754,#7755,#7756)),.UNSPECIFIED.,.F.,.F.,.F.,(4,1,4),(4,4),(0.,
0.5,1.),(0.510007503556666,0.608067683949808),.UNSPECIFIED.);
#356=B_SPLINE_SURFACE_WITH_KNOTS('',3,3,((#7836,#7837,#7838,#7839),(#7840,
#7841,#7842,#7843),(#7844,#7845,#7846,#7847),(#7848,#7849,#7850,#7851),
(#7852,#7853,#7854,#7855)),.UNSPECIFIED.,.F.,.F.,.F.,(4,1,4),(4,4),(0.,
0.5,1.),(0.571354431441948,0.620067193305295),.UNSPECIFIED.);
#357=B_SPLINE_SURFACE_WITH_KNOTS('',3,3,((#7882,#7883,#7884,#7885),(#7886,
#7887,#7888,#7889),(#7890,#7891,#7892,#7893),(#7894,#7895,#7896,#7897),
(#7898,#7899,#7900,#7901)),.UNSPECIFIED.,.F.,.F.,.F.,(4,1,4),(4,4),(0.,
0.5,1.),(0.,0.0848899630209735),.UNSPECIFIED.);
#358=B_SPLINE_SURFACE_WITH_KNOTS('',3,3,((#7927,#7928,#7929,#7930),(#7931,
#7932,#7933,#7934),(#7935,#7936,#7937,#7938),(#7939,#7940,#7941,#7942),
(#7943,#7944,#7945,#7946)),.UNSPECIFIED.,.F.,.F.,.F.,(4,1,4),(4,4),(0.,
0.5,1.),(0.,0.0980601064883433),.UNSPECIFIED.);
#359=B_SPLINE_SURFACE_WITH_KNOTS('',3,3,((#7969,#7970,#7971,#7972,#7973,
#7974,#7975,#7976,#7977,#7978,#7979,#7980,#7981,#7982,#7983,#7984,#7985,
#7986,#7987),(#7988,#7989,#7990,#7991,#7992,#7993,#7994,#7995,#7996,#7997,
#7998,#7999,#8000,#8001,#8002,#8003,#8004,#8005,#8006),(#8007,#8008,#8009,
#8010,#8011,#8012,#8013,#8014,#8015,#8016,#8017,#8018,#8019,#8020,#8021,
#8022,#8023,#8024,#8025),(#8026,#8027,#8028,#8029,#8030,#8031,#8032,#8033,
#8034,#8035,#8036,#8037,#8038,#8039,#8040,#8041,#8042,#8043,#8044)),
 .UNSPECIFIED.,.F.,.T.,.F.,(4,4),(4,1,1,1,1,1,1,1,1,1,1,1,1,1,1,1,4),(0.,
1.),(-3.14159265358979,-2.91719317833338,-2.69279370307697,-2.24399475256414,
-1.79519580205131,-1.34639685153848,-0.897597901025655,-0.448798950512828,
0.,0.448798950512828,0.897597901025655,1.34639685153848,1.79519580205131,
2.24399475256414,2.69279370307697,2.91719317833338,3.14159265358979),
 .UNSPECIFIED.);
#360=B_SPLINE_SURFACE_WITH_KNOTS('',3,3,((#8116,#8117,#8118,#8119,#8120,
#8121,#8122,#8123,#8124,#8125,#8126,#8127,#8128,#8129,#8130,#8131,#8132),
(#8133,#8134,#8135,#8136,#8137,#8138,#8139,#8140,#8141,#8142,#8143,#8144,
#8145,#8146,#8147,#8148,#8149),(#8150,#8151,#8152,#8153,#8154,#8155,#8156,
#8157,#8158,#8159,#8160,#8161,#8162,#8163,#8164,#8165,#8166),(#8167,#8168,
#8169,#8170,#8171,#8172,#8173,#8174,#8175,#8176,#8177,#8178,#8179,#8180,
#8181,#8182,#8183)),.UNSPECIFIED.,.F.,.T.,.F.,(4,4),(4,1,1,1,1,1,1,1,1,
1,1,1,1,1,4),(0.,1.),(-3.14159265358979,-2.46839422782055,-2.24399475256414,
-1.79519580205131,-1.34639685153848,-0.897597901025655,-0.448798950512828,
0.,0.448798950512828,0.897597901025655,1.34639685153848,1.79519580205131,
2.24399475256414,2.69279370307697,3.14159265358979),.UNSPECIFIED.);
#361=B_SPLINE_SURFACE_WITH_KNOTS('',3,3,((#8203,#8204,#8205,#8206,#8207,
#8208,#8209,#8210,#8211,#8212,#8213,#8214,#8215,#8216,#8217,#8218,#8219,
#8220,#8221),(#8222,#8223,#8224,#8225,#8226,#8227,#8228,#8229,#8230,#8231,
#8232,#8233,#8234,#8235,#8236,#8237,#8238,#8239,#8240),(#8241,#8242,#8243,
#8244,#8245,#8246,#8247,#8248,#8249,#8250,#8251,#8252,#8253,#8254,#8255,
#8256,#8257,#8258,#8259),(#8260,#8261,#8262,#8263,#8264,#8265,#8266,#8267,
#8268,#8269,#8270,#8271,#8272,#8273,#8274,#8275,#8276,#8277,#8278)),
 .UNSPECIFIED.,.F.,.T.,.F.,(4,4),(4,1,1,1,1,1,1,1,1,1,1,1,1,1,1,1,4),(0.,
1.),(-3.14159265358979,-2.91719317833338,-2.69279370307697,-2.24399475256414,
-1.79519580205131,-1.34639685153848,-0.897597901025655,-0.448798950512828,
0.,0.448798950512828,0.897597901025655,1.34639685153848,1.79519580205131,
2.24399475256414,2.69279370307697,2.91719317833338,3.14159265358979),
 .UNSPECIFIED.);
#362=B_SPLINE_SURFACE_WITH_KNOTS('',3,3,((#8350,#8351,#8352,#8353,#8354,
#8355,#8356,#8357,#8358,#8359,#8360,#8361,#8362,#8363,#8364,#8365,#8366),
(#8367,#8368,#8369,#8370,#8371,#8372,#8373,#8374,#8375,#8376,#8377,#8378,
#8379,#8380,#8381,#8382,#8383),(#8384,#8385,#8386,#8387,#8388,#8389,#8390,
#8391,#8392,#8393,#8394,#8395,#8396,#8397,#8398,#8399,#8400),(#8401,#8402,
#8403,#8404,#8405,#8406,#8407,#8408,#8409,#8410,#8411,#8412,#8413,#8414,
#8415,#8416,#8417)),.UNSPECIFIED.,.F.,.T.,.F.,(4,4),(4,1,1,1,1,1,1,1,1,
1,1,1,1,1,4),(0.,1.),(-3.14159265358979,-2.46839422782055,-2.24399475256414,
-1.79519580205131,-1.34639685153848,-0.897597901025655,-0.448798950512828,
0.,0.448798950512828,0.897597901025655,1.34639685153848,1.79519580205131,
2.24399475256414,2.69279370307697,3.14159265358979),.UNSPECIFIED.);
#363=B_SPLINE_SURFACE_WITH_KNOTS('',3,3,((#8437,#8438,#8439,#8440,#8441,
#8442,#8443,#8444,#8445,#8446,#8447,#8448,#8449,#8450,#8451,#8452,#8453,
#8454,#8455),(#8456,#8457,#8458,#8459,#8460,#8461,#8462,#8463,#8464,#8465,
#8466,#8467,#8468,#8469,#8470,#8471,#8472,#8473,#8474),(#8475,#8476,#8477,
#8478,#8479,#8480,#8481,#8482,#8483,#8484,#8485,#8486,#8487,#8488,#8489,
#8490,#8491,#8492,#8493),(#8494,#8495,#8496,#8497,#8498,#8499,#8500,#8501,
#8502,#8503,#8504,#8505,#8506,#8507,#8508,#8509,#8510,#8511,#8512)),
 .UNSPECIFIED.,.F.,.T.,.F.,(4,4),(4,1,1,1,1,1,1,1,1,1,1,1,1,1,1,1,4),(0.,
1.),(-3.14159265358979,-2.91719317833338,-2.69279370307697,-2.24399475256414,
-1.79519580205131,-1.34639685153848,-0.897597901025655,-0.448798950512828,
0.,0.448798950512828,0.897597901025655,1.34639685153848,1.79519580205131,
2.24399475256414,2.69279370307697,2.91719317833338,3.14159265358979),
 .UNSPECIFIED.);
#364=B_SPLINE_SURFACE_WITH_KNOTS('',3,3,((#8584,#8585,#8586,#8587,#8588,
#8589,#8590,#8591,#8592,#8593,#8594,#8595,#8596,#8597,#8598,#8599,#8600),
(#8601,#8602,#8603,#8604,#8605,#8606,#8607,#8608,#8609,#8610,#8611,#8612,
#8613,#8614,#8615,#8616,#8617),(#8618,#8619,#8620,#8621,#8622,#8623,#8624,
#8625,#8626,#8627,#8628,#8629,#8630,#8631,#8632,#8633,#8634),(#8635,#8636,
#8637,#8638,#8639,#8640,#8641,#8642,#8643,#8644,#8645,#8646,#8647,#8648,
#8649,#8650,#8651)),.UNSPECIFIED.,.F.,.T.,.F.,(4,4),(4,1,1,1,1,1,1,1,1,
1,1,1,1,1,4),(0.,1.),(-3.14159265358979,-2.46839422782055,-2.24399475256414,
-1.79519580205131,-1.34639685153848,-0.897597901025655,-0.448798950512828,
0.,0.448798950512828,0.897597901025655,1.34639685153848,1.79519580205131,
2.24399475256414,2.69279370307697,3.14159265358979),.UNSPECIFIED.);
#365=B_SPLINE_SURFACE_WITH_KNOTS('',3,3,((#8671,#8672,#8673,#8674,#8675,
#8676,#8677,#8678,#8679,#8680,#8681,#8682,#8683,#8684,#8685,#8686,#8687,
#8688,#8689),(#8690,#8691,#8692,#8693,#8694,#8695,#8696,#8697,#8698,#8699,
#8700,#8701,#8702,#8703,#8704,#8705,#8706,#8707,#8708),(#8709,#8710,#8711,
#8712,#8713,#8714,#8715,#8716,#8717,#8718,#8719,#8720,#8721,#8722,#8723,
#8724,#8725,#8726,#8727),(#8728,#8729,#8730,#8731,#8732,#8733,#8734,#8735,
#8736,#8737,#8738,#8739,#8740,#8741,#8742,#8743,#8744,#8745,#8746)),
 .UNSPECIFIED.,.F.,.T.,.F.,(4,4),(4,1,1,1,1,1,1,1,1,1,1,1,1,1,1,1,4),(0.,
1.),(-3.14159265358979,-2.91719317833338,-2.69279370307697,-2.24399475256414,
-1.79519580205131,-1.34639685153848,-0.897597901025655,-0.448798950512828,
0.,0.448798950512828,0.897597901025655,1.34639685153848,1.79519580205131,
2.24399475256414,2.69279370307697,2.91719317833338,3.14159265358979),
 .UNSPECIFIED.);
#366=B_SPLINE_SURFACE_WITH_KNOTS('',3,3,((#8818,#8819,#8820,#8821,#8822,
#8823,#8824,#8825,#8826,#8827,#8828,#8829,#8830,#8831,#8832,#8833,#8834),
(#8835,#8836,#8837,#8838,#8839,#8840,#8841,#8842,#8843,#8844,#8845,#8846,
#8847,#8848,#8849,#8850,#8851),(#8852,#8853,#8854,#8855,#8856,#8857,#8858,
#8859,#8860,#8861,#8862,#8863,#8864,#8865,#8866,#8867,#8868),(#8869,#8870,
#8871,#8872,#8873,#8874,#8875,#8876,#8877,#8878,#8879,#8880,#8881,#8882,
#8883,#8884,#8885)),.UNSPECIFIED.,.F.,.T.,.F.,(4,4),(4,1,1,1,1,1,1,1,1,
1,1,1,1,1,4),(0.,1.),(-3.14159265358979,-2.46839422782055,-2.24399475256414,
-1.79519580205131,-1.34639685153848,-0.897597901025655,-0.448798950512828,
0.,0.448798950512828,0.897597901025655,1.34639685153848,1.79519580205131,
2.24399475256414,2.69279370307697,3.14159265358979),.UNSPECIFIED.);
#367=B_SPLINE_SURFACE_WITH_KNOTS('',3,3,((#8905,#8906,#8907,#8908,#8909,
#8910,#8911,#8912,#8913,#8914,#8915,#8916,#8917,#8918,#8919,#8920,#8921,
#8922,#8923),(#8924,#8925,#8926,#8927,#8928,#8929,#8930,#8931,#8932,#8933,
#8934,#8935,#8936,#8937,#8938,#8939,#8940,#8941,#8942),(#8943,#8944,#8945,
#8946,#8947,#8948,#8949,#8950,#8951,#8952,#8953,#8954,#8955,#8956,#8957,
#8958,#8959,#8960,#8961),(#8962,#8963,#8964,#8965,#8966,#8967,#8968,#8969,
#8970,#8971,#8972,#8973,#8974,#8975,#8976,#8977,#8978,#8979,#8980)),
 .UNSPECIFIED.,.F.,.T.,.F.,(4,4),(4,1,1,1,1,1,1,1,1,1,1,1,1,1,1,1,4),(0.,
1.),(-3.14159265358979,-2.91719317833338,-2.69279370307697,-2.24399475256414,
-1.79519580205131,-1.34639685153848,-0.897597901025655,-0.448798950512828,
0.,0.448798950512828,0.897597901025655,1.34639685153848,1.79519580205131,
2.24399475256414,2.69279370307697,2.91719317833338,3.14159265358979),
 .UNSPECIFIED.);
#368=B_SPLINE_SURFACE_WITH_KNOTS('',3,3,((#9052,#9053,#9054,#9055,#9056,
#9057,#9058,#9059,#9060,#9061,#9062,#9063,#9064,#9065,#9066,#9067,#9068),
(#9069,#9070,#9071,#9072,#9073,#9074,#9075,#9076,#9077,#9078,#9079,#9080,
#9081,#9082,#9083,#9084,#9085),(#9086,#9087,#9088,#9089,#9090,#9091,#9092,
#9093,#9094,#9095,#9096,#9097,#9098,#9099,#9100,#9101,#9102),(#9103,#9104,
#9105,#9106,#9107,#9108,#9109,#9110,#9111,#9112,#9113,#9114,#9115,#9116,
#9117,#9118,#9119)),.UNSPECIFIED.,.F.,.T.,.F.,(4,4),(4,1,1,1,1,1,1,1,1,
1,1,1,1,1,4),(0.,1.),(-3.14159265358979,-2.46839422782055,-2.24399475256414,
-1.79519580205131,-1.34639685153848,-0.897597901025655,-0.448798950512828,
0.,0.448798950512828,0.897597901025655,1.34639685153848,1.79519580205131,
2.24399475256414,2.69279370307697,3.14159265358979),.UNSPECIFIED.);
#369=B_SPLINE_SURFACE_WITH_KNOTS('',3,3,((#9139,#9140,#9141,#9142,#9143,
#9144,#9145,#9146,#9147,#9148,#9149,#9150,#9151,#9152,#9153,#9154,#9155,
#9156,#9157),(#9158,#9159,#9160,#9161,#9162,#9163,#9164,#9165,#9166,#9167,
#9168,#9169,#9170,#9171,#9172,#9173,#9174,#9175,#9176),(#9177,#9178,#9179,
#9180,#9181,#9182,#9183,#9184,#9185,#9186,#9187,#9188,#9189,#9190,#9191,
#9192,#9193,#9194,#9195),(#9196,#9197,#9198,#9199,#9200,#9201,#9202,#9203,
#9204,#9205,#9206,#9207,#9208,#9209,#9210,#9211,#9212,#9213,#9214)),
 .UNSPECIFIED.,.F.,.T.,.F.,(4,4),(4,1,1,1,1,1,1,1,1,1,1,1,1,1,1,1,4),(0.,
1.),(-3.14159265358979,-2.91719317833338,-2.69279370307697,-2.24399475256414,
-1.79519580205131,-1.34639685153848,-0.897597901025655,-0.448798950512828,
0.,0.448798950512828,0.897597901025655,1.34639685153848,1.79519580205131,
2.24399475256414,2.69279370307697,2.91719317833338,3.14159265358979),
 .UNSPECIFIED.);
#370=B_SPLINE_SURFACE_WITH_KNOTS('',3,3,((#9286,#9287,#9288,#9289,#9290,
#9291,#9292,#9293,#9294,#9295,#9296,#9297,#9298,#9299,#9300,#9301,#9302),
(#9303,#9304,#9305,#9306,#9307,#9308,#9309,#9310,#9311,#9312,#9313,#9314,
#9315,#9316,#9317,#9318,#9319),(#9320,#9321,#9322,#9323,#9324,#9325,#9326,
#9327,#9328,#9329,#9330,#9331,#9332,#9333,#9334,#9335,#9336),(#9337,#9338,
#9339,#9340,#9341,#9342,#9343,#9344,#9345,#9346,#9347,#9348,#9349,#9350,
#9351,#9352,#9353)),.UNSPECIFIED.,.F.,.T.,.F.,(4,4),(4,1,1,1,1,1,1,1,1,
1,1,1,1,1,4),(0.,1.),(-3.14159265358979,-2.46839422782055,-2.24399475256414,
-1.79519580205131,-1.34639685153848,-0.897597901025655,-0.448798950512828,
0.,0.448798950512828,0.897597901025655,1.34639685153848,1.79519580205131,
2.24399475256414,2.69279370307697,3.14159265358979),.UNSPECIFIED.);
#371=B_SPLINE_SURFACE_WITH_KNOTS('',3,3,((#9373,#9374,#9375,#9376,#9377,
#9378,#9379,#9380,#9381,#9382,#9383,#9384,#9385,#9386,#9387,#9388,#9389,
#9390,#9391),(#9392,#9393,#9394,#9395,#9396,#9397,#9398,#9399,#9400,#9401,
#9402,#9403,#9404,#9405,#9406,#9407,#9408,#9409,#9410),(#9411,#9412,#9413,
#9414,#9415,#9416,#9417,#9418,#9419,#9420,#9421,#9422,#9423,#9424,#9425,
#9426,#9427,#9428,#9429),(#9430,#9431,#9432,#9433,#9434,#9435,#9436,#9437,
#9438,#9439,#9440,#9441,#9442,#9443,#9444,#9445,#9446,#9447,#9448)),
 .UNSPECIFIED.,.F.,.T.,.F.,(4,4),(4,1,1,1,1,1,1,1,1,1,1,1,1,1,1,1,4),(0.,
1.),(-3.14159265358979,-2.91719317833338,-2.69279370307697,-2.24399475256414,
-1.79519580205131,-1.34639685153848,-0.897597901025655,-0.448798950512828,
0.,0.448798950512828,0.897597901025655,1.34639685153848,1.79519580205131,
2.24399475256414,2.69279370307697,2.91719317833338,3.14159265358979),
 .UNSPECIFIED.);
#372=B_SPLINE_SURFACE_WITH_KNOTS('',3,3,((#9520,#9521,#9522,#9523,#9524,
#9525,#9526,#9527,#9528,#9529,#9530,#9531,#9532,#9533,#9534,#9535,#9536),
(#9537,#9538,#9539,#9540,#9541,#9542,#9543,#9544,#9545,#9546,#9547,#9548,
#9549,#9550,#9551,#9552,#9553),(#9554,#9555,#9556,#9557,#9558,#9559,#9560,
#9561,#9562,#9563,#9564,#9565,#9566,#9567,#9568,#9569,#9570),(#9571,#9572,
#9573,#9574,#9575,#9576,#9577,#9578,#9579,#9580,#9581,#9582,#9583,#9584,
#9585,#9586,#9587)),.UNSPECIFIED.,.F.,.T.,.F.,(4,4),(4,1,1,1,1,1,1,1,1,
1,1,1,1,1,4),(0.,1.),(-3.14159265358979,-2.46839422782055,-2.24399475256414,
-1.79519580205131,-1.34639685153848,-0.897597901025655,-0.448798950512828,
0.,0.448798950512828,0.897597901025655,1.34639685153848,1.79519580205131,
2.24399475256414,2.69279370307697,3.14159265358979),.UNSPECIFIED.);
#373=B_SPLINE_SURFACE_WITH_KNOTS('',3,3,((#9791,#9792,#9793,#9794,#9795,
#9796,#9797,#9798,#9799,#9800),(#9801,#9802,#9803,#9804,#9805,#9806,#9807,
#9808,#9809,#9810),(#9811,#9812,#9813,#9814,#9815,#9816,#9817,#9818,#9819,
#9820),(#9821,#9822,#9823,#9824,#9825,#9826,#9827,#9828,#9829,#9830),(#9831,
#9832,#9833,#9834,#9835,#9836,#9837,#9838,#9839,#9840)),.UNSPECIFIED.,.F.,
 .F.,.F.,(4,1,4),(4,1,1,1,1,1,1,4),(0.,0.571428571428571,1.),(0.78776530460903,
0.858145291327044,0.928525278045057,1.06928525148108,1.35080519835314,1.63232514522519,
2.19536503896929,2.7584049327134),.UNSPECIFIED.);
#374=B_SPLINE_SURFACE_WITH_KNOTS('',3,3,((#9881,#9882,#9883,#9884,#9885,
#9886,#9887,#9888,#9889),(#9890,#9891,#9892,#9893,#9894,#9895,#9896,#9897,
#9898),(#9899,#9900,#9901,#9902,#9903,#9904,#9905,#9906,#9907),(#9908,#9909,
#9910,#9911,#9912,#9913,#9914,#9915,#9916),(#9917,#9918,#9919,#9920,#9921,
#9922,#9923,#9924,#9925)),.UNSPECIFIED.,.F.,.F.,.F.,(4,1,4),(4,1,1,1,1,
1,4),(0.,0.571428571428571,1.),(0.462157679187459,1.30671751980331,1.86975741354721,
2.15127736041916,2.29203733385514,2.36241732057312,2.43279730729111),
 .UNSPECIFIED.);
#375=B_SPLINE_SURFACE_WITH_KNOTS('',3,3,((#9957,#9958,#9959,#9960,#9961,
#9962,#9963,#9964,#9965),(#9966,#9967,#9968,#9969,#9970,#9971,#9972,#9973,
#9974),(#9975,#9976,#9977,#9978,#9979,#9980,#9981,#9982,#9983),(#9984,#9985,
#9986,#9987,#9988,#9989,#9990,#9991,#9992),(#9993,#9994,#9995,#9996,#9997,
#9998,#9999,#10000,#10001)),.UNSPECIFIED.,.F.,.F.,.F.,(4,1,4),(4,1,1,1,
1,1,4),(0.,0.571428571428571,1.),(1.14481432770954,1.21519432009344,1.28557431247733,
1.42633429724512,1.7078542667807,2.27089420585186,3.11545411445859),
 .UNSPECIFIED.);
#376=B_SPLINE_SURFACE_WITH_KNOTS('',3,3,((#10023,#10024,#10025,#10026,#10027,
#10028,#10029,#10030,#10031),(#10032,#10033,#10034,#10035,#10036,#10037,
#10038,#10039,#10040),(#10041,#10042,#10043,#10044,#10045,#10046,#10047,
#10048,#10049),(#10050,#10051,#10052,#10053,#10054,#10055,#10056,#10057,
#10058),(#10059,#10060,#10061,#10062,#10063,#10064,#10065,#10066,#10067)),
 .UNSPECIFIED.,.F.,.F.,.F.,(4,1,4),(4,1,1,1,1,1,4),(0.,0.571428571428571,
1.),(0.46215768525913,1.30671759380732,1.86975753283944,2.15127750235551,
2.29203748711354,2.36241747949255,2.43279747187157),.UNSPECIFIED.);
#377=B_SPLINE_SURFACE_WITH_KNOTS('',3,3,((#10102,#10103,#10104,#10105,#10106,
#10107,#10108,#10109,#10110,#10111,#10112,#10113,#10114,#10115,#10116,#10117,
#10118,#10119,#10120),(#10121,#10122,#10123,#10124,#10125,#10126,#10127,
#10128,#10129,#10130,#10131,#10132,#10133,#10134,#10135,#10136,#10137,#10138,
#10139),(#10140,#10141,#10142,#10143,#10144,#10145,#10146,#10147,#10148,
#10149,#10150,#10151,#10152,#10153,#10154,#10155,#10156,#10157,#10158),
(#10159,#10160,#10161,#10162,#10163,#10164,#10165,#10166,#10167,#10168,
#10169,#10170,#10171,#10172,#10173,#10174,#10175,#10176,#10177)),
 .UNSPECIFIED.,.F.,.T.,.F.,(4,4),(4,1,1,1,1,1,1,1,1,1,1,1,1,1,1,1,4),(0.,
1.),(-3.14159265358979,-2.91719317833338,-2.69279370307697,-2.24399475256414,
-1.79519580205131,-1.34639685153848,-0.897597901025655,-0.448798950512828,
0.,0.448798950512828,0.897597901025655,1.34639685153848,1.79519580205131,
2.24399475256414,2.69279370307697,2.91719317833338,3.14159265358979),
 .UNSPECIFIED.);
#378=B_SPLINE_SURFACE_WITH_KNOTS('',3,3,((#10254,#10255,#10256,#10257,#10258,
#10259,#10260,#10261,#10262,#10263,#10264,#10265,#10266,#10267,#10268,#10269,
#10270),(#10271,#10272,#10273,#10274,#10275,#10276,#10277,#10278,#10279,
#10280,#10281,#10282,#10283,#10284,#10285,#10286,#10287),(#10288,#10289,
#10290,#10291,#10292,#10293,#10294,#10295,#10296,#10297,#10298,#10299,#10300,
#10301,#10302,#10303,#10304),(#10305,#10306,#10307,#10308,#10309,#10310,
#10311,#10312,#10313,#10314,#10315,#10316,#10317,#10318,#10319,#10320,#10321)),
 .UNSPECIFIED.,.F.,.T.,.F.,(4,4),(4,1,1,1,1,1,1,1,1,1,1,1,1,1,4),(0.,1.),
(-3.14159265358979,-2.46839422782055,-2.24399475256414,-1.79519580205131,
-1.34639685153848,-0.897597901025655,-0.448798950512828,0.,0.448798950512828,
0.897597901025655,1.34639685153848,1.79519580205131,2.24399475256414,2.69279370307697,
3.14159265358979),.UNSPECIFIED.);
#379=B_SPLINE_SURFACE_WITH_KNOTS('',3,3,((#11108,#11109,#11110,#11111),
(#11112,#11113,#11114,#11115),(#11116,#11117,#11118,#11119),(#11120,#11121,
#11122,#11123),(#11124,#11125,#11126,#11127)),.UNSPECIFIED.,.F.,.F.,.F.,
(4,1,4),(4,4),(0.,0.5,1.),(0.470001069117901,0.52775891818611),
 .UNSPECIFIED.);
#380=B_SPLINE_SURFACE_WITH_KNOTS('',3,3,((#11144,#11145,#11146,#11147,#11148,
#11149),(#11150,#11151,#11152,#11153,#11154,#11155),(#11156,#11157,#11158,
#11159,#11160,#11161),(#11162,#11163,#11164,#11165,#11166,#11167),(#11168,
#11169,#11170,#11171,#11172,#11173),(#11174,#11175,#11176,#11177,#11178,
#11179)),.UNSPECIFIED.,.F.,.F.,.F.,(4,1,1,4),(4,1,1,4),(0.,0.285714285714286,
0.571428571428571,1.),(2.70546878218228E-14,0.0252165303110712,0.0420275505184339,
0.0588385707257966),.UNSPECIFIED.);
#381=B_SPLINE_SURFACE_WITH_KNOTS('',3,3,((#11252,#11253,#11254,#11255,#11256,
#11257),(#11258,#11259,#11260,#11261,#11262,#11263),(#11264,#11265,#11266,
#11267,#11268,#11269),(#11270,#11271,#11272,#11273,#11274,#11275),(#11276,
#11277,#11278,#11279,#11280,#11281),(#11282,#11283,#11284,#11285,#11286,
#11287)),.UNSPECIFIED.,.F.,.F.,.F.,(4,1,1,4),(4,1,1,4),(0.,0.285714285714286,
0.571428571428571,1.),(0.,0.0126082602993134,0.0252165205986267,0.0588385480634623),
 .UNSPECIFIED.);
#382=B_SPLINE_SURFACE_WITH_KNOTS('',3,3,((#11303,#11304,#11305,#11306),
(#11307,#11308,#11309,#11310),(#11311,#11312,#11313,#11314),(#11315,#11316,
#11317,#11318),(#11319,#11320,#11321,#11322)),.UNSPECIFIED.,.F.,.F.,.F.,
(4,1,4),(4,4),(0.,0.5,1.),(2.54180766763479E-15,0.0577578490681504),
 .UNSPECIFIED.);
#383=B_SPLINE_SURFACE_WITH_KNOTS('',3,3,((#11338,#11339,#11340,#11341,#11342,
#11343),(#11344,#11345,#11346,#11347,#11348,#11349),(#11350,#11351,#11352,
#11353,#11354,#11355),(#11356,#11357,#11358,#11359,#11360,#11361),(#11362,
#11363,#11364,#11365,#11366,#11367),(#11368,#11369,#11370,#11371,#11372,
#11373)),.UNSPECIFIED.,.F.,.F.,.F.,(4,1,1,4),(4,1,1,4),(0.,0.285714285714286,
0.571428571428571,1.),(0.,0.0168110137324178,0.0336220274648356,0.0588385480634623),
 .UNSPECIFIED.);
#384=B_SPLINE_SURFACE_WITH_KNOTS('',3,3,((#11388,#11389,#11390,#11391),
(#11392,#11393,#11394,#11395),(#11396,#11397,#11398,#11399),(#11400,#11401,
#11402,#11403),(#11404,#11405,#11406,#11407)),.UNSPECIFIED.,.F.,.F.,.F.,
(4,1,4),(4,4),(0.,0.5,1.),(2.68759877981843E-15,0.0577578490677167),
 .UNSPECIFIED.);
#385=B_SPLINE_SURFACE_WITH_KNOTS('',3,3,((#11447,#11448,#11449,#11450),
(#11451,#11452,#11453,#11454),(#11455,#11456,#11457,#11458),(#11459,#11460,
#11461,#11462),(#11463,#11464,#11465,#11466)),.UNSPECIFIED.,.F.,.F.,.F.,
(4,1,4),(4,4),(0.,0.5,1.),(0.483661243001979,0.54141909206975),
 .UNSPECIFIED.);
#386=B_SPLINE_SURFACE_WITH_KNOTS('',3,3,((#11478,#11479,#11480,#11481,#11482,
#11483),(#11484,#11485,#11486,#11487,#11488,#11489),(#11490,#11491,#11492,
#11493,#11494,#11495),(#11496,#11497,#11498,#11499,#11500,#11501),(#11502,
#11503,#11504,#11505,#11506,#11507),(#11508,#11509,#11510,#11511,#11512,
#11513)),.UNSPECIFIED.,.F.,.F.,.F.,(4,1,1,4),(4,1,1,4),(0.,0.285714285714286,
0.571428571428571,1.),(2.7232929208508E-14,0.0252165303110713,0.042027550518434,
0.0588385707257967),.UNSPECIFIED.);
#387=B_SPLINE_SURFACE_WITH_KNOTS('',3,3,((#11536,#11537,#11538,#11539,#11540,
#11541,#11542,#11543,#11544,#11545,#11546,#11547,#11548,#11549,#11550,#11551,
#11552,#11553,#11554,#11555,#11556,#11557,#11558,#11559,#11560,#11561),
(#11562,#11563,#11564,#11565,#11566,#11567,#11568,#11569,#11570,#11571,
#11572,#11573,#11574,#11575,#11576,#11577,#11578,#11579,#11580,#11581,#11582,
#11583,#11584,#11585,#11586,#11587),(#11588,#11589,#11590,#11591,#11592,
#11593,#11594,#11595,#11596,#11597,#11598,#11599,#11600,#11601,#11602,#11603,
#11604,#11605,#11606,#11607,#11608,#11609,#11610,#11611,#11612,#11613),
(#11614,#11615,#11616,#11617,#11618,#11619,#11620,#11621,#11622,#11623,
#11624,#11625,#11626,#11627,#11628,#11629,#11630,#11631,#11632,#11633,#11634,
#11635,#11636,#11637,#11638,#11639)),.UNSPECIFIED.,.F.,.T.,.F.,(4,4),(4,
1,1,1,1,1,1,1,1,1,1,1,1,1,1,1,1,1,1,1,1,1,1,4),(0.,1.),(0.,0.00647630864703766,
0.0129526172940753,0.019428925941113,0.0259052345881506,0.038857851882226,
0.0518104691763013,0.0582867778233389,0.0647630864703766,0.0712393951174143,
0.0744775494409331,0.0777157037644519,0.0906683210585272,0.0971446297055649,
0.103620938352603,0.11009724699964,0.116573555646678,0.129526172940753,
0.142478790234829,0.148955098881866,0.155431407528904,0.168384024822979,
0.174860333470017,0.181336642117054),.UNSPECIFIED.);
#388=B_SPLINE_SURFACE_WITH_KNOTS('',3,3,((#11675,#11676,#11677,#11678,#11679,
#11680,#11681,#11682,#11683,#11684,#11685,#11686,#11687,#11688,#11689,#11690,
#11691,#11692,#11693,#11694,#11695,#11696,#11697,#11698,#11699,#11700),
(#11701,#11702,#11703,#11704,#11705,#11706,#11707,#11708,#11709,#11710,
#11711,#11712,#11713,#11714,#11715,#11716,#11717,#11718,#11719,#11720,#11721,
#11722,#11723,#11724,#11725,#11726),(#11727,#11728,#11729,#11730,#11731,
#11732,#11733,#11734,#11735,#11736,#11737,#11738,#11739,#11740,#11741,#11742,
#11743,#11744,#11745,#11746,#11747,#11748,#11749,#11750,#11751,#11752),
(#11753,#11754,#11755,#11756,#11757,#11758,#11759,#11760,#11761,#11762,
#11763,#11764,#11765,#11766,#11767,#11768,#11769,#11770,#11771,#11772,#11773,
#11774,#11775,#11776,#11777,#11778)),.UNSPECIFIED.,.F.,.T.,.F.,(4,4),(4,
1,1,1,1,1,1,1,1,1,1,1,1,1,1,1,1,1,1,1,1,1,1,4),(0.,1.),(0.,0.00647630864703766,
0.0129526172940753,0.019428925941113,0.0259052345881506,0.038857851882226,
0.0518104691763013,0.0582867778233389,0.0647630864703766,0.0712393951174143,
0.0744775494409331,0.0777157037644519,0.0906683210585272,0.0971446297055649,
0.103620938352603,0.11009724699964,0.116573555646678,0.129526172940753,
0.142478790234829,0.148955098881866,0.155431407528904,0.168384024822979,
0.174860333470017,0.181336642117054),.UNSPECIFIED.);
#389=B_SPLINE_SURFACE_WITH_KNOTS('',3,3,((#11816,#11817,#11818,#11819,#11820,
#11821,#11822,#11823,#11824,#11825,#11826,#11827,#11828,#11829,#11830,#11831,
#11832,#11833,#11834,#11835,#11836,#11837,#11838,#11839,#11840,#11841),
(#11842,#11843,#11844,#11845,#11846,#11847,#11848,#11849,#11850,#11851,
#11852,#11853,#11854,#11855,#11856,#11857,#11858,#11859,#11860,#11861,#11862,
#11863,#11864,#11865,#11866,#11867),(#11868,#11869,#11870,#11871,#11872,
#11873,#11874,#11875,#11876,#11877,#11878,#11879,#11880,#11881,#11882,#11883,
#11884,#11885,#11886,#11887,#11888,#11889,#11890,#11891,#11892,#11893),
(#11894,#11895,#11896,#11897,#11898,#11899,#11900,#11901,#11902,#11903,
#11904,#11905,#11906,#11907,#11908,#11909,#11910,#11911,#11912,#11913,#11914,
#11915,#11916,#11917,#11918,#11919)),.UNSPECIFIED.,.F.,.T.,.F.,(4,4),(4,
1,1,1,1,1,1,1,1,1,1,1,1,1,1,1,1,1,1,1,1,1,1,4),(0.,1.),(0.,0.00647630864703766,
0.0129526172940753,0.019428925941113,0.0259052345881506,0.038857851882226,
0.0518104691763013,0.0582867778233389,0.0647630864703766,0.0712393951174143,
0.0744775494409331,0.0777157037644519,0.0906683210585272,0.0971446297055649,
0.103620938352603,0.11009724699964,0.116573555646678,0.129526172940753,
0.142478790234829,0.148955098881866,0.155431407528904,0.168384024822979,
0.174860333470017,0.181336642117054),.UNSPECIFIED.);
#390=B_SPLINE_SURFACE_WITH_KNOTS('',3,3,((#11957,#11958,#11959,#11960,#11961,
#11962,#11963,#11964,#11965,#11966,#11967,#11968,#11969,#11970,#11971,#11972,
#11973,#11974,#11975,#11976,#11977,#11978,#11979,#11980,#11981,#11982),
(#11983,#11984,#11985,#11986,#11987,#11988,#11989,#11990,#11991,#11992,
#11993,#11994,#11995,#11996,#11997,#11998,#11999,#12000,#12001,#12002,#12003,
#12004,#12005,#12006,#12007,#12008),(#12009,#12010,#12011,#12012,#12013,
#12014,#12015,#12016,#12017,#12018,#12019,#12020,#12021,#12022,#12023,#12024,
#12025,#12026,#12027,#12028,#12029,#12030,#12031,#12032,#12033,#12034),
(#12035,#12036,#12037,#12038,#12039,#12040,#12041,#12042,#12043,#12044,
#12045,#12046,#12047,#12048,#12049,#12050,#12051,#12052,#12053,#12054,#12055,
#12056,#12057,#12058,#12059,#12060)),.UNSPECIFIED.,.F.,.T.,.F.,(4,4),(4,
1,1,1,1,1,1,1,1,1,1,1,1,1,1,1,1,1,1,1,1,1,1,4),(0.,1.),(0.,0.00647630864703766,
0.0129526172940753,0.019428925941113,0.0259052345881506,0.038857851882226,
0.0518104691763013,0.0582867778233389,0.0647630864703766,0.0712393951174143,
0.0744775494409331,0.0777157037644519,0.0906683210585272,0.0971446297055649,
0.103620938352603,0.11009724699964,0.116573555646678,0.129526172940753,
0.142478790234829,0.148955098881866,0.155431407528904,0.168384024822979,
0.174860333470017,0.181336642117054),.UNSPECIFIED.);
#391=B_SPLINE_SURFACE_WITH_KNOTS('',3,3,((#12422,#12423,#12424,#12425),
(#12426,#12427,#12428,#12429),(#12430,#12431,#12432,#12433),(#12434,#12435,
#12436,#12437),(#12438,#12439,#12440,#12441)),.UNSPECIFIED.,.F.,.F.,.F.,
(4,1,4),(4,4),(0.,0.5,1.),(0.470001069117902,0.527758918186111),
 .UNSPECIFIED.);
#392=B_SPLINE_SURFACE_WITH_KNOTS('',3,3,((#12473,#12474,#12475,#12476,#12477,
#12478),(#12479,#12480,#12481,#12482,#12483,#12484),(#12485,#12486,#12487,
#12488,#12489,#12490),(#12491,#12492,#12493,#12494,#12495,#12496),(#12497,
#12498,#12499,#12500,#12501,#12502),(#12503,#12504,#12505,#12506,#12507,
#12508)),.UNSPECIFIED.,.F.,.F.,.F.,(4,1,1,4),(4,1,1,4),(0.,0.285714285714286,
0.571428571428571,1.),(2.70956524627615E-14,0.0252165303110712,0.042027550518434,
0.0588385707257967),.UNSPECIFIED.);
#393=B_SPLINE_SURFACE_WITH_KNOTS('',3,3,((#12534,#12535,#12536,#12537,#12538,
#12539),(#12540,#12541,#12542,#12543,#12544,#12545),(#12546,#12547,#12548,
#12549,#12550,#12551),(#12552,#12553,#12554,#12555,#12556,#12557),(#12558,
#12559,#12560,#12561,#12562,#12563),(#12564,#12565,#12566,#12567,#12568,
#12569)),.UNSPECIFIED.,.F.,.F.,.F.,(4,1,1,4),(4,1,1,4),(0.,0.285714285714286,
0.571428571428571,1.),(0.,0.0168110137324177,0.0336220274648354,0.058838548063462),
 .UNSPECIFIED.);
#394=B_SPLINE_SURFACE_WITH_KNOTS('',3,3,((#12585,#12586,#12587,#12588),
(#12589,#12590,#12591,#12592),(#12593,#12594,#12595,#12596),(#12597,#12598,
#12599,#12600),(#12601,#12602,#12603,#12604)),.UNSPECIFIED.,.F.,.F.,.F.,
(4,1,4),(4,4),(0.,0.5,1.),(2.57281640558103E-15,0.0577578490681504),
 .UNSPECIFIED.);
#395=B_SPLINE_SURFACE_WITH_KNOTS('',3,3,((#12682,#12683,#12684,#12685,#12686,
#12687),(#12688,#12689,#12690,#12691,#12692,#12693),(#12694,#12695,#12696,
#12697,#12698,#12699),(#12700,#12701,#12702,#12703,#12704,#12705),(#12706,
#12707,#12708,#12709,#12710,#12711),(#12712,#12713,#12714,#12715,#12716,
#12717)),.UNSPECIFIED.,.F.,.F.,.F.,(4,1,1,4),(4,1,1,4),(0.,0.285714285714286,
0.571428571428571,1.),(0.,0.0168110137324177,0.0336220274648355,0.0588385480634621),
 .UNSPECIFIED.);
#396=B_SPLINE_SURFACE_WITH_KNOTS('',3,3,((#12733,#12734,#12735,#12736),
(#12737,#12738,#12739,#12740),(#12741,#12742,#12743,#12744),(#12745,#12746,
#12747,#12748),(#12749,#12750,#12751,#12752)),.UNSPECIFIED.,.F.,.F.,.F.,
(4,1,4),(4,4),(0.,0.5,1.),(2.67229479056892E-15,0.0577578490677168),
 .UNSPECIFIED.);
#397=B_SPLINE_SURFACE_WITH_KNOTS('',3,3,((#12790,#12791,#12792,#12793),
(#12794,#12795,#12796,#12797),(#12798,#12799,#12800,#12801),(#12802,#12803,
#12804,#12805),(#12806,#12807,#12808,#12809)),.UNSPECIFIED.,.F.,.F.,.F.,
(4,1,4),(4,4),(0.,0.5,1.),(0.483661243001979,0.54141909206975),
 .UNSPECIFIED.);
#398=B_SPLINE_SURFACE_WITH_KNOTS('',3,3,((#12816,#12817,#12818,#12819,#12820,
#12821),(#12822,#12823,#12824,#12825,#12826,#12827),(#12828,#12829,#12830,
#12831,#12832,#12833),(#12834,#12835,#12836,#12837,#12838,#12839),(#12840,
#12841,#12842,#12843,#12844,#12845),(#12846,#12847,#12848,#12849,#12850,
#12851)),.UNSPECIFIED.,.F.,.F.,.F.,(4,1,1,4),(4,1,1,4),(0.,0.285714285714286,
0.571428571428571,1.),(2.74368386686394E-14,0.0252165303110714,0.042027550518434,
0.0588385707257966),.UNSPECIFIED.);
#399=B_SPLINE_SURFACE_WITH_KNOTS('',3,3,((#13430,#13431,#13432,#13433,#13434,
#13435,#13436,#13437,#13438,#13439,#13440,#13441,#13442,#13443,#13444,#13445,
#13446,#13447,#13448,#13449,#13450,#13451,#13452,#13453,#13454,#13455),
(#13456,#13457,#13458,#13459,#13460,#13461,#13462,#13463,#13464,#13465,
#13466,#13467,#13468,#13469,#13470,#13471,#13472,#13473,#13474,#13475,#13476,
#13477,#13478,#13479,#13480,#13481),(#13482,#13483,#13484,#13485,#13486,
#13487,#13488,#13489,#13490,#13491,#13492,#13493,#13494,#13495,#13496,#13497,
#13498,#13499,#13500,#13501,#13502,#13503,#13504,#13505,#13506,#13507),
(#13508,#13509,#13510,#13511,#13512,#13513,#13514,#13515,#13516,#13517,
#13518,#13519,#13520,#13521,#13522,#13523,#13524,#13525,#13526,#13527,#13528,
#13529,#13530,#13531,#13532,#13533)),.UNSPECIFIED.,.F.,.T.,.F.,(4,4),(4,
1,1,1,1,1,1,1,1,1,1,1,1,1,1,1,1,1,1,1,1,1,1,4),(0.,1.),(0.,0.0129526172940753,
0.0259052345881506,0.0356196975587071,0.0453341605292636,0.046953237691023,
0.0485723148527824,0.0518104691763012,0.0680012407938954,0.0777157037644519,
0.0841920124114895,0.0906683210585272,0.103620938352602,0.106859092676121,
0.11009724699964,0.116573555646678,0.123049864293715,0.129526172940753,
0.142478790234828,0.155431407528904,0.161907716175941,0.168384024822979,
0.174860333470017,0.181336642117054),.UNSPECIFIED.);
#400=B_SPLINE_SURFACE_WITH_KNOTS('',3,3,((#13568,#13569,#13570,#13571,#13572,
#13573,#13574,#13575,#13576,#13577,#13578,#13579,#13580,#13581,#13582,#13583,
#13584,#13585,#13586,#13587,#13588,#13589,#13590,#13591,#13592,#13593),
(#13594,#13595,#13596,#13597,#13598,#13599,#13600,#13601,#13602,#13603,
#13604,#13605,#13606,#13607,#13608,#13609,#13610,#13611,#13612,#13613,#13614,
#13615,#13616,#13617,#13618,#13619),(#13620,#13621,#13622,#13623,#13624,
#13625,#13626,#13627,#13628,#13629,#13630,#13631,#13632,#13633,#13634,#13635,
#13636,#13637,#13638,#13639,#13640,#13641,#13642,#13643,#13644,#13645),
(#13646,#13647,#13648,#13649,#13650,#13651,#13652,#13653,#13654,#13655,
#13656,#13657,#13658,#13659,#13660,#13661,#13662,#13663,#13664,#13665,#13666,
#13667,#13668,#13669,#13670,#13671)),.UNSPECIFIED.,.F.,.T.,.F.,(4,4),(4,
1,1,1,1,1,1,1,1,1,1,1,1,1,1,1,1,1,1,1,1,1,1,4),(0.,1.),(0.,0.0129526172940753,
0.0259052345881506,0.0356196975587071,0.0453341605292636,0.046953237691023,
0.0485723148527824,0.0518104691763012,0.0680012407938954,0.0777157037644519,
0.0841920124114895,0.0906683210585272,0.103620938352602,0.106859092676121,
0.11009724699964,0.116573555646678,0.123049864293715,0.129526172940753,
0.142478790234828,0.155431407528904,0.161907716175941,0.168384024822979,
0.174860333470017,0.181336642117054),.UNSPECIFIED.);
#401=B_SPLINE_SURFACE_WITH_KNOTS('',3,3,((#13706,#13707,#13708,#13709,#13710,
#13711,#13712,#13713,#13714,#13715,#13716,#13717,#13718,#13719,#13720,#13721,
#13722,#13723,#13724,#13725,#13726,#13727,#13728,#13729,#13730,#13731),
(#13732,#13733,#13734,#13735,#13736,#13737,#13738,#13739,#13740,#13741,
#13742,#13743,#13744,#13745,#13746,#13747,#13748,#13749,#13750,#13751,#13752,
#13753,#13754,#13755,#13756,#13757),(#13758,#13759,#13760,#13761,#13762,
#13763,#13764,#13765,#13766,#13767,#13768,#13769,#13770,#13771,#13772,#13773,
#13774,#13775,#13776,#13777,#13778,#13779,#13780,#13781,#13782,#13783),
(#13784,#13785,#13786,#13787,#13788,#13789,#13790,#13791,#13792,#13793,
#13794,#13795,#13796,#13797,#13798,#13799,#13800,#13801,#13802,#13803,#13804,
#13805,#13806,#13807,#13808,#13809)),.UNSPECIFIED.,.F.,.T.,.F.,(4,4),(4,
1,1,1,1,1,1,1,1,1,1,1,1,1,1,1,1,1,1,1,1,1,1,4),(0.,1.),(0.,0.0129526172940753,
0.0259052345881506,0.0356196975587071,0.0453341605292636,0.046953237691023,
0.0485723148527824,0.0518104691763012,0.0680012407938954,0.0777157037644519,
0.0841920124114895,0.0906683210585272,0.103620938352602,0.106859092676121,
0.11009724699964,0.116573555646678,0.123049864293715,0.129526172940753,
0.142478790234828,0.155431407528904,0.161907716175941,0.168384024822979,
0.174860333470017,0.181336642117054),.UNSPECIFIED.);
#402=B_SPLINE_SURFACE_WITH_KNOTS('',3,3,((#13851,#13852,#13853,#13854,#13855,
#13856,#13857,#13858,#13859,#13860,#13861,#13862,#13863,#13864,#13865,#13866,
#13867,#13868,#13869,#13870,#13871,#13872,#13873,#13874,#13875,#13876),
(#13877,#13878,#13879,#13880,#13881,#13882,#13883,#13884,#13885,#13886,
#13887,#13888,#13889,#13890,#13891,#13892,#13893,#13894,#13895,#13896,#13897,
#13898,#13899,#13900,#13901,#13902),(#13903,#13904,#13905,#13906,#13907,
#13908,#13909,#13910,#13911,#13912,#13913,#13914,#13915,#13916,#13917,#13918,
#13919,#13920,#13921,#13922,#13923,#13924,#13925,#13926,#13927,#13928),
(#13929,#13930,#13931,#13932,#13933,#13934,#13935,#13936,#13937,#13938,
#13939,#13940,#13941,#13942,#13943,#13944,#13945,#13946,#13947,#13948,#13949,
#13950,#13951,#13952,#13953,#13954)),.UNSPECIFIED.,.F.,.T.,.F.,(4,4),(4,
1,1,1,1,1,1,1,1,1,1,1,1,1,1,1,1,1,1,1,1,1,1,4),(0.,1.),(0.,0.0129526172940753,
0.0259052345881506,0.0356196975587071,0.0453341605292636,0.046953237691023,
0.0485723148527824,0.0518104691763012,0.0680012407938954,0.0777157037644519,
0.0841920124114895,0.0906683210585272,0.103620938352602,0.106859092676121,
0.11009724699964,0.116573555646678,0.123049864293715,0.129526172940753,
0.142478790234828,0.155431407528904,0.161907716175941,0.168384024822979,
0.174860333470017,0.181336642117054),.UNSPECIFIED.);
#403=LINE('',#7610,#578);
#404=LINE('',#7618,#579);
#405=LINE('',#7688,#580);
#406=LINE('',#7701,#581);
#407=LINE('',#8047,#582);
#408=LINE('',#8115,#583);
#409=LINE('',#8185,#584);
#410=LINE('',#8281,#585);
#411=LINE('',#8349,#586);
#412=LINE('',#8419,#587);
#413=LINE('',#8515,#588);
#414=LINE('',#8583,#589);
#415=LINE('',#8653,#590);
#416=LINE('',#8749,#591);
#417=LINE('',#8817,#592);
#418=LINE('',#8887,#593);
#419=LINE('',#8983,#594);
#420=LINE('',#9051,#595);
#421=LINE('',#9121,#596);
#422=LINE('',#9217,#597);
#423=LINE('',#9285,#598);
#424=LINE('',#9355,#599);
#425=LINE('',#9451,#600);
#426=LINE('',#9519,#601);
#427=LINE('',#9589,#602);
#428=LINE('',#9621,#603);
#429=LINE('',#9625,#604);
#430=LINE('',#9667,#605);
#431=LINE('',#9670,#606);
#432=LINE('',#9678,#607);
#433=LINE('',#9681,#608);
#434=LINE('',#9687,#609);
#435=LINE('',#9690,#610);
#436=LINE('',#9694,#611);
#437=LINE('',#9698,#612);
#438=LINE('',#9702,#613);
#439=LINE('',#9706,#614);
#440=LINE('',#9709,#615);
#441=LINE('',#9712,#616);
#442=LINE('',#9714,#617);
#443=LINE('',#9717,#618);
#444=LINE('',#9723,#619);
#445=LINE('',#9724,#620);
#446=LINE('',#9726,#621);
#447=LINE('',#9727,#622);
#448=LINE('',#9729,#623);
#449=LINE('',#9731,#624);
#450=LINE('',#9734,#625);
#451=LINE('',#9737,#626);
#452=LINE('',#9739,#627);
#453=LINE('',#9743,#628);
#454=LINE('',#9747,#629);
#455=LINE('',#9769,#630);
#456=LINE('',#9790,#631);
#457=LINE('',#9956,#632);
#458=LINE('',#10099,#633);
#459=LINE('',#10100,#634);
#460=LINE('',#10180,#635);
#461=LINE('',#10248,#636);
#462=LINE('',#10323,#637);
#463=LINE('',#10347,#638);
#464=LINE('',#10349,#639);
#465=LINE('',#10351,#640);
#466=LINE('',#10507,#641);
#467=LINE('',#10510,#642);
#468=LINE('',#10540,#643);
#469=LINE('',#10544,#644);
#470=LINE('',#10575,#645);
#471=LINE('',#10740,#646);
#472=LINE('',#10742,#647);
#473=LINE('',#10771,#648);
#474=LINE('',#10793,#649);
#475=LINE('',#10797,#650);
#476=LINE('',#10805,#651);
#477=LINE('',#10812,#652);
#478=LINE('',#10816,#653);
#479=LINE('',#10824,#654);
#480=LINE('',#10831,#655);
#481=LINE('',#10835,#656);
#482=LINE('',#10843,#657);
#483=LINE('',#10850,#658);
#484=LINE('',#10854,#659);
#485=LINE('',#10862,#660);
#486=LINE('',#10868,#661);
#487=LINE('',#10870,#662);
#488=LINE('',#10872,#663);
#489=LINE('',#10874,#664);
#490=LINE('',#10877,#665);
#491=LINE('',#10882,#666);
#492=LINE('',#10885,#667);
#493=LINE('',#10890,#668);
#494=LINE('',#10892,#669);
#495=LINE('',#10894,#670);
#496=LINE('',#10904,#671);
#497=LINE('',#10913,#672);
#498=LINE('',#10970,#673);
#499=LINE('',#10983,#674);
#500=LINE('',#11034,#675);
#501=LINE('',#11038,#676);
#502=LINE('',#11641,#677);
#503=LINE('',#11674,#678);
#504=LINE('',#11780,#679);
#505=LINE('',#11813,#680);
#506=LINE('',#11815,#681);
#507=LINE('',#11921,#682);
#508=LINE('',#11954,#683);
#509=LINE('',#11956,#684);
#510=LINE('',#12063,#685);
#511=LINE('',#12122,#686);
#512=LINE('',#12132,#687);
#513=LINE('',#12155,#688);
#514=LINE('',#12159,#689);
#515=LINE('',#12163,#690);
#516=LINE('',#12167,#691);
#517=LINE('',#12171,#692);
#518=LINE('',#12175,#693);
#519=LINE('',#12179,#694);
#520=LINE('',#12184,#695);
#521=LINE('',#12205,#696);
#522=LINE('',#12207,#697);
#523=LINE('',#12209,#698);
#524=LINE('',#12211,#699);
#525=LINE('',#12213,#700);
#526=LINE('',#12215,#701);
#527=LINE('',#12217,#702);
#528=LINE('',#12224,#703);
#529=LINE('',#12233,#704);
#530=LINE('',#12240,#705);
#531=LINE('',#12299,#706);
#532=LINE('',#12312,#707);
#533=LINE('',#12363,#708);
#534=LINE('',#12367,#709);
#535=LINE('',#13023,#710);
#536=LINE('',#13026,#711);
#537=LINE('',#13056,#712);
#538=LINE('',#13060,#713);
#539=LINE('',#13091,#714);
#540=LINE('',#13256,#715);
#541=LINE('',#13258,#716);
#542=LINE('',#13287,#717);
#543=LINE('',#13309,#718);
#544=LINE('',#13315,#719);
#545=LINE('',#13320,#720);
#546=LINE('',#13328,#721);
#547=LINE('',#13334,#722);
#548=LINE('',#13339,#723);
#549=LINE('',#13347,#724);
#550=LINE('',#13353,#725);
#551=LINE('',#13358,#726);
#552=LINE('',#13366,#727);
#553=LINE('',#13372,#728);
#554=LINE('',#13377,#729);
#555=LINE('',#13384,#730);
#556=LINE('',#13386,#731);
#557=LINE('',#13388,#732);
#558=LINE('',#13390,#733);
#559=LINE('',#13393,#734);
#560=LINE('',#13397,#735);
#561=LINE('',#13407,#736);
#562=LINE('',#13412,#737);
#563=LINE('',#13417,#738);
#564=LINE('',#13420,#739);
#565=LINE('',#13425,#740);
#566=LINE('',#13427,#741);
#567=LINE('',#13429,#742);
#568=LINE('',#13535,#743);
#569=LINE('',#13567,#744);
#570=LINE('',#13673,#745);
#571=LINE('',#13705,#746);
#572=LINE('',#13811,#747);
#573=LINE('',#13843,#748);
#574=LINE('',#13845,#749);
#575=LINE('',#13847,#750);
#576=LINE('',#13957,#751);
#577=LINE('',#14015,#752);
#578=VECTOR('',#6066,10.);
#579=VECTOR('',#6069,10.);
#580=VECTOR('',#6082,10.);
#581=VECTOR('',#6085,10.);
#582=VECTOR('',#6218,10.);
#583=VECTOR('',#6221,0.5);
#584=VECTOR('',#6222,10.);
#585=VECTOR('',#6223,10.);
#586=VECTOR('',#6226,0.5);
#587=VECTOR('',#6227,10.);
#588=VECTOR('',#6228,10.);
#589=VECTOR('',#6231,0.5);
#590=VECTOR('',#6232,10.);
#591=VECTOR('',#6233,10.);
#592=VECTOR('',#6236,0.5);
#593=VECTOR('',#6237,10.);
#594=VECTOR('',#6238,10.);
#595=VECTOR('',#6241,0.5);
#596=VECTOR('',#6242,10.);
#597=VECTOR('',#6243,10.);
#598=VECTOR('',#6246,0.5);
#599=VECTOR('',#6247,10.);
#600=VECTOR('',#6248,10.);
#601=VECTOR('',#6251,0.5);
#602=VECTOR('',#6252,10.);
#603=VECTOR('',#6255,10.);
#604=VECTOR('',#6258,10.);
#605=VECTOR('',#6267,10.);
#606=VECTOR('',#6270,10.);
#607=VECTOR('',#6277,10.);
#608=VECTOR('',#6280,10.);
#609=VECTOR('',#6285,10.);
#610=VECTOR('',#6288,10.);
#611=VECTOR('',#6291,10.);
#612=VECTOR('',#6294,10.);
#613=VECTOR('',#6297,10.);
#614=VECTOR('',#6300,10.);
#615=VECTOR('',#6303,10.);
#616=VECTOR('',#6306,10.);
#617=VECTOR('',#6307,10.);
#618=VECTOR('',#6310,10.);
#619=VECTOR('',#6317,10.);
#620=VECTOR('',#6318,10.);
#621=VECTOR('',#6321,10.);
#622=VECTOR('',#6322,10.);
#623=VECTOR('',#6325,1.75);
#624=VECTOR('',#6328,1.75);
#625=VECTOR('',#6331,10.);
#626=VECTOR('',#6334,10.);
#627=VECTOR('',#6335,10.);
#628=VECTOR('',#6338,5.0000032200065);
#629=VECTOR('',#6343,10.);
#630=VECTOR('',#6360,10.);
#631=VECTOR('',#6363,10.);
#632=VECTOR('',#6370,10.);
#633=VECTOR('',#6399,5.0000032200065);
#634=VECTOR('',#6400,10.);
#635=VECTOR('',#6403,10.);
#636=VECTOR('',#6406,0.5);
#637=VECTOR('',#6413,10.);
#638=VECTOR('',#6422,3.03373683362461);
#639=VECTOR('',#6425,7.49999999999998);
#640=VECTOR('',#6428,4.70941481513857);
#641=VECTOR('',#6481,10.);
#642=VECTOR('',#6484,10.);
#643=VECTOR('',#6487,10.);
#644=VECTOR('',#6492,10.);
#645=VECTOR('',#6497,10.);
#646=VECTOR('',#6562,10.);
#647=VECTOR('',#6565,10.);
#648=VECTOR('',#6568,10.);
#649=VECTOR('',#6591,0.325);
#650=VECTOR('',#6596,0.3);
#651=VECTOR('',#6603,0.3);
#652=VECTOR('',#6612,0.325);
#653=VECTOR('',#6617,0.3);
#654=VECTOR('',#6624,0.3);
#655=VECTOR('',#6633,0.325);
#656=VECTOR('',#6638,0.3);
#657=VECTOR('',#6645,0.3);
#658=VECTOR('',#6654,0.325);
#659=VECTOR('',#6659,0.3);
#660=VECTOR('',#6666,0.3);
#661=VECTOR('',#6675,0.325);
#662=VECTOR('',#6678,0.325);
#663=VECTOR('',#6681,0.325);
#664=VECTOR('',#6684,0.325);
#665=VECTOR('',#6687,0.425);
#666=VECTOR('',#6694,0.4);
#667=VECTOR('',#6697,0.425);
#668=VECTOR('',#6704,0.4);
#669=VECTOR('',#6707,0.425);
#670=VECTOR('',#6710,0.425);
#671=VECTOR('',#6723,2.5);
#672=VECTOR('',#6734,1.5);
#673=VECTOR('',#6745,10.);
#674=VECTOR('',#6748,10.);
#675=VECTOR('',#6761,10.);
#676=VECTOR('',#6764,10.);
#677=VECTOR('',#6873,10.);
#678=VECTOR('',#6876,0.3);
#679=VECTOR('',#6877,10.);
#680=VECTOR('',#6880,0.3);
#681=VECTOR('',#6883,0.4);
#682=VECTOR('',#6884,10.);
#683=VECTOR('',#6887,0.3);
#684=VECTOR('',#6890,0.4);
#685=VECTOR('',#6891,10.);
#686=VECTOR('',#6894,0.3);
#687=VECTOR('',#6907,0.425);
#688=VECTOR('',#6932,0.425);
#689=VECTOR('',#6937,0.425);
#690=VECTOR('',#6942,0.425);
#691=VECTOR('',#6947,0.425);
#692=VECTOR('',#6952,0.425);
#693=VECTOR('',#6957,0.425);
#694=VECTOR('',#6962,0.425);
#695=VECTOR('',#6969,0.425);
#696=VECTOR('',#6992,0.425);
#697=VECTOR('',#6995,0.425);
#698=VECTOR('',#6998,0.425);
#699=VECTOR('',#7001,0.425);
#700=VECTOR('',#7004,0.425);
#701=VECTOR('',#7007,0.425);
#702=VECTOR('',#7010,0.425);
#703=VECTOR('',#7019,2.5);
#704=VECTOR('',#7032,1.5);
#705=VECTOR('',#7041,5.);
#706=VECTOR('',#7056,10.);
#707=VECTOR('',#7059,10.);
#708=VECTOR('',#7072,10.);
#709=VECTOR('',#7075,10.);
#710=VECTOR('',#7240,10.);
#711=VECTOR('',#7243,10.);
#712=VECTOR('',#7246,10.);
#713=VECTOR('',#7251,10.);
#714=VECTOR('',#7256,10.);
#715=VECTOR('',#7321,10.);
#716=VECTOR('',#7324,10.);
#717=VECTOR('',#7327,10.);
#718=VECTOR('',#7350,0.325);
#719=VECTOR('',#7357,0.3);
#720=VECTOR('',#7362,0.3);
#721=VECTOR('',#7371,0.325);
#722=VECTOR('',#7378,0.3);
#723=VECTOR('',#7383,0.3);
#724=VECTOR('',#7392,0.325);
#725=VECTOR('',#7399,0.3);
#726=VECTOR('',#7404,0.3);
#727=VECTOR('',#7413,0.325);
#728=VECTOR('',#7420,0.3);
#729=VECTOR('',#7425,0.3);
#730=VECTOR('',#7434,0.325);
#731=VECTOR('',#7437,0.325);
#732=VECTOR('',#7440,0.325);
#733=VECTOR('',#7443,0.325);
#734=VECTOR('',#7446,2.225);
#735=VECTOR('',#7451,2.125);
#736=VECTOR('',#7464,1.5);
#737=VECTOR('',#7471,0.425);
#738=VECTOR('',#7478,0.4);
#739=VECTOR('',#7481,0.425);
#740=VECTOR('',#7488,0.4);
#741=VECTOR('',#7491,0.425);
#742=VECTOR('',#7494,0.425);
#743=VECTOR('',#7495,10.);
#744=VECTOR('',#7498,0.3);
#745=VECTOR('',#7499,10.);
#746=VECTOR('',#7502,0.3);
#747=VECTOR('',#7503,10.);
#748=VECTOR('',#7506,0.3);
#749=VECTOR('',#7509,0.4);
#750=VECTOR('',#7512,0.4);
#751=VECTOR('',#7517,10.);
#752=VECTOR('',#7520,0.3);
#753=PLANE('',#5395);
#754=PLANE('',#5402);
#755=PLANE('',#5456);
#756=PLANE('',#5467);
#757=PLANE('',#5468);
#758=PLANE('',#5469);
#759=PLANE('',#5477);
#760=PLANE('',#5481);
#761=PLANE('',#5491);
#762=PLANE('',#5509);
#763=PLANE('',#5512);
#764=PLANE('',#5513);
#765=PLANE('',#5514);
#766=PLANE('',#5515);
#767=PLANE('',#5516);
#768=PLANE('',#5517);
#769=PLANE('',#5520);
#770=PLANE('',#5535);
#771=PLANE('',#5537);
#772=PLANE('',#5540);
#773=PLANE('',#5579);
#774=PLANE('',#5612);
#775=PLANE('',#5687);
#776=PLANE('',#5694);
#777=PLANE('',#5723);
#778=PLANE('',#5746);
#779=PLANE('',#5747);
#780=PLANE('',#5748);
#781=PLANE('',#5763);
#782=PLANE('',#5789);
#783=PLANE('',#5826);
#784=PLANE('',#5833);
#785=PLANE('',#5845);
#786=PLANE('',#5886);
#787=PLANE('',#5887);
#788=PLANE('',#5888);
#789=PLANE('',#5924);
#790=PLANE('',#5957);
#791=PLANE('',#6017);
#792=FACE_OUTER_BOUND('',#1091,.T.);
#793=FACE_OUTER_BOUND('',#1092,.T.);
#794=FACE_OUTER_BOUND('',#1093,.T.);
#795=FACE_OUTER_BOUND('',#1094,.T.);
#796=FACE_OUTER_BOUND('',#1095,.T.);
#797=FACE_OUTER_BOUND('',#1096,.T.);
#798=FACE_OUTER_BOUND('',#1097,.T.);
#799=FACE_OUTER_BOUND('',#1098,.T.);
#800=FACE_OUTER_BOUND('',#1099,.T.);
#801=FACE_OUTER_BOUND('',#1100,.T.);
#802=FACE_OUTER_BOUND('',#1101,.T.);
#803=FACE_OUTER_BOUND('',#1102,.T.);
#804=FACE_OUTER_BOUND('',#1103,.T.);
#805=FACE_OUTER_BOUND('',#1104,.T.);
#806=FACE_OUTER_BOUND('',#1105,.T.);
#807=FACE_OUTER_BOUND('',#1106,.T.);
#808=FACE_OUTER_BOUND('',#1107,.T.);
#809=FACE_OUTER_BOUND('',#1108,.T.);
#810=FACE_OUTER_BOUND('',#1109,.T.);
#811=FACE_OUTER_BOUND('',#1110,.T.);
#812=FACE_OUTER_BOUND('',#1111,.T.);
#813=FACE_OUTER_BOUND('',#1112,.T.);
#814=FACE_OUTER_BOUND('',#1113,.T.);
#815=FACE_OUTER_BOUND('',#1114,.T.);
#816=FACE_OUTER_BOUND('',#1115,.T.);
#817=FACE_OUTER_BOUND('',#1116,.T.);
#818=FACE_OUTER_BOUND('',#1117,.T.);
#819=FACE_OUTER_BOUND('',#1118,.T.);
#820=FACE_OUTER_BOUND('',#1119,.T.);
#821=FACE_OUTER_BOUND('',#1120,.T.);
#822=FACE_OUTER_BOUND('',#1121,.T.);
#823=FACE_OUTER_BOUND('',#1122,.T.);
#824=FACE_OUTER_BOUND('',#1123,.T.);
#825=FACE_OUTER_BOUND('',#1124,.T.);
#826=FACE_OUTER_BOUND('',#1125,.T.);
#827=FACE_OUTER_BOUND('',#1126,.T.);
#828=FACE_OUTER_BOUND('',#1127,.T.);
#829=FACE_OUTER_BOUND('',#1128,.T.);
#830=FACE_OUTER_BOUND('',#1129,.T.);
#831=FACE_OUTER_BOUND('',#1130,.T.);
#832=FACE_OUTER_BOUND('',#1131,.T.);
#833=FACE_OUTER_BOUND('',#1132,.T.);
#834=FACE_OUTER_BOUND('',#1133,.T.);
#835=FACE_OUTER_BOUND('',#1134,.T.);
#836=FACE_OUTER_BOUND('',#1135,.T.);
#837=FACE_OUTER_BOUND('',#1136,.T.);
#838=FACE_OUTER_BOUND('',#1137,.T.);
#839=FACE_OUTER_BOUND('',#1138,.T.);
#840=FACE_OUTER_BOUND('',#1139,.T.);
#841=FACE_OUTER_BOUND('',#1140,.T.);
#842=FACE_OUTER_BOUND('',#1141,.T.);
#843=FACE_OUTER_BOUND('',#1142,.T.);
#844=FACE_OUTER_BOUND('',#1143,.T.);
#845=FACE_OUTER_BOUND('',#1144,.T.);
#846=FACE_OUTER_BOUND('',#1145,.T.);
#847=FACE_OUTER_BOUND('',#1147,.T.);
#848=FACE_OUTER_BOUND('',#1149,.T.);
#849=FACE_OUTER_BOUND('',#1150,.T.);
#850=FACE_OUTER_BOUND('',#1151,.T.);
#851=FACE_OUTER_BOUND('',#1155,.T.);
#852=FACE_OUTER_BOUND('',#1156,.T.);
#853=FACE_OUTER_BOUND('',#1157,.T.);
#854=FACE_OUTER_BOUND('',#1158,.T.);
#855=FACE_OUTER_BOUND('',#1159,.T.);
#856=FACE_OUTER_BOUND('',#1160,.T.);
#857=FACE_OUTER_BOUND('',#1161,.T.);
#858=FACE_OUTER_BOUND('',#1162,.T.);
#859=FACE_OUTER_BOUND('',#1163,.T.);
#860=FACE_OUTER_BOUND('',#1164,.T.);
#861=FACE_OUTER_BOUND('',#1165,.T.);
#862=FACE_OUTER_BOUND('',#1166,.T.);
#863=FACE_OUTER_BOUND('',#1167,.T.);
#864=FACE_OUTER_BOUND('',#1168,.T.);
#865=FACE_OUTER_BOUND('',#1169,.T.);
#866=FACE_OUTER_BOUND('',#1170,.T.);
#867=FACE_OUTER_BOUND('',#1171,.T.);
#868=FACE_OUTER_BOUND('',#1172,.T.);
#869=FACE_OUTER_BOUND('',#1173,.T.);
#870=FACE_OUTER_BOUND('',#1174,.T.);
#871=FACE_OUTER_BOUND('',#1175,.T.);
#872=FACE_OUTER_BOUND('',#1176,.T.);
#873=FACE_OUTER_BOUND('',#1177,.T.);
#874=FACE_OUTER_BOUND('',#1178,.T.);
#875=FACE_OUTER_BOUND('',#1179,.T.);
#876=FACE_OUTER_BOUND('',#1180,.T.);
#877=FACE_OUTER_BOUND('',#1190,.T.);
#878=FACE_OUTER_BOUND('',#1191,.T.);
#879=FACE_OUTER_BOUND('',#1201,.T.);
#880=FACE_OUTER_BOUND('',#1202,.T.);
#881=FACE_OUTER_BOUND('',#1203,.T.);
#882=FACE_OUTER_BOUND('',#1204,.T.);
#883=FACE_OUTER_BOUND('',#1205,.T.);
#884=FACE_OUTER_BOUND('',#1206,.T.);
#885=FACE_OUTER_BOUND('',#1207,.T.);
#886=FACE_OUTER_BOUND('',#1208,.T.);
#887=FACE_OUTER_BOUND('',#1209,.T.);
#888=FACE_OUTER_BOUND('',#1210,.T.);
#889=FACE_OUTER_BOUND('',#1211,.T.);
#890=FACE_OUTER_BOUND('',#1212,.T.);
#891=FACE_OUTER_BOUND('',#1214,.T.);
#892=FACE_OUTER_BOUND('',#1215,.T.);
#893=FACE_OUTER_BOUND('',#1217,.T.);
#894=FACE_OUTER_BOUND('',#1218,.T.);
#895=FACE_OUTER_BOUND('',#1228,.T.);
#896=FACE_OUTER_BOUND('',#1229,.T.);
#897=FACE_OUTER_BOUND('',#1230,.T.);
#898=FACE_OUTER_BOUND('',#1231,.T.);
#899=FACE_OUTER_BOUND('',#1232,.T.);
#900=FACE_OUTER_BOUND('',#1233,.T.);
#901=FACE_OUTER_BOUND('',#1234,.T.);
#902=FACE_OUTER_BOUND('',#1235,.T.);
#903=FACE_OUTER_BOUND('',#1236,.T.);
#904=FACE_OUTER_BOUND('',#1237,.T.);
#905=FACE_OUTER_BOUND('',#1239,.T.);
#906=FACE_OUTER_BOUND('',#1240,.T.);
#907=FACE_OUTER_BOUND('',#1250,.T.);
#908=FACE_OUTER_BOUND('',#1251,.T.);
#909=FACE_OUTER_BOUND('',#1252,.T.);
#910=FACE_OUTER_BOUND('',#1253,.T.);
#911=FACE_OUTER_BOUND('',#1254,.T.);
#912=FACE_OUTER_BOUND('',#1255,.T.);
#913=FACE_OUTER_BOUND('',#1256,.T.);
#914=FACE_OUTER_BOUND('',#1257,.T.);
#915=FACE_OUTER_BOUND('',#1258,.T.);
#916=FACE_OUTER_BOUND('',#1259,.T.);
#917=FACE_OUTER_BOUND('',#1260,.T.);
#918=FACE_OUTER_BOUND('',#1261,.T.);
#919=FACE_OUTER_BOUND('',#1262,.T.);
#920=FACE_OUTER_BOUND('',#1263,.T.);
#921=FACE_OUTER_BOUND('',#1264,.T.);
#922=FACE_OUTER_BOUND('',#1265,.T.);
#923=FACE_OUTER_BOUND('',#1266,.T.);
#924=FACE_OUTER_BOUND('',#1267,.T.);
#925=FACE_OUTER_BOUND('',#1268,.T.);
#926=FACE_OUTER_BOUND('',#1269,.T.);
#927=FACE_OUTER_BOUND('',#1270,.T.);
#928=FACE_OUTER_BOUND('',#1271,.T.);
#929=FACE_OUTER_BOUND('',#1272,.T.);
#930=FACE_OUTER_BOUND('',#1273,.T.);
#931=FACE_OUTER_BOUND('',#1274,.T.);
#932=FACE_OUTER_BOUND('',#1275,.T.);
#933=FACE_OUTER_BOUND('',#1276,.T.);
#934=FACE_OUTER_BOUND('',#1277,.T.);
#935=FACE_OUTER_BOUND('',#1278,.T.);
#936=FACE_OUTER_BOUND('',#1279,.T.);
#937=FACE_OUTER_BOUND('',#1280,.T.);
#938=FACE_OUTER_BOUND('',#1281,.T.);
#939=FACE_OUTER_BOUND('',#1282,.T.);
#940=FACE_OUTER_BOUND('',#1283,.T.);
#941=FACE_OUTER_BOUND('',#1284,.T.);
#942=FACE_OUTER_BOUND('',#1285,.T.);
#943=FACE_OUTER_BOUND('',#1286,.T.);
#944=FACE_OUTER_BOUND('',#1287,.T.);
#945=FACE_OUTER_BOUND('',#1288,.T.);
#946=FACE_OUTER_BOUND('',#1289,.T.);
#947=FACE_OUTER_BOUND('',#1290,.T.);
#948=FACE_OUTER_BOUND('',#1291,.T.);
#949=FACE_OUTER_BOUND('',#1292,.T.);
#950=FACE_OUTER_BOUND('',#1293,.T.);
#951=FACE_OUTER_BOUND('',#1294,.T.);
#952=FACE_OUTER_BOUND('',#1295,.T.);
#953=FACE_OUTER_BOUND('',#1296,.T.);
#954=FACE_OUTER_BOUND('',#1297,.T.);
#955=FACE_OUTER_BOUND('',#1298,.T.);
#956=FACE_OUTER_BOUND('',#1299,.T.);
#957=FACE_OUTER_BOUND('',#1300,.T.);
#958=FACE_OUTER_BOUND('',#1301,.T.);
#959=FACE_OUTER_BOUND('',#1302,.T.);
#960=FACE_OUTER_BOUND('',#1303,.T.);
#961=FACE_OUTER_BOUND('',#1304,.T.);
#962=FACE_OUTER_BOUND('',#1305,.T.);
#963=FACE_OUTER_BOUND('',#1306,.T.);
#964=FACE_OUTER_BOUND('',#1307,.T.);
#965=FACE_OUTER_BOUND('',#1308,.T.);
#966=FACE_OUTER_BOUND('',#1309,.T.);
#967=FACE_OUTER_BOUND('',#1310,.T.);
#968=FACE_OUTER_BOUND('',#1311,.T.);
#969=FACE_OUTER_BOUND('',#1312,.T.);
#970=FACE_OUTER_BOUND('',#1313,.T.);
#971=FACE_OUTER_BOUND('',#1314,.T.);
#972=FACE_OUTER_BOUND('',#1316,.T.);
#973=FACE_OUTER_BOUND('',#1317,.T.);
#974=FACE_OUTER_BOUND('',#1318,.T.);
#975=FACE_OUTER_BOUND('',#1328,.T.);
#976=FACE_OUTER_BOUND('',#1329,.T.);
#977=FACE_OUTER_BOUND('',#1330,.T.);
#978=FACE_OUTER_BOUND('',#1331,.T.);
#979=FACE_OUTER_BOUND('',#1332,.T.);
#980=FACE_OUTER_BOUND('',#1333,.T.);
#981=FACE_OUTER_BOUND('',#1334,.T.);
#982=FACE_OUTER_BOUND('',#1335,.T.);
#983=FACE_OUTER_BOUND('',#1336,.T.);
#984=FACE_OUTER_BOUND('',#1346,.T.);
#985=FACE_OUTER_BOUND('',#1347,.T.);
#986=FACE_OUTER_BOUND('',#1348,.T.);
#987=FACE_OUTER_BOUND('',#1349,.T.);
#988=FACE_OUTER_BOUND('',#1350,.T.);
#989=FACE_OUTER_BOUND('',#1351,.T.);
#990=FACE_OUTER_BOUND('',#1352,.T.);
#991=FACE_OUTER_BOUND('',#1353,.T.);
#992=FACE_OUTER_BOUND('',#1354,.T.);
#993=FACE_OUTER_BOUND('',#1355,.T.);
#994=FACE_OUTER_BOUND('',#1356,.T.);
#995=FACE_OUTER_BOUND('',#1357,.T.);
#996=FACE_OUTER_BOUND('',#1358,.T.);
#997=FACE_OUTER_BOUND('',#1359,.T.);
#998=FACE_OUTER_BOUND('',#1360,.T.);
#999=FACE_OUTER_BOUND('',#1361,.T.);
#1000=FACE_OUTER_BOUND('',#1362,.T.);
#1001=FACE_OUTER_BOUND('',#1363,.T.);
#1002=FACE_OUTER_BOUND('',#1364,.T.);
#1003=FACE_OUTER_BOUND('',#1365,.T.);
#1004=FACE_OUTER_BOUND('',#1366,.T.);
#1005=FACE_OUTER_BOUND('',#1367,.T.);
#1006=FACE_OUTER_BOUND('',#1368,.T.);
#1007=FACE_OUTER_BOUND('',#1369,.T.);
#1008=FACE_OUTER_BOUND('',#1370,.T.);
#1009=FACE_OUTER_BOUND('',#1371,.T.);
#1010=FACE_OUTER_BOUND('',#1372,.T.);
#1011=FACE_OUTER_BOUND('',#1373,.T.);
#1012=FACE_OUTER_BOUND('',#1374,.T.);
#1013=FACE_OUTER_BOUND('',#1375,.T.);
#1014=FACE_OUTER_BOUND('',#1376,.T.);
#1015=FACE_OUTER_BOUND('',#1377,.T.);
#1016=FACE_OUTER_BOUND('',#1378,.T.);
#1017=FACE_OUTER_BOUND('',#1379,.T.);
#1018=FACE_OUTER_BOUND('',#1380,.T.);
#1019=FACE_OUTER_BOUND('',#1381,.T.);
#1020=FACE_OUTER_BOUND('',#1382,.T.);
#1021=FACE_OUTER_BOUND('',#1383,.T.);
#1022=FACE_OUTER_BOUND('',#1384,.T.);
#1023=FACE_OUTER_BOUND('',#1385,.T.);
#1024=FACE_OUTER_BOUND('',#1386,.T.);
#1025=FACE_OUTER_BOUND('',#1387,.T.);
#1026=FACE_OUTER_BOUND('',#1388,.T.);
#1027=FACE_OUTER_BOUND('',#1389,.T.);
#1028=FACE_OUTER_BOUND('',#1390,.T.);
#1029=FACE_OUTER_BOUND('',#1391,.T.);
#1030=FACE_OUTER_BOUND('',#1392,.T.);
#1031=FACE_OUTER_BOUND('',#1393,.T.);
#1032=FACE_OUTER_BOUND('',#1394,.T.);
#1033=FACE_OUTER_BOUND('',#1395,.T.);
#1034=FACE_OUTER_BOUND('',#1396,.T.);
#1035=FACE_OUTER_BOUND('',#1397,.T.);
#1036=FACE_OUTER_BOUND('',#1398,.T.);
#1037=FACE_OUTER_BOUND('',#1399,.T.);
#1038=FACE_OUTER_BOUND('',#1400,.T.);
#1039=FACE_OUTER_BOUND('',#1401,.T.);
#1040=FACE_OUTER_BOUND('',#1403,.T.);
#1041=FACE_OUTER_BOUND('',#1404,.T.);
#1042=FACE_OUTER_BOUND('',#1406,.T.);
#1043=FACE_OUTER_BOUND('',#1407,.T.);
#1044=FACE_OUTER_BOUND('',#1417,.T.);
#1045=FACE_OUTER_BOUND('',#1418,.T.);
#1046=FACE_OUTER_BOUND('',#1419,.T.);
#1047=FACE_OUTER_BOUND('',#1420,.T.);
#1048=FACE_OUTER_BOUND('',#1421,.T.);
#1049=FACE_OUTER_BOUND('',#1422,.T.);
#1050=FACE_OUTER_BOUND('',#1423,.T.);
#1051=FACE_OUTER_BOUND('',#1424,.T.);
#1052=FACE_OUTER_BOUND('',#1425,.T.);
#1053=FACE_OUTER_BOUND('',#1426,.T.);
#1054=FACE_OUTER_BOUND('',#1428,.T.);
#1055=FACE_OUTER_BOUND('',#1429,.T.);
#1056=FACE_OUTER_BOUND('',#1439,.T.);
#1057=FACE_OUTER_BOUND('',#1440,.T.);
#1058=FACE_OUTER_BOUND('',#1441,.T.);
#1059=FACE_OUTER_BOUND('',#1442,.T.);
#1060=FACE_OUTER_BOUND('',#1443,.T.);
#1061=FACE_OUTER_BOUND('',#1444,.T.);
#1062=FACE_OUTER_BOUND('',#1445,.T.);
#1063=FACE_OUTER_BOUND('',#1446,.T.);
#1064=FACE_OUTER_BOUND('',#1447,.T.);
#1065=FACE_OUTER_BOUND('',#1448,.T.);
#1066=FACE_OUTER_BOUND('',#1449,.T.);
#1067=FACE_OUTER_BOUND('',#1450,.T.);
#1068=FACE_OUTER_BOUND('',#1451,.T.);
#1069=FACE_OUTER_BOUND('',#1452,.T.);
#1070=FACE_OUTER_BOUND('',#1453,.T.);
#1071=FACE_OUTER_BOUND('',#1454,.T.);
#1072=FACE_OUTER_BOUND('',#1455,.T.);
#1073=FACE_OUTER_BOUND('',#1456,.T.);
#1074=FACE_OUTER_BOUND('',#1457,.T.);
#1075=FACE_OUTER_BOUND('',#1458,.T.);
#1076=FACE_OUTER_BOUND('',#1459,.T.);
#1077=FACE_OUTER_BOUND('',#1460,.T.);
#1078=FACE_OUTER_BOUND('',#1461,.T.);
#1079=FACE_OUTER_BOUND('',#1462,.T.);
#1080=FACE_OUTER_BOUND('',#1463,.T.);
#1081=FACE_OUTER_BOUND('',#1464,.T.);
#1082=FACE_OUTER_BOUND('',#1465,.T.);
#1083=FACE_OUTER_BOUND('',#1466,.T.);
#1084=FACE_OUTER_BOUND('',#1467,.T.);
#1085=FACE_OUTER_BOUND('',#1468,.T.);
#1086=FACE_OUTER_BOUND('',#1469,.T.);
#1087=FACE_OUTER_BOUND('',#1470,.T.);
#1088=FACE_OUTER_BOUND('',#1471,.T.);
#1089=FACE_OUTER_BOUND('',#1472,.T.);
#1090=FACE_OUTER_BOUND('',#1473,.T.);
#1091=EDGE_LOOP('',(#3363,#3364,#3365,#3366,#3367,#3368));
#1092=EDGE_LOOP('',(#3369,#3370,#3371,#3372,#3373));
#1093=EDGE_LOOP('',(#3374,#3375,#3376,#3377));
#1094=EDGE_LOOP('',(#3378,#3379,#3380,#3381,#3382,#3383));
#1095=EDGE_LOOP('',(#3384,#3385,#3386,#3387,#3388,#3389));
#1096=EDGE_LOOP('',(#3390,#3391,#3392,#3393));
#1097=EDGE_LOOP('',(#3394,#3395,#3396,#3397,#3398));
#1098=EDGE_LOOP('',(#3399,#3400,#3401,#3402,#3403));
#1099=EDGE_LOOP('',(#3404,#3405,#3406,#3407));
#1100=EDGE_LOOP('',(#3408,#3409,#3410));
#1101=EDGE_LOOP('',(#3411,#3412,#3413,#3414,#3415,#3416,#3417,#3418,#3419,
#3420,#3421));
#1102=EDGE_LOOP('',(#3422,#3423,#3424,#3425));
#1103=EDGE_LOOP('',(#3426,#3427,#3428,#3429));
#1104=EDGE_LOOP('',(#3430,#3431,#3432,#3433,#3434,#3435,#3436,#3437,#3438,
#3439,#3440,#3441,#3442));
#1105=EDGE_LOOP('',(#3443,#3444,#3445,#3446));
#1106=EDGE_LOOP('',(#3447,#3448,#3449));
#1107=EDGE_LOOP('',(#3450,#3451,#3452,#3453,#3454));
#1108=EDGE_LOOP('',(#3455,#3456,#3457,#3458));
#1109=EDGE_LOOP('',(#3459,#3460,#3461,#3462));
#1110=EDGE_LOOP('',(#3463,#3464,#3465,#3466,#3467));
#1111=EDGE_LOOP('',(#3468,#3469,#3470,#3471));
#1112=EDGE_LOOP('',(#3472,#3473,#3474));
#1113=EDGE_LOOP('',(#3475,#3476,#3477));
#1114=EDGE_LOOP('',(#3478,#3479,#3480,#3481,#3482,#3483));
#1115=EDGE_LOOP('',(#3484,#3485,#3486,#3487));
#1116=EDGE_LOOP('',(#3488,#3489,#3490,#3491,#3492));
#1117=EDGE_LOOP('',(#3493,#3494,#3495,#3496));
#1118=EDGE_LOOP('',(#3497,#3498,#3499,#3500,#3501));
#1119=EDGE_LOOP('',(#3502,#3503,#3504,#3505,#3506));
#1120=EDGE_LOOP('',(#3507,#3508,#3509));
#1121=EDGE_LOOP('',(#3510,#3511,#3512,#3513,#3514));
#1122=EDGE_LOOP('',(#3515,#3516,#3517,#3518,#3519));
#1123=EDGE_LOOP('',(#3520,#3521,#3522,#3523,#3524));
#1124=EDGE_LOOP('',(#3525,#3526,#3527,#3528,#3529));
#1125=EDGE_LOOP('',(#3530,#3531,#3532,#3533,#3534,#3535));
#1126=EDGE_LOOP('',(#3536,#3537,#3538,#3539,#3540));
#1127=EDGE_LOOP('',(#3541,#3542,#3543,#3544,#3545));
#1128=EDGE_LOOP('',(#3546,#3547,#3548,#3549,#3550,#3551));
#1129=EDGE_LOOP('',(#3552,#3553,#3554,#3555,#3556));
#1130=EDGE_LOOP('',(#3557,#3558,#3559,#3560,#3561));
#1131=EDGE_LOOP('',(#3562,#3563,#3564,#3565,#3566,#3567));
#1132=EDGE_LOOP('',(#3568,#3569,#3570,#3571,#3572));
#1133=EDGE_LOOP('',(#3573,#3574,#3575,#3576,#3577));
#1134=EDGE_LOOP('',(#3578,#3579,#3580,#3581,#3582,#3583));
#1135=EDGE_LOOP('',(#3584,#3585,#3586,#3587,#3588));
#1136=EDGE_LOOP('',(#3589,#3590,#3591,#3592,#3593));
#1137=EDGE_LOOP('',(#3594,#3595,#3596,#3597,#3598,#3599));
#1138=EDGE_LOOP('',(#3600,#3601,#3602,#3603,#3604));
#1139=EDGE_LOOP('',(#3605,#3606,#3607,#3608,#3609));
#1140=EDGE_LOOP('',(#3610,#3611,#3612,#3613,#3614,#3615));
#1141=EDGE_LOOP('',(#3616,#3617,#3618,#3619,#3620));
#1142=EDGE_LOOP('',(#3621,#3622,#3623,#3624,#3625));
#1143=EDGE_LOOP('',(#3626,#3627,#3628,#3629,#3630,#3631));
#1144=EDGE_LOOP('',(#3632,#3633,#3634,#3635,#3636));
#1145=EDGE_LOOP('',(#3637,#3638,#3639,#3640,#3641,#3642));
#1146=EDGE_LOOP('',(#3643));
#1147=EDGE_LOOP('',(#3644,#3645,#3646,#3647,#3648,#3649));
#1148=EDGE_LOOP('',(#3650));
#1149=EDGE_LOOP('',(#3651,#3652,#3653,#3654));
#1150=EDGE_LOOP('',(#3655,#3656,#3657,#3658));
#1151=EDGE_LOOP('',(#3659,#3660,#3661,#3662,#3663,#3664,#3665,#3666));
#1152=EDGE_LOOP('',(#3667,#3668,#3669,#3670,#3671,#3672,#3673,#3674));
#1153=EDGE_LOOP('',(#3675));
#1154=EDGE_LOOP('',(#3676));
#1155=EDGE_LOOP('',(#3677,#3678,#3679,#3680));
#1156=EDGE_LOOP('',(#3681,#3682,#3683,#3684));
#1157=EDGE_LOOP('',(#3685,#3686,#3687,#3688));
#1158=EDGE_LOOP('',(#3689,#3690,#3691,#3692));
#1159=EDGE_LOOP('',(#3693,#3694,#3695,#3696,#3697,#3698,#3699,#3700,#3701,
#3702,#3703,#3704));
#1160=EDGE_LOOP('',(#3705,#3706,#3707,#3708));
#1161=EDGE_LOOP('',(#3709,#3710,#3711,#3712));
#1162=EDGE_LOOP('',(#3713,#3714,#3715,#3716,#3717));
#1163=EDGE_LOOP('',(#3718,#3719,#3720,#3721));
#1164=EDGE_LOOP('',(#3722,#3723,#3724,#3725));
#1165=EDGE_LOOP('',(#3726,#3727,#3728,#3729));
#1166=EDGE_LOOP('',(#3730));
#1167=EDGE_LOOP('',(#3731,#3732,#3733,#3734,#3735));
#1168=EDGE_LOOP('',(#3736,#3737,#3738,#3739,#3740));
#1169=EDGE_LOOP('',(#3741,#3742,#3743,#3744));
#1170=EDGE_LOOP('',(#3745,#3746,#3747,#3748));
#1171=EDGE_LOOP('',(#3749,#3750,#3751,#3752));
#1172=EDGE_LOOP('',(#3753,#3754,#3755,#3756,#3757));
#1173=EDGE_LOOP('',(#3758,#3759,#3760,#3761));
#1174=EDGE_LOOP('',(#3762,#3763,#3764,#3765,#3766));
#1175=EDGE_LOOP('',(#3767,#3768,#3769,#3770));
#1176=EDGE_LOOP('',(#3771,#3772,#3773,#3774,#3775,#3776,#3777,#3778,#3779,
#3780,#3781,#3782,#3783,#3784,#3785,#3786,#3787,#3788,#3789,#3790,#3791,
#3792,#3793,#3794,#3795));
#1177=EDGE_LOOP('',(#3796,#3797,#3798,#3799,#3800));
#1178=EDGE_LOOP('',(#3801,#3802,#3803,#3804,#3805));
#1179=EDGE_LOOP('',(#3806,#3807,#3808,#3809,#3810,#3811));
#1180=EDGE_LOOP('',(#3812));
#1181=EDGE_LOOP('',(#3813));
#1182=EDGE_LOOP('',(#3814));
#1183=EDGE_LOOP('',(#3815));
#1184=EDGE_LOOP('',(#3816));
#1185=EDGE_LOOP('',(#3817));
#1186=EDGE_LOOP('',(#3818));
#1187=EDGE_LOOP('',(#3819));
#1188=EDGE_LOOP('',(#3820));
#1189=EDGE_LOOP('',(#3821));
#1190=EDGE_LOOP('',(#3822,#3823,#3824,#3825,#3826));
#1191=EDGE_LOOP('',(#3827));
#1192=EDGE_LOOP('',(#3828));
#1193=EDGE_LOOP('',(#3829));
#1194=EDGE_LOOP('',(#3830));
#1195=EDGE_LOOP('',(#3831));
#1196=EDGE_LOOP('',(#3832));
#1197=EDGE_LOOP('',(#3833));
#1198=EDGE_LOOP('',(#3834));
#1199=EDGE_LOOP('',(#3835));
#1200=EDGE_LOOP('',(#3836));
#1201=EDGE_LOOP('',(#3837,#3838,#3839,#3840,#3841));
#1202=EDGE_LOOP('',(#3842,#3843,#3844,#3845));
#1203=EDGE_LOOP('',(#3846,#3847,#3848,#3849,#3850,#3851,#3852,#3853,#3854,
#3855,#3856,#3857,#3858));
#1204=EDGE_LOOP('',(#3859,#3860,#3861,#3862));
#1205=EDGE_LOOP('',(#3863,#3864,#3865,#3866));
#1206=EDGE_LOOP('',(#3867,#3868,#3869,#3870));
#1207=EDGE_LOOP('',(#3871,#3872,#3873,#3874));
#1208=EDGE_LOOP('',(#3875,#3876,#3877,#3878));
#1209=EDGE_LOOP('',(#3879,#3880,#3881,#3882));
#1210=EDGE_LOOP('',(#3883,#3884,#3885,#3886));
#1211=EDGE_LOOP('',(#3887,#3888,#3889,#3890));
#1212=EDGE_LOOP('',(#3891,#3892,#3893,#3894));
#1213=EDGE_LOOP('',(#3895));
#1214=EDGE_LOOP('',(#3896,#3897,#3898,#3899));
#1215=EDGE_LOOP('',(#3900,#3901,#3902,#3903));
#1216=EDGE_LOOP('',(#3904));
#1217=EDGE_LOOP('',(#3905,#3906,#3907,#3908));
#1218=EDGE_LOOP('',(#3909,#3910,#3911,#3912,#3913,#3914,#3915,#3916));
#1219=EDGE_LOOP('',(#3917));
#1220=EDGE_LOOP('',(#3918));
#1221=EDGE_LOOP('',(#3919));
#1222=EDGE_LOOP('',(#3920));
#1223=EDGE_LOOP('',(#3921));
#1224=EDGE_LOOP('',(#3922));
#1225=EDGE_LOOP('',(#3923));
#1226=EDGE_LOOP('',(#3924));
#1227=EDGE_LOOP('',(#3925));
#1228=EDGE_LOOP('',(#3926,#3927,#3928,#3929));
#1229=EDGE_LOOP('',(#3930,#3931,#3932,#3933));
#1230=EDGE_LOOP('',(#3934,#3935,#3936,#3937));
#1231=EDGE_LOOP('',(#3938,#3939,#3940,#3941));
#1232=EDGE_LOOP('',(#3942,#3943,#3944,#3945));
#1233=EDGE_LOOP('',(#3946,#3947,#3948,#3949));
#1234=EDGE_LOOP('',(#3950,#3951,#3952,#3953));
#1235=EDGE_LOOP('',(#3954,#3955,#3956,#3957));
#1236=EDGE_LOOP('',(#3958,#3959,#3960,#3961));
#1237=EDGE_LOOP('',(#3962,#3963,#3964,#3965));
#1238=EDGE_LOOP('',(#3966));
#1239=EDGE_LOOP('',(#3967,#3968,#3969,#3970));
#1240=EDGE_LOOP('',(#3971,#3972,#3973,#3974,#3975,#3976,#3977,#3978));
#1241=EDGE_LOOP('',(#3979));
#1242=EDGE_LOOP('',(#3980));
#1243=EDGE_LOOP('',(#3981));
#1244=EDGE_LOOP('',(#3982));
#1245=EDGE_LOOP('',(#3983));
#1246=EDGE_LOOP('',(#3984));
#1247=EDGE_LOOP('',(#3985));
#1248=EDGE_LOOP('',(#3986));
#1249=EDGE_LOOP('',(#3987));
#1250=EDGE_LOOP('',(#3988,#3989,#3990,#3991));
#1251=EDGE_LOOP('',(#3992,#3993,#3994,#3995,#3996,#3997,#3998,#3999,#4000,
#4001,#4002));
#1252=EDGE_LOOP('',(#4003,#4004,#4005,#4006));
#1253=EDGE_LOOP('',(#4007,#4008,#4009,#4010,#4011,#4012,#4013,#4014,#4015,
#4016,#4017));
#1254=EDGE_LOOP('',(#4018,#4019,#4020,#4021));
#1255=EDGE_LOOP('',(#4022,#4023,#4024,#4025,#4026,#4027,#4028,#4029,#4030,
#4031,#4032));
#1256=EDGE_LOOP('',(#4033,#4034,#4035,#4036));
#1257=EDGE_LOOP('',(#4037,#4038,#4039,#4040,#4041,#4042,#4043,#4044,#4045,
#4046,#4047));
#1258=EDGE_LOOP('',(#4048,#4049,#4050,#4051));
#1259=EDGE_LOOP('',(#4052,#4053,#4054,#4055));
#1260=EDGE_LOOP('',(#4056,#4057,#4058,#4059));
#1261=EDGE_LOOP('',(#4060,#4061,#4062,#4063));
#1262=EDGE_LOOP('',(#4064,#4065,#4066,#4067));
#1263=EDGE_LOOP('',(#4068,#4069,#4070,#4071));
#1264=EDGE_LOOP('',(#4072,#4073,#4074,#4075));
#1265=EDGE_LOOP('',(#4076,#4077,#4078,#4079));
#1266=EDGE_LOOP('',(#4080,#4081,#4082,#4083));
#1267=EDGE_LOOP('',(#4084,#4085,#4086,#4087));
#1268=EDGE_LOOP('',(#4088,#4089,#4090,#4091,#4092));
#1269=EDGE_LOOP('',(#4093,#4094,#4095,#4096,#4097));
#1270=EDGE_LOOP('',(#4098,#4099,#4100,#4101,#4102));
#1271=EDGE_LOOP('',(#4103,#4104,#4105,#4106,#4107));
#1272=EDGE_LOOP('',(#4108,#4109,#4110,#4111,#4112,#4113));
#1273=EDGE_LOOP('',(#4114,#4115,#4116,#4117,#4118,#4119));
#1274=EDGE_LOOP('',(#4120,#4121,#4122,#4123));
#1275=EDGE_LOOP('',(#4124,#4125,#4126,#4127));
#1276=EDGE_LOOP('',(#4128,#4129,#4130,#4131,#4132,#4133));
#1277=EDGE_LOOP('',(#4134,#4135,#4136,#4137,#4138,#4139));
#1278=EDGE_LOOP('',(#4140,#4141,#4142,#4143,#4144));
#1279=EDGE_LOOP('',(#4145,#4146,#4147,#4148,#4149));
#1280=EDGE_LOOP('',(#4150,#4151,#4152,#4153));
#1281=EDGE_LOOP('',(#4154,#4155,#4156,#4157));
#1282=EDGE_LOOP('',(#4158,#4159,#4160,#4161,#4162,#4163,#4164,#4165,#4166,
#4167,#4168,#4169,#4170,#4171,#4172));
#1283=EDGE_LOOP('',(#4173,#4174,#4175,#4176));
#1284=EDGE_LOOP('',(#4177,#4178,#4179,#4180,#4181));
#1285=EDGE_LOOP('',(#4182,#4183,#4184,#4185));
#1286=EDGE_LOOP('',(#4186,#4187,#4188,#4189));
#1287=EDGE_LOOP('',(#4190,#4191,#4192,#4193,#4194));
#1288=EDGE_LOOP('',(#4195,#4196,#4197,#4198,#4199,#4200));
#1289=EDGE_LOOP('',(#4201,#4202,#4203,#4204));
#1290=EDGE_LOOP('',(#4205,#4206,#4207,#4208));
#1291=EDGE_LOOP('',(#4209,#4210,#4211,#4212,#4213));
#1292=EDGE_LOOP('',(#4214,#4215,#4216,#4217,#4218));
#1293=EDGE_LOOP('',(#4219,#4220,#4221,#4222,#4223,#4224,#4225,#4226,#4227,
#4228,#4229,#4230));
#1294=EDGE_LOOP('',(#4231,#4232,#4233,#4234));
#1295=EDGE_LOOP('',(#4235,#4236,#4237,#4238,#4239));
#1296=EDGE_LOOP('',(#4240,#4241,#4242,#4243,#4244));
#1297=EDGE_LOOP('',(#4245,#4246,#4247,#4248));
#1298=EDGE_LOOP('',(#4249,#4250,#4251,#4252));
#1299=EDGE_LOOP('',(#4253,#4254,#4255,#4256,#4257));
#1300=EDGE_LOOP('',(#4258,#4259,#4260,#4261,#4262,#4263));
#1301=EDGE_LOOP('',(#4264,#4265,#4266,#4267,#4268,#4269));
#1302=EDGE_LOOP('',(#4270,#4271,#4272,#4273,#4274,#4275));
#1303=EDGE_LOOP('',(#4276,#4277,#4278,#4279,#4280));
#1304=EDGE_LOOP('',(#4281,#4282,#4283,#4284,#4285));
#1305=EDGE_LOOP('',(#4286,#4287,#4288,#4289,#4290,#4291,#4292,#4293,#4294));
#1306=EDGE_LOOP('',(#4295,#4296,#4297,#4298,#4299));
#1307=EDGE_LOOP('',(#4300,#4301,#4302,#4303,#4304,#4305,#4306,#4307,#4308));
#1308=EDGE_LOOP('',(#4309,#4310,#4311,#4312));
#1309=EDGE_LOOP('',(#4313,#4314,#4315,#4316,#4317));
#1310=EDGE_LOOP('',(#4318,#4319,#4320,#4321,#4322,#4323,#4324,#4325,#4326));
#1311=EDGE_LOOP('',(#4327,#4328,#4329,#4330));
#1312=EDGE_LOOP('',(#4331,#4332,#4333,#4334,#4335));
#1313=EDGE_LOOP('',(#4336,#4337,#4338,#4339,#4340,#4341,#4342,#4343,#4344));
#1314=EDGE_LOOP('',(#4345,#4346,#4347,#4348));
#1315=EDGE_LOOP('',(#4349));
#1316=EDGE_LOOP('',(#4350,#4351,#4352));
#1317=EDGE_LOOP('',(#4353,#4354,#4355,#4356));
#1318=EDGE_LOOP('',(#4357));
#1319=EDGE_LOOP('',(#4358));
#1320=EDGE_LOOP('',(#4359));
#1321=EDGE_LOOP('',(#4360));
#1322=EDGE_LOOP('',(#4361));
#1323=EDGE_LOOP('',(#4362));
#1324=EDGE_LOOP('',(#4363));
#1325=EDGE_LOOP('',(#4364));
#1326=EDGE_LOOP('',(#4365));
#1327=EDGE_LOOP('',(#4366));
#1328=EDGE_LOOP('',(#4367,#4368,#4369,#4370));
#1329=EDGE_LOOP('',(#4371,#4372,#4373,#4374));
#1330=EDGE_LOOP('',(#4375,#4376,#4377,#4378));
#1331=EDGE_LOOP('',(#4379,#4380,#4381,#4382));
#1332=EDGE_LOOP('',(#4383,#4384,#4385,#4386));
#1333=EDGE_LOOP('',(#4387,#4388,#4389,#4390));
#1334=EDGE_LOOP('',(#4391,#4392,#4393,#4394));
#1335=EDGE_LOOP('',(#4395,#4396,#4397,#4398));
#1336=EDGE_LOOP('',(#4399));
#1337=EDGE_LOOP('',(#4400));
#1338=EDGE_LOOP('',(#4401));
#1339=EDGE_LOOP('',(#4402));
#1340=EDGE_LOOP('',(#4403));
#1341=EDGE_LOOP('',(#4404));
#1342=EDGE_LOOP('',(#4405));
#1343=EDGE_LOOP('',(#4406));
#1344=EDGE_LOOP('',(#4407));
#1345=EDGE_LOOP('',(#4408));
#1346=EDGE_LOOP('',(#4409,#4410,#4411,#4412));
#1347=EDGE_LOOP('',(#4413,#4414,#4415,#4416));
#1348=EDGE_LOOP('',(#4417,#4418,#4419,#4420));
#1349=EDGE_LOOP('',(#4421,#4422,#4423,#4424));
#1350=EDGE_LOOP('',(#4425,#4426,#4427,#4428));
#1351=EDGE_LOOP('',(#4429,#4430,#4431,#4432));
#1352=EDGE_LOOP('',(#4433,#4434,#4435,#4436));
#1353=EDGE_LOOP('',(#4437,#4438,#4439,#4440));
#1354=EDGE_LOOP('',(#4441,#4442,#4443,#4444));
#1355=EDGE_LOOP('',(#4445,#4446,#4447,#4448));
#1356=EDGE_LOOP('',(#4449,#4450,#4451,#4452));
#1357=EDGE_LOOP('',(#4453,#4454,#4455,#4456));
#1358=EDGE_LOOP('',(#4457,#4458,#4459,#4460));
#1359=EDGE_LOOP('',(#4461,#4462,#4463,#4464));
#1360=EDGE_LOOP('',(#4465,#4466,#4467,#4468,#4469,#4470));
#1361=EDGE_LOOP('',(#4471,#4472,#4473,#4474,#4475,#4476));
#1362=EDGE_LOOP('',(#4477,#4478,#4479,#4480));
#1363=EDGE_LOOP('',(#4481,#4482,#4483,#4484));
#1364=EDGE_LOOP('',(#4485,#4486,#4487,#4488,#4489,#4490));
#1365=EDGE_LOOP('',(#4491,#4492,#4493,#4494,#4495,#4496));
#1366=EDGE_LOOP('',(#4497,#4498,#4499,#4500,#4501));
#1367=EDGE_LOOP('',(#4502,#4503,#4504,#4505,#4506));
#1368=EDGE_LOOP('',(#4507,#4508,#4509,#4510));
#1369=EDGE_LOOP('',(#4511,#4512,#4513,#4514));
#1370=EDGE_LOOP('',(#4515,#4516,#4517,#4518,#4519,#4520));
#1371=EDGE_LOOP('',(#4521,#4522,#4523,#4524));
#1372=EDGE_LOOP('',(#4525,#4526,#4527,#4528));
#1373=EDGE_LOOP('',(#4529,#4530,#4531,#4532,#4533));
#1374=EDGE_LOOP('',(#4534,#4535,#4536,#4537,#4538));
#1375=EDGE_LOOP('',(#4539,#4540,#4541,#4542,#4543,#4544,#4545,#4546,#4547,
#4548,#4549,#4550));
#1376=EDGE_LOOP('',(#4551,#4552,#4553,#4554,#4555));
#1377=EDGE_LOOP('',(#4556,#4557,#4558,#4559,#4560));
#1378=EDGE_LOOP('',(#4561,#4562,#4563,#4564,#4565,#4566,#4567,#4568,#4569,
#4570,#4571,#4572,#4573,#4574,#4575));
#1379=EDGE_LOOP('',(#4576,#4577,#4578,#4579));
#1380=EDGE_LOOP('',(#4580,#4581,#4582,#4583));
#1381=EDGE_LOOP('',(#4584,#4585,#4586,#4587,#4588));
#1382=EDGE_LOOP('',(#4589,#4590,#4591,#4592,#4593));
#1383=EDGE_LOOP('',(#4594,#4595,#4596,#4597));
#1384=EDGE_LOOP('',(#4598,#4599,#4600,#4601));
#1385=EDGE_LOOP('',(#4602,#4603,#4604,#4605,#4606));
#1386=EDGE_LOOP('',(#4607,#4608,#4609,#4610,#4611));
#1387=EDGE_LOOP('',(#4612,#4613,#4614,#4615));
#1388=EDGE_LOOP('',(#4616,#4617,#4618,#4619));
#1389=EDGE_LOOP('',(#4620,#4621,#4622,#4623,#4624,#4625));
#1390=EDGE_LOOP('',(#4626,#4627,#4628,#4629,#4630,#4631));
#1391=EDGE_LOOP('',(#4632,#4633,#4634,#4635,#4636,#4637));
#1392=EDGE_LOOP('',(#4638,#4639,#4640));
#1393=EDGE_LOOP('',(#4641,#4642,#4643,#4644));
#1394=EDGE_LOOP('',(#4645,#4646,#4647,#4648));
#1395=EDGE_LOOP('',(#4649,#4650,#4651,#4652));
#1396=EDGE_LOOP('',(#4653,#4654,#4655,#4656));
#1397=EDGE_LOOP('',(#4657,#4658,#4659,#4660));
#1398=EDGE_LOOP('',(#4661,#4662,#4663,#4664));
#1399=EDGE_LOOP('',(#4665,#4666,#4667,#4668));
#1400=EDGE_LOOP('',(#4669,#4670,#4671,#4672));
#1401=EDGE_LOOP('',(#4673,#4674,#4675,#4676));
#1402=EDGE_LOOP('',(#4677));
#1403=EDGE_LOOP('',(#4678,#4679,#4680,#4681));
#1404=EDGE_LOOP('',(#4682,#4683,#4684,#4685));
#1405=EDGE_LOOP('',(#4686));
#1406=EDGE_LOOP('',(#4687,#4688,#4689,#4690));
#1407=EDGE_LOOP('',(#4691,#4692,#4693,#4694,#4695,#4696,#4697,#4698));
#1408=EDGE_LOOP('',(#4699));
#1409=EDGE_LOOP('',(#4700));
#1410=EDGE_LOOP('',(#4701));
#1411=EDGE_LOOP('',(#4702));
#1412=EDGE_LOOP('',(#4703));
#1413=EDGE_LOOP('',(#4704));
#1414=EDGE_LOOP('',(#4705));
#1415=EDGE_LOOP('',(#4706));
#1416=EDGE_LOOP('',(#4707));
#1417=EDGE_LOOP('',(#4708,#4709,#4710,#4711));
#1418=EDGE_LOOP('',(#4712,#4713,#4714,#4715));
#1419=EDGE_LOOP('',(#4716,#4717,#4718,#4719));
#1420=EDGE_LOOP('',(#4720,#4721,#4722,#4723));
#1421=EDGE_LOOP('',(#4724,#4725,#4726,#4727));
#1422=EDGE_LOOP('',(#4728,#4729,#4730,#4731));
#1423=EDGE_LOOP('',(#4732,#4733,#4734,#4735));
#1424=EDGE_LOOP('',(#4736,#4737,#4738,#4739));
#1425=EDGE_LOOP('',(#4740,#4741,#4742,#4743));
#1426=EDGE_LOOP('',(#4744,#4745,#4746,#4747));
#1427=EDGE_LOOP('',(#4748));
#1428=EDGE_LOOP('',(#4749,#4750,#4751,#4752));
#1429=EDGE_LOOP('',(#4753,#4754,#4755,#4756,#4757,#4758,#4759,#4760));
#1430=EDGE_LOOP('',(#4761));
#1431=EDGE_LOOP('',(#4762));
#1432=EDGE_LOOP('',(#4763));
#1433=EDGE_LOOP('',(#4764));
#1434=EDGE_LOOP('',(#4765));
#1435=EDGE_LOOP('',(#4766));
#1436=EDGE_LOOP('',(#4767));
#1437=EDGE_LOOP('',(#4768));
#1438=EDGE_LOOP('',(#4769));
#1439=EDGE_LOOP('',(#4770,#4771,#4772,#4773));
#1440=EDGE_LOOP('',(#4774,#4775,#4776,#4777,#4778,#4779,#4780,#4781,#4782,
#4783,#4784));
#1441=EDGE_LOOP('',(#4785,#4786,#4787,#4788));
#1442=EDGE_LOOP('',(#4789,#4790,#4791,#4792,#4793,#4794,#4795,#4796,#4797,
#4798,#4799));
#1443=EDGE_LOOP('',(#4800,#4801,#4802,#4803));
#1444=EDGE_LOOP('',(#4804,#4805,#4806,#4807,#4808,#4809,#4810,#4811,#4812,
#4813,#4814));
#1445=EDGE_LOOP('',(#4815,#4816,#4817,#4818));
#1446=EDGE_LOOP('',(#4819,#4820,#4821,#4822,#4823,#4824,#4825,#4826,#4827,
#4828,#4829));
#1447=EDGE_LOOP('',(#4830,#4831,#4832,#4833));
#1448=EDGE_LOOP('',(#4834,#4835,#4836,#4837));
#1449=EDGE_LOOP('',(#4838,#4839,#4840,#4841));
#1450=EDGE_LOOP('',(#4842,#4843,#4844,#4845));
#1451=EDGE_LOOP('',(#4846,#4847,#4848,#4849));
#1452=EDGE_LOOP('',(#4850,#4851,#4852,#4853));
#1453=EDGE_LOOP('',(#4854,#4855,#4856,#4857));
#1454=EDGE_LOOP('',(#4858,#4859,#4860,#4861,#4862));
#1455=EDGE_LOOP('',(#4863));
#1456=EDGE_LOOP('',(#4864,#4865,#4866,#4867));
#1457=EDGE_LOOP('',(#4868,#4869,#4870,#4871));
#1458=EDGE_LOOP('',(#4872,#4873,#4874,#4875));
#1459=EDGE_LOOP('',(#4876,#4877,#4878,#4879));
#1460=EDGE_LOOP('',(#4880,#4881,#4882,#4883));
#1461=EDGE_LOOP('',(#4884,#4885,#4886,#4887));
#1462=EDGE_LOOP('',(#4888,#4889,#4890,#4891,#4892));
#1463=EDGE_LOOP('',(#4893,#4894,#4895,#4896,#4897,#4898,#4899,#4900,#4901));
#1464=EDGE_LOOP('',(#4902,#4903,#4904,#4905,#4906));
#1465=EDGE_LOOP('',(#4907,#4908,#4909,#4910,#4911,#4912,#4913,#4914,#4915));
#1466=EDGE_LOOP('',(#4916,#4917,#4918,#4919,#4920));
#1467=EDGE_LOOP('',(#4921,#4922,#4923,#4924,#4925,#4926,#4927,#4928,#4929));
#1468=EDGE_LOOP('',(#4930,#4931,#4932,#4933));
#1469=EDGE_LOOP('',(#4934,#4935,#4936,#4937));
#1470=EDGE_LOOP('',(#4938,#4939,#4940,#4941));
#1471=EDGE_LOOP('',(#4942,#4943,#4944,#4945,#4946));
#1472=EDGE_LOOP('',(#4947,#4948,#4949,#4950,#4951,#4952,#4953,#4954,#4955));
#1473=EDGE_LOOP('',(#4956,#4957,#4958,#4959));
#1474=EDGE_LOOP('',(#4960));
#1475=CIRCLE('',#5393,2.79999967403704);
#1476=CIRCLE('',#5394,2.39999972060318);
#1477=CIRCLE('',#5396,1.80623881557654);
#1478=CIRCLE('',#5398,1.45207434193408);
#1479=CIRCLE('',#5400,2.79999967403704);
#1480=CIRCLE('',#5401,2.39999972060318);
#1481=CIRCLE('',#5403,1.80623881557654);
#1482=CIRCLE('',#5405,1.45207434193408);
#1483=CIRCLE('',#5407,1.88579164053072);
#1484=CIRCLE('',#5408,2.34574082114797);
#1485=CIRCLE('',#5409,0.5);
#1486=CIRCLE('',#5411,0.500000000000002);
#1487=CIRCLE('',#5412,2.82842712474619);
#1488=CIRCLE('',#5413,3.29983164553722);
#1489=CIRCLE('',#5415,0.5);
#1490=CIRCLE('',#5417,1.85793096342513);
#1491=CIRCLE('',#5418,1.88579164053072);
#1492=CIRCLE('',#5419,1.88579164053073);
#1493=CIRCLE('',#5420,1.99174117625521);
#1494=CIRCLE('',#5421,1.98808953520711);
#1495=CIRCLE('',#5423,2.68089458807664);
#1496=CIRCLE('',#5425,3.37423767210482);
#1497=CIRCLE('',#5426,0.5);
#1498=CIRCLE('',#5428,3.29983164553723);
#1499=CIRCLE('',#5429,3.37423767210482);
#1500=CIRCLE('',#5430,3.5);
#1501=CIRCLE('',#5431,2.0393470301391);
#1502=CIRCLE('',#5432,2.0393470301391);
#1503=CIRCLE('',#5433,3.37423767210482);
#1504=CIRCLE('',#5434,3.29983164553723);
#1505=CIRCLE('',#5435,3.29983164553722);
#1506=CIRCLE('',#5437,0.5);
#1507=CIRCLE('',#5438,2.8284271247462);
#1508=CIRCLE('',#5440,0.500000000000001);
#1509=CIRCLE('',#5441,0.5);
#1510=CIRCLE('',#5442,0.499999999999997);
#1511=CIRCLE('',#5444,2.34574082114799);
#1512=CIRCLE('',#5445,0.5);
#1513=CIRCLE('',#5447,2.26622257617882);
#1514=CIRCLE('',#5448,0.50000000000002);
#1515=CIRCLE('',#5450,0.5);
#1516=CIRCLE('',#5451,2.8284271247462);
#1517=CIRCLE('',#5453,0.5);
#1518=CIRCLE('',#5455,0.5);
#1519=CIRCLE('',#5458,2.68089458807664);
#1520=CIRCLE('',#5461,0.5);
#1521=CIRCLE('',#5462,2.82842712474618);
#1522=CIRCLE('',#5463,0.500000000000021);
#1523=CIRCLE('',#5465,2.34574082114797);
#1524=CIRCLE('',#5478,3.5);
#1525=CIRCLE('',#5479,11.0000032200065);
#1526=CIRCLE('',#5480,1.75);
#1527=CIRCLE('',#5482,11.0000032200065);
#1528=CIRCLE('',#5483,3.5);
#1529=CIRCLE('',#5484,1.75);
#1530=CIRCLE('',#5486,8.87909070502767);
#1531=CIRCLE('',#5487,8.87909070502769);
#1532=CIRCLE('',#5489,8.8790907050277);
#1533=CIRCLE('',#5490,8.87909070502769);
#1534=CIRCLE('',#5492,3.5);
#1535=CIRCLE('',#5493,5.0000032200065);
#1536=CIRCLE('',#5494,3.5);
#1537=CIRCLE('',#5495,5.0000032200065);
#1538=CIRCLE('',#5496,3.0000032200065);
#1539=CIRCLE('',#5497,3.0000032200065);
#1540=CIRCLE('',#5498,1.75);
#1541=CIRCLE('',#5499,1.75);
#1542=CIRCLE('',#5505,3.0000032200065);
#1543=CIRCLE('',#5506,3.0000032200065);
#1544=CIRCLE('',#5507,3.0000032200065);
#1545=CIRCLE('',#5508,3.0000032200065);
#1546=CIRCLE('',#5519,5.0000032200065);
#1547=CIRCLE('',#5522,5.0000032200065);
#1548=CIRCLE('',#5523,5.0000032200065);
#1549=CIRCLE('',#5525,5.0000032200065);
#1550=CIRCLE('',#5526,5.00000007450582);
#1551=CIRCLE('',#5527,5.0000032200065);
#1552=CIRCLE('',#5528,5.0000032200065);
#1553=CIRCLE('',#5529,5.0000032200065);
#1554=CIRCLE('',#5530,5.0000032200065);
#1555=CIRCLE('',#5531,5.0000032200065);
#1556=CIRCLE('',#5532,5.0000032200065);
#1557=CIRCLE('',#5533,5.0000032200065);
#1558=CIRCLE('',#5534,5.0000032200065);
#1559=CIRCLE('',#5538,7.5);
#1560=CIRCLE('',#5539,4.41882955577137);
#1561=CIRCLE('',#5541,7.50000000000003);
#1562=CIRCLE('',#5542,4.02812663711015);
#1563=CIRCLE('',#5548,5.);
#1564=CIRCLE('',#5549,4.75);
#1565=CIRCLE('',#5551,1.5);
#1566=CIRCLE('',#5552,1.25);
#1567=CIRCLE('',#5554,4.75);
#1568=CIRCLE('',#5555,5.);
#1569=CIRCLE('',#5557,1.25);
#1570=CIRCLE('',#5558,1.5);
#1571=CIRCLE('',#5560,5.);
#1572=CIRCLE('',#5561,4.75);
#1573=CIRCLE('',#5563,1.25);
#1574=CIRCLE('',#5564,1.5);
#1575=CIRCLE('',#5566,4.75);
#1576=CIRCLE('',#5567,5.);
#1577=CIRCLE('',#5569,1.25);
#1578=CIRCLE('',#5570,1.5);
#1579=CIRCLE('',#5572,1.5);
#1580=CIRCLE('',#5574,5.);
#1581=CIRCLE('',#5576,1.5);
#1582=CIRCLE('',#5578,5.);
#1583=CIRCLE('',#5580,0.35);
#1584=CIRCLE('',#5581,0.35);
#1585=CIRCLE('',#5582,0.45);
#1586=CIRCLE('',#5583,3.);
#1587=CIRCLE('',#5584,0.4);
#1588=CIRCLE('',#5585,0.4);
#1589=CIRCLE('',#5586,0.45);
#1590=CIRCLE('',#5587,0.35);
#1591=CIRCLE('',#5588,0.35);
#1592=CIRCLE('',#5590,4.75);
#1593=CIRCLE('',#5592,5.);
#1594=CIRCLE('',#5593,4.75);
#1595=CIRCLE('',#5595,1.5);
#1596=CIRCLE('',#5596,1.25);
#1597=CIRCLE('',#5598,5.);
#1598=CIRCLE('',#5599,4.75);
#1599=CIRCLE('',#5601,1.25);
#1600=CIRCLE('',#5603,4.75);
#1601=CIRCLE('',#5605,1.25);
#1602=CIRCLE('',#5607,1.5);
#1603=CIRCLE('',#5608,1.25);
#1604=CIRCLE('',#5613,0.35);
#1605=CIRCLE('',#5614,0.35);
#1606=CIRCLE('',#5615,0.45);
#1607=CIRCLE('',#5616,2.);
#1608=CIRCLE('',#5617,0.4);
#1609=CIRCLE('',#5618,0.4);
#1610=CIRCLE('',#5619,0.45);
#1611=CIRCLE('',#5620,0.35);
#1612=CIRCLE('',#5621,0.35);
#1613=CIRCLE('',#5623,0.3);
#1614=CIRCLE('',#5628,0.3);
#1615=CIRCLE('',#5632,0.3);
#1616=CIRCLE('',#5637,0.3);
#1617=CIRCLE('',#5641,0.3);
#1618=CIRCLE('',#5646,0.3);
#1619=CIRCLE('',#5650,0.3);
#1620=CIRCLE('',#5655,0.3);
#1621=CIRCLE('',#5663,0.4);
#1622=CIRCLE('',#5665,0.4);
#1623=CIRCLE('',#5667,0.4);
#1624=CIRCLE('',#5669,0.4);
#1625=CIRCLE('',#5673,0.5);
#1626=CIRCLE('',#5674,2.5);
#1627=CIRCLE('',#5675,2.5);
#1628=CIRCLE('',#5677,2.5);
#1629=CIRCLE('',#5679,1.5);
#1630=CIRCLE('',#5680,0.5);
#1631=CIRCLE('',#5681,1.5);
#1632=CIRCLE('',#5683,1.5);
#1633=CIRCLE('',#5685,3.03108891324554);
#1634=CIRCLE('',#5686,2.59807621135332);
#1635=CIRCLE('',#5688,2.06215906273013);
#1636=CIRCLE('',#5690,1.65781414846932);
#1637=CIRCLE('',#5692,2.06215906273013);
#1638=CIRCLE('',#5693,1.65781414846932);
#1639=CIRCLE('',#5695,2.59807621135332);
#1640=CIRCLE('',#5697,3.03108891324554);
#1641=CIRCLE('',#5699,1.88579164053073);
#1642=CIRCLE('',#5700,2.34574082114798);
#1643=CIRCLE('',#5701,0.5);
#1644=CIRCLE('',#5702,0.5);
#1645=CIRCLE('',#5704,3.29983164553723);
#1646=CIRCLE('',#5705,2.82842712474619);
#1647=CIRCLE('',#5707,1.85793096342514);
#1648=CIRCLE('',#5708,1.88579164053073);
#1649=CIRCLE('',#5709,1.88579164053073);
#1650=CIRCLE('',#5710,1.85793096342514);
#1651=CIRCLE('',#5711,2.05);
#1652=CIRCLE('',#5712,1.85793096342514);
#1653=CIRCLE('',#5713,1.88579164053073);
#1654=CIRCLE('',#5715,2.33714971754224);
#1655=CIRCLE('',#5717,2.34574082114798);
#1656=CIRCLE('',#5719,0.5);
#1657=CIRCLE('',#5720,3.29983164553722);
#1658=CIRCLE('',#5721,2.82842712474619);
#1659=CIRCLE('',#5722,0.5);
#1660=CIRCLE('',#5725,0.5);
#1661=CIRCLE('',#5726,3.29983164553723);
#1662=CIRCLE('',#5727,2.82842712474619);
#1663=CIRCLE('',#5728,0.5);
#1664=CIRCLE('',#5730,2.34574082114798);
#1665=CIRCLE('',#5732,3.5);
#1666=CIRCLE('',#5733,3.46790931269325);
#1667=CIRCLE('',#5734,3.29983164553722);
#1668=CIRCLE('',#5735,3.46790931269325);
#1669=CIRCLE('',#5736,3.46790931269325);
#1670=CIRCLE('',#5739,2.34574082114798);
#1671=CIRCLE('',#5740,0.5);
#1672=CIRCLE('',#5741,0.5);
#1673=CIRCLE('',#5743,2.82842712474619);
#1674=CIRCLE('',#5745,2.33714971754224);
#1675=CIRCLE('',#5758,2.);
#1676=CIRCLE('',#5761,0.45);
#1677=CIRCLE('',#5762,0.4);
#1678=CIRCLE('',#5764,4.75);
#1679=CIRCLE('',#5765,0.45);
#1680=CIRCLE('',#5766,0.45);
#1681=CIRCLE('',#5767,0.45);
#1682=CIRCLE('',#5768,0.45);
#1683=CIRCLE('',#5769,3.);
#1684=CIRCLE('',#5770,0.45);
#1685=CIRCLE('',#5771,0.45);
#1686=CIRCLE('',#5772,0.45);
#1687=CIRCLE('',#5774,0.4);
#1688=CIRCLE('',#5776,0.4);
#1689=CIRCLE('',#5778,0.4);
#1690=CIRCLE('',#5780,0.4);
#1691=CIRCLE('',#5782,0.4);
#1692=CIRCLE('',#5784,0.4);
#1693=CIRCLE('',#5786,0.4);
#1694=CIRCLE('',#5788,0.45);
#1695=CIRCLE('',#5790,4.75);
#1696=CIRCLE('',#5791,0.45);
#1697=CIRCLE('',#5792,0.45);
#1698=CIRCLE('',#5793,0.45);
#1699=CIRCLE('',#5794,0.45);
#1700=CIRCLE('',#5795,2.);
#1701=CIRCLE('',#5796,0.45);
#1702=CIRCLE('',#5797,0.45);
#1703=CIRCLE('',#5798,0.45);
#1704=CIRCLE('',#5807,2.5);
#1705=CIRCLE('',#5808,0.5);
#1706=CIRCLE('',#5810,2.5);
#1707=CIRCLE('',#5812,0.5);
#1708=CIRCLE('',#5813,1.5);
#1709=CIRCLE('',#5815,1.5);
#1710=CIRCLE('',#5817,0.25);
#1711=CIRCLE('',#5818,5.);
#1712=CIRCLE('',#5820,5.);
#1713=CIRCLE('',#5822,0.25);
#1714=CIRCLE('',#5824,3.03108891324554);
#1715=CIRCLE('',#5825,2.59807621135332);
#1716=CIRCLE('',#5827,2.06215906273013);
#1717=CIRCLE('',#5829,1.65781414846932);
#1718=CIRCLE('',#5831,2.06215906273013);
#1719=CIRCLE('',#5832,1.65781414846932);
#1720=CIRCLE('',#5834,2.59807621135332);
#1721=CIRCLE('',#5836,3.03108891324554);
#1722=CIRCLE('',#5837,0.5);
#1723=CIRCLE('',#5839,1.88579164053073);
#1724=CIRCLE('',#5840,2.34574082114798);
#1725=CIRCLE('',#5841,0.5);
#1726=CIRCLE('',#5843,3.29983164553723);
#1727=CIRCLE('',#5844,2.82842712474619);
#1728=CIRCLE('',#5847,0.5);
#1729=CIRCLE('',#5848,3.29983164553722);
#1730=CIRCLE('',#5849,2.82842712474619);
#1731=CIRCLE('',#5850,0.5);
#1732=CIRCLE('',#5852,2.34574082114798);
#1733=CIRCLE('',#5853,1.88579164053073);
#1734=CIRCLE('',#5855,3.5);
#1735=CIRCLE('',#5856,3.46790931269326);
#1736=CIRCLE('',#5857,3.29983164553722);
#1737=CIRCLE('',#5858,3.29983164553723);
#1738=CIRCLE('',#5859,3.46790931269326);
#1739=CIRCLE('',#5860,3.46790931269326);
#1740=CIRCLE('',#5862,2.33714971754224);
#1741=CIRCLE('',#5864,1.85793096342514);
#1742=CIRCLE('',#5865,1.85793096342514);
#1743=CIRCLE('',#5867,1.85793096342514);
#1744=CIRCLE('',#5868,1.88579164053073);
#1745=CIRCLE('',#5869,1.88579164053073);
#1746=CIRCLE('',#5870,2.05);
#1747=CIRCLE('',#5872,0.5);
#1748=CIRCLE('',#5873,2.8284271247462);
#1749=CIRCLE('',#5874,0.5);
#1750=CIRCLE('',#5876,2.34574082114798);
#1751=CIRCLE('',#5878,2.33714971754224);
#1752=CIRCLE('',#5881,2.34574082114798);
#1753=CIRCLE('',#5882,0.5);
#1754=CIRCLE('',#5883,0.5);
#1755=CIRCLE('',#5885,2.82842712474619);
#1756=CIRCLE('',#5890,2.);
#1757=CIRCLE('',#5893,5.);
#1758=CIRCLE('',#5894,4.75);
#1759=CIRCLE('',#5896,1.5);
#1760=CIRCLE('',#5897,1.25);
#1761=CIRCLE('',#5899,4.75);
#1762=CIRCLE('',#5900,5.);
#1763=CIRCLE('',#5902,1.25);
#1764=CIRCLE('',#5903,1.5);
#1765=CIRCLE('',#5905,5.);
#1766=CIRCLE('',#5906,4.75);
#1767=CIRCLE('',#5908,1.25);
#1768=CIRCLE('',#5909,1.5);
#1769=CIRCLE('',#5911,4.75);
#1770=CIRCLE('',#5912,5.);
#1771=CIRCLE('',#5914,1.25);
#1772=CIRCLE('',#5915,1.5);
#1773=CIRCLE('',#5917,1.5);
#1774=CIRCLE('',#5919,5.);
#1775=CIRCLE('',#5921,1.5);
#1776=CIRCLE('',#5923,5.);
#1777=CIRCLE('',#5925,0.35);
#1778=CIRCLE('',#5926,0.35);
#1779=CIRCLE('',#5927,2.);
#1780=CIRCLE('',#5928,0.45);
#1781=CIRCLE('',#5929,0.4);
#1782=CIRCLE('',#5930,0.4);
#1783=CIRCLE('',#5931,0.45);
#1784=CIRCLE('',#5932,0.35);
#1785=CIRCLE('',#5933,0.35);
#1786=CIRCLE('',#5935,5.);
#1787=CIRCLE('',#5936,4.75);
#1788=CIRCLE('',#5938,1.25);
#1789=CIRCLE('',#5940,4.75);
#1790=CIRCLE('',#5942,4.75);
#1791=CIRCLE('',#5943,5.);
#1792=CIRCLE('',#5945,1.25);
#1793=CIRCLE('',#5947,4.75);
#1794=CIRCLE('',#5949,1.25);
#1795=CIRCLE('',#5950,1.5);
#1796=CIRCLE('',#5952,1.25);
#1797=CIRCLE('',#5953,1.5);
#1798=CIRCLE('',#5958,0.35);
#1799=CIRCLE('',#5959,0.35);
#1800=CIRCLE('',#5960,2.325);
#1801=CIRCLE('',#5961,0.45);
#1802=CIRCLE('',#5962,0.4);
#1803=CIRCLE('',#5963,0.4);
#1804=CIRCLE('',#5964,0.45);
#1805=CIRCLE('',#5965,0.35);
#1806=CIRCLE('',#5966,0.35);
#1807=CIRCLE('',#5968,0.3);
#1808=CIRCLE('',#5970,0.3);
#1809=CIRCLE('',#5977,0.3);
#1810=CIRCLE('',#5979,0.3);
#1811=CIRCLE('',#5986,0.3);
#1812=CIRCLE('',#5988,0.3);
#1813=CIRCLE('',#5995,0.3);
#1814=CIRCLE('',#5997,0.3);
#1815=CIRCLE('',#6008,2.125);
#1816=CIRCLE('',#6010,2.125);
#1817=CIRCLE('',#6012,0.5);
#1818=CIRCLE('',#6013,1.5);
#1819=CIRCLE('',#6015,1.5);
#1820=CIRCLE('',#6016,1.5);
#1821=CIRCLE('',#6019,0.4);
#1822=CIRCLE('',#6021,0.4);
#1823=CIRCLE('',#6023,0.4);
#1824=CIRCLE('',#6025,0.4);
#1825=CIRCLE('',#6034,2.);
#1826=B_SPLINE_CURVE_WITH_KNOTS('',3,(#7562,#7563,#7564,#7565,#7566,#7567,
#7568,#7569,#7570,#7571,#7572,#7573,#7574,#7575,#7576,#7577),
 .UNSPECIFIED.,.F.,.F.,(4,2,2,2,2,2,2,4),(-0.000499726804253244,0.,0.0252319199201518,
0.0492519606141987,0.0775164378759573,0.100667594387538,0.119903531764785,
0.137339492581385),.UNSPECIFIED.);
#1827=B_SPLINE_CURVE_WITH_KNOTS('',3,(#7581,#7582,#7583,#7584,#7585,#7586,
#7587,#7588,#7589,#7590,#7591,#7592,#7593,#7594,#7595,#7596),
 .UNSPECIFIED.,.F.,.F.,(4,2,2,2,2,2,2,4),(0.0796950262211682,0.0929973022248388,
0.107672819729894,0.125335343576968,0.146898931703091,0.165224346303943,
0.184474330077294,0.184855582591183),.UNSPECIFIED.);
#1828=B_SPLINE_CURVE_WITH_KNOTS('',3,(#7598,#7599,#7600,#7601),
 .UNSPECIFIED.,.F.,.F.,(4,4),(0.224895727339459,0.239396856353912),
 .UNSPECIFIED.);
#1829=B_SPLINE_CURVE_WITH_KNOTS('',3,(#7604,#7605,#7606,#7607),
 .UNSPECIFIED.,.F.,.F.,(4,4),(0.060251415328124,0.0747525443425778),
 .UNSPECIFIED.);
#1830=B_SPLINE_CURVE_WITH_KNOTS('',3,(#7612,#7613,#7614,#7615),
 .UNSPECIFIED.,.F.,.F.,(4,4),(0.0801812140348643,0.101860041860004),
 .UNSPECIFIED.);
#1831=B_SPLINE_CURVE_WITH_KNOTS('',3,(#7621,#7622,#7623,#7624,#7625,#7626),
 .UNSPECIFIED.,.F.,.F.,(4,2,4),(0.075259747755678,0.0948869599723613,0.113876968623469),
 .UNSPECIFIED.);
#1832=B_SPLINE_CURVE_WITH_KNOTS('',3,(#7628,#7629,#7630,#7631,#7632,#7633,
#7634,#7635),.UNSPECIFIED.,.F.,.F.,(4,2,2,4),(-0.000469843239530429,0.,
0.0461442789897019,0.0630038277137405),.UNSPECIFIED.);
#1833=B_SPLINE_CURVE_WITH_KNOTS('',3,(#7640,#7641,#7642,#7643,#7644,#7645,
#7646,#7647,#7648,#7649,#7650,#7651,#7652,#7653,#7654,#7655),
 .UNSPECIFIED.,.F.,.F.,(4,2,2,2,2,2,2,4),(-0.000499726804731416,0.,0.0252319199261868,
0.0492519606269128,0.077516437896571,0.100667594414701,0.119903531797483,
0.137339492619101),.UNSPECIFIED.);
#1834=B_SPLINE_CURVE_WITH_KNOTS('',3,(#7659,#7660,#7661,#7662,#7663,#7664,
#7665,#7666,#7667,#7668,#7669,#7670,#7671,#7672,#7673,#7674),
 .UNSPECIFIED.,.F.,.F.,(4,2,2,2,2,2,2,4),(0.079695025718752,0.0929973016366311,
0.107672819047039,0.125335342780272,0.146898930767475,0.165224345250315,
0.184474328902008,0.184855581412828),.UNSPECIFIED.);
#1835=B_SPLINE_CURVE_WITH_KNOTS('',3,(#7676,#7677,#7678,#7679),
 .UNSPECIFIED.,.F.,.F.,(4,4),(0.224895727339459,0.239396856353913),
 .UNSPECIFIED.);
#1836=B_SPLINE_CURVE_WITH_KNOTS('',3,(#7682,#7683,#7684,#7685),
 .UNSPECIFIED.,.F.,.F.,(4,4),(0.0602514153281248,0.074752544342578),
 .UNSPECIFIED.);
#1837=B_SPLINE_CURVE_WITH_KNOTS('',3,(#7690,#7691,#7692,#7693),
 .UNSPECIFIED.,.F.,.F.,(4,4),(0.0801812140348642,0.101860041860005),
 .UNSPECIFIED.);
#1838=B_SPLINE_CURVE_WITH_KNOTS('',3,(#7697,#7698,#7699,#7700),
 .UNSPECIFIED.,.F.,.F.,(4,4),(0.22732074413726,0.2489995719624),
 .UNSPECIFIED.);
#1839=B_SPLINE_CURVE_WITH_KNOTS('',3,(#7704,#7705,#7706,#7707,#7708,#7709,
#7710,#7711),.UNSPECIFIED.,.F.,.F.,(4,2,2,4),(0.184943522799793,0.205732254851391,
0.262630632733866,0.263209974594784),.UNSPECIFIED.);
#1840=B_SPLINE_CURVE_WITH_KNOTS('',3,(#7713,#7714,#7715,#7716,#7717,#7718,
#7719,#7720),.UNSPECIFIED.,.F.,.F.,(4,2,2,4),(-0.000469843195062487,0.,
0.0461442862215601,0.0630038391851028),.UNSPECIFIED.);
#1841=B_SPLINE_CURVE_WITH_KNOTS('',3,(#7727,#7728,#7729,#7730,#7731,#7732,
#7733,#7734,#7735,#7736),.UNSPECIFIED.,.F.,.F.,(4,2,2,2,4),(-0.0689050692351718,
-0.0685326803757877,-0.04337533450644,-0.0182835595903237,0.),
 .UNSPECIFIED.);
#1842=B_SPLINE_CURVE_WITH_KNOTS('',3,(#7758,#7759,#7760,#7761),
 .UNSPECIFIED.,.F.,.F.,(4,4),(0.559354407959897,0.608067683949808),
 .UNSPECIFIED.);
#1843=B_SPLINE_CURVE_WITH_KNOTS('',3,(#7765,#7766,#7767,#7768),
 .UNSPECIFIED.,.F.,.F.,(4,4),(-0.608067683949808,-0.510007503858648),
 .UNSPECIFIED.);
#1844=B_SPLINE_CURVE_WITH_KNOTS('',3,(#7769,#7770,#7771,#7772),
 .UNSPECIFIED.,.F.,.F.,(4,4),(0.,0.0109122897592977),.UNSPECIFIED.);
#1845=B_SPLINE_CURVE_WITH_KNOTS('',3,(#7784,#7785,#7786,#7787),
 .UNSPECIFIED.,.F.,.F.,(4,4),(0.0600313038148462,0.0708987023543402),
 .UNSPECIFIED.);
#1846=B_SPLINE_CURVE_WITH_KNOTS('',3,(#7794,#7795,#7796,#7797),
 .UNSPECIFIED.,.F.,.F.,(4,4),(0.,0.00226770915744475),.UNSPECIFIED.);
#1847=B_SPLINE_CURVE_WITH_KNOTS('',3,(#7802,#7803,#7804,#7805),
 .UNSPECIFIED.,.F.,.F.,(4,4),(-0.0980601056959929,0.),.UNSPECIFIED.);
#1848=B_SPLINE_CURVE_WITH_KNOTS('',3,(#7857,#7858,#7859,#7860),
 .UNSPECIFIED.,.F.,.F.,(4,4),(0.571354431441948,0.620067193305295),
 .UNSPECIFIED.);
#1849=B_SPLINE_CURVE_WITH_KNOTS('',3,(#7863,#7864,#7865,#7866),
 .UNSPECIFIED.,.F.,.F.,(4,4),(-0.620067193305295,-0.571354431441948),
 .UNSPECIFIED.);
#1850=B_SPLINE_CURVE_WITH_KNOTS('',3,(#7870,#7871,#7872,#7873,#7874,#7875,
#7876,#7877,#7878,#7879,#7880,#7881),.UNSPECIFIED.,.F.,.F.,(4,2,2,2,2,4),
(-0.0769931478307182,-0.0766176702436434,-0.0557172593502243,-0.0355803516002193,
-0.0161352931329862,0.),.UNSPECIFIED.);
#1851=B_SPLINE_CURVE_WITH_KNOTS('',3,(#7903,#7904,#7905,#7906),
 .UNSPECIFIED.,.F.,.F.,(4,4),(-0.0487101212451388,0.),.UNSPECIFIED.);
#1852=B_SPLINE_CURVE_WITH_KNOTS('',3,(#7908,#7909,#7910,#7911),
 .UNSPECIFIED.,.F.,.F.,(4,4),(0.,0.0848899630209735),.UNSPECIFIED.);
#1853=B_SPLINE_CURVE_WITH_KNOTS('',3,(#7949,#7950,#7951,#7952),
 .UNSPECIFIED.,.F.,.F.,(4,4),(0.,0.048713252681112),.UNSPECIFIED.);
#1854=B_SPLINE_CURVE_WITH_KNOTS('',3,(#7953,#7954,#7955,#7956,#7957,#7958,
#7959,#7960,#7961,#7962),.UNSPECIFIED.,.F.,.F.,(4,2,2,2,4),(-0.000416519748510605,
0.,0.0281315383824269,0.0561930797122797,0.0766403321510144),
 .UNSPECIFIED.);
#1855=B_SPLINE_CURVE_WITH_KNOTS('',3,(#8049,#8050,#8051,#8052,#8053,#8054,
#8055),.UNSPECIFIED.,.F.,.F.,(4,1,1,1,4),(-3.14159265358979,-2.91719317833338,
-2.69279370307697,-2.24399475256414,-2.16756399493793),.UNSPECIFIED.);
#1856=B_SPLINE_CURVE_WITH_KNOTS('',3,(#8056,#8057,#8058,#8059,#8060,#8061,
#8062,#8063,#8064,#8065,#8066,#8067,#8068,#8069,#8070,#8071),
 .UNSPECIFIED.,.F.,.F.,(4,1,1,1,1,1,1,1,1,1,1,1,1,4),(-2.16756399493793,
-1.79519580205131,-1.34639685153848,-0.897597901025655,-0.448798950512828,
0.,0.448798950512828,0.897597901025655,1.34639685153848,1.79519580205131,
2.24399475256414,2.69279370307697,2.91719317833338,3.14159265358979),
 .UNSPECIFIED.);
#1857=B_SPLINE_CURVE_WITH_KNOTS('',3,(#8072,#8073,#8074,#8075,#8076,#8077,
#8078,#8079,#8080,#8081,#8082,#8083,#8084,#8085,#8086,#8087,#8088,#8089,
#8090),.UNSPECIFIED.,.T.,.F.,(4,1,1,1,1,1,1,1,1,1,1,1,1,1,1,1,4),(-3.14159265358979,
-2.91719317833338,-2.69279370307697,-2.24399475256414,-1.79519580205131,
-1.34639685153848,-0.897597901025655,-0.448798950512828,0.,0.448798950512828,
0.897597901025655,1.34639685153848,1.79519580205131,2.24399475256414,2.69279370307697,
2.91719317833338,3.14159265358979),.UNSPECIFIED.);
#1858=B_SPLINE_CURVE_WITH_KNOTS('',3,(#8094,#8095,#8096,#8097,#8098,#8099,
#8100,#8101,#8102,#8103,#8104,#8105,#8106),.UNSPECIFIED.,.F.,.F.,(4,1,1,
1,1,1,1,1,1,1,4),(-3.14159265358979,-2.46839422782055,-2.24399475256414,
-1.79519580205131,-1.34639685153848,-0.897597901025655,-0.448798950512828,
0.,0.448798950512828,0.897597901025655,0.97402865884505),.UNSPECIFIED.);
#1859=B_SPLINE_CURVE_WITH_KNOTS('',3,(#8107,#8108,#8109,#8110,#8111,#8112,
#8113,#8114),.UNSPECIFIED.,.F.,.F.,(4,1,1,1,1,4),(0.97402865884505,1.34639685153848,
1.79519580205131,2.24399475256414,2.69279370307697,3.14159265358979),
 .UNSPECIFIED.);
#1860=B_SPLINE_CURVE_WITH_KNOTS('',3,(#8186,#8187,#8188,#8189,#8190,#8191,
#8192,#8193,#8194,#8195,#8196,#8197,#8198,#8199,#8200,#8201,#8202),
 .UNSPECIFIED.,.T.,.F.,(4,1,1,1,1,1,1,1,1,1,1,1,1,1,4),(-3.14159265358979,
-2.69279370307697,-2.24399475256414,-1.79519580205131,-1.34639685153848,
-0.897597901025655,-0.448798950512828,0.,0.448798950512828,0.897597901025655,
1.34639685153848,1.79519580205131,2.24399475256414,2.46839422782055,3.14159265358979),
 .UNSPECIFIED.);
#1861=B_SPLINE_CURVE_WITH_KNOTS('',3,(#8283,#8284,#8285,#8286,#8287,#8288,
#8289),.UNSPECIFIED.,.F.,.F.,(4,1,1,1,4),(-3.14159265358979,-2.91719317833338,
-2.69279370307697,-2.24399475256414,-2.16756399493793),.UNSPECIFIED.);
#1862=B_SPLINE_CURVE_WITH_KNOTS('',3,(#8290,#8291,#8292,#8293,#8294,#8295,
#8296,#8297,#8298,#8299,#8300,#8301,#8302,#8303,#8304,#8305),
 .UNSPECIFIED.,.F.,.F.,(4,1,1,1,1,1,1,1,1,1,1,1,1,4),(-2.16756399493793,
-1.79519580205131,-1.34639685153848,-0.897597901025655,-0.448798950512828,
0.,0.448798950512828,0.897597901025655,1.34639685153848,1.79519580205131,
2.24399475256414,2.69279370307697,2.91719317833338,3.14159265358979),
 .UNSPECIFIED.);
#1863=B_SPLINE_CURVE_WITH_KNOTS('',3,(#8306,#8307,#8308,#8309,#8310,#8311,
#8312,#8313,#8314,#8315,#8316,#8317,#8318,#8319,#8320,#8321,#8322,#8323,
#8324),.UNSPECIFIED.,.T.,.F.,(4,1,1,1,1,1,1,1,1,1,1,1,1,1,1,1,4),(-3.14159265358979,
-2.91719317833338,-2.69279370307697,-2.24399475256414,-1.79519580205131,
-1.34639685153848,-0.897597901025655,-0.448798950512828,0.,0.448798950512828,
0.897597901025655,1.34639685153848,1.79519580205131,2.24399475256414,2.69279370307697,
2.91719317833338,3.14159265358979),.UNSPECIFIED.);
#1864=B_SPLINE_CURVE_WITH_KNOTS('',3,(#8328,#8329,#8330,#8331,#8332,#8333,
#8334,#8335,#8336,#8337,#8338,#8339,#8340),.UNSPECIFIED.,.F.,.F.,(4,1,1,
1,1,1,1,1,1,1,4),(-3.14159265358979,-2.46839422782055,-2.24399475256414,
-1.79519580205131,-1.34639685153848,-0.897597901025655,-0.448798950512828,
0.,0.448798950512828,0.897597901025655,0.97402865884505),.UNSPECIFIED.);
#1865=B_SPLINE_CURVE_WITH_KNOTS('',3,(#8341,#8342,#8343,#8344,#8345,#8346,
#8347,#8348),.UNSPECIFIED.,.F.,.F.,(4,1,1,1,1,4),(0.97402865884505,1.34639685153848,
1.79519580205131,2.24399475256414,2.69279370307697,3.14159265358979),
 .UNSPECIFIED.);
#1866=B_SPLINE_CURVE_WITH_KNOTS('',3,(#8420,#8421,#8422,#8423,#8424,#8425,
#8426,#8427,#8428,#8429,#8430,#8431,#8432,#8433,#8434,#8435,#8436),
 .UNSPECIFIED.,.T.,.F.,(4,1,1,1,1,1,1,1,1,1,1,1,1,1,4),(-3.14159265358979,
-2.69279370307697,-2.24399475256414,-1.79519580205131,-1.34639685153848,
-0.897597901025655,-0.448798950512828,0.,0.448798950512828,0.897597901025655,
1.34639685153848,1.79519580205131,2.24399475256414,2.46839422782055,3.14159265358979),
 .UNSPECIFIED.);
#1867=B_SPLINE_CURVE_WITH_KNOTS('',3,(#8517,#8518,#8519,#8520,#8521,#8522,
#8523),.UNSPECIFIED.,.F.,.F.,(4,1,1,1,4),(-3.14159265358979,-2.91719317833338,
-2.69279370307697,-2.24399475256414,-2.16756399493793),.UNSPECIFIED.);
#1868=B_SPLINE_CURVE_WITH_KNOTS('',3,(#8524,#8525,#8526,#8527,#8528,#8529,
#8530,#8531,#8532,#8533,#8534,#8535,#8536,#8537,#8538,#8539),
 .UNSPECIFIED.,.F.,.F.,(4,1,1,1,1,1,1,1,1,1,1,1,1,4),(-2.16756399493793,
-1.79519580205131,-1.34639685153848,-0.897597901025655,-0.448798950512828,
0.,0.448798950512828,0.897597901025655,1.34639685153848,1.79519580205131,
2.24399475256414,2.69279370307697,2.91719317833338,3.14159265358979),
 .UNSPECIFIED.);
#1869=B_SPLINE_CURVE_WITH_KNOTS('',3,(#8540,#8541,#8542,#8543,#8544,#8545,
#8546,#8547,#8548,#8549,#8550,#8551,#8552,#8553,#8554,#8555,#8556,#8557,
#8558),.UNSPECIFIED.,.T.,.F.,(4,1,1,1,1,1,1,1,1,1,1,1,1,1,1,1,4),(-3.14159265358979,
-2.91719317833338,-2.69279370307697,-2.24399475256414,-1.79519580205131,
-1.34639685153848,-0.897597901025655,-0.448798950512828,0.,0.448798950512828,
0.897597901025655,1.34639685153848,1.79519580205131,2.24399475256414,2.69279370307697,
2.91719317833338,3.14159265358979),.UNSPECIFIED.);
#1870=B_SPLINE_CURVE_WITH_KNOTS('',3,(#8562,#8563,#8564,#8565,#8566,#8567,
#8568,#8569,#8570,#8571,#8572,#8573,#8574),.UNSPECIFIED.,.F.,.F.,(4,1,1,
1,1,1,1,1,1,1,4),(-3.14159265358979,-2.46839422782055,-2.24399475256414,
-1.79519580205131,-1.34639685153848,-0.897597901025655,-0.448798950512828,
0.,0.448798950512828,0.897597901025655,0.974028658845051),.UNSPECIFIED.);
#1871=B_SPLINE_CURVE_WITH_KNOTS('',3,(#8575,#8576,#8577,#8578,#8579,#8580,
#8581,#8582),.UNSPECIFIED.,.F.,.F.,(4,1,1,1,1,4),(0.974028658845051,1.34639685153848,
1.79519580205131,2.24399475256414,2.69279370307697,3.14159265358979),
 .UNSPECIFIED.);
#1872=B_SPLINE_CURVE_WITH_KNOTS('',3,(#8654,#8655,#8656,#8657,#8658,#8659,
#8660,#8661,#8662,#8663,#8664,#8665,#8666,#8667,#8668,#8669,#8670),
 .UNSPECIFIED.,.T.,.F.,(4,1,1,1,1,1,1,1,1,1,1,1,1,1,4),(-3.14159265358979,
-2.69279370307697,-2.24399475256414,-1.79519580205131,-1.34639685153848,
-0.897597901025655,-0.448798950512828,0.,0.448798950512828,0.897597901025655,
1.34639685153848,1.79519580205131,2.24399475256414,2.46839422782055,3.14159265358979),
 .UNSPECIFIED.);
#1873=B_SPLINE_CURVE_WITH_KNOTS('',3,(#8751,#8752,#8753,#8754,#8755,#8756,
#8757),.UNSPECIFIED.,.F.,.F.,(4,1,1,1,4),(-3.14159265358979,-2.91719317833338,
-2.69279370307697,-2.24399475256414,-2.16756399493793),.UNSPECIFIED.);
#1874=B_SPLINE_CURVE_WITH_KNOTS('',3,(#8758,#8759,#8760,#8761,#8762,#8763,
#8764,#8765,#8766,#8767,#8768,#8769,#8770,#8771,#8772,#8773),
 .UNSPECIFIED.,.F.,.F.,(4,1,1,1,1,1,1,1,1,1,1,1,1,4),(-2.16756399493793,
-1.79519580205131,-1.34639685153848,-0.897597901025655,-0.448798950512828,
0.,0.448798950512828,0.897597901025655,1.34639685153848,1.79519580205131,
2.24399475256414,2.69279370307697,2.91719317833338,3.14159265358979),
 .UNSPECIFIED.);
#1875=B_SPLINE_CURVE_WITH_KNOTS('',3,(#8774,#8775,#8776,#8777,#8778,#8779,
#8780,#8781,#8782,#8783,#8784,#8785,#8786,#8787,#8788,#8789,#8790,#8791,
#8792),.UNSPECIFIED.,.T.,.F.,(4,1,1,1,1,1,1,1,1,1,1,1,1,1,1,1,4),(-3.14159265358979,
-2.91719317833338,-2.69279370307697,-2.24399475256414,-1.79519580205131,
-1.34639685153848,-0.897597901025655,-0.448798950512828,0.,0.448798950512828,
0.897597901025655,1.34639685153848,1.79519580205131,2.24399475256414,2.69279370307697,
2.91719317833338,3.14159265358979),.UNSPECIFIED.);
#1876=B_SPLINE_CURVE_WITH_KNOTS('',3,(#8796,#8797,#8798,#8799,#8800,#8801,
#8802,#8803,#8804,#8805,#8806,#8807,#8808),.UNSPECIFIED.,.F.,.F.,(4,1,1,
1,1,1,1,1,1,1,4),(-3.14159265358979,-2.46839422782055,-2.24399475256414,
-1.79519580205131,-1.34639685153848,-0.897597901025655,-0.448798950512828,
0.,0.448798950512828,0.897597901025655,0.97402865884505),.UNSPECIFIED.);
#1877=B_SPLINE_CURVE_WITH_KNOTS('',3,(#8809,#8810,#8811,#8812,#8813,#8814,
#8815,#8816),.UNSPECIFIED.,.F.,.F.,(4,1,1,1,1,4),(0.97402865884505,1.34639685153848,
1.79519580205131,2.24399475256414,2.69279370307697,3.14159265358979),
 .UNSPECIFIED.);
#1878=B_SPLINE_CURVE_WITH_KNOTS('',3,(#8888,#8889,#8890,#8891,#8892,#8893,
#8894,#8895,#8896,#8897,#8898,#8899,#8900,#8901,#8902,#8903,#8904),
 .UNSPECIFIED.,.T.,.F.,(4,1,1,1,1,1,1,1,1,1,1,1,1,1,4),(-3.14159265358979,
-2.69279370307697,-2.24399475256414,-1.79519580205131,-1.34639685153848,
-0.897597901025655,-0.448798950512828,0.,0.448798950512828,0.897597901025655,
1.34639685153848,1.79519580205131,2.24399475256414,2.46839422782055,3.14159265358979),
 .UNSPECIFIED.);
#1879=B_SPLINE_CURVE_WITH_KNOTS('',3,(#8985,#8986,#8987,#8988,#8989,#8990,
#8991),.UNSPECIFIED.,.F.,.F.,(4,1,1,1,4),(-3.14159265358979,-2.91719317833338,
-2.69279370307697,-2.24399475256414,-2.16756399493793),.UNSPECIFIED.);
#1880=B_SPLINE_CURVE_WITH_KNOTS('',3,(#8992,#8993,#8994,#8995,#8996,#8997,
#8998,#8999,#9000,#9001,#9002,#9003,#9004,#9005,#9006,#9007),
 .UNSPECIFIED.,.F.,.F.,(4,1,1,1,1,1,1,1,1,1,1,1,1,4),(-2.16756399493793,
-1.79519580205131,-1.34639685153848,-0.897597901025655,-0.448798950512828,
0.,0.448798950512828,0.897597901025655,1.34639685153848,1.79519580205131,
2.24399475256414,2.69279370307697,2.91719317833338,3.14159265358979),
 .UNSPECIFIED.);
#1881=B_SPLINE_CURVE_WITH_KNOTS('',3,(#9008,#9009,#9010,#9011,#9012,#9013,
#9014,#9015,#9016,#9017,#9018,#9019,#9020,#9021,#9022,#9023,#9024,#9025,
#9026),.UNSPECIFIED.,.T.,.F.,(4,1,1,1,1,1,1,1,1,1,1,1,1,1,1,1,4),(-3.14159265358979,
-2.91719317833338,-2.69279370307697,-2.24399475256414,-1.79519580205131,
-1.34639685153848,-0.897597901025655,-0.448798950512828,0.,0.448798950512828,
0.897597901025655,1.34639685153848,1.79519580205131,2.24399475256414,2.69279370307697,
2.91719317833338,3.14159265358979),.UNSPECIFIED.);
#1882=B_SPLINE_CURVE_WITH_KNOTS('',3,(#9030,#9031,#9032,#9033,#9034,#9035,
#9036,#9037,#9038,#9039,#9040,#9041,#9042),.UNSPECIFIED.,.F.,.F.,(4,1,1,
1,1,1,1,1,1,1,4),(-3.14159265358979,-2.46839422782055,-2.24399475256414,
-1.79519580205131,-1.34639685153848,-0.897597901025655,-0.448798950512828,
0.,0.448798950512828,0.897597901025655,0.97402865884505),.UNSPECIFIED.);
#1883=B_SPLINE_CURVE_WITH_KNOTS('',3,(#9043,#9044,#9045,#9046,#9047,#9048,
#9049,#9050),.UNSPECIFIED.,.F.,.F.,(4,1,1,1,1,4),(0.97402865884505,1.34639685153848,
1.79519580205131,2.24399475256414,2.69279370307697,3.14159265358979),
 .UNSPECIFIED.);
#1884=B_SPLINE_CURVE_WITH_KNOTS('',3,(#9122,#9123,#9124,#9125,#9126,#9127,
#9128,#9129,#9130,#9131,#9132,#9133,#9134,#9135,#9136,#9137,#9138),
 .UNSPECIFIED.,.T.,.F.,(4,1,1,1,1,1,1,1,1,1,1,1,1,1,4),(-3.14159265358979,
-2.69279370307697,-2.24399475256414,-1.79519580205131,-1.34639685153848,
-0.897597901025655,-0.448798950512828,0.,0.448798950512828,0.897597901025655,
1.34639685153848,1.79519580205131,2.24399475256414,2.46839422782055,3.14159265358979),
 .UNSPECIFIED.);
#1885=B_SPLINE_CURVE_WITH_KNOTS('',3,(#9219,#9220,#9221,#9222,#9223,#9224,
#9225),.UNSPECIFIED.,.F.,.F.,(4,1,1,1,4),(-3.14159265358979,-2.91719317833338,
-2.69279370307697,-2.24399475256414,-2.16756399493793),.UNSPECIFIED.);
#1886=B_SPLINE_CURVE_WITH_KNOTS('',3,(#9226,#9227,#9228,#9229,#9230,#9231,
#9232,#9233,#9234,#9235,#9236,#9237,#9238,#9239,#9240,#9241),
 .UNSPECIFIED.,.F.,.F.,(4,1,1,1,1,1,1,1,1,1,1,1,1,4),(-2.16756399493793,
-1.79519580205131,-1.34639685153848,-0.897597901025655,-0.448798950512828,
0.,0.448798950512828,0.897597901025655,1.34639685153848,1.79519580205131,
2.24399475256414,2.69279370307697,2.91719317833338,3.14159265358979),
 .UNSPECIFIED.);
#1887=B_SPLINE_CURVE_WITH_KNOTS('',3,(#9242,#9243,#9244,#9245,#9246,#9247,
#9248,#9249,#9250,#9251,#9252,#9253,#9254,#9255,#9256,#9257,#9258,#9259,
#9260),.UNSPECIFIED.,.T.,.F.,(4,1,1,1,1,1,1,1,1,1,1,1,1,1,1,1,4),(-3.14159265358979,
-2.91719317833338,-2.69279370307697,-2.24399475256414,-1.79519580205131,
-1.34639685153848,-0.897597901025655,-0.448798950512828,0.,0.448798950512828,
0.897597901025655,1.34639685153848,1.79519580205131,2.24399475256414,2.69279370307697,
2.91719317833338,3.14159265358979),.UNSPECIFIED.);
#1888=B_SPLINE_CURVE_WITH_KNOTS('',3,(#9264,#9265,#9266,#9267,#9268,#9269,
#9270,#9271,#9272,#9273,#9274,#9275,#9276),.UNSPECIFIED.,.F.,.F.,(4,1,1,
1,1,1,1,1,1,1,4),(-3.14159265358979,-2.46839422782055,-2.24399475256414,
-1.79519580205131,-1.34639685153848,-0.897597901025655,-0.448798950512828,
0.,0.448798950512828,0.897597901025655,0.97402865884505),.UNSPECIFIED.);
#1889=B_SPLINE_CURVE_WITH_KNOTS('',3,(#9277,#9278,#9279,#9280,#9281,#9282,
#9283,#9284),.UNSPECIFIED.,.F.,.F.,(4,1,1,1,1,4),(0.97402865884505,1.34639685153848,
1.79519580205131,2.24399475256414,2.69279370307697,3.14159265358979),
 .UNSPECIFIED.);
#1890=B_SPLINE_CURVE_WITH_KNOTS('',3,(#9356,#9357,#9358,#9359,#9360,#9361,
#9362,#9363,#9364,#9365,#9366,#9367,#9368,#9369,#9370,#9371,#9372),
 .UNSPECIFIED.,.T.,.F.,(4,1,1,1,1,1,1,1,1,1,1,1,1,1,4),(-3.14159265358979,
-2.69279370307697,-2.24399475256414,-1.79519580205131,-1.34639685153848,
-0.897597901025655,-0.448798950512828,0.,0.448798950512828,0.897597901025655,
1.34639685153848,1.79519580205131,2.24399475256414,2.46839422782055,3.14159265358979),
 .UNSPECIFIED.);
#1891=B_SPLINE_CURVE_WITH_KNOTS('',3,(#9453,#9454,#9455,#9456,#9457,#9458,
#9459),.UNSPECIFIED.,.F.,.F.,(4,1,1,1,4),(-3.14159265358979,-2.91719317833338,
-2.69279370307697,-2.24399475256414,-2.16756399493793),.UNSPECIFIED.);
#1892=B_SPLINE_CURVE_WITH_KNOTS('',3,(#9460,#9461,#9462,#9463,#9464,#9465,
#9466,#9467,#9468,#9469,#9470,#9471,#9472,#9473,#9474,#9475),
 .UNSPECIFIED.,.F.,.F.,(4,1,1,1,1,1,1,1,1,1,1,1,1,4),(-2.16756399493793,
-1.79519580205131,-1.34639685153848,-0.897597901025655,-0.448798950512828,
0.,0.448798950512828,0.897597901025655,1.34639685153848,1.79519580205131,
2.24399475256414,2.69279370307697,2.91719317833338,3.14159265358979),
 .UNSPECIFIED.);
#1893=B_SPLINE_CURVE_WITH_KNOTS('',3,(#9476,#9477,#9478,#9479,#9480,#9481,
#9482,#9483,#9484,#9485,#9486,#9487,#9488,#9489,#9490,#9491,#9492,#9493,
#9494),.UNSPECIFIED.,.T.,.F.,(4,1,1,1,1,1,1,1,1,1,1,1,1,1,1,1,4),(-3.14159265358979,
-2.91719317833338,-2.69279370307697,-2.24399475256414,-1.79519580205131,
-1.34639685153848,-0.897597901025655,-0.448798950512828,0.,0.448798950512828,
0.897597901025655,1.34639685153848,1.79519580205131,2.24399475256414,2.69279370307697,
2.91719317833338,3.14159265358979),.UNSPECIFIED.);
#1894=B_SPLINE_CURVE_WITH_KNOTS('',3,(#9498,#9499,#9500,#9501,#9502,#9503,
#9504,#9505,#9506,#9507,#9508,#9509,#9510),.UNSPECIFIED.,.F.,.F.,(4,1,1,
1,1,1,1,1,1,1,4),(-3.14159265358979,-2.46839422782055,-2.24399475256414,
-1.79519580205131,-1.34639685153848,-0.897597901025655,-0.448798950512828,
0.,0.448798950512828,0.897597901025655,0.97402865884505),.UNSPECIFIED.);
#1895=B_SPLINE_CURVE_WITH_KNOTS('',3,(#9511,#9512,#9513,#9514,#9515,#9516,
#9517,#9518),.UNSPECIFIED.,.F.,.F.,(4,1,1,1,1,4),(0.97402865884505,1.34639685153848,
1.79519580205131,2.24399475256414,2.69279370307697,3.14159265358979),
 .UNSPECIFIED.);
#1896=B_SPLINE_CURVE_WITH_KNOTS('',3,(#9590,#9591,#9592,#9593,#9594,#9595,
#9596,#9597,#9598,#9599,#9600,#9601,#9602,#9603,#9604,#9605,#9606),
 .UNSPECIFIED.,.T.,.F.,(4,1,1,1,1,1,1,1,1,1,1,1,1,1,4),(-3.14159265358979,
-2.69279370307697,-2.24399475256414,-1.79519580205131,-1.34639685153848,
-0.897597901025655,-0.448798950512828,0.,0.448798950512828,0.897597901025655,
1.34639685153848,1.79519580205131,2.24399475256414,2.46839422782055,3.14159265358979),
 .UNSPECIFIED.);
#1897=B_SPLINE_CURVE_WITH_KNOTS('',3,(#9610,#9611,#9612,#9613,#9614,#9615,
#9616,#9617,#9618,#9619),.UNSPECIFIED.,.F.,.F.,(4,2,2,2,4),(0.,0.0754047804682171,
0.155562439557438,0.208618662628007,0.261872732659912),.UNSPECIFIED.);
#1898=B_SPLINE_CURVE_WITH_KNOTS('',3,(#9627,#9628,#9629,#9630,#9631,#9632,
#9633,#9634,#9635,#9636),.UNSPECIFIED.,.F.,.F.,(4,2,2,2,4),(0.,0.088990368390991,
0.174636384811248,0.218791340672181,0.262423359853959),.UNSPECIFIED.);
#1899=B_SPLINE_CURVE_WITH_KNOTS('',3,(#9643,#9644,#9645,#9646,#9647,#9648,
#9649,#9650,#9651,#9652),.UNSPECIFIED.,.F.,.F.,(4,2,2,2,4),(0.,0.0889903644330089,
0.174636367559814,0.218791336139518,0.262423359689842),.UNSPECIFIED.);
#1900=B_SPLINE_CURVE_WITH_KNOTS('',3,(#9656,#9657,#9658,#9659,#9660,#9661,
#9662,#9663,#9664,#9665),.UNSPECIFIED.,.F.,.F.,(4,2,2,2,4),(0.,0.075404768611991,
0.155562409308219,0.208618651019557,0.261872732604324),.UNSPECIFIED.);
#1901=B_SPLINE_CURVE_WITH_KNOTS('',3,(#9770,#9771,#9772,#9773,#9774,#9775,
#9776,#9777,#9778),.UNSPECIFIED.,.F.,.F.,(4,1,1,1,1,1,4),(0.533258225393342,
1.30671759380732,1.86975753283944,2.15127750235551,2.29203748711354,2.36241747949255,
2.43279747187157),.UNSPECIFIED.);
#1902=B_SPLINE_CURVE_WITH_KNOTS('',3,(#9781,#9782,#9783,#9784,#9785,#9786,
#9787,#9788,#9789),.UNSPECIFIED.,.F.,.F.,(4,1,1,1,1,1,4),(1.14481432770954,
1.21519432009344,1.28557431247733,1.42633429724512,1.7078542667807,2.27089420585186,
3.04435359493433),.UNSPECIFIED.);
#1903=B_SPLINE_CURVE_WITH_KNOTS('',3,(#9842,#9843,#9844,#9845,#9846,#9847,
#9848,#9849,#9850),.UNSPECIFIED.,.F.,.F.,(4,1,1,1,1,1,4),(-2.7584049327134,
-2.19536503896929,-1.63232514522519,-1.35080519835314,-1.06928525148108,
-0.928525278045057,-0.878951449047573),.UNSPECIFIED.);
#1904=B_SPLINE_CURVE_WITH_KNOTS('',3,(#9852,#9853,#9854,#9855,#9856,#9857,
#9858,#9859),.UNSPECIFIED.,.F.,.F.,(4,2,2,4),(-0.000588504634942027,0.,
0.063065462381676,0.141264846786212),.UNSPECIFIED.);
#1905=B_SPLINE_CURVE_WITH_KNOTS('',3,(#9860,#9861,#9862,#9863,#9864,#9865,
#9866,#9867,#9868,#9869),.UNSPECIFIED.,.F.,.F.,(4,1,1,1,1,1,1,4),(0.78776530460903,
0.858145291327044,0.928525278045057,1.06928525148108,1.35080519835314,1.63232514522519,
2.19536503896929,2.68730973447444),.UNSPECIFIED.);
#1906=B_SPLINE_CURVE_WITH_KNOTS('',3,(#9872,#9873,#9874,#9875,#9876,#9877,
#9878,#9879),.UNSPECIFIED.,.F.,.F.,(4,1,1,1,1,4),(-2.34160796951475,-2.29203748711354,
-2.15127750235551,-1.86975753283944,-1.30671759380732,-0.46215768525913),
 .UNSPECIFIED.);
#1907=B_SPLINE_CURVE_WITH_KNOTS('',3,(#9927,#9928,#9929,#9930,#9931,#9932,
#9933,#9934,#9935),.UNSPECIFIED.,.F.,.F.,(4,1,1,1,1,1,4),(0.533258200844251,
1.30671751980331,1.86975741354721,2.15127736041916,2.29203733385514,2.36241732057312,
2.43279730729111),.UNSPECIFIED.);
#1908=B_SPLINE_CURVE_WITH_KNOTS('',3,(#9937,#9938,#9939,#9940,#9941,#9942,
#9943,#9944,#9945,#9946),.UNSPECIFIED.,.F.,.F.,(4,2,2,2,4),(0.,0.00655009462224424,
0.083407135989794,0.141777956512037,0.142368710686068),.UNSPECIFIED.);
#1909=B_SPLINE_CURVE_WITH_KNOTS('',3,(#9947,#9948,#9949,#9950,#9951,#9952,
#9953,#9954),.UNSPECIFIED.,.F.,.F.,(4,1,1,1,1,4),(-2.34160780323519,-2.29203733385514,
-2.15127736041916,-1.86975741354721,-1.30671751980331,-0.462157679187459),
 .UNSPECIFIED.);
#1910=B_SPLINE_CURVE_WITH_KNOTS('',3,(#10003,#10004,#10005,#10006,#10007,
#10008,#10009,#10010),.UNSPECIFIED.,.F.,.F.,(4,1,1,1,1,4),(-3.11545411445859,
-2.27089420585186,-1.7078542667807,-1.42633429724512,-1.28557431247733,
-1.2360027965171),.UNSPECIFIED.);
#1911=B_SPLINE_CURVE_WITH_KNOTS('',3,(#10011,#10012,#10013,#10014,#10015,
#10016,#10017,#10018),.UNSPECIFIED.,.F.,.F.,(4,2,2,4),(-0.000588505586935091,
0.,0.0630652867597815,0.141264847247817),.UNSPECIFIED.);
#1912=B_SPLINE_CURVE_WITH_KNOTS('',3,(#10068,#10069,#10070,#10071,#10072,
#10073,#10074,#10075,#10076,#10077),.UNSPECIFIED.,.F.,.F.,(4,2,2,2,4),(0.,
0.00653340712226005,0.0833947306540661,0.141778070611681,0.142368825597811),
 .UNSPECIFIED.);
#1913=B_SPLINE_CURVE_WITH_KNOTS('',3,(#10182,#10183,#10184,#10185,#10186,
#10187,#10188),.UNSPECIFIED.,.F.,.F.,(4,1,1,1,4),(-3.14159265358979,-2.91719317833338,
-2.69279370307697,-2.24399475256414,-2.16756399493793),.UNSPECIFIED.);
#1914=B_SPLINE_CURVE_WITH_KNOTS('',3,(#10189,#10190,#10191,#10192,#10193,
#10194,#10195,#10196,#10197,#10198,#10199,#10200,#10201,#10202,#10203,#10204),
 .UNSPECIFIED.,.F.,.F.,(4,1,1,1,1,1,1,1,1,1,1,1,1,4),(-2.16756399493793,
-1.79519580205131,-1.34639685153848,-0.897597901025655,-0.448798950512828,
0.,0.448798950512828,0.897597901025655,1.34639685153848,1.79519580205131,
2.24399475256414,2.69279370307697,2.91719317833338,3.14159265358979),
 .UNSPECIFIED.);
#1915=B_SPLINE_CURVE_WITH_KNOTS('',3,(#10205,#10206,#10207,#10208,#10209,
#10210,#10211,#10212,#10213,#10214,#10215,#10216,#10217,#10218,#10219,#10220,
#10221,#10222,#10223),.UNSPECIFIED.,.T.,.F.,(4,1,1,1,1,1,1,1,1,1,1,1,1,
1,1,1,4),(-3.14159265358979,-2.91719317833338,-2.69279370307697,-2.24399475256414,
-1.79519580205131,-1.34639685153848,-0.897597901025655,-0.448798950512828,
0.,0.448798950512828,0.897597901025655,1.34639685153848,1.79519580205131,
2.24399475256414,2.69279370307697,2.91719317833338,3.14159265358979),
 .UNSPECIFIED.);
#1916=B_SPLINE_CURVE_WITH_KNOTS('',3,(#10227,#10228,#10229,#10230,#10231,
#10232,#10233,#10234,#10235,#10236,#10237,#10238,#10239),.UNSPECIFIED.,
 .F.,.F.,(4,1,1,1,1,1,1,1,1,1,4),(-3.14159265358979,-2.46839422782055,-2.24399475256414,
-1.79519580205131,-1.34639685153848,-0.897597901025655,-0.448798950512828,
0.,0.448798950512828,0.897597901025655,0.97402865884505),.UNSPECIFIED.);
#1917=B_SPLINE_CURVE_WITH_KNOTS('',3,(#10240,#10241,#10242,#10243,#10244,
#10245,#10246,#10247),.UNSPECIFIED.,.F.,.F.,(4,1,1,1,1,4),(0.97402865884505,
1.34639685153848,1.79519580205131,2.24399475256414,2.69279370307697,3.14159265358979),
 .UNSPECIFIED.);
#1918=B_SPLINE_CURVE_WITH_KNOTS('',3,(#10324,#10325,#10326,#10327,#10328,
#10329,#10330,#10331,#10332,#10333,#10334,#10335,#10336,#10337,#10338,#10339,
#10340),.UNSPECIFIED.,.T.,.F.,(4,1,1,1,1,1,1,1,1,1,1,1,1,1,4),(-3.14159265358979,
-2.69279370307697,-2.24399475256414,-1.79519580205131,-1.34639685153848,
-0.897597901025655,-0.448798950512828,0.,0.448798950512828,0.897597901025655,
1.34639685153848,1.79519580205131,2.24399475256414,2.46839422782055,3.14159265358979),
 .UNSPECIFIED.);
#1919=B_SPLINE_CURVE_WITH_KNOTS('',3,(#10358,#10359,#10360,#10361,#10362,
#10363,#10364,#10365,#10366,#10367,#10368,#10369,#10370,#10371),
 .UNSPECIFIED.,.F.,.F.,(4,2,2,2,2,2,4),(-0.0407746140165313,-0.0315780342274506,
-0.0220882678401677,-0.0119410470379247,-0.00600411619843277,0.,0.000243875826437863),
 .UNSPECIFIED.);
#1920=B_SPLINE_CURVE_WITH_KNOTS('',3,(#10374,#10375,#10376,#10377,#10378,
#10379,#10380,#10381,#10382,#10383,#10384,#10385,#10386,#10387),
 .UNSPECIFIED.,.F.,.F.,(4,2,2,2,2,2,4),(-0.0407716895349119,-0.0315756850329552,
-0.0220888408922704,-0.0119472929078614,-0.00600525744849899,0.,0.000246688720586058),
 .UNSPECIFIED.);
#1921=B_SPLINE_CURVE_WITH_KNOTS('',3,(#10392,#10393,#10394,#10395,#10396,
#10397,#10398,#10399,#10400,#10401,#10402,#10403,#10404,#10405),
 .UNSPECIFIED.,.F.,.F.,(4,2,2,2,2,2,4),(-0.0407716895349488,-0.0315756850329834,
-0.0220888408922899,-0.0119472929078714,-0.00600525744850355,0.,0.00024668872058611),
 .UNSPECIFIED.);
#1922=B_SPLINE_CURVE_WITH_KNOTS('',3,(#10412,#10413,#10414,#10415,#10416,
#10417,#10418,#10419,#10420,#10421,#10422,#10423,#10424,#10425),
 .UNSPECIFIED.,.F.,.F.,(4,2,2,2,2,2,4),(-0.0817666538887743,-0.0815227780623294,
-0.0738677868047328,-0.0663315775357456,-0.0564197484870653,-0.0470659511881447,
-0.0407613890311653),.UNSPECIFIED.);
#1923=B_SPLINE_CURVE_WITH_KNOTS('',3,(#10428,#10429,#10430,#10431,#10432,
#10433,#10434,#10435,#10436,#10437,#10438,#10439,#10440,#10441),
 .UNSPECIFIED.,.F.,.F.,(4,2,2,2,2,2,4),(-0.0407746140170843,-0.0315780342278755,
-0.0220882678404625,-0.0119410470380797,-0.0060041161985048,0.,0.000243875826444067),
 .UNSPECIFIED.);
#1924=B_SPLINE_CURVE_WITH_KNOTS('',3,(#10446,#10447,#10448,#10449,#10450,
#10451,#10452,#10453,#10454,#10455,#10456,#10457,#10458,#10459),
 .UNSPECIFIED.,.F.,.F.,(4,2,2,2,2,2,4),(-0.0817900677894765,-0.081543379068895,
-0.0755381216204563,-0.0695960861611635,-0.0594545381768721,-0.0499676940362973,
-0.0407716895344481),.UNSPECIFIED.);
#1925=B_SPLINE_CURVE_WITH_KNOTS('',3,(#10469,#10470,#10471,#10472,#10473,
#10474,#10475,#10476,#10477,#10478,#10479,#10480,#10481,#10482),
 .UNSPECIFIED.,.F.,.F.,(4,2,2,2,2,2,4),(-0.0407716895349897,-0.0315756850330153,
-0.0220888408923115,-0.0119472929078818,-0.006005257448508,0.,0.000246688720587124),
 .UNSPECIFIED.);
#1926=B_SPLINE_CURVE_WITH_KNOTS('',3,(#10488,#10489,#10490,#10491,#10492,
#10493,#10494,#10495,#10496,#10497,#10498,#10499,#10500,#10501),
 .UNSPECIFIED.,.F.,.F.,(4,2,2,2,2,2,4),(-0.0407746140169647,-0.0315780342277834,
-0.0220882678403978,-0.0119410470380465,-0.00600411619849002,0.,0.000243875826443159),
 .UNSPECIFIED.);
#1927=B_SPLINE_CURVE_WITH_KNOTS('',3,(#10512,#10513,#10514,#10515,#10516,
#10517,#10518,#10519,#10520,#10521,#10522,#10523,#10524,#10525,#10526,#10527,
#10528,#10529,#10530,#10531,#10532,#10533,#10534,#10535,#10536,#10537),
 .UNSPECIFIED.,.T.,.F.,(4,1,1,1,1,1,1,1,1,1,1,1,1,1,1,1,1,1,1,1,1,1,1,4),
(-0.181336642117054,-0.174860333470017,-0.168384024822979,-0.155431407528904,
-0.148955098881866,-0.142478790234829,-0.129526172940753,-0.116573555646678,
-0.11009724699964,-0.103620938352603,-0.0971446297055649,-0.0906683210585272,
-0.0777157037644519,-0.0744775494409331,-0.0712393951174143,-0.0647630864703766,
-0.0582867778233389,-0.0518104691763013,-0.038857851882226,-0.0259052345881506,
-0.019428925941113,-0.0129526172940753,-0.00647630864703766,0.),
 .UNSPECIFIED.);
#1928=B_SPLINE_CURVE_WITH_KNOTS('',3,(#10547,#10548,#10549,#10550,#10551,
#10552,#10553,#10554,#10555,#10556,#10557,#10558,#10559,#10560,#10561,#10562,
#10563,#10564,#10565,#10566,#10567,#10568,#10569,#10570,#10571,#10572),
 .UNSPECIFIED.,.T.,.F.,(4,1,1,1,1,1,1,1,1,1,1,1,1,1,1,1,1,1,1,1,1,1,1,4),
(-0.181336642117054,-0.174860333470017,-0.168384024822979,-0.155431407528904,
-0.148955098881866,-0.142478790234829,-0.129526172940753,-0.116573555646678,
-0.11009724699964,-0.103620938352603,-0.0971446297055649,-0.0906683210585272,
-0.0777157037644519,-0.0744775494409331,-0.0712393951174143,-0.0647630864703766,
-0.0582867778233389,-0.0518104691763013,-0.038857851882226,-0.0259052345881506,
-0.019428925941113,-0.0129526172940753,-0.00647630864703766,0.),
 .UNSPECIFIED.);
#1929=B_SPLINE_CURVE_WITH_KNOTS('',3,(#10598,#10599,#10600,#10601,#10602,
#10603,#10604,#10605,#10606,#10607,#10608,#10609,#10610,#10611),
 .UNSPECIFIED.,.F.,.F.,(4,2,2,2,2,2,4),(-0.0407746140099333,-0.0315780342223752,
-0.0220882678366641,-0.0119410470361025,-0.00600411619759365,0.,0.00024387582632709),
 .UNSPECIFIED.);
#1930=B_SPLINE_CURVE_WITH_KNOTS('',3,(#10614,#10615,#10616,#10617,#10618,
#10619,#10620,#10621,#10622,#10623,#10624,#10625,#10626,#10627),
 .UNSPECIFIED.,.F.,.F.,(4,2,2,2,2,2,4),(-0.0407716895281821,-0.0315756850277782,
-0.022088840888694,-0.0119472929059957,-0.00600525744763596,0.,0.000246688720488772),
 .UNSPECIFIED.);
#1931=B_SPLINE_CURVE_WITH_KNOTS('',3,(#10633,#10634,#10635,#10636,#10637,
#10638,#10639,#10640,#10641,#10642,#10643,#10644,#10645,#10646),
 .UNSPECIFIED.,.F.,.F.,(4,2,2,2,2,2,4),(-0.0407746140092919,-0.0315780342218817,
-0.0220882678363241,-0.0119410470359256,-0.00600411619751187,0.,0.000243875826320445),
 .UNSPECIFIED.);
#1932=B_SPLINE_CURVE_WITH_KNOTS('',3,(#10649,#10650,#10651,#10652,#10653,
#10654,#10655,#10656,#10657,#10658,#10659,#10660,#10661,#10662),
 .UNSPECIFIED.,.F.,.F.,(4,2,2,2,2,2,4),(-0.0817666538746403,-0.0815227780483108,
-0.0738677867918595,-0.0663315775242065,-0.0564197484772814,-0.0470659511800165,
-0.0407613890241547),.UNSPECIFIED.);
#1933=B_SPLINE_CURVE_WITH_KNOTS('',3,(#10667,#10668,#10669,#10670,#10671,
#10672,#10673,#10674,#10675,#10676,#10677,#10678,#10679,#10680),
 .UNSPECIFIED.,.F.,.F.,(4,2,2,2,2,2,4),(-0.0407716895280788,-0.0315756850276987,
-0.0220888408886391,-0.0119472929059668,-0.00600525744762233,0.,0.000246688720488595),
 .UNSPECIFIED.);
#1934=B_SPLINE_CURVE_WITH_KNOTS('',3,(#10685,#10686,#10687,#10688,#10689,
#10690,#10691,#10692,#10693,#10694,#10695,#10696,#10697,#10698),
 .UNSPECIFIED.,.F.,.F.,(4,2,2,2,2,2,4),(-0.0407746140097563,-0.0315780342222381,
-0.0220882678365691,-0.0119410470360531,-0.00600411619757053,0.,0.000243875826324893),
 .UNSPECIFIED.);
#1935=B_SPLINE_CURVE_WITH_KNOTS('',3,(#10703,#10704,#10705,#10706,#10707,
#10708,#10709,#10710,#10711,#10712,#10713,#10714,#10715,#10716),
 .UNSPECIFIED.,.F.,.F.,(4,2,2,2,2,2,4),(-0.0407716895282174,-0.0315756850278053,
-0.0220888408887127,-0.0119472929060057,-0.00600525744764061,0.,0.000246688720488839),
 .UNSPECIFIED.);
#1936=B_SPLINE_CURVE_WITH_KNOTS('',3,(#10720,#10721,#10722,#10723,#10724,
#10725,#10726,#10727,#10728,#10729,#10730,#10731,#10732,#10733),
 .UNSPECIFIED.,.F.,.F.,(4,2,2,2,2,2,4),(-0.040774614009974,-0.0315780342224062,
-0.0220882678366855,-0.011941047036113,-0.00600411619759776,0.,0.000243875826329111),
 .UNSPECIFIED.);
#1937=B_SPLINE_CURVE_WITH_KNOTS('',3,(#10744,#10745,#10746,#10747,#10748,
#10749,#10750,#10751,#10752,#10753,#10754,#10755,#10756,#10757,#10758,#10759,
#10760,#10761,#10762,#10763,#10764,#10765,#10766,#10767,#10768,#10769),
 .UNSPECIFIED.,.T.,.F.,(4,1,1,1,1,1,1,1,1,1,1,1,1,1,1,1,1,1,1,1,1,1,1,4),
(-0.181336642117054,-0.174860333470017,-0.168384024822979,-0.155431407528904,
-0.148955098881866,-0.142478790234829,-0.129526172940753,-0.116573555646678,
-0.11009724699964,-0.103620938352603,-0.0971446297055649,-0.0906683210585272,
-0.0777157037644519,-0.0744775494409331,-0.0712393951174143,-0.0647630864703766,
-0.0582867778233389,-0.0518104691763013,-0.038857851882226,-0.0259052345881506,
-0.019428925941113,-0.0129526172940753,-0.00647630864703766,0.),
 .UNSPECIFIED.);
#1938=B_SPLINE_CURVE_WITH_KNOTS('',3,(#10918,#10919,#10920,#10921,#10922,
#10923,#10924,#10925,#10926,#10927,#10928,#10929,#10930,#10931,#10932,#10933,
#10934,#10935),.UNSPECIFIED.,.F.,.F.,(4,2,2,2,2,2,2,2,4),(-0.000486703997387761,
0.,0.0199803685051001,0.0393219488371954,0.069590730536171,0.0945251002146772,
0.114800632024484,0.1329330337125,0.136616797864493),.UNSPECIFIED.);
#1939=B_SPLINE_CURVE_WITH_KNOTS('',3,(#10939,#10940,#10941,#10942,#10943,
#10944,#10945,#10946,#10947,#10948,#10949,#10950,#10951,#10952,#10953,#10954,
#10955,#10956),.UNSPECIFIED.,.F.,.F.,(4,2,2,2,2,2,2,2,4),(0.0793113758505982,
0.0821362258017718,0.0960408385591709,0.111588884709727,0.130709504288673,
0.153920753157073,0.168752609921626,0.184074313664472,0.184447536733776),
 .UNSPECIFIED.);
#1940=B_SPLINE_CURVE_WITH_KNOTS('',3,(#10958,#10959,#10960,#10961),
 .UNSPECIFIED.,.F.,.F.,(4,4),(0.224454743656693,0.233292246476553),
 .UNSPECIFIED.);
#1941=B_SPLINE_CURVE_WITH_KNOTS('',3,(#10964,#10965,#10966,#10967),
 .UNSPECIFIED.,.F.,.F.,(4,4),(0.0658160545494889,0.0746535573693488),
 .UNSPECIFIED.);
#1942=B_SPLINE_CURVE_WITH_KNOTS('',3,(#10972,#10973,#10974,#10975),
 .UNSPECIFIED.,.F.,.F.,(4,4),(0.0773097551075919,0.0890890952498327),
 .UNSPECIFIED.);
#1943=B_SPLINE_CURVE_WITH_KNOTS('',3,(#10979,#10980,#10981,#10982),
 .UNSPECIFIED.,.F.,.F.,(4,4),(0.223798040308843,0.235577380451084),
 .UNSPECIFIED.);
#1944=B_SPLINE_CURVE_WITH_KNOTS('',3,(#10986,#10987,#10988,#10989,#10990,
#10991,#10992,#10993),.UNSPECIFIED.,.F.,.F.,(4,2,2,4),(0.159852257672513,
0.182926476990518,0.237327680953736,0.23776102386493),.UNSPECIFIED.);
#1945=B_SPLINE_CURVE_WITH_KNOTS('',3,(#10995,#10996,#10997,#10998,#10999,
#11000,#11001,#11002),.UNSPECIFIED.,.F.,.F.,(4,2,2,4),(-0.000447526897763115,
0.,0.056181841342984,0.0800113167877755),.UNSPECIFIED.);
#1946=B_SPLINE_CURVE_WITH_KNOTS('',3,(#11007,#11008,#11009,#11010,#11011,
#11012,#11013,#11014),.UNSPECIFIED.,.F.,.F.,(4,2,2,4),(0.159852257682819,
0.182926477002352,0.237327681274896,0.23776102419187),.UNSPECIFIED.);
#1947=B_SPLINE_CURVE_WITH_KNOTS('',3,(#11018,#11019,#11020,#11021,#11022,
#11023,#11024,#11025),.UNSPECIFIED.,.F.,.F.,(4,2,2,4),(-0.00044752689887243,
0.,0.0561818401728976,0.0800113147101451),.UNSPECIFIED.);
#1948=B_SPLINE_CURVE_WITH_KNOTS('',3,(#11029,#11030,#11031,#11032),
 .UNSPECIFIED.,.F.,.F.,(4,4),(0.223798040308843,0.235577380451084),
 .UNSPECIFIED.);
#1949=B_SPLINE_CURVE_WITH_KNOTS('',3,(#11039,#11040,#11041,#11042),
 .UNSPECIFIED.,.F.,.F.,(4,4),(0.0773097551075919,0.0890890952498326),
 .UNSPECIFIED.);
#1950=B_SPLINE_CURVE_WITH_KNOTS('',3,(#11046,#11047,#11048,#11049,#11050,
#11051,#11052,#11053,#11054,#11055,#11056,#11057,#11058,#11059,#11060,#11061,
#11062,#11063),.UNSPECIFIED.,.F.,.F.,(4,2,2,2,2,2,2,2,4),(-0.000486703997480857,
0.,0.0199803685066293,0.0393219488404535,0.0695907305421138,0.0945251002228479,
0.114800632034501,0.132933033724166,0.136616797876493),.UNSPECIFIED.);
#1951=B_SPLINE_CURVE_WITH_KNOTS('',3,(#11067,#11068,#11069,#11070,#11071,
#11072,#11073,#11074,#11075,#11076,#11077,#11078,#11079,#11080,#11081,#11082,
#11083,#11084),.UNSPECIFIED.,.F.,.F.,(4,2,2,2,2,2,2,2,4),(0.0793113758810075,
0.0821362258333008,0.0960408385962119,0.11158888475293,0.130709504339501,
0.153920753217176,0.168752609987639,0.184074313736785,0.184447536806206),
 .UNSPECIFIED.);
#1952=B_SPLINE_CURVE_WITH_KNOTS('',3,(#11085,#11086,#11087,#11088),
 .UNSPECIFIED.,.F.,.F.,(4,4),(0.224454743656693,0.233292246476553),
 .UNSPECIFIED.);
#1953=B_SPLINE_CURVE_WITH_KNOTS('',3,(#11089,#11090,#11091,#11092),
 .UNSPECIFIED.,.F.,.F.,(4,4),(0.0658160545494887,0.0746535573693488),
 .UNSPECIFIED.);
#1954=B_SPLINE_CURVE_WITH_KNOTS('',3,(#11098,#11099,#11100,#11101,#11102,
#11103,#11104,#11105,#11106,#11107),.UNSPECIFIED.,.F.,.F.,(4,2,2,2,4),(-0.068904651555861,
-0.0685328404881613,-0.0433601346329736,-0.0182783757677901,0.),
 .UNSPECIFIED.);
#1955=B_SPLINE_CURVE_WITH_KNOTS('',3,(#11129,#11130,#11131,#11132),
 .UNSPECIFIED.,.F.,.F.,(4,4),(0.519349623259344,0.52775891818611),
 .UNSPECIFIED.);
#1956=B_SPLINE_CURVE_WITH_KNOTS('',3,(#11136,#11137,#11138,#11139),
 .UNSPECIFIED.,.F.,.F.,(4,4),(-0.52775891818611,-0.470001069299271),
 .UNSPECIFIED.);
#1957=B_SPLINE_CURVE_WITH_KNOTS('',3,(#11140,#11141,#11142,#11143),
 .UNSPECIFIED.,.F.,.F.,(4,4),(0.,0.0109122887614157),.UNSPECIFIED.);
#1958=B_SPLINE_CURVE_WITH_KNOTS('',3,(#11183,#11184,#11185,#11186,#11187,
#11188),.UNSPECIFIED.,.F.,.F.,(4,1,1,4),(-0.0588385707257966,-0.0420275505184339,
-0.0252165303110712,-2.70546878218228E-14),.UNSPECIFIED.);
#1959=B_SPLINE_CURVE_WITH_KNOTS('',3,(#11189,#11190,#11191,#11192,#11193,
#11194),.UNSPECIFIED.,.F.,.F.,(4,1,1,4),(2.70546878218228E-14,0.0252165303110712,
0.0420275505184339,0.0588385707257966),.UNSPECIFIED.);
#1960=B_SPLINE_CURVE_WITH_KNOTS('',3,(#11202,#11203,#11204,#11205),
 .UNSPECIFIED.,.F.,.F.,(4,4),(0.0600313133847271,0.0708987083404909),
 .UNSPECIFIED.);
#1961=B_SPLINE_CURVE_WITH_KNOTS('',3,(#11210,#11211,#11212,#11213),
 .UNSPECIFIED.,.F.,.F.,(4,4),(0.,0.010912288962823),.UNSPECIFIED.);
#1962=B_SPLINE_CURVE_WITH_KNOTS('',3,(#11221,#11222,#11223,#11224),
 .UNSPECIFIED.,.F.,.F.,(4,4),(0.0600313154710643,0.0708987096460447),
 .UNSPECIFIED.);
#1963=B_SPLINE_CURVE_WITH_KNOTS('',3,(#11229,#11230,#11231,#11232),
 .UNSPECIFIED.,.F.,.F.,(4,4),(-0.0577578486992356,-2.68759877981843E-15),
 .UNSPECIFIED.);
#1964=B_SPLINE_CURVE_WITH_KNOTS('',3,(#11236,#11237,#11238,#11239,#11240,
#11241,#11242,#11243,#11244,#11245),.UNSPECIFIED.,.F.,.F.,(4,2,2,2,4),(-0.0766394052180235,
-0.0561989163272475,-0.0281502780945866,0.,0.000415793078183119),
 .UNSPECIFIED.);
#1965=B_SPLINE_CURVE_WITH_KNOTS('',3,(#11291,#11292,#11293,#11294,#11295,
#11296),.UNSPECIFIED.,.F.,.F.,(4,1,1,4),(-0.0588385480634623,-0.0252165205986267,
-0.0126082602993134,0.),.UNSPECIFIED.);
#1966=B_SPLINE_CURVE_WITH_KNOTS('',3,(#11297,#11298,#11299,#11300,#11301,
#11302),.UNSPECIFIED.,.F.,.F.,(4,1,1,4),(0.,0.0126082602993134,0.0252165205986267,
0.0588385480634623),.UNSPECIFIED.);
#1967=B_SPLINE_CURVE_WITH_KNOTS('',3,(#11323,#11324,#11325,#11326),
 .UNSPECIFIED.,.F.,.F.,(4,4),(-0.0577578486996689,-2.54180766763479E-15),
 .UNSPECIFIED.);
#1968=B_SPLINE_CURVE_WITH_KNOTS('',3,(#11327,#11328,#11329,#11330),
 .UNSPECIFIED.,.F.,.F.,(4,4),(2.54180766763479E-15,0.00840929492671176),
 .UNSPECIFIED.);
#1969=B_SPLINE_CURVE_WITH_KNOTS('',3,(#11376,#11377,#11378,#11379,#11380,
#11381),.UNSPECIFIED.,.F.,.F.,(4,1,1,4),(-0.0588385480634623,-0.0336220274648356,
-0.0168110137324178,0.),.UNSPECIFIED.);
#1970=B_SPLINE_CURVE_WITH_KNOTS('',3,(#11382,#11383,#11384,#11385,#11386,
#11387),.UNSPECIFIED.,.F.,.F.,(4,1,1,4),(0.,0.0168110137324178,0.0336220274648356,
0.0588385480634623),.UNSPECIFIED.);
#1971=B_SPLINE_CURVE_WITH_KNOTS('',3,(#11409,#11410,#11411,#11412),
 .UNSPECIFIED.,.F.,.F.,(4,4),(2.68759877981843E-15,0.00840929492667435),
 .UNSPECIFIED.);
#1972=B_SPLINE_CURVE_WITH_KNOTS('',3,(#11413,#11414,#11415,#11416,#11417,
#11418,#11419,#11420,#11421,#11422),.UNSPECIFIED.,.F.,.F.,(4,2,2,2,4),(-0.00041592303574367,
0.,0.0281469277007204,0.0561978728465768,0.0766395709315546),
 .UNSPECIFIED.);
#1973=B_SPLINE_CURVE_WITH_KNOTS('',3,(#11437,#11438,#11439,#11440,#11441,
#11442,#11443,#11444,#11445,#11446),.UNSPECIFIED.,.F.,.F.,(4,2,2,2,4),(-0.068904735672009,
-0.0685328080473531,-0.0433631995828355,-0.0182794208525934,0.),
 .UNSPECIFIED.);
#1974=B_SPLINE_CURVE_WITH_KNOTS('',3,(#11468,#11469,#11470,#11471),
 .UNSPECIFIED.,.F.,.F.,(4,4),(0.533009797143022,0.54141909206975),
 .UNSPECIFIED.);
#1975=B_SPLINE_CURVE_WITH_KNOTS('',3,(#11474,#11475,#11476,#11477),
 .UNSPECIFIED.,.F.,.F.,(4,4),(-0.54141909206975,-0.483661243218879),
 .UNSPECIFIED.);
#1976=B_SPLINE_CURVE_WITH_KNOTS('',3,(#11516,#11517,#11518,#11519,#11520,
#11521),.UNSPECIFIED.,.F.,.F.,(4,1,1,4),(-0.0588385707257967,-0.042027550518434,
-0.0252165303110713,-2.7232929208508E-14),.UNSPECIFIED.);
#1977=B_SPLINE_CURVE_WITH_KNOTS('',3,(#11522,#11523,#11524,#11525,#11526,
#11527),.UNSPECIFIED.,.F.,.F.,(4,1,1,4),(2.7232929208508E-14,0.0252165303110713,
0.042027550518434,0.0588385707257967),.UNSPECIFIED.);
#1978=B_SPLINE_CURVE_WITH_KNOTS('',3,(#11643,#11644,#11645,#11646,#11647,
#11648,#11649,#11650,#11651),.UNSPECIFIED.,.F.,.F.,(4,1,1,1,1,1,4),(0.,
0.00647630864703766,0.0129526172940753,0.019428925941113,0.0259052345881506,
0.038857851882226,0.0453341605292638),.UNSPECIFIED.);
#1979=B_SPLINE_CURVE_WITH_KNOTS('',3,(#11652,#11653,#11654,#11655,#11656,
#11657,#11658,#11659,#11660,#11661,#11662,#11663,#11664,#11665,#11666,#11667,
#11668,#11669,#11670,#11671,#11672),.UNSPECIFIED.,.F.,.F.,(4,1,1,1,1,1,
1,1,1,1,1,1,1,1,1,1,1,1,4),(0.0453341605292638,0.0518104691763013,0.0582867778233389,
0.0647630864703766,0.0712393951174143,0.0744775494409331,0.0777157037644519,
0.0906683210585272,0.0971446297055649,0.103620938352603,0.11009724699964,
0.116573555646678,0.129526172940753,0.142478790234829,0.148955098881866,
0.155431407528904,0.168384024822979,0.174860333470017,0.181336642117054),
 .UNSPECIFIED.);
#1980=B_SPLINE_CURVE_WITH_KNOTS('',3,(#11782,#11783,#11784,#11785,#11786,
#11787,#11788,#11789,#11790),.UNSPECIFIED.,.F.,.F.,(4,1,1,1,1,1,4),(0.,
0.00647630864703766,0.0129526172940753,0.019428925941113,0.0259052345881506,
0.038857851882226,0.0453341605292639),.UNSPECIFIED.);
#1981=B_SPLINE_CURVE_WITH_KNOTS('',3,(#11791,#11792,#11793,#11794,#11795,
#11796,#11797,#11798,#11799,#11800,#11801,#11802,#11803,#11804,#11805,#11806,
#11807,#11808,#11809,#11810,#11811),.UNSPECIFIED.,.F.,.F.,(4,1,1,1,1,1,
1,1,1,1,1,1,1,1,1,1,1,1,4),(0.0453341605292639,0.0518104691763013,0.0582867778233389,
0.0647630864703766,0.0712393951174143,0.0744775494409331,0.0777157037644519,
0.0906683210585272,0.0971446297055649,0.103620938352603,0.11009724699964,
0.116573555646678,0.129526172940753,0.142478790234829,0.148955098881866,
0.155431407528904,0.168384024822979,0.174860333470017,0.181336642117054),
 .UNSPECIFIED.);
#1982=B_SPLINE_CURVE_WITH_KNOTS('',3,(#11923,#11924,#11925,#11926,#11927,
#11928,#11929,#11930,#11931),.UNSPECIFIED.,.F.,.F.,(4,1,1,1,1,1,4),(0.,
0.00647630864703766,0.0129526172940753,0.019428925941113,0.0259052345881506,
0.038857851882226,0.0453341605292639),.UNSPECIFIED.);
#1983=B_SPLINE_CURVE_WITH_KNOTS('',3,(#11932,#11933,#11934,#11935,#11936,
#11937,#11938,#11939,#11940,#11941,#11942,#11943,#11944,#11945,#11946,#11947,
#11948,#11949,#11950,#11951,#11952),.UNSPECIFIED.,.F.,.F.,(4,1,1,1,1,1,
1,1,1,1,1,1,1,1,1,1,1,1,4),(0.0453341605292639,0.0518104691763013,0.0582867778233389,
0.0647630864703766,0.0712393951174143,0.0744775494409331,0.0777157037644519,
0.0906683210585272,0.0971446297055649,0.103620938352603,0.11009724699964,
0.116573555646678,0.129526172940753,0.142478790234829,0.148955098881866,
0.155431407528904,0.168384024822979,0.174860333470017,0.181336642117054),
 .UNSPECIFIED.);
#1984=B_SPLINE_CURVE_WITH_KNOTS('',3,(#12065,#12066,#12067,#12068,#12069,
#12070,#12071,#12072,#12073),.UNSPECIFIED.,.F.,.F.,(4,1,1,1,1,1,4),(0.,
0.00647630864703766,0.0129526172940753,0.019428925941113,0.0259052345881506,
0.038857851882226,0.0453341605292638),.UNSPECIFIED.);
#1985=B_SPLINE_CURVE_WITH_KNOTS('',3,(#12074,#12075,#12076,#12077,#12078,
#12079,#12080,#12081,#12082,#12083,#12084,#12085,#12086,#12087,#12088,#12089,
#12090,#12091,#12092,#12093,#12094),.UNSPECIFIED.,.F.,.F.,(4,1,1,1,1,1,
1,1,1,1,1,1,1,1,1,1,1,1,4),(0.0453341605292638,0.0518104691763013,0.0582867778233389,
0.0647630864703766,0.0712393951174143,0.0744775494409331,0.0777157037644519,
0.0906683210585272,0.0971446297055649,0.103620938352603,0.11009724699964,
0.116573555646678,0.129526172940753,0.142478790234829,0.148955098881866,
0.155431407528904,0.168384024822979,0.174860333470017,0.181336642117054),
 .UNSPECIFIED.);
#1986=B_SPLINE_CURVE_WITH_KNOTS('',3,(#12095,#12096,#12097,#12098,#12099,
#12100,#12101,#12102,#12103,#12104,#12105,#12106,#12107,#12108,#12109,#12110,
#12111,#12112,#12113,#12114,#12115,#12116,#12117,#12118,#12119,#12120),
 .UNSPECIFIED.,.T.,.F.,(4,1,1,1,1,1,1,1,1,1,1,1,1,1,1,1,1,1,1,1,1,1,1,4),
(-0.181336642117054,-0.174860333470017,-0.168384024822979,-0.155431407528904,
-0.148955098881866,-0.142478790234829,-0.129526172940753,-0.116573555646678,
-0.11009724699964,-0.103620938352603,-0.0971446297055649,-0.0906683210585272,
-0.0777157037644519,-0.0744775494409331,-0.0712393951174143,-0.0647630864703766,
-0.0582867778233389,-0.0518104691763013,-0.038857851882226,-0.0259052345881506,
-0.019428925941113,-0.0129526172940753,-0.00647630864703766,0.),
 .UNSPECIFIED.);
#1987=B_SPLINE_CURVE_WITH_KNOTS('',3,(#12247,#12248,#12249,#12250,#12251,
#12252,#12253,#12254,#12255,#12256,#12257,#12258,#12259,#12260,#12261,#12262,
#12263,#12264),.UNSPECIFIED.,.F.,.F.,(4,2,2,2,2,2,2,2,4),(-0.000486703997484103,
0.,0.0199803685066338,0.0393219488404615,0.0695907305421389,0.0945251002228651,
0.11480063203448,0.132933033724113,0.136616797876434),.UNSPECIFIED.);
#1988=B_SPLINE_CURVE_WITH_KNOTS('',3,(#12268,#12269,#12270,#12271,#12272,
#12273,#12274,#12275,#12276,#12277,#12278,#12279,#12280,#12281,#12282,#12283,
#12284,#12285),.UNSPECIFIED.,.F.,.F.,(4,2,2,2,2,2,2,2,4),(0.0793113758757512,
0.0821362258278506,0.0960408385898078,0.11158888474546,0.130709504330692,
0.153920753206715,0.168752609976124,0.184074313724561,0.1844475367939),
 .UNSPECIFIED.);
#1989=B_SPLINE_CURVE_WITH_KNOTS('',3,(#12287,#12288,#12289,#12290),
 .UNSPECIFIED.,.F.,.F.,(4,4),(0.224454847600411,0.23329235042027),
 .UNSPECIFIED.);
#1990=B_SPLINE_CURVE_WITH_KNOTS('',3,(#12293,#12294,#12295,#12296),
 .UNSPECIFIED.,.F.,.F.,(4,4),(0.0658160545494891,0.0746535573693487),
 .UNSPECIFIED.);
#1991=B_SPLINE_CURVE_WITH_KNOTS('',3,(#12301,#12302,#12303,#12304),
 .UNSPECIFIED.,.F.,.F.,(4,4),(0.0773097551075919,0.0890890952498326),
 .UNSPECIFIED.);
#1992=B_SPLINE_CURVE_WITH_KNOTS('',3,(#12308,#12309,#12310,#12311),
 .UNSPECIFIED.,.F.,.F.,(4,4),(0.223798040308843,0.235577380451084),
 .UNSPECIFIED.);
#1993=B_SPLINE_CURVE_WITH_KNOTS('',3,(#12315,#12316,#12317,#12318,#12319,
#12320,#12321,#12322),.UNSPECIFIED.,.F.,.F.,(4,2,2,4),(0.159852257688878,
0.182926477009298,0.237327678855406,0.23776102172687),.UNSPECIFIED.);
#1994=B_SPLINE_CURVE_WITH_KNOTS('',3,(#12324,#12325,#12326,#12327,#12328,
#12329,#12330,#12331),.UNSPECIFIED.,.F.,.F.,(4,2,2,4),(-0.000447526898383873,
0.,0.0561818408151272,0.0800113158505112),.UNSPECIFIED.);
#1995=B_SPLINE_CURVE_WITH_KNOTS('',3,(#12336,#12337,#12338,#12339,#12340,
#12341,#12342,#12343),.UNSPECIFIED.,.F.,.F.,(4,2,2,4),(0.159852257696849,
0.18292647701845,0.237327680357374,0.237761023256884),.UNSPECIFIED.);
#1996=B_SPLINE_CURVE_WITH_KNOTS('',3,(#12347,#12348,#12349,#12350,#12351,
#12352,#12353,#12354),.UNSPECIFIED.,.F.,.F.,(4,2,2,4),(-0.000447526896349163,
0.,0.0561818428267783,0.0800113194224522),.UNSPECIFIED.);
#1997=B_SPLINE_CURVE_WITH_KNOTS('',3,(#12358,#12359,#12360,#12361),
 .UNSPECIFIED.,.F.,.F.,(4,4),(0.223798040308843,0.235577380451084),
 .UNSPECIFIED.);
#1998=B_SPLINE_CURVE_WITH_KNOTS('',3,(#12368,#12369,#12370,#12371),
 .UNSPECIFIED.,.F.,.F.,(4,4),(0.0773097551075919,0.0890890952498325),
 .UNSPECIFIED.);
#1999=B_SPLINE_CURVE_WITH_KNOTS('',3,(#12375,#12376,#12377,#12378,#12379,
#12380,#12381,#12382,#12383,#12384,#12385,#12386,#12387,#12388,#12389,#12390,
#12391,#12392),.UNSPECIFIED.,.F.,.F.,(4,2,2,2,2,2,2,2,4),(-0.000486703997239517,
0.,0.0199803685019597,0.0393219488305092,0.069590730523945,0.0945251001978812,
0.114800632003966,0.132933033688653,0.136616797839969),.UNSPECIFIED.);
#2000=B_SPLINE_CURVE_WITH_KNOTS('',3,(#12396,#12397,#12398,#12399,#12400,
#12401,#12402,#12403,#12404,#12405,#12406,#12407,#12408,#12409,#12410,#12411,
#12412,#12413),.UNSPECIFIED.,.F.,.F.,(4,2,2,2,2,2,2,2,4),(0.0793113758720835,
0.082136225824048,0.0960408385853408,0.111588884740251,0.130709504324567,
0.153920753199483,0.168752609968194,0.184074313715512,0.184447536784882),
 .UNSPECIFIED.);
#2001=B_SPLINE_CURVE_WITH_KNOTS('',3,(#12414,#12415,#12416,#12417),
 .UNSPECIFIED.,.F.,.F.,(4,4),(0.224454847600411,0.23329235042027),
 .UNSPECIFIED.);
#2002=B_SPLINE_CURVE_WITH_KNOTS('',3,(#12418,#12419,#12420,#12421),
 .UNSPECIFIED.,.F.,.F.,(4,4),(0.065816054549489,0.0746535573693487),
 .UNSPECIFIED.);
#2003=B_SPLINE_CURVE_WITH_KNOTS('',3,(#12444,#12445,#12446,#12447),
 .UNSPECIFIED.,.F.,.F.,(4,4),(0.519349623259345,0.527758918186111),
 .UNSPECIFIED.);
#2004=B_SPLINE_CURVE_WITH_KNOTS('',3,(#12451,#12452,#12453,#12454),
 .UNSPECIFIED.,.F.,.F.,(4,4),(-0.527758918186111,-0.470001069299272),
 .UNSPECIFIED.);
#2005=B_SPLINE_CURVE_WITH_KNOTS('',3,(#12456,#12457,#12458,#12459),
 .UNSPECIFIED.,.F.,.F.,(4,4),(0.,0.0109122887614159),.UNSPECIFIED.);
#2006=B_SPLINE_CURVE_WITH_KNOTS('',3,(#12460,#12461,#12462,#12463,#12464,
#12465,#12466,#12467,#12468,#12469),.UNSPECIFIED.,.F.,.F.,(4,2,2,2,4),(0.,
0.0182783757677898,0.0433601346329734,0.0685328404881632,0.0689046515558616),
 .UNSPECIFIED.);
#2007=B_SPLINE_CURVE_WITH_KNOTS('',3,(#12512,#12513,#12514,#12515,#12516,
#12517),.UNSPECIFIED.,.F.,.F.,(4,1,1,4),(-0.0588385707257967,-0.042027550518434,
-0.0252165303110712,-2.70956524627615E-14),.UNSPECIFIED.);
#2008=B_SPLINE_CURVE_WITH_KNOTS('',3,(#12518,#12519,#12520,#12521,#12522,
#12523),.UNSPECIFIED.,.F.,.F.,(4,1,1,4),(2.70956524627615E-14,0.0252165303110712,
0.042027550518434,0.0588385707257967),.UNSPECIFIED.);
#2009=B_SPLINE_CURVE_WITH_KNOTS('',3,(#12573,#12574,#12575,#12576,#12577,
#12578),.UNSPECIFIED.,.F.,.F.,(4,1,1,4),(-0.058838548063462,-0.0336220274648354,
-0.0168110137324177,0.),.UNSPECIFIED.);
#2010=B_SPLINE_CURVE_WITH_KNOTS('',3,(#12579,#12580,#12581,#12582,#12583,
#12584),.UNSPECIFIED.,.F.,.F.,(4,1,1,4),(0.,0.0168110137324177,0.0336220274648354,
0.058838548063462),.UNSPECIFIED.);
#2011=B_SPLINE_CURVE_WITH_KNOTS('',3,(#12606,#12607,#12608,#12609),
 .UNSPECIFIED.,.F.,.F.,(4,4),(-0.0577578486996688,-2.57281640558103E-15),
 .UNSPECIFIED.);
#2012=B_SPLINE_CURVE_WITH_KNOTS('',3,(#12611,#12612,#12613,#12614),
 .UNSPECIFIED.,.F.,.F.,(4,4),(2.57281640558103E-15,0.00840929492671182),
 .UNSPECIFIED.);
#2013=B_SPLINE_CURVE_WITH_KNOTS('',3,(#12616,#12617,#12618,#12619,#12620,
#12621,#12622,#12623,#12624,#12625),.UNSPECIFIED.,.F.,.F.,(4,2,2,2,4),(-0.000415793078241564,
0.,0.0281502780961682,0.0561989163306814,0.0766394052227912),
 .UNSPECIFIED.);
#2014=B_SPLINE_CURVE_WITH_KNOTS('',3,(#12626,#12627,#12628,#12629),
 .UNSPECIFIED.,.F.,.F.,(4,4),(0.0600313154710639,0.0708987096460436),
 .UNSPECIFIED.);
#2015=B_SPLINE_CURVE_WITH_KNOTS('',3,(#12646,#12647,#12648,#12649,#12650,
#12651),.UNSPECIFIED.,.F.,.F.,(4,1,1,4),(-0.0588385707257966,-0.042027550518434,
-0.0252165303110714,-2.74368386686394E-14),.UNSPECIFIED.);
#2016=B_SPLINE_CURVE_WITH_KNOTS('',3,(#12657,#12658,#12659,#12660),
 .UNSPECIFIED.,.F.,.F.,(4,4),(-0.54141909206975,-0.483661243218879),
 .UNSPECIFIED.);
#2017=B_SPLINE_CURVE_WITH_KNOTS('',3,(#12665,#12666,#12667,#12668),
 .UNSPECIFIED.,.F.,.F.,(4,4),(0.0600313133847266,0.0708987083404903),
 .UNSPECIFIED.);
#2018=B_SPLINE_CURVE_WITH_KNOTS('',3,(#12672,#12673,#12674,#12675),
 .UNSPECIFIED.,.F.,.F.,(4,4),(0.,0.0109122889628218),.UNSPECIFIED.);
#2019=B_SPLINE_CURVE_WITH_KNOTS('',3,(#12721,#12722,#12723,#12724,#12725,
#12726),.UNSPECIFIED.,.F.,.F.,(4,1,1,4),(-0.0588385480634621,-0.0336220274648355,
-0.0168110137324177,0.),.UNSPECIFIED.);
#2020=B_SPLINE_CURVE_WITH_KNOTS('',3,(#12727,#12728,#12729,#12730,#12731,
#12732),.UNSPECIFIED.,.F.,.F.,(4,1,1,4),(0.,0.0168110137324177,0.0336220274648355,
0.0588385480634621),.UNSPECIFIED.);
#2021=B_SPLINE_CURVE_WITH_KNOTS('',3,(#12753,#12754,#12755,#12756),
 .UNSPECIFIED.,.F.,.F.,(4,4),(-0.0577578486992355,-2.67229479056892E-15),
 .UNSPECIFIED.);
#2022=B_SPLINE_CURVE_WITH_KNOTS('',3,(#12758,#12759,#12760,#12761),
 .UNSPECIFIED.,.F.,.F.,(4,4),(2.67229479056892E-15,0.00840929492667447),
 .UNSPECIFIED.);
#2023=B_SPLINE_CURVE_WITH_KNOTS('',3,(#12762,#12763,#12764,#12765,#12766,
#12767,#12768,#12769,#12770,#12771),.UNSPECIFIED.,.F.,.F.,(4,2,2,2,4),(-0.000415923035750685,
0.,0.0281469277008492,0.0561978728468523,0.0766395709319323),
 .UNSPECIFIED.);
#2024=B_SPLINE_CURVE_WITH_KNOTS('',3,(#12780,#12781,#12782,#12783,#12784,
#12785,#12786,#12787,#12788,#12789),.UNSPECIFIED.,.F.,.F.,(4,2,2,2,4),(-0.0689047356720453,
-0.0685328080473885,-0.0433631995828403,-0.0182794208525932,0.),
 .UNSPECIFIED.);
#2025=B_SPLINE_CURVE_WITH_KNOTS('',3,(#12811,#12812,#12813,#12814),
 .UNSPECIFIED.,.F.,.F.,(4,4),(0.533009797143021,0.54141909206975),
 .UNSPECIFIED.);
#2026=B_SPLINE_CURVE_WITH_KNOTS('',3,(#12854,#12855,#12856,#12857,#12858,
#12859),.UNSPECIFIED.,.F.,.F.,(4,1,1,4),(2.74368386686394E-14,0.0252165303110714,
0.042027550518434,0.0588385707257966),.UNSPECIFIED.);
#2027=B_SPLINE_CURVE_WITH_KNOTS('',3,(#12874,#12875,#12876,#12877,#12878,
#12879,#12880,#12881,#12882,#12883,#12884,#12885,#12886,#12887),
 .UNSPECIFIED.,.F.,.F.,(4,2,2,2,2,2,4),(-0.0407746140100717,-0.0315780342224808,
-0.0220882678367371,-0.0119410470361407,-0.00600411619761073,0.,0.000243875826338108),
 .UNSPECIFIED.);
#2028=B_SPLINE_CURVE_WITH_KNOTS('',3,(#12890,#12891,#12892,#12893,#12894,
#12895,#12896,#12897,#12898,#12899,#12900,#12901,#12902,#12903),
 .UNSPECIFIED.,.F.,.F.,(4,2,2,2,2,2,4),(-0.0407716895280062,-0.031575685027642,
-0.0220888408886001,-0.011947292905947,-0.00600525744761339,0.,0.000246688720487814),
 .UNSPECIFIED.);
#2029=B_SPLINE_CURVE_WITH_KNOTS('',3,(#12908,#12909,#12910,#12911,#12912,
#12913,#12914,#12915,#12916,#12917,#12918,#12919,#12920,#12921),
 .UNSPECIFIED.,.F.,.F.,(4,2,2,2,2,2,4),(-0.0407716895280653,-0.0315756850276873,
-0.0220888408886303,-0.0119472929059613,-0.00600525744761909,0.,0.000246688720488476),
 .UNSPECIFIED.);
#2030=B_SPLINE_CURVE_WITH_KNOTS('',3,(#12928,#12929,#12930,#12931,#12932,
#12933,#12934,#12935,#12936,#12937,#12938,#12939,#12940,#12941),
 .UNSPECIFIED.,.F.,.F.,(4,2,2,2,2,2,4),(-0.0817666538751549,-0.0815227780488143,
-0.0738677867923243,-0.0663315775246243,-0.0564197484776364,-0.0470659511803118,
-0.0407613890244071),.UNSPECIFIED.);
#2031=B_SPLINE_CURVE_WITH_KNOTS('',3,(#12944,#12945,#12946,#12947,#12948,
#12949,#12950,#12951,#12952,#12953,#12954,#12955,#12956,#12957),
 .UNSPECIFIED.,.F.,.F.,(4,2,2,2,2,2,4),(-0.0407746140096816,-0.0315780342221813,
-0.0220882678365303,-0.0119410470360324,-0.00600411619756075,0.,0.000243875826334284),
 .UNSPECIFIED.);
#2032=B_SPLINE_CURVE_WITH_KNOTS('',3,(#12962,#12963,#12964,#12965,#12966,
#12967,#12968,#12969,#12970,#12971,#12972,#12973,#12974,#12975),
 .UNSPECIFIED.,.F.,.F.,(4,2,2,2,2,2,4),(-0.0817900677765061,-0.0815433790560192,
-0.0755381216084053,-0.0695960861500714,-0.0594545381674173,-0.0499676940283734,
-0.0407716895280079),.UNSPECIFIED.);
#2033=B_SPLINE_CURVE_WITH_KNOTS('',3,(#12985,#12986,#12987,#12988,#12989,
#12990,#12991,#12992,#12993,#12994,#12995,#12996,#12997,#12998),
 .UNSPECIFIED.,.F.,.F.,(4,2,2,2,2,2,4),(-0.040771689527966,-0.0315756850276108,
-0.0220888408885787,-0.011947292905936,-0.00600525744760858,0.,0.000246688720487146),
 .UNSPECIFIED.);
#2034=B_SPLINE_CURVE_WITH_KNOTS('',3,(#13004,#13005,#13006,#13007,#13008,
#13009,#13010,#13011,#13012,#13013,#13014,#13015,#13016,#13017),
 .UNSPECIFIED.,.F.,.F.,(4,2,2,2,2,2,4),(-0.0407746140102525,-0.0315780342226202,
-0.0220882678368327,-0.0119410470361898,-0.0060041161976333,0.,0.000243875826340167),
 .UNSPECIFIED.);
#2035=B_SPLINE_CURVE_WITH_KNOTS('',3,(#13028,#13029,#13030,#13031,#13032,
#13033,#13034,#13035,#13036,#13037,#13038,#13039,#13040,#13041,#13042,#13043,
#13044,#13045,#13046,#13047,#13048,#13049,#13050,#13051,#13052,#13053),
 .UNSPECIFIED.,.T.,.F.,(4,1,1,1,1,1,1,1,1,1,1,1,1,1,1,1,1,1,1,1,1,1,1,4),
(-0.181336642117054,-0.174860333470017,-0.168384024822979,-0.161907716175941,
-0.155431407528904,-0.142478790234828,-0.129526172940753,-0.123049864293715,
-0.116573555646678,-0.11009724699964,-0.106859092676121,-0.103620938352602,
-0.0906683210585272,-0.0841920124114895,-0.0777157037644519,-0.0680012407938954,
-0.0518104691763012,-0.0485723148527824,-0.046953237691023,-0.0453341605292636,
-0.0356196975587071,-0.0259052345881506,-0.0129526172940753,0.),
 .UNSPECIFIED.);
#2036=B_SPLINE_CURVE_WITH_KNOTS('',3,(#13063,#13064,#13065,#13066,#13067,
#13068,#13069,#13070,#13071,#13072,#13073,#13074,#13075,#13076,#13077,#13078,
#13079,#13080,#13081,#13082,#13083,#13084,#13085,#13086,#13087,#13088),
 .UNSPECIFIED.,.T.,.F.,(4,1,1,1,1,1,1,1,1,1,1,1,1,1,1,1,1,1,1,1,1,1,1,4),
(-0.181336642117054,-0.174860333470017,-0.168384024822979,-0.161907716175941,
-0.155431407528904,-0.142478790234828,-0.129526172940753,-0.123049864293715,
-0.116573555646678,-0.11009724699964,-0.106859092676121,-0.103620938352602,
-0.0906683210585272,-0.0841920124114895,-0.0777157037644519,-0.0680012407938954,
-0.0518104691763012,-0.0485723148527824,-0.046953237691023,-0.0453341605292636,
-0.0356196975587071,-0.0259052345881506,-0.0129526172940753,0.),
 .UNSPECIFIED.);
#2037=B_SPLINE_CURVE_WITH_KNOTS('',3,(#13116,#13117,#13118,#13119,#13120,
#13121,#13122,#13123,#13124,#13125,#13126,#13127,#13128,#13129),
 .UNSPECIFIED.,.F.,.F.,(4,2,2,2,2,2,4),(-0.0407746140169134,-0.0315780342277454,
-0.0220882678403717,-0.0119410470380323,-0.00600411619848376,0.,0.00024387582644541),
 .UNSPECIFIED.);
#2038=B_SPLINE_CURVE_WITH_KNOTS('',3,(#13132,#13133,#13134,#13135,#13136,
#13137,#13138,#13139,#13140,#13141,#13142,#13143,#13144,#13145),
 .UNSPECIFIED.,.F.,.F.,(4,2,2,2,2,2,4),(-0.0407716895349475,-0.0315756850329824,
-0.0220888408922892,-0.0119472929078702,-0.00600525744850226,0.,0.000246688720588363),
 .UNSPECIFIED.);
#2039=B_SPLINE_CURVE_WITH_KNOTS('',3,(#13148,#13149,#13150,#13151,#13152,
#13153,#13154,#13155,#13156,#13157,#13158,#13159,#13160,#13161),
 .UNSPECIFIED.,.F.,.F.,(4,2,2,2,2,2,4),(-0.040771689534877,-0.031575685032928,
-0.0220888408922507,-0.0119472929078508,-0.0060052574484942,0.,0.000246688720585903),
 .UNSPECIFIED.);
#2040=B_SPLINE_CURVE_WITH_KNOTS('',3,(#13165,#13166,#13167,#13168,#13169,
#13170,#13171,#13172,#13173,#13174,#13175,#13176,#13177,#13178),
 .UNSPECIFIED.,.F.,.F.,(4,2,2,2,2,2,4),(-0.0407746140170308,-0.0315780342278352,
-0.0220882678404349,-0.0119410470380656,-0.00600411619849865,0.,0.000243875826445827),
 .UNSPECIFIED.);
#2041=B_SPLINE_CURVE_WITH_KNOTS('',3,(#13185,#13186,#13187,#13188,#13189,
#13190,#13191,#13192,#13193,#13194,#13195,#13196,#13197,#13198),
 .UNSPECIFIED.,.F.,.F.,(4,2,2,2,2,2,4),(-0.0817666538887667,-0.0815227780623221,
-0.0738677868047259,-0.0663315775357393,-0.0564197484870613,-0.0470659511881426,
-0.0407613890311607),.UNSPECIFIED.);
#2042=B_SPLINE_CURVE_WITH_KNOTS('',3,(#13201,#13202,#13203,#13204,#13205,
#13206,#13207,#13208,#13209,#13210,#13211,#13212,#13213,#13214),
 .UNSPECIFIED.,.F.,.F.,(4,2,2,2,2,2,4),(-0.0407746140171726,-0.0315780342279434,
-0.0220882678405086,-0.0119410470381039,-0.00600411619851651,0.,0.000243875826448678),
 .UNSPECIFIED.);
#2043=B_SPLINE_CURVE_WITH_KNOTS('',3,(#13217,#13218,#13219,#13220,#13221,
#13222,#13223,#13224,#13225,#13226,#13227,#13228,#13229,#13230),
 .UNSPECIFIED.,.F.,.F.,(4,2,2,2,2,2,4),(-0.0407716895348044,-0.0315756850328716,
-0.0220888408922115,-0.0119472929078309,-0.00600525744848499,0.,0.000246688720585623),
 .UNSPECIFIED.);
#2044=B_SPLINE_CURVE_WITH_KNOTS('',3,(#13234,#13235,#13236,#13237,#13238,
#13239,#13240,#13241,#13242,#13243,#13244,#13245,#13246,#13247),
 .UNSPECIFIED.,.F.,.F.,(4,2,2,2,2,2,4),(-0.0407746140171043,-0.0315780342278909,
-0.0220882678404722,-0.011941047038085,-0.00600411619850759,0.,0.000243875826447134),
 .UNSPECIFIED.);
#2045=B_SPLINE_CURVE_WITH_KNOTS('',3,(#13260,#13261,#13262,#13263,#13264,
#13265,#13266,#13267,#13268,#13269,#13270,#13271,#13272,#13273,#13274,#13275,
#13276,#13277,#13278,#13279,#13280,#13281,#13282,#13283,#13284,#13285),
 .UNSPECIFIED.,.T.,.F.,(4,1,1,1,1,1,1,1,1,1,1,1,1,1,1,1,1,1,1,1,1,1,1,4),
(-0.181336642117054,-0.174860333470017,-0.168384024822979,-0.161907716175941,
-0.155431407528904,-0.142478790234828,-0.129526172940753,-0.123049864293715,
-0.116573555646678,-0.11009724699964,-0.106859092676121,-0.103620938352602,
-0.0906683210585272,-0.0841920124114895,-0.0777157037644519,-0.0680012407938954,
-0.0518104691763012,-0.0485723148527824,-0.046953237691023,-0.0453341605292636,
-0.0356196975587071,-0.0259052345881506,-0.0129526172940753,0.),
 .UNSPECIFIED.);
#2046=B_SPLINE_CURVE_WITH_KNOTS('',3,(#13537,#13538,#13539,#13540,#13541,
#13542,#13543),.UNSPECIFIED.,.F.,.F.,(4,1,1,1,4),(0.,0.0129526172940753,
0.0259052345881506,0.0356196975587071,0.0453341605292636),.UNSPECIFIED.);
#2047=B_SPLINE_CURVE_WITH_KNOTS('',3,(#13544,#13545,#13546,#13547,#13548,
#13549,#13550,#13551,#13552,#13553,#13554,#13555,#13556,#13557,#13558,#13559,
#13560,#13561,#13562,#13563,#13564,#13565),.UNSPECIFIED.,.F.,.F.,(4,1,1,
1,1,1,1,1,1,1,1,1,1,1,1,1,1,1,1,4),(0.0453341605292636,0.046953237691023,
0.0485723148527824,0.0518104691763012,0.0680012407938954,0.0777157037644519,
0.0841920124114895,0.0906683210585272,0.103620938352602,0.106859092676121,
0.11009724699964,0.116573555646678,0.123049864293715,0.129526172940753,
0.142478790234828,0.155431407528904,0.161907716175941,0.168384024822979,
0.174860333470017,0.181336642117054),.UNSPECIFIED.);
#2048=B_SPLINE_CURVE_WITH_KNOTS('',3,(#13675,#13676,#13677,#13678,#13679,
#13680,#13681),.UNSPECIFIED.,.F.,.F.,(4,1,1,1,4),(0.,0.0129526172940753,
0.0259052345881506,0.0356196975587071,0.0453341605292636),.UNSPECIFIED.);
#2049=B_SPLINE_CURVE_WITH_KNOTS('',3,(#13682,#13683,#13684,#13685,#13686,
#13687,#13688,#13689,#13690,#13691,#13692,#13693,#13694,#13695,#13696,#13697,
#13698,#13699,#13700,#13701,#13702,#13703),.UNSPECIFIED.,.F.,.F.,(4,1,1,
1,1,1,1,1,1,1,1,1,1,1,1,1,1,1,1,4),(0.0453341605292636,0.046953237691023,
0.0485723148527824,0.0518104691763012,0.0680012407938954,0.0777157037644519,
0.0841920124114895,0.0906683210585272,0.103620938352602,0.106859092676121,
0.11009724699964,0.116573555646678,0.123049864293715,0.129526172940753,
0.142478790234828,0.155431407528904,0.161907716175941,0.168384024822979,
0.174860333470017,0.181336642117054),.UNSPECIFIED.);
#2050=B_SPLINE_CURVE_WITH_KNOTS('',3,(#13813,#13814,#13815,#13816,#13817,
#13818,#13819),.UNSPECIFIED.,.F.,.F.,(4,1,1,1,4),(0.,0.0129526172940753,
0.0259052345881506,0.0356196975587071,0.0453341605292636),.UNSPECIFIED.);
#2051=B_SPLINE_CURVE_WITH_KNOTS('',3,(#13820,#13821,#13822,#13823,#13824,
#13825,#13826,#13827,#13828,#13829,#13830,#13831,#13832,#13833,#13834,#13835,
#13836,#13837,#13838,#13839,#13840,#13841),.UNSPECIFIED.,.F.,.F.,(4,1,1,
1,1,1,1,1,1,1,1,1,1,1,1,1,1,1,1,4),(0.0453341605292636,0.046953237691023,
0.0485723148527824,0.0518104691763012,0.0680012407938954,0.0777157037644519,
0.0841920124114895,0.0906683210585272,0.103620938352602,0.106859092676121,
0.11009724699964,0.116573555646678,0.123049864293715,0.129526172940753,
0.142478790234828,0.155431407528904,0.161907716175941,0.168384024822979,
0.174860333470017,0.181336642117054),.UNSPECIFIED.);
#2052=B_SPLINE_CURVE_WITH_KNOTS('',3,(#13959,#13960,#13961,#13962,#13963,
#13964,#13965),.UNSPECIFIED.,.F.,.F.,(4,1,1,1,4),(0.,0.0129526172940753,
0.0259052345881506,0.0356196975587071,0.0453341605292636),.UNSPECIFIED.);
#2053=B_SPLINE_CURVE_WITH_KNOTS('',3,(#13966,#13967,#13968,#13969,#13970,
#13971,#13972,#13973,#13974,#13975,#13976,#13977,#13978,#13979,#13980,#13981,
#13982,#13983,#13984,#13985,#13986,#13987),.UNSPECIFIED.,.F.,.F.,(4,1,1,
1,1,1,1,1,1,1,1,1,1,1,1,1,1,1,1,4),(0.0453341605292636,0.046953237691023,
0.0485723148527824,0.0518104691763012,0.0680012407938954,0.0777157037644519,
0.0841920124114895,0.0906683210585272,0.103620938352602,0.106859092676121,
0.11009724699964,0.116573555646678,0.123049864293715,0.129526172940753,
0.142478790234828,0.155431407528904,0.161907716175941,0.168384024822979,
0.174860333470017,0.181336642117054),.UNSPECIFIED.);
#2054=B_SPLINE_CURVE_WITH_KNOTS('',3,(#13988,#13989,#13990,#13991,#13992,
#13993,#13994,#13995,#13996,#13997,#13998,#13999,#14000,#14001,#14002,#14003,
#14004,#14005,#14006,#14007,#14008,#14009,#14010,#14011,#14012,#14013),
 .UNSPECIFIED.,.T.,.F.,(4,1,1,1,1,1,1,1,1,1,1,1,1,1,1,1,1,1,1,1,1,1,1,4),
(-0.181336642117054,-0.174860333470017,-0.168384024822979,-0.161907716175941,
-0.155431407528904,-0.142478790234828,-0.129526172940753,-0.123049864293715,
-0.116573555646678,-0.11009724699964,-0.106859092676121,-0.103620938352602,
-0.0906683210585272,-0.0841920124114895,-0.0777157037644519,-0.0680012407938954,
-0.0518104691763012,-0.0485723148527824,-0.046953237691023,-0.0453341605292636,
-0.0356196975587071,-0.0259052345881506,-0.0129526172940753,0.),
 .UNSPECIFIED.);
#2055=VERTEX_POINT('',#7560);
#2056=VERTEX_POINT('',#7561);
#2057=VERTEX_POINT('',#7578);
#2058=VERTEX_POINT('',#7580);
#2059=VERTEX_POINT('',#7597);
#2060=VERTEX_POINT('',#7602);
#2061=VERTEX_POINT('',#7609);
#2062=VERTEX_POINT('',#7611);
#2063=VERTEX_POINT('',#7616);
#2064=VERTEX_POINT('',#7620);
#2065=VERTEX_POINT('',#7627);
#2066=VERTEX_POINT('',#7638);
#2067=VERTEX_POINT('',#7639);
#2068=VERTEX_POINT('',#7656);
#2069=VERTEX_POINT('',#7658);
#2070=VERTEX_POINT('',#7675);
#2071=VERTEX_POINT('',#7680);
#2072=VERTEX_POINT('',#7687);
#2073=VERTEX_POINT('',#7689);
#2074=VERTEX_POINT('',#7694);
#2075=VERTEX_POINT('',#7696);
#2076=VERTEX_POINT('',#7703);
#2077=VERTEX_POINT('',#7712);
#2078=VERTEX_POINT('',#7723);
#2079=VERTEX_POINT('',#7725);
#2080=VERTEX_POINT('',#7757);
#2081=VERTEX_POINT('',#7762);
#2082=VERTEX_POINT('',#7764);
#2083=VERTEX_POINT('',#7774);
#2084=VERTEX_POINT('',#7781);
#2085=VERTEX_POINT('',#7783);
#2086=VERTEX_POINT('',#7789);
#2087=VERTEX_POINT('',#7791);
#2088=VERTEX_POINT('',#7793);
#2089=VERTEX_POINT('',#7800);
#2090=VERTEX_POINT('',#7807);
#2091=VERTEX_POINT('',#7811);
#2092=VERTEX_POINT('',#7813);
#2093=VERTEX_POINT('',#7815);
#2094=VERTEX_POINT('',#7817);
#2095=VERTEX_POINT('',#7820);
#2096=VERTEX_POINT('',#7825);
#2097=VERTEX_POINT('',#7829);
#2098=VERTEX_POINT('',#7831);
#2099=VERTEX_POINT('',#7856);
#2100=VERTEX_POINT('',#7861);
#2101=VERTEX_POINT('',#7868);
#2102=VERTEX_POINT('',#7902);
#2103=VERTEX_POINT('',#7924);
#2104=VERTEX_POINT('',#7948);
#2105=VERTEX_POINT('',#8045);
#2106=VERTEX_POINT('',#8046);
#2107=VERTEX_POINT('',#8048);
#2108=VERTEX_POINT('',#8092);
#2109=VERTEX_POINT('',#8093);
#2110=VERTEX_POINT('',#8184);
#2111=VERTEX_POINT('',#8279);
#2112=VERTEX_POINT('',#8280);
#2113=VERTEX_POINT('',#8282);
#2114=VERTEX_POINT('',#8326);
#2115=VERTEX_POINT('',#8327);
#2116=VERTEX_POINT('',#8418);
#2117=VERTEX_POINT('',#8513);
#2118=VERTEX_POINT('',#8514);
#2119=VERTEX_POINT('',#8516);
#2120=VERTEX_POINT('',#8560);
#2121=VERTEX_POINT('',#8561);
#2122=VERTEX_POINT('',#8652);
#2123=VERTEX_POINT('',#8747);
#2124=VERTEX_POINT('',#8748);
#2125=VERTEX_POINT('',#8750);
#2126=VERTEX_POINT('',#8794);
#2127=VERTEX_POINT('',#8795);
#2128=VERTEX_POINT('',#8886);
#2129=VERTEX_POINT('',#8981);
#2130=VERTEX_POINT('',#8982);
#2131=VERTEX_POINT('',#8984);
#2132=VERTEX_POINT('',#9028);
#2133=VERTEX_POINT('',#9029);
#2134=VERTEX_POINT('',#9120);
#2135=VERTEX_POINT('',#9215);
#2136=VERTEX_POINT('',#9216);
#2137=VERTEX_POINT('',#9218);
#2138=VERTEX_POINT('',#9262);
#2139=VERTEX_POINT('',#9263);
#2140=VERTEX_POINT('',#9354);
#2141=VERTEX_POINT('',#9449);
#2142=VERTEX_POINT('',#9450);
#2143=VERTEX_POINT('',#9452);
#2144=VERTEX_POINT('',#9496);
#2145=VERTEX_POINT('',#9497);
#2146=VERTEX_POINT('',#9588);
#2147=VERTEX_POINT('',#9608);
#2148=VERTEX_POINT('',#9609);
#2149=VERTEX_POINT('',#9620);
#2150=VERTEX_POINT('',#9622);
#2151=VERTEX_POINT('',#9624);
#2152=VERTEX_POINT('',#9626);
#2153=VERTEX_POINT('',#9638);
#2154=VERTEX_POINT('',#9641);
#2155=VERTEX_POINT('',#9642);
#2156=VERTEX_POINT('',#9653);
#2157=VERTEX_POINT('',#9655);
#2158=VERTEX_POINT('',#9666);
#2159=VERTEX_POINT('',#9668);
#2160=VERTEX_POINT('',#9671);
#2161=VERTEX_POINT('',#9674);
#2162=VERTEX_POINT('',#9675);
#2163=VERTEX_POINT('',#9677);
#2164=VERTEX_POINT('',#9679);
#2165=VERTEX_POINT('',#9683);
#2166=VERTEX_POINT('',#9684);
#2167=VERTEX_POINT('',#9686);
#2168=VERTEX_POINT('',#9688);
#2169=VERTEX_POINT('',#9692);
#2170=VERTEX_POINT('',#9693);
#2171=VERTEX_POINT('',#9695);
#2172=VERTEX_POINT('',#9697);
#2173=VERTEX_POINT('',#9699);
#2174=VERTEX_POINT('',#9701);
#2175=VERTEX_POINT('',#9703);
#2176=VERTEX_POINT('',#9705);
#2177=VERTEX_POINT('',#9708);
#2178=VERTEX_POINT('',#9710);
#2179=VERTEX_POINT('',#9713);
#2180=VERTEX_POINT('',#9715);
#2181=VERTEX_POINT('',#9718);
#2182=VERTEX_POINT('',#9720);
#2183=VERTEX_POINT('',#9733);
#2184=VERTEX_POINT('',#9735);
#2185=VERTEX_POINT('',#9738);
#2186=VERTEX_POINT('',#9740);
#2187=VERTEX_POINT('',#9742);
#2188=VERTEX_POINT('',#9745);
#2189=VERTEX_POINT('',#9768);
#2190=VERTEX_POINT('',#9780);
#2191=VERTEX_POINT('',#9841);
#2192=VERTEX_POINT('',#9851);
#2193=VERTEX_POINT('',#9871);
#2194=VERTEX_POINT('',#9926);
#2195=VERTEX_POINT('',#9936);
#2196=VERTEX_POINT('',#10002);
#2197=VERTEX_POINT('',#10020);
#2198=VERTEX_POINT('',#10079);
#2199=VERTEX_POINT('',#10080);
#2200=VERTEX_POINT('',#10082);
#2201=VERTEX_POINT('',#10084);
#2202=VERTEX_POINT('',#10086);
#2203=VERTEX_POINT('',#10088);
#2204=VERTEX_POINT('',#10090);
#2205=VERTEX_POINT('',#10092);
#2206=VERTEX_POINT('',#10094);
#2207=VERTEX_POINT('',#10096);
#2208=VERTEX_POINT('',#10178);
#2209=VERTEX_POINT('',#10179);
#2210=VERTEX_POINT('',#10181);
#2211=VERTEX_POINT('',#10225);
#2212=VERTEX_POINT('',#10226);
#2213=VERTEX_POINT('',#10250);
#2214=VERTEX_POINT('',#10252);
#2215=VERTEX_POINT('',#10322);
#2216=VERTEX_POINT('',#10342);
#2217=VERTEX_POINT('',#10344);
#2218=VERTEX_POINT('',#10354);
#2219=VERTEX_POINT('',#10355);
#2220=VERTEX_POINT('',#10357);
#2221=VERTEX_POINT('',#10372);
#2222=VERTEX_POINT('',#10389);
#2223=VERTEX_POINT('',#10391);
#2224=VERTEX_POINT('',#10408);
#2225=VERTEX_POINT('',#10409);
#2226=VERTEX_POINT('',#10411);
#2227=VERTEX_POINT('',#10426);
#2228=VERTEX_POINT('',#10443);
#2229=VERTEX_POINT('',#10445);
#2230=VERTEX_POINT('',#10465);
#2231=VERTEX_POINT('',#10467);
#2232=VERTEX_POINT('',#10484);
#2233=VERTEX_POINT('',#10486);
#2234=VERTEX_POINT('',#10506);
#2235=VERTEX_POINT('',#10508);
#2236=VERTEX_POINT('',#10511);
#2237=VERTEX_POINT('',#10539);
#2238=VERTEX_POINT('',#10543);
#2239=VERTEX_POINT('',#10546);
#2240=VERTEX_POINT('',#10574);
#2241=VERTEX_POINT('',#10578);
#2242=VERTEX_POINT('',#10580);
#2243=VERTEX_POINT('',#10582);
#2244=VERTEX_POINT('',#10584);
#2245=VERTEX_POINT('',#10586);
#2246=VERTEX_POINT('',#10588);
#2247=VERTEX_POINT('',#10590);
#2248=VERTEX_POINT('',#10592);
#2249=VERTEX_POINT('',#10594);
#2250=VERTEX_POINT('',#10597);
#2251=VERTEX_POINT('',#10612);
#2252=VERTEX_POINT('',#10629);
#2253=VERTEX_POINT('',#10630);
#2254=VERTEX_POINT('',#10632);
#2255=VERTEX_POINT('',#10647);
#2256=VERTEX_POINT('',#10664);
#2257=VERTEX_POINT('',#10666);
#2258=VERTEX_POINT('',#10684);
#2259=VERTEX_POINT('',#10701);
#2260=VERTEX_POINT('',#10718);
#2261=VERTEX_POINT('',#10743);
#2262=VERTEX_POINT('',#10773);
#2263=VERTEX_POINT('',#10775);
#2264=VERTEX_POINT('',#10777);
#2265=VERTEX_POINT('',#10779);
#2266=VERTEX_POINT('',#10781);
#2267=VERTEX_POINT('',#10783);
#2268=VERTEX_POINT('',#10785);
#2269=VERTEX_POINT('',#10787);
#2270=VERTEX_POINT('',#10789);
#2271=VERTEX_POINT('',#10792);
#2272=VERTEX_POINT('',#10796);
#2273=VERTEX_POINT('',#10798);
#2274=VERTEX_POINT('',#10800);
#2275=VERTEX_POINT('',#10802);
#2276=VERTEX_POINT('',#10804);
#2277=VERTEX_POINT('',#10807);
#2278=VERTEX_POINT('',#10811);
#2279=VERTEX_POINT('',#10815);
#2280=VERTEX_POINT('',#10817);
#2281=VERTEX_POINT('',#10819);
#2282=VERTEX_POINT('',#10821);
#2283=VERTEX_POINT('',#10823);
#2284=VERTEX_POINT('',#10826);
#2285=VERTEX_POINT('',#10830);
#2286=VERTEX_POINT('',#10834);
#2287=VERTEX_POINT('',#10836);
#2288=VERTEX_POINT('',#10838);
#2289=VERTEX_POINT('',#10840);
#2290=VERTEX_POINT('',#10842);
#2291=VERTEX_POINT('',#10845);
#2292=VERTEX_POINT('',#10849);
#2293=VERTEX_POINT('',#10853);
#2294=VERTEX_POINT('',#10855);
#2295=VERTEX_POINT('',#10857);
#2296=VERTEX_POINT('',#10859);
#2297=VERTEX_POINT('',#10861);
#2298=VERTEX_POINT('',#10864);
#2299=VERTEX_POINT('',#10876);
#2300=VERTEX_POINT('',#10880);
#2301=VERTEX_POINT('',#10884);
#2302=VERTEX_POINT('',#10888);
#2303=VERTEX_POINT('',#10896);
#2304=VERTEX_POINT('',#10898);
#2305=VERTEX_POINT('',#10902);
#2306=VERTEX_POINT('',#10906);
#2307=VERTEX_POINT('',#10907);
#2308=VERTEX_POINT('',#10912);
#2309=VERTEX_POINT('',#10916);
#2310=VERTEX_POINT('',#10917);
#2311=VERTEX_POINT('',#10936);
#2312=VERTEX_POINT('',#10938);
#2313=VERTEX_POINT('',#10957);
#2314=VERTEX_POINT('',#10962);
#2315=VERTEX_POINT('',#10969);
#2316=VERTEX_POINT('',#10971);
#2317=VERTEX_POINT('',#10976);
#2318=VERTEX_POINT('',#10978);
#2319=VERTEX_POINT('',#10985);
#2320=VERTEX_POINT('',#10994);
#2321=VERTEX_POINT('',#11005);
#2322=VERTEX_POINT('',#11006);
#2323=VERTEX_POINT('',#11015);
#2324=VERTEX_POINT('',#11017);
#2325=VERTEX_POINT('',#11028);
#2326=VERTEX_POINT('',#11033);
#2327=VERTEX_POINT('',#11035);
#2328=VERTEX_POINT('',#11037);
#2329=VERTEX_POINT('',#11044);
#2330=VERTEX_POINT('',#11045);
#2331=VERTEX_POINT('',#11064);
#2332=VERTEX_POINT('',#11066);
#2333=VERTEX_POINT('',#11094);
#2334=VERTEX_POINT('',#11096);
#2335=VERTEX_POINT('',#11128);
#2336=VERTEX_POINT('',#11133);
#2337=VERTEX_POINT('',#11135);
#2338=VERTEX_POINT('',#11180);
#2339=VERTEX_POINT('',#11181);
#2340=VERTEX_POINT('',#11199);
#2341=VERTEX_POINT('',#11201);
#2342=VERTEX_POINT('',#11207);
#2343=VERTEX_POINT('',#11209);
#2344=VERTEX_POINT('',#11214);
#2345=VERTEX_POINT('',#11216);
#2346=VERTEX_POINT('',#11218);
#2347=VERTEX_POINT('',#11220);
#2348=VERTEX_POINT('',#11227);
#2349=VERTEX_POINT('',#11234);
#2350=VERTEX_POINT('',#11247);
#2351=VERTEX_POINT('',#11248);
#2352=VERTEX_POINT('',#11288);
#2353=VERTEX_POINT('',#11289);
#2354=VERTEX_POINT('',#11333);
#2355=VERTEX_POINT('',#11334);
#2356=VERTEX_POINT('',#11374);
#2357=VERTEX_POINT('',#11408);
#2358=VERTEX_POINT('',#11426);
#2359=VERTEX_POINT('',#11428);
#2360=VERTEX_POINT('',#11435);
#2361=VERTEX_POINT('',#11467);
#2362=VERTEX_POINT('',#11472);
#2363=VERTEX_POINT('',#11514);
#2364=VERTEX_POINT('',#11640);
#2365=VERTEX_POINT('',#11642);
#2366=VERTEX_POINT('',#11779);
#2367=VERTEX_POINT('',#11781);
#2368=VERTEX_POINT('',#11920);
#2369=VERTEX_POINT('',#11922);
#2370=VERTEX_POINT('',#12061);
#2371=VERTEX_POINT('',#12062);
#2372=VERTEX_POINT('',#12064);
#2373=VERTEX_POINT('',#12125);
#2374=VERTEX_POINT('',#12129);
#2375=VERTEX_POINT('',#12131);
#2376=VERTEX_POINT('',#12135);
#2377=VERTEX_POINT('',#12137);
#2378=VERTEX_POINT('',#12139);
#2379=VERTEX_POINT('',#12141);
#2380=VERTEX_POINT('',#12143);
#2381=VERTEX_POINT('',#12145);
#2382=VERTEX_POINT('',#12147);
#2383=VERTEX_POINT('',#12149);
#2384=VERTEX_POINT('',#12151);
#2385=VERTEX_POINT('',#12154);
#2386=VERTEX_POINT('',#12158);
#2387=VERTEX_POINT('',#12162);
#2388=VERTEX_POINT('',#12166);
#2389=VERTEX_POINT('',#12170);
#2390=VERTEX_POINT('',#12174);
#2391=VERTEX_POINT('',#12178);
#2392=VERTEX_POINT('',#12182);
#2393=VERTEX_POINT('',#12186);
#2394=VERTEX_POINT('',#12188);
#2395=VERTEX_POINT('',#12190);
#2396=VERTEX_POINT('',#12192);
#2397=VERTEX_POINT('',#12194);
#2398=VERTEX_POINT('',#12196);
#2399=VERTEX_POINT('',#12198);
#2400=VERTEX_POINT('',#12200);
#2401=VERTEX_POINT('',#12202);
#2402=VERTEX_POINT('',#12219);
#2403=VERTEX_POINT('',#12223);
#2404=VERTEX_POINT('',#12227);
#2405=VERTEX_POINT('',#12231);
#2406=VERTEX_POINT('',#12235);
#2407=VERTEX_POINT('',#12239);
#2408=VERTEX_POINT('',#12245);
#2409=VERTEX_POINT('',#12246);
#2410=VERTEX_POINT('',#12265);
#2411=VERTEX_POINT('',#12267);
#2412=VERTEX_POINT('',#12286);
#2413=VERTEX_POINT('',#12291);
#2414=VERTEX_POINT('',#12298);
#2415=VERTEX_POINT('',#12300);
#2416=VERTEX_POINT('',#12305);
#2417=VERTEX_POINT('',#12307);
#2418=VERTEX_POINT('',#12314);
#2419=VERTEX_POINT('',#12323);
#2420=VERTEX_POINT('',#12334);
#2421=VERTEX_POINT('',#12335);
#2422=VERTEX_POINT('',#12344);
#2423=VERTEX_POINT('',#12346);
#2424=VERTEX_POINT('',#12357);
#2425=VERTEX_POINT('',#12362);
#2426=VERTEX_POINT('',#12364);
#2427=VERTEX_POINT('',#12366);
#2428=VERTEX_POINT('',#12373);
#2429=VERTEX_POINT('',#12374);
#2430=VERTEX_POINT('',#12393);
#2431=VERTEX_POINT('',#12395);
#2432=VERTEX_POINT('',#12442);
#2433=VERTEX_POINT('',#12443);
#2434=VERTEX_POINT('',#12448);
#2435=VERTEX_POINT('',#12450);
#2436=VERTEX_POINT('',#12455);
#2437=VERTEX_POINT('',#12509);
#2438=VERTEX_POINT('',#12510);
#2439=VERTEX_POINT('',#12529);
#2440=VERTEX_POINT('',#12530);
#2441=VERTEX_POINT('',#12570);
#2442=VERTEX_POINT('',#12571);
#2443=VERTEX_POINT('',#12605);
#2444=VERTEX_POINT('',#12610);
#2445=VERTEX_POINT('',#12615);
#2446=VERTEX_POINT('',#12634);
#2447=VERTEX_POINT('',#12636);
#2448=VERTEX_POINT('',#12639);
#2449=VERTEX_POINT('',#12644);
#2450=VERTEX_POINT('',#12653);
#2451=VERTEX_POINT('',#12655);
#2452=VERTEX_POINT('',#12662);
#2453=VERTEX_POINT('',#12664);
#2454=VERTEX_POINT('',#12670);
#2455=VERTEX_POINT('',#12676);
#2456=VERTEX_POINT('',#12679);
#2457=VERTEX_POINT('',#12718);
#2458=VERTEX_POINT('',#12719);
#2459=VERTEX_POINT('',#12757);
#2460=VERTEX_POINT('',#12778);
#2461=VERTEX_POINT('',#12810);
#2462=VERTEX_POINT('',#12852);
#2463=VERTEX_POINT('',#12866);
#2464=VERTEX_POINT('',#12870);
#2465=VERTEX_POINT('',#12871);
#2466=VERTEX_POINT('',#12873);
#2467=VERTEX_POINT('',#12888);
#2468=VERTEX_POINT('',#12905);
#2469=VERTEX_POINT('',#12907);
#2470=VERTEX_POINT('',#12924);
#2471=VERTEX_POINT('',#12925);
#2472=VERTEX_POINT('',#12927);
#2473=VERTEX_POINT('',#12942);
#2474=VERTEX_POINT('',#12959);
#2475=VERTEX_POINT('',#12961);
#2476=VERTEX_POINT('',#12981);
#2477=VERTEX_POINT('',#12983);
#2478=VERTEX_POINT('',#13000);
#2479=VERTEX_POINT('',#13002);
#2480=VERTEX_POINT('',#13022);
#2481=VERTEX_POINT('',#13024);
#2482=VERTEX_POINT('',#13027);
#2483=VERTEX_POINT('',#13055);
#2484=VERTEX_POINT('',#13059);
#2485=VERTEX_POINT('',#13062);
#2486=VERTEX_POINT('',#13090);
#2487=VERTEX_POINT('',#13094);
#2488=VERTEX_POINT('',#13096);
#2489=VERTEX_POINT('',#13098);
#2490=VERTEX_POINT('',#13100);
#2491=VERTEX_POINT('',#13102);
#2492=VERTEX_POINT('',#13104);
#2493=VERTEX_POINT('',#13106);
#2494=VERTEX_POINT('',#13108);
#2495=VERTEX_POINT('',#13110);
#2496=VERTEX_POINT('',#13113);
#2497=VERTEX_POINT('',#13115);
#2498=VERTEX_POINT('',#13130);
#2499=VERTEX_POINT('',#13147);
#2500=VERTEX_POINT('',#13164);
#2501=VERTEX_POINT('',#13181);
#2502=VERTEX_POINT('',#13182);
#2503=VERTEX_POINT('',#13184);
#2504=VERTEX_POINT('',#13199);
#2505=VERTEX_POINT('',#13216);
#2506=VERTEX_POINT('',#13233);
#2507=VERTEX_POINT('',#13259);
#2508=VERTEX_POINT('',#13289);
#2509=VERTEX_POINT('',#13291);
#2510=VERTEX_POINT('',#13293);
#2511=VERTEX_POINT('',#13295);
#2512=VERTEX_POINT('',#13297);
#2513=VERTEX_POINT('',#13299);
#2514=VERTEX_POINT('',#13301);
#2515=VERTEX_POINT('',#13303);
#2516=VERTEX_POINT('',#13305);
#2517=VERTEX_POINT('',#13308);
#2518=VERTEX_POINT('',#13312);
#2519=VERTEX_POINT('',#13314);
#2520=VERTEX_POINT('',#13316);
#2521=VERTEX_POINT('',#13318);
#2522=VERTEX_POINT('',#13321);
#2523=VERTEX_POINT('',#13323);
#2524=VERTEX_POINT('',#13327);
#2525=VERTEX_POINT('',#13331);
#2526=VERTEX_POINT('',#13333);
#2527=VERTEX_POINT('',#13335);
#2528=VERTEX_POINT('',#13337);
#2529=VERTEX_POINT('',#13340);
#2530=VERTEX_POINT('',#13342);
#2531=VERTEX_POINT('',#13346);
#2532=VERTEX_POINT('',#13350);
#2533=VERTEX_POINT('',#13352);
#2534=VERTEX_POINT('',#13354);
#2535=VERTEX_POINT('',#13356);
#2536=VERTEX_POINT('',#13359);
#2537=VERTEX_POINT('',#13361);
#2538=VERTEX_POINT('',#13365);
#2539=VERTEX_POINT('',#13369);
#2540=VERTEX_POINT('',#13371);
#2541=VERTEX_POINT('',#13373);
#2542=VERTEX_POINT('',#13375);
#2543=VERTEX_POINT('',#13378);
#2544=VERTEX_POINT('',#13380);
#2545=VERTEX_POINT('',#13392);
#2546=VERTEX_POINT('',#13396);
#2547=VERTEX_POINT('',#13400);
#2548=VERTEX_POINT('',#13404);
#2549=VERTEX_POINT('',#13405);
#2550=VERTEX_POINT('',#13411);
#2551=VERTEX_POINT('',#13415);
#2552=VERTEX_POINT('',#13419);
#2553=VERTEX_POINT('',#13423);
#2554=VERTEX_POINT('',#13534);
#2555=VERTEX_POINT('',#13536);
#2556=VERTEX_POINT('',#13672);
#2557=VERTEX_POINT('',#13674);
#2558=VERTEX_POINT('',#13810);
#2559=VERTEX_POINT('',#13812);
#2560=VERTEX_POINT('',#13849);
#2561=VERTEX_POINT('',#13955);
#2562=VERTEX_POINT('',#13956);
#2563=VERTEX_POINT('',#13958);
#2564=EDGE_CURVE('',#2055,#2056,#1826,.T.);
#2565=EDGE_CURVE('',#2055,#2057,#1475,.T.);
#2566=EDGE_CURVE('',#2057,#2058,#1827,.F.);
#2567=EDGE_CURVE('',#2058,#2059,#1828,.F.);
#2568=EDGE_CURVE('',#2059,#2060,#1476,.T.);
#2569=EDGE_CURVE('',#2056,#2060,#1829,.T.);
#2570=EDGE_CURVE('',#2061,#2059,#403,.T.);
#2571=EDGE_CURVE('',#2062,#2061,#1830,.F.);
#2572=EDGE_CURVE('',#2063,#2062,#1477,.T.);
#2573=EDGE_CURVE('',#2060,#2063,#404,.T.);
#2574=EDGE_CURVE('',#2064,#2063,#1831,.F.);
#2575=EDGE_CURVE('',#2062,#2065,#1832,.F.);
#2576=EDGE_CURVE('',#2065,#2064,#1478,.T.);
#2577=EDGE_CURVE('',#2066,#2067,#1833,.T.);
#2578=EDGE_CURVE('',#2066,#2068,#1479,.T.);
#2579=EDGE_CURVE('',#2068,#2069,#1834,.F.);
#2580=EDGE_CURVE('',#2069,#2070,#1835,.F.);
#2581=EDGE_CURVE('',#2070,#2071,#1480,.T.);
#2582=EDGE_CURVE('',#2067,#2071,#1836,.T.);
#2583=EDGE_CURVE('',#2072,#2070,#405,.T.);
#2584=EDGE_CURVE('',#2073,#2072,#1837,.F.);
#2585=EDGE_CURVE('',#2074,#2073,#1481,.T.);
#2586=EDGE_CURVE('',#2075,#2074,#1838,.F.);
#2587=EDGE_CURVE('',#2071,#2075,#406,.T.);
#2588=EDGE_CURVE('',#2076,#2074,#1839,.F.);
#2589=EDGE_CURVE('',#2073,#2077,#1840,.F.);
#2590=EDGE_CURVE('',#2077,#2076,#1482,.T.);
#2591=EDGE_CURVE('',#2078,#2065,#1483,.T.);
#2592=EDGE_CURVE('',#2061,#2079,#1484,.T.);
#2593=EDGE_CURVE('',#2079,#2078,#1841,.T.);
#2594=EDGE_CURVE('',#2079,#2080,#1842,.T.);
#2595=EDGE_CURVE('',#2080,#2081,#1485,.T.);
#2596=EDGE_CURVE('',#2081,#2082,#1843,.T.);
#2597=EDGE_CURVE('',#2082,#2078,#1844,.T.);
#2598=EDGE_CURVE('',#2083,#2080,#1486,.T.);
#2599=EDGE_CURVE('',#2080,#2058,#1487,.T.);
#2600=EDGE_CURVE('',#2083,#2057,#1488,.T.);
#2601=EDGE_CURVE('',#2083,#2081,#1489,.T.);
#2602=EDGE_CURVE('',#2084,#2082,#1490,.T.);
#2603=EDGE_CURVE('',#2085,#2084,#1845,.T.);
#2604=EDGE_CURVE('',#2076,#2085,#1491,.T.);
#2605=EDGE_CURVE('',#2086,#2077,#1492,.T.);
#2606=EDGE_CURVE('',#2087,#2086,#1493,.T.);
#2607=EDGE_CURVE('',#2088,#2087,#1846,.T.);
#2608=EDGE_CURVE('',#2088,#2064,#1494,.T.);
#2609=EDGE_CURVE('',#2089,#2081,#1495,.T.);
#2610=EDGE_CURVE('',#2084,#2089,#1847,.T.);
#2611=EDGE_CURVE('',#2083,#2090,#1496,.T.);
#2612=EDGE_CURVE('',#2089,#2090,#1497,.T.);
#2613=EDGE_CURVE('',#2055,#2091,#1498,.T.);
#2614=EDGE_CURVE('',#2092,#2091,#1499,.T.);
#2615=EDGE_CURVE('',#2092,#2093,#1500,.T.);
#2616=EDGE_CURVE('',#2094,#2093,#1501,.T.);
#2617=EDGE_CURVE('',#2093,#2094,#1502,.T.);
#2618=EDGE_CURVE('',#2095,#2092,#1503,.T.);
#2619=EDGE_CURVE('',#2095,#2068,#1504,.T.);
#2620=EDGE_CURVE('',#2066,#2090,#1505,.T.);
#2621=EDGE_CURVE('',#2096,#2091,#1506,.T.);
#2622=EDGE_CURVE('',#2056,#2096,#1507,.F.);
#2623=EDGE_CURVE('',#2086,#2097,#1508,.F.);
#2624=EDGE_CURVE('',#2098,#2086,#1509,.F.);
#2625=EDGE_CURVE('',#2097,#2098,#1510,.F.);
#2626=EDGE_CURVE('',#2072,#2098,#1511,.T.);
#2627=EDGE_CURVE('',#2098,#2099,#1848,.T.);
#2628=EDGE_CURVE('',#2099,#2100,#1512,.T.);
#2629=EDGE_CURVE('',#2100,#2097,#1849,.T.);
#2630=EDGE_CURVE('',#2097,#2101,#1513,.T.);
#2631=EDGE_CURVE('',#2101,#2087,#1850,.T.);
#2632=EDGE_CURVE('',#2101,#2102,#1851,.T.);
#2633=EDGE_CURVE('',#2102,#2096,#1514,.T.);
#2634=EDGE_CURVE('',#2096,#2088,#1852,.T.);
#2635=EDGE_CURVE('',#2095,#2099,#1515,.T.);
#2636=EDGE_CURVE('',#2099,#2069,#1516,.T.);
#2637=EDGE_CURVE('',#2095,#2100,#1517,.T.);
#2638=EDGE_CURVE('',#2102,#2091,#1518,.T.);
#2639=EDGE_CURVE('',#2102,#2100,#1519,.T.);
#2640=EDGE_CURVE('',#2103,#2090,#1520,.T.);
#2641=EDGE_CURVE('',#2067,#2103,#1521,.F.);
#2642=EDGE_CURVE('',#2089,#2103,#1522,.T.);
#2643=EDGE_CURVE('',#2103,#2104,#1853,.T.);
#2644=EDGE_CURVE('',#2104,#2085,#1854,.T.);
#2645=EDGE_CURVE('',#2104,#2075,#1523,.T.);
#2646=EDGE_CURVE('',#2105,#2106,#407,.T.);
#2647=EDGE_CURVE('',#2106,#2107,#1855,.T.);
#2648=EDGE_CURVE('',#2107,#2106,#1856,.T.);
#2649=EDGE_CURVE('',#2105,#2105,#1857,.T.);
#2650=EDGE_CURVE('',#2108,#2109,#1858,.T.);
#2651=EDGE_CURVE('',#2109,#2108,#1859,.T.);
#2652=EDGE_CURVE('',#2109,#2107,#408,.T.);
#2653=EDGE_CURVE('',#2110,#2108,#409,.T.);
#2654=EDGE_CURVE('',#2110,#2110,#1860,.T.);
#2655=EDGE_CURVE('',#2111,#2112,#410,.T.);
#2656=EDGE_CURVE('',#2112,#2113,#1861,.T.);
#2657=EDGE_CURVE('',#2113,#2112,#1862,.T.);
#2658=EDGE_CURVE('',#2111,#2111,#1863,.T.);
#2659=EDGE_CURVE('',#2114,#2115,#1864,.T.);
#2660=EDGE_CURVE('',#2115,#2114,#1865,.T.);
#2661=EDGE_CURVE('',#2115,#2113,#411,.T.);
#2662=EDGE_CURVE('',#2116,#2114,#412,.T.);
#2663=EDGE_CURVE('',#2116,#2116,#1866,.T.);
#2664=EDGE_CURVE('',#2117,#2118,#413,.T.);
#2665=EDGE_CURVE('',#2118,#2119,#1867,.T.);
#2666=EDGE_CURVE('',#2119,#2118,#1868,.T.);
#2667=EDGE_CURVE('',#2117,#2117,#1869,.T.);
#2668=EDGE_CURVE('',#2120,#2121,#1870,.T.);
#2669=EDGE_CURVE('',#2121,#2120,#1871,.T.);
#2670=EDGE_CURVE('',#2121,#2119,#414,.T.);
#2671=EDGE_CURVE('',#2122,#2120,#415,.T.);
#2672=EDGE_CURVE('',#2122,#2122,#1872,.T.);
#2673=EDGE_CURVE('',#2123,#2124,#416,.T.);
#2674=EDGE_CURVE('',#2124,#2125,#1873,.T.);
#2675=EDGE_CURVE('',#2125,#2124,#1874,.T.);
#2676=EDGE_CURVE('',#2123,#2123,#1875,.T.);
#2677=EDGE_CURVE('',#2126,#2127,#1876,.T.);
#2678=EDGE_CURVE('',#2127,#2126,#1877,.T.);
#2679=EDGE_CURVE('',#2127,#2125,#417,.T.);
#2680=EDGE_CURVE('',#2128,#2126,#418,.T.);
#2681=EDGE_CURVE('',#2128,#2128,#1878,.T.);
#2682=EDGE_CURVE('',#2129,#2130,#419,.T.);
#2683=EDGE_CURVE('',#2130,#2131,#1879,.T.);
#2684=EDGE_CURVE('',#2131,#2130,#1880,.T.);
#2685=EDGE_CURVE('',#2129,#2129,#1881,.T.);
#2686=EDGE_CURVE('',#2132,#2133,#1882,.T.);
#2687=EDGE_CURVE('',#2133,#2132,#1883,.T.);
#2688=EDGE_CURVE('',#2133,#2131,#420,.T.);
#2689=EDGE_CURVE('',#2134,#2132,#421,.T.);
#2690=EDGE_CURVE('',#2134,#2134,#1884,.T.);
#2691=EDGE_CURVE('',#2135,#2136,#422,.T.);
#2692=EDGE_CURVE('',#2136,#2137,#1885,.T.);
#2693=EDGE_CURVE('',#2137,#2136,#1886,.T.);
#2694=EDGE_CURVE('',#2135,#2135,#1887,.T.);
#2695=EDGE_CURVE('',#2138,#2139,#1888,.T.);
#2696=EDGE_CURVE('',#2139,#2138,#1889,.T.);
#2697=EDGE_CURVE('',#2139,#2137,#423,.T.);
#2698=EDGE_CURVE('',#2140,#2138,#424,.T.);
#2699=EDGE_CURVE('',#2140,#2140,#1890,.T.);
#2700=EDGE_CURVE('',#2141,#2142,#425,.T.);
#2701=EDGE_CURVE('',#2142,#2143,#1891,.T.);
#2702=EDGE_CURVE('',#2143,#2142,#1892,.T.);
#2703=EDGE_CURVE('',#2141,#2141,#1893,.T.);
#2704=EDGE_CURVE('',#2144,#2145,#1894,.T.);
#2705=EDGE_CURVE('',#2145,#2144,#1895,.T.);
#2706=EDGE_CURVE('',#2145,#2143,#426,.T.);
#2707=EDGE_CURVE('',#2146,#2144,#427,.T.);
#2708=EDGE_CURVE('',#2146,#2146,#1896,.T.);
#2709=EDGE_CURVE('',#2147,#2148,#1897,.F.);
#2710=EDGE_CURVE('',#2147,#2149,#428,.T.);
#2711=EDGE_CURVE('',#2149,#2150,#1524,.T.);
#2712=EDGE_CURVE('',#2150,#2151,#429,.T.);
#2713=EDGE_CURVE('',#2152,#2151,#1898,.F.);
#2714=EDGE_CURVE('',#2148,#2152,#1525,.T.);
#2715=EDGE_CURVE('',#2153,#2153,#1526,.T.);
#2716=EDGE_CURVE('',#2154,#2155,#1899,.F.);
#2717=EDGE_CURVE('',#2156,#2154,#1527,.T.);
#2718=EDGE_CURVE('',#2157,#2156,#1900,.F.);
#2719=EDGE_CURVE('',#2157,#2158,#430,.T.);
#2720=EDGE_CURVE('',#2158,#2159,#1528,.T.);
#2721=EDGE_CURVE('',#2159,#2155,#431,.T.);
#2722=EDGE_CURVE('',#2160,#2160,#1529,.T.);
#2723=EDGE_CURVE('',#2161,#2162,#1530,.T.);
#2724=EDGE_CURVE('',#2163,#2161,#432,.T.);
#2725=EDGE_CURVE('',#2163,#2164,#1531,.T.);
#2726=EDGE_CURVE('',#2164,#2162,#433,.T.);
#2727=EDGE_CURVE('',#2165,#2166,#1532,.T.);
#2728=EDGE_CURVE('',#2167,#2165,#434,.T.);
#2729=EDGE_CURVE('',#2167,#2168,#1533,.T.);
#2730=EDGE_CURVE('',#2168,#2166,#435,.T.);
#2731=EDGE_CURVE('',#2169,#2170,#436,.T.);
#2732=EDGE_CURVE('',#2171,#2170,#1534,.T.);
#2733=EDGE_CURVE('',#2172,#2171,#437,.T.);
#2734=EDGE_CURVE('',#2173,#2172,#1535,.T.);
#2735=EDGE_CURVE('',#2174,#2173,#438,.T.);
#2736=EDGE_CURVE('',#2175,#2174,#1536,.T.);
#2737=EDGE_CURVE('',#2175,#2176,#439,.T.);
#2738=EDGE_CURVE('',#2169,#2176,#1537,.T.);
#2739=EDGE_CURVE('',#2162,#2177,#440,.T.);
#2740=EDGE_CURVE('',#2177,#2178,#1538,.T.);
#2741=EDGE_CURVE('',#2178,#2165,#441,.T.);
#2742=EDGE_CURVE('',#2166,#2179,#442,.T.);
#2743=EDGE_CURVE('',#2179,#2180,#1539,.T.);
#2744=EDGE_CURVE('',#2180,#2161,#443,.T.);
#2745=EDGE_CURVE('',#2181,#2181,#1540,.T.);
#2746=EDGE_CURVE('',#2182,#2182,#1541,.T.);
#2747=EDGE_CURVE('',#2174,#2150,#444,.T.);
#2748=EDGE_CURVE('',#2175,#2149,#445,.T.);
#2749=EDGE_CURVE('',#2170,#2159,#446,.T.);
#2750=EDGE_CURVE('',#2171,#2158,#447,.T.);
#2751=EDGE_CURVE('',#2160,#2182,#448,.T.);
#2752=EDGE_CURVE('',#2153,#2181,#449,.T.);
#2753=EDGE_CURVE('',#2179,#2183,#450,.T.);
#2754=EDGE_CURVE('',#2183,#2184,#1542,.F.);
#2755=EDGE_CURVE('',#2184,#2178,#451,.T.);
#2756=EDGE_CURVE('',#2177,#2185,#452,.T.);
#2757=EDGE_CURVE('',#2185,#2186,#1543,.F.);
#2758=EDGE_CURVE('',#2186,#2187,#453,.T.);
#2759=EDGE_CURVE('',#2187,#2187,#1544,.F.);
#2760=EDGE_CURVE('',#2186,#2188,#1545,.F.);
#2761=EDGE_CURVE('',#2188,#2180,#454,.T.);
#2762=EDGE_CURVE('',#2183,#2168,#135,.T.);
#2763=EDGE_CURVE('',#2184,#2167,#136,.T.);
#2764=EDGE_CURVE('',#2188,#2163,#137,.F.);
#2765=EDGE_CURVE('',#2185,#2164,#138,.T.);
#2766=EDGE_CURVE('',#2169,#2189,#455,.T.);
#2767=EDGE_CURVE('',#2155,#2189,#1901,.T.);
#2768=EDGE_CURVE('',#2190,#2147,#1902,.T.);
#2769=EDGE_CURVE('',#2176,#2190,#456,.T.);
#2770=EDGE_CURVE('',#2156,#2191,#1903,.T.);
#2771=EDGE_CURVE('',#2191,#2192,#1904,.F.);
#2772=EDGE_CURVE('',#2192,#2157,#1905,.T.);
#2773=EDGE_CURVE('',#2193,#2154,#1906,.T.);
#2774=EDGE_CURVE('',#2193,#2191,#1546,.T.);
#2775=EDGE_CURVE('',#2151,#2194,#1907,.T.);
#2776=EDGE_CURVE('',#2194,#2195,#1908,.F.);
#2777=EDGE_CURVE('',#2195,#2152,#1909,.T.);
#2778=EDGE_CURVE('',#2173,#2194,#457,.T.);
#2779=EDGE_CURVE('',#2148,#2196,#1910,.T.);
#2780=EDGE_CURVE('',#2196,#2190,#1911,.F.);
#2781=EDGE_CURVE('',#2195,#2197,#1547,.T.);
#2782=EDGE_CURVE('',#2197,#2196,#1548,.T.);
#2783=EDGE_CURVE('',#2189,#2193,#1912,.F.);
#2784=EDGE_CURVE('',#2198,#2199,#1549,.T.);
#2785=EDGE_CURVE('',#2198,#2200,#1550,.T.);
#2786=EDGE_CURVE('',#2201,#2200,#1551,.T.);
#2787=EDGE_CURVE('',#2202,#2201,#1552,.T.);
#2788=EDGE_CURVE('',#2203,#2202,#1553,.T.);
#2789=EDGE_CURVE('',#2204,#2203,#1554,.T.);
#2790=EDGE_CURVE('',#2205,#2204,#1555,.T.);
#2791=EDGE_CURVE('',#2206,#2205,#1556,.T.);
#2792=EDGE_CURVE('',#2207,#2206,#1557,.T.);
#2793=EDGE_CURVE('',#2199,#2207,#1558,.T.);
#2794=EDGE_CURVE('',#2199,#2197,#458,.T.);
#2795=EDGE_CURVE('',#2172,#2192,#459,.T.);
#2796=EDGE_CURVE('',#2208,#2209,#460,.T.);
#2797=EDGE_CURVE('',#2209,#2210,#1913,.T.);
#2798=EDGE_CURVE('',#2210,#2209,#1914,.T.);
#2799=EDGE_CURVE('',#2208,#2208,#1915,.T.);
#2800=EDGE_CURVE('',#2211,#2212,#1916,.T.);
#2801=EDGE_CURVE('',#2212,#2211,#1917,.T.);
#2802=EDGE_CURVE('',#2212,#2210,#461,.T.);
#2803=EDGE_CURVE('',#2213,#2213,#1559,.T.);
#2804=EDGE_CURVE('',#2214,#2214,#1560,.T.);
#2805=EDGE_CURVE('',#2215,#2211,#462,.T.);
#2806=EDGE_CURVE('',#2215,#2215,#1918,.T.);
#2807=EDGE_CURVE('',#2216,#2216,#1561,.T.);
#2808=EDGE_CURVE('',#2217,#2217,#1562,.T.);
#2809=EDGE_CURVE('',#2217,#2094,#463,.T.);
#2810=EDGE_CURVE('',#2213,#2216,#464,.T.);
#2811=EDGE_CURVE('',#2204,#2214,#465,.T.);
#2812=EDGE_CURVE('',#2218,#2219,#1563,.T.);
#2813=EDGE_CURVE('',#2219,#2220,#1919,.T.);
#2814=EDGE_CURVE('',#2220,#2221,#1564,.T.);
#2815=EDGE_CURVE('',#2218,#2221,#1920,.T.);
#2816=EDGE_CURVE('',#2219,#2222,#1565,.T.);
#2817=EDGE_CURVE('',#2222,#2223,#1921,.T.);
#2818=EDGE_CURVE('',#2223,#2220,#1566,.T.);
#2819=EDGE_CURVE('',#2224,#2225,#1567,.T.);
#2820=EDGE_CURVE('',#2225,#2226,#1922,.T.);
#2821=EDGE_CURVE('',#2226,#2227,#1568,.T.);
#2822=EDGE_CURVE('',#2227,#2224,#1923,.T.);
#2823=EDGE_CURVE('',#2225,#2228,#1569,.T.);
#2824=EDGE_CURVE('',#2228,#2229,#1924,.T.);
#2825=EDGE_CURVE('',#2229,#2226,#1570,.T.);
#2826=EDGE_CURVE('',#2222,#2229,#1571,.T.);
#2827=EDGE_CURVE('',#2228,#2223,#1572,.T.);
#2828=EDGE_CURVE('',#2230,#2224,#1573,.T.);
#2829=EDGE_CURVE('',#2227,#2231,#1574,.T.);
#2830=EDGE_CURVE('',#2231,#2230,#1925,.T.);
#2831=EDGE_CURVE('',#2232,#2230,#1575,.T.);
#2832=EDGE_CURVE('',#2231,#2233,#1576,.T.);
#2833=EDGE_CURVE('',#2233,#2232,#1926,.T.);
#2834=EDGE_CURVE('',#2221,#2232,#1577,.T.);
#2835=EDGE_CURVE('',#2233,#2218,#1578,.T.);
#2836=EDGE_CURVE('',#2234,#2233,#466,.T.);
#2837=EDGE_CURVE('',#2235,#2234,#1579,.T.);
#2838=EDGE_CURVE('',#2218,#2235,#467,.T.);
#2839=EDGE_CURVE('',#2236,#2236,#1927,.T.);
#2840=EDGE_CURVE('',#2231,#2237,#468,.T.);
#2841=EDGE_CURVE('',#2234,#2237,#1580,.T.);
#2842=EDGE_CURVE('',#2238,#2227,#469,.T.);
#2843=EDGE_CURVE('',#2237,#2238,#1581,.T.);
#2844=EDGE_CURVE('',#2239,#2239,#1928,.T.);
#2845=EDGE_CURVE('',#2226,#2240,#470,.T.);
#2846=EDGE_CURVE('',#2238,#2240,#1582,.T.);
#2847=EDGE_CURVE('',#2241,#2241,#1583,.T.);
#2848=EDGE_CURVE('',#2242,#2242,#1584,.T.);
#2849=EDGE_CURVE('',#2243,#2243,#1585,.T.);
#2850=EDGE_CURVE('',#2244,#2244,#1586,.T.);
#2851=EDGE_CURVE('',#2245,#2245,#1587,.T.);
#2852=EDGE_CURVE('',#2246,#2246,#1588,.T.);
#2853=EDGE_CURVE('',#2247,#2247,#1589,.T.);
#2854=EDGE_CURVE('',#2248,#2248,#1590,.T.);
#2855=EDGE_CURVE('',#2249,#2249,#1591,.T.);
#2856=EDGE_CURVE('',#2240,#2250,#1929,.T.);
#2857=EDGE_CURVE('',#2250,#2251,#1592,.T.);
#2858=EDGE_CURVE('',#2238,#2251,#1930,.T.);
#2859=EDGE_CURVE('',#2252,#2253,#1593,.T.);
#2860=EDGE_CURVE('',#2253,#2254,#1931,.T.);
#2861=EDGE_CURVE('',#2254,#2255,#1594,.T.);
#2862=EDGE_CURVE('',#2255,#2252,#1932,.T.);
#2863=EDGE_CURVE('',#2253,#2256,#1595,.T.);
#2864=EDGE_CURVE('',#2256,#2257,#1933,.T.);
#2865=EDGE_CURVE('',#2257,#2254,#1596,.T.);
#2866=EDGE_CURVE('',#2256,#2235,#1597,.T.);
#2867=EDGE_CURVE('',#2235,#2258,#1934,.T.);
#2868=EDGE_CURVE('',#2258,#2257,#1598,.T.);
#2869=EDGE_CURVE('',#2259,#2258,#1599,.T.);
#2870=EDGE_CURVE('',#2234,#2259,#1935,.T.);
#2871=EDGE_CURVE('',#2260,#2259,#1600,.T.);
#2872=EDGE_CURVE('',#2237,#2260,#1936,.T.);
#2873=EDGE_CURVE('',#2251,#2260,#1601,.T.);
#2874=EDGE_CURVE('',#2240,#2252,#1602,.T.);
#2875=EDGE_CURVE('',#2255,#2250,#1603,.T.);
#2876=EDGE_CURVE('',#2256,#2219,#471,.T.);
#2877=EDGE_CURVE('',#2222,#2253,#472,.T.);
#2878=EDGE_CURVE('',#2261,#2261,#1937,.T.);
#2879=EDGE_CURVE('',#2252,#2229,#473,.T.);
#2880=EDGE_CURVE('',#2262,#2262,#1604,.T.);
#2881=EDGE_CURVE('',#2263,#2263,#1605,.T.);
#2882=EDGE_CURVE('',#2264,#2264,#1606,.T.);
#2883=EDGE_CURVE('',#2265,#2265,#1607,.T.);
#2884=EDGE_CURVE('',#2266,#2266,#1608,.T.);
#2885=EDGE_CURVE('',#2267,#2267,#1609,.T.);
#2886=EDGE_CURVE('',#2268,#2268,#1610,.T.);
#2887=EDGE_CURVE('',#2269,#2269,#1611,.T.);
#2888=EDGE_CURVE('',#2270,#2270,#1612,.T.);
#2889=EDGE_CURVE('',#2262,#2271,#474,.T.);
#2890=EDGE_CURVE('',#2271,#2271,#1613,.T.);
#2891=EDGE_CURVE('',#2271,#2272,#475,.T.);
#2892=EDGE_CURVE('',#2273,#2272,#79,.T.);
#2893=EDGE_CURVE('',#2274,#2273,#80,.T.);
#2894=EDGE_CURVE('',#2275,#2274,#81,.T.);
#2895=EDGE_CURVE('',#2275,#2276,#476,.T.);
#2896=EDGE_CURVE('',#2276,#2276,#1614,.T.);
#2897=EDGE_CURVE('',#2277,#2275,#82,.T.);
#2898=EDGE_CURVE('',#2272,#2277,#83,.T.);
#2899=EDGE_CURVE('',#2270,#2278,#477,.T.);
#2900=EDGE_CURVE('',#2278,#2278,#1615,.T.);
#2901=EDGE_CURVE('',#2278,#2279,#478,.T.);
#2902=EDGE_CURVE('',#2280,#2279,#84,.T.);
#2903=EDGE_CURVE('',#2281,#2280,#85,.T.);
#2904=EDGE_CURVE('',#2282,#2281,#86,.T.);
#2905=EDGE_CURVE('',#2282,#2283,#479,.T.);
#2906=EDGE_CURVE('',#2283,#2283,#1616,.T.);
#2907=EDGE_CURVE('',#2284,#2282,#87,.T.);
#2908=EDGE_CURVE('',#2279,#2284,#88,.T.);
#2909=EDGE_CURVE('',#2263,#2285,#480,.T.);
#2910=EDGE_CURVE('',#2285,#2285,#1617,.T.);
#2911=EDGE_CURVE('',#2285,#2286,#481,.T.);
#2912=EDGE_CURVE('',#2287,#2286,#89,.T.);
#2913=EDGE_CURVE('',#2288,#2287,#90,.T.);
#2914=EDGE_CURVE('',#2289,#2288,#91,.T.);
#2915=EDGE_CURVE('',#2289,#2290,#482,.T.);
#2916=EDGE_CURVE('',#2290,#2290,#1618,.T.);
#2917=EDGE_CURVE('',#2291,#2289,#92,.T.);
#2918=EDGE_CURVE('',#2286,#2291,#93,.T.);
#2919=EDGE_CURVE('',#2269,#2292,#483,.T.);
#2920=EDGE_CURVE('',#2292,#2292,#1619,.T.);
#2921=EDGE_CURVE('',#2292,#2293,#484,.T.);
#2922=EDGE_CURVE('',#2294,#2293,#94,.T.);
#2923=EDGE_CURVE('',#2295,#2294,#95,.T.);
#2924=EDGE_CURVE('',#2296,#2295,#96,.T.);
#2925=EDGE_CURVE('',#2296,#2297,#485,.T.);
#2926=EDGE_CURVE('',#2297,#2297,#1620,.T.);
#2927=EDGE_CURVE('',#2298,#2296,#97,.T.);
#2928=EDGE_CURVE('',#2293,#2298,#98,.T.);
#2929=EDGE_CURVE('',#2241,#2290,#486,.T.);
#2930=EDGE_CURVE('',#2249,#2283,#487,.T.);
#2931=EDGE_CURVE('',#2242,#2276,#488,.T.);
#2932=EDGE_CURVE('',#2248,#2297,#489,.T.);
#2933=EDGE_CURVE('',#2243,#2299,#490,.T.);
#2934=EDGE_CURVE('',#2299,#2299,#1621,.T.);
#2935=EDGE_CURVE('',#2300,#2300,#1622,.T.);
#2936=EDGE_CURVE('',#2300,#2299,#491,.T.);
#2937=EDGE_CURVE('',#2247,#2301,#492,.T.);
#2938=EDGE_CURVE('',#2301,#2301,#1623,.T.);
#2939=EDGE_CURVE('',#2302,#2302,#1624,.T.);
#2940=EDGE_CURVE('',#2302,#2301,#493,.T.);
#2941=EDGE_CURVE('',#2264,#2302,#494,.T.);
#2942=EDGE_CURVE('',#2268,#2300,#495,.T.);
#2943=EDGE_CURVE('',#2244,#2303,#1625,.T.);
#2944=EDGE_CURVE('',#2303,#2304,#1626,.T.);
#2945=EDGE_CURVE('',#2304,#2303,#1627,.T.);
#2946=EDGE_CURVE('',#2305,#2305,#1628,.T.);
#2947=EDGE_CURVE('',#2305,#2304,#496,.T.);
#2948=EDGE_CURVE('',#2306,#2307,#1629,.T.);
#2949=EDGE_CURVE('',#2307,#2265,#1630,.T.);
#2950=EDGE_CURVE('',#2307,#2306,#1631,.T.);
#2951=EDGE_CURVE('',#2306,#2308,#497,.T.);
#2952=EDGE_CURVE('',#2308,#2308,#1632,.T.);
#2953=EDGE_CURVE('',#2309,#2310,#1938,.T.);
#2954=EDGE_CURVE('',#2309,#2311,#1633,.T.);
#2955=EDGE_CURVE('',#2311,#2312,#1939,.F.);
#2956=EDGE_CURVE('',#2312,#2313,#1940,.F.);
#2957=EDGE_CURVE('',#2313,#2314,#1634,.T.);
#2958=EDGE_CURVE('',#2310,#2314,#1941,.T.);
#2959=EDGE_CURVE('',#2315,#2313,#498,.T.);
#2960=EDGE_CURVE('',#2316,#2315,#1942,.F.);
#2961=EDGE_CURVE('',#2317,#2316,#1635,.T.);
#2962=EDGE_CURVE('',#2318,#2317,#1943,.F.);
#2963=EDGE_CURVE('',#2314,#2318,#499,.T.);
#2964=EDGE_CURVE('',#2319,#2317,#1944,.F.);
#2965=EDGE_CURVE('',#2316,#2320,#1945,.F.);
#2966=EDGE_CURVE('',#2320,#2319,#1636,.T.);
#2967=EDGE_CURVE('',#2321,#2322,#1946,.F.);
#2968=EDGE_CURVE('',#2322,#2323,#1637,.T.);
#2969=EDGE_CURVE('',#2323,#2324,#1947,.F.);
#2970=EDGE_CURVE('',#2324,#2321,#1638,.T.);
#2971=EDGE_CURVE('',#2325,#2322,#1948,.F.);
#2972=EDGE_CURVE('',#2326,#2325,#500,.T.);
#2973=EDGE_CURVE('',#2327,#2326,#1639,.T.);
#2974=EDGE_CURVE('',#2328,#2327,#501,.T.);
#2975=EDGE_CURVE('',#2323,#2328,#1949,.F.);
#2976=EDGE_CURVE('',#2329,#2330,#1950,.T.);
#2977=EDGE_CURVE('',#2329,#2331,#1640,.T.);
#2978=EDGE_CURVE('',#2331,#2332,#1951,.F.);
#2979=EDGE_CURVE('',#2332,#2327,#1952,.F.);
#2980=EDGE_CURVE('',#2330,#2326,#1953,.T.);
#2981=EDGE_CURVE('',#2333,#2320,#1641,.T.);
#2982=EDGE_CURVE('',#2315,#2334,#1642,.T.);
#2983=EDGE_CURVE('',#2334,#2333,#1954,.T.);
#2984=EDGE_CURVE('',#2334,#2335,#1955,.T.);
#2985=EDGE_CURVE('',#2335,#2336,#1643,.T.);
#2986=EDGE_CURVE('',#2336,#2337,#1956,.T.);
#2987=EDGE_CURVE('',#2337,#2333,#1957,.T.);
#2988=EDGE_CURVE('',#2338,#2339,#1644,.T.);
#2989=EDGE_CURVE('',#2339,#2336,#1958,.T.);
#2990=EDGE_CURVE('',#2335,#2338,#1959,.T.);
#2991=EDGE_CURVE('',#2339,#2311,#1645,.T.);
#2992=EDGE_CURVE('',#2338,#2312,#1646,.T.);
#2993=EDGE_CURVE('',#2337,#2340,#1647,.T.);
#2994=EDGE_CURVE('',#2341,#2340,#1960,.T.);
#2995=EDGE_CURVE('',#2321,#2341,#1648,.T.);
#2996=EDGE_CURVE('',#2342,#2324,#1649,.T.);
#2997=EDGE_CURVE('',#2343,#2342,#1961,.T.);
#2998=EDGE_CURVE('',#2343,#2344,#1650,.T.);
#2999=EDGE_CURVE('',#2345,#2344,#1651,.T.);
#3000=EDGE_CURVE('',#2344,#2346,#1652,.T.);
#3001=EDGE_CURVE('',#2347,#2346,#1962,.T.);
#3002=EDGE_CURVE('',#2319,#2347,#1653,.T.);
#3003=EDGE_CURVE('',#2348,#2336,#1654,.T.);
#3004=EDGE_CURVE('',#2340,#2348,#1963,.T.);
#3005=EDGE_CURVE('',#2349,#2318,#1655,.T.);
#3006=EDGE_CURVE('',#2347,#2349,#1964,.T.);
#3007=EDGE_CURVE('',#2350,#2351,#1656,.T.);
#3008=EDGE_CURVE('',#2309,#2351,#1657,.T.);
#3009=EDGE_CURVE('',#2310,#2350,#1658,.F.);
#3010=EDGE_CURVE('',#2352,#2353,#1659,.T.);
#3011=EDGE_CURVE('',#2353,#2351,#1965,.T.);
#3012=EDGE_CURVE('',#2350,#2352,#1966,.T.);
#3013=EDGE_CURVE('',#2346,#2353,#1967,.T.);
#3014=EDGE_CURVE('',#2352,#2349,#1968,.T.);
#3015=EDGE_CURVE('',#2354,#2355,#1660,.T.);
#3016=EDGE_CURVE('',#2329,#2355,#1661,.T.);
#3017=EDGE_CURVE('',#2330,#2354,#1662,.F.);
#3018=EDGE_CURVE('',#2356,#2348,#1663,.T.);
#3019=EDGE_CURVE('',#2348,#2355,#1969,.T.);
#3020=EDGE_CURVE('',#2354,#2356,#1970,.T.);
#3021=EDGE_CURVE('',#2356,#2357,#1971,.T.);
#3022=EDGE_CURVE('',#2357,#2341,#1972,.T.);
#3023=EDGE_CURVE('',#2357,#2325,#1664,.T.);
#3024=EDGE_CURVE('',#2305,#2358,#1665,.T.);
#3025=EDGE_CURVE('',#2359,#2358,#1666,.T.);
#3026=EDGE_CURVE('',#2359,#2331,#1667,.T.);
#3027=EDGE_CURVE('',#2339,#2355,#1668,.T.);
#3028=EDGE_CURVE('',#2358,#2351,#1669,.T.);
#3029=EDGE_CURVE('',#2328,#2360,#1670,.T.);
#3030=EDGE_CURVE('',#2360,#2342,#1973,.T.);
#3031=EDGE_CURVE('',#2360,#2361,#1974,.T.);
#3032=EDGE_CURVE('',#2361,#2362,#1671,.T.);
#3033=EDGE_CURVE('',#2362,#2343,#1975,.T.);
#3034=EDGE_CURVE('',#2363,#2359,#1672,.T.);
#3035=EDGE_CURVE('',#2359,#2362,#1976,.T.);
#3036=EDGE_CURVE('',#2361,#2363,#1977,.T.);
#3037=EDGE_CURVE('',#2363,#2332,#1673,.T.);
#3038=EDGE_CURVE('',#2353,#2362,#1674,.T.);
#3039=EDGE_CURVE('',#2239,#2364,#502,.T.);
#3040=EDGE_CURVE('',#2364,#2365,#1978,.T.);
#3041=EDGE_CURVE('',#2365,#2364,#1979,.T.);
#3042=EDGE_CURVE('',#2365,#2274,#503,.T.);
#3043=EDGE_CURVE('',#2236,#2366,#504,.T.);
#3044=EDGE_CURVE('',#2366,#2367,#1980,.T.);
#3045=EDGE_CURVE('',#2367,#2366,#1981,.T.);
#3046=EDGE_CURVE('',#2367,#2295,#505,.T.);
#3047=EDGE_CURVE('',#2266,#2245,#506,.T.);
#3048=EDGE_CURVE('',#2261,#2368,#507,.T.);
#3049=EDGE_CURVE('',#2368,#2369,#1982,.T.);
#3050=EDGE_CURVE('',#2369,#2368,#1983,.T.);
#3051=EDGE_CURVE('',#2369,#2288,#508,.T.);
#3052=EDGE_CURVE('',#2267,#2246,#509,.T.);
#3053=EDGE_CURVE('',#2370,#2371,#510,.T.);
#3054=EDGE_CURVE('',#2371,#2372,#1984,.T.);
#3055=EDGE_CURVE('',#2372,#2371,#1985,.T.);
#3056=EDGE_CURVE('',#2370,#2370,#1986,.T.);
#3057=EDGE_CURVE('',#2372,#2281,#511,.T.);
#3058=EDGE_CURVE('',#2373,#2308,#1675,.T.);
#3059=EDGE_CURVE('',#2374,#2374,#1676,.T.);
#3060=EDGE_CURVE('',#2374,#2375,#512,.T.);
#3061=EDGE_CURVE('',#2375,#2375,#1677,.T.);
#3062=EDGE_CURVE('',#2376,#2376,#1678,.T.);
#3063=EDGE_CURVE('',#2377,#2377,#1679,.T.);
#3064=EDGE_CURVE('',#2378,#2378,#1680,.T.);
#3065=EDGE_CURVE('',#2379,#2379,#1681,.T.);
#3066=EDGE_CURVE('',#2380,#2380,#1682,.T.);
#3067=EDGE_CURVE('',#2381,#2381,#1683,.T.);
#3068=EDGE_CURVE('',#2382,#2382,#1684,.T.);
#3069=EDGE_CURVE('',#2383,#2383,#1685,.T.);
#3070=EDGE_CURVE('',#2384,#2384,#1686,.T.);
#3071=EDGE_CURVE('',#2377,#2385,#513,.T.);
#3072=EDGE_CURVE('',#2385,#2385,#1687,.T.);
#3073=EDGE_CURVE('',#2384,#2386,#514,.T.);
#3074=EDGE_CURVE('',#2386,#2386,#1688,.T.);
#3075=EDGE_CURVE('',#2378,#2387,#515,.T.);
#3076=EDGE_CURVE('',#2387,#2387,#1689,.T.);
#3077=EDGE_CURVE('',#2383,#2388,#516,.T.);
#3078=EDGE_CURVE('',#2388,#2388,#1690,.T.);
#3079=EDGE_CURVE('',#2379,#2389,#517,.T.);
#3080=EDGE_CURVE('',#2389,#2389,#1691,.T.);
#3081=EDGE_CURVE('',#2382,#2390,#518,.T.);
#3082=EDGE_CURVE('',#2390,#2390,#1692,.T.);
#3083=EDGE_CURVE('',#2380,#2391,#519,.T.);
#3084=EDGE_CURVE('',#2391,#2391,#1693,.T.);
#3085=EDGE_CURVE('',#2392,#2392,#1694,.T.);
#3086=EDGE_CURVE('',#2392,#2390,#520,.T.);
#3087=EDGE_CURVE('',#2393,#2393,#1695,.T.);
#3088=EDGE_CURVE('',#2394,#2394,#1696,.T.);
#3089=EDGE_CURVE('',#2395,#2395,#1697,.T.);
#3090=EDGE_CURVE('',#2396,#2396,#1698,.T.);
#3091=EDGE_CURVE('',#2397,#2397,#1699,.T.);
#3092=EDGE_CURVE('',#2398,#2398,#1700,.T.);
#3093=EDGE_CURVE('',#2399,#2399,#1701,.T.);
#3094=EDGE_CURVE('',#2400,#2400,#1702,.T.);
#3095=EDGE_CURVE('',#2401,#2401,#1703,.T.);
#3096=EDGE_CURVE('',#2394,#2391,#521,.T.);
#3097=EDGE_CURVE('',#2401,#2389,#522,.T.);
#3098=EDGE_CURVE('',#2395,#2388,#523,.T.);
#3099=EDGE_CURVE('',#2400,#2387,#524,.T.);
#3100=EDGE_CURVE('',#2396,#2386,#525,.T.);
#3101=EDGE_CURVE('',#2399,#2375,#526,.T.);
#3102=EDGE_CURVE('',#2397,#2385,#527,.T.);
#3103=EDGE_CURVE('',#2402,#2402,#1704,.T.);
#3104=EDGE_CURVE('',#2402,#2381,#1705,.T.);
#3105=EDGE_CURVE('',#2402,#2403,#528,.T.);
#3106=EDGE_CURVE('',#2403,#2403,#1706,.T.);
#3107=EDGE_CURVE('',#2398,#2404,#1707,.T.);
#3108=EDGE_CURVE('',#2404,#2404,#1708,.T.);
#3109=EDGE_CURVE('',#2405,#2405,#1709,.T.);
#3110=EDGE_CURVE('',#2405,#2404,#529,.T.);
#3111=EDGE_CURVE('',#2393,#2406,#1710,.T.);
#3112=EDGE_CURVE('',#2406,#2406,#1711,.T.);
#3113=EDGE_CURVE('',#2406,#2407,#530,.T.);
#3114=EDGE_CURVE('',#2407,#2407,#1712,.T.);
#3115=EDGE_CURVE('',#2407,#2376,#1713,.T.);
#3116=EDGE_CURVE('',#2408,#2409,#1987,.T.);
#3117=EDGE_CURVE('',#2408,#2410,#1714,.T.);
#3118=EDGE_CURVE('',#2410,#2411,#1988,.F.);
#3119=EDGE_CURVE('',#2411,#2412,#1989,.F.);
#3120=EDGE_CURVE('',#2412,#2413,#1715,.T.);
#3121=EDGE_CURVE('',#2409,#2413,#1990,.T.);
#3122=EDGE_CURVE('',#2414,#2412,#531,.T.);
#3123=EDGE_CURVE('',#2415,#2414,#1991,.F.);
#3124=EDGE_CURVE('',#2416,#2415,#1716,.T.);
#3125=EDGE_CURVE('',#2417,#2416,#1992,.F.);
#3126=EDGE_CURVE('',#2413,#2417,#532,.T.);
#3127=EDGE_CURVE('',#2418,#2416,#1993,.F.);
#3128=EDGE_CURVE('',#2415,#2419,#1994,.F.);
#3129=EDGE_CURVE('',#2419,#2418,#1717,.T.);
#3130=EDGE_CURVE('',#2420,#2421,#1995,.F.);
#3131=EDGE_CURVE('',#2421,#2422,#1718,.T.);
#3132=EDGE_CURVE('',#2422,#2423,#1996,.F.);
#3133=EDGE_CURVE('',#2423,#2420,#1719,.T.);
#3134=EDGE_CURVE('',#2424,#2421,#1997,.F.);
#3135=EDGE_CURVE('',#2425,#2424,#533,.T.);
#3136=EDGE_CURVE('',#2426,#2425,#1720,.T.);
#3137=EDGE_CURVE('',#2427,#2426,#534,.T.);
#3138=EDGE_CURVE('',#2422,#2427,#1998,.F.);
#3139=EDGE_CURVE('',#2428,#2429,#1999,.T.);
#3140=EDGE_CURVE('',#2428,#2430,#1721,.T.);
#3141=EDGE_CURVE('',#2430,#2431,#2000,.F.);
#3142=EDGE_CURVE('',#2431,#2426,#2001,.F.);
#3143=EDGE_CURVE('',#2429,#2425,#2002,.T.);
#3144=EDGE_CURVE('',#2432,#2433,#2003,.T.);
#3145=EDGE_CURVE('',#2433,#2434,#1722,.T.);
#3146=EDGE_CURVE('',#2434,#2435,#2004,.T.);
#3147=EDGE_CURVE('',#2435,#2436,#2005,.T.);
#3148=EDGE_CURVE('',#2436,#2432,#2006,.T.);
#3149=EDGE_CURVE('',#2436,#2419,#1723,.T.);
#3150=EDGE_CURVE('',#2414,#2432,#1724,.T.);
#3151=EDGE_CURVE('',#2437,#2438,#1725,.T.);
#3152=EDGE_CURVE('',#2438,#2434,#2007,.T.);
#3153=EDGE_CURVE('',#2433,#2437,#2008,.T.);
#3154=EDGE_CURVE('',#2438,#2410,#1726,.T.);
#3155=EDGE_CURVE('',#2437,#2411,#1727,.T.);
#3156=EDGE_CURVE('',#2439,#2440,#1728,.T.);
#3157=EDGE_CURVE('',#2408,#2440,#1729,.T.);
#3158=EDGE_CURVE('',#2409,#2439,#1730,.F.);
#3159=EDGE_CURVE('',#2441,#2442,#1731,.T.);
#3160=EDGE_CURVE('',#2442,#2440,#2009,.T.);
#3161=EDGE_CURVE('',#2439,#2441,#2010,.T.);
#3162=EDGE_CURVE('',#2443,#2442,#2011,.T.);
#3163=EDGE_CURVE('',#2441,#2444,#2012,.T.);
#3164=EDGE_CURVE('',#2444,#2445,#2013,.T.);
#3165=EDGE_CURVE('',#2445,#2443,#2014,.T.);
#3166=EDGE_CURVE('',#2444,#2417,#1732,.T.);
#3167=EDGE_CURVE('',#2418,#2445,#1733,.T.);
#3168=EDGE_CURVE('',#2403,#2446,#1734,.T.);
#3169=EDGE_CURVE('',#2447,#2446,#1735,.T.);
#3170=EDGE_CURVE('',#2447,#2430,#1736,.T.);
#3171=EDGE_CURVE('',#2428,#2448,#1737,.T.);
#3172=EDGE_CURVE('',#2438,#2448,#1738,.T.);
#3173=EDGE_CURVE('',#2446,#2440,#1739,.T.);
#3174=EDGE_CURVE('',#2442,#2449,#1740,.T.);
#3175=EDGE_CURVE('',#2447,#2449,#2015,.T.);
#3176=EDGE_CURVE('',#2443,#2450,#1741,.T.);
#3177=EDGE_CURVE('',#2450,#2451,#1742,.T.);
#3178=EDGE_CURVE('',#2449,#2451,#2016,.T.);
#3179=EDGE_CURVE('',#2452,#2435,#1743,.T.);
#3180=EDGE_CURVE('',#2453,#2452,#2017,.T.);
#3181=EDGE_CURVE('',#2420,#2453,#1744,.T.);
#3182=EDGE_CURVE('',#2454,#2423,#1745,.T.);
#3183=EDGE_CURVE('',#2451,#2454,#2018,.T.);
#3184=EDGE_CURVE('',#2455,#2450,#1746,.T.);
#3185=EDGE_CURVE('',#2456,#2448,#1747,.T.);
#3186=EDGE_CURVE('',#2429,#2456,#1748,.F.);
#3187=EDGE_CURVE('',#2457,#2458,#1749,.T.);
#3188=EDGE_CURVE('',#2458,#2448,#2019,.T.);
#3189=EDGE_CURVE('',#2456,#2457,#2020,.T.);
#3190=EDGE_CURVE('',#2452,#2458,#2021,.T.);
#3191=EDGE_CURVE('',#2457,#2459,#2022,.T.);
#3192=EDGE_CURVE('',#2459,#2453,#2023,.T.);
#3193=EDGE_CURVE('',#2459,#2424,#1750,.T.);
#3194=EDGE_CURVE('',#2458,#2434,#1751,.T.);
#3195=EDGE_CURVE('',#2427,#2460,#1752,.T.);
#3196=EDGE_CURVE('',#2460,#2454,#2024,.T.);
#3197=EDGE_CURVE('',#2460,#2461,#2025,.T.);
#3198=EDGE_CURVE('',#2461,#2449,#1753,.T.);
#3199=EDGE_CURVE('',#2462,#2447,#1754,.T.);
#3200=EDGE_CURVE('',#2461,#2462,#2026,.T.);
#3201=EDGE_CURVE('',#2462,#2431,#1755,.T.);
#3202=EDGE_CURVE('',#2463,#2405,#1756,.T.);
#3203=EDGE_CURVE('',#2464,#2465,#1757,.T.);
#3204=EDGE_CURVE('',#2465,#2466,#2027,.T.);
#3205=EDGE_CURVE('',#2466,#2467,#1758,.T.);
#3206=EDGE_CURVE('',#2464,#2467,#2028,.T.);
#3207=EDGE_CURVE('',#2465,#2468,#1759,.T.);
#3208=EDGE_CURVE('',#2468,#2469,#2029,.T.);
#3209=EDGE_CURVE('',#2469,#2466,#1760,.T.);
#3210=EDGE_CURVE('',#2470,#2471,#1761,.T.);
#3211=EDGE_CURVE('',#2471,#2472,#2030,.T.);
#3212=EDGE_CURVE('',#2472,#2473,#1762,.T.);
#3213=EDGE_CURVE('',#2473,#2470,#2031,.T.);
#3214=EDGE_CURVE('',#2471,#2474,#1763,.T.);
#3215=EDGE_CURVE('',#2474,#2475,#2032,.T.);
#3216=EDGE_CURVE('',#2475,#2472,#1764,.T.);
#3217=EDGE_CURVE('',#2468,#2475,#1765,.T.);
#3218=EDGE_CURVE('',#2474,#2469,#1766,.T.);
#3219=EDGE_CURVE('',#2476,#2470,#1767,.T.);
#3220=EDGE_CURVE('',#2473,#2477,#1768,.T.);
#3221=EDGE_CURVE('',#2477,#2476,#2033,.T.);
#3222=EDGE_CURVE('',#2478,#2476,#1769,.T.);
#3223=EDGE_CURVE('',#2477,#2479,#1770,.T.);
#3224=EDGE_CURVE('',#2479,#2478,#2034,.T.);
#3225=EDGE_CURVE('',#2467,#2478,#1771,.T.);
#3226=EDGE_CURVE('',#2479,#2464,#1772,.T.);
#3227=EDGE_CURVE('',#2480,#2479,#535,.T.);
#3228=EDGE_CURVE('',#2481,#2480,#1773,.T.);
#3229=EDGE_CURVE('',#2464,#2481,#536,.T.);
#3230=EDGE_CURVE('',#2482,#2482,#2035,.T.);
#3231=EDGE_CURVE('',#2477,#2483,#537,.T.);
#3232=EDGE_CURVE('',#2480,#2483,#1774,.T.);
#3233=EDGE_CURVE('',#2484,#2473,#538,.T.);
#3234=EDGE_CURVE('',#2483,#2484,#1775,.T.);
#3235=EDGE_CURVE('',#2485,#2485,#2036,.T.);
#3236=EDGE_CURVE('',#2472,#2486,#539,.T.);
#3237=EDGE_CURVE('',#2484,#2486,#1776,.T.);
#3238=EDGE_CURVE('',#2487,#2487,#1777,.T.);
#3239=EDGE_CURVE('',#2488,#2488,#1778,.T.);
#3240=EDGE_CURVE('',#2489,#2489,#1779,.T.);
#3241=EDGE_CURVE('',#2490,#2490,#1780,.T.);
#3242=EDGE_CURVE('',#2491,#2491,#1781,.T.);
#3243=EDGE_CURVE('',#2492,#2492,#1782,.T.);
#3244=EDGE_CURVE('',#2493,#2493,#1783,.T.);
#3245=EDGE_CURVE('',#2494,#2494,#1784,.T.);
#3246=EDGE_CURVE('',#2495,#2495,#1785,.T.);
#3247=EDGE_CURVE('',#2496,#2481,#1786,.T.);
#3248=EDGE_CURVE('',#2481,#2497,#2037,.T.);
#3249=EDGE_CURVE('',#2497,#2498,#1787,.T.);
#3250=EDGE_CURVE('',#2496,#2498,#2038,.T.);
#3251=EDGE_CURVE('',#2480,#2499,#2039,.T.);
#3252=EDGE_CURVE('',#2499,#2497,#1788,.T.);
#3253=EDGE_CURVE('',#2483,#2500,#2040,.T.);
#3254=EDGE_CURVE('',#2500,#2499,#1789,.T.);
#3255=EDGE_CURVE('',#2501,#2502,#1790,.T.);
#3256=EDGE_CURVE('',#2502,#2503,#2041,.T.);
#3257=EDGE_CURVE('',#2503,#2504,#1791,.T.);
#3258=EDGE_CURVE('',#2504,#2501,#2042,.T.);
#3259=EDGE_CURVE('',#2484,#2505,#2043,.T.);
#3260=EDGE_CURVE('',#2505,#2500,#1792,.T.);
#3261=EDGE_CURVE('',#2486,#2506,#2044,.T.);
#3262=EDGE_CURVE('',#2506,#2505,#1793,.T.);
#3263=EDGE_CURVE('',#2502,#2506,#1794,.T.);
#3264=EDGE_CURVE('',#2486,#2503,#1795,.T.);
#3265=EDGE_CURVE('',#2498,#2501,#1796,.T.);
#3266=EDGE_CURVE('',#2504,#2496,#1797,.T.);
#3267=EDGE_CURVE('',#2496,#2465,#540,.T.);
#3268=EDGE_CURVE('',#2468,#2504,#541,.T.);
#3269=EDGE_CURVE('',#2507,#2507,#2045,.T.);
#3270=EDGE_CURVE('',#2503,#2475,#542,.T.);
#3271=EDGE_CURVE('',#2508,#2508,#1798,.T.);
#3272=EDGE_CURVE('',#2509,#2509,#1799,.T.);
#3273=EDGE_CURVE('',#2510,#2510,#1800,.T.);
#3274=EDGE_CURVE('',#2511,#2511,#1801,.T.);
#3275=EDGE_CURVE('',#2512,#2512,#1802,.T.);
#3276=EDGE_CURVE('',#2513,#2513,#1803,.T.);
#3277=EDGE_CURVE('',#2514,#2514,#1804,.T.);
#3278=EDGE_CURVE('',#2515,#2515,#1805,.T.);
#3279=EDGE_CURVE('',#2516,#2516,#1806,.T.);
#3280=EDGE_CURVE('',#2508,#2517,#543,.T.);
#3281=EDGE_CURVE('',#2517,#2517,#1807,.T.);
#3282=EDGE_CURVE('',#2518,#2518,#1808,.T.);
#3283=EDGE_CURVE('',#2518,#2519,#544,.T.);
#3284=EDGE_CURVE('',#2519,#2520,#99,.T.);
#3285=EDGE_CURVE('',#2520,#2521,#100,.T.);
#3286=EDGE_CURVE('',#2521,#2517,#545,.T.);
#3287=EDGE_CURVE('',#2521,#2522,#101,.T.);
#3288=EDGE_CURVE('',#2522,#2523,#102,.T.);
#3289=EDGE_CURVE('',#2523,#2519,#103,.T.);
#3290=EDGE_CURVE('',#2516,#2524,#546,.T.);
#3291=EDGE_CURVE('',#2524,#2524,#1809,.T.);
#3292=EDGE_CURVE('',#2525,#2525,#1810,.T.);
#3293=EDGE_CURVE('',#2525,#2526,#547,.T.);
#3294=EDGE_CURVE('',#2526,#2527,#104,.T.);
#3295=EDGE_CURVE('',#2527,#2528,#105,.T.);
#3296=EDGE_CURVE('',#2528,#2524,#548,.T.);
#3297=EDGE_CURVE('',#2528,#2529,#106,.T.);
#3298=EDGE_CURVE('',#2529,#2530,#107,.T.);
#3299=EDGE_CURVE('',#2530,#2526,#108,.T.);
#3300=EDGE_CURVE('',#2509,#2531,#549,.T.);
#3301=EDGE_CURVE('',#2531,#2531,#1811,.T.);
#3302=EDGE_CURVE('',#2532,#2532,#1812,.T.);
#3303=EDGE_CURVE('',#2532,#2533,#550,.T.);
#3304=EDGE_CURVE('',#2533,#2534,#109,.T.);
#3305=EDGE_CURVE('',#2534,#2535,#110,.T.);
#3306=EDGE_CURVE('',#2535,#2531,#551,.T.);
#3307=EDGE_CURVE('',#2535,#2536,#111,.T.);
#3308=EDGE_CURVE('',#2536,#2537,#112,.T.);
#3309=EDGE_CURVE('',#2537,#2533,#113,.T.);
#3310=EDGE_CURVE('',#2515,#2538,#552,.T.);
#3311=EDGE_CURVE('',#2538,#2538,#1813,.T.);
#3312=EDGE_CURVE('',#2539,#2539,#1814,.T.);
#3313=EDGE_CURVE('',#2539,#2540,#553,.T.);
#3314=EDGE_CURVE('',#2540,#2541,#114,.T.);
#3315=EDGE_CURVE('',#2541,#2542,#115,.T.);
#3316=EDGE_CURVE('',#2542,#2538,#554,.T.);
#3317=EDGE_CURVE('',#2542,#2543,#116,.T.);
#3318=EDGE_CURVE('',#2543,#2544,#117,.T.);
#3319=EDGE_CURVE('',#2544,#2540,#118,.T.);
#3320=EDGE_CURVE('',#2487,#2539,#555,.T.);
#3321=EDGE_CURVE('',#2495,#2532,#556,.T.);
#3322=EDGE_CURVE('',#2488,#2518,#557,.T.);
#3323=EDGE_CURVE('',#2494,#2525,#558,.T.);
#3324=EDGE_CURVE('',#2510,#2545,#559,.T.);
#3325=EDGE_CURVE('',#2545,#2545,#1815,.T.);
#3326=EDGE_CURVE('',#2545,#2546,#560,.T.);
#3327=EDGE_CURVE('',#2546,#2546,#1816,.T.);
#3328=EDGE_CURVE('',#2489,#2547,#1817,.T.);
#3329=EDGE_CURVE('',#2547,#2547,#1818,.T.);
#3330=EDGE_CURVE('',#2548,#2549,#1819,.T.);
#3331=EDGE_CURVE('',#2548,#2547,#561,.T.);
#3332=EDGE_CURVE('',#2549,#2548,#1820,.T.);
#3333=EDGE_CURVE('',#2511,#2550,#562,.T.);
#3334=EDGE_CURVE('',#2550,#2550,#1821,.T.);
#3335=EDGE_CURVE('',#2551,#2551,#1822,.T.);
#3336=EDGE_CURVE('',#2551,#2550,#563,.T.);
#3337=EDGE_CURVE('',#2514,#2552,#564,.T.);
#3338=EDGE_CURVE('',#2552,#2552,#1823,.T.);
#3339=EDGE_CURVE('',#2553,#2553,#1824,.T.);
#3340=EDGE_CURVE('',#2553,#2552,#565,.T.);
#3341=EDGE_CURVE('',#2493,#2553,#566,.T.);
#3342=EDGE_CURVE('',#2490,#2551,#567,.T.);
#3343=EDGE_CURVE('',#2485,#2554,#568,.T.);
#3344=EDGE_CURVE('',#2554,#2555,#2046,.T.);
#3345=EDGE_CURVE('',#2555,#2554,#2047,.T.);
#3346=EDGE_CURVE('',#2555,#2529,#569,.T.);
#3347=EDGE_CURVE('',#2507,#2556,#570,.T.);
#3348=EDGE_CURVE('',#2556,#2557,#2048,.T.);
#3349=EDGE_CURVE('',#2557,#2556,#2049,.T.);
#3350=EDGE_CURVE('',#2557,#2536,#571,.T.);
#3351=EDGE_CURVE('',#2482,#2558,#572,.T.);
#3352=EDGE_CURVE('',#2558,#2559,#2050,.T.);
#3353=EDGE_CURVE('',#2559,#2558,#2051,.T.);
#3354=EDGE_CURVE('',#2559,#2543,#573,.T.);
#3355=EDGE_CURVE('',#2492,#2512,#574,.T.);
#3356=EDGE_CURVE('',#2491,#2513,#575,.T.);
#3357=EDGE_CURVE('',#2560,#2549,#1825,.T.);
#3358=EDGE_CURVE('',#2561,#2562,#576,.T.);
#3359=EDGE_CURVE('',#2562,#2563,#2052,.T.);
#3360=EDGE_CURVE('',#2563,#2562,#2053,.T.);
#3361=EDGE_CURVE('',#2561,#2561,#2054,.T.);
#3362=EDGE_CURVE('',#2563,#2522,#577,.T.);
#3363=ORIENTED_EDGE('',*,*,#2564,.F.);
#3364=ORIENTED_EDGE('',*,*,#2565,.T.);
#3365=ORIENTED_EDGE('',*,*,#2566,.T.);
#3366=ORIENTED_EDGE('',*,*,#2567,.T.);
#3367=ORIENTED_EDGE('',*,*,#2568,.T.);
#3368=ORIENTED_EDGE('',*,*,#2569,.F.);
#3369=ORIENTED_EDGE('',*,*,#2568,.F.);
#3370=ORIENTED_EDGE('',*,*,#2570,.F.);
#3371=ORIENTED_EDGE('',*,*,#2571,.F.);
#3372=ORIENTED_EDGE('',*,*,#2572,.F.);
#3373=ORIENTED_EDGE('',*,*,#2573,.F.);
#3374=ORIENTED_EDGE('',*,*,#2574,.T.);
#3375=ORIENTED_EDGE('',*,*,#2572,.T.);
#3376=ORIENTED_EDGE('',*,*,#2575,.T.);
#3377=ORIENTED_EDGE('',*,*,#2576,.T.);
#3378=ORIENTED_EDGE('',*,*,#2577,.F.);
#3379=ORIENTED_EDGE('',*,*,#2578,.T.);
#3380=ORIENTED_EDGE('',*,*,#2579,.T.);
#3381=ORIENTED_EDGE('',*,*,#2580,.T.);
#3382=ORIENTED_EDGE('',*,*,#2581,.T.);
#3383=ORIENTED_EDGE('',*,*,#2582,.F.);
#3384=ORIENTED_EDGE('',*,*,#2581,.F.);
#3385=ORIENTED_EDGE('',*,*,#2583,.F.);
#3386=ORIENTED_EDGE('',*,*,#2584,.F.);
#3387=ORIENTED_EDGE('',*,*,#2585,.F.);
#3388=ORIENTED_EDGE('',*,*,#2586,.F.);
#3389=ORIENTED_EDGE('',*,*,#2587,.F.);
#3390=ORIENTED_EDGE('',*,*,#2588,.T.);
#3391=ORIENTED_EDGE('',*,*,#2585,.T.);
#3392=ORIENTED_EDGE('',*,*,#2589,.T.);
#3393=ORIENTED_EDGE('',*,*,#2590,.T.);
#3394=ORIENTED_EDGE('',*,*,#2591,.T.);
#3395=ORIENTED_EDGE('',*,*,#2575,.F.);
#3396=ORIENTED_EDGE('',*,*,#2571,.T.);
#3397=ORIENTED_EDGE('',*,*,#2592,.T.);
#3398=ORIENTED_EDGE('',*,*,#2593,.T.);
#3399=ORIENTED_EDGE('',*,*,#2594,.T.);
#3400=ORIENTED_EDGE('',*,*,#2595,.T.);
#3401=ORIENTED_EDGE('',*,*,#2596,.T.);
#3402=ORIENTED_EDGE('',*,*,#2597,.T.);
#3403=ORIENTED_EDGE('',*,*,#2593,.F.);
#3404=ORIENTED_EDGE('',*,*,#2598,.T.);
#3405=ORIENTED_EDGE('',*,*,#2599,.T.);
#3406=ORIENTED_EDGE('',*,*,#2566,.F.);
#3407=ORIENTED_EDGE('',*,*,#2600,.F.);
#3408=ORIENTED_EDGE('',*,*,#2598,.F.);
#3409=ORIENTED_EDGE('',*,*,#2601,.T.);
#3410=ORIENTED_EDGE('',*,*,#2595,.F.);
#3411=ORIENTED_EDGE('',*,*,#2591,.F.);
#3412=ORIENTED_EDGE('',*,*,#2597,.F.);
#3413=ORIENTED_EDGE('',*,*,#2602,.F.);
#3414=ORIENTED_EDGE('',*,*,#2603,.F.);
#3415=ORIENTED_EDGE('',*,*,#2604,.F.);
#3416=ORIENTED_EDGE('',*,*,#2590,.F.);
#3417=ORIENTED_EDGE('',*,*,#2605,.F.);
#3418=ORIENTED_EDGE('',*,*,#2606,.F.);
#3419=ORIENTED_EDGE('',*,*,#2607,.F.);
#3420=ORIENTED_EDGE('',*,*,#2608,.T.);
#3421=ORIENTED_EDGE('',*,*,#2576,.F.);
#3422=ORIENTED_EDGE('',*,*,#2596,.F.);
#3423=ORIENTED_EDGE('',*,*,#2609,.F.);
#3424=ORIENTED_EDGE('',*,*,#2610,.F.);
#3425=ORIENTED_EDGE('',*,*,#2602,.T.);
#3426=ORIENTED_EDGE('',*,*,#2601,.F.);
#3427=ORIENTED_EDGE('',*,*,#2611,.T.);
#3428=ORIENTED_EDGE('',*,*,#2612,.F.);
#3429=ORIENTED_EDGE('',*,*,#2609,.T.);
#3430=ORIENTED_EDGE('',*,*,#2613,.T.);
#3431=ORIENTED_EDGE('',*,*,#2614,.F.);
#3432=ORIENTED_EDGE('',*,*,#2615,.T.);
#3433=ORIENTED_EDGE('',*,*,#2616,.F.);
#3434=ORIENTED_EDGE('',*,*,#2617,.F.);
#3435=ORIENTED_EDGE('',*,*,#2615,.F.);
#3436=ORIENTED_EDGE('',*,*,#2618,.F.);
#3437=ORIENTED_EDGE('',*,*,#2619,.T.);
#3438=ORIENTED_EDGE('',*,*,#2578,.F.);
#3439=ORIENTED_EDGE('',*,*,#2620,.T.);
#3440=ORIENTED_EDGE('',*,*,#2611,.F.);
#3441=ORIENTED_EDGE('',*,*,#2600,.T.);
#3442=ORIENTED_EDGE('',*,*,#2565,.F.);
#3443=ORIENTED_EDGE('',*,*,#2621,.T.);
#3444=ORIENTED_EDGE('',*,*,#2613,.F.);
#3445=ORIENTED_EDGE('',*,*,#2564,.T.);
#3446=ORIENTED_EDGE('',*,*,#2622,.T.);
#3447=ORIENTED_EDGE('',*,*,#2623,.F.);
#3448=ORIENTED_EDGE('',*,*,#2624,.F.);
#3449=ORIENTED_EDGE('',*,*,#2625,.F.);
#3450=ORIENTED_EDGE('',*,*,#2584,.T.);
#3451=ORIENTED_EDGE('',*,*,#2626,.T.);
#3452=ORIENTED_EDGE('',*,*,#2624,.T.);
#3453=ORIENTED_EDGE('',*,*,#2605,.T.);
#3454=ORIENTED_EDGE('',*,*,#2589,.F.);
#3455=ORIENTED_EDGE('',*,*,#2625,.T.);
#3456=ORIENTED_EDGE('',*,*,#2627,.T.);
#3457=ORIENTED_EDGE('',*,*,#2628,.T.);
#3458=ORIENTED_EDGE('',*,*,#2629,.T.);
#3459=ORIENTED_EDGE('',*,*,#2606,.T.);
#3460=ORIENTED_EDGE('',*,*,#2623,.T.);
#3461=ORIENTED_EDGE('',*,*,#2630,.T.);
#3462=ORIENTED_EDGE('',*,*,#2631,.T.);
#3463=ORIENTED_EDGE('',*,*,#2632,.T.);
#3464=ORIENTED_EDGE('',*,*,#2633,.T.);
#3465=ORIENTED_EDGE('',*,*,#2634,.T.);
#3466=ORIENTED_EDGE('',*,*,#2607,.T.);
#3467=ORIENTED_EDGE('',*,*,#2631,.F.);
#3468=ORIENTED_EDGE('',*,*,#2635,.T.);
#3469=ORIENTED_EDGE('',*,*,#2636,.T.);
#3470=ORIENTED_EDGE('',*,*,#2579,.F.);
#3471=ORIENTED_EDGE('',*,*,#2619,.F.);
#3472=ORIENTED_EDGE('',*,*,#2635,.F.);
#3473=ORIENTED_EDGE('',*,*,#2637,.T.);
#3474=ORIENTED_EDGE('',*,*,#2628,.F.);
#3475=ORIENTED_EDGE('',*,*,#2633,.F.);
#3476=ORIENTED_EDGE('',*,*,#2638,.T.);
#3477=ORIENTED_EDGE('',*,*,#2621,.F.);
#3478=ORIENTED_EDGE('',*,*,#2634,.F.);
#3479=ORIENTED_EDGE('',*,*,#2622,.F.);
#3480=ORIENTED_EDGE('',*,*,#2569,.T.);
#3481=ORIENTED_EDGE('',*,*,#2573,.T.);
#3482=ORIENTED_EDGE('',*,*,#2574,.F.);
#3483=ORIENTED_EDGE('',*,*,#2608,.F.);
#3484=ORIENTED_EDGE('',*,*,#2632,.F.);
#3485=ORIENTED_EDGE('',*,*,#2630,.F.);
#3486=ORIENTED_EDGE('',*,*,#2629,.F.);
#3487=ORIENTED_EDGE('',*,*,#2639,.F.);
#3488=ORIENTED_EDGE('',*,*,#2638,.F.);
#3489=ORIENTED_EDGE('',*,*,#2639,.T.);
#3490=ORIENTED_EDGE('',*,*,#2637,.F.);
#3491=ORIENTED_EDGE('',*,*,#2618,.T.);
#3492=ORIENTED_EDGE('',*,*,#2614,.T.);
#3493=ORIENTED_EDGE('',*,*,#2640,.T.);
#3494=ORIENTED_EDGE('',*,*,#2620,.F.);
#3495=ORIENTED_EDGE('',*,*,#2577,.T.);
#3496=ORIENTED_EDGE('',*,*,#2641,.T.);
#3497=ORIENTED_EDGE('',*,*,#2610,.T.);
#3498=ORIENTED_EDGE('',*,*,#2642,.T.);
#3499=ORIENTED_EDGE('',*,*,#2643,.T.);
#3500=ORIENTED_EDGE('',*,*,#2644,.T.);
#3501=ORIENTED_EDGE('',*,*,#2603,.T.);
#3502=ORIENTED_EDGE('',*,*,#2645,.T.);
#3503=ORIENTED_EDGE('',*,*,#2586,.T.);
#3504=ORIENTED_EDGE('',*,*,#2588,.F.);
#3505=ORIENTED_EDGE('',*,*,#2604,.T.);
#3506=ORIENTED_EDGE('',*,*,#2644,.F.);
#3507=ORIENTED_EDGE('',*,*,#2642,.F.);
#3508=ORIENTED_EDGE('',*,*,#2612,.T.);
#3509=ORIENTED_EDGE('',*,*,#2640,.F.);
#3510=ORIENTED_EDGE('',*,*,#2592,.F.);
#3511=ORIENTED_EDGE('',*,*,#2570,.T.);
#3512=ORIENTED_EDGE('',*,*,#2567,.F.);
#3513=ORIENTED_EDGE('',*,*,#2599,.F.);
#3514=ORIENTED_EDGE('',*,*,#2594,.F.);
#3515=ORIENTED_EDGE('',*,*,#2641,.F.);
#3516=ORIENTED_EDGE('',*,*,#2582,.T.);
#3517=ORIENTED_EDGE('',*,*,#2587,.T.);
#3518=ORIENTED_EDGE('',*,*,#2645,.F.);
#3519=ORIENTED_EDGE('',*,*,#2643,.F.);
#3520=ORIENTED_EDGE('',*,*,#2626,.F.);
#3521=ORIENTED_EDGE('',*,*,#2583,.T.);
#3522=ORIENTED_EDGE('',*,*,#2580,.F.);
#3523=ORIENTED_EDGE('',*,*,#2636,.F.);
#3524=ORIENTED_EDGE('',*,*,#2627,.F.);
#3525=ORIENTED_EDGE('',*,*,#2646,.T.);
#3526=ORIENTED_EDGE('',*,*,#2647,.T.);
#3527=ORIENTED_EDGE('',*,*,#2648,.T.);
#3528=ORIENTED_EDGE('',*,*,#2646,.F.);
#3529=ORIENTED_EDGE('',*,*,#2649,.T.);
#3530=ORIENTED_EDGE('',*,*,#2650,.F.);
#3531=ORIENTED_EDGE('',*,*,#2651,.F.);
#3532=ORIENTED_EDGE('',*,*,#2652,.T.);
#3533=ORIENTED_EDGE('',*,*,#2647,.F.);
#3534=ORIENTED_EDGE('',*,*,#2648,.F.);
#3535=ORIENTED_EDGE('',*,*,#2652,.F.);
#3536=ORIENTED_EDGE('',*,*,#2653,.T.);
#3537=ORIENTED_EDGE('',*,*,#2650,.T.);
#3538=ORIENTED_EDGE('',*,*,#2651,.T.);
#3539=ORIENTED_EDGE('',*,*,#2653,.F.);
#3540=ORIENTED_EDGE('',*,*,#2654,.T.);
#3541=ORIENTED_EDGE('',*,*,#2655,.T.);
#3542=ORIENTED_EDGE('',*,*,#2656,.T.);
#3543=ORIENTED_EDGE('',*,*,#2657,.T.);
#3544=ORIENTED_EDGE('',*,*,#2655,.F.);
#3545=ORIENTED_EDGE('',*,*,#2658,.T.);
#3546=ORIENTED_EDGE('',*,*,#2659,.F.);
#3547=ORIENTED_EDGE('',*,*,#2660,.F.);
#3548=ORIENTED_EDGE('',*,*,#2661,.T.);
#3549=ORIENTED_EDGE('',*,*,#2656,.F.);
#3550=ORIENTED_EDGE('',*,*,#2657,.F.);
#3551=ORIENTED_EDGE('',*,*,#2661,.F.);
#3552=ORIENTED_EDGE('',*,*,#2662,.T.);
#3553=ORIENTED_EDGE('',*,*,#2659,.T.);
#3554=ORIENTED_EDGE('',*,*,#2660,.T.);
#3555=ORIENTED_EDGE('',*,*,#2662,.F.);
#3556=ORIENTED_EDGE('',*,*,#2663,.T.);
#3557=ORIENTED_EDGE('',*,*,#2664,.T.);
#3558=ORIENTED_EDGE('',*,*,#2665,.T.);
#3559=ORIENTED_EDGE('',*,*,#2666,.T.);
#3560=ORIENTED_EDGE('',*,*,#2664,.F.);
#3561=ORIENTED_EDGE('',*,*,#2667,.T.);
#3562=ORIENTED_EDGE('',*,*,#2668,.F.);
#3563=ORIENTED_EDGE('',*,*,#2669,.F.);
#3564=ORIENTED_EDGE('',*,*,#2670,.T.);
#3565=ORIENTED_EDGE('',*,*,#2665,.F.);
#3566=ORIENTED_EDGE('',*,*,#2666,.F.);
#3567=ORIENTED_EDGE('',*,*,#2670,.F.);
#3568=ORIENTED_EDGE('',*,*,#2671,.T.);
#3569=ORIENTED_EDGE('',*,*,#2668,.T.);
#3570=ORIENTED_EDGE('',*,*,#2669,.T.);
#3571=ORIENTED_EDGE('',*,*,#2671,.F.);
#3572=ORIENTED_EDGE('',*,*,#2672,.T.);
#3573=ORIENTED_EDGE('',*,*,#2673,.T.);
#3574=ORIENTED_EDGE('',*,*,#2674,.T.);
#3575=ORIENTED_EDGE('',*,*,#2675,.T.);
#3576=ORIENTED_EDGE('',*,*,#2673,.F.);
#3577=ORIENTED_EDGE('',*,*,#2676,.T.);
#3578=ORIENTED_EDGE('',*,*,#2677,.F.);
#3579=ORIENTED_EDGE('',*,*,#2678,.F.);
#3580=ORIENTED_EDGE('',*,*,#2679,.T.);
#3581=ORIENTED_EDGE('',*,*,#2674,.F.);
#3582=ORIENTED_EDGE('',*,*,#2675,.F.);
#3583=ORIENTED_EDGE('',*,*,#2679,.F.);
#3584=ORIENTED_EDGE('',*,*,#2680,.T.);
#3585=ORIENTED_EDGE('',*,*,#2677,.T.);
#3586=ORIENTED_EDGE('',*,*,#2678,.T.);
#3587=ORIENTED_EDGE('',*,*,#2680,.F.);
#3588=ORIENTED_EDGE('',*,*,#2681,.T.);
#3589=ORIENTED_EDGE('',*,*,#2682,.T.);
#3590=ORIENTED_EDGE('',*,*,#2683,.T.);
#3591=ORIENTED_EDGE('',*,*,#2684,.T.);
#3592=ORIENTED_EDGE('',*,*,#2682,.F.);
#3593=ORIENTED_EDGE('',*,*,#2685,.T.);
#3594=ORIENTED_EDGE('',*,*,#2686,.F.);
#3595=ORIENTED_EDGE('',*,*,#2687,.F.);
#3596=ORIENTED_EDGE('',*,*,#2688,.T.);
#3597=ORIENTED_EDGE('',*,*,#2683,.F.);
#3598=ORIENTED_EDGE('',*,*,#2684,.F.);
#3599=ORIENTED_EDGE('',*,*,#2688,.F.);
#3600=ORIENTED_EDGE('',*,*,#2689,.T.);
#3601=ORIENTED_EDGE('',*,*,#2686,.T.);
#3602=ORIENTED_EDGE('',*,*,#2687,.T.);
#3603=ORIENTED_EDGE('',*,*,#2689,.F.);
#3604=ORIENTED_EDGE('',*,*,#2690,.T.);
#3605=ORIENTED_EDGE('',*,*,#2691,.T.);
#3606=ORIENTED_EDGE('',*,*,#2692,.T.);
#3607=ORIENTED_EDGE('',*,*,#2693,.T.);
#3608=ORIENTED_EDGE('',*,*,#2691,.F.);
#3609=ORIENTED_EDGE('',*,*,#2694,.T.);
#3610=ORIENTED_EDGE('',*,*,#2695,.F.);
#3611=ORIENTED_EDGE('',*,*,#2696,.F.);
#3612=ORIENTED_EDGE('',*,*,#2697,.T.);
#3613=ORIENTED_EDGE('',*,*,#2692,.F.);
#3614=ORIENTED_EDGE('',*,*,#2693,.F.);
#3615=ORIENTED_EDGE('',*,*,#2697,.F.);
#3616=ORIENTED_EDGE('',*,*,#2698,.T.);
#3617=ORIENTED_EDGE('',*,*,#2695,.T.);
#3618=ORIENTED_EDGE('',*,*,#2696,.T.);
#3619=ORIENTED_EDGE('',*,*,#2698,.F.);
#3620=ORIENTED_EDGE('',*,*,#2699,.T.);
#3621=ORIENTED_EDGE('',*,*,#2700,.T.);
#3622=ORIENTED_EDGE('',*,*,#2701,.T.);
#3623=ORIENTED_EDGE('',*,*,#2702,.T.);
#3624=ORIENTED_EDGE('',*,*,#2700,.F.);
#3625=ORIENTED_EDGE('',*,*,#2703,.T.);
#3626=ORIENTED_EDGE('',*,*,#2704,.F.);
#3627=ORIENTED_EDGE('',*,*,#2705,.F.);
#3628=ORIENTED_EDGE('',*,*,#2706,.T.);
#3629=ORIENTED_EDGE('',*,*,#2701,.F.);
#3630=ORIENTED_EDGE('',*,*,#2702,.F.);
#3631=ORIENTED_EDGE('',*,*,#2706,.F.);
#3632=ORIENTED_EDGE('',*,*,#2707,.T.);
#3633=ORIENTED_EDGE('',*,*,#2704,.T.);
#3634=ORIENTED_EDGE('',*,*,#2705,.T.);
#3635=ORIENTED_EDGE('',*,*,#2707,.F.);
#3636=ORIENTED_EDGE('',*,*,#2708,.T.);
#3637=ORIENTED_EDGE('',*,*,#2709,.F.);
#3638=ORIENTED_EDGE('',*,*,#2710,.T.);
#3639=ORIENTED_EDGE('',*,*,#2711,.T.);
#3640=ORIENTED_EDGE('',*,*,#2712,.T.);
#3641=ORIENTED_EDGE('',*,*,#2713,.F.);
#3642=ORIENTED_EDGE('',*,*,#2714,.F.);
#3643=ORIENTED_EDGE('',*,*,#2715,.T.);
#3644=ORIENTED_EDGE('',*,*,#2716,.F.);
#3645=ORIENTED_EDGE('',*,*,#2717,.F.);
#3646=ORIENTED_EDGE('',*,*,#2718,.F.);
#3647=ORIENTED_EDGE('',*,*,#2719,.T.);
#3648=ORIENTED_EDGE('',*,*,#2720,.T.);
#3649=ORIENTED_EDGE('',*,*,#2721,.T.);
#3650=ORIENTED_EDGE('',*,*,#2722,.T.);
#3651=ORIENTED_EDGE('',*,*,#2723,.F.);
#3652=ORIENTED_EDGE('',*,*,#2724,.F.);
#3653=ORIENTED_EDGE('',*,*,#2725,.T.);
#3654=ORIENTED_EDGE('',*,*,#2726,.T.);
#3655=ORIENTED_EDGE('',*,*,#2727,.F.);
#3656=ORIENTED_EDGE('',*,*,#2728,.F.);
#3657=ORIENTED_EDGE('',*,*,#2729,.T.);
#3658=ORIENTED_EDGE('',*,*,#2730,.T.);
#3659=ORIENTED_EDGE('',*,*,#2731,.T.);
#3660=ORIENTED_EDGE('',*,*,#2732,.F.);
#3661=ORIENTED_EDGE('',*,*,#2733,.F.);
#3662=ORIENTED_EDGE('',*,*,#2734,.F.);
#3663=ORIENTED_EDGE('',*,*,#2735,.F.);
#3664=ORIENTED_EDGE('',*,*,#2736,.F.);
#3665=ORIENTED_EDGE('',*,*,#2737,.T.);
#3666=ORIENTED_EDGE('',*,*,#2738,.F.);
#3667=ORIENTED_EDGE('',*,*,#2739,.T.);
#3668=ORIENTED_EDGE('',*,*,#2740,.T.);
#3669=ORIENTED_EDGE('',*,*,#2741,.T.);
#3670=ORIENTED_EDGE('',*,*,#2727,.T.);
#3671=ORIENTED_EDGE('',*,*,#2742,.T.);
#3672=ORIENTED_EDGE('',*,*,#2743,.T.);
#3673=ORIENTED_EDGE('',*,*,#2744,.T.);
#3674=ORIENTED_EDGE('',*,*,#2723,.T.);
#3675=ORIENTED_EDGE('',*,*,#2745,.F.);
#3676=ORIENTED_EDGE('',*,*,#2746,.F.);
#3677=ORIENTED_EDGE('',*,*,#2736,.T.);
#3678=ORIENTED_EDGE('',*,*,#2747,.T.);
#3679=ORIENTED_EDGE('',*,*,#2711,.F.);
#3680=ORIENTED_EDGE('',*,*,#2748,.F.);
#3681=ORIENTED_EDGE('',*,*,#2732,.T.);
#3682=ORIENTED_EDGE('',*,*,#2749,.T.);
#3683=ORIENTED_EDGE('',*,*,#2720,.F.);
#3684=ORIENTED_EDGE('',*,*,#2750,.F.);
#3685=ORIENTED_EDGE('',*,*,#2722,.F.);
#3686=ORIENTED_EDGE('',*,*,#2751,.T.);
#3687=ORIENTED_EDGE('',*,*,#2746,.T.);
#3688=ORIENTED_EDGE('',*,*,#2751,.F.);
#3689=ORIENTED_EDGE('',*,*,#2715,.F.);
#3690=ORIENTED_EDGE('',*,*,#2752,.T.);
#3691=ORIENTED_EDGE('',*,*,#2745,.T.);
#3692=ORIENTED_EDGE('',*,*,#2752,.F.);
#3693=ORIENTED_EDGE('',*,*,#2753,.T.);
#3694=ORIENTED_EDGE('',*,*,#2754,.T.);
#3695=ORIENTED_EDGE('',*,*,#2755,.T.);
#3696=ORIENTED_EDGE('',*,*,#2740,.F.);
#3697=ORIENTED_EDGE('',*,*,#2756,.T.);
#3698=ORIENTED_EDGE('',*,*,#2757,.T.);
#3699=ORIENTED_EDGE('',*,*,#2758,.T.);
#3700=ORIENTED_EDGE('',*,*,#2759,.T.);
#3701=ORIENTED_EDGE('',*,*,#2758,.F.);
#3702=ORIENTED_EDGE('',*,*,#2760,.T.);
#3703=ORIENTED_EDGE('',*,*,#2761,.T.);
#3704=ORIENTED_EDGE('',*,*,#2743,.F.);
#3705=ORIENTED_EDGE('',*,*,#2762,.F.);
#3706=ORIENTED_EDGE('',*,*,#2753,.F.);
#3707=ORIENTED_EDGE('',*,*,#2742,.F.);
#3708=ORIENTED_EDGE('',*,*,#2730,.F.);
#3709=ORIENTED_EDGE('',*,*,#2754,.F.);
#3710=ORIENTED_EDGE('',*,*,#2762,.T.);
#3711=ORIENTED_EDGE('',*,*,#2729,.F.);
#3712=ORIENTED_EDGE('',*,*,#2763,.F.);
#3713=ORIENTED_EDGE('',*,*,#2764,.F.);
#3714=ORIENTED_EDGE('',*,*,#2760,.F.);
#3715=ORIENTED_EDGE('',*,*,#2757,.F.);
#3716=ORIENTED_EDGE('',*,*,#2765,.T.);
#3717=ORIENTED_EDGE('',*,*,#2725,.F.);
#3718=ORIENTED_EDGE('',*,*,#2764,.T.);
#3719=ORIENTED_EDGE('',*,*,#2724,.T.);
#3720=ORIENTED_EDGE('',*,*,#2744,.F.);
#3721=ORIENTED_EDGE('',*,*,#2761,.F.);
#3722=ORIENTED_EDGE('',*,*,#2765,.F.);
#3723=ORIENTED_EDGE('',*,*,#2756,.F.);
#3724=ORIENTED_EDGE('',*,*,#2739,.F.);
#3725=ORIENTED_EDGE('',*,*,#2726,.F.);
#3726=ORIENTED_EDGE('',*,*,#2763,.T.);
#3727=ORIENTED_EDGE('',*,*,#2728,.T.);
#3728=ORIENTED_EDGE('',*,*,#2741,.F.);
#3729=ORIENTED_EDGE('',*,*,#2755,.F.);
#3730=ORIENTED_EDGE('',*,*,#2759,.F.);
#3731=ORIENTED_EDGE('',*,*,#2766,.T.);
#3732=ORIENTED_EDGE('',*,*,#2767,.F.);
#3733=ORIENTED_EDGE('',*,*,#2721,.F.);
#3734=ORIENTED_EDGE('',*,*,#2749,.F.);
#3735=ORIENTED_EDGE('',*,*,#2731,.F.);
#3736=ORIENTED_EDGE('',*,*,#2768,.F.);
#3737=ORIENTED_EDGE('',*,*,#2769,.F.);
#3738=ORIENTED_EDGE('',*,*,#2737,.F.);
#3739=ORIENTED_EDGE('',*,*,#2748,.T.);
#3740=ORIENTED_EDGE('',*,*,#2710,.F.);
#3741=ORIENTED_EDGE('',*,*,#2718,.T.);
#3742=ORIENTED_EDGE('',*,*,#2770,.T.);
#3743=ORIENTED_EDGE('',*,*,#2771,.T.);
#3744=ORIENTED_EDGE('',*,*,#2772,.T.);
#3745=ORIENTED_EDGE('',*,*,#2770,.F.);
#3746=ORIENTED_EDGE('',*,*,#2717,.T.);
#3747=ORIENTED_EDGE('',*,*,#2773,.F.);
#3748=ORIENTED_EDGE('',*,*,#2774,.T.);
#3749=ORIENTED_EDGE('',*,*,#2713,.T.);
#3750=ORIENTED_EDGE('',*,*,#2775,.T.);
#3751=ORIENTED_EDGE('',*,*,#2776,.T.);
#3752=ORIENTED_EDGE('',*,*,#2777,.T.);
#3753=ORIENTED_EDGE('',*,*,#2778,.T.);
#3754=ORIENTED_EDGE('',*,*,#2775,.F.);
#3755=ORIENTED_EDGE('',*,*,#2712,.F.);
#3756=ORIENTED_EDGE('',*,*,#2747,.F.);
#3757=ORIENTED_EDGE('',*,*,#2735,.T.);
#3758=ORIENTED_EDGE('',*,*,#2709,.T.);
#3759=ORIENTED_EDGE('',*,*,#2779,.T.);
#3760=ORIENTED_EDGE('',*,*,#2780,.T.);
#3761=ORIENTED_EDGE('',*,*,#2768,.T.);
#3762=ORIENTED_EDGE('',*,*,#2777,.F.);
#3763=ORIENTED_EDGE('',*,*,#2781,.T.);
#3764=ORIENTED_EDGE('',*,*,#2782,.T.);
#3765=ORIENTED_EDGE('',*,*,#2779,.F.);
#3766=ORIENTED_EDGE('',*,*,#2714,.T.);
#3767=ORIENTED_EDGE('',*,*,#2716,.T.);
#3768=ORIENTED_EDGE('',*,*,#2767,.T.);
#3769=ORIENTED_EDGE('',*,*,#2783,.T.);
#3770=ORIENTED_EDGE('',*,*,#2773,.T.);
#3771=ORIENTED_EDGE('',*,*,#2784,.F.);
#3772=ORIENTED_EDGE('',*,*,#2785,.T.);
#3773=ORIENTED_EDGE('',*,*,#2786,.F.);
#3774=ORIENTED_EDGE('',*,*,#2787,.F.);
#3775=ORIENTED_EDGE('',*,*,#2788,.F.);
#3776=ORIENTED_EDGE('',*,*,#2789,.F.);
#3777=ORIENTED_EDGE('',*,*,#2790,.F.);
#3778=ORIENTED_EDGE('',*,*,#2791,.F.);
#3779=ORIENTED_EDGE('',*,*,#2792,.F.);
#3780=ORIENTED_EDGE('',*,*,#2793,.F.);
#3781=ORIENTED_EDGE('',*,*,#2794,.T.);
#3782=ORIENTED_EDGE('',*,*,#2781,.F.);
#3783=ORIENTED_EDGE('',*,*,#2776,.F.);
#3784=ORIENTED_EDGE('',*,*,#2778,.F.);
#3785=ORIENTED_EDGE('',*,*,#2734,.T.);
#3786=ORIENTED_EDGE('',*,*,#2795,.T.);
#3787=ORIENTED_EDGE('',*,*,#2771,.F.);
#3788=ORIENTED_EDGE('',*,*,#2774,.F.);
#3789=ORIENTED_EDGE('',*,*,#2783,.F.);
#3790=ORIENTED_EDGE('',*,*,#2766,.F.);
#3791=ORIENTED_EDGE('',*,*,#2738,.T.);
#3792=ORIENTED_EDGE('',*,*,#2769,.T.);
#3793=ORIENTED_EDGE('',*,*,#2780,.F.);
#3794=ORIENTED_EDGE('',*,*,#2782,.F.);
#3795=ORIENTED_EDGE('',*,*,#2794,.F.);
#3796=ORIENTED_EDGE('',*,*,#2772,.F.);
#3797=ORIENTED_EDGE('',*,*,#2795,.F.);
#3798=ORIENTED_EDGE('',*,*,#2733,.T.);
#3799=ORIENTED_EDGE('',*,*,#2750,.T.);
#3800=ORIENTED_EDGE('',*,*,#2719,.F.);
#3801=ORIENTED_EDGE('',*,*,#2796,.T.);
#3802=ORIENTED_EDGE('',*,*,#2797,.T.);
#3803=ORIENTED_EDGE('',*,*,#2798,.T.);
#3804=ORIENTED_EDGE('',*,*,#2796,.F.);
#3805=ORIENTED_EDGE('',*,*,#2799,.T.);
#3806=ORIENTED_EDGE('',*,*,#2800,.F.);
#3807=ORIENTED_EDGE('',*,*,#2801,.F.);
#3808=ORIENTED_EDGE('',*,*,#2802,.T.);
#3809=ORIENTED_EDGE('',*,*,#2797,.F.);
#3810=ORIENTED_EDGE('',*,*,#2798,.F.);
#3811=ORIENTED_EDGE('',*,*,#2802,.F.);
#3812=ORIENTED_EDGE('',*,*,#2803,.T.);
#3813=ORIENTED_EDGE('',*,*,#2649,.F.);
#3814=ORIENTED_EDGE('',*,*,#2676,.F.);
#3815=ORIENTED_EDGE('',*,*,#2658,.F.);
#3816=ORIENTED_EDGE('',*,*,#2667,.F.);
#3817=ORIENTED_EDGE('',*,*,#2694,.F.);
#3818=ORIENTED_EDGE('',*,*,#2685,.F.);
#3819=ORIENTED_EDGE('',*,*,#2703,.F.);
#3820=ORIENTED_EDGE('',*,*,#2804,.F.);
#3821=ORIENTED_EDGE('',*,*,#2799,.F.);
#3822=ORIENTED_EDGE('',*,*,#2805,.T.);
#3823=ORIENTED_EDGE('',*,*,#2800,.T.);
#3824=ORIENTED_EDGE('',*,*,#2801,.T.);
#3825=ORIENTED_EDGE('',*,*,#2805,.F.);
#3826=ORIENTED_EDGE('',*,*,#2806,.T.);
#3827=ORIENTED_EDGE('',*,*,#2807,.F.);
#3828=ORIENTED_EDGE('',*,*,#2808,.T.);
#3829=ORIENTED_EDGE('',*,*,#2654,.F.);
#3830=ORIENTED_EDGE('',*,*,#2681,.F.);
#3831=ORIENTED_EDGE('',*,*,#2663,.F.);
#3832=ORIENTED_EDGE('',*,*,#2672,.F.);
#3833=ORIENTED_EDGE('',*,*,#2699,.F.);
#3834=ORIENTED_EDGE('',*,*,#2690,.F.);
#3835=ORIENTED_EDGE('',*,*,#2708,.F.);
#3836=ORIENTED_EDGE('',*,*,#2806,.F.);
#3837=ORIENTED_EDGE('',*,*,#2808,.F.);
#3838=ORIENTED_EDGE('',*,*,#2809,.T.);
#3839=ORIENTED_EDGE('',*,*,#2616,.T.);
#3840=ORIENTED_EDGE('',*,*,#2617,.T.);
#3841=ORIENTED_EDGE('',*,*,#2809,.F.);
#3842=ORIENTED_EDGE('',*,*,#2803,.F.);
#3843=ORIENTED_EDGE('',*,*,#2810,.T.);
#3844=ORIENTED_EDGE('',*,*,#2807,.T.);
#3845=ORIENTED_EDGE('',*,*,#2810,.F.);
#3846=ORIENTED_EDGE('',*,*,#2784,.T.);
#3847=ORIENTED_EDGE('',*,*,#2793,.T.);
#3848=ORIENTED_EDGE('',*,*,#2792,.T.);
#3849=ORIENTED_EDGE('',*,*,#2791,.T.);
#3850=ORIENTED_EDGE('',*,*,#2790,.T.);
#3851=ORIENTED_EDGE('',*,*,#2811,.T.);
#3852=ORIENTED_EDGE('',*,*,#2804,.T.);
#3853=ORIENTED_EDGE('',*,*,#2811,.F.);
#3854=ORIENTED_EDGE('',*,*,#2789,.T.);
#3855=ORIENTED_EDGE('',*,*,#2788,.T.);
#3856=ORIENTED_EDGE('',*,*,#2787,.T.);
#3857=ORIENTED_EDGE('',*,*,#2786,.T.);
#3858=ORIENTED_EDGE('',*,*,#2785,.F.);
#3859=ORIENTED_EDGE('',*,*,#2812,.T.);
#3860=ORIENTED_EDGE('',*,*,#2813,.T.);
#3861=ORIENTED_EDGE('',*,*,#2814,.T.);
#3862=ORIENTED_EDGE('',*,*,#2815,.F.);
#3863=ORIENTED_EDGE('',*,*,#2816,.T.);
#3864=ORIENTED_EDGE('',*,*,#2817,.T.);
#3865=ORIENTED_EDGE('',*,*,#2818,.T.);
#3866=ORIENTED_EDGE('',*,*,#2813,.F.);
#3867=ORIENTED_EDGE('',*,*,#2819,.T.);
#3868=ORIENTED_EDGE('',*,*,#2820,.T.);
#3869=ORIENTED_EDGE('',*,*,#2821,.T.);
#3870=ORIENTED_EDGE('',*,*,#2822,.T.);
#3871=ORIENTED_EDGE('',*,*,#2823,.T.);
#3872=ORIENTED_EDGE('',*,*,#2824,.T.);
#3873=ORIENTED_EDGE('',*,*,#2825,.T.);
#3874=ORIENTED_EDGE('',*,*,#2820,.F.);
#3875=ORIENTED_EDGE('',*,*,#2826,.T.);
#3876=ORIENTED_EDGE('',*,*,#2824,.F.);
#3877=ORIENTED_EDGE('',*,*,#2827,.T.);
#3878=ORIENTED_EDGE('',*,*,#2817,.F.);
#3879=ORIENTED_EDGE('',*,*,#2828,.T.);
#3880=ORIENTED_EDGE('',*,*,#2822,.F.);
#3881=ORIENTED_EDGE('',*,*,#2829,.T.);
#3882=ORIENTED_EDGE('',*,*,#2830,.T.);
#3883=ORIENTED_EDGE('',*,*,#2831,.T.);
#3884=ORIENTED_EDGE('',*,*,#2830,.F.);
#3885=ORIENTED_EDGE('',*,*,#2832,.T.);
#3886=ORIENTED_EDGE('',*,*,#2833,.T.);
#3887=ORIENTED_EDGE('',*,*,#2834,.T.);
#3888=ORIENTED_EDGE('',*,*,#2833,.F.);
#3889=ORIENTED_EDGE('',*,*,#2835,.T.);
#3890=ORIENTED_EDGE('',*,*,#2815,.T.);
#3891=ORIENTED_EDGE('',*,*,#2835,.F.);
#3892=ORIENTED_EDGE('',*,*,#2836,.F.);
#3893=ORIENTED_EDGE('',*,*,#2837,.F.);
#3894=ORIENTED_EDGE('',*,*,#2838,.F.);
#3895=ORIENTED_EDGE('',*,*,#2839,.F.);
#3896=ORIENTED_EDGE('',*,*,#2832,.F.);
#3897=ORIENTED_EDGE('',*,*,#2840,.T.);
#3898=ORIENTED_EDGE('',*,*,#2841,.F.);
#3899=ORIENTED_EDGE('',*,*,#2836,.T.);
#3900=ORIENTED_EDGE('',*,*,#2829,.F.);
#3901=ORIENTED_EDGE('',*,*,#2842,.F.);
#3902=ORIENTED_EDGE('',*,*,#2843,.F.);
#3903=ORIENTED_EDGE('',*,*,#2840,.F.);
#3904=ORIENTED_EDGE('',*,*,#2844,.F.);
#3905=ORIENTED_EDGE('',*,*,#2821,.F.);
#3906=ORIENTED_EDGE('',*,*,#2845,.T.);
#3907=ORIENTED_EDGE('',*,*,#2846,.F.);
#3908=ORIENTED_EDGE('',*,*,#2842,.T.);
#3909=ORIENTED_EDGE('',*,*,#2819,.F.);
#3910=ORIENTED_EDGE('',*,*,#2828,.F.);
#3911=ORIENTED_EDGE('',*,*,#2831,.F.);
#3912=ORIENTED_EDGE('',*,*,#2834,.F.);
#3913=ORIENTED_EDGE('',*,*,#2814,.F.);
#3914=ORIENTED_EDGE('',*,*,#2818,.F.);
#3915=ORIENTED_EDGE('',*,*,#2827,.F.);
#3916=ORIENTED_EDGE('',*,*,#2823,.F.);
#3917=ORIENTED_EDGE('',*,*,#2847,.F.);
#3918=ORIENTED_EDGE('',*,*,#2848,.F.);
#3919=ORIENTED_EDGE('',*,*,#2849,.F.);
#3920=ORIENTED_EDGE('',*,*,#2850,.F.);
#3921=ORIENTED_EDGE('',*,*,#2851,.T.);
#3922=ORIENTED_EDGE('',*,*,#2852,.T.);
#3923=ORIENTED_EDGE('',*,*,#2853,.F.);
#3924=ORIENTED_EDGE('',*,*,#2854,.F.);
#3925=ORIENTED_EDGE('',*,*,#2855,.F.);
#3926=ORIENTED_EDGE('',*,*,#2846,.T.);
#3927=ORIENTED_EDGE('',*,*,#2856,.T.);
#3928=ORIENTED_EDGE('',*,*,#2857,.T.);
#3929=ORIENTED_EDGE('',*,*,#2858,.F.);
#3930=ORIENTED_EDGE('',*,*,#2859,.T.);
#3931=ORIENTED_EDGE('',*,*,#2860,.T.);
#3932=ORIENTED_EDGE('',*,*,#2861,.T.);
#3933=ORIENTED_EDGE('',*,*,#2862,.T.);
#3934=ORIENTED_EDGE('',*,*,#2863,.T.);
#3935=ORIENTED_EDGE('',*,*,#2864,.T.);
#3936=ORIENTED_EDGE('',*,*,#2865,.T.);
#3937=ORIENTED_EDGE('',*,*,#2860,.F.);
#3938=ORIENTED_EDGE('',*,*,#2866,.T.);
#3939=ORIENTED_EDGE('',*,*,#2867,.T.);
#3940=ORIENTED_EDGE('',*,*,#2868,.T.);
#3941=ORIENTED_EDGE('',*,*,#2864,.F.);
#3942=ORIENTED_EDGE('',*,*,#2869,.T.);
#3943=ORIENTED_EDGE('',*,*,#2867,.F.);
#3944=ORIENTED_EDGE('',*,*,#2837,.T.);
#3945=ORIENTED_EDGE('',*,*,#2870,.T.);
#3946=ORIENTED_EDGE('',*,*,#2871,.T.);
#3947=ORIENTED_EDGE('',*,*,#2870,.F.);
#3948=ORIENTED_EDGE('',*,*,#2841,.T.);
#3949=ORIENTED_EDGE('',*,*,#2872,.T.);
#3950=ORIENTED_EDGE('',*,*,#2873,.T.);
#3951=ORIENTED_EDGE('',*,*,#2872,.F.);
#3952=ORIENTED_EDGE('',*,*,#2843,.T.);
#3953=ORIENTED_EDGE('',*,*,#2858,.T.);
#3954=ORIENTED_EDGE('',*,*,#2874,.T.);
#3955=ORIENTED_EDGE('',*,*,#2862,.F.);
#3956=ORIENTED_EDGE('',*,*,#2875,.T.);
#3957=ORIENTED_EDGE('',*,*,#2856,.F.);
#3958=ORIENTED_EDGE('',*,*,#2812,.F.);
#3959=ORIENTED_EDGE('',*,*,#2838,.T.);
#3960=ORIENTED_EDGE('',*,*,#2866,.F.);
#3961=ORIENTED_EDGE('',*,*,#2876,.T.);
#3962=ORIENTED_EDGE('',*,*,#2816,.F.);
#3963=ORIENTED_EDGE('',*,*,#2876,.F.);
#3964=ORIENTED_EDGE('',*,*,#2863,.F.);
#3965=ORIENTED_EDGE('',*,*,#2877,.F.);
#3966=ORIENTED_EDGE('',*,*,#2878,.F.);
#3967=ORIENTED_EDGE('',*,*,#2826,.F.);
#3968=ORIENTED_EDGE('',*,*,#2877,.T.);
#3969=ORIENTED_EDGE('',*,*,#2859,.F.);
#3970=ORIENTED_EDGE('',*,*,#2879,.T.);
#3971=ORIENTED_EDGE('',*,*,#2861,.F.);
#3972=ORIENTED_EDGE('',*,*,#2865,.F.);
#3973=ORIENTED_EDGE('',*,*,#2868,.F.);
#3974=ORIENTED_EDGE('',*,*,#2869,.F.);
#3975=ORIENTED_EDGE('',*,*,#2871,.F.);
#3976=ORIENTED_EDGE('',*,*,#2873,.F.);
#3977=ORIENTED_EDGE('',*,*,#2857,.F.);
#3978=ORIENTED_EDGE('',*,*,#2875,.F.);
#3979=ORIENTED_EDGE('',*,*,#2880,.F.);
#3980=ORIENTED_EDGE('',*,*,#2881,.F.);
#3981=ORIENTED_EDGE('',*,*,#2882,.F.);
#3982=ORIENTED_EDGE('',*,*,#2883,.F.);
#3983=ORIENTED_EDGE('',*,*,#2884,.T.);
#3984=ORIENTED_EDGE('',*,*,#2885,.T.);
#3985=ORIENTED_EDGE('',*,*,#2886,.F.);
#3986=ORIENTED_EDGE('',*,*,#2887,.F.);
#3987=ORIENTED_EDGE('',*,*,#2888,.F.);
#3988=ORIENTED_EDGE('',*,*,#2880,.T.);
#3989=ORIENTED_EDGE('',*,*,#2889,.T.);
#3990=ORIENTED_EDGE('',*,*,#2890,.T.);
#3991=ORIENTED_EDGE('',*,*,#2889,.F.);
#3992=ORIENTED_EDGE('',*,*,#2890,.F.);
#3993=ORIENTED_EDGE('',*,*,#2891,.T.);
#3994=ORIENTED_EDGE('',*,*,#2892,.F.);
#3995=ORIENTED_EDGE('',*,*,#2893,.F.);
#3996=ORIENTED_EDGE('',*,*,#2894,.F.);
#3997=ORIENTED_EDGE('',*,*,#2895,.T.);
#3998=ORIENTED_EDGE('',*,*,#2896,.F.);
#3999=ORIENTED_EDGE('',*,*,#2895,.F.);
#4000=ORIENTED_EDGE('',*,*,#2897,.F.);
#4001=ORIENTED_EDGE('',*,*,#2898,.F.);
#4002=ORIENTED_EDGE('',*,*,#2891,.F.);
#4003=ORIENTED_EDGE('',*,*,#2888,.T.);
#4004=ORIENTED_EDGE('',*,*,#2899,.T.);
#4005=ORIENTED_EDGE('',*,*,#2900,.T.);
#4006=ORIENTED_EDGE('',*,*,#2899,.F.);
#4007=ORIENTED_EDGE('',*,*,#2900,.F.);
#4008=ORIENTED_EDGE('',*,*,#2901,.T.);
#4009=ORIENTED_EDGE('',*,*,#2902,.F.);
#4010=ORIENTED_EDGE('',*,*,#2903,.F.);
#4011=ORIENTED_EDGE('',*,*,#2904,.F.);
#4012=ORIENTED_EDGE('',*,*,#2905,.T.);
#4013=ORIENTED_EDGE('',*,*,#2906,.F.);
#4014=ORIENTED_EDGE('',*,*,#2905,.F.);
#4015=ORIENTED_EDGE('',*,*,#2907,.F.);
#4016=ORIENTED_EDGE('',*,*,#2908,.F.);
#4017=ORIENTED_EDGE('',*,*,#2901,.F.);
#4018=ORIENTED_EDGE('',*,*,#2881,.T.);
#4019=ORIENTED_EDGE('',*,*,#2909,.T.);
#4020=ORIENTED_EDGE('',*,*,#2910,.T.);
#4021=ORIENTED_EDGE('',*,*,#2909,.F.);
#4022=ORIENTED_EDGE('',*,*,#2910,.F.);
#4023=ORIENTED_EDGE('',*,*,#2911,.T.);
#4024=ORIENTED_EDGE('',*,*,#2912,.F.);
#4025=ORIENTED_EDGE('',*,*,#2913,.F.);
#4026=ORIENTED_EDGE('',*,*,#2914,.F.);
#4027=ORIENTED_EDGE('',*,*,#2915,.T.);
#4028=ORIENTED_EDGE('',*,*,#2916,.F.);
#4029=ORIENTED_EDGE('',*,*,#2915,.F.);
#4030=ORIENTED_EDGE('',*,*,#2917,.F.);
#4031=ORIENTED_EDGE('',*,*,#2918,.F.);
#4032=ORIENTED_EDGE('',*,*,#2911,.F.);
#4033=ORIENTED_EDGE('',*,*,#2887,.T.);
#4034=ORIENTED_EDGE('',*,*,#2919,.T.);
#4035=ORIENTED_EDGE('',*,*,#2920,.T.);
#4036=ORIENTED_EDGE('',*,*,#2919,.F.);
#4037=ORIENTED_EDGE('',*,*,#2920,.F.);
#4038=ORIENTED_EDGE('',*,*,#2921,.T.);
#4039=ORIENTED_EDGE('',*,*,#2922,.F.);
#4040=ORIENTED_EDGE('',*,*,#2923,.F.);
#4041=ORIENTED_EDGE('',*,*,#2924,.F.);
#4042=ORIENTED_EDGE('',*,*,#2925,.T.);
#4043=ORIENTED_EDGE('',*,*,#2926,.F.);
#4044=ORIENTED_EDGE('',*,*,#2925,.F.);
#4045=ORIENTED_EDGE('',*,*,#2927,.F.);
#4046=ORIENTED_EDGE('',*,*,#2928,.F.);
#4047=ORIENTED_EDGE('',*,*,#2921,.F.);
#4048=ORIENTED_EDGE('',*,*,#2847,.T.);
#4049=ORIENTED_EDGE('',*,*,#2929,.T.);
#4050=ORIENTED_EDGE('',*,*,#2916,.T.);
#4051=ORIENTED_EDGE('',*,*,#2929,.F.);
#4052=ORIENTED_EDGE('',*,*,#2855,.T.);
#4053=ORIENTED_EDGE('',*,*,#2930,.T.);
#4054=ORIENTED_EDGE('',*,*,#2906,.T.);
#4055=ORIENTED_EDGE('',*,*,#2930,.F.);
#4056=ORIENTED_EDGE('',*,*,#2848,.T.);
#4057=ORIENTED_EDGE('',*,*,#2931,.T.);
#4058=ORIENTED_EDGE('',*,*,#2896,.T.);
#4059=ORIENTED_EDGE('',*,*,#2931,.F.);
#4060=ORIENTED_EDGE('',*,*,#2854,.T.);
#4061=ORIENTED_EDGE('',*,*,#2932,.T.);
#4062=ORIENTED_EDGE('',*,*,#2926,.T.);
#4063=ORIENTED_EDGE('',*,*,#2932,.F.);
#4064=ORIENTED_EDGE('',*,*,#2849,.T.);
#4065=ORIENTED_EDGE('',*,*,#2933,.T.);
#4066=ORIENTED_EDGE('',*,*,#2934,.T.);
#4067=ORIENTED_EDGE('',*,*,#2933,.F.);
#4068=ORIENTED_EDGE('',*,*,#2935,.F.);
#4069=ORIENTED_EDGE('',*,*,#2936,.T.);
#4070=ORIENTED_EDGE('',*,*,#2934,.F.);
#4071=ORIENTED_EDGE('',*,*,#2936,.F.);
#4072=ORIENTED_EDGE('',*,*,#2853,.T.);
#4073=ORIENTED_EDGE('',*,*,#2937,.T.);
#4074=ORIENTED_EDGE('',*,*,#2938,.T.);
#4075=ORIENTED_EDGE('',*,*,#2937,.F.);
#4076=ORIENTED_EDGE('',*,*,#2939,.F.);
#4077=ORIENTED_EDGE('',*,*,#2940,.T.);
#4078=ORIENTED_EDGE('',*,*,#2938,.F.);
#4079=ORIENTED_EDGE('',*,*,#2940,.F.);
#4080=ORIENTED_EDGE('',*,*,#2882,.T.);
#4081=ORIENTED_EDGE('',*,*,#2941,.T.);
#4082=ORIENTED_EDGE('',*,*,#2939,.T.);
#4083=ORIENTED_EDGE('',*,*,#2941,.F.);
#4084=ORIENTED_EDGE('',*,*,#2886,.T.);
#4085=ORIENTED_EDGE('',*,*,#2942,.T.);
#4086=ORIENTED_EDGE('',*,*,#2935,.T.);
#4087=ORIENTED_EDGE('',*,*,#2942,.F.);
#4088=ORIENTED_EDGE('',*,*,#2850,.T.);
#4089=ORIENTED_EDGE('',*,*,#2943,.T.);
#4090=ORIENTED_EDGE('',*,*,#2944,.T.);
#4091=ORIENTED_EDGE('',*,*,#2945,.T.);
#4092=ORIENTED_EDGE('',*,*,#2943,.F.);
#4093=ORIENTED_EDGE('',*,*,#2946,.F.);
#4094=ORIENTED_EDGE('',*,*,#2947,.T.);
#4095=ORIENTED_EDGE('',*,*,#2944,.F.);
#4096=ORIENTED_EDGE('',*,*,#2945,.F.);
#4097=ORIENTED_EDGE('',*,*,#2947,.F.);
#4098=ORIENTED_EDGE('',*,*,#2948,.T.);
#4099=ORIENTED_EDGE('',*,*,#2949,.T.);
#4100=ORIENTED_EDGE('',*,*,#2883,.T.);
#4101=ORIENTED_EDGE('',*,*,#2949,.F.);
#4102=ORIENTED_EDGE('',*,*,#2950,.T.);
#4103=ORIENTED_EDGE('',*,*,#2948,.F.);
#4104=ORIENTED_EDGE('',*,*,#2951,.T.);
#4105=ORIENTED_EDGE('',*,*,#2952,.T.);
#4106=ORIENTED_EDGE('',*,*,#2951,.F.);
#4107=ORIENTED_EDGE('',*,*,#2950,.F.);
#4108=ORIENTED_EDGE('',*,*,#2953,.F.);
#4109=ORIENTED_EDGE('',*,*,#2954,.T.);
#4110=ORIENTED_EDGE('',*,*,#2955,.T.);
#4111=ORIENTED_EDGE('',*,*,#2956,.T.);
#4112=ORIENTED_EDGE('',*,*,#2957,.T.);
#4113=ORIENTED_EDGE('',*,*,#2958,.F.);
#4114=ORIENTED_EDGE('',*,*,#2957,.F.);
#4115=ORIENTED_EDGE('',*,*,#2959,.F.);
#4116=ORIENTED_EDGE('',*,*,#2960,.F.);
#4117=ORIENTED_EDGE('',*,*,#2961,.F.);
#4118=ORIENTED_EDGE('',*,*,#2962,.F.);
#4119=ORIENTED_EDGE('',*,*,#2963,.F.);
#4120=ORIENTED_EDGE('',*,*,#2964,.T.);
#4121=ORIENTED_EDGE('',*,*,#2961,.T.);
#4122=ORIENTED_EDGE('',*,*,#2965,.T.);
#4123=ORIENTED_EDGE('',*,*,#2966,.T.);
#4124=ORIENTED_EDGE('',*,*,#2967,.T.);
#4125=ORIENTED_EDGE('',*,*,#2968,.T.);
#4126=ORIENTED_EDGE('',*,*,#2969,.T.);
#4127=ORIENTED_EDGE('',*,*,#2970,.T.);
#4128=ORIENTED_EDGE('',*,*,#2968,.F.);
#4129=ORIENTED_EDGE('',*,*,#2971,.F.);
#4130=ORIENTED_EDGE('',*,*,#2972,.F.);
#4131=ORIENTED_EDGE('',*,*,#2973,.F.);
#4132=ORIENTED_EDGE('',*,*,#2974,.F.);
#4133=ORIENTED_EDGE('',*,*,#2975,.F.);
#4134=ORIENTED_EDGE('',*,*,#2976,.F.);
#4135=ORIENTED_EDGE('',*,*,#2977,.T.);
#4136=ORIENTED_EDGE('',*,*,#2978,.T.);
#4137=ORIENTED_EDGE('',*,*,#2979,.T.);
#4138=ORIENTED_EDGE('',*,*,#2973,.T.);
#4139=ORIENTED_EDGE('',*,*,#2980,.F.);
#4140=ORIENTED_EDGE('',*,*,#2981,.T.);
#4141=ORIENTED_EDGE('',*,*,#2965,.F.);
#4142=ORIENTED_EDGE('',*,*,#2960,.T.);
#4143=ORIENTED_EDGE('',*,*,#2982,.T.);
#4144=ORIENTED_EDGE('',*,*,#2983,.T.);
#4145=ORIENTED_EDGE('',*,*,#2984,.T.);
#4146=ORIENTED_EDGE('',*,*,#2985,.T.);
#4147=ORIENTED_EDGE('',*,*,#2986,.T.);
#4148=ORIENTED_EDGE('',*,*,#2987,.T.);
#4149=ORIENTED_EDGE('',*,*,#2983,.F.);
#4150=ORIENTED_EDGE('',*,*,#2988,.T.);
#4151=ORIENTED_EDGE('',*,*,#2989,.T.);
#4152=ORIENTED_EDGE('',*,*,#2985,.F.);
#4153=ORIENTED_EDGE('',*,*,#2990,.T.);
#4154=ORIENTED_EDGE('',*,*,#2991,.F.);
#4155=ORIENTED_EDGE('',*,*,#2988,.F.);
#4156=ORIENTED_EDGE('',*,*,#2992,.T.);
#4157=ORIENTED_EDGE('',*,*,#2955,.F.);
#4158=ORIENTED_EDGE('',*,*,#2981,.F.);
#4159=ORIENTED_EDGE('',*,*,#2987,.F.);
#4160=ORIENTED_EDGE('',*,*,#2993,.T.);
#4161=ORIENTED_EDGE('',*,*,#2994,.F.);
#4162=ORIENTED_EDGE('',*,*,#2995,.F.);
#4163=ORIENTED_EDGE('',*,*,#2970,.F.);
#4164=ORIENTED_EDGE('',*,*,#2996,.F.);
#4165=ORIENTED_EDGE('',*,*,#2997,.F.);
#4166=ORIENTED_EDGE('',*,*,#2998,.T.);
#4167=ORIENTED_EDGE('',*,*,#2999,.F.);
#4168=ORIENTED_EDGE('',*,*,#2999,.T.);
#4169=ORIENTED_EDGE('',*,*,#3000,.T.);
#4170=ORIENTED_EDGE('',*,*,#3001,.F.);
#4171=ORIENTED_EDGE('',*,*,#3002,.F.);
#4172=ORIENTED_EDGE('',*,*,#2966,.F.);
#4173=ORIENTED_EDGE('',*,*,#2986,.F.);
#4174=ORIENTED_EDGE('',*,*,#3003,.F.);
#4175=ORIENTED_EDGE('',*,*,#3004,.F.);
#4176=ORIENTED_EDGE('',*,*,#2993,.F.);
#4177=ORIENTED_EDGE('',*,*,#3005,.T.);
#4178=ORIENTED_EDGE('',*,*,#2962,.T.);
#4179=ORIENTED_EDGE('',*,*,#2964,.F.);
#4180=ORIENTED_EDGE('',*,*,#3002,.T.);
#4181=ORIENTED_EDGE('',*,*,#3006,.T.);
#4182=ORIENTED_EDGE('',*,*,#3007,.T.);
#4183=ORIENTED_EDGE('',*,*,#3008,.F.);
#4184=ORIENTED_EDGE('',*,*,#2953,.T.);
#4185=ORIENTED_EDGE('',*,*,#3009,.T.);
#4186=ORIENTED_EDGE('',*,*,#3010,.T.);
#4187=ORIENTED_EDGE('',*,*,#3011,.T.);
#4188=ORIENTED_EDGE('',*,*,#3007,.F.);
#4189=ORIENTED_EDGE('',*,*,#3012,.T.);
#4190=ORIENTED_EDGE('',*,*,#3013,.T.);
#4191=ORIENTED_EDGE('',*,*,#3010,.F.);
#4192=ORIENTED_EDGE('',*,*,#3014,.T.);
#4193=ORIENTED_EDGE('',*,*,#3006,.F.);
#4194=ORIENTED_EDGE('',*,*,#3001,.T.);
#4195=ORIENTED_EDGE('',*,*,#3005,.F.);
#4196=ORIENTED_EDGE('',*,*,#3014,.F.);
#4197=ORIENTED_EDGE('',*,*,#3012,.F.);
#4198=ORIENTED_EDGE('',*,*,#3009,.F.);
#4199=ORIENTED_EDGE('',*,*,#2958,.T.);
#4200=ORIENTED_EDGE('',*,*,#2963,.T.);
#4201=ORIENTED_EDGE('',*,*,#3015,.T.);
#4202=ORIENTED_EDGE('',*,*,#3016,.F.);
#4203=ORIENTED_EDGE('',*,*,#2976,.T.);
#4204=ORIENTED_EDGE('',*,*,#3017,.T.);
#4205=ORIENTED_EDGE('',*,*,#3018,.T.);
#4206=ORIENTED_EDGE('',*,*,#3019,.T.);
#4207=ORIENTED_EDGE('',*,*,#3015,.F.);
#4208=ORIENTED_EDGE('',*,*,#3020,.T.);
#4209=ORIENTED_EDGE('',*,*,#3004,.T.);
#4210=ORIENTED_EDGE('',*,*,#3018,.F.);
#4211=ORIENTED_EDGE('',*,*,#3021,.T.);
#4212=ORIENTED_EDGE('',*,*,#3022,.T.);
#4213=ORIENTED_EDGE('',*,*,#2994,.T.);
#4214=ORIENTED_EDGE('',*,*,#3023,.T.);
#4215=ORIENTED_EDGE('',*,*,#2971,.T.);
#4216=ORIENTED_EDGE('',*,*,#2967,.F.);
#4217=ORIENTED_EDGE('',*,*,#2995,.T.);
#4218=ORIENTED_EDGE('',*,*,#3022,.F.);
#4219=ORIENTED_EDGE('',*,*,#2946,.T.);
#4220=ORIENTED_EDGE('',*,*,#3024,.T.);
#4221=ORIENTED_EDGE('',*,*,#3025,.F.);
#4222=ORIENTED_EDGE('',*,*,#3026,.T.);
#4223=ORIENTED_EDGE('',*,*,#2977,.F.);
#4224=ORIENTED_EDGE('',*,*,#3016,.T.);
#4225=ORIENTED_EDGE('',*,*,#3027,.F.);
#4226=ORIENTED_EDGE('',*,*,#2991,.T.);
#4227=ORIENTED_EDGE('',*,*,#2954,.F.);
#4228=ORIENTED_EDGE('',*,*,#3008,.T.);
#4229=ORIENTED_EDGE('',*,*,#3028,.F.);
#4230=ORIENTED_EDGE('',*,*,#3024,.F.);
#4231=ORIENTED_EDGE('',*,*,#2989,.F.);
#4232=ORIENTED_EDGE('',*,*,#3027,.T.);
#4233=ORIENTED_EDGE('',*,*,#3019,.F.);
#4234=ORIENTED_EDGE('',*,*,#3003,.T.);
#4235=ORIENTED_EDGE('',*,*,#2996,.T.);
#4236=ORIENTED_EDGE('',*,*,#2969,.F.);
#4237=ORIENTED_EDGE('',*,*,#2975,.T.);
#4238=ORIENTED_EDGE('',*,*,#3029,.T.);
#4239=ORIENTED_EDGE('',*,*,#3030,.T.);
#4240=ORIENTED_EDGE('',*,*,#3031,.T.);
#4241=ORIENTED_EDGE('',*,*,#3032,.T.);
#4242=ORIENTED_EDGE('',*,*,#3033,.T.);
#4243=ORIENTED_EDGE('',*,*,#2997,.T.);
#4244=ORIENTED_EDGE('',*,*,#3030,.F.);
#4245=ORIENTED_EDGE('',*,*,#3034,.T.);
#4246=ORIENTED_EDGE('',*,*,#3035,.T.);
#4247=ORIENTED_EDGE('',*,*,#3032,.F.);
#4248=ORIENTED_EDGE('',*,*,#3036,.T.);
#4249=ORIENTED_EDGE('',*,*,#3026,.F.);
#4250=ORIENTED_EDGE('',*,*,#3034,.F.);
#4251=ORIENTED_EDGE('',*,*,#3037,.T.);
#4252=ORIENTED_EDGE('',*,*,#2978,.F.);
#4253=ORIENTED_EDGE('',*,*,#3013,.F.);
#4254=ORIENTED_EDGE('',*,*,#3000,.F.);
#4255=ORIENTED_EDGE('',*,*,#2998,.F.);
#4256=ORIENTED_EDGE('',*,*,#3033,.F.);
#4257=ORIENTED_EDGE('',*,*,#3038,.F.);
#4258=ORIENTED_EDGE('',*,*,#3029,.F.);
#4259=ORIENTED_EDGE('',*,*,#2974,.T.);
#4260=ORIENTED_EDGE('',*,*,#2979,.F.);
#4261=ORIENTED_EDGE('',*,*,#3037,.F.);
#4262=ORIENTED_EDGE('',*,*,#3036,.F.);
#4263=ORIENTED_EDGE('',*,*,#3031,.F.);
#4264=ORIENTED_EDGE('',*,*,#2982,.F.);
#4265=ORIENTED_EDGE('',*,*,#2959,.T.);
#4266=ORIENTED_EDGE('',*,*,#2956,.F.);
#4267=ORIENTED_EDGE('',*,*,#2992,.F.);
#4268=ORIENTED_EDGE('',*,*,#2990,.F.);
#4269=ORIENTED_EDGE('',*,*,#2984,.F.);
#4270=ORIENTED_EDGE('',*,*,#3017,.F.);
#4271=ORIENTED_EDGE('',*,*,#2980,.T.);
#4272=ORIENTED_EDGE('',*,*,#2972,.T.);
#4273=ORIENTED_EDGE('',*,*,#3023,.F.);
#4274=ORIENTED_EDGE('',*,*,#3021,.F.);
#4275=ORIENTED_EDGE('',*,*,#3020,.F.);
#4276=ORIENTED_EDGE('',*,*,#3011,.F.);
#4277=ORIENTED_EDGE('',*,*,#3038,.T.);
#4278=ORIENTED_EDGE('',*,*,#3035,.F.);
#4279=ORIENTED_EDGE('',*,*,#3025,.T.);
#4280=ORIENTED_EDGE('',*,*,#3028,.T.);
#4281=ORIENTED_EDGE('',*,*,#3039,.T.);
#4282=ORIENTED_EDGE('',*,*,#3040,.T.);
#4283=ORIENTED_EDGE('',*,*,#3041,.T.);
#4284=ORIENTED_EDGE('',*,*,#3039,.F.);
#4285=ORIENTED_EDGE('',*,*,#2844,.T.);
#4286=ORIENTED_EDGE('',*,*,#3040,.F.);
#4287=ORIENTED_EDGE('',*,*,#3041,.F.);
#4288=ORIENTED_EDGE('',*,*,#3042,.T.);
#4289=ORIENTED_EDGE('',*,*,#2893,.T.);
#4290=ORIENTED_EDGE('',*,*,#2892,.T.);
#4291=ORIENTED_EDGE('',*,*,#2898,.T.);
#4292=ORIENTED_EDGE('',*,*,#2897,.T.);
#4293=ORIENTED_EDGE('',*,*,#2894,.T.);
#4294=ORIENTED_EDGE('',*,*,#3042,.F.);
#4295=ORIENTED_EDGE('',*,*,#3043,.T.);
#4296=ORIENTED_EDGE('',*,*,#3044,.T.);
#4297=ORIENTED_EDGE('',*,*,#3045,.T.);
#4298=ORIENTED_EDGE('',*,*,#3043,.F.);
#4299=ORIENTED_EDGE('',*,*,#2839,.T.);
#4300=ORIENTED_EDGE('',*,*,#3044,.F.);
#4301=ORIENTED_EDGE('',*,*,#3045,.F.);
#4302=ORIENTED_EDGE('',*,*,#3046,.T.);
#4303=ORIENTED_EDGE('',*,*,#2923,.T.);
#4304=ORIENTED_EDGE('',*,*,#2922,.T.);
#4305=ORIENTED_EDGE('',*,*,#2928,.T.);
#4306=ORIENTED_EDGE('',*,*,#2927,.T.);
#4307=ORIENTED_EDGE('',*,*,#2924,.T.);
#4308=ORIENTED_EDGE('',*,*,#3046,.F.);
#4309=ORIENTED_EDGE('',*,*,#2884,.F.);
#4310=ORIENTED_EDGE('',*,*,#3047,.T.);
#4311=ORIENTED_EDGE('',*,*,#2851,.F.);
#4312=ORIENTED_EDGE('',*,*,#3047,.F.);
#4313=ORIENTED_EDGE('',*,*,#3048,.T.);
#4314=ORIENTED_EDGE('',*,*,#3049,.T.);
#4315=ORIENTED_EDGE('',*,*,#3050,.T.);
#4316=ORIENTED_EDGE('',*,*,#3048,.F.);
#4317=ORIENTED_EDGE('',*,*,#2878,.T.);
#4318=ORIENTED_EDGE('',*,*,#3049,.F.);
#4319=ORIENTED_EDGE('',*,*,#3050,.F.);
#4320=ORIENTED_EDGE('',*,*,#3051,.T.);
#4321=ORIENTED_EDGE('',*,*,#2913,.T.);
#4322=ORIENTED_EDGE('',*,*,#2912,.T.);
#4323=ORIENTED_EDGE('',*,*,#2918,.T.);
#4324=ORIENTED_EDGE('',*,*,#2917,.T.);
#4325=ORIENTED_EDGE('',*,*,#2914,.T.);
#4326=ORIENTED_EDGE('',*,*,#3051,.F.);
#4327=ORIENTED_EDGE('',*,*,#2885,.F.);
#4328=ORIENTED_EDGE('',*,*,#3052,.T.);
#4329=ORIENTED_EDGE('',*,*,#2852,.F.);
#4330=ORIENTED_EDGE('',*,*,#3052,.F.);
#4331=ORIENTED_EDGE('',*,*,#3053,.T.);
#4332=ORIENTED_EDGE('',*,*,#3054,.T.);
#4333=ORIENTED_EDGE('',*,*,#3055,.T.);
#4334=ORIENTED_EDGE('',*,*,#3053,.F.);
#4335=ORIENTED_EDGE('',*,*,#3056,.T.);
#4336=ORIENTED_EDGE('',*,*,#3054,.F.);
#4337=ORIENTED_EDGE('',*,*,#3055,.F.);
#4338=ORIENTED_EDGE('',*,*,#3057,.T.);
#4339=ORIENTED_EDGE('',*,*,#2903,.T.);
#4340=ORIENTED_EDGE('',*,*,#2902,.T.);
#4341=ORIENTED_EDGE('',*,*,#2908,.T.);
#4342=ORIENTED_EDGE('',*,*,#2907,.T.);
#4343=ORIENTED_EDGE('',*,*,#2904,.T.);
#4344=ORIENTED_EDGE('',*,*,#3057,.F.);
#4345=ORIENTED_EDGE('',*,*,#2825,.F.);
#4346=ORIENTED_EDGE('',*,*,#2879,.F.);
#4347=ORIENTED_EDGE('',*,*,#2874,.F.);
#4348=ORIENTED_EDGE('',*,*,#2845,.F.);
#4349=ORIENTED_EDGE('',*,*,#3056,.F.);
#4350=ORIENTED_EDGE('',*,*,#2952,.F.);
#4351=ORIENTED_EDGE('',*,*,#3058,.F.);
#4352=ORIENTED_EDGE('',*,*,#3058,.T.);
#4353=ORIENTED_EDGE('',*,*,#3059,.T.);
#4354=ORIENTED_EDGE('',*,*,#3060,.T.);
#4355=ORIENTED_EDGE('',*,*,#3061,.F.);
#4356=ORIENTED_EDGE('',*,*,#3060,.F.);
#4357=ORIENTED_EDGE('',*,*,#3062,.F.);
#4358=ORIENTED_EDGE('',*,*,#3063,.F.);
#4359=ORIENTED_EDGE('',*,*,#3064,.F.);
#4360=ORIENTED_EDGE('',*,*,#3065,.F.);
#4361=ORIENTED_EDGE('',*,*,#3066,.F.);
#4362=ORIENTED_EDGE('',*,*,#3067,.F.);
#4363=ORIENTED_EDGE('',*,*,#3068,.F.);
#4364=ORIENTED_EDGE('',*,*,#3069,.F.);
#4365=ORIENTED_EDGE('',*,*,#3070,.F.);
#4366=ORIENTED_EDGE('',*,*,#3059,.F.);
#4367=ORIENTED_EDGE('',*,*,#3063,.T.);
#4368=ORIENTED_EDGE('',*,*,#3071,.T.);
#4369=ORIENTED_EDGE('',*,*,#3072,.F.);
#4370=ORIENTED_EDGE('',*,*,#3071,.F.);
#4371=ORIENTED_EDGE('',*,*,#3070,.T.);
#4372=ORIENTED_EDGE('',*,*,#3073,.T.);
#4373=ORIENTED_EDGE('',*,*,#3074,.F.);
#4374=ORIENTED_EDGE('',*,*,#3073,.F.);
#4375=ORIENTED_EDGE('',*,*,#3064,.T.);
#4376=ORIENTED_EDGE('',*,*,#3075,.T.);
#4377=ORIENTED_EDGE('',*,*,#3076,.F.);
#4378=ORIENTED_EDGE('',*,*,#3075,.F.);
#4379=ORIENTED_EDGE('',*,*,#3069,.T.);
#4380=ORIENTED_EDGE('',*,*,#3077,.T.);
#4381=ORIENTED_EDGE('',*,*,#3078,.F.);
#4382=ORIENTED_EDGE('',*,*,#3077,.F.);
#4383=ORIENTED_EDGE('',*,*,#3065,.T.);
#4384=ORIENTED_EDGE('',*,*,#3079,.T.);
#4385=ORIENTED_EDGE('',*,*,#3080,.F.);
#4386=ORIENTED_EDGE('',*,*,#3079,.F.);
#4387=ORIENTED_EDGE('',*,*,#3068,.T.);
#4388=ORIENTED_EDGE('',*,*,#3081,.T.);
#4389=ORIENTED_EDGE('',*,*,#3082,.F.);
#4390=ORIENTED_EDGE('',*,*,#3081,.F.);
#4391=ORIENTED_EDGE('',*,*,#3066,.T.);
#4392=ORIENTED_EDGE('',*,*,#3083,.T.);
#4393=ORIENTED_EDGE('',*,*,#3084,.F.);
#4394=ORIENTED_EDGE('',*,*,#3083,.F.);
#4395=ORIENTED_EDGE('',*,*,#3085,.T.);
#4396=ORIENTED_EDGE('',*,*,#3086,.T.);
#4397=ORIENTED_EDGE('',*,*,#3082,.T.);
#4398=ORIENTED_EDGE('',*,*,#3086,.F.);
#4399=ORIENTED_EDGE('',*,*,#3087,.F.);
#4400=ORIENTED_EDGE('',*,*,#3088,.F.);
#4401=ORIENTED_EDGE('',*,*,#3089,.F.);
#4402=ORIENTED_EDGE('',*,*,#3090,.F.);
#4403=ORIENTED_EDGE('',*,*,#3091,.F.);
#4404=ORIENTED_EDGE('',*,*,#3092,.F.);
#4405=ORIENTED_EDGE('',*,*,#3093,.F.);
#4406=ORIENTED_EDGE('',*,*,#3094,.F.);
#4407=ORIENTED_EDGE('',*,*,#3095,.F.);
#4408=ORIENTED_EDGE('',*,*,#3085,.F.);
#4409=ORIENTED_EDGE('',*,*,#3088,.T.);
#4410=ORIENTED_EDGE('',*,*,#3096,.T.);
#4411=ORIENTED_EDGE('',*,*,#3084,.T.);
#4412=ORIENTED_EDGE('',*,*,#3096,.F.);
#4413=ORIENTED_EDGE('',*,*,#3095,.T.);
#4414=ORIENTED_EDGE('',*,*,#3097,.T.);
#4415=ORIENTED_EDGE('',*,*,#3080,.T.);
#4416=ORIENTED_EDGE('',*,*,#3097,.F.);
#4417=ORIENTED_EDGE('',*,*,#3089,.T.);
#4418=ORIENTED_EDGE('',*,*,#3098,.T.);
#4419=ORIENTED_EDGE('',*,*,#3078,.T.);
#4420=ORIENTED_EDGE('',*,*,#3098,.F.);
#4421=ORIENTED_EDGE('',*,*,#3094,.T.);
#4422=ORIENTED_EDGE('',*,*,#3099,.T.);
#4423=ORIENTED_EDGE('',*,*,#3076,.T.);
#4424=ORIENTED_EDGE('',*,*,#3099,.F.);
#4425=ORIENTED_EDGE('',*,*,#3090,.T.);
#4426=ORIENTED_EDGE('',*,*,#3100,.T.);
#4427=ORIENTED_EDGE('',*,*,#3074,.T.);
#4428=ORIENTED_EDGE('',*,*,#3100,.F.);
#4429=ORIENTED_EDGE('',*,*,#3093,.T.);
#4430=ORIENTED_EDGE('',*,*,#3101,.T.);
#4431=ORIENTED_EDGE('',*,*,#3061,.T.);
#4432=ORIENTED_EDGE('',*,*,#3101,.F.);
#4433=ORIENTED_EDGE('',*,*,#3091,.T.);
#4434=ORIENTED_EDGE('',*,*,#3102,.T.);
#4435=ORIENTED_EDGE('',*,*,#3072,.T.);
#4436=ORIENTED_EDGE('',*,*,#3102,.F.);
#4437=ORIENTED_EDGE('',*,*,#3103,.T.);
#4438=ORIENTED_EDGE('',*,*,#3104,.T.);
#4439=ORIENTED_EDGE('',*,*,#3067,.T.);
#4440=ORIENTED_EDGE('',*,*,#3104,.F.);
#4441=ORIENTED_EDGE('',*,*,#3103,.F.);
#4442=ORIENTED_EDGE('',*,*,#3105,.T.);
#4443=ORIENTED_EDGE('',*,*,#3106,.T.);
#4444=ORIENTED_EDGE('',*,*,#3105,.F.);
#4445=ORIENTED_EDGE('',*,*,#3092,.T.);
#4446=ORIENTED_EDGE('',*,*,#3107,.T.);
#4447=ORIENTED_EDGE('',*,*,#3108,.T.);
#4448=ORIENTED_EDGE('',*,*,#3107,.F.);
#4449=ORIENTED_EDGE('',*,*,#3109,.F.);
#4450=ORIENTED_EDGE('',*,*,#3110,.T.);
#4451=ORIENTED_EDGE('',*,*,#3108,.F.);
#4452=ORIENTED_EDGE('',*,*,#3110,.F.);
#4453=ORIENTED_EDGE('',*,*,#3087,.T.);
#4454=ORIENTED_EDGE('',*,*,#3111,.T.);
#4455=ORIENTED_EDGE('',*,*,#3112,.T.);
#4456=ORIENTED_EDGE('',*,*,#3111,.F.);
#4457=ORIENTED_EDGE('',*,*,#3112,.F.);
#4458=ORIENTED_EDGE('',*,*,#3113,.T.);
#4459=ORIENTED_EDGE('',*,*,#3114,.F.);
#4460=ORIENTED_EDGE('',*,*,#3113,.F.);
#4461=ORIENTED_EDGE('',*,*,#3114,.T.);
#4462=ORIENTED_EDGE('',*,*,#3115,.T.);
#4463=ORIENTED_EDGE('',*,*,#3062,.T.);
#4464=ORIENTED_EDGE('',*,*,#3115,.F.);
#4465=ORIENTED_EDGE('',*,*,#3116,.F.);
#4466=ORIENTED_EDGE('',*,*,#3117,.T.);
#4467=ORIENTED_EDGE('',*,*,#3118,.T.);
#4468=ORIENTED_EDGE('',*,*,#3119,.T.);
#4469=ORIENTED_EDGE('',*,*,#3120,.T.);
#4470=ORIENTED_EDGE('',*,*,#3121,.F.);
#4471=ORIENTED_EDGE('',*,*,#3120,.F.);
#4472=ORIENTED_EDGE('',*,*,#3122,.F.);
#4473=ORIENTED_EDGE('',*,*,#3123,.F.);
#4474=ORIENTED_EDGE('',*,*,#3124,.F.);
#4475=ORIENTED_EDGE('',*,*,#3125,.F.);
#4476=ORIENTED_EDGE('',*,*,#3126,.F.);
#4477=ORIENTED_EDGE('',*,*,#3127,.T.);
#4478=ORIENTED_EDGE('',*,*,#3124,.T.);
#4479=ORIENTED_EDGE('',*,*,#3128,.T.);
#4480=ORIENTED_EDGE('',*,*,#3129,.T.);
#4481=ORIENTED_EDGE('',*,*,#3130,.T.);
#4482=ORIENTED_EDGE('',*,*,#3131,.T.);
#4483=ORIENTED_EDGE('',*,*,#3132,.T.);
#4484=ORIENTED_EDGE('',*,*,#3133,.T.);
#4485=ORIENTED_EDGE('',*,*,#3131,.F.);
#4486=ORIENTED_EDGE('',*,*,#3134,.F.);
#4487=ORIENTED_EDGE('',*,*,#3135,.F.);
#4488=ORIENTED_EDGE('',*,*,#3136,.F.);
#4489=ORIENTED_EDGE('',*,*,#3137,.F.);
#4490=ORIENTED_EDGE('',*,*,#3138,.F.);
#4491=ORIENTED_EDGE('',*,*,#3139,.F.);
#4492=ORIENTED_EDGE('',*,*,#3140,.T.);
#4493=ORIENTED_EDGE('',*,*,#3141,.T.);
#4494=ORIENTED_EDGE('',*,*,#3142,.T.);
#4495=ORIENTED_EDGE('',*,*,#3136,.T.);
#4496=ORIENTED_EDGE('',*,*,#3143,.F.);
#4497=ORIENTED_EDGE('',*,*,#3144,.T.);
#4498=ORIENTED_EDGE('',*,*,#3145,.T.);
#4499=ORIENTED_EDGE('',*,*,#3146,.T.);
#4500=ORIENTED_EDGE('',*,*,#3147,.T.);
#4501=ORIENTED_EDGE('',*,*,#3148,.T.);
#4502=ORIENTED_EDGE('',*,*,#3149,.T.);
#4503=ORIENTED_EDGE('',*,*,#3128,.F.);
#4504=ORIENTED_EDGE('',*,*,#3123,.T.);
#4505=ORIENTED_EDGE('',*,*,#3150,.T.);
#4506=ORIENTED_EDGE('',*,*,#3148,.F.);
#4507=ORIENTED_EDGE('',*,*,#3151,.T.);
#4508=ORIENTED_EDGE('',*,*,#3152,.T.);
#4509=ORIENTED_EDGE('',*,*,#3145,.F.);
#4510=ORIENTED_EDGE('',*,*,#3153,.T.);
#4511=ORIENTED_EDGE('',*,*,#3154,.F.);
#4512=ORIENTED_EDGE('',*,*,#3151,.F.);
#4513=ORIENTED_EDGE('',*,*,#3155,.T.);
#4514=ORIENTED_EDGE('',*,*,#3118,.F.);
#4515=ORIENTED_EDGE('',*,*,#3155,.F.);
#4516=ORIENTED_EDGE('',*,*,#3153,.F.);
#4517=ORIENTED_EDGE('',*,*,#3144,.F.);
#4518=ORIENTED_EDGE('',*,*,#3150,.F.);
#4519=ORIENTED_EDGE('',*,*,#3122,.T.);
#4520=ORIENTED_EDGE('',*,*,#3119,.F.);
#4521=ORIENTED_EDGE('',*,*,#3156,.T.);
#4522=ORIENTED_EDGE('',*,*,#3157,.F.);
#4523=ORIENTED_EDGE('',*,*,#3116,.T.);
#4524=ORIENTED_EDGE('',*,*,#3158,.T.);
#4525=ORIENTED_EDGE('',*,*,#3159,.T.);
#4526=ORIENTED_EDGE('',*,*,#3160,.T.);
#4527=ORIENTED_EDGE('',*,*,#3156,.F.);
#4528=ORIENTED_EDGE('',*,*,#3161,.T.);
#4529=ORIENTED_EDGE('',*,*,#3162,.T.);
#4530=ORIENTED_EDGE('',*,*,#3159,.F.);
#4531=ORIENTED_EDGE('',*,*,#3163,.T.);
#4532=ORIENTED_EDGE('',*,*,#3164,.T.);
#4533=ORIENTED_EDGE('',*,*,#3165,.T.);
#4534=ORIENTED_EDGE('',*,*,#3166,.T.);
#4535=ORIENTED_EDGE('',*,*,#3125,.T.);
#4536=ORIENTED_EDGE('',*,*,#3127,.F.);
#4537=ORIENTED_EDGE('',*,*,#3167,.T.);
#4538=ORIENTED_EDGE('',*,*,#3164,.F.);
#4539=ORIENTED_EDGE('',*,*,#3106,.F.);
#4540=ORIENTED_EDGE('',*,*,#3168,.T.);
#4541=ORIENTED_EDGE('',*,*,#3169,.F.);
#4542=ORIENTED_EDGE('',*,*,#3170,.T.);
#4543=ORIENTED_EDGE('',*,*,#3140,.F.);
#4544=ORIENTED_EDGE('',*,*,#3171,.T.);
#4545=ORIENTED_EDGE('',*,*,#3172,.F.);
#4546=ORIENTED_EDGE('',*,*,#3154,.T.);
#4547=ORIENTED_EDGE('',*,*,#3117,.F.);
#4548=ORIENTED_EDGE('',*,*,#3157,.T.);
#4549=ORIENTED_EDGE('',*,*,#3173,.F.);
#4550=ORIENTED_EDGE('',*,*,#3168,.F.);
#4551=ORIENTED_EDGE('',*,*,#3160,.F.);
#4552=ORIENTED_EDGE('',*,*,#3174,.T.);
#4553=ORIENTED_EDGE('',*,*,#3175,.F.);
#4554=ORIENTED_EDGE('',*,*,#3169,.T.);
#4555=ORIENTED_EDGE('',*,*,#3173,.T.);
#4556=ORIENTED_EDGE('',*,*,#3162,.F.);
#4557=ORIENTED_EDGE('',*,*,#3176,.T.);
#4558=ORIENTED_EDGE('',*,*,#3177,.T.);
#4559=ORIENTED_EDGE('',*,*,#3178,.F.);
#4560=ORIENTED_EDGE('',*,*,#3174,.F.);
#4561=ORIENTED_EDGE('',*,*,#3149,.F.);
#4562=ORIENTED_EDGE('',*,*,#3147,.F.);
#4563=ORIENTED_EDGE('',*,*,#3179,.F.);
#4564=ORIENTED_EDGE('',*,*,#3180,.F.);
#4565=ORIENTED_EDGE('',*,*,#3181,.F.);
#4566=ORIENTED_EDGE('',*,*,#3133,.F.);
#4567=ORIENTED_EDGE('',*,*,#3182,.F.);
#4568=ORIENTED_EDGE('',*,*,#3183,.F.);
#4569=ORIENTED_EDGE('',*,*,#3177,.F.);
#4570=ORIENTED_EDGE('',*,*,#3184,.F.);
#4571=ORIENTED_EDGE('',*,*,#3184,.T.);
#4572=ORIENTED_EDGE('',*,*,#3176,.F.);
#4573=ORIENTED_EDGE('',*,*,#3165,.F.);
#4574=ORIENTED_EDGE('',*,*,#3167,.F.);
#4575=ORIENTED_EDGE('',*,*,#3129,.F.);
#4576=ORIENTED_EDGE('',*,*,#3185,.T.);
#4577=ORIENTED_EDGE('',*,*,#3171,.F.);
#4578=ORIENTED_EDGE('',*,*,#3139,.T.);
#4579=ORIENTED_EDGE('',*,*,#3186,.T.);
#4580=ORIENTED_EDGE('',*,*,#3187,.T.);
#4581=ORIENTED_EDGE('',*,*,#3188,.T.);
#4582=ORIENTED_EDGE('',*,*,#3185,.F.);
#4583=ORIENTED_EDGE('',*,*,#3189,.T.);
#4584=ORIENTED_EDGE('',*,*,#3190,.T.);
#4585=ORIENTED_EDGE('',*,*,#3187,.F.);
#4586=ORIENTED_EDGE('',*,*,#3191,.T.);
#4587=ORIENTED_EDGE('',*,*,#3192,.T.);
#4588=ORIENTED_EDGE('',*,*,#3180,.T.);
#4589=ORIENTED_EDGE('',*,*,#3193,.T.);
#4590=ORIENTED_EDGE('',*,*,#3134,.T.);
#4591=ORIENTED_EDGE('',*,*,#3130,.F.);
#4592=ORIENTED_EDGE('',*,*,#3181,.T.);
#4593=ORIENTED_EDGE('',*,*,#3192,.F.);
#4594=ORIENTED_EDGE('',*,*,#3152,.F.);
#4595=ORIENTED_EDGE('',*,*,#3172,.T.);
#4596=ORIENTED_EDGE('',*,*,#3188,.F.);
#4597=ORIENTED_EDGE('',*,*,#3194,.T.);
#4598=ORIENTED_EDGE('',*,*,#3146,.F.);
#4599=ORIENTED_EDGE('',*,*,#3194,.F.);
#4600=ORIENTED_EDGE('',*,*,#3190,.F.);
#4601=ORIENTED_EDGE('',*,*,#3179,.T.);
#4602=ORIENTED_EDGE('',*,*,#3182,.T.);
#4603=ORIENTED_EDGE('',*,*,#3132,.F.);
#4604=ORIENTED_EDGE('',*,*,#3138,.T.);
#4605=ORIENTED_EDGE('',*,*,#3195,.T.);
#4606=ORIENTED_EDGE('',*,*,#3196,.T.);
#4607=ORIENTED_EDGE('',*,*,#3197,.T.);
#4608=ORIENTED_EDGE('',*,*,#3198,.T.);
#4609=ORIENTED_EDGE('',*,*,#3178,.T.);
#4610=ORIENTED_EDGE('',*,*,#3183,.T.);
#4611=ORIENTED_EDGE('',*,*,#3196,.F.);
#4612=ORIENTED_EDGE('',*,*,#3199,.T.);
#4613=ORIENTED_EDGE('',*,*,#3175,.T.);
#4614=ORIENTED_EDGE('',*,*,#3198,.F.);
#4615=ORIENTED_EDGE('',*,*,#3200,.T.);
#4616=ORIENTED_EDGE('',*,*,#3170,.F.);
#4617=ORIENTED_EDGE('',*,*,#3199,.F.);
#4618=ORIENTED_EDGE('',*,*,#3201,.T.);
#4619=ORIENTED_EDGE('',*,*,#3141,.F.);
#4620=ORIENTED_EDGE('',*,*,#3195,.F.);
#4621=ORIENTED_EDGE('',*,*,#3137,.T.);
#4622=ORIENTED_EDGE('',*,*,#3142,.F.);
#4623=ORIENTED_EDGE('',*,*,#3201,.F.);
#4624=ORIENTED_EDGE('',*,*,#3200,.F.);
#4625=ORIENTED_EDGE('',*,*,#3197,.F.);
#4626=ORIENTED_EDGE('',*,*,#3186,.F.);
#4627=ORIENTED_EDGE('',*,*,#3143,.T.);
#4628=ORIENTED_EDGE('',*,*,#3135,.T.);
#4629=ORIENTED_EDGE('',*,*,#3193,.F.);
#4630=ORIENTED_EDGE('',*,*,#3191,.F.);
#4631=ORIENTED_EDGE('',*,*,#3189,.F.);
#4632=ORIENTED_EDGE('',*,*,#3158,.F.);
#4633=ORIENTED_EDGE('',*,*,#3121,.T.);
#4634=ORIENTED_EDGE('',*,*,#3126,.T.);
#4635=ORIENTED_EDGE('',*,*,#3166,.F.);
#4636=ORIENTED_EDGE('',*,*,#3163,.F.);
#4637=ORIENTED_EDGE('',*,*,#3161,.F.);
#4638=ORIENTED_EDGE('',*,*,#3109,.T.);
#4639=ORIENTED_EDGE('',*,*,#3202,.F.);
#4640=ORIENTED_EDGE('',*,*,#3202,.T.);
#4641=ORIENTED_EDGE('',*,*,#3203,.T.);
#4642=ORIENTED_EDGE('',*,*,#3204,.T.);
#4643=ORIENTED_EDGE('',*,*,#3205,.T.);
#4644=ORIENTED_EDGE('',*,*,#3206,.F.);
#4645=ORIENTED_EDGE('',*,*,#3207,.T.);
#4646=ORIENTED_EDGE('',*,*,#3208,.T.);
#4647=ORIENTED_EDGE('',*,*,#3209,.T.);
#4648=ORIENTED_EDGE('',*,*,#3204,.F.);
#4649=ORIENTED_EDGE('',*,*,#3210,.T.);
#4650=ORIENTED_EDGE('',*,*,#3211,.T.);
#4651=ORIENTED_EDGE('',*,*,#3212,.T.);
#4652=ORIENTED_EDGE('',*,*,#3213,.T.);
#4653=ORIENTED_EDGE('',*,*,#3214,.T.);
#4654=ORIENTED_EDGE('',*,*,#3215,.T.);
#4655=ORIENTED_EDGE('',*,*,#3216,.T.);
#4656=ORIENTED_EDGE('',*,*,#3211,.F.);
#4657=ORIENTED_EDGE('',*,*,#3217,.T.);
#4658=ORIENTED_EDGE('',*,*,#3215,.F.);
#4659=ORIENTED_EDGE('',*,*,#3218,.T.);
#4660=ORIENTED_EDGE('',*,*,#3208,.F.);
#4661=ORIENTED_EDGE('',*,*,#3219,.T.);
#4662=ORIENTED_EDGE('',*,*,#3213,.F.);
#4663=ORIENTED_EDGE('',*,*,#3220,.T.);
#4664=ORIENTED_EDGE('',*,*,#3221,.T.);
#4665=ORIENTED_EDGE('',*,*,#3222,.T.);
#4666=ORIENTED_EDGE('',*,*,#3221,.F.);
#4667=ORIENTED_EDGE('',*,*,#3223,.T.);
#4668=ORIENTED_EDGE('',*,*,#3224,.T.);
#4669=ORIENTED_EDGE('',*,*,#3225,.T.);
#4670=ORIENTED_EDGE('',*,*,#3224,.F.);
#4671=ORIENTED_EDGE('',*,*,#3226,.T.);
#4672=ORIENTED_EDGE('',*,*,#3206,.T.);
#4673=ORIENTED_EDGE('',*,*,#3226,.F.);
#4674=ORIENTED_EDGE('',*,*,#3227,.F.);
#4675=ORIENTED_EDGE('',*,*,#3228,.F.);
#4676=ORIENTED_EDGE('',*,*,#3229,.F.);
#4677=ORIENTED_EDGE('',*,*,#3230,.F.);
#4678=ORIENTED_EDGE('',*,*,#3223,.F.);
#4679=ORIENTED_EDGE('',*,*,#3231,.T.);
#4680=ORIENTED_EDGE('',*,*,#3232,.F.);
#4681=ORIENTED_EDGE('',*,*,#3227,.T.);
#4682=ORIENTED_EDGE('',*,*,#3220,.F.);
#4683=ORIENTED_EDGE('',*,*,#3233,.F.);
#4684=ORIENTED_EDGE('',*,*,#3234,.F.);
#4685=ORIENTED_EDGE('',*,*,#3231,.F.);
#4686=ORIENTED_EDGE('',*,*,#3235,.F.);
#4687=ORIENTED_EDGE('',*,*,#3212,.F.);
#4688=ORIENTED_EDGE('',*,*,#3236,.T.);
#4689=ORIENTED_EDGE('',*,*,#3237,.F.);
#4690=ORIENTED_EDGE('',*,*,#3233,.T.);
#4691=ORIENTED_EDGE('',*,*,#3210,.F.);
#4692=ORIENTED_EDGE('',*,*,#3219,.F.);
#4693=ORIENTED_EDGE('',*,*,#3222,.F.);
#4694=ORIENTED_EDGE('',*,*,#3225,.F.);
#4695=ORIENTED_EDGE('',*,*,#3205,.F.);
#4696=ORIENTED_EDGE('',*,*,#3209,.F.);
#4697=ORIENTED_EDGE('',*,*,#3218,.F.);
#4698=ORIENTED_EDGE('',*,*,#3214,.F.);
#4699=ORIENTED_EDGE('',*,*,#3238,.F.);
#4700=ORIENTED_EDGE('',*,*,#3239,.F.);
#4701=ORIENTED_EDGE('',*,*,#3240,.F.);
#4702=ORIENTED_EDGE('',*,*,#3241,.F.);
#4703=ORIENTED_EDGE('',*,*,#3242,.T.);
#4704=ORIENTED_EDGE('',*,*,#3243,.T.);
#4705=ORIENTED_EDGE('',*,*,#3244,.F.);
#4706=ORIENTED_EDGE('',*,*,#3245,.F.);
#4707=ORIENTED_EDGE('',*,*,#3246,.F.);
#4708=ORIENTED_EDGE('',*,*,#3247,.T.);
#4709=ORIENTED_EDGE('',*,*,#3248,.T.);
#4710=ORIENTED_EDGE('',*,*,#3249,.T.);
#4711=ORIENTED_EDGE('',*,*,#3250,.F.);
#4712=ORIENTED_EDGE('',*,*,#3228,.T.);
#4713=ORIENTED_EDGE('',*,*,#3251,.T.);
#4714=ORIENTED_EDGE('',*,*,#3252,.T.);
#4715=ORIENTED_EDGE('',*,*,#3248,.F.);
#4716=ORIENTED_EDGE('',*,*,#3232,.T.);
#4717=ORIENTED_EDGE('',*,*,#3253,.T.);
#4718=ORIENTED_EDGE('',*,*,#3254,.T.);
#4719=ORIENTED_EDGE('',*,*,#3251,.F.);
#4720=ORIENTED_EDGE('',*,*,#3255,.T.);
#4721=ORIENTED_EDGE('',*,*,#3256,.T.);
#4722=ORIENTED_EDGE('',*,*,#3257,.T.);
#4723=ORIENTED_EDGE('',*,*,#3258,.T.);
#4724=ORIENTED_EDGE('',*,*,#3234,.T.);
#4725=ORIENTED_EDGE('',*,*,#3259,.T.);
#4726=ORIENTED_EDGE('',*,*,#3260,.T.);
#4727=ORIENTED_EDGE('',*,*,#3253,.F.);
#4728=ORIENTED_EDGE('',*,*,#3237,.T.);
#4729=ORIENTED_EDGE('',*,*,#3261,.T.);
#4730=ORIENTED_EDGE('',*,*,#3262,.T.);
#4731=ORIENTED_EDGE('',*,*,#3259,.F.);
#4732=ORIENTED_EDGE('',*,*,#3263,.T.);
#4733=ORIENTED_EDGE('',*,*,#3261,.F.);
#4734=ORIENTED_EDGE('',*,*,#3264,.T.);
#4735=ORIENTED_EDGE('',*,*,#3256,.F.);
#4736=ORIENTED_EDGE('',*,*,#3265,.T.);
#4737=ORIENTED_EDGE('',*,*,#3258,.F.);
#4738=ORIENTED_EDGE('',*,*,#3266,.T.);
#4739=ORIENTED_EDGE('',*,*,#3250,.T.);
#4740=ORIENTED_EDGE('',*,*,#3203,.F.);
#4741=ORIENTED_EDGE('',*,*,#3229,.T.);
#4742=ORIENTED_EDGE('',*,*,#3247,.F.);
#4743=ORIENTED_EDGE('',*,*,#3267,.T.);
#4744=ORIENTED_EDGE('',*,*,#3207,.F.);
#4745=ORIENTED_EDGE('',*,*,#3267,.F.);
#4746=ORIENTED_EDGE('',*,*,#3266,.F.);
#4747=ORIENTED_EDGE('',*,*,#3268,.F.);
#4748=ORIENTED_EDGE('',*,*,#3269,.F.);
#4749=ORIENTED_EDGE('',*,*,#3217,.F.);
#4750=ORIENTED_EDGE('',*,*,#3268,.T.);
#4751=ORIENTED_EDGE('',*,*,#3257,.F.);
#4752=ORIENTED_EDGE('',*,*,#3270,.T.);
#4753=ORIENTED_EDGE('',*,*,#3255,.F.);
#4754=ORIENTED_EDGE('',*,*,#3265,.F.);
#4755=ORIENTED_EDGE('',*,*,#3249,.F.);
#4756=ORIENTED_EDGE('',*,*,#3252,.F.);
#4757=ORIENTED_EDGE('',*,*,#3254,.F.);
#4758=ORIENTED_EDGE('',*,*,#3260,.F.);
#4759=ORIENTED_EDGE('',*,*,#3262,.F.);
#4760=ORIENTED_EDGE('',*,*,#3263,.F.);
#4761=ORIENTED_EDGE('',*,*,#3271,.F.);
#4762=ORIENTED_EDGE('',*,*,#3272,.F.);
#4763=ORIENTED_EDGE('',*,*,#3273,.F.);
#4764=ORIENTED_EDGE('',*,*,#3274,.F.);
#4765=ORIENTED_EDGE('',*,*,#3275,.T.);
#4766=ORIENTED_EDGE('',*,*,#3276,.T.);
#4767=ORIENTED_EDGE('',*,*,#3277,.F.);
#4768=ORIENTED_EDGE('',*,*,#3278,.F.);
#4769=ORIENTED_EDGE('',*,*,#3279,.F.);
#4770=ORIENTED_EDGE('',*,*,#3271,.T.);
#4771=ORIENTED_EDGE('',*,*,#3280,.T.);
#4772=ORIENTED_EDGE('',*,*,#3281,.T.);
#4773=ORIENTED_EDGE('',*,*,#3280,.F.);
#4774=ORIENTED_EDGE('',*,*,#3282,.F.);
#4775=ORIENTED_EDGE('',*,*,#3283,.T.);
#4776=ORIENTED_EDGE('',*,*,#3284,.T.);
#4777=ORIENTED_EDGE('',*,*,#3285,.T.);
#4778=ORIENTED_EDGE('',*,*,#3286,.T.);
#4779=ORIENTED_EDGE('',*,*,#3281,.F.);
#4780=ORIENTED_EDGE('',*,*,#3286,.F.);
#4781=ORIENTED_EDGE('',*,*,#3287,.T.);
#4782=ORIENTED_EDGE('',*,*,#3288,.T.);
#4783=ORIENTED_EDGE('',*,*,#3289,.T.);
#4784=ORIENTED_EDGE('',*,*,#3283,.F.);
#4785=ORIENTED_EDGE('',*,*,#3279,.T.);
#4786=ORIENTED_EDGE('',*,*,#3290,.T.);
#4787=ORIENTED_EDGE('',*,*,#3291,.T.);
#4788=ORIENTED_EDGE('',*,*,#3290,.F.);
#4789=ORIENTED_EDGE('',*,*,#3292,.F.);
#4790=ORIENTED_EDGE('',*,*,#3293,.T.);
#4791=ORIENTED_EDGE('',*,*,#3294,.T.);
#4792=ORIENTED_EDGE('',*,*,#3295,.T.);
#4793=ORIENTED_EDGE('',*,*,#3296,.T.);
#4794=ORIENTED_EDGE('',*,*,#3291,.F.);
#4795=ORIENTED_EDGE('',*,*,#3296,.F.);
#4796=ORIENTED_EDGE('',*,*,#3297,.T.);
#4797=ORIENTED_EDGE('',*,*,#3298,.T.);
#4798=ORIENTED_EDGE('',*,*,#3299,.T.);
#4799=ORIENTED_EDGE('',*,*,#3293,.F.);
#4800=ORIENTED_EDGE('',*,*,#3272,.T.);
#4801=ORIENTED_EDGE('',*,*,#3300,.T.);
#4802=ORIENTED_EDGE('',*,*,#3301,.T.);
#4803=ORIENTED_EDGE('',*,*,#3300,.F.);
#4804=ORIENTED_EDGE('',*,*,#3302,.F.);
#4805=ORIENTED_EDGE('',*,*,#3303,.T.);
#4806=ORIENTED_EDGE('',*,*,#3304,.T.);
#4807=ORIENTED_EDGE('',*,*,#3305,.T.);
#4808=ORIENTED_EDGE('',*,*,#3306,.T.);
#4809=ORIENTED_EDGE('',*,*,#3301,.F.);
#4810=ORIENTED_EDGE('',*,*,#3306,.F.);
#4811=ORIENTED_EDGE('',*,*,#3307,.T.);
#4812=ORIENTED_EDGE('',*,*,#3308,.T.);
#4813=ORIENTED_EDGE('',*,*,#3309,.T.);
#4814=ORIENTED_EDGE('',*,*,#3303,.F.);
#4815=ORIENTED_EDGE('',*,*,#3278,.T.);
#4816=ORIENTED_EDGE('',*,*,#3310,.T.);
#4817=ORIENTED_EDGE('',*,*,#3311,.T.);
#4818=ORIENTED_EDGE('',*,*,#3310,.F.);
#4819=ORIENTED_EDGE('',*,*,#3312,.F.);
#4820=ORIENTED_EDGE('',*,*,#3313,.T.);
#4821=ORIENTED_EDGE('',*,*,#3314,.T.);
#4822=ORIENTED_EDGE('',*,*,#3315,.T.);
#4823=ORIENTED_EDGE('',*,*,#3316,.T.);
#4824=ORIENTED_EDGE('',*,*,#3311,.F.);
#4825=ORIENTED_EDGE('',*,*,#3316,.F.);
#4826=ORIENTED_EDGE('',*,*,#3317,.T.);
#4827=ORIENTED_EDGE('',*,*,#3318,.T.);
#4828=ORIENTED_EDGE('',*,*,#3319,.T.);
#4829=ORIENTED_EDGE('',*,*,#3313,.F.);
#4830=ORIENTED_EDGE('',*,*,#3238,.T.);
#4831=ORIENTED_EDGE('',*,*,#3320,.T.);
#4832=ORIENTED_EDGE('',*,*,#3312,.T.);
#4833=ORIENTED_EDGE('',*,*,#3320,.F.);
#4834=ORIENTED_EDGE('',*,*,#3246,.T.);
#4835=ORIENTED_EDGE('',*,*,#3321,.T.);
#4836=ORIENTED_EDGE('',*,*,#3302,.T.);
#4837=ORIENTED_EDGE('',*,*,#3321,.F.);
#4838=ORIENTED_EDGE('',*,*,#3239,.T.);
#4839=ORIENTED_EDGE('',*,*,#3322,.T.);
#4840=ORIENTED_EDGE('',*,*,#3282,.T.);
#4841=ORIENTED_EDGE('',*,*,#3322,.F.);
#4842=ORIENTED_EDGE('',*,*,#3245,.T.);
#4843=ORIENTED_EDGE('',*,*,#3323,.T.);
#4844=ORIENTED_EDGE('',*,*,#3292,.T.);
#4845=ORIENTED_EDGE('',*,*,#3323,.F.);
#4846=ORIENTED_EDGE('',*,*,#3273,.T.);
#4847=ORIENTED_EDGE('',*,*,#3324,.T.);
#4848=ORIENTED_EDGE('',*,*,#3325,.T.);
#4849=ORIENTED_EDGE('',*,*,#3324,.F.);
#4850=ORIENTED_EDGE('',*,*,#3325,.F.);
#4851=ORIENTED_EDGE('',*,*,#3326,.T.);
#4852=ORIENTED_EDGE('',*,*,#3327,.T.);
#4853=ORIENTED_EDGE('',*,*,#3326,.F.);
#4854=ORIENTED_EDGE('',*,*,#3240,.T.);
#4855=ORIENTED_EDGE('',*,*,#3328,.T.);
#4856=ORIENTED_EDGE('',*,*,#3329,.T.);
#4857=ORIENTED_EDGE('',*,*,#3328,.F.);
#4858=ORIENTED_EDGE('',*,*,#3330,.F.);
#4859=ORIENTED_EDGE('',*,*,#3331,.T.);
#4860=ORIENTED_EDGE('',*,*,#3329,.F.);
#4861=ORIENTED_EDGE('',*,*,#3331,.F.);
#4862=ORIENTED_EDGE('',*,*,#3332,.F.);
#4863=ORIENTED_EDGE('',*,*,#3327,.F.);
#4864=ORIENTED_EDGE('',*,*,#3274,.T.);
#4865=ORIENTED_EDGE('',*,*,#3333,.T.);
#4866=ORIENTED_EDGE('',*,*,#3334,.T.);
#4867=ORIENTED_EDGE('',*,*,#3333,.F.);
#4868=ORIENTED_EDGE('',*,*,#3335,.F.);
#4869=ORIENTED_EDGE('',*,*,#3336,.T.);
#4870=ORIENTED_EDGE('',*,*,#3334,.F.);
#4871=ORIENTED_EDGE('',*,*,#3336,.F.);
#4872=ORIENTED_EDGE('',*,*,#3277,.T.);
#4873=ORIENTED_EDGE('',*,*,#3337,.T.);
#4874=ORIENTED_EDGE('',*,*,#3338,.T.);
#4875=ORIENTED_EDGE('',*,*,#3337,.F.);
#4876=ORIENTED_EDGE('',*,*,#3339,.F.);
#4877=ORIENTED_EDGE('',*,*,#3340,.T.);
#4878=ORIENTED_EDGE('',*,*,#3338,.F.);
#4879=ORIENTED_EDGE('',*,*,#3340,.F.);
#4880=ORIENTED_EDGE('',*,*,#3244,.T.);
#4881=ORIENTED_EDGE('',*,*,#3341,.T.);
#4882=ORIENTED_EDGE('',*,*,#3339,.T.);
#4883=ORIENTED_EDGE('',*,*,#3341,.F.);
#4884=ORIENTED_EDGE('',*,*,#3241,.T.);
#4885=ORIENTED_EDGE('',*,*,#3342,.T.);
#4886=ORIENTED_EDGE('',*,*,#3335,.T.);
#4887=ORIENTED_EDGE('',*,*,#3342,.F.);
#4888=ORIENTED_EDGE('',*,*,#3343,.T.);
#4889=ORIENTED_EDGE('',*,*,#3344,.T.);
#4890=ORIENTED_EDGE('',*,*,#3345,.T.);
#4891=ORIENTED_EDGE('',*,*,#3343,.F.);
#4892=ORIENTED_EDGE('',*,*,#3235,.T.);
#4893=ORIENTED_EDGE('',*,*,#3344,.F.);
#4894=ORIENTED_EDGE('',*,*,#3345,.F.);
#4895=ORIENTED_EDGE('',*,*,#3346,.T.);
#4896=ORIENTED_EDGE('',*,*,#3297,.F.);
#4897=ORIENTED_EDGE('',*,*,#3295,.F.);
#4898=ORIENTED_EDGE('',*,*,#3294,.F.);
#4899=ORIENTED_EDGE('',*,*,#3299,.F.);
#4900=ORIENTED_EDGE('',*,*,#3298,.F.);
#4901=ORIENTED_EDGE('',*,*,#3346,.F.);
#4902=ORIENTED_EDGE('',*,*,#3347,.T.);
#4903=ORIENTED_EDGE('',*,*,#3348,.T.);
#4904=ORIENTED_EDGE('',*,*,#3349,.T.);
#4905=ORIENTED_EDGE('',*,*,#3347,.F.);
#4906=ORIENTED_EDGE('',*,*,#3269,.T.);
#4907=ORIENTED_EDGE('',*,*,#3348,.F.);
#4908=ORIENTED_EDGE('',*,*,#3349,.F.);
#4909=ORIENTED_EDGE('',*,*,#3350,.T.);
#4910=ORIENTED_EDGE('',*,*,#3307,.F.);
#4911=ORIENTED_EDGE('',*,*,#3305,.F.);
#4912=ORIENTED_EDGE('',*,*,#3304,.F.);
#4913=ORIENTED_EDGE('',*,*,#3309,.F.);
#4914=ORIENTED_EDGE('',*,*,#3308,.F.);
#4915=ORIENTED_EDGE('',*,*,#3350,.F.);
#4916=ORIENTED_EDGE('',*,*,#3351,.T.);
#4917=ORIENTED_EDGE('',*,*,#3352,.T.);
#4918=ORIENTED_EDGE('',*,*,#3353,.T.);
#4919=ORIENTED_EDGE('',*,*,#3351,.F.);
#4920=ORIENTED_EDGE('',*,*,#3230,.T.);
#4921=ORIENTED_EDGE('',*,*,#3352,.F.);
#4922=ORIENTED_EDGE('',*,*,#3353,.F.);
#4923=ORIENTED_EDGE('',*,*,#3354,.T.);
#4924=ORIENTED_EDGE('',*,*,#3317,.F.);
#4925=ORIENTED_EDGE('',*,*,#3315,.F.);
#4926=ORIENTED_EDGE('',*,*,#3314,.F.);
#4927=ORIENTED_EDGE('',*,*,#3319,.F.);
#4928=ORIENTED_EDGE('',*,*,#3318,.F.);
#4929=ORIENTED_EDGE('',*,*,#3354,.F.);
#4930=ORIENTED_EDGE('',*,*,#3243,.F.);
#4931=ORIENTED_EDGE('',*,*,#3355,.T.);
#4932=ORIENTED_EDGE('',*,*,#3275,.F.);
#4933=ORIENTED_EDGE('',*,*,#3355,.F.);
#4934=ORIENTED_EDGE('',*,*,#3242,.F.);
#4935=ORIENTED_EDGE('',*,*,#3356,.T.);
#4936=ORIENTED_EDGE('',*,*,#3276,.F.);
#4937=ORIENTED_EDGE('',*,*,#3356,.F.);
#4938=ORIENTED_EDGE('',*,*,#3330,.T.);
#4939=ORIENTED_EDGE('',*,*,#3357,.F.);
#4940=ORIENTED_EDGE('',*,*,#3357,.T.);
#4941=ORIENTED_EDGE('',*,*,#3332,.T.);
#4942=ORIENTED_EDGE('',*,*,#3358,.T.);
#4943=ORIENTED_EDGE('',*,*,#3359,.T.);
#4944=ORIENTED_EDGE('',*,*,#3360,.T.);
#4945=ORIENTED_EDGE('',*,*,#3358,.F.);
#4946=ORIENTED_EDGE('',*,*,#3361,.T.);
#4947=ORIENTED_EDGE('',*,*,#3359,.F.);
#4948=ORIENTED_EDGE('',*,*,#3360,.F.);
#4949=ORIENTED_EDGE('',*,*,#3362,.T.);
#4950=ORIENTED_EDGE('',*,*,#3287,.F.);
#4951=ORIENTED_EDGE('',*,*,#3285,.F.);
#4952=ORIENTED_EDGE('',*,*,#3284,.F.);
#4953=ORIENTED_EDGE('',*,*,#3289,.F.);
#4954=ORIENTED_EDGE('',*,*,#3288,.F.);
#4955=ORIENTED_EDGE('',*,*,#3362,.F.);
#4956=ORIENTED_EDGE('',*,*,#3216,.F.);
#4957=ORIENTED_EDGE('',*,*,#3270,.F.);
#4958=ORIENTED_EDGE('',*,*,#3264,.F.);
#4959=ORIENTED_EDGE('',*,*,#3236,.F.);
#4960=ORIENTED_EDGE('',*,*,#3361,.F.);
#4961=TOROIDAL_SURFACE('',#5392,2.39999972060318,0.5);
#4962=TOROIDAL_SURFACE('',#5397,1.80623881557654,0.5);
#4963=TOROIDAL_SURFACE('',#5399,2.39999972060318,0.5);
#4964=TOROIDAL_SURFACE('',#5404,1.80623881557654,0.5);
#4965=TOROIDAL_SURFACE('',#5406,2.34574082114797,0.5);
#4966=TOROIDAL_SURFACE('',#5410,2.82842712474618,0.5);
#4967=TOROIDAL_SURFACE('',#5424,2.89220371894699,0.5);
#4968=TOROIDAL_SURFACE('',#5436,2.8284271247462,0.5);
#4969=TOROIDAL_SURFACE('',#5443,2.34574082114799,0.5);
#4970=TOROIDAL_SURFACE('',#5446,2.47753170704916,0.5);
#4971=TOROIDAL_SURFACE('',#5449,2.8284271247462,0.5);
#4972=TOROIDAL_SURFACE('',#5459,2.89220371894699,0.5);
#4973=TOROIDAL_SURFACE('',#5460,2.82842712474618,0.5);
#4974=TOROIDAL_SURFACE('',#5464,2.34574082114797,0.5);
#4975=TOROIDAL_SURFACE('',#5547,4.75,0.25);
#4976=TOROIDAL_SURFACE('',#5550,1.25,0.25);
#4977=TOROIDAL_SURFACE('',#5553,4.75,0.25);
#4978=TOROIDAL_SURFACE('',#5556,1.25,0.25);
#4979=TOROIDAL_SURFACE('',#5559,4.75,0.25);
#4980=TOROIDAL_SURFACE('',#5562,1.25,0.25);
#4981=TOROIDAL_SURFACE('',#5565,4.75,0.25);
#4982=TOROIDAL_SURFACE('',#5568,1.25,0.25);
#4983=TOROIDAL_SURFACE('',#5589,4.75,0.25);
#4984=TOROIDAL_SURFACE('',#5591,4.75,0.25);
#4985=TOROIDAL_SURFACE('',#5594,1.25,0.25);
#4986=TOROIDAL_SURFACE('',#5597,4.75,0.25);
#4987=TOROIDAL_SURFACE('',#5600,1.25,0.25);
#4988=TOROIDAL_SURFACE('',#5602,4.75,0.25);
#4989=TOROIDAL_SURFACE('',#5604,1.25,0.25);
#4990=TOROIDAL_SURFACE('',#5606,1.25,0.25);
#4991=TOROIDAL_SURFACE('',#5672,3.,0.5);
#4992=TOROIDAL_SURFACE('',#5678,2.,0.5);
#4993=TOROIDAL_SURFACE('',#5684,2.59807621135332,0.5);
#4994=TOROIDAL_SURFACE('',#5689,2.06215906273013,0.5);
#4995=TOROIDAL_SURFACE('',#5691,2.06215906273013,0.5);
#4996=TOROIDAL_SURFACE('',#5696,2.59807621135332,0.5);
#4997=TOROIDAL_SURFACE('',#5698,2.34574082114798,0.5);
#4998=TOROIDAL_SURFACE('',#5703,2.82842712474619,0.5);
#4999=TOROIDAL_SURFACE('',#5716,2.34574082114798,0.5);
#5000=TOROIDAL_SURFACE('',#5718,2.82842712474619,0.5);
#5001=TOROIDAL_SURFACE('',#5724,2.82842712474619,0.5);
#5002=TOROIDAL_SURFACE('',#5729,2.34574082114798,0.5);
#5003=TOROIDAL_SURFACE('',#5737,2.6752443269348,0.8);
#5004=TOROIDAL_SURFACE('',#5738,2.34574082114798,0.5);
#5005=TOROIDAL_SURFACE('',#5742,2.82842712474619,0.5);
#5006=TOROIDAL_SURFACE('',#5749,2.6752443269348,0.8);
#5007=TOROIDAL_SURFACE('',#5806,3.,0.5);
#5008=TOROIDAL_SURFACE('',#5811,2.,0.5);
#5009=TOROIDAL_SURFACE('',#5816,4.75,0.25);
#5010=TOROIDAL_SURFACE('',#5821,4.75,0.25);
#5011=TOROIDAL_SURFACE('',#5823,2.59807621135332,0.5);
#5012=TOROIDAL_SURFACE('',#5828,2.06215906273013,0.5);
#5013=TOROIDAL_SURFACE('',#5830,2.06215906273013,0.5);
#5014=TOROIDAL_SURFACE('',#5835,2.59807621135332,0.5);
#5015=TOROIDAL_SURFACE('',#5838,2.34574082114798,0.5);
#5016=TOROIDAL_SURFACE('',#5842,2.8284271247462,0.5);
#5017=TOROIDAL_SURFACE('',#5846,2.82842712474619,0.5);
#5018=TOROIDAL_SURFACE('',#5851,2.34574082114798,0.5);
#5019=TOROIDAL_SURFACE('',#5861,2.6752443269348,0.8);
#5020=TOROIDAL_SURFACE('',#5871,2.8284271247462,0.5);
#5021=TOROIDAL_SURFACE('',#5875,2.34574082114798,0.5);
#5022=TOROIDAL_SURFACE('',#5877,2.6752443269348,0.8);
#5023=TOROIDAL_SURFACE('',#5880,2.34574082114798,0.5);
#5024=TOROIDAL_SURFACE('',#5884,2.82842712474619,0.5);
#5025=TOROIDAL_SURFACE('',#5892,4.75,0.25);
#5026=TOROIDAL_SURFACE('',#5895,1.25,0.25);
#5027=TOROIDAL_SURFACE('',#5898,4.75,0.25);
#5028=TOROIDAL_SURFACE('',#5901,1.25,0.25);
#5029=TOROIDAL_SURFACE('',#5904,4.75,0.25);
#5030=TOROIDAL_SURFACE('',#5907,1.25,0.25);
#5031=TOROIDAL_SURFACE('',#5910,4.75,0.25);
#5032=TOROIDAL_SURFACE('',#5913,1.25,0.25);
#5033=TOROIDAL_SURFACE('',#5934,4.75,0.25);
#5034=TOROIDAL_SURFACE('',#5937,1.25,0.25);
#5035=TOROIDAL_SURFACE('',#5939,4.75,0.25);
#5036=TOROIDAL_SURFACE('',#5941,4.75,0.25);
#5037=TOROIDAL_SURFACE('',#5944,1.25,0.25);
#5038=TOROIDAL_SURFACE('',#5946,4.75,0.25);
#5039=TOROIDAL_SURFACE('',#5948,1.25,0.25);
#5040=TOROIDAL_SURFACE('',#5951,1.25,0.25);
#5041=TOROIDAL_SURFACE('',#6011,2.,0.5);
#5042=ADVANCED_FACE('',(#792),#4961,.T.);
#5043=ADVANCED_FACE('',(#793),#753,.F.);
#5044=ADVANCED_FACE('',(#794),#4962,.T.);
#5045=ADVANCED_FACE('',(#795),#4963,.T.);
#5046=ADVANCED_FACE('',(#796),#754,.F.);
#5047=ADVANCED_FACE('',(#797),#4964,.T.);
#5048=ADVANCED_FACE('',(#798),#4965,.T.);
#5049=ADVANCED_FACE('',(#799),#355,.F.);
#5050=ADVANCED_FACE('',(#800),#4966,.T.);
#5051=ADVANCED_FACE('',(#801),#341,.T.);
#5052=ADVANCED_FACE('',(#802),#342,.F.);
#5053=ADVANCED_FACE('',(#803),#288,.F.);
#5054=ADVANCED_FACE('',(#804),#4967,.T.);
#5055=ADVANCED_FACE('',(#805),#343,.T.);
#5056=ADVANCED_FACE('',(#806),#4968,.T.);
#5057=ADVANCED_FACE('',(#807),#344,.T.);
#5058=ADVANCED_FACE('',(#808),#4969,.T.);
#5059=ADVANCED_FACE('',(#809),#356,.F.);
#5060=ADVANCED_FACE('',(#810),#4970,.T.);
#5061=ADVANCED_FACE('',(#811),#357,.F.);
#5062=ADVANCED_FACE('',(#812),#4971,.T.);
#5063=ADVANCED_FACE('',(#813),#345,.T.);
#5064=ADVANCED_FACE('',(#814),#346,.T.);
#5065=ADVANCED_FACE('',(#815),#755,.F.);
#5066=ADVANCED_FACE('',(#816),#289,.F.);
#5067=ADVANCED_FACE('',(#817),#4972,.T.);
#5068=ADVANCED_FACE('',(#818),#4973,.T.);
#5069=ADVANCED_FACE('',(#819),#358,.F.);
#5070=ADVANCED_FACE('',(#820),#4974,.T.);
#5071=ADVANCED_FACE('',(#821),#347,.T.);
#5072=ADVANCED_FACE('',(#822),#756,.F.);
#5073=ADVANCED_FACE('',(#823),#757,.F.);
#5074=ADVANCED_FACE('',(#824),#758,.F.);
#5075=ADVANCED_FACE('',(#825),#359,.T.);
#5076=ADVANCED_FACE('',(#826),#224,.F.);
#5077=ADVANCED_FACE('',(#827),#360,.T.);
#5078=ADVANCED_FACE('',(#828),#361,.T.);
#5079=ADVANCED_FACE('',(#829),#225,.F.);
#5080=ADVANCED_FACE('',(#830),#362,.T.);
#5081=ADVANCED_FACE('',(#831),#363,.T.);
#5082=ADVANCED_FACE('',(#832),#226,.F.);
#5083=ADVANCED_FACE('',(#833),#364,.T.);
#5084=ADVANCED_FACE('',(#834),#365,.T.);
#5085=ADVANCED_FACE('',(#835),#227,.F.);
#5086=ADVANCED_FACE('',(#836),#366,.T.);
#5087=ADVANCED_FACE('',(#837),#367,.T.);
#5088=ADVANCED_FACE('',(#838),#228,.F.);
#5089=ADVANCED_FACE('',(#839),#368,.T.);
#5090=ADVANCED_FACE('',(#840),#369,.T.);
#5091=ADVANCED_FACE('',(#841),#229,.F.);
#5092=ADVANCED_FACE('',(#842),#370,.T.);
#5093=ADVANCED_FACE('',(#843),#371,.T.);
#5094=ADVANCED_FACE('',(#844),#230,.F.);
#5095=ADVANCED_FACE('',(#845),#372,.T.);
#5096=ADVANCED_FACE('',(#846,#139),#759,.T.);
#5097=ADVANCED_FACE('',(#847,#140),#760,.T.);
#5098=ADVANCED_FACE('',(#848),#231,.F.);
#5099=ADVANCED_FACE('',(#849),#232,.F.);
#5100=ADVANCED_FACE('',(#850,#141,#142,#143),#761,.F.);
#5101=ADVANCED_FACE('',(#851),#233,.T.);
#5102=ADVANCED_FACE('',(#852),#234,.T.);
#5103=ADVANCED_FACE('',(#853),#235,.F.);
#5104=ADVANCED_FACE('',(#854),#236,.F.);
#5105=ADVANCED_FACE('',(#855),#237,.F.);
#5106=ADVANCED_FACE('',(#856),#762,.F.);
#5107=ADVANCED_FACE('',(#857),#290,.F.);
#5108=ADVANCED_FACE('',(#858),#291,.F.);
#5109=ADVANCED_FACE('',(#859),#763,.F.);
#5110=ADVANCED_FACE('',(#860),#764,.F.);
#5111=ADVANCED_FACE('',(#861),#765,.F.);
#5112=ADVANCED_FACE('',(#862),#766,.F.);
#5113=ADVANCED_FACE('',(#863),#767,.T.);
#5114=ADVANCED_FACE('',(#864),#768,.T.);
#5115=ADVANCED_FACE('',(#865),#373,.F.);
#5116=ADVANCED_FACE('',(#866),#292,.T.);
#5117=ADVANCED_FACE('',(#867),#374,.F.);
#5118=ADVANCED_FACE('',(#868),#769,.T.);
#5119=ADVANCED_FACE('',(#869),#375,.F.);
#5120=ADVANCED_FACE('',(#870),#293,.T.);
#5121=ADVANCED_FACE('',(#871),#376,.F.);
#5122=ADVANCED_FACE('',(#872),#238,.T.);
#5123=ADVANCED_FACE('',(#873),#770,.T.);
#5124=ADVANCED_FACE('',(#874),#377,.T.);
#5125=ADVANCED_FACE('',(#875),#239,.F.);
#5126=ADVANCED_FACE('',(#876,#144,#145,#146,#147,#148,#149,#150,#151,#152),
#771,.T.);
#5127=ADVANCED_FACE('',(#877),#378,.T.);
#5128=ADVANCED_FACE('',(#878,#153,#154,#155,#156,#157,#158,#159,#160,#161),
#772,.T.);
#5129=ADVANCED_FACE('',(#879),#294,.T.);
#5130=ADVANCED_FACE('',(#880),#240,.T.);
#5131=ADVANCED_FACE('',(#881),#295,.T.);
#5132=ADVANCED_FACE('',(#882),#4975,.T.);
#5133=ADVANCED_FACE('',(#883),#4976,.T.);
#5134=ADVANCED_FACE('',(#884),#4977,.T.);
#5135=ADVANCED_FACE('',(#885),#4978,.T.);
#5136=ADVANCED_FACE('',(#886),#4979,.T.);
#5137=ADVANCED_FACE('',(#887),#4980,.T.);
#5138=ADVANCED_FACE('',(#888),#4981,.T.);
#5139=ADVANCED_FACE('',(#889),#4982,.T.);
#5140=ADVANCED_FACE('',(#890,#162),#241,.T.);
#5141=ADVANCED_FACE('',(#891),#242,.T.);
#5142=ADVANCED_FACE('',(#892,#163),#243,.T.);
#5143=ADVANCED_FACE('',(#893),#244,.T.);
#5144=ADVANCED_FACE('',(#894,#164,#165,#166,#167,#168,#169,#170,#171,#172),
#773,.T.);
#5145=ADVANCED_FACE('',(#895),#4983,.T.);
#5146=ADVANCED_FACE('',(#896),#4984,.T.);
#5147=ADVANCED_FACE('',(#897),#4985,.T.);
#5148=ADVANCED_FACE('',(#898),#4986,.T.);
#5149=ADVANCED_FACE('',(#899),#4987,.T.);
#5150=ADVANCED_FACE('',(#900),#4988,.T.);
#5151=ADVANCED_FACE('',(#901),#4989,.T.);
#5152=ADVANCED_FACE('',(#902),#4990,.T.);
#5153=ADVANCED_FACE('',(#903),#245,.T.);
#5154=ADVANCED_FACE('',(#904,#173),#246,.T.);
#5155=ADVANCED_FACE('',(#905),#247,.T.);
#5156=ADVANCED_FACE('',(#906,#174,#175,#176,#177,#178,#179,#180,#181,#182),
#774,.T.);
#5157=ADVANCED_FACE('',(#907),#296,.F.);
#5158=ADVANCED_FACE('',(#908),#248,.F.);
#5159=ADVANCED_FACE('',(#909),#297,.F.);
#5160=ADVANCED_FACE('',(#910),#249,.F.);
#5161=ADVANCED_FACE('',(#911),#298,.F.);
#5162=ADVANCED_FACE('',(#912),#250,.F.);
#5163=ADVANCED_FACE('',(#913),#299,.F.);
#5164=ADVANCED_FACE('',(#914),#251,.F.);
#5165=ADVANCED_FACE('',(#915),#300,.F.);
#5166=ADVANCED_FACE('',(#916),#301,.F.);
#5167=ADVANCED_FACE('',(#917),#302,.F.);
#5168=ADVANCED_FACE('',(#918),#303,.F.);
#5169=ADVANCED_FACE('',(#919),#304,.F.);
#5170=ADVANCED_FACE('',(#920),#252,.F.);
#5171=ADVANCED_FACE('',(#921),#305,.F.);
#5172=ADVANCED_FACE('',(#922),#253,.F.);
#5173=ADVANCED_FACE('',(#923),#306,.F.);
#5174=ADVANCED_FACE('',(#924),#307,.F.);
#5175=ADVANCED_FACE('',(#925),#4991,.F.);
#5176=ADVANCED_FACE('',(#926),#254,.T.);
#5177=ADVANCED_FACE('',(#927),#4992,.F.);
#5178=ADVANCED_FACE('',(#928),#255,.T.);
#5179=ADVANCED_FACE('',(#929),#4993,.T.);
#5180=ADVANCED_FACE('',(#930),#775,.F.);
#5181=ADVANCED_FACE('',(#931),#4994,.T.);
#5182=ADVANCED_FACE('',(#932),#4995,.T.);
#5183=ADVANCED_FACE('',(#933),#776,.F.);
#5184=ADVANCED_FACE('',(#934),#4996,.T.);
#5185=ADVANCED_FACE('',(#935),#4997,.T.);
#5186=ADVANCED_FACE('',(#936),#379,.F.);
#5187=ADVANCED_FACE('',(#937),#380,.F.);
#5188=ADVANCED_FACE('',(#938),#4998,.T.);
#5189=ADVANCED_FACE('',(#939),#348,.F.);
#5190=ADVANCED_FACE('',(#940),#308,.F.);
#5191=ADVANCED_FACE('',(#941),#4999,.T.);
#5192=ADVANCED_FACE('',(#942),#5000,.T.);
#5193=ADVANCED_FACE('',(#943),#381,.F.);
#5194=ADVANCED_FACE('',(#944),#382,.F.);
#5195=ADVANCED_FACE('',(#945),#777,.F.);
#5196=ADVANCED_FACE('',(#946),#5001,.T.);
#5197=ADVANCED_FACE('',(#947),#383,.F.);
#5198=ADVANCED_FACE('',(#948),#384,.F.);
#5199=ADVANCED_FACE('',(#949),#5002,.T.);
#5200=ADVANCED_FACE('',(#950),#349,.T.);
#5201=ADVANCED_FACE('',(#951),#5003,.T.);
#5202=ADVANCED_FACE('',(#952),#5004,.T.);
#5203=ADVANCED_FACE('',(#953),#385,.F.);
#5204=ADVANCED_FACE('',(#954),#386,.F.);
#5205=ADVANCED_FACE('',(#955),#5005,.T.);
#5206=ADVANCED_FACE('',(#956),#309,.F.);
#5207=ADVANCED_FACE('',(#957),#778,.F.);
#5208=ADVANCED_FACE('',(#958),#779,.F.);
#5209=ADVANCED_FACE('',(#959),#780,.F.);
#5210=ADVANCED_FACE('',(#960),#5006,.T.);
#5211=ADVANCED_FACE('',(#961),#387,.T.);
#5212=ADVANCED_FACE('',(#962),#256,.F.);
#5213=ADVANCED_FACE('',(#963),#388,.T.);
#5214=ADVANCED_FACE('',(#964),#257,.F.);
#5215=ADVANCED_FACE('',(#965),#258,.F.);
#5216=ADVANCED_FACE('',(#966),#389,.T.);
#5217=ADVANCED_FACE('',(#967),#259,.F.);
#5218=ADVANCED_FACE('',(#968),#260,.F.);
#5219=ADVANCED_FACE('',(#969),#390,.T.);
#5220=ADVANCED_FACE('',(#970),#261,.F.);
#5221=ADVANCED_FACE('',(#971,#183),#262,.T.);
#5222=ADVANCED_FACE('',(#972),#350,.T.);
#5223=ADVANCED_FACE('',(#973),#310,.F.);
#5224=ADVANCED_FACE('',(#974,#184,#185,#186,#187,#188,#189,#190,#191,#192),
#781,.T.);
#5225=ADVANCED_FACE('',(#975),#311,.F.);
#5226=ADVANCED_FACE('',(#976),#312,.F.);
#5227=ADVANCED_FACE('',(#977),#313,.F.);
#5228=ADVANCED_FACE('',(#978),#314,.F.);
#5229=ADVANCED_FACE('',(#979),#315,.F.);
#5230=ADVANCED_FACE('',(#980),#316,.F.);
#5231=ADVANCED_FACE('',(#981),#317,.F.);
#5232=ADVANCED_FACE('',(#982),#318,.F.);
#5233=ADVANCED_FACE('',(#983,#193,#194,#195,#196,#197,#198,#199,#200,#201),
#782,.T.);
#5234=ADVANCED_FACE('',(#984),#319,.F.);
#5235=ADVANCED_FACE('',(#985),#320,.F.);
#5236=ADVANCED_FACE('',(#986),#321,.F.);
#5237=ADVANCED_FACE('',(#987),#322,.F.);
#5238=ADVANCED_FACE('',(#988),#323,.F.);
#5239=ADVANCED_FACE('',(#989),#324,.F.);
#5240=ADVANCED_FACE('',(#990),#325,.F.);
#5241=ADVANCED_FACE('',(#991),#5007,.F.);
#5242=ADVANCED_FACE('',(#992),#263,.T.);
#5243=ADVANCED_FACE('',(#993),#5008,.F.);
#5244=ADVANCED_FACE('',(#994),#264,.T.);
#5245=ADVANCED_FACE('',(#995),#5009,.T.);
#5246=ADVANCED_FACE('',(#996),#265,.T.);
#5247=ADVANCED_FACE('',(#997),#5010,.T.);
#5248=ADVANCED_FACE('',(#998),#5011,.T.);
#5249=ADVANCED_FACE('',(#999),#783,.F.);
#5250=ADVANCED_FACE('',(#1000),#5012,.T.);
#5251=ADVANCED_FACE('',(#1001),#5013,.T.);
#5252=ADVANCED_FACE('',(#1002),#784,.F.);
#5253=ADVANCED_FACE('',(#1003),#5014,.T.);
#5254=ADVANCED_FACE('',(#1004),#391,.F.);
#5255=ADVANCED_FACE('',(#1005),#5015,.T.);
#5256=ADVANCED_FACE('',(#1006),#392,.F.);
#5257=ADVANCED_FACE('',(#1007),#5016,.T.);
#5258=ADVANCED_FACE('',(#1008),#785,.F.);
#5259=ADVANCED_FACE('',(#1009),#5017,.T.);
#5260=ADVANCED_FACE('',(#1010),#393,.F.);
#5261=ADVANCED_FACE('',(#1011),#394,.F.);
#5262=ADVANCED_FACE('',(#1012),#5018,.T.);
#5263=ADVANCED_FACE('',(#1013),#351,.T.);
#5264=ADVANCED_FACE('',(#1014),#5019,.T.);
#5265=ADVANCED_FACE('',(#1015),#326,.F.);
#5266=ADVANCED_FACE('',(#1016),#352,.F.);
#5267=ADVANCED_FACE('',(#1017),#5020,.T.);
#5268=ADVANCED_FACE('',(#1018),#395,.F.);
#5269=ADVANCED_FACE('',(#1019),#396,.F.);
#5270=ADVANCED_FACE('',(#1020),#5021,.T.);
#5271=ADVANCED_FACE('',(#1021),#5022,.T.);
#5272=ADVANCED_FACE('',(#1022),#327,.F.);
#5273=ADVANCED_FACE('',(#1023),#5023,.T.);
#5274=ADVANCED_FACE('',(#1024),#397,.F.);
#5275=ADVANCED_FACE('',(#1025),#398,.F.);
#5276=ADVANCED_FACE('',(#1026),#5024,.T.);
#5277=ADVANCED_FACE('',(#1027),#786,.F.);
#5278=ADVANCED_FACE('',(#1028),#787,.F.);
#5279=ADVANCED_FACE('',(#1029),#788,.F.);
#5280=ADVANCED_FACE('',(#1030),#353,.T.);
#5281=ADVANCED_FACE('',(#1031),#5025,.T.);
#5282=ADVANCED_FACE('',(#1032),#5026,.T.);
#5283=ADVANCED_FACE('',(#1033),#5027,.T.);
#5284=ADVANCED_FACE('',(#1034),#5028,.T.);
#5285=ADVANCED_FACE('',(#1035),#5029,.T.);
#5286=ADVANCED_FACE('',(#1036),#5030,.T.);
#5287=ADVANCED_FACE('',(#1037),#5031,.T.);
#5288=ADVANCED_FACE('',(#1038),#5032,.T.);
#5289=ADVANCED_FACE('',(#1039,#202),#266,.T.);
#5290=ADVANCED_FACE('',(#1040),#267,.T.);
#5291=ADVANCED_FACE('',(#1041,#203),#268,.T.);
#5292=ADVANCED_FACE('',(#1042),#269,.T.);
#5293=ADVANCED_FACE('',(#1043,#204,#205,#206,#207,#208,#209,#210,#211,#212),
#789,.T.);
#5294=ADVANCED_FACE('',(#1044),#5033,.T.);
#5295=ADVANCED_FACE('',(#1045),#5034,.T.);
#5296=ADVANCED_FACE('',(#1046),#5035,.T.);
#5297=ADVANCED_FACE('',(#1047),#5036,.T.);
#5298=ADVANCED_FACE('',(#1048),#5037,.T.);
#5299=ADVANCED_FACE('',(#1049),#5038,.T.);
#5300=ADVANCED_FACE('',(#1050),#5039,.T.);
#5301=ADVANCED_FACE('',(#1051),#5040,.T.);
#5302=ADVANCED_FACE('',(#1052),#270,.T.);
#5303=ADVANCED_FACE('',(#1053,#213),#271,.T.);
#5304=ADVANCED_FACE('',(#1054),#272,.T.);
#5305=ADVANCED_FACE('',(#1055,#214,#215,#216,#217,#218,#219,#220,#221,#222),
#790,.T.);
#5306=ADVANCED_FACE('',(#1056),#328,.F.);
#5307=ADVANCED_FACE('',(#1057),#273,.F.);
#5308=ADVANCED_FACE('',(#1058),#329,.F.);
#5309=ADVANCED_FACE('',(#1059),#274,.F.);
#5310=ADVANCED_FACE('',(#1060),#330,.F.);
#5311=ADVANCED_FACE('',(#1061),#275,.F.);
#5312=ADVANCED_FACE('',(#1062),#331,.F.);
#5313=ADVANCED_FACE('',(#1063),#276,.F.);
#5314=ADVANCED_FACE('',(#1064),#332,.F.);
#5315=ADVANCED_FACE('',(#1065),#333,.F.);
#5316=ADVANCED_FACE('',(#1066),#334,.F.);
#5317=ADVANCED_FACE('',(#1067),#335,.F.);
#5318=ADVANCED_FACE('',(#1068),#336,.F.);
#5319=ADVANCED_FACE('',(#1069),#277,.F.);
#5320=ADVANCED_FACE('',(#1070),#5041,.F.);
#5321=ADVANCED_FACE('',(#1071),#278,.T.);
#5322=ADVANCED_FACE('',(#1072),#791,.T.);
#5323=ADVANCED_FACE('',(#1073),#337,.F.);
#5324=ADVANCED_FACE('',(#1074),#279,.F.);
#5325=ADVANCED_FACE('',(#1075),#338,.F.);
#5326=ADVANCED_FACE('',(#1076),#280,.F.);
#5327=ADVANCED_FACE('',(#1077),#339,.F.);
#5328=ADVANCED_FACE('',(#1078),#340,.F.);
#5329=ADVANCED_FACE('',(#1079),#399,.T.);
#5330=ADVANCED_FACE('',(#1080),#281,.F.);
#5331=ADVANCED_FACE('',(#1081),#400,.T.);
#5332=ADVANCED_FACE('',(#1082),#282,.F.);
#5333=ADVANCED_FACE('',(#1083),#401,.T.);
#5334=ADVANCED_FACE('',(#1084),#283,.F.);
#5335=ADVANCED_FACE('',(#1085),#284,.F.);
#5336=ADVANCED_FACE('',(#1086),#285,.F.);
#5337=ADVANCED_FACE('',(#1087),#354,.T.);
#5338=ADVANCED_FACE('',(#1088),#402,.T.);
#5339=ADVANCED_FACE('',(#1089),#286,.F.);
#5340=ADVANCED_FACE('',(#1090,#223),#287,.T.);
#5341=CLOSED_SHELL('',(#5042,#5043,#5044,#5045,#5046,#5047,#5048,#5049,
#5050,#5051,#5052,#5053,#5054,#5055,#5056,#5057,#5058,#5059,#5060,#5061,
#5062,#5063,#5064,#5065,#5066,#5067,#5068,#5069,#5070,#5071,#5072,#5073,
#5074,#5075,#5076,#5077,#5078,#5079,#5080,#5081,#5082,#5083,#5084,#5085,
#5086,#5087,#5088,#5089,#5090,#5091,#5092,#5093,#5094,#5095,#5096,#5097,
#5098,#5099,#5100,#5101,#5102,#5103,#5104,#5105,#5106,#5107,#5108,#5109,
#5110,#5111,#5112,#5113,#5114,#5115,#5116,#5117,#5118,#5119,#5120,#5121,
#5122,#5123,#5124,#5125,#5126,#5127,#5128,#5129,#5130,#5131));
#5342=CLOSED_SHELL('',(#5132,#5133,#5134,#5135,#5136,#5137,#5138,#5139,
#5140,#5141,#5142,#5143,#5144,#5145,#5146,#5147,#5148,#5149,#5150,#5151,
#5152,#5153,#5154,#5155,#5156,#5157,#5158,#5159,#5160,#5161,#5162,#5163,
#5164,#5165,#5166,#5167,#5168,#5169,#5170,#5171,#5172,#5173,#5174,#5175,
#5176,#5177,#5178,#5179,#5180,#5181,#5182,#5183,#5184,#5185,#5186,#5187,
#5188,#5189,#5190,#5191,#5192,#5193,#5194,#5195,#5196,#5197,#5198,#5199,
#5200,#5201,#5202,#5203,#5204,#5205,#5206,#5207,#5208,#5209,#5210,#5211,
#5212,#5213,#5214,#5215,#5216,#5217,#5218,#5219,#5220,#5221,#5222));
#5343=CLOSED_SHELL('',(#5223,#5224,#5225,#5226,#5227,#5228,#5229,#5230,
#5231,#5232,#5233,#5234,#5235,#5236,#5237,#5238,#5239,#5240,#5241,#5242,
#5243,#5244,#5245,#5246,#5247,#5248,#5249,#5250,#5251,#5252,#5253,#5254,
#5255,#5256,#5257,#5258,#5259,#5260,#5261,#5262,#5263,#5264,#5265,#5266,
#5267,#5268,#5269,#5270,#5271,#5272,#5273,#5274,#5275,#5276,#5277,#5278,
#5279,#5280));
#5344=CLOSED_SHELL('',(#5281,#5282,#5283,#5284,#5285,#5286,#5287,#5288,
#5289,#5290,#5291,#5292,#5293,#5294,#5295,#5296,#5297,#5298,#5299,#5300,
#5301,#5302,#5303,#5304,#5305,#5306,#5307,#5308,#5309,#5310,#5311,#5312,
#5313,#5314,#5315,#5316,#5317,#5318,#5319,#5320,#5321,#5322,#5323,#5324,
#5325,#5326,#5327,#5328,#5329,#5330,#5331,#5332,#5333,#5334,#5335,#5336,
#5337,#5338,#5339,#5340));
#5345=DERIVED_UNIT_ELEMENT(#5353,1.);
#5346=DERIVED_UNIT_ELEMENT(#14047,-3.);
#5347=DERIVED_UNIT_ELEMENT(#5353,1.);
#5348=DERIVED_UNIT_ELEMENT(#14047,-3.);
#5349=DERIVED_UNIT_ELEMENT(#5353,1.);
#5350=DERIVED_UNIT_ELEMENT(#14047,-3.);
#5351=DERIVED_UNIT_ELEMENT(#5353,1.);
#5352=DERIVED_UNIT_ELEMENT(#14047,-3.);
#5353=(
MASS_UNIT()
NAMED_UNIT(*)
SI_UNIT(.KILO.,.GRAM.)
);
#5354=DERIVED_UNIT((#5345,#5346));
#5355=DERIVED_UNIT((#5347,#5348));
#5356=DERIVED_UNIT((#5349,#5350));
#5357=DERIVED_UNIT((#5351,#5352));
#5358=MEASURE_REPRESENTATION_ITEM('density measure',
POSITIVE_RATIO_MEASURE(7850.),#5354);
#5359=MEASURE_REPRESENTATION_ITEM('density measure',
POSITIVE_RATIO_MEASURE(7850.),#5355);
#5360=MEASURE_REPRESENTATION_ITEM('density measure',
POSITIVE_RATIO_MEASURE(7850.),#5356);
#5361=MEASURE_REPRESENTATION_ITEM('density measure',
POSITIVE_RATIO_MEASURE(7850.),#5357);
#5362=PROPERTY_DEFINITION_REPRESENTATION(#5382,#5370);
#5363=PROPERTY_DEFINITION_REPRESENTATION(#5383,#5371);
#5364=PROPERTY_DEFINITION_REPRESENTATION(#5384,#5372);
#5365=PROPERTY_DEFINITION_REPRESENTATION(#5385,#5373);
#5366=PROPERTY_DEFINITION_REPRESENTATION(#5386,#5374);
#5367=PROPERTY_DEFINITION_REPRESENTATION(#5387,#5375);
#5368=PROPERTY_DEFINITION_REPRESENTATION(#5388,#5376);
#5369=PROPERTY_DEFINITION_REPRESENTATION(#5389,#5377);
#5370=REPRESENTATION('material name',(#5378),#14041);
#5371=REPRESENTATION('density',(#5358),#14041);
#5372=REPRESENTATION('material name',(#5379),#14042);
#5373=REPRESENTATION('density',(#5359),#14042);
#5374=REPRESENTATION('material name',(#5380),#14043);
#5375=REPRESENTATION('density',(#5360),#14043);
#5376=REPRESENTATION('material name',(#5381),#14044);
#5377=REPRESENTATION('density',(#5361),#14044);
#5378=DESCRIPTIVE_REPRESENTATION_ITEM('Steel','Steel');
#5379=DESCRIPTIVE_REPRESENTATION_ITEM('Steel','Steel');
#5380=DESCRIPTIVE_REPRESENTATION_ITEM('Steel','Steel');
#5381=DESCRIPTIVE_REPRESENTATION_ITEM('Steel','Steel');
#5382=PROPERTY_DEFINITION('material property','material name',#14084);
#5383=PROPERTY_DEFINITION('material property','density of part',#14084);
#5384=PROPERTY_DEFINITION('material property','material name',#14085);
#5385=PROPERTY_DEFINITION('material property','density of part',#14085);
#5386=PROPERTY_DEFINITION('material property','material name',#14086);
#5387=PROPERTY_DEFINITION('material property','density of part',#14086);
#5388=PROPERTY_DEFINITION('material property','material name',#14087);
#5389=PROPERTY_DEFINITION('material property','density of part',#14087);
#5390=AXIS2_PLACEMENT_3D('',#7557,#6054,#6055);
#5391=AXIS2_PLACEMENT_3D('',#7558,#6056,#6057);
#5392=AXIS2_PLACEMENT_3D('',#7559,#6058,#6059);
#5393=AXIS2_PLACEMENT_3D('',#7579,#6060,#6061);
#5394=AXIS2_PLACEMENT_3D('',#7603,#6062,#6063);
#5395=AXIS2_PLACEMENT_3D('',#7608,#6064,#6065);
#5396=AXIS2_PLACEMENT_3D('',#7617,#6067,#6068);
#5397=AXIS2_PLACEMENT_3D('',#7619,#6070,#6071);
#5398=AXIS2_PLACEMENT_3D('',#7636,#6072,#6073);
#5399=AXIS2_PLACEMENT_3D('',#7637,#6074,#6075);
#5400=AXIS2_PLACEMENT_3D('',#7657,#6076,#6077);
#5401=AXIS2_PLACEMENT_3D('',#7681,#6078,#6079);
#5402=AXIS2_PLACEMENT_3D('',#7686,#6080,#6081);
#5403=AXIS2_PLACEMENT_3D('',#7695,#6083,#6084);
#5404=AXIS2_PLACEMENT_3D('',#7702,#6086,#6087);
#5405=AXIS2_PLACEMENT_3D('',#7721,#6088,#6089);
#5406=AXIS2_PLACEMENT_3D('',#7722,#6090,#6091);
#5407=AXIS2_PLACEMENT_3D('',#7724,#6092,#6093);
#5408=AXIS2_PLACEMENT_3D('',#7726,#6094,#6095);
#5409=AXIS2_PLACEMENT_3D('',#7763,#6096,#6097);
#5410=AXIS2_PLACEMENT_3D('',#7773,#6098,#6099);
#5411=AXIS2_PLACEMENT_3D('',#7775,#6100,#6101);
#5412=AXIS2_PLACEMENT_3D('',#7776,#6102,#6103);
#5413=AXIS2_PLACEMENT_3D('',#7777,#6104,#6105);
#5414=AXIS2_PLACEMENT_3D('',#7778,#6106,#6107);
#5415=AXIS2_PLACEMENT_3D('',#7779,#6108,#6109);
#5416=AXIS2_PLACEMENT_3D('',#7780,#6110,#6111);
#5417=AXIS2_PLACEMENT_3D('',#7782,#6112,#6113);
#5418=AXIS2_PLACEMENT_3D('',#7788,#6114,#6115);
#5419=AXIS2_PLACEMENT_3D('',#7790,#6116,#6117);
#5420=AXIS2_PLACEMENT_3D('',#7792,#6118,#6119);
#5421=AXIS2_PLACEMENT_3D('',#7798,#6120,#6121);
#5422=AXIS2_PLACEMENT_3D('',#7799,#6122,#6123);
#5423=AXIS2_PLACEMENT_3D('',#7801,#6124,#6125);
#5424=AXIS2_PLACEMENT_3D('',#7806,#6126,#6127);
#5425=AXIS2_PLACEMENT_3D('',#7808,#6128,#6129);
#5426=AXIS2_PLACEMENT_3D('',#7809,#6130,#6131);
#5427=AXIS2_PLACEMENT_3D('',#7810,#6132,#6133);
#5428=AXIS2_PLACEMENT_3D('',#7812,#6134,#6135);
#5429=AXIS2_PLACEMENT_3D('',#7814,#6136,#6137);
#5430=AXIS2_PLACEMENT_3D('',#7816,#6138,#6139);
#5431=AXIS2_PLACEMENT_3D('',#7818,#6140,#6141);
#5432=AXIS2_PLACEMENT_3D('',#7819,#6142,#6143);
#5433=AXIS2_PLACEMENT_3D('',#7821,#6144,#6145);
#5434=AXIS2_PLACEMENT_3D('',#7822,#6146,#6147);
#5435=AXIS2_PLACEMENT_3D('',#7823,#6148,#6149);
#5436=AXIS2_PLACEMENT_3D('',#7824,#6150,#6151);
#5437=AXIS2_PLACEMENT_3D('',#7826,#6152,#6153);
#5438=AXIS2_PLACEMENT_3D('',#7827,#6154,#6155);
#5439=AXIS2_PLACEMENT_3D('',#7828,#6156,#6157);
#5440=AXIS2_PLACEMENT_3D('',#7830,#6158,#6159);
#5441=AXIS2_PLACEMENT_3D('',#7832,#6160,#6161);
#5442=AXIS2_PLACEMENT_3D('',#7833,#6162,#6163);
#5443=AXIS2_PLACEMENT_3D('',#7834,#6164,#6165);
#5444=AXIS2_PLACEMENT_3D('',#7835,#6166,#6167);
#5445=AXIS2_PLACEMENT_3D('',#7862,#6168,#6169);
#5446=AXIS2_PLACEMENT_3D('',#7867,#6170,#6171);
#5447=AXIS2_PLACEMENT_3D('',#7869,#6172,#6173);
#5448=AXIS2_PLACEMENT_3D('',#7907,#6174,#6175);
#5449=AXIS2_PLACEMENT_3D('',#7912,#6176,#6177);
#5450=AXIS2_PLACEMENT_3D('',#7913,#6178,#6179);
#5451=AXIS2_PLACEMENT_3D('',#7914,#6180,#6181);
#5452=AXIS2_PLACEMENT_3D('',#7915,#6182,#6183);
#5453=AXIS2_PLACEMENT_3D('',#7916,#6184,#6185);
#5454=AXIS2_PLACEMENT_3D('',#7917,#6186,#6187);
#5455=AXIS2_PLACEMENT_3D('',#7918,#6188,#6189);
#5456=AXIS2_PLACEMENT_3D('',#7919,#6190,#6191);
#5457=AXIS2_PLACEMENT_3D('',#7920,#6192,#6193);
#5458=AXIS2_PLACEMENT_3D('',#7921,#6194,#6195);
#5459=AXIS2_PLACEMENT_3D('',#7922,#6196,#6197);
#5460=AXIS2_PLACEMENT_3D('',#7923,#6198,#6199);
#5461=AXIS2_PLACEMENT_3D('',#7925,#6200,#6201);
#5462=AXIS2_PLACEMENT_3D('',#7926,#6202,#6203);
#5463=AXIS2_PLACEMENT_3D('',#7947,#6204,#6205);
#5464=AXIS2_PLACEMENT_3D('',#7963,#6206,#6207);
#5465=AXIS2_PLACEMENT_3D('',#7964,#6208,#6209);
#5466=AXIS2_PLACEMENT_3D('',#7965,#6210,#6211);
#5467=AXIS2_PLACEMENT_3D('',#7966,#6212,#6213);
#5468=AXIS2_PLACEMENT_3D('',#7967,#6214,#6215);
#5469=AXIS2_PLACEMENT_3D('',#7968,#6216,#6217);
#5470=AXIS2_PLACEMENT_3D('',#8091,#6219,#6220);
#5471=AXIS2_PLACEMENT_3D('',#8325,#6224,#6225);
#5472=AXIS2_PLACEMENT_3D('',#8559,#6229,#6230);
#5473=AXIS2_PLACEMENT_3D('',#8793,#6234,#6235);
#5474=AXIS2_PLACEMENT_3D('',#9027,#6239,#6240);
#5475=AXIS2_PLACEMENT_3D('',#9261,#6244,#6245);
#5476=AXIS2_PLACEMENT_3D('',#9495,#6249,#6250);
#5477=AXIS2_PLACEMENT_3D('',#9607,#6253,#6254);
#5478=AXIS2_PLACEMENT_3D('',#9623,#6256,#6257);
#5479=AXIS2_PLACEMENT_3D('',#9637,#6259,#6260);
#5480=AXIS2_PLACEMENT_3D('',#9639,#6261,#6262);
#5481=AXIS2_PLACEMENT_3D('',#9640,#6263,#6264);
#5482=AXIS2_PLACEMENT_3D('',#9654,#6265,#6266);
#5483=AXIS2_PLACEMENT_3D('',#9669,#6268,#6269);
#5484=AXIS2_PLACEMENT_3D('',#9672,#6271,#6272);
#5485=AXIS2_PLACEMENT_3D('',#9673,#6273,#6274);
#5486=AXIS2_PLACEMENT_3D('',#9676,#6275,#6276);
#5487=AXIS2_PLACEMENT_3D('',#9680,#6278,#6279);
#5488=AXIS2_PLACEMENT_3D('',#9682,#6281,#6282);
#5489=AXIS2_PLACEMENT_3D('',#9685,#6283,#6284);
#5490=AXIS2_PLACEMENT_3D('',#9689,#6286,#6287);
#5491=AXIS2_PLACEMENT_3D('',#9691,#6289,#6290);
#5492=AXIS2_PLACEMENT_3D('',#9696,#6292,#6293);
#5493=AXIS2_PLACEMENT_3D('',#9700,#6295,#6296);
#5494=AXIS2_PLACEMENT_3D('',#9704,#6298,#6299);
#5495=AXIS2_PLACEMENT_3D('',#9707,#6301,#6302);
#5496=AXIS2_PLACEMENT_3D('',#9711,#6304,#6305);
#5497=AXIS2_PLACEMENT_3D('',#9716,#6308,#6309);
#5498=AXIS2_PLACEMENT_3D('',#9719,#6311,#6312);
#5499=AXIS2_PLACEMENT_3D('',#9721,#6313,#6314);
#5500=AXIS2_PLACEMENT_3D('',#9722,#6315,#6316);
#5501=AXIS2_PLACEMENT_3D('',#9725,#6319,#6320);
#5502=AXIS2_PLACEMENT_3D('',#9728,#6323,#6324);
#5503=AXIS2_PLACEMENT_3D('',#9730,#6326,#6327);
#5504=AXIS2_PLACEMENT_3D('',#9732,#6329,#6330);
#5505=AXIS2_PLACEMENT_3D('',#9736,#6332,#6333);
#5506=AXIS2_PLACEMENT_3D('',#9741,#6336,#6337);
#5507=AXIS2_PLACEMENT_3D('',#9744,#6339,#6340);
#5508=AXIS2_PLACEMENT_3D('',#9746,#6341,#6342);
#5509=AXIS2_PLACEMENT_3D('',#9748,#6344,#6345);
#5510=AXIS2_PLACEMENT_3D('',#9752,#6346,#6347);
#5511=AXIS2_PLACEMENT_3D('',#9756,#6348,#6349);
#5512=AXIS2_PLACEMENT_3D('',#9763,#6350,#6351);
#5513=AXIS2_PLACEMENT_3D('',#9764,#6352,#6353);
#5514=AXIS2_PLACEMENT_3D('',#9765,#6354,#6355);
#5515=AXIS2_PLACEMENT_3D('',#9766,#6356,#6357);
#5516=AXIS2_PLACEMENT_3D('',#9767,#6358,#6359);
#5517=AXIS2_PLACEMENT_3D('',#9779,#6361,#6362);
#5518=AXIS2_PLACEMENT_3D('',#9870,#6364,#6365);
#5519=AXIS2_PLACEMENT_3D('',#9880,#6366,#6367);
#5520=AXIS2_PLACEMENT_3D('',#9955,#6368,#6369);
#5521=AXIS2_PLACEMENT_3D('',#10019,#6371,#6372);
#5522=AXIS2_PLACEMENT_3D('',#10021,#6373,#6374);
#5523=AXIS2_PLACEMENT_3D('',#10022,#6375,#6376);
#5524=AXIS2_PLACEMENT_3D('',#10078,#6377,#6378);
#5525=AXIS2_PLACEMENT_3D('',#10081,#6379,#6380);
#5526=AXIS2_PLACEMENT_3D('',#10083,#6381,#6382);
#5527=AXIS2_PLACEMENT_3D('',#10085,#6383,#6384);
#5528=AXIS2_PLACEMENT_3D('',#10087,#6385,#6386);
#5529=AXIS2_PLACEMENT_3D('',#10089,#6387,#6388);
#5530=AXIS2_PLACEMENT_3D('',#10091,#6389,#6390);
#5531=AXIS2_PLACEMENT_3D('',#10093,#6391,#6392);
#5532=AXIS2_PLACEMENT_3D('',#10095,#6393,#6394);
#5533=AXIS2_PLACEMENT_3D('',#10097,#6395,#6396);
#5534=AXIS2_PLACEMENT_3D('',#10098,#6397,#6398);
#5535=AXIS2_PLACEMENT_3D('',#10101,#6401,#6402);
#5536=AXIS2_PLACEMENT_3D('',#10224,#6404,#6405);
#5537=AXIS2_PLACEMENT_3D('',#10249,#6407,#6408);
#5538=AXIS2_PLACEMENT_3D('',#10251,#6409,#6410);
#5539=AXIS2_PLACEMENT_3D('',#10253,#6411,#6412);
#5540=AXIS2_PLACEMENT_3D('',#10341,#6414,#6415);
#5541=AXIS2_PLACEMENT_3D('',#10343,#6416,#6417);
#5542=AXIS2_PLACEMENT_3D('',#10345,#6418,#6419);
#5543=AXIS2_PLACEMENT_3D('',#10346,#6420,#6421);
#5544=AXIS2_PLACEMENT_3D('',#10348,#6423,#6424);
#5545=AXIS2_PLACEMENT_3D('',#10350,#6426,#6427);
#5546=AXIS2_PLACEMENT_3D('',#10352,#6429,#6430);
#5547=AXIS2_PLACEMENT_3D('',#10353,#6431,#6432);
#5548=AXIS2_PLACEMENT_3D('',#10356,#6433,#6434);
#5549=AXIS2_PLACEMENT_3D('',#10373,#6435,#6436);
#5550=AXIS2_PLACEMENT_3D('',#10388,#6437,#6438);
#5551=AXIS2_PLACEMENT_3D('',#10390,#6439,#6440);
#5552=AXIS2_PLACEMENT_3D('',#10406,#6441,#6442);
#5553=AXIS2_PLACEMENT_3D('',#10407,#6443,#6444);
#5554=AXIS2_PLACEMENT_3D('',#10410,#6445,#6446);
#5555=AXIS2_PLACEMENT_3D('',#10427,#6447,#6448);
#5556=AXIS2_PLACEMENT_3D('',#10442,#6449,#6450);
#5557=AXIS2_PLACEMENT_3D('',#10444,#6451,#6452);
#5558=AXIS2_PLACEMENT_3D('',#10460,#6453,#6454);
#5559=AXIS2_PLACEMENT_3D('',#10461,#6455,#6456);
#5560=AXIS2_PLACEMENT_3D('',#10462,#6457,#6458);
#5561=AXIS2_PLACEMENT_3D('',#10463,#6459,#6460);
#5562=AXIS2_PLACEMENT_3D('',#10464,#6461,#6462);
#5563=AXIS2_PLACEMENT_3D('',#10466,#6463,#6464);
#5564=AXIS2_PLACEMENT_3D('',#10468,#6465,#6466);
#5565=AXIS2_PLACEMENT_3D('',#10483,#6467,#6468);
#5566=AXIS2_PLACEMENT_3D('',#10485,#6469,#6470);
#5567=AXIS2_PLACEMENT_3D('',#10487,#6471,#6472);
#5568=AXIS2_PLACEMENT_3D('',#10502,#6473,#6474);
#5569=AXIS2_PLACEMENT_3D('',#10503,#6475,#6476);
#5570=AXIS2_PLACEMENT_3D('',#10504,#6477,#6478);
#5571=AXIS2_PLACEMENT_3D('',#10505,#6479,#6480);
#5572=AXIS2_PLACEMENT_3D('',#10509,#6482,#6483);
#5573=AXIS2_PLACEMENT_3D('',#10538,#6485,#6486);
#5574=AXIS2_PLACEMENT_3D('',#10541,#6488,#6489);
#5575=AXIS2_PLACEMENT_3D('',#10542,#6490,#6491);
#5576=AXIS2_PLACEMENT_3D('',#10545,#6493,#6494);
#5577=AXIS2_PLACEMENT_3D('',#10573,#6495,#6496);
#5578=AXIS2_PLACEMENT_3D('',#10576,#6498,#6499);
#5579=AXIS2_PLACEMENT_3D('',#10577,#6500,#6501);
#5580=AXIS2_PLACEMENT_3D('',#10579,#6502,#6503);
#5581=AXIS2_PLACEMENT_3D('',#10581,#6504,#6505);
#5582=AXIS2_PLACEMENT_3D('',#10583,#6506,#6507);
#5583=AXIS2_PLACEMENT_3D('',#10585,#6508,#6509);
#5584=AXIS2_PLACEMENT_3D('',#10587,#6510,#6511);
#5585=AXIS2_PLACEMENT_3D('',#10589,#6512,#6513);
#5586=AXIS2_PLACEMENT_3D('',#10591,#6514,#6515);
#5587=AXIS2_PLACEMENT_3D('',#10593,#6516,#6517);
#5588=AXIS2_PLACEMENT_3D('',#10595,#6518,#6519);
#5589=AXIS2_PLACEMENT_3D('',#10596,#6520,#6521);
#5590=AXIS2_PLACEMENT_3D('',#10613,#6522,#6523);
#5591=AXIS2_PLACEMENT_3D('',#10628,#6524,#6525);
#5592=AXIS2_PLACEMENT_3D('',#10631,#6526,#6527);
#5593=AXIS2_PLACEMENT_3D('',#10648,#6528,#6529);
#5594=AXIS2_PLACEMENT_3D('',#10663,#6530,#6531);
#5595=AXIS2_PLACEMENT_3D('',#10665,#6532,#6533);
#5596=AXIS2_PLACEMENT_3D('',#10681,#6534,#6535);
#5597=AXIS2_PLACEMENT_3D('',#10682,#6536,#6537);
#5598=AXIS2_PLACEMENT_3D('',#10683,#6538,#6539);
#5599=AXIS2_PLACEMENT_3D('',#10699,#6540,#6541);
#5600=AXIS2_PLACEMENT_3D('',#10700,#6542,#6543);
#5601=AXIS2_PLACEMENT_3D('',#10702,#6544,#6545);
#5602=AXIS2_PLACEMENT_3D('',#10717,#6546,#6547);
#5603=AXIS2_PLACEMENT_3D('',#10719,#6548,#6549);
#5604=AXIS2_PLACEMENT_3D('',#10734,#6550,#6551);
#5605=AXIS2_PLACEMENT_3D('',#10735,#6552,#6553);
#5606=AXIS2_PLACEMENT_3D('',#10736,#6554,#6555);
#5607=AXIS2_PLACEMENT_3D('',#10737,#6556,#6557);
#5608=AXIS2_PLACEMENT_3D('',#10738,#6558,#6559);
#5609=AXIS2_PLACEMENT_3D('',#10739,#6560,#6561);
#5610=AXIS2_PLACEMENT_3D('',#10741,#6563,#6564);
#5611=AXIS2_PLACEMENT_3D('',#10770,#6566,#6567);
#5612=AXIS2_PLACEMENT_3D('',#10772,#6569,#6570);
#5613=AXIS2_PLACEMENT_3D('',#10774,#6571,#6572);
#5614=AXIS2_PLACEMENT_3D('',#10776,#6573,#6574);
#5615=AXIS2_PLACEMENT_3D('',#10778,#6575,#6576);
#5616=AXIS2_PLACEMENT_3D('',#10780,#6577,#6578);
#5617=AXIS2_PLACEMENT_3D('',#10782,#6579,#6580);
#5618=AXIS2_PLACEMENT_3D('',#10784,#6581,#6582);
#5619=AXIS2_PLACEMENT_3D('',#10786,#6583,#6584);
#5620=AXIS2_PLACEMENT_3D('',#10788,#6585,#6586);
#5621=AXIS2_PLACEMENT_3D('',#10790,#6587,#6588);
#5622=AXIS2_PLACEMENT_3D('',#10791,#6589,#6590);
#5623=AXIS2_PLACEMENT_3D('',#10794,#6592,#6593);
#5624=AXIS2_PLACEMENT_3D('',#10795,#6594,#6595);
#5625=AXIS2_PLACEMENT_3D('',#10799,#6597,#6598);
#5626=AXIS2_PLACEMENT_3D('',#10801,#6599,#6600);
#5627=AXIS2_PLACEMENT_3D('',#10803,#6601,#6602);
#5628=AXIS2_PLACEMENT_3D('',#10806,#6604,#6605);
#5629=AXIS2_PLACEMENT_3D('',#10808,#6606,#6607);
#5630=AXIS2_PLACEMENT_3D('',#10809,#6608,#6609);
#5631=AXIS2_PLACEMENT_3D('',#10810,#6610,#6611);
#5632=AXIS2_PLACEMENT_3D('',#10813,#6613,#6614);
#5633=AXIS2_PLACEMENT_3D('',#10814,#6615,#6616);
#5634=AXIS2_PLACEMENT_3D('',#10818,#6618,#6619);
#5635=AXIS2_PLACEMENT_3D('',#10820,#6620,#6621);
#5636=AXIS2_PLACEMENT_3D('',#10822,#6622,#6623);
#5637=AXIS2_PLACEMENT_3D('',#10825,#6625,#6626);
#5638=AXIS2_PLACEMENT_3D('',#10827,#6627,#6628);
#5639=AXIS2_PLACEMENT_3D('',#10828,#6629,#6630);
#5640=AXIS2_PLACEMENT_3D('',#10829,#6631,#6632);
#5641=AXIS2_PLACEMENT_3D('',#10832,#6634,#6635);
#5642=AXIS2_PLACEMENT_3D('',#10833,#6636,#6637);
#5643=AXIS2_PLACEMENT_3D('',#10837,#6639,#6640);
#5644=AXIS2_PLACEMENT_3D('',#10839,#6641,#6642);
#5645=AXIS2_PLACEMENT_3D('',#10841,#6643,#6644);
#5646=AXIS2_PLACEMENT_3D('',#10844,#6646,#6647);
#5647=AXIS2_PLACEMENT_3D('',#10846,#6648,#6649);
#5648=AXIS2_PLACEMENT_3D('',#10847,#6650,#6651);
#5649=AXIS2_PLACEMENT_3D('',#10848,#6652,#6653);
#5650=AXIS2_PLACEMENT_3D('',#10851,#6655,#6656);
#5651=AXIS2_PLACEMENT_3D('',#10852,#6657,#6658);
#5652=AXIS2_PLACEMENT_3D('',#10856,#6660,#6661);
#5653=AXIS2_PLACEMENT_3D('',#10858,#6662,#6663);
#5654=AXIS2_PLACEMENT_3D('',#10860,#6664,#6665);
#5655=AXIS2_PLACEMENT_3D('',#10863,#6667,#6668);
#5656=AXIS2_PLACEMENT_3D('',#10865,#6669,#6670);
#5657=AXIS2_PLACEMENT_3D('',#10866,#6671,#6672);
#5658=AXIS2_PLACEMENT_3D('',#10867,#6673,#6674);
#5659=AXIS2_PLACEMENT_3D('',#10869,#6676,#6677);
#5660=AXIS2_PLACEMENT_3D('',#10871,#6679,#6680);
#5661=AXIS2_PLACEMENT_3D('',#10873,#6682,#6683);
#5662=AXIS2_PLACEMENT_3D('',#10875,#6685,#6686);
#5663=AXIS2_PLACEMENT_3D('',#10878,#6688,#6689);
#5664=AXIS2_PLACEMENT_3D('',#10879,#6690,#6691);
#5665=AXIS2_PLACEMENT_3D('',#10881,#6692,#6693);
#5666=AXIS2_PLACEMENT_3D('',#10883,#6695,#6696);
#5667=AXIS2_PLACEMENT_3D('',#10886,#6698,#6699);
#5668=AXIS2_PLACEMENT_3D('',#10887,#6700,#6701);
#5669=AXIS2_PLACEMENT_3D('',#10889,#6702,#6703);
#5670=AXIS2_PLACEMENT_3D('',#10891,#6705,#6706);
#5671=AXIS2_PLACEMENT_3D('',#10893,#6708,#6709);
#5672=AXIS2_PLACEMENT_3D('',#10895,#6711,#6712);
#5673=AXIS2_PLACEMENT_3D('',#10897,#6713,#6714);
#5674=AXIS2_PLACEMENT_3D('',#10899,#6715,#6716);
#5675=AXIS2_PLACEMENT_3D('',#10900,#6717,#6718);
#5676=AXIS2_PLACEMENT_3D('',#10901,#6719,#6720);
#5677=AXIS2_PLACEMENT_3D('',#10903,#6721,#6722);
#5678=AXIS2_PLACEMENT_3D('',#10905,#6724,#6725);
#5679=AXIS2_PLACEMENT_3D('',#10908,#6726,#6727);
#5680=AXIS2_PLACEMENT_3D('',#10909,#6728,#6729);
#5681=AXIS2_PLACEMENT_3D('',#10910,#6730,#6731);
#5682=AXIS2_PLACEMENT_3D('',#10911,#6732,#6733);
#5683=AXIS2_PLACEMENT_3D('',#10914,#6735,#6736);
#5684=AXIS2_PLACEMENT_3D('',#10915,#6737,#6738);
#5685=AXIS2_PLACEMENT_3D('',#10937,#6739,#6740);
#5686=AXIS2_PLACEMENT_3D('',#10963,#6741,#6742);
#5687=AXIS2_PLACEMENT_3D('',#10968,#6743,#6744);
#5688=AXIS2_PLACEMENT_3D('',#10977,#6746,#6747);
#5689=AXIS2_PLACEMENT_3D('',#10984,#6749,#6750);
#5690=AXIS2_PLACEMENT_3D('',#11003,#6751,#6752);
#5691=AXIS2_PLACEMENT_3D('',#11004,#6753,#6754);
#5692=AXIS2_PLACEMENT_3D('',#11016,#6755,#6756);
#5693=AXIS2_PLACEMENT_3D('',#11026,#6757,#6758);
#5694=AXIS2_PLACEMENT_3D('',#11027,#6759,#6760);
#5695=AXIS2_PLACEMENT_3D('',#11036,#6762,#6763);
#5696=AXIS2_PLACEMENT_3D('',#11043,#6765,#6766);
#5697=AXIS2_PLACEMENT_3D('',#11065,#6767,#6768);
#5698=AXIS2_PLACEMENT_3D('',#11093,#6769,#6770);
#5699=AXIS2_PLACEMENT_3D('',#11095,#6771,#6772);
#5700=AXIS2_PLACEMENT_3D('',#11097,#6773,#6774);
#5701=AXIS2_PLACEMENT_3D('',#11134,#6775,#6776);
#5702=AXIS2_PLACEMENT_3D('',#11182,#6777,#6778);
#5703=AXIS2_PLACEMENT_3D('',#11195,#6779,#6780);
#5704=AXIS2_PLACEMENT_3D('',#11196,#6781,#6782);
#5705=AXIS2_PLACEMENT_3D('',#11197,#6783,#6784);
#5706=AXIS2_PLACEMENT_3D('',#11198,#6785,#6786);
#5707=AXIS2_PLACEMENT_3D('',#11200,#6787,#6788);
#5708=AXIS2_PLACEMENT_3D('',#11206,#6789,#6790);
#5709=AXIS2_PLACEMENT_3D('',#11208,#6791,#6792);
#5710=AXIS2_PLACEMENT_3D('',#11215,#6793,#6794);
#5711=AXIS2_PLACEMENT_3D('',#11217,#6795,#6796);
#5712=AXIS2_PLACEMENT_3D('',#11219,#6797,#6798);
#5713=AXIS2_PLACEMENT_3D('',#11225,#6799,#6800);
#5714=AXIS2_PLACEMENT_3D('',#11226,#6801,#6802);
#5715=AXIS2_PLACEMENT_3D('',#11228,#6803,#6804);
#5716=AXIS2_PLACEMENT_3D('',#11233,#6805,#6806);
#5717=AXIS2_PLACEMENT_3D('',#11235,#6807,#6808);
#5718=AXIS2_PLACEMENT_3D('',#11246,#6809,#6810);
#5719=AXIS2_PLACEMENT_3D('',#11249,#6811,#6812);
#5720=AXIS2_PLACEMENT_3D('',#11250,#6813,#6814);
#5721=AXIS2_PLACEMENT_3D('',#11251,#6815,#6816);
#5722=AXIS2_PLACEMENT_3D('',#11290,#6817,#6818);
#5723=AXIS2_PLACEMENT_3D('',#11331,#6819,#6820);
#5724=AXIS2_PLACEMENT_3D('',#11332,#6821,#6822);
#5725=AXIS2_PLACEMENT_3D('',#11335,#6823,#6824);
#5726=AXIS2_PLACEMENT_3D('',#11336,#6825,#6826);
#5727=AXIS2_PLACEMENT_3D('',#11337,#6827,#6828);
#5728=AXIS2_PLACEMENT_3D('',#11375,#6829,#6830);
#5729=AXIS2_PLACEMENT_3D('',#11423,#6831,#6832);
#5730=AXIS2_PLACEMENT_3D('',#11424,#6833,#6834);
#5731=AXIS2_PLACEMENT_3D('',#11425,#6835,#6836);
#5732=AXIS2_PLACEMENT_3D('',#11427,#6837,#6838);
#5733=AXIS2_PLACEMENT_3D('',#11429,#6839,#6840);
#5734=AXIS2_PLACEMENT_3D('',#11430,#6841,#6842);
#5735=AXIS2_PLACEMENT_3D('',#11431,#6843,#6844);
#5736=AXIS2_PLACEMENT_3D('',#11432,#6845,#6846);
#5737=AXIS2_PLACEMENT_3D('',#11433,#6847,#6848);
#5738=AXIS2_PLACEMENT_3D('',#11434,#6849,#6850);
#5739=AXIS2_PLACEMENT_3D('',#11436,#6851,#6852);
#5740=AXIS2_PLACEMENT_3D('',#11473,#6853,#6854);
#5741=AXIS2_PLACEMENT_3D('',#11515,#6855,#6856);
#5742=AXIS2_PLACEMENT_3D('',#11528,#6857,#6858);
#5743=AXIS2_PLACEMENT_3D('',#11529,#6859,#6860);
#5744=AXIS2_PLACEMENT_3D('',#11530,#6861,#6862);
#5745=AXIS2_PLACEMENT_3D('',#11531,#6863,#6864);
#5746=AXIS2_PLACEMENT_3D('',#11532,#6865,#6866);
#5747=AXIS2_PLACEMENT_3D('',#11533,#6867,#6868);
#5748=AXIS2_PLACEMENT_3D('',#11534,#6869,#6870);
#5749=AXIS2_PLACEMENT_3D('',#11535,#6871,#6872);
#5750=AXIS2_PLACEMENT_3D('',#11673,#6874,#6875);
#5751=AXIS2_PLACEMENT_3D('',#11812,#6878,#6879);
#5752=AXIS2_PLACEMENT_3D('',#11814,#6881,#6882);
#5753=AXIS2_PLACEMENT_3D('',#11953,#6885,#6886);
#5754=AXIS2_PLACEMENT_3D('',#11955,#6888,#6889);
#5755=AXIS2_PLACEMENT_3D('',#12121,#6892,#6893);
#5756=AXIS2_PLACEMENT_3D('',#12123,#6895,#6896);
#5757=AXIS2_PLACEMENT_3D('',#12124,#6897,#6898);
#5758=AXIS2_PLACEMENT_3D('',#12126,#6899,#6900);
#5759=AXIS2_PLACEMENT_3D('',#12127,#6901,#6902);
#5760=AXIS2_PLACEMENT_3D('',#12128,#6903,#6904);
#5761=AXIS2_PLACEMENT_3D('',#12130,#6905,#6906);
#5762=AXIS2_PLACEMENT_3D('',#12133,#6908,#6909);
#5763=AXIS2_PLACEMENT_3D('',#12134,#6910,#6911);
#5764=AXIS2_PLACEMENT_3D('',#12136,#6912,#6913);
#5765=AXIS2_PLACEMENT_3D('',#12138,#6914,#6915);
#5766=AXIS2_PLACEMENT_3D('',#12140,#6916,#6917);
#5767=AXIS2_PLACEMENT_3D('',#12142,#6918,#6919);
#5768=AXIS2_PLACEMENT_3D('',#12144,#6920,#6921);
#5769=AXIS2_PLACEMENT_3D('',#12146,#6922,#6923);
#5770=AXIS2_PLACEMENT_3D('',#12148,#6924,#6925);
#5771=AXIS2_PLACEMENT_3D('',#12150,#6926,#6927);
#5772=AXIS2_PLACEMENT_3D('',#12152,#6928,#6929);
#5773=AXIS2_PLACEMENT_3D('',#12153,#6930,#6931);
#5774=AXIS2_PLACEMENT_3D('',#12156,#6933,#6934);
#5775=AXIS2_PLACEMENT_3D('',#12157,#6935,#6936);
#5776=AXIS2_PLACEMENT_3D('',#12160,#6938,#6939);
#5777=AXIS2_PLACEMENT_3D('',#12161,#6940,#6941);
#5778=AXIS2_PLACEMENT_3D('',#12164,#6943,#6944);
#5779=AXIS2_PLACEMENT_3D('',#12165,#6945,#6946);
#5780=AXIS2_PLACEMENT_3D('',#12168,#6948,#6949);
#5781=AXIS2_PLACEMENT_3D('',#12169,#6950,#6951);
#5782=AXIS2_PLACEMENT_3D('',#12172,#6953,#6954);
#5783=AXIS2_PLACEMENT_3D('',#12173,#6955,#6956);
#5784=AXIS2_PLACEMENT_3D('',#12176,#6958,#6959);
#5785=AXIS2_PLACEMENT_3D('',#12177,#6960,#6961);
#5786=AXIS2_PLACEMENT_3D('',#12180,#6963,#6964);
#5787=AXIS2_PLACEMENT_3D('',#12181,#6965,#6966);
#5788=AXIS2_PLACEMENT_3D('',#12183,#6967,#6968);
#5789=AXIS2_PLACEMENT_3D('',#12185,#6970,#6971);
#5790=AXIS2_PLACEMENT_3D('',#12187,#6972,#6973);
#5791=AXIS2_PLACEMENT_3D('',#12189,#6974,#6975);
#5792=AXIS2_PLACEMENT_3D('',#12191,#6976,#6977);
#5793=AXIS2_PLACEMENT_3D('',#12193,#6978,#6979);
#5794=AXIS2_PLACEMENT_3D('',#12195,#6980,#6981);
#5795=AXIS2_PLACEMENT_3D('',#12197,#6982,#6983);
#5796=AXIS2_PLACEMENT_3D('',#12199,#6984,#6985);
#5797=AXIS2_PLACEMENT_3D('',#12201,#6986,#6987);
#5798=AXIS2_PLACEMENT_3D('',#12203,#6988,#6989);
#5799=AXIS2_PLACEMENT_3D('',#12204,#6990,#6991);
#5800=AXIS2_PLACEMENT_3D('',#12206,#6993,#6994);
#5801=AXIS2_PLACEMENT_3D('',#12208,#6996,#6997);
#5802=AXIS2_PLACEMENT_3D('',#12210,#6999,#7000);
#5803=AXIS2_PLACEMENT_3D('',#12212,#7002,#7003);
#5804=AXIS2_PLACEMENT_3D('',#12214,#7005,#7006);
#5805=AXIS2_PLACEMENT_3D('',#12216,#7008,#7009);
#5806=AXIS2_PLACEMENT_3D('',#12218,#7011,#7012);
#5807=AXIS2_PLACEMENT_3D('',#12220,#7013,#7014);
#5808=AXIS2_PLACEMENT_3D('',#12221,#7015,#7016);
#5809=AXIS2_PLACEMENT_3D('',#12222,#7017,#7018);
#5810=AXIS2_PLACEMENT_3D('',#12225,#7020,#7021);
#5811=AXIS2_PLACEMENT_3D('',#12226,#7022,#7023);
#5812=AXIS2_PLACEMENT_3D('',#12228,#7024,#7025);
#5813=AXIS2_PLACEMENT_3D('',#12229,#7026,#7027);
#5814=AXIS2_PLACEMENT_3D('',#12230,#7028,#7029);
#5815=AXIS2_PLACEMENT_3D('',#12232,#7030,#7031);
#5816=AXIS2_PLACEMENT_3D('',#12234,#7033,#7034);
#5817=AXIS2_PLACEMENT_3D('',#12236,#7035,#7036);
#5818=AXIS2_PLACEMENT_3D('',#12237,#7037,#7038);
#5819=AXIS2_PLACEMENT_3D('',#12238,#7039,#7040);
#5820=AXIS2_PLACEMENT_3D('',#12241,#7042,#7043);
#5821=AXIS2_PLACEMENT_3D('',#12242,#7044,#7045);
#5822=AXIS2_PLACEMENT_3D('',#12243,#7046,#7047);
#5823=AXIS2_PLACEMENT_3D('',#12244,#7048,#7049);
#5824=AXIS2_PLACEMENT_3D('',#12266,#7050,#7051);
#5825=AXIS2_PLACEMENT_3D('',#12292,#7052,#7053);
#5826=AXIS2_PLACEMENT_3D('',#12297,#7054,#7055);
#5827=AXIS2_PLACEMENT_3D('',#12306,#7057,#7058);
#5828=AXIS2_PLACEMENT_3D('',#12313,#7060,#7061);
#5829=AXIS2_PLACEMENT_3D('',#12332,#7062,#7063);
#5830=AXIS2_PLACEMENT_3D('',#12333,#7064,#7065);
#5831=AXIS2_PLACEMENT_3D('',#12345,#7066,#7067);
#5832=AXIS2_PLACEMENT_3D('',#12355,#7068,#7069);
#5833=AXIS2_PLACEMENT_3D('',#12356,#7070,#7071);
#5834=AXIS2_PLACEMENT_3D('',#12365,#7073,#7074);
#5835=AXIS2_PLACEMENT_3D('',#12372,#7076,#7077);
#5836=AXIS2_PLACEMENT_3D('',#12394,#7078,#7079);
#5837=AXIS2_PLACEMENT_3D('',#12449,#7080,#7081);
#5838=AXIS2_PLACEMENT_3D('',#12470,#7082,#7083);
#5839=AXIS2_PLACEMENT_3D('',#12471,#7084,#7085);
#5840=AXIS2_PLACEMENT_3D('',#12472,#7086,#7087);
#5841=AXIS2_PLACEMENT_3D('',#12511,#7088,#7089);
#5842=AXIS2_PLACEMENT_3D('',#12524,#7090,#7091);
#5843=AXIS2_PLACEMENT_3D('',#12525,#7092,#7093);
#5844=AXIS2_PLACEMENT_3D('',#12526,#7094,#7095);
#5845=AXIS2_PLACEMENT_3D('',#12527,#7096,#7097);
#5846=AXIS2_PLACEMENT_3D('',#12528,#7098,#7099);
#5847=AXIS2_PLACEMENT_3D('',#12531,#7100,#7101);
#5848=AXIS2_PLACEMENT_3D('',#12532,#7102,#7103);
#5849=AXIS2_PLACEMENT_3D('',#12533,#7104,#7105);
#5850=AXIS2_PLACEMENT_3D('',#12572,#7106,#7107);
#5851=AXIS2_PLACEMENT_3D('',#12630,#7108,#7109);
#5852=AXIS2_PLACEMENT_3D('',#12631,#7110,#7111);
#5853=AXIS2_PLACEMENT_3D('',#12632,#7112,#7113);
#5854=AXIS2_PLACEMENT_3D('',#12633,#7114,#7115);
#5855=AXIS2_PLACEMENT_3D('',#12635,#7116,#7117);
#5856=AXIS2_PLACEMENT_3D('',#12637,#7118,#7119);
#5857=AXIS2_PLACEMENT_3D('',#12638,#7120,#7121);
#5858=AXIS2_PLACEMENT_3D('',#12640,#7122,#7123);
#5859=AXIS2_PLACEMENT_3D('',#12641,#7124,#7125);
#5860=AXIS2_PLACEMENT_3D('',#12642,#7126,#7127);
#5861=AXIS2_PLACEMENT_3D('',#12643,#7128,#7129);
#5862=AXIS2_PLACEMENT_3D('',#12645,#7130,#7131);
#5863=AXIS2_PLACEMENT_3D('',#12652,#7132,#7133);
#5864=AXIS2_PLACEMENT_3D('',#12654,#7134,#7135);
#5865=AXIS2_PLACEMENT_3D('',#12656,#7136,#7137);
#5866=AXIS2_PLACEMENT_3D('',#12661,#7138,#7139);
#5867=AXIS2_PLACEMENT_3D('',#12663,#7140,#7141);
#5868=AXIS2_PLACEMENT_3D('',#12669,#7142,#7143);
#5869=AXIS2_PLACEMENT_3D('',#12671,#7144,#7145);
#5870=AXIS2_PLACEMENT_3D('',#12677,#7146,#7147);
#5871=AXIS2_PLACEMENT_3D('',#12678,#7148,#7149);
#5872=AXIS2_PLACEMENT_3D('',#12680,#7150,#7151);
#5873=AXIS2_PLACEMENT_3D('',#12681,#7152,#7153);
#5874=AXIS2_PLACEMENT_3D('',#12720,#7154,#7155);
#5875=AXIS2_PLACEMENT_3D('',#12772,#7156,#7157);
#5876=AXIS2_PLACEMENT_3D('',#12773,#7158,#7159);
#5877=AXIS2_PLACEMENT_3D('',#12774,#7160,#7161);
#5878=AXIS2_PLACEMENT_3D('',#12775,#7162,#7163);
#5879=AXIS2_PLACEMENT_3D('',#12776,#7164,#7165);
#5880=AXIS2_PLACEMENT_3D('',#12777,#7166,#7167);
#5881=AXIS2_PLACEMENT_3D('',#12779,#7168,#7169);
#5882=AXIS2_PLACEMENT_3D('',#12815,#7170,#7171);
#5883=AXIS2_PLACEMENT_3D('',#12853,#7172,#7173);
#5884=AXIS2_PLACEMENT_3D('',#12860,#7174,#7175);
#5885=AXIS2_PLACEMENT_3D('',#12861,#7176,#7177);
#5886=AXIS2_PLACEMENT_3D('',#12862,#7178,#7179);
#5887=AXIS2_PLACEMENT_3D('',#12863,#7180,#7181);
#5888=AXIS2_PLACEMENT_3D('',#12864,#7182,#7183);
#5889=AXIS2_PLACEMENT_3D('',#12865,#7184,#7185);
#5890=AXIS2_PLACEMENT_3D('',#12867,#7186,#7187);
#5891=AXIS2_PLACEMENT_3D('',#12868,#7188,#7189);
#5892=AXIS2_PLACEMENT_3D('',#12869,#7190,#7191);
#5893=AXIS2_PLACEMENT_3D('',#12872,#7192,#7193);
#5894=AXIS2_PLACEMENT_3D('',#12889,#7194,#7195);
#5895=AXIS2_PLACEMENT_3D('',#12904,#7196,#7197);
#5896=AXIS2_PLACEMENT_3D('',#12906,#7198,#7199);
#5897=AXIS2_PLACEMENT_3D('',#12922,#7200,#7201);
#5898=AXIS2_PLACEMENT_3D('',#12923,#7202,#7203);
#5899=AXIS2_PLACEMENT_3D('',#12926,#7204,#7205);
#5900=AXIS2_PLACEMENT_3D('',#12943,#7206,#7207);
#5901=AXIS2_PLACEMENT_3D('',#12958,#7208,#7209);
#5902=AXIS2_PLACEMENT_3D('',#12960,#7210,#7211);
#5903=AXIS2_PLACEMENT_3D('',#12976,#7212,#7213);
#5904=AXIS2_PLACEMENT_3D('',#12977,#7214,#7215);
#5905=AXIS2_PLACEMENT_3D('',#12978,#7216,#7217);
#5906=AXIS2_PLACEMENT_3D('',#12979,#7218,#7219);
#5907=AXIS2_PLACEMENT_3D('',#12980,#7220,#7221);
#5908=AXIS2_PLACEMENT_3D('',#12982,#7222,#7223);
#5909=AXIS2_PLACEMENT_3D('',#12984,#7224,#7225);
#5910=AXIS2_PLACEMENT_3D('',#12999,#7226,#7227);
#5911=AXIS2_PLACEMENT_3D('',#13001,#7228,#7229);
#5912=AXIS2_PLACEMENT_3D('',#13003,#7230,#7231);
#5913=AXIS2_PLACEMENT_3D('',#13018,#7232,#7233);
#5914=AXIS2_PLACEMENT_3D('',#13019,#7234,#7235);
#5915=AXIS2_PLACEMENT_3D('',#13020,#7236,#7237);
#5916=AXIS2_PLACEMENT_3D('',#13021,#7238,#7239);
#5917=AXIS2_PLACEMENT_3D('',#13025,#7241,#7242);
#5918=AXIS2_PLACEMENT_3D('',#13054,#7244,#7245);
#5919=AXIS2_PLACEMENT_3D('',#13057,#7247,#7248);
#5920=AXIS2_PLACEMENT_3D('',#13058,#7249,#7250);
#5921=AXIS2_PLACEMENT_3D('',#13061,#7252,#7253);
#5922=AXIS2_PLACEMENT_3D('',#13089,#7254,#7255);
#5923=AXIS2_PLACEMENT_3D('',#13092,#7257,#7258);
#5924=AXIS2_PLACEMENT_3D('',#13093,#7259,#7260);
#5925=AXIS2_PLACEMENT_3D('',#13095,#7261,#7262);
#5926=AXIS2_PLACEMENT_3D('',#13097,#7263,#7264);
#5927=AXIS2_PLACEMENT_3D('',#13099,#7265,#7266);
#5928=AXIS2_PLACEMENT_3D('',#13101,#7267,#7268);
#5929=AXIS2_PLACEMENT_3D('',#13103,#7269,#7270);
#5930=AXIS2_PLACEMENT_3D('',#13105,#7271,#7272);
#5931=AXIS2_PLACEMENT_3D('',#13107,#7273,#7274);
#5932=AXIS2_PLACEMENT_3D('',#13109,#7275,#7276);
#5933=AXIS2_PLACEMENT_3D('',#13111,#7277,#7278);
#5934=AXIS2_PLACEMENT_3D('',#13112,#7279,#7280);
#5935=AXIS2_PLACEMENT_3D('',#13114,#7281,#7282);
#5936=AXIS2_PLACEMENT_3D('',#13131,#7283,#7284);
#5937=AXIS2_PLACEMENT_3D('',#13146,#7285,#7286);
#5938=AXIS2_PLACEMENT_3D('',#13162,#7287,#7288);
#5939=AXIS2_PLACEMENT_3D('',#13163,#7289,#7290);
#5940=AXIS2_PLACEMENT_3D('',#13179,#7291,#7292);
#5941=AXIS2_PLACEMENT_3D('',#13180,#7293,#7294);
#5942=AXIS2_PLACEMENT_3D('',#13183,#7295,#7296);
#5943=AXIS2_PLACEMENT_3D('',#13200,#7297,#7298);
#5944=AXIS2_PLACEMENT_3D('',#13215,#7299,#7300);
#5945=AXIS2_PLACEMENT_3D('',#13231,#7301,#7302);
#5946=AXIS2_PLACEMENT_3D('',#13232,#7303,#7304);
#5947=AXIS2_PLACEMENT_3D('',#13248,#7305,#7306);
#5948=AXIS2_PLACEMENT_3D('',#13249,#7307,#7308);
#5949=AXIS2_PLACEMENT_3D('',#13250,#7309,#7310);
#5950=AXIS2_PLACEMENT_3D('',#13251,#7311,#7312);
#5951=AXIS2_PLACEMENT_3D('',#13252,#7313,#7314);
#5952=AXIS2_PLACEMENT_3D('',#13253,#7315,#7316);
#5953=AXIS2_PLACEMENT_3D('',#13254,#7317,#7318);
#5954=AXIS2_PLACEMENT_3D('',#13255,#7319,#7320);
#5955=AXIS2_PLACEMENT_3D('',#13257,#7322,#7323);
#5956=AXIS2_PLACEMENT_3D('',#13286,#7325,#7326);
#5957=AXIS2_PLACEMENT_3D('',#13288,#7328,#7329);
#5958=AXIS2_PLACEMENT_3D('',#13290,#7330,#7331);
#5959=AXIS2_PLACEMENT_3D('',#13292,#7332,#7333);
#5960=AXIS2_PLACEMENT_3D('',#13294,#7334,#7335);
#5961=AXIS2_PLACEMENT_3D('',#13296,#7336,#7337);
#5962=AXIS2_PLACEMENT_3D('',#13298,#7338,#7339);
#5963=AXIS2_PLACEMENT_3D('',#13300,#7340,#7341);
#5964=AXIS2_PLACEMENT_3D('',#13302,#7342,#7343);
#5965=AXIS2_PLACEMENT_3D('',#13304,#7344,#7345);
#5966=AXIS2_PLACEMENT_3D('',#13306,#7346,#7347);
#5967=AXIS2_PLACEMENT_3D('',#13307,#7348,#7349);
#5968=AXIS2_PLACEMENT_3D('',#13310,#7351,#7352);
#5969=AXIS2_PLACEMENT_3D('',#13311,#7353,#7354);
#5970=AXIS2_PLACEMENT_3D('',#13313,#7355,#7356);
#5971=AXIS2_PLACEMENT_3D('',#13317,#7358,#7359);
#5972=AXIS2_PLACEMENT_3D('',#13319,#7360,#7361);
#5973=AXIS2_PLACEMENT_3D('',#13322,#7363,#7364);
#5974=AXIS2_PLACEMENT_3D('',#13324,#7365,#7366);
#5975=AXIS2_PLACEMENT_3D('',#13325,#7367,#7368);
#5976=AXIS2_PLACEMENT_3D('',#13326,#7369,#7370);
#5977=AXIS2_PLACEMENT_3D('',#13329,#7372,#7373);
#5978=AXIS2_PLACEMENT_3D('',#13330,#7374,#7375);
#5979=AXIS2_PLACEMENT_3D('',#13332,#7376,#7377);
#5980=AXIS2_PLACEMENT_3D('',#13336,#7379,#7380);
#5981=AXIS2_PLACEMENT_3D('',#13338,#7381,#7382);
#5982=AXIS2_PLACEMENT_3D('',#13341,#7384,#7385);
#5983=AXIS2_PLACEMENT_3D('',#13343,#7386,#7387);
#5984=AXIS2_PLACEMENT_3D('',#13344,#7388,#7389);
#5985=AXIS2_PLACEMENT_3D('',#13345,#7390,#7391);
#5986=AXIS2_PLACEMENT_3D('',#13348,#7393,#7394);
#5987=AXIS2_PLACEMENT_3D('',#13349,#7395,#7396);
#5988=AXIS2_PLACEMENT_3D('',#13351,#7397,#7398);
#5989=AXIS2_PLACEMENT_3D('',#13355,#7400,#7401);
#5990=AXIS2_PLACEMENT_3D('',#13357,#7402,#7403);
#5991=AXIS2_PLACEMENT_3D('',#13360,#7405,#7406);
#5992=AXIS2_PLACEMENT_3D('',#13362,#7407,#7408);
#5993=AXIS2_PLACEMENT_3D('',#13363,#7409,#7410);
#5994=AXIS2_PLACEMENT_3D('',#13364,#7411,#7412);
#5995=AXIS2_PLACEMENT_3D('',#13367,#7414,#7415);
#5996=AXIS2_PLACEMENT_3D('',#13368,#7416,#7417);
#5997=AXIS2_PLACEMENT_3D('',#13370,#7418,#7419);
#5998=AXIS2_PLACEMENT_3D('',#13374,#7421,#7422);
#5999=AXIS2_PLACEMENT_3D('',#13376,#7423,#7424);
#6000=AXIS2_PLACEMENT_3D('',#13379,#7426,#7427);
#6001=AXIS2_PLACEMENT_3D('',#13381,#7428,#7429);
#6002=AXIS2_PLACEMENT_3D('',#13382,#7430,#7431);
#6003=AXIS2_PLACEMENT_3D('',#13383,#7432,#7433);
#6004=AXIS2_PLACEMENT_3D('',#13385,#7435,#7436);
#6005=AXIS2_PLACEMENT_3D('',#13387,#7438,#7439);
#6006=AXIS2_PLACEMENT_3D('',#13389,#7441,#7442);
#6007=AXIS2_PLACEMENT_3D('',#13391,#7444,#7445);
#6008=AXIS2_PLACEMENT_3D('',#13394,#7447,#7448);
#6009=AXIS2_PLACEMENT_3D('',#13395,#7449,#7450);
#6010=AXIS2_PLACEMENT_3D('',#13398,#7452,#7453);
#6011=AXIS2_PLACEMENT_3D('',#13399,#7454,#7455);
#6012=AXIS2_PLACEMENT_3D('',#13401,#7456,#7457);
#6013=AXIS2_PLACEMENT_3D('',#13402,#7458,#7459);
#6014=AXIS2_PLACEMENT_3D('',#13403,#7460,#7461);
#6015=AXIS2_PLACEMENT_3D('',#13406,#7462,#7463);
#6016=AXIS2_PLACEMENT_3D('',#13408,#7465,#7466);
#6017=AXIS2_PLACEMENT_3D('',#13409,#7467,#7468);
#6018=AXIS2_PLACEMENT_3D('',#13410,#7469,#7470);
#6019=AXIS2_PLACEMENT_3D('',#13413,#7472,#7473);
#6020=AXIS2_PLACEMENT_3D('',#13414,#7474,#7475);
#6021=AXIS2_PLACEMENT_3D('',#13416,#7476,#7477);
#6022=AXIS2_PLACEMENT_3D('',#13418,#7479,#7480);
#6023=AXIS2_PLACEMENT_3D('',#13421,#7482,#7483);
#6024=AXIS2_PLACEMENT_3D('',#13422,#7484,#7485);
#6025=AXIS2_PLACEMENT_3D('',#13424,#7486,#7487);
#6026=AXIS2_PLACEMENT_3D('',#13426,#7489,#7490);
#6027=AXIS2_PLACEMENT_3D('',#13428,#7492,#7493);
#6028=AXIS2_PLACEMENT_3D('',#13566,#7496,#7497);
#6029=AXIS2_PLACEMENT_3D('',#13704,#7500,#7501);
#6030=AXIS2_PLACEMENT_3D('',#13842,#7504,#7505);
#6031=AXIS2_PLACEMENT_3D('',#13844,#7507,#7508);
#6032=AXIS2_PLACEMENT_3D('',#13846,#7510,#7511);
#6033=AXIS2_PLACEMENT_3D('',#13848,#7513,#7514);
#6034=AXIS2_PLACEMENT_3D('',#13850,#7515,#7516);
#6035=AXIS2_PLACEMENT_3D('',#14014,#7518,#7519);
#6036=AXIS2_PLACEMENT_3D('',#14016,#7521,#7522);
#6037=AXIS2_PLACEMENT_3D('',#14017,#7523,#7524);
#6038=AXIS2_PLACEMENT_3D('',#14018,#7525,#7526);
#6039=AXIS2_PLACEMENT_3D('',#14019,#7527,#7528);
#6040=AXIS2_PLACEMENT_3D('',#14020,#7529,#7530);
#6041=AXIS2_PLACEMENT_3D('',#14021,#7531,#7532);
#6042=AXIS2_PLACEMENT_3D('',#14022,#7533,#7534);
#6043=AXIS2_PLACEMENT_3D('',#14023,#7535,#7536);
#6044=AXIS2_PLACEMENT_3D('',#14024,#7537,#7538);
#6045=AXIS2_PLACEMENT_3D('',#14025,#7539,#7540);
#6046=AXIS2_PLACEMENT_3D('',#14026,#7541,#7542);
#6047=AXIS2_PLACEMENT_3D('',#14027,#7543,#7544);
#6048=AXIS2_PLACEMENT_3D('',#14028,#7545,#7546);
#6049=AXIS2_PLACEMENT_3D('',#14029,#7547,#7548);
#6050=AXIS2_PLACEMENT_3D('',#14030,#7549,#7550);
#6051=AXIS2_PLACEMENT_3D('',#14031,#7551,#7552);
#6052=AXIS2_PLACEMENT_3D('',#14032,#7553,#7554);
#6053=AXIS2_PLACEMENT_3D('',#14033,#7555,#7556);
#6054=DIRECTION('axis',(0.,0.,1.));
#6055=DIRECTION('refdir',(1.,0.,0.));
#6056=DIRECTION('axis',(0.,0.,1.));
#6057=DIRECTION('refdir',(1.,0.,0.));
#6058=DIRECTION('center_axis',(0.,0.,-1.));
#6059=DIRECTION('ref_axis',(-1.,0.,0.));
#6060=DIRECTION('center_axis',(0.,0.,1.));
#6061=DIRECTION('ref_axis',(-1.,-5.83439206800818E-15,0.));
#6062=DIRECTION('center_axis',(0.,0.,-1.));
#6063=DIRECTION('ref_axis',(-1.,-5.83439206800818E-15,0.));
#6064=DIRECTION('center_axis',(0.,0.,-1.));
#6065=DIRECTION('ref_axis',(-1.,0.,0.));
#6066=DIRECTION('',(-1.,0.,0.));
#6067=DIRECTION('center_axis',(0.,0.,1.));
#6068=DIRECTION('ref_axis',(-0.994440710687729,-0.105298019577222,0.));
#6069=DIRECTION('',(1.,0.,0.));
#6070=DIRECTION('center_axis',(0.,0.,1.));
#6071=DIRECTION('ref_axis',(-0.993093404979506,-0.117326420665639,0.));
#6072=DIRECTION('center_axis',(0.,0.,-1.));
#6073=DIRECTION('ref_axis',(-0.994440710687729,-0.105298019577222,0.));
#6074=DIRECTION('center_axis',(0.,0.,-1.));
#6075=DIRECTION('ref_axis',(1.,-7.22789203751574E-15,0.));
#6076=DIRECTION('center_axis',(0.,0.,1.));
#6077=DIRECTION('ref_axis',(1.,-5.83439206800818E-15,0.));
#6078=DIRECTION('center_axis',(0.,0.,-1.));
#6079=DIRECTION('ref_axis',(1.,-5.83439206800818E-15,0.));
#6080=DIRECTION('center_axis',(0.,0.,-1.));
#6081=DIRECTION('ref_axis',(-1.,0.,0.));
#6082=DIRECTION('',(1.,0.,0.));
#6083=DIRECTION('center_axis',(0.,0.,1.));
#6084=DIRECTION('ref_axis',(1.,-8.94301653695862E-15,0.));
#6085=DIRECTION('',(-1.,0.,0.));
#6086=DIRECTION('center_axis',(0.,0.,1.));
#6087=DIRECTION('ref_axis',(1.,0.,0.));
#6088=DIRECTION('center_axis',(0.,0.,-1.));
#6089=DIRECTION('ref_axis',(1.,-8.94301653695862E-15,0.));
#6090=DIRECTION('center_axis',(0.,1.,0.));
#6091=DIRECTION('ref_axis',(0.,0.,1.));
#6092=DIRECTION('center_axis',(0.,-1.,0.));
#6093=DIRECTION('ref_axis',(-0.991443727258615,0.,-0.130534806391038));
#6094=DIRECTION('center_axis',(0.,1.,0.));
#6095=DIRECTION('ref_axis',(-0.991443727258615,0.,-0.130534806391038));
#6096=DIRECTION('center_axis',(0.916141290398015,0.,-0.400855505173448));
#6097=DIRECTION('ref_axis',(0.,1.,0.));
#6098=DIRECTION('center_axis',(0.,-1.,0.));
#6099=DIRECTION('ref_axis',(0.,0.,-1.));
#6100=DIRECTION('center_axis',(-0.281770662088258,0.,-0.959481784082608));
#6101=DIRECTION('ref_axis',(-0.904608101266371,-0.333333333333337,0.265655927869374));
#6102=DIRECTION('center_axis',(0.,-1.,0.));
#6103=DIRECTION('ref_axis',(-0.99840555610517,0.,-0.0564477239428281));
#6104=DIRECTION('center_axis',(0.,-1.,0.));
#6105=DIRECTION('ref_axis',(0.,0.,-1.));
#6106=DIRECTION('center_axis',(-0.213525225917528,-0.843681880593957,0.49255239544064));
#6107=DIRECTION('ref_axis',(-0.335567782115671,0.536843444923603,0.774075822674063));
#6108=DIRECTION('center_axis',(-0.345757110209395,0.938324048897633,-8.62048338505031E-16));
#6109=DIRECTION('ref_axis',(-0.938324048897633,-0.345757110209395,0.));
#6110=DIRECTION('center_axis',(1.,-1.44090979840854E-18,0.));
#6111=DIRECTION('ref_axis',(0.,-0.0235318428041698,-0.99972308784695));
#6112=DIRECTION('center_axis',(0.,0.,-1.));
#6113=DIRECTION('ref_axis',(-1.,-2.12880327799462E-15,0.));
#6114=DIRECTION('center_axis',(0.,-1.,0.));
#6115=DIRECTION('ref_axis',(0.991443727258615,0.,-0.130534806391033));
#6116=DIRECTION('center_axis',(0.,1.,0.));
#6117=DIRECTION('ref_axis',(0.991443727258615,0.,-0.130534806391033));
#6118=DIRECTION('center_axis',(6.71334776926805E-16,-6.71334776926806E-16,
-1.));
#6119=DIRECTION('ref_axis',(-4.90743965185975E-15,1.,-6.72253666735149E-16));
#6120=DIRECTION('center_axis',(0.,-1.,0.));
#6121=DIRECTION('ref_axis',(0.,0.,-1.));
#6122=DIRECTION('center_axis',(-6.71334776926805E-16,6.71334776926806E-16,
1.));
#6123=DIRECTION('ref_axis',(-2.20719922611738E-16,-1.,6.39388439390805E-16));
#6124=DIRECTION('center_axis',(0.,0.,-1.));
#6125=DIRECTION('ref_axis',(9.93239651752824E-16,-1.,0.));
#6126=DIRECTION('center_axis',(6.71334776926805E-16,-6.71334776926806E-16,
-1.));
#6127=DIRECTION('ref_axis',(-1.,0.,0.));
#6128=DIRECTION('center_axis',(-6.71334776926805E-16,6.71334776926806E-16,
1.));
#6129=DIRECTION('ref_axis',(1.07871912456969E-15,-1.,6.56247627050968E-16));
#6130=DIRECTION('center_axis',(0.345757110209409,0.938324048897628,-3.97810793598456E-16));
#6131=DIRECTION('ref_axis',(0.938324048897628,-0.345757110209409,0.));
#6132=DIRECTION('center_axis',(4.32978028117747E-17,-4.32978028117747E-17,
1.));
#6133=DIRECTION('ref_axis',(0.707106781186547,-0.707106781186548,0.));
#6134=DIRECTION('center_axis',(0.,1.,0.));
#6135=DIRECTION('ref_axis',(0.,0.,1.));
#6136=DIRECTION('center_axis',(-6.71334776926805E-16,6.71334776926806E-16,
1.));
#6137=DIRECTION('ref_axis',(1.19587737134887E-15,1.,-6.56247627050973E-16));
#6138=DIRECTION('center_axis',(-0.707106781186548,-0.707106781186547,0.));
#6139=DIRECTION('ref_axis',(-0.707106781186547,0.707106781186548,0.));
#6140=DIRECTION('center_axis',(0.,0.,-1.));
#6141=DIRECTION('ref_axis',(-1.,-5.78426303238723E-16,0.));
#6142=DIRECTION('center_axis',(0.,0.,-1.));
#6143=DIRECTION('ref_axis',(-1.,-5.78426303238723E-16,0.));
#6144=DIRECTION('center_axis',(-6.71334776926805E-16,6.71334776926806E-16,
1.));
#6145=DIRECTION('ref_axis',(1.19587737134887E-15,1.,-6.56247627050973E-16));
#6146=DIRECTION('center_axis',(0.,1.,0.));
#6147=DIRECTION('ref_axis',(0.,0.,1.));
#6148=DIRECTION('center_axis',(0.,-1.,0.));
#6149=DIRECTION('ref_axis',(0.,0.,-1.));
#6150=DIRECTION('center_axis',(0.,1.,0.));
#6151=DIRECTION('ref_axis',(0.,0.,1.));
#6152=DIRECTION('center_axis',(-0.281770662088257,0.,-0.959481784082609));
#6153=DIRECTION('ref_axis',(0.,-1.,0.));
#6154=DIRECTION('center_axis',(0.,-1.,0.));
#6155=DIRECTION('ref_axis',(0.,0.,1.));
#6156=DIRECTION('center_axis',(0.,0.,1.));
#6157=DIRECTION('ref_axis',(1.,0.,0.));
#6158=DIRECTION('center_axis',(0.403627528883876,-0.914923394567598,-1.17287275941221E-9));
#6159=DIRECTION('ref_axis',(-0.888922243077657,-0.392156862745092,-0.236707077975531));
#6160=DIRECTION('center_axis',(-0.25731872993491,0.,0.966326586214353));
#6161=DIRECTION('ref_axis',(0.,-1.,0.));
#6162=DIRECTION('center_axis',(-0.919788420543743,2.19896764667201E-9,-0.392414654967989));
#6163=DIRECTION('ref_axis',(-0.386663334715219,-0.170580364472707,0.906307787036647));
#6164=DIRECTION('center_axis',(0.,-1.,0.));
#6165=DIRECTION('ref_axis',(0.,0.,-1.));
#6166=DIRECTION('center_axis',(0.,-1.,0.));
#6167=DIRECTION('ref_axis',(0.991443727258615,0.,-0.130534806391033));
#6168=DIRECTION('center_axis',(-0.916141290398013,0.,-0.400855505173452));
#6169=DIRECTION('ref_axis',(0.,-1.,0.));
#6170=DIRECTION('center_axis',(6.71334776926805E-16,-6.71334776926806E-16,
-1.));
#6171=DIRECTION('ref_axis',(-1.,0.,0.));
#6172=DIRECTION('center_axis',(0.,0.,1.));
#6173=DIRECTION('ref_axis',(-4.96619825876412E-15,1.,0.));
#6174=DIRECTION('center_axis',(0.916141290398016,0.,-0.400855505173446));
#6175=DIRECTION('ref_axis',(0.396552878494704,-0.14612326890121,0.906307787036605));
#6176=DIRECTION('center_axis',(0.,1.,0.));
#6177=DIRECTION('ref_axis',(0.,0.,1.));
#6178=DIRECTION('center_axis',(0.281770662088258,0.,-0.959481784082608));
#6179=DIRECTION('ref_axis',(0.904608101266374,0.333333333333328,0.265655927869375));
#6180=DIRECTION('center_axis',(0.,1.,0.));
#6181=DIRECTION('ref_axis',(0.99840555610517,0.,-0.056447723942828));
#6182=DIRECTION('center_axis',(-0.21352522591753,-0.843681880593957,-0.49255239544064));
#6183=DIRECTION('ref_axis',(0.335567782115672,-0.536843444923604,0.774075822674062));
#6184=DIRECTION('center_axis',(0.345757110209384,-0.938324048897637,8.62048338505026E-16));
#6185=DIRECTION('ref_axis',(0.938324048897637,0.345757110209384,0.));
#6186=DIRECTION('center_axis',(0.213525225917555,-0.843681880593852,-0.492552395440809));
#6187=DIRECTION('ref_axis',(-0.335567782115571,-0.536843444923767,0.774075822673993));
#6188=DIRECTION('center_axis',(-0.345757110209398,-0.938324048897632,3.97810793598466E-16));
#6189=DIRECTION('ref_axis',(-0.938324048897632,0.345757110209398,0.));
#6190=DIRECTION('center_axis',(0.,1.,0.));
#6191=DIRECTION('ref_axis',(1.,0.,0.));
#6192=DIRECTION('center_axis',(-6.71334776926805E-16,6.71334776926806E-16,
1.));
#6193=DIRECTION('ref_axis',(-0.707106781186547,0.707106781186548,-9.81357083958605E-16));
#6194=DIRECTION('center_axis',(0.,0.,-1.));
#6195=DIRECTION('ref_axis',(1.32431953567043E-15,1.,0.));
#6196=DIRECTION('center_axis',(6.71334776926805E-16,-6.71334776926806E-16,
-1.));
#6197=DIRECTION('ref_axis',(-1.,0.,0.));
#6198=DIRECTION('center_axis',(0.,-1.,0.));
#6199=DIRECTION('ref_axis',(0.,0.,-1.));
#6200=DIRECTION('center_axis',(0.28177066208826,0.,-0.959481784082608));
#6201=DIRECTION('ref_axis',(0.,1.,0.));
#6202=DIRECTION('center_axis',(0.,1.,0.));
#6203=DIRECTION('ref_axis',(0.,0.,-1.));
#6204=DIRECTION('center_axis',(-0.916141290398015,0.,-0.400855505173447));
#6205=DIRECTION('ref_axis',(-0.396552878494706,0.146123268901216,0.906307787036604));
#6206=DIRECTION('center_axis',(0.,1.,0.));
#6207=DIRECTION('ref_axis',(0.,0.,1.));
#6208=DIRECTION('center_axis',(0.,1.,0.));
#6209=DIRECTION('ref_axis',(0.991443727258615,0.,-0.130534806391033));
#6210=DIRECTION('center_axis',(0.213525225917553,-0.843681880593859,0.492552395440798));
#6211=DIRECTION('ref_axis',(0.335567782115568,0.536843444923765,0.774075822673995));
#6212=DIRECTION('center_axis',(0.,-1.,0.));
#6213=DIRECTION('ref_axis',(-1.,0.,0.));
#6214=DIRECTION('center_axis',(0.,-1.,0.));
#6215=DIRECTION('ref_axis',(-1.,0.,0.));
#6216=DIRECTION('center_axis',(0.,1.,0.));
#6217=DIRECTION('ref_axis',(1.,0.,0.));
#6218=DIRECTION('',(0.289403403928988,1.28764130448544E-17,0.957207224060869));
#6219=DIRECTION('center_axis',(-0.334884041622089,0.,-0.942259347879794));
#6220=DIRECTION('ref_axis',(0.,-1.,0.));
#6221=DIRECTION('',(-0.334884041622089,0.,-0.942259347879794));
#6222=DIRECTION('',(-0.378139858374691,3.64642830845512E-17,-0.925748479614398));
#6223=DIRECTION('',(4.84443456934481E-18,0.289403403928988,0.957207224060869));
#6224=DIRECTION('center_axis',(-2.0505733482901E-17,-0.334884041622089,
-0.942259347879794));
#6225=DIRECTION('ref_axis',(1.,-6.12323399573677E-17,0.));
#6226=DIRECTION('',(-2.0505733482901E-17,-0.334884041622089,-0.942259347879794));
#6227=DIRECTION('',(-5.96186714439811E-17,-0.378139858374691,-0.925748479614398));
#6228=DIRECTION('',(-0.204639109416657,0.204639109416657,0.957207224060869));
#6229=DIRECTION('center_axis',(0.236798776742137,-0.236798776742137,-0.942259347879794));
#6230=DIRECTION('ref_axis',(0.707106781186548,0.707106781186547,0.));
#6231=DIRECTION('',(0.236798776742137,-0.236798776742137,-0.942259347879794));
#6232=DIRECTION('',(0.267385258093665,-0.267385258093665,-0.925748479614398));
#6233=DIRECTION('',(0.204639109416657,0.204639109416657,0.957207224060869));
#6234=DIRECTION('center_axis',(-0.236798776742137,-0.236798776742137,-0.942259347879794));
#6235=DIRECTION('ref_axis',(0.707106781186548,-0.707106781186548,0.));
#6236=DIRECTION('',(-0.236798776742137,-0.236798776742137,-0.942259347879794));
#6237=DIRECTION('',(-0.267385258093665,-0.267385258093665,-0.925748479614398));
#6238=DIRECTION('',(-0.204639109416657,-0.204639109416657,0.957207224060869));
#6239=DIRECTION('center_axis',(0.236798776742137,0.236798776742137,-0.942259347879794));
#6240=DIRECTION('ref_axis',(-0.707106781186547,0.707106781186548,0.));
#6241=DIRECTION('',(0.236798776742137,0.236798776742137,-0.942259347879794));
#6242=DIRECTION('',(0.267385258093665,0.267385258093665,-0.925748479614398));
#6243=DIRECTION('',(-0.289403403928988,2.2565282183544E-17,0.957207224060869));
#6244=DIRECTION('center_axis',(0.334884041622089,-4.1011466965802E-17,-0.942259347879794));
#6245=DIRECTION('ref_axis',(1.22464679914735E-16,1.,0.));
#6246=DIRECTION('',(0.334884041622089,-4.1011466965802E-17,-0.942259347879794));
#6247=DIRECTION('',(0.378139858374691,-8.27730598034111E-17,-0.925748479614398));
#6248=DIRECTION('',(-4.02861297977432E-17,-0.289403403928988,0.957207224060869));
#6249=DIRECTION('center_axis',(6.1517200448703E-17,0.334884041622089,-0.942259347879794));
#6250=DIRECTION('ref_axis',(-1.,1.83697019872103E-16,0.));
#6251=DIRECTION('',(6.1517200448703E-17,0.334884041622089,-0.942259347879794));
#6252=DIRECTION('',(1.05927448162841E-16,0.378139858374691,-0.925748479614398));
#6253=DIRECTION('center_axis',(0.,0.,1.));
#6254=DIRECTION('ref_axis',(1.,0.,0.));
#6255=DIRECTION('',(-0.903328615414784,-0.428949195794571,0.));
#6256=DIRECTION('center_axis',(0.,0.,1.));
#6257=DIRECTION('ref_axis',(1.,0.,0.));
#6258=DIRECTION('',(0.972904596324454,0.231206934261826,0.));
#6259=DIRECTION('center_axis',(0.,0.,1.));
#6260=DIRECTION('ref_axis',(-1.,0.,0.));
#6261=DIRECTION('center_axis',(0.,0.,-1.));
#6262=DIRECTION('ref_axis',(1.,0.,0.));
#6263=DIRECTION('center_axis',(0.,0.,1.));
#6264=DIRECTION('ref_axis',(1.,0.,0.));
#6265=DIRECTION('center_axis',(0.,0.,1.));
#6266=DIRECTION('ref_axis',(1.,0.,0.));
#6267=DIRECTION('',(0.903328615414784,0.428949195794571,0.));
#6268=DIRECTION('center_axis',(0.,0.,1.));
#6269=DIRECTION('ref_axis',(1.,0.,0.));
#6270=DIRECTION('',(-0.972904596324454,-0.231206934261826,0.));
#6271=DIRECTION('center_axis',(0.,0.,-1.));
#6272=DIRECTION('ref_axis',(1.,0.,0.));
#6273=DIRECTION('center_axis',(0.,0.,-1.));
#6274=DIRECTION('ref_axis',(-0.837571277912553,-0.54632806482546,0.));
#6275=DIRECTION('center_axis',(0.,0.,1.));
#6276=DIRECTION('ref_axis',(-0.837571277912553,-0.54632806482546,0.));
#6277=DIRECTION('',(0.,0.,-1.));
#6278=DIRECTION('center_axis',(0.,0.,1.));
#6279=DIRECTION('ref_axis',(-1.,0.,0.));
#6280=DIRECTION('',(0.,0.,-1.));
#6281=DIRECTION('center_axis',(0.,0.,-1.));
#6282=DIRECTION('ref_axis',(0.837571277912554,0.546328064825459,0.));
#6283=DIRECTION('center_axis',(0.,0.,1.));
#6284=DIRECTION('ref_axis',(0.837571277912554,0.546328064825459,0.));
#6285=DIRECTION('',(0.,0.,-1.));
#6286=DIRECTION('center_axis',(0.,0.,1.));
#6287=DIRECTION('ref_axis',(1.,0.,0.));
#6288=DIRECTION('',(0.,0.,-1.));
#6289=DIRECTION('center_axis',(0.,0.,1.));
#6290=DIRECTION('ref_axis',(1.,0.,0.));
#6291=DIRECTION('',(0.972904596324454,0.231206934261826,0.));
#6292=DIRECTION('center_axis',(0.,0.,1.));
#6293=DIRECTION('ref_axis',(1.,0.,0.));
#6294=DIRECTION('',(0.903328615414784,0.428949195794571,0.));
#6295=DIRECTION('center_axis',(0.,0.,1.));
#6296=DIRECTION('ref_axis',(1.,0.,0.));
#6297=DIRECTION('',(0.972904596324454,0.231206934261826,0.));
#6298=DIRECTION('center_axis',(0.,0.,1.));
#6299=DIRECTION('ref_axis',(1.,0.,0.));
#6300=DIRECTION('',(0.903328615414784,0.428949195794571,0.));
#6301=DIRECTION('center_axis',(0.,0.,1.));
#6302=DIRECTION('ref_axis',(1.,0.,0.));
#6303=DIRECTION('',(0.972904596324454,0.231206934261825,0.));
#6304=DIRECTION('center_axis',(0.,0.,1.));
#6305=DIRECTION('ref_axis',(0.428949195794575,-0.903328615414782,0.));
#6306=DIRECTION('',(0.903328615414784,0.428949195794571,0.));
#6307=DIRECTION('',(-0.972904596324454,-0.231206934261825,0.));
#6308=DIRECTION('center_axis',(0.,0.,1.));
#6309=DIRECTION('ref_axis',(-0.428949195794567,0.903328615414786,0.));
#6310=DIRECTION('',(-0.903328615414784,-0.428949195794571,0.));
#6311=DIRECTION('center_axis',(0.,0.,-1.));
#6312=DIRECTION('ref_axis',(1.,0.,0.));
#6313=DIRECTION('center_axis',(0.,0.,-1.));
#6314=DIRECTION('ref_axis',(1.,0.,0.));
#6315=DIRECTION('center_axis',(0.,0.,1.));
#6316=DIRECTION('ref_axis',(-0.943312390837391,-0.331906211590933,0.));
#6317=DIRECTION('',(0.,0.,1.));
#6318=DIRECTION('',(0.,0.,1.));
#6319=DIRECTION('center_axis',(0.,0.,1.));
#6320=DIRECTION('ref_axis',(1.,0.,0.));
#6321=DIRECTION('',(0.,0.,1.));
#6322=DIRECTION('',(0.,0.,1.));
#6323=DIRECTION('center_axis',(0.,0.,1.));
#6324=DIRECTION('ref_axis',(1.,0.,0.));
#6325=DIRECTION('',(0.,0.,-1.));
#6326=DIRECTION('center_axis',(0.,0.,1.));
#6327=DIRECTION('ref_axis',(1.,0.,0.));
#6328=DIRECTION('',(0.,0.,-1.));
#6329=DIRECTION('center_axis',(0.,0.,1.));
#6330=DIRECTION('ref_axis',(1.,0.,0.));
#6331=DIRECTION('',(0.,0.,1.));
#6332=DIRECTION('center_axis',(0.,0.,1.));
#6333=DIRECTION('ref_axis',(1.,0.,0.));
#6334=DIRECTION('',(0.,0.,-1.));
#6335=DIRECTION('',(0.,0.,1.));
#6336=DIRECTION('center_axis',(0.,0.,1.));
#6337=DIRECTION('ref_axis',(1.,0.,0.));
#6338=DIRECTION('',(0.,0.,1.));
#6339=DIRECTION('center_axis',(0.,0.,-1.));
#6340=DIRECTION('ref_axis',(1.,0.,0.));
#6341=DIRECTION('center_axis',(0.,0.,1.));
#6342=DIRECTION('ref_axis',(1.,0.,0.));
#6343=DIRECTION('',(0.,0.,-1.));
#6344=DIRECTION('center_axis',(-0.231206934261826,0.972904596324454,0.));
#6345=DIRECTION('ref_axis',(-0.972904596324454,-0.231206934261826,0.));
#6346=DIRECTION('center_axis',(0.,0.,-1.));
#6347=DIRECTION('ref_axis',(1.,0.,0.));
#6348=DIRECTION('center_axis',(0.,0.,-1.));
#6349=DIRECTION('ref_axis',(-1.,0.,0.));
#6350=DIRECTION('center_axis',(-0.428949195794571,0.903328615414784,0.));
#6351=DIRECTION('ref_axis',(-0.903328615414784,-0.428949195794571,0.));
#6352=DIRECTION('center_axis',(0.231206934261826,-0.972904596324454,0.));
#6353=DIRECTION('ref_axis',(0.972904596324454,0.231206934261826,0.));
#6354=DIRECTION('center_axis',(0.428949195794571,-0.903328615414784,0.));
#6355=DIRECTION('ref_axis',(0.903328615414784,0.428949195794571,0.));
#6356=DIRECTION('center_axis',(0.,0.,1.));
#6357=DIRECTION('ref_axis',(1.,0.,0.));
#6358=DIRECTION('center_axis',(-0.231206934261826,0.972904596324454,0.));
#6359=DIRECTION('ref_axis',(-0.972904596324454,-0.231206934261826,0.));
#6360=DIRECTION('',(0.,0.,1.));
#6361=DIRECTION('center_axis',(-0.428949195794571,0.903328615414784,0.));
#6362=DIRECTION('ref_axis',(-0.903328615414784,-0.428949195794571,0.));
#6363=DIRECTION('',(0.,0.,1.));
#6364=DIRECTION('center_axis',(0.,0.,-1.));
#6365=DIRECTION('ref_axis',(1.,0.,0.));
#6366=DIRECTION('center_axis',(0.,0.,-1.));
#6367=DIRECTION('ref_axis',(1.,0.,0.));
#6368=DIRECTION('center_axis',(0.231206934261826,-0.972904596324454,0.));
#6369=DIRECTION('ref_axis',(0.972904596324454,0.231206934261826,0.));
#6370=DIRECTION('',(0.,0.,1.));
#6371=DIRECTION('center_axis',(0.,0.,-1.));
#6372=DIRECTION('ref_axis',(-1.,0.,0.));
#6373=DIRECTION('center_axis',(0.,0.,-1.));
#6374=DIRECTION('ref_axis',(-1.,0.,0.));
#6375=DIRECTION('center_axis',(0.,0.,-1.));
#6376=DIRECTION('ref_axis',(-1.,0.,0.));
#6377=DIRECTION('center_axis',(0.,0.,1.));
#6378=DIRECTION('ref_axis',(1.,0.,0.));
#6379=DIRECTION('center_axis',(0.,0.,1.));
#6380=DIRECTION('ref_axis',(1.,0.,0.));
#6381=DIRECTION('center_axis',(0.,0.,-1.));
#6382=DIRECTION('ref_axis',(-0.707106781186548,0.707106781186548,0.));
#6383=DIRECTION('center_axis',(0.,0.,1.));
#6384=DIRECTION('ref_axis',(1.,0.,0.));
#6385=DIRECTION('center_axis',(0.,0.,1.));
#6386=DIRECTION('ref_axis',(1.,0.,0.));
#6387=DIRECTION('center_axis',(0.,0.,1.));
#6388=DIRECTION('ref_axis',(1.,0.,0.));
#6389=DIRECTION('center_axis',(0.,0.,1.));
#6390=DIRECTION('ref_axis',(1.,0.,0.));
#6391=DIRECTION('center_axis',(0.,0.,1.));
#6392=DIRECTION('ref_axis',(1.,0.,0.));
#6393=DIRECTION('center_axis',(0.,0.,1.));
#6394=DIRECTION('ref_axis',(1.,0.,0.));
#6395=DIRECTION('center_axis',(0.,0.,1.));
#6396=DIRECTION('ref_axis',(1.,0.,0.));
#6397=DIRECTION('center_axis',(0.,0.,1.));
#6398=DIRECTION('ref_axis',(1.,0.,0.));
#6399=DIRECTION('',(0.,0.,-1.));
#6400=DIRECTION('',(0.,0.,1.));
#6401=DIRECTION('center_axis',(0.428949195794571,-0.903328615414784,0.));
#6402=DIRECTION('ref_axis',(0.903328615414784,0.428949195794571,0.));
#6403=DIRECTION('',(0.204639109416657,-0.204639109416657,0.957207224060869));
#6404=DIRECTION('center_axis',(-0.236798776742137,0.236798776742137,-0.942259347879794));
#6405=DIRECTION('ref_axis',(-0.707106781186548,-0.707106781186547,0.));
#6406=DIRECTION('',(-0.236798776742137,0.236798776742137,-0.942259347879794));
#6407=DIRECTION('center_axis',(6.71334776926805E-16,-6.71334776926806E-16,
-1.));
#6408=DIRECTION('ref_axis',(-0.707106781186547,0.707106781186548,-9.49410746422605E-16));
#6409=DIRECTION('center_axis',(0.,0.,-1.));
#6410=DIRECTION('ref_axis',(-0.707106781186547,0.707106781186548,0.));
#6411=DIRECTION('center_axis',(0.,0.,-1.));
#6412=DIRECTION('ref_axis',(-1.,5.96714503287615E-16,0.));
#6413=DIRECTION('',(-0.267385258093665,0.267385258093665,-0.925748479614398));
#6414=DIRECTION('center_axis',(-6.71334776926805E-16,6.71334776926806E-16,
1.));
#6415=DIRECTION('ref_axis',(0.707106781186547,-0.707106781186548,9.49410746422605E-16));
#6416=DIRECTION('center_axis',(0.,0.,-1.));
#6417=DIRECTION('ref_axis',(-0.707106781186547,0.707106781186548,0.));
#6418=DIRECTION('center_axis',(0.,0.,-1.));
#6419=DIRECTION('ref_axis',(-0.707106781186548,0.707106781186548,0.));
#6420=DIRECTION('center_axis',(6.71334776926805E-16,-6.71334776926806E-16,
-1.));
#6421=DIRECTION('ref_axis',(-0.707106781186547,0.707106781186548,-9.81357083958605E-16));
#6422=DIRECTION('',(-0.135571704896325,0.135571704896325,0.981448228722742));
#6423=DIRECTION('center_axis',(6.71334776926805E-16,-6.71334776926806E-16,
-1.));
#6424=DIRECTION('ref_axis',(-0.707106781186547,0.707106781186548,-9.81357083958606E-16));
#6425=DIRECTION('',(-6.71334776926805E-16,6.71334776926806E-16,1.));
#6426=DIRECTION('center_axis',(6.71334776926805E-16,-6.71334776926806E-16,
-1.));
#6427=DIRECTION('ref_axis',(-0.707106781186547,0.707106781186548,-9.81357083958605E-16));
#6428=DIRECTION('',(-0.135571704896325,0.135571704896325,0.981448228722742));
#6429=DIRECTION('axis',(0.,0.,1.));
#6430=DIRECTION('refdir',(1.,0.,0.));
#6431=DIRECTION('center_axis',(0.,0.,-1.));
#6432=DIRECTION('ref_axis',(-1.,0.,0.));
#6433=DIRECTION('center_axis',(0.,0.,-1.));
#6434=DIRECTION('ref_axis',(3.84051357954523E-17,1.,0.));
#6435=DIRECTION('center_axis',(0.,0.,1.));
#6436=DIRECTION('ref_axis',(3.84051357954523E-17,1.,0.));
#6437=DIRECTION('center_axis',(0.,0.,-1.));
#6438=DIRECTION('ref_axis',(0.707106781186548,0.707106781186548,0.));
#6439=DIRECTION('center_axis',(0.,0.,-1.));
#6440=DIRECTION('ref_axis',(0.707106781186548,0.707106781186547,0.));
#6441=DIRECTION('center_axis',(0.,0.,1.));
#6442=DIRECTION('ref_axis',(0.707106781186548,0.707106781186547,0.));
#6443=DIRECTION('center_axis',(0.,0.,-1.));
#6444=DIRECTION('ref_axis',(-1.,0.,0.));
#6445=DIRECTION('center_axis',(0.,0.,1.));
#6446=DIRECTION('ref_axis',(-4.9789962505148E-17,-1.,0.));
#6447=DIRECTION('center_axis',(0.,0.,-1.));
#6448=DIRECTION('ref_axis',(-4.9789962505148E-17,-1.,0.));
#6449=DIRECTION('center_axis',(0.,0.,-1.));
#6450=DIRECTION('ref_axis',(0.707106781186547,-0.707106781186548,0.));
#6451=DIRECTION('center_axis',(0.,0.,1.));
#6452=DIRECTION('ref_axis',(0.707106781186548,-0.707106781186548,0.));
#6453=DIRECTION('center_axis',(0.,0.,-1.));
#6454=DIRECTION('ref_axis',(0.707106781186548,-0.707106781186548,0.));
#6455=DIRECTION('center_axis',(0.,0.,-1.));
#6456=DIRECTION('ref_axis',(1.,1.22464679914735E-16,0.));
#6457=DIRECTION('center_axis',(0.,0.,-1.));
#6458=DIRECTION('ref_axis',(1.,1.29615883373032E-16,0.));
#6459=DIRECTION('center_axis',(0.,0.,1.));
#6460=DIRECTION('ref_axis',(1.,1.29615883373032E-16,0.));
#6461=DIRECTION('center_axis',(0.,0.,-1.));
#6462=DIRECTION('ref_axis',(-1.,0.,0.));
#6463=DIRECTION('center_axis',(0.,0.,1.));
#6464=DIRECTION('ref_axis',(-0.707106781186548,-0.707106781186548,0.));
#6465=DIRECTION('center_axis',(0.,0.,-1.));
#6466=DIRECTION('ref_axis',(-0.707106781186548,-0.707106781186548,0.));
#6467=DIRECTION('center_axis',(0.,0.,-1.));
#6468=DIRECTION('ref_axis',(-1.,0.,0.));
#6469=DIRECTION('center_axis',(0.,0.,1.));
#6470=DIRECTION('ref_axis',(-1.,9.9579925010296E-17,0.));
#6471=DIRECTION('center_axis',(0.,0.,-1.));
#6472=DIRECTION('ref_axis',(-1.,9.9579925010296E-17,0.));
#6473=DIRECTION('center_axis',(0.,0.,-1.));
#6474=DIRECTION('ref_axis',(-1.,0.,0.));
#6475=DIRECTION('center_axis',(0.,0.,1.));
#6476=DIRECTION('ref_axis',(-0.707106781186547,0.707106781186548,0.));
#6477=DIRECTION('center_axis',(0.,0.,-1.));
#6478=DIRECTION('ref_axis',(-0.707106781186547,0.707106781186548,0.));
#6479=DIRECTION('center_axis',(2.30202970095946E-18,1.40958665241107E-34,
-1.));
#6480=DIRECTION('ref_axis',(-1.,-1.22464679914735E-16,-2.30202970095946E-18));
#6481=DIRECTION('',(2.30202970095946E-18,1.40958665241107E-34,-1.));
#6482=DIRECTION('center_axis',(0.,0.,1.));
#6483=DIRECTION('ref_axis',(-0.707106781186547,0.707106781186548,0.));
#6484=DIRECTION('',(-2.30202970095946E-18,-1.40958665241107E-34,1.));
#6485=DIRECTION('center_axis',(2.30202970095946E-18,1.40958665241107E-34,
-1.));
#6486=DIRECTION('ref_axis',(-1.,-1.22464679914735E-16,-2.30202970095946E-18));
#6487=DIRECTION('',(-1.15101485047973E-18,-1.15101485047973E-18,1.));
#6488=DIRECTION('center_axis',(0.,0.,1.));
#6489=DIRECTION('ref_axis',(-1.,1.55091076241554E-16,0.));
#6490=DIRECTION('center_axis',(1.15101485047973E-18,1.15101485047973E-18,
-1.));
#6491=DIRECTION('ref_axis',(6.12323399573677E-17,-1.,-1.15101485047973E-18));
#6492=DIRECTION('',(1.15101485047973E-18,1.15101485047973E-18,-1.));
#6493=DIRECTION('center_axis',(0.,0.,1.));
#6494=DIRECTION('ref_axis',(-0.707106781186548,-0.707106781186548,0.));
#6495=DIRECTION('center_axis',(0.,0.,-1.));
#6496=DIRECTION('ref_axis',(1.,0.,0.));
#6497=DIRECTION('',(0.,0.,1.));
#6498=DIRECTION('center_axis',(0.,0.,1.));
#6499=DIRECTION('ref_axis',(-2.71834567430179E-16,-1.,0.));
#6500=DIRECTION('center_axis',(0.,0.,-1.));
#6501=DIRECTION('ref_axis',(-1.,0.,0.));
#6502=DIRECTION('center_axis',(0.,0.,-1.));
#6503=DIRECTION('ref_axis',(1.83697019872103E-16,-1.,0.));
#6504=DIRECTION('center_axis',(0.,0.,-1.));
#6505=DIRECTION('ref_axis',(-6.12323399573677E-17,1.,0.));
#6506=DIRECTION('center_axis',(0.,0.,-1.));
#6507=DIRECTION('ref_axis',(0.,1.,0.));
#6508=DIRECTION('center_axis',(0.,0.,-1.));
#6509=DIRECTION('ref_axis',(1.,4.66973964754502E-16,0.));
#6510=DIRECTION('center_axis',(-1.15101485047973E-18,-1.15101485047973E-18,
1.));
#6511=DIRECTION('ref_axis',(6.12323399573677E-17,-1.,-1.15101485047973E-18));
#6512=DIRECTION('center_axis',(-2.30202970095946E-18,-1.40958665241107E-34,
1.));
#6513=DIRECTION('ref_axis',(-1.,-1.22464679914735E-16,-2.30202970095946E-18));
#6514=DIRECTION('center_axis',(0.,0.,-1.));
#6515=DIRECTION('ref_axis',(1.,0.,0.));
#6516=DIRECTION('center_axis',(0.,0.,-1.));
#6517=DIRECTION('ref_axis',(1.,1.22464679914735E-16,0.));
#6518=DIRECTION('center_axis',(0.,0.,-1.));
#6519=DIRECTION('ref_axis',(-1.,0.,0.));
#6520=DIRECTION('center_axis',(0.,0.,-1.));
#6521=DIRECTION('ref_axis',(-1.,0.,0.));
#6522=DIRECTION('center_axis',(0.,0.,-1.));
#6523=DIRECTION('ref_axis',(-2.71834567430179E-16,-1.,0.));
#6524=DIRECTION('center_axis',(0.,0.,-1.));
#6525=DIRECTION('ref_axis',(1.,-1.22464679914735E-16,0.));
#6526=DIRECTION('center_axis',(0.,0.,1.));
#6527=DIRECTION('ref_axis',(1.,-9.17381126417113E-17,0.));
#6528=DIRECTION('center_axis',(0.,0.,-1.));
#6529=DIRECTION('ref_axis',(1.,-9.17381126417113E-17,0.));
#6530=DIRECTION('center_axis',(0.,0.,1.));
#6531=DIRECTION('ref_axis',(1.,0.,0.));
#6532=DIRECTION('center_axis',(0.,0.,1.));
#6533=DIRECTION('ref_axis',(0.707106781186548,0.707106781186547,0.));
#6534=DIRECTION('center_axis',(0.,0.,-1.));
#6535=DIRECTION('ref_axis',(0.707106781186548,0.707106781186547,0.));
#6536=DIRECTION('center_axis',(0.,0.,-1.));
#6537=DIRECTION('ref_axis',(-1.,0.,0.));
#6538=DIRECTION('center_axis',(0.,0.,1.));
#6539=DIRECTION('ref_axis',(9.38011855416621E-17,1.,0.));
#6540=DIRECTION('center_axis',(0.,0.,-1.));
#6541=DIRECTION('ref_axis',(9.38011855416621E-17,1.,0.));
#6542=DIRECTION('center_axis',(0.,0.,1.));
#6543=DIRECTION('ref_axis',(-0.707106781186548,0.707106781186548,0.));
#6544=DIRECTION('center_axis',(0.,0.,-1.));
#6545=DIRECTION('ref_axis',(-0.707106781186547,0.707106781186548,0.));
#6546=DIRECTION('center_axis',(0.,0.,-1.));
#6547=DIRECTION('ref_axis',(-1.,0.,0.));
#6548=DIRECTION('center_axis',(0.,0.,-1.));
#6549=DIRECTION('ref_axis',(-1.,1.55091076241554E-16,0.));
#6550=DIRECTION('center_axis',(0.,0.,1.));
#6551=DIRECTION('ref_axis',(-0.707106781186548,-0.707106781186547,0.));
#6552=DIRECTION('center_axis',(0.,0.,-1.));
#6553=DIRECTION('ref_axis',(-0.707106781186548,-0.707106781186548,0.));
#6554=DIRECTION('center_axis',(0.,0.,1.));
#6555=DIRECTION('ref_axis',(1.,0.,0.));
#6556=DIRECTION('center_axis',(0.,0.,1.));
#6557=DIRECTION('ref_axis',(0.707106781186548,-0.707106781186548,0.));
#6558=DIRECTION('center_axis',(0.,0.,-1.));
#6559=DIRECTION('ref_axis',(0.707106781186548,-0.707106781186548,0.));
#6560=DIRECTION('center_axis',(1.15101485047973E-18,-1.15101485047973E-18,
-1.));
#6561=DIRECTION('ref_axis',(-1.83697019872103E-16,1.,-1.15101485047973E-18));
#6562=DIRECTION('',(1.15101485047973E-18,-1.15101485047973E-18,-1.));
#6563=DIRECTION('center_axis',(1.15101485047973E-18,-1.15101485047973E-18,
-1.));
#6564=DIRECTION('ref_axis',(-1.83697019872103E-16,1.,-1.15101485047973E-18));
#6565=DIRECTION('',(-1.15101485047973E-18,1.15101485047973E-18,1.));
#6566=DIRECTION('center_axis',(0.,0.,-1.));
#6567=DIRECTION('ref_axis',(1.,0.,0.));
#6568=DIRECTION('',(0.,0.,-1.));
#6569=DIRECTION('center_axis',(0.,0.,1.));
#6570=DIRECTION('ref_axis',(1.,0.,0.));
#6571=DIRECTION('center_axis',(0.,0.,1.));
#6572=DIRECTION('ref_axis',(-6.12323399573677E-17,1.,0.));
#6573=DIRECTION('center_axis',(0.,0.,1.));
#6574=DIRECTION('ref_axis',(1.83697019872103E-16,-1.,0.));
#6575=DIRECTION('center_axis',(0.,0.,1.));
#6576=DIRECTION('ref_axis',(1.,0.,0.));
#6577=DIRECTION('center_axis',(0.,0.,1.));
#6578=DIRECTION('ref_axis',(1.,1.76873599361549E-15,0.));
#6579=DIRECTION('center_axis',(2.30202970095946E-18,1.40958665241107E-34,
-1.));
#6580=DIRECTION('ref_axis',(1.22464679914735E-16,-1.,1.40958665241107E-34));
#6581=DIRECTION('center_axis',(1.15101485047973E-18,-1.15101485047973E-18,
-1.));
#6582=DIRECTION('ref_axis',(-1.,-1.83697019872103E-16,-1.15101485047973E-18));
#6583=DIRECTION('center_axis',(0.,0.,1.));
#6584=DIRECTION('ref_axis',(0.,1.,0.));
#6585=DIRECTION('center_axis',(0.,0.,1.));
#6586=DIRECTION('ref_axis',(1.,1.22464679914735E-16,0.));
#6587=DIRECTION('center_axis',(0.,0.,1.));
#6588=DIRECTION('ref_axis',(-1.,0.,0.));
#6589=DIRECTION('center_axis',(0.,0.,1.));
#6590=DIRECTION('ref_axis',(-6.12323399573677E-17,1.,5.31237623298337E-19));
#6591=DIRECTION('',(-9.17339141210764E-18,0.0499376169438923,-0.998752338877845));
#6592=DIRECTION('center_axis',(0.,0.,-1.));
#6593=DIRECTION('ref_axis',(-6.12323399573677E-17,1.,1.15101485047973E-18));
#6594=DIRECTION('center_axis',(1.15101485047973E-18,1.15101485047973E-18,
-1.));
#6595=DIRECTION('ref_axis',(-6.12323399573677E-17,1.,1.15101485047973E-18));
#6596=DIRECTION('',(1.15101485047973E-18,1.15101485047973E-18,-1.));
#6597=DIRECTION('center_axis',(0.499999999999999,0.5,0.707106781186548));
#6598=DIRECTION('ref_axis',(0.500000000000001,0.500000000000001,-0.707106781186547));
#6599=DIRECTION('center_axis',(0.499999999999999,0.5,-0.707106781186548));
#6600=DIRECTION('ref_axis',(0.500000000000001,0.500000000000001,0.707106781186547));
#6601=DIRECTION('center_axis',(0.499999999999999,0.5,-0.707106781186548));
#6602=DIRECTION('ref_axis',(0.500000000000001,0.500000000000001,0.707106781186547));
#6603=DIRECTION('',(1.15101485047973E-18,1.15101485047973E-18,-1.));
#6604=DIRECTION('center_axis',(0.,0.,1.));
#6605=DIRECTION('ref_axis',(-6.12323399573677E-17,1.,1.15101485047973E-18));
#6606=DIRECTION('center_axis',(0.499999999999999,0.5,-0.707106781186548));
#6607=DIRECTION('ref_axis',(0.500000000000001,0.500000000000001,0.707106781186547));
#6608=DIRECTION('center_axis',(0.499999999999999,0.5,0.707106781186548));
#6609=DIRECTION('ref_axis',(0.500000000000001,0.500000000000001,-0.707106781186547));
#6610=DIRECTION('center_axis',(0.,0.,1.));
#6611=DIRECTION('ref_axis',(-1.,0.,0.));
#6612=DIRECTION('',(-0.0499376169438923,-6.11559427473843E-18,-0.998752338877845));
#6613=DIRECTION('center_axis',(0.,0.,-1.));
#6614=DIRECTION('ref_axis',(-1.,0.,0.));
#6615=DIRECTION('center_axis',(0.,0.,-1.));
#6616=DIRECTION('ref_axis',(-1.,0.,0.));
#6617=DIRECTION('',(0.,0.,-1.));
#6618=DIRECTION('center_axis',(-0.5,0.5,0.707106781186548));
#6619=DIRECTION('ref_axis',(-0.500000000000001,0.500000000000001,-0.707106781186547));
#6620=DIRECTION('center_axis',(-0.5,0.5,-0.707106781186548));
#6621=DIRECTION('ref_axis',(-0.500000000000001,0.500000000000001,0.707106781186547));
#6622=DIRECTION('center_axis',(-0.5,0.5,-0.707106781186548));
#6623=DIRECTION('ref_axis',(-0.500000000000001,0.500000000000001,0.707106781186547));
#6624=DIRECTION('',(0.,0.,-1.));
#6625=DIRECTION('center_axis',(0.,0.,1.));
#6626=DIRECTION('ref_axis',(-1.,0.,0.));
#6627=DIRECTION('center_axis',(-0.5,0.5,-0.707106781186548));
#6628=DIRECTION('ref_axis',(-0.500000000000001,0.500000000000001,0.707106781186547));
#6629=DIRECTION('center_axis',(-0.5,0.5,0.707106781186548));
#6630=DIRECTION('ref_axis',(-0.500000000000001,0.500000000000001,-0.707106781186547));
#6631=DIRECTION('center_axis',(0.,0.,1.));
#6632=DIRECTION('ref_axis',(1.83697019872103E-16,-1.,5.31237623298337E-19));
#6633=DIRECTION('',(1.52889856868461E-17,-0.0499376169438923,-0.998752338877845));
#6634=DIRECTION('center_axis',(0.,0.,-1.));
#6635=DIRECTION('ref_axis',(1.83697019872103E-16,-1.,1.15101485047973E-18));
#6636=DIRECTION('center_axis',(1.15101485047973E-18,-1.15101485047973E-18,
-1.));
#6637=DIRECTION('ref_axis',(1.83697019872103E-16,-1.,1.15101485047973E-18));
#6638=DIRECTION('',(1.15101485047973E-18,-1.15101485047973E-18,-1.));
#6639=DIRECTION('center_axis',(-0.499999999999999,-0.5,0.707106781186548));
#6640=DIRECTION('ref_axis',(-0.5,-0.500000000000001,-0.707106781186547));
#6641=DIRECTION('center_axis',(-0.499999999999999,-0.5,-0.707106781186548));
#6642=DIRECTION('ref_axis',(-0.5,-0.500000000000001,0.707106781186547));
#6643=DIRECTION('center_axis',(-0.499999999999999,-0.5,-0.707106781186548));
#6644=DIRECTION('ref_axis',(-0.5,-0.500000000000001,0.707106781186547));
#6645=DIRECTION('',(1.15101485047973E-18,-1.15101485047973E-18,-1.));
#6646=DIRECTION('center_axis',(0.,0.,1.));
#6647=DIRECTION('ref_axis',(1.83697019872103E-16,-1.,1.15101485047973E-18));
#6648=DIRECTION('center_axis',(-0.499999999999999,-0.5,-0.707106781186548));
#6649=DIRECTION('ref_axis',(-0.5,-0.500000000000001,0.707106781186547));
#6650=DIRECTION('center_axis',(-0.499999999999999,-0.5,0.707106781186548));
#6651=DIRECTION('ref_axis',(-0.5,-0.500000000000001,-0.707106781186547));
#6652=DIRECTION('center_axis',(0.,0.,1.));
#6653=DIRECTION('ref_axis',(1.,1.22464679914735E-16,1.06247524659667E-18));
#6654=DIRECTION('',(0.0499376169438923,1.22311885494769E-17,-0.998752338877845));
#6655=DIRECTION('center_axis',(0.,0.,-1.));
#6656=DIRECTION('ref_axis',(1.,1.22464679914735E-16,2.30202970095946E-18));
#6657=DIRECTION('center_axis',(2.30202970095946E-18,1.40958665241107E-34,
-1.));
#6658=DIRECTION('ref_axis',(1.,1.22464679914735E-16,2.30202970095946E-18));
#6659=DIRECTION('',(2.30202970095946E-18,1.40958665241107E-34,-1.));
#6660=DIRECTION('center_axis',(0.5,-0.499999999999999,0.707106781186548));
#6661=DIRECTION('ref_axis',(0.500000000000001,-0.5,-0.707106781186547));
#6662=DIRECTION('center_axis',(0.5,-0.499999999999999,-0.707106781186548));
#6663=DIRECTION('ref_axis',(0.500000000000001,-0.5,0.707106781186547));
#6664=DIRECTION('center_axis',(0.5,-0.499999999999999,-0.707106781186548));
#6665=DIRECTION('ref_axis',(0.500000000000001,-0.5,0.707106781186547));
#6666=DIRECTION('',(2.30202970095946E-18,1.40958665241107E-34,-1.));
#6667=DIRECTION('center_axis',(0.,0.,1.));
#6668=DIRECTION('ref_axis',(1.,1.22464679914735E-16,2.30202970095946E-18));
#6669=DIRECTION('center_axis',(0.5,-0.499999999999999,-0.707106781186548));
#6670=DIRECTION('ref_axis',(0.500000000000001,-0.5,0.707106781186547));
#6671=DIRECTION('center_axis',(0.5,-0.499999999999999,0.707106781186548));
#6672=DIRECTION('ref_axis',(0.500000000000001,-0.5,-0.707106781186547));
#6673=DIRECTION('center_axis',(0.,0.,-1.));
#6674=DIRECTION('ref_axis',(1.83697019872103E-16,-1.,5.31237623298337E-19));
#6675=DIRECTION('',(3.05779713736922E-18,-0.0499376169438923,0.998752338877845));
#6676=DIRECTION('center_axis',(0.,0.,-1.));
#6677=DIRECTION('ref_axis',(-1.,0.,0.));
#6678=DIRECTION('',(-0.0499376169438923,6.11559427473843E-18,0.998752338877845));
#6679=DIRECTION('center_axis',(0.,0.,-1.));
#6680=DIRECTION('ref_axis',(-6.12323399573677E-17,1.,5.31237623298337E-19));
#6681=DIRECTION('',(3.05779713736922E-18,0.0499376169438923,0.998752338877845));
#6682=DIRECTION('center_axis',(0.,0.,-1.));
#6683=DIRECTION('ref_axis',(1.,1.22464679914735E-16,1.06247524659667E-18));
#6684=DIRECTION('',(0.0499376169438923,0.,0.998752338877845));
#6685=DIRECTION('center_axis',(0.,0.,-1.));
#6686=DIRECTION('ref_axis',(0.,1.,0.));
#6687=DIRECTION('',(6.11559427473843E-18,0.0499376169438923,0.998752338877845));
#6688=DIRECTION('center_axis',(0.,0.,1.));
#6689=DIRECTION('ref_axis',(0.,1.,0.));
#6690=DIRECTION('center_axis',(0.,0.,-1.));
#6691=DIRECTION('ref_axis',(0.,1.,0.));
#6692=DIRECTION('center_axis',(0.,0.,-1.));
#6693=DIRECTION('ref_axis',(0.,1.,0.));
#6694=DIRECTION('',(0.,0.,-1.));
#6695=DIRECTION('center_axis',(0.,0.,-1.));
#6696=DIRECTION('ref_axis',(1.,0.,0.));
#6697=DIRECTION('',(0.0499376169438923,-6.11559427473843E-18,0.998752338877845));
#6698=DIRECTION('center_axis',(0.,0.,1.));
#6699=DIRECTION('ref_axis',(1.,0.,0.));
#6700=DIRECTION('center_axis',(0.,0.,-1.));
#6701=DIRECTION('ref_axis',(1.,0.,0.));
#6702=DIRECTION('center_axis',(0.,0.,-1.));
#6703=DIRECTION('ref_axis',(1.,0.,0.));
#6704=DIRECTION('',(0.,0.,-1.));
#6705=DIRECTION('center_axis',(0.,0.,1.));
#6706=DIRECTION('ref_axis',(1.,0.,0.));
#6707=DIRECTION('',(0.0499376169438923,6.11559427473843E-18,-0.998752338877845));
#6708=DIRECTION('center_axis',(0.,0.,1.));
#6709=DIRECTION('ref_axis',(0.,1.,0.));
#6710=DIRECTION('',(-6.11559427473843E-18,0.0499376169438923,-0.998752338877845));
#6711=DIRECTION('center_axis',(0.,0.,-1.));
#6712=DIRECTION('ref_axis',(-1.,0.,0.));
#6713=DIRECTION('center_axis',(-1.22464679914735E-16,-1.,0.));
#6714=DIRECTION('ref_axis',(1.,-1.22464679914735E-16,0.));
#6715=DIRECTION('center_axis',(0.,0.,1.));
#6716=DIRECTION('ref_axis',(1.,4.66973964754502E-16,0.));
#6717=DIRECTION('center_axis',(0.,0.,1.));
#6718=DIRECTION('ref_axis',(1.,4.66973964754502E-16,0.));
#6719=DIRECTION('center_axis',(0.,0.,-1.));
#6720=DIRECTION('ref_axis',(1.,0.,0.));
#6721=DIRECTION('center_axis',(2.30202970095946E-18,1.40958665241107E-34,
-1.));
#6722=DIRECTION('ref_axis',(-1.,-2.33486982377251E-16,-2.30202970095946E-18));
#6723=DIRECTION('',(0.,0.,1.));
#6724=DIRECTION('center_axis',(0.,0.,-1.));
#6725=DIRECTION('ref_axis',(-1.,0.,0.));
#6726=DIRECTION('center_axis',(0.,0.,-1.));
#6727=DIRECTION('ref_axis',(1.,1.76873599361549E-15,0.));
#6728=DIRECTION('center_axis',(-1.22464679914735E-16,-1.,0.));
#6729=DIRECTION('ref_axis',(1.,-1.22464679914735E-16,0.));
#6730=DIRECTION('center_axis',(0.,0.,-1.));
#6731=DIRECTION('ref_axis',(1.,1.76873599361549E-15,0.));
#6732=DIRECTION('center_axis',(0.,0.,-1.));
#6733=DIRECTION('ref_axis',(1.,0.,0.));
#6734=DIRECTION('',(0.,0.,1.));
#6735=DIRECTION('center_axis',(0.,0.,-1.));
#6736=DIRECTION('ref_axis',(1.,4.62592926927149E-16,0.));
#6737=DIRECTION('center_axis',(0.,0.,1.));
#6738=DIRECTION('ref_axis',(1.,0.,0.));
#6739=DIRECTION('center_axis',(0.,0.,-1.));
#6740=DIRECTION('ref_axis',(-1.19348975147204E-15,1.,0.));
#6741=DIRECTION('center_axis',(0.,0.,1.));
#6742=DIRECTION('ref_axis',(-1.19348975147204E-15,1.,0.));
#6743=DIRECTION('center_axis',(0.,0.,1.));
#6744=DIRECTION('ref_axis',(1.,0.,0.));
#6745=DIRECTION('',(0.,1.,0.));
#6746=DIRECTION('center_axis',(0.,0.,-1.));
#6747=DIRECTION('ref_axis',(-1.52655665885959E-15,1.,0.));
#6748=DIRECTION('',(0.,-1.,0.));
#6749=DIRECTION('center_axis',(0.,0.,-1.));
#6750=DIRECTION('ref_axis',(-1.,0.,0.));
#6751=DIRECTION('center_axis',(0.,0.,1.));
#6752=DIRECTION('ref_axis',(-1.52655665885959E-15,1.,0.));
#6753=DIRECTION('center_axis',(0.,0.,-1.));
#6754=DIRECTION('ref_axis',(-1.,0.,0.));
#6755=DIRECTION('center_axis',(0.,0.,-1.));
#6756=DIRECTION('ref_axis',(-1.65389215948552E-15,-1.,0.));
#6757=DIRECTION('center_axis',(0.,0.,1.));
#6758=DIRECTION('ref_axis',(-1.65389215948552E-15,-1.,0.));
#6759=DIRECTION('center_axis',(0.,0.,1.));
#6760=DIRECTION('ref_axis',(1.,0.,0.));
#6761=DIRECTION('',(0.,1.,0.));
#6762=DIRECTION('center_axis',(0.,0.,1.));
#6763=DIRECTION('ref_axis',(-7.6571373978539E-16,-1.,0.));
#6764=DIRECTION('',(0.,-1.,0.));
#6765=DIRECTION('center_axis',(0.,0.,1.));
#6766=DIRECTION('ref_axis',(1.,0.,0.));
#6767=DIRECTION('center_axis',(0.,0.,-1.));
#6768=DIRECTION('ref_axis',(-7.6571373978539E-16,-1.,0.));
#6769=DIRECTION('center_axis',(-1.,0.,0.));
#6770=DIRECTION('ref_axis',(0.,0.,1.));
#6771=DIRECTION('center_axis',(1.,0.,0.));
#6772=DIRECTION('ref_axis',(0.,0.999275089579881,0.0380696118330651));
#6773=DIRECTION('center_axis',(-1.,0.,0.));
#6774=DIRECTION('ref_axis',(0.,0.999275089579881,0.0380696118330651));
#6775=DIRECTION('center_axis',(0.,-0.919032834332938,0.394180985611898));
#6776=DIRECTION('ref_axis',(-1.,0.,0.));
#6777=DIRECTION('center_axis',(1.5909597808597E-16,-0.143300917524824,-0.989679163687174));
#6778=DIRECTION('ref_axis',(-1.,-1.11022302462516E-15,0.));
#6779=DIRECTION('center_axis',(1.,0.,0.));
#6780=DIRECTION('ref_axis',(0.,0.,-1.));
#6781=DIRECTION('center_axis',(1.,0.,0.));
#6782=DIRECTION('ref_axis',(0.,0.,-1.));
#6783=DIRECTION('center_axis',(1.,0.,0.));
#6784=DIRECTION('ref_axis',(0.,0.996963057223138,0.0778759432192896));
#6785=DIRECTION('center_axis',(6.12323399573676E-17,0.,1.));
#6786=DIRECTION('ref_axis',(1.,0.,0.));
#6787=DIRECTION('center_axis',(2.30202970095946E-18,1.40958665241107E-34,
-1.));
#6788=DIRECTION('ref_axis',(-1.,-4.21244087352576E-16,-2.30202970095946E-18));
#6789=DIRECTION('center_axis',(1.,0.,0.));
#6790=DIRECTION('ref_axis',(0.,-0.999275089579881,0.0380696118330651));
#6791=DIRECTION('center_axis',(-1.,0.,0.));
#6792=DIRECTION('ref_axis',(0.,-0.999275089579881,0.0380696118330662));
#6793=DIRECTION('center_axis',(2.30202970095946E-18,1.40958665241107E-34,
-1.));
#6794=DIRECTION('ref_axis',(-1.,-4.21244087352576E-16,-2.30202970095946E-18));
#6795=DIRECTION('center_axis',(1.22464679914735E-16,-1.,0.));
#6796=DIRECTION('ref_axis',(-1.,-1.22464679914735E-16,0.));
#6797=DIRECTION('center_axis',(2.30202970095946E-18,1.40958665241107E-34,
-1.));
#6798=DIRECTION('ref_axis',(-1.,-4.21244087352576E-16,-2.30202970095946E-18));
#6799=DIRECTION('center_axis',(-1.,0.,0.));
#6800=DIRECTION('ref_axis',(0.,0.999275089579881,0.0380696118330662));
#6801=DIRECTION('center_axis',(0.,0.,-1.));
#6802=DIRECTION('ref_axis',(1.,0.,0.));
#6803=DIRECTION('center_axis',(-2.30202970095946E-18,-1.40958665241107E-34,
1.));
#6804=DIRECTION('ref_axis',(-0.707106781186548,0.707106781186547,-1.62778081204127E-18));
#6805=DIRECTION('center_axis',(1.,0.,0.));
#6806=DIRECTION('ref_axis',(0.,0.,-1.));
#6807=DIRECTION('center_axis',(1.,0.,0.));
#6808=DIRECTION('ref_axis',(0.,0.999275089579881,0.0380696118330662));
#6809=DIRECTION('center_axis',(-1.,0.,0.));
#6810=DIRECTION('ref_axis',(0.,0.,1.));
#6811=DIRECTION('center_axis',(0.,0.143300917524825,0.989679163687174));
#6812=DIRECTION('ref_axis',(1.,0.,0.));
#6813=DIRECTION('center_axis',(-1.,0.,0.));
#6814=DIRECTION('ref_axis',(0.,0.,1.));
#6815=DIRECTION('center_axis',(1.,0.,0.));
#6816=DIRECTION('ref_axis',(0.,0.,1.));
#6817=DIRECTION('center_axis',(0.,0.919032834333166,-0.394180985611365));
#6818=DIRECTION('ref_axis',(1.,0.,0.));
#6819=DIRECTION('center_axis',(-1.,0.,0.));
#6820=DIRECTION('ref_axis',(0.,-1.,0.));
#6821=DIRECTION('center_axis',(1.,0.,0.));
#6822=DIRECTION('ref_axis',(0.,0.,-1.));
#6823=DIRECTION('center_axis',(0.,-0.143300917524825,0.989679163687174));
#6824=DIRECTION('ref_axis',(-1.,0.,0.));
#6825=DIRECTION('center_axis',(1.,0.,0.));
#6826=DIRECTION('ref_axis',(0.,0.,-1.));
#6827=DIRECTION('center_axis',(-1.,0.,0.));
#6828=DIRECTION('ref_axis',(0.,0.,-1.));
#6829=DIRECTION('center_axis',(0.,-0.919032834333166,-0.394180985611365));
#6830=DIRECTION('ref_axis',(-1.,0.,0.));
#6831=DIRECTION('center_axis',(-1.,0.,0.));
#6832=DIRECTION('ref_axis',(0.,0.,1.));
#6833=DIRECTION('center_axis',(-1.,0.,0.));
#6834=DIRECTION('ref_axis',(0.,-0.999275089579881,0.0380696118330651));
#6835=DIRECTION('center_axis',(6.12323399573676E-17,0.,1.));
#6836=DIRECTION('ref_axis',(1.,0.,0.));
#6837=DIRECTION('center_axis',(1.22464679914735E-16,-1.,0.));
#6838=DIRECTION('ref_axis',(-1.,-1.22464679914735E-16,0.));
#6839=DIRECTION('center_axis',(2.30202970095946E-18,1.40958665241107E-34,
-1.));
#6840=DIRECTION('ref_axis',(-0.707106781186548,0.707106781186547,-1.62778081204127E-18));
#6841=DIRECTION('center_axis',(-1.,0.,0.));
#6842=DIRECTION('ref_axis',(0.,0.,1.));
#6843=DIRECTION('center_axis',(2.30202970095946E-18,1.40958665241107E-34,
-1.));
#6844=DIRECTION('ref_axis',(-0.707106781186548,0.707106781186547,-1.62778081204127E-18));
#6845=DIRECTION('center_axis',(2.30202970095946E-18,1.40958665241107E-34,
-1.));
#6846=DIRECTION('ref_axis',(-0.707106781186548,0.707106781186547,-1.62778081204127E-18));
#6847=DIRECTION('center_axis',(0.,0.,-1.));
#6848=DIRECTION('ref_axis',(1.,1.22464679914735E-16,0.));
#6849=DIRECTION('center_axis',(1.,0.,0.));
#6850=DIRECTION('ref_axis',(0.,0.,-1.));
#6851=DIRECTION('center_axis',(1.,0.,0.));
#6852=DIRECTION('ref_axis',(0.,-0.999275089579881,0.0380696118330662));
#6853=DIRECTION('center_axis',(0.,0.919032834332938,0.394180985611898));
#6854=DIRECTION('ref_axis',(1.,0.,0.));
#6855=DIRECTION('center_axis',(-1.5909597808597E-16,0.143300917524824,-0.989679163687174));
#6856=DIRECTION('ref_axis',(1.,1.11022302462516E-15,0.));
#6857=DIRECTION('center_axis',(-1.,0.,0.));
#6858=DIRECTION('ref_axis',(0.,0.,1.));
#6859=DIRECTION('center_axis',(-1.,0.,0.));
#6860=DIRECTION('ref_axis',(0.,-0.996963057223138,0.0778759432192896));
#6861=DIRECTION('center_axis',(0.,0.,-1.));
#6862=DIRECTION('ref_axis',(-1.,-3.89573857868908E-14,0.));
#6863=DIRECTION('center_axis',(-2.30202970095946E-18,-1.40958665241107E-34,
1.));
#6864=DIRECTION('ref_axis',(-0.707106781186548,0.707106781186547,-1.62778081204127E-18));
#6865=DIRECTION('center_axis',(-1.,0.,0.));
#6866=DIRECTION('ref_axis',(0.,-1.,0.));
#6867=DIRECTION('center_axis',(1.,0.,0.));
#6868=DIRECTION('ref_axis',(0.,1.,0.));
#6869=DIRECTION('center_axis',(1.,0.,0.));
#6870=DIRECTION('ref_axis',(0.,1.,0.));
#6871=DIRECTION('center_axis',(0.,0.,-1.));
#6872=DIRECTION('ref_axis',(-1.,0.,0.));
#6873=DIRECTION('',(0.310870479722483,0.950452284355776,1.45180123270222E-18));
#6874=DIRECTION('center_axis',(0.707106781186548,0.707106781186548,1.62778081204127E-18));
#6875=DIRECTION('ref_axis',(-1.15101485047973E-18,-1.15101485047973E-18,
1.));
#6876=DIRECTION('',(0.707106781186547,0.707106781186547,1.62778081204127E-18));
#6877=DIRECTION('',(0.950452284355776,-0.310870479722483,2.18796938793176E-18));
#6878=DIRECTION('center_axis',(0.707106781186548,-0.707106781186547,1.62778081204127E-18));
#6879=DIRECTION('ref_axis',(-2.30202970095946E-18,-1.40958665241107E-34,
1.));
#6880=DIRECTION('',(0.707106781186548,-0.707106781186547,1.62778081204127E-18));
#6881=DIRECTION('center_axis',(2.30202970095946E-18,1.40958665241107E-34,
-1.));
#6882=DIRECTION('ref_axis',(1.22464679914735E-16,-1.,1.40958665241107E-34));
#6883=DIRECTION('',(2.30202970095946E-18,1.40958665241107E-34,-1.));
#6884=DIRECTION('',(-0.310870479722483,-0.950452284355776,7.36168155229545E-19));
#6885=DIRECTION('center_axis',(-0.707106781186547,-0.707106781186548,1.92592994438724E-34));
#6886=DIRECTION('ref_axis',(-1.15101485047973E-18,1.15101485047973E-18,
1.));
#6887=DIRECTION('',(-0.707106781186547,-0.707106781186548,1.92592994438724E-34));
#6888=DIRECTION('center_axis',(1.15101485047973E-18,-1.15101485047973E-18,
-1.));
#6889=DIRECTION('ref_axis',(-1.,-1.83697019872103E-16,-1.15101485047973E-18));
#6890=DIRECTION('',(1.15101485047973E-18,-1.15101485047973E-18,-1.));
#6891=DIRECTION('',(-0.950452284355776,0.310870479722483,0.));
#6892=DIRECTION('center_axis',(-0.707106781186548,0.707106781186548,0.));
#6893=DIRECTION('ref_axis',(0.,0.,1.));
#6894=DIRECTION('',(-0.707106781186547,0.707106781186547,0.));
#6895=DIRECTION('center_axis',(0.,0.,-1.));
#6896=DIRECTION('ref_axis',(1.,0.,0.));
#6897=DIRECTION('center_axis',(6.12323399573677E-17,0.,1.));
#6898=DIRECTION('ref_axis',(1.,0.,0.));
#6899=DIRECTION('center_axis',(1.22464679914735E-16,-1.,0.));
#6900=DIRECTION('ref_axis',(-1.,-1.22464679914735E-16,0.));
#6901=DIRECTION('axis',(0.,0.,1.));
#6902=DIRECTION('refdir',(1.,0.,0.));
#6903=DIRECTION('center_axis',(0.,0.,-1.));
#6904=DIRECTION('ref_axis',(-1.,0.,0.));
#6905=DIRECTION('center_axis',(0.,0.,-1.));
#6906=DIRECTION('ref_axis',(-1.,0.,0.));
#6907=DIRECTION('',(-0.0499376169438922,6.11559427473842E-18,0.998752338877845));
#6908=DIRECTION('center_axis',(0.,0.,-1.));
#6909=DIRECTION('ref_axis',(-1.,0.,0.));
#6910=DIRECTION('center_axis',(0.,0.,-1.));
#6911=DIRECTION('ref_axis',(-1.,0.,0.));
#6912=DIRECTION('center_axis',(0.,0.,1.));
#6913=DIRECTION('ref_axis',(-1.,1.22464679914735E-16,0.));
#6914=DIRECTION('center_axis',(0.,0.,-1.));
#6915=DIRECTION('ref_axis',(-1.,0.,0.));
#6916=DIRECTION('center_axis',(0.,0.,-1.));
#6917=DIRECTION('ref_axis',(-1.,0.,0.));
#6918=DIRECTION('center_axis',(0.,0.,-1.));
#6919=DIRECTION('ref_axis',(-1.,0.,0.));
#6920=DIRECTION('center_axis',(0.,0.,-1.));
#6921=DIRECTION('ref_axis',(-1.,0.,0.));
#6922=DIRECTION('center_axis',(0.,0.,-1.));
#6923=DIRECTION('ref_axis',(-1.,1.22464679914735E-16,0.));
#6924=DIRECTION('center_axis',(0.,0.,-1.));
#6925=DIRECTION('ref_axis',(-1.,0.,0.));
#6926=DIRECTION('center_axis',(0.,0.,-1.));
#6927=DIRECTION('ref_axis',(-1.,0.,0.));
#6928=DIRECTION('center_axis',(0.,0.,-1.));
#6929=DIRECTION('ref_axis',(-1.,0.,0.));
#6930=DIRECTION('center_axis',(0.,0.,-1.));
#6931=DIRECTION('ref_axis',(-1.,0.,0.));
#6932=DIRECTION('',(-0.0499376169438923,6.11559427473843E-18,0.998752338877845));
#6933=DIRECTION('center_axis',(0.,0.,-1.));
#6934=DIRECTION('ref_axis',(-1.,0.,0.));
#6935=DIRECTION('center_axis',(0.,0.,-1.));
#6936=DIRECTION('ref_axis',(-1.,0.,0.));
#6937=DIRECTION('',(-0.0499376169438923,6.11559427473843E-18,0.998752338877845));
#6938=DIRECTION('center_axis',(0.,0.,-1.));
#6939=DIRECTION('ref_axis',(-1.,0.,0.));
#6940=DIRECTION('center_axis',(0.,0.,-1.));
#6941=DIRECTION('ref_axis',(-1.,0.,0.));
#6942=DIRECTION('',(-0.0499376169438923,6.11559427473843E-18,0.998752338877845));
#6943=DIRECTION('center_axis',(0.,0.,-1.));
#6944=DIRECTION('ref_axis',(-1.,0.,0.));
#6945=DIRECTION('center_axis',(0.,0.,-1.));
#6946=DIRECTION('ref_axis',(-1.,0.,0.));
#6947=DIRECTION('',(-0.0499376169438923,6.11559427473843E-18,0.998752338877845));
#6948=DIRECTION('center_axis',(0.,0.,-1.));
#6949=DIRECTION('ref_axis',(-1.,0.,0.));
#6950=DIRECTION('center_axis',(0.,0.,-1.));
#6951=DIRECTION('ref_axis',(-1.,0.,0.));
#6952=DIRECTION('',(-0.0499376169438923,6.11559427473843E-18,0.998752338877845));
#6953=DIRECTION('center_axis',(0.,0.,-1.));
#6954=DIRECTION('ref_axis',(-1.,0.,0.));
#6955=DIRECTION('center_axis',(0.,0.,-1.));
#6956=DIRECTION('ref_axis',(-1.,0.,0.));
#6957=DIRECTION('',(-0.0499376169438923,6.11559427473843E-18,0.998752338877845));
#6958=DIRECTION('center_axis',(0.,0.,-1.));
#6959=DIRECTION('ref_axis',(-1.,0.,0.));
#6960=DIRECTION('center_axis',(0.,0.,-1.));
#6961=DIRECTION('ref_axis',(-1.,0.,0.));
#6962=DIRECTION('',(-0.0499376169438923,6.11559427473843E-18,0.998752338877845));
#6963=DIRECTION('center_axis',(0.,0.,-1.));
#6964=DIRECTION('ref_axis',(-1.,0.,0.));
#6965=DIRECTION('center_axis',(0.,0.,1.));
#6966=DIRECTION('ref_axis',(-1.,0.,0.));
#6967=DIRECTION('center_axis',(0.,0.,1.));
#6968=DIRECTION('ref_axis',(-1.,0.,0.));
#6969=DIRECTION('',(-0.0499376169438923,-6.11559427473843E-18,-0.998752338877845));
#6970=DIRECTION('center_axis',(0.,0.,1.));
#6971=DIRECTION('ref_axis',(1.,0.,0.));
#6972=DIRECTION('center_axis',(0.,0.,-1.));
#6973=DIRECTION('ref_axis',(-1.,1.22464679914735E-16,0.));
#6974=DIRECTION('center_axis',(0.,0.,1.));
#6975=DIRECTION('ref_axis',(-1.,0.,0.));
#6976=DIRECTION('center_axis',(0.,0.,1.));
#6977=DIRECTION('ref_axis',(-1.,0.,0.));
#6978=DIRECTION('center_axis',(0.,0.,1.));
#6979=DIRECTION('ref_axis',(-1.,0.,0.));
#6980=DIRECTION('center_axis',(0.,0.,1.));
#6981=DIRECTION('ref_axis',(-1.,0.,0.));
#6982=DIRECTION('center_axis',(0.,0.,1.));
#6983=DIRECTION('ref_axis',(-1.,1.22464679914735E-16,0.));
#6984=DIRECTION('center_axis',(0.,0.,1.));
#6985=DIRECTION('ref_axis',(-1.,0.,0.));
#6986=DIRECTION('center_axis',(0.,0.,1.));
#6987=DIRECTION('ref_axis',(-1.,0.,0.));
#6988=DIRECTION('center_axis',(0.,0.,1.));
#6989=DIRECTION('ref_axis',(-1.,0.,0.));
#6990=DIRECTION('center_axis',(0.,0.,1.));
#6991=DIRECTION('ref_axis',(-1.,0.,0.));
#6992=DIRECTION('',(-0.0499376169438923,-6.11559427473843E-18,-0.998752338877845));
#6993=DIRECTION('center_axis',(0.,0.,1.));
#6994=DIRECTION('ref_axis',(-1.,0.,0.));
#6995=DIRECTION('',(-0.0499376169438923,-6.11559427473843E-18,-0.998752338877845));
#6996=DIRECTION('center_axis',(0.,0.,1.));
#6997=DIRECTION('ref_axis',(-1.,0.,0.));
#6998=DIRECTION('',(-0.0499376169438923,-6.11559427473843E-18,-0.998752338877845));
#6999=DIRECTION('center_axis',(0.,0.,1.));
#7000=DIRECTION('ref_axis',(-1.,0.,0.));
#7001=DIRECTION('',(-0.0499376169438923,-6.11559427473843E-18,-0.998752338877845));
#7002=DIRECTION('center_axis',(0.,0.,1.));
#7003=DIRECTION('ref_axis',(-1.,0.,0.));
#7004=DIRECTION('',(-0.0499376169438923,-6.11559427473843E-18,-0.998752338877845));
#7005=DIRECTION('center_axis',(0.,0.,1.));
#7006=DIRECTION('ref_axis',(-1.,0.,0.));
#7007=DIRECTION('',(-0.0499376169438922,-6.11559427473842E-18,-0.998752338877845));
#7008=DIRECTION('center_axis',(0.,0.,1.));
#7009=DIRECTION('ref_axis',(-1.,0.,0.));
#7010=DIRECTION('',(-0.0499376169438923,-6.11559427473843E-18,-0.998752338877845));
#7011=DIRECTION('center_axis',(0.,0.,1.));
#7012=DIRECTION('ref_axis',(1.,0.,0.));
#7013=DIRECTION('center_axis',(0.,0.,1.));
#7014=DIRECTION('ref_axis',(-1.,1.22464679914735E-16,0.));
#7015=DIRECTION('center_axis',(1.22464679914735E-16,-1.,0.));
#7016=DIRECTION('ref_axis',(-1.,-1.22464679914735E-16,0.));
#7017=DIRECTION('center_axis',(0.,0.,1.));
#7018=DIRECTION('ref_axis',(1.,0.,0.));
#7019=DIRECTION('',(0.,0.,-1.));
#7020=DIRECTION('center_axis',(0.,0.,1.));
#7021=DIRECTION('ref_axis',(1.,0.,0.));
#7022=DIRECTION('center_axis',(0.,0.,1.));
#7023=DIRECTION('ref_axis',(1.,0.,0.));
#7024=DIRECTION('center_axis',(1.22464679914735E-16,-1.,0.));
#7025=DIRECTION('ref_axis',(-1.,-1.22464679914735E-16,0.));
#7026=DIRECTION('center_axis',(0.,0.,-1.));
#7027=DIRECTION('ref_axis',(-1.,1.22464679914735E-16,0.));
#7028=DIRECTION('center_axis',(0.,0.,1.));
#7029=DIRECTION('ref_axis',(1.,0.,0.));
#7030=DIRECTION('center_axis',(0.,0.,1.));
#7031=DIRECTION('ref_axis',(1.,0.,0.));
#7032=DIRECTION('',(0.,0.,-1.));
#7033=DIRECTION('center_axis',(0.,0.,1.));
#7034=DIRECTION('ref_axis',(1.,0.,0.));
#7035=DIRECTION('center_axis',(1.22464679914735E-16,-1.,0.));
#7036=DIRECTION('ref_axis',(-1.,-1.22464679914735E-16,0.));
#7037=DIRECTION('center_axis',(0.,0.,1.));
#7038=DIRECTION('ref_axis',(-1.,1.22464679914735E-16,0.));
#7039=DIRECTION('center_axis',(0.,0.,1.));
#7040=DIRECTION('ref_axis',(1.,0.,0.));
#7041=DIRECTION('',(0.,0.,-1.));
#7042=DIRECTION('center_axis',(0.,0.,-1.));
#7043=DIRECTION('ref_axis',(-1.,1.22464679914735E-16,0.));
#7044=DIRECTION('center_axis',(0.,0.,1.));
#7045=DIRECTION('ref_axis',(1.,0.,0.));
#7046=DIRECTION('center_axis',(1.22464679914735E-16,-1.,0.));
#7047=DIRECTION('ref_axis',(-1.,-1.22464679914735E-16,0.));
#7048=DIRECTION('center_axis',(0.,0.,1.));
#7049=DIRECTION('ref_axis',(1.,0.,0.));
#7050=DIRECTION('center_axis',(0.,0.,-1.));
#7051=DIRECTION('ref_axis',(-1.11022302462516E-15,1.,0.));
#7052=DIRECTION('center_axis',(0.,0.,1.));
#7053=DIRECTION('ref_axis',(-1.11022302462516E-15,1.,0.));
#7054=DIRECTION('center_axis',(0.,0.,1.));
#7055=DIRECTION('ref_axis',(1.,0.,0.));
#7056=DIRECTION('',(0.,1.,0.));
#7057=DIRECTION('center_axis',(0.,0.,-1.));
#7058=DIRECTION('ref_axis',(-1.55431223447522E-15,1.,0.));
#7059=DIRECTION('',(0.,-1.,0.));
#7060=DIRECTION('center_axis',(0.,0.,-1.));
#7061=DIRECTION('ref_axis',(-1.,0.,0.));
#7062=DIRECTION('center_axis',(0.,0.,1.));
#7063=DIRECTION('ref_axis',(-1.55431223447522E-15,1.,0.));
#7064=DIRECTION('center_axis',(0.,0.,-1.));
#7065=DIRECTION('ref_axis',(-1.,0.,0.));
#7066=DIRECTION('center_axis',(0.,0.,-1.));
#7067=DIRECTION('ref_axis',(-1.65389215948551E-15,-1.,0.));
#7068=DIRECTION('center_axis',(0.,0.,1.));
#7069=DIRECTION('ref_axis',(-1.65389215948551E-15,-1.,0.));
#7070=DIRECTION('center_axis',(0.,0.,1.));
#7071=DIRECTION('ref_axis',(1.,0.,0.));
#7072=DIRECTION('',(0.,1.,0.));
#7073=DIRECTION('center_axis',(0.,0.,1.));
#7074=DIRECTION('ref_axis',(-7.6571373978539E-16,-1.,0.));
#7075=DIRECTION('',(0.,-1.,0.));
#7076=DIRECTION('center_axis',(0.,0.,1.));
#7077=DIRECTION('ref_axis',(1.,0.,0.));
#7078=DIRECTION('center_axis',(0.,0.,-1.));
#7079=DIRECTION('ref_axis',(-7.6571373978539E-16,-1.,0.));
#7080=DIRECTION('center_axis',(0.,-0.919032834332937,0.394180985611899));
#7081=DIRECTION('ref_axis',(-1.,0.,0.));
#7082=DIRECTION('center_axis',(-1.,0.,0.));
#7083=DIRECTION('ref_axis',(0.,0.,1.));
#7084=DIRECTION('center_axis',(1.,0.,0.));
#7085=DIRECTION('ref_axis',(0.,0.999275089579881,0.0380696118330645));
#7086=DIRECTION('center_axis',(-1.,0.,0.));
#7087=DIRECTION('ref_axis',(0.,0.999275089579881,0.0380696118330645));
#7088=DIRECTION('center_axis',(-1.5909597808597E-16,-0.143300917524824,
-0.989679163687174));
#7089=DIRECTION('ref_axis',(-1.,1.11022302462516E-15,0.));
#7090=DIRECTION('center_axis',(1.,0.,0.));
#7091=DIRECTION('ref_axis',(0.,0.,-1.));
#7092=DIRECTION('center_axis',(1.,0.,0.));
#7093=DIRECTION('ref_axis',(0.,0.,-1.));
#7094=DIRECTION('center_axis',(1.,0.,0.));
#7095=DIRECTION('ref_axis',(0.,0.996963057223138,0.0778759432192889));
#7096=DIRECTION('center_axis',(1.,0.,0.));
#7097=DIRECTION('ref_axis',(0.,1.,0.));
#7098=DIRECTION('center_axis',(-1.,0.,0.));
#7099=DIRECTION('ref_axis',(0.,0.,1.));
#7100=DIRECTION('center_axis',(0.,0.143300917524832,0.989679163687173));
#7101=DIRECTION('ref_axis',(1.,0.,0.));
#7102=DIRECTION('center_axis',(-1.,0.,0.));
#7103=DIRECTION('ref_axis',(0.,0.,1.));
#7104=DIRECTION('center_axis',(1.,0.,0.));
#7105=DIRECTION('ref_axis',(0.,0.,1.));
#7106=DIRECTION('center_axis',(0.,0.919032834333166,-0.394180985611366));
#7107=DIRECTION('ref_axis',(1.,0.,0.));
#7108=DIRECTION('center_axis',(1.,0.,0.));
#7109=DIRECTION('ref_axis',(0.,0.,-1.));
#7110=DIRECTION('center_axis',(1.,0.,0.));
#7111=DIRECTION('ref_axis',(0.,0.999275089579881,0.0380696118330645));
#7112=DIRECTION('center_axis',(-1.,0.,0.));
#7113=DIRECTION('ref_axis',(0.,0.999275089579881,0.0380696118330645));
#7114=DIRECTION('center_axis',(6.12323399573676E-17,0.,1.));
#7115=DIRECTION('ref_axis',(1.,0.,0.));
#7116=DIRECTION('center_axis',(1.22464679914735E-16,-1.,0.));
#7117=DIRECTION('ref_axis',(-1.,-1.22464679914735E-16,0.));
#7118=DIRECTION('center_axis',(0.,0.,-1.));
#7119=DIRECTION('ref_axis',(-1.,1.22464679914735E-16,0.));
#7120=DIRECTION('center_axis',(-1.,0.,0.));
#7121=DIRECTION('ref_axis',(0.,0.,1.));
#7122=DIRECTION('center_axis',(1.,0.,0.));
#7123=DIRECTION('ref_axis',(0.,0.,-1.));
#7124=DIRECTION('center_axis',(0.,0.,-1.));
#7125=DIRECTION('ref_axis',(-1.,1.22464679914735E-16,0.));
#7126=DIRECTION('center_axis',(0.,0.,-1.));
#7127=DIRECTION('ref_axis',(-1.,1.22464679914735E-16,0.));
#7128=DIRECTION('center_axis',(0.,0.,1.));
#7129=DIRECTION('ref_axis',(-1.,1.22464679914735E-16,0.));
#7130=DIRECTION('center_axis',(0.,0.,1.));
#7131=DIRECTION('ref_axis',(-1.,0.,0.));
#7132=DIRECTION('center_axis',(0.,0.,-1.));
#7133=DIRECTION('ref_axis',(-1.,-3.98455642065909E-14,0.));
#7134=DIRECTION('center_axis',(0.,0.,1.));
#7135=DIRECTION('ref_axis',(1.,0.,0.));
#7136=DIRECTION('center_axis',(0.,0.,1.));
#7137=DIRECTION('ref_axis',(1.,0.,0.));
#7138=DIRECTION('center_axis',(6.12323399573676E-17,0.,1.));
#7139=DIRECTION('ref_axis',(1.,0.,0.));
#7140=DIRECTION('center_axis',(0.,0.,1.));
#7141=DIRECTION('ref_axis',(1.,0.,0.));
#7142=DIRECTION('center_axis',(1.,0.,0.));
#7143=DIRECTION('ref_axis',(0.,-0.999275089579881,0.0380696118330645));
#7144=DIRECTION('center_axis',(-1.,0.,0.));
#7145=DIRECTION('ref_axis',(0.,-0.999275089579881,0.0380696118330645));
#7146=DIRECTION('center_axis',(1.22464679914735E-16,-1.,0.));
#7147=DIRECTION('ref_axis',(-1.,-1.22464679914735E-16,0.));
#7148=DIRECTION('center_axis',(1.,0.,0.));
#7149=DIRECTION('ref_axis',(0.,0.,-1.));
#7150=DIRECTION('center_axis',(0.,-0.143300917524828,0.989679163687173));
#7151=DIRECTION('ref_axis',(-1.,0.,0.));
#7152=DIRECTION('center_axis',(-1.,0.,0.));
#7153=DIRECTION('ref_axis',(0.,0.,-1.));
#7154=DIRECTION('center_axis',(0.,-0.919032834333166,-0.394180985611365));
#7155=DIRECTION('ref_axis',(-1.,0.,0.));
#7156=DIRECTION('center_axis',(-1.,0.,0.));
#7157=DIRECTION('ref_axis',(0.,0.,1.));
#7158=DIRECTION('center_axis',(-1.,0.,0.));
#7159=DIRECTION('ref_axis',(0.,-0.999275089579881,0.0380696118330645));
#7160=DIRECTION('center_axis',(0.,0.,1.));
#7161=DIRECTION('ref_axis',(1.,0.,0.));
#7162=DIRECTION('center_axis',(0.,0.,1.));
#7163=DIRECTION('ref_axis',(-1.,0.,0.));
#7164=DIRECTION('center_axis',(0.,0.,-1.));
#7165=DIRECTION('ref_axis',(1.,0.,0.));
#7166=DIRECTION('center_axis',(1.,0.,0.));
#7167=DIRECTION('ref_axis',(0.,0.,-1.));
#7168=DIRECTION('center_axis',(1.,0.,0.));
#7169=DIRECTION('ref_axis',(0.,-0.999275089579881,0.0380696118330645));
#7170=DIRECTION('center_axis',(0.,0.919032834332936,0.394180985611903));
#7171=DIRECTION('ref_axis',(1.,0.,0.));
#7172=DIRECTION('center_axis',(0.,0.143300917524824,-0.989679163687174));
#7173=DIRECTION('ref_axis',(1.,0.,0.));
#7174=DIRECTION('center_axis',(-1.,0.,0.));
#7175=DIRECTION('ref_axis',(0.,0.,1.));
#7176=DIRECTION('center_axis',(-1.,0.,0.));
#7177=DIRECTION('ref_axis',(0.,-0.996963057223138,0.0778759432192889));
#7178=DIRECTION('center_axis',(-1.,0.,0.));
#7179=DIRECTION('ref_axis',(0.,-1.,0.));
#7180=DIRECTION('center_axis',(1.,0.,0.));
#7181=DIRECTION('ref_axis',(0.,1.,0.));
#7182=DIRECTION('center_axis',(-1.,0.,0.));
#7183=DIRECTION('ref_axis',(0.,-1.,0.));
#7184=DIRECTION('center_axis',(6.12323399573677E-17,0.,1.));
#7185=DIRECTION('ref_axis',(1.,0.,0.));
#7186=DIRECTION('center_axis',(1.22464679914735E-16,-1.,0.));
#7187=DIRECTION('ref_axis',(-1.,-1.22464679914735E-16,0.));
#7188=DIRECTION('axis',(0.,0.,1.));
#7189=DIRECTION('refdir',(1.,0.,0.));
#7190=DIRECTION('center_axis',(0.,0.,1.));
#7191=DIRECTION('ref_axis',(1.,0.,0.));
#7192=DIRECTION('center_axis',(0.,0.,1.));
#7193=DIRECTION('ref_axis',(-2.94719322334619E-16,-1.,0.));
#7194=DIRECTION('center_axis',(0.,0.,-1.));
#7195=DIRECTION('ref_axis',(-2.94719322334619E-16,-1.,0.));
#7196=DIRECTION('center_axis',(0.,0.,1.));
#7197=DIRECTION('ref_axis',(1.,0.,0.));
#7198=DIRECTION('center_axis',(0.,0.,1.));
#7199=DIRECTION('ref_axis',(0.707106781186547,-0.707106781186548,0.));
#7200=DIRECTION('center_axis',(0.,0.,-1.));
#7201=DIRECTION('ref_axis',(0.707106781186547,-0.707106781186548,0.));
#7202=DIRECTION('center_axis',(0.,0.,1.));
#7203=DIRECTION('ref_axis',(1.,0.,0.));
#7204=DIRECTION('center_axis',(0.,0.,-1.));
#7205=DIRECTION('ref_axis',(1.72254642419883E-16,1.,0.));
#7206=DIRECTION('center_axis',(0.,0.,1.));
#7207=DIRECTION('ref_axis',(1.72254642419883E-16,1.,0.));
#7208=DIRECTION('center_axis',(0.,0.,1.));
#7209=DIRECTION('ref_axis',(1.,0.,0.));
#7210=DIRECTION('center_axis',(0.,0.,-1.));
#7211=DIRECTION('ref_axis',(0.707106781186548,0.707106781186547,0.));
#7212=DIRECTION('center_axis',(0.,0.,1.));
#7213=DIRECTION('ref_axis',(0.707106781186548,0.707106781186547,0.));
#7214=DIRECTION('center_axis',(0.,0.,1.));
#7215=DIRECTION('ref_axis',(1.,0.,0.));
#7216=DIRECTION('center_axis',(0.,0.,1.));
#7217=DIRECTION('ref_axis',(1.,-5.55111512312578E-17,0.));
#7218=DIRECTION('center_axis',(0.,0.,-1.));
#7219=DIRECTION('ref_axis',(1.,-5.55111512312578E-17,0.));
#7220=DIRECTION('center_axis',(0.,0.,1.));
#7221=DIRECTION('ref_axis',(-0.707106781186548,0.707106781186548,0.));
#7222=DIRECTION('center_axis',(0.,0.,-1.));
#7223=DIRECTION('ref_axis',(-0.707106781186547,0.707106781186548,0.));
#7224=DIRECTION('center_axis',(0.,0.,1.));
#7225=DIRECTION('ref_axis',(-0.707106781186547,0.707106781186548,0.));
#7226=DIRECTION('center_axis',(0.,0.,1.));
#7227=DIRECTION('ref_axis',(-1.,-1.22464679914735E-16,0.));
#7228=DIRECTION('center_axis',(0.,0.,-1.));
#7229=DIRECTION('ref_axis',(-1.,1.77975831145993E-16,0.));
#7230=DIRECTION('center_axis',(0.,0.,1.));
#7231=DIRECTION('ref_axis',(-1.,1.77975831145993E-16,0.));
#7232=DIRECTION('center_axis',(0.,0.,1.));
#7233=DIRECTION('ref_axis',(-0.707106781186548,-0.707106781186547,0.));
#7234=DIRECTION('center_axis',(0.,0.,-1.));
#7235=DIRECTION('ref_axis',(-0.707106781186548,-0.707106781186547,0.));
#7236=DIRECTION('center_axis',(0.,0.,1.));
#7237=DIRECTION('ref_axis',(-0.707106781186548,-0.707106781186547,0.));
#7238=DIRECTION('center_axis',(0.,0.,-1.));
#7239=DIRECTION('ref_axis',(-4.92539021456454E-16,-1.,0.));
#7240=DIRECTION('',(0.,0.,1.));
#7241=DIRECTION('center_axis',(0.,0.,-1.));
#7242=DIRECTION('ref_axis',(-0.707106781186548,-0.707106781186548,0.));
#7243=DIRECTION('',(0.,0.,-1.));
#7244=DIRECTION('center_axis',(0.,0.,1.));
#7245=DIRECTION('ref_axis',(-1.,1.22464679914735E-16,0.));
#7246=DIRECTION('',(0.,0.,-1.));
#7247=DIRECTION('center_axis',(0.,0.,-1.));
#7248=DIRECTION('ref_axis',(-1.,6.69535286834776E-17,0.));
#7249=DIRECTION('center_axis',(0.,0.,-1.));
#7250=DIRECTION('ref_axis',(-1.,4.31306681499086E-16,0.));
#7251=DIRECTION('',(0.,0.,1.));
#7252=DIRECTION('center_axis',(0.,0.,-1.));
#7253=DIRECTION('ref_axis',(-0.707106781186548,0.707106781186547,0.));
#7254=DIRECTION('center_axis',(0.,0.,1.));
#7255=DIRECTION('ref_axis',(1.,0.,0.));
#7256=DIRECTION('',(0.,0.,-1.));
#7257=DIRECTION('center_axis',(0.,0.,-1.));
#7258=DIRECTION('ref_axis',(-4.97899625051473E-17,1.,0.));
#7259=DIRECTION('center_axis',(0.,0.,1.));
#7260=DIRECTION('ref_axis',(1.,0.,0.));
#7261=DIRECTION('center_axis',(0.,0.,1.));
#7262=DIRECTION('ref_axis',(1.,-1.22464679914735E-16,0.));
#7263=DIRECTION('center_axis',(0.,0.,1.));
#7264=DIRECTION('ref_axis',(-1.,0.,0.));
#7265=DIRECTION('center_axis',(0.,0.,1.));
#7266=DIRECTION('ref_axis',(1.,-1.17011521368377E-15,0.));
#7267=DIRECTION('center_axis',(0.,0.,1.));
#7268=DIRECTION('ref_axis',(0.,1.,0.));
#7269=DIRECTION('center_axis',(0.,0.,-1.));
#7270=DIRECTION('ref_axis',(-6.12323399573677E-17,-1.,0.));
#7271=DIRECTION('center_axis',(0.,0.,-1.));
#7272=DIRECTION('ref_axis',(1.,-1.22464679914735E-16,0.));
#7273=DIRECTION('center_axis',(0.,0.,1.));
#7274=DIRECTION('ref_axis',(-1.,0.,0.));
#7275=DIRECTION('center_axis',(0.,0.,1.));
#7276=DIRECTION('ref_axis',(-6.12323399573677E-17,-1.,0.));
#7277=DIRECTION('center_axis',(0.,0.,1.));
#7278=DIRECTION('ref_axis',(1.83697019872103E-16,1.,0.));
#7279=DIRECTION('center_axis',(0.,0.,1.));
#7280=DIRECTION('ref_axis',(1.,0.,0.));
#7281=DIRECTION('center_axis',(0.,0.,-1.));
#7282=DIRECTION('ref_axis',(-7.2674717409588E-17,-1.,0.));
#7283=DIRECTION('center_axis',(0.,0.,1.));
#7284=DIRECTION('ref_axis',(-7.2674717409588E-17,-1.,0.));
#7285=DIRECTION('center_axis',(0.,0.,-1.));
#7286=DIRECTION('ref_axis',(-1.,0.,0.));
#7287=DIRECTION('center_axis',(0.,0.,1.));
#7288=DIRECTION('ref_axis',(-0.707106781186548,-0.707106781186548,0.));
#7289=DIRECTION('center_axis',(0.,0.,1.));
#7290=DIRECTION('ref_axis',(-1.,-1.22464679914735E-16,0.));
#7291=DIRECTION('center_axis',(0.,0.,1.));
#7292=DIRECTION('ref_axis',(-1.,6.69535286834776E-17,0.));
#7293=DIRECTION('center_axis',(0.,0.,1.));
#7294=DIRECTION('ref_axis',(1.,0.,0.));
#7295=DIRECTION('center_axis',(0.,0.,1.));
#7296=DIRECTION('ref_axis',(1.,5.55111512312578E-17,0.));
#7297=DIRECTION('center_axis',(0.,0.,-1.));
#7298=DIRECTION('ref_axis',(1.,5.55111512312578E-17,0.));
#7299=DIRECTION('center_axis',(0.,0.,-1.));
#7300=DIRECTION('ref_axis',(-1.,0.,0.));
#7301=DIRECTION('center_axis',(0.,0.,1.));
#7302=DIRECTION('ref_axis',(-0.707106781186548,0.707106781186547,0.));
#7303=DIRECTION('center_axis',(0.,0.,1.));
#7304=DIRECTION('ref_axis',(1.,0.,0.));
#7305=DIRECTION('center_axis',(0.,0.,1.));
#7306=DIRECTION('ref_axis',(-4.97899625051473E-17,1.,0.));
#7307=DIRECTION('center_axis',(0.,0.,-1.));
#7308=DIRECTION('ref_axis',(0.707106781186548,0.707106781186547,0.));
#7309=DIRECTION('center_axis',(0.,0.,1.));
#7310=DIRECTION('ref_axis',(0.707106781186547,0.707106781186548,0.));
#7311=DIRECTION('center_axis',(0.,0.,-1.));
#7312=DIRECTION('ref_axis',(0.707106781186547,0.707106781186548,0.));
#7313=DIRECTION('center_axis',(0.,0.,-1.));
#7314=DIRECTION('ref_axis',(0.707106781186547,-0.707106781186548,0.));
#7315=DIRECTION('center_axis',(0.,0.,1.));
#7316=DIRECTION('ref_axis',(0.707106781186548,-0.707106781186548,0.));
#7317=DIRECTION('center_axis',(0.,0.,-1.));
#7318=DIRECTION('ref_axis',(0.707106781186548,-0.707106781186548,0.));
#7319=DIRECTION('center_axis',(0.,0.,1.));
#7320=DIRECTION('ref_axis',(-1.,1.22464679914735E-16,0.));
#7321=DIRECTION('',(0.,0.,1.));
#7322=DIRECTION('center_axis',(0.,0.,-1.));
#7323=DIRECTION('ref_axis',(1.,-5.53771361413822E-16,0.));
#7324=DIRECTION('',(0.,0.,-1.));
#7325=DIRECTION('center_axis',(0.,0.,1.));
#7326=DIRECTION('ref_axis',(1.,0.,0.));
#7327=DIRECTION('',(0.,0.,1.));
#7328=DIRECTION('center_axis',(0.,0.,-1.));
#7329=DIRECTION('ref_axis',(1.,-1.22464679914735E-16,0.));
#7330=DIRECTION('center_axis',(0.,0.,-1.));
#7331=DIRECTION('ref_axis',(-1.,0.,0.));
#7332=DIRECTION('center_axis',(0.,0.,-1.));
#7333=DIRECTION('ref_axis',(1.83697019872103E-16,1.,0.));
#7334=DIRECTION('center_axis',(0.,0.,-1.));
#7335=DIRECTION('ref_axis',(1.,0.,0.));
#7336=DIRECTION('center_axis',(0.,0.,-1.));
#7337=DIRECTION('ref_axis',(0.,1.,0.));
#7338=DIRECTION('center_axis',(0.,0.,1.));
#7339=DIRECTION('ref_axis',(1.,-1.83697019872103E-16,0.));
#7340=DIRECTION('center_axis',(0.,0.,1.));
#7341=DIRECTION('ref_axis',(-1.22464679914735E-16,-1.,0.));
#7342=DIRECTION('center_axis',(0.,0.,-1.));
#7343=DIRECTION('ref_axis',(-1.,0.,0.));
#7344=DIRECTION('center_axis',(0.,0.,-1.));
#7345=DIRECTION('ref_axis',(1.,-1.22464679914735E-16,0.));
#7346=DIRECTION('center_axis',(0.,0.,-1.));
#7347=DIRECTION('ref_axis',(-6.12323399573677E-17,-1.,0.));
#7348=DIRECTION('center_axis',(0.,0.,-1.));
#7349=DIRECTION('ref_axis',(-1.,0.,0.));
#7350=DIRECTION('',(-0.0499376169438923,6.11559427473843E-18,0.998752338877845));
#7351=DIRECTION('center_axis',(0.,0.,1.));
#7352=DIRECTION('ref_axis',(-1.,0.,0.));
#7353=DIRECTION('center_axis',(0.,0.,-1.));
#7354=DIRECTION('ref_axis',(-1.,0.,0.));
#7355=DIRECTION('center_axis',(0.,0.,-1.));
#7356=DIRECTION('ref_axis',(-1.,0.,0.));
#7357=DIRECTION('',(0.,0.,-1.));
#7358=DIRECTION('center_axis',(0.499999999999999,0.499999999999999,-0.707106781186549));
#7359=DIRECTION('ref_axis',(0.500000000000001,0.500000000000001,0.707106781186546));
#7360=DIRECTION('center_axis',(0.500000000000001,0.500000000000001,0.707106781186547));
#7361=DIRECTION('ref_axis',(-0.5,-0.5,0.707106781186548));
#7362=DIRECTION('',(0.,0.,-1.));
#7363=DIRECTION('center_axis',(0.500000000000001,0.500000000000001,0.707106781186547));
#7364=DIRECTION('ref_axis',(-0.5,-0.5,0.707106781186548));
#7365=DIRECTION('center_axis',(0.500000000000001,0.500000000000001,0.707106781186547));
#7366=DIRECTION('ref_axis',(-0.5,-0.5,0.707106781186548));
#7367=DIRECTION('center_axis',(0.499999999999999,0.499999999999999,-0.707106781186549));
#7368=DIRECTION('ref_axis',(0.500000000000001,0.500000000000001,0.707106781186546));
#7369=DIRECTION('center_axis',(0.,0.,-1.));
#7370=DIRECTION('ref_axis',(-6.12323399573677E-17,-1.,0.));
#7371=DIRECTION('',(-9.17339141210765E-18,-0.0499376169438923,0.998752338877845));
#7372=DIRECTION('center_axis',(0.,0.,1.));
#7373=DIRECTION('ref_axis',(-6.12323399573677E-17,-1.,0.));
#7374=DIRECTION('center_axis',(0.,0.,-1.));
#7375=DIRECTION('ref_axis',(-6.12323399573677E-17,-1.,0.));
#7376=DIRECTION('center_axis',(0.,0.,-1.));
#7377=DIRECTION('ref_axis',(-6.12323399573677E-17,-1.,0.));
#7378=DIRECTION('',(0.,0.,-1.));
#7379=DIRECTION('center_axis',(-0.499999999999999,0.499999999999999,-0.707106781186549));
#7380=DIRECTION('ref_axis',(-0.500000000000001,0.500000000000001,0.707106781186546));
#7381=DIRECTION('center_axis',(-0.500000000000001,0.500000000000001,0.707106781186547));
#7382=DIRECTION('ref_axis',(0.5,-0.5,0.707106781186548));
#7383=DIRECTION('',(0.,0.,-1.));
#7384=DIRECTION('center_axis',(-0.500000000000001,0.500000000000001,0.707106781186547));
#7385=DIRECTION('ref_axis',(0.5,-0.5,0.707106781186548));
#7386=DIRECTION('center_axis',(-0.500000000000001,0.500000000000001,0.707106781186547));
#7387=DIRECTION('ref_axis',(0.5,-0.5,0.707106781186548));
#7388=DIRECTION('center_axis',(-0.499999999999999,0.499999999999999,-0.707106781186549));
#7389=DIRECTION('ref_axis',(-0.500000000000001,0.500000000000001,0.707106781186546));
#7390=DIRECTION('center_axis',(0.,0.,-1.));
#7391=DIRECTION('ref_axis',(1.83697019872103E-16,1.,0.));
#7392=DIRECTION('',(1.52889856868461E-17,0.0499376169438923,0.998752338877845));
#7393=DIRECTION('center_axis',(0.,0.,1.));
#7394=DIRECTION('ref_axis',(1.83697019872103E-16,1.,0.));
#7395=DIRECTION('center_axis',(0.,0.,-1.));
#7396=DIRECTION('ref_axis',(1.83697019872103E-16,1.,0.));
#7397=DIRECTION('center_axis',(0.,0.,-1.));
#7398=DIRECTION('ref_axis',(1.83697019872103E-16,1.,0.));
#7399=DIRECTION('',(0.,0.,-1.));
#7400=DIRECTION('center_axis',(0.499999999999999,-0.499999999999999,-0.707106781186549));
#7401=DIRECTION('ref_axis',(0.500000000000001,-0.500000000000001,0.707106781186546));
#7402=DIRECTION('center_axis',(0.5,-0.500000000000001,0.707106781186547));
#7403=DIRECTION('ref_axis',(-0.5,0.5,0.707106781186548));
#7404=DIRECTION('',(0.,0.,-1.));
#7405=DIRECTION('center_axis',(0.5,-0.500000000000001,0.707106781186547));
#7406=DIRECTION('ref_axis',(-0.5,0.5,0.707106781186548));
#7407=DIRECTION('center_axis',(0.5,-0.500000000000001,0.707106781186547));
#7408=DIRECTION('ref_axis',(-0.5,0.5,0.707106781186548));
#7409=DIRECTION('center_axis',(0.499999999999999,-0.499999999999999,-0.707106781186549));
#7410=DIRECTION('ref_axis',(0.500000000000001,-0.500000000000001,0.707106781186546));
#7411=DIRECTION('center_axis',(0.,0.,-1.));
#7412=DIRECTION('ref_axis',(1.,-1.22464679914735E-16,0.));
#7413=DIRECTION('',(0.0499376169438923,-1.22311885494769E-17,0.998752338877845));
#7414=DIRECTION('center_axis',(0.,0.,1.));
#7415=DIRECTION('ref_axis',(1.,-1.22464679914735E-16,0.));
#7416=DIRECTION('center_axis',(0.,0.,-1.));
#7417=DIRECTION('ref_axis',(1.,-1.22464679914735E-16,0.));
#7418=DIRECTION('center_axis',(0.,0.,-1.));
#7419=DIRECTION('ref_axis',(1.,-1.22464679914735E-16,0.));
#7420=DIRECTION('',(0.,0.,-1.));
#7421=DIRECTION('center_axis',(-0.499999999999999,-0.499999999999999,-0.707106781186549));
#7422=DIRECTION('ref_axis',(-0.500000000000001,-0.500000000000001,0.707106781186546));
#7423=DIRECTION('center_axis',(-0.500000000000001,-0.5,0.707106781186547));
#7424=DIRECTION('ref_axis',(0.5,0.5,0.707106781186548));
#7425=DIRECTION('',(0.,0.,-1.));
#7426=DIRECTION('center_axis',(-0.500000000000001,-0.5,0.707106781186547));
#7427=DIRECTION('ref_axis',(0.5,0.5,0.707106781186548));
#7428=DIRECTION('center_axis',(-0.500000000000001,-0.5,0.707106781186547));
#7429=DIRECTION('ref_axis',(0.5,0.5,0.707106781186548));
#7430=DIRECTION('center_axis',(-0.499999999999999,-0.499999999999999,-0.707106781186549));
#7431=DIRECTION('ref_axis',(-0.500000000000001,-0.500000000000001,0.707106781186546));
#7432=DIRECTION('center_axis',(0.,0.,1.));
#7433=DIRECTION('ref_axis',(1.,-1.22464679914735E-16,0.));
#7434=DIRECTION('',(0.0499376169438923,0.,-0.998752338877845));
#7435=DIRECTION('center_axis',(0.,0.,1.));
#7436=DIRECTION('ref_axis',(1.83697019872103E-16,1.,0.));
#7437=DIRECTION('',(3.05779713736922E-18,0.0499376169438923,-0.998752338877845));
#7438=DIRECTION('center_axis',(0.,0.,1.));
#7439=DIRECTION('ref_axis',(-1.,0.,0.));
#7440=DIRECTION('',(-0.0499376169438923,-6.11559427473843E-18,-0.998752338877845));
#7441=DIRECTION('center_axis',(0.,0.,1.));
#7442=DIRECTION('ref_axis',(-6.12323399573677E-17,-1.,0.));
#7443=DIRECTION('',(3.05779713736922E-18,-0.0499376169438923,-0.998752338877845));
#7444=DIRECTION('center_axis',(0.,0.,-1.));
#7445=DIRECTION('ref_axis',(1.,0.,0.));
#7446=DIRECTION('',(0.196116135138184,-2.40172997158127E-17,0.98058067569092));
#7447=DIRECTION('center_axis',(0.,0.,1.));
#7448=DIRECTION('ref_axis',(1.,0.,0.));
#7449=DIRECTION('center_axis',(0.,0.,1.));
#7450=DIRECTION('ref_axis',(1.,0.,0.));
#7451=DIRECTION('',(0.,0.,1.));
#7452=DIRECTION('center_axis',(0.,0.,1.));
#7453=DIRECTION('ref_axis',(1.,0.,0.));
#7454=DIRECTION('center_axis',(0.,0.,1.));
#7455=DIRECTION('ref_axis',(1.,0.,0.));
#7456=DIRECTION('center_axis',(1.22464679914735E-16,-1.,0.));
#7457=DIRECTION('ref_axis',(-1.,-1.22464679914735E-16,0.));
#7458=DIRECTION('center_axis',(0.,0.,-1.));
#7459=DIRECTION('ref_axis',(1.,-1.17011521368377E-15,0.));
#7460=DIRECTION('center_axis',(0.,0.,1.));
#7461=DIRECTION('ref_axis',(1.,0.,0.));
#7462=DIRECTION('center_axis',(0.,0.,1.));
#7463=DIRECTION('ref_axis',(-1.,5.85057606841884E-16,0.));
#7464=DIRECTION('',(0.,0.,-1.));
#7465=DIRECTION('center_axis',(0.,0.,1.));
#7466=DIRECTION('ref_axis',(-1.,5.85057606841884E-16,0.));
#7467=DIRECTION('center_axis',(0.,0.,-1.));
#7468=DIRECTION('ref_axis',(1.,0.,0.));
#7469=DIRECTION('center_axis',(0.,0.,-1.));
#7470=DIRECTION('ref_axis',(0.,1.,0.));
#7471=DIRECTION('',(6.11559427473843E-18,0.0499376169438923,0.998752338877845));
#7472=DIRECTION('center_axis',(0.,0.,1.));
#7473=DIRECTION('ref_axis',(0.,1.,0.));
#7474=DIRECTION('center_axis',(0.,0.,-1.));
#7475=DIRECTION('ref_axis',(0.,1.,0.));
#7476=DIRECTION('center_axis',(0.,0.,-1.));
#7477=DIRECTION('ref_axis',(0.,1.,0.));
#7478=DIRECTION('',(0.,0.,-1.));
#7479=DIRECTION('center_axis',(0.,0.,-1.));
#7480=DIRECTION('ref_axis',(-1.,0.,0.));
#7481=DIRECTION('',(-0.0499376169438923,6.11559427473843E-18,0.998752338877845));
#7482=DIRECTION('center_axis',(0.,0.,1.));
#7483=DIRECTION('ref_axis',(-1.,0.,0.));
#7484=DIRECTION('center_axis',(0.,0.,-1.));
#7485=DIRECTION('ref_axis',(-1.,0.,0.));
#7486=DIRECTION('center_axis',(0.,0.,-1.));
#7487=DIRECTION('ref_axis',(-1.,0.,0.));
#7488=DIRECTION('',(0.,0.,-1.));
#7489=DIRECTION('center_axis',(0.,0.,1.));
#7490=DIRECTION('ref_axis',(-1.,0.,0.));
#7491=DIRECTION('',(-0.0499376169438923,-6.11559427473843E-18,-0.998752338877845));
#7492=DIRECTION('center_axis',(0.,0.,1.));
#7493=DIRECTION('ref_axis',(0.,1.,0.));
#7494=DIRECTION('',(-6.11559427473843E-18,0.0499376169438923,-0.998752338877845));
#7495=DIRECTION('',(0.950452284355776,-0.310870479722484,0.));
#7496=DIRECTION('center_axis',(0.707106781186548,-0.707106781186548,0.));
#7497=DIRECTION('ref_axis',(6.12323399573677E-17,6.12323399573676E-17,1.));
#7498=DIRECTION('',(0.707106781186547,-0.707106781186547,0.));
#7499=DIRECTION('',(-0.950452284355776,0.310870479722484,0.));
#7500=DIRECTION('center_axis',(-0.707106781186547,0.707106781186548,0.));
#7501=DIRECTION('ref_axis',(-6.12323399573677E-17,-6.12323399573676E-17,
1.));
#7502=DIRECTION('',(-0.707106781186547,0.707106781186548,0.));
#7503=DIRECTION('',(0.310870479722484,0.950452284355776,0.));
#7504=DIRECTION('center_axis',(0.707106781186548,0.707106781186547,0.));
#7505=DIRECTION('ref_axis',(-6.12323399573676E-17,6.12323399573677E-17,
1.));
#7506=DIRECTION('',(0.707106781186548,0.707106781186547,0.));
#7507=DIRECTION('center_axis',(0.,0.,-1.));
#7508=DIRECTION('ref_axis',(1.,-1.22464679914735E-16,0.));
#7509=DIRECTION('',(0.,0.,-1.));
#7510=DIRECTION('center_axis',(0.,0.,-1.));
#7511=DIRECTION('ref_axis',(-1.22464679914735E-16,-1.,0.));
#7512=DIRECTION('',(0.,0.,-1.));
#7513=DIRECTION('center_axis',(-6.12323399573677E-17,7.49879891330929E-33,
1.));
#7514=DIRECTION('ref_axis',(-1.,1.22464679914735E-16,0.));
#7515=DIRECTION('center_axis',(0.,1.,0.));
#7516=DIRECTION('ref_axis',(1.,0.,0.));
#7517=DIRECTION('',(-0.310870479722484,-0.950452284355776,0.));
#7518=DIRECTION('center_axis',(-0.707106781186548,-0.707106781186548,0.));
#7519=DIRECTION('ref_axis',(6.12323399573676E-17,-6.12323399573677E-17,
1.));
#7520=DIRECTION('',(-0.707106781186547,-0.707106781186547,0.));
#7521=DIRECTION('center_axis',(0.,0.,-1.));
#7522=DIRECTION('ref_axis',(3.70074341541719E-16,1.,0.));
#7523=DIRECTION('',(0.,0.,1.));
#7524=DIRECTION('',(1.,0.,0.));
#7525=DIRECTION('',(0.,-1.57772181044202E-30,-0.999999999999999));
#7526=DIRECTION('',(1.,0.,0.));
#7527=DIRECTION('',(0.,-1.57772181044202E-30,-0.999999999999999));
#7528=DIRECTION('',(1.,0.,0.));
#7529=DIRECTION('',(0.,-1.57772181044202E-30,-0.999999999999999));
#7530=DIRECTION('',(1.,0.,0.));
#7531=DIRECTION('',(0.,-1.57772181044202E-30,-0.999999999999999));
#7532=DIRECTION('',(1.,0.,0.));
#7533=DIRECTION('',(0.,-1.57772181044202E-30,-0.999999999999999));
#7534=DIRECTION('',(1.,0.,0.));
#7535=DIRECTION('',(0.,-1.57772181044202E-30,-0.999999999999999));
#7536=DIRECTION('',(1.,0.,0.));
#7537=DIRECTION('',(0.,-1.57772181044202E-30,-0.999999999999999));
#7538=DIRECTION('',(1.,0.,0.));
#7539=DIRECTION('',(0.,6.31088724176809E-30,-0.999999999999999));
#7540=DIRECTION('',(1.,0.,0.));
#7541=DIRECTION('',(0.,6.31088724176809E-30,-0.999999999999999));
#7542=DIRECTION('',(1.,0.,0.));
#7543=DIRECTION('',(0.,6.31088724176809E-30,-0.999999999999999));
#7544=DIRECTION('',(1.,0.,0.));
#7545=DIRECTION('',(0.,6.31088724176809E-30,-0.999999999999999));
#7546=DIRECTION('',(1.,0.,0.));
#7547=DIRECTION('',(0.,6.31088724176809E-30,-0.999999999999999));
#7548=DIRECTION('',(1.,0.,0.));
#7549=DIRECTION('',(0.,6.31088724176809E-30,-0.999999999999999));
#7550=DIRECTION('',(1.,0.,0.));
#7551=DIRECTION('',(-4.62149163971163E-65,6.31463664122474E-30,-0.999999999999999));
#7552=DIRECTION('',(1.,1.23259516440783E-32,0.));
#7553=DIRECTION('',(7.76490462240729E-62,6.3183860406814E-30,-0.999999999999999));
#7554=DIRECTION('',(1.,2.46519032881566E-32,1.55621596862926E-61));
#7555=DIRECTION('',(-7.82684765298716E-70,9.64733456962876E-102,-1.));
#7556=DIRECTION('',(0.999999999999999,-1.23259516440783E-32,0.));
#7557=CARTESIAN_POINT('',(0.,0.,0.));
#7558=CARTESIAN_POINT('',(0.,0.,0.));
#7559=CARTESIAN_POINT('Origin',(-1.52242109020501E-14,1.52242109020501E-14,
46.2));
#7560=CARTESIAN_POINT('',(-2.54536580151007,1.16666666666647,45.8999999379118));
#7561=CARTESIAN_POINT('',(-2.49999940586777,0.5,46.6771235933012));
#7562=CARTESIAN_POINT('Ctrl Pts',(-2.54536580150997,1.16666666666666,45.8999999379118));
#7563=CARTESIAN_POINT('Ctrl Pts',(-2.54646855164282,1.1657147147566,45.9008076957989));
#7564=CARTESIAN_POINT('Ctrl Pts',(-2.54756849712896,1.16476135144169,45.9016176213165));
#7565=CARTESIAN_POINT('Ctrl Pts',(-2.60406093972335,1.1155991118783,45.9434331786187));
#7566=CARTESIAN_POINT('Ctrl Pts',(-2.65234315881633,1.0637401349906,45.9900060075417));
#7567=CARTESIAN_POINT('Ctrl Pts',(-2.72778127702737,0.958112054180144,46.0901930874577));
#7568=CARTESIAN_POINT('Ctrl Pts',(-2.75595610612267,0.904367278441148,46.1435400676218));
#7569=CARTESIAN_POINT('Ctrl Pts',(-2.79193113469717,0.787093582746599,46.2664366266166));
#7570=CARTESIAN_POINT('Ctrl Pts',(-2.79375974126285,0.728230231481273,46.3322757194672));
#7571=CARTESIAN_POINT('Ctrl Pts',(-2.768099136137,0.635845280837421,46.4437571997548));
#7572=CARTESIAN_POINT('Ctrl Pts',(-2.74604324479609,0.600197078335652,46.4902486685982));
#7573=CARTESIAN_POINT('Ctrl Pts',(-2.6891392211668,0.548441204004185,46.5652773967154));
#7574=CARTESIAN_POINT('Ctrl Pts',(-2.6565001616229,0.529551935792319,46.5962516713801));
#7575=CARTESIAN_POINT('Ctrl Pts',(-2.58167195321716,0.505648410897504,46.645756204248));
#7576=CARTESIAN_POINT('Ctrl Pts',(-2.54221361951728,0.500000000036185,46.664152404162));
#7577=CARTESIAN_POINT('Ctrl Pts',(-2.49999940586778,0.5,46.6771235933012));
#7578=CARTESIAN_POINT('',(-2.54536580150996,-1.16666666666667,45.8999999379118));
#7579=CARTESIAN_POINT('Origin',(-1.52242109020501E-14,1.52242109020501E-14,
45.8999999379118));
#7580=CARTESIAN_POINT('',(-2.49999940586776,-0.5,46.6771235933012));
#7581=CARTESIAN_POINT('Ctrl Pts',(-2.49999940586777,-0.5,46.6771235933012));
#7582=CARTESIAN_POINT('Ctrl Pts',(-2.54221361951727,-0.500000000036186,
46.664152404162));
#7583=CARTESIAN_POINT('Ctrl Pts',(-2.58167195321715,-0.505648410897504,
46.645756204248));
#7584=CARTESIAN_POINT('Ctrl Pts',(-2.65650016162289,-0.52955193579232,46.5962516713801));
#7585=CARTESIAN_POINT('Ctrl Pts',(-2.68913922116679,-0.548441204004188,
46.5652773967154));
#7586=CARTESIAN_POINT('Ctrl Pts',(-2.74604324479594,-0.600197078335527,
46.4902486685984));
#7587=CARTESIAN_POINT('Ctrl Pts',(-2.76809913613694,-0.635845280837226,
46.443757199755));
#7588=CARTESIAN_POINT('Ctrl Pts',(-2.79375974126286,-0.728230231481331,
46.3322757194671));
#7589=CARTESIAN_POINT('Ctrl Pts',(-2.79193113469714,-0.78709358274667,46.2664366266165));
#7590=CARTESIAN_POINT('Ctrl Pts',(-2.75595610612271,-0.904367278440983,
46.1435400676219));
#7591=CARTESIAN_POINT('Ctrl Pts',(-2.72778127702753,-0.958112054179811,
46.090193087458));
#7592=CARTESIAN_POINT('Ctrl Pts',(-2.6523431588266,-1.0637401349763,45.9900060075553));
#7593=CARTESIAN_POINT('Ctrl Pts',(-2.60406093980897,-1.11559911179447,45.943433178677));
#7594=CARTESIAN_POINT('Ctrl Pts',(-2.54756849712498,-1.16476135144591,45.901617621314));
#7595=CARTESIAN_POINT('Ctrl Pts',(-2.54646855164762,-1.16571471475246,45.9008076958025));
#7596=CARTESIAN_POINT('Ctrl Pts',(-2.54536580150997,-1.16666666666667,45.8999999379118));
#7597=CARTESIAN_POINT('',(-2.3473386331962,-0.5,46.7));
#7598=CARTESIAN_POINT('Ctrl Pts',(-2.34733863319619,-0.5,46.7));
#7599=CARTESIAN_POINT('Ctrl Pts',(-2.39567572991103,-0.5,46.7));
#7600=CARTESIAN_POINT('Ctrl Pts',(-2.45078104824834,-0.5,46.6922469503533));
#7601=CARTESIAN_POINT('Ctrl Pts',(-2.49999940586776,-0.5,46.6771235933012));
#7602=CARTESIAN_POINT('',(-2.3473386331962,0.5,46.7));
#7603=CARTESIAN_POINT('Origin',(-1.52242109020501E-14,1.52242109020501E-14,
46.7));
#7604=CARTESIAN_POINT('Ctrl Pts',(-2.49999940586777,0.5,46.6771235933012));
#7605=CARTESIAN_POINT('Ctrl Pts',(-2.45078104824835,0.5,46.6922469503533));
#7606=CARTESIAN_POINT('Ctrl Pts',(-2.39567572991104,0.5,46.7));
#7607=CARTESIAN_POINT('Ctrl Pts',(-2.34733863319619,0.5,46.7));
#7608=CARTESIAN_POINT('Origin',(0.,0.,46.7));
#7609=CARTESIAN_POINT('',(-1.95256217094985,-0.5,46.7));
#7610=CARTESIAN_POINT('',(4.,-0.5,46.7));
#7611=CARTESIAN_POINT('',(-1.72494085102397,-0.535796346381961,46.7));
#7612=CARTESIAN_POINT('Ctrl Pts',(-1.95256217094985,-0.5,46.7));
#7613=CARTESIAN_POINT('Ctrl Pts',(-1.88029941153272,-0.5,46.7));
#7614=CARTESIAN_POINT('Ctrl Pts',(-1.79607939941134,-0.513059568686373,
46.7));
#7615=CARTESIAN_POINT('Ctrl Pts',(-1.72494085128643,-0.53579634720312,46.7));
#7616=CARTESIAN_POINT('',(-1.73565510943142,0.5,46.7));
#7617=CARTESIAN_POINT('Origin',(-1.52242109020501E-14,1.52242109020501E-14,
46.7));
#7618=CARTESIAN_POINT('',(-4.,0.5,46.7));
#7619=CARTESIAN_POINT('Origin',(-1.52242109020501E-14,1.52242109020501E-14,
46.2));
#7620=CARTESIAN_POINT('',(-1.36327542870227,0.5,46.5529412495155));
#7621=CARTESIAN_POINT('Ctrl Pts',(-1.73565510943141,0.5,46.7));
#7622=CARTESIAN_POINT('Ctrl Pts',(-1.67023106870913,0.5,46.7));
#7623=CARTESIAN_POINT('Ctrl Pts',(-1.5931585673273,0.5,46.6850511244193));
#7624=CARTESIAN_POINT('Ctrl Pts',(-1.47368003210592,0.5,46.6371474115647));
#7625=CARTESIAN_POINT('Ctrl Pts',(-1.4097414330741,0.5,46.5967169052732));
#7626=CARTESIAN_POINT('Ctrl Pts',(-1.36327542870227,0.5,46.5529412495155));
#7627=CARTESIAN_POINT('',(-1.20922702831143,-0.803921568627448,46.5529412495155));
#7628=CARTESIAN_POINT('Ctrl Pts',(-1.20922702831143,-0.803921568627451,
46.5529412495155));
#7629=CARTESIAN_POINT('Ctrl Pts',(-1.21045258318552,-0.803148970115071,
46.5535361564248));
#7630=CARTESIAN_POINT('Ctrl Pts',(-1.21167855748282,-0.802376357489116,
46.5541302194376));
#7631=CARTESIAN_POINT('Ctrl Pts',(-1.33335029077565,-0.725724699770127,
46.6129824385954));
#7632=CARTESIAN_POINT('Ctrl Pts',(-1.45812929590186,-0.649202256795982,
46.663134911649));
#7633=CARTESIAN_POINT('Ctrl Pts',(-1.62855041081088,-0.570750075377006,
46.6947436686992));
#7634=CARTESIAN_POINT('Ctrl Pts',(-1.67630466729121,-0.551341085961666,
46.7000000001672));
#7635=CARTESIAN_POINT('Ctrl Pts',(-1.72494085128637,-0.53579634720314,46.7));
#7636=CARTESIAN_POINT('Origin',(-1.52242109020501E-14,1.52242109020501E-14,
46.5529412495155));
#7637=CARTESIAN_POINT('Origin',(-1.52242109020501E-14,1.52242109020501E-14,
46.2));
#7638=CARTESIAN_POINT('',(2.54536580150993,-1.16666666666667,45.8999999379118));
#7639=CARTESIAN_POINT('',(2.49999940586773,-0.5,46.6771235933012));
#7640=CARTESIAN_POINT('Ctrl Pts',(2.54536580150994,-1.16666666666667,45.8999999379118));
#7641=CARTESIAN_POINT('Ctrl Pts',(2.54646855164384,-1.1657147147557,45.9008076957997));
#7642=CARTESIAN_POINT('Ctrl Pts',(2.54756849712884,-1.16476135144187,45.9016176213165));
#7643=CARTESIAN_POINT('Ctrl Pts',(2.60406093973715,-1.11559911186475,45.9434331786283));
#7644=CARTESIAN_POINT('Ctrl Pts',(2.65234315881831,-1.06374013498786,45.9900060075443));
#7645=CARTESIAN_POINT('Ctrl Pts',(2.7277812770275,-0.958112054179821,46.090193087458));
#7646=CARTESIAN_POINT('Ctrl Pts',(2.75595610612268,-0.904367278440988,46.1435400676219));
#7647=CARTESIAN_POINT('Ctrl Pts',(2.7919311346971,-0.787093582746705,46.2664366266165));
#7648=CARTESIAN_POINT('Ctrl Pts',(2.79375974126284,-0.72823023148136,46.332275719467));
#7649=CARTESIAN_POINT('Ctrl Pts',(2.76809913613691,-0.635845280837206,46.443757199755));
#7650=CARTESIAN_POINT('Ctrl Pts',(2.7460432447959,-0.600197078335516,46.4902486685984));
#7651=CARTESIAN_POINT('Ctrl Pts',(2.68913922116677,-0.548441204004192,46.5652773967154));
#7652=CARTESIAN_POINT('Ctrl Pts',(2.65650016162287,-0.529551935792321,46.5962516713801));
#7653=CARTESIAN_POINT('Ctrl Pts',(2.58167195321712,-0.505648410897503,46.645756204248));
#7654=CARTESIAN_POINT('Ctrl Pts',(2.54221361951723,-0.500000000036185,46.664152404162));
#7655=CARTESIAN_POINT('Ctrl Pts',(2.49999940586773,-0.5,46.6771235933012));
#7656=CARTESIAN_POINT('',(2.54536580151004,1.16666666666647,45.8999999379118));
#7657=CARTESIAN_POINT('Origin',(-1.52242109020501E-14,1.52242109020501E-14,
45.8999999379118));
#7658=CARTESIAN_POINT('',(2.49999940586774,0.5,46.6771235933012));
#7659=CARTESIAN_POINT('Ctrl Pts',(2.49999940586775,0.5,46.6771235933012));
#7660=CARTESIAN_POINT('Ctrl Pts',(2.54221361951725,0.500000000036185,46.664152404162));
#7661=CARTESIAN_POINT('Ctrl Pts',(2.58167195321713,0.505648410897504,46.645756204248));
#7662=CARTESIAN_POINT('Ctrl Pts',(2.65650016162287,0.529551935792319,46.5962516713801));
#7663=CARTESIAN_POINT('Ctrl Pts',(2.68913922116677,0.548441204004186,46.5652773967154));
#7664=CARTESIAN_POINT('Ctrl Pts',(2.74604324479604,0.600197078335636,46.4902486685982));
#7665=CARTESIAN_POINT('Ctrl Pts',(2.76809913613697,0.635845280837396,46.4437571997548));
#7666=CARTESIAN_POINT('Ctrl Pts',(2.79375974126282,0.728230231481279,46.3322757194671));
#7667=CARTESIAN_POINT('Ctrl Pts',(2.79193113469714,0.787093582746606,46.2664366266166));
#7668=CARTESIAN_POINT('Ctrl Pts',(2.75595610612263,0.904367278441167,46.1435400676217));
#7669=CARTESIAN_POINT('Ctrl Pts',(2.72778127702731,0.958112054180187,46.0901930874577));
#7670=CARTESIAN_POINT('Ctrl Pts',(2.65234315882139,1.06374013498347,45.9900060075485));
#7671=CARTESIAN_POINT('Ctrl Pts',(2.60406093976787,1.11559911183474,45.943433178649));
#7672=CARTESIAN_POINT('Ctrl Pts',(2.54756849712667,1.16476135144405,45.901617621315));
#7673=CARTESIAN_POINT('Ctrl Pts',(2.54646855164487,1.16571471475481,45.9008076958005));
#7674=CARTESIAN_POINT('Ctrl Pts',(2.54536580150994,1.16666666666666,45.8999999379118));
#7675=CARTESIAN_POINT('',(2.34733863319617,0.5,46.7));
#7676=CARTESIAN_POINT('Ctrl Pts',(2.34733863319616,0.5,46.7));
#7677=CARTESIAN_POINT('Ctrl Pts',(2.39567572991101,0.5,46.7));
#7678=CARTESIAN_POINT('Ctrl Pts',(2.45078104824832,0.5,46.6922469503533));
#7679=CARTESIAN_POINT('Ctrl Pts',(2.49999940586774,0.5,46.6771235933012));
#7680=CARTESIAN_POINT('',(2.34733863319617,-0.5,46.7));
#7681=CARTESIAN_POINT('Origin',(-1.52242109020501E-14,1.52242109020501E-14,
46.7));
#7682=CARTESIAN_POINT('Ctrl Pts',(2.49999940586773,-0.5,46.6771235933012));
#7683=CARTESIAN_POINT('Ctrl Pts',(2.45078104824831,-0.5,46.6922469503533));
#7684=CARTESIAN_POINT('Ctrl Pts',(2.395675729911,-0.5,46.7));
#7685=CARTESIAN_POINT('Ctrl Pts',(2.34733863319616,-0.5,46.7));
#7686=CARTESIAN_POINT('Origin',(0.,0.,46.7));
#7687=CARTESIAN_POINT('',(1.95256217094984,0.5,46.7));
#7688=CARTESIAN_POINT('',(-4.,0.5,46.7));
#7689=CARTESIAN_POINT('',(1.72494085102395,0.535796346381962,46.7));
#7690=CARTESIAN_POINT('Ctrl Pts',(1.95256217094984,0.5,46.7));
#7691=CARTESIAN_POINT('Ctrl Pts',(1.8802994115327,0.5,46.7));
#7692=CARTESIAN_POINT('Ctrl Pts',(1.79607939941132,0.513059568686374,46.7));
#7693=CARTESIAN_POINT('Ctrl Pts',(1.72494085128641,0.535796347203121,46.7));
#7694=CARTESIAN_POINT('',(1.72494085102394,-0.535796346381961,46.7));
#7695=CARTESIAN_POINT('Origin',(-1.52242109020501E-14,1.52242109020501E-14,
46.7));
#7696=CARTESIAN_POINT('',(1.95256217094982,-0.5,46.7));
#7697=CARTESIAN_POINT('Ctrl Pts',(1.7249408512864,-0.535796347203119,46.7));
#7698=CARTESIAN_POINT('Ctrl Pts',(1.79607939941131,-0.513059568686373,46.7));
#7699=CARTESIAN_POINT('Ctrl Pts',(1.88029941153269,-0.5,46.7));
#7700=CARTESIAN_POINT('Ctrl Pts',(1.95256217094982,-0.5,46.7));
#7701=CARTESIAN_POINT('',(4.,-0.5,46.7));
#7702=CARTESIAN_POINT('Origin',(-1.52242109020501E-14,1.52242109020501E-14,
46.2));
#7703=CARTESIAN_POINT('',(1.2092270283114,-0.803921568627447,46.5529412495155));
#7704=CARTESIAN_POINT('Ctrl Pts',(1.72494085128634,-0.53579634720314,46.7));
#7705=CARTESIAN_POINT('Ctrl Pts',(1.67630466729118,-0.551341085961666,46.7000000001672));
#7706=CARTESIAN_POINT('Ctrl Pts',(1.62855041081085,-0.570750075377007,46.6947436686992));
#7707=CARTESIAN_POINT('Ctrl Pts',(1.45812930597308,-0.64920225215975,46.663134913517));
#7708=CARTESIAN_POINT('Ctrl Pts',(1.33335030685671,-0.725724689649166,46.6129824463793));
#7709=CARTESIAN_POINT('Ctrl Pts',(1.21167855758201,-0.80237635742619,46.5541302194853));
#7710=CARTESIAN_POINT('Ctrl Pts',(1.21045258308652,-0.803148970177466,46.5535361563768));
#7711=CARTESIAN_POINT('Ctrl Pts',(1.2092270283114,-0.803921568627451,46.5529412495155));
#7712=CARTESIAN_POINT('',(1.20922702831141,0.803921568627453,46.5529412495155));
#7713=CARTESIAN_POINT('Ctrl Pts',(1.20922702831141,0.803921568627455,46.5529412495155));
#7714=CARTESIAN_POINT('Ctrl Pts',(1.21045258306951,0.803148970188197,46.5535361563685));
#7715=CARTESIAN_POINT('Ctrl Pts',(1.21167855760087,0.80237635741425,46.5541302194944));
#7716=CARTESIAN_POINT('Ctrl Pts',(1.3333503096569,0.725724687886853,46.6129824477346));
#7717=CARTESIAN_POINT('Ctrl Pts',(1.45812930772663,0.64920225135253,46.6631349138422));
#7718=CARTESIAN_POINT('Ctrl Pts',(1.62855041081086,0.57075007537701,46.6947436686992));
#7719=CARTESIAN_POINT('Ctrl Pts',(1.67630466729118,0.551341085961667,46.7000000001672));
#7720=CARTESIAN_POINT('Ctrl Pts',(1.72494085128635,0.53579634720314,46.7));
#7721=CARTESIAN_POINT('Origin',(-1.52242109020501E-14,1.52242109020501E-14,
46.5529412495155));
#7722=CARTESIAN_POINT('Origin',(-1.52242109020501E-14,-1.,48.000000372529));
#7723=CARTESIAN_POINT('',(-1.68011582550502,-0.803921568627448,48.8564003517345));
#7724=CARTESIAN_POINT('Origin',(-1.52242109020501E-14,-0.803921568627448,
48.000000372529));
#7725=CARTESIAN_POINT('',(-2.26675171984803,-0.5,48.6036034213666));
#7726=CARTESIAN_POINT('Origin',(-1.52242109020501E-14,-0.5,48.000000372529));
#7727=CARTESIAN_POINT('Ctrl Pts',(-2.26675171984803,-0.5,48.6036034213666));
#7728=CARTESIAN_POINT('Ctrl Pts',(-2.26550398006931,-0.5,48.604211771036));
#7729=CARTESIAN_POINT('Ctrl Pts',(-2.26425607169925,-0.500003302363036,
48.6048197792153));
#7730=CARTESIAN_POINT('Ctrl Pts',(-2.17869327920533,-0.500455741169405,
48.6464787395174));
#7731=CARTESIAN_POINT('Ctrl Pts',(-2.09303282043827,-0.515943337118244,
48.6861591956182));
#7732=CARTESIAN_POINT('Ctrl Pts',(-1.93056268284724,-0.575020504946786,
48.7575484240237));
#7733=CARTESIAN_POINT('Ctrl Pts',(-1.85661611196741,-0.617481765971372,
48.7880303780903));
#7734=CARTESIAN_POINT('Ctrl Pts',(-1.75078427819128,-0.70734886756874,48.8298755075164));
#7735=CARTESIAN_POINT('Ctrl Pts',(-1.7105482219843,-0.752337179075958,48.845120403343));
#7736=CARTESIAN_POINT('Ctrl Pts',(-1.68011582550502,-0.803921568627447,
48.8564003517345));
#7737=CARTESIAN_POINT('Ctrl Pts',(-1.81156136187545,-0.5,48.4132139155791));
#7738=CARTESIAN_POINT('Ctrl Pts',(-2.11416206617026,-0.5,48.5367473872949));
#7739=CARTESIAN_POINT('Ctrl Pts',(-2.41436770312579,-0.5,48.6659416123076));
#7740=CARTESIAN_POINT('Ctrl Pts',(-2.71382430379925,-0.5,48.7969681561372));
#7741=CARTESIAN_POINT('Ctrl Pts',(-1.7685652364995,-0.5,48.5185348269079));
#7742=CARTESIAN_POINT('Ctrl Pts',(-2.06888097570826,-0.499952786644667,
48.6435525260623));
#7743=CARTESIAN_POINT('Ctrl Pts',(-2.36780436430348,-0.500028879122932,
48.7737965045598));
#7744=CARTESIAN_POINT('Ctrl Pts',(-2.66625117354129,-0.5,48.9056948877907));
#7745=CARTESIAN_POINT('Ctrl Pts',(-1.68277481753838,-0.580827740387348,
48.7286822536645));
#7746=CARTESIAN_POINT('Ctrl Pts',(-1.97857712330291,-0.584136946679962,
48.8565703137204));
#7747=CARTESIAN_POINT('Ctrl Pts',(-2.27491009516116,-0.586415174781176,
48.9889583637919));
#7748=CARTESIAN_POINT('Ctrl Pts',(-2.57137231859343,-0.588283066900552,
49.1225372049888));
#7749=CARTESIAN_POINT('Ctrl Pts',(-1.63534763484906,-0.78651949135037,48.8448572359197));
#7750=CARTESIAN_POINT('Ctrl Pts',(-1.93004657921538,-0.79678760255773,48.9708870717563));
#7751=CARTESIAN_POINT('Ctrl Pts',(-2.22620214721897,-0.80386897690856,49.1017638319331));
#7752=CARTESIAN_POINT('Ctrl Pts',(-2.5224994058571,-0.809533220250013,49.2342345442094));
#7753=CARTESIAN_POINT('Ctrl Pts',(-1.62656617550171,-0.897880805879947,
48.8663678090975));
#7754=CARTESIAN_POINT('Ctrl Pts',(-1.92194989910014,-0.910954809258914,
48.9899012808133));
#7755=CARTESIAN_POINT('Ctrl Pts',(-2.2187068288553,-0.91984018174715,49.1190955058259));
#7756=CARTESIAN_POINT('Ctrl Pts',(-2.51554786455195,-0.926938365549408,
49.2501220496555));
#7757=CARTESIAN_POINT('',(-2.71382430379925,-0.5,48.7969681561372));
#7758=CARTESIAN_POINT('Ctrl Pts',(-2.26678553678991,-0.5,48.6035241818319));
#7759=CARTESIAN_POINT('Ctrl Pts',(-2.41611783340768,-0.5,48.6672404360489));
#7760=CARTESIAN_POINT('Ctrl Pts',(-2.56506349204954,-0.5,48.7318782066186));
#7761=CARTESIAN_POINT('Ctrl Pts',(-2.71382430379925,-0.5,48.7969681561372));
#7762=CARTESIAN_POINT('',(-2.51554786455189,-0.926938365549389,49.2501220496555));
#7763=CARTESIAN_POINT('Origin',(-2.71382430379925,-1.,48.7969681561372));
#7764=CARTESIAN_POINT('',(-1.62656617801986,-0.897880805165013,48.8663678108313));
#7765=CARTESIAN_POINT('Ctrl Pts',(-2.51554786455195,-0.926938365549408,
49.2501220496555));
#7766=CARTESIAN_POINT('Ctrl Pts',(-2.21870682976944,-0.919840181769009,
49.1190955062294));
#7767=CARTESIAN_POINT('Ctrl Pts',(-1.92194990092791,-0.91095480931364,48.989901281609));
#7768=CARTESIAN_POINT('Ctrl Pts',(-1.62656617823067,-0.897880806000734,
48.8663678102388));
#7769=CARTESIAN_POINT('Ctrl Pts',(-1.62656617550171,-0.897880805879947,
48.8663678090975));
#7770=CARTESIAN_POINT('Ctrl Pts',(-1.64414475388801,-0.866036132478618,
48.8663678090975));
#7771=CARTESIAN_POINT('Ctrl Pts',(-1.66205727582726,-0.834531687089423,
48.8630938603621));
#7772=CARTESIAN_POINT('Ctrl Pts',(-1.68011582550502,-0.803921568627447,
48.8564003517345));
#7773=CARTESIAN_POINT('Origin',(-1.52242109020501E-14,-1.,48.000000372529));
#7774=CARTESIAN_POINT('',(-3.16612835443232,-1.16666666666667,48.9297961200718));
#7775=CARTESIAN_POINT('Origin',(-2.71382430379913,-1.,48.7969681561371));
#7776=CARTESIAN_POINT('Origin',(-1.52242109020501E-14,-0.5,48.000000372529));
#7777=CARTESIAN_POINT('Origin',(-1.52242109020501E-14,-1.16666666666667,
48.000000372529));
#7778=CARTESIAN_POINT('Origin',(-2.71382430379915,-0.99999999999996,48.7969681561371));
#7779=CARTESIAN_POINT('Origin',(-2.71382430379915,-0.99999999999996,48.7969681561371));
#7780=CARTESIAN_POINT('Origin',(-1.52242109020501E-14,1.52242109020501E-14,
48.000000372529));
#7781=CARTESIAN_POINT('',(1.62656618210889,-0.897880804004073,48.8663678136467));
#7782=CARTESIAN_POINT('Origin',(-2.4980018054066E-14,3.95516952522712E-15,
48.8663678090975));
#7783=CARTESIAN_POINT('',(1.68011582550499,-0.803921568627448,48.8564003517345));
#7784=CARTESIAN_POINT('Ctrl Pts',(1.68011582550499,-0.803921568627444,48.8564003517345));
#7785=CARTESIAN_POINT('Ctrl Pts',(1.66203790834275,-0.834564515915911,48.8631010390352));
#7786=CARTESIAN_POINT('Ctrl Pts',(1.6441275182737,-0.866067355851494,48.8663678090975));
#7787=CARTESIAN_POINT('Ctrl Pts',(1.62656617550168,-0.897880805879946,48.8663678090975));
#7788=CARTESIAN_POINT('Origin',(-1.52242109020501E-14,-0.803921568627448,
48.000000372529));
#7789=CARTESIAN_POINT('',(1.82229059830918,0.803921568627454,48.4852498823789));
#7790=CARTESIAN_POINT('Origin',(-1.52242109020501E-14,0.803921568627454,
48.000000372529));
#7791=CARTESIAN_POINT('',(-1.9278307012661,0.500501448995332,48.4852498823789));
#7792=CARTESIAN_POINT('Origin',(-1.55499757734989E-14,1.55499757734989E-14,
48.4852498823789));
#7793=CARTESIAN_POINT('',(-1.93335178373675,0.5,48.4633046792592));
#7794=CARTESIAN_POINT('Ctrl Pts',(-1.93335178374146,0.5,48.4633046792478));
#7795=CARTESIAN_POINT('Ctrl Pts',(-1.93159017452959,0.499999999999999,48.4706558095003));
#7796=CARTESIAN_POINT('Ctrl Pts',(-1.92974948520378,0.500174108618311,48.4779715381778));
#7797=CARTESIAN_POINT('Ctrl Pts',(-1.92783189774912,0.500519707035358,48.4852469891408));
#7798=CARTESIAN_POINT('Origin',(-1.52242109020501E-14,0.5,48.000000372529));
#7799=CARTESIAN_POINT('Origin',(-1.60115292857568E-14,1.60115292857568E-14,
49.1727660488595));
#7800=CARTESIAN_POINT('',(2.51554786455186,-0.926938365549389,49.2501220496555));
#7801=CARTESIAN_POINT('Origin',(-1.64517481149882E-14,1.58206781009085E-14,
49.2501220496555));
#7802=CARTESIAN_POINT('Ctrl Pts',(1.626566182662,-0.897880806196871,48.866367812092));
#7803=CARTESIAN_POINT('Ctrl Pts',(1.92195000351265,-0.910954813811653,48.9899013245622));
#7804=CARTESIAN_POINT('Ctrl Pts',(2.21870705497334,-0.919840187154177,49.1190956056351));
#7805=CARTESIAN_POINT('Ctrl Pts',(2.51554786455191,-0.926938365549408,49.2501220496555));
#7806=CARTESIAN_POINT('Origin',(-1.57592430912764E-14,1.57592430912765E-14,
48.7969681561371));
#7807=CARTESIAN_POINT('',(3.16612835443228,-1.16666666666667,48.9297961200718));
#7808=CARTESIAN_POINT('Origin',(-1.58484151228142E-14,1.58484151228142E-14,
48.9297961200718));
#7809=CARTESIAN_POINT('Origin',(2.7138243037991,-1.,48.7969681561371));
#7810=CARTESIAN_POINT('Origin',(-1.52242109020501E-14,1.52242109020501E-14,
48.000000372529));
#7811=CARTESIAN_POINT('',(-3.16612835443233,1.16666666666666,48.9297961200718));
#7812=CARTESIAN_POINT('Origin',(-1.52242109020501E-14,1.16666666666666,
48.000000372529));
#7813=CARTESIAN_POINT('',(-2.38594633928044,2.38594633928044,48.9297961200718));
#7814=CARTESIAN_POINT('Origin',(-1.58484151228142E-14,1.58484151228142E-14,
48.9297961200718));
#7815=CARTESIAN_POINT('',(-1.44203611420401,1.44203611420401,45.1555208611486));
#7816=CARTESIAN_POINT('Origin',(-1.52242109020501E-14,1.52242109020501E-14,
48.000000372529));
#7817=CARTESIAN_POINT('',(1.44203611420398,-1.44203611420398,45.1555208611486));
#7818=CARTESIAN_POINT('Origin',(-9.71445146547012E-15,1.17961196366423E-15,
45.1555208611486));
#7819=CARTESIAN_POINT('Origin',(-9.71445146547012E-15,1.17961196366423E-15,
45.1555208611486));
#7820=CARTESIAN_POINT('',(3.1661283544323,1.16666666666666,48.9297961200718));
#7821=CARTESIAN_POINT('Origin',(-1.58484151228142E-14,1.58484151228142E-14,
48.9297961200718));
#7822=CARTESIAN_POINT('Origin',(-1.52242109020501E-14,1.16666666666666,
48.000000372529));
#7823=CARTESIAN_POINT('Origin',(-1.52242109020501E-14,-1.16666666666667,
48.000000372529));
#7824=CARTESIAN_POINT('Origin',(-1.52242109020501E-14,1.,48.000000372529));
#7825=CARTESIAN_POINT('',(-2.71382430379914,0.5,48.7969681561371));
#7826=CARTESIAN_POINT('Origin',(-2.71382430379914,1.,48.7969681561371));
#7827=CARTESIAN_POINT('Origin',(-1.52242109020501E-14,0.5,48.000000372529));
#7828=CARTESIAN_POINT('Origin',(2.26675171984714,1.,48.6036034213699));
#7829=CARTESIAN_POINT('',(2.0734200527435,0.914709817189927,49.056757314885));
#7830=CARTESIAN_POINT('Origin',(2.26675171984801,1.,48.6036034213666));
#7831=CARTESIAN_POINT('',(2.26675171985911,0.5,48.6036034213714));
#7832=CARTESIAN_POINT('Origin',(2.26675171984714,1.,48.6036034213699));
#7833=CARTESIAN_POINT('Origin',(2.2667517208704,1.,48.6036034218028));
#7834=CARTESIAN_POINT('Origin',(-1.52242109020501E-14,1.,48.000000372529));
#7835=CARTESIAN_POINT('Origin',(-1.52242109020501E-14,0.5,48.000000372529));
#7836=CARTESIAN_POINT('Ctrl Pts',(2.26675171985911,0.5,48.6036034213714));
#7837=CARTESIAN_POINT('Ctrl Pts',(2.41608209998271,0.5,48.6673131054043));
#7838=CARTESIAN_POINT('Ctrl Pts',(2.56506506209143,0.5,48.7318788935868));
#7839=CARTESIAN_POINT('Ctrl Pts',(2.71382430379924,0.5,48.7969681561372));
#7840=CARTESIAN_POINT('Ctrl Pts',(2.22099036035077,0.5,48.7108643710069));
#7841=CARTESIAN_POINT('Ctrl Pts',(2.3695907271742,0.49998179359537,48.7751326651908));
#7842=CARTESIAN_POINT('Ctrl Pts',(2.51799355980865,0.500014346106978,48.8401725268616));
#7843=CARTESIAN_POINT('Ctrl Pts',(2.66625117354127,0.5,48.9056948877907));
#7844=CARTESIAN_POINT('Ctrl Pts',(2.12970633681903,0.585110301273061,48.9248267872412));
#7845=CARTESIAN_POINT('Ctrl Pts',(2.27686864434542,0.586327675109416,48.9901733233026));
#7846=CARTESIAN_POINT('Ctrl Pts',(2.42410057553077,0.587355165446233,49.0561800531345));
#7847=CARTESIAN_POINT('Ctrl Pts',(2.57137231859341,0.588283066900552,49.1225372049888));
#7848=CARTESIAN_POINT('Ctrl Pts',(2.08122604190217,0.799804143964843,49.0384607030003));
#7849=CARTESIAN_POINT('Ctrl Pts',(2.2281652699756,0.803531977337341,49.103101715681));
#7850=CARTESIAN_POINT('Ctrl Pts',(2.37530961135604,0.806719428393606,49.168427870847));
#7851=CARTESIAN_POINT('Ctrl Pts',(2.52249940585708,0.809533220250016,49.2342345442094));
#7852=CARTESIAN_POINT('Ctrl Pts',(2.07342005251555,0.914709817731794,49.0567573148897));
#7853=CARTESIAN_POINT('Ctrl Pts',(2.22067547721797,0.919413226501412,49.1204669989226));
#7854=CARTESIAN_POINT('Ctrl Pts',(2.36808794121518,0.923412243775665,49.1850327871051));
#7855=CARTESIAN_POINT('Ctrl Pts',(2.51554786455193,0.926938365549411,49.2501220496555));
#7856=CARTESIAN_POINT('',(2.71382430379924,0.5,48.7969681561372));
#7857=CARTESIAN_POINT('Ctrl Pts',(2.26675171985911,0.5,48.6036034213714));
#7858=CARTESIAN_POINT('Ctrl Pts',(2.41608209998271,0.5,48.6673131054043));
#7859=CARTESIAN_POINT('Ctrl Pts',(2.56506506209143,0.5,48.7318788935868));
#7860=CARTESIAN_POINT('Ctrl Pts',(2.71382430379924,0.5,48.7969681561372));
#7861=CARTESIAN_POINT('',(2.51554786455187,0.926938365549391,49.2501220496555));
#7862=CARTESIAN_POINT('Origin',(2.71382430379924,1.,48.7969681561372));
#7863=CARTESIAN_POINT('Ctrl Pts',(2.51554786455193,0.926938365549411,49.2501220496555));
#7864=CARTESIAN_POINT('Ctrl Pts',(2.36808794121518,0.923412243775665,49.1850327871051));
#7865=CARTESIAN_POINT('Ctrl Pts',(2.22067547721797,0.919413226501412,49.1204669989226));
#7866=CARTESIAN_POINT('Ctrl Pts',(2.07342005251555,0.914709817731794,49.0567573148897));
#7867=CARTESIAN_POINT('Origin',(-1.56294306201938E-14,1.56294306201938E-14,
48.6036034213666));
#7868=CARTESIAN_POINT('',(-2.07342005250464,0.914709817731446,49.056757314885));
#7869=CARTESIAN_POINT('Origin',(-1.57616761996818E-14,1.56819002228303E-14,
49.056757314885));
#7870=CARTESIAN_POINT('Ctrl Pts',(-2.07342005250464,0.914709817731445,49.056757314885));
#7871=CARTESIAN_POINT('Ctrl Pts',(-2.07282735634062,0.913691677500524,49.0563128206273));
#7872=CARTESIAN_POINT('Ctrl Pts',(-2.0722356771866,0.912674231413243,49.0558653771473));
#7873=CARTESIAN_POINT('Ctrl Pts',(-2.03876712293126,0.855062269123949,49.0303450558408));
#7874=CARTESIAN_POINT('Ctrl Pts',(-2.00892923162932,0.800484891342894,48.9960759043724));
#7875=CARTESIAN_POINT('Ctrl Pts',(-1.95951319546579,0.702118997414534,48.9136438733009));
#7876=CARTESIAN_POINT('Ctrl Pts',(-1.93940467283142,0.657614280784269,48.865694506613));
#7877=CARTESIAN_POINT('Ctrl Pts',(-1.91239697771348,0.583064787830085,48.7596663390554));
#7878=CARTESIAN_POINT('Ctrl Pts',(-1.90504895153842,0.552457609019106,48.7018051613324));
#7879=CARTESIAN_POINT('Ctrl Pts',(-1.9072411801768,0.51367940539059,48.5895984194452));
#7880=CARTESIAN_POINT('Ctrl Pts',(-1.91413341449498,0.502887759458538,48.5372060360793));
#7881=CARTESIAN_POINT('Ctrl Pts',(-1.9278307012661,0.500501448995332,48.4852498823789));
#7882=CARTESIAN_POINT('Ctrl Pts',(-2.71382430379926,0.5,48.7969681561372));
#7883=CARTESIAN_POINT('Ctrl Pts',(-2.45458696958634,0.5,48.6835394594341));
#7884=CARTESIAN_POINT('Ctrl Pts',(-2.19475072660361,0.5,48.5715718144123));
#7885=CARTESIAN_POINT('Ctrl Pts',(-1.9333517836661,0.5,48.4633046792165));
#7886=CARTESIAN_POINT('Ctrl Pts',(-2.6662511735413,0.5,48.9056948877907));
#7887=CARTESIAN_POINT('Ctrl Pts',(-2.40788800820394,0.500025000440219,48.791511446254));
#7888=CARTESIAN_POINT('Ctrl Pts',(-2.14914527427203,0.499961814421422,48.678656065652));
#7889=CARTESIAN_POINT('Ctrl Pts',(-1.88949272023267,0.5,48.5691975043938));
#7890=CARTESIAN_POINT('Ctrl Pts',(-2.57137231859344,0.588283066900553,49.1225372049888));
#7891=CARTESIAN_POINT('Ctrl Pts',(-2.31472719430973,0.586666046696171,49.0068990035892));
#7892=CARTESIAN_POINT('Ctrl Pts',(-2.05819274143715,0.584738743949459,48.8922313310324));
#7893=CARTESIAN_POINT('Ctrl Pts',(-1.80198714849,0.582100251375485,48.7804699640678));
#7894=CARTESIAN_POINT('Ctrl Pts',(-2.52249940585711,0.809533220250016,49.2342345442094));
#7895=CARTESIAN_POINT('Ctrl Pts',(-2.26599709035897,0.80462972725347,49.1195556417088));
#7896=CARTESIAN_POINT('Ctrl Pts',(-2.00963024488813,0.798640148665086,49.0061643198693));
#7897=CARTESIAN_POINT('Ctrl Pts',(-1.75417854165775,0.790485264513377,48.89589852202));
#7898=CARTESIAN_POINT('Ctrl Pts',(-2.51554786455195,0.926938365549411,49.2501220496555));
#7899=CARTESIAN_POINT('Ctrl Pts',(-2.25857480533088,0.920793521046026,49.1366933529525));
#7900=CARTESIAN_POINT('Ctrl Pts',(-2.00170573092845,0.913275736257126,49.0247257079307));
#7901=CARTESIAN_POINT('Ctrl Pts',(-1.74566290741163,0.902920473221605,48.9164585727349));
#7902=CARTESIAN_POINT('',(-2.5155478645519,0.926938365549392,49.2501220496555));
#7903=CARTESIAN_POINT('Ctrl Pts',(-2.07343123988302,0.914727764748552,49.0567310895147));
#7904=CARTESIAN_POINT('Ctrl Pts',(-2.22067824187172,0.919434463753832,49.120431632473));
#7905=CARTESIAN_POINT('Ctrl Pts',(-2.36809593471309,0.923412434919444,49.1850363154596));
#7906=CARTESIAN_POINT('Ctrl Pts',(-2.51554786455195,0.926938365549411,49.2501220496555));
#7907=CARTESIAN_POINT('Origin',(-2.71382430379926,1.,48.7969681561372));
#7908=CARTESIAN_POINT('Ctrl Pts',(-2.71382430379926,0.5,48.7969681561372));
#7909=CARTESIAN_POINT('Ctrl Pts',(-2.45458696958634,0.5,48.6835394594341));
#7910=CARTESIAN_POINT('Ctrl Pts',(-2.19475072660361,0.5,48.5715718144123));
#7911=CARTESIAN_POINT('Ctrl Pts',(-1.9333517836661,0.5,48.4633046792165));
#7912=CARTESIAN_POINT('Origin',(-1.52242109020501E-14,1.,48.000000372529));
#7913=CARTESIAN_POINT('Origin',(2.71382430379911,1.,48.7969681561371));
#7914=CARTESIAN_POINT('Origin',(-1.52242109020501E-14,0.5,48.000000372529));
#7915=CARTESIAN_POINT('Origin',(2.71382430379913,0.99999999999996,48.7969681561371));
#7916=CARTESIAN_POINT('Origin',(2.71382430379913,0.99999999999996,48.7969681561371));
#7917=CARTESIAN_POINT('Origin',(-2.71382430379914,1.,48.7969681561371));
#7918=CARTESIAN_POINT('Origin',(-2.71382430379914,1.,48.7969681561371));
#7919=CARTESIAN_POINT('Origin',(-4.,0.5,50.));
#7920=CARTESIAN_POINT('Origin',(-1.60115292857568E-14,1.60115292857568E-14,
49.1727660488595));
#7921=CARTESIAN_POINT('Origin',(-1.61558846919829E-14,1.58206781009085E-14,
49.2501220496555));
#7922=CARTESIAN_POINT('Origin',(-1.57592430912764E-14,1.57592430912765E-14,
48.7969681561371));
#7923=CARTESIAN_POINT('Origin',(-1.52242109020501E-14,-1.,48.000000372529));
#7924=CARTESIAN_POINT('',(2.7138243037991,-0.5,48.7969681561371));
#7925=CARTESIAN_POINT('Origin',(2.7138243037991,-1.,48.7969681561371));
#7926=CARTESIAN_POINT('Origin',(-1.52242109020501E-14,-0.5,48.000000372529));
#7927=CARTESIAN_POINT('Ctrl Pts',(2.71382430379922,-0.5,48.7969681561372));
#7928=CARTESIAN_POINT('Ctrl Pts',(2.41436792881655,-0.5,48.6659417110581));
#7929=CARTESIAN_POINT('Ctrl Pts',(2.11416216822092,-0.5,48.536747428956));
#7930=CARTESIAN_POINT('Ctrl Pts',(1.81156136187541,-0.5,48.4132139155791));
#7931=CARTESIAN_POINT('Ctrl Pts',(2.66625117354125,-0.5,48.9056948877907));
#7932=CARTESIAN_POINT('Ctrl Pts',(2.3678045892332,-0.500028879101167,48.7737966039673));
#7933=CARTESIAN_POINT('Ctrl Pts',(2.06888107698832,-0.499952786628745,48.643552568224));
#7934=CARTESIAN_POINT('Ctrl Pts',(1.76856523649947,-0.5,48.5185348269079));
#7935=CARTESIAN_POINT('Ctrl Pts',(2.5713723185934,-0.588283066900552,49.1225372049888));
#7936=CARTESIAN_POINT('Ctrl Pts',(2.27491031859515,-0.586415176188946,48.988958464466));
#7937=CARTESIAN_POINT('Ctrl Pts',(1.97857722306084,-0.584136947795976,48.85657035685));
#7938=CARTESIAN_POINT('Ctrl Pts',(1.68277481753834,-0.580827740387348,48.7286822536645));
#7939=CARTESIAN_POINT('Ctrl Pts',(2.52249940585707,-0.809533220250013,49.2342345442094));
#7940=CARTESIAN_POINT('Ctrl Pts',(2.22620237052864,-0.803868981177517,49.101763931772));
#7941=CARTESIAN_POINT('Ctrl Pts',(1.9300466786012,-0.796787606020603,48.9708871142593));
#7942=CARTESIAN_POINT('Ctrl Pts',(1.63534763484903,-0.78651949135037,48.8448572359197));
#7943=CARTESIAN_POINT('Ctrl Pts',(2.51554786455191,-0.926938365549408,49.2501220496555));
#7944=CARTESIAN_POINT('Ctrl Pts',(2.21870705257479,-0.919840187096822,49.1190956045764));
#7945=CARTESIAN_POINT('Ctrl Pts',(1.9219499987169,-0.910954813668061,48.9899013224743));
#7946=CARTESIAN_POINT('Ctrl Pts',(1.62656617550167,-0.897880805879947,48.8663678090975));
#7947=CARTESIAN_POINT('Origin',(2.71382430379922,-1.,48.7969681561372));
#7948=CARTESIAN_POINT('',(2.26675171984799,-0.5,48.6036034213666));
#7949=CARTESIAN_POINT('Ctrl Pts',(2.71382430379922,-0.5,48.7969681561372));
#7950=CARTESIAN_POINT('Ctrl Pts',(2.56506356323002,-0.5,48.7318782377634));
#7951=CARTESIAN_POINT('Ctrl Pts',(2.41611788945915,-0.5,48.6672404601293));
#7952=CARTESIAN_POINT('Ctrl Pts',(2.26678553670834,-0.5,48.6035241820223));
#7953=CARTESIAN_POINT('Ctrl Pts',(2.266751719848,-0.5,48.6036034213666));
#7954=CARTESIAN_POINT('Ctrl Pts',(2.26550375075188,-0.5,48.6042118828423));
#7955=CARTESIAN_POINT('Ctrl Pts',(2.26425561300245,-0.500003303577004,48.6048200027024));
#7956=CARTESIAN_POINT('Ctrl Pts',(2.17869849788333,-0.500455795422989,48.6464761881006));
#7957=CARTESIAN_POINT('Ctrl Pts',(2.09304419890318,-0.515941330553325,48.6861539314615));
#7958=CARTESIAN_POINT('Ctrl Pts',(1.93057476584901,-0.575013986220349,48.7575433785218));
#7959=CARTESIAN_POINT('Ctrl Pts',(1.8566239227809,-0.617476130110695,48.7880272319197));
#7960=CARTESIAN_POINT('Ctrl Pts',(1.75078694893632,-0.707345873521843,48.8298744936597));
#7961=CARTESIAN_POINT('Ctrl Pts',(1.71054923289069,-0.752335465540493,48.8451200286445));
#7962=CARTESIAN_POINT('Ctrl Pts',(1.68011582550499,-0.803921568627447,48.8564003517345));
#7963=CARTESIAN_POINT('Origin',(-1.52242109020501E-14,-1.,48.000000372529));
#7964=CARTESIAN_POINT('Origin',(-1.52242109020501E-14,-0.5,48.000000372529));
#7965=CARTESIAN_POINT('Origin',(2.7138243037991,-1.,48.7969681561371));
#7966=CARTESIAN_POINT('Origin',(4.,-0.5,50.));
#7967=CARTESIAN_POINT('Origin',(4.,-0.5,50.));
#7968=CARTESIAN_POINT('Origin',(-4.,0.5,50.));
#7969=CARTESIAN_POINT('Ctrl Pts',(-5.91936053102037,6.77307992292389E-17,
32.975));
#7970=CARTESIAN_POINT('Ctrl Pts',(-5.91936053102037,0.0413690864890479,
32.975));
#7971=CARTESIAN_POINT('Ctrl Pts',(-5.92929595227605,0.124077820845589,32.975));
#7972=CARTESIAN_POINT('Ctrl Pts',(-5.98744362440232,0.281067833484029,32.975));
#7973=CARTESIAN_POINT('Ctrl Pts',(-6.12695812803834,0.445726560117133,32.975));
#7974=CARTESIAN_POINT('Ctrl Pts',(-6.36715773145878,0.554471450977954,32.975));
#7975=CARTESIAN_POINT('Ctrl Pts',(-6.6328635617571,0.554543164733331,32.975));
#7976=CARTESIAN_POINT('Ctrl Pts',(-6.87298438676082,0.445678599786156,32.975));
#7977=CARTESIAN_POINT('Ctrl Pts',(-7.04056645482858,0.248162906863916,32.975));
#7978=CARTESIAN_POINT('Ctrl Pts',(-7.10068918092793,7.53300227341356E-6,
32.975));
#7979=CARTESIAN_POINT('Ctrl Pts',(-7.04060557038317,-0.248192358279601,
32.975));
#7980=CARTESIAN_POINT('Ctrl Pts',(-6.87296436802943,-0.445664156928443,
32.975));
#7981=CARTESIAN_POINT('Ctrl Pts',(-6.63287896728144,-0.554540473735385,
32.975));
#7982=CARTESIAN_POINT('Ctrl Pts',(-6.3671438979107,-0.554477484276451,32.975));
#7983=CARTESIAN_POINT('Ctrl Pts',(-6.12698506663601,-0.445724142571108,
32.975));
#7984=CARTESIAN_POINT('Ctrl Pts',(-5.98744119883904,-0.281059194445168,
32.975));
#7985=CARTESIAN_POINT('Ctrl Pts',(-5.92928685881894,-0.124086615610466,
32.975));
#7986=CARTESIAN_POINT('Ctrl Pts',(-5.91936053102037,-0.0413690864890479,
32.975));
#7987=CARTESIAN_POINT('Ctrl Pts',(-5.91936053102037,-6.77307992292389E-17,
32.975));
#7988=CARTESIAN_POINT('Ctrl Pts',(-5.824399183813,7.19559103141032E-17,
33.2890864492933));
#7989=CARTESIAN_POINT('Ctrl Pts',(-5.824399183813,0.0489074485938913,33.2890864492933));
#7990=CARTESIAN_POINT('Ctrl Pts',(-5.83948809452517,0.14650795375838,33.2902611271119));
#7991=CARTESIAN_POINT('Ctrl Pts',(-5.92522123365601,0.32333191312038,33.2964551432782));
#7992=CARTESIAN_POINT('Ctrl Pts',(-6.1164063369486,0.47595897206902,33.3071284442821));
#7993=CARTESIAN_POINT('Ctrl Pts',(-6.38307336358357,0.521777341432556,33.3096815308871));
#7994=CARTESIAN_POINT('Ctrl Pts',(-6.62027611377644,0.467564491022856,33.3020866401829));
#7995=CARTESIAN_POINT('Ctrl Pts',(-6.80489659975929,0.349287702703444,33.2939762359433));
#7996=CARTESIAN_POINT('Ctrl Pts',(-6.92449861012867,0.187086256419354,33.2898032267121));
#7997=CARTESIAN_POINT('Ctrl Pts',(-6.96628005450618,-4.49337020253065E-6,
33.2887330299688));
#7998=CARTESIAN_POINT('Ctrl Pts',(-6.92450021914433,-0.187071623440241,
33.289795700065));
#7999=CARTESIAN_POINT('Ctrl Pts',(-6.80491193170417,-0.349313371654384,
33.2939896977733));
#8000=CARTESIAN_POINT('Ctrl Pts',(-6.62023619976072,-0.467497186977422,
33.3020622919981));
#8001=CARTESIAN_POINT('Ctrl Pts',(-6.3830996587784,-0.521873725748673,33.3097037364872));
#8002=CARTESIAN_POINT('Ctrl Pts',(-6.11647504515621,-0.475788735226064,
33.3071272302289));
#8003=CARTESIAN_POINT('Ctrl Pts',(-5.92518000404086,-0.323355865665856,
33.2964467926141));
#8004=CARTESIAN_POINT('Ctrl Pts',(-5.83947956406138,-0.146549768585946,
33.2902620429006));
#8005=CARTESIAN_POINT('Ctrl Pts',(-5.824399183813,-0.0489074485938913,33.2890864492933));
#8006=CARTESIAN_POINT('Ctrl Pts',(-5.824399183813,-9.23666902998924E-17,
33.2890864492933));
#8007=CARTESIAN_POINT('Ctrl Pts',(-5.72943783660564,7.61810213989675E-17,
33.6031728985865));
#8008=CARTESIAN_POINT('Ctrl Pts',(-5.72943783660564,0.0564458106987346,
33.6031728985865));
#8009=CARTESIAN_POINT('Ctrl Pts',(-5.74968023677431,0.16893808667117,33.6055222542238));
#8010=CARTESIAN_POINT('Ctrl Pts',(-5.8629988429097,0.36559599275673,33.6179102865564));
#8011=CARTESIAN_POINT('Ctrl Pts',(-6.10585454585887,0.506191384020906,33.6392568885642));
#8012=CARTESIAN_POINT('Ctrl Pts',(-6.39898899570837,0.489083231887158,33.6443630617743));
#8013=CARTESIAN_POINT('Ctrl Pts',(-6.60768866579579,0.380585817312382,33.6291732803659));
#8014=CARTESIAN_POINT('Ctrl Pts',(-6.73680881275776,0.252896805620733,33.6129524718867));
#8015=CARTESIAN_POINT('Ctrl Pts',(-6.80843076542875,0.126009605974792,33.6046064534241));
#8016=CARTESIAN_POINT('Ctrl Pts',(-6.83187092808444,-1.65197426785953E-5,
33.6024660599375));
#8017=CARTESIAN_POINT('Ctrl Pts',(-6.80839486790548,-0.125950888600881,
33.60459140013));
#8018=CARTESIAN_POINT('Ctrl Pts',(-6.73685949537892,-0.252962586380325,
33.6129793955466));
#8019=CARTESIAN_POINT('Ctrl Pts',(-6.60759343223999,-0.380453900219459,
33.6291245839962));
#8020=CARTESIAN_POINT('Ctrl Pts',(-6.39905541964611,-0.489269967220896,
33.6444074729744));
#8021=CARTESIAN_POINT('Ctrl Pts',(-6.10596502367641,-0.505853327881019,
33.6392544604578));
#8022=CARTESIAN_POINT('Ctrl Pts',(-5.86291880924268,-0.365652536886545,
33.6178935852282));
#8023=CARTESIAN_POINT('Ctrl Pts',(-5.74967226930381,-0.169012921561426,
33.6055240858013));
#8024=CARTESIAN_POINT('Ctrl Pts',(-5.72943783660564,-0.0564458106987347,
33.6031728985865));
#8025=CARTESIAN_POINT('Ctrl Pts',(-5.72943783660564,-1.17002581370546E-16,
33.6031728985865));
#8026=CARTESIAN_POINT('Ctrl Pts',(-5.63447648939828,8.04061324838318E-17,
33.9172593478798));
#8027=CARTESIAN_POINT('Ctrl Pts',(-5.63447648939828,0.063984172803578,33.9172593478798));
#8028=CARTESIAN_POINT('Ctrl Pts',(-5.65987237902344,0.191368219583961,33.9207833813358));
#8029=CARTESIAN_POINT('Ctrl Pts',(-5.80077645216339,0.407860072393081,33.9393654298346));
#8030=CARTESIAN_POINT('Ctrl Pts',(-6.09530275476913,0.536423795972793,33.9713853328464));
#8031=CARTESIAN_POINT('Ctrl Pts',(-6.41490462783316,0.45638912234176,33.9790445926614));
#8032=CARTESIAN_POINT('Ctrl Pts',(-6.59510121781513,0.293607143601908,33.9562599205488));
#8033=CARTESIAN_POINT('Ctrl Pts',(-6.66872102575623,0.156505908538021,33.93192870783));
#8034=CARTESIAN_POINT('Ctrl Pts',(-6.69236292072883,0.0649329555302298,
33.9194096801363));
#8035=CARTESIAN_POINT('Ctrl Pts',(-6.69746180166269,-2.85461151545367E-5,
33.9161990899063));
#8036=CARTESIAN_POINT('Ctrl Pts',(-6.69228951666663,-0.0648301537615206,
33.919387100195));
#8037=CARTESIAN_POINT('Ctrl Pts',(-6.66880705905366,-0.156611801106266,
33.9319690933199));
#8038=CARTESIAN_POINT('Ctrl Pts',(-6.59495066471928,-0.293410613461496,
33.9561868759944));
#8039=CARTESIAN_POINT('Ctrl Pts',(-6.41501118051381,-0.456666208693119,
33.9791112094616));
#8040=CARTESIAN_POINT('Ctrl Pts',(-6.09545500219662,-0.535917920535975,
33.9713816906867));
#8041=CARTESIAN_POINT('Ctrl Pts',(-5.8006576144445,-0.407949208107233,33.9393403778424));
#8042=CARTESIAN_POINT('Ctrl Pts',(-5.65986497454625,-0.191476074536906,
33.9207861287019));
#8043=CARTESIAN_POINT('Ctrl Pts',(-5.63447648939828,-0.0639841728035781,
33.9172593478798));
#8044=CARTESIAN_POINT('Ctrl Pts',(-5.63447648939828,-1.41638472441199E-16,
33.9172593478798));
#8045=CARTESIAN_POINT('',(-5.91936053102037,-6.77307992292389E-17,32.975));
#8046=CARTESIAN_POINT('',(-5.63447648939828,8.04061324838318E-17,33.9172593478798));
#8047=CARTESIAN_POINT('',(-5.91936053102037,6.77307992292389E-17,32.975));
#8048=CARTESIAN_POINT('',(-6.14639601442835,0.500420634712739,33.9697360317597));
#8049=CARTESIAN_POINT('Ctrl Pts',(-5.63447648939828,8.04061324838318E-17,
33.9172593478798));
#8050=CARTESIAN_POINT('Ctrl Pts',(-5.63447648939828,0.063984172803578,33.9172593478798));
#8051=CARTESIAN_POINT('Ctrl Pts',(-5.65987237902344,0.191368219583961,33.9207833813358));
#8052=CARTESIAN_POINT('Ctrl Pts',(-5.80077645216339,0.407860072393081,33.9393654298346));
#8053=CARTESIAN_POINT('Ctrl Pts',(-5.99755544325375,0.493756101348776,33.9607585758923));
#8054=CARTESIAN_POINT('Ctrl Pts',(-6.12770696273964,0.500453820282661,33.9687251845806));
#8055=CARTESIAN_POINT('Ctrl Pts',(-6.14639601442835,0.500420634712739,33.9697360317597));
#8056=CARTESIAN_POINT('Ctrl Pts',(-6.14639601442835,0.500420634712739,33.9697360317597));
#8057=CARTESIAN_POINT('Ctrl Pts',(-6.23744847315346,0.500258955683436,33.974660846704));
#8058=CARTESIAN_POINT('Ctrl Pts',(-6.42513382725401,0.447148496185539,33.9777511777594));
#8059=CARTESIAN_POINT('Ctrl Pts',(-6.59510121781513,0.293607143601908,33.9562599205488));
#8060=CARTESIAN_POINT('Ctrl Pts',(-6.66872102575623,0.156505908538021,33.93192870783));
#8061=CARTESIAN_POINT('Ctrl Pts',(-6.69236292072883,0.0649329555302298,
33.9194096801363));
#8062=CARTESIAN_POINT('Ctrl Pts',(-6.69746180166269,-2.85461151545367E-5,
33.9161990899063));
#8063=CARTESIAN_POINT('Ctrl Pts',(-6.69228951666663,-0.0648301537615206,
33.919387100195));
#8064=CARTESIAN_POINT('Ctrl Pts',(-6.66880705905366,-0.156611801106266,
33.9319690933199));
#8065=CARTESIAN_POINT('Ctrl Pts',(-6.59495066471928,-0.293410613461496,
33.9561868759944));
#8066=CARTESIAN_POINT('Ctrl Pts',(-6.41501118051381,-0.456666208693119,
33.9791112094616));
#8067=CARTESIAN_POINT('Ctrl Pts',(-6.09545500219662,-0.535917920535975,
33.9713816906867));
#8068=CARTESIAN_POINT('Ctrl Pts',(-5.8006576144445,-0.407949208107233,33.9393403778424));
#8069=CARTESIAN_POINT('Ctrl Pts',(-5.65986497454625,-0.191476074536906,
33.9207861287019));
#8070=CARTESIAN_POINT('Ctrl Pts',(-5.63447648939828,-0.0639841728035781,
33.9172593478798));
#8071=CARTESIAN_POINT('Ctrl Pts',(-5.63447648939828,-1.41638472441199E-16,
33.9172593478798));
#8072=CARTESIAN_POINT('Ctrl Pts',(-5.91936053102037,-6.77307992292389E-17,
32.975));
#8073=CARTESIAN_POINT('Ctrl Pts',(-5.91936053102037,-0.0413690864890479,
32.975));
#8074=CARTESIAN_POINT('Ctrl Pts',(-5.92928685881894,-0.124086615610466,
32.975));
#8075=CARTESIAN_POINT('Ctrl Pts',(-5.98744119883904,-0.281059194445168,
32.975));
#8076=CARTESIAN_POINT('Ctrl Pts',(-6.12698506663601,-0.445724142571108,
32.975));
#8077=CARTESIAN_POINT('Ctrl Pts',(-6.3671438979107,-0.554477484276451,32.975));
#8078=CARTESIAN_POINT('Ctrl Pts',(-6.63287896728144,-0.554540473735385,
32.975));
#8079=CARTESIAN_POINT('Ctrl Pts',(-6.87296436802943,-0.445664156928443,
32.975));
#8080=CARTESIAN_POINT('Ctrl Pts',(-7.04060557038317,-0.248192358279601,
32.975));
#8081=CARTESIAN_POINT('Ctrl Pts',(-7.10068918092793,7.53300227341356E-6,
32.975));
#8082=CARTESIAN_POINT('Ctrl Pts',(-7.04056645482858,0.248162906863916,32.975));
#8083=CARTESIAN_POINT('Ctrl Pts',(-6.87298438676082,0.445678599786156,32.975));
#8084=CARTESIAN_POINT('Ctrl Pts',(-6.6328635617571,0.554543164733331,32.975));
#8085=CARTESIAN_POINT('Ctrl Pts',(-6.36715773145878,0.554471450977954,32.975));
#8086=CARTESIAN_POINT('Ctrl Pts',(-6.12695812803834,0.445726560117133,32.975));
#8087=CARTESIAN_POINT('Ctrl Pts',(-5.98744362440232,0.281067833484029,32.975));
#8088=CARTESIAN_POINT('Ctrl Pts',(-5.92929595227605,0.124077820845589,32.975));
#8089=CARTESIAN_POINT('Ctrl Pts',(-5.91936053102037,0.0413690864890479,
32.975));
#8090=CARTESIAN_POINT('Ctrl Pts',(-5.91936053102037,6.77307992292389E-17,
32.975));
#8091=CARTESIAN_POINT('Origin',(-5.36444466219868,0.,36.1700988972043));
#8092=CARTESIAN_POINT('',(-5.5934338125781,-3.06161699786838E-17,34.0327406521202));
#8093=CARTESIAN_POINT('',(-6.14261271934347,0.500187837255258,33.9802330587474));
#8094=CARTESIAN_POINT('Ctrl Pts',(-5.5934338125781,-3.06161699786838E-17,
34.0327406521202));
#8095=CARTESIAN_POINT('Ctrl Pts',(-5.5934338125781,-0.03244695684568,34.0327406521202));
#8096=CARTESIAN_POINT('Ctrl Pts',(-5.59715170929912,-0.0761851350518574,
34.0295212410977));
#8097=CARTESIAN_POINT('Ctrl Pts',(-5.63249417966413,-0.179435423812851,
34.0140138844186));
#8098=CARTESIAN_POINT('Ctrl Pts',(-5.69429283252975,-0.293832146543884,
33.9936924907754));
#8099=CARTESIAN_POINT('Ctrl Pts',(-5.8737313563852,-0.456342435852471,33.9708650745787));
#8100=CARTESIAN_POINT('Ctrl Pts',(-6.1938083387405,-0.536032726401809,33.9786040538681));
#8101=CARTESIAN_POINT('Ctrl Pts',(-6.54813655978336,-0.382371993495352,
34.0172811564927));
#8102=CARTESIAN_POINT('Ctrl Pts',(-6.70839518800279,-9.94988867499404E-5,
34.0405876703057));
#8103=CARTESIAN_POINT('Ctrl Pts',(-6.548524756241,0.382979405592303,34.0173444906413));
#8104=CARTESIAN_POINT('Ctrl Pts',(-6.29160670777342,0.493636331329167,33.9892426910899));
#8105=CARTESIAN_POINT('Ctrl Pts',(-6.16131372006923,0.500229254597692,33.9812461511057));
#8106=CARTESIAN_POINT('Ctrl Pts',(-6.14261271934347,0.500187837255258,33.9802330587474));
#8107=CARTESIAN_POINT('Ctrl Pts',(-6.14261271934347,0.500187837255258,33.9802330587474));
#8108=CARTESIAN_POINT('Ctrl Pts',(-6.05150204557173,0.499986053295652,33.9752973053774));
#8109=CARTESIAN_POINT('Ctrl Pts',(-5.86414042292004,0.447154501178429,33.972293318592));
#8110=CARTESIAN_POINT('Ctrl Pts',(-5.69408009868913,0.293878131976122,33.9936558081063));
#8111=CARTESIAN_POINT('Ctrl Pts',(-5.62060779418229,0.15631733227573,34.0181707296202));
#8112=CARTESIAN_POINT('Ctrl Pts',(-5.59674941680083,0.064981890924366,34.0305622603953));
#8113=CARTESIAN_POINT('Ctrl Pts',(-5.5934338125781,0.0216313045637866,34.0327406521202));
#8114=CARTESIAN_POINT('Ctrl Pts',(-5.5934338125781,-3.06161699786838E-17,
34.0327406521202));
#8115=CARTESIAN_POINT('',(-5.36444466219868,0.5,36.1700988972043));
#8116=CARTESIAN_POINT('Ctrl Pts',(-5.20854977095602,-6.77307992292389E-17,
34.975));
#8117=CARTESIAN_POINT('Ctrl Pts',(-5.20854977095602,-0.124107259467143,
34.975));
#8118=CARTESIAN_POINT('Ctrl Pts',(-5.27003107389208,-0.288761482001111,
34.975));
#8119=CARTESIAN_POINT('Ctrl Pts',(-5.45643126931514,-0.463725249039398,
34.975));
#8120=CARTESIAN_POINT('Ctrl Pts',(-5.65624253099549,-0.554505838211366,
34.975));
#8121=CARTESIAN_POINT('Ctrl Pts',(-5.92212749016096,-0.554538200086838,
34.975));
#8122=CARTESIAN_POINT('Ctrl Pts',(-6.16215795544975,-0.445689116238392,
34.975));
#8123=CARTESIAN_POINT('Ctrl Pts',(-6.32972452960498,-0.248141294616967,
34.975));
#8124=CARTESIAN_POINT('Ctrl Pts',(-6.38990766402884,-4.34198584844588E-6,
34.975));
#8125=CARTESIAN_POINT('Ctrl Pts',(-6.32977193497882,0.248177936970724,34.975));
#8126=CARTESIAN_POINT('Ctrl Pts',(-6.16218320082383,0.445705859421446,34.975));
#8127=CARTESIAN_POINT('Ctrl Pts',(-5.92204875948376,0.554513636043764,34.975));
#8128=CARTESIAN_POINT('Ctrl Pts',(-5.65633736623167,0.554456082212279,34.975));
#8129=CARTESIAN_POINT('Ctrl Pts',(-5.41617037093433,0.445760702148105,34.975));
#8130=CARTESIAN_POINT('Ctrl Pts',(-5.24867411203808,0.248111200393365,34.975));
#8131=CARTESIAN_POINT('Ctrl Pts',(-5.20854977095602,0.0827381729780957,
34.975));
#8132=CARTESIAN_POINT('Ctrl Pts',(-5.20854977095602,6.77307992292389E-17,
34.975));
#8133=CARTESIAN_POINT('Ctrl Pts',(-5.33684445149671,-5.53592561457205E-17,
34.6609135507067));
#8134=CARTESIAN_POINT('Ctrl Pts',(-5.33684445149671,-0.093553825259989,
34.6609135507067));
#8135=CARTESIAN_POINT('Ctrl Pts',(-5.37907128569443,-0.217902699684693,
34.6598404136992));
#8136=CARTESIAN_POINT('Ctrl Pts',(-5.51511890609814,-0.368961973963882,
34.6546712948062));
#8137=CARTESIAN_POINT('Ctrl Pts',(-5.66892596484024,-0.467614607655539,
34.6478974969251));
#8138=CARTESIAN_POINT('Ctrl Pts',(-5.90599544556904,-0.521806278675382,
34.6402883581929));
#8139=CARTESIAN_POINT('Ctrl Pts',(-6.17270808321333,-0.475803652959531,
34.642868017956));
#8140=CARTESIAN_POINT('Ctrl Pts',(-6.40252853966444,-0.292884860909762,
34.6557603854975));
#8141=CARTESIAN_POINT('Ctrl Pts',(-6.49607017202015,-3.60609528156777E-5,
34.6635292234352));
#8142=CARTESIAN_POINT('Ctrl Pts',(-6.40268954206621,0.293111759844584,34.6557814968804));
#8143=CARTESIAN_POINT('Ctrl Pts',(-6.17258470706389,0.475783952065369,34.6428331528747));
#8144=CARTESIAN_POINT('Ctrl Pts',(-5.90615757813043,0.521802150623687,34.6403358844507));
#8145=CARTESIAN_POINT('Ctrl Pts',(-5.66891827705082,0.467596765466893,34.6478852693688));
#8146=CARTESIAN_POINT('Ctrl Pts',(-5.48431617868365,0.349279578857313,34.6560569098734));
#8147=CARTESIAN_POINT('Ctrl Pts',(-5.36469921362567,0.187068097237032,34.6601874201317));
#8148=CARTESIAN_POINT('Ctrl Pts',(-5.33684445149671,0.0623692168399927,
34.6609135507067));
#8149=CARTESIAN_POINT('Ctrl Pts',(-5.33684445149671,3.49484761599313E-17,
34.6609135507067));
#8150=CARTESIAN_POINT('Ctrl Pts',(-5.46513913203741,-4.29877130622022E-17,
34.3468271014135));
#8151=CARTESIAN_POINT('Ctrl Pts',(-5.46513913203741,-0.0630003910528344,
34.3468271014135));
#8152=CARTESIAN_POINT('Ctrl Pts',(-5.48811149749677,-0.147043917368275,
34.3446808273985));
#8153=CARTESIAN_POINT('Ctrl Pts',(-5.57380654288114,-0.274198698888366,
34.3343425896124));
#8154=CARTESIAN_POINT('Ctrl Pts',(-5.68160939868499,-0.380723377099711,
34.3207949938502));
#8155=CARTESIAN_POINT('Ctrl Pts',(-5.88986340097712,-0.489074357263927,
34.3055767163858));
#8156=CARTESIAN_POINT('Ctrl Pts',(-6.18325821097692,-0.50591818968067,34.3107360359121));
#8157=CARTESIAN_POINT('Ctrl Pts',(-6.4753325497239,-0.337628427202557,34.3365207709951));
#8158=CARTESIAN_POINT('Ctrl Pts',(-6.60223268001147,-6.77799197828592E-5,
34.3520584468704));
#8159=CARTESIAN_POINT('Ctrl Pts',(-6.47560714915361,0.338045582718444,34.3365629937609));
#8160=CARTESIAN_POINT('Ctrl Pts',(-6.18298621330396,0.505862044709294,34.3106663057493));
#8161=CARTESIAN_POINT('Ctrl Pts',(-5.89026639677709,0.48909066520361,34.3056717689014));
#8162=CARTESIAN_POINT('Ctrl Pts',(-5.68149918786998,0.380737448721507,34.3207705387375));
#8163=CARTESIAN_POINT('Ctrl Pts',(-5.55246198643297,0.252798455566522,34.3371138197468));
#8164=CARTESIAN_POINT('Ctrl Pts',(-5.48072431521325,0.126024994080699,34.3453748402635));
#8165=CARTESIAN_POINT('Ctrl Pts',(-5.46513913203741,0.0420002607018896,
34.3468271014135));
#8166=CARTESIAN_POINT('Ctrl Pts',(-5.46513913203741,2.16615309062373E-18,
34.3468271014135));
#8167=CARTESIAN_POINT('Ctrl Pts',(-5.5934338125781,-3.06161699786838E-17,
34.0327406521202));
#8168=CARTESIAN_POINT('Ctrl Pts',(-5.5934338125781,-0.03244695684568,34.0327406521202));
#8169=CARTESIAN_POINT('Ctrl Pts',(-5.59715170929912,-0.0761851350518574,
34.0295212410977));
#8170=CARTESIAN_POINT('Ctrl Pts',(-5.63249417966413,-0.179435423812851,
34.0140138844186));
#8171=CARTESIAN_POINT('Ctrl Pts',(-5.69429283252975,-0.293832146543884,
33.9936924907754));
#8172=CARTESIAN_POINT('Ctrl Pts',(-5.8737313563852,-0.456342435852471,33.9708650745787));
#8173=CARTESIAN_POINT('Ctrl Pts',(-6.1938083387405,-0.536032726401809,33.9786040538681));
#8174=CARTESIAN_POINT('Ctrl Pts',(-6.54813655978336,-0.382371993495352,
34.0172811564927));
#8175=CARTESIAN_POINT('Ctrl Pts',(-6.70839518800279,-9.94988867499404E-5,
34.0405876703057));
#8176=CARTESIAN_POINT('Ctrl Pts',(-6.548524756241,0.382979405592303,34.0173444906413));
#8177=CARTESIAN_POINT('Ctrl Pts',(-6.19338771954403,0.535940137353218,33.978499458624));
#8178=CARTESIAN_POINT('Ctrl Pts',(-5.87437521542376,0.456379179783532,33.9710076533521));
#8179=CARTESIAN_POINT('Ctrl Pts',(-5.69408009868913,0.293878131976122,33.9936558081063));
#8180=CARTESIAN_POINT('Ctrl Pts',(-5.62060779418229,0.15631733227573,34.0181707296202));
#8181=CARTESIAN_POINT('Ctrl Pts',(-5.59674941680083,0.064981890924366,34.0305622603953));
#8182=CARTESIAN_POINT('Ctrl Pts',(-5.5934338125781,0.0216313045637866,34.0327406521202));
#8183=CARTESIAN_POINT('Ctrl Pts',(-5.5934338125781,-3.06161699786838E-17,
34.0327406521202));
#8184=CARTESIAN_POINT('',(-5.20854977095602,6.77307992292389E-17,34.975));
#8185=CARTESIAN_POINT('',(-5.20854977095602,-6.77307992292389E-17,34.975));
#8186=CARTESIAN_POINT('Ctrl Pts',(-5.20854977095602,6.77307992292389E-17,
34.975));
#8187=CARTESIAN_POINT('Ctrl Pts',(-5.20854977095602,0.0827381729780957,
34.975));
#8188=CARTESIAN_POINT('Ctrl Pts',(-5.24867411203808,0.248111200393365,34.975));
#8189=CARTESIAN_POINT('Ctrl Pts',(-5.41617037093433,0.445760702148105,34.975));
#8190=CARTESIAN_POINT('Ctrl Pts',(-5.65633736623167,0.554456082212279,34.975));
#8191=CARTESIAN_POINT('Ctrl Pts',(-5.92204875948376,0.554513636043764,34.975));
#8192=CARTESIAN_POINT('Ctrl Pts',(-6.16218320082383,0.445705859421446,34.975));
#8193=CARTESIAN_POINT('Ctrl Pts',(-6.32977193497882,0.248177936970724,34.975));
#8194=CARTESIAN_POINT('Ctrl Pts',(-6.38990766402884,-4.34198584844588E-6,
34.975));
#8195=CARTESIAN_POINT('Ctrl Pts',(-6.32972452960498,-0.248141294616967,
34.975));
#8196=CARTESIAN_POINT('Ctrl Pts',(-6.16215795544975,-0.445689116238392,
34.975));
#8197=CARTESIAN_POINT('Ctrl Pts',(-5.92212749016096,-0.554538200086838,
34.975));
#8198=CARTESIAN_POINT('Ctrl Pts',(-5.65624253099549,-0.554505838211366,
34.975));
#8199=CARTESIAN_POINT('Ctrl Pts',(-5.45643126931514,-0.463725249039398,
34.975));
#8200=CARTESIAN_POINT('Ctrl Pts',(-5.27003107389208,-0.288761482001111,
34.975));
#8201=CARTESIAN_POINT('Ctrl Pts',(-5.20854977095602,-0.124107259467143,
34.975));
#8202=CARTESIAN_POINT('Ctrl Pts',(-5.20854977095602,-6.77307992292389E-17,
34.975));
#8203=CARTESIAN_POINT('Ctrl Pts',(-4.30187095594902E-16,-5.91936053102037,
32.975));
#8204=CARTESIAN_POINT('Ctrl Pts',(-0.0413690864890482,-5.91936053102037,
32.975));
#8205=CARTESIAN_POINT('Ctrl Pts',(-0.124077820845589,-5.92929595227605,
32.975));
#8206=CARTESIAN_POINT('Ctrl Pts',(-0.28106783348403,-5.98744362440232,32.975));
#8207=CARTESIAN_POINT('Ctrl Pts',(-0.445726560117134,-6.12695812803834,
32.975));
#8208=CARTESIAN_POINT('Ctrl Pts',(-0.554471450977955,-6.36715773145878,
32.975));
#8209=CARTESIAN_POINT('Ctrl Pts',(-0.554543164733331,-6.6328635617571,32.975));
#8210=CARTESIAN_POINT('Ctrl Pts',(-0.445678599786156,-6.87298438676082,
32.975));
#8211=CARTESIAN_POINT('Ctrl Pts',(-0.248162906863916,-7.04056645482858,
32.975));
#8212=CARTESIAN_POINT('Ctrl Pts',(-7.53300227381862E-6,-7.10068918092793,
32.975));
#8213=CARTESIAN_POINT('Ctrl Pts',(0.248192358279601,-7.04060557038317,32.975));
#8214=CARTESIAN_POINT('Ctrl Pts',(0.445664156928443,-6.87296436802943,32.975));
#8215=CARTESIAN_POINT('Ctrl Pts',(0.554540473735385,-6.63287896728144,32.975));
#8216=CARTESIAN_POINT('Ctrl Pts',(0.55447748427645,-6.3671438979107,32.975));
#8217=CARTESIAN_POINT('Ctrl Pts',(0.445724142571108,-6.12698506663601,32.975));
#8218=CARTESIAN_POINT('Ctrl Pts',(0.281059194445168,-5.98744119883904,32.975));
#8219=CARTESIAN_POINT('Ctrl Pts',(0.124086615610465,-5.92928685881894,32.975));
#8220=CARTESIAN_POINT('Ctrl Pts',(0.0413690864890475,-5.91936053102037,
32.975));
#8221=CARTESIAN_POINT('Ctrl Pts',(-2.94725497136425E-16,-5.91936053102037,
32.975));
#8222=CARTESIAN_POINT('Ctrl Pts',(-4.28597501184756E-16,-5.824399183813,
33.2890864492933));
#8223=CARTESIAN_POINT('Ctrl Pts',(-0.0489074485938916,-5.824399183813,33.2890864492933));
#8224=CARTESIAN_POINT('Ctrl Pts',(-0.14650795375838,-5.83948809452517,33.2902611271119));
#8225=CARTESIAN_POINT('Ctrl Pts',(-0.32333191312038,-5.92522123365601,33.2964551432782));
#8226=CARTESIAN_POINT('Ctrl Pts',(-0.47595897206902,-6.1164063369486,33.3071284442821));
#8227=CARTESIAN_POINT('Ctrl Pts',(-0.521777341432557,-6.38307336358357,
33.3096815308871));
#8228=CARTESIAN_POINT('Ctrl Pts',(-0.467564491022857,-6.62027611377644,
33.3020866401829));
#8229=CARTESIAN_POINT('Ctrl Pts',(-0.349287702703445,-6.80489659975929,
33.2939762359433));
#8230=CARTESIAN_POINT('Ctrl Pts',(-0.187086256419354,-6.92449861012867,
33.2898032267121));
#8231=CARTESIAN_POINT('Ctrl Pts',(4.49337020215842E-6,-6.96628005450618,
33.2887330299688));
#8232=CARTESIAN_POINT('Ctrl Pts',(0.18707162344024,-6.92450021914433,33.289795700065));
#8233=CARTESIAN_POINT('Ctrl Pts',(0.349313371654384,-6.80491193170417,33.2939896977733));
#8234=CARTESIAN_POINT('Ctrl Pts',(0.467497186977421,-6.62023619976072,33.3020622919981));
#8235=CARTESIAN_POINT('Ctrl Pts',(0.521873725748673,-6.3830996587784,33.3097037364872));
#8236=CARTESIAN_POINT('Ctrl Pts',(0.475788735226063,-6.11647504515621,33.3071272302289));
#8237=CARTESIAN_POINT('Ctrl Pts',(0.323355865665856,-5.92518000404086,33.2964467926141));
#8238=CARTESIAN_POINT('Ctrl Pts',(0.146549768585945,-5.83947956406138,33.2902620429006));
#8239=CARTESIAN_POINT('Ctrl Pts',(0.048907448593891,-5.824399183813,33.2890864492933));
#8240=CARTESIAN_POINT('Ctrl Pts',(-2.6427490057076E-16,-5.824399183813,
33.2890864492933));
#8241=CARTESIAN_POINT('Ctrl Pts',(-4.27007906774609E-16,-5.72943783660564,
33.6031728985865));
#8242=CARTESIAN_POINT('Ctrl Pts',(-0.056445810698735,-5.72943783660564,
33.6031728985865));
#8243=CARTESIAN_POINT('Ctrl Pts',(-0.168938086671171,-5.74968023677431,
33.6055222542238));
#8244=CARTESIAN_POINT('Ctrl Pts',(-0.365595992756731,-5.8629988429097,33.6179102865564));
#8245=CARTESIAN_POINT('Ctrl Pts',(-0.506191384020907,-6.10585454585887,
33.6392568885642));
#8246=CARTESIAN_POINT('Ctrl Pts',(-0.489083231887158,-6.39898899570837,
33.6443630617743));
#8247=CARTESIAN_POINT('Ctrl Pts',(-0.380585817312383,-6.60768866579579,
33.6291732803659));
#8248=CARTESIAN_POINT('Ctrl Pts',(-0.252896805620733,-6.73680881275776,
33.6129524718867));
#8249=CARTESIAN_POINT('Ctrl Pts',(-0.126009605974792,-6.80843076542875,
33.6046064534241));
#8250=CARTESIAN_POINT('Ctrl Pts',(1.65197426782559E-5,-6.83187092808444,
33.6024660599375));
#8251=CARTESIAN_POINT('Ctrl Pts',(0.12595088860088,-6.80839486790548,33.60459140013));
#8252=CARTESIAN_POINT('Ctrl Pts',(0.252962586380325,-6.73685949537892,33.6129793955466));
#8253=CARTESIAN_POINT('Ctrl Pts',(0.380453900219459,-6.60759343223999,33.6291245839962));
#8254=CARTESIAN_POINT('Ctrl Pts',(0.489269967220896,-6.39905541964611,33.6444074729744));
#8255=CARTESIAN_POINT('Ctrl Pts',(0.505853327881019,-6.10596502367641,33.6392544604578));
#8256=CARTESIAN_POINT('Ctrl Pts',(0.365652536886544,-5.86291880924268,33.6178935852282));
#8257=CARTESIAN_POINT('Ctrl Pts',(0.169012921561425,-5.74967226930381,33.6055240858013));
#8258=CARTESIAN_POINT('Ctrl Pts',(0.0564458106987343,-5.72943783660564,
33.6031728985865));
#8259=CARTESIAN_POINT('Ctrl Pts',(-2.33824304005096E-16,-5.72943783660564,
33.6031728985865));
#8260=CARTESIAN_POINT('Ctrl Pts',(-4.25418312364463E-16,-5.63447648939828,
33.9172593478798));
#8261=CARTESIAN_POINT('Ctrl Pts',(-0.0639841728035784,-5.63447648939828,
33.9172593478798));
#8262=CARTESIAN_POINT('Ctrl Pts',(-0.191368219583962,-5.65987237902344,
33.9207833813358));
#8263=CARTESIAN_POINT('Ctrl Pts',(-0.407860072393081,-5.80077645216339,
33.9393654298346));
#8264=CARTESIAN_POINT('Ctrl Pts',(-0.536423795972793,-6.09530275476913,
33.9713853328464));
#8265=CARTESIAN_POINT('Ctrl Pts',(-0.45638912234176,-6.41490462783316,33.9790445926614));
#8266=CARTESIAN_POINT('Ctrl Pts',(-0.293607143601909,-6.59510121781513,
33.9562599205488));
#8267=CARTESIAN_POINT('Ctrl Pts',(-0.156505908538021,-6.66872102575623,
33.93192870783));
#8268=CARTESIAN_POINT('Ctrl Pts',(-0.0649329555302303,-6.69236292072883,
33.9194096801363));
#8269=CARTESIAN_POINT('Ctrl Pts',(2.85461151541536E-5,-6.69746180166269,
33.9161990899063));
#8270=CARTESIAN_POINT('Ctrl Pts',(0.0648301537615202,-6.69228951666663,
33.919387100195));
#8271=CARTESIAN_POINT('Ctrl Pts',(0.156611801106265,-6.66880705905366,33.9319690933199));
#8272=CARTESIAN_POINT('Ctrl Pts',(0.293410613461496,-6.59495066471928,33.9561868759944));
#8273=CARTESIAN_POINT('Ctrl Pts',(0.456666208693119,-6.41501118051381,33.9791112094616));
#8274=CARTESIAN_POINT('Ctrl Pts',(0.535917920535974,-6.09545500219662,33.9713816906867));
#8275=CARTESIAN_POINT('Ctrl Pts',(0.407949208107232,-5.8006576144445,33.9393403778424));
#8276=CARTESIAN_POINT('Ctrl Pts',(0.191476074536905,-5.65986497454625,33.9207861287019));
#8277=CARTESIAN_POINT('Ctrl Pts',(0.0639841728035777,-5.63447648939828,
33.9172593478798));
#8278=CARTESIAN_POINT('Ctrl Pts',(-2.03373707439431E-16,-5.63447648939828,
33.9172593478798));
#8279=CARTESIAN_POINT('',(-2.94725497136425E-16,-5.91936053102037,32.975));
#8280=CARTESIAN_POINT('',(-4.25418312364463E-16,-5.63447648939828,33.9172593478798));
#8281=CARTESIAN_POINT('',(-4.30187095594902E-16,-5.91936053102037,32.975));
#8282=CARTESIAN_POINT('',(-0.500420634712739,-6.14639601442835,33.9697360317597));
#8283=CARTESIAN_POINT('Ctrl Pts',(-4.25418312364463E-16,-5.63447648939828,
33.9172593478798));
#8284=CARTESIAN_POINT('Ctrl Pts',(-0.0639841728035784,-5.63447648939828,
33.9172593478798));
#8285=CARTESIAN_POINT('Ctrl Pts',(-0.191368219583962,-5.65987237902344,
33.9207833813358));
#8286=CARTESIAN_POINT('Ctrl Pts',(-0.407860072393081,-5.80077645216339,
33.9393654298346));
#8287=CARTESIAN_POINT('Ctrl Pts',(-0.493756101348776,-5.99755544325375,
33.9607585758923));
#8288=CARTESIAN_POINT('Ctrl Pts',(-0.500453820282662,-6.12770696273964,
33.9687251845806));
#8289=CARTESIAN_POINT('Ctrl Pts',(-0.500420634712739,-6.14639601442835,
33.9697360317597));
#8290=CARTESIAN_POINT('Ctrl Pts',(-0.500420634712739,-6.14639601442835,
33.9697360317597));
#8291=CARTESIAN_POINT('Ctrl Pts',(-0.500258955683437,-6.23744847315346,
33.974660846704));
#8292=CARTESIAN_POINT('Ctrl Pts',(-0.447148496185539,-6.42513382725401,
33.9777511777594));
#8293=CARTESIAN_POINT('Ctrl Pts',(-0.293607143601909,-6.59510121781513,
33.9562599205488));
#8294=CARTESIAN_POINT('Ctrl Pts',(-0.156505908538021,-6.66872102575623,
33.93192870783));
#8295=CARTESIAN_POINT('Ctrl Pts',(-0.0649329555302303,-6.69236292072883,
33.9194096801363));
#8296=CARTESIAN_POINT('Ctrl Pts',(2.85461151541536E-5,-6.69746180166269,
33.9161990899063));
#8297=CARTESIAN_POINT('Ctrl Pts',(0.0648301537615202,-6.69228951666663,
33.919387100195));
#8298=CARTESIAN_POINT('Ctrl Pts',(0.156611801106265,-6.66880705905366,33.9319690933199));
#8299=CARTESIAN_POINT('Ctrl Pts',(0.293410613461496,-6.59495066471928,33.9561868759944));
#8300=CARTESIAN_POINT('Ctrl Pts',(0.456666208693119,-6.41501118051381,33.9791112094616));
#8301=CARTESIAN_POINT('Ctrl Pts',(0.535917920535974,-6.09545500219662,33.9713816906867));
#8302=CARTESIAN_POINT('Ctrl Pts',(0.407949208107232,-5.8006576144445,33.9393403778424));
#8303=CARTESIAN_POINT('Ctrl Pts',(0.191476074536905,-5.65986497454625,33.9207861287019));
#8304=CARTESIAN_POINT('Ctrl Pts',(0.0639841728035777,-5.63447648939828,
33.9172593478798));
#8305=CARTESIAN_POINT('Ctrl Pts',(-2.03373707439431E-16,-5.63447648939828,
33.9172593478798));
#8306=CARTESIAN_POINT('Ctrl Pts',(-2.94725497136425E-16,-5.91936053102037,
32.975));
#8307=CARTESIAN_POINT('Ctrl Pts',(0.0413690864890475,-5.91936053102037,
32.975));
#8308=CARTESIAN_POINT('Ctrl Pts',(0.124086615610465,-5.92928685881894,32.975));
#8309=CARTESIAN_POINT('Ctrl Pts',(0.281059194445168,-5.98744119883904,32.975));
#8310=CARTESIAN_POINT('Ctrl Pts',(0.445724142571108,-6.12698506663601,32.975));
#8311=CARTESIAN_POINT('Ctrl Pts',(0.55447748427645,-6.3671438979107,32.975));
#8312=CARTESIAN_POINT('Ctrl Pts',(0.554540473735385,-6.63287896728144,32.975));
#8313=CARTESIAN_POINT('Ctrl Pts',(0.445664156928443,-6.87296436802943,32.975));
#8314=CARTESIAN_POINT('Ctrl Pts',(0.248192358279601,-7.04060557038317,32.975));
#8315=CARTESIAN_POINT('Ctrl Pts',(-7.53300227381862E-6,-7.10068918092793,
32.975));
#8316=CARTESIAN_POINT('Ctrl Pts',(-0.248162906863916,-7.04056645482858,
32.975));
#8317=CARTESIAN_POINT('Ctrl Pts',(-0.445678599786156,-6.87298438676082,
32.975));
#8318=CARTESIAN_POINT('Ctrl Pts',(-0.554543164733331,-6.6328635617571,32.975));
#8319=CARTESIAN_POINT('Ctrl Pts',(-0.554471450977955,-6.36715773145878,
32.975));
#8320=CARTESIAN_POINT('Ctrl Pts',(-0.445726560117134,-6.12695812803834,
32.975));
#8321=CARTESIAN_POINT('Ctrl Pts',(-0.28106783348403,-5.98744362440232,32.975));
#8322=CARTESIAN_POINT('Ctrl Pts',(-0.124077820845589,-5.92929595227605,
32.975));
#8323=CARTESIAN_POINT('Ctrl Pts',(-0.0413690864890482,-5.91936053102037,
32.975));
#8324=CARTESIAN_POINT('Ctrl Pts',(-4.30187095594902E-16,-5.91936053102037,
32.975));
#8325=CARTESIAN_POINT('Origin',(-3.28477499238236E-16,-5.36444466219868,
36.1700988972043));
#8326=CARTESIAN_POINT('',(-3.11882870762134E-16,-5.5934338125781,34.0327406521202));
#8327=CARTESIAN_POINT('',(-0.500187837255258,-6.14261271934347,33.9802330587474));
#8328=CARTESIAN_POINT('Ctrl Pts',(-3.11882870762134E-16,-5.5934338125781,
34.0327406521202));
#8329=CARTESIAN_POINT('Ctrl Pts',(0.0324469568456797,-5.5934338125781,34.0327406521202));
#8330=CARTESIAN_POINT('Ctrl Pts',(0.076185135051857,-5.59715170929912,34.0295212410977));
#8331=CARTESIAN_POINT('Ctrl Pts',(0.17943542381285,-5.63249417966413,34.0140138844186));
#8332=CARTESIAN_POINT('Ctrl Pts',(0.293832146543884,-5.69429283252975,33.9936924907754));
#8333=CARTESIAN_POINT('Ctrl Pts',(0.456342435852471,-5.8737313563852,33.9708650745787));
#8334=CARTESIAN_POINT('Ctrl Pts',(0.536032726401808,-6.1938083387405,33.9786040538681));
#8335=CARTESIAN_POINT('Ctrl Pts',(0.382371993495351,-6.54813655978336,34.0172811564927));
#8336=CARTESIAN_POINT('Ctrl Pts',(9.94988867494259E-5,-6.70839518800279,
34.0405876703057));
#8337=CARTESIAN_POINT('Ctrl Pts',(-0.382979405592303,-6.548524756241,34.0173444906413));
#8338=CARTESIAN_POINT('Ctrl Pts',(-0.493636331329168,-6.29160670777342,
33.9892426910899));
#8339=CARTESIAN_POINT('Ctrl Pts',(-0.500229254597693,-6.16131372006923,
33.9812461511057));
#8340=CARTESIAN_POINT('Ctrl Pts',(-0.500187837255258,-6.14261271934347,
33.9802330587474));
#8341=CARTESIAN_POINT('Ctrl Pts',(-0.500187837255258,-6.14261271934347,
33.9802330587474));
#8342=CARTESIAN_POINT('Ctrl Pts',(-0.499986053295653,-6.05150204557173,
33.9752973053774));
#8343=CARTESIAN_POINT('Ctrl Pts',(-0.447154501178428,-5.86414042292004,
33.972293318592));
#8344=CARTESIAN_POINT('Ctrl Pts',(-0.293878131976122,-5.69408009868913,
33.9936558081063));
#8345=CARTESIAN_POINT('Ctrl Pts',(-0.156317332275731,-5.62060779418229,
34.0181707296202));
#8346=CARTESIAN_POINT('Ctrl Pts',(-0.0649818909243666,-5.59674941680083,
34.0305622603953));
#8347=CARTESIAN_POINT('Ctrl Pts',(-0.021631304563787,-5.5934338125781,34.0327406521202));
#8348=CARTESIAN_POINT('Ctrl Pts',(-3.11882870762134E-16,-5.5934338125781,
34.0327406521202));
#8349=CARTESIAN_POINT('',(-0.5,-5.36444466219868,36.1700988972043));
#8350=CARTESIAN_POINT('Ctrl Pts',(-2.51200891030809E-16,-5.20854977095602,
34.975));
#8351=CARTESIAN_POINT('Ctrl Pts',(0.124107259467143,-5.20854977095602,34.975));
#8352=CARTESIAN_POINT('Ctrl Pts',(0.28876148200111,-5.27003107389208,34.975));
#8353=CARTESIAN_POINT('Ctrl Pts',(0.463725249039398,-5.45643126931514,34.975));
#8354=CARTESIAN_POINT('Ctrl Pts',(0.554505838211366,-5.65624253099549,34.975));
#8355=CARTESIAN_POINT('Ctrl Pts',(0.554538200086838,-5.92212749016096,34.975));
#8356=CARTESIAN_POINT('Ctrl Pts',(0.445689116238392,-6.16215795544975,34.975));
#8357=CARTESIAN_POINT('Ctrl Pts',(0.248141294616967,-6.32972452960498,34.975));
#8358=CARTESIAN_POINT('Ctrl Pts',(4.34198584806939E-6,-6.38990766402884,
34.975));
#8359=CARTESIAN_POINT('Ctrl Pts',(-0.248177936970724,-6.32977193497882,
34.975));
#8360=CARTESIAN_POINT('Ctrl Pts',(-0.445705859421446,-6.16218320082383,
34.975));
#8361=CARTESIAN_POINT('Ctrl Pts',(-0.554513636043764,-5.92204875948376,
34.975));
#8362=CARTESIAN_POINT('Ctrl Pts',(-0.554456082212279,-5.65633736623167,
34.975));
#8363=CARTESIAN_POINT('Ctrl Pts',(-0.445760702148105,-5.41617037093433,
34.975));
#8364=CARTESIAN_POINT('Ctrl Pts',(-0.248111200393365,-5.24867411203808,
34.975));
#8365=CARTESIAN_POINT('Ctrl Pts',(-0.082738172978096,-5.20854977095602,
34.975));
#8366=CARTESIAN_POINT('Ctrl Pts',(-3.86662489489287E-16,-5.20854977095602,
34.975));
#8367=CARTESIAN_POINT('Ctrl Pts',(-2.71428217607917E-16,-5.33684445149671,
34.6609135507067));
#8368=CARTESIAN_POINT('Ctrl Pts',(0.0935538252599887,-5.33684445149671,
34.6609135507067));
#8369=CARTESIAN_POINT('Ctrl Pts',(0.217902699684692,-5.37907128569443,34.6598404136992));
#8370=CARTESIAN_POINT('Ctrl Pts',(0.368961973963882,-5.51511890609814,34.6546712948062));
#8371=CARTESIAN_POINT('Ctrl Pts',(0.467614607655539,-5.66892596484024,34.6478974969251));
#8372=CARTESIAN_POINT('Ctrl Pts',(0.521806278675382,-5.90599544556904,34.6402883581929));
#8373=CARTESIAN_POINT('Ctrl Pts',(0.475803652959531,-6.17270808321333,34.642868017956));
#8374=CARTESIAN_POINT('Ctrl Pts',(0.292884860909761,-6.40252853966444,34.6557603854975));
#8375=CARTESIAN_POINT('Ctrl Pts',(3.60609528151255E-5,-6.49607017202015,
34.6635292234352));
#8376=CARTESIAN_POINT('Ctrl Pts',(-0.293111759844584,-6.40268954206621,
34.6557814968804));
#8377=CARTESIAN_POINT('Ctrl Pts',(-0.47578395206537,-6.17258470706389,34.6428331528747));
#8378=CARTESIAN_POINT('Ctrl Pts',(-0.521802150623687,-5.90615757813043,
34.6403358844507));
#8379=CARTESIAN_POINT('Ctrl Pts',(-0.467596765466893,-5.66891827705082,
34.6478852693688));
#8380=CARTESIAN_POINT('Ctrl Pts',(-0.349279578857313,-5.48431617868365,
34.6560569098734));
#8381=CARTESIAN_POINT('Ctrl Pts',(-0.187068097237033,-5.36469921362567,
34.6601874201317));
#8382=CARTESIAN_POINT('Ctrl Pts',(-0.062369216839993,-5.33684445149671,
34.6609135507067));
#8383=CARTESIAN_POINT('Ctrl Pts',(-3.61735949913569E-16,-5.33684445149671,
34.6609135507067));
#8384=CARTESIAN_POINT('Ctrl Pts',(-2.91655544185026E-16,-5.46513913203741,
34.3468271014135));
#8385=CARTESIAN_POINT('Ctrl Pts',(0.0630003910528341,-5.46513913203741,
34.3468271014135));
#8386=CARTESIAN_POINT('Ctrl Pts',(0.147043917368275,-5.48811149749677,34.3446808273985));
#8387=CARTESIAN_POINT('Ctrl Pts',(0.274198698888366,-5.57380654288114,34.3343425896124));
#8388=CARTESIAN_POINT('Ctrl Pts',(0.380723377099711,-5.68160939868499,34.3207949938502));
#8389=CARTESIAN_POINT('Ctrl Pts',(0.489074357263927,-5.88986340097712,34.3055767163858));
#8390=CARTESIAN_POINT('Ctrl Pts',(0.505918189680669,-6.18325821097692,34.3107360359121));
#8391=CARTESIAN_POINT('Ctrl Pts',(0.337628427202556,-6.4753325497239,34.3365207709951));
#8392=CARTESIAN_POINT('Ctrl Pts',(6.77799197824325E-5,-6.60223268001147,
34.3520584468704));
#8393=CARTESIAN_POINT('Ctrl Pts',(-0.338045582718444,-6.47560714915361,
34.3365629937609));
#8394=CARTESIAN_POINT('Ctrl Pts',(-0.505862044709294,-6.18298621330396,
34.3106663057493));
#8395=CARTESIAN_POINT('Ctrl Pts',(-0.48909066520361,-5.89026639677709,34.3056717689014));
#8396=CARTESIAN_POINT('Ctrl Pts',(-0.380737448721508,-5.68149918786997,
34.3207705387375));
#8397=CARTESIAN_POINT('Ctrl Pts',(-0.252798455566522,-5.55246198643297,
34.3371138197468));
#8398=CARTESIAN_POINT('Ctrl Pts',(-0.126024994080699,-5.48072431521325,
34.3453748402635));
#8399=CARTESIAN_POINT('Ctrl Pts',(-0.04200026070189,-5.46513913203741,34.3468271014135));
#8400=CARTESIAN_POINT('Ctrl Pts',(-3.36809410337851E-16,-5.46513913203741,
34.3468271014135));
#8401=CARTESIAN_POINT('Ctrl Pts',(-3.11882870762134E-16,-5.5934338125781,
34.0327406521202));
#8402=CARTESIAN_POINT('Ctrl Pts',(0.0324469568456797,-5.5934338125781,34.0327406521202));
#8403=CARTESIAN_POINT('Ctrl Pts',(0.076185135051857,-5.59715170929912,34.0295212410977));
#8404=CARTESIAN_POINT('Ctrl Pts',(0.17943542381285,-5.63249417966413,34.0140138844186));
#8405=CARTESIAN_POINT('Ctrl Pts',(0.293832146543884,-5.69429283252975,33.9936924907754));
#8406=CARTESIAN_POINT('Ctrl Pts',(0.456342435852471,-5.8737313563852,33.9708650745787));
#8407=CARTESIAN_POINT('Ctrl Pts',(0.536032726401808,-6.1938083387405,33.9786040538681));
#8408=CARTESIAN_POINT('Ctrl Pts',(0.382371993495351,-6.54813655978336,34.0172811564927));
#8409=CARTESIAN_POINT('Ctrl Pts',(9.94988867494259E-5,-6.70839518800279,
34.0405876703057));
#8410=CARTESIAN_POINT('Ctrl Pts',(-0.382979405592303,-6.548524756241,34.0173444906413));
#8411=CARTESIAN_POINT('Ctrl Pts',(-0.535940137353219,-6.19338771954403,
33.978499458624));
#8412=CARTESIAN_POINT('Ctrl Pts',(-0.456379179783532,-5.87437521542376,
33.9710076533521));
#8413=CARTESIAN_POINT('Ctrl Pts',(-0.293878131976122,-5.69408009868913,
33.9936558081063));
#8414=CARTESIAN_POINT('Ctrl Pts',(-0.156317332275731,-5.62060779418229,
34.0181707296202));
#8415=CARTESIAN_POINT('Ctrl Pts',(-0.0649818909243666,-5.59674941680083,
34.0305622603953));
#8416=CARTESIAN_POINT('Ctrl Pts',(-0.021631304563787,-5.5934338125781,34.0327406521202));
#8417=CARTESIAN_POINT('Ctrl Pts',(-3.11882870762134E-16,-5.5934338125781,
34.0327406521202));
#8418=CARTESIAN_POINT('',(-3.86662489489287E-16,-5.20854977095602,34.975));
#8419=CARTESIAN_POINT('',(-2.51200891030809E-16,-5.20854977095602,34.975));
#8420=CARTESIAN_POINT('Ctrl Pts',(-3.86662489489287E-16,-5.20854977095602,
34.975));
#8421=CARTESIAN_POINT('Ctrl Pts',(-0.082738172978096,-5.20854977095602,
34.975));
#8422=CARTESIAN_POINT('Ctrl Pts',(-0.248111200393365,-5.24867411203808,
34.975));
#8423=CARTESIAN_POINT('Ctrl Pts',(-0.445760702148105,-5.41617037093433,
34.975));
#8424=CARTESIAN_POINT('Ctrl Pts',(-0.554456082212279,-5.65633736623167,
34.975));
#8425=CARTESIAN_POINT('Ctrl Pts',(-0.554513636043764,-5.92204875948376,
34.975));
#8426=CARTESIAN_POINT('Ctrl Pts',(-0.445705859421446,-6.16218320082383,
34.975));
#8427=CARTESIAN_POINT('Ctrl Pts',(-0.248177936970724,-6.32977193497882,
34.975));
#8428=CARTESIAN_POINT('Ctrl Pts',(4.34198584806939E-6,-6.38990766402884,
34.975));
#8429=CARTESIAN_POINT('Ctrl Pts',(0.248141294616967,-6.32972452960498,34.975));
#8430=CARTESIAN_POINT('Ctrl Pts',(0.445689116238392,-6.16215795544975,34.975));
#8431=CARTESIAN_POINT('Ctrl Pts',(0.554538200086838,-5.92212749016096,34.975));
#8432=CARTESIAN_POINT('Ctrl Pts',(0.554505838211366,-5.65624253099549,34.975));
#8433=CARTESIAN_POINT('Ctrl Pts',(0.463725249039398,-5.45643126931514,34.975));
#8434=CARTESIAN_POINT('Ctrl Pts',(0.28876148200111,-5.27003107389208,34.975));
#8435=CARTESIAN_POINT('Ctrl Pts',(0.124107259467143,-5.20854977095602,34.975));
#8436=CARTESIAN_POINT('Ctrl Pts',(-2.51200891030809E-16,-5.20854977095602,
34.975));
#8437=CARTESIAN_POINT('Ctrl Pts',(4.1856199717725,-4.18561997177251,32.975));
#8438=CARTESIAN_POINT('Ctrl Pts',(4.1563676101846,-4.2148723333604,32.975));
#8439=CARTESIAN_POINT('Ctrl Pts',(4.10490902223848,-4.28038165843558,32.975));
#8440=CARTESIAN_POINT('Ctrl Pts',(4.03501700099287,-4.43250704256742,32.975));
#8441=CARTESIAN_POINT('Ctrl Pts',(4.01723724508505,-4.64759002099585,32.975));
#8442=CARTESIAN_POINT('Ctrl Pts',(4.11019040068551,-4.894330679335,32.975));
#8443=CARTESIAN_POINT('Ctrl Pts',(4.29802136830018,-5.0822644625,32.975));
#8444=CARTESIAN_POINT('Ctrl Pts',(4.54479156174164,-5.17507584771986,32.975));
#8445=CARTESIAN_POINT('Ctrl Pts',(4.80295482618803,-5.15391032190512,32.975));
#8446=CARTESIAN_POINT('Ctrl Pts',(5.02093948125618,-5.02095016198626,32.975));
#8447=CARTESIAN_POINT('Ctrl Pts',(5.1539596222241,-4.80296182189519,32.975));
#8448=CARTESIAN_POINT('Ctrl Pts',(5.17505114333889,-4.54478767295324,32.975));
#8449=CARTESIAN_POINT('Ctrl Pts',(5.08227343554657,-4.29803450893715,32.975));
#8450=CARTESIAN_POINT('Ctrl Pts',(4.89432519408338,-4.11017613614183,32.975));
#8451=CARTESIAN_POINT('Ctrl Pts',(4.64760756224546,-4.01725845348189,32.975));
#8452=CARTESIAN_POINT('Ctrl Pts',(4.43249922149972,-4.03502137335926,32.975));
#8453=CARTESIAN_POINT('Ctrl Pts',(4.28038138751496,-4.1048962038016,32.975));
#8454=CARTESIAN_POINT('Ctrl Pts',(4.2148723333604,-4.15636761018461,32.975));
#8455=CARTESIAN_POINT('Ctrl Pts',(4.1856199717725,-4.1856199717725,32.975));
#8456=CARTESIAN_POINT('Ctrl Pts',(4.11847215921157,-4.11847215921157,33.2890864492933));
#8457=CARTESIAN_POINT('Ctrl Pts',(4.08388937066029,-4.15305494776284,33.2890864492933));
#8458=CARTESIAN_POINT('Ctrl Pts',(4.0255445799029,-4.23273879073722,33.2902611860431));
#8459=CARTESIAN_POINT('Ctrl Pts',(3.96113459591152,-4.41839506366454,33.2964554721871));
#8460=CARTESIAN_POINT('Ctrl Pts',(3.98839899568773,-4.66150717406499,33.3071287855774));
#8461=CARTESIAN_POINT('Ctrl Pts',(4.14456175260228,-4.8824651702683,33.3096810611801));
#8462=CARTESIAN_POINT('Ctrl Pts',(4.3506246473901,-5.01186005818808,33.3020865298697));
#8463=CARTESIAN_POINT('Ctrl Pts',(4.56480470403163,-5.0587718979275,33.2939761912108));
#8464=CARTESIAN_POINT('Ctrl Pts',(4.76406998286557,-5.02865019666547,33.289803266901));
#8465=CARTESIAN_POINT('Ctrl Pts',(4.92590666056914,-4.9259003446205,33.2887329493103));
#8466=CARTESIAN_POINT('Ctrl Pts',(5.02864094983297,-4.76408169704706,33.2897956660392));
#8467=CARTESIAN_POINT('Ctrl Pts',(5.05880105934196,-4.5647973917876,33.2939897844402));
#8468=CARTESIAN_POINT('Ctrl Pts',(5.01178351306342,-4.35064437957395,33.3020620395162));
#8469=CARTESIAN_POINT('Ctrl Pts',(4.88255308506889,-4.14451212818414,33.3097036180369));
#8470=CARTESIAN_POINT('Ctrl Pts',(4.66143408233148,-3.98857035355149,33.3071274953285));
#8471=CARTESIAN_POINT('Ctrl Pts',(4.41838272252298,-3.9610884560568,33.2964470663595));
#8472=CARTESIAN_POINT('Ctrl Pts',(4.23276257167015,-4.02550805730315,33.2902620379378));
#8473=CARTESIAN_POINT('Ctrl Pts',(4.15305494776284,-4.0838893706603,33.2890864492933));
#8474=CARTESIAN_POINT('Ctrl Pts',(4.11847215921157,-4.11847215921157,33.2890864492933));
#8475=CARTESIAN_POINT('Ctrl Pts',(4.05132434665063,-4.05132434665063,33.6031728985865));
#8476=CARTESIAN_POINT('Ctrl Pts',(4.01141113113598,-4.09123756216528,33.6031728985865));
#8477=CARTESIAN_POINT('Ctrl Pts',(3.94618013756732,-4.18509592303887,33.6055223720863));
#8478=CARTESIAN_POINT('Ctrl Pts',(3.88725219083017,-4.40428308476166,33.6179109443741));
#8479=CARTESIAN_POINT('Ctrl Pts',(3.95956074629041,-4.67542432713413,33.6392575711549));
#8480=CARTESIAN_POINT('Ctrl Pts',(4.17893310451906,-4.8705996612016,33.6443621223601));
#8481=CARTESIAN_POINT('Ctrl Pts',(4.40322792648004,-4.94145565387616,33.6291730597395));
#8482=CARTESIAN_POINT('Ctrl Pts',(4.58481784632162,-4.94246794813515,33.6129523824216));
#8483=CARTESIAN_POINT('Ctrl Pts',(4.72518513954311,-4.90339007142583,33.6046065338021));
#8484=CARTESIAN_POINT('Ctrl Pts',(4.83087383988211,-4.83085052725474,33.6024658986206));
#8485=CARTESIAN_POINT('Ctrl Pts',(4.90332227744185,-4.72520157219893,33.6045913320785));
#8486=CARTESIAN_POINT('Ctrl Pts',(4.94255097534503,-4.58480711062196,33.6129795688805));
#8487=CARTESIAN_POINT('Ctrl Pts',(4.94129359058027,-4.40325425021076,33.6291240790324));
#8488=CARTESIAN_POINT('Ctrl Pts',(4.8707809760544,-4.17884812022646,33.6444072360739));
#8489=CARTESIAN_POINT('Ctrl Pts',(4.67526060241749,-3.9598822536211,33.6392549906571));
#8490=CARTESIAN_POINT('Ctrl Pts',(4.40426622354624,-3.88715553875433,33.6178941327189));
#8491=CARTESIAN_POINT('Ctrl Pts',(4.18514375582533,-3.94611991080471,33.6055240758756));
#8492=CARTESIAN_POINT('Ctrl Pts',(4.09123756216528,-4.01141113113598,33.6031728985865));
#8493=CARTESIAN_POINT('Ctrl Pts',(4.05132434665063,-4.05132434665063,33.6031728985865));
#8494=CARTESIAN_POINT('Ctrl Pts',(3.98417653408969,-3.9841765340897,33.9172593478798));
#8495=CARTESIAN_POINT('Ctrl Pts',(3.93893289161167,-4.02942017656772,33.9172593478798));
#8496=CARTESIAN_POINT('Ctrl Pts',(3.86681569523173,-4.13745305534051,33.9207835581294));
#8497=CARTESIAN_POINT('Ctrl Pts',(3.81336978574882,-4.39017110585877,33.9393664165612));
#8498=CARTESIAN_POINT('Ctrl Pts',(3.93072249689309,-4.68934148020327,33.9713863567324));
#8499=CARTESIAN_POINT('Ctrl Pts',(4.21330445643583,-4.8587341521349,33.9790431835402));
#8500=CARTESIAN_POINT('Ctrl Pts',(4.45583120556996,-4.87105124956424,33.9562595896092));
#8501=CARTESIAN_POINT('Ctrl Pts',(4.60483098861162,-4.8261639983428,33.9319285736325));
#8502=CARTESIAN_POINT('Ctrl Pts',(4.68630029622064,-4.77812994618618,33.9194098007032));
#8503=CARTESIAN_POINT('Ctrl Pts',(4.73584101919509,-4.73580070988898,33.9161988479309));
#8504=CARTESIAN_POINT('Ctrl Pts',(4.77800360505072,-4.6863214473508,33.9193869981178));
#8505=CARTESIAN_POINT('Ctrl Pts',(4.82630089134811,-4.60481682945632,33.9319693533207));
#8506=CARTESIAN_POINT('Ctrl Pts',(4.87080366809712,-4.45586412084757,33.9561861185485));
#8507=CARTESIAN_POINT('Ctrl Pts',(4.85900886703991,-4.21318411226877,33.9791108541109));
#8508=CARTESIAN_POINT('Ctrl Pts',(4.68908712250351,-3.9311941536907,33.9713824859856));
#8509=CARTESIAN_POINT('Ctrl Pts',(4.3901497245695,-3.81322262145187,33.9393411990784));
#8510=CARTESIAN_POINT('Ctrl Pts',(4.13752493998052,-3.86673176430626,33.9207861138134));
#8511=CARTESIAN_POINT('Ctrl Pts',(4.02942017656772,-3.93893289161167,33.9172593478798));
#8512=CARTESIAN_POINT('Ctrl Pts',(3.98417653408969,-3.98417653408969,33.9172593478798));
#8513=CARTESIAN_POINT('',(4.1856199717725,-4.1856199717725,32.975));
#8514=CARTESIAN_POINT('',(3.98417653408969,-3.98417653408969,33.9172593478798));
#8515=CARTESIAN_POINT('',(4.1856199717725,-4.1856199717725,32.975));
#8516=CARTESIAN_POINT('',(3.99230804032129,-4.70000989974075,33.96973640834));
#8517=CARTESIAN_POINT('Ctrl Pts',(3.98417653408969,-3.9841765340897,33.9172593478798));
#8518=CARTESIAN_POINT('Ctrl Pts',(3.93893289161167,-4.02942017656772,33.9172593478798));
#8519=CARTESIAN_POINT('Ctrl Pts',(3.86681569523173,-4.13745305534051,33.9207835581294));
#8520=CARTESIAN_POINT('Ctrl Pts',(3.81336978574882,-4.39017110585877,33.9393664165612));
#8521=CARTESIAN_POINT('Ctrl Pts',(3.89177551011497,-4.59005289538588,33.9607595874458));
#8522=CARTESIAN_POINT('Ctrl Pts',(3.97906956547599,-4.68681844679237,33.9687256479746));
#8523=CARTESIAN_POINT('Ctrl Pts',(3.99230804032129,-4.70000989974075,33.96973640834));
#8524=CARTESIAN_POINT('Ctrl Pts',(3.99230804032129,-4.70000989974075,33.96973640834));
#8525=CARTESIAN_POINT('Ctrl Pts',(4.05680546397401,-4.7642782342241,33.9746608003312));
#8526=CARTESIAN_POINT('Ctrl Pts',(4.22707194494397,-4.85943335541008,33.9777498298432));
#8527=CARTESIAN_POINT('Ctrl Pts',(4.45583120556996,-4.87105124956424,33.9562595896092));
#8528=CARTESIAN_POINT('Ctrl Pts',(4.60483098861162,-4.8261639983428,33.9319285736325));
#8529=CARTESIAN_POINT('Ctrl Pts',(4.68630029622064,-4.77812994618618,33.9194098007032));
#8530=CARTESIAN_POINT('Ctrl Pts',(4.73584101919509,-4.73580070988898,33.9161988479309));
#8531=CARTESIAN_POINT('Ctrl Pts',(4.77800360505072,-4.6863214473508,33.9193869981178));
#8532=CARTESIAN_POINT('Ctrl Pts',(4.82630089134811,-4.60481682945632,33.9319693533207));
#8533=CARTESIAN_POINT('Ctrl Pts',(4.87080366809712,-4.45586412084757,33.9561861185485));
#8534=CARTESIAN_POINT('Ctrl Pts',(4.85900886703991,-4.21318411226877,33.9791108541109));
#8535=CARTESIAN_POINT('Ctrl Pts',(4.68908712250351,-3.9311941536907,33.9713824859856));
#8536=CARTESIAN_POINT('Ctrl Pts',(4.3901497245695,-3.81322262145187,33.9393411990784));
#8537=CARTESIAN_POINT('Ctrl Pts',(4.13752493998052,-3.86673176430626,33.9207861138134));
#8538=CARTESIAN_POINT('Ctrl Pts',(4.02942017656772,-3.93893289161167,33.9172593478798));
#8539=CARTESIAN_POINT('Ctrl Pts',(3.98417653408969,-3.98417653408969,33.9172593478798));
#8540=CARTESIAN_POINT('Ctrl Pts',(4.1856199717725,-4.1856199717725,32.975));
#8541=CARTESIAN_POINT('Ctrl Pts',(4.2148723333604,-4.15636761018461,32.975));
#8542=CARTESIAN_POINT('Ctrl Pts',(4.28038138751496,-4.1048962038016,32.975));
#8543=CARTESIAN_POINT('Ctrl Pts',(4.43249922149972,-4.03502137335926,32.975));
#8544=CARTESIAN_POINT('Ctrl Pts',(4.64760756224546,-4.01725845348189,32.975));
#8545=CARTESIAN_POINT('Ctrl Pts',(4.89432519408338,-4.11017613614183,32.975));
#8546=CARTESIAN_POINT('Ctrl Pts',(5.08227343554657,-4.29803450893715,32.975));
#8547=CARTESIAN_POINT('Ctrl Pts',(5.17505114333889,-4.54478767295324,32.975));
#8548=CARTESIAN_POINT('Ctrl Pts',(5.1539596222241,-4.80296182189519,32.975));
#8549=CARTESIAN_POINT('Ctrl Pts',(5.02093948125618,-5.02095016198626,32.975));
#8550=CARTESIAN_POINT('Ctrl Pts',(4.80295482618803,-5.15391032190512,32.975));
#8551=CARTESIAN_POINT('Ctrl Pts',(4.54479156174164,-5.17507584771986,32.975));
#8552=CARTESIAN_POINT('Ctrl Pts',(4.29802136830018,-5.0822644625,32.975));
#8553=CARTESIAN_POINT('Ctrl Pts',(4.11019040068551,-4.894330679335,32.975));
#8554=CARTESIAN_POINT('Ctrl Pts',(4.01723724508505,-4.64759002099585,32.975));
#8555=CARTESIAN_POINT('Ctrl Pts',(4.03501700099287,-4.43250704256742,32.975));
#8556=CARTESIAN_POINT('Ctrl Pts',(4.10490902223848,-4.28038165843558,32.975));
#8557=CARTESIAN_POINT('Ctrl Pts',(4.1563676101846,-4.2148723333604,32.975));
#8558=CARTESIAN_POINT('Ctrl Pts',(4.1856199717725,-4.18561997177251,32.975));
#8559=CARTESIAN_POINT('Origin',(3.79323519794066,-3.79323519794066,36.1700988972043));
#8560=CARTESIAN_POINT('',(3.9551549789921,-3.9551549789921,34.0327406521202));
#8561=CARTESIAN_POINT('',(3.98979822251354,-4.69716740101101,33.9802332431855));
#8562=CARTESIAN_POINT('Ctrl Pts',(3.9551549789921,-3.9551549789921,34.0327406521202));
#8563=CARTESIAN_POINT('Ctrl Pts',(3.97809844220655,-3.93221151577765,34.0327406521202));
#8564=CARTESIAN_POINT('Ctrl Pts',(4.01165352446615,-3.90390885351349,34.0295216070122));
#8565=CARTESIAN_POINT('Ctrl Pts',(4.10965457276639,-3.85589346313976,34.014013643884));
#8566=CARTESIAN_POINT('Ctrl Pts',(4.23424591583249,-3.81869849595916,33.9936914516486));
#8567=CARTESIAN_POINT('Ctrl Pts',(4.4760329927267,-3.83066922697108,33.9708639439409));
#8568=CARTESIAN_POINT('Ctrl Pts',(4.758716055679,-4.00065256164188,33.97860472296));
#8569=CARTESIAN_POINT('Ctrl Pts',(4.90060510992723,-4.35985447751819,34.01728076448));
#8570=CARTESIAN_POINT('Ctrl Pts',(4.74361949703861,-4.74347816156202,34.0405865587082));
#8571=CARTESIAN_POINT('Ctrl Pts',(4.3596951252319,-4.90132030453689,34.0173446243947));
#8572=CARTESIAN_POINT('Ctrl Pts',(4.09978310789701,-4.7978902222672,33.9892423126813));
#8573=CARTESIAN_POINT('Ctrl Pts',(4.00299223762729,-4.71042033746824,33.9812462559332));
#8574=CARTESIAN_POINT('Ctrl Pts',(3.98979822251354,-4.69716740101101,33.9802332431855));
#8575=CARTESIAN_POINT('Ctrl Pts',(3.98979822251354,-4.69716740101101,33.9802332431855));
#8576=CARTESIAN_POINT('Ctrl Pts',(3.9255174054387,-4.63259952104679,33.9752978776758));
#8577=CARTESIAN_POINT('Ctrl Pts',(3.83039349895899,-4.46275998852168,33.9722952325345));
#8578=CARTESIAN_POINT('Ctrl Pts',(3.81851852401471,-4.23412973979285,33.9936555496374));
#8579=CARTESIAN_POINT('Ctrl Pts',(3.86384082617715,-4.08490311446563,34.0181722864461));
#8580=CARTESIAN_POINT('Ctrl Pts',(3.9115501800139,-4.00344919935232,34.0305625721068));
#8581=CARTESIAN_POINT('Ctrl Pts',(3.93985933684914,-3.97045062113507,34.0327406521202));
#8582=CARTESIAN_POINT('Ctrl Pts',(3.9551549789921,-3.9551549789921,34.0327406521202));
#8583=CARTESIAN_POINT('',(3.43968180734739,-4.14678858853394,36.1700988972043));
#8584=CARTESIAN_POINT('Ctrl Pts',(3.68300086319064,-3.68300086319064,34.975));
#8585=CARTESIAN_POINT('Ctrl Pts',(3.77075794795433,-3.59524377842694,34.975));
#8586=CARTESIAN_POINT('Ctrl Pts',(3.93066186051476,-3.52229425088995,34.975));
#8587=CARTESIAN_POINT('Ctrl Pts',(4.18618309609706,-3.53037672643442,34.975));
#8588=CARTESIAN_POINT('Ctrl Pts',(4.39166227087265,-3.60747436168331,34.975));
#8589=CARTESIAN_POINT('Ctrl Pts',(4.57969491279643,-3.79545863796704,34.975));
#8590=CARTESIAN_POINT('Ctrl Pts',(4.67245343342985,-4.04215437073931,34.975));
#8591=CARTESIAN_POINT('Ctrl Pts',(4.65125310787218,-4.30032869295062,34.975));
#8592=CARTESIAN_POINT('Ctrl Pts',(4.51834986384064,-4.51834393791925,34.975));
#8593=CARTESIAN_POINT('Ctrl Pts',(4.30033648938583,-4.65131401080421,34.975));
#8594=CARTESIAN_POINT('Ctrl Pts',(4.04215983254895,-4.67248360164581,34.975));
#8595=CARTESIAN_POINT('Ctrl Pts',(3.79542050128087,-4.57962092082427,34.975));
#8596=CARTESIAN_POINT('Ctrl Pts',(3.60757564223377,-4.39169367023151,34.975));
#8597=CARTESIAN_POINT('Ctrl Pts',(3.51460994161106,-4.14501130353983,34.975));
#8598=CARTESIAN_POINT('Ctrl Pts',(3.53593233705348,-3.88681463040417,34.975));
#8599=CARTESIAN_POINT('Ctrl Pts',(3.62449614001484,-3.74150558636643,34.975));
#8600=CARTESIAN_POINT('Ctrl Pts',(3.68300086319064,-3.68300086319064,34.975));
#8601=CARTESIAN_POINT('Ctrl Pts',(3.77371890179113,-3.77371890179113,34.6609135507067));
#8602=CARTESIAN_POINT('Ctrl Pts',(3.8398714460384,-3.70756635754385,34.6609135507067));
#8603=CARTESIAN_POINT('Ctrl Pts',(3.95765908183189,-3.64949911843113,34.6598405356707));
#8604=CARTESIAN_POINT('Ctrl Pts',(4.16067358832017,-3.6388823053362,34.654671214628));
#8605=CARTESIAN_POINT('Ctrl Pts',(4.33919015252593,-3.67788240644193,34.6478971505495));
#8606=CARTESIAN_POINT('Ctrl Pts',(4.54514093943985,-3.80719550096838,34.6402879813136));
#8607=CARTESIAN_POINT('Ctrl Pts',(4.70120764084623,-4.0283204343735,34.6428682409867));
#8608=CARTESIAN_POINT('Ctrl Pts',(4.73437044189053,-4.32017062113981,34.6557602548267));
#8609=CARTESIAN_POINT('Ctrl Pts',(4.5934397415733,-4.59338867913351,34.6635288529027));
#8610=CARTESIAN_POINT('Ctrl Pts',(4.32012270133452,-4.73464944204844,34.6557815414649));
#8611=CARTESIAN_POINT('Ctrl Pts',(4.028246399859,-4.70110547326795,34.6428329614725));
#8612=CARTESIAN_POINT('Ctrl Pts',(3.80731639225653,-4.54525385145093,34.6403365660125));
#8613=CARTESIAN_POINT('Ctrl Pts',(3.67788993616075,-4.33917236008529,34.6478851832125));
#8614=CARTESIAN_POINT('Ctrl Pts',(3.63102023646643,-4.1249752405151,34.6560574288153));
#8615=CARTESIAN_POINT('Ctrl Pts',(3.66113828470696,-3.92569282005356,34.6601875240356));
#8616=CARTESIAN_POINT('Ctrl Pts',(3.72961720562627,-3.81782059795598,34.6609135507067));
#8617=CARTESIAN_POINT('Ctrl Pts',(3.77371890179112,-3.77371890179113,34.6609135507067));
#8618=CARTESIAN_POINT('Ctrl Pts',(3.86443694039161,-3.86443694039161,34.3468271014135));
#8619=CARTESIAN_POINT('Ctrl Pts',(3.90898494412248,-3.81988893666075,34.3468271014135));
#8620=CARTESIAN_POINT('Ctrl Pts',(3.98465630314902,-3.77670398597231,34.3446810713415));
#8621=CARTESIAN_POINT('Ctrl Pts',(4.13516408054328,-3.74738788423798,34.334342429256));
#8622=CARTESIAN_POINT('Ctrl Pts',(4.28671803417921,-3.74829045120055,34.3207943010991));
#8623=CARTESIAN_POINT('Ctrl Pts',(4.51058696608327,-3.81893236396973,34.3055759626272));
#8624=CARTESIAN_POINT('Ctrl Pts',(4.72996184826261,-4.01448649800769,34.3107364819733));
#8625=CARTESIAN_POINT('Ctrl Pts',(4.81748777590888,-4.340012549329,34.3365205096534));
#8626=CARTESIAN_POINT('Ctrl Pts',(4.66852961930596,-4.66843342034776,34.3520577058054));
#8627=CARTESIAN_POINT('Ctrl Pts',(4.33990891328321,-4.81798487329266,34.3365630829298));
#8628=CARTESIAN_POINT('Ctrl Pts',(4.01433296716906,-4.72972734489009,34.310665922945));
#8629=CARTESIAN_POINT('Ctrl Pts',(3.81921228323219,-4.51088678207759,34.305673132025));
#8630=CARTESIAN_POINT('Ctrl Pts',(3.74820423008773,-4.28665104993907,34.320770366425));
#8631=CARTESIAN_POINT('Ctrl Pts',(3.74743053132179,-4.10493917749036,34.3371148576307));
#8632=CARTESIAN_POINT('Ctrl Pts',(3.78634423236043,-3.96457100970294,34.3453750480712));
#8633=CARTESIAN_POINT('Ctrl Pts',(3.8347382712377,-3.89413560954552,34.3468271014135));
#8634=CARTESIAN_POINT('Ctrl Pts',(3.86443694039161,-3.86443694039161,34.3468271014135));
#8635=CARTESIAN_POINT('Ctrl Pts',(3.9551549789921,-3.9551549789921,34.0327406521202));
#8636=CARTESIAN_POINT('Ctrl Pts',(3.97809844220655,-3.93221151577765,34.0327406521202));
#8637=CARTESIAN_POINT('Ctrl Pts',(4.01165352446615,-3.90390885351349,34.0295216070122));
#8638=CARTESIAN_POINT('Ctrl Pts',(4.10965457276639,-3.85589346313976,34.014013643884));
#8639=CARTESIAN_POINT('Ctrl Pts',(4.23424591583249,-3.81869849595916,33.9936914516486));
#8640=CARTESIAN_POINT('Ctrl Pts',(4.4760329927267,-3.83066922697108,33.9708639439409));
#8641=CARTESIAN_POINT('Ctrl Pts',(4.758716055679,-4.00065256164188,33.97860472296));
#8642=CARTESIAN_POINT('Ctrl Pts',(4.90060510992723,-4.35985447751819,34.01728076448));
#8643=CARTESIAN_POINT('Ctrl Pts',(4.74361949703861,-4.74347816156202,34.0405865587082));
#8644=CARTESIAN_POINT('Ctrl Pts',(4.3596951252319,-4.90132030453689,34.0173446243947));
#8645=CARTESIAN_POINT('Ctrl Pts',(4.00041953447911,-4.75834921651223,33.9784988844175));
#8646=CARTESIAN_POINT('Ctrl Pts',(3.83110817420785,-4.47651971270424,33.9710096980375));
#8647=CARTESIAN_POINT('Ctrl Pts',(3.81851852401471,-4.23412973979285,33.9936555496374));
#8648=CARTESIAN_POINT('Ctrl Pts',(3.86384082617715,-4.08490311446563,34.0181722864461));
#8649=CARTESIAN_POINT('Ctrl Pts',(3.9115501800139,-4.00344919935232,34.0305625721068));
#8650=CARTESIAN_POINT('Ctrl Pts',(3.93985933684914,-3.97045062113507,34.0327406521202));
#8651=CARTESIAN_POINT('Ctrl Pts',(3.9551549789921,-3.9551549789921,34.0327406521202));
#8652=CARTESIAN_POINT('',(3.68300086319064,-3.68300086319064,34.975));
#8653=CARTESIAN_POINT('',(3.68300086319064,-3.68300086319064,34.975));
#8654=CARTESIAN_POINT('Ctrl Pts',(3.68300086319064,-3.68300086319064,34.975));
#8655=CARTESIAN_POINT('Ctrl Pts',(3.62449614001484,-3.74150558636643,34.975));
#8656=CARTESIAN_POINT('Ctrl Pts',(3.53593233705348,-3.88681463040417,34.975));
#8657=CARTESIAN_POINT('Ctrl Pts',(3.51460994161106,-4.14501130353983,34.975));
#8658=CARTESIAN_POINT('Ctrl Pts',(3.60757564223377,-4.39169367023151,34.975));
#8659=CARTESIAN_POINT('Ctrl Pts',(3.79542050128087,-4.57962092082427,34.975));
#8660=CARTESIAN_POINT('Ctrl Pts',(4.04215983254895,-4.67248360164581,34.975));
#8661=CARTESIAN_POINT('Ctrl Pts',(4.30033648938583,-4.65131401080421,34.975));
#8662=CARTESIAN_POINT('Ctrl Pts',(4.51834986384064,-4.51834393791925,34.975));
#8663=CARTESIAN_POINT('Ctrl Pts',(4.65125310787218,-4.30032869295062,34.975));
#8664=CARTESIAN_POINT('Ctrl Pts',(4.67245343342985,-4.04215437073931,34.975));
#8665=CARTESIAN_POINT('Ctrl Pts',(4.57969491279643,-3.79545863796704,34.975));
#8666=CARTESIAN_POINT('Ctrl Pts',(4.39166227087265,-3.60747436168331,34.975));
#8667=CARTESIAN_POINT('Ctrl Pts',(4.18618309609706,-3.53037672643442,34.975));
#8668=CARTESIAN_POINT('Ctrl Pts',(3.93066186051476,-3.52229425088995,34.975));
#8669=CARTESIAN_POINT('Ctrl Pts',(3.77075794795433,-3.59524377842694,34.975));
#8670=CARTESIAN_POINT('Ctrl Pts',(3.68300086319064,-3.68300086319064,34.975));
#8671=CARTESIAN_POINT('Ctrl Pts',(-4.18561997177251,-4.1856199717725,32.975));
#8672=CARTESIAN_POINT('Ctrl Pts',(-4.2148723333604,-4.15636761018461,32.975));
#8673=CARTESIAN_POINT('Ctrl Pts',(-4.28038165843558,-4.10490902223848,32.975));
#8674=CARTESIAN_POINT('Ctrl Pts',(-4.43250704256742,-4.03501700099287,32.975));
#8675=CARTESIAN_POINT('Ctrl Pts',(-4.64759002099585,-4.01723724508506,32.975));
#8676=CARTESIAN_POINT('Ctrl Pts',(-4.894330679335,-4.11019040068551,32.975));
#8677=CARTESIAN_POINT('Ctrl Pts',(-5.0822644625,-4.29802136830018,32.975));
#8678=CARTESIAN_POINT('Ctrl Pts',(-5.17507584771986,-4.54479156174164,32.975));
#8679=CARTESIAN_POINT('Ctrl Pts',(-5.15391032190512,-4.80295482618803,32.975));
#8680=CARTESIAN_POINT('Ctrl Pts',(-5.02095016198626,-5.02093948125617,32.975));
#8681=CARTESIAN_POINT('Ctrl Pts',(-4.80296182189519,-5.1539596222241,32.975));
#8682=CARTESIAN_POINT('Ctrl Pts',(-4.54478767295324,-5.17505114333889,32.975));
#8683=CARTESIAN_POINT('Ctrl Pts',(-4.29803450893715,-5.08227343554657,32.975));
#8684=CARTESIAN_POINT('Ctrl Pts',(-4.11017613614183,-4.89432519408338,32.975));
#8685=CARTESIAN_POINT('Ctrl Pts',(-4.01725845348189,-4.64760756224546,32.975));
#8686=CARTESIAN_POINT('Ctrl Pts',(-4.03502137335926,-4.43249922149972,32.975));
#8687=CARTESIAN_POINT('Ctrl Pts',(-4.1048962038016,-4.28038138751496,32.975));
#8688=CARTESIAN_POINT('Ctrl Pts',(-4.15636761018461,-4.2148723333604,32.975));
#8689=CARTESIAN_POINT('Ctrl Pts',(-4.1856199717725,-4.18561997177251,32.975));
#8690=CARTESIAN_POINT('Ctrl Pts',(-4.11847215921157,-4.11847215921157,33.2890864492933));
#8691=CARTESIAN_POINT('Ctrl Pts',(-4.15305494776284,-4.08388937066029,33.2890864492933));
#8692=CARTESIAN_POINT('Ctrl Pts',(-4.23273879073722,-4.0255445799029,33.2902611860432));
#8693=CARTESIAN_POINT('Ctrl Pts',(-4.41839506366454,-3.96113459591152,33.2964554721871));
#8694=CARTESIAN_POINT('Ctrl Pts',(-4.66150717406499,-3.98839899568773,33.3071287855775));
#8695=CARTESIAN_POINT('Ctrl Pts',(-4.8824651702683,-4.14456175260228,33.3096810611801));
#8696=CARTESIAN_POINT('Ctrl Pts',(-5.01186005818808,-4.35062464739011,33.3020865298697));
#8697=CARTESIAN_POINT('Ctrl Pts',(-5.0587718979275,-4.56480470403163,33.2939761912108));
#8698=CARTESIAN_POINT('Ctrl Pts',(-5.02865019666547,-4.76406998286557,33.2898032669011));
#8699=CARTESIAN_POINT('Ctrl Pts',(-4.9259003446205,-4.92590666056914,33.2887329493103));
#8700=CARTESIAN_POINT('Ctrl Pts',(-4.76408169704706,-5.02864094983298,33.2897956660393));
#8701=CARTESIAN_POINT('Ctrl Pts',(-4.5647973917876,-5.05880105934196,33.2939897844402));
#8702=CARTESIAN_POINT('Ctrl Pts',(-4.35064437957396,-5.01178351306342,33.3020620395162));
#8703=CARTESIAN_POINT('Ctrl Pts',(-4.14451212818414,-4.88255308506889,33.309703618037));
#8704=CARTESIAN_POINT('Ctrl Pts',(-3.98857035355149,-4.66143408233148,33.3071274953285));
#8705=CARTESIAN_POINT('Ctrl Pts',(-3.9610884560568,-4.41838272252298,33.2964470663595));
#8706=CARTESIAN_POINT('Ctrl Pts',(-4.02550805730315,-4.23276257167015,33.2902620379378));
#8707=CARTESIAN_POINT('Ctrl Pts',(-4.08388937066029,-4.15305494776284,33.2890864492933));
#8708=CARTESIAN_POINT('Ctrl Pts',(-4.11847215921157,-4.11847215921157,33.2890864492933));
#8709=CARTESIAN_POINT('Ctrl Pts',(-4.05132434665063,-4.05132434665063,33.6031728985865));
#8710=CARTESIAN_POINT('Ctrl Pts',(-4.09123756216528,-4.01141113113598,33.6031728985865));
#8711=CARTESIAN_POINT('Ctrl Pts',(-4.18509592303887,-3.94618013756732,33.6055223720863));
#8712=CARTESIAN_POINT('Ctrl Pts',(-4.40428308476166,-3.88725219083017,33.6179109443741));
#8713=CARTESIAN_POINT('Ctrl Pts',(-4.67542432713413,-3.95956074629041,33.6392575711549));
#8714=CARTESIAN_POINT('Ctrl Pts',(-4.8705996612016,-4.17893310451906,33.6443621223602));
#8715=CARTESIAN_POINT('Ctrl Pts',(-4.94145565387616,-4.40322792648004,33.6291730597395));
#8716=CARTESIAN_POINT('Ctrl Pts',(-4.94246794813515,-4.58481784632163,33.6129523824216));
#8717=CARTESIAN_POINT('Ctrl Pts',(-4.90339007142583,-4.72518513954311,33.6046065338021));
#8718=CARTESIAN_POINT('Ctrl Pts',(-4.83085052725474,-4.83087383988211,33.6024658986206));
#8719=CARTESIAN_POINT('Ctrl Pts',(-4.72520157219894,-4.90332227744185,33.6045913320785));
#8720=CARTESIAN_POINT('Ctrl Pts',(-4.58480711062195,-4.94255097534503,33.6129795688805));
#8721=CARTESIAN_POINT('Ctrl Pts',(-4.40325425021077,-4.94129359058027,33.6291240790324));
#8722=CARTESIAN_POINT('Ctrl Pts',(-4.17884812022646,-4.8707809760544,33.6444072360739));
#8723=CARTESIAN_POINT('Ctrl Pts',(-3.9598822536211,-4.67526060241749,33.6392549906571));
#8724=CARTESIAN_POINT('Ctrl Pts',(-3.88715553875434,-4.40426622354624,33.617894132719));
#8725=CARTESIAN_POINT('Ctrl Pts',(-3.94611991080471,-4.18514375582533,33.6055240758756));
#8726=CARTESIAN_POINT('Ctrl Pts',(-4.01141113113598,-4.09123756216528,33.6031728985865));
#8727=CARTESIAN_POINT('Ctrl Pts',(-4.05132434665063,-4.05132434665063,33.6031728985865));
#8728=CARTESIAN_POINT('Ctrl Pts',(-3.9841765340897,-3.98417653408969,33.9172593478798));
#8729=CARTESIAN_POINT('Ctrl Pts',(-4.02942017656772,-3.93893289161167,33.9172593478798));
#8730=CARTESIAN_POINT('Ctrl Pts',(-4.13745305534051,-3.86681569523173,33.9207835581295));
#8731=CARTESIAN_POINT('Ctrl Pts',(-4.39017110585877,-3.81336978574882,33.9393664165612));
#8732=CARTESIAN_POINT('Ctrl Pts',(-4.68934148020327,-3.93072249689309,33.9713863567324));
#8733=CARTESIAN_POINT('Ctrl Pts',(-4.8587341521349,-4.21330445643584,33.9790431835402));
#8734=CARTESIAN_POINT('Ctrl Pts',(-4.87105124956424,-4.45583120556996,33.9562595896092));
#8735=CARTESIAN_POINT('Ctrl Pts',(-4.8261639983428,-4.60483098861162,33.9319285736325));
#8736=CARTESIAN_POINT('Ctrl Pts',(-4.77812994618618,-4.68630029622064,33.9194098007032));
#8737=CARTESIAN_POINT('Ctrl Pts',(-4.73580070988898,-4.73584101919508,33.9161988479309));
#8738=CARTESIAN_POINT('Ctrl Pts',(-4.6863214473508,-4.77800360505072,33.9193869981178));
#8739=CARTESIAN_POINT('Ctrl Pts',(-4.60481682945632,-4.8263008913481,33.9319693533207));
#8740=CARTESIAN_POINT('Ctrl Pts',(-4.45586412084757,-4.87080366809712,33.9561861185485));
#8741=CARTESIAN_POINT('Ctrl Pts',(-4.21318411226877,-4.85900886703991,33.9791108541109));
#8742=CARTESIAN_POINT('Ctrl Pts',(-3.9311941536907,-4.68908712250351,33.9713824859856));
#8743=CARTESIAN_POINT('Ctrl Pts',(-3.81322262145187,-4.3901497245695,33.9393411990785));
#8744=CARTESIAN_POINT('Ctrl Pts',(-3.86673176430626,-4.13752493998052,33.9207861138134));
#8745=CARTESIAN_POINT('Ctrl Pts',(-3.93893289161167,-4.02942017656772,33.9172593478798));
#8746=CARTESIAN_POINT('Ctrl Pts',(-3.98417653408969,-3.9841765340897,33.9172593478798));
#8747=CARTESIAN_POINT('',(-4.1856199717725,-4.1856199717725,32.975));
#8748=CARTESIAN_POINT('',(-3.98417653408969,-3.98417653408969,33.9172593478798));
#8749=CARTESIAN_POINT('',(-4.1856199717725,-4.1856199717725,32.975));
#8750=CARTESIAN_POINT('',(-4.70000989974076,-3.99230804032129,33.9697364083401));
#8751=CARTESIAN_POINT('Ctrl Pts',(-3.9841765340897,-3.98417653408969,33.9172593478798));
#8752=CARTESIAN_POINT('Ctrl Pts',(-4.02942017656772,-3.93893289161167,33.9172593478798));
#8753=CARTESIAN_POINT('Ctrl Pts',(-4.13745305534051,-3.86681569523173,33.9207835581295));
#8754=CARTESIAN_POINT('Ctrl Pts',(-4.39017110585877,-3.81336978574882,33.9393664165612));
#8755=CARTESIAN_POINT('Ctrl Pts',(-4.59005289538588,-3.89177551011497,33.9607595874458));
#8756=CARTESIAN_POINT('Ctrl Pts',(-4.68681844679237,-3.97906956547599,33.9687256479746));
#8757=CARTESIAN_POINT('Ctrl Pts',(-4.70000989974075,-3.99230804032129,33.9697364083401));
#8758=CARTESIAN_POINT('Ctrl Pts',(-4.70000989974075,-3.99230804032129,33.9697364083401));
#8759=CARTESIAN_POINT('Ctrl Pts',(-4.76427823422411,-4.05680546397402,33.9746608003312));
#8760=CARTESIAN_POINT('Ctrl Pts',(-4.85943335541008,-4.22707194494397,33.9777498298432));
#8761=CARTESIAN_POINT('Ctrl Pts',(-4.87105124956424,-4.45583120556996,33.9562595896092));
#8762=CARTESIAN_POINT('Ctrl Pts',(-4.8261639983428,-4.60483098861162,33.9319285736325));
#8763=CARTESIAN_POINT('Ctrl Pts',(-4.77812994618618,-4.68630029622064,33.9194098007032));
#8764=CARTESIAN_POINT('Ctrl Pts',(-4.73580070988898,-4.73584101919508,33.9161988479309));
#8765=CARTESIAN_POINT('Ctrl Pts',(-4.6863214473508,-4.77800360505072,33.9193869981178));
#8766=CARTESIAN_POINT('Ctrl Pts',(-4.60481682945632,-4.8263008913481,33.9319693533207));
#8767=CARTESIAN_POINT('Ctrl Pts',(-4.45586412084757,-4.87080366809712,33.9561861185485));
#8768=CARTESIAN_POINT('Ctrl Pts',(-4.21318411226877,-4.85900886703991,33.9791108541109));
#8769=CARTESIAN_POINT('Ctrl Pts',(-3.9311941536907,-4.68908712250351,33.9713824859856));
#8770=CARTESIAN_POINT('Ctrl Pts',(-3.81322262145187,-4.3901497245695,33.9393411990785));
#8771=CARTESIAN_POINT('Ctrl Pts',(-3.86673176430626,-4.13752493998052,33.9207861138134));
#8772=CARTESIAN_POINT('Ctrl Pts',(-3.93893289161167,-4.02942017656772,33.9172593478798));
#8773=CARTESIAN_POINT('Ctrl Pts',(-3.98417653408969,-3.9841765340897,33.9172593478798));
#8774=CARTESIAN_POINT('Ctrl Pts',(-4.1856199717725,-4.18561997177251,32.975));
#8775=CARTESIAN_POINT('Ctrl Pts',(-4.15636761018461,-4.2148723333604,32.975));
#8776=CARTESIAN_POINT('Ctrl Pts',(-4.1048962038016,-4.28038138751496,32.975));
#8777=CARTESIAN_POINT('Ctrl Pts',(-4.03502137335926,-4.43249922149972,32.975));
#8778=CARTESIAN_POINT('Ctrl Pts',(-4.01725845348189,-4.64760756224546,32.975));
#8779=CARTESIAN_POINT('Ctrl Pts',(-4.11017613614183,-4.89432519408338,32.975));
#8780=CARTESIAN_POINT('Ctrl Pts',(-4.29803450893715,-5.08227343554657,32.975));
#8781=CARTESIAN_POINT('Ctrl Pts',(-4.54478767295324,-5.17505114333889,32.975));
#8782=CARTESIAN_POINT('Ctrl Pts',(-4.80296182189519,-5.1539596222241,32.975));
#8783=CARTESIAN_POINT('Ctrl Pts',(-5.02095016198626,-5.02093948125617,32.975));
#8784=CARTESIAN_POINT('Ctrl Pts',(-5.15391032190512,-4.80295482618803,32.975));
#8785=CARTESIAN_POINT('Ctrl Pts',(-5.17507584771986,-4.54479156174164,32.975));
#8786=CARTESIAN_POINT('Ctrl Pts',(-5.0822644625,-4.29802136830018,32.975));
#8787=CARTESIAN_POINT('Ctrl Pts',(-4.894330679335,-4.11019040068551,32.975));
#8788=CARTESIAN_POINT('Ctrl Pts',(-4.64759002099585,-4.01723724508506,32.975));
#8789=CARTESIAN_POINT('Ctrl Pts',(-4.43250704256742,-4.03501700099287,32.975));
#8790=CARTESIAN_POINT('Ctrl Pts',(-4.28038165843558,-4.10490902223848,32.975));
#8791=CARTESIAN_POINT('Ctrl Pts',(-4.2148723333604,-4.15636761018461,32.975));
#8792=CARTESIAN_POINT('Ctrl Pts',(-4.18561997177251,-4.1856199717725,32.975));
#8793=CARTESIAN_POINT('Origin',(-3.79323519794066,-3.79323519794066,36.1700988972043));
#8794=CARTESIAN_POINT('',(-3.9551549789921,-3.9551549789921,34.0327406521202));
#8795=CARTESIAN_POINT('',(-4.69716740101101,-3.98979822251354,33.9802332431855));
#8796=CARTESIAN_POINT('Ctrl Pts',(-3.9551549789921,-3.9551549789921,34.0327406521202));
#8797=CARTESIAN_POINT('Ctrl Pts',(-3.93221151577765,-3.97809844220655,34.0327406521202));
#8798=CARTESIAN_POINT('Ctrl Pts',(-3.90390885351349,-4.01165352446615,34.0295216070122));
#8799=CARTESIAN_POINT('Ctrl Pts',(-3.85589346313976,-4.10965457276639,34.014013643884));
#8800=CARTESIAN_POINT('Ctrl Pts',(-3.81869849595916,-4.23424591583249,33.9936914516486));
#8801=CARTESIAN_POINT('Ctrl Pts',(-3.83066922697107,-4.4760329927267,33.9708639439409));
#8802=CARTESIAN_POINT('Ctrl Pts',(-4.00065256164188,-4.75871605567899,33.97860472296));
#8803=CARTESIAN_POINT('Ctrl Pts',(-4.35985447751819,-4.90060510992723,34.0172807644801));
#8804=CARTESIAN_POINT('Ctrl Pts',(-4.74347816156202,-4.74361949703861,34.0405865587082));
#8805=CARTESIAN_POINT('Ctrl Pts',(-4.90132030453689,-4.3596951252319,34.0173446243947));
#8806=CARTESIAN_POINT('Ctrl Pts',(-4.7978902222672,-4.09978310789701,33.9892423126813));
#8807=CARTESIAN_POINT('Ctrl Pts',(-4.71042033746823,-4.00299223762729,33.9812462559332));
#8808=CARTESIAN_POINT('Ctrl Pts',(-4.69716740101101,-3.98979822251354,33.9802332431855));
#8809=CARTESIAN_POINT('Ctrl Pts',(-4.69716740101101,-3.98979822251354,33.9802332431855));
#8810=CARTESIAN_POINT('Ctrl Pts',(-4.63259952104679,-3.9255174054387,33.9752978776758));
#8811=CARTESIAN_POINT('Ctrl Pts',(-4.46275998852168,-3.83039349895899,33.9722952325345));
#8812=CARTESIAN_POINT('Ctrl Pts',(-4.23412973979285,-3.8185185240147,33.9936555496374));
#8813=CARTESIAN_POINT('Ctrl Pts',(-4.08490311446563,-3.86384082617716,34.0181722864461));
#8814=CARTESIAN_POINT('Ctrl Pts',(-4.00344919935232,-3.9115501800139,34.0305625721068));
#8815=CARTESIAN_POINT('Ctrl Pts',(-3.97045062113507,-3.93985933684914,34.0327406521202));
#8816=CARTESIAN_POINT('Ctrl Pts',(-3.9551549789921,-3.9551549789921,34.0327406521202));
#8817=CARTESIAN_POINT('',(-4.14678858853394,-3.43968180734739,36.1700988972043));
#8818=CARTESIAN_POINT('Ctrl Pts',(-3.68300086319064,-3.68300086319064,34.975));
#8819=CARTESIAN_POINT('Ctrl Pts',(-3.59524377842694,-3.77075794795433,34.975));
#8820=CARTESIAN_POINT('Ctrl Pts',(-3.52229425088995,-3.93066186051476,34.975));
#8821=CARTESIAN_POINT('Ctrl Pts',(-3.53037672643442,-4.18618309609706,34.975));
#8822=CARTESIAN_POINT('Ctrl Pts',(-3.60747436168331,-4.39166227087265,34.975));
#8823=CARTESIAN_POINT('Ctrl Pts',(-3.79545863796704,-4.57969491279643,34.975));
#8824=CARTESIAN_POINT('Ctrl Pts',(-4.04215437073931,-4.67245343342985,34.975));
#8825=CARTESIAN_POINT('Ctrl Pts',(-4.30032869295062,-4.65125310787218,34.975));
#8826=CARTESIAN_POINT('Ctrl Pts',(-4.51834393791926,-4.51834986384064,34.975));
#8827=CARTESIAN_POINT('Ctrl Pts',(-4.65131401080421,-4.30033648938582,34.975));
#8828=CARTESIAN_POINT('Ctrl Pts',(-4.6724836016458,-4.04215983254895,34.975));
#8829=CARTESIAN_POINT('Ctrl Pts',(-4.57962092082427,-3.79542050128087,34.975));
#8830=CARTESIAN_POINT('Ctrl Pts',(-4.39169367023151,-3.60757564223377,34.975));
#8831=CARTESIAN_POINT('Ctrl Pts',(-4.14501130353984,-3.51460994161107,34.975));
#8832=CARTESIAN_POINT('Ctrl Pts',(-3.88681463040417,-3.53593233705348,34.975));
#8833=CARTESIAN_POINT('Ctrl Pts',(-3.74150558636643,-3.62449614001484,34.975));
#8834=CARTESIAN_POINT('Ctrl Pts',(-3.68300086319064,-3.68300086319064,34.975));
#8835=CARTESIAN_POINT('Ctrl Pts',(-3.77371890179112,-3.77371890179113,34.6609135507067));
#8836=CARTESIAN_POINT('Ctrl Pts',(-3.70756635754385,-3.83987144603841,34.6609135507067));
#8837=CARTESIAN_POINT('Ctrl Pts',(-3.64949911843113,-3.95765908183189,34.6598405356707));
#8838=CARTESIAN_POINT('Ctrl Pts',(-3.6388823053362,-4.16067358832017,34.654671214628));
#8839=CARTESIAN_POINT('Ctrl Pts',(-3.67788240644193,-4.33919015252593,34.6478971505495));
#8840=CARTESIAN_POINT('Ctrl Pts',(-3.80719550096839,-4.54514093943985,34.6402879813136));
#8841=CARTESIAN_POINT('Ctrl Pts',(-4.0283204343735,-4.70120764084623,34.6428682409867));
#8842=CARTESIAN_POINT('Ctrl Pts',(-4.32017062113981,-4.73437044189053,34.6557602548267));
#8843=CARTESIAN_POINT('Ctrl Pts',(-4.59338867913351,-4.5934397415733,34.6635288529027));
#8844=CARTESIAN_POINT('Ctrl Pts',(-4.73464944204844,-4.32012270133451,34.6557815414649));
#8845=CARTESIAN_POINT('Ctrl Pts',(-4.70110547326794,-4.028246399859,34.6428329614725));
#8846=CARTESIAN_POINT('Ctrl Pts',(-4.54525385145093,-3.80731639225653,34.6403365660125));
#8847=CARTESIAN_POINT('Ctrl Pts',(-4.33917236008529,-3.67788993616075,34.6478851832125));
#8848=CARTESIAN_POINT('Ctrl Pts',(-4.1249752405151,-3.63102023646643,34.6560574288154));
#8849=CARTESIAN_POINT('Ctrl Pts',(-3.92569282005355,-3.66113828470695,34.6601875240356));
#8850=CARTESIAN_POINT('Ctrl Pts',(-3.81782059795598,-3.72961720562627,34.6609135507067));
#8851=CARTESIAN_POINT('Ctrl Pts',(-3.77371890179113,-3.77371890179113,34.6609135507067));
#8852=CARTESIAN_POINT('Ctrl Pts',(-3.86443694039161,-3.86443694039161,34.3468271014135));
#8853=CARTESIAN_POINT('Ctrl Pts',(-3.81988893666075,-3.90898494412248,34.3468271014135));
#8854=CARTESIAN_POINT('Ctrl Pts',(-3.77670398597231,-3.98465630314902,34.3446810713415));
#8855=CARTESIAN_POINT('Ctrl Pts',(-3.74738788423798,-4.13516408054328,34.334342429256));
#8856=CARTESIAN_POINT('Ctrl Pts',(-3.74829045120055,-4.28671803417921,34.3207943010991));
#8857=CARTESIAN_POINT('Ctrl Pts',(-3.81893236396973,-4.51058696608328,34.3055759626273));
#8858=CARTESIAN_POINT('Ctrl Pts',(-4.01448649800769,-4.72996184826261,34.3107364819733));
#8859=CARTESIAN_POINT('Ctrl Pts',(-4.340012549329,-4.81748777590888,34.3365205096534));
#8860=CARTESIAN_POINT('Ctrl Pts',(-4.66843342034776,-4.66852961930596,34.3520577058054));
#8861=CARTESIAN_POINT('Ctrl Pts',(-4.81798487329266,-4.3399089132832,34.3365630829298));
#8862=CARTESIAN_POINT('Ctrl Pts',(-4.72972734489009,-4.01433296716906,34.310665922945));
#8863=CARTESIAN_POINT('Ctrl Pts',(-4.51088678207759,-3.81921228323219,34.305673132025));
#8864=CARTESIAN_POINT('Ctrl Pts',(-4.28665104993907,-3.74820423008773,34.320770366425));
#8865=CARTESIAN_POINT('Ctrl Pts',(-4.10493917749036,-3.74743053132179,34.3371148576308));
#8866=CARTESIAN_POINT('Ctrl Pts',(-3.96457100970294,-3.78634423236043,34.3453750480712));
#8867=CARTESIAN_POINT('Ctrl Pts',(-3.89413560954552,-3.8347382712377,34.3468271014135));
#8868=CARTESIAN_POINT('Ctrl Pts',(-3.86443694039161,-3.86443694039161,34.3468271014135));
#8869=CARTESIAN_POINT('Ctrl Pts',(-3.9551549789921,-3.9551549789921,34.0327406521202));
#8870=CARTESIAN_POINT('Ctrl Pts',(-3.93221151577765,-3.97809844220655,34.0327406521202));
#8871=CARTESIAN_POINT('Ctrl Pts',(-3.90390885351349,-4.01165352446615,34.0295216070122));
#8872=CARTESIAN_POINT('Ctrl Pts',(-3.85589346313976,-4.10965457276639,34.014013643884));
#8873=CARTESIAN_POINT('Ctrl Pts',(-3.81869849595916,-4.23424591583249,33.9936914516486));
#8874=CARTESIAN_POINT('Ctrl Pts',(-3.83066922697107,-4.4760329927267,33.9708639439409));
#8875=CARTESIAN_POINT('Ctrl Pts',(-4.00065256164188,-4.75871605567899,33.97860472296));
#8876=CARTESIAN_POINT('Ctrl Pts',(-4.35985447751819,-4.90060510992723,34.0172807644801));
#8877=CARTESIAN_POINT('Ctrl Pts',(-4.74347816156202,-4.74361949703861,34.0405865587082));
#8878=CARTESIAN_POINT('Ctrl Pts',(-4.90132030453689,-4.3596951252319,34.0173446243947));
#8879=CARTESIAN_POINT('Ctrl Pts',(-4.75834921651223,-4.0004195344791,33.9784988844175));
#8880=CARTESIAN_POINT('Ctrl Pts',(-4.47651971270424,-3.83110817420785,33.9710096980375));
#8881=CARTESIAN_POINT('Ctrl Pts',(-4.23412973979285,-3.8185185240147,33.9936555496374));
#8882=CARTESIAN_POINT('Ctrl Pts',(-4.08490311446563,-3.86384082617716,34.0181722864461));
#8883=CARTESIAN_POINT('Ctrl Pts',(-4.00344919935232,-3.9115501800139,34.0305625721068));
#8884=CARTESIAN_POINT('Ctrl Pts',(-3.97045062113507,-3.93985933684914,34.0327406521202));
#8885=CARTESIAN_POINT('Ctrl Pts',(-3.9551549789921,-3.9551549789921,34.0327406521202));
#8886=CARTESIAN_POINT('',(-3.68300086319064,-3.68300086319064,34.975));
#8887=CARTESIAN_POINT('',(-3.68300086319064,-3.68300086319064,34.975));
#8888=CARTESIAN_POINT('Ctrl Pts',(-3.68300086319064,-3.68300086319064,34.975));
#8889=CARTESIAN_POINT('Ctrl Pts',(-3.74150558636643,-3.62449614001484,34.975));
#8890=CARTESIAN_POINT('Ctrl Pts',(-3.88681463040417,-3.53593233705348,34.975));
#8891=CARTESIAN_POINT('Ctrl Pts',(-4.14501130353984,-3.51460994161107,34.975));
#8892=CARTESIAN_POINT('Ctrl Pts',(-4.39169367023151,-3.60757564223377,34.975));
#8893=CARTESIAN_POINT('Ctrl Pts',(-4.57962092082427,-3.79542050128087,34.975));
#8894=CARTESIAN_POINT('Ctrl Pts',(-4.6724836016458,-4.04215983254895,34.975));
#8895=CARTESIAN_POINT('Ctrl Pts',(-4.65131401080421,-4.30033648938582,34.975));
#8896=CARTESIAN_POINT('Ctrl Pts',(-4.51834393791926,-4.51834986384064,34.975));
#8897=CARTESIAN_POINT('Ctrl Pts',(-4.30032869295062,-4.65125310787218,34.975));
#8898=CARTESIAN_POINT('Ctrl Pts',(-4.04215437073931,-4.67245343342985,34.975));
#8899=CARTESIAN_POINT('Ctrl Pts',(-3.79545863796704,-4.57969491279643,34.975));
#8900=CARTESIAN_POINT('Ctrl Pts',(-3.60747436168331,-4.39166227087265,34.975));
#8901=CARTESIAN_POINT('Ctrl Pts',(-3.53037672643442,-4.18618309609706,34.975));
#8902=CARTESIAN_POINT('Ctrl Pts',(-3.52229425088995,-3.93066186051476,34.975));
#8903=CARTESIAN_POINT('Ctrl Pts',(-3.59524377842694,-3.77075794795433,34.975));
#8904=CARTESIAN_POINT('Ctrl Pts',(-3.68300086319064,-3.68300086319064,34.975));
#8905=CARTESIAN_POINT('Ctrl Pts',(4.18561997177251,4.1856199717725,32.975));
#8906=CARTESIAN_POINT('Ctrl Pts',(4.2148723333604,4.15636761018461,32.975));
#8907=CARTESIAN_POINT('Ctrl Pts',(4.28038165843558,4.10490902223848,32.975));
#8908=CARTESIAN_POINT('Ctrl Pts',(4.43250704256742,4.03501700099287,32.975));
#8909=CARTESIAN_POINT('Ctrl Pts',(4.64759002099585,4.01723724508505,32.975));
#8910=CARTESIAN_POINT('Ctrl Pts',(4.894330679335,4.11019040068551,32.975));
#8911=CARTESIAN_POINT('Ctrl Pts',(5.0822644625,4.29802136830018,32.975));
#8912=CARTESIAN_POINT('Ctrl Pts',(5.17507584771986,4.54479156174164,32.975));
#8913=CARTESIAN_POINT('Ctrl Pts',(5.15391032190512,4.80295482618803,32.975));
#8914=CARTESIAN_POINT('Ctrl Pts',(5.02095016198626,5.02093948125618,32.975));
#8915=CARTESIAN_POINT('Ctrl Pts',(4.8029618218952,5.1539596222241,32.975));
#8916=CARTESIAN_POINT('Ctrl Pts',(4.54478767295324,5.17505114333889,32.975));
#8917=CARTESIAN_POINT('Ctrl Pts',(4.29803450893715,5.08227343554657,32.975));
#8918=CARTESIAN_POINT('Ctrl Pts',(4.11017613614183,4.89432519408338,32.975));
#8919=CARTESIAN_POINT('Ctrl Pts',(4.01725845348189,4.64760756224546,32.975));
#8920=CARTESIAN_POINT('Ctrl Pts',(4.03502137335926,4.43249922149972,32.975));
#8921=CARTESIAN_POINT('Ctrl Pts',(4.1048962038016,4.28038138751496,32.975));
#8922=CARTESIAN_POINT('Ctrl Pts',(4.15636761018461,4.2148723333604,32.975));
#8923=CARTESIAN_POINT('Ctrl Pts',(4.18561997177251,4.1856199717725,32.975));
#8924=CARTESIAN_POINT('Ctrl Pts',(4.11847215921157,4.11847215921157,33.2890864492933));
#8925=CARTESIAN_POINT('Ctrl Pts',(4.15305494776284,4.08388937066029,33.2890864492933));
#8926=CARTESIAN_POINT('Ctrl Pts',(4.23273879073722,4.0255445799029,33.2902611860431));
#8927=CARTESIAN_POINT('Ctrl Pts',(4.41839506366454,3.96113459591152,33.2964554721871));
#8928=CARTESIAN_POINT('Ctrl Pts',(4.66150717406499,3.98839899568773,33.3071287855774));
#8929=CARTESIAN_POINT('Ctrl Pts',(4.8824651702683,4.14456175260228,33.3096810611801));
#8930=CARTESIAN_POINT('Ctrl Pts',(5.01186005818808,4.3506246473901,33.3020865298697));
#8931=CARTESIAN_POINT('Ctrl Pts',(5.0587718979275,4.56480470403164,33.2939761912108));
#8932=CARTESIAN_POINT('Ctrl Pts',(5.02865019666547,4.76406998286556,33.289803266901));
#8933=CARTESIAN_POINT('Ctrl Pts',(4.9259003446205,4.92590666056914,33.2887329493103));
#8934=CARTESIAN_POINT('Ctrl Pts',(4.76408169704706,5.02864094983297,33.2897956660392));
#8935=CARTESIAN_POINT('Ctrl Pts',(4.5647973917876,5.05880105934196,33.2939897844402));
#8936=CARTESIAN_POINT('Ctrl Pts',(4.35064437957396,5.01178351306342,33.3020620395162));
#8937=CARTESIAN_POINT('Ctrl Pts',(4.14451212818415,4.88255308506889,33.3097036180369));
#8938=CARTESIAN_POINT('Ctrl Pts',(3.98857035355149,4.66143408233148,33.3071274953285));
#8939=CARTESIAN_POINT('Ctrl Pts',(3.9610884560568,4.41838272252298,33.2964470663595));
#8940=CARTESIAN_POINT('Ctrl Pts',(4.02550805730315,4.23276257167015,33.2902620379378));
#8941=CARTESIAN_POINT('Ctrl Pts',(4.0838893706603,4.15305494776284,33.2890864492933));
#8942=CARTESIAN_POINT('Ctrl Pts',(4.11847215921157,4.11847215921157,33.2890864492933));
#8943=CARTESIAN_POINT('Ctrl Pts',(4.05132434665063,4.05132434665063,33.6031728985865));
#8944=CARTESIAN_POINT('Ctrl Pts',(4.09123756216528,4.01141113113598,33.6031728985865));
#8945=CARTESIAN_POINT('Ctrl Pts',(4.18509592303887,3.94618013756731,33.6055223720863));
#8946=CARTESIAN_POINT('Ctrl Pts',(4.40428308476166,3.88725219083017,33.6179109443741));
#8947=CARTESIAN_POINT('Ctrl Pts',(4.67542432713413,3.95956074629041,33.6392575711549));
#8948=CARTESIAN_POINT('Ctrl Pts',(4.8705996612016,4.17893310451906,33.6443621223602));
#8949=CARTESIAN_POINT('Ctrl Pts',(4.94145565387616,4.40322792648004,33.6291730597395));
#8950=CARTESIAN_POINT('Ctrl Pts',(4.94246794813515,4.58481784632163,33.6129523824216));
#8951=CARTESIAN_POINT('Ctrl Pts',(4.90339007142583,4.7251851395431,33.6046065338021));
#8952=CARTESIAN_POINT('Ctrl Pts',(4.83085052725474,4.83087383988211,33.6024658986206));
#8953=CARTESIAN_POINT('Ctrl Pts',(4.72520157219894,4.90332227744185,33.6045913320785));
#8954=CARTESIAN_POINT('Ctrl Pts',(4.58480711062196,4.94255097534503,33.6129795688805));
#8955=CARTESIAN_POINT('Ctrl Pts',(4.40325425021077,4.94129359058027,33.6291240790324));
#8956=CARTESIAN_POINT('Ctrl Pts',(4.17884812022646,4.8707809760544,33.6444072360739));
#8957=CARTESIAN_POINT('Ctrl Pts',(3.9598822536211,4.67526060241749,33.6392549906571));
#8958=CARTESIAN_POINT('Ctrl Pts',(3.88715553875433,4.40426622354624,33.6178941327189));
#8959=CARTESIAN_POINT('Ctrl Pts',(3.94611991080471,4.18514375582533,33.6055240758756));
#8960=CARTESIAN_POINT('Ctrl Pts',(4.01141113113599,4.09123756216528,33.6031728985865));
#8961=CARTESIAN_POINT('Ctrl Pts',(4.05132434665063,4.05132434665063,33.6031728985865));
#8962=CARTESIAN_POINT('Ctrl Pts',(3.9841765340897,3.98417653408969,33.9172593478798));
#8963=CARTESIAN_POINT('Ctrl Pts',(4.02942017656772,3.93893289161167,33.9172593478798));
#8964=CARTESIAN_POINT('Ctrl Pts',(4.13745305534051,3.86681569523173,33.9207835581294));
#8965=CARTESIAN_POINT('Ctrl Pts',(4.39017110585877,3.81336978574882,33.9393664165612));
#8966=CARTESIAN_POINT('Ctrl Pts',(4.68934148020327,3.93072249689309,33.9713863567324));
#8967=CARTESIAN_POINT('Ctrl Pts',(4.8587341521349,4.21330445643583,33.9790431835402));
#8968=CARTESIAN_POINT('Ctrl Pts',(4.87105124956424,4.45583120556996,33.9562595896092));
#8969=CARTESIAN_POINT('Ctrl Pts',(4.8261639983428,4.60483098861162,33.9319285736325));
#8970=CARTESIAN_POINT('Ctrl Pts',(4.77812994618618,4.68630029622064,33.9194098007032));
#8971=CARTESIAN_POINT('Ctrl Pts',(4.73580070988898,4.73584101919509,33.9161988479309));
#8972=CARTESIAN_POINT('Ctrl Pts',(4.68632144735081,4.77800360505072,33.9193869981178));
#8973=CARTESIAN_POINT('Ctrl Pts',(4.60481682945632,4.82630089134811,33.9319693533207));
#8974=CARTESIAN_POINT('Ctrl Pts',(4.45586412084757,4.87080366809712,33.9561861185485));
#8975=CARTESIAN_POINT('Ctrl Pts',(4.21318411226877,4.85900886703991,33.9791108541109));
#8976=CARTESIAN_POINT('Ctrl Pts',(3.9311941536907,4.68908712250351,33.9713824859856));
#8977=CARTESIAN_POINT('Ctrl Pts',(3.81322262145187,4.3901497245695,33.9393411990784));
#8978=CARTESIAN_POINT('Ctrl Pts',(3.86673176430627,4.13752493998052,33.9207861138134));
#8979=CARTESIAN_POINT('Ctrl Pts',(3.93893289161167,4.02942017656772,33.9172593478798));
#8980=CARTESIAN_POINT('Ctrl Pts',(3.9841765340897,3.98417653408969,33.9172593478798));
#8981=CARTESIAN_POINT('',(4.18561997177251,4.1856199717725,32.975));
#8982=CARTESIAN_POINT('',(3.9841765340897,3.98417653408969,33.9172593478798));
#8983=CARTESIAN_POINT('',(4.18561997177251,4.1856199717725,32.975));
#8984=CARTESIAN_POINT('',(4.70000989974075,3.99230804032129,33.96973640834));
#8985=CARTESIAN_POINT('Ctrl Pts',(3.9841765340897,3.98417653408969,33.9172593478798));
#8986=CARTESIAN_POINT('Ctrl Pts',(4.02942017656772,3.93893289161167,33.9172593478798));
#8987=CARTESIAN_POINT('Ctrl Pts',(4.13745305534051,3.86681569523173,33.9207835581294));
#8988=CARTESIAN_POINT('Ctrl Pts',(4.39017110585877,3.81336978574882,33.9393664165612));
#8989=CARTESIAN_POINT('Ctrl Pts',(4.59005289538588,3.89177551011497,33.9607595874458));
#8990=CARTESIAN_POINT('Ctrl Pts',(4.68681844679237,3.97906956547599,33.9687256479746));
#8991=CARTESIAN_POINT('Ctrl Pts',(4.70000989974075,3.99230804032129,33.96973640834));
#8992=CARTESIAN_POINT('Ctrl Pts',(4.70000989974075,3.99230804032129,33.96973640834));
#8993=CARTESIAN_POINT('Ctrl Pts',(4.7642782342241,4.05680546397401,33.9746608003312));
#8994=CARTESIAN_POINT('Ctrl Pts',(4.85943335541008,4.22707194494397,33.9777498298432));
#8995=CARTESIAN_POINT('Ctrl Pts',(4.87105124956424,4.45583120556996,33.9562595896092));
#8996=CARTESIAN_POINT('Ctrl Pts',(4.8261639983428,4.60483098861162,33.9319285736325));
#8997=CARTESIAN_POINT('Ctrl Pts',(4.77812994618618,4.68630029622064,33.9194098007032));
#8998=CARTESIAN_POINT('Ctrl Pts',(4.73580070988898,4.73584101919509,33.9161988479309));
#8999=CARTESIAN_POINT('Ctrl Pts',(4.68632144735081,4.77800360505072,33.9193869981178));
#9000=CARTESIAN_POINT('Ctrl Pts',(4.60481682945632,4.82630089134811,33.9319693533207));
#9001=CARTESIAN_POINT('Ctrl Pts',(4.45586412084757,4.87080366809712,33.9561861185485));
#9002=CARTESIAN_POINT('Ctrl Pts',(4.21318411226877,4.85900886703991,33.9791108541109));
#9003=CARTESIAN_POINT('Ctrl Pts',(3.9311941536907,4.68908712250351,33.9713824859856));
#9004=CARTESIAN_POINT('Ctrl Pts',(3.81322262145187,4.3901497245695,33.9393411990784));
#9005=CARTESIAN_POINT('Ctrl Pts',(3.86673176430627,4.13752493998052,33.9207861138134));
#9006=CARTESIAN_POINT('Ctrl Pts',(3.93893289161167,4.02942017656772,33.9172593478798));
#9007=CARTESIAN_POINT('Ctrl Pts',(3.9841765340897,3.98417653408969,33.9172593478798));
#9008=CARTESIAN_POINT('Ctrl Pts',(4.18561997177251,4.1856199717725,32.975));
#9009=CARTESIAN_POINT('Ctrl Pts',(4.15636761018461,4.2148723333604,32.975));
#9010=CARTESIAN_POINT('Ctrl Pts',(4.1048962038016,4.28038138751496,32.975));
#9011=CARTESIAN_POINT('Ctrl Pts',(4.03502137335926,4.43249922149972,32.975));
#9012=CARTESIAN_POINT('Ctrl Pts',(4.01725845348189,4.64760756224546,32.975));
#9013=CARTESIAN_POINT('Ctrl Pts',(4.11017613614183,4.89432519408338,32.975));
#9014=CARTESIAN_POINT('Ctrl Pts',(4.29803450893715,5.08227343554657,32.975));
#9015=CARTESIAN_POINT('Ctrl Pts',(4.54478767295324,5.17505114333889,32.975));
#9016=CARTESIAN_POINT('Ctrl Pts',(4.8029618218952,5.1539596222241,32.975));
#9017=CARTESIAN_POINT('Ctrl Pts',(5.02095016198626,5.02093948125618,32.975));
#9018=CARTESIAN_POINT('Ctrl Pts',(5.15391032190512,4.80295482618803,32.975));
#9019=CARTESIAN_POINT('Ctrl Pts',(5.17507584771986,4.54479156174164,32.975));
#9020=CARTESIAN_POINT('Ctrl Pts',(5.0822644625,4.29802136830018,32.975));
#9021=CARTESIAN_POINT('Ctrl Pts',(4.894330679335,4.11019040068551,32.975));
#9022=CARTESIAN_POINT('Ctrl Pts',(4.64759002099585,4.01723724508505,32.975));
#9023=CARTESIAN_POINT('Ctrl Pts',(4.43250704256742,4.03501700099287,32.975));
#9024=CARTESIAN_POINT('Ctrl Pts',(4.28038165843558,4.10490902223848,32.975));
#9025=CARTESIAN_POINT('Ctrl Pts',(4.2148723333604,4.15636761018461,32.975));
#9026=CARTESIAN_POINT('Ctrl Pts',(4.18561997177251,4.1856199717725,32.975));
#9027=CARTESIAN_POINT('Origin',(3.79323519794066,3.79323519794066,36.1700988972043));
#9028=CARTESIAN_POINT('',(3.9551549789921,3.9551549789921,34.0327406521202));
#9029=CARTESIAN_POINT('',(4.69716740101101,3.98979822251354,33.9802332431855));
#9030=CARTESIAN_POINT('Ctrl Pts',(3.9551549789921,3.9551549789921,34.0327406521202));
#9031=CARTESIAN_POINT('Ctrl Pts',(3.93221151577765,3.97809844220655,34.0327406521202));
#9032=CARTESIAN_POINT('Ctrl Pts',(3.90390885351349,4.01165352446615,34.0295216070122));
#9033=CARTESIAN_POINT('Ctrl Pts',(3.85589346313976,4.10965457276639,34.014013643884));
#9034=CARTESIAN_POINT('Ctrl Pts',(3.81869849595916,4.23424591583249,33.9936914516486));
#9035=CARTESIAN_POINT('Ctrl Pts',(3.83066922697108,4.4760329927267,33.9708639439409));
#9036=CARTESIAN_POINT('Ctrl Pts',(4.00065256164188,4.75871605567899,33.9786047229599));
#9037=CARTESIAN_POINT('Ctrl Pts',(4.35985447751819,4.90060510992723,34.0172807644801));
#9038=CARTESIAN_POINT('Ctrl Pts',(4.74347816156202,4.74361949703861,34.0405865587082));
#9039=CARTESIAN_POINT('Ctrl Pts',(4.90132030453689,4.3596951252319,34.0173446243947));
#9040=CARTESIAN_POINT('Ctrl Pts',(4.7978902222672,4.09978310789701,33.9892423126813));
#9041=CARTESIAN_POINT('Ctrl Pts',(4.71042033746824,4.00299223762729,33.9812462559332));
#9042=CARTESIAN_POINT('Ctrl Pts',(4.69716740101101,3.98979822251354,33.9802332431855));
#9043=CARTESIAN_POINT('Ctrl Pts',(4.69716740101101,3.98979822251354,33.9802332431855));
#9044=CARTESIAN_POINT('Ctrl Pts',(4.63259952104679,3.9255174054387,33.9752978776758));
#9045=CARTESIAN_POINT('Ctrl Pts',(4.46275998852168,3.83039349895899,33.9722952325345));
#9046=CARTESIAN_POINT('Ctrl Pts',(4.23412973979285,3.8185185240147,33.9936555496374));
#9047=CARTESIAN_POINT('Ctrl Pts',(4.08490311446563,3.86384082617715,34.0181722864461));
#9048=CARTESIAN_POINT('Ctrl Pts',(4.00344919935232,3.9115501800139,34.0305625721068));
#9049=CARTESIAN_POINT('Ctrl Pts',(3.97045062113507,3.93985933684914,34.0327406521202));
#9050=CARTESIAN_POINT('Ctrl Pts',(3.9551549789921,3.9551549789921,34.0327406521202));
#9051=CARTESIAN_POINT('',(4.14678858853394,3.43968180734739,36.1700988972043));
#9052=CARTESIAN_POINT('Ctrl Pts',(3.68300086319064,3.68300086319064,34.975));
#9053=CARTESIAN_POINT('Ctrl Pts',(3.59524377842694,3.77075794795433,34.975));
#9054=CARTESIAN_POINT('Ctrl Pts',(3.52229425088995,3.93066186051476,34.975));
#9055=CARTESIAN_POINT('Ctrl Pts',(3.53037672643442,4.18618309609706,34.975));
#9056=CARTESIAN_POINT('Ctrl Pts',(3.60747436168331,4.39166227087265,34.975));
#9057=CARTESIAN_POINT('Ctrl Pts',(3.79545863796704,4.57969491279642,34.975));
#9058=CARTESIAN_POINT('Ctrl Pts',(4.04215437073931,4.67245343342985,34.975));
#9059=CARTESIAN_POINT('Ctrl Pts',(4.30032869295062,4.65125310787218,34.975));
#9060=CARTESIAN_POINT('Ctrl Pts',(4.51834393791925,4.51834986384064,34.975));
#9061=CARTESIAN_POINT('Ctrl Pts',(4.65131401080421,4.30033648938582,34.975));
#9062=CARTESIAN_POINT('Ctrl Pts',(4.6724836016458,4.04215983254895,34.975));
#9063=CARTESIAN_POINT('Ctrl Pts',(4.57962092082428,3.79542050128087,34.975));
#9064=CARTESIAN_POINT('Ctrl Pts',(4.39169367023151,3.60757564223377,34.975));
#9065=CARTESIAN_POINT('Ctrl Pts',(4.14501130353984,3.51460994161106,34.975));
#9066=CARTESIAN_POINT('Ctrl Pts',(3.88681463040417,3.53593233705348,34.975));
#9067=CARTESIAN_POINT('Ctrl Pts',(3.74150558636643,3.62449614001484,34.975));
#9068=CARTESIAN_POINT('Ctrl Pts',(3.68300086319064,3.68300086319064,34.975));
#9069=CARTESIAN_POINT('Ctrl Pts',(3.77371890179113,3.77371890179113,34.6609135507067));
#9070=CARTESIAN_POINT('Ctrl Pts',(3.70756635754385,3.8398714460384,34.6609135507067));
#9071=CARTESIAN_POINT('Ctrl Pts',(3.64949911843113,3.95765908183189,34.6598405356707));
#9072=CARTESIAN_POINT('Ctrl Pts',(3.6388823053362,4.16067358832017,34.654671214628));
#9073=CARTESIAN_POINT('Ctrl Pts',(3.67788240644193,4.33919015252593,34.6478971505495));
#9074=CARTESIAN_POINT('Ctrl Pts',(3.80719550096839,4.54514093943985,34.6402879813136));
#9075=CARTESIAN_POINT('Ctrl Pts',(4.0283204343735,4.70120764084623,34.6428682409866));
#9076=CARTESIAN_POINT('Ctrl Pts',(4.32017062113981,4.73437044189053,34.6557602548267));
#9077=CARTESIAN_POINT('Ctrl Pts',(4.59338867913351,4.5934397415733,34.6635288529027));
#9078=CARTESIAN_POINT('Ctrl Pts',(4.73464944204844,4.32012270133451,34.6557815414649));
#9079=CARTESIAN_POINT('Ctrl Pts',(4.70110547326794,4.028246399859,34.6428329614725));
#9080=CARTESIAN_POINT('Ctrl Pts',(4.54525385145093,3.80731639225653,34.6403365660125));
#9081=CARTESIAN_POINT('Ctrl Pts',(4.33917236008529,3.67788993616075,34.6478851832125));
#9082=CARTESIAN_POINT('Ctrl Pts',(4.1249752405151,3.63102023646643,34.6560574288154));
#9083=CARTESIAN_POINT('Ctrl Pts',(3.92569282005356,3.66113828470695,34.6601875240356));
#9084=CARTESIAN_POINT('Ctrl Pts',(3.81782059795598,3.72961720562627,34.6609135507067));
#9085=CARTESIAN_POINT('Ctrl Pts',(3.77371890179113,3.77371890179112,34.6609135507067));
#9086=CARTESIAN_POINT('Ctrl Pts',(3.86443694039161,3.86443694039161,34.3468271014135));
#9087=CARTESIAN_POINT('Ctrl Pts',(3.81988893666075,3.90898494412248,34.3468271014135));
#9088=CARTESIAN_POINT('Ctrl Pts',(3.77670398597231,3.98465630314902,34.3446810713415));
#9089=CARTESIAN_POINT('Ctrl Pts',(3.74738788423798,4.13516408054328,34.334342429256));
#9090=CARTESIAN_POINT('Ctrl Pts',(3.74829045120054,4.28671803417921,34.3207943010991));
#9091=CARTESIAN_POINT('Ctrl Pts',(3.81893236396973,4.51058696608327,34.3055759626273));
#9092=CARTESIAN_POINT('Ctrl Pts',(4.01448649800769,4.72996184826261,34.3107364819733));
#9093=CARTESIAN_POINT('Ctrl Pts',(4.340012549329,4.81748777590888,34.3365205096534));
#9094=CARTESIAN_POINT('Ctrl Pts',(4.66843342034776,4.66852961930596,34.3520577058054));
#9095=CARTESIAN_POINT('Ctrl Pts',(4.81798487329266,4.3399089132832,34.3365630829298));
#9096=CARTESIAN_POINT('Ctrl Pts',(4.72972734489009,4.01433296716905,34.310665922945));
#9097=CARTESIAN_POINT('Ctrl Pts',(4.51088678207759,3.81921228323219,34.305673132025));
#9098=CARTESIAN_POINT('Ctrl Pts',(4.28665104993907,3.74820423008773,34.3207703664249));
#9099=CARTESIAN_POINT('Ctrl Pts',(4.10493917749036,3.74743053132179,34.3371148576308));
#9100=CARTESIAN_POINT('Ctrl Pts',(3.96457100970294,3.78634423236043,34.3453750480712));
#9101=CARTESIAN_POINT('Ctrl Pts',(3.89413560954552,3.8347382712377,34.3468271014135));
#9102=CARTESIAN_POINT('Ctrl Pts',(3.86443694039161,3.86443694039161,34.3468271014135));
#9103=CARTESIAN_POINT('Ctrl Pts',(3.9551549789921,3.9551549789921,34.0327406521202));
#9104=CARTESIAN_POINT('Ctrl Pts',(3.93221151577765,3.97809844220655,34.0327406521202));
#9105=CARTESIAN_POINT('Ctrl Pts',(3.90390885351349,4.01165352446615,34.0295216070122));
#9106=CARTESIAN_POINT('Ctrl Pts',(3.85589346313976,4.10965457276639,34.014013643884));
#9107=CARTESIAN_POINT('Ctrl Pts',(3.81869849595916,4.23424591583249,33.9936914516486));
#9108=CARTESIAN_POINT('Ctrl Pts',(3.83066922697108,4.4760329927267,33.9708639439409));
#9109=CARTESIAN_POINT('Ctrl Pts',(4.00065256164188,4.75871605567899,33.9786047229599));
#9110=CARTESIAN_POINT('Ctrl Pts',(4.35985447751819,4.90060510992723,34.0172807644801));
#9111=CARTESIAN_POINT('Ctrl Pts',(4.74347816156202,4.74361949703861,34.0405865587082));
#9112=CARTESIAN_POINT('Ctrl Pts',(4.90132030453689,4.3596951252319,34.0173446243947));
#9113=CARTESIAN_POINT('Ctrl Pts',(4.75834921651223,4.00041953447911,33.9784988844175));
#9114=CARTESIAN_POINT('Ctrl Pts',(4.47651971270424,3.83110817420785,33.9710096980375));
#9115=CARTESIAN_POINT('Ctrl Pts',(4.23412973979285,3.8185185240147,33.9936555496374));
#9116=CARTESIAN_POINT('Ctrl Pts',(4.08490311446563,3.86384082617715,34.0181722864461));
#9117=CARTESIAN_POINT('Ctrl Pts',(4.00344919935232,3.9115501800139,34.0305625721068));
#9118=CARTESIAN_POINT('Ctrl Pts',(3.97045062113507,3.93985933684914,34.0327406521202));
#9119=CARTESIAN_POINT('Ctrl Pts',(3.9551549789921,3.9551549789921,34.0327406521202));
#9120=CARTESIAN_POINT('',(3.68300086319064,3.68300086319064,34.975));
#9121=CARTESIAN_POINT('',(3.68300086319064,3.68300086319064,34.975));
#9122=CARTESIAN_POINT('Ctrl Pts',(3.68300086319064,3.68300086319064,34.975));
#9123=CARTESIAN_POINT('Ctrl Pts',(3.74150558636643,3.62449614001484,34.975));
#9124=CARTESIAN_POINT('Ctrl Pts',(3.88681463040417,3.53593233705348,34.975));
#9125=CARTESIAN_POINT('Ctrl Pts',(4.14501130353984,3.51460994161106,34.975));
#9126=CARTESIAN_POINT('Ctrl Pts',(4.39169367023151,3.60757564223377,34.975));
#9127=CARTESIAN_POINT('Ctrl Pts',(4.57962092082428,3.79542050128087,34.975));
#9128=CARTESIAN_POINT('Ctrl Pts',(4.6724836016458,4.04215983254895,34.975));
#9129=CARTESIAN_POINT('Ctrl Pts',(4.65131401080421,4.30033648938582,34.975));
#9130=CARTESIAN_POINT('Ctrl Pts',(4.51834393791925,4.51834986384064,34.975));
#9131=CARTESIAN_POINT('Ctrl Pts',(4.30032869295062,4.65125310787218,34.975));
#9132=CARTESIAN_POINT('Ctrl Pts',(4.04215437073931,4.67245343342985,34.975));
#9133=CARTESIAN_POINT('Ctrl Pts',(3.79545863796704,4.57969491279642,34.975));
#9134=CARTESIAN_POINT('Ctrl Pts',(3.60747436168331,4.39166227087265,34.975));
#9135=CARTESIAN_POINT('Ctrl Pts',(3.53037672643442,4.18618309609706,34.975));
#9136=CARTESIAN_POINT('Ctrl Pts',(3.52229425088995,3.93066186051476,34.975));
#9137=CARTESIAN_POINT('Ctrl Pts',(3.59524377842694,3.77075794795433,34.975));
#9138=CARTESIAN_POINT('Ctrl Pts',(3.68300086319064,3.68300086319064,34.975));
#9139=CARTESIAN_POINT('Ctrl Pts',(5.91936053102037,-7.92643391960566E-16,
32.975));
#9140=CARTESIAN_POINT('Ctrl Pts',(5.91936053102037,-0.0413690864890486,
32.975));
#9141=CARTESIAN_POINT('Ctrl Pts',(5.92929595227605,-0.12407782084559,32.975));
#9142=CARTESIAN_POINT('Ctrl Pts',(5.98744362440232,-0.28106783348403,32.975));
#9143=CARTESIAN_POINT('Ctrl Pts',(6.12695812803834,-0.445726560117134,32.975));
#9144=CARTESIAN_POINT('Ctrl Pts',(6.36715773145878,-0.554471450977955,32.975));
#9145=CARTESIAN_POINT('Ctrl Pts',(6.6328635617571,-0.554543164733331,32.975));
#9146=CARTESIAN_POINT('Ctrl Pts',(6.87298438676082,-0.445678599786157,32.975));
#9147=CARTESIAN_POINT('Ctrl Pts',(7.04056645482858,-0.248162906863916,32.975));
#9148=CARTESIAN_POINT('Ctrl Pts',(7.10068918092793,-7.53300227435507E-6,
32.975));
#9149=CARTESIAN_POINT('Ctrl Pts',(7.04060557038317,0.2481923582796,32.975));
#9150=CARTESIAN_POINT('Ctrl Pts',(6.87296436802943,0.445664156928442,32.975));
#9151=CARTESIAN_POINT('Ctrl Pts',(6.63287896728144,0.554540473735384,32.975));
#9152=CARTESIAN_POINT('Ctrl Pts',(6.3671438979107,0.55447748427645,32.975));
#9153=CARTESIAN_POINT('Ctrl Pts',(6.12698506663601,0.445724142571108,32.975));
#9154=CARTESIAN_POINT('Ctrl Pts',(5.98744119883904,0.281059194445168,32.975));
#9155=CARTESIAN_POINT('Ctrl Pts',(5.92928685881894,0.124086615610465,32.975));
#9156=CARTESIAN_POINT('Ctrl Pts',(5.91936053102037,0.0413690864890471,32.975));
#9157=CARTESIAN_POINT('Ctrl Pts',(5.91936053102037,-6.57181793502088E-16,
32.975));
#9158=CARTESIAN_POINT('Ctrl Pts',(5.824399183813,-7.85239092055409E-16,
33.2890864492933));
#9159=CARTESIAN_POINT('Ctrl Pts',(5.824399183813,-0.048907448593892,33.2890864492933));
#9160=CARTESIAN_POINT('Ctrl Pts',(5.83948809452517,-0.14650795375838,33.2902611271119));
#9161=CARTESIAN_POINT('Ctrl Pts',(5.92522123365601,-0.323331913120381,33.2964551432782));
#9162=CARTESIAN_POINT('Ctrl Pts',(6.1164063369486,-0.475958972069021,33.3071284442821));
#9163=CARTESIAN_POINT('Ctrl Pts',(6.38307336358357,-0.521777341432557,33.3096815308871));
#9164=CARTESIAN_POINT('Ctrl Pts',(6.62027611377645,-0.467564491022857,33.3020866401829));
#9165=CARTESIAN_POINT('Ctrl Pts',(6.80489659975929,-0.349287702703445,33.2939762359433));
#9166=CARTESIAN_POINT('Ctrl Pts',(6.92449861012867,-0.187086256419355,33.2898032267121));
#9167=CARTESIAN_POINT('Ctrl Pts',(6.96628005450618,4.49337020175335E-6,
33.2887330299688));
#9168=CARTESIAN_POINT('Ctrl Pts',(6.92450021914433,0.18707162344024,33.289795700065));
#9169=CARTESIAN_POINT('Ctrl Pts',(6.80491193170417,0.349313371654383,33.2939896977733));
#9170=CARTESIAN_POINT('Ctrl Pts',(6.62023619976072,0.467497186977421,33.3020622919981));
#9171=CARTESIAN_POINT('Ctrl Pts',(6.3830996587784,0.521873725748673,33.3097037364872));
#9172=CARTESIAN_POINT('Ctrl Pts',(6.11647504515621,0.475788735226063,33.3071272302289));
#9173=CARTESIAN_POINT('Ctrl Pts',(5.92518000404086,0.323355865665856,33.2964467926141));
#9174=CARTESIAN_POINT('Ctrl Pts',(5.83947956406138,0.146549768585945,33.2902620429006));
#9175=CARTESIAN_POINT('Ctrl Pts',(5.824399183813,0.0489074485938906,33.2890864492933));
#9176=CARTESIAN_POINT('Ctrl Pts',(5.824399183813,-6.20916491441413E-16,
33.2890864492933));
#9177=CARTESIAN_POINT('Ctrl Pts',(5.72943783660564,-7.77834792150251E-16,
33.6031728985865));
#9178=CARTESIAN_POINT('Ctrl Pts',(5.72943783660564,-0.0564458106987353,
33.6031728985865));
#9179=CARTESIAN_POINT('Ctrl Pts',(5.74968023677431,-0.168938086671171,33.6055222542238));
#9180=CARTESIAN_POINT('Ctrl Pts',(5.8629988429097,-0.365595992756731,33.6179102865564));
#9181=CARTESIAN_POINT('Ctrl Pts',(6.10585454585887,-0.506191384020907,33.6392568885642));
#9182=CARTESIAN_POINT('Ctrl Pts',(6.39898899570837,-0.489083231887159,33.6443630617743));
#9183=CARTESIAN_POINT('Ctrl Pts',(6.60768866579579,-0.380585817312383,33.6291732803659));
#9184=CARTESIAN_POINT('Ctrl Pts',(6.73680881275776,-0.252896805620734,33.6129524718867));
#9185=CARTESIAN_POINT('Ctrl Pts',(6.80843076542875,-0.126009605974793,33.6046064534241));
#9186=CARTESIAN_POINT('Ctrl Pts',(6.83187092808443,1.6519742677703E-5,33.6024660599375));
#9187=CARTESIAN_POINT('Ctrl Pts',(6.80839486790548,0.12595088860088,33.60459140013));
#9188=CARTESIAN_POINT('Ctrl Pts',(6.73685949537892,0.252962586380324,33.6129793955466));
#9189=CARTESIAN_POINT('Ctrl Pts',(6.60759343223999,0.380453900219459,33.6291245839962));
#9190=CARTESIAN_POINT('Ctrl Pts',(6.39905541964611,0.489269967220896,33.6444074729744));
#9191=CARTESIAN_POINT('Ctrl Pts',(6.10596502367641,0.505853327881019,33.6392544604578));
#9192=CARTESIAN_POINT('Ctrl Pts',(5.86291880924268,0.365652536886544,33.6178935852282));
#9193=CARTESIAN_POINT('Ctrl Pts',(5.74967226930381,0.169012921561425,33.6055240858013));
#9194=CARTESIAN_POINT('Ctrl Pts',(5.72943783660564,0.056445810698734,33.6031728985865));
#9195=CARTESIAN_POINT('Ctrl Pts',(5.72943783660564,-5.84651189380738E-16,
33.6031728985865));
#9196=CARTESIAN_POINT('Ctrl Pts',(5.63447648939828,-7.70430492245094E-16,
33.9172593478798));
#9197=CARTESIAN_POINT('Ctrl Pts',(5.63447648939828,-0.0639841728035787,
33.9172593478798));
#9198=CARTESIAN_POINT('Ctrl Pts',(5.65987237902344,-0.191368219583962,33.9207833813358));
#9199=CARTESIAN_POINT('Ctrl Pts',(5.80077645216339,-0.407860072393082,33.9393654298346));
#9200=CARTESIAN_POINT('Ctrl Pts',(6.09530275476913,-0.536423795972794,33.9713853328464));
#9201=CARTESIAN_POINT('Ctrl Pts',(6.41490462783316,-0.456389122341761,33.9790445926614));
#9202=CARTESIAN_POINT('Ctrl Pts',(6.59510121781513,-0.293607143601909,33.9562599205488));
#9203=CARTESIAN_POINT('Ctrl Pts',(6.66872102575623,-0.156505908538022,33.93192870783));
#9204=CARTESIAN_POINT('Ctrl Pts',(6.69236292072883,-0.0649329555302305,
33.9194096801363));
#9205=CARTESIAN_POINT('Ctrl Pts',(6.69746180166269,2.85461151536773E-5,
33.9161990899063));
#9206=CARTESIAN_POINT('Ctrl Pts',(6.69228951666663,0.0648301537615197,33.919387100195));
#9207=CARTESIAN_POINT('Ctrl Pts',(6.66880705905366,0.156611801106265,33.9319690933199));
#9208=CARTESIAN_POINT('Ctrl Pts',(6.59495066471927,0.293410613461495,33.9561868759944));
#9209=CARTESIAN_POINT('Ctrl Pts',(6.41501118051381,0.456666208693119,33.9791112094616));
#9210=CARTESIAN_POINT('Ctrl Pts',(6.09545500219661,0.535917920535974,33.9713816906867));
#9211=CARTESIAN_POINT('Ctrl Pts',(5.8006576144445,0.407949208107232,33.9393403778424));
#9212=CARTESIAN_POINT('Ctrl Pts',(5.65986497454625,0.191476074536905,33.9207861287019));
#9213=CARTESIAN_POINT('Ctrl Pts',(5.63447648939828,0.0639841728035774,33.9172593478798));
#9214=CARTESIAN_POINT('Ctrl Pts',(5.63447648939828,-5.48385887320062E-16,
33.9172593478798));
#9215=CARTESIAN_POINT('',(5.91936053102037,-6.57181793502088E-16,32.975));
#9216=CARTESIAN_POINT('',(5.63447648939828,-7.70430492245094E-16,33.9172593478798));
#9217=CARTESIAN_POINT('',(5.91936053102037,-7.92643391960566E-16,32.975));
#9218=CARTESIAN_POINT('',(6.14639601442835,-0.50042063471274,33.9697360317597));
#9219=CARTESIAN_POINT('Ctrl Pts',(5.63447648939828,-7.70430492245094E-16,
33.9172593478798));
#9220=CARTESIAN_POINT('Ctrl Pts',(5.63447648939828,-0.0639841728035787,
33.9172593478798));
#9221=CARTESIAN_POINT('Ctrl Pts',(5.65987237902344,-0.191368219583962,33.9207833813358));
#9222=CARTESIAN_POINT('Ctrl Pts',(5.80077645216339,-0.407860072393082,33.9393654298346));
#9223=CARTESIAN_POINT('Ctrl Pts',(5.99755544325375,-0.493756101348776,33.9607585758923));
#9224=CARTESIAN_POINT('Ctrl Pts',(6.12770696273964,-0.500453820282662,33.9687251845806));
#9225=CARTESIAN_POINT('Ctrl Pts',(6.14639601442835,-0.50042063471274,33.9697360317597));
#9226=CARTESIAN_POINT('Ctrl Pts',(6.14639601442835,-0.50042063471274,33.9697360317597));
#9227=CARTESIAN_POINT('Ctrl Pts',(6.23744847315346,-0.500258955683437,33.974660846704));
#9228=CARTESIAN_POINT('Ctrl Pts',(6.42513382725401,-0.447148496185539,33.9777511777594));
#9229=CARTESIAN_POINT('Ctrl Pts',(6.59510121781513,-0.293607143601909,33.9562599205488));
#9230=CARTESIAN_POINT('Ctrl Pts',(6.66872102575623,-0.156505908538022,33.93192870783));
#9231=CARTESIAN_POINT('Ctrl Pts',(6.69236292072883,-0.0649329555302305,
33.9194096801363));
#9232=CARTESIAN_POINT('Ctrl Pts',(6.69746180166269,2.85461151536773E-5,
33.9161990899063));
#9233=CARTESIAN_POINT('Ctrl Pts',(6.69228951666663,0.0648301537615197,33.919387100195));
#9234=CARTESIAN_POINT('Ctrl Pts',(6.66880705905366,0.156611801106265,33.9319690933199));
#9235=CARTESIAN_POINT('Ctrl Pts',(6.59495066471927,0.293410613461495,33.9561868759944));
#9236=CARTESIAN_POINT('Ctrl Pts',(6.41501118051381,0.456666208693119,33.9791112094616));
#9237=CARTESIAN_POINT('Ctrl Pts',(6.09545500219661,0.535917920535974,33.9713816906867));
#9238=CARTESIAN_POINT('Ctrl Pts',(5.8006576144445,0.407949208107232,33.9393403778424));
#9239=CARTESIAN_POINT('Ctrl Pts',(5.65986497454625,0.191476074536905,33.9207861287019));
#9240=CARTESIAN_POINT('Ctrl Pts',(5.63447648939828,0.0639841728035774,33.9172593478798));
#9241=CARTESIAN_POINT('Ctrl Pts',(5.63447648939828,-5.48385887320062E-16,
33.9172593478798));
#9242=CARTESIAN_POINT('Ctrl Pts',(5.91936053102037,-6.57181793502088E-16,
32.975));
#9243=CARTESIAN_POINT('Ctrl Pts',(5.91936053102037,0.0413690864890471,32.975));
#9244=CARTESIAN_POINT('Ctrl Pts',(5.92928685881894,0.124086615610465,32.975));
#9245=CARTESIAN_POINT('Ctrl Pts',(5.98744119883904,0.281059194445168,32.975));
#9246=CARTESIAN_POINT('Ctrl Pts',(6.12698506663601,0.445724142571108,32.975));
#9247=CARTESIAN_POINT('Ctrl Pts',(6.3671438979107,0.55447748427645,32.975));
#9248=CARTESIAN_POINT('Ctrl Pts',(6.63287896728144,0.554540473735384,32.975));
#9249=CARTESIAN_POINT('Ctrl Pts',(6.87296436802943,0.445664156928442,32.975));
#9250=CARTESIAN_POINT('Ctrl Pts',(7.04060557038317,0.2481923582796,32.975));
#9251=CARTESIAN_POINT('Ctrl Pts',(7.10068918092793,-7.53300227435507E-6,
32.975));
#9252=CARTESIAN_POINT('Ctrl Pts',(7.04056645482858,-0.248162906863916,32.975));
#9253=CARTESIAN_POINT('Ctrl Pts',(6.87298438676082,-0.445678599786157,32.975));
#9254=CARTESIAN_POINT('Ctrl Pts',(6.6328635617571,-0.554543164733331,32.975));
#9255=CARTESIAN_POINT('Ctrl Pts',(6.36715773145878,-0.554471450977955,32.975));
#9256=CARTESIAN_POINT('Ctrl Pts',(6.12695812803834,-0.445726560117134,32.975));
#9257=CARTESIAN_POINT('Ctrl Pts',(5.98744362440232,-0.28106783348403,32.975));
#9258=CARTESIAN_POINT('Ctrl Pts',(5.92929595227605,-0.12407782084559,32.975));
#9259=CARTESIAN_POINT('Ctrl Pts',(5.91936053102037,-0.0413690864890486,
32.975));
#9260=CARTESIAN_POINT('Ctrl Pts',(5.91936053102037,-7.92643391960566E-16,
32.975));
#9261=CARTESIAN_POINT('Origin',(5.36444466219868,-6.56954998476471E-16,
36.1700988972043));
#9262=CARTESIAN_POINT('',(5.5934338125781,-6.54381911502951E-16,34.0327406521202));
#9263=CARTESIAN_POINT('',(6.14261271934347,-0.500187837255259,33.9802330587474));
#9264=CARTESIAN_POINT('Ctrl Pts',(5.5934338125781,-6.54381911502951E-16,
34.0327406521202));
#9265=CARTESIAN_POINT('Ctrl Pts',(5.5934338125781,0.0324469568456793,34.0327406521202));
#9266=CARTESIAN_POINT('Ctrl Pts',(5.59715170929912,0.0761851350518567,34.0295212410977));
#9267=CARTESIAN_POINT('Ctrl Pts',(5.63249417966413,0.17943542381285,34.0140138844186));
#9268=CARTESIAN_POINT('Ctrl Pts',(5.69429283252975,0.293832146543883,33.9936924907754));
#9269=CARTESIAN_POINT('Ctrl Pts',(5.8737313563852,0.456342435852471,33.9708650745787));
#9270=CARTESIAN_POINT('Ctrl Pts',(6.1938083387405,0.536032726401808,33.9786040538681));
#9271=CARTESIAN_POINT('Ctrl Pts',(6.54813655978336,0.382371993495351,34.0172811564927));
#9272=CARTESIAN_POINT('Ctrl Pts',(6.70839518800279,9.94988867489741E-5,
34.0405876703057));
#9273=CARTESIAN_POINT('Ctrl Pts',(6.548524756241,-0.382979405592304,34.0173444906413));
#9274=CARTESIAN_POINT('Ctrl Pts',(6.29160670777342,-0.493636331329168,33.9892426910899));
#9275=CARTESIAN_POINT('Ctrl Pts',(6.16131372006923,-0.500229254597693,33.9812461511057));
#9276=CARTESIAN_POINT('Ctrl Pts',(6.14261271934347,-0.500187837255259,33.9802330587474));
#9277=CARTESIAN_POINT('Ctrl Pts',(6.14261271934347,-0.500187837255259,33.9802330587474));
#9278=CARTESIAN_POINT('Ctrl Pts',(6.05150204557173,-0.499986053295653,33.9752973053774));
#9279=CARTESIAN_POINT('Ctrl Pts',(5.86414042292004,-0.447154501178429,33.972293318592));
#9280=CARTESIAN_POINT('Ctrl Pts',(5.69408009868913,-0.293878131976123,33.9936558081063));
#9281=CARTESIAN_POINT('Ctrl Pts',(5.62060779418229,-0.156317332275731,34.0181707296202));
#9282=CARTESIAN_POINT('Ctrl Pts',(5.59674941680083,-0.0649818909243668,
34.0305622603953));
#9283=CARTESIAN_POINT('Ctrl Pts',(5.5934338125781,-0.0216313045637873,34.0327406521202));
#9284=CARTESIAN_POINT('Ctrl Pts',(5.5934338125781,-6.54381911502951E-16,
34.0327406521202));
#9285=CARTESIAN_POINT('',(5.36444466219868,-0.500000000000001,36.1700988972043));
#9286=CARTESIAN_POINT('Ctrl Pts',(5.20854977095602,-5.70132581290857E-16,
34.975));
#9287=CARTESIAN_POINT('Ctrl Pts',(5.20854977095602,0.124107259467143,34.975));
#9288=CARTESIAN_POINT('Ctrl Pts',(5.27003107389208,0.28876148200111,34.975));
#9289=CARTESIAN_POINT('Ctrl Pts',(5.45643126931514,0.463725249039397,34.975));
#9290=CARTESIAN_POINT('Ctrl Pts',(5.65624253099549,0.554505838211366,34.975));
#9291=CARTESIAN_POINT('Ctrl Pts',(5.92212749016096,0.554538200086837,34.975));
#9292=CARTESIAN_POINT('Ctrl Pts',(6.16215795544975,0.445689116238392,34.975));
#9293=CARTESIAN_POINT('Ctrl Pts',(6.32972452960498,0.248141294616966,34.975));
#9294=CARTESIAN_POINT('Ctrl Pts',(6.38990766402884,4.34198584763015E-6,
34.975));
#9295=CARTESIAN_POINT('Ctrl Pts',(6.32977193497882,-0.248177936970725,34.975));
#9296=CARTESIAN_POINT('Ctrl Pts',(6.16218320082383,-0.445705859421446,34.975));
#9297=CARTESIAN_POINT('Ctrl Pts',(5.92204875948376,-0.554513636043765,34.975));
#9298=CARTESIAN_POINT('Ctrl Pts',(5.65633736623167,-0.554456082212279,34.975));
#9299=CARTESIAN_POINT('Ctrl Pts',(5.41617037093433,-0.445760702148105,34.975));
#9300=CARTESIAN_POINT('Ctrl Pts',(5.24867411203808,-0.248111200393366,34.975));
#9301=CARTESIAN_POINT('Ctrl Pts',(5.20854977095602,-0.0827381729780963,
34.975));
#9302=CARTESIAN_POINT('Ctrl Pts',(5.20854977095602,-7.05594179749335E-16,
34.975));
#9303=CARTESIAN_POINT('Ctrl Pts',(5.33684445149671,-5.98215691361555E-16,
34.6609135507067));
#9304=CARTESIAN_POINT('Ctrl Pts',(5.33684445149671,0.0935538252599884,34.6609135507067));
#9305=CARTESIAN_POINT('Ctrl Pts',(5.37907128569443,0.217902699684692,34.6598404136992));
#9306=CARTESIAN_POINT('Ctrl Pts',(5.51511890609814,0.368961973963882,34.6546712948062));
#9307=CARTESIAN_POINT('Ctrl Pts',(5.66892596484024,0.467614607655538,34.6478974969251));
#9308=CARTESIAN_POINT('Ctrl Pts',(5.90599544556904,0.521806278675382,34.6402883581929));
#9309=CARTESIAN_POINT('Ctrl Pts',(6.17270808321333,0.47580365295953,34.642868017956));
#9310=CARTESIAN_POINT('Ctrl Pts',(6.40252853966444,0.292884860909761,34.6557603854975));
#9311=CARTESIAN_POINT('Ctrl Pts',(6.49607017202015,3.60609528147364E-5,
34.6635292234352));
#9312=CARTESIAN_POINT('Ctrl Pts',(6.40268954206621,-0.293111759844584,34.6557814968804));
#9313=CARTESIAN_POINT('Ctrl Pts',(6.17258470706389,-0.47578395206537,34.6428331528747));
#9314=CARTESIAN_POINT('Ctrl Pts',(5.90615757813043,-0.521802150623687,34.6403358844507));
#9315=CARTESIAN_POINT('Ctrl Pts',(5.66891827705082,-0.467596765466894,34.6478852693688));
#9316=CARTESIAN_POINT('Ctrl Pts',(5.48431617868365,-0.349279578857314,34.6560569098734));
#9317=CARTESIAN_POINT('Ctrl Pts',(5.36469921362567,-0.187068097237033,34.6601874201317));
#9318=CARTESIAN_POINT('Ctrl Pts',(5.33684445149671,-0.0623692168399933,
34.6609135507067));
#9319=CARTESIAN_POINT('Ctrl Pts',(5.33684445149671,-6.88523423667207E-16,
34.6609135507067));
#9320=CARTESIAN_POINT('Ctrl Pts',(5.46513913203741,-6.26298801432253E-16,
34.3468271014135));
#9321=CARTESIAN_POINT('Ctrl Pts',(5.46513913203741,0.0630003910528338,34.3468271014135));
#9322=CARTESIAN_POINT('Ctrl Pts',(5.48811149749677,0.147043917368274,34.3446808273985));
#9323=CARTESIAN_POINT('Ctrl Pts',(5.57380654288114,0.274198698888366,34.3343425896124));
#9324=CARTESIAN_POINT('Ctrl Pts',(5.68160939868499,0.380723377099711,34.3207949938502));
#9325=CARTESIAN_POINT('Ctrl Pts',(5.88986340097712,0.489074357263926,34.3055767163858));
#9326=CARTESIAN_POINT('Ctrl Pts',(6.18325821097692,0.505918189680669,34.3107360359121));
#9327=CARTESIAN_POINT('Ctrl Pts',(6.4753325497239,0.337628427202556,34.3365207709951));
#9328=CARTESIAN_POINT('Ctrl Pts',(6.60223268001147,6.77799197819682E-5,
34.3520584468704));
#9329=CARTESIAN_POINT('Ctrl Pts',(6.47560714915361,-0.338045582718444,34.3365629937609));
#9330=CARTESIAN_POINT('Ctrl Pts',(6.18298621330396,-0.505862044709294,34.3106663057493));
#9331=CARTESIAN_POINT('Ctrl Pts',(5.89026639677709,-0.48909066520361,34.3056717689014));
#9332=CARTESIAN_POINT('Ctrl Pts',(5.68149918786998,-0.380737448721508,34.3207705387375));
#9333=CARTESIAN_POINT('Ctrl Pts',(5.55246198643297,-0.252798455566522,34.3371138197468));
#9334=CARTESIAN_POINT('Ctrl Pts',(5.48072431521325,-0.1260249940807,34.3453748402635));
#9335=CARTESIAN_POINT('Ctrl Pts',(5.46513913203741,-0.0420002607018903,
34.3468271014135));
#9336=CARTESIAN_POINT('Ctrl Pts',(5.46513913203741,-6.71452667585079E-16,
34.3468271014135));
#9337=CARTESIAN_POINT('Ctrl Pts',(5.5934338125781,-6.54381911502951E-16,
34.0327406521202));
#9338=CARTESIAN_POINT('Ctrl Pts',(5.5934338125781,0.0324469568456793,34.0327406521202));
#9339=CARTESIAN_POINT('Ctrl Pts',(5.59715170929912,0.0761851350518567,34.0295212410977));
#9340=CARTESIAN_POINT('Ctrl Pts',(5.63249417966413,0.17943542381285,34.0140138844186));
#9341=CARTESIAN_POINT('Ctrl Pts',(5.69429283252975,0.293832146543883,33.9936924907754));
#9342=CARTESIAN_POINT('Ctrl Pts',(5.8737313563852,0.456342435852471,33.9708650745787));
#9343=CARTESIAN_POINT('Ctrl Pts',(6.1938083387405,0.536032726401808,33.9786040538681));
#9344=CARTESIAN_POINT('Ctrl Pts',(6.54813655978336,0.382371993495351,34.0172811564927));
#9345=CARTESIAN_POINT('Ctrl Pts',(6.70839518800279,9.94988867489741E-5,
34.0405876703057));
#9346=CARTESIAN_POINT('Ctrl Pts',(6.548524756241,-0.382979405592304,34.0173444906413));
#9347=CARTESIAN_POINT('Ctrl Pts',(6.19338771954403,-0.535940137353218,33.978499458624));
#9348=CARTESIAN_POINT('Ctrl Pts',(5.87437521542376,-0.456379179783533,33.9710076533521));
#9349=CARTESIAN_POINT('Ctrl Pts',(5.69408009868913,-0.293878131976123,33.9936558081063));
#9350=CARTESIAN_POINT('Ctrl Pts',(5.62060779418229,-0.156317332275731,34.0181707296202));
#9351=CARTESIAN_POINT('Ctrl Pts',(5.59674941680083,-0.0649818909243668,
34.0305622603953));
#9352=CARTESIAN_POINT('Ctrl Pts',(5.5934338125781,-0.0216313045637873,34.0327406521202));
#9353=CARTESIAN_POINT('Ctrl Pts',(5.5934338125781,-6.54381911502951E-16,
34.0327406521202));
#9354=CARTESIAN_POINT('',(5.20854977095602,-7.05594179749335E-16,34.975));
#9355=CARTESIAN_POINT('',(5.20854977095602,-5.70132581290857E-16,34.975));
#9356=CARTESIAN_POINT('Ctrl Pts',(5.20854977095602,-7.05594179749335E-16,
34.975));
#9357=CARTESIAN_POINT('Ctrl Pts',(5.20854977095602,-0.0827381729780963,
34.975));
#9358=CARTESIAN_POINT('Ctrl Pts',(5.24867411203808,-0.248111200393366,34.975));
#9359=CARTESIAN_POINT('Ctrl Pts',(5.41617037093433,-0.445760702148105,34.975));
#9360=CARTESIAN_POINT('Ctrl Pts',(5.65633736623167,-0.554456082212279,34.975));
#9361=CARTESIAN_POINT('Ctrl Pts',(5.92204875948376,-0.554513636043765,34.975));
#9362=CARTESIAN_POINT('Ctrl Pts',(6.16218320082383,-0.445705859421446,34.975));
#9363=CARTESIAN_POINT('Ctrl Pts',(6.32977193497882,-0.248177936970725,34.975));
#9364=CARTESIAN_POINT('Ctrl Pts',(6.38990766402884,4.34198584763015E-6,
34.975));
#9365=CARTESIAN_POINT('Ctrl Pts',(6.32972452960498,0.248141294616966,34.975));
#9366=CARTESIAN_POINT('Ctrl Pts',(6.16215795544975,0.445689116238392,34.975));
#9367=CARTESIAN_POINT('Ctrl Pts',(5.92212749016096,0.554538200086837,34.975));
#9368=CARTESIAN_POINT('Ctrl Pts',(5.65624253099549,0.554505838211366,34.975));
#9369=CARTESIAN_POINT('Ctrl Pts',(5.45643126931514,0.463725249039397,34.975));
#9370=CARTESIAN_POINT('Ctrl Pts',(5.27003107389208,0.28876148200111,34.975));
#9371=CARTESIAN_POINT('Ctrl Pts',(5.20854977095602,0.124107259467143,34.975));
#9372=CARTESIAN_POINT('Ctrl Pts',(5.20854977095602,-5.70132581290857E-16,
34.975));
#9373=CARTESIAN_POINT('Ctrl Pts',(1.15509968832623E-15,5.91936053102037,
32.975));
#9374=CARTESIAN_POINT('Ctrl Pts',(0.041369086489049,5.91936053102037,32.975));
#9375=CARTESIAN_POINT('Ctrl Pts',(0.12407782084559,5.92929595227605,32.975));
#9376=CARTESIAN_POINT('Ctrl Pts',(0.28106783348403,5.98744362440232,32.975));
#9377=CARTESIAN_POINT('Ctrl Pts',(0.445726560117134,6.12695812803834,32.975));
#9378=CARTESIAN_POINT('Ctrl Pts',(0.554471450977956,6.36715773145878,32.975));
#9379=CARTESIAN_POINT('Ctrl Pts',(0.554543164733332,6.6328635617571,32.975));
#9380=CARTESIAN_POINT('Ctrl Pts',(0.445678599786157,6.87298438676082,32.975));
#9381=CARTESIAN_POINT('Ctrl Pts',(0.248162906863917,7.04056645482858,32.975));
#9382=CARTESIAN_POINT('Ctrl Pts',(7.53300227473824E-6,7.10068918092793,
32.975));
#9383=CARTESIAN_POINT('Ctrl Pts',(-0.2481923582796,7.04060557038317,32.975));
#9384=CARTESIAN_POINT('Ctrl Pts',(-0.445664156928442,6.87296436802943,32.975));
#9385=CARTESIAN_POINT('Ctrl Pts',(-0.554540473735384,6.63287896728144,32.975));
#9386=CARTESIAN_POINT('Ctrl Pts',(-0.55447748427645,6.3671438979107,32.975));
#9387=CARTESIAN_POINT('Ctrl Pts',(-0.445724142571107,6.12698506663601,32.975));
#9388=CARTESIAN_POINT('Ctrl Pts',(-0.281059194445167,5.98744119883904,32.975));
#9389=CARTESIAN_POINT('Ctrl Pts',(-0.124086615610465,5.92928685881894,32.975));
#9390=CARTESIAN_POINT('Ctrl Pts',(-0.0413690864890468,5.91936053102037,
32.975));
#9391=CARTESIAN_POINT('Ctrl Pts',(1.01963808986775E-15,5.91936053102037,
32.975));
#9392=CARTESIAN_POINT('Ctrl Pts',(1.14188068292606E-15,5.824399183813,33.2890864492933));
#9393=CARTESIAN_POINT('Ctrl Pts',(0.0489074485938924,5.824399183813,33.2890864492933));
#9394=CARTESIAN_POINT('Ctrl Pts',(0.146507953758381,5.83948809452518,33.2902611271119));
#9395=CARTESIAN_POINT('Ctrl Pts',(0.323331913120381,5.92522123365601,33.2964551432782));
#9396=CARTESIAN_POINT('Ctrl Pts',(0.475958972069021,6.1164063369486,33.3071284442821));
#9397=CARTESIAN_POINT('Ctrl Pts',(0.521777341432557,6.38307336358357,33.3096815308871));
#9398=CARTESIAN_POINT('Ctrl Pts',(0.467564491022858,6.62027611377644,33.3020866401829));
#9399=CARTESIAN_POINT('Ctrl Pts',(0.349287702703446,6.80489659975929,33.2939762359433));
#9400=CARTESIAN_POINT('Ctrl Pts',(0.187086256419355,6.92449861012867,33.2898032267121));
#9401=CARTESIAN_POINT('Ctrl Pts',(-4.49337020121691E-6,6.96628005450618,
33.2887330299688));
#9402=CARTESIAN_POINT('Ctrl Pts',(-0.18707162344024,6.92450021914433,33.289795700065));
#9403=CARTESIAN_POINT('Ctrl Pts',(-0.349313371654383,6.80491193170417,33.2939896977733));
#9404=CARTESIAN_POINT('Ctrl Pts',(-0.467497186977421,6.62023619976071,33.3020622919981));
#9405=CARTESIAN_POINT('Ctrl Pts',(-0.521873725748672,6.38309965877841,33.3097037364872));
#9406=CARTESIAN_POINT('Ctrl Pts',(-0.475788735226063,6.11647504515621,33.3071272302289));
#9407=CARTESIAN_POINT('Ctrl Pts',(-0.323355865665855,5.92518000404086,33.2964467926141));
#9408=CARTESIAN_POINT('Ctrl Pts',(-0.146549768585945,5.83947956406137,33.2902620429006));
#9409=CARTESIAN_POINT('Ctrl Pts',(-0.0489074485938902,5.824399183813,33.2890864492933));
#9410=CARTESIAN_POINT('Ctrl Pts',(9.77558082312065E-16,5.824399183813,33.2890864492933));
#9411=CARTESIAN_POINT('Ctrl Pts',(1.12866167752589E-15,5.72943783660564,
33.6031728985865));
#9412=CARTESIAN_POINT('Ctrl Pts',(0.0564458106987357,5.72943783660564,33.6031728985865));
#9413=CARTESIAN_POINT('Ctrl Pts',(0.168938086671171,5.74968023677431,33.6055222542238));
#9414=CARTESIAN_POINT('Ctrl Pts',(0.365595992756732,5.86299884290969,33.6179102865564));
#9415=CARTESIAN_POINT('Ctrl Pts',(0.506191384020907,6.10585454585887,33.6392568885642));
#9416=CARTESIAN_POINT('Ctrl Pts',(0.48908323188716,6.39898899570837,33.6443630617743));
#9417=CARTESIAN_POINT('Ctrl Pts',(0.380585817312383,6.60768866579579,33.6291732803659));
#9418=CARTESIAN_POINT('Ctrl Pts',(0.252896805620734,6.73680881275776,33.6129524718867));
#9419=CARTESIAN_POINT('Ctrl Pts',(0.126009605974793,6.80843076542875,33.6046064534241));
#9420=CARTESIAN_POINT('Ctrl Pts',(-1.65197426773089E-5,6.83187092808444,
33.6024660599375));
#9421=CARTESIAN_POINT('Ctrl Pts',(-0.125950888600879,6.80839486790548,33.60459140013));
#9422=CARTESIAN_POINT('Ctrl Pts',(-0.252962586380324,6.73685949537892,33.6129793955466));
#9423=CARTESIAN_POINT('Ctrl Pts',(-0.380453900219458,6.60759343223999,33.6291245839962));
#9424=CARTESIAN_POINT('Ctrl Pts',(-0.489269967220895,6.39905541964611,33.6444074729745));
#9425=CARTESIAN_POINT('Ctrl Pts',(-0.505853327881018,6.10596502367641,33.6392544604578));
#9426=CARTESIAN_POINT('Ctrl Pts',(-0.365652536886543,5.86291880924268,33.6178935852282));
#9427=CARTESIAN_POINT('Ctrl Pts',(-0.169012921561425,5.74967226930381,33.6055240858013));
#9428=CARTESIAN_POINT('Ctrl Pts',(-0.0564458106987336,5.72943783660564,
33.6031728985865));
#9429=CARTESIAN_POINT('Ctrl Pts',(9.35478074756379E-16,5.72943783660564,
33.6031728985865));
#9430=CARTESIAN_POINT('Ctrl Pts',(1.11544267212572E-15,5.63447648939828,
33.9172593478798));
#9431=CARTESIAN_POINT('Ctrl Pts',(0.0639841728035791,5.63447648939828,33.9172593478798));
#9432=CARTESIAN_POINT('Ctrl Pts',(0.191368219583962,5.65987237902344,33.9207833813358));
#9433=CARTESIAN_POINT('Ctrl Pts',(0.407860072393082,5.80077645216338,33.9393654298346));
#9434=CARTESIAN_POINT('Ctrl Pts',(0.536423795972795,6.09530275476913,33.9713853328464));
#9435=CARTESIAN_POINT('Ctrl Pts',(0.456389122341761,6.41490462783316,33.9790445926614));
#9436=CARTESIAN_POINT('Ctrl Pts',(0.293607143601909,6.59510121781513,33.9562599205488));
#9437=CARTESIAN_POINT('Ctrl Pts',(0.156505908538022,6.66872102575623,33.93192870783));
#9438=CARTESIAN_POINT('Ctrl Pts',(0.0649329555302309,6.69236292072883,33.9194096801363));
#9439=CARTESIAN_POINT('Ctrl Pts',(-2.85461151532887E-5,6.69746180166269,
33.9161990899063));
#9440=CARTESIAN_POINT('Ctrl Pts',(-0.0648301537615194,6.69228951666663,
33.919387100195));
#9441=CARTESIAN_POINT('Ctrl Pts',(-0.156611801106265,6.66880705905366,33.9319690933199));
#9442=CARTESIAN_POINT('Ctrl Pts',(-0.293410613461495,6.59495066471927,33.9561868759944));
#9443=CARTESIAN_POINT('Ctrl Pts',(-0.456666208693118,6.41501118051381,33.9791112094616));
#9444=CARTESIAN_POINT('Ctrl Pts',(-0.535917920535974,6.09545500219662,33.9713816906867));
#9445=CARTESIAN_POINT('Ctrl Pts',(-0.407949208107231,5.8006576144445,33.9393403778424));
#9446=CARTESIAN_POINT('Ctrl Pts',(-0.191476074536905,5.65986497454625,33.9207861287019));
#9447=CARTESIAN_POINT('Ctrl Pts',(-0.063984172803577,5.63447648939828,33.9172593478798));
#9448=CARTESIAN_POINT('Ctrl Pts',(8.93398067200693E-16,5.63447648939828,
33.9172593478798));
#9449=CARTESIAN_POINT('',(1.01963808986775E-15,5.91936053102037,32.975));
#9450=CARTESIAN_POINT('',(1.11544267212572E-15,5.63447648939828,33.9172593478798));
#9451=CARTESIAN_POINT('',(1.15509968832623E-15,5.91936053102037,32.975));
#9452=CARTESIAN_POINT('',(0.50042063471274,6.14639601442835,33.9697360317597));
#9453=CARTESIAN_POINT('Ctrl Pts',(1.11544267212572E-15,5.63447648939828,
33.9172593478798));
#9454=CARTESIAN_POINT('Ctrl Pts',(0.0639841728035791,5.63447648939828,33.9172593478798));
#9455=CARTESIAN_POINT('Ctrl Pts',(0.191368219583962,5.65987237902344,33.9207833813358));
#9456=CARTESIAN_POINT('Ctrl Pts',(0.407860072393082,5.80077645216338,33.9393654298346));
#9457=CARTESIAN_POINT('Ctrl Pts',(0.493756101348777,5.99755544325375,33.9607585758923));
#9458=CARTESIAN_POINT('Ctrl Pts',(0.500453820282663,6.12770696273964,33.9687251845806));
#9459=CARTESIAN_POINT('Ctrl Pts',(0.50042063471274,6.14639601442835,33.9697360317597));
#9460=CARTESIAN_POINT('Ctrl Pts',(0.50042063471274,6.14639601442835,33.9697360317597));
#9461=CARTESIAN_POINT('Ctrl Pts',(0.500258955683437,6.23744847315346,33.974660846704));
#9462=CARTESIAN_POINT('Ctrl Pts',(0.44714849618554,6.42513382725401,33.9777511777594));
#9463=CARTESIAN_POINT('Ctrl Pts',(0.293607143601909,6.59510121781513,33.9562599205488));
#9464=CARTESIAN_POINT('Ctrl Pts',(0.156505908538022,6.66872102575623,33.93192870783));
#9465=CARTESIAN_POINT('Ctrl Pts',(0.0649329555302309,6.69236292072883,33.9194096801363));
#9466=CARTESIAN_POINT('Ctrl Pts',(-2.85461151532887E-5,6.69746180166269,
33.9161990899063));
#9467=CARTESIAN_POINT('Ctrl Pts',(-0.0648301537615194,6.69228951666663,
33.919387100195));
#9468=CARTESIAN_POINT('Ctrl Pts',(-0.156611801106265,6.66880705905366,33.9319690933199));
#9469=CARTESIAN_POINT('Ctrl Pts',(-0.293410613461495,6.59495066471927,33.9561868759944));
#9470=CARTESIAN_POINT('Ctrl Pts',(-0.456666208693118,6.41501118051381,33.9791112094616));
#9471=CARTESIAN_POINT('Ctrl Pts',(-0.535917920535974,6.09545500219662,33.9713816906867));
#9472=CARTESIAN_POINT('Ctrl Pts',(-0.407949208107231,5.8006576144445,33.9393403778424));
#9473=CARTESIAN_POINT('Ctrl Pts',(-0.191476074536905,5.65986497454625,33.9207861287019));
#9474=CARTESIAN_POINT('Ctrl Pts',(-0.063984172803577,5.63447648939828,33.9172593478798));
#9475=CARTESIAN_POINT('Ctrl Pts',(8.93398067200693E-16,5.63447648939828,
33.9172593478798));
#9476=CARTESIAN_POINT('Ctrl Pts',(1.01963808986775E-15,5.91936053102037,
32.975));
#9477=CARTESIAN_POINT('Ctrl Pts',(-0.0413690864890468,5.91936053102037,
32.975));
#9478=CARTESIAN_POINT('Ctrl Pts',(-0.124086615610465,5.92928685881894,32.975));
#9479=CARTESIAN_POINT('Ctrl Pts',(-0.281059194445167,5.98744119883904,32.975));
#9480=CARTESIAN_POINT('Ctrl Pts',(-0.445724142571107,6.12698506663601,32.975));
#9481=CARTESIAN_POINT('Ctrl Pts',(-0.55447748427645,6.3671438979107,32.975));
#9482=CARTESIAN_POINT('Ctrl Pts',(-0.554540473735384,6.63287896728144,32.975));
#9483=CARTESIAN_POINT('Ctrl Pts',(-0.445664156928442,6.87296436802943,32.975));
#9484=CARTESIAN_POINT('Ctrl Pts',(-0.2481923582796,7.04060557038317,32.975));
#9485=CARTESIAN_POINT('Ctrl Pts',(7.53300227473824E-6,7.10068918092793,
32.975));
#9486=CARTESIAN_POINT('Ctrl Pts',(0.248162906863917,7.04056645482858,32.975));
#9487=CARTESIAN_POINT('Ctrl Pts',(0.445678599786157,6.87298438676082,32.975));
#9488=CARTESIAN_POINT('Ctrl Pts',(0.554543164733332,6.6328635617571,32.975));
#9489=CARTESIAN_POINT('Ctrl Pts',(0.554471450977956,6.36715773145878,32.975));
#9490=CARTESIAN_POINT('Ctrl Pts',(0.445726560117134,6.12695812803834,32.975));
#9491=CARTESIAN_POINT('Ctrl Pts',(0.28106783348403,5.98744362440232,32.975));
#9492=CARTESIAN_POINT('Ctrl Pts',(0.12407782084559,5.92929595227605,32.975));
#9493=CARTESIAN_POINT('Ctrl Pts',(0.041369086489049,5.91936053102037,32.975));
#9494=CARTESIAN_POINT('Ctrl Pts',(1.15509968832623E-15,5.91936053102037,
32.975));
#9495=CARTESIAN_POINT('Origin',(9.85432497714707E-16,5.36444466219868,36.1700988972043));
#9496=CARTESIAN_POINT('',(9.96880952243769E-16,5.5934338125781,34.0327406521202));
#9497=CARTESIAN_POINT('',(0.500187837255259,6.14261271934347,33.9802330587474));
#9498=CARTESIAN_POINT('Ctrl Pts',(9.96880952243769E-16,5.5934338125781,
34.0327406521202));
#9499=CARTESIAN_POINT('Ctrl Pts',(-0.032446956845679,5.5934338125781,34.0327406521202));
#9500=CARTESIAN_POINT('Ctrl Pts',(-0.0761851350518564,5.59715170929912,
34.0295212410977));
#9501=CARTESIAN_POINT('Ctrl Pts',(-0.17943542381285,5.63249417966413,34.0140138844186));
#9502=CARTESIAN_POINT('Ctrl Pts',(-0.293832146543883,5.69429283252975,33.9936924907754));
#9503=CARTESIAN_POINT('Ctrl Pts',(-0.45634243585247,5.8737313563852,33.9708650745787));
#9504=CARTESIAN_POINT('Ctrl Pts',(-0.536032726401808,6.1938083387405,33.9786040538681));
#9505=CARTESIAN_POINT('Ctrl Pts',(-0.38237199349535,6.54813655978336,34.0172811564927));
#9506=CARTESIAN_POINT('Ctrl Pts',(-9.94988867486478E-5,6.70839518800279,
34.0405876703057));
#9507=CARTESIAN_POINT('Ctrl Pts',(0.382979405592304,6.548524756241,34.0173444906413));
#9508=CARTESIAN_POINT('Ctrl Pts',(0.493636331329168,6.29160670777342,33.9892426910899));
#9509=CARTESIAN_POINT('Ctrl Pts',(0.500229254597693,6.16131372006923,33.9812461511057));
#9510=CARTESIAN_POINT('Ctrl Pts',(0.500187837255259,6.14261271934347,33.9802330587474));
#9511=CARTESIAN_POINT('Ctrl Pts',(0.500187837255259,6.14261271934347,33.9802330587474));
#9512=CARTESIAN_POINT('Ctrl Pts',(0.499986053295653,6.05150204557172,33.9752973053774));
#9513=CARTESIAN_POINT('Ctrl Pts',(0.44715450117843,5.86414042292004,33.972293318592));
#9514=CARTESIAN_POINT('Ctrl Pts',(0.293878131976123,5.69408009868913,33.9936558081063));
#9515=CARTESIAN_POINT('Ctrl Pts',(0.156317332275732,5.62060779418229,34.0181707296202));
#9516=CARTESIAN_POINT('Ctrl Pts',(0.0649818909243673,5.59674941680083,34.0305622603953));
#9517=CARTESIAN_POINT('Ctrl Pts',(0.0216313045637876,5.5934338125781,34.0327406521202));
#9518=CARTESIAN_POINT('Ctrl Pts',(9.96880952243769E-16,5.5934338125781,
34.0327406521202));
#9519=CARTESIAN_POINT('',(0.500000000000001,5.36444466219868,36.1700988972043));
#9520=CARTESIAN_POINT('Ctrl Pts',(8.89064271550906E-16,5.20854977095602,
34.975));
#9521=CARTESIAN_POINT('Ctrl Pts',(-0.124107259467143,5.20854977095602,34.975));
#9522=CARTESIAN_POINT('Ctrl Pts',(-0.288761482001109,5.27003107389208,34.975));
#9523=CARTESIAN_POINT('Ctrl Pts',(-0.463725249039397,5.45643126931514,34.975));
#9524=CARTESIAN_POINT('Ctrl Pts',(-0.554505838211365,5.65624253099549,34.975));
#9525=CARTESIAN_POINT('Ctrl Pts',(-0.554538200086837,5.92212749016096,34.975));
#9526=CARTESIAN_POINT('Ctrl Pts',(-0.445689116238391,6.16215795544975,34.975));
#9527=CARTESIAN_POINT('Ctrl Pts',(-0.248141294616966,6.32972452960498,34.975));
#9528=CARTESIAN_POINT('Ctrl Pts',(-4.34198584725366E-6,6.38990766402884,
34.975));
#9529=CARTESIAN_POINT('Ctrl Pts',(0.248177936970725,6.32977193497882,34.975));
#9530=CARTESIAN_POINT('Ctrl Pts',(0.445705859421447,6.16218320082383,34.975));
#9531=CARTESIAN_POINT('Ctrl Pts',(0.554513636043765,5.92204875948376,34.975));
#9532=CARTESIAN_POINT('Ctrl Pts',(0.554456082212279,5.65633736623167,34.975));
#9533=CARTESIAN_POINT('Ctrl Pts',(0.445760702148106,5.41617037093433,34.975));
#9534=CARTESIAN_POINT('Ctrl Pts',(0.248111200393366,5.24867411203808,34.975));
#9535=CARTESIAN_POINT('Ctrl Pts',(0.0827381729780966,5.20854977095602,34.975));
#9536=CARTESIAN_POINT('Ctrl Pts',(1.02452587000938E-15,5.20854977095602,
34.975));
#9537=CARTESIAN_POINT('Ctrl Pts',(9.25003165115193E-16,5.33684445149671,
34.6609135507067));
#9538=CARTESIAN_POINT('Ctrl Pts',(-0.093553825259988,5.33684445149671,34.6609135507067));
#9539=CARTESIAN_POINT('Ctrl Pts',(-0.217902699684692,5.37907128569443,34.6598404136992));
#9540=CARTESIAN_POINT('Ctrl Pts',(-0.368961973963882,5.51511890609814,34.6546712948062));
#9541=CARTESIAN_POINT('Ctrl Pts',(-0.467614607655538,5.66892596484024,34.6478974969251));
#9542=CARTESIAN_POINT('Ctrl Pts',(-0.521806278675382,5.90599544556904,34.6402883581929));
#9543=CARTESIAN_POINT('Ctrl Pts',(-0.47580365295953,6.17270808321333,34.642868017956));
#9544=CARTESIAN_POINT('Ctrl Pts',(-0.292884860909761,6.40252853966444,34.6557603854975));
#9545=CARTESIAN_POINT('Ctrl Pts',(-3.60609528144478E-5,6.49607017202015,
34.6635292234352));
#9546=CARTESIAN_POINT('Ctrl Pts',(0.293111759844585,6.40268954206621,34.6557814968804));
#9547=CARTESIAN_POINT('Ctrl Pts',(0.475783952065371,6.17258470706389,34.6428331528747));
#9548=CARTESIAN_POINT('Ctrl Pts',(0.521802150623688,5.90615757813043,34.6403358844507));
#9549=CARTESIAN_POINT('Ctrl Pts',(0.467596765466894,5.66891827705082,34.6478852693688));
#9550=CARTESIAN_POINT('Ctrl Pts',(0.349279578857314,5.48431617868365,34.6560569098734));
#9551=CARTESIAN_POINT('Ctrl Pts',(0.187068097237033,5.36469921362567,34.6601874201317));
#9552=CARTESIAN_POINT('Ctrl Pts',(0.0623692168399937,5.33684445149671,34.6609135507067));
#9553=CARTESIAN_POINT('Ctrl Pts',(1.01531089742085E-15,5.33684445149671,
34.6609135507067));
#9554=CARTESIAN_POINT('Ctrl Pts',(9.60942058679481E-16,5.46513913203741,
34.3468271014135));
#9555=CARTESIAN_POINT('Ctrl Pts',(-0.0630003910528334,5.46513913203741,
34.3468271014135));
#9556=CARTESIAN_POINT('Ctrl Pts',(-0.147043917368274,5.48811149749677,34.3446808273985));
#9557=CARTESIAN_POINT('Ctrl Pts',(-0.274198698888366,5.57380654288114,34.3343425896124));
#9558=CARTESIAN_POINT('Ctrl Pts',(-0.380723377099711,5.68160939868499,34.3207949938502));
#9559=CARTESIAN_POINT('Ctrl Pts',(-0.489074357263926,5.88986340097712,34.3055767163858));
#9560=CARTESIAN_POINT('Ctrl Pts',(-0.505918189680669,6.18325821097692,34.3107360359121));
#9561=CARTESIAN_POINT('Ctrl Pts',(-0.337628427202555,6.4753325497239,34.3365207709951));
#9562=CARTESIAN_POINT('Ctrl Pts',(-6.77799197816294E-5,6.60223268001147,
34.3520584468704));
#9563=CARTESIAN_POINT('Ctrl Pts',(0.338045582718445,6.47560714915361,34.3365629937609));
#9564=CARTESIAN_POINT('Ctrl Pts',(0.505862044709295,6.18298621330396,34.3106663057493));
#9565=CARTESIAN_POINT('Ctrl Pts',(0.489090665203611,5.89026639677709,34.3056717689014));
#9566=CARTESIAN_POINT('Ctrl Pts',(0.380737448721509,5.68149918786998,34.3207705387375));
#9567=CARTESIAN_POINT('Ctrl Pts',(0.252798455566523,5.55246198643297,34.3371138197468));
#9568=CARTESIAN_POINT('Ctrl Pts',(0.1260249940807,5.48072431521325,34.3453748402635));
#9569=CARTESIAN_POINT('Ctrl Pts',(0.0420002607018906,5.46513913203741,34.3468271014135));
#9570=CARTESIAN_POINT('Ctrl Pts',(1.00609592483231E-15,5.46513913203741,
34.3468271014135));
#9571=CARTESIAN_POINT('Ctrl Pts',(9.96880952243769E-16,5.5934338125781,
34.0327406521202));
#9572=CARTESIAN_POINT('Ctrl Pts',(-0.032446956845679,5.5934338125781,34.0327406521202));
#9573=CARTESIAN_POINT('Ctrl Pts',(-0.0761851350518564,5.59715170929912,
34.0295212410977));
#9574=CARTESIAN_POINT('Ctrl Pts',(-0.17943542381285,5.63249417966413,34.0140138844186));
#9575=CARTESIAN_POINT('Ctrl Pts',(-0.293832146543883,5.69429283252975,33.9936924907754));
#9576=CARTESIAN_POINT('Ctrl Pts',(-0.45634243585247,5.8737313563852,33.9708650745787));
#9577=CARTESIAN_POINT('Ctrl Pts',(-0.536032726401808,6.1938083387405,33.9786040538681));
#9578=CARTESIAN_POINT('Ctrl Pts',(-0.38237199349535,6.54813655978336,34.0172811564927));
#9579=CARTESIAN_POINT('Ctrl Pts',(-9.94988867486478E-5,6.70839518800279,
34.0405876703057));
#9580=CARTESIAN_POINT('Ctrl Pts',(0.382979405592304,6.548524756241,34.0173444906413));
#9581=CARTESIAN_POINT('Ctrl Pts',(0.535940137353219,6.19338771954403,33.978499458624));
#9582=CARTESIAN_POINT('Ctrl Pts',(0.456379179783533,5.87437521542376,33.9710076533521));
#9583=CARTESIAN_POINT('Ctrl Pts',(0.293878131976123,5.69408009868913,33.9936558081063));
#9584=CARTESIAN_POINT('Ctrl Pts',(0.156317332275732,5.62060779418229,34.0181707296202));
#9585=CARTESIAN_POINT('Ctrl Pts',(0.0649818909243673,5.59674941680083,34.0305622603953));
#9586=CARTESIAN_POINT('Ctrl Pts',(0.0216313045637876,5.5934338125781,34.0327406521202));
#9587=CARTESIAN_POINT('Ctrl Pts',(9.96880952243769E-16,5.5934338125781,
34.0327406521202));
#9588=CARTESIAN_POINT('',(1.02452587000938E-15,5.20854977095602,34.975));
#9589=CARTESIAN_POINT('',(8.89064271550906E-16,5.20854977095602,34.975));
#9590=CARTESIAN_POINT('Ctrl Pts',(1.02452587000938E-15,5.20854977095602,
34.975));
#9591=CARTESIAN_POINT('Ctrl Pts',(0.0827381729780966,5.20854977095602,34.975));
#9592=CARTESIAN_POINT('Ctrl Pts',(0.248111200393366,5.24867411203808,34.975));
#9593=CARTESIAN_POINT('Ctrl Pts',(0.445760702148106,5.41617037093433,34.975));
#9594=CARTESIAN_POINT('Ctrl Pts',(0.554456082212279,5.65633736623167,34.975));
#9595=CARTESIAN_POINT('Ctrl Pts',(0.554513636043765,5.92204875948376,34.975));
#9596=CARTESIAN_POINT('Ctrl Pts',(0.445705859421447,6.16218320082383,34.975));
#9597=CARTESIAN_POINT('Ctrl Pts',(0.248177936970725,6.32977193497882,34.975));
#9598=CARTESIAN_POINT('Ctrl Pts',(-4.34198584725366E-6,6.38990766402884,
34.975));
#9599=CARTESIAN_POINT('Ctrl Pts',(-0.248141294616966,6.32972452960498,34.975));
#9600=CARTESIAN_POINT('Ctrl Pts',(-0.445689116238391,6.16215795544975,34.975));
#9601=CARTESIAN_POINT('Ctrl Pts',(-0.554538200086837,5.92212749016096,34.975));
#9602=CARTESIAN_POINT('Ctrl Pts',(-0.554505838211365,5.65624253099549,34.975));
#9603=CARTESIAN_POINT('Ctrl Pts',(-0.463725249039397,5.45643126931514,34.975));
#9604=CARTESIAN_POINT('Ctrl Pts',(-0.288761482001109,5.27003107389208,34.975));
#9605=CARTESIAN_POINT('Ctrl Pts',(-0.124107259467143,5.20854977095602,34.975));
#9606=CARTESIAN_POINT('Ctrl Pts',(8.89064271550906E-16,5.20854977095602,
34.975));
#9607=CARTESIAN_POINT('Origin',(0.,0.,3.));
#9608=CARTESIAN_POINT('',(-9.69379884780546,0.931948778860999,3.));
#9609=CARTESIAN_POINT('',(-10.9360182275086,-1.18472619948803,2.99999999999998));
#9610=CARTESIAN_POINT('Ctrl Pts',(-10.9360182275086,-1.18472619948802,3.));
#9611=CARTESIAN_POINT('Ctrl Pts',(-10.9630891344288,-0.93483898365464,3.));
#9612=CARTESIAN_POINT('Ctrl Pts',(-10.9405998046752,-0.682535588156079,
2.99999999999988));
#9613=CARTESIAN_POINT('Ctrl Pts',(-10.8000342129812,-0.182994652930546,
2.99999999999988));
#9614=CARTESIAN_POINT('Ctrl Pts',(-10.6775344722207,0.0577886160827819,
2.99999999999867));
#9615=CARTESIAN_POINT('Ctrl Pts',(-10.4069921526813,0.410874132420988,2.99999999999867));
#9616=CARTESIAN_POINT('Ctrl Pts',(-10.2824148520597,0.53802215389116,2.99999999999993));
#9617=CARTESIAN_POINT('Ctrl Pts',(-10.0058922647818,0.760721583937069,2.99999999999993));
#9618=CARTESIAN_POINT('Ctrl Pts',(-9.85447091853948,0.855653005261092,3.));
#9619=CARTESIAN_POINT('Ctrl Pts',(-9.69379884780546,0.931948778860999,3.));
#9620=CARTESIAN_POINT('',(-15.001322185281,-1.58834984604825,3.));
#9621=CARTESIAN_POINT('',(-2.14474736019205,4.51664598579793,3.));
#9622=CARTESIAN_POINT('',(-12.6907757300836,-8.15516608713558,3.));
#9623=CARTESIAN_POINT('Origin',(-13.5,-4.75,3.));
#9624=CARTESIAN_POINT('',(-6.97445747998786,-6.79670563493642,3.));
#9625=CARTESIAN_POINT('',(-5.76737015714333,-6.50984610075849,3.));
#9626=CARTESIAN_POINT('',(-9.26841157541469,-5.92423984228126,2.99999999999998));
#9627=CARTESIAN_POINT('Ctrl Pts',(-6.97445747998786,-6.79670563493642,3.));
#9628=CARTESIAN_POINT('Ctrl Pts',(-7.26305460810853,-6.86528960245145,3.));
#9629=CARTESIAN_POINT('Ctrl Pts',(-7.56330834219649,-6.87717434272305,3.00000000000764));
#9630=CARTESIAN_POINT('Ctrl Pts',(-8.13770709365314,-6.78443737440236,3.00000000000764));
#9631=CARTESIAN_POINT('Ctrl Pts',(-8.40837879287792,-6.68479301158097,3.00000000000355));
#9632=CARTESIAN_POINT('Ctrl Pts',(-8.77452830230549,-6.45556513410033,3.00000000000355));
#9633=CARTESIAN_POINT('Ctrl Pts',(-8.89034440876073,-6.36447746732216,3.));
#9634=CARTESIAN_POINT('Ctrl Pts',(-9.09843096076217,-6.15947108889806,3.));
#9635=CARTESIAN_POINT('Ctrl Pts',(-9.19023097420894,-6.04655257918576,3.));
#9636=CARTESIAN_POINT('Ctrl Pts',(-9.26841157541468,-5.92423984228126,3.));
#9637=CARTESIAN_POINT('Origin',(0.,0.,3.));
#9638=CARTESIAN_POINT('',(-15.25,-4.75,3.));
#9639=CARTESIAN_POINT('Origin',(-13.5,-4.75,3.));
#9640=CARTESIAN_POINT('Origin',(0.,0.,3.));
#9641=CARTESIAN_POINT('',(9.26841157541469,5.92423984228126,2.99999999999998));
#9642=CARTESIAN_POINT('',(6.97445747998786,6.79670563493642,3.));
#9643=CARTESIAN_POINT('Ctrl Pts',(6.97445747998786,6.79670563493642,3.));
#9644=CARTESIAN_POINT('Ctrl Pts',(7.26305459527273,6.86528959940108,3.));
#9645=CARTESIAN_POINT('Ctrl Pts',(7.56330831557603,6.87717434168678,3.00000000000766));
#9646=CARTESIAN_POINT('Ctrl Pts',(8.13770701198589,6.78443739272127,3.00000000000766));
#9647=CARTESIAN_POINT('Ctrl Pts',(8.40837867319811,6.68479305863326,3.00000000000356));
#9648=CARTESIAN_POINT('Ctrl Pts',(8.77452820023287,6.45556521237298,3.00000000000356));
#9649=CARTESIAN_POINT('Ctrl Pts',(8.89034434519881,6.36447752538526,3.));
#9650=CARTESIAN_POINT('Ctrl Pts',(9.09843094233212,6.15947111155926,3.));
#9651=CARTESIAN_POINT('Ctrl Pts',(9.19023096634779,6.04655259148445,3.));
#9652=CARTESIAN_POINT('Ctrl Pts',(9.26841157541467,5.92423984228126,3.));
#9653=CARTESIAN_POINT('',(10.9360182275086,1.18472619948803,2.99999999999999));
#9654=CARTESIAN_POINT('Origin',(0.,0.,3.));
#9655=CARTESIAN_POINT('',(9.69379884780546,-0.931948778860999,3.));
#9656=CARTESIAN_POINT('Ctrl Pts',(10.9360182275086,1.18472619948803,3.));
#9657=CARTESIAN_POINT('Ctrl Pts',(10.9630891301724,0.934839022945511,3.));
#9658=CARTESIAN_POINT('Ctrl Pts',(10.9405998117707,0.682535667065771,2.99999999999987));
#9659=CARTESIAN_POINT('Ctrl Pts',(10.800034276345,0.182994821034687,2.99999999999987));
#9660=CARTESIAN_POINT('Ctrl Pts',(10.6775345884696,-0.0577884037187263,
2.99999999999868));
#9661=CARTESIAN_POINT('Ctrl Pts',(10.4069923173435,-0.410873957662133,2.99999999999868));
#9662=CARTESIAN_POINT('Ctrl Pts',(10.2824149844497,-0.53802203565166,2.99999999999993));
#9663=CARTESIAN_POINT('Ctrl Pts',(10.0058923302057,-0.76072154290913,2.99999999999993));
#9664=CARTESIAN_POINT('Ctrl Pts',(9.85447095328964,-0.855652988759837,3.));
#9665=CARTESIAN_POINT('Ctrl Pts',(9.69379884780546,-0.931948778860999,3.));
#9666=CARTESIAN_POINT('',(15.001322185281,1.58834984604825,3.));
#9667=CARTESIAN_POINT('',(2.14474736019206,-4.51664598579793,3.));
#9668=CARTESIAN_POINT('',(12.6907757300836,8.15516608713559,3.));
#9669=CARTESIAN_POINT('Origin',(13.5,4.75,3.));
#9670=CARTESIAN_POINT('',(5.76737015714333,6.50984610075849,3.));
#9671=CARTESIAN_POINT('',(11.75,4.75,3.));
#9672=CARTESIAN_POINT('Origin',(13.5,4.75,3.));
#9673=CARTESIAN_POINT('Origin',(-1.33226762955019E-14,-3.60822483003176E-15,
3.));
#9674=CARTESIAN_POINT('',(-8.83590045621632,-0.874708451968569,0.));
#9675=CARTESIAN_POINT('',(-7.43687134851152,-4.8508964422875,0.));
#9676=CARTESIAN_POINT('Origin',(-1.33226762955019E-14,-3.60822483003176E-15,
0.));
#9677=CARTESIAN_POINT('',(-8.83590045621632,-0.874708451968571,3.));
#9678=CARTESIAN_POINT('',(-8.83590045621632,-0.874708451968569,3.));
#9679=CARTESIAN_POINT('',(-7.43687134851152,-4.85089644228751,3.));
#9680=CARTESIAN_POINT('Origin',(0.,0.,3.));
#9681=CARTESIAN_POINT('',(-7.43687134851152,-4.8508964422875,3.));
#9682=CARTESIAN_POINT('Origin',(-1.33226762955019E-14,-3.60822483003176E-15,
3.));
#9683=CARTESIAN_POINT('',(8.83590045621632,0.874708451968569,0.));
#9684=CARTESIAN_POINT('',(7.43687134851152,4.8508964422875,0.));
#9685=CARTESIAN_POINT('Origin',(-1.33226762955019E-14,-3.60822483003176E-15,
0.));
#9686=CARTESIAN_POINT('',(8.83590045621632,0.874708451968571,3.));
#9687=CARTESIAN_POINT('',(8.83590045621632,0.874708451968569,3.));
#9688=CARTESIAN_POINT('',(7.43687134851151,4.85089644228751,3.));
#9689=CARTESIAN_POINT('Origin',(0.,0.,3.));
#9690=CARTESIAN_POINT('',(7.43687134851152,4.8508964422875,3.));
#9691=CARTESIAN_POINT('Origin',(0.,0.,0.));
#9692=CARTESIAN_POINT('',(-1.15603541579696,4.86452611438139,0.));
#9693=CARTESIAN_POINT('',(12.6907757300836,8.15516608713559,0.));
#9694=CARTESIAN_POINT('',(-1.15603541579696,4.86452611438139,0.));
#9695=CARTESIAN_POINT('',(15.001322185281,1.58834984604825,0.));
#9696=CARTESIAN_POINT('Origin',(13.5,4.75,0.));
#9697=CARTESIAN_POINT('',(2.14474736019206,-4.51664598579793,0.));
#9698=CARTESIAN_POINT('',(2.14474736019206,-4.51664598579793,0.));
#9699=CARTESIAN_POINT('',(1.15603541579696,-4.86452611438139,0.));
#9700=CARTESIAN_POINT('Origin',(0.,0.,0.));
#9701=CARTESIAN_POINT('',(-12.6907757300836,-8.15516608713558,0.));
#9702=CARTESIAN_POINT('',(-12.6907757300836,-8.15516608713558,0.));
#9703=CARTESIAN_POINT('',(-15.001322185281,-1.58834984604825,0.));
#9704=CARTESIAN_POINT('Origin',(-13.5,-4.75,0.));
#9705=CARTESIAN_POINT('',(-2.14474736019205,4.51664598579793,0.));
#9706=CARTESIAN_POINT('',(-15.001322185281,-1.58834984604825,0.));
#9707=CARTESIAN_POINT('Origin',(0.,0.,0.));
#9708=CARTESIAN_POINT('',(0.693621547273307,-2.91871692173249,0.));
#9709=CARTESIAN_POINT('',(0.693621547273306,-2.91871692173249,0.));
#9710=CARTESIAN_POINT('',(1.28684896860291,-2.70998875496837,0.));
#9711=CARTESIAN_POINT('Origin',(-1.33226762955019E-14,-3.60822483003176E-15,
0.));
#9712=CARTESIAN_POINT('',(5.06137471240962,-0.917640151499898,0.));
#9713=CARTESIAN_POINT('',(-0.693621547273311,2.91871692173248,0.));
#9714=CARTESIAN_POINT('',(-0.693621547273308,2.91871692173249,0.));
#9715=CARTESIAN_POINT('',(-1.28684896860291,2.70998875496837,0.));
#9716=CARTESIAN_POINT('Origin',(-1.33226762955019E-14,-3.60822483003176E-15,
0.));
#9717=CARTESIAN_POINT('',(-5.06137471240962,0.917640151499897,0.));
#9718=CARTESIAN_POINT('',(-15.25,-4.75,0.));
#9719=CARTESIAN_POINT('Origin',(-13.5,-4.75,0.));
#9720=CARTESIAN_POINT('',(11.75,4.75,0.));
#9721=CARTESIAN_POINT('Origin',(13.5,4.75,0.));
#9722=CARTESIAN_POINT('Origin',(-13.5,-4.75,0.));
#9723=CARTESIAN_POINT('',(-12.6907757300836,-8.15516608713558,0.));
#9724=CARTESIAN_POINT('',(-15.001322185281,-1.58834984604825,0.));
#9725=CARTESIAN_POINT('Origin',(13.5,4.75,0.));
#9726=CARTESIAN_POINT('',(12.6907757300836,8.15516608713559,0.));
#9727=CARTESIAN_POINT('',(15.001322185281,1.58834984604825,0.));
#9728=CARTESIAN_POINT('Origin',(13.5,4.75,0.));
#9729=CARTESIAN_POINT('',(11.75,4.75,0.));
#9730=CARTESIAN_POINT('Origin',(-13.5,-4.75,0.));
#9731=CARTESIAN_POINT('',(-15.25,-4.75,0.));
#9732=CARTESIAN_POINT('Origin',(0.,0.,0.));
#9733=CARTESIAN_POINT('',(-0.693621547273309,2.91871692173248,19.6574145408933));
#9734=CARTESIAN_POINT('',(-0.693621547273309,2.91871692173248,0.));
#9735=CARTESIAN_POINT('',(1.28684896860291,-2.70998875496837,19.6574145408934));
#9736=CARTESIAN_POINT('Origin',(0.,0.,19.6574145408934));
#9737=CARTESIAN_POINT('',(1.28684896860291,-2.70998875496837,3.));
#9738=CARTESIAN_POINT('',(0.693621547273308,-2.91871692173249,19.6574145408933));
#9739=CARTESIAN_POINT('',(0.693621547273308,-2.91871692173249,0.));
#9740=CARTESIAN_POINT('',(-3.0000032200065,-3.67394434081271E-16,19.6574145408933));
#9741=CARTESIAN_POINT('Origin',(0.,0.,19.6574145408933));
#9742=CARTESIAN_POINT('',(-3.0000032200065,3.67394434081271E-16,28.));
#9743=CARTESIAN_POINT('',(-3.0000032200065,-3.67394434081271E-16,0.));
#9744=CARTESIAN_POINT('Origin',(0.,0.,28.));
#9745=CARTESIAN_POINT('',(-1.28684896860291,2.70998875496836,19.6574145408934));
#9746=CARTESIAN_POINT('Origin',(0.,0.,19.6574145408933));
#9747=CARTESIAN_POINT('',(-1.28684896860291,2.70998875496837,3.));
#9748=CARTESIAN_POINT('Origin',(13.1531895986073,6.20935689448668,0.));
#9749=CARTESIAN_POINT('Ctrl Pts',(-0.693621547273339,2.91871692173248,19.6574145408933));
#9750=CARTESIAN_POINT('Ctrl Pts',(1.35969203215644,3.40667878312327,19.6574145408934));
#9751=CARTESIAN_POINT('Ctrl Pts',(7.4368713485115,4.85089644228751,3.00000000000001));
#9752=CARTESIAN_POINT('Origin',(0.,0.,10.8343597645297));
#9753=CARTESIAN_POINT('Ctrl Pts',(1.28684896860291,-2.70998875496837,19.6574145408933));
#9754=CARTESIAN_POINT('Ctrl Pts',(3.19332255267888,-1.80469216994047,19.6574145408933));
#9755=CARTESIAN_POINT('Ctrl Pts',(8.83590045621632,0.874708451968567,2.99999999999999));
#9756=CARTESIAN_POINT('Origin',(0.,0.,10.8343597645297));
#9757=CARTESIAN_POINT('Ctrl Pts',(-8.83590045621633,-0.874708451968571,
3.));
#9758=CARTESIAN_POINT('Ctrl Pts',(-3.19332255267889,1.80469216994047,19.6574145408934));
#9759=CARTESIAN_POINT('Ctrl Pts',(-1.28684896860291,2.70998875496837,19.6574145408934));
#9760=CARTESIAN_POINT('Ctrl Pts',(0.693621547273302,-2.91871692173249,19.6574145408933));
#9761=CARTESIAN_POINT('Ctrl Pts',(-1.35969203215648,-3.40667878312328,19.6574145408933));
#9762=CARTESIAN_POINT('Ctrl Pts',(-7.43687134851152,-4.85089644228751,2.99999999999998));
#9763=CARTESIAN_POINT('Origin',(-1.28684896860291,2.70998875496837,0.));
#9764=CARTESIAN_POINT('Origin',(-13.1531895986073,-6.20935689448668,0.));
#9765=CARTESIAN_POINT('Origin',(1.28684896860291,-2.70998875496837,0.));
#9766=CARTESIAN_POINT('Origin',(0.,0.,28.));
#9767=CARTESIAN_POINT('Origin',(12.6907757300836,8.15516608713559,0.));
#9768=CARTESIAN_POINT('',(-1.15603541579696,4.86452611438139,19.6574145408934));
#9769=CARTESIAN_POINT('',(-1.15603541579696,4.86452611438139,0.));
#9770=CARTESIAN_POINT('Ctrl Pts',(6.97450915461866,6.79671791520831,3.00001990860489));
#9771=CARTESIAN_POINT('Ctrl Pts',(6.09442160782764,6.58756858613298,5.4133788596513));
#9772=CARTESIAN_POINT('Ctrl Pts',(4.55097133248838,6.22077372495652,9.57526894997881));
#9773=CARTESIAN_POINT('Ctrl Pts',(2.54202850327177,5.74335639708571,14.5592670035688));
#9774=CARTESIAN_POINT('Ctrl Pts',(1.11100155538659,5.40327849559716,17.4977756766875));
#9775=CARTESIAN_POINT('Ctrl Pts',(0.195072300035162,5.1856115260602,18.8529869046395));
#9776=CARTESIAN_POINT('Ctrl Pts',(-0.485549412445167,5.02386446460205,19.4876740920506));
#9777=CARTESIAN_POINT('Ctrl Pts',(-0.927730295572625,4.91878192437835,19.6574145408934));
#9778=CARTESIAN_POINT('Ctrl Pts',(-1.15603541579696,4.86452611438139,19.6574145408934));
#9779=CARTESIAN_POINT('Origin',(-2.14474736019205,4.51664598579793,0.));
#9780=CARTESIAN_POINT('',(-2.14474736019205,4.51664598579793,19.6574145408933));
#9781=CARTESIAN_POINT('Ctrl Pts',(-2.14474736018559,4.516645985801,19.6574145408933));
#9782=CARTESIAN_POINT('Ctrl Pts',(-2.35672554240387,4.41598730053753,19.6574145408949));
#9783=CARTESIAN_POINT('Ctrl Pts',(-2.76729381666371,4.221027318027,19.4876842615309));
#9784=CARTESIAN_POINT('Ctrl Pts',(-3.39924711006508,3.92094177622251,18.852994254989));
#9785=CARTESIAN_POINT('Ctrl Pts',(-4.24966501772792,3.51711744102886,17.497793668408));
#9786=CARTESIAN_POINT('Ctrl Pts',(-5.57839500233765,2.88616470843467,14.5592512050019));
#9787=CARTESIAN_POINT('Ctrl Pts',(-7.44361468311767,2.00045770392069,9.57528115578005));
#9788=CARTESIAN_POINT('Ctrl Pts',(-8.87669647100985,1.31995310134931,5.41337999828331));
#9789=CARTESIAN_POINT('Ctrl Pts',(-9.69384674557733,0.931926034412995,3.00001987483698));
#9790=CARTESIAN_POINT('',(-2.14474736019205,4.51664598579793,0.));
#9791=CARTESIAN_POINT('Ctrl Pts',(2.14474736018557,-4.51664598580101,19.6574145408934));
#9792=CARTESIAN_POINT('Ctrl Pts',(2.35672553568517,-4.41598730372793,19.6574145408949));
#9793=CARTESIAN_POINT('Ctrl Pts',(2.76728469109854,-4.22103165133802,19.4876363166588));
#9794=CARTESIAN_POINT('Ctrl Pts',(3.39935074049031,-3.92089256690178,18.8532607961755));
#9795=CARTESIAN_POINT('Ctrl Pts',(4.24932698525991,-3.51727795709448,17.4968029000677));
#9796=CARTESIAN_POINT('Ctrl Pts',(5.19990205522316,-3.06589359392352,15.4020237644963));
#9797=CARTESIAN_POINT('Ctrl Pts',(6.56749449305985,-2.41648687041856,11.9614263475198));
#9798=CARTESIAN_POINT('Ctrl Pts',(8.1235256849823,-1.67759925298166,7.60312137611537));
#9799=CARTESIAN_POINT('Ctrl Pts',(9.32554812006597,-1.10681410563036,4.0917427932964));
#9800=CARTESIAN_POINT('Ctrl Pts',(9.91890635406969,-0.825055581710342,2.3343597645297));
#9801=CARTESIAN_POINT('Ctrl Pts',(2.14474736018477,-4.51664598580139,19.7866688702092));
#9802=CARTESIAN_POINT('Ctrl Pts',(2.38260267577095,-4.40369944055185,19.7866688702108));
#9803=CARTESIAN_POINT('Ctrl Pts',(2.84291512309108,-4.18508803460507,19.6177285728183));
#9804=CARTESIAN_POINT('Ctrl Pts',(3.54467262319758,-3.85186842693122,18.986313738681));
#9805=CARTESIAN_POINT('Ctrl Pts',(4.47207119611901,-3.41149453946007,17.6355139253047));
#9806=CARTESIAN_POINT('Ctrl Pts',(5.48177915998272,-2.93209192066709,15.5476425019826));
#9807=CARTESIAN_POINT('Ctrl Pts',(6.90786061171656,-2.25492980426354,12.1156129753024));
#9808=CARTESIAN_POINT('Ctrl Pts',(8.50197179795112,-1.49805757331236,7.76473664942553));
#9809=CARTESIAN_POINT('Ctrl Pts',(9.72243350765064,-0.918146510935222,4.25738181146145));
#9810=CARTESIAN_POINT('Ctrl Pts',(10.3235083404771,-0.632928714782011,2.50177193236353));
#9811=CARTESIAN_POINT('Ctrl Pts',(2.13530996234572,-4.49677167060248,20.012858746449));
#9812=CARTESIAN_POINT('Ctrl Pts',(2.41844843451702,-4.36232223784479,20.0128587464506));
#9813=CARTESIAN_POINT('Ctrl Pts',(2.9626900312895,-4.09566095203526,19.845390258351));
#9814=CARTESIAN_POINT('Ctrl Pts',(3.77531943684824,-3.68124017770212,19.2191335135154));
#9815=CARTESIAN_POINT('Ctrl Pts',(4.81760801503722,-3.13340854371422,17.8781628595172));
#9816=CARTESIAN_POINT('Ctrl Pts',(5.90673489020544,-2.55536595041497,15.8021905854327));
#9817=CARTESIAN_POINT('Ctrl Pts',(7.40672587898997,-1.77166749600008,12.3848490348365));
#9818=CARTESIAN_POINT('Ctrl Pts',(9.04392493563418,-0.9364722473512,8.0465719671508));
#9819=CARTESIAN_POINT('Ctrl Pts',(10.2851429665697,-0.31697779369373,4.54616671076259));
#9820=CARTESIAN_POINT('Ctrl Pts',(10.8940420219633,-0.0149826848083866,
2.7934797789527));
#9821=CARTESIAN_POINT('Ctrl Pts',(2.10967840334363,-4.44279390137061,20.2316405890247));
#9822=CARTESIAN_POINT('Ctrl Pts',(2.43661765969023,-4.28754549155587,20.2316405890263));
#9823=CARTESIAN_POINT('Ctrl Pts',(3.05598094115447,-3.96305594770997,20.0631081009951));
#9824=CARTESIAN_POINT('Ctrl Pts',(3.94739633885959,-3.4360165888974,19.4330880169345));
#9825=CARTESIAN_POINT('Ctrl Pts',(5.03750030370467,-2.73125562339099,18.0848154614448));
#9826=CARTESIAN_POINT('Ctrl Pts',(6.119376918001,-2.01271440439307,15.9997208071723));
#9827=CARTESIAN_POINT('Ctrl Pts',(7.58649566228082,-1.08607766368443,12.5708085427498));
#9828=CARTESIAN_POINT('Ctrl Pts',(9.1770775170614,-0.154471924782219,8.22230006756366));
#9829=CARTESIAN_POINT('Ctrl Pts',(10.3911932239619,0.511242150135633,4.71614901436398));
#9830=CARTESIAN_POINT('Ctrl Pts',(10.9880608151933,0.832045091036061,2.96102670306402));
#9831=CARTESIAN_POINT('Ctrl Pts',(2.09583885905721,-4.4136490597433,20.3230547763636));
#9832=CARTESIAN_POINT('Ctrl Pts',(2.44107913847313,-4.24971033613384,20.3230547763652));
#9833=CARTESIAN_POINT('Ctrl Pts',(3.09065650363707,-3.89901506850085,20.153276552129));
#9834=CARTESIAN_POINT('Ctrl Pts',(4.00862087589921,-3.31975570548271,19.5189010316458));
#9835=CARTESIAN_POINT('Ctrl Pts',(5.10430118274563,-2.54392424401126,18.1624431355379));
#9836=CARTESIAN_POINT('Ctrl Pts',(6.16489489873285,-1.7666537454144,16.0676639999666));
#9837=CARTESIAN_POINT('Ctrl Pts',(7.59733523029217,-0.785160292170092,12.62706658299));
#9838=CARTESIAN_POINT('Ctrl Pts',(9.15236337722197,0.178621376701335,8.26876161158565));
#9839=CARTESIAN_POINT('Ctrl Pts',(10.3474787518279,0.858486487528897,4.75738302876668));
#9840=CARTESIAN_POINT('Ctrl Pts',(10.9360182275086,1.18472619948803,2.99999999999998));
#9841=CARTESIAN_POINT('',(3.27722631526277,-3.77621766833225,20.));
#9842=CARTESIAN_POINT('Ctrl Pts',(10.9360182275086,1.18472619948803,2.99999999999998));
#9843=CARTESIAN_POINT('Ctrl Pts',(10.3474787518279,0.858486487528897,4.75738302876668));
#9844=CARTESIAN_POINT('Ctrl Pts',(9.15236337722197,0.178621376701335,8.26876161158565));
#9845=CARTESIAN_POINT('Ctrl Pts',(7.59733523029217,-0.785160292170092,12.62706658299));
#9846=CARTESIAN_POINT('Ctrl Pts',(6.16489489873285,-1.7666537454144,16.0676639999666));
#9847=CARTESIAN_POINT('Ctrl Pts',(5.10430118274563,-2.54392424401126,18.1624431355379));
#9848=CARTESIAN_POINT('Ctrl Pts',(4.05489396804738,-3.28699056360347,19.4616147038461));
#9849=CARTESIAN_POINT('Ctrl Pts',(3.45370909296216,-3.66956809107677,19.8998886874355));
#9850=CARTESIAN_POINT('Ctrl Pts',(3.27690693810321,-3.77620974886806,19.9994412799928));
#9851=CARTESIAN_POINT('',(2.14474736019205,-4.51664598579793,19.6574145408934));
#9852=CARTESIAN_POINT('Ctrl Pts',(2.14474736018557,-4.51664598580101,19.6574145408934));
#9853=CARTESIAN_POINT('Ctrl Pts',(2.14624501050313,-4.51593482057461,19.6584631038496));
#9854=CARTESIAN_POINT('Ctrl Pts',(2.14774389125457,-4.51522215821111,19.6595088819164));
#9855=CARTESIAN_POINT('Ctrl Pts',(2.30999868404463,-4.43797672198949,19.7723221370929));
#9856=CARTESIAN_POINT('Ctrl Pts',(2.48299326216062,-4.34463650075528,19.8510174045591));
#9857=CARTESIAN_POINT('Ctrl Pts',(2.86776036842046,-4.10355446478903,19.9712761920117));
#9858=CARTESIAN_POINT('Ctrl Pts',(3.07958372991198,-3.94774366037449,20.));
#9859=CARTESIAN_POINT('Ctrl Pts',(3.27722631526275,-3.77621766833226,20.));
#9860=CARTESIAN_POINT('Ctrl Pts',(2.14474736018557,-4.51664598580101,19.6574145408934));
#9861=CARTESIAN_POINT('Ctrl Pts',(2.35672553568517,-4.41598730372793,19.6574145408949));
#9862=CARTESIAN_POINT('Ctrl Pts',(2.76728469109854,-4.22103165133802,19.4876363166588));
#9863=CARTESIAN_POINT('Ctrl Pts',(3.39935074049031,-3.92089256690178,18.8532607961755));
#9864=CARTESIAN_POINT('Ctrl Pts',(4.24932698525991,-3.51727795709448,17.4968029000677));
#9865=CARTESIAN_POINT('Ctrl Pts',(5.19990205522316,-3.06589359392352,15.4020237644963));
#9866=CARTESIAN_POINT('Ctrl Pts',(6.56749449305985,-2.41648687041856,11.9614263475198));
#9867=CARTESIAN_POINT('Ctrl Pts',(8.04493349477703,-1.71491906795155,7.82325111070122));
#9868=CARTESIAN_POINT('Ctrl Pts',(9.17359781235807,-1.17896831527212,4.5350269145016));
#9869=CARTESIAN_POINT('Ctrl Pts',(9.69376364710269,-0.9319654940551,2.99998538703069));
#9870=CARTESIAN_POINT('Origin',(0.,0.,11.5));
#9871=CARTESIAN_POINT('',(0.190575093096914,4.99637001571806,20.));
#9872=CARTESIAN_POINT('Ctrl Pts',(0.190300388161542,4.99615093222534,19.9993750499681));
#9873=CARTESIAN_POINT('Ctrl Pts',(0.39486446161554,5.02371169060177,19.8997945001544));
#9874=CARTESIAN_POINT('Ctrl Pts',(1.10294962616784,5.10187762188466,19.4613842451643));
#9875=CARTESIAN_POINT('Ctrl Pts',(2.38802562091286,5.17954367501539,18.1634159121578));
#9876=CARTESIAN_POINT('Ctrl Pts',(4.21949686828918,5.26115901842152,15.224907239039));
#9877=CARTESIAN_POINT('Ctrl Pts',(6.57531224157611,5.4864104736383,10.0218976083414));
#9878=CARTESIAN_POINT('Ctrl Pts',(8.27367773331902,5.75298237772788,5.63607407944815));
#9879=CARTESIAN_POINT('Ctrl Pts',(9.26841157541468,5.92423984228126,2.99999999999998));
#9880=CARTESIAN_POINT('Origin',(0.,0.,20.));
#9881=CARTESIAN_POINT('Ctrl Pts',(-7.21690316782986,-6.85432189497129,2.3343597645297));
#9882=CARTESIAN_POINT('Ctrl Pts',(-6.25831355280272,-6.62651685946939,4.97043430767878));
#9883=CARTESIAN_POINT('Ctrl Pts',(-4.6392494493185,-6.24175267071524,9.35625873481764));
#9884=CARTESIAN_POINT('Ctrl Pts',(-2.5420283401963,-5.74335635833148,14.5592680576369));
#9885=CARTESIAN_POINT('Ctrl Pts',(-1.11100096402109,-5.40327835506148,17.4977764839639));
#9886=CARTESIAN_POINT('Ctrl Pts',(-0.19507225172456,-5.18561151457938,18.8529870082309));
#9887=CARTESIAN_POINT('Ctrl Pts',(0.485549501190845,-5.02386444351199,19.4876741286588));
#9888=CARTESIAN_POINT('Ctrl Pts',(0.927730303189347,-4.91878192256827,19.6574145408934));
#9889=CARTESIAN_POINT('Ctrl Pts',(1.15603541579697,-4.86452611438139,19.6574145408933));
#9890=CARTESIAN_POINT('Ctrl Pts',(-7.65266832077704,-6.95787976226031,2.50177193236353));
#9891=CARTESIAN_POINT('Ctrl Pts',(-6.68180482570048,-6.72687239830474,5.13518675100945));
#9892=CARTESIAN_POINT('Ctrl Pts',(-5.03688886848879,-6.33655032695021,9.51572756501478));
#9893=CARTESIAN_POINT('Ctrl Pts',(-2.8703355560319,-5.82137241743701,14.7076300366269));
#9894=CARTESIAN_POINT('Ctrl Pts',(-1.3510556048256,-5.46038002741354,17.6364974238917));
#9895=CARTESIAN_POINT('Ctrl Pts',(-0.351556636157886,-5.2227796398519,18.9860390418753));
#9896=CARTESIAN_POINT('Ctrl Pts',(0.404069296905681,-5.04320487740751,19.6177672170551));
#9897=CARTESIAN_POINT('Ctrl Pts',(0.899860059625338,-4.92540517586146,19.7866688702092));
#9898=CARTESIAN_POINT('Ctrl Pts',(1.15603541579697,-4.86452611438139,19.7866688702092));
#9899=CARTESIAN_POINT('Ctrl Pts',(-8.48445048894612,-6.83334743550349,2.79348168664653));
#9900=CARTESIAN_POINT('Ctrl Pts',(-7.48867796073621,-6.61461230041097,5.42251208436042));
#9901=CARTESIAN_POINT('Ctrl Pts',(-5.79082606602871,-6.24786439951377,9.79387758690985));
#9902=CARTESIAN_POINT('Ctrl Pts',(-3.48580171868716,-5.78288052273497,14.9669350716198));
#9903=CARTESIAN_POINT('Ctrl Pts',(-1.79485546721145,-5.45985343564638,17.879142069154));
#9904=CARTESIAN_POINT('Ctrl Pts',(-0.638160285250106,-5.23416886215005,
19.2188589945297));
#9905=CARTESIAN_POINT('Ctrl Pts',(0.25467519039701,-5.04847295542165,19.8454287667176));
#9906=CARTESIAN_POINT('Ctrl Pts',(0.846002294030359,-4.91559037398775,20.0128587554208));
#9907=CARTESIAN_POINT('Ctrl Pts',(1.15094859626293,-4.84312108982562,20.0128587554208));
#9908=CARTESIAN_POINT('Ctrl Pts',(-9.08814522722759,-6.23180518314904,2.96102670306402));
#9909=CARTESIAN_POINT('Ctrl Pts',(-8.08877797196834,-6.04636692412889,5.59371017001299));
#9910=CARTESIAN_POINT('Ctrl Pts',(-6.3819827744961,-5.74959932303096,9.97266288880025));
#9911=CARTESIAN_POINT('Ctrl Pts',(-4.02262078155561,-5.44775844407935,15.160808569873));
#9912=CARTESIAN_POINT('Ctrl Pts',(-2.21848778722178,-5.28388079910512,18.085801050792));
#9913=CARTESIAN_POINT('Ctrl Pts',(-0.925782616878722,-5.15074326252624,
19.4328128827093));
#9914=CARTESIAN_POINT('Ctrl Pts',(0.0988866263319832,-5.00348921673581,
20.0631469360787));
#9915=CARTESIAN_POINT('Ctrl Pts',(0.785012275901458,-4.86866590436895,20.2316405890247));
#9916=CARTESIAN_POINT('Ctrl Pts',(1.1371329768185,-4.7849858107023,20.2316405890247));
#9917=CARTESIAN_POINT('Ctrl Pts',(-9.26841157541468,-5.92423984228126,2.99999999999998));
#9918=CARTESIAN_POINT('Ctrl Pts',(-8.27367755833949,-5.75298234760269,5.63607454314906));
#9919=CARTESIAN_POINT('Ctrl Pts',(-6.57531121378885,-5.4864104252926,10.0218989702879));
#9920=CARTESIAN_POINT('Ctrl Pts',(-4.21949690508982,-5.26115897154111,15.2249082931071));
#9921=CARTESIAN_POINT('Ctrl Pts',(-2.38802473045286,-5.17954364121823,18.1634167194342));
#9922=CARTESIAN_POINT('Ctrl Pts',(-1.04627524738208,-5.09845239386285,19.5186272437012));
#9923=CARTESIAN_POINT('Ctrl Pts',(0.0317431474157446,-4.97526181505542,
20.1533143641291));
#9924=CARTESIAN_POINT('Ctrl Pts',(0.757842053985576,-4.84196042141485,20.3230547763636));
#9925=CARTESIAN_POINT('Ctrl Pts',(1.12967335540579,-4.75359618139713,20.3230547763636));
#9926=CARTESIAN_POINT('',(1.15603541579696,-4.86452611438139,19.6574145408933));
#9927=CARTESIAN_POINT('Ctrl Pts',(-6.97450915200064,-6.79671791458614,3.00001990759672));
#9928=CARTESIAN_POINT('Ctrl Pts',(-6.09442141195925,-6.58756853958563,5.41337933168979));
#9929=CARTESIAN_POINT('Ctrl Pts',(-4.55097061594449,-6.2207735546727,9.57527025966581));
#9930=CARTESIAN_POINT('Ctrl Pts',(-2.5420283401963,-5.74335635833148,14.5592680576369));
#9931=CARTESIAN_POINT('Ctrl Pts',(-1.11100096402109,-5.40327835506148,17.4977764839639));
#9932=CARTESIAN_POINT('Ctrl Pts',(-0.19507225172456,-5.18561151457938,18.8529870082309));
#9933=CARTESIAN_POINT('Ctrl Pts',(0.485549501190845,-5.02386444351199,19.4876741286588));
#9934=CARTESIAN_POINT('Ctrl Pts',(0.927730303189347,-4.91878192256827,19.6574145408934));
#9935=CARTESIAN_POINT('Ctrl Pts',(1.15603541579697,-4.86452611438139,19.6574145408933));
#9936=CARTESIAN_POINT('',(-0.190575093096906,-4.99637001571806,20.));
#9937=CARTESIAN_POINT('Ctrl Pts',(-0.190575093096903,-4.99637001571806,
20.));
#9938=CARTESIAN_POINT('Ctrl Pts',(-0.16875730956712,-4.99720220511041,20.));
#9939=CARTESIAN_POINT('Ctrl Pts',(-0.146933729702521,-4.99789147711224,
19.9997970392898));
#9940=CARTESIAN_POINT('Ctrl Pts',(0.130953334645791,-5.00484698600994,19.9945762254666));
#9941=CARTESIAN_POINT('Ctrl Pts',(0.387489266095853,-4.9909699511914,19.961668116808));
#9942=CARTESIAN_POINT('Ctrl Pts',(0.814664562522131,-4.93668940062957,19.8385059098005));
#9943=CARTESIAN_POINT('Ctrl Pts',(0.991438703962543,-4.90347129720839,19.7636085910569));
#9944=CARTESIAN_POINT('Ctrl Pts',(1.15280749722708,-4.8652923688914,19.6595088933967));
#9945=CARTESIAN_POINT('Ctrl Pts',(1.1544224038891,-4.86490944028976,19.6584631102789));
#9946=CARTESIAN_POINT('Ctrl Pts',(1.15603541579526,-4.8645261143818,19.6574145408933));
#9947=CARTESIAN_POINT('Ctrl Pts',(-0.190300387233164,-4.9961509300347,19.9993750474358));
#9948=CARTESIAN_POINT('Ctrl Pts',(-0.394864412808898,-5.02371168112165,
19.8997945242346));
#9949=CARTESIAN_POINT('Ctrl Pts',(-1.10294955501893,-5.10187761619925,19.4613843536281));
#9950=CARTESIAN_POINT('Ctrl Pts',(-2.38802473045286,-5.17954364121823,18.1634167194342));
#9951=CARTESIAN_POINT('Ctrl Pts',(-4.21949690508982,-5.26115897154111,15.2249082931071));
#9952=CARTESIAN_POINT('Ctrl Pts',(-6.57531121378885,-5.4864104252926,10.0218989702879));
#9953=CARTESIAN_POINT('Ctrl Pts',(-8.27367755833949,-5.75298234760269,5.63607454314906));
#9954=CARTESIAN_POINT('Ctrl Pts',(-9.26841157541468,-5.92423984228126,2.99999999999998));
#9955=CARTESIAN_POINT('Origin',(-12.6907757300836,-8.15516608713558,0.));
#9956=CARTESIAN_POINT('',(1.15603541579696,-4.86452611438139,0.));
#9957=CARTESIAN_POINT('Ctrl Pts',(-2.14474736018559,4.516645985801,19.6574145408933));
#9958=CARTESIAN_POINT('Ctrl Pts',(-2.35672554240387,4.41598730053753,19.6574145408949));
#9959=CARTESIAN_POINT('Ctrl Pts',(-2.76729381666371,4.221027318027,19.4876842615309));
#9960=CARTESIAN_POINT('Ctrl Pts',(-3.39924711006508,3.92094177622251,18.852994254989));
#9961=CARTESIAN_POINT('Ctrl Pts',(-4.24966501772792,3.51711744102886,17.497793668408));
#9962=CARTESIAN_POINT('Ctrl Pts',(-5.57839500233765,2.88616470843467,14.5592512050019));
#9963=CARTESIAN_POINT('Ctrl Pts',(-7.52557791342014,1.96153713711586,9.35627087555711));
#9964=CARTESIAN_POINT('Ctrl Pts',(-9.0288691597462,1.24769329318925,4.97043384362541));
#9965=CARTESIAN_POINT('Ctrl Pts',(-9.91890635406969,0.825055581710342,2.3343597645297));
#9966=CARTESIAN_POINT('Ctrl Pts',(-2.1447473601848,4.51664598580138,19.7866688702092));
#9967=CARTESIAN_POINT('Ctrl Pts',(-2.38260268330984,4.40369943697197,19.7866688702108));
#9968=CARTESIAN_POINT('Ctrl Pts',(-2.84293422083434,4.18508438593595,19.617777312756));
#9969=CARTESIAN_POINT('Ctrl Pts',(-3.54453043177359,3.85193181353692,18.9860462376831));
#9970=CARTESIAN_POINT('Ctrl Pts',(-4.47258769855105,3.41131807198244,17.6365145471391));
#9971=CARTESIAN_POINT('Ctrl Pts',(-5.88322360019117,2.74140506769629,14.707612837629));
#9972=CARTESIAN_POINT('Ctrl Pts',(-7.89496278609594,1.78644800580358,9.51573882849606));
#9973=CARTESIAN_POINT('Ctrl Pts',(-9.42189624995715,1.06075533369725,5.13518628742429));
#9974=CARTESIAN_POINT('Ctrl Pts',(-10.3235083404771,0.632928714782011,2.50177193236353));
#9975=CARTESIAN_POINT('Ctrl Pts',(-2.13530996234575,4.49677167060247,20.012858746449));
#9976=CARTESIAN_POINT('Ctrl Pts',(-2.41844844349118,4.36232223358337,20.0128587464506));
#9977=CARTESIAN_POINT('Ctrl Pts',(-2.96271461788632,4.09564295414267,19.845438726042));
#9978=CARTESIAN_POINT('Ctrl Pts',(-3.77512391704851,3.68134449021762,19.2188660393508));
#9979=CARTESIAN_POINT('Ctrl Pts',(-4.81828124786449,3.13300775474488,17.8791590408712));
#9980=CARTESIAN_POINT('Ctrl Pts',(-6.33899522955496,2.3260004146082,14.9669177344346));
#9981=CARTESIAN_POINT('Ctrl Pts',(-8.42725769939933,1.24520714794484,9.79388851221009));
#9982=CARTESIAN_POINT('Ctrl Pts',(-9.98069359965868,0.46797526839162,5.42250971385327));
#9983=CARTESIAN_POINT('Ctrl Pts',(-10.8940420219633,0.0149826848083937,
2.7934797789527));
#9984=CARTESIAN_POINT('Ctrl Pts',(-2.10967840334367,4.44279390137059,20.2316405890247));
#9985=CARTESIAN_POINT('Ctrl Pts',(-2.43661767005267,4.28754548663522,20.2316405890263));
#9986=CARTESIAN_POINT('Ctrl Pts',(-3.05601485378913,3.96301777033139,20.0631569968787));
#9987=CARTESIAN_POINT('Ctrl Pts',(-3.94714161423217,3.4361947036986,19.4328200334966));
#9988=CARTESIAN_POINT('Ctrl Pts',(-5.03839085356223,2.73053178915027,18.0858181213974));
#9989=CARTESIAN_POINT('Ctrl Pts',(-6.54770418429657,1.72856458227767,15.1607912848913));
#9990=CARTESIAN_POINT('Ctrl Pts',(-8.57616643039477,0.48655140751603,9.97267418243311));
#9991=CARTESIAN_POINT('Ctrl Pts',(-10.092759585955,-0.350840764396601,5.59370970655658));
#9992=CARTESIAN_POINT('Ctrl Pts',(-10.9880608151933,-0.83204509103606,2.96102670306401));
#9993=CARTESIAN_POINT('Ctrl Pts',(-2.09583885905726,4.41364905974328,20.3230547763636));
#9994=CARTESIAN_POINT('Ctrl Pts',(-2.44107914941563,4.24971033093775,20.3230547763652));
#9995=CARTESIAN_POINT('Ctrl Pts',(-3.09069113408285,3.89896546592753,20.1533244970012));
#9996=CARTESIAN_POINT('Ctrl Pts',(-4.00834552486744,3.31997435129234,19.5186344904593));
#9997=CARTESIAN_POINT('Ctrl Pts',(-5.10524253107155,2.54302058920938,18.1634339038782));
#9998=CARTESIAN_POINT('Ctrl Pts',(-6.58436448710295,1.45979722119636,15.2248914404722));
#9999=CARTESIAN_POINT('Ctrl Pts',(-8.56209856710282,0.160289246252319,10.0219111110274));
#10000=CARTESIAN_POINT('Ctrl Pts',(-10.0532091693972,-0.695366717696147,
5.63607407909569));
#10001=CARTESIAN_POINT('Ctrl Pts',(-10.9360182275086,-1.18472619948803,
2.99999999999998));
#10002=CARTESIAN_POINT('',(-3.27722631526276,3.77621766833225,20.));
#10003=CARTESIAN_POINT('Ctrl Pts',(-10.9360182275086,-1.18472619948803,
2.99999999999998));
#10004=CARTESIAN_POINT('Ctrl Pts',(-10.0532091693972,-0.695366717696147,
5.63607407909569));
#10005=CARTESIAN_POINT('Ctrl Pts',(-8.56209856710282,0.160289246252319,
10.0219111110274));
#10006=CARTESIAN_POINT('Ctrl Pts',(-6.58436448710295,1.45979722119636,15.2248914404722));
#10007=CARTESIAN_POINT('Ctrl Pts',(-5.10524253107155,2.54302058920938,18.1634339038782));
#10008=CARTESIAN_POINT('Ctrl Pts',(-4.05467515983423,3.28715815799453,19.4613948880828));
#10009=CARTESIAN_POINT('Ctrl Pts',(-3.45364236333096,3.66960926529054,19.8998083743475));
#10010=CARTESIAN_POINT('Ctrl Pts',(-3.27688322401214,3.77621876600512,19.9993898308111));
#10011=CARTESIAN_POINT('Ctrl Pts',(-2.14474736018559,4.516645985801,19.6574145408933));
#10012=CARTESIAN_POINT('Ctrl Pts',(-2.14624501292583,4.51593481942418,19.6584631055458));
#10013=CARTESIAN_POINT('Ctrl Pts',(-2.1477438958234,4.51522215603886,19.659508885105));
#10014=CARTESIAN_POINT('Ctrl Pts',(-2.30999824379561,4.43797693127528,19.7723218297671));
#10015=CARTESIAN_POINT('Ctrl Pts',(-2.48299230417253,4.34463701982458,19.8510169661557));
#10016=CARTESIAN_POINT('Ctrl Pts',(-2.86775940842147,4.10355516694456,19.9712760643011));
#10017=CARTESIAN_POINT('Ctrl Pts',(-3.079583282827,3.94774404838143,20.));
#10018=CARTESIAN_POINT('Ctrl Pts',(-3.27722631526275,3.77621766833226,20.));
#10019=CARTESIAN_POINT('Origin',(0.,0.,11.5));
#10020=CARTESIAN_POINT('',(-5.0000032200065,-6.12323793910742E-16,20.));
#10021=CARTESIAN_POINT('Origin',(0.,0.,20.));
#10022=CARTESIAN_POINT('Origin',(0.,0.,20.));
#10023=CARTESIAN_POINT('Ctrl Pts',(7.21690316782986,6.85432189497129,2.33435976452971));
#10024=CARTESIAN_POINT('Ctrl Pts',(6.25831372142423,6.62651689954163,4.97043384397788));
#10025=CARTESIAN_POINT('Ctrl Pts',(4.63925020672048,6.24175285070883,9.35625737287113));
#10026=CARTESIAN_POINT('Ctrl Pts',(2.54202850327177,5.74335639708571,14.5592670035688));
#10027=CARTESIAN_POINT('Ctrl Pts',(1.11100155538659,5.40327849559716,17.4977756766875));
#10028=CARTESIAN_POINT('Ctrl Pts',(0.195072300035162,5.1856115260602,18.8529869046395));
#10029=CARTESIAN_POINT('Ctrl Pts',(-0.485549412445167,5.02386446460205,
19.4876740920506));
#10030=CARTESIAN_POINT('Ctrl Pts',(-0.927730295572625,4.91878192437835,
19.6574145408934));
#10031=CARTESIAN_POINT('Ctrl Pts',(-1.15603541579696,4.86452611438139,19.6574145408934));
#10032=CARTESIAN_POINT('Ctrl Pts',(7.65266832077704,6.95787976226031,2.50177193236353));
#10033=CARTESIAN_POINT('Ctrl Pts',(6.68180499648104,6.72687243894028,5.13518628777641));
#10034=CARTESIAN_POINT('Ctrl Pts',(5.03688968268805,6.3365505205752,9.51572620824454));
#10035=CARTESIAN_POINT('Ctrl Pts',(2.87033568564343,5.82137244816242,14.7076289822853));
#10036=CARTESIAN_POINT('Ctrl Pts',(1.35105625530924,5.46038018210608,17.6364966208045));
#10037=CARTESIAN_POINT('Ctrl Pts',(0.351556687008152,5.22277965191779,18.9860389385133));
#10038=CARTESIAN_POINT('Ctrl Pts',(-0.404069197288624,5.04320490107828,
19.617767180684));
#10039=CARTESIAN_POINT('Ctrl Pts',(-0.899860051078804,4.92540517789251,
19.7866688702092));
#10040=CARTESIAN_POINT('Ctrl Pts',(-1.15603541579696,4.86452611438139,19.7866688702092));
#10041=CARTESIAN_POINT('Ctrl Pts',(8.48445048894612,6.83334743550349,2.79348168664653));
#10042=CARTESIAN_POINT('Ctrl Pts',(7.4886781358984,6.61461233888776,5.42251162189861));
#10043=CARTESIAN_POINT('Ctrl Pts',(5.79082698901471,6.24786457598244,9.79387623904501));
#10044=CARTESIAN_POINT('Ctrl Pts',(3.48580178772793,5.78288054619449,14.9669340167033));
#10045=CARTESIAN_POINT('Ctrl Pts',(1.79485622937298,5.45985358008159,17.8791412733244));
#10046=CARTESIAN_POINT('Ctrl Pts',(0.638160340941825,5.23416887353279,19.2188588915674));
#10047=CARTESIAN_POINT('Ctrl Pts',(-0.254675071266485,5.04847298157282,
19.8454287307619));
#10048=CARTESIAN_POINT('Ctrl Pts',(-0.846002283856712,4.91559037640547,
20.0128587554208));
#10049=CARTESIAN_POINT('Ctrl Pts',(-1.15094859626292,4.84312108982563,20.0128587554208));
#10050=CARTESIAN_POINT('Ctrl Pts',(9.08814522722759,6.23180518314904,2.96102670306402));
#10051=CARTESIAN_POINT('Ctrl Pts',(8.08877814776288,6.04636695674856,5.5937097069086));
#10052=CARTESIAN_POINT('Ctrl Pts',(6.38198377821885,5.74959941571841,9.97266153415669));
#10053=CARTESIAN_POINT('Ctrl Pts',(4.02262077788268,5.44775847936413,15.1608075150014));
#10054=CARTESIAN_POINT('Ctrl Pts',(2.21848864435232,5.28388087270704,18.0858002496008));
#10055=CARTESIAN_POINT('Ctrl Pts',(0.925782676340844,5.15074327037435,19.4328127794381));
#10056=CARTESIAN_POINT('Ctrl Pts',(-0.0988864882991518,5.0034892416291,
20.0631468998225));
#10057=CARTESIAN_POINT('Ctrl Pts',(-0.78501226415397,4.8686659071607,20.2316405890247));
#10058=CARTESIAN_POINT('Ctrl Pts',(-1.13713297681849,4.7849858107023,20.2316405890247));
#10059=CARTESIAN_POINT('Ctrl Pts',(9.26841157541468,5.92423984228126,2.99999999999998));
#10060=CARTESIAN_POINT('Ctrl Pts',(8.27367773331902,5.75298237772788,5.63607407944815));
#10061=CARTESIAN_POINT('Ctrl Pts',(6.57531224157611,5.4864104736383,10.0218976083414));
#10062=CARTESIAN_POINT('Ctrl Pts',(4.21949686828918,5.26115901842152,15.224907239039));
#10063=CARTESIAN_POINT('Ctrl Pts',(2.38802562091286,5.17954367501539,18.1634159121578));
#10064=CARTESIAN_POINT('Ctrl Pts',(1.04627530808666,5.09845239986103,19.5186271401098));
#10065=CARTESIAN_POINT('Ctrl Pts',(-0.0317430016085012,4.97526183875228,
20.1533143275209));
#10066=CARTESIAN_POINT('Ctrl Pts',(-0.757842041580496,4.84196042436286,
20.3230547763636));
#10067=CARTESIAN_POINT('Ctrl Pts',(-1.12967335540578,4.75359618139713,20.3230547763636));
#10068=CARTESIAN_POINT('Ctrl Pts',(0.190575093096907,4.99637001571806,20.));
#10069=CARTESIAN_POINT('Ctrl Pts',(0.168812894147699,4.99720008496387,20.));
#10070=CARTESIAN_POINT('Ctrl Pts',(0.147044929256706,4.9978879641845,19.9997980720476));
#10071=CARTESIAN_POINT('Ctrl Pts',(-0.130800829108846,5.00485171658227,
19.9945914671641));
#10072=CARTESIAN_POINT('Ctrl Pts',(-0.38735290912731,4.99098137637916,19.9616938393117));
#10073=CARTESIAN_POINT('Ctrl Pts',(-0.814588697672995,4.93670352086742,
19.8385381012476));
#10074=CARTESIAN_POINT('Ctrl Pts',(-0.991404468667998,4.90347939688513,
19.7636306754694));
#10075=CARTESIAN_POINT('Ctrl Pts',(-1.15280749342209,4.86529236979363,19.6595088958605));
#10076=CARTESIAN_POINT('Ctrl Pts',(-1.15442240202095,4.86490944073372,19.6584631114933));
#10077=CARTESIAN_POINT('Ctrl Pts',(-1.15603541579521,4.86452611438181,19.6574145408934));
#10078=CARTESIAN_POINT('Origin',(0.,0.,0.));
#10079=CARTESIAN_POINT('',(-4.61939773139082,1.91341719033759,30.000000372529));
#10080=CARTESIAN_POINT('',(-5.0000032200065,6.12323793910742E-16,30.));
#10081=CARTESIAN_POINT('Origin',(0.,0.,30.));
#10082=CARTESIAN_POINT('',(-1.91341719033759,4.61939773139082,30.000000372529));
#10083=CARTESIAN_POINT('Origin',(9.0280316374317E-15,-8.24298540808982E-15,
30.000000372529));
#10084=CARTESIAN_POINT('',(1.91341839406859,4.61940063745453,30.));
#10085=CARTESIAN_POINT('Origin',(0.,0.,30.));
#10086=CARTESIAN_POINT('',(4.61940063745454,1.91341839406859,30.));
#10087=CARTESIAN_POINT('Origin',(0.,0.,30.));
#10088=CARTESIAN_POINT('',(4.61940063745453,-1.91341839406859,30.));
#10089=CARTESIAN_POINT('Origin',(0.,0.,30.));
#10090=CARTESIAN_POINT('',(3.53553618282117,-3.53553618282117,30.));
#10091=CARTESIAN_POINT('Origin',(0.,0.,30.));
#10092=CARTESIAN_POINT('',(1.91341839406859,-4.61940063745453,30.));
#10093=CARTESIAN_POINT('Origin',(0.,0.,30.));
#10094=CARTESIAN_POINT('',(-1.91341839406859,-4.61940063745453,30.));
#10095=CARTESIAN_POINT('Origin',(0.,0.,30.));
#10096=CARTESIAN_POINT('',(-4.61940063745453,-1.91341839406859,30.));
#10097=CARTESIAN_POINT('Origin',(0.,0.,30.));
#10098=CARTESIAN_POINT('Origin',(0.,0.,30.));
#10099=CARTESIAN_POINT('',(-5.0000032200065,-6.12323793910742E-16,0.));
#10100=CARTESIAN_POINT('',(2.14474736019206,-4.51664598579793,0.));
#10101=CARTESIAN_POINT('Origin',(2.14474736019206,-4.51664598579793,0.));
#10102=CARTESIAN_POINT('Ctrl Pts',(-4.1856199717725,4.18561997177251,32.975));
#10103=CARTESIAN_POINT('Ctrl Pts',(-4.1563676101846,4.2148723333604,32.975));
#10104=CARTESIAN_POINT('Ctrl Pts',(-4.10490902223848,4.28038165843558,32.975));
#10105=CARTESIAN_POINT('Ctrl Pts',(-4.03501700099287,4.43250704256742,32.975));
#10106=CARTESIAN_POINT('Ctrl Pts',(-4.01723724508505,4.64759002099585,32.975));
#10107=CARTESIAN_POINT('Ctrl Pts',(-4.11019040068551,4.89433067933499,32.975));
#10108=CARTESIAN_POINT('Ctrl Pts',(-4.29802136830017,5.0822644625,32.975));
#10109=CARTESIAN_POINT('Ctrl Pts',(-4.54479156174164,5.17507584771986,32.975));
#10110=CARTESIAN_POINT('Ctrl Pts',(-4.80295482618803,5.15391032190512,32.975));
#10111=CARTESIAN_POINT('Ctrl Pts',(-5.02093948125618,5.02095016198626,32.975));
#10112=CARTESIAN_POINT('Ctrl Pts',(-5.1539596222241,4.80296182189519,32.975));
#10113=CARTESIAN_POINT('Ctrl Pts',(-5.17505114333889,4.54478767295324,32.975));
#10114=CARTESIAN_POINT('Ctrl Pts',(-5.08227343554657,4.29803450893715,32.975));
#10115=CARTESIAN_POINT('Ctrl Pts',(-4.89432519408338,4.11017613614183,32.975));
#10116=CARTESIAN_POINT('Ctrl Pts',(-4.64760756224546,4.01725845348189,32.975));
#10117=CARTESIAN_POINT('Ctrl Pts',(-4.43249922149972,4.03502137335926,32.975));
#10118=CARTESIAN_POINT('Ctrl Pts',(-4.28038138751496,4.1048962038016,32.975));
#10119=CARTESIAN_POINT('Ctrl Pts',(-4.2148723333604,4.15636761018461,32.975));
#10120=CARTESIAN_POINT('Ctrl Pts',(-4.1856199717725,4.18561997177251,32.975));
#10121=CARTESIAN_POINT('Ctrl Pts',(-4.11847215921157,4.11847215921157,33.2890864492933));
#10122=CARTESIAN_POINT('Ctrl Pts',(-4.08388937066029,4.15305494776284,33.2890864492933));
#10123=CARTESIAN_POINT('Ctrl Pts',(-4.0255445799029,4.23273879073722,33.2902611860431));
#10124=CARTESIAN_POINT('Ctrl Pts',(-3.96113459591152,4.41839506366454,33.2964554721871));
#10125=CARTESIAN_POINT('Ctrl Pts',(-3.98839899568773,4.66150717406499,33.3071287855774));
#10126=CARTESIAN_POINT('Ctrl Pts',(-4.14456175260228,4.8824651702683,33.3096810611801));
#10127=CARTESIAN_POINT('Ctrl Pts',(-4.3506246473901,5.01186005818808,33.3020865298697));
#10128=CARTESIAN_POINT('Ctrl Pts',(-4.56480470403163,5.05877189792751,33.2939761912108));
#10129=CARTESIAN_POINT('Ctrl Pts',(-4.76406998286557,5.02865019666547,33.289803266901));
#10130=CARTESIAN_POINT('Ctrl Pts',(-4.92590666056914,4.9259003446205,33.2887329493103));
#10131=CARTESIAN_POINT('Ctrl Pts',(-5.02864094983297,4.76408169704706,33.2897956660392));
#10132=CARTESIAN_POINT('Ctrl Pts',(-5.05880105934196,4.5647973917876,33.2939897844402));
#10133=CARTESIAN_POINT('Ctrl Pts',(-5.01178351306342,4.35064437957396,33.3020620395162));
#10134=CARTESIAN_POINT('Ctrl Pts',(-4.88255308506889,4.14451212818415,33.3097036180369));
#10135=CARTESIAN_POINT('Ctrl Pts',(-4.66143408233148,3.98857035355149,33.3071274953285));
#10136=CARTESIAN_POINT('Ctrl Pts',(-4.41838272252298,3.9610884560568,33.2964470663595));
#10137=CARTESIAN_POINT('Ctrl Pts',(-4.23276257167015,4.02550805730315,33.2902620379378));
#10138=CARTESIAN_POINT('Ctrl Pts',(-4.15305494776284,4.0838893706603,33.2890864492933));
#10139=CARTESIAN_POINT('Ctrl Pts',(-4.11847215921157,4.11847215921157,33.2890864492933));
#10140=CARTESIAN_POINT('Ctrl Pts',(-4.05132434665063,4.05132434665063,33.6031728985865));
#10141=CARTESIAN_POINT('Ctrl Pts',(-4.01141113113598,4.09123756216528,33.6031728985865));
#10142=CARTESIAN_POINT('Ctrl Pts',(-3.94618013756731,4.18509592303887,33.6055223720863));
#10143=CARTESIAN_POINT('Ctrl Pts',(-3.88725219083017,4.40428308476166,33.6179109443741));
#10144=CARTESIAN_POINT('Ctrl Pts',(-3.95956074629041,4.67542432713413,33.6392575711549));
#10145=CARTESIAN_POINT('Ctrl Pts',(-4.17893310451906,4.8705996612016,33.6443621223602));
#10146=CARTESIAN_POINT('Ctrl Pts',(-4.40322792648004,4.94145565387616,33.6291730597395));
#10147=CARTESIAN_POINT('Ctrl Pts',(-4.58481784632163,4.94246794813515,33.6129523824216));
#10148=CARTESIAN_POINT('Ctrl Pts',(-4.7251851395431,4.90339007142583,33.6046065338021));
#10149=CARTESIAN_POINT('Ctrl Pts',(-4.83087383988211,4.83085052725474,33.6024658986206));
#10150=CARTESIAN_POINT('Ctrl Pts',(-4.90332227744185,4.72520157219894,33.6045913320785));
#10151=CARTESIAN_POINT('Ctrl Pts',(-4.94255097534503,4.58480711062196,33.6129795688805));
#10152=CARTESIAN_POINT('Ctrl Pts',(-4.94129359058027,4.40325425021077,33.6291240790324));
#10153=CARTESIAN_POINT('Ctrl Pts',(-4.8707809760544,4.17884812022646,33.6444072360739));
#10154=CARTESIAN_POINT('Ctrl Pts',(-4.67526060241749,3.9598822536211,33.6392549906571));
#10155=CARTESIAN_POINT('Ctrl Pts',(-4.40426622354624,3.88715553875433,33.6178941327189));
#10156=CARTESIAN_POINT('Ctrl Pts',(-4.18514375582533,3.94611991080471,33.6055240758756));
#10157=CARTESIAN_POINT('Ctrl Pts',(-4.09123756216528,4.01141113113598,33.6031728985865));
#10158=CARTESIAN_POINT('Ctrl Pts',(-4.05132434665063,4.05132434665063,33.6031728985865));
#10159=CARTESIAN_POINT('Ctrl Pts',(-3.98417653408969,3.9841765340897,33.9172593478798));
#10160=CARTESIAN_POINT('Ctrl Pts',(-3.93893289161167,4.02942017656772,33.9172593478798));
#10161=CARTESIAN_POINT('Ctrl Pts',(-3.86681569523173,4.13745305534051,33.9207835581294));
#10162=CARTESIAN_POINT('Ctrl Pts',(-3.81336978574882,4.39017110585877,33.9393664165612));
#10163=CARTESIAN_POINT('Ctrl Pts',(-3.93072249689309,4.68934148020327,33.9713863567324));
#10164=CARTESIAN_POINT('Ctrl Pts',(-4.21330445643583,4.8587341521349,33.9790431835402));
#10165=CARTESIAN_POINT('Ctrl Pts',(-4.45583120556996,4.87105124956424,33.9562595896092));
#10166=CARTESIAN_POINT('Ctrl Pts',(-4.60483098861162,4.8261639983428,33.9319285736325));
#10167=CARTESIAN_POINT('Ctrl Pts',(-4.68630029622064,4.77812994618618,33.9194098007032));
#10168=CARTESIAN_POINT('Ctrl Pts',(-4.73584101919509,4.73580070988898,33.9161988479309));
#10169=CARTESIAN_POINT('Ctrl Pts',(-4.77800360505072,4.68632144735081,33.9193869981178));
#10170=CARTESIAN_POINT('Ctrl Pts',(-4.82630089134811,4.60481682945632,33.9319693533207));
#10171=CARTESIAN_POINT('Ctrl Pts',(-4.87080366809712,4.45586412084757,33.9561861185485));
#10172=CARTESIAN_POINT('Ctrl Pts',(-4.85900886703991,4.21318411226877,33.9791108541109));
#10173=CARTESIAN_POINT('Ctrl Pts',(-4.6890871225035,3.93119415369071,33.9713824859856));
#10174=CARTESIAN_POINT('Ctrl Pts',(-4.3901497245695,3.81322262145187,33.9393411990784));
#10175=CARTESIAN_POINT('Ctrl Pts',(-4.13752493998052,3.86673176430626,33.9207861138134));
#10176=CARTESIAN_POINT('Ctrl Pts',(-4.02942017656772,3.93893289161167,33.9172593478798));
#10177=CARTESIAN_POINT('Ctrl Pts',(-3.98417653408969,3.9841765340897,33.9172593478798));
#10178=CARTESIAN_POINT('',(-4.1856199717725,4.18561997177251,32.975));
#10179=CARTESIAN_POINT('',(-3.98417653408969,3.9841765340897,33.9172593478798));
#10180=CARTESIAN_POINT('',(-4.1856199717725,4.18561997177251,32.975));
#10181=CARTESIAN_POINT('',(-3.99230804032129,4.70000989974076,33.96973640834));
#10182=CARTESIAN_POINT('Ctrl Pts',(-3.98417653408969,3.9841765340897,33.9172593478798));
#10183=CARTESIAN_POINT('Ctrl Pts',(-3.93893289161167,4.02942017656772,33.9172593478798));
#10184=CARTESIAN_POINT('Ctrl Pts',(-3.86681569523173,4.13745305534051,33.9207835581294));
#10185=CARTESIAN_POINT('Ctrl Pts',(-3.81336978574882,4.39017110585877,33.9393664165612));
#10186=CARTESIAN_POINT('Ctrl Pts',(-3.89177551011497,4.59005289538588,33.9607595874458));
#10187=CARTESIAN_POINT('Ctrl Pts',(-3.97906956547599,4.68681844679237,33.9687256479746));
#10188=CARTESIAN_POINT('Ctrl Pts',(-3.99230804032129,4.70000989974075,33.96973640834));
#10189=CARTESIAN_POINT('Ctrl Pts',(-3.99230804032129,4.70000989974075,33.96973640834));
#10190=CARTESIAN_POINT('Ctrl Pts',(-4.05680546397401,4.76427823422411,33.9746608003312));
#10191=CARTESIAN_POINT('Ctrl Pts',(-4.22707194494397,4.85943335541008,33.9777498298432));
#10192=CARTESIAN_POINT('Ctrl Pts',(-4.45583120556996,4.87105124956424,33.9562595896092));
#10193=CARTESIAN_POINT('Ctrl Pts',(-4.60483098861162,4.8261639983428,33.9319285736325));
#10194=CARTESIAN_POINT('Ctrl Pts',(-4.68630029622064,4.77812994618618,33.9194098007032));
#10195=CARTESIAN_POINT('Ctrl Pts',(-4.73584101919509,4.73580070988898,33.9161988479309));
#10196=CARTESIAN_POINT('Ctrl Pts',(-4.77800360505072,4.68632144735081,33.9193869981178));
#10197=CARTESIAN_POINT('Ctrl Pts',(-4.82630089134811,4.60481682945632,33.9319693533207));
#10198=CARTESIAN_POINT('Ctrl Pts',(-4.87080366809712,4.45586412084757,33.9561861185485));
#10199=CARTESIAN_POINT('Ctrl Pts',(-4.85900886703991,4.21318411226877,33.9791108541109));
#10200=CARTESIAN_POINT('Ctrl Pts',(-4.6890871225035,3.93119415369071,33.9713824859856));
#10201=CARTESIAN_POINT('Ctrl Pts',(-4.3901497245695,3.81322262145187,33.9393411990784));
#10202=CARTESIAN_POINT('Ctrl Pts',(-4.13752493998052,3.86673176430626,33.9207861138134));
#10203=CARTESIAN_POINT('Ctrl Pts',(-4.02942017656772,3.93893289161167,33.9172593478798));
#10204=CARTESIAN_POINT('Ctrl Pts',(-3.98417653408969,3.9841765340897,33.9172593478798));
#10205=CARTESIAN_POINT('Ctrl Pts',(-4.1856199717725,4.18561997177251,32.975));
#10206=CARTESIAN_POINT('Ctrl Pts',(-4.2148723333604,4.15636761018461,32.975));
#10207=CARTESIAN_POINT('Ctrl Pts',(-4.28038138751496,4.1048962038016,32.975));
#10208=CARTESIAN_POINT('Ctrl Pts',(-4.43249922149972,4.03502137335926,32.975));
#10209=CARTESIAN_POINT('Ctrl Pts',(-4.64760756224546,4.01725845348189,32.975));
#10210=CARTESIAN_POINT('Ctrl Pts',(-4.89432519408338,4.11017613614183,32.975));
#10211=CARTESIAN_POINT('Ctrl Pts',(-5.08227343554657,4.29803450893715,32.975));
#10212=CARTESIAN_POINT('Ctrl Pts',(-5.17505114333889,4.54478767295324,32.975));
#10213=CARTESIAN_POINT('Ctrl Pts',(-5.1539596222241,4.80296182189519,32.975));
#10214=CARTESIAN_POINT('Ctrl Pts',(-5.02093948125618,5.02095016198626,32.975));
#10215=CARTESIAN_POINT('Ctrl Pts',(-4.80295482618803,5.15391032190512,32.975));
#10216=CARTESIAN_POINT('Ctrl Pts',(-4.54479156174164,5.17507584771986,32.975));
#10217=CARTESIAN_POINT('Ctrl Pts',(-4.29802136830017,5.0822644625,32.975));
#10218=CARTESIAN_POINT('Ctrl Pts',(-4.11019040068551,4.89433067933499,32.975));
#10219=CARTESIAN_POINT('Ctrl Pts',(-4.01723724508505,4.64759002099585,32.975));
#10220=CARTESIAN_POINT('Ctrl Pts',(-4.03501700099287,4.43250704256742,32.975));
#10221=CARTESIAN_POINT('Ctrl Pts',(-4.10490902223848,4.28038165843558,32.975));
#10222=CARTESIAN_POINT('Ctrl Pts',(-4.1563676101846,4.2148723333604,32.975));
#10223=CARTESIAN_POINT('Ctrl Pts',(-4.1856199717725,4.18561997177251,32.975));
#10224=CARTESIAN_POINT('Origin',(-3.79323519794066,3.79323519794066,36.1700988972043));
#10225=CARTESIAN_POINT('',(-3.9551549789921,3.9551549789921,34.0327406521202));
#10226=CARTESIAN_POINT('',(-3.98979822251354,4.69716740101101,33.9802332431855));
#10227=CARTESIAN_POINT('Ctrl Pts',(-3.9551549789921,3.9551549789921,34.0327406521202));
#10228=CARTESIAN_POINT('Ctrl Pts',(-3.97809844220655,3.93221151577765,34.0327406521202));
#10229=CARTESIAN_POINT('Ctrl Pts',(-4.01165352446615,3.90390885351349,34.0295216070122));
#10230=CARTESIAN_POINT('Ctrl Pts',(-4.10965457276639,3.85589346313976,34.014013643884));
#10231=CARTESIAN_POINT('Ctrl Pts',(-4.23424591583249,3.81869849595916,33.9936914516486));
#10232=CARTESIAN_POINT('Ctrl Pts',(-4.4760329927267,3.83066922697108,33.9708639439409));
#10233=CARTESIAN_POINT('Ctrl Pts',(-4.75871605567899,4.00065256164188,33.97860472296));
#10234=CARTESIAN_POINT('Ctrl Pts',(-4.90060510992723,4.35985447751819,34.01728076448));
#10235=CARTESIAN_POINT('Ctrl Pts',(-4.74361949703861,4.74347816156202,34.0405865587082));
#10236=CARTESIAN_POINT('Ctrl Pts',(-4.35969512523189,4.90132030453689,34.0173446243947));
#10237=CARTESIAN_POINT('Ctrl Pts',(-4.09978310789701,4.7978902222672,33.9892423126813));
#10238=CARTESIAN_POINT('Ctrl Pts',(-4.00299223762729,4.71042033746824,33.9812462559332));
#10239=CARTESIAN_POINT('Ctrl Pts',(-3.98979822251354,4.69716740101101,33.9802332431855));
#10240=CARTESIAN_POINT('Ctrl Pts',(-3.98979822251354,4.69716740101101,33.9802332431855));
#10241=CARTESIAN_POINT('Ctrl Pts',(-3.9255174054387,4.63259952104679,33.9752978776758));
#10242=CARTESIAN_POINT('Ctrl Pts',(-3.83039349895899,4.46275998852168,33.9722952325345));
#10243=CARTESIAN_POINT('Ctrl Pts',(-3.81851852401471,4.23412973979285,33.9936555496374));
#10244=CARTESIAN_POINT('Ctrl Pts',(-3.86384082617715,4.08490311446563,34.0181722864461));
#10245=CARTESIAN_POINT('Ctrl Pts',(-3.9115501800139,4.00344919935232,34.0305625721068));
#10246=CARTESIAN_POINT('Ctrl Pts',(-3.93985933684914,3.97045062113507,34.0327406521202));
#10247=CARTESIAN_POINT('Ctrl Pts',(-3.9551549789921,3.9551549789921,34.0327406521202));
#10248=CARTESIAN_POINT('',(-3.43968180734739,4.14678858853394,36.1700988972043));
#10249=CARTESIAN_POINT('Origin',(-3.12458434379346,3.12458434379347,32.975));
#10250=CARTESIAN_POINT('',(5.30330085889908,-5.30330085889909,32.975));
#10251=CARTESIAN_POINT('Origin',(6.67289294940604E-15,-1.68784939308506E-14,
32.975));
#10252=CARTESIAN_POINT('',(3.12458434379345,-3.12458434379346,32.975));
#10253=CARTESIAN_POINT('Origin',(1.72084568816899E-14,-2.63677968348475E-15,
32.975));
#10254=CARTESIAN_POINT('Ctrl Pts',(-3.68300086319064,3.68300086319064,34.975));
#10255=CARTESIAN_POINT('Ctrl Pts',(-3.77075794795433,3.59524377842694,34.975));
#10256=CARTESIAN_POINT('Ctrl Pts',(-3.93066186051476,3.52229425088995,34.975));
#10257=CARTESIAN_POINT('Ctrl Pts',(-4.18618309609706,3.53037672643442,34.975));
#10258=CARTESIAN_POINT('Ctrl Pts',(-4.39166227087265,3.60747436168331,34.975));
#10259=CARTESIAN_POINT('Ctrl Pts',(-4.57969491279642,3.79545863796704,34.975));
#10260=CARTESIAN_POINT('Ctrl Pts',(-4.67245343342985,4.04215437073931,34.975));
#10261=CARTESIAN_POINT('Ctrl Pts',(-4.65125310787218,4.30032869295062,34.975));
#10262=CARTESIAN_POINT('Ctrl Pts',(-4.51834986384064,4.51834393791926,34.975));
#10263=CARTESIAN_POINT('Ctrl Pts',(-4.30033648938583,4.65131401080421,34.975));
#10264=CARTESIAN_POINT('Ctrl Pts',(-4.04215983254895,4.67248360164581,34.975));
#10265=CARTESIAN_POINT('Ctrl Pts',(-3.79542050128087,4.57962092082427,34.975));
#10266=CARTESIAN_POINT('Ctrl Pts',(-3.60757564223377,4.3916936702315,34.975));
#10267=CARTESIAN_POINT('Ctrl Pts',(-3.51460994161106,4.14501130353983,34.975));
#10268=CARTESIAN_POINT('Ctrl Pts',(-3.53593233705348,3.88681463040417,34.975));
#10269=CARTESIAN_POINT('Ctrl Pts',(-3.62449614001484,3.74150558636643,34.975));
#10270=CARTESIAN_POINT('Ctrl Pts',(-3.68300086319064,3.68300086319064,34.975));
#10271=CARTESIAN_POINT('Ctrl Pts',(-3.77371890179112,3.77371890179113,34.6609135507067));
#10272=CARTESIAN_POINT('Ctrl Pts',(-3.8398714460384,3.70756635754385,34.6609135507067));
#10273=CARTESIAN_POINT('Ctrl Pts',(-3.95765908183189,3.64949911843113,34.6598405356707));
#10274=CARTESIAN_POINT('Ctrl Pts',(-4.16067358832017,3.6388823053362,34.654671214628));
#10275=CARTESIAN_POINT('Ctrl Pts',(-4.33919015252593,3.67788240644193,34.6478971505495));
#10276=CARTESIAN_POINT('Ctrl Pts',(-4.54514093943985,3.80719550096839,34.6402879813136));
#10277=CARTESIAN_POINT('Ctrl Pts',(-4.70120764084623,4.0283204343735,34.6428682409867));
#10278=CARTESIAN_POINT('Ctrl Pts',(-4.73437044189053,4.32017062113981,34.6557602548267));
#10279=CARTESIAN_POINT('Ctrl Pts',(-4.5934397415733,4.59338867913351,34.6635288529027));
#10280=CARTESIAN_POINT('Ctrl Pts',(-4.32012270133451,4.73464944204844,34.6557815414649));
#10281=CARTESIAN_POINT('Ctrl Pts',(-4.028246399859,4.70110547326795,34.6428329614725));
#10282=CARTESIAN_POINT('Ctrl Pts',(-3.80731639225653,4.54525385145093,34.6403365660125));
#10283=CARTESIAN_POINT('Ctrl Pts',(-3.67788993616075,4.33917236008529,34.6478851832125));
#10284=CARTESIAN_POINT('Ctrl Pts',(-3.63102023646643,4.1249752405151,34.6560574288153));
#10285=CARTESIAN_POINT('Ctrl Pts',(-3.66113828470695,3.92569282005356,34.6601875240356));
#10286=CARTESIAN_POINT('Ctrl Pts',(-3.72961720562627,3.81782059795598,34.6609135507067));
#10287=CARTESIAN_POINT('Ctrl Pts',(-3.77371890179112,3.77371890179113,34.6609135507067));
#10288=CARTESIAN_POINT('Ctrl Pts',(-3.86443694039161,3.86443694039161,34.3468271014135));
#10289=CARTESIAN_POINT('Ctrl Pts',(-3.90898494412248,3.81988893666075,34.3468271014135));
#10290=CARTESIAN_POINT('Ctrl Pts',(-3.98465630314902,3.77670398597231,34.3446810713415));
#10291=CARTESIAN_POINT('Ctrl Pts',(-4.13516408054328,3.74738788423798,34.334342429256));
#10292=CARTESIAN_POINT('Ctrl Pts',(-4.28671803417921,3.74829045120054,34.3207943010991));
#10293=CARTESIAN_POINT('Ctrl Pts',(-4.51058696608327,3.81893236396973,34.3055759626272));
#10294=CARTESIAN_POINT('Ctrl Pts',(-4.72996184826261,4.01448649800769,34.3107364819733));
#10295=CARTESIAN_POINT('Ctrl Pts',(-4.81748777590888,4.340012549329,34.3365205096534));
#10296=CARTESIAN_POINT('Ctrl Pts',(-4.66852961930596,4.66843342034776,34.3520577058054));
#10297=CARTESIAN_POINT('Ctrl Pts',(-4.3399089132832,4.81798487329267,34.3365630829298));
#10298=CARTESIAN_POINT('Ctrl Pts',(-4.01433296716906,4.72972734489009,34.310665922945));
#10299=CARTESIAN_POINT('Ctrl Pts',(-3.81921228323219,4.51088678207759,34.305673132025));
#10300=CARTESIAN_POINT('Ctrl Pts',(-3.74820423008773,4.28665104993907,34.320770366425));
#10301=CARTESIAN_POINT('Ctrl Pts',(-3.74743053132179,4.10493917749036,34.3371148576307));
#10302=CARTESIAN_POINT('Ctrl Pts',(-3.78634423236042,3.96457100970294,34.3453750480712));
#10303=CARTESIAN_POINT('Ctrl Pts',(-3.8347382712377,3.89413560954552,34.3468271014135));
#10304=CARTESIAN_POINT('Ctrl Pts',(-3.86443694039161,3.86443694039161,34.3468271014135));
#10305=CARTESIAN_POINT('Ctrl Pts',(-3.9551549789921,3.9551549789921,34.0327406521202));
#10306=CARTESIAN_POINT('Ctrl Pts',(-3.97809844220655,3.93221151577765,34.0327406521202));
#10307=CARTESIAN_POINT('Ctrl Pts',(-4.01165352446615,3.90390885351349,34.0295216070122));
#10308=CARTESIAN_POINT('Ctrl Pts',(-4.10965457276639,3.85589346313976,34.014013643884));
#10309=CARTESIAN_POINT('Ctrl Pts',(-4.23424591583249,3.81869849595916,33.9936914516486));
#10310=CARTESIAN_POINT('Ctrl Pts',(-4.4760329927267,3.83066922697108,33.9708639439409));
#10311=CARTESIAN_POINT('Ctrl Pts',(-4.75871605567899,4.00065256164188,33.97860472296));
#10312=CARTESIAN_POINT('Ctrl Pts',(-4.90060510992723,4.35985447751819,34.01728076448));
#10313=CARTESIAN_POINT('Ctrl Pts',(-4.74361949703861,4.74347816156202,34.0405865587082));
#10314=CARTESIAN_POINT('Ctrl Pts',(-4.35969512523189,4.90132030453689,34.0173446243947));
#10315=CARTESIAN_POINT('Ctrl Pts',(-4.00041953447911,4.75834921651223,33.9784988844175));
#10316=CARTESIAN_POINT('Ctrl Pts',(-3.83110817420785,4.47651971270424,33.9710096980375));
#10317=CARTESIAN_POINT('Ctrl Pts',(-3.81851852401471,4.23412973979285,33.9936555496374));
#10318=CARTESIAN_POINT('Ctrl Pts',(-3.86384082617715,4.08490311446563,34.0181722864461));
#10319=CARTESIAN_POINT('Ctrl Pts',(-3.9115501800139,4.00344919935232,34.0305625721068));
#10320=CARTESIAN_POINT('Ctrl Pts',(-3.93985933684914,3.97045062113507,34.0327406521202));
#10321=CARTESIAN_POINT('Ctrl Pts',(-3.9551549789921,3.9551549789921,34.0327406521202));
#10322=CARTESIAN_POINT('',(-3.68300086319064,3.68300086319064,34.975));
#10323=CARTESIAN_POINT('',(-3.68300086319064,3.68300086319064,34.975));
#10324=CARTESIAN_POINT('Ctrl Pts',(-3.68300086319064,3.68300086319064,34.975));
#10325=CARTESIAN_POINT('Ctrl Pts',(-3.62449614001484,3.74150558636643,34.975));
#10326=CARTESIAN_POINT('Ctrl Pts',(-3.53593233705348,3.88681463040417,34.975));
#10327=CARTESIAN_POINT('Ctrl Pts',(-3.51460994161106,4.14501130353983,34.975));
#10328=CARTESIAN_POINT('Ctrl Pts',(-3.60757564223377,4.3916936702315,34.975));
#10329=CARTESIAN_POINT('Ctrl Pts',(-3.79542050128087,4.57962092082427,34.975));
#10330=CARTESIAN_POINT('Ctrl Pts',(-4.04215983254895,4.67248360164581,34.975));
#10331=CARTESIAN_POINT('Ctrl Pts',(-4.30033648938583,4.65131401080421,34.975));
#10332=CARTESIAN_POINT('Ctrl Pts',(-4.51834986384064,4.51834393791926,34.975));
#10333=CARTESIAN_POINT('Ctrl Pts',(-4.65125310787218,4.30032869295062,34.975));
#10334=CARTESIAN_POINT('Ctrl Pts',(-4.67245343342985,4.04215437073931,34.975));
#10335=CARTESIAN_POINT('Ctrl Pts',(-4.57969491279642,3.79545863796704,34.975));
#10336=CARTESIAN_POINT('Ctrl Pts',(-4.39166227087265,3.60747436168331,34.975));
#10337=CARTESIAN_POINT('Ctrl Pts',(-4.18618309609706,3.53037672643442,34.975));
#10338=CARTESIAN_POINT('Ctrl Pts',(-3.93066186051476,3.52229425088995,34.975));
#10339=CARTESIAN_POINT('Ctrl Pts',(-3.77075794795433,3.59524377842694,34.975));
#10340=CARTESIAN_POINT('Ctrl Pts',(-3.68300086319064,3.68300086319064,34.975));
#10341=CARTESIAN_POINT('Origin',(-5.30330085889909,5.3033008588991,34.975));
#10342=CARTESIAN_POINT('',(5.30330085889908,-5.30330085889909,34.975));
#10343=CARTESIAN_POINT('Origin',(3.02242798296627E-14,-3.88597883524234E-14,
34.975));
#10344=CARTESIAN_POINT('',(2.84831566057874,-2.84831566057874,34.975));
#10345=CARTESIAN_POINT('Origin',(4.21962348271264E-15,-3.63083881070623E-15,
34.975));
#10346=CARTESIAN_POINT('Origin',(-9.89734403314566E-15,9.89734403314567E-15,
40.0652604305743));
#10347=CARTESIAN_POINT('',(2.14517588739136,-2.14517588739136,40.0652604305743));
#10348=CARTESIAN_POINT('Origin',(-5.8087404055599E-15,5.8087404055599E-15,
33.975));
#10349=CARTESIAN_POINT('',(5.30330085889908,-5.30330085889909,33.975));
#10350=CARTESIAN_POINT('Origin',(-4.13879527300032E-15,4.13879527300032E-15,
31.4875001862645));
#10351=CARTESIAN_POINT('',(3.33005915120487,-3.33005915120487,31.4875001862645));
#10352=CARTESIAN_POINT('',(0.,0.,0.));
#10353=CARTESIAN_POINT('Origin',(2.11681162569943E-17,-2.11681162569943E-17,
-5.75));
#10354=CARTESIAN_POINT('',(-2.5480975213472,4.30199942139748,-5.75));
#10355=CARTESIAN_POINT('',(2.5480975213472,4.30199942139748,-5.75));
#10356=CARTESIAN_POINT('Origin',(2.11681162569943E-17,-2.11681162569943E-17,
-5.75));
#10357=CARTESIAN_POINT('',(2.50490331836804,4.03583440760752,-6.));
#10358=CARTESIAN_POINT('Ctrl Pts',(2.5480975213472,4.30199942139748,-5.75));
#10359=CARTESIAN_POINT('Ctrl Pts',(2.5480975213472,4.30199942139748,-5.78057064894271));
#10360=CARTESIAN_POINT('Ctrl Pts',(2.54705984590774,4.29609822285781,-5.81075033622749));
#10361=CARTESIAN_POINT('Ctrl Pts',(2.54304402878941,4.27296912712652,-5.86828384964967));
#10362=CARTESIAN_POINT('Ctrl Pts',(2.54005803452617,4.25568048067096,-5.89480412224));
#10363=CARTESIAN_POINT('Ctrl Pts',(2.53247868641957,4.21083707135964,-5.94174837363661));
#10364=CARTESIAN_POINT('Ctrl Pts',(2.52787510934032,4.18314855225249,-5.96111931103137));
#10365=CARTESIAN_POINT('Ctrl Pts',(2.52010265038894,4.13487198373367,-5.98307228426622));
#10366=CARTESIAN_POINT('Ctrl Pts',(2.5171509210173,4.11622835981948,-5.98922975739016));
#10367=CARTESIAN_POINT('Ctrl Pts',(2.51119146472409,4.07778537122489,-5.9976362412654));
#10368=CARTESIAN_POINT('Ctrl Pts',(2.50819425689771,4.05804368228752,-5.99982552172324));
#10369=CARTESIAN_POINT('Ctrl Pts',(2.50514131165852,4.03744273148792,-5.99999666102919));
#10370=CARTESIAN_POINT('Ctrl Pts',(2.50502225771314,4.03663857886912,-6.));
#10371=CARTESIAN_POINT('Ctrl Pts',(2.50490331836804,4.03583440760753,-6.));
#10372=CARTESIAN_POINT('',(-2.50490331836804,4.03583440760753,-6.));
#10373=CARTESIAN_POINT('Origin',(2.11681162569943E-17,-2.11681162569943E-17,
-6.));
#10374=CARTESIAN_POINT('Ctrl Pts',(-2.5480975213472,4.30199942139748,-5.75));
#10375=CARTESIAN_POINT('Ctrl Pts',(-2.5480975213472,4.30199942139748,-5.78056880207684));
#10376=CARTESIAN_POINT('Ctrl Pts',(-2.54705997162471,4.29609893514538,-5.81074671314787));
#10377=CARTESIAN_POINT('Ctrl Pts',(-2.54304511878531,4.27297541710696,-5.86827011283436));
#10378=CARTESIAN_POINT('Ctrl Pts',(-2.54006041621258,4.25569429016263,-5.89478358682918));
#10379=CARTESIAN_POINT('Ctrl Pts',(-2.53248532665571,4.21087665954947,-5.94171342249424));
#10380=CARTESIAN_POINT('Ctrl Pts',(-2.52788500910593,4.18320844370417,-5.96107998133137));
#10381=CARTESIAN_POINT('Ctrl Pts',(-2.52011356827734,4.13494073230087,-5.98304808303401));
#10382=CARTESIAN_POINT('Ctrl Pts',(-2.51715937688522,4.11628238096173,-5.9892151693628));
#10383=CARTESIAN_POINT('Ctrl Pts',(-2.51119682041344,4.07782044967752,-5.99763136948917));
#10384=CARTESIAN_POINT('Ctrl Pts',(-2.50819900066514,4.05807524412477,-5.99982336014475));
#10385=CARTESIAN_POINT('Ctrl Pts',(-2.50514405803695,4.03746128185862,-5.99999658356078));
#10386=CARTESIAN_POINT('Ctrl Pts',(-2.50502362957436,4.03664785428058,-6.));
#10387=CARTESIAN_POINT('Ctrl Pts',(-2.50490331836804,4.03583440760753,-6.));
#10388=CARTESIAN_POINT('Origin',(2.82842712474619,2.82842712474619,-5.75));
#10389=CARTESIAN_POINT('',(4.30199942139748,2.5480975213472,-5.75));
#10390=CARTESIAN_POINT('Origin',(2.82842712474619,2.82842712474619,-5.75));
#10391=CARTESIAN_POINT('',(4.03583440760753,2.50490331836804,-6.));
#10392=CARTESIAN_POINT('Ctrl Pts',(4.30199942139748,2.5480975213472,-5.75));
#10393=CARTESIAN_POINT('Ctrl Pts',(4.30199942139748,2.5480975213472,-5.78056880207684));
#10394=CARTESIAN_POINT('Ctrl Pts',(4.29609893514538,2.54705997162471,-5.81074671314787));
#10395=CARTESIAN_POINT('Ctrl Pts',(4.27297541710696,2.54304511878531,-5.86827011283436));
#10396=CARTESIAN_POINT('Ctrl Pts',(4.25569429016263,2.54006041621258,-5.89478358682918));
#10397=CARTESIAN_POINT('Ctrl Pts',(4.21087665954947,2.53248532665571,-5.94171342249424));
#10398=CARTESIAN_POINT('Ctrl Pts',(4.18320844370417,2.52788500910593,-5.96107998133137));
#10399=CARTESIAN_POINT('Ctrl Pts',(4.13494073230087,2.52011356827734,-5.98304808303401));
#10400=CARTESIAN_POINT('Ctrl Pts',(4.11628238096173,2.51715937688522,-5.9892151693628));
#10401=CARTESIAN_POINT('Ctrl Pts',(4.07782044967752,2.51119682041344,-5.99763136948916));
#10402=CARTESIAN_POINT('Ctrl Pts',(4.05807524412479,2.50819900066515,-5.99982336014475));
#10403=CARTESIAN_POINT('Ctrl Pts',(4.03746128185862,2.50514405803695,-5.99999658356078));
#10404=CARTESIAN_POINT('Ctrl Pts',(4.03664785428058,2.50502362957436,-6.));
#10405=CARTESIAN_POINT('Ctrl Pts',(4.03583440760753,2.50490331836804,-6.));
#10406=CARTESIAN_POINT('Origin',(2.82842712474619,2.82842712474619,-6.));
#10407=CARTESIAN_POINT('Origin',(0.,0.,-5.75));
#10408=CARTESIAN_POINT('',(-2.50490331836804,-4.03583440760752,-6.));
#10409=CARTESIAN_POINT('',(2.50490331836804,-4.03583440760753,-6.));
#10410=CARTESIAN_POINT('Origin',(0.,0.,-6.));
#10411=CARTESIAN_POINT('',(2.54809752134719,-4.30199942139748,-5.75));
#10412=CARTESIAN_POINT('Ctrl Pts',(2.50490331836804,-4.03583440760752,-6.));
#10413=CARTESIAN_POINT('Ctrl Pts',(2.50502225771314,-4.03663857886914,-6.));
#10414=CARTESIAN_POINT('Ctrl Pts',(2.50514131165851,-4.03744273148791,-5.9999966610292));
#10415=CARTESIAN_POINT('Ctrl Pts',(2.50900092104398,-4.0634869664234,-5.99978030245748));
#10416=CARTESIAN_POINT('Ctrl Pts',(2.51284288308837,-4.08862228498317,-5.99627939266874));
#10417=CARTESIAN_POINT('Ctrl Pts',(2.52039942370897,-4.13682561483177,-5.98277248584367));
#10418=CARTESIAN_POINT('Ctrl Pts',(2.52409105595017,-4.15977043022895,-5.97290918146444));
#10419=CARTESIAN_POINT('Ctrl Pts',(2.53215344323294,-4.20896567255189,-5.94302083229624));
#10420=CARTESIAN_POINT('Ctrl Pts',(2.53630457963901,-4.23357892699805,-5.92101154236182));
#10421=CARTESIAN_POINT('Ctrl Pts',(2.54284402598797,-4.27186549618127,-5.87001364724141));
#10422=CARTESIAN_POINT('Ctrl Pts',(2.54524785191991,-4.28567830023688,-5.84200451232861));
#10423=CARTESIAN_POINT('Ctrl Pts',(2.54761055090915,-4.29922434448765,-5.79179274603426));
#10424=CARTESIAN_POINT('Ctrl Pts',(2.54809752134719,-4.30199942139748,-5.77095949263396));
#10425=CARTESIAN_POINT('Ctrl Pts',(2.54809752134719,-4.30199942139748,-5.75));
#10426=CARTESIAN_POINT('',(-2.5480975213472,-4.30199942139748,-5.75));
#10427=CARTESIAN_POINT('Origin',(0.,0.,-5.75));
#10428=CARTESIAN_POINT('Ctrl Pts',(-2.5480975213472,-4.30199942139748,-5.75));
#10429=CARTESIAN_POINT('Ctrl Pts',(-2.5480975213472,-4.30199942139748,-5.7805706489427));
#10430=CARTESIAN_POINT('Ctrl Pts',(-2.54705984590774,-4.29609822285782,
-5.81075033622748));
#10431=CARTESIAN_POINT('Ctrl Pts',(-2.54304402878941,-4.27296912712653,
-5.86828384964967));
#10432=CARTESIAN_POINT('Ctrl Pts',(-2.54005803452617,-4.25568048067096,
-5.89480412224));
#10433=CARTESIAN_POINT('Ctrl Pts',(-2.53247868641957,-4.21083707135964,
-5.94174837363661));
#10434=CARTESIAN_POINT('Ctrl Pts',(-2.52787510934032,-4.18314855225249,
-5.96111931103137));
#10435=CARTESIAN_POINT('Ctrl Pts',(-2.52010265038894,-4.13487198373367,
-5.98307228426622));
#10436=CARTESIAN_POINT('Ctrl Pts',(-2.5171509210173,-4.11622835981947,-5.98922975739016));
#10437=CARTESIAN_POINT('Ctrl Pts',(-2.5111914647241,-4.07778537122493,-5.99763624126539));
#10438=CARTESIAN_POINT('Ctrl Pts',(-2.50819425689777,-4.05804368228775,
-5.99982552172324));
#10439=CARTESIAN_POINT('Ctrl Pts',(-2.50514131165851,-4.03744273148791,
-5.9999966610292));
#10440=CARTESIAN_POINT('Ctrl Pts',(-2.50502225771315,-4.03663857886914,
-6.));
#10441=CARTESIAN_POINT('Ctrl Pts',(-2.50490331836804,-4.03583440760752,
-6.));
#10442=CARTESIAN_POINT('Origin',(2.82842712474619,-2.82842712474619,-5.75));
#10443=CARTESIAN_POINT('',(4.03583440760752,-2.50490331836804,-6.));
#10444=CARTESIAN_POINT('Origin',(2.82842712474619,-2.82842712474619,-6.));
#10445=CARTESIAN_POINT('',(4.30199942139748,-2.5480975213472,-5.75));
#10446=CARTESIAN_POINT('Ctrl Pts',(4.03583440760752,-2.50490331836804,-6.));
#10447=CARTESIAN_POINT('Ctrl Pts',(4.03664785428056,-2.50502362957436,-6.));
#10448=CARTESIAN_POINT('Ctrl Pts',(4.03746128185864,-2.50514405803696,-5.99999658356078));
#10449=CARTESIAN_POINT('Ctrl Pts',(4.05807524412458,-2.50819900066508,-5.99982336014475));
#10450=CARTESIAN_POINT('Ctrl Pts',(4.07782044967748,-2.51119682041344,-5.99763136948917));
#10451=CARTESIAN_POINT('Ctrl Pts',(4.11628238096173,-2.51715937688523,-5.9892151693628));
#10452=CARTESIAN_POINT('Ctrl Pts',(4.13494073230087,-2.52011356827734,-5.98304808303401));
#10453=CARTESIAN_POINT('Ctrl Pts',(4.18320844370417,-2.52788500910593,-5.96107998133137));
#10454=CARTESIAN_POINT('Ctrl Pts',(4.21087665954947,-2.53248532665571,-5.94171342249424));
#10455=CARTESIAN_POINT('Ctrl Pts',(4.25569429016263,-2.54006041621258,-5.89478358682918));
#10456=CARTESIAN_POINT('Ctrl Pts',(4.27297541710696,-2.54304511878531,-5.86827011283436));
#10457=CARTESIAN_POINT('Ctrl Pts',(4.29609893514538,-2.54705997162471,-5.81074671314787));
#10458=CARTESIAN_POINT('Ctrl Pts',(4.30199942139748,-2.5480975213472,-5.78056880207684));
#10459=CARTESIAN_POINT('Ctrl Pts',(4.30199942139748,-2.5480975213472,-5.75));
#10460=CARTESIAN_POINT('Origin',(2.82842712474619,-2.82842712474619,-5.75));
#10461=CARTESIAN_POINT('Origin',(0.,0.,-5.75));
#10462=CARTESIAN_POINT('Origin',(0.,0.,-5.75));
#10463=CARTESIAN_POINT('Origin',(0.,0.,-6.));
#10464=CARTESIAN_POINT('Origin',(-2.82842712474619,-2.82842712474619,-5.75));
#10465=CARTESIAN_POINT('',(-4.03583440760753,-2.50490331836804,-6.));
#10466=CARTESIAN_POINT('Origin',(-2.82842712474619,-2.82842712474619,-6.));
#10467=CARTESIAN_POINT('',(-4.30199942139748,-2.54809752134719,-5.75));
#10468=CARTESIAN_POINT('Origin',(-2.82842712474619,-2.82842712474619,-5.75));
#10469=CARTESIAN_POINT('Ctrl Pts',(-4.30199942139748,-2.54809752134719,
-5.75));
#10470=CARTESIAN_POINT('Ctrl Pts',(-4.30199942139748,-2.54809752134719,
-5.78056880207684));
#10471=CARTESIAN_POINT('Ctrl Pts',(-4.29609893514538,-2.54705997162471,
-5.81074671314787));
#10472=CARTESIAN_POINT('Ctrl Pts',(-4.27297541710697,-2.54304511878531,
-5.86827011283436));
#10473=CARTESIAN_POINT('Ctrl Pts',(-4.25569429016264,-2.54006041621257,
-5.89478358682918));
#10474=CARTESIAN_POINT('Ctrl Pts',(-4.21087665954947,-2.53248532665571,
-5.94171342249424));
#10475=CARTESIAN_POINT('Ctrl Pts',(-4.18320844370417,-2.52788500910593,
-5.96107998133137));
#10476=CARTESIAN_POINT('Ctrl Pts',(-4.13494073230087,-2.52011356827734,
-5.98304808303401));
#10477=CARTESIAN_POINT('Ctrl Pts',(-4.11628238096173,-2.51715937688523,
-5.9892151693628));
#10478=CARTESIAN_POINT('Ctrl Pts',(-4.07782044967752,-2.51119682041345,
-5.99763136948916));
#10479=CARTESIAN_POINT('Ctrl Pts',(-4.0580752441248,-2.50819900066515,-5.99982336014475));
#10480=CARTESIAN_POINT('Ctrl Pts',(-4.03746128185862,-2.50514405803695,
-5.99999658356078));
#10481=CARTESIAN_POINT('Ctrl Pts',(-4.03664785428058,-2.50502362957436,
-6.));
#10482=CARTESIAN_POINT('Ctrl Pts',(-4.03583440760753,-2.50490331836804,
-6.));
#10483=CARTESIAN_POINT('Origin',(4.23362325139885E-17,2.59234658181071E-33,
-5.75));
#10484=CARTESIAN_POINT('',(-4.03583440760753,2.50490331836804,-6.));
#10485=CARTESIAN_POINT('Origin',(4.23362325139885E-17,2.59234658181071E-33,
-6.));
#10486=CARTESIAN_POINT('',(-4.30199942139748,2.5480975213472,-5.75));
#10487=CARTESIAN_POINT('Origin',(4.23362325139885E-17,2.59234658181071E-33,
-5.75));
#10488=CARTESIAN_POINT('Ctrl Pts',(-4.30199942139748,2.5480975213472,-5.75));
#10489=CARTESIAN_POINT('Ctrl Pts',(-4.30199942139748,2.5480975213472,-5.78057064894271));
#10490=CARTESIAN_POINT('Ctrl Pts',(-4.29609822285781,2.54705984590774,-5.81075033622749));
#10491=CARTESIAN_POINT('Ctrl Pts',(-4.27296912712653,2.54304402878941,-5.86828384964967));
#10492=CARTESIAN_POINT('Ctrl Pts',(-4.25568048067097,2.54005803452617,-5.89480412224));
#10493=CARTESIAN_POINT('Ctrl Pts',(-4.21083707135964,2.53247868641956,-5.94174837363661));
#10494=CARTESIAN_POINT('Ctrl Pts',(-4.18314855225249,2.52787510934032,-5.96111931103137));
#10495=CARTESIAN_POINT('Ctrl Pts',(-4.13487198373367,2.52010265038894,-5.98307228426622));
#10496=CARTESIAN_POINT('Ctrl Pts',(-4.11622835981947,2.5171509210173,-5.98922975739016));
#10497=CARTESIAN_POINT('Ctrl Pts',(-4.07778537122492,2.5111914647241,-5.99763624126539));
#10498=CARTESIAN_POINT('Ctrl Pts',(-4.05804368228771,2.50819425689776,-5.99982552172324));
#10499=CARTESIAN_POINT('Ctrl Pts',(-4.03744273148791,2.50514131165851,-5.9999966610292));
#10500=CARTESIAN_POINT('Ctrl Pts',(-4.03663857886914,2.50502225771315,-6.));
#10501=CARTESIAN_POINT('Ctrl Pts',(-4.03583440760753,2.50490331836804,-6.));
#10502=CARTESIAN_POINT('Origin',(-2.82842712474619,2.82842712474619,-5.75));
#10503=CARTESIAN_POINT('Origin',(-2.82842712474619,2.82842712474619,-6.));
#10504=CARTESIAN_POINT('Origin',(-2.82842712474619,2.82842712474619,-5.75));
#10505=CARTESIAN_POINT('Origin',(-2.82842712474619,2.82842712474619,-3.));
#10506=CARTESIAN_POINT('',(-4.30199942139748,2.5480975213472,-3.25));
#10507=CARTESIAN_POINT('',(-4.30199942139748,2.5480975213472,-3.));
#10508=CARTESIAN_POINT('',(-2.5480975213472,4.30199942139748,-3.25));
#10509=CARTESIAN_POINT('Origin',(-2.82842712474619,2.82842712474619,-3.25));
#10510=CARTESIAN_POINT('',(-2.5480975213472,4.30199942139748,-3.));
#10511=CARTESIAN_POINT('',(-4.28211286035889,3.19828896662254,-4.49999989941716));
#10512=CARTESIAN_POINT('Ctrl Pts',(-4.28211286035889,3.19828896662254,-4.49999989941716));
#10513=CARTESIAN_POINT('Ctrl Pts',(-4.28211286035889,3.19828896662254,-4.44220439971067));
#10514=CARTESIAN_POINT('Ctrl Pts',(-4.27910515613795,3.21056813210527,-4.32275335359732));
#10515=CARTESIAN_POINT('Ctrl Pts',(-4.2566352979792,3.29178838435389,-4.08801010006304));
#10516=CARTESIAN_POINT('Ctrl Pts',(-4.20561531394214,3.43558894432568,-3.90325057373766));
#10517=CARTESIAN_POINT('Ctrl Pts',(-4.10914732273613,3.61564044156993,-3.77313354668837));
#10518=CARTESIAN_POINT('Ctrl Pts',(-3.97483654250684,3.80857825159415,-3.69286761140478));
#10519=CARTESIAN_POINT('Ctrl Pts',(-3.76620407420661,4.0182219623906,-3.69175302384355));
#10520=CARTESIAN_POINT('Ctrl Pts',(-3.51634842111866,4.16707960062921,-3.8312277663809));
#10521=CARTESIAN_POINT('Ctrl Pts',(-3.36648817630147,4.22962145775132,-3.99449376418582));
#10522=CARTESIAN_POINT('Ctrl Pts',(-3.27102974235758,4.2624052783773,-4.14760954717037));
#10523=CARTESIAN_POINT('Ctrl Pts',(-3.21166157028805,4.27863306501597,-4.32445530205721));
#10524=CARTESIAN_POINT('Ctrl Pts',(-3.18564544469946,4.28499252783704,-4.558306184846));
#10525=CARTESIAN_POINT('Ctrl Pts',(-3.23212121034357,4.27409639584939,-4.76888934491263));
#10526=CARTESIAN_POINT('Ctrl Pts',(-3.31808505411761,4.24626183392828,-4.9289711323037));
#10527=CARTESIAN_POINT('Ctrl Pts',(-3.3846668204197,4.22197947531063,-5.02631388604704));
#10528=CARTESIAN_POINT('Ctrl Pts',(-3.47863124335018,4.18219226418411,-5.12729138942224));
#10529=CARTESIAN_POINT('Ctrl Pts',(-3.61523419100091,4.10899964082709,-5.22612855505181));
#10530=CARTESIAN_POINT('Ctrl Pts',(-3.8074120154366,3.97512959377961,-5.30567345105541));
#10531=CARTESIAN_POINT('Ctrl Pts',(-4.01798077312819,3.76577240748465,-5.30816378755843));
#10532=CARTESIAN_POINT('Ctrl Pts',(-4.1674495044009,3.51583476821905,-5.16923502823695));
#10533=CARTESIAN_POINT('Ctrl Pts',(-4.22974027157957,3.36609686692691,-5.00646725497902));
#10534=CARTESIAN_POINT('Ctrl Pts',(-4.2627411324322,3.27057861498413,-4.85266959688085));
#10535=CARTESIAN_POINT('Ctrl Pts',(-4.27873664504408,3.21119493091338,-4.67775838182232));
#10536=CARTESIAN_POINT('Ctrl Pts',(-4.28211286035889,3.19828896662254,-4.55779539912366));
#10537=CARTESIAN_POINT('Ctrl Pts',(-4.28211286035889,3.19828896662254,-4.49999989941716));
#10538=CARTESIAN_POINT('Origin',(3.94586953877892E-17,2.41614825025932E-33,
-4.5));
#10539=CARTESIAN_POINT('',(-4.30199942139748,-2.54809752134719,-3.25));
#10540=CARTESIAN_POINT('',(-4.30199942139748,-2.54809752134719,-3.));
#10541=CARTESIAN_POINT('Origin',(3.65811582615899E-17,2.23994991870794E-33,
-3.25));
#10542=CARTESIAN_POINT('Origin',(-2.82842712474619,-2.82842712474619,-3.));
#10543=CARTESIAN_POINT('',(-2.5480975213472,-4.30199942139748,-3.25));
#10544=CARTESIAN_POINT('',(-2.5480975213472,-4.30199942139748,-3.));
#10545=CARTESIAN_POINT('Origin',(-2.82842712474619,-2.82842712474619,-3.25));
#10546=CARTESIAN_POINT('',(-3.19828896662254,-4.28211286035889,-4.49999989941716));
#10547=CARTESIAN_POINT('Ctrl Pts',(-3.19828896662254,-4.28211286035889,
-4.49999989941716));
#10548=CARTESIAN_POINT('Ctrl Pts',(-3.19828896662254,-4.28211286035889,
-4.44220439971067));
#10549=CARTESIAN_POINT('Ctrl Pts',(-3.21056813210527,-4.27910515613795,
-4.32275335359732));
#10550=CARTESIAN_POINT('Ctrl Pts',(-3.29178838435389,-4.2566352979792,-4.08801010006304));
#10551=CARTESIAN_POINT('Ctrl Pts',(-3.43558894432569,-4.20561531394214,
-3.90325057373766));
#10552=CARTESIAN_POINT('Ctrl Pts',(-3.61564044156993,-4.10914732273614,
-3.77313354668837));
#10553=CARTESIAN_POINT('Ctrl Pts',(-3.80857825159415,-3.97483654250684,
-3.69286761140479));
#10554=CARTESIAN_POINT('Ctrl Pts',(-4.01822196239061,-3.76620407420661,
-3.69175302384355));
#10555=CARTESIAN_POINT('Ctrl Pts',(-4.16707960062922,-3.51634842111866,
-3.83122776638091));
#10556=CARTESIAN_POINT('Ctrl Pts',(-4.22962145775133,-3.36648817630147,
-3.99449376418583));
#10557=CARTESIAN_POINT('Ctrl Pts',(-4.26240527837731,-3.27102974235758,
-4.14760954717038));
#10558=CARTESIAN_POINT('Ctrl Pts',(-4.27863306501598,-3.21166157028806,
-4.32445530205722));
#10559=CARTESIAN_POINT('Ctrl Pts',(-4.28499252783705,-3.18564544469946,
-4.55830618484601));
#10560=CARTESIAN_POINT('Ctrl Pts',(-4.2740963958494,-3.23212121034358,-4.76888934491265));
#10561=CARTESIAN_POINT('Ctrl Pts',(-4.24626183392829,-3.31808505411763,
-4.92897113230372));
#10562=CARTESIAN_POINT('Ctrl Pts',(-4.22197947531065,-3.38466682041972,
-5.02631388604707));
#10563=CARTESIAN_POINT('Ctrl Pts',(-4.18219226418413,-3.47863124335019,
-5.12729138942226));
#10564=CARTESIAN_POINT('Ctrl Pts',(-4.1089996408271,-3.61523419100092,-5.22612855505183));
#10565=CARTESIAN_POINT('Ctrl Pts',(-3.97512959377963,-3.80741201543661,
-5.30567345105543));
#10566=CARTESIAN_POINT('Ctrl Pts',(-3.76577240748467,-4.0179807731282,-5.30816378755844));
#10567=CARTESIAN_POINT('Ctrl Pts',(-3.51583476821905,-4.16744950440091,
-5.16923502823697));
#10568=CARTESIAN_POINT('Ctrl Pts',(-3.36609686692692,-4.22974027157957,
-5.00646725497903));
#10569=CARTESIAN_POINT('Ctrl Pts',(-3.27057861498414,-4.26274113243221,
-4.85266959688085));
#10570=CARTESIAN_POINT('Ctrl Pts',(-3.21119493091338,-4.27873664504408,
-4.67775838182232));
#10571=CARTESIAN_POINT('Ctrl Pts',(-3.19828896662254,-4.28211286035889,
-4.55779539912366));
#10572=CARTESIAN_POINT('Ctrl Pts',(-3.19828896662254,-4.28211286035889,
-4.49999989941716));
#10573=CARTESIAN_POINT('Origin',(0.,0.,-4.5));
#10574=CARTESIAN_POINT('',(2.54809752134719,-4.30199942139748,-3.25));
#10575=CARTESIAN_POINT('',(2.54809752134719,-4.30199942139748,-3.));
#10576=CARTESIAN_POINT('Origin',(0.,0.,-3.25));
#10577=CARTESIAN_POINT('Origin',(2.5,0.,-6.));
#10578=CARTESIAN_POINT('',(2.82842712474619,3.17842712474619,-6.));
#10579=CARTESIAN_POINT('Origin',(2.82842712474619,2.82842712474619,-6.));
#10580=CARTESIAN_POINT('',(-2.82842712474619,-3.17842712474619,-6.));
#10581=CARTESIAN_POINT('Origin',(-2.82842712474619,-2.82842712474619,-6.));
#10582=CARTESIAN_POINT('',(4.00000005960464,-0.450000000000001,-6.));
#10583=CARTESIAN_POINT('Origin',(4.00000005960464,-8.88178432935015E-16,
-6.));
#10584=CARTESIAN_POINT('',(3.,-3.67394039744206E-16,-6.));
#10585=CARTESIAN_POINT('Origin',(0.,0.,-6.));
#10586=CARTESIAN_POINT('',(-4.00000005960464,0.4,-6.));
#10587=CARTESIAN_POINT('Origin',(-4.00000005960464,2.66385233448817E-16,
-6.));
#10588=CARTESIAN_POINT('',(0.4,4.00000005960464,-6.));
#10589=CARTESIAN_POINT('Origin',(4.29117399392284E-17,4.00000005960464,
-6.));
#10590=CARTESIAN_POINT('',(-0.450000000000001,-4.00000005960464,-6.));
#10591=CARTESIAN_POINT('Origin',(-4.89858726958405E-16,-4.00000005960464,
-6.));
#10592=CARTESIAN_POINT('',(-3.17842712474619,2.82842712474619,-6.));
#10593=CARTESIAN_POINT('Origin',(-2.82842712474619,2.82842712474619,-6.));
#10594=CARTESIAN_POINT('',(3.17842712474619,-2.82842712474619,-6.));
#10595=CARTESIAN_POINT('Origin',(2.82842712474619,-2.82842712474619,-6.));
#10596=CARTESIAN_POINT('Origin',(0.,0.,-3.25));
#10597=CARTESIAN_POINT('',(2.50490331836804,-4.03583440760753,-3.));
#10598=CARTESIAN_POINT('Ctrl Pts',(2.54809752134719,-4.30199942139748,-3.25));
#10599=CARTESIAN_POINT('Ctrl Pts',(2.54809752134719,-4.30199942139748,-3.2194293510573));
#10600=CARTESIAN_POINT('Ctrl Pts',(2.54705984590774,-4.29609822285781,-3.18924966377252));
#10601=CARTESIAN_POINT('Ctrl Pts',(2.54304402878941,-4.27296912712653,-3.13171615035033));
#10602=CARTESIAN_POINT('Ctrl Pts',(2.54005803452617,-4.25568048067097,-3.10519587776));
#10603=CARTESIAN_POINT('Ctrl Pts',(2.53247868641956,-4.21083707135964,-3.05825162636339));
#10604=CARTESIAN_POINT('Ctrl Pts',(2.52787510934032,-4.18314855225249,-3.03888068896863));
#10605=CARTESIAN_POINT('Ctrl Pts',(2.52010265038894,-4.13487198373367,-3.01692771573379));
#10606=CARTESIAN_POINT('Ctrl Pts',(2.5171509210173,-4.11622835981947,-3.01077024260985));
#10607=CARTESIAN_POINT('Ctrl Pts',(2.51119146472401,-4.0777853712244,-3.00236375873449));
#10608=CARTESIAN_POINT('Ctrl Pts',(2.50819425689677,-4.0580436822848,-3.00017447827673));
#10609=CARTESIAN_POINT('Ctrl Pts',(2.50514131165867,-4.03744273148825,-3.00000333897081));
#10610=CARTESIAN_POINT('Ctrl Pts',(2.50502225771309,-4.03663857886875,-3.));
#10611=CARTESIAN_POINT('Ctrl Pts',(2.50490331836804,-4.03583440760753,-3.));
#10612=CARTESIAN_POINT('',(-2.50490331836804,-4.03583440760752,-3.));
#10613=CARTESIAN_POINT('Origin',(0.,0.,-3.));
#10614=CARTESIAN_POINT('Ctrl Pts',(-2.5480975213472,-4.30199942139748,-3.25));
#10615=CARTESIAN_POINT('Ctrl Pts',(-2.5480975213472,-4.30199942139748,-3.21943119792316));
#10616=CARTESIAN_POINT('Ctrl Pts',(-2.54705997162471,-4.29609893514538,
-3.18925328685213));
#10617=CARTESIAN_POINT('Ctrl Pts',(-2.54304511878531,-4.27297541710696,
-3.13172988716564));
#10618=CARTESIAN_POINT('Ctrl Pts',(-2.54006041621258,-4.25569429016263,
-3.10521641317083));
#10619=CARTESIAN_POINT('Ctrl Pts',(-2.53248532665571,-4.21087665954947,
-3.05828657750577));
#10620=CARTESIAN_POINT('Ctrl Pts',(-2.52788500910593,-4.18320844370417,
-3.03892001866863));
#10621=CARTESIAN_POINT('Ctrl Pts',(-2.52011356827734,-4.13494073230087,
-3.01695191696599));
#10622=CARTESIAN_POINT('Ctrl Pts',(-2.51715937688523,-4.11628238096173,
-3.01078483063721));
#10623=CARTESIAN_POINT('Ctrl Pts',(-2.51119682041337,-4.07782044967704,
-3.00236863051073));
#10624=CARTESIAN_POINT('Ctrl Pts',(-2.50819900066418,-4.05807524412204,
-3.00017663985523));
#10625=CARTESIAN_POINT('Ctrl Pts',(-2.5051440580371,-4.03746128185896,-3.00000341643922));
#10626=CARTESIAN_POINT('Ctrl Pts',(-2.50502362957431,-4.03664785428026,
-3.));
#10627=CARTESIAN_POINT('Ctrl Pts',(-2.50490331836804,-4.03583440760752,
-3.));
#10628=CARTESIAN_POINT('Origin',(0.,0.,-3.25));
#10629=CARTESIAN_POINT('',(4.30199942139748,-2.5480975213472,-3.25));
#10630=CARTESIAN_POINT('',(4.30199942139748,2.5480975213472,-3.25));
#10631=CARTESIAN_POINT('Origin',(0.,0.,-3.25));
#10632=CARTESIAN_POINT('',(4.03583440760752,2.50490331836804,-3.));
#10633=CARTESIAN_POINT('Ctrl Pts',(4.30199942139748,2.5480975213472,-3.25));
#10634=CARTESIAN_POINT('Ctrl Pts',(4.30199942139748,2.5480975213472,-3.2194293510573));
#10635=CARTESIAN_POINT('Ctrl Pts',(4.29609822285782,2.54705984590774,-3.18924966377252));
#10636=CARTESIAN_POINT('Ctrl Pts',(4.27296912712653,2.54304402878941,-3.13171615035033));
#10637=CARTESIAN_POINT('Ctrl Pts',(4.25568048067096,2.54005803452617,-3.10519587776));
#10638=CARTESIAN_POINT('Ctrl Pts',(4.21083707135963,2.53247868641956,-3.05825162636339));
#10639=CARTESIAN_POINT('Ctrl Pts',(4.18314855225249,2.52787510934032,-3.03888068896863));
#10640=CARTESIAN_POINT('Ctrl Pts',(4.13487198373367,2.52010265038894,-3.01692771573379));
#10641=CARTESIAN_POINT('Ctrl Pts',(4.11622835981947,2.5171509210173,-3.01077024260985));
#10642=CARTESIAN_POINT('Ctrl Pts',(4.07778537122435,2.511191464724,-3.00236375873448));
#10643=CARTESIAN_POINT('Ctrl Pts',(4.05804368228453,2.50819425689668,-3.00017447827673));
#10644=CARTESIAN_POINT('Ctrl Pts',(4.03744273148826,2.50514131165868,-3.00000333897081));
#10645=CARTESIAN_POINT('Ctrl Pts',(4.03663857886873,2.50502225771309,-3.));
#10646=CARTESIAN_POINT('Ctrl Pts',(4.03583440760752,2.50490331836804,-3.));
#10647=CARTESIAN_POINT('',(4.03583440760752,-2.50490331836804,-3.));
#10648=CARTESIAN_POINT('Origin',(0.,0.,-3.));
#10649=CARTESIAN_POINT('Ctrl Pts',(4.03583440760752,-2.50490331836804,-3.));
#10650=CARTESIAN_POINT('Ctrl Pts',(4.03663857886876,-2.50502225771309,-3.));
#10651=CARTESIAN_POINT('Ctrl Pts',(4.03744273148824,-2.50514131165866,-3.00000333897081));
#10652=CARTESIAN_POINT('Ctrl Pts',(4.06348696641969,-2.5090009210427,-3.00021969754248));
#10653=CARTESIAN_POINT('Ctrl Pts',(4.0886222849825,-2.51284288308826,-3.00372060733108));
#10654=CARTESIAN_POINT('Ctrl Pts',(4.13682561483177,-2.52039942370897,-3.01722751415634));
#10655=CARTESIAN_POINT('Ctrl Pts',(4.15977043022895,-2.52409105595017,-3.02709081853557));
#10656=CARTESIAN_POINT('Ctrl Pts',(4.20896567255189,-2.53215344323294,-3.05697916770376));
#10657=CARTESIAN_POINT('Ctrl Pts',(4.23357892699805,-2.53630457963901,-3.07898845763819));
#10658=CARTESIAN_POINT('Ctrl Pts',(4.27186549618127,-2.54284402598797,-3.1299863527586));
#10659=CARTESIAN_POINT('Ctrl Pts',(4.28567830023688,-2.54524785191992,-3.15799548767139));
#10660=CARTESIAN_POINT('Ctrl Pts',(4.29922434448765,-2.54761055090915,-3.20820725396574));
#10661=CARTESIAN_POINT('Ctrl Pts',(4.30199942139748,-2.5480975213472,-3.22904050736604));
#10662=CARTESIAN_POINT('Ctrl Pts',(4.30199942139748,-2.5480975213472,-3.25));
#10663=CARTESIAN_POINT('Origin',(2.82842712474619,2.82842712474619,-3.25));
#10664=CARTESIAN_POINT('',(2.5480975213472,4.30199942139748,-3.25));
#10665=CARTESIAN_POINT('Origin',(2.82842712474619,2.82842712474619,-3.25));
#10666=CARTESIAN_POINT('',(2.50490331836804,4.03583440760753,-3.));
#10667=CARTESIAN_POINT('Ctrl Pts',(2.5480975213472,4.30199942139748,-3.25));
#10668=CARTESIAN_POINT('Ctrl Pts',(2.5480975213472,4.30199942139748,-3.21943119792316));
#10669=CARTESIAN_POINT('Ctrl Pts',(2.54705997162471,4.29609893514538,-3.18925328685213));
#10670=CARTESIAN_POINT('Ctrl Pts',(2.54304511878531,4.27297541710696,-3.13172988716564));
#10671=CARTESIAN_POINT('Ctrl Pts',(2.54006041621257,4.25569429016263,-3.10521641317083));
#10672=CARTESIAN_POINT('Ctrl Pts',(2.53248532665571,4.21087665954947,-3.05828657750577));
#10673=CARTESIAN_POINT('Ctrl Pts',(2.52788500910593,4.18320844370417,-3.03892001866863));
#10674=CARTESIAN_POINT('Ctrl Pts',(2.52011356827734,4.13494073230087,-3.01695191696599));
#10675=CARTESIAN_POINT('Ctrl Pts',(2.51715937688522,4.11628238096173,-3.01078483063721));
#10676=CARTESIAN_POINT('Ctrl Pts',(2.51119682041337,4.07782044967703,-3.00236863051073));
#10677=CARTESIAN_POINT('Ctrl Pts',(2.50819900066417,4.058075244122,-3.00017663985523));
#10678=CARTESIAN_POINT('Ctrl Pts',(2.5051440580371,4.03746128185896,-3.00000341643922));
#10679=CARTESIAN_POINT('Ctrl Pts',(2.50502362957431,4.03664785428026,-3.));
#10680=CARTESIAN_POINT('Ctrl Pts',(2.50490331836804,4.03583440760753,-3.));
#10681=CARTESIAN_POINT('Origin',(2.82842712474619,2.82842712474619,-3.));
#10682=CARTESIAN_POINT('Origin',(1.82905791307949E-17,-1.82905791307949E-17,
-3.25));
#10683=CARTESIAN_POINT('Origin',(1.82905791307949E-17,-1.82905791307949E-17,
-3.25));
#10684=CARTESIAN_POINT('',(-2.50490331836804,4.03583440760753,-3.));
#10685=CARTESIAN_POINT('Ctrl Pts',(-2.5480975213472,4.30199942139748,-3.25));
#10686=CARTESIAN_POINT('Ctrl Pts',(-2.5480975213472,4.30199942139748,-3.2194293510573));
#10687=CARTESIAN_POINT('Ctrl Pts',(-2.54705984590774,4.29609822285781,-3.18924966377252));
#10688=CARTESIAN_POINT('Ctrl Pts',(-2.54304402878941,4.27296912712653,-3.13171615035033));
#10689=CARTESIAN_POINT('Ctrl Pts',(-2.54005803452617,4.25568048067097,-3.10519587776));
#10690=CARTESIAN_POINT('Ctrl Pts',(-2.53247868641956,4.21083707135963,-3.05825162636339));
#10691=CARTESIAN_POINT('Ctrl Pts',(-2.52787510934032,4.18314855225248,-3.03888068896863));
#10692=CARTESIAN_POINT('Ctrl Pts',(-2.52010265038894,4.13487198373367,-3.01692771573379));
#10693=CARTESIAN_POINT('Ctrl Pts',(-2.5171509210173,4.11622835981948,-3.01077024260985));
#10694=CARTESIAN_POINT('Ctrl Pts',(-2.51119146472401,4.07778537122438,-3.00236375873449));
#10695=CARTESIAN_POINT('Ctrl Pts',(-2.50819425689675,4.05804368228472,-3.00017447827673));
#10696=CARTESIAN_POINT('Ctrl Pts',(-2.50514131165867,4.03744273148825,-3.00000333897081));
#10697=CARTESIAN_POINT('Ctrl Pts',(-2.50502225771309,4.03663857886875,-3.));
#10698=CARTESIAN_POINT('Ctrl Pts',(-2.50490331836804,4.03583440760753,-3.));
#10699=CARTESIAN_POINT('Origin',(1.82905791307949E-17,-1.82905791307949E-17,
-3.));
#10700=CARTESIAN_POINT('Origin',(-2.82842712474619,2.82842712474619,-3.25));
#10701=CARTESIAN_POINT('',(-4.03583440760752,2.50490331836804,-3.));
#10702=CARTESIAN_POINT('Origin',(-2.82842712474619,2.82842712474619,-3.));
#10703=CARTESIAN_POINT('Ctrl Pts',(-4.30199942139748,2.5480975213472,-3.25));
#10704=CARTESIAN_POINT('Ctrl Pts',(-4.30199942139748,2.5480975213472,-3.21943119792316));
#10705=CARTESIAN_POINT('Ctrl Pts',(-4.29609893514538,2.54705997162471,-3.18925328685213));
#10706=CARTESIAN_POINT('Ctrl Pts',(-4.27297541710696,2.54304511878531,-3.13172988716564));
#10707=CARTESIAN_POINT('Ctrl Pts',(-4.25569429016263,2.54006041621258,-3.10521641317083));
#10708=CARTESIAN_POINT('Ctrl Pts',(-4.21087665954947,2.53248532665571,-3.05828657750577));
#10709=CARTESIAN_POINT('Ctrl Pts',(-4.18320844370417,2.52788500910593,-3.03892001866863));
#10710=CARTESIAN_POINT('Ctrl Pts',(-4.13494073230087,2.52011356827734,-3.01695191696599));
#10711=CARTESIAN_POINT('Ctrl Pts',(-4.11628238096173,2.51715937688523,-3.01078483063721));
#10712=CARTESIAN_POINT('Ctrl Pts',(-4.07782044967704,2.51119682041337,-3.00236863051073));
#10713=CARTESIAN_POINT('Ctrl Pts',(-4.05807524412206,2.50819900066419,-3.00017663985523));
#10714=CARTESIAN_POINT('Ctrl Pts',(-4.03746128185896,2.5051440580371,-3.00000341643922));
#10715=CARTESIAN_POINT('Ctrl Pts',(-4.03664785428026,2.50502362957431,-3.));
#10716=CARTESIAN_POINT('Ctrl Pts',(-4.03583440760752,2.50490331836804,-3.));
#10717=CARTESIAN_POINT('Origin',(3.65811582615899E-17,2.23994991870794E-33,
-3.25));
#10718=CARTESIAN_POINT('',(-4.03583440760753,-2.50490331836804,-3.));
#10719=CARTESIAN_POINT('Origin',(3.65811582615899E-17,2.23994991870794E-33,
-3.));
#10720=CARTESIAN_POINT('Ctrl Pts',(-4.30199942139748,-2.54809752134719,
-3.25));
#10721=CARTESIAN_POINT('Ctrl Pts',(-4.30199942139748,-2.54809752134719,
-3.2194293510573));
#10722=CARTESIAN_POINT('Ctrl Pts',(-4.29609822285781,-2.54705984590774,
-3.18924966377252));
#10723=CARTESIAN_POINT('Ctrl Pts',(-4.27296912712653,-2.54304402878941,
-3.13171615035033));
#10724=CARTESIAN_POINT('Ctrl Pts',(-4.25568048067097,-2.54005803452617,
-3.10519587776));
#10725=CARTESIAN_POINT('Ctrl Pts',(-4.21083707135963,-2.53247868641956,
-3.05825162636339));
#10726=CARTESIAN_POINT('Ctrl Pts',(-4.18314855225248,-2.52787510934032,
-3.03888068896863));
#10727=CARTESIAN_POINT('Ctrl Pts',(-4.13487198373367,-2.52010265038894,
-3.01692771573379));
#10728=CARTESIAN_POINT('Ctrl Pts',(-4.11622835981948,-2.5171509210173,-3.01077024260985));
#10729=CARTESIAN_POINT('Ctrl Pts',(-4.0777853712244,-2.51119146472401,-3.0023637587345));
#10730=CARTESIAN_POINT('Ctrl Pts',(-4.05804368228481,-2.50819425689678,
-3.00017447827673));
#10731=CARTESIAN_POINT('Ctrl Pts',(-4.03744273148824,-2.50514131165866,
-3.00000333897081));
#10732=CARTESIAN_POINT('Ctrl Pts',(-4.03663857886876,-2.50502225771309,
-3.));
#10733=CARTESIAN_POINT('Ctrl Pts',(-4.03583440760753,-2.50490331836804,
-3.));
#10734=CARTESIAN_POINT('Origin',(-2.82842712474619,-2.82842712474619,-3.25));
#10735=CARTESIAN_POINT('Origin',(-2.82842712474619,-2.82842712474619,-3.));
#10736=CARTESIAN_POINT('Origin',(2.82842712474619,-2.82842712474619,-3.25));
#10737=CARTESIAN_POINT('Origin',(2.82842712474619,-2.82842712474619,-3.25));
#10738=CARTESIAN_POINT('Origin',(2.82842712474619,-2.82842712474619,-3.));
#10739=CARTESIAN_POINT('Origin',(1.97293476938946E-17,-1.97293476938946E-17,
-4.5));
#10740=CARTESIAN_POINT('',(2.5480975213472,4.30199942139748,-3.));
#10741=CARTESIAN_POINT('Origin',(2.82842712474619,2.82842712474619,-3.));
#10742=CARTESIAN_POINT('',(4.30199942139748,2.5480975213472,-3.));
#10743=CARTESIAN_POINT('',(3.19828896662254,4.28211286035889,-4.49999989941716));
#10744=CARTESIAN_POINT('Ctrl Pts',(3.19828896662254,4.28211286035889,-4.49999989941716));
#10745=CARTESIAN_POINT('Ctrl Pts',(3.19828896662254,4.28211286035889,-4.44220439971067));
#10746=CARTESIAN_POINT('Ctrl Pts',(3.21056813210527,4.27910515613795,-4.32275335359732));
#10747=CARTESIAN_POINT('Ctrl Pts',(3.29178838435389,4.2566352979792,-4.08801010006304));
#10748=CARTESIAN_POINT('Ctrl Pts',(3.43558894432568,4.20561531394214,-3.90325057373766));
#10749=CARTESIAN_POINT('Ctrl Pts',(3.61564044156993,4.10914732273613,-3.77313354668837));
#10750=CARTESIAN_POINT('Ctrl Pts',(3.80857825159415,3.97483654250684,-3.69286761140478));
#10751=CARTESIAN_POINT('Ctrl Pts',(4.0182219623906,3.76620407420661,-3.69175302384355));
#10752=CARTESIAN_POINT('Ctrl Pts',(4.16707960062921,3.51634842111866,-3.8312277663809));
#10753=CARTESIAN_POINT('Ctrl Pts',(4.22962145775132,3.36648817630147,-3.99449376418582));
#10754=CARTESIAN_POINT('Ctrl Pts',(4.2624052783773,3.27102974235758,-4.14760954717037));
#10755=CARTESIAN_POINT('Ctrl Pts',(4.27863306501597,3.21166157028805,-4.32445530205721));
#10756=CARTESIAN_POINT('Ctrl Pts',(4.28499252783704,3.18564544469946,-4.558306184846));
#10757=CARTESIAN_POINT('Ctrl Pts',(4.27409639584939,3.23212121034357,-4.76888934491263));
#10758=CARTESIAN_POINT('Ctrl Pts',(4.24626183392827,3.31808505411762,-4.9289711323037));
#10759=CARTESIAN_POINT('Ctrl Pts',(4.22197947531063,3.38466682041971,-5.02631388604705));
#10760=CARTESIAN_POINT('Ctrl Pts',(4.18219226418411,3.47863124335018,-5.12729138942224));
#10761=CARTESIAN_POINT('Ctrl Pts',(4.10899964082709,3.61523419100091,-5.22612855505181));
#10762=CARTESIAN_POINT('Ctrl Pts',(3.97512959377961,3.8074120154366,-5.30567345105541));
#10763=CARTESIAN_POINT('Ctrl Pts',(3.76577240748465,4.01798077312819,-5.30816378755843));
#10764=CARTESIAN_POINT('Ctrl Pts',(3.51583476821905,4.1674495044009,-5.16923502823696));
#10765=CARTESIAN_POINT('Ctrl Pts',(3.36609686692691,4.22974027157957,-5.00646725497902));
#10766=CARTESIAN_POINT('Ctrl Pts',(3.27057861498413,4.2627411324322,-4.85266959688085));
#10767=CARTESIAN_POINT('Ctrl Pts',(3.21119493091338,4.27873664504408,-4.67775838182232));
#10768=CARTESIAN_POINT('Ctrl Pts',(3.19828896662254,4.28211286035889,-4.55779539912366));
#10769=CARTESIAN_POINT('Ctrl Pts',(3.19828896662254,4.28211286035889,-4.49999989941716));
#10770=CARTESIAN_POINT('Origin',(0.,0.,-4.5));
#10771=CARTESIAN_POINT('',(4.30199942139748,-2.5480975213472,-3.));
#10772=CARTESIAN_POINT('Origin',(5.,0.,-3.));
#10773=CARTESIAN_POINT('',(-2.82842712474619,-3.17842712474619,-3.));
#10774=CARTESIAN_POINT('Origin',(-2.82842712474619,-2.82842712474619,-3.));
#10775=CARTESIAN_POINT('',(2.82842712474619,3.17842712474619,-3.));
#10776=CARTESIAN_POINT('Origin',(2.82842712474619,2.82842712474619,-3.));
#10777=CARTESIAN_POINT('',(-0.450000000000001,-4.00000005960464,-3.));
#10778=CARTESIAN_POINT('Origin',(-4.89858726958405E-16,-4.00000005960464,
-3.));
#10779=CARTESIAN_POINT('',(2.,-2.44929359829471E-16,-3.));
#10780=CARTESIAN_POINT('Origin',(0.,0.,-3.));
#10781=CARTESIAN_POINT('',(-4.00000005960464,0.4,-3.));
#10782=CARTESIAN_POINT('Origin',(-4.00000005960464,3.9831970597661E-16,
-3.));
#10783=CARTESIAN_POINT('',(0.4,4.00000005960464,-3.));
#10784=CARTESIAN_POINT('Origin',(1.71393167915583E-16,4.00000005960464,
-3.));
#10785=CARTESIAN_POINT('',(4.00000005960464,-0.450000000000001,-3.));
#10786=CARTESIAN_POINT('Origin',(4.00000005960464,-8.88178432935015E-16,
-3.));
#10787=CARTESIAN_POINT('',(-3.17842712474619,2.82842712474619,-3.));
#10788=CARTESIAN_POINT('Origin',(-2.82842712474619,2.82842712474619,-3.));
#10789=CARTESIAN_POINT('',(3.17842712474619,-2.82842712474619,-3.));
#10790=CARTESIAN_POINT('Origin',(2.82842712474619,-2.82842712474619,-3.));
#10791=CARTESIAN_POINT('Origin',(-2.82842712474619,-2.82842712474619,-3.5));
#10792=CARTESIAN_POINT('',(-2.82842712474619,-3.12842712474619,-4.));
#10793=CARTESIAN_POINT('',(-2.82842712474619,-3.15342712474619,-3.5));
#10794=CARTESIAN_POINT('Origin',(-2.82842712474619,-2.82842712474619,-4.));
#10795=CARTESIAN_POINT('Origin',(-2.82842712474619,-2.82842712474619,-3.));
#10796=CARTESIAN_POINT('',(-2.82842712474619,-3.12842712474619,-4.2878678650612));
#10797=CARTESIAN_POINT('',(-2.82842712474619,-3.12842712474619,-3.));
#10798=CARTESIAN_POINT('',(-3.04055915910216,-2.61629509039023,-4.49999989941716));
#10799=CARTESIAN_POINT('Origin',(-2.82842712474619,-2.82842712474619,-4.49999989941716));
#10800=CARTESIAN_POINT('',(-3.04055915910215,-3.04055915910216,-4.79999989941716));
#10801=CARTESIAN_POINT('Origin',(-2.82842712474619,-2.82842712474619,-4.49999989941716));
#10802=CARTESIAN_POINT('',(-2.82842712474619,-3.12842712474619,-4.71213193377313));
#10803=CARTESIAN_POINT('Origin',(-2.82842712474619,-2.82842712474619,-4.49999989941716));
#10804=CARTESIAN_POINT('',(-2.82842712474619,-3.12842712474619,-5.));
#10805=CARTESIAN_POINT('',(-2.82842712474619,-3.12842712474619,-3.));
#10806=CARTESIAN_POINT('Origin',(-2.82842712474619,-2.82842712474619,-5.));
#10807=CARTESIAN_POINT('',(-2.61629509039023,-3.04055915910215,-4.49999989941716));
#10808=CARTESIAN_POINT('Origin',(-2.82842712474619,-2.82842712474619,-4.49999989941716));
#10809=CARTESIAN_POINT('Origin',(-2.82842712474619,-2.82842712474619,-4.49999989941716));
#10810=CARTESIAN_POINT('Origin',(2.82842712474619,-2.82842712474619,-3.5));
#10811=CARTESIAN_POINT('',(3.12842712474619,-2.82842712474619,-4.));
#10812=CARTESIAN_POINT('',(3.15342712474619,-2.82842712474619,-3.5));
#10813=CARTESIAN_POINT('Origin',(2.82842712474619,-2.82842712474619,-4.));
#10814=CARTESIAN_POINT('Origin',(2.82842712474619,-2.82842712474619,-3.));
#10815=CARTESIAN_POINT('',(3.12842712474619,-2.82842712474619,-4.2878678650612));
#10816=CARTESIAN_POINT('',(3.12842712474619,-2.82842712474619,-3.));
#10817=CARTESIAN_POINT('',(2.61629509039023,-3.04055915910216,-4.49999989941716));
#10818=CARTESIAN_POINT('Origin',(2.82842712474619,-2.82842712474619,-4.49999989941716));
#10819=CARTESIAN_POINT('',(3.04055915910216,-3.04055915910216,-4.79999989941716));
#10820=CARTESIAN_POINT('Origin',(2.82842712474619,-2.82842712474619,-4.49999989941716));
#10821=CARTESIAN_POINT('',(3.12842712474619,-2.82842712474619,-4.71213193377313));
#10822=CARTESIAN_POINT('Origin',(2.82842712474619,-2.82842712474619,-4.49999989941716));
#10823=CARTESIAN_POINT('',(3.12842712474619,-2.82842712474619,-5.));
#10824=CARTESIAN_POINT('',(3.12842712474619,-2.82842712474619,-3.));
#10825=CARTESIAN_POINT('Origin',(2.82842712474619,-2.82842712474619,-5.));
#10826=CARTESIAN_POINT('',(3.04055915910215,-2.61629509039023,-4.49999989941716));
#10827=CARTESIAN_POINT('Origin',(2.82842712474619,-2.82842712474619,-4.49999989941716));
#10828=CARTESIAN_POINT('Origin',(2.82842712474619,-2.82842712474619,-4.49999989941716));
#10829=CARTESIAN_POINT('Origin',(2.82842712474619,2.82842712474619,-3.5));
#10830=CARTESIAN_POINT('',(2.82842712474619,3.12842712474619,-4.));
#10831=CARTESIAN_POINT('',(2.82842712474619,3.15342712474619,-3.5));
#10832=CARTESIAN_POINT('Origin',(2.82842712474619,2.82842712474619,-4.));
#10833=CARTESIAN_POINT('Origin',(2.82842712474619,2.82842712474619,-3.));
#10834=CARTESIAN_POINT('',(2.82842712474619,3.12842712474619,-4.2878678650612));
#10835=CARTESIAN_POINT('',(2.82842712474619,3.12842712474619,-3.));
#10836=CARTESIAN_POINT('',(3.04055915910216,2.61629509039023,-4.49999989941716));
#10837=CARTESIAN_POINT('Origin',(2.82842712474619,2.82842712474619,-4.49999989941716));
#10838=CARTESIAN_POINT('',(3.04055915910216,3.04055915910216,-4.79999989941716));
#10839=CARTESIAN_POINT('Origin',(2.82842712474619,2.82842712474619,-4.49999989941716));
#10840=CARTESIAN_POINT('',(2.82842712474619,3.12842712474619,-4.71213193377313));
#10841=CARTESIAN_POINT('Origin',(2.82842712474619,2.82842712474619,-4.49999989941716));
#10842=CARTESIAN_POINT('',(2.82842712474619,3.12842712474619,-5.));
#10843=CARTESIAN_POINT('',(2.82842712474619,3.12842712474619,-3.));
#10844=CARTESIAN_POINT('Origin',(2.82842712474619,2.82842712474619,-5.));
#10845=CARTESIAN_POINT('',(2.61629509039023,3.04055915910216,-4.49999989941716));
#10846=CARTESIAN_POINT('Origin',(2.82842712474619,2.82842712474619,-4.49999989941716));
#10847=CARTESIAN_POINT('Origin',(2.82842712474619,2.82842712474619,-4.49999989941716));
#10848=CARTESIAN_POINT('Origin',(-2.82842712474619,2.82842712474619,-3.5));
#10849=CARTESIAN_POINT('',(-3.12842712474619,2.82842712474619,-4.));
#10850=CARTESIAN_POINT('',(-3.15342712474619,2.82842712474619,-3.5));
#10851=CARTESIAN_POINT('Origin',(-2.82842712474619,2.82842712474619,-4.));
#10852=CARTESIAN_POINT('Origin',(-2.82842712474619,2.82842712474619,-3.));
#10853=CARTESIAN_POINT('',(-3.12842712474619,2.82842712474619,-4.2878678650612));
#10854=CARTESIAN_POINT('',(-3.12842712474619,2.82842712474619,-3.));
#10855=CARTESIAN_POINT('',(-2.61629509039023,3.04055915910216,-4.49999989941716));
#10856=CARTESIAN_POINT('Origin',(-2.82842712474619,2.82842712474619,-4.49999989941716));
#10857=CARTESIAN_POINT('',(-3.04055915910216,3.04055915910215,-4.79999989941716));
#10858=CARTESIAN_POINT('Origin',(-2.82842712474619,2.82842712474619,-4.49999989941716));
#10859=CARTESIAN_POINT('',(-3.12842712474619,2.82842712474619,-4.71213193377313));
#10860=CARTESIAN_POINT('Origin',(-2.82842712474619,2.82842712474619,-4.49999989941716));
#10861=CARTESIAN_POINT('',(-3.12842712474619,2.82842712474619,-5.));
#10862=CARTESIAN_POINT('',(-3.12842712474619,2.82842712474619,-3.));
#10863=CARTESIAN_POINT('Origin',(-2.82842712474619,2.82842712474619,-5.));
#10864=CARTESIAN_POINT('',(-3.04055915910216,2.61629509039023,-4.49999989941716));
#10865=CARTESIAN_POINT('Origin',(-2.82842712474619,2.82842712474619,-4.49999989941716));
#10866=CARTESIAN_POINT('Origin',(-2.82842712474619,2.82842712474619,-4.49999989941716));
#10867=CARTESIAN_POINT('Origin',(2.82842712474619,2.82842712474619,-5.5));
#10868=CARTESIAN_POINT('',(2.82842712474619,3.15342712474619,-5.5));
#10869=CARTESIAN_POINT('Origin',(2.82842712474619,-2.82842712474619,-5.5));
#10870=CARTESIAN_POINT('',(3.15342712474619,-2.82842712474619,-5.5));
#10871=CARTESIAN_POINT('Origin',(-2.82842712474619,-2.82842712474619,-5.5));
#10872=CARTESIAN_POINT('',(-2.82842712474619,-3.15342712474619,-5.5));
#10873=CARTESIAN_POINT('Origin',(-2.82842712474619,2.82842712474619,-5.5));
#10874=CARTESIAN_POINT('',(-3.15342712474619,2.82842712474619,-5.5));
#10875=CARTESIAN_POINT('Origin',(4.00000005960464,-8.88178432935015E-16,
-5.5));
#10876=CARTESIAN_POINT('',(4.00000005960464,-0.400000000000001,-5.));
#10877=CARTESIAN_POINT('',(4.00000005960464,-0.425000000000001,-5.5));
#10878=CARTESIAN_POINT('Origin',(4.00000005960464,-8.88178432935015E-16,
-5.));
#10879=CARTESIAN_POINT('Origin',(4.00000005960464,-8.88178432935015E-16,
-3.));
#10880=CARTESIAN_POINT('',(4.00000005960464,-0.400000000000001,-4.));
#10881=CARTESIAN_POINT('Origin',(4.00000005960464,-8.88178432935015E-16,
-4.));
#10882=CARTESIAN_POINT('',(4.00000005960464,-0.400000000000001,-3.));
#10883=CARTESIAN_POINT('Origin',(-4.89858726958405E-16,-4.00000005960464,
-5.5));
#10884=CARTESIAN_POINT('',(-0.400000000000001,-4.00000005960464,-5.));
#10885=CARTESIAN_POINT('',(-0.425000000000001,-4.00000005960464,-5.5));
#10886=CARTESIAN_POINT('Origin',(-4.89858726958405E-16,-4.00000005960464,
-5.));
#10887=CARTESIAN_POINT('Origin',(-4.89858726958405E-16,-4.00000005960464,
-3.));
#10888=CARTESIAN_POINT('',(-0.400000000000001,-4.00000005960464,-4.));
#10889=CARTESIAN_POINT('Origin',(-4.89858726958405E-16,-4.00000005960464,
-4.));
#10890=CARTESIAN_POINT('',(-0.400000000000001,-4.00000005960464,-3.));
#10891=CARTESIAN_POINT('Origin',(-4.89858726958405E-16,-4.00000005960464,
-3.5));
#10892=CARTESIAN_POINT('',(-0.425000000000001,-4.00000005960464,-3.5));
#10893=CARTESIAN_POINT('Origin',(4.00000005960464,-8.88178432935015E-16,
-3.5));
#10894=CARTESIAN_POINT('',(4.00000005960464,-0.425000000000001,-3.5));
#10895=CARTESIAN_POINT('Origin',(0.,0.,-6.5));
#10896=CARTESIAN_POINT('',(2.5,-3.06161699786838E-16,-6.5));
#10897=CARTESIAN_POINT('Origin',(3.,-3.67394039744206E-16,-6.5));
#10898=CARTESIAN_POINT('',(-2.5,-1.47359661167309E-15,-6.5));
#10899=CARTESIAN_POINT('Origin',(0.,0.,-6.5));
#10900=CARTESIAN_POINT('Origin',(0.,0.,-6.5));
#10901=CARTESIAN_POINT('Origin',(0.,0.,-7.27525512860841));
#10902=CARTESIAN_POINT('',(-2.5,-3.06161699786838E-16,-8.55051025721682));
#10903=CARTESIAN_POINT('Origin',(-1.61655144663379E-15,2.77555756156289E-16,
-8.55051025721682));
#10904=CARTESIAN_POINT('',(-2.5,3.06161699786838E-16,-7.27525512860841));
#10905=CARTESIAN_POINT('Origin',(0.,0.,-2.5));
#10906=CARTESIAN_POINT('',(-1.5,-2.46940697055113E-15,-2.5));
#10907=CARTESIAN_POINT('',(1.5,-1.83697019872103E-16,-2.5));
#10908=CARTESIAN_POINT('Origin',(0.,0.,-2.5));
#10909=CARTESIAN_POINT('Origin',(2.,-2.44929359829471E-16,-2.5));
#10910=CARTESIAN_POINT('Origin',(0.,0.,-2.5));
#10911=CARTESIAN_POINT('Origin',(0.,0.,-2.16143782776615));
#10912=CARTESIAN_POINT('',(-1.5,-1.83697019872103E-16,-1.3228756555323));
#10913=CARTESIAN_POINT('',(-1.5,1.83697019872103E-16,-2.16143782776615));
#10914=CARTESIAN_POINT('Origin',(2.77555756156289E-16,-6.93889390390723E-16,
-1.3228756555323));
#10915=CARTESIAN_POINT('Origin',(3.08551126014663E-15,0.,-9.5));
#10916=CARTESIAN_POINT('',(-1.16666666666667,2.79756838859909,-9.25));
#10917=CARTESIAN_POINT('',(-0.5,2.64255414625983,-9.99158162250564));
#10918=CARTESIAN_POINT('Ctrl Pts',(-1.16666666666667,2.79756838859909,-9.25));
#10919=CARTESIAN_POINT('Ctrl Pts',(-1.16570178275728,2.79852519352236,-9.25088630246463));
#10920=CARTESIAN_POINT('Ctrl Pts',(-1.16473555288785,2.79947893336137,-9.25177445025967));
#10921=CARTESIAN_POINT('Ctrl Pts',(-1.12404709629353,2.83945642932921,-9.28920045062073));
#10922=CARTESIAN_POINT('Ctrl Pts',(-1.08203631341119,2.87332812088955,-9.32886611489708));
#10923=CARTESIAN_POINT('Ctrl Pts',(-0.996386959247325,2.92752445603217,
-9.41186421964826));
#10924=CARTESIAN_POINT('Ctrl Pts',(-0.952755151207498,2.94829842350225,
-9.45512459969027));
#10925=CARTESIAN_POINT('Ctrl Pts',(-0.839589556092007,2.98301551777961,
-9.5702281650365));
#10926=CARTESIAN_POINT('Ctrl Pts',(-0.774093475462226,2.98499023433066,
-9.63959537488163));
#10927=CARTESIAN_POINT('Ctrl Pts',(-0.668826151929514,2.95684033125863,
-9.75633960224844));
#10928=CARTESIAN_POINT('Ctrl Pts',(-0.62733144911201,2.93256866323265,-9.80457205431));
#10929=CARTESIAN_POINT('Ctrl Pts',(-0.566226194375989,2.87093717451253,
-9.88022417636595));
#10930=CARTESIAN_POINT('Ctrl Pts',(-0.543193266558841,2.83603834602656,
-9.9108233073659));
#10931=CARTESIAN_POINT('Ctrl Pts',(-0.512089686676363,2.75645809461399,
-9.9580651810215));
#10932=CARTESIAN_POINT('Ctrl Pts',(-0.503296373585774,2.71469196908684,
-9.97493883497681));
#10933=CARTESIAN_POINT('Ctrl Pts',(-0.500251273295346,2.66084396797369,
-9.98797701066648));
#10934=CARTESIAN_POINT('Ctrl Pts',(-0.500000000129391,2.65171280503764,
-9.98990908231723));
#10935=CARTESIAN_POINT('Ctrl Pts',(-0.5,2.64255414625983,-9.99158162250564));
#10936=CARTESIAN_POINT('',(1.16666666666642,2.79756838859919,-9.25));
#10937=CARTESIAN_POINT('Origin',(3.08551126014663E-15,0.,-9.25));
#10938=CARTESIAN_POINT('',(0.5,2.64255414625983,-9.99158162250564));
#10939=CARTESIAN_POINT('Ctrl Pts',(0.5,2.64255414625983,-9.99158162250564));
#10940=CARTESIAN_POINT('Ctrl Pts',(0.500000000129391,2.65171280503764,-9.98990908231723));
#10941=CARTESIAN_POINT('Ctrl Pts',(0.500251273295346,2.66084396797369,-9.98797701066648));
#10942=CARTESIAN_POINT('Ctrl Pts',(0.503296373585774,2.71469196908684,-9.97493883497681));
#10943=CARTESIAN_POINT('Ctrl Pts',(0.512089686676362,2.75645809461399,-9.9580651810215));
#10944=CARTESIAN_POINT('Ctrl Pts',(0.543193266558841,2.83603834602656,-9.9108233073659));
#10945=CARTESIAN_POINT('Ctrl Pts',(0.56622619437599,2.87093717451254,-9.88022417636594));
#10946=CARTESIAN_POINT('Ctrl Pts',(0.627331449111984,2.93256866323263,-9.80457205431003));
#10947=CARTESIAN_POINT('Ctrl Pts',(0.668826151929476,2.95684033125863,-9.75633960224848));
#10948=CARTESIAN_POINT('Ctrl Pts',(0.77409347546229,2.98499023433068,-9.63959537488156));
#10949=CARTESIAN_POINT('Ctrl Pts',(0.839589556092081,2.98301551777958,-9.57022816503643));
#10950=CARTESIAN_POINT('Ctrl Pts',(0.952755151207482,2.94829842350226,-9.45512459969029));
#10951=CARTESIAN_POINT('Ctrl Pts',(0.996386959247291,2.92752445603219,-9.41186421964829));
#10952=CARTESIAN_POINT('Ctrl Pts',(1.08203631341058,2.87332812088995,-9.32886611489767));
#10953=CARTESIAN_POINT('Ctrl Pts',(1.12404709628988,2.83945642933216,-9.28920045062306));
#10954=CARTESIAN_POINT('Ctrl Pts',(1.16473555288804,2.79947893336125,-9.2517744502596));
#10955=CARTESIAN_POINT('Ctrl Pts',(1.1657017827571,2.79852519352254,-9.2508863024648));
#10956=CARTESIAN_POINT('Ctrl Pts',(1.16666666666667,2.79756838859909,-9.25));
#10957=CARTESIAN_POINT('',(0.5,2.5495097567964,-10.));
#10958=CARTESIAN_POINT('Ctrl Pts',(0.5,2.54950975679639,-10.));
#10959=CARTESIAN_POINT('Ctrl Pts',(0.5,2.57896809952926,-10.));
#10960=CARTESIAN_POINT('Ctrl Pts',(0.5,2.61096291332501,-9.99735076489053));
#10961=CARTESIAN_POINT('Ctrl Pts',(0.5,2.64255414625983,-9.99158162250564));
#10962=CARTESIAN_POINT('',(-0.5,2.5495097567964,-10.));
#10963=CARTESIAN_POINT('Origin',(3.08551126014663E-15,0.,-10.));
#10964=CARTESIAN_POINT('Ctrl Pts',(-0.5,2.64255414625983,-9.99158162250564));
#10965=CARTESIAN_POINT('Ctrl Pts',(-0.5,2.61096291332501,-9.99735076489053));
#10966=CARTESIAN_POINT('Ctrl Pts',(-0.5,2.57896809952926,-10.));
#10967=CARTESIAN_POINT('Ctrl Pts',(-0.5,2.54950975679639,-10.));
#10968=CARTESIAN_POINT('Origin',(0.,0.,-10.));
#10969=CARTESIAN_POINT('',(0.5,2.1219095173923,-10.));
#10970=CARTESIAN_POINT('',(0.5,-4.,-10.));
#10971=CARTESIAN_POINT('',(0.512703508665651,1.99740711739684,-10.));
#10972=CARTESIAN_POINT('Ctrl Pts',(0.5,2.1219095173923,-10.));
#10973=CARTESIAN_POINT('Ctrl Pts',(0.5,2.0826450502515,-10.));
#10974=CARTESIAN_POINT('Ctrl Pts',(0.504082700237651,2.03935632220108,-10.));
#10975=CARTESIAN_POINT('Ctrl Pts',(0.512703517041772,1.99740711911818,-10.));
#10976=CARTESIAN_POINT('',(-0.51270350866565,1.99740711739684,-10.));
#10977=CARTESIAN_POINT('Origin',(3.08551126014663E-15,0.,-10.));
#10978=CARTESIAN_POINT('',(-0.5,2.1219095173923,-10.));
#10979=CARTESIAN_POINT('Ctrl Pts',(-0.512703517041772,1.99740711911818,
-10.));
#10980=CARTESIAN_POINT('Ctrl Pts',(-0.504082700237651,2.03935632220108,
-10.));
#10981=CARTESIAN_POINT('Ctrl Pts',(-0.5,2.08264505025149,-10.));
#10982=CARTESIAN_POINT('Ctrl Pts',(-0.5,2.1219095173923,-10.));
#10983=CARTESIAN_POINT('',(-0.5,4.,-10.));
#10984=CARTESIAN_POINT('Origin',(3.08551126014663E-15,0.,-9.5));
#10985=CARTESIAN_POINT('',(-0.803921568627451,1.44984753072888,-9.79411764705882));
#10986=CARTESIAN_POINT('Ctrl Pts',(-0.512703517041849,1.99740711911781,
-10.));
#10987=CARTESIAN_POINT('Ctrl Pts',(-0.52444603269716,1.94026761892911,-10.0000000024378));
#10988=CARTESIAN_POINT('Ctrl Pts',(-0.543370444476072,1.8846443677909,-9.99176759706178));
#10989=CARTESIAN_POINT('Ctrl Pts',(-0.618890881839524,1.70879199212801,
-9.94777216675002));
#10990=CARTESIAN_POINT('Ctrl Pts',(-0.700409908862195,1.58325670100606,
-9.88497278511788));
#10991=CARTESIAN_POINT('Ctrl Pts',(-0.802309959016023,1.45192080686185,
-9.79553386491038));
#10992=CARTESIAN_POINT('Ctrl Pts',(-0.803115599025829,1.45088373982175,
-9.79482618122564));
#10993=CARTESIAN_POINT('Ctrl Pts',(-0.803921568627451,1.44984753072888,
-9.79411764705882));
#10994=CARTESIAN_POINT('',(0.803921568627452,1.44984753072888,-9.79411764705882));
#10995=CARTESIAN_POINT('Ctrl Pts',(0.803921568627452,1.44984753072888,-9.79411764705882));
#10996=CARTESIAN_POINT('Ctrl Pts',(0.803115599028118,1.45088373981881,-9.79482618122363));
#10997=CARTESIAN_POINT('Ctrl Pts',(0.80230995901367,1.45192080686482,-9.79553386491236));
#10998=CARTESIAN_POINT('Ctrl Pts',(0.700409906494774,1.58325670405948,-9.88497278719833));
#10999=CARTESIAN_POINT('Ctrl Pts',(0.61889088080987,1.70879199452561,-9.94777216734986));
#11000=CARTESIAN_POINT('Ctrl Pts',(0.543370444476073,1.88464436779091,-9.99176759706178));
#11001=CARTESIAN_POINT('Ctrl Pts',(0.524446032697161,1.94026761892912,-10.0000000024378));
#11002=CARTESIAN_POINT('Ctrl Pts',(0.512703517041849,1.99740711911781,-10.));
#11003=CARTESIAN_POINT('Origin',(3.08551126014663E-15,0.,-9.79411764705882));
#11004=CARTESIAN_POINT('Origin',(3.08551126014663E-15,0.,-9.5));
#11005=CARTESIAN_POINT('',(0.803921568627451,-1.44984753072888,-9.79411764705882));
#11006=CARTESIAN_POINT('',(0.51270350866565,-1.99740711739684,-10.));
#11007=CARTESIAN_POINT('Ctrl Pts',(0.512703517041849,-1.99740711911781,
-10.));
#11008=CARTESIAN_POINT('Ctrl Pts',(0.524446032697161,-1.94026761892912,
-10.0000000024378));
#11009=CARTESIAN_POINT('Ctrl Pts',(0.543370444476071,-1.88464436779091,
-9.99176759706178));
#11010=CARTESIAN_POINT('Ctrl Pts',(0.618890882137538,-1.70879199143408,
-9.9477721665764));
#11011=CARTESIAN_POINT('Ctrl Pts',(0.700409909547399,-1.58325670012231,
-9.88497278451573));
#11012=CARTESIAN_POINT('Ctrl Pts',(0.802309959016753,-1.45192080686094,
-9.79553386490976));
#11013=CARTESIAN_POINT('Ctrl Pts',(0.803115599025128,-1.45088373982266,
-9.79482618122625));
#11014=CARTESIAN_POINT('Ctrl Pts',(0.803921568627452,-1.44984753072888,
-9.79411764705882));
#11015=CARTESIAN_POINT('',(-0.51270350866565,-1.99740711739684,-10.));
#11016=CARTESIAN_POINT('Origin',(3.08551126014663E-15,0.,-10.));
#11017=CARTESIAN_POINT('',(-0.803921568627451,-1.44984753072888,-9.79411764705882));
#11018=CARTESIAN_POINT('Ctrl Pts',(-0.803921568627451,-1.44984753072888,
-9.79411764705882));
#11019=CARTESIAN_POINT('Ctrl Pts',(-0.803115599026119,-1.45088373982138,
-9.79482618122538));
#11020=CARTESIAN_POINT('Ctrl Pts',(-0.802309959015726,-1.45192080686223,
-9.79553386491063));
#11021=CARTESIAN_POINT('Ctrl Pts',(-0.70040990859898,-1.58325670134554,
-9.88497278534918));
#11022=CARTESIAN_POINT('Ctrl Pts',(-0.618890881725045,-1.70879199239458,
-9.94777216681671));
#11023=CARTESIAN_POINT('Ctrl Pts',(-0.54337044447607,-1.88464436779091,
-9.99176759706178));
#11024=CARTESIAN_POINT('Ctrl Pts',(-0.52444603269716,-1.94026761892912,
-10.0000000024378));
#11025=CARTESIAN_POINT('Ctrl Pts',(-0.512703517041849,-1.99740711911781,
-10.));
#11026=CARTESIAN_POINT('Origin',(3.08551126014663E-15,0.,-9.79411764705882));
#11027=CARTESIAN_POINT('Origin',(0.,0.,-10.));
#11028=CARTESIAN_POINT('',(0.5,-2.1219095173923,-10.));
#11029=CARTESIAN_POINT('Ctrl Pts',(0.512703517041772,-1.99740711911818,
-10.));
#11030=CARTESIAN_POINT('Ctrl Pts',(0.504082700237651,-2.03935632220108,
-10.));
#11031=CARTESIAN_POINT('Ctrl Pts',(0.5,-2.0826450502515,-10.));
#11032=CARTESIAN_POINT('Ctrl Pts',(0.5,-2.1219095173923,-10.));
#11033=CARTESIAN_POINT('',(0.5,-2.5495097567964,-10.));
#11034=CARTESIAN_POINT('',(0.5,-4.,-10.));
#11035=CARTESIAN_POINT('',(-0.5,-2.5495097567964,-10.));
#11036=CARTESIAN_POINT('Origin',(3.08551126014663E-15,0.,-10.));
#11037=CARTESIAN_POINT('',(-0.5,-2.1219095173923,-10.));
#11038=CARTESIAN_POINT('',(-0.5,4.,-10.));
#11039=CARTESIAN_POINT('Ctrl Pts',(-0.5,-2.1219095173923,-10.));
#11040=CARTESIAN_POINT('Ctrl Pts',(-0.5,-2.08264505025149,-10.));
#11041=CARTESIAN_POINT('Ctrl Pts',(-0.504082700237651,-2.03935632220108,
-10.));
#11042=CARTESIAN_POINT('Ctrl Pts',(-0.512703517041772,-1.99740711911818,
-10.));
#11043=CARTESIAN_POINT('Origin',(3.08551126014663E-15,0.,-9.5));
#11044=CARTESIAN_POINT('',(1.16666666666642,-2.79756838859919,-9.25));
#11045=CARTESIAN_POINT('',(0.5,-2.64255414625983,-9.99158162250564));
#11046=CARTESIAN_POINT('Ctrl Pts',(1.16666666666667,-2.79756838859909,-9.25));
#11047=CARTESIAN_POINT('Ctrl Pts',(1.1657017827571,-2.79852519352254,-9.2508863024648));
#11048=CARTESIAN_POINT('Ctrl Pts',(1.16473555288804,-2.79947893336125,-9.2517744502596));
#11049=CARTESIAN_POINT('Ctrl Pts',(1.12404709628988,-2.83945642933216,-9.28920045062306));
#11050=CARTESIAN_POINT('Ctrl Pts',(1.08203631341058,-2.87332812088995,-9.32886611489767));
#11051=CARTESIAN_POINT('Ctrl Pts',(0.99638695924729,-2.92752445603219,-9.41186421964829));
#11052=CARTESIAN_POINT('Ctrl Pts',(0.952755151207482,-2.94829842350226,
-9.45512459969029));
#11053=CARTESIAN_POINT('Ctrl Pts',(0.839589556092081,-2.98301551777958,
-9.57022816503643));
#11054=CARTESIAN_POINT('Ctrl Pts',(0.77409347546229,-2.98499023433068,-9.63959537488156));
#11055=CARTESIAN_POINT('Ctrl Pts',(0.668826151929428,-2.95684033125861,
-9.75633960224854));
#11056=CARTESIAN_POINT('Ctrl Pts',(0.627331449111952,-2.9325686632326,-9.80457205431007));
#11057=CARTESIAN_POINT('Ctrl Pts',(0.566226194375991,-2.87093717451254,
-9.88022417636594));
#11058=CARTESIAN_POINT('Ctrl Pts',(0.543193266558841,-2.83603834602656,
-9.9108233073659));
#11059=CARTESIAN_POINT('Ctrl Pts',(0.512089686676364,-2.75645809461399,
-9.9580651810215));
#11060=CARTESIAN_POINT('Ctrl Pts',(0.503296373585773,-2.71469196908684,
-9.97493883497681));
#11061=CARTESIAN_POINT('Ctrl Pts',(0.500251273295346,-2.66084396797369,
-9.98797701066648));
#11062=CARTESIAN_POINT('Ctrl Pts',(0.500000000129391,-2.65171280503764,
-9.98990908231723));
#11063=CARTESIAN_POINT('Ctrl Pts',(0.5,-2.64255414625983,-9.99158162250564));
#11064=CARTESIAN_POINT('',(-1.16666666666692,-2.79756838859899,-9.25));
#11065=CARTESIAN_POINT('Origin',(3.08551126014663E-15,0.,-9.25));
#11066=CARTESIAN_POINT('',(-0.5,-2.64255414625983,-9.99158162250564));
#11067=CARTESIAN_POINT('Ctrl Pts',(-0.5,-2.64255414625983,-9.99158162250564));
#11068=CARTESIAN_POINT('Ctrl Pts',(-0.500000000129391,-2.65171280503764,
-9.98990908231723));
#11069=CARTESIAN_POINT('Ctrl Pts',(-0.500251273295347,-2.66084396797369,
-9.98797701066648));
#11070=CARTESIAN_POINT('Ctrl Pts',(-0.503296373585774,-2.71469196908684,
-9.97493883497681));
#11071=CARTESIAN_POINT('Ctrl Pts',(-0.512089686676362,-2.75645809461398,
-9.95806518102151));
#11072=CARTESIAN_POINT('Ctrl Pts',(-0.543193266558841,-2.83603834602656,
-9.9108233073659));
#11073=CARTESIAN_POINT('Ctrl Pts',(-0.566226194375988,-2.87093717451253,
-9.88022417636595));
#11074=CARTESIAN_POINT('Ctrl Pts',(-0.627331449112066,-2.93256866323271,
-9.80457205430993));
#11075=CARTESIAN_POINT('Ctrl Pts',(-0.668826151929596,-2.95684033125865,
-9.75633960224835));
#11076=CARTESIAN_POINT('Ctrl Pts',(-0.774093475462198,-2.98499023433065,
-9.63959537488166));
#11077=CARTESIAN_POINT('Ctrl Pts',(-0.839589556091975,-2.98301551777961,
-9.57022816503653));
#11078=CARTESIAN_POINT('Ctrl Pts',(-0.952755151207498,-2.94829842350225,
-9.45512459969027));
#11079=CARTESIAN_POINT('Ctrl Pts',(-0.996386959247326,-2.92752445603217,
-9.41186421964826));
#11080=CARTESIAN_POINT('Ctrl Pts',(-1.08203631341119,-2.87332812088956,
-9.32886611489708));
#11081=CARTESIAN_POINT('Ctrl Pts',(-1.1240470962935,-2.83945642932924,-9.28920045062075));
#11082=CARTESIAN_POINT('Ctrl Pts',(-1.16473555288786,-2.79947893336135,
-9.25177445025965));
#11083=CARTESIAN_POINT('Ctrl Pts',(-1.16570178275726,-2.79852519352237,
-9.25088630246464));
#11084=CARTESIAN_POINT('Ctrl Pts',(-1.16666666666667,-2.79756838859909,
-9.25));
#11085=CARTESIAN_POINT('Ctrl Pts',(-0.5,-2.54950975679639,-10.));
#11086=CARTESIAN_POINT('Ctrl Pts',(-0.5,-2.57896809952926,-10.));
#11087=CARTESIAN_POINT('Ctrl Pts',(-0.5,-2.61096291332501,-9.99735076489053));
#11088=CARTESIAN_POINT('Ctrl Pts',(-0.5,-2.64255414625983,-9.99158162250564));
#11089=CARTESIAN_POINT('Ctrl Pts',(0.5,-2.64255414625983,-9.99158162250564));
#11090=CARTESIAN_POINT('Ctrl Pts',(0.5,-2.61096291332502,-9.99735076489053));
#11091=CARTESIAN_POINT('Ctrl Pts',(0.5,-2.57896809952926,-10.));
#11092=CARTESIAN_POINT('Ctrl Pts',(0.5,-2.54950975679639,-10.));
#11093=CARTESIAN_POINT('Origin',(1.,0.,-11.));
#11094=CARTESIAN_POINT('',(0.803921568627452,1.68011582550502,-11.8563999792055));
#11095=CARTESIAN_POINT('Origin',(0.803921568627452,0.,-11.));
#11096=CARTESIAN_POINT('',(0.5,2.26675171984802,-11.6036030488376));
#11097=CARTESIAN_POINT('Origin',(0.5,0.,-11.));
#11098=CARTESIAN_POINT('Ctrl Pts',(0.5,2.26675171984802,-11.6036030488376));
#11099=CARTESIAN_POINT('Ctrl Pts',(0.5,2.26550593246244,-11.6042104465956));
#11100=CARTESIAN_POINT('Ctrl Pts',(0.500003292036418,2.26425997701547,-11.60481750393));
#11101=CARTESIAN_POINT('Ctrl Pts',(0.500455279052458,2.17864880350237,-11.6465001111698));
#11102=CARTESIAN_POINT('Ctrl Pts',(0.515960442231012,2.09293585341896,-11.686203683216));
#11103=CARTESIAN_POINT('Ctrl Pts',(0.575076073840181,1.93045969262877,-11.7575910566338));
#11104=CARTESIAN_POINT('Ctrl Pts',(0.617529825213147,1.85654950436603,-11.7880568348857));
#11105=CARTESIAN_POINT('Ctrl Pts',(0.70737442297403,1.75076148365724,-11.8298837881146));
#11106=CARTESIAN_POINT('Ctrl Pts',(0.752351804473145,1.71053959367853,-11.8451232289467));
#11107=CARTESIAN_POINT('Ctrl Pts',(0.803921568627451,1.68011582550502,-11.8563999792055));
#11108=CARTESIAN_POINT('Ctrl Pts',(0.5,1.81156136187544,-11.4132135430501));
#11109=CARTESIAN_POINT('Ctrl Pts',(0.5,1.98976666309931,-11.4859639339973));
#11110=CARTESIAN_POINT('Ctrl Pts',(0.5,2.16712751343899,-11.5607867651183));
#11111=CARTESIAN_POINT('Ctrl Pts',(0.5,2.34406537921946,-11.6366769180267));
#11112=CARTESIAN_POINT('Ctrl Pts',(0.5,1.76856523649949,-11.5185344543788));
#11113=CARTESIAN_POINT('Ctrl Pts',(0.499972195470501,1.94542489349429,-11.5921589252407));
#11114=CARTESIAN_POINT('Ctrl Pts',(0.500020696784267,2.121810156757,-11.6676954820905));
#11115=CARTESIAN_POINT('Ctrl Pts',(0.5,2.29793983772521,-11.7442186023848));
#11116=CARTESIAN_POINT('Ctrl Pts',(0.58072587530785,1.68274352049693,-11.7287585446231));
#11117=CARTESIAN_POINT('Ctrl Pts',(0.582674707864474,1.85694516065612,-11.8040734065574));
#11118=CARTESIAN_POINT('Ctrl Pts',(0.584235503223951,2.03135734660892,-11.8810750301084));
#11119=CARTESIAN_POINT('Ctrl Pts',(0.585610410868218,2.20589565445833,-11.9588195844703));
#11120=CARTESIAN_POINT('Ctrl Pts',(0.786519491350374,1.63534763484906,-11.8448568633907));
#11121=CARTESIAN_POINT('Ctrl Pts',(0.792566509168696,1.80889949182025,-11.9190773940758));
#11122=CARTESIAN_POINT('Ctrl Pts',(0.79748532656894,1.98304011345755,-11.9950527320179));
#11123=CARTESIAN_POINT('Ctrl Pts',(0.801687632033339,2.15735295805784,-12.071996864673));
#11124=CARTESIAN_POINT('Ctrl Pts',(0.897880805879951,1.6265661755017,-11.8663674365684));
#11125=CARTESIAN_POINT('Ctrl Pts',(0.905580248337562,1.80052130744086,-11.9391178275156));
#11126=CARTESIAN_POINT('Ctrl Pts',(0.911788440640751,1.97502490872934,-12.0139406586366));
#11127=CARTESIAN_POINT('Ctrl Pts',(0.91708356169772,2.1497038268269,-12.089830811545));
#11128=CARTESIAN_POINT('',(0.5,2.34406537921946,-11.6366769180267));
#11129=CARTESIAN_POINT('Ctrl Pts',(0.5,2.26675299749248,-11.6036000541669));
#11130=CARTESIAN_POINT('Ctrl Pts',(0.5,2.29253362507091,-11.614600982148));
#11131=CARTESIAN_POINT('Ctrl Pts',(0.5,2.31830398538184,-11.6256276374849));
#11132=CARTESIAN_POINT('Ctrl Pts',(0.5,2.34406537921946,-11.6366769180267));
#11133=CARTESIAN_POINT('',(0.91708356169761,2.14970382682665,-12.089830811545));
#11134=CARTESIAN_POINT('Origin',(1.,2.34406537921946,-11.6366769180267));
#11135=CARTESIAN_POINT('',(0.897880805450629,1.62656617701386,-11.8663674376096));
#11136=CARTESIAN_POINT('Ctrl Pts',(0.91708356169772,2.1497038268269,-12.089830811545));
#11137=CARTESIAN_POINT('Ctrl Pts',(0.911788440657379,1.97502490927786,-12.013940658875));
#11138=CARTESIAN_POINT('Ctrl Pts',(0.905580248376552,1.8005213085368,-11.9391178279855));
#11139=CARTESIAN_POINT('Ctrl Pts',(0.897880805952484,1.62656617714045,-11.8663674372538));
#11140=CARTESIAN_POINT('Ctrl Pts',(0.897880805879951,1.6265661755017,-11.8663674365684));
#11141=CARTESIAN_POINT('Ctrl Pts',(0.86603613539068,1.64414475228052,-11.8663674365684));
#11142=CARTESIAN_POINT('Ctrl Pts',(0.8345316901165,1.66205727404142,-11.863093488495));
#11143=CARTESIAN_POINT('Ctrl Pts',(0.803921568627452,1.68011582550502,-11.8563999792055));
#11144=CARTESIAN_POINT('Ctrl Pts',(0.5,2.34406537921924,-11.6366769180266));
#11145=CARTESIAN_POINT('Ctrl Pts',(0.5,2.42131477696531,-11.6698098405988));
#11146=CARTESIAN_POINT('Ctrl Pts',(0.5,2.57040148953822,-11.6764137635949));
#11147=CARTESIAN_POINT('Ctrl Pts',(0.5,2.74105499226547,-11.5662114879007));
#11148=CARTESIAN_POINT('Ctrl Pts',(0.5,2.79120527596812,-11.4607745901934));
#11149=CARTESIAN_POINT('Ctrl Pts',(0.5,2.79923539136893,-11.4053162021282));
#11150=CARTESIAN_POINT('Ctrl Pts',(0.5,2.31770792693687,-11.6981293090884));
#11151=CARTESIAN_POINT('Ctrl Pts',(0.499986479320375,2.40817874954376,-11.7420658156932));
#11152=CARTESIAN_POINT('Ctrl Pts',(0.500027761367777,2.58771668465433,-11.7599954654738));
#11153=CARTESIAN_POINT('Ctrl Pts',(0.499985672587943,2.80943438865126,-11.6291058620975));
#11154=CARTESIAN_POINT('Ctrl Pts',(0.500001984847733,2.87828682823558,-11.4915724012143));
#11155=CARTESIAN_POINT('Ctrl Pts',(0.5,2.88927891057673,-11.418354082881));
#11156=CARTESIAN_POINT('Ctrl Pts',(0.527244049272516,2.26505076556177,-11.8208994629851));
#11157=CARTESIAN_POINT('Ctrl Pts',(0.531126922729378,2.38195102790829,-11.886392772346));
#11158=CARTESIAN_POINT('Ctrl Pts',(0.538682109742303,2.62224708726279,-11.926851402956));
#11159=CARTESIAN_POINT('Ctrl Pts',(0.547727307138217,2.94581318462342,-11.754569226037));
#11160=CARTESIAN_POINT('Ctrl Pts',(0.550482264592739,3.05190386142861,-11.5529941998025));
#11161=CARTESIAN_POINT('Ctrl Pts',(0.550922979747501,3.06879883689303,-11.444347729205));
#11162=CARTESIAN_POINT('Ctrl Pts',(0.662310271989282,2.18735729303091,-12.0020417678548));
#11163=CARTESIAN_POINT('Ctrl Pts',(0.684437493466847,2.34522409836396,-12.0946108698556));
#11164=CARTESIAN_POINT('Ctrl Pts',(0.726743906075486,2.67381880634193,-12.1538029230148));
#11165=CARTESIAN_POINT('Ctrl Pts',(0.775423609526271,3.12190711902566,-11.9133006778024));
#11166=CARTESIAN_POINT('Ctrl Pts',(0.789986706669469,3.26971151798926,-11.6297283540686));
#11167=CARTESIAN_POINT('Ctrl Pts',(0.792312253465202,3.29321244621039,-11.4768417710118));
#11168=CARTESIAN_POINT('Ctrl Pts',(0.81817276484272,2.15626022502513,-12.0745445713692));
#11169=CARTESIAN_POINT('Ctrl Pts',(0.858327642372579,2.33433699032316,-12.1693381177335));
#11170=CARTESIAN_POINT('Ctrl Pts',(0.932185277874165,2.69318539395348,-12.2102851588035));
#11171=CARTESIAN_POINT('Ctrl Pts',(1.01163507193438,3.14685267537671,-11.9309135045985));
#11172=CARTESIAN_POINT('Ctrl Pts',(1.03434954003004,3.28817840301367,-11.6362460436899));
#11173=CARTESIAN_POINT('Ctrl Pts',(1.03799793164647,3.31079638286766,-11.4793878428593));
#11174=CARTESIAN_POINT('Ctrl Pts',(0.917083561697943,2.14970382682722,-12.0898308115452));
#11175=CARTESIAN_POINT('Ctrl Pts',(0.965863825965081,2.33489210830897,-12.1781852717379));
#11176=CARTESIAN_POINT('Ctrl Pts',(1.0524898819678,2.69754329687809,-12.1957957330607));
#11177=CARTESIAN_POINT('Ctrl Pts',(1.13908568325734,3.12047328808474,-11.9019229978761));
#11178=CARTESIAN_POINT('Ctrl Pts',(1.16285064720138,3.24572421855477,-11.6207579373234));
#11179=CARTESIAN_POINT('Ctrl Pts',(1.16666666666667,3.26577462326375,-11.4728689024829));
#11180=CARTESIAN_POINT('',(0.5,2.79923539136893,-11.4053162021282));
#11181=CARTESIAN_POINT('',(1.16666666666667,3.26577462326375,-11.4728689024829));
#11182=CARTESIAN_POINT('Origin',(1.,2.79923539136893,-11.4053162021282));
#11183=CARTESIAN_POINT('Ctrl Pts',(1.16666666666667,3.26577462326375,-11.4728689024829));
#11184=CARTESIAN_POINT('Ctrl Pts',(1.16285064720138,3.24572421855477,-11.6207579373234));
#11185=CARTESIAN_POINT('Ctrl Pts',(1.13908568325734,3.12047328808474,-11.9019229978761));
#11186=CARTESIAN_POINT('Ctrl Pts',(1.0524898819678,2.69754329687809,-12.1957957330607));
#11187=CARTESIAN_POINT('Ctrl Pts',(0.965863825965081,2.33489210830897,-12.1781852717379));
#11188=CARTESIAN_POINT('Ctrl Pts',(0.917083561697943,2.14970382682722,-12.0898308115452));
#11189=CARTESIAN_POINT('Ctrl Pts',(0.5,2.34406537921924,-11.6366769180266));
#11190=CARTESIAN_POINT('Ctrl Pts',(0.5,2.42131477696531,-11.6698098405988));
#11191=CARTESIAN_POINT('Ctrl Pts',(0.5,2.57040148953822,-11.6764137635949));
#11192=CARTESIAN_POINT('Ctrl Pts',(0.5,2.74105499226547,-11.5662114879007));
#11193=CARTESIAN_POINT('Ctrl Pts',(0.5,2.79120527596812,-11.4607745901934));
#11194=CARTESIAN_POINT('Ctrl Pts',(0.5,2.79923539136893,-11.4053162021282));
#11195=CARTESIAN_POINT('Origin',(1.,0.,-11.));
#11196=CARTESIAN_POINT('Origin',(1.16666666666667,0.,-11.));
#11197=CARTESIAN_POINT('Origin',(0.5,0.,-11.));
#11198=CARTESIAN_POINT('Origin',(3.08551126014663E-15,0.,-11.));
#11199=CARTESIAN_POINT('',(0.897880805007717,-1.62656617857389,-11.8663674386837));
#11200=CARTESIAN_POINT('Origin',(-4.98695220297628E-16,5.55111512312578E-16,
-11.8663674365684));
#11201=CARTESIAN_POINT('',(0.803921568627452,-1.68011582550502,-11.8563999792055));
#11202=CARTESIAN_POINT('Ctrl Pts',(0.803921568627452,-1.68011582550502,
-11.8563999792055));
#11203=CARTESIAN_POINT('Ctrl Pts',(0.834564531022541,-1.66203789943057,
-11.8631006698095));
#11204=CARTESIAN_POINT('Ctrl Pts',(0.86606737004878,-1.64412751043669,-11.8663674365684));
#11205=CARTESIAN_POINT('Ctrl Pts',(0.897880805879952,-1.6265661755017,-11.8663674365684));
#11206=CARTESIAN_POINT('Origin',(0.803921568627452,0.,-11.));
#11207=CARTESIAN_POINT('',(-0.803921568627451,-1.68011582550501,-11.8563999792055));
#11208=CARTESIAN_POINT('Origin',(-0.803921568627451,0.,-11.));
#11209=CARTESIAN_POINT('',(-0.897880805366528,-1.62656617731009,-11.8663674378135));
#11210=CARTESIAN_POINT('Ctrl Pts',(-0.897880805879951,-1.6265661755017,
-11.8663674365684));
#11211=CARTESIAN_POINT('Ctrl Pts',(-0.866036134802926,-1.64414475260497,
-11.8663674365684));
#11212=CARTESIAN_POINT('Ctrl Pts',(-0.834531689505524,-1.66205727440187,
-11.8630934883614));
#11213=CARTESIAN_POINT('Ctrl Pts',(-0.803921568627451,-1.68011582550501,
-11.8563999792055));
#11214=CARTESIAN_POINT('',(-1.85793096342514,-2.27530920739536E-16,-11.8663674365684));
#11215=CARTESIAN_POINT('Origin',(-4.98695220297628E-16,5.55111512312578E-16,
-11.8663674365684));
#11216=CARTESIAN_POINT('',(2.95998496323402E-15,-1.53725377722841E-32,-8.95));
#11217=CARTESIAN_POINT('Origin',(3.08551126014663E-15,0.,-11.));
#11218=CARTESIAN_POINT('',(-0.897880805007717,1.62656617857389,-11.8663674386837));
#11219=CARTESIAN_POINT('Origin',(-4.98695220297628E-16,5.55111512312578E-16,
-11.8663674365684));
#11220=CARTESIAN_POINT('',(-0.803921568627451,1.68011582550502,-11.8563999792055));
#11221=CARTESIAN_POINT('Ctrl Pts',(-0.803921568627451,1.68011582550501,
-11.8563999792055));
#11222=CARTESIAN_POINT('Ctrl Pts',(-0.834564534313714,1.66203789748893,
-11.8631006705292));
#11223=CARTESIAN_POINT('Ctrl Pts',(-0.866067373141818,1.6441275087293,-11.8663674365684));
#11224=CARTESIAN_POINT('Ctrl Pts',(-0.897880805879952,1.6265661755017,-11.8663674365684));
#11225=CARTESIAN_POINT('Origin',(-0.803921568627451,0.,-11.));
#11226=CARTESIAN_POINT('Origin',(0.,0.,-12.1727656763304));
#11227=CARTESIAN_POINT('',(0.917083561697714,-2.1497038268264,-12.0898308115448));
#11228=CARTESIAN_POINT('Origin',(-8.18471667369222E-17,-1.35093877472256E-32,
-12.0898308115447));
#11229=CARTESIAN_POINT('Ctrl Pts',(0.897880806027314,-1.62656617883108,
-11.8663674379608));
#11230=CARTESIAN_POINT('Ctrl Pts',(0.905580248416619,-1.80052130966388,
-11.9391178284688));
#11231=CARTESIAN_POINT('Ctrl Pts',(0.911788440674561,-1.97502490984474,
-12.0139406591212));
#11232=CARTESIAN_POINT('Ctrl Pts',(0.917083561697705,-2.14970382682639,
-12.0898308115448));
#11233=CARTESIAN_POINT('Origin',(-1.,0.,-11.));
#11234=CARTESIAN_POINT('',(-0.5,2.26675171984802,-11.6036030488376));
#11235=CARTESIAN_POINT('Origin',(-0.5,0.,-11.));
#11236=CARTESIAN_POINT('Ctrl Pts',(-0.80392156862745,1.68011582550502,-11.8563999792055));
#11237=CARTESIAN_POINT('Ctrl Pts',(-0.752351770975787,1.71053961344042,
-11.8451232216218));
#11238=CARTESIAN_POINT('Ctrl Pts',(-0.707374364441912,1.75076153586308,
-11.8298837682966));
#11239=CARTESIAN_POINT('Ctrl Pts',(-0.617529715127158,1.85654965692134,
-11.7880567734378));
#11240=CARTESIAN_POINT('Ctrl Pts',(-0.575075946542229,1.93045992851805,
-11.7575909581369));
#11241=CARTESIAN_POINT('Ctrl Pts',(-0.515960403041655,2.09293607552465,
-11.6862035804643));
#11242=CARTESIAN_POINT('Ctrl Pts',(-0.500455280112474,2.17864890536883,
-11.6465000613669));
#11243=CARTESIAN_POINT('Ctrl Pts',(-0.500003292060061,2.26425996806701,
-11.6048175082899));
#11244=CARTESIAN_POINT('Ctrl Pts',(-0.5,2.26550592798867,-11.6042104487768));
#11245=CARTESIAN_POINT('Ctrl Pts',(-0.5,2.26675171984802,-11.6036030488376));
#11246=CARTESIAN_POINT('Origin',(-1.,0.,-11.));
#11247=CARTESIAN_POINT('',(-0.5,2.79923539136893,-11.4053162021282));
#11248=CARTESIAN_POINT('',(-1.16666666666667,3.26577462326375,-11.4728689024829));
#11249=CARTESIAN_POINT('Origin',(-1.,2.79923539136893,-11.4053162021282));
#11250=CARTESIAN_POINT('Origin',(-1.16666666666667,0.,-11.));
#11251=CARTESIAN_POINT('Origin',(-0.5,0.,-11.));
#11252=CARTESIAN_POINT('Ctrl Pts',(-0.5,2.79923539136893,-11.4053162021282));
#11253=CARTESIAN_POINT('Ctrl Pts',(-0.5,2.79321280713799,-11.4469099771568));
#11254=CARTESIAN_POINT('Ctrl Pts',(-0.5,2.76235232850011,-11.5268713314797));
#11255=CARTESIAN_POINT('Ctrl Pts',(-0.5,2.61929849108502,-11.6682237242104));
#11256=CARTESIAN_POINT('Ctrl Pts',(-0.5,2.44706453654239,-11.6808541311076));
#11257=CARTESIAN_POINT('Ctrl Pts',(-0.5,2.34406537921893,-11.6366769180264));
#11258=CARTESIAN_POINT('Ctrl Pts',(-0.5,2.88927891057673,-11.418354082881));
#11259=CARTESIAN_POINT('Ctrl Pts',(-0.500001488635226,2.88103485199616,
-11.4732678004804));
#11260=CARTESIAN_POINT('Ctrl Pts',(-0.499986580848689,2.83896928634521,
-11.5781531689895));
#11261=CARTESIAN_POINT('Ctrl Pts',(-0.500031135385909,2.64896196186519,
-11.7539029500055));
#11262=CARTESIAN_POINT('Ctrl Pts',(-0.49998197243411,2.4383356439512,-11.7567112953312));
#11263=CARTESIAN_POINT('Ctrl Pts',(-0.5,2.31770792693651,-11.6981293090883));
#11264=CARTESIAN_POINT('Ctrl Pts',(-0.550922979747743,3.06879883689253,
-11.4443477292049));
#11265=CARTESIAN_POINT('Ctrl Pts',(-0.550592443508981,3.05612761017468,
-11.5258325507683));
#11266=CARTESIAN_POINT('Ctrl Pts',(-0.548905345943542,2.99175530839336,
-11.6804420990742));
#11267=CARTESIAN_POINT('Ctrl Pts',(-0.541212416128794,2.70812343227223,
-11.9249046294993));
#11268=CARTESIAN_POINT('Ctrl Pts',(-0.532421211887734,2.42091772198941,
-11.9082238418321));
#11269=CARTESIAN_POINT('Ctrl Pts',(-0.527244049272628,2.26505076556136,
-11.8208994629847));
#11270=CARTESIAN_POINT('Ctrl Pts',(-0.792312253465323,3.29321244620903,
-11.4768417710117));
#11271=CARTESIAN_POINT('Ctrl Pts',(-0.790568094040305,3.27558675683191,
-11.5915066641398));
#11272=CARTESIAN_POINT('Ctrl Pts',(-0.781610124253605,3.18597044872657,
-11.8090055622556));
#11273=CARTESIAN_POINT('Ctrl Pts',(-0.740595189538949,2.79228973930059,
-12.1518423278991));
#11274=CARTESIAN_POINT('Ctrl Pts',(-0.691813222596078,2.39784628573553,
-12.12546718965));
#11275=CARTESIAN_POINT('Ctrl Pts',(-0.662310271989391,2.18735729303042,
-12.0020417678541));
#11276=CARTESIAN_POINT('Ctrl Pts',(-1.03799793164647,3.31079638286766,-11.4793878428593));
#11277=CARTESIAN_POINT('Ctrl Pts',(-1.03526163898806,3.29383290451084,-11.5970314481705));
#11278=CARTESIAN_POINT('Ctrl Pts',(-1.02119479395648,3.20771971066717,-11.8216558101541));
#11279=CARTESIAN_POINT('Ctrl Pts',(-0.955428470461143,2.81751445883286,
-12.1978548049576));
#11280=CARTESIAN_POINT('Ctrl Pts',(-0.871712580927571,2.3936958206374,-12.2009359178405));
#11281=CARTESIAN_POINT('Ctrl Pts',(-0.818172764842561,2.15626022502442,
-12.0745445713688));
#11282=CARTESIAN_POINT('Ctrl Pts',(-1.16666666666667,3.26577462326375,-11.4728689024829));
#11283=CARTESIAN_POINT('Ctrl Pts',(-1.16380465317004,3.25073682552399,-11.5837856358925));
#11284=CARTESIAN_POINT('Ctrl Pts',(-1.14894568074718,3.17380064652006,-11.7970159140868));
#11285=CARTESIAN_POINT('Ctrl Pts',(-1.07862431661552,2.81794427351496,-12.1739556280353));
#11286=CARTESIAN_POINT('Ctrl Pts',(-0.982123889002919,2.39662144036566,
-12.2076367130945));
#11287=CARTESIAN_POINT('Ctrl Pts',(-0.91708356169775,2.14970382682648,-12.0898308115448));
#11288=CARTESIAN_POINT('',(-0.5,2.34406537921893,-11.6366769180264));
#11289=CARTESIAN_POINT('',(-0.917083561697713,2.1497038268264,-12.0898308115448));
#11290=CARTESIAN_POINT('Origin',(-1.,2.34406537921893,-11.6366769180264));
#11291=CARTESIAN_POINT('Ctrl Pts',(-0.91708356169775,2.14970382682648,-12.0898308115448));
#11292=CARTESIAN_POINT('Ctrl Pts',(-0.982123889002919,2.39662144036566,
-12.2076367130945));
#11293=CARTESIAN_POINT('Ctrl Pts',(-1.07862431661552,2.81794427351496,-12.1739556280353));
#11294=CARTESIAN_POINT('Ctrl Pts',(-1.14894568074718,3.17380064652006,-11.7970159140868));
#11295=CARTESIAN_POINT('Ctrl Pts',(-1.16380465317004,3.25073682552399,-11.5837856358925));
#11296=CARTESIAN_POINT('Ctrl Pts',(-1.16666666666667,3.26577462326375,-11.4728689024829));
#11297=CARTESIAN_POINT('Ctrl Pts',(-0.5,2.79923539136893,-11.4053162021282));
#11298=CARTESIAN_POINT('Ctrl Pts',(-0.5,2.79321280713799,-11.4469099771568));
#11299=CARTESIAN_POINT('Ctrl Pts',(-0.5,2.76235232850011,-11.5268713314797));
#11300=CARTESIAN_POINT('Ctrl Pts',(-0.5,2.61929849108502,-11.6682237242104));
#11301=CARTESIAN_POINT('Ctrl Pts',(-0.5,2.44706453654239,-11.6808541311076));
#11302=CARTESIAN_POINT('Ctrl Pts',(-0.5,2.34406537921893,-11.6366769180264));
#11303=CARTESIAN_POINT('Ctrl Pts',(-0.5,2.34406537921895,-11.6366769180264));
#11304=CARTESIAN_POINT('Ctrl Pts',(-0.5,2.16712751343867,-11.5607867651182));
#11305=CARTESIAN_POINT('Ctrl Pts',(-0.5,1.98976666309909,-11.4859639339972));
#11306=CARTESIAN_POINT('Ctrl Pts',(-0.5,1.81156136187544,-11.4132135430501));
#11307=CARTESIAN_POINT('Ctrl Pts',(-0.5,2.2979398377247,-11.7442186023846));
#11308=CARTESIAN_POINT('Ctrl Pts',(-0.500020696784267,2.12181015675668,
-11.6676954820904));
#11309=CARTESIAN_POINT('Ctrl Pts',(-0.499972195470502,1.94542489349407,
-11.5921589252406));
#11310=CARTESIAN_POINT('Ctrl Pts',(-0.5,1.76856523649949,-11.5185344543788));
#11311=CARTESIAN_POINT('Ctrl Pts',(-0.585610410868215,2.20589565445782,
-11.9588195844701));
#11312=CARTESIAN_POINT('Ctrl Pts',(-0.584235503223949,2.03135734660859,
-11.8810750301083));
#11313=CARTESIAN_POINT('Ctrl Pts',(-0.582674707864473,1.85694516065591,
-11.8040734065573));
#11314=CARTESIAN_POINT('Ctrl Pts',(-0.580725875307851,1.68274352049693,
-11.7287585446231));
#11315=CARTESIAN_POINT('Ctrl Pts',(-0.801687632033327,2.15735295805733,
-12.0719968646728));
#11316=CARTESIAN_POINT('Ctrl Pts',(-0.797485326568931,1.98304011345722,
-11.9950527320177));
#11317=CARTESIAN_POINT('Ctrl Pts',(-0.792566509168689,1.80889949182003,
-11.9190773940757));
#11318=CARTESIAN_POINT('Ctrl Pts',(-0.786519491350374,1.63534763484905,
-11.8448568633907));
#11319=CARTESIAN_POINT('Ctrl Pts',(-0.917083561697705,2.1497038268264,-12.0898308115448));
#11320=CARTESIAN_POINT('Ctrl Pts',(-0.91178844064074,1.97502490872902,-12.0139406586365));
#11321=CARTESIAN_POINT('Ctrl Pts',(-0.905580248337554,1.80052130744064,
-11.9391178275155));
#11322=CARTESIAN_POINT('Ctrl Pts',(-0.897880805879952,1.6265661755017,-11.8663674365684));
#11323=CARTESIAN_POINT('Ctrl Pts',(-0.897880806027314,1.62656617883108,
-11.8663674379608));
#11324=CARTESIAN_POINT('Ctrl Pts',(-0.905580248416767,1.80052130966723,
-11.9391178284702));
#11325=CARTESIAN_POINT('Ctrl Pts',(-0.911788440674521,1.97502490984343,
-12.0139406591207));
#11326=CARTESIAN_POINT('Ctrl Pts',(-0.917083561697705,2.1497038268264,-12.0898308115448));
#11327=CARTESIAN_POINT('Ctrl Pts',(-0.5,2.34406537921895,-11.6366769180264));
#11328=CARTESIAN_POINT('Ctrl Pts',(-0.5,2.31830398538149,-11.6256276374848));
#11329=CARTESIAN_POINT('Ctrl Pts',(-0.5,2.29253362507074,-11.6146009821479));
#11330=CARTESIAN_POINT('Ctrl Pts',(-0.5,2.26675299749248,-11.6036000541669));
#11331=CARTESIAN_POINT('Origin',(-0.5,4.,-12.5));
#11332=CARTESIAN_POINT('Origin',(1.,0.,-11.));
#11333=CARTESIAN_POINT('',(0.5,-2.79923539136893,-11.4053162021282));
#11334=CARTESIAN_POINT('',(1.16666666666667,-3.26577462326375,-11.4728689024829));
#11335=CARTESIAN_POINT('Origin',(1.,-2.79923539136893,-11.4053162021282));
#11336=CARTESIAN_POINT('Origin',(1.16666666666667,0.,-11.));
#11337=CARTESIAN_POINT('Origin',(0.5,0.,-11.));
#11338=CARTESIAN_POINT('Ctrl Pts',(0.5,-2.79923539136893,-11.4053162021282));
#11339=CARTESIAN_POINT('Ctrl Pts',(0.5,-2.79120527906101,-11.460774568833));
#11340=CARTESIAN_POINT('Ctrl Pts',(0.5,-2.74105107311954,-11.5662156475488));
#11341=CARTESIAN_POINT('Ctrl Pts',(0.5,-2.57039582406486,-11.6764138730627));
#11342=CARTESIAN_POINT('Ctrl Pts',(0.5,-2.42131474721152,-11.6698098278373));
#11343=CARTESIAN_POINT('Ctrl Pts',(0.5,-2.34406537921893,-11.6366769180264));
#11344=CARTESIAN_POINT('Ctrl Pts',(0.5,-2.88927891057673,-11.418354082881));
#11345=CARTESIAN_POINT('Ctrl Pts',(0.500001984846968,-2.8782868324693,-11.4915723730135));
#11346=CARTESIAN_POINT('Ctrl Pts',(0.499985673528552,-2.80942912940148,
-11.6291110432862));
#11347=CARTESIAN_POINT('Ctrl Pts',(0.500027762546536,-2.58770965770826,
-11.7599951459113));
#11348=CARTESIAN_POINT('Ctrl Pts',(0.499986479325582,-2.40817871469753,
-11.7420657987705));
#11349=CARTESIAN_POINT('Ctrl Pts',(0.5,-2.31770792693651,-11.6981293090883));
#11350=CARTESIAN_POINT('Ctrl Pts',(0.550922979747743,-3.06879883689253,
-11.4443477292049));
#11351=CARTESIAN_POINT('Ctrl Pts',(0.550482264762726,-3.0519038679354,-11.5529941579561));
#11352=CARTESIAN_POINT('Ctrl Pts',(0.547727095147863,-2.94580525392662,
-11.7545764477456));
#11353=CARTESIAN_POINT('Ctrl Pts',(0.538681817666437,-2.62223734251586,
-11.9268502311912));
#11354=CARTESIAN_POINT('Ctrl Pts',(0.531126921233957,-2.3819509828824,-11.8863927471202));
#11355=CARTESIAN_POINT('Ctrl Pts',(0.527244049272628,-2.26505076556136,
-11.8208994629847));
#11356=CARTESIAN_POINT('Ctrl Pts',(0.792312253465322,-3.29321244620903,
-11.4768417710117));
#11357=CARTESIAN_POINT('Ctrl Pts',(0.789986707565299,-3.26971152703954,
-11.6297282951825));
#11358=CARTESIAN_POINT('Ctrl Pts',(0.775422484520104,-3.12189609254825,
-11.9133108089453));
#11359=CARTESIAN_POINT('Ctrl Pts',(0.726742299234497,-2.67380541124459,
-12.1538011910002));
#11360=CARTESIAN_POINT('Ctrl Pts',(0.684437484944407,-2.34522403755925,
-12.0946108342011));
#11361=CARTESIAN_POINT('Ctrl Pts',(0.662310271989391,-2.18735729303042,
-12.0020417678541));
#11362=CARTESIAN_POINT('Ctrl Pts',(1.03799793164647,-3.31079638286766,-11.4793878428593));
#11363=CARTESIAN_POINT('Ctrl Pts',(1.03434954143525,-3.28817841172523,-11.6362459832743));
#11364=CARTESIAN_POINT('Ctrl Pts',(1.01163328767368,-3.14684185179854,-11.930924597505));
#11365=CARTESIAN_POINT('Ctrl Pts',(0.932182543403774,-2.69317117568647,
-12.2102844040331));
#11366=CARTESIAN_POINT('Ctrl Pts',(0.858327626906319,-2.33433692173415,
-12.1693380812226));
#11367=CARTESIAN_POINT('Ctrl Pts',(0.818172764842561,-2.15626022502442,
-12.0745445713688));
#11368=CARTESIAN_POINT('Ctrl Pts',(1.16666666666667,-3.26577462326375,-11.4728689024829));
#11369=CARTESIAN_POINT('Ctrl Pts',(1.16285064867116,-3.2457242262774,-11.6207578803623));
#11370=CARTESIAN_POINT('Ctrl Pts',(1.13908379750249,-3.12046351302201,-11.901934090271));
#11371=CARTESIAN_POINT('Ctrl Pts',(1.05248676920851,-2.69752940287027,-12.1957960249749));
#11372=CARTESIAN_POINT('Ctrl Pts',(0.965863807176627,-2.33489203698087,
-12.1781852377071));
#11373=CARTESIAN_POINT('Ctrl Pts',(0.91708356169775,-2.14970382682648,-12.0898308115448));
#11374=CARTESIAN_POINT('',(0.5,-2.34406537921893,-11.6366769180264));
#11375=CARTESIAN_POINT('Origin',(1.,-2.34406537921893,-11.6366769180264));
#11376=CARTESIAN_POINT('Ctrl Pts',(0.91708356169775,-2.14970382682648,-12.0898308115448));
#11377=CARTESIAN_POINT('Ctrl Pts',(0.965863807176627,-2.33489203698087,
-12.1781852377071));
#11378=CARTESIAN_POINT('Ctrl Pts',(1.05248676920851,-2.69752940287027,-12.1957960249749));
#11379=CARTESIAN_POINT('Ctrl Pts',(1.13908379750249,-3.12046351302201,-11.901934090271));
#11380=CARTESIAN_POINT('Ctrl Pts',(1.16285064867116,-3.2457242262774,-11.6207578803623));
#11381=CARTESIAN_POINT('Ctrl Pts',(1.16666666666667,-3.26577462326375,-11.4728689024829));
#11382=CARTESIAN_POINT('Ctrl Pts',(0.5,-2.79923539136893,-11.4053162021282));
#11383=CARTESIAN_POINT('Ctrl Pts',(0.5,-2.79120527906101,-11.460774568833));
#11384=CARTESIAN_POINT('Ctrl Pts',(0.5,-2.74105107311954,-11.5662156475488));
#11385=CARTESIAN_POINT('Ctrl Pts',(0.5,-2.57039582406486,-11.6764138730627));
#11386=CARTESIAN_POINT('Ctrl Pts',(0.5,-2.42131474721152,-11.6698098278373));
#11387=CARTESIAN_POINT('Ctrl Pts',(0.5,-2.34406537921893,-11.6366769180264));
#11388=CARTESIAN_POINT('Ctrl Pts',(0.5,-2.34406537921895,-11.6366769180264));
#11389=CARTESIAN_POINT('Ctrl Pts',(0.5,-2.16712751344,-11.5607867651188));
#11390=CARTESIAN_POINT('Ctrl Pts',(0.5,-1.98976666309566,-11.4859639339958));
#11391=CARTESIAN_POINT('Ctrl Pts',(0.5,-1.81156136187544,-11.4132135430501));
#11392=CARTESIAN_POINT('Ctrl Pts',(0.5,-2.2979398377247,-11.7442186023846));
#11393=CARTESIAN_POINT('Ctrl Pts',(0.500020696784267,-2.121810156758,-11.6676954820909));
#11394=CARTESIAN_POINT('Ctrl Pts',(0.499972195470502,-1.94542489349067,
-11.5921589252392));
#11395=CARTESIAN_POINT('Ctrl Pts',(0.5,-1.76856523649949,-11.5185344543788));
#11396=CARTESIAN_POINT('Ctrl Pts',(0.585610410868214,-2.20589565445782,
-11.9588195844701));
#11397=CARTESIAN_POINT('Ctrl Pts',(0.584235503223958,-2.03135734660991,
-11.8810750301088));
#11398=CARTESIAN_POINT('Ctrl Pts',(0.582674707864435,-1.85694516065256,
-11.8040734065559));
#11399=CARTESIAN_POINT('Ctrl Pts',(0.580725875307851,-1.68274352049694,
-11.7287585446231));
#11400=CARTESIAN_POINT('Ctrl Pts',(0.801687632033327,-2.15735295805733,
-12.0719968646728));
#11401=CARTESIAN_POINT('Ctrl Pts',(0.797485326568962,-1.98304011345853,
-11.9950527320183));
#11402=CARTESIAN_POINT('Ctrl Pts',(0.792566509168573,-1.80889949181669,
-11.9190773940743));
#11403=CARTESIAN_POINT('Ctrl Pts',(0.786519491350374,-1.63534763484905,
-11.8448568633907));
#11404=CARTESIAN_POINT('Ctrl Pts',(0.917083561697705,-2.14970382682639,
-12.0898308115448));
#11405=CARTESIAN_POINT('Ctrl Pts',(0.911788440640779,-1.97502490873033,
-12.0139406586371));
#11406=CARTESIAN_POINT('Ctrl Pts',(0.905580248337405,-1.8005213074373,-11.9391178275141));
#11407=CARTESIAN_POINT('Ctrl Pts',(0.897880805879952,-1.6265661755017,-11.8663674365684));
#11408=CARTESIAN_POINT('',(0.5,-2.26675171984802,-11.6036030488376));
#11409=CARTESIAN_POINT('Ctrl Pts',(0.5,-2.34406537921895,-11.6366769180264));
#11410=CARTESIAN_POINT('Ctrl Pts',(0.5,-2.31830398538161,-11.6256276374848));
#11411=CARTESIAN_POINT('Ctrl Pts',(0.5,-2.29253362507085,-11.614600982148));
#11412=CARTESIAN_POINT('Ctrl Pts',(0.5,-2.26675299749248,-11.6036000541669));
#11413=CARTESIAN_POINT('Ctrl Pts',(0.5,-2.26675171984802,-11.6036030488376));
#11414=CARTESIAN_POINT('Ctrl Pts',(0.5,-2.26550553861213,-11.6042106386217));
#11415=CARTESIAN_POINT('Ctrl Pts',(0.500003294118274,-2.26425918920778,
-11.6048178877675));
#11416=CARTESIAN_POINT('Ctrl Pts',(0.500455372358353,-2.17865777144572,
-11.6464957267241));
#11417=CARTESIAN_POINT('Ctrl Pts',(0.515956992402153,-2.09295540629153,
-11.6861946375351));
#11418=CARTESIAN_POINT('Ctrl Pts',(0.575064867722228,-1.93048045869965,
-11.7575823856161));
#11419=CARTESIAN_POINT('Ctrl Pts',(0.617520134458985,-1.8565629337953,-11.7880514256267));
#11420=CARTESIAN_POINT('Ctrl Pts',(0.707369270793847,-1.75076607902725,
-11.8298820436522));
#11421=CARTESIAN_POINT('Ctrl Pts',(0.752348855919208,-1.71054133318855,
-11.845122584187));
#11422=CARTESIAN_POINT('Ctrl Pts',(0.803921568627452,-1.68011582550502,
-11.8563999792055));
#11423=CARTESIAN_POINT('Origin',(1.,0.,-11.));
#11424=CARTESIAN_POINT('Origin',(0.5,0.,-11.));
#11425=CARTESIAN_POINT('Origin',(3.08551126014663E-15,0.,-11.));
#11426=CARTESIAN_POINT('',(-3.46790931269325,-4.24696403952309E-16,-11.4728689024829));
#11427=CARTESIAN_POINT('Origin',(3.08551126014663E-15,0.,-11.));
#11428=CARTESIAN_POINT('',(-1.16666666666667,-3.26577462326375,-11.4728689024829));
#11429=CARTESIAN_POINT('Origin',(9.69736005264158E-16,1.15359374942815E-31,
-11.4728689024829));
#11430=CARTESIAN_POINT('Origin',(-1.16666666666667,0.,-11.));
#11431=CARTESIAN_POINT('Origin',(9.69736005264158E-16,1.15359374942815E-31,
-11.4728689024829));
#11432=CARTESIAN_POINT('Origin',(9.69736005264158E-16,1.15359374942815E-31,
-11.4728689024829));
#11433=CARTESIAN_POINT('Origin',(0.,0.,-11.3647845819154));
#11434=CARTESIAN_POINT('Origin',(-1.,0.,-11.));
#11435=CARTESIAN_POINT('',(-0.5,-2.26675171984802,-11.6036030488376));
#11436=CARTESIAN_POINT('Origin',(-0.5,0.,-11.));
#11437=CARTESIAN_POINT('Ctrl Pts',(-0.5,-2.26675171984802,-11.6036030488376));
#11438=CARTESIAN_POINT('Ctrl Pts',(-0.5,-2.26550553861213,-11.6042106386217));
#11439=CARTESIAN_POINT('Ctrl Pts',(-0.500003294118274,-2.26425918920778,
-11.6048178877675));
#11440=CARTESIAN_POINT('Ctrl Pts',(-0.500455372358353,-2.17865777144574,
-11.6464957267241));
#11441=CARTESIAN_POINT('Ctrl Pts',(-0.515956992402152,-2.09295540629153,
-11.6861946375351));
#11442=CARTESIAN_POINT('Ctrl Pts',(-0.575064867722233,-1.93048045869963,
-11.7575823856161));
#11443=CARTESIAN_POINT('Ctrl Pts',(-0.617520134458993,-1.85656293379529,
-11.7880514256267));
#11444=CARTESIAN_POINT('Ctrl Pts',(-0.707369270793846,-1.75076607902725,
-11.8298820436522));
#11445=CARTESIAN_POINT('Ctrl Pts',(-0.752348855919208,-1.71054133318855,
-11.845122584187));
#11446=CARTESIAN_POINT('Ctrl Pts',(-0.803921568627451,-1.68011582550501,
-11.8563999792055));
#11447=CARTESIAN_POINT('Ctrl Pts',(-0.5,-1.81156136187544,-11.4132135430501));
#11448=CARTESIAN_POINT('Ctrl Pts',(-0.5,-1.98976666309583,-11.4859639339959));
#11449=CARTESIAN_POINT('Ctrl Pts',(-0.5,-2.16712751344034,-11.5607867651189));
#11450=CARTESIAN_POINT('Ctrl Pts',(-0.5,-2.34406537921946,-11.6366769180267));
#11451=CARTESIAN_POINT('Ctrl Pts',(-0.5,-1.76856523649949,-11.5185344543788));
#11452=CARTESIAN_POINT('Ctrl Pts',(-0.499972195470502,-1.94542489349084,
-11.5921589252393));
#11453=CARTESIAN_POINT('Ctrl Pts',(-0.500020696784267,-2.12181015675834,
-11.6676954820911));
#11454=CARTESIAN_POINT('Ctrl Pts',(-0.5,-2.29793983772521,-11.7442186023848));
#11455=CARTESIAN_POINT('Ctrl Pts',(-0.58072587530785,-1.68274352049693,
-11.7287585446231));
#11456=CARTESIAN_POINT('Ctrl Pts',(-0.582674707864436,-1.85694516065272,
-11.8040734065559));
#11457=CARTESIAN_POINT('Ctrl Pts',(-0.584235503223962,-2.03135734661024,
-11.881075030109));
#11458=CARTESIAN_POINT('Ctrl Pts',(-0.585610410868218,-2.20589565445833,
-11.9588195844703));
#11459=CARTESIAN_POINT('Ctrl Pts',(-0.786519491350374,-1.63534763484905,
-11.8448568633907));
#11460=CARTESIAN_POINT('Ctrl Pts',(-0.792566509168578,-1.80889949181686,
-11.9190773940743));
#11461=CARTESIAN_POINT('Ctrl Pts',(-0.797485326568972,-1.98304011345887,
-11.9950527320184));
#11462=CARTESIAN_POINT('Ctrl Pts',(-0.801687632033339,-2.15735295805784,
-12.071996864673));
#11463=CARTESIAN_POINT('Ctrl Pts',(-0.897880805879951,-1.6265661755017,
-11.8663674365684));
#11464=CARTESIAN_POINT('Ctrl Pts',(-0.905580248337412,-1.80052130743746,
-11.9391178275142));
#11465=CARTESIAN_POINT('Ctrl Pts',(-0.911788440640791,-1.97502490873067,
-12.0139406586372));
#11466=CARTESIAN_POINT('Ctrl Pts',(-0.91708356169772,-2.1497038268269,-12.089830811545));
#11467=CARTESIAN_POINT('',(-0.5,-2.34406537921946,-11.6366769180267));
#11468=CARTESIAN_POINT('Ctrl Pts',(-0.5,-2.26675299749248,-11.6036000541669));
#11469=CARTESIAN_POINT('Ctrl Pts',(-0.5,-2.29253362507102,-11.614600982148));
#11470=CARTESIAN_POINT('Ctrl Pts',(-0.5,-2.31830398538195,-11.625627637485));
#11471=CARTESIAN_POINT('Ctrl Pts',(-0.5,-2.34406537921946,-11.6366769180267));
#11472=CARTESIAN_POINT('',(-0.91708356169761,-2.14970382682665,-12.089830811545));
#11473=CARTESIAN_POINT('Origin',(-1.,-2.34406537921946,-11.6366769180267));
#11474=CARTESIAN_POINT('Ctrl Pts',(-0.91708356169772,-2.1497038268269,-12.089830811545));
#11475=CARTESIAN_POINT('Ctrl Pts',(-0.911788440660676,-1.97502490938664,
-12.0139406589222));
#11476=CARTESIAN_POINT('Ctrl Pts',(-0.90558024838404,-1.8005213087481,-11.9391178280762));
#11477=CARTESIAN_POINT('Ctrl Pts',(-0.897880805966693,-1.62656617746147,
-11.866367437388));
#11478=CARTESIAN_POINT('Ctrl Pts',(-0.5,-2.34406537921924,-11.6366769180266));
#11479=CARTESIAN_POINT('Ctrl Pts',(-0.5,-2.4213147769653,-11.6698098405988));
#11480=CARTESIAN_POINT('Ctrl Pts',(-0.5,-2.57040148953819,-11.6764137635949));
#11481=CARTESIAN_POINT('Ctrl Pts',(-0.5,-2.74105499226547,-11.5662114879007));
#11482=CARTESIAN_POINT('Ctrl Pts',(-0.5,-2.79120527596812,-11.4607745901934));
#11483=CARTESIAN_POINT('Ctrl Pts',(-0.5,-2.79923539136893,-11.4053162021282));
#11484=CARTESIAN_POINT('Ctrl Pts',(-0.5,-2.31770792693688,-11.6981293090884));
#11485=CARTESIAN_POINT('Ctrl Pts',(-0.499986479320375,-2.40817874954375,
-11.7420658156932));
#11486=CARTESIAN_POINT('Ctrl Pts',(-0.500027761367777,-2.5877166846543,
-11.7599954654738));
#11487=CARTESIAN_POINT('Ctrl Pts',(-0.499985672587943,-2.80943438865125,
-11.6291058620975));
#11488=CARTESIAN_POINT('Ctrl Pts',(-0.500001984847733,-2.87828682823558,
-11.4915724012143));
#11489=CARTESIAN_POINT('Ctrl Pts',(-0.5,-2.88927891057673,-11.418354082881));
#11490=CARTESIAN_POINT('Ctrl Pts',(-0.527244049272516,-2.26505076556178,
-11.8208994629851));
#11491=CARTESIAN_POINT('Ctrl Pts',(-0.531126922729378,-2.38195102790828,
-11.886392772346));
#11492=CARTESIAN_POINT('Ctrl Pts',(-0.538682109742302,-2.62224708726275,
-11.926851402956));
#11493=CARTESIAN_POINT('Ctrl Pts',(-0.547727307138217,-2.94581318462342,
-11.754569226037));
#11494=CARTESIAN_POINT('Ctrl Pts',(-0.550482264592739,-3.05190386142861,
-11.5529941998025));
#11495=CARTESIAN_POINT('Ctrl Pts',(-0.550922979747501,-3.06879883689303,
-11.444347729205));
#11496=CARTESIAN_POINT('Ctrl Pts',(-0.662310271989284,-2.18735729303092,
-12.0020417678548));
#11497=CARTESIAN_POINT('Ctrl Pts',(-0.684437493466845,-2.34522409836394,
-12.0946108698556));
#11498=CARTESIAN_POINT('Ctrl Pts',(-0.726743906075478,-2.67381880634188,
-12.1538029230148));
#11499=CARTESIAN_POINT('Ctrl Pts',(-0.775423609526271,-3.12190711902566,
-11.9133006778024));
#11500=CARTESIAN_POINT('Ctrl Pts',(-0.789986706669469,-3.26971151798926,
-11.6297283540686));
#11501=CARTESIAN_POINT('Ctrl Pts',(-0.792312253465202,-3.29321244621039,
-11.4768417710118));
#11502=CARTESIAN_POINT('Ctrl Pts',(-0.818172764842723,-2.15626022502514,
-12.0745445713692));
#11503=CARTESIAN_POINT('Ctrl Pts',(-0.858327642372575,-2.33433699032315,
-12.1693381177335));
#11504=CARTESIAN_POINT('Ctrl Pts',(-0.932185277874151,-2.69318539395342,
-12.2102851588035));
#11505=CARTESIAN_POINT('Ctrl Pts',(-1.01163507193438,-3.1468526753767,-11.9309135045985));
#11506=CARTESIAN_POINT('Ctrl Pts',(-1.03434954003004,-3.28817840301367,
-11.6362460436899));
#11507=CARTESIAN_POINT('Ctrl Pts',(-1.03799793164647,-3.31079638286766,
-11.4793878428593));
#11508=CARTESIAN_POINT('Ctrl Pts',(-0.917083561697947,-2.14970382682723,
-12.0898308115452));
#11509=CARTESIAN_POINT('Ctrl Pts',(-0.965863825965077,-2.33489210830896,
-12.1781852717379));
#11510=CARTESIAN_POINT('Ctrl Pts',(-1.05248988196778,-2.69754329687802,
-12.1957957330607));
#11511=CARTESIAN_POINT('Ctrl Pts',(-1.13908568325734,-3.12047328808474,
-11.9019229978761));
#11512=CARTESIAN_POINT('Ctrl Pts',(-1.16285064720138,-3.24572421855477,
-11.6207579373234));
#11513=CARTESIAN_POINT('Ctrl Pts',(-1.16666666666667,-3.26577462326375,
-11.4728689024829));
#11514=CARTESIAN_POINT('',(-0.5,-2.79923539136893,-11.4053162021282));
#11515=CARTESIAN_POINT('Origin',(-1.,-2.79923539136893,-11.4053162021282));
#11516=CARTESIAN_POINT('Ctrl Pts',(-1.16666666666667,-3.26577462326375,
-11.4728689024829));
#11517=CARTESIAN_POINT('Ctrl Pts',(-1.16285064720138,-3.24572421855477,
-11.6207579373234));
#11518=CARTESIAN_POINT('Ctrl Pts',(-1.13908568325734,-3.12047328808474,
-11.9019229978761));
#11519=CARTESIAN_POINT('Ctrl Pts',(-1.05248988196778,-2.69754329687802,
-12.1957957330607));
#11520=CARTESIAN_POINT('Ctrl Pts',(-0.965863825965077,-2.33489210830896,
-12.1781852717379));
#11521=CARTESIAN_POINT('Ctrl Pts',(-0.917083561697947,-2.14970382682723,
-12.0898308115452));
#11522=CARTESIAN_POINT('Ctrl Pts',(-0.5,-2.34406537921924,-11.6366769180266));
#11523=CARTESIAN_POINT('Ctrl Pts',(-0.5,-2.4213147769653,-11.6698098405988));
#11524=CARTESIAN_POINT('Ctrl Pts',(-0.5,-2.57040148953819,-11.6764137635949));
#11525=CARTESIAN_POINT('Ctrl Pts',(-0.5,-2.74105499226547,-11.5662114879007));
#11526=CARTESIAN_POINT('Ctrl Pts',(-0.5,-2.79120527596812,-11.4607745901934));
#11527=CARTESIAN_POINT('Ctrl Pts',(-0.5,-2.79923539136893,-11.4053162021282));
#11528=CARTESIAN_POINT('Origin',(-1.,0.,-11.));
#11529=CARTESIAN_POINT('Origin',(-0.5,0.,-11.));
#11530=CARTESIAN_POINT('Origin',(0.,0.,-12.1727656763304));
#11531=CARTESIAN_POINT('Origin',(-8.18471667369222E-17,-1.35093877472256E-32,
-12.0898308115447));
#11532=CARTESIAN_POINT('Origin',(-0.5,4.,-12.5));
#11533=CARTESIAN_POINT('Origin',(0.5,-4.,-12.5));
#11534=CARTESIAN_POINT('Origin',(0.5,-4.,-12.5));
#11535=CARTESIAN_POINT('Origin',(0.,0.,-11.3647845819154));
#11536=CARTESIAN_POINT('Ctrl Pts',(-3.19828896662254,-4.28211286035889,
-4.49999989941716));
#11537=CARTESIAN_POINT('Ctrl Pts',(-3.19828896662254,-4.28211286035889,
-4.55779539912366));
#11538=CARTESIAN_POINT('Ctrl Pts',(-3.21119493091338,-4.27873664504408,
-4.67775838182232));
#11539=CARTESIAN_POINT('Ctrl Pts',(-3.27057861498414,-4.26274113243221,
-4.85266959688085));
#11540=CARTESIAN_POINT('Ctrl Pts',(-3.36609686692692,-4.22974027157957,
-5.00646725497903));
#11541=CARTESIAN_POINT('Ctrl Pts',(-3.51583476821905,-4.16744950440091,
-5.16923502823697));
#11542=CARTESIAN_POINT('Ctrl Pts',(-3.76577240748467,-4.0179807731282,-5.30816378755844));
#11543=CARTESIAN_POINT('Ctrl Pts',(-3.97512959377963,-3.80741201543661,
-5.30567345105543));
#11544=CARTESIAN_POINT('Ctrl Pts',(-4.1089996408271,-3.61523419100092,-5.22612855505183));
#11545=CARTESIAN_POINT('Ctrl Pts',(-4.18219226418413,-3.47863124335019,
-5.12729138942226));
#11546=CARTESIAN_POINT('Ctrl Pts',(-4.22197947531065,-3.38466682041972,
-5.02631388604707));
#11547=CARTESIAN_POINT('Ctrl Pts',(-4.24626183392829,-3.31808505411763,
-4.92897113230372));
#11548=CARTESIAN_POINT('Ctrl Pts',(-4.2740963958494,-3.23212121034358,-4.76888934491265));
#11549=CARTESIAN_POINT('Ctrl Pts',(-4.28499252783705,-3.18564544469946,
-4.55830618484601));
#11550=CARTESIAN_POINT('Ctrl Pts',(-4.27863306501598,-3.21166157028806,
-4.32445530205722));
#11551=CARTESIAN_POINT('Ctrl Pts',(-4.26240527837731,-3.27102974235758,
-4.14760954717038));
#11552=CARTESIAN_POINT('Ctrl Pts',(-4.22962145775133,-3.36648817630147,
-3.99449376418583));
#11553=CARTESIAN_POINT('Ctrl Pts',(-4.16707960062922,-3.51634842111866,
-3.83122776638091));
#11554=CARTESIAN_POINT('Ctrl Pts',(-4.01822196239061,-3.76620407420661,
-3.69175302384355));
#11555=CARTESIAN_POINT('Ctrl Pts',(-3.80857825159415,-3.97483654250684,
-3.69286761140479));
#11556=CARTESIAN_POINT('Ctrl Pts',(-3.61564044156993,-4.10914732273614,
-3.77313354668837));
#11557=CARTESIAN_POINT('Ctrl Pts',(-3.43558894432569,-4.20561531394214,
-3.90325057373766));
#11558=CARTESIAN_POINT('Ctrl Pts',(-3.29178838435389,-4.2566352979792,-4.08801010006304));
#11559=CARTESIAN_POINT('Ctrl Pts',(-3.21056813210527,-4.27910515613795,
-4.32275335359732));
#11560=CARTESIAN_POINT('Ctrl Pts',(-3.19828896662254,-4.28211286035889,
-4.44220439971067));
#11561=CARTESIAN_POINT('Ctrl Pts',(-3.19828896662254,-4.28211286035889,
-4.49999989941716));
#11562=CARTESIAN_POINT('Ctrl Pts',(-3.09142868295714,-3.95539930168535,
-4.49999989941716));
#11563=CARTESIAN_POINT('Ctrl Pts',(-3.09142868295714,-3.95539930168535,
-4.55111193869419));
#11564=CARTESIAN_POINT('Ctrl Pts',(-3.10401491632003,-3.94998943533249,
-4.65725848292985));
#11565=CARTESIAN_POINT('Ctrl Pts',(-3.16017200243938,-3.92624755633231,
-4.80518725823373));
#11566=CARTESIAN_POINT('Ctrl Pts',(-3.24328716049044,-3.8888706057603,-4.92587901586998));
#11567=CARTESIAN_POINT('Ctrl Pts',(-3.36412403970261,-3.83054884783765,
-5.04473323138765));
#11568=CARTESIAN_POINT('Ctrl Pts',(-3.54496361311495,-3.71856124968925,
-5.13882016286791));
#11569=CARTESIAN_POINT('Ctrl Pts',(-3.68922266566265,-3.57335812084267,
-5.13718608604928));
#11570=CARTESIAN_POINT('Ctrl Pts',(-3.78656985366006,-3.43622184561685,
-5.08317965671036));
#11571=CARTESIAN_POINT('Ctrl Pts',(-3.84473782548749,-3.33383003052934,
-5.01421757942406));
#11572=CARTESIAN_POINT('Ctrl Pts',(-3.88171471948881,-3.25814602395434,
-4.94033853102404));
#11573=CARTESIAN_POINT('Ctrl Pts',(-3.90763035972926,-3.20148150219068,
-4.86510125317809));
#11574=CARTESIAN_POINT('Ctrl Pts',(-3.94125282273675,-3.12510003409472,
-4.73690044458992));
#11575=CARTESIAN_POINT('Ctrl Pts',(-3.96054277544988,-3.07891240361728,
-4.55163087554457));
#11576=CARTESIAN_POINT('Ctrl Pts',(-3.94975061092433,-3.10453671773479,
-4.34451621653053));
#11577=CARTESIAN_POINT('Ctrl Pts',(-3.92598605025537,-3.16051602783166,
-4.19492630286749));
#11578=CARTESIAN_POINT('Ctrl Pts',(-3.88873431039633,-3.24362356106472,
-4.07489395916247));
#11579=CARTESIAN_POINT('Ctrl Pts',(-3.83032337714348,-3.36444945663212,
-3.9555304681733));
#11580=CARTESIAN_POINT('Ctrl Pts',(-3.71857885752771,-3.54542665501404,
-3.86125197546109));
#11581=CARTESIAN_POINT('Ctrl Pts',(-3.57427634884459,-3.6889826165326,-3.86179147511271));
#11582=CARTESIAN_POINT('Ctrl Pts',(-3.43647552141977,-3.78673742653312,
-3.91636067631546));
#11583=CARTESIAN_POINT('Ctrl Pts',(-3.30184804502353,-3.86313860540963,
-4.00703328788403));
#11584=CARTESIAN_POINT('Ctrl Pts',(-3.18012922620601,-3.91760339505084,
-4.1446536401139));
#11585=CARTESIAN_POINT('Ctrl Pts',(-3.10341957313996,-3.95038364061024,
-4.34315547334344));
#11586=CARTESIAN_POINT('Ctrl Pts',(-3.09142868295714,-3.95539930168535,
-4.44888786014013));
#11587=CARTESIAN_POINT('Ctrl Pts',(-3.09142868295714,-3.95539930168535,
-4.49999989941716));
#11588=CARTESIAN_POINT('Ctrl Pts',(-2.98456839929175,-3.62868574301182,
-4.49999989941716));
#11589=CARTESIAN_POINT('Ctrl Pts',(-2.98456839929175,-3.62868574301182,
-4.54442847826473));
#11590=CARTESIAN_POINT('Ctrl Pts',(-2.99683490172667,-3.6212422256209,-4.63675858403738));
#11591=CARTESIAN_POINT('Ctrl Pts',(-3.04976538989463,-3.58975398023241,
-4.75770491958662));
#11592=CARTESIAN_POINT('Ctrl Pts',(-3.12047745405397,-3.54800093994104,
-4.84529077676093));
#11593=CARTESIAN_POINT('Ctrl Pts',(-3.21241331118616,-3.49364819127439,
-4.92023143453834));
#11594=CARTESIAN_POINT('Ctrl Pts',(-3.32415481874524,-3.4191417262503,-4.96947653817738));
#11595=CARTESIAN_POINT('Ctrl Pts',(-3.40331573754567,-3.33930422624872,
-4.96869872104312));
#11596=CARTESIAN_POINT('Ctrl Pts',(-3.46414006649302,-3.25720950023277,
-4.94023075836889));
#11597=CARTESIAN_POINT('Ctrl Pts',(-3.50728338679084,-3.18902881770849,
-4.90114376942586));
#11598=CARTESIAN_POINT('Ctrl Pts',(-3.54144996366697,-3.13162522748896,
-4.85436317600102));
#11599=CARTESIAN_POINT('Ctrl Pts',(-3.56899888553024,-3.08487795026372,
-4.80123137405246));
#11600=CARTESIAN_POINT('Ctrl Pts',(-3.6084092496241,-3.01807885784585,-4.70491154426719));
#11601=CARTESIAN_POINT('Ctrl Pts',(-3.63609302306271,-2.9721793625351,-4.54495556624313));
#11602=CARTESIAN_POINT('Ctrl Pts',(-3.62086815683268,-2.99741186518152,
-4.36457713100385));
#11603=CARTESIAN_POINT('Ctrl Pts',(-3.58956682213344,-3.05000231330574,
-4.24224305856461));
#11604=CARTESIAN_POINT('Ctrl Pts',(-3.54784716304133,-3.12075894582796,
-4.1552941541391));
#11605=CARTESIAN_POINT('Ctrl Pts',(-3.49356715365774,-3.21255049214558,
-4.07983316996569));
#11606=CARTESIAN_POINT('Ctrl Pts',(-3.41893575266482,-3.32464923582148,
-4.03075092707863));
#11607=CARTESIAN_POINT('Ctrl Pts',(-3.33997444609502,-3.40312869055836,
-4.03071533882064));
#11608=CARTESIAN_POINT('Ctrl Pts',(-3.25731060126962,-3.46432753033011,
-4.05958780594255));
#11609=CARTESIAN_POINT('Ctrl Pts',(-3.16810714572137,-3.52066189687712,
-4.11081600203039));
#11610=CARTESIAN_POINT('Ctrl Pts',(-3.06847006805813,-3.57857149212249,
-4.20129718016475));
#11611=CARTESIAN_POINT('Ctrl Pts',(-2.99627101417466,-3.62166212508254,
-4.36355759308956));
#11612=CARTESIAN_POINT('Ctrl Pts',(-2.98456839929175,-3.62868574301182,
-4.45557132056959));
#11613=CARTESIAN_POINT('Ctrl Pts',(-2.98456839929175,-3.62868574301182,
-4.49999989941716));
#11614=CARTESIAN_POINT('Ctrl Pts',(-2.87770811562635,-3.30197218433828,
-4.49999989941716));
#11615=CARTESIAN_POINT('Ctrl Pts',(-2.87770811562635,-3.30197218433828,
-4.53774501783527));
#11616=CARTESIAN_POINT('Ctrl Pts',(-2.88965488713332,-3.29249501590932,
-4.6162586851449));
#11617=CARTESIAN_POINT('Ctrl Pts',(-2.93935877734988,-3.25326040413251,
-4.7102225809395));
#11618=CARTESIAN_POINT('Ctrl Pts',(-2.99766774761749,-3.20713127412177,
-4.76470253765188));
#11619=CARTESIAN_POINT('Ctrl Pts',(-3.06070258266972,-3.15674753471114,
-4.79572963768902));
#11620=CARTESIAN_POINT('Ctrl Pts',(-3.10334602437552,-3.11972220281135,
-4.80013291348684));
#11621=CARTESIAN_POINT('Ctrl Pts',(-3.11740880942869,-3.10525033165478,
-4.80021135603697));
#11622=CARTESIAN_POINT('Ctrl Pts',(-3.14171027932598,-3.07819715484869,
-4.79728186002742));
#11623=CARTESIAN_POINT('Ctrl Pts',(-3.1698289480942,-3.04422760488764,-4.78806995942766));
#11624=CARTESIAN_POINT('Ctrl Pts',(-3.20118520784513,-3.00510443102357,
-4.768387820978));
#11625=CARTESIAN_POINT('Ctrl Pts',(-3.23036741133121,-2.96827439833677,
-4.73736149492683));
#11626=CARTESIAN_POINT('Ctrl Pts',(-3.27556567651145,-2.91105768159699,
-4.67292264394446));
#11627=CARTESIAN_POINT('Ctrl Pts',(-3.31164327067554,-2.86544632145292,
-4.53828025694169));
#11628=CARTESIAN_POINT('Ctrl Pts',(-3.29198570274103,-2.89028701262824,
-4.38463804547716));
#11629=CARTESIAN_POINT('Ctrl Pts',(-3.2531475940115,-2.93948859877982,-4.28955981426173));
#11630=CARTESIAN_POINT('Ctrl Pts',(-3.20696001568633,-2.9978943305912,-4.23569434911574));
#11631=CARTESIAN_POINT('Ctrl Pts',(-3.15681093017201,-3.06065152765904,
-4.20413587175807));
#11632=CARTESIAN_POINT('Ctrl Pts',(-3.11929264780192,-3.10387181662891,
-4.20024987869617));
#11633=CARTESIAN_POINT('Ctrl Pts',(-3.10567254334546,-3.11727476458412,
-4.19963920252856));
#11634=CARTESIAN_POINT('Ctrl Pts',(-3.07814568111946,-3.1419176341271,-4.20281493556963));
#11635=CARTESIAN_POINT('Ctrl Pts',(-3.03436624641921,-3.17818518834461,
-4.21459871617676));
#11636=CARTESIAN_POINT('Ctrl Pts',(-2.95681090991025,-3.23953958919414,
-4.25794072021561));
#11637=CARTESIAN_POINT('Ctrl Pts',(-2.88912245520935,-3.29294060955483,
-4.38395971283568));
#11638=CARTESIAN_POINT('Ctrl Pts',(-2.87770811562635,-3.30197218433828,
-4.46225478099906));
#11639=CARTESIAN_POINT('Ctrl Pts',(-2.87770811562635,-3.30197218433828,
-4.49999989941716));
#11640=CARTESIAN_POINT('',(-2.87770811562635,-3.30197218433828,-4.49999989941716));
#11641=CARTESIAN_POINT('',(-3.19828896662254,-4.28211286035889,-4.49999989941716));
#11642=CARTESIAN_POINT('',(-3.11161298073505,-3.11095809664095,-4.79994718110032));
#11643=CARTESIAN_POINT('Ctrl Pts',(-2.87770811562635,-3.30197218433828,
-4.49999989941716));
#11644=CARTESIAN_POINT('Ctrl Pts',(-2.87770811562635,-3.30197218433828,
-4.53774501783527));
#11645=CARTESIAN_POINT('Ctrl Pts',(-2.88965488713332,-3.29249501590932,
-4.6162586851449));
#11646=CARTESIAN_POINT('Ctrl Pts',(-2.93935877734988,-3.25326040413251,
-4.7102225809395));
#11647=CARTESIAN_POINT('Ctrl Pts',(-2.99766774761749,-3.20713127412177,
-4.76470253765188));
#11648=CARTESIAN_POINT('Ctrl Pts',(-3.06070258266972,-3.15674753471114,
-4.79572963768902));
#11649=CARTESIAN_POINT('Ctrl Pts',(-3.09481733603436,-3.12712726919131,
-4.79925225832728));
#11650=CARTESIAN_POINT('Ctrl Pts',(-3.10754210556416,-3.11506112738588,
-4.79994804884451));
#11651=CARTESIAN_POINT('Ctrl Pts',(-3.11161298073505,-3.11095809664095,
-4.79994718110032));
#11652=CARTESIAN_POINT('Ctrl Pts',(-3.11161298073505,-3.11095809664095,
-4.79994718110032));
#11653=CARTESIAN_POINT('Ctrl Pts',(-3.11568385590595,-3.10685506589602,
-4.79994631335614));
#11654=CARTESIAN_POINT('Ctrl Pts',(-3.12348417690301,-3.09848703745326,
-4.79947898203458));
#11655=CARTESIAN_POINT('Ctrl Pts',(-3.14171027932598,-3.07819715484869,
-4.79728186002742));
#11656=CARTESIAN_POINT('Ctrl Pts',(-3.1698289480942,-3.04422760488764,-4.78806995942766));
#11657=CARTESIAN_POINT('Ctrl Pts',(-3.20118520784513,-3.00510443102357,
-4.768387820978));
#11658=CARTESIAN_POINT('Ctrl Pts',(-3.23036741133121,-2.96827439833677,
-4.73736149492683));
#11659=CARTESIAN_POINT('Ctrl Pts',(-3.27556567651145,-2.91105768159699,
-4.67292264394446));
#11660=CARTESIAN_POINT('Ctrl Pts',(-3.31164327067554,-2.86544632145292,
-4.53828025694169));
#11661=CARTESIAN_POINT('Ctrl Pts',(-3.29198570274103,-2.89028701262824,
-4.38463804547716));
#11662=CARTESIAN_POINT('Ctrl Pts',(-3.2531475940115,-2.93948859877982,-4.28955981426173));
#11663=CARTESIAN_POINT('Ctrl Pts',(-3.20696001568633,-2.9978943305912,-4.23569434911574));
#11664=CARTESIAN_POINT('Ctrl Pts',(-3.15681093017201,-3.06065152765904,
-4.20413587175807));
#11665=CARTESIAN_POINT('Ctrl Pts',(-3.11929264780192,-3.10387181662891,
-4.20024987869617));
#11666=CARTESIAN_POINT('Ctrl Pts',(-3.10567254334546,-3.11727476458412,
-4.19963920252856));
#11667=CARTESIAN_POINT('Ctrl Pts',(-3.07814568111946,-3.1419176341271,-4.20281493556963));
#11668=CARTESIAN_POINT('Ctrl Pts',(-3.03436624641921,-3.17818518834461,
-4.21459871617676));
#11669=CARTESIAN_POINT('Ctrl Pts',(-2.95681090991025,-3.23953958919414,
-4.25794072021561));
#11670=CARTESIAN_POINT('Ctrl Pts',(-2.88912245520935,-3.29294060955483,
-4.38395971283568));
#11671=CARTESIAN_POINT('Ctrl Pts',(-2.87770811562635,-3.30197218433828,
-4.46225478099906));
#11672=CARTESIAN_POINT('Ctrl Pts',(-2.87770811562635,-3.30197218433828,
-4.49999989941716));
#11673=CARTESIAN_POINT('Origin',(-4.24264068711929,-4.24264068711929,-4.49999989941716));
#11674=CARTESIAN_POINT('',(-4.24264068711929,-4.24264068711929,-4.79999989941716));
#11675=CARTESIAN_POINT('Ctrl Pts',(-4.28211286035889,3.19828896662254,-4.49999989941716));
#11676=CARTESIAN_POINT('Ctrl Pts',(-4.28211286035889,3.19828896662254,-4.55779539912366));
#11677=CARTESIAN_POINT('Ctrl Pts',(-4.27873664504408,3.21119493091338,-4.67775838182232));
#11678=CARTESIAN_POINT('Ctrl Pts',(-4.2627411324322,3.27057861498413,-4.85266959688085));
#11679=CARTESIAN_POINT('Ctrl Pts',(-4.22974027157957,3.36609686692691,-5.00646725497902));
#11680=CARTESIAN_POINT('Ctrl Pts',(-4.1674495044009,3.51583476821905,-5.16923502823695));
#11681=CARTESIAN_POINT('Ctrl Pts',(-4.01798077312819,3.76577240748465,-5.30816378755843));
#11682=CARTESIAN_POINT('Ctrl Pts',(-3.8074120154366,3.97512959377961,-5.30567345105541));
#11683=CARTESIAN_POINT('Ctrl Pts',(-3.61523419100091,4.10899964082709,-5.22612855505181));
#11684=CARTESIAN_POINT('Ctrl Pts',(-3.47863124335018,4.18219226418411,-5.12729138942224));
#11685=CARTESIAN_POINT('Ctrl Pts',(-3.3846668204197,4.22197947531063,-5.02631388604704));
#11686=CARTESIAN_POINT('Ctrl Pts',(-3.31808505411761,4.24626183392828,-4.9289711323037));
#11687=CARTESIAN_POINT('Ctrl Pts',(-3.23212121034357,4.27409639584939,-4.76888934491263));
#11688=CARTESIAN_POINT('Ctrl Pts',(-3.18564544469946,4.28499252783704,-4.558306184846));
#11689=CARTESIAN_POINT('Ctrl Pts',(-3.21166157028805,4.27863306501597,-4.32445530205721));
#11690=CARTESIAN_POINT('Ctrl Pts',(-3.27102974235758,4.2624052783773,-4.14760954717037));
#11691=CARTESIAN_POINT('Ctrl Pts',(-3.36648817630147,4.22962145775132,-3.99449376418582));
#11692=CARTESIAN_POINT('Ctrl Pts',(-3.51634842111866,4.16707960062921,-3.8312277663809));
#11693=CARTESIAN_POINT('Ctrl Pts',(-3.76620407420661,4.0182219623906,-3.69175302384355));
#11694=CARTESIAN_POINT('Ctrl Pts',(-3.97483654250684,3.80857825159415,-3.69286761140478));
#11695=CARTESIAN_POINT('Ctrl Pts',(-4.10914732273613,3.61564044156993,-3.77313354668837));
#11696=CARTESIAN_POINT('Ctrl Pts',(-4.20561531394214,3.43558894432568,-3.90325057373766));
#11697=CARTESIAN_POINT('Ctrl Pts',(-4.2566352979792,3.29178838435389,-4.08801010006304));
#11698=CARTESIAN_POINT('Ctrl Pts',(-4.27910515613795,3.21056813210527,-4.32275335359732));
#11699=CARTESIAN_POINT('Ctrl Pts',(-4.28211286035889,3.19828896662254,-4.44220439971067));
#11700=CARTESIAN_POINT('Ctrl Pts',(-4.28211286035889,3.19828896662254,-4.49999989941716));
#11701=CARTESIAN_POINT('Ctrl Pts',(-3.95539930168535,3.09142868295714,-4.49999989941716));
#11702=CARTESIAN_POINT('Ctrl Pts',(-3.95539930168535,3.09142868295714,-4.55111193869419));
#11703=CARTESIAN_POINT('Ctrl Pts',(-3.94998943533249,3.10401491632003,-4.65725848292984));
#11704=CARTESIAN_POINT('Ctrl Pts',(-3.92624755633231,3.16017200243938,-4.80518725823373));
#11705=CARTESIAN_POINT('Ctrl Pts',(-3.8888706057603,3.24328716049044,-4.92587901586997));
#11706=CARTESIAN_POINT('Ctrl Pts',(-3.83054884783765,3.3641240397026,-5.04473323138764));
#11707=CARTESIAN_POINT('Ctrl Pts',(-3.71856124968924,3.54496361311494,-5.13882016286789));
#11708=CARTESIAN_POINT('Ctrl Pts',(-3.57335812084266,3.68922266566264,-5.13718608604926));
#11709=CARTESIAN_POINT('Ctrl Pts',(-3.43622184561684,3.78656985366005,-5.08317965671034));
#11710=CARTESIAN_POINT('Ctrl Pts',(-3.33383003052933,3.84473782548747,-5.01421757942404));
#11711=CARTESIAN_POINT('Ctrl Pts',(-3.25814602395433,3.88171471948879,-4.94033853102402));
#11712=CARTESIAN_POINT('Ctrl Pts',(-3.20148150219066,3.90763035972925,-4.86510125317807));
#11713=CARTESIAN_POINT('Ctrl Pts',(-3.12510003409471,3.94125282273674,-4.7369004445899));
#11714=CARTESIAN_POINT('Ctrl Pts',(-3.07891240361728,3.96054277544987,-4.55163087554456));
#11715=CARTESIAN_POINT('Ctrl Pts',(-3.10453671773478,3.94975061092432,-4.34451621653052));
#11716=CARTESIAN_POINT('Ctrl Pts',(-3.16051602783166,3.92598605025537,-4.19492630286749));
#11717=CARTESIAN_POINT('Ctrl Pts',(-3.24362356106471,3.88873431039632,-4.07489395916246));
#11718=CARTESIAN_POINT('Ctrl Pts',(-3.36444945663212,3.83032337714347,-3.95553046817329));
#11719=CARTESIAN_POINT('Ctrl Pts',(-3.54542665501404,3.71857885752771,-3.86125197546109));
#11720=CARTESIAN_POINT('Ctrl Pts',(-3.6889826165326,3.57427634884458,-3.86179147511271));
#11721=CARTESIAN_POINT('Ctrl Pts',(-3.78673742653312,3.43647552141977,-3.91636067631546));
#11722=CARTESIAN_POINT('Ctrl Pts',(-3.86313860540963,3.30184804502352,-4.00703328788402));
#11723=CARTESIAN_POINT('Ctrl Pts',(-3.91760339505084,3.18012922620601,-4.14465364011389));
#11724=CARTESIAN_POINT('Ctrl Pts',(-3.95038364061024,3.10341957313996,-4.34315547334344));
#11725=CARTESIAN_POINT('Ctrl Pts',(-3.95539930168535,3.09142868295714,-4.44888786014013));
#11726=CARTESIAN_POINT('Ctrl Pts',(-3.95539930168535,3.09142868295714,-4.49999989941716));
#11727=CARTESIAN_POINT('Ctrl Pts',(-3.62868574301182,2.98456839929175,-4.49999989941716));
#11728=CARTESIAN_POINT('Ctrl Pts',(-3.62868574301182,2.98456839929175,-4.54442847826473));
#11729=CARTESIAN_POINT('Ctrl Pts',(-3.6212422256209,2.99683490172667,-4.63675858403737));
#11730=CARTESIAN_POINT('Ctrl Pts',(-3.58975398023241,3.04976538989463,-4.75770491958661));
#11731=CARTESIAN_POINT('Ctrl Pts',(-3.54800093994103,3.12047745405396,-4.84529077676092));
#11732=CARTESIAN_POINT('Ctrl Pts',(-3.49364819127439,3.21241331118616,-4.92023143453833));
#11733=CARTESIAN_POINT('Ctrl Pts',(-3.41914172625029,3.32415481874523,-4.96947653817736));
#11734=CARTESIAN_POINT('Ctrl Pts',(-3.33930422624871,3.40331573754566,-4.96869872104311));
#11735=CARTESIAN_POINT('Ctrl Pts',(-3.25720950023276,3.46414006649301,-4.94023075836887));
#11736=CARTESIAN_POINT('Ctrl Pts',(-3.18902881770848,3.50728338679083,-4.90114376942584));
#11737=CARTESIAN_POINT('Ctrl Pts',(-3.13162522748894,3.54144996366696,-4.854363176001));
#11738=CARTESIAN_POINT('Ctrl Pts',(-3.08487795026371,3.56899888553023,-4.80123137405244));
#11739=CARTESIAN_POINT('Ctrl Pts',(-3.01807885784584,3.60840924962409,-4.70491154426718));
#11740=CARTESIAN_POINT('Ctrl Pts',(-2.97217936253509,3.63609302306271,-4.54495556624312));
#11741=CARTESIAN_POINT('Ctrl Pts',(-2.99741186518151,3.62086815683268,-4.36457713100384));
#11742=CARTESIAN_POINT('Ctrl Pts',(-3.05000231330574,3.58956682213343,-4.24224305856461));
#11743=CARTESIAN_POINT('Ctrl Pts',(-3.12075894582796,3.54784716304133,-4.1552941541391));
#11744=CARTESIAN_POINT('Ctrl Pts',(-3.21255049214558,3.49356715365774,-4.07983316996568));
#11745=CARTESIAN_POINT('Ctrl Pts',(-3.32464923582147,3.41893575266481,-4.03075092707863));
#11746=CARTESIAN_POINT('Ctrl Pts',(-3.40312869055836,3.33997444609502,-4.03071533882063));
#11747=CARTESIAN_POINT('Ctrl Pts',(-3.46432753033011,3.25731060126961,-4.05958780594254));
#11748=CARTESIAN_POINT('Ctrl Pts',(-3.52066189687712,3.16810714572137,-4.11081600203039));
#11749=CARTESIAN_POINT('Ctrl Pts',(-3.57857149212249,3.06847006805813,-4.20129718016475));
#11750=CARTESIAN_POINT('Ctrl Pts',(-3.62166212508254,2.99627101417466,-4.36355759308956));
#11751=CARTESIAN_POINT('Ctrl Pts',(-3.62868574301182,2.98456839929175,-4.45557132056959));
#11752=CARTESIAN_POINT('Ctrl Pts',(-3.62868574301182,2.98456839929175,-4.49999989941716));
#11753=CARTESIAN_POINT('Ctrl Pts',(-3.30197218433828,2.87770811562635,-4.49999989941716));
#11754=CARTESIAN_POINT('Ctrl Pts',(-3.30197218433828,2.87770811562635,-4.53774501783527));
#11755=CARTESIAN_POINT('Ctrl Pts',(-3.29249501590932,2.88965488713332,-4.6162586851449));
#11756=CARTESIAN_POINT('Ctrl Pts',(-3.25326040413251,2.93935877734988,-4.71022258093949));
#11757=CARTESIAN_POINT('Ctrl Pts',(-3.20713127412177,2.99766774761749,-4.76470253765188));
#11758=CARTESIAN_POINT('Ctrl Pts',(-3.15674753471113,3.06070258266971,-4.79572963768901));
#11759=CARTESIAN_POINT('Ctrl Pts',(-3.11972220281134,3.10334602437551,-4.80013291348683));
#11760=CARTESIAN_POINT('Ctrl Pts',(-3.10525033165477,3.11740880942868,-4.80021135603695));
#11761=CARTESIAN_POINT('Ctrl Pts',(-3.07819715484868,3.14171027932597,-4.7972818600274));
#11762=CARTESIAN_POINT('Ctrl Pts',(-3.04422760488763,3.16982894809419,-4.78806995942764));
#11763=CARTESIAN_POINT('Ctrl Pts',(-3.00510443102356,3.20118520784512,-4.76838782097798));
#11764=CARTESIAN_POINT('Ctrl Pts',(-2.96827439833676,3.2303674113312,-4.73736149492681));
#11765=CARTESIAN_POINT('Ctrl Pts',(-2.91105768159698,3.27556567651144,-4.67292264394445));
#11766=CARTESIAN_POINT('Ctrl Pts',(-2.86544632145291,3.31164327067554,-4.53828025694168));
#11767=CARTESIAN_POINT('Ctrl Pts',(-2.89028701262824,3.29198570274103,-4.38463804547715));
#11768=CARTESIAN_POINT('Ctrl Pts',(-2.93948859877982,3.2531475940115,-4.28955981426172));
#11769=CARTESIAN_POINT('Ctrl Pts',(-2.9978943305912,3.20696001568633,-4.23569434911574));
#11770=CARTESIAN_POINT('Ctrl Pts',(-3.06065152765904,3.156810930172,-4.20413587175807));
#11771=CARTESIAN_POINT('Ctrl Pts',(-3.10387181662891,3.11929264780192,-4.20024987869617));
#11772=CARTESIAN_POINT('Ctrl Pts',(-3.11727476458411,3.10567254334546,-4.19963920252856));
#11773=CARTESIAN_POINT('Ctrl Pts',(-3.1419176341271,3.07814568111946,-4.20281493556963));
#11774=CARTESIAN_POINT('Ctrl Pts',(-3.17818518834461,3.03436624641921,-4.21459871617676));
#11775=CARTESIAN_POINT('Ctrl Pts',(-3.23953958919414,2.95681090991025,-4.25794072021561));
#11776=CARTESIAN_POINT('Ctrl Pts',(-3.29294060955483,2.88912245520935,-4.38395971283568));
#11777=CARTESIAN_POINT('Ctrl Pts',(-3.30197218433828,2.87770811562635,-4.46225478099906));
#11778=CARTESIAN_POINT('Ctrl Pts',(-3.30197218433828,2.87770811562635,-4.49999989941716));
#11779=CARTESIAN_POINT('',(-3.30197218433828,2.87770811562635,-4.49999989941716));
#11780=CARTESIAN_POINT('',(-4.28211286035889,3.19828896662254,-4.49999989941716));
#11781=CARTESIAN_POINT('',(-3.11095809664094,3.11161298073505,-4.79994718110031));
#11782=CARTESIAN_POINT('Ctrl Pts',(-3.30197218433828,2.87770811562635,-4.49999989941716));
#11783=CARTESIAN_POINT('Ctrl Pts',(-3.30197218433828,2.87770811562635,-4.53774501783527));
#11784=CARTESIAN_POINT('Ctrl Pts',(-3.29249501590932,2.88965488713332,-4.6162586851449));
#11785=CARTESIAN_POINT('Ctrl Pts',(-3.25326040413251,2.93935877734988,-4.71022258093949));
#11786=CARTESIAN_POINT('Ctrl Pts',(-3.20713127412177,2.99766774761749,-4.76470253765188));
#11787=CARTESIAN_POINT('Ctrl Pts',(-3.15674753471113,3.06070258266971,-4.79572963768901));
#11788=CARTESIAN_POINT('Ctrl Pts',(-3.1271272691913,3.09481733603435,-4.79925225832727));
#11789=CARTESIAN_POINT('Ctrl Pts',(-3.11506112738587,3.10754210556415,-4.7999480488445));
#11790=CARTESIAN_POINT('Ctrl Pts',(-3.11095809664094,3.11161298073504,-4.79994718110031));
#11791=CARTESIAN_POINT('Ctrl Pts',(-3.11095809664094,3.11161298073504,-4.79994718110031));
#11792=CARTESIAN_POINT('Ctrl Pts',(-3.10685506589602,3.11568385590594,-4.79994631335613));
#11793=CARTESIAN_POINT('Ctrl Pts',(-3.09848703745325,3.123484176903,-4.79947898203457));
#11794=CARTESIAN_POINT('Ctrl Pts',(-3.07819715484868,3.14171027932597,-4.7972818600274));
#11795=CARTESIAN_POINT('Ctrl Pts',(-3.04422760488763,3.16982894809419,-4.78806995942764));
#11796=CARTESIAN_POINT('Ctrl Pts',(-3.00510443102356,3.20118520784512,-4.76838782097798));
#11797=CARTESIAN_POINT('Ctrl Pts',(-2.96827439833676,3.2303674113312,-4.73736149492681));
#11798=CARTESIAN_POINT('Ctrl Pts',(-2.91105768159698,3.27556567651144,-4.67292264394445));
#11799=CARTESIAN_POINT('Ctrl Pts',(-2.86544632145291,3.31164327067554,-4.53828025694168));
#11800=CARTESIAN_POINT('Ctrl Pts',(-2.89028701262824,3.29198570274103,-4.38463804547715));
#11801=CARTESIAN_POINT('Ctrl Pts',(-2.93948859877982,3.2531475940115,-4.28955981426172));
#11802=CARTESIAN_POINT('Ctrl Pts',(-2.9978943305912,3.20696001568633,-4.23569434911574));
#11803=CARTESIAN_POINT('Ctrl Pts',(-3.06065152765904,3.156810930172,-4.20413587175807));
#11804=CARTESIAN_POINT('Ctrl Pts',(-3.10387181662891,3.11929264780192,-4.20024987869617));
#11805=CARTESIAN_POINT('Ctrl Pts',(-3.11727476458411,3.10567254334546,-4.19963920252856));
#11806=CARTESIAN_POINT('Ctrl Pts',(-3.1419176341271,3.07814568111946,-4.20281493556963));
#11807=CARTESIAN_POINT('Ctrl Pts',(-3.17818518834461,3.03436624641921,-4.21459871617676));
#11808=CARTESIAN_POINT('Ctrl Pts',(-3.23953958919414,2.95681090991025,-4.25794072021561));
#11809=CARTESIAN_POINT('Ctrl Pts',(-3.29294060955483,2.88912245520935,-4.38395971283568));
#11810=CARTESIAN_POINT('Ctrl Pts',(-3.30197218433828,2.87770811562635,-4.46225478099906));
#11811=CARTESIAN_POINT('Ctrl Pts',(-3.30197218433828,2.87770811562635,-4.49999989941716));
#11812=CARTESIAN_POINT('Origin',(-4.24264068711929,4.24264068711929,-4.49999989941716));
#11813=CARTESIAN_POINT('',(-4.24264068711929,4.24264068711929,-4.79999989941716));
#11814=CARTESIAN_POINT('Origin',(-4.00000005960464,3.9831970597661E-16,
-3.));
#11815=CARTESIAN_POINT('',(-4.00000005960464,0.4,-3.));
#11816=CARTESIAN_POINT('Ctrl Pts',(3.19828896662254,4.28211286035889,-4.49999989941716));
#11817=CARTESIAN_POINT('Ctrl Pts',(3.19828896662254,4.28211286035889,-4.55779539912366));
#11818=CARTESIAN_POINT('Ctrl Pts',(3.21119493091338,4.27873664504408,-4.67775838182232));
#11819=CARTESIAN_POINT('Ctrl Pts',(3.27057861498413,4.2627411324322,-4.85266959688085));
#11820=CARTESIAN_POINT('Ctrl Pts',(3.36609686692691,4.22974027157957,-5.00646725497902));
#11821=CARTESIAN_POINT('Ctrl Pts',(3.51583476821905,4.1674495044009,-5.16923502823696));
#11822=CARTESIAN_POINT('Ctrl Pts',(3.76577240748465,4.01798077312819,-5.30816378755843));
#11823=CARTESIAN_POINT('Ctrl Pts',(3.97512959377961,3.8074120154366,-5.30567345105541));
#11824=CARTESIAN_POINT('Ctrl Pts',(4.10899964082709,3.61523419100091,-5.22612855505181));
#11825=CARTESIAN_POINT('Ctrl Pts',(4.18219226418411,3.47863124335018,-5.12729138942224));
#11826=CARTESIAN_POINT('Ctrl Pts',(4.22197947531063,3.38466682041971,-5.02631388604705));
#11827=CARTESIAN_POINT('Ctrl Pts',(4.24626183392827,3.31808505411762,-4.9289711323037));
#11828=CARTESIAN_POINT('Ctrl Pts',(4.27409639584939,3.23212121034357,-4.76888934491263));
#11829=CARTESIAN_POINT('Ctrl Pts',(4.28499252783704,3.18564544469946,-4.558306184846));
#11830=CARTESIAN_POINT('Ctrl Pts',(4.27863306501597,3.21166157028805,-4.32445530205721));
#11831=CARTESIAN_POINT('Ctrl Pts',(4.2624052783773,3.27102974235758,-4.14760954717037));
#11832=CARTESIAN_POINT('Ctrl Pts',(4.22962145775132,3.36648817630147,-3.99449376418582));
#11833=CARTESIAN_POINT('Ctrl Pts',(4.16707960062921,3.51634842111866,-3.8312277663809));
#11834=CARTESIAN_POINT('Ctrl Pts',(4.0182219623906,3.76620407420661,-3.69175302384355));
#11835=CARTESIAN_POINT('Ctrl Pts',(3.80857825159415,3.97483654250684,-3.69286761140478));
#11836=CARTESIAN_POINT('Ctrl Pts',(3.61564044156993,4.10914732273613,-3.77313354668837));
#11837=CARTESIAN_POINT('Ctrl Pts',(3.43558894432568,4.20561531394214,-3.90325057373766));
#11838=CARTESIAN_POINT('Ctrl Pts',(3.29178838435389,4.2566352979792,-4.08801010006304));
#11839=CARTESIAN_POINT('Ctrl Pts',(3.21056813210527,4.27910515613795,-4.32275335359732));
#11840=CARTESIAN_POINT('Ctrl Pts',(3.19828896662254,4.28211286035889,-4.44220439971067));
#11841=CARTESIAN_POINT('Ctrl Pts',(3.19828896662254,4.28211286035889,-4.49999989941716));
#11842=CARTESIAN_POINT('Ctrl Pts',(3.09142868295714,3.95539930168535,-4.49999989941716));
#11843=CARTESIAN_POINT('Ctrl Pts',(3.09142868295714,3.95539930168535,-4.55111193869419));
#11844=CARTESIAN_POINT('Ctrl Pts',(3.10401491632003,3.94998943533249,-4.65725848292984));
#11845=CARTESIAN_POINT('Ctrl Pts',(3.16017200243938,3.92624755633231,-4.80518725823373));
#11846=CARTESIAN_POINT('Ctrl Pts',(3.24328716049044,3.8888706057603,-4.92587901586997));
#11847=CARTESIAN_POINT('Ctrl Pts',(3.3641240397026,3.83054884783764,-5.04473323138764));
#11848=CARTESIAN_POINT('Ctrl Pts',(3.54496361311494,3.71856124968924,-5.13882016286789));
#11849=CARTESIAN_POINT('Ctrl Pts',(3.68922266566264,3.57335812084266,-5.13718608604926));
#11850=CARTESIAN_POINT('Ctrl Pts',(3.78656985366005,3.43622184561684,-5.08317965671034));
#11851=CARTESIAN_POINT('Ctrl Pts',(3.84473782548747,3.33383003052933,-5.01421757942404));
#11852=CARTESIAN_POINT('Ctrl Pts',(3.88171471948879,3.25814602395433,-4.94033853102402));
#11853=CARTESIAN_POINT('Ctrl Pts',(3.90763035972925,3.20148150219066,-4.86510125317807));
#11854=CARTESIAN_POINT('Ctrl Pts',(3.94125282273674,3.12510003409471,-4.7369004445899));
#11855=CARTESIAN_POINT('Ctrl Pts',(3.96054277544987,3.07891240361728,-4.55163087554456));
#11856=CARTESIAN_POINT('Ctrl Pts',(3.94975061092432,3.10453671773478,-4.34451621653052));
#11857=CARTESIAN_POINT('Ctrl Pts',(3.92598605025537,3.16051602783166,-4.19492630286749));
#11858=CARTESIAN_POINT('Ctrl Pts',(3.88873431039632,3.24362356106471,-4.07489395916246));
#11859=CARTESIAN_POINT('Ctrl Pts',(3.83032337714347,3.36444945663212,-3.95553046817329));
#11860=CARTESIAN_POINT('Ctrl Pts',(3.71857885752771,3.54542665501404,-3.86125197546109));
#11861=CARTESIAN_POINT('Ctrl Pts',(3.57427634884458,3.6889826165326,-3.86179147511271));
#11862=CARTESIAN_POINT('Ctrl Pts',(3.43647552141977,3.78673742653312,-3.91636067631546));
#11863=CARTESIAN_POINT('Ctrl Pts',(3.30184804502352,3.86313860540963,-4.00703328788402));
#11864=CARTESIAN_POINT('Ctrl Pts',(3.18012922620601,3.91760339505084,-4.14465364011389));
#11865=CARTESIAN_POINT('Ctrl Pts',(3.10341957313996,3.95038364061024,-4.34315547334344));
#11866=CARTESIAN_POINT('Ctrl Pts',(3.09142868295714,3.95539930168535,-4.44888786014013));
#11867=CARTESIAN_POINT('Ctrl Pts',(3.09142868295714,3.95539930168535,-4.49999989941716));
#11868=CARTESIAN_POINT('Ctrl Pts',(2.98456839929175,3.62868574301182,-4.49999989941716));
#11869=CARTESIAN_POINT('Ctrl Pts',(2.98456839929175,3.62868574301182,-4.54442847826473));
#11870=CARTESIAN_POINT('Ctrl Pts',(2.99683490172667,3.6212422256209,-4.63675858403737));
#11871=CARTESIAN_POINT('Ctrl Pts',(3.04976538989463,3.58975398023241,-4.75770491958661));
#11872=CARTESIAN_POINT('Ctrl Pts',(3.12047745405396,3.54800093994104,-4.84529077676092));
#11873=CARTESIAN_POINT('Ctrl Pts',(3.21241331118616,3.49364819127439,-4.92023143453833));
#11874=CARTESIAN_POINT('Ctrl Pts',(3.32415481874523,3.41914172625029,-4.96947653817736));
#11875=CARTESIAN_POINT('Ctrl Pts',(3.40331573754566,3.33930422624872,-4.96869872104311));
#11876=CARTESIAN_POINT('Ctrl Pts',(3.46414006649301,3.25720950023276,-4.94023075836887));
#11877=CARTESIAN_POINT('Ctrl Pts',(3.50728338679083,3.18902881770848,-4.90114376942584));
#11878=CARTESIAN_POINT('Ctrl Pts',(3.54144996366696,3.13162522748894,-4.854363176001));
#11879=CARTESIAN_POINT('Ctrl Pts',(3.56899888553023,3.08487795026371,-4.80123137405244));
#11880=CARTESIAN_POINT('Ctrl Pts',(3.60840924962409,3.01807885784584,-4.70491154426718));
#11881=CARTESIAN_POINT('Ctrl Pts',(3.63609302306271,2.97217936253509,-4.54495556624312));
#11882=CARTESIAN_POINT('Ctrl Pts',(3.62086815683268,2.99741186518151,-4.36457713100384));
#11883=CARTESIAN_POINT('Ctrl Pts',(3.58956682213343,3.05000231330574,-4.24224305856461));
#11884=CARTESIAN_POINT('Ctrl Pts',(3.54784716304133,3.12075894582796,-4.1552941541391));
#11885=CARTESIAN_POINT('Ctrl Pts',(3.49356715365774,3.21255049214558,-4.07983316996568));
#11886=CARTESIAN_POINT('Ctrl Pts',(3.41893575266481,3.32464923582147,-4.03075092707863));
#11887=CARTESIAN_POINT('Ctrl Pts',(3.33997444609502,3.40312869055836,-4.03071533882063));
#11888=CARTESIAN_POINT('Ctrl Pts',(3.25731060126961,3.46432753033011,-4.05958780594254));
#11889=CARTESIAN_POINT('Ctrl Pts',(3.16810714572137,3.52066189687712,-4.11081600203039));
#11890=CARTESIAN_POINT('Ctrl Pts',(3.06847006805813,3.57857149212249,-4.20129718016475));
#11891=CARTESIAN_POINT('Ctrl Pts',(2.99627101417466,3.62166212508254,-4.36355759308956));
#11892=CARTESIAN_POINT('Ctrl Pts',(2.98456839929175,3.62868574301182,-4.45557132056959));
#11893=CARTESIAN_POINT('Ctrl Pts',(2.98456839929175,3.62868574301182,-4.49999989941716));
#11894=CARTESIAN_POINT('Ctrl Pts',(2.87770811562635,3.30197218433828,-4.49999989941716));
#11895=CARTESIAN_POINT('Ctrl Pts',(2.87770811562635,3.30197218433828,-4.53774501783527));
#11896=CARTESIAN_POINT('Ctrl Pts',(2.88965488713332,3.29249501590932,-4.6162586851449));
#11897=CARTESIAN_POINT('Ctrl Pts',(2.93935877734988,3.25326040413251,-4.71022258093949));
#11898=CARTESIAN_POINT('Ctrl Pts',(2.99766774761749,3.20713127412177,-4.76470253765188));
#11899=CARTESIAN_POINT('Ctrl Pts',(3.06070258266971,3.15674753471113,-4.79572963768901));
#11900=CARTESIAN_POINT('Ctrl Pts',(3.10334602437551,3.11972220281134,-4.80013291348683));
#11901=CARTESIAN_POINT('Ctrl Pts',(3.11740880942868,3.10525033165477,-4.80021135603695));
#11902=CARTESIAN_POINT('Ctrl Pts',(3.14171027932597,3.07819715484868,-4.7972818600274));
#11903=CARTESIAN_POINT('Ctrl Pts',(3.16982894809419,3.04422760488763,-4.78806995942764));
#11904=CARTESIAN_POINT('Ctrl Pts',(3.20118520784512,3.00510443102356,-4.76838782097798));
#11905=CARTESIAN_POINT('Ctrl Pts',(3.2303674113312,2.96827439833676,-4.73736149492681));
#11906=CARTESIAN_POINT('Ctrl Pts',(3.27556567651144,2.91105768159698,-4.67292264394445));
#11907=CARTESIAN_POINT('Ctrl Pts',(3.31164327067554,2.86544632145291,-4.53828025694168));
#11908=CARTESIAN_POINT('Ctrl Pts',(3.29198570274103,2.89028701262824,-4.38463804547715));
#11909=CARTESIAN_POINT('Ctrl Pts',(3.2531475940115,2.93948859877982,-4.28955981426172));
#11910=CARTESIAN_POINT('Ctrl Pts',(3.20696001568633,2.9978943305912,-4.23569434911574));
#11911=CARTESIAN_POINT('Ctrl Pts',(3.156810930172,3.06065152765904,-4.20413587175807));
#11912=CARTESIAN_POINT('Ctrl Pts',(3.11929264780192,3.10387181662891,-4.20024987869617));
#11913=CARTESIAN_POINT('Ctrl Pts',(3.10567254334546,3.11727476458411,-4.19963920252856));
#11914=CARTESIAN_POINT('Ctrl Pts',(3.07814568111946,3.1419176341271,-4.20281493556963));
#11915=CARTESIAN_POINT('Ctrl Pts',(3.03436624641921,3.17818518834461,-4.21459871617676));
#11916=CARTESIAN_POINT('Ctrl Pts',(2.95681090991025,3.23953958919414,-4.25794072021561));
#11917=CARTESIAN_POINT('Ctrl Pts',(2.88912245520935,3.29294060955483,-4.38395971283568));
#11918=CARTESIAN_POINT('Ctrl Pts',(2.87770811562635,3.30197218433828,-4.46225478099906));
#11919=CARTESIAN_POINT('Ctrl Pts',(2.87770811562635,3.30197218433828,-4.49999989941716));
#11920=CARTESIAN_POINT('',(2.87770811562635,3.30197218433828,-4.49999989941716));
#11921=CARTESIAN_POINT('',(3.19828896662254,4.28211286035889,-4.49999989941716));
#11922=CARTESIAN_POINT('',(3.11161298073505,3.11095809664094,-4.79994718110031));
#11923=CARTESIAN_POINT('Ctrl Pts',(2.87770811562635,3.30197218433828,-4.49999989941716));
#11924=CARTESIAN_POINT('Ctrl Pts',(2.87770811562635,3.30197218433828,-4.53774501783527));
#11925=CARTESIAN_POINT('Ctrl Pts',(2.88965488713332,3.29249501590932,-4.6162586851449));
#11926=CARTESIAN_POINT('Ctrl Pts',(2.93935877734988,3.25326040413251,-4.71022258093949));
#11927=CARTESIAN_POINT('Ctrl Pts',(2.99766774761749,3.20713127412177,-4.76470253765188));
#11928=CARTESIAN_POINT('Ctrl Pts',(3.06070258266971,3.15674753471113,-4.79572963768901));
#11929=CARTESIAN_POINT('Ctrl Pts',(3.09481733603435,3.1271272691913,-4.79925225832727));
#11930=CARTESIAN_POINT('Ctrl Pts',(3.10754210556415,3.11506112738587,-4.7999480488445));
#11931=CARTESIAN_POINT('Ctrl Pts',(3.11161298073504,3.11095809664094,-4.79994718110031));
#11932=CARTESIAN_POINT('Ctrl Pts',(3.11161298073504,3.11095809664094,-4.79994718110031));
#11933=CARTESIAN_POINT('Ctrl Pts',(3.11568385590594,3.10685506589602,-4.79994631335613));
#11934=CARTESIAN_POINT('Ctrl Pts',(3.123484176903,3.09848703745325,-4.79947898203457));
#11935=CARTESIAN_POINT('Ctrl Pts',(3.14171027932597,3.07819715484868,-4.7972818600274));
#11936=CARTESIAN_POINT('Ctrl Pts',(3.16982894809419,3.04422760488763,-4.78806995942764));
#11937=CARTESIAN_POINT('Ctrl Pts',(3.20118520784512,3.00510443102356,-4.76838782097798));
#11938=CARTESIAN_POINT('Ctrl Pts',(3.2303674113312,2.96827439833676,-4.73736149492681));
#11939=CARTESIAN_POINT('Ctrl Pts',(3.27556567651144,2.91105768159698,-4.67292264394445));
#11940=CARTESIAN_POINT('Ctrl Pts',(3.31164327067554,2.86544632145291,-4.53828025694168));
#11941=CARTESIAN_POINT('Ctrl Pts',(3.29198570274103,2.89028701262824,-4.38463804547715));
#11942=CARTESIAN_POINT('Ctrl Pts',(3.2531475940115,2.93948859877982,-4.28955981426172));
#11943=CARTESIAN_POINT('Ctrl Pts',(3.20696001568633,2.9978943305912,-4.23569434911574));
#11944=CARTESIAN_POINT('Ctrl Pts',(3.156810930172,3.06065152765904,-4.20413587175807));
#11945=CARTESIAN_POINT('Ctrl Pts',(3.11929264780192,3.10387181662891,-4.20024987869617));
#11946=CARTESIAN_POINT('Ctrl Pts',(3.10567254334546,3.11727476458411,-4.19963920252856));
#11947=CARTESIAN_POINT('Ctrl Pts',(3.07814568111946,3.1419176341271,-4.20281493556963));
#11948=CARTESIAN_POINT('Ctrl Pts',(3.03436624641921,3.17818518834461,-4.21459871617676));
#11949=CARTESIAN_POINT('Ctrl Pts',(2.95681090991025,3.23953958919414,-4.25794072021561));
#11950=CARTESIAN_POINT('Ctrl Pts',(2.88912245520935,3.29294060955483,-4.38395971283568));
#11951=CARTESIAN_POINT('Ctrl Pts',(2.87770811562635,3.30197218433828,-4.46225478099906));
#11952=CARTESIAN_POINT('Ctrl Pts',(2.87770811562635,3.30197218433828,-4.49999989941716));
#11953=CARTESIAN_POINT('Origin',(4.24264068711929,4.24264068711929,-4.49999989941716));
#11954=CARTESIAN_POINT('',(4.24264068711929,4.24264068711929,-4.79999989941716));
#11955=CARTESIAN_POINT('Origin',(1.71393167915583E-16,4.00000005960464,
-3.));
#11956=CARTESIAN_POINT('',(0.4,4.00000005960464,-3.));
#11957=CARTESIAN_POINT('Ctrl Pts',(4.28211286035889,-3.19828896662254,-4.49999989941716));
#11958=CARTESIAN_POINT('Ctrl Pts',(4.28211286035889,-3.19828896662254,-4.55779539912366));
#11959=CARTESIAN_POINT('Ctrl Pts',(4.27873664504408,-3.21119493091338,-4.67775838182232));
#11960=CARTESIAN_POINT('Ctrl Pts',(4.26274113243221,-3.27057861498413,-4.85266959688085));
#11961=CARTESIAN_POINT('Ctrl Pts',(4.22974027157957,-3.36609686692692,-5.00646725497903));
#11962=CARTESIAN_POINT('Ctrl Pts',(4.16744950440091,-3.51583476821905,-5.16923502823697));
#11963=CARTESIAN_POINT('Ctrl Pts',(4.01798077312819,-3.76577240748466,-5.30816378755844));
#11964=CARTESIAN_POINT('Ctrl Pts',(3.80741201543661,-3.97512959377962,-5.30567345105542));
#11965=CARTESIAN_POINT('Ctrl Pts',(3.61523419100092,-4.1089996408271,-5.22612855505182));
#11966=CARTESIAN_POINT('Ctrl Pts',(3.47863124335019,-4.18219226418412,-5.12729138942225));
#11967=CARTESIAN_POINT('Ctrl Pts',(3.38466682041971,-4.22197947531064,-5.02631388604706));
#11968=CARTESIAN_POINT('Ctrl Pts',(3.31808505411762,-4.24626183392828,-4.92897113230371));
#11969=CARTESIAN_POINT('Ctrl Pts',(3.23212121034358,-4.27409639584939,-4.76888934491264));
#11970=CARTESIAN_POINT('Ctrl Pts',(3.18564544469946,-4.28499252783705,-4.558306184846));
#11971=CARTESIAN_POINT('Ctrl Pts',(3.21166157028806,-4.27863306501597,-4.32445530205722));
#11972=CARTESIAN_POINT('Ctrl Pts',(3.27102974235758,-4.26240527837731,-4.14760954717037));
#11973=CARTESIAN_POINT('Ctrl Pts',(3.36648817630147,-4.22962145775133,-3.99449376418582));
#11974=CARTESIAN_POINT('Ctrl Pts',(3.51634842111866,-4.16707960062922,-3.83122776638091));
#11975=CARTESIAN_POINT('Ctrl Pts',(3.76620407420661,-4.01822196239061,-3.69175302384355));
#11976=CARTESIAN_POINT('Ctrl Pts',(3.97483654250685,-3.80857825159415,-3.69286761140479));
#11977=CARTESIAN_POINT('Ctrl Pts',(4.10914732273614,-3.61564044156993,-3.77313354668837));
#11978=CARTESIAN_POINT('Ctrl Pts',(4.20561531394214,-3.43558894432569,-3.90325057373766));
#11979=CARTESIAN_POINT('Ctrl Pts',(4.2566352979792,-3.29178838435389,-4.08801010006304));
#11980=CARTESIAN_POINT('Ctrl Pts',(4.27910515613795,-3.21056813210527,-4.32275335359732));
#11981=CARTESIAN_POINT('Ctrl Pts',(4.28211286035889,-3.19828896662254,-4.44220439971067));
#11982=CARTESIAN_POINT('Ctrl Pts',(4.28211286035889,-3.19828896662254,-4.49999989941716));
#11983=CARTESIAN_POINT('Ctrl Pts',(3.95539930168535,-3.09142868295714,-4.49999989941716));
#11984=CARTESIAN_POINT('Ctrl Pts',(3.95539930168535,-3.09142868295714,-4.55111193869419));
#11985=CARTESIAN_POINT('Ctrl Pts',(3.94998943533249,-3.10401491632003,-4.65725848292985));
#11986=CARTESIAN_POINT('Ctrl Pts',(3.92624755633231,-3.16017200243938,-4.80518725823373));
#11987=CARTESIAN_POINT('Ctrl Pts',(3.88887060576031,-3.24328716049044,-4.92587901586998));
#11988=CARTESIAN_POINT('Ctrl Pts',(3.83054884783765,-3.36412403970261,-5.04473323138765));
#11989=CARTESIAN_POINT('Ctrl Pts',(3.71856124968925,-3.54496361311495,-5.1388201628679));
#11990=CARTESIAN_POINT('Ctrl Pts',(3.57335812084266,-3.68922266566264,-5.13718608604927));
#11991=CARTESIAN_POINT('Ctrl Pts',(3.43622184561684,-3.78656985366006,-5.08317965671035));
#11992=CARTESIAN_POINT('Ctrl Pts',(3.33383003052934,-3.84473782548748,-5.01421757942405));
#11993=CARTESIAN_POINT('Ctrl Pts',(3.25814602395433,-3.8817147194888,-4.94033853102404));
#11994=CARTESIAN_POINT('Ctrl Pts',(3.20148150219067,-3.90763035972926,-4.86510125317808));
#11995=CARTESIAN_POINT('Ctrl Pts',(3.12510003409471,-3.94125282273674,-4.73690044458991));
#11996=CARTESIAN_POINT('Ctrl Pts',(3.07891240361728,-3.96054277544988,-4.55163087554457));
#11997=CARTESIAN_POINT('Ctrl Pts',(3.10453671773479,-3.94975061092433,-4.34451621653053));
#11998=CARTESIAN_POINT('Ctrl Pts',(3.16051602783166,-3.92598605025537,-4.19492630286749));
#11999=CARTESIAN_POINT('Ctrl Pts',(3.24362356106471,-3.88873431039633,-4.07489395916247));
#12000=CARTESIAN_POINT('Ctrl Pts',(3.36444945663212,-3.83032337714348,-3.9555304681733));
#12001=CARTESIAN_POINT('Ctrl Pts',(3.54542665501404,-3.71857885752771,-3.86125197546109));
#12002=CARTESIAN_POINT('Ctrl Pts',(3.6889826165326,-3.57427634884459,-3.86179147511272));
#12003=CARTESIAN_POINT('Ctrl Pts',(3.78673742653313,-3.43647552141978,-3.91636067631546));
#12004=CARTESIAN_POINT('Ctrl Pts',(3.86313860540964,-3.30184804502353,-4.00703328788403));
#12005=CARTESIAN_POINT('Ctrl Pts',(3.91760339505084,-3.18012922620601,-4.1446536401139));
#12006=CARTESIAN_POINT('Ctrl Pts',(3.95038364061024,-3.10341957313996,-4.34315547334344));
#12007=CARTESIAN_POINT('Ctrl Pts',(3.95539930168535,-3.09142868295714,-4.44888786014013));
#12008=CARTESIAN_POINT('Ctrl Pts',(3.95539930168535,-3.09142868295714,-4.49999989941716));
#12009=CARTESIAN_POINT('Ctrl Pts',(3.62868574301182,-2.98456839929175,-4.49999989941716));
#12010=CARTESIAN_POINT('Ctrl Pts',(3.62868574301182,-2.98456839929175,-4.54442847826473));
#12011=CARTESIAN_POINT('Ctrl Pts',(3.62124222562091,-2.99683490172668,-4.63675858403738));
#12012=CARTESIAN_POINT('Ctrl Pts',(3.58975398023241,-3.04976538989464,-4.75770491958662));
#12013=CARTESIAN_POINT('Ctrl Pts',(3.54800093994104,-3.12047745405397,-4.84529077676093));
#12014=CARTESIAN_POINT('Ctrl Pts',(3.49364819127439,-3.21241331118616,-4.92023143453834));
#12015=CARTESIAN_POINT('Ctrl Pts',(3.4191417262503,-3.32415481874523,-4.96947653817737));
#12016=CARTESIAN_POINT('Ctrl Pts',(3.33930422624872,-3.40331573754567,-4.96869872104312));
#12017=CARTESIAN_POINT('Ctrl Pts',(3.25720950023277,-3.46414006649302,-4.94023075836888));
#12018=CARTESIAN_POINT('Ctrl Pts',(3.18902881770849,-3.50728338679084,-4.90114376942585));
#12019=CARTESIAN_POINT('Ctrl Pts',(3.13162522748895,-3.54144996366696,-4.85436317600101));
#12020=CARTESIAN_POINT('Ctrl Pts',(3.08487795026372,-3.56899888553023,-4.80123137405245));
#12021=CARTESIAN_POINT('Ctrl Pts',(3.01807885784585,-3.60840924962409,-4.70491154426719));
#12022=CARTESIAN_POINT('Ctrl Pts',(2.9721793625351,-3.63609302306271,-4.54495556624313));
#12023=CARTESIAN_POINT('Ctrl Pts',(2.99741186518151,-3.62086815683268,-4.36457713100384));
#12024=CARTESIAN_POINT('Ctrl Pts',(3.05000231330574,-3.58956682213343,-4.24224305856461));
#12025=CARTESIAN_POINT('Ctrl Pts',(3.12075894582796,-3.54784716304133,-4.1552941541391));
#12026=CARTESIAN_POINT('Ctrl Pts',(3.21255049214558,-3.49356715365774,-4.07983316996569));
#12027=CARTESIAN_POINT('Ctrl Pts',(3.32464923582148,-3.41893575266482,-4.03075092707863));
#12028=CARTESIAN_POINT('Ctrl Pts',(3.40312869055836,-3.33997444609503,-4.03071533882064));
#12029=CARTESIAN_POINT('Ctrl Pts',(3.46432753033011,-3.25731060126962,-4.05958780594255));
#12030=CARTESIAN_POINT('Ctrl Pts',(3.52066189687713,-3.16810714572137,-4.11081600203039));
#12031=CARTESIAN_POINT('Ctrl Pts',(3.57857149212249,-3.06847006805813,-4.20129718016475));
#12032=CARTESIAN_POINT('Ctrl Pts',(3.62166212508254,-2.99627101417466,-4.36355759308956));
#12033=CARTESIAN_POINT('Ctrl Pts',(3.62868574301182,-2.98456839929175,-4.45557132056959));
#12034=CARTESIAN_POINT('Ctrl Pts',(3.62868574301182,-2.98456839929175,-4.49999989941716));
#12035=CARTESIAN_POINT('Ctrl Pts',(3.30197218433828,-2.87770811562635,-4.49999989941716));
#12036=CARTESIAN_POINT('Ctrl Pts',(3.30197218433828,-2.87770811562635,-4.53774501783527));
#12037=CARTESIAN_POINT('Ctrl Pts',(3.29249501590932,-2.88965488713332,-4.6162586851449));
#12038=CARTESIAN_POINT('Ctrl Pts',(3.25326040413251,-2.93935877734988,-4.7102225809395));
#12039=CARTESIAN_POINT('Ctrl Pts',(3.20713127412177,-2.99766774761749,-4.76470253765188));
#12040=CARTESIAN_POINT('Ctrl Pts',(3.15674753471114,-3.06070258266972,-4.79572963768902));
#12041=CARTESIAN_POINT('Ctrl Pts',(3.11972220281135,-3.10334602437552,-4.80013291348684));
#12042=CARTESIAN_POINT('Ctrl Pts',(3.10525033165478,-3.11740880942869,-4.80021135603696));
#12043=CARTESIAN_POINT('Ctrl Pts',(3.07819715484869,-3.14171027932598,-4.79728186002741));
#12044=CARTESIAN_POINT('Ctrl Pts',(3.04422760488764,-3.1698289480942,-4.78806995942765));
#12045=CARTESIAN_POINT('Ctrl Pts',(3.00510443102357,-3.20118520784512,-4.76838782097799));
#12046=CARTESIAN_POINT('Ctrl Pts',(2.96827439833677,-3.23036741133121,-4.73736149492682));
#12047=CARTESIAN_POINT('Ctrl Pts',(2.91105768159698,-3.27556567651145,-4.67292264394446));
#12048=CARTESIAN_POINT('Ctrl Pts',(2.86544632145291,-3.31164327067554,-4.53828025694169));
#12049=CARTESIAN_POINT('Ctrl Pts',(2.89028701262824,-3.29198570274103,-4.38463804547716));
#12050=CARTESIAN_POINT('Ctrl Pts',(2.93948859877982,-3.2531475940115,-4.28955981426173));
#12051=CARTESIAN_POINT('Ctrl Pts',(2.9978943305912,-3.20696001568633,-4.23569434911574));
#12052=CARTESIAN_POINT('Ctrl Pts',(3.06065152765905,-3.15681093017201,-4.20413587175807));
#12053=CARTESIAN_POINT('Ctrl Pts',(3.10387181662891,-3.11929264780192,-4.20024987869617));
#12054=CARTESIAN_POINT('Ctrl Pts',(3.11727476458412,-3.10567254334546,-4.19963920252857));
#12055=CARTESIAN_POINT('Ctrl Pts',(3.1419176341271,-3.07814568111946,-4.20281493556964));
#12056=CARTESIAN_POINT('Ctrl Pts',(3.17818518834462,-3.03436624641921,-4.21459871617676));
#12057=CARTESIAN_POINT('Ctrl Pts',(3.23953958919414,-2.95681090991025,-4.25794072021561));
#12058=CARTESIAN_POINT('Ctrl Pts',(3.29294060955483,-2.88912245520935,-4.38395971283568));
#12059=CARTESIAN_POINT('Ctrl Pts',(3.30197218433828,-2.87770811562635,-4.46225478099906));
#12060=CARTESIAN_POINT('Ctrl Pts',(3.30197218433828,-2.87770811562635,-4.49999989941716));
#12061=CARTESIAN_POINT('',(4.28211286035889,-3.19828896662254,-4.49999989941716));
#12062=CARTESIAN_POINT('',(3.30197218433828,-2.87770811562635,-4.49999989941716));
#12063=CARTESIAN_POINT('',(4.28211286035889,-3.19828896662254,-4.49999989941716));
#12064=CARTESIAN_POINT('',(3.11095809664095,-3.11161298073505,-4.79994718110032));
#12065=CARTESIAN_POINT('Ctrl Pts',(3.30197218433828,-2.87770811562635,-4.49999989941716));
#12066=CARTESIAN_POINT('Ctrl Pts',(3.30197218433828,-2.87770811562635,-4.53774501783527));
#12067=CARTESIAN_POINT('Ctrl Pts',(3.29249501590932,-2.88965488713332,-4.6162586851449));
#12068=CARTESIAN_POINT('Ctrl Pts',(3.25326040413251,-2.93935877734988,-4.7102225809395));
#12069=CARTESIAN_POINT('Ctrl Pts',(3.20713127412177,-2.99766774761749,-4.76470253765188));
#12070=CARTESIAN_POINT('Ctrl Pts',(3.15674753471114,-3.06070258266972,-4.79572963768902));
#12071=CARTESIAN_POINT('Ctrl Pts',(3.12712726919131,-3.09481733603436,-4.79925225832728));
#12072=CARTESIAN_POINT('Ctrl Pts',(3.11506112738588,-3.10754210556415,-4.79994804884451));
#12073=CARTESIAN_POINT('Ctrl Pts',(3.11095809664095,-3.11161298073505,-4.79994718110032));
#12074=CARTESIAN_POINT('Ctrl Pts',(3.11095809664095,-3.11161298073505,-4.79994718110032));
#12075=CARTESIAN_POINT('Ctrl Pts',(3.10685506589602,-3.11568385590595,-4.79994631335614));
#12076=CARTESIAN_POINT('Ctrl Pts',(3.09848703745326,-3.12348417690301,-4.79947898203458));
#12077=CARTESIAN_POINT('Ctrl Pts',(3.07819715484869,-3.14171027932598,-4.79728186002741));
#12078=CARTESIAN_POINT('Ctrl Pts',(3.04422760488764,-3.1698289480942,-4.78806995942765));
#12079=CARTESIAN_POINT('Ctrl Pts',(3.00510443102357,-3.20118520784512,-4.76838782097799));
#12080=CARTESIAN_POINT('Ctrl Pts',(2.96827439833677,-3.23036741133121,-4.73736149492682));
#12081=CARTESIAN_POINT('Ctrl Pts',(2.91105768159698,-3.27556567651145,-4.67292264394446));
#12082=CARTESIAN_POINT('Ctrl Pts',(2.86544632145291,-3.31164327067554,-4.53828025694169));
#12083=CARTESIAN_POINT('Ctrl Pts',(2.89028701262824,-3.29198570274103,-4.38463804547716));
#12084=CARTESIAN_POINT('Ctrl Pts',(2.93948859877982,-3.2531475940115,-4.28955981426173));
#12085=CARTESIAN_POINT('Ctrl Pts',(2.9978943305912,-3.20696001568633,-4.23569434911574));
#12086=CARTESIAN_POINT('Ctrl Pts',(3.06065152765905,-3.15681093017201,-4.20413587175807));
#12087=CARTESIAN_POINT('Ctrl Pts',(3.10387181662891,-3.11929264780192,-4.20024987869617));
#12088=CARTESIAN_POINT('Ctrl Pts',(3.11727476458412,-3.10567254334546,-4.19963920252857));
#12089=CARTESIAN_POINT('Ctrl Pts',(3.1419176341271,-3.07814568111946,-4.20281493556964));
#12090=CARTESIAN_POINT('Ctrl Pts',(3.17818518834462,-3.03436624641921,-4.21459871617676));
#12091=CARTESIAN_POINT('Ctrl Pts',(3.23953958919414,-2.95681090991025,-4.25794072021561));
#12092=CARTESIAN_POINT('Ctrl Pts',(3.29294060955483,-2.88912245520935,-4.38395971283568));
#12093=CARTESIAN_POINT('Ctrl Pts',(3.30197218433828,-2.87770811562635,-4.46225478099906));
#12094=CARTESIAN_POINT('Ctrl Pts',(3.30197218433828,-2.87770811562635,-4.49999989941716));
#12095=CARTESIAN_POINT('Ctrl Pts',(4.28211286035889,-3.19828896662254,-4.49999989941716));
#12096=CARTESIAN_POINT('Ctrl Pts',(4.28211286035889,-3.19828896662254,-4.44220439971067));
#12097=CARTESIAN_POINT('Ctrl Pts',(4.27910515613795,-3.21056813210527,-4.32275335359732));
#12098=CARTESIAN_POINT('Ctrl Pts',(4.2566352979792,-3.29178838435389,-4.08801010006304));
#12099=CARTESIAN_POINT('Ctrl Pts',(4.20561531394214,-3.43558894432569,-3.90325057373766));
#12100=CARTESIAN_POINT('Ctrl Pts',(4.10914732273614,-3.61564044156993,-3.77313354668837));
#12101=CARTESIAN_POINT('Ctrl Pts',(3.97483654250685,-3.80857825159415,-3.69286761140479));
#12102=CARTESIAN_POINT('Ctrl Pts',(3.76620407420661,-4.01822196239061,-3.69175302384355));
#12103=CARTESIAN_POINT('Ctrl Pts',(3.51634842111866,-4.16707960062922,-3.83122776638091));
#12104=CARTESIAN_POINT('Ctrl Pts',(3.36648817630147,-4.22962145775133,-3.99449376418582));
#12105=CARTESIAN_POINT('Ctrl Pts',(3.27102974235758,-4.26240527837731,-4.14760954717037));
#12106=CARTESIAN_POINT('Ctrl Pts',(3.21166157028806,-4.27863306501597,-4.32445530205722));
#12107=CARTESIAN_POINT('Ctrl Pts',(3.18564544469946,-4.28499252783705,-4.558306184846));
#12108=CARTESIAN_POINT('Ctrl Pts',(3.23212121034358,-4.27409639584939,-4.76888934491264));
#12109=CARTESIAN_POINT('Ctrl Pts',(3.31808505411762,-4.24626183392828,-4.92897113230371));
#12110=CARTESIAN_POINT('Ctrl Pts',(3.38466682041971,-4.22197947531064,-5.02631388604706));
#12111=CARTESIAN_POINT('Ctrl Pts',(3.47863124335019,-4.18219226418412,-5.12729138942225));
#12112=CARTESIAN_POINT('Ctrl Pts',(3.61523419100092,-4.1089996408271,-5.22612855505182));
#12113=CARTESIAN_POINT('Ctrl Pts',(3.80741201543661,-3.97512959377962,-5.30567345105542));
#12114=CARTESIAN_POINT('Ctrl Pts',(4.01798077312819,-3.76577240748466,-5.30816378755844));
#12115=CARTESIAN_POINT('Ctrl Pts',(4.16744950440091,-3.51583476821905,-5.16923502823697));
#12116=CARTESIAN_POINT('Ctrl Pts',(4.22974027157957,-3.36609686692692,-5.00646725497903));
#12117=CARTESIAN_POINT('Ctrl Pts',(4.26274113243221,-3.27057861498413,-4.85266959688085));
#12118=CARTESIAN_POINT('Ctrl Pts',(4.27873664504408,-3.21119493091338,-4.67775838182232));
#12119=CARTESIAN_POINT('Ctrl Pts',(4.28211286035889,-3.19828896662254,-4.55779539912366));
#12120=CARTESIAN_POINT('Ctrl Pts',(4.28211286035889,-3.19828896662254,-4.49999989941716));
#12121=CARTESIAN_POINT('Origin',(4.24264068711929,-4.24264068711929,-4.49999989941716));
#12122=CARTESIAN_POINT('',(4.24264068711929,-4.24264068711929,-4.79999989941716));
#12123=CARTESIAN_POINT('Origin',(2.82842712474619,-2.82842712474619,-3.));
#12124=CARTESIAN_POINT('Origin',(0.,0.,0.));
#12125=CARTESIAN_POINT('',(-1.22464679914735E-16,-1.49975978266186E-32,
2.));
#12126=CARTESIAN_POINT('Origin',(0.,0.,0.));
#12127=CARTESIAN_POINT('',(0.,0.,0.));
#12128=CARTESIAN_POINT('Origin',(-4.89858726958405E-16,-4.00000005960464,
-4.5));
#12129=CARTESIAN_POINT('',(0.45,-4.00000005960464,-5.));
#12130=CARTESIAN_POINT('Origin',(-4.89858726958405E-16,-4.00000005960464,
-5.));
#12131=CARTESIAN_POINT('',(0.4,-4.00000005960464,-4.));
#12132=CARTESIAN_POINT('',(0.425,-4.00000005960464,-4.5));
#12133=CARTESIAN_POINT('Origin',(-4.89858726958405E-16,-4.00000005960464,
-4.));
#12134=CARTESIAN_POINT('Origin',(5.,0.,-5.));
#12135=CARTESIAN_POINT('',(-4.75,-5.81707229594993E-16,-5.));
#12136=CARTESIAN_POINT('Origin',(0.,0.,-5.));
#12137=CARTESIAN_POINT('',(-2.37842716689304,-2.82842716689304,-5.));
#12138=CARTESIAN_POINT('Origin',(-2.82842716689304,-2.82842716689304,-5.));
#12139=CARTESIAN_POINT('',(4.45000005960464,-9.43287538896646E-16,-5.));
#12140=CARTESIAN_POINT('Origin',(4.00000005960464,-8.88178432935015E-16,
-5.));
#12141=CARTESIAN_POINT('',(0.45,4.00000005960464,-5.));
#12142=CARTESIAN_POINT('Origin',(0.,4.00000005960464,-5.));
#12143=CARTESIAN_POINT('',(-2.37842716689304,2.82842716689304,-5.));
#12144=CARTESIAN_POINT('Origin',(-2.82842716689304,2.82842716689304,-5.));
#12145=CARTESIAN_POINT('',(-3.,-3.67394039744206E-16,-5.));
#12146=CARTESIAN_POINT('Origin',(0.,0.,-5.));
#12147=CARTESIAN_POINT('',(-3.55000005960465,-9.43287538896646E-16,-5.));
#12148=CARTESIAN_POINT('Origin',(-4.00000005960465,-8.88178432935015E-16,
-5.));
#12149=CARTESIAN_POINT('',(3.27842716689304,2.82842716689304,-5.));
#12150=CARTESIAN_POINT('Origin',(2.82842716689304,2.82842716689304,-5.));
#12151=CARTESIAN_POINT('',(3.27842716689304,-2.82842716689304,-5.));
#12152=CARTESIAN_POINT('Origin',(2.82842716689304,-2.82842716689304,-5.));
#12153=CARTESIAN_POINT('Origin',(-2.82842716689304,-2.82842716689304,-4.5));
#12154=CARTESIAN_POINT('',(-2.42842716689304,-2.82842716689304,-4.));
#12155=CARTESIAN_POINT('',(-2.40342716689304,-2.82842716689304,-4.5));
#12156=CARTESIAN_POINT('Origin',(-2.82842716689304,-2.82842716689304,-4.));
#12157=CARTESIAN_POINT('Origin',(2.82842716689304,-2.82842716689304,-4.5));
#12158=CARTESIAN_POINT('',(3.22842716689304,-2.82842716689304,-4.));
#12159=CARTESIAN_POINT('',(3.25342716689304,-2.82842716689304,-4.5));
#12160=CARTESIAN_POINT('Origin',(2.82842716689304,-2.82842716689304,-4.));
#12161=CARTESIAN_POINT('Origin',(4.00000005960464,-8.88178432935015E-16,
-4.5));
#12162=CARTESIAN_POINT('',(4.40000005960465,-9.37164304900909E-16,-4.));
#12163=CARTESIAN_POINT('',(4.42500005960465,-9.40225921898778E-16,-4.5));
#12164=CARTESIAN_POINT('Origin',(4.00000005960464,-8.88178432935015E-16,
-4.));
#12165=CARTESIAN_POINT('Origin',(2.82842716689304,2.82842716689304,-4.5));
#12166=CARTESIAN_POINT('',(3.22842716689304,2.82842716689304,-4.));
#12167=CARTESIAN_POINT('',(3.25342716689304,2.82842716689304,-4.5));
#12168=CARTESIAN_POINT('Origin',(2.82842716689304,2.82842716689304,-4.));
#12169=CARTESIAN_POINT('Origin',(0.,4.00000005960464,-4.5));
#12170=CARTESIAN_POINT('',(0.4,4.00000005960464,-4.));
#12171=CARTESIAN_POINT('',(0.425,4.00000005960464,-4.5));
#12172=CARTESIAN_POINT('Origin',(0.,4.00000005960464,-4.));
#12173=CARTESIAN_POINT('Origin',(-4.00000005960465,-8.88178432935015E-16,
-4.5));
#12174=CARTESIAN_POINT('',(-3.60000005960465,-9.37164304900909E-16,-4.));
#12175=CARTESIAN_POINT('',(-3.57500005960465,-9.40225921898778E-16,-4.5));
#12176=CARTESIAN_POINT('Origin',(-4.00000005960465,-8.88178432935015E-16,
-4.));
#12177=CARTESIAN_POINT('Origin',(-2.82842716689304,2.82842716689304,-4.5));
#12178=CARTESIAN_POINT('',(-2.42842716689304,2.82842716689304,-4.));
#12179=CARTESIAN_POINT('',(-2.40342716689304,2.82842716689304,-4.5));
#12180=CARTESIAN_POINT('Origin',(-2.82842716689304,2.82842716689304,-4.));
#12181=CARTESIAN_POINT('Origin',(-4.00000005960465,-8.88178432935015E-16,
-3.5));
#12182=CARTESIAN_POINT('',(-3.55000005960465,-8.33069326973384E-16,-3.));
#12183=CARTESIAN_POINT('Origin',(-4.00000005960465,-8.88178432935015E-16,
-3.));
#12184=CARTESIAN_POINT('',(-3.57500005960465,-8.36130943971252E-16,-3.5));
#12185=CARTESIAN_POINT('Origin',(1.5,0.,-3.));
#12186=CARTESIAN_POINT('',(-4.75,-5.81707229594993E-16,-3.));
#12187=CARTESIAN_POINT('Origin',(0.,0.,-3.));
#12188=CARTESIAN_POINT('',(-2.37842716689304,2.82842716689304,-3.));
#12189=CARTESIAN_POINT('Origin',(-2.82842716689304,2.82842716689304,-3.));
#12190=CARTESIAN_POINT('',(3.27842716689304,2.82842716689304,-3.));
#12191=CARTESIAN_POINT('Origin',(2.82842716689304,2.82842716689304,-3.));
#12192=CARTESIAN_POINT('',(3.27842716689304,-2.82842716689304,-3.));
#12193=CARTESIAN_POINT('Origin',(2.82842716689304,-2.82842716689304,-3.));
#12194=CARTESIAN_POINT('',(-2.37842716689304,-2.82842716689304,-3.));
#12195=CARTESIAN_POINT('Origin',(-2.82842716689304,-2.82842716689304,-3.));
#12196=CARTESIAN_POINT('',(-2.,-2.44929359829471E-16,-3.));
#12197=CARTESIAN_POINT('Origin',(0.,0.,-3.));
#12198=CARTESIAN_POINT('',(0.45,-4.00000005960464,-3.));
#12199=CARTESIAN_POINT('Origin',(-4.89858726958405E-16,-4.00000005960464,
-3.));
#12200=CARTESIAN_POINT('',(4.45000005960464,-8.33069326973384E-16,-3.));
#12201=CARTESIAN_POINT('Origin',(4.00000005960464,-8.88178432935015E-16,
-3.));
#12202=CARTESIAN_POINT('',(0.45,4.00000005960464,-3.));
#12203=CARTESIAN_POINT('Origin',(0.,4.00000005960464,-3.));
#12204=CARTESIAN_POINT('Origin',(-2.82842716689304,2.82842716689304,-3.5));
#12205=CARTESIAN_POINT('',(-2.40342716689304,2.82842716689304,-3.5));
#12206=CARTESIAN_POINT('Origin',(0.,4.00000005960464,-3.5));
#12207=CARTESIAN_POINT('',(0.425,4.00000005960464,-3.5));
#12208=CARTESIAN_POINT('Origin',(2.82842716689304,2.82842716689304,-3.5));
#12209=CARTESIAN_POINT('',(3.25342716689304,2.82842716689304,-3.5));
#12210=CARTESIAN_POINT('Origin',(4.00000005960464,-8.88178432935015E-16,
-3.5));
#12211=CARTESIAN_POINT('',(4.42500005960465,-8.36130943971252E-16,-3.5));
#12212=CARTESIAN_POINT('Origin',(2.82842716689304,-2.82842716689304,-3.5));
#12213=CARTESIAN_POINT('',(3.25342716689304,-2.82842716689304,-3.5));
#12214=CARTESIAN_POINT('Origin',(-4.89858726958405E-16,-4.00000005960464,
-3.5));
#12215=CARTESIAN_POINT('',(0.425,-4.00000005960464,-3.5));
#12216=CARTESIAN_POINT('Origin',(-2.82842716689304,-2.82842716689304,-3.5));
#12217=CARTESIAN_POINT('',(-2.40342716689304,-2.82842716689304,-3.5));
#12218=CARTESIAN_POINT('Origin',(0.,0.,-5.5));
#12219=CARTESIAN_POINT('',(-2.5,-3.06161699786838E-16,-5.5));
#12220=CARTESIAN_POINT('Origin',(0.,0.,-5.5));
#12221=CARTESIAN_POINT('Origin',(-3.,-3.67394039744206E-16,-5.5));
#12222=CARTESIAN_POINT('Origin',(0.,0.,-6.27525512860841));
#12223=CARTESIAN_POINT('',(-2.5,-3.06161699786838E-16,-7.55051025721682));
#12224=CARTESIAN_POINT('',(-2.5,-3.06161699786838E-16,-6.27525512860841));
#12225=CARTESIAN_POINT('Origin',(0.,0.,-7.55051025721682));
#12226=CARTESIAN_POINT('Origin',(0.,0.,-2.5));
#12227=CARTESIAN_POINT('',(-1.5,-1.83697019872103E-16,-2.5));
#12228=CARTESIAN_POINT('Origin',(-2.,-2.44929359829471E-16,-2.5));
#12229=CARTESIAN_POINT('Origin',(0.,0.,-2.5));
#12230=CARTESIAN_POINT('Origin',(0.,0.,-2.16143782776615));
#12231=CARTESIAN_POINT('',(-1.5,-1.83697019872103E-16,-1.3228756555323));
#12232=CARTESIAN_POINT('Origin',(0.,0.,-1.3228756555323));
#12233=CARTESIAN_POINT('',(-1.5,-1.83697019872103E-16,-2.16143782776615));
#12234=CARTESIAN_POINT('Origin',(0.,0.,-3.25));
#12235=CARTESIAN_POINT('',(-5.,-6.12323399573677E-16,-3.25));
#12236=CARTESIAN_POINT('Origin',(-4.75,-5.81707229594993E-16,-3.25));
#12237=CARTESIAN_POINT('Origin',(0.,0.,-3.25));
#12238=CARTESIAN_POINT('Origin',(0.,0.,-4.));
#12239=CARTESIAN_POINT('',(-5.,-6.12323399573677E-16,-4.75));
#12240=CARTESIAN_POINT('',(-5.,-6.12323399573677E-16,-4.));
#12241=CARTESIAN_POINT('Origin',(0.,0.,-4.75));
#12242=CARTESIAN_POINT('Origin',(0.,0.,-4.75));
#12243=CARTESIAN_POINT('Origin',(-4.75,-5.81707229594993E-16,-4.75));
#12244=CARTESIAN_POINT('Origin',(3.06563046937997E-15,0.,-8.5));
#12245=CARTESIAN_POINT('',(-1.16666666666667,2.79756838859909,-8.25));
#12246=CARTESIAN_POINT('',(-0.5,2.64255414625983,-8.99158162250564));
#12247=CARTESIAN_POINT('Ctrl Pts',(-1.16666666666667,2.79756838859909,-8.25));
#12248=CARTESIAN_POINT('Ctrl Pts',(-1.16570178275709,2.79852519352255,-8.25088630246481));
#12249=CARTESIAN_POINT('Ctrl Pts',(-1.16473555288812,2.79947893336117,-8.25177445025953));
#12250=CARTESIAN_POINT('Ctrl Pts',(-1.12404709628995,2.8394564293321,-8.289200450623));
#12251=CARTESIAN_POINT('Ctrl Pts',(-1.08203631341063,2.87332812088991,-8.32886611489762));
#12252=CARTESIAN_POINT('Ctrl Pts',(-0.996386959247315,2.92752445603218,
-8.41186421964827));
#12253=CARTESIAN_POINT('Ctrl Pts',(-0.952755151207493,2.94829842350226,
-8.45512459969028));
#12254=CARTESIAN_POINT('Ctrl Pts',(-0.839589556092033,2.9830155177796,-8.57022816503648));
#12255=CARTESIAN_POINT('Ctrl Pts',(-0.774093475462248,2.98499023433067,
-8.6395953748816));
#12256=CARTESIAN_POINT('Ctrl Pts',(-0.668826151929505,2.95684033125863,
-8.75633960224845));
#12257=CARTESIAN_POINT('Ctrl Pts',(-0.627331449112004,2.93256866323265,
-8.80457205431));
#12258=CARTESIAN_POINT('Ctrl Pts',(-0.566226194375991,2.87093717451254,
-8.88022417636595));
#12259=CARTESIAN_POINT('Ctrl Pts',(-0.543193266558841,2.83603834602656,
-8.9108233073659));
#12260=CARTESIAN_POINT('Ctrl Pts',(-0.512089686676362,2.75645809461398,
-8.95806518102151));
#12261=CARTESIAN_POINT('Ctrl Pts',(-0.503296373585774,2.71469196908684,
-8.97493883497681));
#12262=CARTESIAN_POINT('Ctrl Pts',(-0.500251273295347,2.66084396797369,
-8.98797701066648));
#12263=CARTESIAN_POINT('Ctrl Pts',(-0.500000000129391,2.65171280503764,
-8.98990908231723));
#12264=CARTESIAN_POINT('Ctrl Pts',(-0.5,2.64255414625983,-8.99158162250564));
#12265=CARTESIAN_POINT('',(1.16666666666692,2.79756838859899,-8.25));
#12266=CARTESIAN_POINT('Origin',(3.06563046937997E-15,0.,-8.25));
#12267=CARTESIAN_POINT('',(0.5,2.64255414625984,-8.99158162250564));
#12268=CARTESIAN_POINT('Ctrl Pts',(0.5,2.64255414625984,-8.99158162250564));
#12269=CARTESIAN_POINT('Ctrl Pts',(0.500000000129391,2.65171280503764,-8.98990908231723));
#12270=CARTESIAN_POINT('Ctrl Pts',(0.500251273295346,2.66084396797369,-8.98797701066648));
#12271=CARTESIAN_POINT('Ctrl Pts',(0.503296373585774,2.71469196908684,-8.97493883497681));
#12272=CARTESIAN_POINT('Ctrl Pts',(0.512089686676362,2.75645809461399,-8.95806518102151));
#12273=CARTESIAN_POINT('Ctrl Pts',(0.543193266558841,2.83603834602656,-8.9108233073659));
#12274=CARTESIAN_POINT('Ctrl Pts',(0.56622619437599,2.87093717451254,-8.88022417636595));
#12275=CARTESIAN_POINT('Ctrl Pts',(0.627331449112012,2.93256866323266,-8.80457205430999));
#12276=CARTESIAN_POINT('Ctrl Pts',(0.668826151929518,2.95684033125864,-8.75633960224844));
#12277=CARTESIAN_POINT('Ctrl Pts',(0.774093475462221,2.98499023433066,-8.63959537488163));
#12278=CARTESIAN_POINT('Ctrl Pts',(0.839589556092002,2.98301551777961,-8.57022816503651));
#12279=CARTESIAN_POINT('Ctrl Pts',(0.952755151207485,2.94829842350226,-8.45512459969029));
#12280=CARTESIAN_POINT('Ctrl Pts',(0.9963869592473,2.92752445603219,-8.41186421964828));
#12281=CARTESIAN_POINT('Ctrl Pts',(1.08203631341221,2.87332812088892,-8.32886611489609));
#12282=CARTESIAN_POINT('Ctrl Pts',(1.12404709630037,2.83945642932372,-8.28920045061643));
#12283=CARTESIAN_POINT('Ctrl Pts',(1.16473555288731,2.79947893336177,-8.25177445025995));
#12284=CARTESIAN_POINT('Ctrl Pts',(1.16570178275757,2.79852519352207,-8.25088630246437));
#12285=CARTESIAN_POINT('Ctrl Pts',(1.16666666666667,2.79756838859909,-8.25));
#12286=CARTESIAN_POINT('',(0.5,2.5495097567964,-9.));
#12287=CARTESIAN_POINT('Ctrl Pts',(0.5,2.5495097567964,-9.));
#12288=CARTESIAN_POINT('Ctrl Pts',(0.5,2.57896809952927,-9.));
#12289=CARTESIAN_POINT('Ctrl Pts',(0.5,2.61096291332502,-8.99735076489053));
#12290=CARTESIAN_POINT('Ctrl Pts',(0.5,2.64255414625983,-8.99158162250564));
#12291=CARTESIAN_POINT('',(-0.5,2.5495097567964,-9.));
#12292=CARTESIAN_POINT('Origin',(3.06563046937997E-15,0.,-9.));
#12293=CARTESIAN_POINT('Ctrl Pts',(-0.5,2.64255414625983,-8.99158162250564));
#12294=CARTESIAN_POINT('Ctrl Pts',(-0.5,2.61096291332502,-8.99735076489053));
#12295=CARTESIAN_POINT('Ctrl Pts',(-0.5,2.57896809952926,-9.));
#12296=CARTESIAN_POINT('Ctrl Pts',(-0.5,2.5495097567964,-9.));
#12297=CARTESIAN_POINT('Origin',(0.,0.,-9.));
#12298=CARTESIAN_POINT('',(0.5,2.1219095173923,-9.));
#12299=CARTESIAN_POINT('',(0.5,-4.,-9.));
#12300=CARTESIAN_POINT('',(0.512703508665651,1.99740711739684,-9.));
#12301=CARTESIAN_POINT('Ctrl Pts',(0.5,2.1219095173923,-9.));
#12302=CARTESIAN_POINT('Ctrl Pts',(0.5,2.0826450502515,-9.));
#12303=CARTESIAN_POINT('Ctrl Pts',(0.504082700237651,2.03935632220108,-9.));
#12304=CARTESIAN_POINT('Ctrl Pts',(0.512703517041772,1.99740711911818,-9.));
#12305=CARTESIAN_POINT('',(-0.51270350866565,1.99740711739684,-9.));
#12306=CARTESIAN_POINT('Origin',(3.06563046937997E-15,0.,-9.));
#12307=CARTESIAN_POINT('',(-0.5,2.1219095173923,-9.));
#12308=CARTESIAN_POINT('Ctrl Pts',(-0.512703517041772,1.99740711911818,
-9.));
#12309=CARTESIAN_POINT('Ctrl Pts',(-0.504082700237651,2.03935632220108,
-9.));
#12310=CARTESIAN_POINT('Ctrl Pts',(-0.5,2.08264505025149,-9.));
#12311=CARTESIAN_POINT('Ctrl Pts',(-0.5,2.1219095173923,-9.));
#12312=CARTESIAN_POINT('',(-0.5,4.,-9.));
#12313=CARTESIAN_POINT('Origin',(3.06563046937997E-15,0.,-8.5));
#12314=CARTESIAN_POINT('',(-0.803921568627451,1.44984753072888,-8.79411764705882));
#12315=CARTESIAN_POINT('Ctrl Pts',(-0.512703517041849,1.99740711911781,
-9.));
#12316=CARTESIAN_POINT('Ctrl Pts',(-0.524446032697159,1.94026761892912,
-9.00000000243778));
#12317=CARTESIAN_POINT('Ctrl Pts',(-0.543370444476066,1.88464436779091,
-8.99176759706178));
#12318=CARTESIAN_POINT('Ctrl Pts',(-0.618890879770289,1.70879199694631,
-8.94777216795547));
#12319=CARTESIAN_POINT('Ctrl Pts',(-0.700409904104518,1.58325670714237,
-8.88497278929885));
#12320=CARTESIAN_POINT('Ctrl Pts',(-0.802309959011203,1.45192080686793,
-8.79553386491444));
#12321=CARTESIAN_POINT('Ctrl Pts',(-0.803115599030404,1.45088373981587,
-8.79482618122161));
#12322=CARTESIAN_POINT('Ctrl Pts',(-0.803921568627451,1.44984753072888,
-8.79411764705882));
#12323=CARTESIAN_POINT('',(0.803921568627452,1.44984753072889,-8.79411764705882));
#12324=CARTESIAN_POINT('Ctrl Pts',(0.803921568627452,1.44984753072889,-8.79411764705882));
#12325=CARTESIAN_POINT('Ctrl Pts',(0.803115599026999,1.45088373982025,-8.79482618122461));
#12326=CARTESIAN_POINT('Ctrl Pts',(0.80230995901475,1.45192080686346,-8.79553386491145));
#12327=CARTESIAN_POINT('Ctrl Pts',(0.70040990744398,1.58325670283524,-8.88497278636419));
#12328=CARTESIAN_POINT('Ctrl Pts',(0.618890881222707,1.7087919935643,-8.94777216710935));
#12329=CARTESIAN_POINT('Ctrl Pts',(0.543370444476072,1.88464436779091,-8.99176759706178));
#12330=CARTESIAN_POINT('Ctrl Pts',(0.52444603269716,1.94026761892912,-9.00000000243778));
#12331=CARTESIAN_POINT('Ctrl Pts',(0.512703517041849,1.99740711911781,-9.));
#12332=CARTESIAN_POINT('Origin',(3.06563046937997E-15,0.,-8.79411764705882));
#12333=CARTESIAN_POINT('Origin',(3.06563046937997E-15,0.,-8.5));
#12334=CARTESIAN_POINT('',(0.803921568627452,-1.44984753072889,-8.79411764705882));
#12335=CARTESIAN_POINT('',(0.512703508665651,-1.99740711739684,-9.));
#12336=CARTESIAN_POINT('Ctrl Pts',(0.512703517041849,-1.99740711911781,
-9.));
#12337=CARTESIAN_POINT('Ctrl Pts',(0.524446032697161,-1.94026761892912,
-9.00000000243778));
#12338=CARTESIAN_POINT('Ctrl Pts',(0.543370444476072,-1.88464436779091,
-8.99176759706178));
#12339=CARTESIAN_POINT('Ctrl Pts',(0.618890881222717,-1.70879199356428,
-8.94777216710935));
#12340=CARTESIAN_POINT('Ctrl Pts',(0.700409907444004,-1.58325670283521,
-8.88497278636417));
#12341=CARTESIAN_POINT('Ctrl Pts',(0.80230995901475,-1.45192080686346,-8.79553386491145));
#12342=CARTESIAN_POINT('Ctrl Pts',(0.803115599026999,-1.45088373982025,
-8.79482618122461));
#12343=CARTESIAN_POINT('Ctrl Pts',(0.803921568627452,-1.44984753072889,
-8.79411764705882));
#12344=CARTESIAN_POINT('',(-0.51270350866565,-1.99740711739684,-9.));
#12345=CARTESIAN_POINT('Origin',(3.06563046937997E-15,0.,-9.));
#12346=CARTESIAN_POINT('',(-0.803921568627451,-1.44984753072888,-8.79411764705882));
#12347=CARTESIAN_POINT('Ctrl Pts',(-0.803921568627451,-1.44984753072888,
-8.79411764705882));
#12348=CARTESIAN_POINT('Ctrl Pts',(-0.803115599030663,-1.45088373981554,
-8.79482618122139));
#12349=CARTESIAN_POINT('Ctrl Pts',(-0.802309959010937,-1.45192080686826,
-8.79553386491467));
#12350=CARTESIAN_POINT('Ctrl Pts',(-0.700409903826302,-1.5832567075012,
-8.88497278954334));
#12351=CARTESIAN_POINT('Ctrl Pts',(-0.618890879649289,-1.70879199722806,
-8.94777216802597));
#12352=CARTESIAN_POINT('Ctrl Pts',(-0.543370444476069,-1.88464436779091,
-8.99176759706178));
#12353=CARTESIAN_POINT('Ctrl Pts',(-0.52444603269716,-1.94026761892912,
-9.00000000243778));
#12354=CARTESIAN_POINT('Ctrl Pts',(-0.512703517041849,-1.99740711911781,
-9.));
#12355=CARTESIAN_POINT('Origin',(3.06563046937997E-15,0.,-8.79411764705882));
#12356=CARTESIAN_POINT('Origin',(0.,0.,-9.));
#12357=CARTESIAN_POINT('',(0.5,-2.1219095173923,-9.));
#12358=CARTESIAN_POINT('Ctrl Pts',(0.512703517041772,-1.99740711911818,
-9.));
#12359=CARTESIAN_POINT('Ctrl Pts',(0.504082700237651,-2.03935632220108,
-9.));
#12360=CARTESIAN_POINT('Ctrl Pts',(0.5,-2.0826450502515,-9.));
#12361=CARTESIAN_POINT('Ctrl Pts',(0.5,-2.1219095173923,-9.));
#12362=CARTESIAN_POINT('',(0.5,-2.5495097567964,-9.));
#12363=CARTESIAN_POINT('',(0.5,-4.,-9.));
#12364=CARTESIAN_POINT('',(-0.5,-2.5495097567964,-9.));
#12365=CARTESIAN_POINT('Origin',(3.06563046937997E-15,0.,-9.));
#12366=CARTESIAN_POINT('',(-0.5,-2.1219095173923,-9.));
#12367=CARTESIAN_POINT('',(-0.5,4.,-9.));
#12368=CARTESIAN_POINT('Ctrl Pts',(-0.5,-2.1219095173923,-9.));
#12369=CARTESIAN_POINT('Ctrl Pts',(-0.5,-2.08264505025149,-9.));
#12370=CARTESIAN_POINT('Ctrl Pts',(-0.504082700237651,-2.03935632220108,
-9.));
#12371=CARTESIAN_POINT('Ctrl Pts',(-0.512703517041772,-1.99740711911818,
-9.));
#12372=CARTESIAN_POINT('Origin',(3.06563046937997E-15,0.,-8.5));
#12373=CARTESIAN_POINT('',(1.16666666666692,-2.79756838859899,-8.25));
#12374=CARTESIAN_POINT('',(0.5,-2.64255414625984,-8.99158162250564));
#12375=CARTESIAN_POINT('Ctrl Pts',(1.16666666666667,-2.79756838859909,-8.25));
#12376=CARTESIAN_POINT('Ctrl Pts',(1.16570178275757,-2.79852519352207,-8.25088630246436));
#12377=CARTESIAN_POINT('Ctrl Pts',(1.1647355528873,-2.79947893336178,-8.25177445025995));
#12378=CARTESIAN_POINT('Ctrl Pts',(1.12404709630078,-2.83945642932338,-8.28920045061616));
#12379=CARTESIAN_POINT('Ctrl Pts',(1.08203631341227,-2.87332812088887,-8.32886611489603));
#12380=CARTESIAN_POINT('Ctrl Pts',(0.9963869592473,-2.92752445603219,-8.41186421964828));
#12381=CARTESIAN_POINT('Ctrl Pts',(0.952755151207485,-2.94829842350226,
-8.45512459969029));
#12382=CARTESIAN_POINT('Ctrl Pts',(0.839589556092002,-2.98301551777961,
-8.57022816503651));
#12383=CARTESIAN_POINT('Ctrl Pts',(0.774093475462221,-2.98499023433066,
-8.63959537488163));
#12384=CARTESIAN_POINT('Ctrl Pts',(0.668826151929528,-2.95684033125864,
-8.75633960224843));
#12385=CARTESIAN_POINT('Ctrl Pts',(0.627331449112019,-2.93256866323267,
-8.80457205430998));
#12386=CARTESIAN_POINT('Ctrl Pts',(0.566226194375988,-2.87093717451254,
-8.88022417636595));
#12387=CARTESIAN_POINT('Ctrl Pts',(0.54319326655884,-2.83603834602656,-8.9108233073659));
#12388=CARTESIAN_POINT('Ctrl Pts',(0.512089686676364,-2.75645809461399,
-8.9580651810215));
#12389=CARTESIAN_POINT('Ctrl Pts',(0.503296373585773,-2.71469196908684,
-8.97493883497681));
#12390=CARTESIAN_POINT('Ctrl Pts',(0.500251273295346,-2.66084396797369,
-8.98797701066648));
#12391=CARTESIAN_POINT('Ctrl Pts',(0.500000000129391,-2.65171280503764,
-8.98990908231723));
#12392=CARTESIAN_POINT('Ctrl Pts',(0.5,-2.64255414625984,-8.99158162250564));
#12393=CARTESIAN_POINT('',(-1.16666666666667,-2.79756838859909,-8.25));
#12394=CARTESIAN_POINT('Origin',(3.06563046937997E-15,0.,-8.25));
#12395=CARTESIAN_POINT('',(-0.5,-2.64255414625983,-8.99158162250564));
#12396=CARTESIAN_POINT('Ctrl Pts',(-0.5,-2.64255414625983,-8.99158162250564));
#12397=CARTESIAN_POINT('Ctrl Pts',(-0.500000000129391,-2.65171280503764,
-8.98990908231723));
#12398=CARTESIAN_POINT('Ctrl Pts',(-0.500251273295347,-2.66084396797369,
-8.98797701066648));
#12399=CARTESIAN_POINT('Ctrl Pts',(-0.503296373585774,-2.71469196908684,
-8.97493883497681));
#12400=CARTESIAN_POINT('Ctrl Pts',(-0.512089686676363,-2.75645809461399,
-8.95806518102151));
#12401=CARTESIAN_POINT('Ctrl Pts',(-0.543193266558841,-2.83603834602656,
-8.9108233073659));
#12402=CARTESIAN_POINT('Ctrl Pts',(-0.56622619437599,-2.87093717451253,
-8.88022417636595));
#12403=CARTESIAN_POINT('Ctrl Pts',(-0.62733144911201,-2.93256866323266,
-8.80457205431));
#12404=CARTESIAN_POINT('Ctrl Pts',(-0.668826151929513,-2.95684033125863,
-8.75633960224845));
#12405=CARTESIAN_POINT('Ctrl Pts',(-0.774093475462245,-2.98499023433067,
-8.63959537488161));
#12406=CARTESIAN_POINT('Ctrl Pts',(-0.839589556092029,-2.9830155177796,
-8.57022816503648));
#12407=CARTESIAN_POINT('Ctrl Pts',(-0.952755151207494,-2.94829842350226,
-8.45512459969028));
#12408=CARTESIAN_POINT('Ctrl Pts',(-0.996386959247317,-2.92752445603218,
-8.41186421964827));
#12409=CARTESIAN_POINT('Ctrl Pts',(-1.08203631341113,-2.87332812088959,
-8.32886611489714));
#12410=CARTESIAN_POINT('Ctrl Pts',(-1.12404709629317,-2.83945642932951,
-8.28920045062097));
#12411=CARTESIAN_POINT('Ctrl Pts',(-1.16473555288786,-2.79947893336137,
-8.25177445025967));
#12412=CARTESIAN_POINT('Ctrl Pts',(-1.16570178275727,-2.79852519352237,
-8.25088630246464));
#12413=CARTESIAN_POINT('Ctrl Pts',(-1.16666666666667,-2.79756838859909,
-8.25));
#12414=CARTESIAN_POINT('Ctrl Pts',(-0.5,-2.5495097567964,-9.));
#12415=CARTESIAN_POINT('Ctrl Pts',(-0.5,-2.57896809952926,-9.));
#12416=CARTESIAN_POINT('Ctrl Pts',(-0.5,-2.61096291332502,-8.99735076489053));
#12417=CARTESIAN_POINT('Ctrl Pts',(-0.5,-2.64255414625983,-8.99158162250564));
#12418=CARTESIAN_POINT('Ctrl Pts',(0.5,-2.64255414625983,-8.99158162250564));
#12419=CARTESIAN_POINT('Ctrl Pts',(0.5,-2.61096291332502,-8.99735076489053));
#12420=CARTESIAN_POINT('Ctrl Pts',(0.5,-2.57896809952927,-9.));
#12421=CARTESIAN_POINT('Ctrl Pts',(0.5,-2.5495097567964,-9.));
#12422=CARTESIAN_POINT('Ctrl Pts',(0.5,1.81156136187544,-10.4132135430501));
#12423=CARTESIAN_POINT('Ctrl Pts',(0.5,1.9897666630993,-10.4859639339973));
#12424=CARTESIAN_POINT('Ctrl Pts',(0.5,2.16712751343899,-10.5607867651183));
#12425=CARTESIAN_POINT('Ctrl Pts',(0.5,2.34406537921946,-10.6366769180267));
#12426=CARTESIAN_POINT('Ctrl Pts',(0.5,1.76856523649949,-10.5185344543788));
#12427=CARTESIAN_POINT('Ctrl Pts',(0.499972195470501,1.94542489349429,-10.5921589252407));
#12428=CARTESIAN_POINT('Ctrl Pts',(0.500020696784267,2.121810156757,-10.6676954820905));
#12429=CARTESIAN_POINT('Ctrl Pts',(0.5,2.29793983772521,-10.7442186023848));
#12430=CARTESIAN_POINT('Ctrl Pts',(0.580719771655259,1.68274164520985,-10.7287631382218));
#12431=CARTESIAN_POINT('Ctrl Pts',(0.582668604211883,1.85694328536904,-10.8040780001561));
#12432=CARTESIAN_POINT('Ctrl Pts',(0.584228810900933,2.03135511519082,-10.8810802326589));
#12433=CARTESIAN_POINT('Ctrl Pts',(0.5856037185452,2.20589342304023,-10.9588247870209));
#12434=CARTESIAN_POINT('Ctrl Pts',(0.786519491350374,1.63534763484905,-10.8448568633907));
#12435=CARTESIAN_POINT('Ctrl Pts',(0.792566509168696,1.80889949182024,-10.9190773940758));
#12436=CARTESIAN_POINT('Ctrl Pts',(0.79748532656894,1.98304011345754,-10.9950527320179));
#12437=CARTESIAN_POINT('Ctrl Pts',(0.801687632033339,2.15735295805784,-11.071996864673));
#12438=CARTESIAN_POINT('Ctrl Pts',(0.897880805879951,1.6265661755017,-10.8663674365684));
#12439=CARTESIAN_POINT('Ctrl Pts',(0.905580248337562,1.80052130744086,-10.9391178275156));
#12440=CARTESIAN_POINT('Ctrl Pts',(0.911788440640751,1.97502490872934,-11.0139406586366));
#12441=CARTESIAN_POINT('Ctrl Pts',(0.91708356169772,2.1497038268269,-11.089830811545));
#12442=CARTESIAN_POINT('',(0.5,2.26675171984802,-10.6036030488376));
#12443=CARTESIAN_POINT('',(0.5,2.34406537921946,-10.6366769180267));
#12444=CARTESIAN_POINT('Ctrl Pts',(0.5,2.26675299749248,-10.6036000541669));
#12445=CARTESIAN_POINT('Ctrl Pts',(0.5,2.29253362507092,-10.614600982148));
#12446=CARTESIAN_POINT('Ctrl Pts',(0.5,2.31830398538184,-10.6256276374849));
#12447=CARTESIAN_POINT('Ctrl Pts',(0.5,2.34406537921946,-10.6366769180267));
#12448=CARTESIAN_POINT('',(0.91708356169761,2.14970382682664,-11.089830811545));
#12449=CARTESIAN_POINT('Origin',(1.,2.34406537921946,-10.6366769180267));
#12450=CARTESIAN_POINT('',(0.897880805450629,1.62656617701386,-10.8663674376096));
#12451=CARTESIAN_POINT('Ctrl Pts',(0.91708356169772,2.1497038268269,-11.089830811545));
#12452=CARTESIAN_POINT('Ctrl Pts',(0.911788440657379,1.97502490927786,-11.013940658875));
#12453=CARTESIAN_POINT('Ctrl Pts',(0.905580248376552,1.8005213085368,-10.9391178279855));
#12454=CARTESIAN_POINT('Ctrl Pts',(0.897880805952484,1.62656617714045,-10.8663674372538));
#12455=CARTESIAN_POINT('',(0.803921568627452,1.68011582550502,-10.8563999792055));
#12456=CARTESIAN_POINT('Ctrl Pts',(0.897880805879951,1.6265661755017,-10.8663674365684));
#12457=CARTESIAN_POINT('Ctrl Pts',(0.86603613539068,1.64414475228052,-10.8663674365684));
#12458=CARTESIAN_POINT('Ctrl Pts',(0.8345316901165,1.66205727404142,-10.863093488495));
#12459=CARTESIAN_POINT('Ctrl Pts',(0.803921568627452,1.68011582550502,-10.8563999792055));
#12460=CARTESIAN_POINT('Ctrl Pts',(0.803921568627452,1.68011582550502,-10.8563999792055));
#12461=CARTESIAN_POINT('Ctrl Pts',(0.752351804473146,1.71053959367853,-10.8451232289467));
#12462=CARTESIAN_POINT('Ctrl Pts',(0.707374422974031,1.75076148365724,-10.8298837881146));
#12463=CARTESIAN_POINT('Ctrl Pts',(0.617529825213144,1.85654950436603,-10.7880568348857));
#12464=CARTESIAN_POINT('Ctrl Pts',(0.575076073840179,1.93045969262877,-10.7575910566338));
#12465=CARTESIAN_POINT('Ctrl Pts',(0.515960442231012,2.09293585341896,-10.686203683216));
#12466=CARTESIAN_POINT('Ctrl Pts',(0.500455279052458,2.17864880350237,-10.6465001111698));
#12467=CARTESIAN_POINT('Ctrl Pts',(0.500003292036418,2.26425997701546,-10.60481750393));
#12468=CARTESIAN_POINT('Ctrl Pts',(0.5,2.26550593246245,-10.6042104465956));
#12469=CARTESIAN_POINT('Ctrl Pts',(0.5,2.26675171984802,-10.6036030488376));
#12470=CARTESIAN_POINT('Origin',(1.,0.,-10.));
#12471=CARTESIAN_POINT('Origin',(0.803921568627452,0.,-10.));
#12472=CARTESIAN_POINT('Origin',(0.5,0.,-10.));
#12473=CARTESIAN_POINT('Ctrl Pts',(0.5,2.34406537921923,-10.6366769180266));
#12474=CARTESIAN_POINT('Ctrl Pts',(0.5,2.4213147769653,-10.6698098405988));
#12475=CARTESIAN_POINT('Ctrl Pts',(0.5,2.57040157305306,-10.6764138701069));
#12476=CARTESIAN_POINT('Ctrl Pts',(0.5,2.74105508077997,-10.5662115615467));
#12477=CARTESIAN_POINT('Ctrl Pts',(0.5,2.79120527596812,-10.4607745901934));
#12478=CARTESIAN_POINT('Ctrl Pts',(0.5,2.79923539136893,-10.4053162021282));
#12479=CARTESIAN_POINT('Ctrl Pts',(0.5,2.31770792693687,-10.6981293090884));
#12480=CARTESIAN_POINT('Ctrl Pts',(0.499986479320375,2.40817874954375,-10.7420658156932));
#12481=CARTESIAN_POINT('Ctrl Pts',(0.500027755125536,2.58771681460701,-10.7599955515447));
#12482=CARTESIAN_POINT('Ctrl Pts',(0.499985672242953,2.80943453745294,-10.6291059355404));
#12483=CARTESIAN_POINT('Ctrl Pts',(0.500001984847733,2.87828682823558,-10.4915724012143));
#12484=CARTESIAN_POINT('Ctrl Pts',(0.5,2.88927891057673,-10.418354082881));
#12485=CARTESIAN_POINT('Ctrl Pts',(0.52724304822461,2.2650503564371,-10.8209004168591));
#12486=CARTESIAN_POINT('Ctrl Pts',(0.531125921681472,2.3819506187836,-10.88639372622));
#12487=CARTESIAN_POINT('Ctrl Pts',(0.538680461603786,2.62225005429544,-10.9268521049759));
#12488=CARTESIAN_POINT('Ctrl Pts',(0.547725681159758,2.94581606420606,-10.7545699652179));
#12489=CARTESIAN_POINT('Ctrl Pts',(0.550480353970832,3.05190773081655,-10.5529947600718));
#12490=CARTESIAN_POINT('Ctrl Pts',(0.550921069125594,3.06880270628096,-10.4443482894743));
#12491=CARTESIAN_POINT('Ctrl Pts',(0.662308725487798,2.18735615924971,-11.0020444112653));
#12492=CARTESIAN_POINT('Ctrl Pts',(0.68443594696536,2.34522296458274,-11.0946135132661));
#12493=CARTESIAN_POINT('Ctrl Pts',(0.726742812826425,2.67382638533276,-11.1538051479957));
#12494=CARTESIAN_POINT('Ctrl Pts',(0.775422507996253,3.12191452245554,-10.9133029392959));
#12495=CARTESIAN_POINT('Ctrl Pts',(0.789985768952185,3.26972219781278,-10.6297299004572));
#12496=CARTESIAN_POINT('Ctrl Pts',(0.792311315747918,3.2932231260339,-10.4768433174004));
#12497=CARTESIAN_POINT('Ctrl Pts',(0.818172764842719,2.15626022502512,-11.0745445713692));
#12498=CARTESIAN_POINT('Ctrl Pts',(0.858327642372574,2.33433699032314,-11.1693381177335));
#12499=CARTESIAN_POINT('Ctrl Pts',(0.932185436523664,2.69318598822166,-11.2102848139186));
#12500=CARTESIAN_POINT('Ctrl Pts',(1.01163518104165,3.1468531740389,-10.9309131791204));
#12501=CARTESIAN_POINT('Ctrl Pts',(1.03434954003004,3.28817840301367,-10.6362460436899));
#12502=CARTESIAN_POINT('Ctrl Pts',(1.03799793164647,3.31079638286765,-10.4793878428593));
#12503=CARTESIAN_POINT('Ctrl Pts',(0.917083561697942,2.14970382682721,-11.0898308115452));
#12504=CARTESIAN_POINT('Ctrl Pts',(0.965863825965076,2.33489210830895,-11.1781852717379));
#12505=CARTESIAN_POINT('Ctrl Pts',(1.05248999259187,2.697543456343,-11.1957960170926));
#12506=CARTESIAN_POINT('Ctrl Pts',(1.13908575792203,3.12047348527711,-10.9019231942656));
#12507=CARTESIAN_POINT('Ctrl Pts',(1.16285064720138,3.24572421855477,-10.6207579373234));
#12508=CARTESIAN_POINT('Ctrl Pts',(1.16666666666667,3.26577462326375,-10.4728689024829));
#12509=CARTESIAN_POINT('',(0.5,2.79923539136893,-10.4053162021282));
#12510=CARTESIAN_POINT('',(1.16666666666667,3.26577462326375,-10.4728689024829));
#12511=CARTESIAN_POINT('Origin',(1.,2.79923539136893,-10.4053162021282));
#12512=CARTESIAN_POINT('Ctrl Pts',(1.16666666666667,3.26577462326375,-10.4728689024829));
#12513=CARTESIAN_POINT('Ctrl Pts',(1.16285064720138,3.24572421855477,-10.6207579373234));
#12514=CARTESIAN_POINT('Ctrl Pts',(1.13908575792203,3.12047348527711,-10.9019231942656));
#12515=CARTESIAN_POINT('Ctrl Pts',(1.05248999259187,2.697543456343,-11.1957960170926));
#12516=CARTESIAN_POINT('Ctrl Pts',(0.965863825965076,2.33489210830895,-11.1781852717379));
#12517=CARTESIAN_POINT('Ctrl Pts',(0.917083561697942,2.14970382682721,-11.0898308115452));
#12518=CARTESIAN_POINT('Ctrl Pts',(0.5,2.34406537921923,-10.6366769180266));
#12519=CARTESIAN_POINT('Ctrl Pts',(0.5,2.4213147769653,-10.6698098405988));
#12520=CARTESIAN_POINT('Ctrl Pts',(0.5,2.57040157305306,-10.6764138701069));
#12521=CARTESIAN_POINT('Ctrl Pts',(0.5,2.74105508077997,-10.5662115615467));
#12522=CARTESIAN_POINT('Ctrl Pts',(0.5,2.79120527596812,-10.4607745901934));
#12523=CARTESIAN_POINT('Ctrl Pts',(0.5,2.79923539136893,-10.4053162021282));
#12524=CARTESIAN_POINT('Origin',(1.,0.,-10.));
#12525=CARTESIAN_POINT('Origin',(1.16666666666667,0.,-10.));
#12526=CARTESIAN_POINT('Origin',(0.5,0.,-10.));
#12527=CARTESIAN_POINT('Origin',(0.5,-4.,-11.5));
#12528=CARTESIAN_POINT('Origin',(-1.,0.,-10.));
#12529=CARTESIAN_POINT('',(-0.5,2.79923539136893,-10.4053162021282));
#12530=CARTESIAN_POINT('',(-1.16666666666667,3.26577462326375,-10.4728689024829));
#12531=CARTESIAN_POINT('Origin',(-1.,2.79923539136893,-10.4053162021282));
#12532=CARTESIAN_POINT('Origin',(-1.16666666666667,0.,-10.));
#12533=CARTESIAN_POINT('Origin',(-0.5,0.,-10.));
#12534=CARTESIAN_POINT('Ctrl Pts',(-0.5,2.79923539136893,-10.4053162021282));
#12535=CARTESIAN_POINT('Ctrl Pts',(-0.5,2.791205279061,-10.460774568833));
#12536=CARTESIAN_POINT('Ctrl Pts',(-0.5,2.74105116252078,-10.5662157214855));
#12537=CARTESIAN_POINT('Ctrl Pts',(-0.5,2.57039590888838,-10.6764139794934));
#12538=CARTESIAN_POINT('Ctrl Pts',(-0.5,2.42131474721152,-10.6698098278373));
#12539=CARTESIAN_POINT('Ctrl Pts',(-0.5,2.34406537921893,-10.6366769180264));
#12540=CARTESIAN_POINT('Ctrl Pts',(-0.5,2.88927891057673,-10.418354082881));
#12541=CARTESIAN_POINT('Ctrl Pts',(-0.500001984846968,2.8782868324693,-10.4915723730135));
#12542=CARTESIAN_POINT('Ctrl Pts',(-0.499985673182681,2.80942927933728,
-10.6291111172063));
#12543=CARTESIAN_POINT('Ctrl Pts',(-0.500027756302842,2.58770978934708,
-10.7599952320025));
#12544=CARTESIAN_POINT('Ctrl Pts',(-0.499986479325582,2.40817871469753,
-10.7420657987705));
#12545=CARTESIAN_POINT('Ctrl Pts',(-0.5,2.31770792693651,-10.6981293090883));
#12546=CARTESIAN_POINT('Ctrl Pts',(-0.550921069125858,3.06880270628044,
-10.4443482894742));
#12547=CARTESIAN_POINT('Ctrl Pts',(-0.550480354140842,3.05190773732331,
-10.5529947182254));
#12548=CARTESIAN_POINT('Ctrl Pts',(-0.547725469216788,2.94580813513807,
-10.7545771877746));
#12549=CARTESIAN_POINT('Ctrl Pts',(-0.538680169598053,2.62224031198901,
-10.9268509334325));
#12550=CARTESIAN_POINT('Ctrl Pts',(-0.531125920186061,2.38195057375773,
-10.8863937009943));
#12551=CARTESIAN_POINT('Ctrl Pts',(-0.527243048224732,2.26505035643669,
-10.8209004168587));
#12552=CARTESIAN_POINT('Ctrl Pts',(-0.792311315748043,3.29322312603243,
-10.4768433174002));
#12553=CARTESIAN_POINT('Ctrl Pts',(-0.78998576984802,3.26972220686294,-10.6297298415711));
#12554=CARTESIAN_POINT('Ctrl Pts',(-0.775421383240566,3.12190349821287,
-10.9133130716656));
#12555=CARTESIAN_POINT('Ctrl Pts',(-0.726741206355954,2.67381299358872,
-11.1538034163297));
#12556=CARTESIAN_POINT('Ctrl Pts',(-0.684435938442937,2.34522290377807,
-11.0946134776115));
#12557=CARTESIAN_POINT('Ctrl Pts',(-0.662308725487922,2.18735615924924,
-11.0020444112645));
#12558=CARTESIAN_POINT('Ctrl Pts',(-1.03799793164647,3.31079638286765,-10.4793878428593));
#12559=CARTESIAN_POINT('Ctrl Pts',(-1.03434954143525,3.28817841172522,-10.6362459832743));
#12560=CARTESIAN_POINT('Ctrl Pts',(-1.01163339720345,3.14684235279981,-10.9309242730243));
#12561=CARTESIAN_POINT('Ctrl Pts',(-0.932182702673766,2.69317177343261,
-11.2102840591707));
#12562=CARTESIAN_POINT('Ctrl Pts',(-0.858327626906318,2.33433692173415,
-11.1693380812226));
#12563=CARTESIAN_POINT('Ctrl Pts',(-0.818172764842561,2.15626022502442,
-11.0745445713688));
#12564=CARTESIAN_POINT('Ctrl Pts',(-1.16666666666667,3.26577462326375,-10.4728689024829));
#12565=CARTESIAN_POINT('Ctrl Pts',(-1.16285064867116,3.2457242262774,-10.6207578803624));
#12566=CARTESIAN_POINT('Ctrl Pts',(-1.13908387262885,3.12046371240491,-10.9019342874355));
#12567=CARTESIAN_POINT('Ctrl Pts',(-1.05248688050746,2.69752956557194,-11.1957963087901));
#12568=CARTESIAN_POINT('Ctrl Pts',(-0.965863807176626,2.33489203698087,
-11.1781852377071));
#12569=CARTESIAN_POINT('Ctrl Pts',(-0.91708356169775,2.14970382682648,-11.0898308115448));
#12570=CARTESIAN_POINT('',(-0.5,2.34406537921893,-10.6366769180264));
#12571=CARTESIAN_POINT('',(-0.917083561697713,2.1497038268264,-11.0898308115448));
#12572=CARTESIAN_POINT('Origin',(-1.,2.34406537921893,-10.6366769180264));
#12573=CARTESIAN_POINT('Ctrl Pts',(-0.91708356169775,2.14970382682648,-11.0898308115448));
#12574=CARTESIAN_POINT('Ctrl Pts',(-0.965863807176626,2.33489203698087,
-11.1781852377071));
#12575=CARTESIAN_POINT('Ctrl Pts',(-1.05248688050746,2.69752956557194,-11.1957963087901));
#12576=CARTESIAN_POINT('Ctrl Pts',(-1.13908387262885,3.12046371240491,-10.9019342874355));
#12577=CARTESIAN_POINT('Ctrl Pts',(-1.16285064867116,3.2457242262774,-10.6207578803624));
#12578=CARTESIAN_POINT('Ctrl Pts',(-1.16666666666667,3.26577462326375,-10.4728689024829));
#12579=CARTESIAN_POINT('Ctrl Pts',(-0.5,2.79923539136893,-10.4053162021282));
#12580=CARTESIAN_POINT('Ctrl Pts',(-0.5,2.791205279061,-10.460774568833));
#12581=CARTESIAN_POINT('Ctrl Pts',(-0.5,2.74105116252078,-10.5662157214855));
#12582=CARTESIAN_POINT('Ctrl Pts',(-0.5,2.57039590888838,-10.6764139794934));
#12583=CARTESIAN_POINT('Ctrl Pts',(-0.5,2.42131474721152,-10.6698098278373));
#12584=CARTESIAN_POINT('Ctrl Pts',(-0.5,2.34406537921893,-10.6366769180264));
#12585=CARTESIAN_POINT('Ctrl Pts',(-0.5,2.34406537921895,-10.6366769180264));
#12586=CARTESIAN_POINT('Ctrl Pts',(-0.5,2.16712751343867,-10.5607867651182));
#12587=CARTESIAN_POINT('Ctrl Pts',(-0.5,1.98976666309909,-10.4859639339972));
#12588=CARTESIAN_POINT('Ctrl Pts',(-0.5,1.81156136187544,-10.4132135430501));
#12589=CARTESIAN_POINT('Ctrl Pts',(-0.5,2.2979398377247,-10.7442186023846));
#12590=CARTESIAN_POINT('Ctrl Pts',(-0.500020696784267,2.12181015675667,
-10.6676954820904));
#12591=CARTESIAN_POINT('Ctrl Pts',(-0.499972195470502,1.94542489349407,
-10.5921589252406));
#12592=CARTESIAN_POINT('Ctrl Pts',(-0.5,1.76856523649949,-10.5185344543788));
#12593=CARTESIAN_POINT('Ctrl Pts',(-0.585603718545197,2.20589342303972,
-10.9588247870206));
#12594=CARTESIAN_POINT('Ctrl Pts',(-0.584228810900931,2.03135511519049,
-10.8810802326588));
#12595=CARTESIAN_POINT('Ctrl Pts',(-0.582668604211882,1.85694328536883,
-10.804078000156));
#12596=CARTESIAN_POINT('Ctrl Pts',(-0.58071977165526,1.68274164520985,-10.7287631382218));
#12597=CARTESIAN_POINT('Ctrl Pts',(-0.801687632033326,2.15735295805733,
-11.0719968646728));
#12598=CARTESIAN_POINT('Ctrl Pts',(-0.79748532656893,1.98304011345722,-10.9950527320177));
#12599=CARTESIAN_POINT('Ctrl Pts',(-0.792566509168689,1.80889949182003,
-10.9190773940757));
#12600=CARTESIAN_POINT('Ctrl Pts',(-0.786519491350374,1.63534763484905,
-10.8448568633907));
#12601=CARTESIAN_POINT('Ctrl Pts',(-0.917083561697704,2.14970382682639,
-11.0898308115448));
#12602=CARTESIAN_POINT('Ctrl Pts',(-0.911788440640739,1.97502490872902,
-11.0139406586365));
#12603=CARTESIAN_POINT('Ctrl Pts',(-0.905580248337553,1.80052130744064,
-10.9391178275155));
#12604=CARTESIAN_POINT('Ctrl Pts',(-0.897880805879952,1.6265661755017,-10.8663674365684));
#12605=CARTESIAN_POINT('',(-0.897880805007717,1.62656617857389,-10.8663674386837));
#12606=CARTESIAN_POINT('Ctrl Pts',(-0.897880806027313,1.62656617883108,
-10.8663674379608));
#12607=CARTESIAN_POINT('Ctrl Pts',(-0.905580248416767,1.80052130966723,
-10.9391178284702));
#12608=CARTESIAN_POINT('Ctrl Pts',(-0.911788440674521,1.97502490984343,
-11.0139406591207));
#12609=CARTESIAN_POINT('Ctrl Pts',(-0.917083561697704,2.14970382682639,
-11.0898308115448));
#12610=CARTESIAN_POINT('',(-0.5,2.26675171984802,-10.6036030488376));
#12611=CARTESIAN_POINT('Ctrl Pts',(-0.5,2.34406537921895,-10.6366769180264));
#12612=CARTESIAN_POINT('Ctrl Pts',(-0.5,2.31830398538149,-10.6256276374848));
#12613=CARTESIAN_POINT('Ctrl Pts',(-0.5,2.29253362507074,-10.6146009821479));
#12614=CARTESIAN_POINT('Ctrl Pts',(-0.5,2.26675299749248,-10.6036000541669));
#12615=CARTESIAN_POINT('',(-0.803921568627451,1.68011582550501,-10.8563999792055));
#12616=CARTESIAN_POINT('Ctrl Pts',(-0.5,2.26675171984802,-10.6036030488376));
#12617=CARTESIAN_POINT('Ctrl Pts',(-0.5,2.2655059279885,-10.6042104487769));
#12618=CARTESIAN_POINT('Ctrl Pts',(-0.50000329206006,2.2642599680672,-10.6048175082898));
#12619=CARTESIAN_POINT('Ctrl Pts',(-0.500455280112499,2.17864890536403,
-10.6465000613691));
#12620=CARTESIAN_POINT('Ctrl Pts',(-0.515960403041971,2.09293607552378,
-10.6862035804647));
#12621=CARTESIAN_POINT('Ctrl Pts',(-0.575075946542206,1.93045992851812,
-10.7575909581369));
#12622=CARTESIAN_POINT('Ctrl Pts',(-0.617529715127118,1.85654965692139,
-10.7880567734378));
#12623=CARTESIAN_POINT('Ctrl Pts',(-0.707374364441913,1.75076153586308,
-10.8298837682966));
#12624=CARTESIAN_POINT('Ctrl Pts',(-0.752351770975788,1.71053961344042,
-10.8451232216218));
#12625=CARTESIAN_POINT('Ctrl Pts',(-0.803921568627451,1.68011582550501,
-10.8563999792055));
#12626=CARTESIAN_POINT('Ctrl Pts',(-0.803921568627451,1.68011582550501,
-10.8563999792055));
#12627=CARTESIAN_POINT('Ctrl Pts',(-0.834564534313715,1.66203789748893,
-10.8631006705292));
#12628=CARTESIAN_POINT('Ctrl Pts',(-0.866067373141817,1.6441275087293,-10.8663674365684));
#12629=CARTESIAN_POINT('Ctrl Pts',(-0.897880805879952,1.6265661755017,-10.8663674365684));
#12630=CARTESIAN_POINT('Origin',(-1.,0.,-10.));
#12631=CARTESIAN_POINT('Origin',(-0.5,0.,-10.));
#12632=CARTESIAN_POINT('Origin',(-0.803921568627451,0.,-10.));
#12633=CARTESIAN_POINT('Origin',(3.06563046937997E-15,0.,-10.));
#12634=CARTESIAN_POINT('',(-3.46790931269326,-4.2469640395231E-16,-10.4728689024829));
#12635=CARTESIAN_POINT('Origin',(3.06563046937997E-15,0.,-10.));
#12636=CARTESIAN_POINT('',(-1.16666666666667,-3.26577462326375,-10.4728689024829));
#12637=CARTESIAN_POINT('Origin',(-9.08334953890362E-16,0.,-10.4728689024829));
#12638=CARTESIAN_POINT('Origin',(-1.16666666666667,0.,-10.));
#12639=CARTESIAN_POINT('',(1.16666666666667,-3.26577462326375,-10.4728689024829));
#12640=CARTESIAN_POINT('Origin',(1.16666666666667,0.,-10.));
#12641=CARTESIAN_POINT('Origin',(-9.08334953890362E-16,0.,-10.4728689024829));
#12642=CARTESIAN_POINT('Origin',(-9.08334953890362E-16,0.,-10.4728689024829));
#12643=CARTESIAN_POINT('Origin',(0.,0.,-10.3647845819154));
#12644=CARTESIAN_POINT('',(-0.91708356169761,-2.14970382682664,-11.089830811545));
#12645=CARTESIAN_POINT('Origin',(0.,-2.86218292071625E-16,-11.0898308115447));
#12646=CARTESIAN_POINT('Ctrl Pts',(-1.16666666666667,-3.26577462326375,
-10.4728689024829));
#12647=CARTESIAN_POINT('Ctrl Pts',(-1.16285064720138,-3.24572421855477,
-10.6207579373234));
#12648=CARTESIAN_POINT('Ctrl Pts',(-1.13908575792203,-3.12047348527711,
-10.9019231942657));
#12649=CARTESIAN_POINT('Ctrl Pts',(-1.05248999259188,-2.69754345634304,
-11.1957960170926));
#12650=CARTESIAN_POINT('Ctrl Pts',(-0.965863825965083,-2.33489210830898,
-11.1781852717379));
#12651=CARTESIAN_POINT('Ctrl Pts',(-0.917083561697944,-2.14970382682722,
-11.0898308115452));
#12652=CARTESIAN_POINT('Origin',(0.,0.,-11.1727656763304));
#12653=CARTESIAN_POINT('',(-1.85793096342514,-2.27530920739536E-16,-10.8663674365684));
#12654=CARTESIAN_POINT('Origin',(0.,0.,-10.8663674365684));
#12655=CARTESIAN_POINT('',(-0.897880805366527,-1.62656617731009,-10.8663674378135));
#12656=CARTESIAN_POINT('Origin',(0.,0.,-10.8663674365684));
#12657=CARTESIAN_POINT('Ctrl Pts',(-0.91708356169772,-2.1497038268269,-11.089830811545));
#12658=CARTESIAN_POINT('Ctrl Pts',(-0.911788440660676,-1.97502490938664,
-11.0139406589222));
#12659=CARTESIAN_POINT('Ctrl Pts',(-0.90558024838404,-1.8005213087481,-10.9391178280762));
#12660=CARTESIAN_POINT('Ctrl Pts',(-0.897880805966693,-1.62656617746147,
-10.866367437388));
#12661=CARTESIAN_POINT('Origin',(3.06563046937997E-15,0.,-10.));
#12662=CARTESIAN_POINT('',(0.897880805007717,-1.62656617857389,-10.8663674386837));
#12663=CARTESIAN_POINT('Origin',(0.,0.,-10.8663674365684));
#12664=CARTESIAN_POINT('',(0.803921568627452,-1.68011582550502,-10.8563999792055));
#12665=CARTESIAN_POINT('Ctrl Pts',(0.803921568627452,-1.68011582550501,
-10.8563999792055));
#12666=CARTESIAN_POINT('Ctrl Pts',(0.834564531022541,-1.66203789943057,
-10.8631006698095));
#12667=CARTESIAN_POINT('Ctrl Pts',(0.866067370048782,-1.64412751043669,
-10.8663674365684));
#12668=CARTESIAN_POINT('Ctrl Pts',(0.897880805879951,-1.6265661755017,-10.8663674365684));
#12669=CARTESIAN_POINT('Origin',(0.803921568627452,0.,-10.));
#12670=CARTESIAN_POINT('',(-0.803921568627451,-1.68011582550501,-10.8563999792055));
#12671=CARTESIAN_POINT('Origin',(-0.803921568627451,0.,-10.));
#12672=CARTESIAN_POINT('Ctrl Pts',(-0.897880805879951,-1.6265661755017,
-10.8663674365684));
#12673=CARTESIAN_POINT('Ctrl Pts',(-0.866036134802929,-1.64414475260496,
-10.8663674365684));
#12674=CARTESIAN_POINT('Ctrl Pts',(-0.834531689505527,-1.66205727440186,
-10.8630934883614));
#12675=CARTESIAN_POINT('Ctrl Pts',(-0.803921568627451,-1.68011582550501,
-10.8563999792055));
#12676=CARTESIAN_POINT('',(2.94010417246737E-15,-1.53725377722841E-32,-7.95));
#12677=CARTESIAN_POINT('Origin',(3.06563046937997E-15,0.,-10.));
#12678=CARTESIAN_POINT('Origin',(1.,0.,-10.));
#12679=CARTESIAN_POINT('',(0.5,-2.79923539136893,-10.4053162021282));
#12680=CARTESIAN_POINT('Origin',(1.,-2.79923539136893,-10.4053162021282));
#12681=CARTESIAN_POINT('Origin',(0.5,0.,-10.));
#12682=CARTESIAN_POINT('Ctrl Pts',(0.5,-2.79923539136893,-10.4053162021282));
#12683=CARTESIAN_POINT('Ctrl Pts',(0.5,-2.791205279061,-10.460774568833));
#12684=CARTESIAN_POINT('Ctrl Pts',(0.5,-2.74105116252078,-10.5662157214855));
#12685=CARTESIAN_POINT('Ctrl Pts',(0.5,-2.57039590888836,-10.6764139794934));
#12686=CARTESIAN_POINT('Ctrl Pts',(0.5,-2.42131474721152,-10.6698098278373));
#12687=CARTESIAN_POINT('Ctrl Pts',(0.5,-2.34406537921893,-10.6366769180264));
#12688=CARTESIAN_POINT('Ctrl Pts',(0.5,-2.88927891057673,-10.418354082881));
#12689=CARTESIAN_POINT('Ctrl Pts',(0.500001984846968,-2.8782868324693,-10.4915723730135));
#12690=CARTESIAN_POINT('Ctrl Pts',(0.499985673182681,-2.80942927933728,
-10.6291111172063));
#12691=CARTESIAN_POINT('Ctrl Pts',(0.500027756302842,-2.58770978934706,
-10.7599952320025));
#12692=CARTESIAN_POINT('Ctrl Pts',(0.499986479325582,-2.40817871469753,
-10.7420657987705));
#12693=CARTESIAN_POINT('Ctrl Pts',(0.5,-2.31770792693651,-10.6981293090883));
#12694=CARTESIAN_POINT('Ctrl Pts',(0.550921069125858,-3.06880270628044,
-10.4443482894742));
#12695=CARTESIAN_POINT('Ctrl Pts',(0.550480354140842,-3.05190773732331,
-10.5529947182253));
#12696=CARTESIAN_POINT('Ctrl Pts',(0.547725469216788,-2.94580813513807,
-10.7545771877746));
#12697=CARTESIAN_POINT('Ctrl Pts',(0.538680169598052,-2.62224031198899,
-10.9268509334325));
#12698=CARTESIAN_POINT('Ctrl Pts',(0.531125920186061,-2.38195057375772,
-10.8863937009943));
#12699=CARTESIAN_POINT('Ctrl Pts',(0.527243048224732,-2.26505035643669,
-10.8209004168587));
#12700=CARTESIAN_POINT('Ctrl Pts',(0.792311315748044,-3.29322312603243,
-10.4768433174002));
#12701=CARTESIAN_POINT('Ctrl Pts',(0.78998576984802,-3.26972220686294,-10.629729841571));
#12702=CARTESIAN_POINT('Ctrl Pts',(0.775421383240566,-3.12190349821287,
-10.9133130716656));
#12703=CARTESIAN_POINT('Ctrl Pts',(0.726741206355951,-2.67381299358869,
-11.1538034163297));
#12704=CARTESIAN_POINT('Ctrl Pts',(0.684435938442936,-2.34522290377806,
-11.0946134776115));
#12705=CARTESIAN_POINT('Ctrl Pts',(0.662308725487922,-2.18735615924924,
-11.0020444112645));
#12706=CARTESIAN_POINT('Ctrl Pts',(1.03799793164647,-3.31079638286765,-10.4793878428593));
#12707=CARTESIAN_POINT('Ctrl Pts',(1.03434954143526,-3.28817841172523,-10.6362459832743));
#12708=CARTESIAN_POINT('Ctrl Pts',(1.01163339720345,-3.14684235279981,-10.9309242730243));
#12709=CARTESIAN_POINT('Ctrl Pts',(0.932182702673761,-2.69317177343258,
-11.2102840591707));
#12710=CARTESIAN_POINT('Ctrl Pts',(0.858327626906316,-2.33433692173414,
-11.1693380812226));
#12711=CARTESIAN_POINT('Ctrl Pts',(0.818172764842561,-2.15626022502442,
-11.0745445713688));
#12712=CARTESIAN_POINT('Ctrl Pts',(1.16666666666667,-3.26577462326375,-10.4728689024829));
#12713=CARTESIAN_POINT('Ctrl Pts',(1.16285064867117,-3.2457242262774,-10.6207578803623));
#12714=CARTESIAN_POINT('Ctrl Pts',(1.13908387262885,-3.12046371240491,-10.9019342874356));
#12715=CARTESIAN_POINT('Ctrl Pts',(1.05248688050745,-2.69752956557191,-11.1957963087902));
#12716=CARTESIAN_POINT('Ctrl Pts',(0.965863807176624,-2.33489203698086,
-11.1781852377071));
#12717=CARTESIAN_POINT('Ctrl Pts',(0.91708356169775,-2.14970382682648,-11.0898308115448));
#12718=CARTESIAN_POINT('',(0.5,-2.34406537921893,-10.6366769180264));
#12719=CARTESIAN_POINT('',(0.917083561697713,-2.1497038268264,-11.0898308115448));
#12720=CARTESIAN_POINT('Origin',(1.,-2.34406537921893,-10.6366769180264));
#12721=CARTESIAN_POINT('Ctrl Pts',(0.91708356169775,-2.14970382682648,-11.0898308115448));
#12722=CARTESIAN_POINT('Ctrl Pts',(0.965863807176624,-2.33489203698086,
-11.1781852377071));
#12723=CARTESIAN_POINT('Ctrl Pts',(1.05248688050745,-2.69752956557191,-11.1957963087902));
#12724=CARTESIAN_POINT('Ctrl Pts',(1.13908387262885,-3.12046371240491,-10.9019342874356));
#12725=CARTESIAN_POINT('Ctrl Pts',(1.16285064867117,-3.2457242262774,-10.6207578803623));
#12726=CARTESIAN_POINT('Ctrl Pts',(1.16666666666667,-3.26577462326375,-10.4728689024829));
#12727=CARTESIAN_POINT('Ctrl Pts',(0.5,-2.79923539136893,-10.4053162021282));
#12728=CARTESIAN_POINT('Ctrl Pts',(0.5,-2.791205279061,-10.460774568833));
#12729=CARTESIAN_POINT('Ctrl Pts',(0.5,-2.74105116252078,-10.5662157214855));
#12730=CARTESIAN_POINT('Ctrl Pts',(0.5,-2.57039590888836,-10.6764139794934));
#12731=CARTESIAN_POINT('Ctrl Pts',(0.5,-2.42131474721152,-10.6698098278373));
#12732=CARTESIAN_POINT('Ctrl Pts',(0.5,-2.34406537921893,-10.6366769180264));
#12733=CARTESIAN_POINT('Ctrl Pts',(0.5,-2.34406537921895,-10.6366769180264));
#12734=CARTESIAN_POINT('Ctrl Pts',(0.5,-2.16712751343999,-10.5607867651188));
#12735=CARTESIAN_POINT('Ctrl Pts',(0.5,-1.98976666309566,-10.4859639339958));
#12736=CARTESIAN_POINT('Ctrl Pts',(0.5,-1.81156136187544,-10.4132135430501));
#12737=CARTESIAN_POINT('Ctrl Pts',(0.5,-2.29793983772469,-10.7442186023846));
#12738=CARTESIAN_POINT('Ctrl Pts',(0.500020696784266,-2.121810156758,-10.6676954820909));
#12739=CARTESIAN_POINT('Ctrl Pts',(0.499972195470502,-1.94542489349067,
-10.5921589252392));
#12740=CARTESIAN_POINT('Ctrl Pts',(0.5,-1.76856523649949,-10.5185344543788));
#12741=CARTESIAN_POINT('Ctrl Pts',(0.585603718545196,-2.20589342303972,
-10.9588247870206));
#12742=CARTESIAN_POINT('Ctrl Pts',(0.58422881090094,-2.0313551151918,-10.8810802326594));
#12743=CARTESIAN_POINT('Ctrl Pts',(0.582668604211844,-1.85694328536547,
-10.8040780001546));
#12744=CARTESIAN_POINT('Ctrl Pts',(0.580719771655259,-1.68274164520985,
-10.7287631382218));
#12745=CARTESIAN_POINT('Ctrl Pts',(0.801687632033326,-2.15735295805733,
-11.0719968646728));
#12746=CARTESIAN_POINT('Ctrl Pts',(0.797485326568962,-1.98304011345853,
-10.9950527320183));
#12747=CARTESIAN_POINT('Ctrl Pts',(0.792566509168572,-1.80889949181669,
-10.9190773940743));
#12748=CARTESIAN_POINT('Ctrl Pts',(0.786519491350373,-1.63534763484905,
-10.8448568633907));
#12749=CARTESIAN_POINT('Ctrl Pts',(0.917083561697704,-2.14970382682639,
-11.0898308115448));
#12750=CARTESIAN_POINT('Ctrl Pts',(0.911788440640779,-1.97502490873033,
-11.0139406586371));
#12751=CARTESIAN_POINT('Ctrl Pts',(0.905580248337405,-1.8005213074373,-10.9391178275141));
#12752=CARTESIAN_POINT('Ctrl Pts',(0.897880805879951,-1.6265661755017,-10.8663674365684));
#12753=CARTESIAN_POINT('Ctrl Pts',(0.897880806027313,-1.62656617883108,
-10.8663674379608));
#12754=CARTESIAN_POINT('Ctrl Pts',(0.905580248416618,-1.80052130966388,
-10.9391178284688));
#12755=CARTESIAN_POINT('Ctrl Pts',(0.91178844067456,-1.97502490984474,-11.0139406591212));
#12756=CARTESIAN_POINT('Ctrl Pts',(0.917083561697704,-2.14970382682639,
-11.0898308115448));
#12757=CARTESIAN_POINT('',(0.5,-2.26675171984802,-10.6036030488376));
#12758=CARTESIAN_POINT('Ctrl Pts',(0.5,-2.34406537921895,-10.6366769180264));
#12759=CARTESIAN_POINT('Ctrl Pts',(0.5,-2.31830398538161,-10.6256276374848));
#12760=CARTESIAN_POINT('Ctrl Pts',(0.5,-2.29253362507084,-10.614600982148));
#12761=CARTESIAN_POINT('Ctrl Pts',(0.5,-2.26675299749248,-10.6036000541669));
#12762=CARTESIAN_POINT('Ctrl Pts',(0.5,-2.26675171984802,-10.6036030488376));
#12763=CARTESIAN_POINT('Ctrl Pts',(0.5,-2.26550553861211,-10.6042106386217));
#12764=CARTESIAN_POINT('Ctrl Pts',(0.500003294118274,-2.26425918920779,
-10.6048178877675));
#12765=CARTESIAN_POINT('Ctrl Pts',(0.500455372358355,-2.17865777144534,
-10.6464957267243));
#12766=CARTESIAN_POINT('Ctrl Pts',(0.51595699240218,-2.09295540629146,-10.6861946375351));
#12767=CARTESIAN_POINT('Ctrl Pts',(0.57506486772222,-1.93048045869967,-10.7575823856161));
#12768=CARTESIAN_POINT('Ctrl Pts',(0.617520134458971,-1.85656293379532,
-10.7880514256267));
#12769=CARTESIAN_POINT('Ctrl Pts',(0.707369270793848,-1.75076607902725,
-10.8298820436522));
#12770=CARTESIAN_POINT('Ctrl Pts',(0.752348855919209,-1.71054133318855,
-10.845122584187));
#12771=CARTESIAN_POINT('Ctrl Pts',(0.803921568627452,-1.68011582550502,
-10.8563999792055));
#12772=CARTESIAN_POINT('Origin',(1.,0.,-10.));
#12773=CARTESIAN_POINT('Origin',(0.5,0.,-10.));
#12774=CARTESIAN_POINT('Origin',(0.,0.,-10.3647845819154));
#12775=CARTESIAN_POINT('Origin',(0.,-2.86218292071625E-16,-11.0898308115447));
#12776=CARTESIAN_POINT('Origin',(0.,0.,-11.1727656763304));
#12777=CARTESIAN_POINT('Origin',(-1.,0.,-10.));
#12778=CARTESIAN_POINT('',(-0.5,-2.26675171984802,-10.6036030488376));
#12779=CARTESIAN_POINT('Origin',(-0.5,0.,-10.));
#12780=CARTESIAN_POINT('Ctrl Pts',(-0.5,-2.26675171984802,-10.6036030488376));
#12781=CARTESIAN_POINT('Ctrl Pts',(-0.5,-2.26550553861213,-10.6042106386217));
#12782=CARTESIAN_POINT('Ctrl Pts',(-0.500003294118274,-2.26425918920777,
-10.6048178877675));
#12783=CARTESIAN_POINT('Ctrl Pts',(-0.500455372358351,-2.17865777144611,
-10.646495726724));
#12784=CARTESIAN_POINT('Ctrl Pts',(-0.515956992402129,-2.0929554062916,
-10.686194637535));
#12785=CARTESIAN_POINT('Ctrl Pts',(-0.575064867722226,-1.93048045869965,
-10.7575823856161));
#12786=CARTESIAN_POINT('Ctrl Pts',(-0.617520134458981,-1.85656293379531,
-10.7880514256267));
#12787=CARTESIAN_POINT('Ctrl Pts',(-0.707369270793847,-1.75076607902724,
-10.8298820436522));
#12788=CARTESIAN_POINT('Ctrl Pts',(-0.752348855919208,-1.71054133318855,
-10.845122584187));
#12789=CARTESIAN_POINT('Ctrl Pts',(-0.803921568627451,-1.68011582550501,
-10.8563999792055));
#12790=CARTESIAN_POINT('Ctrl Pts',(-0.5,-1.81156136187544,-10.4132135430501));
#12791=CARTESIAN_POINT('Ctrl Pts',(-0.5,-1.98976666309583,-10.4859639339959));
#12792=CARTESIAN_POINT('Ctrl Pts',(-0.5,-2.16712751344034,-10.5607867651189));
#12793=CARTESIAN_POINT('Ctrl Pts',(-0.5,-2.34406537921947,-10.6366769180267));
#12794=CARTESIAN_POINT('Ctrl Pts',(-0.5,-1.76856523649949,-10.5185344543788));
#12795=CARTESIAN_POINT('Ctrl Pts',(-0.499972195470502,-1.94542489349084,
-10.5921589252393));
#12796=CARTESIAN_POINT('Ctrl Pts',(-0.500020696784267,-2.12181015675834,
-10.6676954820911));
#12797=CARTESIAN_POINT('Ctrl Pts',(-0.5,-2.29793983772521,-10.7442186023848));
#12798=CARTESIAN_POINT('Ctrl Pts',(-0.580719771655259,-1.68274164520985,
-10.7287631382218));
#12799=CARTESIAN_POINT('Ctrl Pts',(-0.582668604211845,-1.85694328536564,
-10.8040780001546));
#12800=CARTESIAN_POINT('Ctrl Pts',(-0.584228810900944,-2.03135511519214,
-10.8810802326595));
#12801=CARTESIAN_POINT('Ctrl Pts',(-0.5856037185452,-2.20589342304023,-10.9588247870209));
#12802=CARTESIAN_POINT('Ctrl Pts',(-0.786519491350373,-1.63534763484905,
-10.8448568633907));
#12803=CARTESIAN_POINT('Ctrl Pts',(-0.792566509168578,-1.80889949181686,
-10.9190773940743));
#12804=CARTESIAN_POINT('Ctrl Pts',(-0.797485326568972,-1.98304011345887,
-10.9950527320185));
#12805=CARTESIAN_POINT('Ctrl Pts',(-0.801687632033339,-2.15735295805784,
-11.071996864673));
#12806=CARTESIAN_POINT('Ctrl Pts',(-0.897880805879951,-1.6265661755017,
-10.8663674365684));
#12807=CARTESIAN_POINT('Ctrl Pts',(-0.905580248337412,-1.80052130743746,
-10.9391178275142));
#12808=CARTESIAN_POINT('Ctrl Pts',(-0.911788440640791,-1.97502490873067,
-11.0139406586372));
#12809=CARTESIAN_POINT('Ctrl Pts',(-0.91708356169772,-2.1497038268269,-11.089830811545));
#12810=CARTESIAN_POINT('',(-0.5,-2.34406537921947,-10.6366769180267));
#12811=CARTESIAN_POINT('Ctrl Pts',(-0.5,-2.26675299749248,-10.6036000541669));
#12812=CARTESIAN_POINT('Ctrl Pts',(-0.5,-2.29253362507101,-10.614600982148));
#12813=CARTESIAN_POINT('Ctrl Pts',(-0.5,-2.31830398538195,-10.625627637485));
#12814=CARTESIAN_POINT('Ctrl Pts',(-0.5,-2.34406537921947,-10.6366769180267));
#12815=CARTESIAN_POINT('Origin',(-1.,-2.34406537921947,-10.6366769180267));
#12816=CARTESIAN_POINT('Ctrl Pts',(-0.5,-2.34406537921924,-10.6366769180266));
#12817=CARTESIAN_POINT('Ctrl Pts',(-0.5,-2.42131477696531,-10.6698098405988));
#12818=CARTESIAN_POINT('Ctrl Pts',(-0.5,-2.57040157305307,-10.6764138701069));
#12819=CARTESIAN_POINT('Ctrl Pts',(-0.5,-2.74105508077997,-10.5662115615468));
#12820=CARTESIAN_POINT('Ctrl Pts',(-0.5,-2.79120527596812,-10.4607745901934));
#12821=CARTESIAN_POINT('Ctrl Pts',(-0.5,-2.79923539136893,-10.4053162021282));
#12822=CARTESIAN_POINT('Ctrl Pts',(-0.5,-2.31770792693687,-10.6981293090884));
#12823=CARTESIAN_POINT('Ctrl Pts',(-0.499986479320375,-2.40817874954376,
-10.7420658156932));
#12824=CARTESIAN_POINT('Ctrl Pts',(-0.500027755125536,-2.58771681460703,
-10.7599955515447));
#12825=CARTESIAN_POINT('Ctrl Pts',(-0.499985672242953,-2.80943453745294,
-10.6291059355404));
#12826=CARTESIAN_POINT('Ctrl Pts',(-0.500001984847733,-2.87828682823558,
-10.4915724012143));
#12827=CARTESIAN_POINT('Ctrl Pts',(-0.5,-2.88927891057673,-10.418354082881));
#12828=CARTESIAN_POINT('Ctrl Pts',(-0.52724304822461,-2.26505035643711,
-10.8209004168591));
#12829=CARTESIAN_POINT('Ctrl Pts',(-0.531125921681472,-2.38195061878362,
-10.88639372622));
#12830=CARTESIAN_POINT('Ctrl Pts',(-0.538680461603786,-2.62225005429547,
-10.9268521049759));
#12831=CARTESIAN_POINT('Ctrl Pts',(-0.547725681159757,-2.94581606420605,
-10.7545699652179));
#12832=CARTESIAN_POINT('Ctrl Pts',(-0.550480353970832,-3.05190773081655,
-10.5529947600718));
#12833=CARTESIAN_POINT('Ctrl Pts',(-0.550921069125594,-3.06880270628096,
-10.4443482894743));
#12834=CARTESIAN_POINT('Ctrl Pts',(-0.662308725487798,-2.18735615924972,
-11.0020444112653));
#12835=CARTESIAN_POINT('Ctrl Pts',(-0.684435946965363,-2.34522296458277,
-11.0946135132661));
#12836=CARTESIAN_POINT('Ctrl Pts',(-0.72674281282643,-2.67382638533281,
-11.1538051479957));
#12837=CARTESIAN_POINT('Ctrl Pts',(-0.775422507996252,-3.12191452245553,
-10.9133029392959));
#12838=CARTESIAN_POINT('Ctrl Pts',(-0.789985768952185,-3.26972219781278,
-10.6297299004572));
#12839=CARTESIAN_POINT('Ctrl Pts',(-0.792311315747917,-3.2932231260339,
-10.4768433174004));
#12840=CARTESIAN_POINT('Ctrl Pts',(-0.818172764842721,-2.15626022502513,
-11.0745445713692));
#12841=CARTESIAN_POINT('Ctrl Pts',(-0.85832764237258,-2.33433699032317,
-11.1693381177335));
#12842=CARTESIAN_POINT('Ctrl Pts',(-0.932185436523671,-2.69318598822171,
-11.2102848139186));
#12843=CARTESIAN_POINT('Ctrl Pts',(-1.01163518104164,-3.14685317403889,
-10.9309131791204));
#12844=CARTESIAN_POINT('Ctrl Pts',(-1.03434954003004,-3.28817840301367,
-10.6362460436899));
#12845=CARTESIAN_POINT('Ctrl Pts',(-1.03799793164647,-3.31079638286766,
-10.4793878428593));
#12846=CARTESIAN_POINT('Ctrl Pts',(-0.917083561697944,-2.14970382682722,
-11.0898308115452));
#12847=CARTESIAN_POINT('Ctrl Pts',(-0.965863825965083,-2.33489210830898,
-11.1781852717379));
#12848=CARTESIAN_POINT('Ctrl Pts',(-1.05248999259188,-2.69754345634304,
-11.1957960170926));
#12849=CARTESIAN_POINT('Ctrl Pts',(-1.13908575792203,-3.12047348527711,
-10.9019231942657));
#12850=CARTESIAN_POINT('Ctrl Pts',(-1.16285064720138,-3.24572421855477,
-10.6207579373234));
#12851=CARTESIAN_POINT('Ctrl Pts',(-1.16666666666667,-3.26577462326375,
-10.4728689024829));
#12852=CARTESIAN_POINT('',(-0.5,-2.79923539136893,-10.4053162021282));
#12853=CARTESIAN_POINT('Origin',(-1.,-2.79923539136893,-10.4053162021282));
#12854=CARTESIAN_POINT('Ctrl Pts',(-0.5,-2.34406537921924,-10.6366769180266));
#12855=CARTESIAN_POINT('Ctrl Pts',(-0.5,-2.42131477696531,-10.6698098405988));
#12856=CARTESIAN_POINT('Ctrl Pts',(-0.5,-2.57040157305307,-10.6764138701069));
#12857=CARTESIAN_POINT('Ctrl Pts',(-0.5,-2.74105508077997,-10.5662115615468));
#12858=CARTESIAN_POINT('Ctrl Pts',(-0.5,-2.79120527596812,-10.4607745901934));
#12859=CARTESIAN_POINT('Ctrl Pts',(-0.5,-2.79923539136893,-10.4053162021282));
#12860=CARTESIAN_POINT('Origin',(-1.,0.,-10.));
#12861=CARTESIAN_POINT('Origin',(-0.5,0.,-10.));
#12862=CARTESIAN_POINT('Origin',(-0.5,4.,-11.5));
#12863=CARTESIAN_POINT('Origin',(0.5,-4.,-11.5));
#12864=CARTESIAN_POINT('Origin',(-0.5,4.,-11.5));
#12865=CARTESIAN_POINT('Origin',(0.,0.,0.));
#12866=CARTESIAN_POINT('',(-1.22464679914735E-16,-1.49975978266186E-32,
2.));
#12867=CARTESIAN_POINT('Origin',(0.,0.,0.));
#12868=CARTESIAN_POINT('',(0.,0.,0.));
#12869=CARTESIAN_POINT('Origin',(0.,0.,-3.25));
#12870=CARTESIAN_POINT('',(-2.5480975213472,-4.30199942139748,-3.25));
#12871=CARTESIAN_POINT('',(2.54809752134719,-4.30199942139748,-3.25));
#12872=CARTESIAN_POINT('Origin',(0.,0.,-3.25));
#12873=CARTESIAN_POINT('',(2.50490331836803,-4.03583440760753,-3.));
#12874=CARTESIAN_POINT('Ctrl Pts',(2.54809752134719,-4.30199942139748,-3.25));
#12875=CARTESIAN_POINT('Ctrl Pts',(2.54809752134719,-4.30199942139748,-3.2194293510573));
#12876=CARTESIAN_POINT('Ctrl Pts',(2.54705984590774,-4.29609822285782,-3.18924966377252));
#12877=CARTESIAN_POINT('Ctrl Pts',(2.5430440287894,-4.27296912712653,-3.13171615035033));
#12878=CARTESIAN_POINT('Ctrl Pts',(2.54005803452617,-4.25568048067097,-3.10519587776));
#12879=CARTESIAN_POINT('Ctrl Pts',(2.53247868641956,-4.21083707135964,-3.05825162636339));
#12880=CARTESIAN_POINT('Ctrl Pts',(2.52787510934032,-4.18314855225248,-3.03888068896863));
#12881=CARTESIAN_POINT('Ctrl Pts',(2.52010265038894,-4.13487198373367,-3.01692771573379));
#12882=CARTESIAN_POINT('Ctrl Pts',(2.5171509210173,-4.11622835981947,-3.01077024260985));
#12883=CARTESIAN_POINT('Ctrl Pts',(2.51119146472401,-4.07778537122441,-3.0023637587345));
#12884=CARTESIAN_POINT('Ctrl Pts',(2.50819425689677,-4.05804368228485,-3.00017447827673));
#12885=CARTESIAN_POINT('Ctrl Pts',(2.50514131165866,-4.03744273148821,-3.00000333897081));
#12886=CARTESIAN_POINT('Ctrl Pts',(2.50502225771309,-4.03663857886879,-3.));
#12887=CARTESIAN_POINT('Ctrl Pts',(2.50490331836804,-4.03583440760753,-3.));
#12888=CARTESIAN_POINT('',(-2.50490331836804,-4.03583440760752,-3.));
#12889=CARTESIAN_POINT('Origin',(0.,0.,-3.));
#12890=CARTESIAN_POINT('Ctrl Pts',(-2.5480975213472,-4.30199942139748,-3.25));
#12891=CARTESIAN_POINT('Ctrl Pts',(-2.5480975213472,-4.30199942139748,-3.21943119792316));
#12892=CARTESIAN_POINT('Ctrl Pts',(-2.54705997162471,-4.29609893514538,
-3.18925328685214));
#12893=CARTESIAN_POINT('Ctrl Pts',(-2.54304511878531,-4.27297541710696,
-3.13172988716564));
#12894=CARTESIAN_POINT('Ctrl Pts',(-2.54006041621258,-4.25569429016263,
-3.10521641317083));
#12895=CARTESIAN_POINT('Ctrl Pts',(-2.53248532665571,-4.21087665954947,
-3.05828657750577));
#12896=CARTESIAN_POINT('Ctrl Pts',(-2.52788500910593,-4.18320844370417,
-3.03892001866863));
#12897=CARTESIAN_POINT('Ctrl Pts',(-2.52011356827734,-4.13494073230087,
-3.01695191696599));
#12898=CARTESIAN_POINT('Ctrl Pts',(-2.51715937688523,-4.11628238096173,
-3.0107848306372));
#12899=CARTESIAN_POINT('Ctrl Pts',(-2.51119682041337,-4.07782044967702,
-3.00236863051073));
#12900=CARTESIAN_POINT('Ctrl Pts',(-2.50819900066417,-4.05807524412197,
-3.00017663985523));
#12901=CARTESIAN_POINT('Ctrl Pts',(-2.5051440580371,-4.03746128185896,-3.00000341643922));
#12902=CARTESIAN_POINT('Ctrl Pts',(-2.50502362957431,-4.03664785428026,
-3.));
#12903=CARTESIAN_POINT('Ctrl Pts',(-2.50490331836804,-4.03583440760752,
-3.));
#12904=CARTESIAN_POINT('Origin',(2.82842712474619,-2.82842712474619,-3.25));
#12905=CARTESIAN_POINT('',(4.30199942139748,-2.5480975213472,-3.25));
#12906=CARTESIAN_POINT('Origin',(2.82842712474619,-2.82842712474619,-3.25));
#12907=CARTESIAN_POINT('',(4.03583440760752,-2.50490331836804,-3.));
#12908=CARTESIAN_POINT('Ctrl Pts',(4.30199942139748,-2.5480975213472,-3.25));
#12909=CARTESIAN_POINT('Ctrl Pts',(4.30199942139748,-2.5480975213472,-3.21943119792316));
#12910=CARTESIAN_POINT('Ctrl Pts',(4.29609893514538,-2.54705997162471,-3.18925328685213));
#12911=CARTESIAN_POINT('Ctrl Pts',(4.27297541710696,-2.54304511878531,-3.13172988716564));
#12912=CARTESIAN_POINT('Ctrl Pts',(4.25569429016263,-2.54006041621257,-3.10521641317083));
#12913=CARTESIAN_POINT('Ctrl Pts',(4.21087665954947,-2.53248532665571,-3.05828657750577));
#12914=CARTESIAN_POINT('Ctrl Pts',(4.18320844370416,-2.52788500910593,-3.03892001866863));
#12915=CARTESIAN_POINT('Ctrl Pts',(4.13494073230087,-2.52011356827734,-3.01695191696599));
#12916=CARTESIAN_POINT('Ctrl Pts',(4.11628238096173,-2.51715937688523,-3.01078483063721));
#12917=CARTESIAN_POINT('Ctrl Pts',(4.07782044967703,-2.51119682041337,-3.00236863051073));
#12918=CARTESIAN_POINT('Ctrl Pts',(4.05807524412199,-2.50819900066416,-3.00017663985523));
#12919=CARTESIAN_POINT('Ctrl Pts',(4.03746128185896,-2.50514405803711,-3.00000341643922));
#12920=CARTESIAN_POINT('Ctrl Pts',(4.03664785428026,-2.50502362957431,-3.));
#12921=CARTESIAN_POINT('Ctrl Pts',(4.03583440760752,-2.50490331836804,-3.));
#12922=CARTESIAN_POINT('Origin',(2.82842712474619,-2.82842712474619,-3.));
#12923=CARTESIAN_POINT('Origin',(0.,0.,-3.25));
#12924=CARTESIAN_POINT('',(-2.50490331836804,4.03583440760753,-3.));
#12925=CARTESIAN_POINT('',(2.50490331836804,4.03583440760752,-3.));
#12926=CARTESIAN_POINT('Origin',(0.,0.,-3.));
#12927=CARTESIAN_POINT('',(2.5480975213472,4.30199942139748,-3.25));
#12928=CARTESIAN_POINT('Ctrl Pts',(2.50490331836804,4.03583440760752,-3.));
#12929=CARTESIAN_POINT('Ctrl Pts',(2.50502225771309,4.0366385788688,-3.));
#12930=CARTESIAN_POINT('Ctrl Pts',(2.50514131165866,4.0374427314882,-3.00000333897081));
#12931=CARTESIAN_POINT('Ctrl Pts',(2.50900092104271,4.06348696641982,-3.00021969754248));
#12932=CARTESIAN_POINT('Ctrl Pts',(2.51284288308826,4.08862228498253,-3.00372060733108));
#12933=CARTESIAN_POINT('Ctrl Pts',(2.52039942370897,4.13682561483178,-3.01722751415634));
#12934=CARTESIAN_POINT('Ctrl Pts',(2.52409105595017,4.15977043022895,-3.02709081853557));
#12935=CARTESIAN_POINT('Ctrl Pts',(2.53215344323294,4.20896567255189,-3.05697916770376));
#12936=CARTESIAN_POINT('Ctrl Pts',(2.53630457963901,4.23357892699805,-3.07898845763819));
#12937=CARTESIAN_POINT('Ctrl Pts',(2.54284402598797,4.27186549618127,-3.1299863527586));
#12938=CARTESIAN_POINT('Ctrl Pts',(2.54524785191992,4.28567830023688,-3.15799548767139));
#12939=CARTESIAN_POINT('Ctrl Pts',(2.54761055090915,4.29922434448765,-3.20820725396575));
#12940=CARTESIAN_POINT('Ctrl Pts',(2.5480975213472,4.30199942139748,-3.22904050736605));
#12941=CARTESIAN_POINT('Ctrl Pts',(2.5480975213472,4.30199942139748,-3.25));
#12942=CARTESIAN_POINT('',(-2.54809752134719,4.30199942139748,-3.25));
#12943=CARTESIAN_POINT('Origin',(0.,0.,-3.25));
#12944=CARTESIAN_POINT('Ctrl Pts',(-2.54809752134719,4.30199942139748,-3.25));
#12945=CARTESIAN_POINT('Ctrl Pts',(-2.54809752134719,4.30199942139748,-3.2194293510573));
#12946=CARTESIAN_POINT('Ctrl Pts',(-2.54705984590774,4.29609822285781,-3.18924966377252));
#12947=CARTESIAN_POINT('Ctrl Pts',(-2.5430440287894,4.27296912712653,-3.13171615035033));
#12948=CARTESIAN_POINT('Ctrl Pts',(-2.54005803452617,4.25568048067096,-3.10519587776));
#12949=CARTESIAN_POINT('Ctrl Pts',(-2.53247868641956,4.21083707135964,-3.05825162636339));
#12950=CARTESIAN_POINT('Ctrl Pts',(-2.52787510934032,4.18314855225249,-3.03888068896863));
#12951=CARTESIAN_POINT('Ctrl Pts',(-2.52010265038894,4.13487198373367,-3.01692771573379));
#12952=CARTESIAN_POINT('Ctrl Pts',(-2.5171509210173,4.11622835981948,-3.01077024260985));
#12953=CARTESIAN_POINT('Ctrl Pts',(-2.51119146472401,4.07778537122438,-3.00236375873449));
#12954=CARTESIAN_POINT('Ctrl Pts',(-2.50819425689674,4.05804368228469,-3.00017447827673));
#12955=CARTESIAN_POINT('Ctrl Pts',(-2.50514131165866,4.03744273148822,-3.00000333897081));
#12956=CARTESIAN_POINT('Ctrl Pts',(-2.50502225771309,4.03663857886878,-3.));
#12957=CARTESIAN_POINT('Ctrl Pts',(-2.50490331836804,4.03583440760753,-3.));
#12958=CARTESIAN_POINT('Origin',(2.82842712474619,2.82842712474619,-3.25));
#12959=CARTESIAN_POINT('',(4.03583440760753,2.50490331836804,-3.));
#12960=CARTESIAN_POINT('Origin',(2.82842712474619,2.82842712474619,-3.));
#12961=CARTESIAN_POINT('',(4.30199942139748,2.54809752134719,-3.25));
#12962=CARTESIAN_POINT('Ctrl Pts',(4.03583440760753,2.50490331836804,-3.));
#12963=CARTESIAN_POINT('Ctrl Pts',(4.03664785428025,2.50502362957431,-3.));
#12964=CARTESIAN_POINT('Ctrl Pts',(4.03746128185897,2.5051440580371,-3.00000341643922));
#12965=CARTESIAN_POINT('Ctrl Pts',(4.05807524412197,2.50819900066416,-3.00017663985523));
#12966=CARTESIAN_POINT('Ctrl Pts',(4.07782044967702,2.51119682041337,-3.00236863051073));
#12967=CARTESIAN_POINT('Ctrl Pts',(4.11628238096173,2.51715937688522,-3.0107848306372));
#12968=CARTESIAN_POINT('Ctrl Pts',(4.13494073230087,2.52011356827733,-3.01695191696599));
#12969=CARTESIAN_POINT('Ctrl Pts',(4.18320844370417,2.52788500910593,-3.03892001866863));
#12970=CARTESIAN_POINT('Ctrl Pts',(4.21087665954947,2.53248532665571,-3.05828657750577));
#12971=CARTESIAN_POINT('Ctrl Pts',(4.25569429016264,2.54006041621257,-3.10521641317083));
#12972=CARTESIAN_POINT('Ctrl Pts',(4.27297541710696,2.54304511878531,-3.13172988716564));
#12973=CARTESIAN_POINT('Ctrl Pts',(4.29609893514538,2.54705997162471,-3.18925328685213));
#12974=CARTESIAN_POINT('Ctrl Pts',(4.30199942139748,2.54809752134719,-3.21943119792316));
#12975=CARTESIAN_POINT('Ctrl Pts',(4.30199942139748,2.54809752134719,-3.25));
#12976=CARTESIAN_POINT('Origin',(2.82842712474619,2.82842712474619,-3.25));
#12977=CARTESIAN_POINT('Origin',(0.,0.,-3.25));
#12978=CARTESIAN_POINT('Origin',(0.,0.,-3.25));
#12979=CARTESIAN_POINT('Origin',(0.,0.,-3.));
#12980=CARTESIAN_POINT('Origin',(-2.82842712474619,2.82842712474619,-3.25));
#12981=CARTESIAN_POINT('',(-4.03583440760752,2.50490331836804,-3.));
#12982=CARTESIAN_POINT('Origin',(-2.82842712474619,2.82842712474619,-3.));
#12983=CARTESIAN_POINT('',(-4.30199942139748,2.5480975213472,-3.25));
#12984=CARTESIAN_POINT('Origin',(-2.82842712474619,2.82842712474619,-3.25));
#12985=CARTESIAN_POINT('Ctrl Pts',(-4.30199942139748,2.54809752134719,-3.25));
#12986=CARTESIAN_POINT('Ctrl Pts',(-4.30199942139748,2.54809752134719,-3.21943119792317));
#12987=CARTESIAN_POINT('Ctrl Pts',(-4.29609893514538,2.54705997162471,-3.18925328685214));
#12988=CARTESIAN_POINT('Ctrl Pts',(-4.27297541710696,2.54304511878531,-3.13172988716564));
#12989=CARTESIAN_POINT('Ctrl Pts',(-4.25569429016263,2.54006041621257,-3.10521641317083));
#12990=CARTESIAN_POINT('Ctrl Pts',(-4.21087665954947,2.53248532665571,-3.05828657750577));
#12991=CARTESIAN_POINT('Ctrl Pts',(-4.18320844370417,2.52788500910593,-3.03892001866863));
#12992=CARTESIAN_POINT('Ctrl Pts',(-4.13494073230087,2.52011356827734,-3.01695191696599));
#12993=CARTESIAN_POINT('Ctrl Pts',(-4.11628238096173,2.51715937688523,-3.0107848306372));
#12994=CARTESIAN_POINT('Ctrl Pts',(-4.07782044967702,2.51119682041337,-3.00236863051073));
#12995=CARTESIAN_POINT('Ctrl Pts',(-4.05807524412195,2.50819900066416,-3.00017663985523));
#12996=CARTESIAN_POINT('Ctrl Pts',(-4.03746128185896,2.50514405803711,-3.00000341643922));
#12997=CARTESIAN_POINT('Ctrl Pts',(-4.03664785428025,2.50502362957431,-3.));
#12998=CARTESIAN_POINT('Ctrl Pts',(-4.03583440760752,2.50490331836804,-3.));
#12999=CARTESIAN_POINT('Origin',(0.,0.,-3.25));
#13000=CARTESIAN_POINT('',(-4.03583440760753,-2.50490331836803,-3.));
#13001=CARTESIAN_POINT('Origin',(0.,0.,-3.));
#13002=CARTESIAN_POINT('',(-4.30199942139748,-2.54809752134719,-3.25));
#13003=CARTESIAN_POINT('Origin',(0.,0.,-3.25));
#13004=CARTESIAN_POINT('Ctrl Pts',(-4.30199942139748,-2.54809752134719,
-3.25));
#13005=CARTESIAN_POINT('Ctrl Pts',(-4.30199942139748,-2.54809752134719,
-3.2194293510573));
#13006=CARTESIAN_POINT('Ctrl Pts',(-4.29609822285781,-2.54705984590774,
-3.18924966377252));
#13007=CARTESIAN_POINT('Ctrl Pts',(-4.27296912712653,-2.54304402878941,
-3.13171615035033));
#13008=CARTESIAN_POINT('Ctrl Pts',(-4.25568048067097,-2.54005803452617,
-3.10519587776));
#13009=CARTESIAN_POINT('Ctrl Pts',(-4.21083707135964,-2.53247868641956,
-3.05825162636339));
#13010=CARTESIAN_POINT('Ctrl Pts',(-4.18314855225249,-2.52787510934032,
-3.03888068896863));
#13011=CARTESIAN_POINT('Ctrl Pts',(-4.13487198373367,-2.52010265038894,
-3.01692771573379));
#13012=CARTESIAN_POINT('Ctrl Pts',(-4.11622835981948,-2.51715092101729,
-3.01077024260985));
#13013=CARTESIAN_POINT('Ctrl Pts',(-4.07778537122442,-2.51119146472401,
-3.0023637587345));
#13014=CARTESIAN_POINT('Ctrl Pts',(-4.05804368228493,-2.5081942568968,-3.00017447827673));
#13015=CARTESIAN_POINT('Ctrl Pts',(-4.0374427314882,-2.50514131165865,-3.00000333897081));
#13016=CARTESIAN_POINT('Ctrl Pts',(-4.0366385788688,-2.50502225771309,-3.));
#13017=CARTESIAN_POINT('Ctrl Pts',(-4.03583440760753,-2.50490331836803,
-3.));
#13018=CARTESIAN_POINT('Origin',(-2.82842712474619,-2.82842712474619,-3.25));
#13019=CARTESIAN_POINT('Origin',(-2.82842712474619,-2.82842712474619,-3.));
#13020=CARTESIAN_POINT('Origin',(-2.82842712474619,-2.82842712474619,-3.25));
#13021=CARTESIAN_POINT('Origin',(-2.82842712474619,-2.82842712474619,-3.));
#13022=CARTESIAN_POINT('',(-4.30199942139748,-2.54809752134719,-7.75));
#13023=CARTESIAN_POINT('',(-4.30199942139748,-2.54809752134719,-3.));
#13024=CARTESIAN_POINT('',(-2.5480975213472,-4.30199942139748,-7.75));
#13025=CARTESIAN_POINT('Origin',(-2.82842712474619,-2.82842712474619,-7.75));
#13026=CARTESIAN_POINT('',(-2.5480975213472,-4.30199942139748,-3.));
#13027=CARTESIAN_POINT('',(-3.19828896662254,-4.28211286035889,-5.49999987706542));
#13028=CARTESIAN_POINT('Ctrl Pts',(-3.19828896662254,-4.28211286035889,
-5.49999987706542));
#13029=CARTESIAN_POINT('Ctrl Pts',(-3.19828896662254,-4.28211286035889,
-5.44220437735893));
#13030=CARTESIAN_POINT('Ctrl Pts',(-3.21111020325728,-4.27890104523676,
-5.32219238983623));
#13031=CARTESIAN_POINT('Ctrl Pts',(-3.27043186014784,-4.26300616800636,
-5.14729411668035));
#13032=CARTESIAN_POINT('Ctrl Pts',(-3.36584398084315,-4.23023424410211,
-4.99337758642213));
#13033=CARTESIAN_POINT('Ctrl Pts',(-3.51553958844541,-4.16796570807046,
-4.83072498690553));
#13034=CARTESIAN_POINT('Ctrl Pts',(-3.76565197744489,-4.01790923758838,
-4.69289175050953));
#13035=CARTESIAN_POINT('Ctrl Pts',(-3.97573729540535,-3.80692404227501,
-4.69507823663032));
#13036=CARTESIAN_POINT('Ctrl Pts',(-4.10932795984008,-3.61503979307936,
-4.77467001244876));
#13037=CARTESIAN_POINT('Ctrl Pts',(-4.18257892404126,-3.4784140062019,-4.873501135187));
#13038=CARTESIAN_POINT('Ctrl Pts',(-4.22230462030923,-3.38455729348658,
-4.9744766948402));
#13039=CARTESIAN_POINT('Ctrl Pts',(-4.2465776812938,-3.31800396416213,-5.07186413135138));
#13040=CARTESIAN_POINT('Ctrl Pts',(-4.27444453400787,-3.23201087807875,
-5.23178958323762));
#13041=CARTESIAN_POINT('Ctrl Pts',(-4.2848742998517,-3.18648176308715,-5.44377959840372));
#13042=CARTESIAN_POINT('Ctrl Pts',(-4.27899933505293,-3.21172410479917,
-5.6767727290246));
#13043=CARTESIAN_POINT('Ctrl Pts',(-4.2585917104463,-3.28373389422085,-5.8845113946208));
#13044=CARTESIAN_POINT('Ctrl Pts',(-4.20307303037377,-3.44773649087772,
-6.12394380951675));
#13045=CARTESIAN_POINT('Ctrl Pts',(-4.08653025647601,-3.66335726837884,
-6.26099069743315));
#13046=CARTESIAN_POINT('Ctrl Pts',(-3.96109130998882,-3.81312843026002,
-6.29382246521129));
#13047=CARTESIAN_POINT('Ctrl Pts',(-3.9212961877709,-3.85648044532894,-6.29855745526493));
#13048=CARTESIAN_POINT('Ctrl Pts',(-3.84136479243552,-3.93908909477564,
-6.30197588475095));
#13049=CARTESIAN_POINT('Ctrl Pts',(-3.68844764608996,-4.06643622120646,
-6.26968660179108));
#13050=CARTESIAN_POINT('Ctrl Pts',(-3.45332488601911,-4.19961607363682,
-6.11980777616876));
#13051=CARTESIAN_POINT('Ctrl Pts',(-3.25606952517405,-4.26841237017058,
-5.86529296583213));
#13052=CARTESIAN_POINT('Ctrl Pts',(-3.19828896662254,-4.28211286035889,
-5.61559087647841));
#13053=CARTESIAN_POINT('Ctrl Pts',(-3.19828896662254,-4.28211286035889,
-5.49999987706542));
#13054=CARTESIAN_POINT('Origin',(0.,0.,-5.5));
#13055=CARTESIAN_POINT('',(-4.30199942139748,2.5480975213472,-7.75));
#13056=CARTESIAN_POINT('',(-4.30199942139748,2.5480975213472,-3.));
#13057=CARTESIAN_POINT('Origin',(0.,0.,-7.75));
#13058=CARTESIAN_POINT('Origin',(-2.82842712474619,2.82842712474619,-3.));
#13059=CARTESIAN_POINT('',(-2.54809752134719,4.30199942139748,-7.75));
#13060=CARTESIAN_POINT('',(-2.54809752134719,4.30199942139748,-3.));
#13061=CARTESIAN_POINT('Origin',(-2.82842712474619,2.82842712474619,-7.75));
#13062=CARTESIAN_POINT('',(-4.28211286035889,3.19828896662254,-5.49999987706542));
#13063=CARTESIAN_POINT('Ctrl Pts',(-4.28211286035889,3.19828896662254,-5.49999987706542));
#13064=CARTESIAN_POINT('Ctrl Pts',(-4.28211286035889,3.19828896662254,-5.44220437735893));
#13065=CARTESIAN_POINT('Ctrl Pts',(-4.27890104523676,3.21111020325728,-5.32219238983623));
#13066=CARTESIAN_POINT('Ctrl Pts',(-4.26300616800636,3.27043186014783,-5.14729411668035));
#13067=CARTESIAN_POINT('Ctrl Pts',(-4.23023424410211,3.36584398084315,-4.99337758642213));
#13068=CARTESIAN_POINT('Ctrl Pts',(-4.16796570807046,3.51553958844541,-4.83072498690553));
#13069=CARTESIAN_POINT('Ctrl Pts',(-4.01790923758838,3.76565197744489,-4.69289175050953));
#13070=CARTESIAN_POINT('Ctrl Pts',(-3.80692404227501,3.97573729540535,-4.69507823663032));
#13071=CARTESIAN_POINT('Ctrl Pts',(-3.61503979307936,4.10932795984009,-4.77467001244876));
#13072=CARTESIAN_POINT('Ctrl Pts',(-3.4784140062019,4.18257892404127,-4.873501135187));
#13073=CARTESIAN_POINT('Ctrl Pts',(-3.38455729348658,4.22230462030923,-4.9744766948402));
#13074=CARTESIAN_POINT('Ctrl Pts',(-3.31800396416214,4.24657768129381,-5.07186413135138));
#13075=CARTESIAN_POINT('Ctrl Pts',(-3.23201087807875,4.27444453400787,-5.23178958323762));
#13076=CARTESIAN_POINT('Ctrl Pts',(-3.18648176308715,4.2848742998517,-5.44377959840372));
#13077=CARTESIAN_POINT('Ctrl Pts',(-3.21172410479917,4.27899933505293,-5.6767727290246));
#13078=CARTESIAN_POINT('Ctrl Pts',(-3.28373389422085,4.2585917104463,-5.88451139462081));
#13079=CARTESIAN_POINT('Ctrl Pts',(-3.44773649087773,4.20307303037377,-6.12394380951676));
#13080=CARTESIAN_POINT('Ctrl Pts',(-3.66335726837886,4.08653025647602,-6.26099069743317));
#13081=CARTESIAN_POINT('Ctrl Pts',(-3.81312843026004,3.96109130998883,-6.29382246521131));
#13082=CARTESIAN_POINT('Ctrl Pts',(-3.85648044532896,3.92129618777091,-6.29855745526496));
#13083=CARTESIAN_POINT('Ctrl Pts',(-3.93908909477565,3.84136479243553,-6.30197588475097));
#13084=CARTESIAN_POINT('Ctrl Pts',(-4.06643622120647,3.68844764608997,-6.2696866017911));
#13085=CARTESIAN_POINT('Ctrl Pts',(-4.19961607363683,3.45332488601912,-6.11980777616877));
#13086=CARTESIAN_POINT('Ctrl Pts',(-4.26841237017058,3.25606952517405,-5.86529296583215));
#13087=CARTESIAN_POINT('Ctrl Pts',(-4.28211286035889,3.19828896662254,-5.61559087647841));
#13088=CARTESIAN_POINT('Ctrl Pts',(-4.28211286035889,3.19828896662254,-5.49999987706542));
#13089=CARTESIAN_POINT('Origin',(0.,0.,-5.5));
#13090=CARTESIAN_POINT('',(2.5480975213472,4.30199942139748,-7.75));
#13091=CARTESIAN_POINT('',(2.5480975213472,4.30199942139748,-3.));
#13092=CARTESIAN_POINT('Origin',(0.,0.,-7.75));
#13093=CARTESIAN_POINT('Origin',(1.5,0.,-3.));
#13094=CARTESIAN_POINT('',(-3.17842712474619,-2.82842712474619,-3.));
#13095=CARTESIAN_POINT('Origin',(-2.82842712474619,-2.82842712474619,-3.));
#13096=CARTESIAN_POINT('',(3.17842712474619,2.82842712474619,-3.));
#13097=CARTESIAN_POINT('Origin',(2.82842712474619,2.82842712474619,-3.));
#13098=CARTESIAN_POINT('',(-2.,2.09530106753807E-15,-3.));
#13099=CARTESIAN_POINT('Origin',(0.,0.,-3.));
#13100=CARTESIAN_POINT('',(4.00000005960464,-0.450000000000001,-3.));
#13101=CARTESIAN_POINT('Origin',(4.00000005960464,-8.88178432935015E-16,
-3.));
#13102=CARTESIAN_POINT('',(-4.00000005960464,0.400000000000001,-3.));
#13103=CARTESIAN_POINT('Origin',(-4.00000005960464,2.44929363479203E-16,
-3.));
#13104=CARTESIAN_POINT('',(-0.400000000000001,-4.00000005960464,-3.));
#13105=CARTESIAN_POINT('Origin',(-4.89858726958405E-16,-4.00000005960464,
-3.));
#13106=CARTESIAN_POINT('',(0.45,4.00000005960464,-3.));
#13107=CARTESIAN_POINT('Origin',(0.,4.00000005960464,-3.));
#13108=CARTESIAN_POINT('',(-2.82842712474619,3.17842712474619,-3.));
#13109=CARTESIAN_POINT('Origin',(-2.82842712474619,2.82842712474619,-3.));
#13110=CARTESIAN_POINT('',(2.82842712474619,-3.17842712474619,-3.));
#13111=CARTESIAN_POINT('Origin',(2.82842712474619,-2.82842712474619,-3.));
#13112=CARTESIAN_POINT('Origin',(0.,0.,-7.75));
#13113=CARTESIAN_POINT('',(2.54809752134719,-4.30199942139748,-7.75));
#13114=CARTESIAN_POINT('Origin',(0.,0.,-7.75));
#13115=CARTESIAN_POINT('',(-2.50490331836804,-4.03583440760752,-8.));
#13116=CARTESIAN_POINT('Ctrl Pts',(-2.5480975213472,-4.30199942139748,-7.75));
#13117=CARTESIAN_POINT('Ctrl Pts',(-2.5480975213472,-4.30199942139748,-7.78057064894271));
#13118=CARTESIAN_POINT('Ctrl Pts',(-2.54705984590774,-4.29609822285781,
-7.81075033622749));
#13119=CARTESIAN_POINT('Ctrl Pts',(-2.54304402878941,-4.27296912712652,
-7.86828384964967));
#13120=CARTESIAN_POINT('Ctrl Pts',(-2.54005803452617,-4.25568048067096,
-7.89480412224));
#13121=CARTESIAN_POINT('Ctrl Pts',(-2.53247868641957,-4.21083707135964,
-7.94174837363661));
#13122=CARTESIAN_POINT('Ctrl Pts',(-2.52787510934032,-4.18314855225249,
-7.96111931103137));
#13123=CARTESIAN_POINT('Ctrl Pts',(-2.52010265038894,-4.13487198373367,
-7.98307228426622));
#13124=CARTESIAN_POINT('Ctrl Pts',(-2.5171509210173,-4.11622835981947,-7.98922975739016));
#13125=CARTESIAN_POINT('Ctrl Pts',(-2.51119146472409,-4.07778537122492,
-7.99763624126539));
#13126=CARTESIAN_POINT('Ctrl Pts',(-2.50819425689777,-4.05804368228768,
-7.99982552172324));
#13127=CARTESIAN_POINT('Ctrl Pts',(-2.50514131165851,-4.0374427314879,-7.9999966610292));
#13128=CARTESIAN_POINT('Ctrl Pts',(-2.50502225771315,-4.03663857886914,
-8.));
#13129=CARTESIAN_POINT('Ctrl Pts',(-2.50490331836804,-4.03583440760752,
-8.));
#13130=CARTESIAN_POINT('',(2.50490331836804,-4.03583440760753,-8.));
#13131=CARTESIAN_POINT('Origin',(0.,0.,-8.));
#13132=CARTESIAN_POINT('Ctrl Pts',(2.54809752134719,-4.30199942139748,-7.75));
#13133=CARTESIAN_POINT('Ctrl Pts',(2.54809752134719,-4.30199942139748,-7.78056880207684));
#13134=CARTESIAN_POINT('Ctrl Pts',(2.54705997162471,-4.29609893514538,-7.81074671314787));
#13135=CARTESIAN_POINT('Ctrl Pts',(2.54304511878531,-4.27297541710697,-7.86827011283436));
#13136=CARTESIAN_POINT('Ctrl Pts',(2.54006041621257,-4.25569429016264,-7.89478358682918));
#13137=CARTESIAN_POINT('Ctrl Pts',(2.53248532665571,-4.21087665954947,-7.94171342249424));
#13138=CARTESIAN_POINT('Ctrl Pts',(2.52788500910593,-4.18320844370416,-7.96107998133138));
#13139=CARTESIAN_POINT('Ctrl Pts',(2.52011356827733,-4.13494073230088,-7.98304808303401));
#13140=CARTESIAN_POINT('Ctrl Pts',(2.51715937688522,-4.11628238096173,-7.9892151693628));
#13141=CARTESIAN_POINT('Ctrl Pts',(2.51119682041344,-4.07782044967752,-7.99763136948917));
#13142=CARTESIAN_POINT('Ctrl Pts',(2.50819900066514,-4.05807524412479,-7.99982336014475));
#13143=CARTESIAN_POINT('Ctrl Pts',(2.50514405803694,-4.03746128185862,-7.99999658356078));
#13144=CARTESIAN_POINT('Ctrl Pts',(2.50502362957436,-4.03664785428059,-8.));
#13145=CARTESIAN_POINT('Ctrl Pts',(2.50490331836804,-4.03583440760753,-8.));
#13146=CARTESIAN_POINT('Origin',(-2.82842712474619,-2.82842712474619,-7.75));
#13147=CARTESIAN_POINT('',(-4.03583440760753,-2.50490331836804,-8.));
#13148=CARTESIAN_POINT('Ctrl Pts',(-4.30199942139748,-2.54809752134719,
-7.75));
#13149=CARTESIAN_POINT('Ctrl Pts',(-4.30199942139748,-2.54809752134719,
-7.78056880207684));
#13150=CARTESIAN_POINT('Ctrl Pts',(-4.29609893514538,-2.54705997162471,
-7.81074671314787));
#13151=CARTESIAN_POINT('Ctrl Pts',(-4.27297541710697,-2.54304511878531,
-7.86827011283436));
#13152=CARTESIAN_POINT('Ctrl Pts',(-4.25569429016264,-2.54006041621257,
-7.89478358682917));
#13153=CARTESIAN_POINT('Ctrl Pts',(-4.21087665954947,-2.53248532665571,
-7.94171342249424));
#13154=CARTESIAN_POINT('Ctrl Pts',(-4.18320844370417,-2.52788500910593,
-7.96107998133137));
#13155=CARTESIAN_POINT('Ctrl Pts',(-4.13494073230087,-2.52011356827734,
-7.98304808303401));
#13156=CARTESIAN_POINT('Ctrl Pts',(-4.11628238096173,-2.51715937688523,
-7.9892151693628));
#13157=CARTESIAN_POINT('Ctrl Pts',(-4.07782044967751,-2.51119682041345,
-7.99763136948917));
#13158=CARTESIAN_POINT('Ctrl Pts',(-4.05807524412476,-2.50819900066514,
-7.99982336014475));
#13159=CARTESIAN_POINT('Ctrl Pts',(-4.03746128185862,-2.50514405803695,
-7.99999658356078));
#13160=CARTESIAN_POINT('Ctrl Pts',(-4.03664785428058,-2.50502362957436,
-8.));
#13161=CARTESIAN_POINT('Ctrl Pts',(-4.03583440760753,-2.50490331836804,
-8.));
#13162=CARTESIAN_POINT('Origin',(-2.82842712474619,-2.82842712474619,-8.));
#13163=CARTESIAN_POINT('Origin',(0.,0.,-7.75));
#13164=CARTESIAN_POINT('',(-4.03583440760753,2.50490331836804,-8.));
#13165=CARTESIAN_POINT('Ctrl Pts',(-4.30199942139748,2.54809752134719,-7.75));
#13166=CARTESIAN_POINT('Ctrl Pts',(-4.30199942139748,2.54809752134719,-7.7805706489427));
#13167=CARTESIAN_POINT('Ctrl Pts',(-4.29609822285781,2.54705984590774,-7.81075033622748));
#13168=CARTESIAN_POINT('Ctrl Pts',(-4.27296912712653,2.5430440287894,-7.86828384964967));
#13169=CARTESIAN_POINT('Ctrl Pts',(-4.25568048067096,2.54005803452617,-7.89480412224));
#13170=CARTESIAN_POINT('Ctrl Pts',(-4.21083707135964,2.53247868641956,-7.94174837363661));
#13171=CARTESIAN_POINT('Ctrl Pts',(-4.18314855225249,2.52787510934032,-7.96111931103137));
#13172=CARTESIAN_POINT('Ctrl Pts',(-4.13487198373367,2.52010265038894,-7.98307228426622));
#13173=CARTESIAN_POINT('Ctrl Pts',(-4.11622835981947,2.5171509210173,-7.98922975739016));
#13174=CARTESIAN_POINT('Ctrl Pts',(-4.07778537122493,2.5111914647241,-7.99763624126539));
#13175=CARTESIAN_POINT('Ctrl Pts',(-4.05804368228773,2.50819425689778,-7.99982552172324));
#13176=CARTESIAN_POINT('Ctrl Pts',(-4.0374427314879,2.50514131165851,-7.9999966610292));
#13177=CARTESIAN_POINT('Ctrl Pts',(-4.03663857886914,2.50502225771315,-8.));
#13178=CARTESIAN_POINT('Ctrl Pts',(-4.03583440760753,2.50490331836804,-8.));
#13179=CARTESIAN_POINT('Origin',(0.,0.,-8.));
#13180=CARTESIAN_POINT('Origin',(0.,0.,-7.75));
#13181=CARTESIAN_POINT('',(4.03583440760752,-2.50490331836804,-8.));
#13182=CARTESIAN_POINT('',(4.03583440760752,2.50490331836804,-8.));
#13183=CARTESIAN_POINT('Origin',(0.,0.,-8.));
#13184=CARTESIAN_POINT('',(4.30199942139748,2.54809752134719,-7.75));
#13185=CARTESIAN_POINT('Ctrl Pts',(4.03583440760753,2.50490331836804,-8.));
#13186=CARTESIAN_POINT('Ctrl Pts',(4.03663857886914,2.50502225771314,-8.));
#13187=CARTESIAN_POINT('Ctrl Pts',(4.03744273148791,2.50514131165851,-7.9999966610292));
#13188=CARTESIAN_POINT('Ctrl Pts',(4.0634869664234,2.50900092104398,-7.99978030245748));
#13189=CARTESIAN_POINT('Ctrl Pts',(4.08862228498317,2.51284288308836,-7.99627939266874));
#13190=CARTESIAN_POINT('Ctrl Pts',(4.13682561483177,2.52039942370897,-7.98277248584367));
#13191=CARTESIAN_POINT('Ctrl Pts',(4.15977043022895,2.52409105595017,-7.97290918146444));
#13192=CARTESIAN_POINT('Ctrl Pts',(4.20896567255189,2.53215344323294,-7.94302083229624));
#13193=CARTESIAN_POINT('Ctrl Pts',(4.23357892699805,2.53630457963901,-7.92101154236182));
#13194=CARTESIAN_POINT('Ctrl Pts',(4.27186549618127,2.54284402598797,-7.87001364724141));
#13195=CARTESIAN_POINT('Ctrl Pts',(4.28567830023688,2.54524785191991,-7.84200451232861));
#13196=CARTESIAN_POINT('Ctrl Pts',(4.29922434448765,2.54761055090915,-7.79179274603424));
#13197=CARTESIAN_POINT('Ctrl Pts',(4.30199942139748,2.54809752134719,-7.77095949263395));
#13198=CARTESIAN_POINT('Ctrl Pts',(4.30199942139748,2.54809752134719,-7.75));
#13199=CARTESIAN_POINT('',(4.30199942139748,-2.5480975213472,-7.75));
#13200=CARTESIAN_POINT('Origin',(0.,0.,-7.75));
#13201=CARTESIAN_POINT('Ctrl Pts',(4.30199942139748,-2.5480975213472,-7.75));
#13202=CARTESIAN_POINT('Ctrl Pts',(4.30199942139748,-2.5480975213472,-7.7805706489427));
#13203=CARTESIAN_POINT('Ctrl Pts',(4.29609822285781,-2.54705984590774,-7.81075033622748));
#13204=CARTESIAN_POINT('Ctrl Pts',(4.27296912712652,-2.54304402878941,-7.86828384964967));
#13205=CARTESIAN_POINT('Ctrl Pts',(4.25568048067096,-2.54005803452617,-7.89480412224));
#13206=CARTESIAN_POINT('Ctrl Pts',(4.21083707135964,-2.53247868641957,-7.94174837363661));
#13207=CARTESIAN_POINT('Ctrl Pts',(4.18314855225249,-2.52787510934032,-7.96111931103137));
#13208=CARTESIAN_POINT('Ctrl Pts',(4.13487198373367,-2.52010265038894,-7.98307228426622));
#13209=CARTESIAN_POINT('Ctrl Pts',(4.11622835981947,-2.5171509210173,-7.98922975739016));
#13210=CARTESIAN_POINT('Ctrl Pts',(4.07778537122494,-2.5111914647241,-7.99763624126539));
#13211=CARTESIAN_POINT('Ctrl Pts',(4.05804368228779,-2.5081942568978,-7.99982552172324));
#13212=CARTESIAN_POINT('Ctrl Pts',(4.03744273148789,-2.50514131165851,-7.9999966610292));
#13213=CARTESIAN_POINT('Ctrl Pts',(4.03663857886915,-2.50502225771315,-8.));
#13214=CARTESIAN_POINT('Ctrl Pts',(4.03583440760752,-2.50490331836804,-8.));
#13215=CARTESIAN_POINT('Origin',(-2.82842712474619,2.82842712474619,-7.75));
#13216=CARTESIAN_POINT('',(-2.50490331836804,4.03583440760752,-8.));
#13217=CARTESIAN_POINT('Ctrl Pts',(-2.54809752134719,4.30199942139748,-7.75));
#13218=CARTESIAN_POINT('Ctrl Pts',(-2.54809752134719,4.30199942139748,-7.78056880207684));
#13219=CARTESIAN_POINT('Ctrl Pts',(-2.54705997162471,4.29609893514538,-7.81074671314787));
#13220=CARTESIAN_POINT('Ctrl Pts',(-2.54304511878531,4.27297541710697,-7.86827011283436));
#13221=CARTESIAN_POINT('Ctrl Pts',(-2.54006041621258,4.25569429016264,-7.89478358682917));
#13222=CARTESIAN_POINT('Ctrl Pts',(-2.53248532665571,4.21087665954947,-7.94171342249424));
#13223=CARTESIAN_POINT('Ctrl Pts',(-2.52788500910593,4.18320844370417,-7.96107998133137));
#13224=CARTESIAN_POINT('Ctrl Pts',(-2.52011356827734,4.13494073230087,-7.98304808303401));
#13225=CARTESIAN_POINT('Ctrl Pts',(-2.51715937688522,4.11628238096173,-7.9892151693628));
#13226=CARTESIAN_POINT('Ctrl Pts',(-2.51119682041344,4.07782044967751,-7.99763136948917));
#13227=CARTESIAN_POINT('Ctrl Pts',(-2.50819900066513,4.05807524412473,-7.99982336014475));
#13228=CARTESIAN_POINT('Ctrl Pts',(-2.50514405803695,4.03746128185862,-7.99999658356078));
#13229=CARTESIAN_POINT('Ctrl Pts',(-2.50502362957436,4.03664785428058,-8.));
#13230=CARTESIAN_POINT('Ctrl Pts',(-2.50490331836804,4.03583440760753,-8.));
#13231=CARTESIAN_POINT('Origin',(-2.82842712474619,2.82842712474619,-8.));
#13232=CARTESIAN_POINT('Origin',(0.,0.,-7.75));
#13233=CARTESIAN_POINT('',(2.50490331836804,4.03583440760752,-8.));
#13234=CARTESIAN_POINT('Ctrl Pts',(2.5480975213472,4.30199942139748,-7.75));
#13235=CARTESIAN_POINT('Ctrl Pts',(2.5480975213472,4.30199942139748,-7.7805706489427));
#13236=CARTESIAN_POINT('Ctrl Pts',(2.54705984590774,4.29609822285781,-7.81075033622749));
#13237=CARTESIAN_POINT('Ctrl Pts',(2.54304402878941,4.27296912712652,-7.86828384964967));
#13238=CARTESIAN_POINT('Ctrl Pts',(2.54005803452617,4.25568048067097,-7.89480412224));
#13239=CARTESIAN_POINT('Ctrl Pts',(2.53247868641956,4.21083707135964,-7.94174837363661));
#13240=CARTESIAN_POINT('Ctrl Pts',(2.52787510934032,4.18314855225249,-7.96111931103138));
#13241=CARTESIAN_POINT('Ctrl Pts',(2.52010265038894,4.13487198373367,-7.98307228426622));
#13242=CARTESIAN_POINT('Ctrl Pts',(2.5171509210173,4.11622835981947,-7.98922975739016));
#13243=CARTESIAN_POINT('Ctrl Pts',(2.5111914647241,4.07778537122493,-7.99763624126539));
#13244=CARTESIAN_POINT('Ctrl Pts',(2.50819425689779,4.05804368228776,-7.99982552172324));
#13245=CARTESIAN_POINT('Ctrl Pts',(2.50514131165851,4.0374427314879,-7.9999966610292));
#13246=CARTESIAN_POINT('Ctrl Pts',(2.50502225771315,4.03663857886915,-8.));
#13247=CARTESIAN_POINT('Ctrl Pts',(2.50490331836804,4.03583440760753,-8.));
#13248=CARTESIAN_POINT('Origin',(0.,0.,-8.));
#13249=CARTESIAN_POINT('Origin',(2.82842712474619,2.82842712474619,-7.75));
#13250=CARTESIAN_POINT('Origin',(2.82842712474619,2.82842712474619,-8.));
#13251=CARTESIAN_POINT('Origin',(2.82842712474619,2.82842712474619,-7.75));
#13252=CARTESIAN_POINT('Origin',(2.82842712474619,-2.82842712474619,-7.75));
#13253=CARTESIAN_POINT('Origin',(2.82842712474619,-2.82842712474619,-8.));
#13254=CARTESIAN_POINT('Origin',(2.82842712474619,-2.82842712474619,-7.75));
#13255=CARTESIAN_POINT('Origin',(0.,0.,-5.5));
#13256=CARTESIAN_POINT('',(2.54809752134719,-4.30199942139748,-3.));
#13257=CARTESIAN_POINT('Origin',(2.82842712474619,-2.82842712474619,-3.));
#13258=CARTESIAN_POINT('',(4.30199942139748,-2.5480975213472,-3.));
#13259=CARTESIAN_POINT('',(4.28211286035889,-3.19828896662254,-5.49999987706542));
#13260=CARTESIAN_POINT('Ctrl Pts',(4.28211286035889,-3.19828896662254,-5.49999987706542));
#13261=CARTESIAN_POINT('Ctrl Pts',(4.28211286035889,-3.19828896662254,-5.44220437735893));
#13262=CARTESIAN_POINT('Ctrl Pts',(4.27890104523676,-3.21111020325728,-5.32219238983623));
#13263=CARTESIAN_POINT('Ctrl Pts',(4.26300616800635,-3.27043186014783,-5.14729411668035));
#13264=CARTESIAN_POINT('Ctrl Pts',(4.23023424410211,-3.36584398084315,-4.99337758642213));
#13265=CARTESIAN_POINT('Ctrl Pts',(4.16796570807046,-3.51553958844541,-4.83072498690553));
#13266=CARTESIAN_POINT('Ctrl Pts',(4.01790923758838,-3.76565197744489,-4.69289175050952));
#13267=CARTESIAN_POINT('Ctrl Pts',(3.80692404227501,-3.97573729540534,-4.69507823663032));
#13268=CARTESIAN_POINT('Ctrl Pts',(3.61503979307935,-4.10932795984008,-4.77467001244876));
#13269=CARTESIAN_POINT('Ctrl Pts',(3.47841400620189,-4.18257892404126,-4.873501135187));
#13270=CARTESIAN_POINT('Ctrl Pts',(3.38455729348658,-4.22230462030922,-4.97447669484019));
#13271=CARTESIAN_POINT('Ctrl Pts',(3.31800396416213,-4.2465776812938,-5.07186413135138));
#13272=CARTESIAN_POINT('Ctrl Pts',(3.23201087807875,-4.27444453400787,-5.23178958323762));
#13273=CARTESIAN_POINT('Ctrl Pts',(3.18648176308715,-4.28487429985171,-5.44377959840372));
#13274=CARTESIAN_POINT('Ctrl Pts',(3.21172410479917,-4.27899933505293,-5.67677272902461));
#13275=CARTESIAN_POINT('Ctrl Pts',(3.28373389422086,-4.25859171044631,-5.88451139462081));
#13276=CARTESIAN_POINT('Ctrl Pts',(3.44773649087773,-4.20307303037377,-6.12394380951677));
#13277=CARTESIAN_POINT('Ctrl Pts',(3.66335726837887,-4.08653025647603,-6.26099069743318));
#13278=CARTESIAN_POINT('Ctrl Pts',(3.81312843026004,-3.96109130998884,-6.29382246521133));
#13279=CARTESIAN_POINT('Ctrl Pts',(3.85648044532897,-3.92129618777092,-6.29855745526498));
#13280=CARTESIAN_POINT('Ctrl Pts',(3.93908909477566,-3.84136479243554,-6.30197588475099));
#13281=CARTESIAN_POINT('Ctrl Pts',(4.06643622120648,-3.68844764608999,-6.26968660179111));
#13282=CARTESIAN_POINT('Ctrl Pts',(4.19961607363684,-3.45332488601913,-6.11980777616879));
#13283=CARTESIAN_POINT('Ctrl Pts',(4.26841237017059,-3.25606952517405,-5.86529296583215));
#13284=CARTESIAN_POINT('Ctrl Pts',(4.28211286035889,-3.19828896662254,-5.61559087647841));
#13285=CARTESIAN_POINT('Ctrl Pts',(4.28211286035889,-3.19828896662254,-5.49999987706542));
#13286=CARTESIAN_POINT('Origin',(0.,0.,-5.5));
#13287=CARTESIAN_POINT('',(4.30199942139748,2.54809752134719,-3.));
#13288=CARTESIAN_POINT('Origin',(-5.,6.12323399573677E-16,-8.));
#13289=CARTESIAN_POINT('',(3.17842712474619,2.82842712474619,-8.));
#13290=CARTESIAN_POINT('Origin',(2.82842712474619,2.82842712474619,-8.));
#13291=CARTESIAN_POINT('',(2.82842712474619,-3.17842712474619,-8.));
#13292=CARTESIAN_POINT('Origin',(2.82842712474619,-2.82842712474619,-8.));
#13293=CARTESIAN_POINT('',(-2.325,2.8473038080176E-16,-8.));
#13294=CARTESIAN_POINT('Origin',(0.,0.,-8.));
#13295=CARTESIAN_POINT('',(4.00000005960464,-0.450000000000001,-8.));
#13296=CARTESIAN_POINT('Origin',(4.00000005960464,-8.88178432935015E-16,
-8.));
#13297=CARTESIAN_POINT('',(-0.400000000000001,-4.00000005960464,-8.));
#13298=CARTESIAN_POINT('Origin',(-1.62296652337262E-15,-4.00000005960464,
-8.));
#13299=CARTESIAN_POINT('',(-4.00000005960464,0.400000000000001,-8.));
#13300=CARTESIAN_POINT('Origin',(-4.00000005960464,1.37803715989342E-15,
-8.));
#13301=CARTESIAN_POINT('',(0.45,4.00000005960464,-8.));
#13302=CARTESIAN_POINT('Origin',(0.,4.00000005960464,-8.));
#13303=CARTESIAN_POINT('',(-3.17842712474619,-2.82842712474619,-8.));
#13304=CARTESIAN_POINT('Origin',(-2.82842712474619,-2.82842712474619,-8.));
#13305=CARTESIAN_POINT('',(-2.82842712474619,3.17842712474619,-8.));
#13306=CARTESIAN_POINT('Origin',(-2.82842712474619,2.82842712474619,-8.));
#13307=CARTESIAN_POINT('Origin',(2.82842712474619,2.82842712474619,-7.5));
#13308=CARTESIAN_POINT('',(3.12842712474619,2.82842712474619,-7.));
#13309=CARTESIAN_POINT('',(3.15342712474619,2.82842712474619,-7.5));
#13310=CARTESIAN_POINT('Origin',(2.82842712474619,2.82842712474619,-7.));
#13311=CARTESIAN_POINT('Origin',(2.82842712474619,2.82842712474619,-3.));
#13312=CARTESIAN_POINT('',(3.12842712474619,2.82842712474619,-4.));
#13313=CARTESIAN_POINT('Origin',(2.82842712474619,2.82842712474619,-4.));
#13314=CARTESIAN_POINT('',(3.12842712474619,2.82842712474619,-5.28786784270946));
#13315=CARTESIAN_POINT('',(3.12842712474619,2.82842712474619,-3.));
#13316=CARTESIAN_POINT('',(3.04055915910215,2.61629509039023,-5.49999987706542));
#13317=CARTESIAN_POINT('Origin',(2.82842712474619,2.82842712474619,-5.49999987706542));
#13318=CARTESIAN_POINT('',(3.12842712474619,2.82842712474619,-5.71213191142139));
#13319=CARTESIAN_POINT('Origin',(2.82842712474619,2.82842712474619,-5.49999987706542));
#13320=CARTESIAN_POINT('',(3.12842712474619,2.82842712474619,-3.));
#13321=CARTESIAN_POINT('',(3.04055915910215,3.04055915910216,-5.79999987706542));
#13322=CARTESIAN_POINT('Origin',(2.82842712474619,2.82842712474619,-5.49999987706542));
#13323=CARTESIAN_POINT('',(2.61629509039023,3.04055915910216,-5.49999987706542));
#13324=CARTESIAN_POINT('Origin',(2.82842712474619,2.82842712474619,-5.49999987706542));
#13325=CARTESIAN_POINT('Origin',(2.82842712474619,2.82842712474619,-5.49999987706542));
#13326=CARTESIAN_POINT('Origin',(-2.82842712474619,2.82842712474619,-7.5));
#13327=CARTESIAN_POINT('',(-2.82842712474619,3.12842712474619,-7.));
#13328=CARTESIAN_POINT('',(-2.82842712474619,3.15342712474619,-7.5));
#13329=CARTESIAN_POINT('Origin',(-2.82842712474619,2.82842712474619,-7.));
#13330=CARTESIAN_POINT('Origin',(-2.82842712474619,2.82842712474619,-3.));
#13331=CARTESIAN_POINT('',(-2.82842712474619,3.12842712474619,-4.));
#13332=CARTESIAN_POINT('Origin',(-2.82842712474619,2.82842712474619,-4.));
#13333=CARTESIAN_POINT('',(-2.82842712474619,3.12842712474619,-5.28786784270946));
#13334=CARTESIAN_POINT('',(-2.82842712474619,3.12842712474619,-3.));
#13335=CARTESIAN_POINT('',(-2.61629509039023,3.04055915910215,-5.49999987706542));
#13336=CARTESIAN_POINT('Origin',(-2.82842712474619,2.82842712474619,-5.49999987706542));
#13337=CARTESIAN_POINT('',(-2.82842712474619,3.12842712474619,-5.71213191142139));
#13338=CARTESIAN_POINT('Origin',(-2.82842712474619,2.82842712474619,-5.49999987706542));
#13339=CARTESIAN_POINT('',(-2.82842712474619,3.12842712474619,-3.));
#13340=CARTESIAN_POINT('',(-3.04055915910216,3.04055915910215,-5.79999987706542));
#13341=CARTESIAN_POINT('Origin',(-2.82842712474619,2.82842712474619,-5.49999987706542));
#13342=CARTESIAN_POINT('',(-3.04055915910216,2.61629509039023,-5.49999987706542));
#13343=CARTESIAN_POINT('Origin',(-2.82842712474619,2.82842712474619,-5.49999987706542));
#13344=CARTESIAN_POINT('Origin',(-2.82842712474619,2.82842712474619,-5.49999987706542));
#13345=CARTESIAN_POINT('Origin',(2.82842712474619,-2.82842712474619,-7.5));
#13346=CARTESIAN_POINT('',(2.82842712474619,-3.12842712474619,-7.));
#13347=CARTESIAN_POINT('',(2.82842712474619,-3.15342712474619,-7.5));
#13348=CARTESIAN_POINT('Origin',(2.82842712474619,-2.82842712474619,-7.));
#13349=CARTESIAN_POINT('Origin',(2.82842712474619,-2.82842712474619,-3.));
#13350=CARTESIAN_POINT('',(2.82842712474619,-3.12842712474619,-4.));
#13351=CARTESIAN_POINT('Origin',(2.82842712474619,-2.82842712474619,-4.));
#13352=CARTESIAN_POINT('',(2.82842712474619,-3.12842712474619,-5.28786784270946));
#13353=CARTESIAN_POINT('',(2.82842712474619,-3.12842712474619,-3.));
#13354=CARTESIAN_POINT('',(2.61629509039023,-3.04055915910215,-5.49999987706542));
#13355=CARTESIAN_POINT('Origin',(2.82842712474619,-2.82842712474619,-5.49999987706542));
#13356=CARTESIAN_POINT('',(2.82842712474619,-3.12842712474619,-5.71213191142139));
#13357=CARTESIAN_POINT('Origin',(2.82842712474619,-2.82842712474619,-5.49999987706542));
#13358=CARTESIAN_POINT('',(2.82842712474619,-3.12842712474619,-3.));
#13359=CARTESIAN_POINT('',(3.04055915910215,-3.04055915910216,-5.79999987706542));
#13360=CARTESIAN_POINT('Origin',(2.82842712474619,-2.82842712474619,-5.49999987706542));
#13361=CARTESIAN_POINT('',(3.04055915910216,-2.61629509039023,-5.49999987706542));
#13362=CARTESIAN_POINT('Origin',(2.82842712474619,-2.82842712474619,-5.49999987706542));
#13363=CARTESIAN_POINT('Origin',(2.82842712474619,-2.82842712474619,-5.49999987706542));
#13364=CARTESIAN_POINT('Origin',(-2.82842712474619,-2.82842712474619,-7.5));
#13365=CARTESIAN_POINT('',(-3.12842712474619,-2.82842712474619,-7.));
#13366=CARTESIAN_POINT('',(-3.15342712474619,-2.82842712474619,-7.5));
#13367=CARTESIAN_POINT('Origin',(-2.82842712474619,-2.82842712474619,-7.));
#13368=CARTESIAN_POINT('Origin',(-2.82842712474619,-2.82842712474619,-3.));
#13369=CARTESIAN_POINT('',(-3.12842712474619,-2.82842712474619,-4.));
#13370=CARTESIAN_POINT('Origin',(-2.82842712474619,-2.82842712474619,-4.));
#13371=CARTESIAN_POINT('',(-3.12842712474619,-2.82842712474619,-5.28786784270946));
#13372=CARTESIAN_POINT('',(-3.12842712474619,-2.82842712474619,-3.));
#13373=CARTESIAN_POINT('',(-3.04055915910215,-2.61629509039023,-5.49999987706542));
#13374=CARTESIAN_POINT('Origin',(-2.82842712474619,-2.82842712474619,-5.49999987706542));
#13375=CARTESIAN_POINT('',(-3.12842712474619,-2.82842712474619,-5.71213191142139));
#13376=CARTESIAN_POINT('Origin',(-2.82842712474619,-2.82842712474619,-5.49999987706542));
#13377=CARTESIAN_POINT('',(-3.12842712474619,-2.82842712474619,-3.));
#13378=CARTESIAN_POINT('',(-3.04055915910216,-3.04055915910215,-5.79999987706542));
#13379=CARTESIAN_POINT('Origin',(-2.82842712474619,-2.82842712474619,-5.49999987706542));
#13380=CARTESIAN_POINT('',(-2.61629509039023,-3.04055915910216,-5.49999987706542));
#13381=CARTESIAN_POINT('Origin',(-2.82842712474619,-2.82842712474619,-5.49999987706542));
#13382=CARTESIAN_POINT('Origin',(-2.82842712474619,-2.82842712474619,-5.49999987706542));
#13383=CARTESIAN_POINT('Origin',(-2.82842712474619,-2.82842712474619,-3.5));
#13384=CARTESIAN_POINT('',(-3.15342712474619,-2.82842712474619,-3.5));
#13385=CARTESIAN_POINT('Origin',(2.82842712474619,-2.82842712474619,-3.5));
#13386=CARTESIAN_POINT('',(2.82842712474619,-3.15342712474619,-3.5));
#13387=CARTESIAN_POINT('Origin',(2.82842712474619,2.82842712474619,-3.5));
#13388=CARTESIAN_POINT('',(3.15342712474619,2.82842712474619,-3.5));
#13389=CARTESIAN_POINT('Origin',(-2.82842712474619,2.82842712474619,-3.5));
#13390=CARTESIAN_POINT('',(-2.82842712474619,3.15342712474619,-3.5));
#13391=CARTESIAN_POINT('Origin',(0.,0.,-7.5));
#13392=CARTESIAN_POINT('',(-2.125,-2.60237444818813E-16,-7.));
#13393=CARTESIAN_POINT('',(-2.225,2.72483912810286E-16,-7.5));
#13394=CARTESIAN_POINT('Origin',(0.,0.,-7.));
#13395=CARTESIAN_POINT('Origin',(0.,0.,-8.));
#13396=CARTESIAN_POINT('',(-2.125,2.60237444818813E-16,-4.));
#13397=CARTESIAN_POINT('',(-2.125,-2.60237444818813E-16,-8.));
#13398=CARTESIAN_POINT('Origin',(0.,0.,-4.));
#13399=CARTESIAN_POINT('Origin',(0.,0.,-2.5));
#13400=CARTESIAN_POINT('',(-1.5,1.93886984039776E-15,-2.5));
#13401=CARTESIAN_POINT('Origin',(-2.,-2.44929359829471E-16,-2.5));
#13402=CARTESIAN_POINT('Origin',(0.,0.,-2.5));
#13403=CARTESIAN_POINT('Origin',(0.,0.,-2.16143782776615));
#13404=CARTESIAN_POINT('',(-1.5,1.83697019872103E-16,-1.3228756555323));
#13405=CARTESIAN_POINT('',(1.5,0.,-1.3228756555323));
#13406=CARTESIAN_POINT('Origin',(-2.77555756156289E-16,-6.93889390390723E-16,
-1.3228756555323));
#13407=CARTESIAN_POINT('',(-1.5,-1.83697019872103E-16,-2.16143782776615));
#13408=CARTESIAN_POINT('Origin',(-2.77555756156289E-16,-6.93889390390723E-16,
-1.3228756555323));
#13409=CARTESIAN_POINT('Origin',(0.,0.,-4.));
#13410=CARTESIAN_POINT('Origin',(4.00000005960464,-8.88178432935015E-16,
-7.5));
#13411=CARTESIAN_POINT('',(4.00000005960464,-0.400000000000001,-7.));
#13412=CARTESIAN_POINT('',(4.00000005960464,-0.425000000000001,-7.5));
#13413=CARTESIAN_POINT('Origin',(4.00000005960464,-8.88178432935015E-16,
-7.));
#13414=CARTESIAN_POINT('Origin',(4.00000005960464,-8.88178432935015E-16,
-3.));
#13415=CARTESIAN_POINT('',(4.00000005960464,-0.400000000000001,-4.));
#13416=CARTESIAN_POINT('Origin',(4.00000005960464,-8.88178432935015E-16,
-4.));
#13417=CARTESIAN_POINT('',(4.00000005960464,-0.400000000000001,-3.));
#13418=CARTESIAN_POINT('Origin',(0.,4.00000005960464,-7.5));
#13419=CARTESIAN_POINT('',(0.4,4.00000005960464,-7.));
#13420=CARTESIAN_POINT('',(0.425,4.00000005960464,-7.5));
#13421=CARTESIAN_POINT('Origin',(0.,4.00000005960464,-7.));
#13422=CARTESIAN_POINT('Origin',(0.,4.00000005960464,-3.));
#13423=CARTESIAN_POINT('',(0.4,4.00000005960464,-4.));
#13424=CARTESIAN_POINT('Origin',(0.,4.00000005960464,-4.));
#13425=CARTESIAN_POINT('',(0.4,4.00000005960464,-3.));
#13426=CARTESIAN_POINT('Origin',(0.,4.00000005960464,-3.5));
#13427=CARTESIAN_POINT('',(0.425,4.00000005960464,-3.5));
#13428=CARTESIAN_POINT('Origin',(4.00000005960464,-8.88178432935015E-16,
-3.5));
#13429=CARTESIAN_POINT('',(4.00000005960464,-0.425000000000001,-3.5));
#13430=CARTESIAN_POINT('Ctrl Pts',(-4.28211286035889,3.19828896662254,-5.49999987706542));
#13431=CARTESIAN_POINT('Ctrl Pts',(-4.28211286035889,3.19828896662254,-5.61559087647841));
#13432=CARTESIAN_POINT('Ctrl Pts',(-4.26841237017058,3.25606952517405,-5.86529296583215));
#13433=CARTESIAN_POINT('Ctrl Pts',(-4.19961607363683,3.45332488601912,-6.11980777616877));
#13434=CARTESIAN_POINT('Ctrl Pts',(-4.06643622120647,3.68844764608997,-6.2696866017911));
#13435=CARTESIAN_POINT('Ctrl Pts',(-3.93908909477565,3.84136479243553,-6.30197588475097));
#13436=CARTESIAN_POINT('Ctrl Pts',(-3.85648044532896,3.92129618777091,-6.29855745526496));
#13437=CARTESIAN_POINT('Ctrl Pts',(-3.81312843026004,3.96109130998883,-6.29382246521131));
#13438=CARTESIAN_POINT('Ctrl Pts',(-3.66335726837886,4.08653025647602,-6.26099069743317));
#13439=CARTESIAN_POINT('Ctrl Pts',(-3.44773649087773,4.20307303037377,-6.12394380951676));
#13440=CARTESIAN_POINT('Ctrl Pts',(-3.28373389422085,4.2585917104463,-5.88451139462081));
#13441=CARTESIAN_POINT('Ctrl Pts',(-3.21172410479917,4.27899933505293,-5.6767727290246));
#13442=CARTESIAN_POINT('Ctrl Pts',(-3.18648176308715,4.2848742998517,-5.44377959840372));
#13443=CARTESIAN_POINT('Ctrl Pts',(-3.23201087807875,4.27444453400787,-5.23178958323762));
#13444=CARTESIAN_POINT('Ctrl Pts',(-3.31800396416214,4.24657768129381,-5.07186413135138));
#13445=CARTESIAN_POINT('Ctrl Pts',(-3.38455729348658,4.22230462030923,-4.9744766948402));
#13446=CARTESIAN_POINT('Ctrl Pts',(-3.4784140062019,4.18257892404127,-4.873501135187));
#13447=CARTESIAN_POINT('Ctrl Pts',(-3.61503979307936,4.10932795984009,-4.77467001244876));
#13448=CARTESIAN_POINT('Ctrl Pts',(-3.80692404227501,3.97573729540535,-4.69507823663032));
#13449=CARTESIAN_POINT('Ctrl Pts',(-4.01790923758838,3.76565197744489,-4.69289175050953));
#13450=CARTESIAN_POINT('Ctrl Pts',(-4.16796570807046,3.51553958844541,-4.83072498690553));
#13451=CARTESIAN_POINT('Ctrl Pts',(-4.23023424410211,3.36584398084315,-4.99337758642213));
#13452=CARTESIAN_POINT('Ctrl Pts',(-4.26300616800636,3.27043186014783,-5.14729411668035));
#13453=CARTESIAN_POINT('Ctrl Pts',(-4.27890104523676,3.21111020325728,-5.32219238983623));
#13454=CARTESIAN_POINT('Ctrl Pts',(-4.28211286035889,3.19828896662254,-5.44220437735893));
#13455=CARTESIAN_POINT('Ctrl Pts',(-4.28211286035889,3.19828896662254,-5.49999987706542));
#13456=CARTESIAN_POINT('Ctrl Pts',(-3.95539930168535,3.09142868295714,-5.49999987706542));
#13457=CARTESIAN_POINT('Ctrl Pts',(-3.95539930168535,3.09142868295714,-5.60222395561949));
#13458=CARTESIAN_POINT('Ctrl Pts',(-3.93078553616104,3.14955010064139,-5.82092311718916));
#13459=CARTESIAN_POINT('Ctrl Pts',(-3.85621634434475,3.31739996024989,-6.00980095075081));
#13460=CARTESIAN_POINT('Ctrl Pts',(-3.75424595555639,3.48967419606673,-6.11280503502496));
#13461=CARTESIAN_POINT('Ctrl Pts',(-3.66468778538966,3.59653131251942,-6.13444440019767));
#13462=CARTESIAN_POINT('Ctrl Pts',(-3.60693283578062,3.65247266365318,-6.13213095079416));
#13463=CARTESIAN_POINT('Ctrl Pts',(-3.57656004244135,3.68042444710171,-6.12895349939556));
#13464=CARTESIAN_POINT('Ctrl Pts',(-3.47156718112207,3.76890198577147,-6.10644655147626));
#13465=CARTESIAN_POINT('Ctrl Pts',(-3.31384331346834,3.85840292493195,-6.01499179560916));
#13466=CARTESIAN_POINT('Ctrl Pts',(-3.17200911236076,3.92106735411983,-5.83208240416316));
#13467=CARTESIAN_POINT('Ctrl Pts',(-3.10454071926918,3.95003711690043,-5.65643929911615));
#13468=CARTESIAN_POINT('Ctrl Pts',(-3.07952630152259,3.96042420472043,-5.45002515003355));
#13469=CARTESIAN_POINT('Ctrl Pts',(-3.1250441086354,3.94146155168963,-5.26357156337626));
#13470=CARTESIAN_POINT('Ctrl Pts',(-3.20145241817881,3.90780907233974,-5.13550144553219));
#13471=CARTESIAN_POINT('Ctrl Pts',(-3.25809755024037,3.88189915040166,-5.06022561813544));
#13472=CARTESIAN_POINT('Ctrl Pts',(-3.33371297348025,3.8449562205141,-4.98634632567745));
#13473=CARTESIAN_POINT('Ctrl Pts',(-3.43612496144336,3.78674283556623,-4.9173823273096));
#13474=CARTESIAN_POINT('Ctrl Pts',(-3.57306049609414,3.6895824562242,-4.86334435003195));
#13475=CARTESIAN_POINT('Ctrl Pts',(-3.71860101804601,3.54476102655752,-4.86187849661587));
#13476=CARTESIAN_POINT('Ctrl Pts',(-3.83086741353834,3.36397457973058,-4.95526542829281));
#13477=CARTESIAN_POINT('Ctrl Pts',(-3.88916203683164,3.24317932274637,-5.07404654694109));
#13478=CARTESIAN_POINT('Ctrl Pts',(-3.92640896525885,3.16010081019615,-5.19480243206025));
#13479=CARTESIAN_POINT('Ctrl Pts',(-3.95008666080226,3.10397837581495,-5.3427181920785));
#13480=CARTESIAN_POINT('Ctrl Pts',(-3.95539930168535,3.09142868295714,-5.44888783778839));
#13481=CARTESIAN_POINT('Ctrl Pts',(-3.95539930168535,3.09142868295714,-5.49999987706542));
#13482=CARTESIAN_POINT('Ctrl Pts',(-3.62868574301182,2.98456839929175,-5.49999987706542));
#13483=CARTESIAN_POINT('Ctrl Pts',(-3.62868574301182,2.98456839929175,-5.58885703476056));
#13484=CARTESIAN_POINT('Ctrl Pts',(-3.59315870215149,3.04303067610874,-5.77655326854617));
#13485=CARTESIAN_POINT('Ctrl Pts',(-3.51281661505266,3.18147503448066,-5.89979412533284));
#13486=CARTESIAN_POINT('Ctrl Pts',(-3.44205568990632,3.29090074604348,-5.95592346825883));
#13487=CARTESIAN_POINT('Ctrl Pts',(-3.39028647600366,3.35169783260331,-5.96691291564437));
#13488=CARTESIAN_POINT('Ctrl Pts',(-3.35738522623229,3.38364913953545,-5.96570444632336));
#13489=CARTESIAN_POINT('Ctrl Pts',(-3.33999165462266,3.39975758421458,-5.96408453357982));
#13490=CARTESIAN_POINT('Ctrl Pts',(-3.27977709386529,3.45127371506693,-5.95190240551935));
#13491=CARTESIAN_POINT('Ctrl Pts',(-3.17995013605895,3.51373281949012,-5.90603978170156));
#13492=CARTESIAN_POINT('Ctrl Pts',(-3.06028433050067,3.58354299779337,-5.77965341370552));
#13493=CARTESIAN_POINT('Ctrl Pts',(-2.99735733373918,3.62107489874794,-5.6361058692077));
#13494=CARTESIAN_POINT('Ctrl Pts',(-2.97257083995804,3.63597410958917,-5.45627070166338));
#13495=CARTESIAN_POINT('Ctrl Pts',(-3.01807733919205,3.60847856937139,-5.29535354351489));
#13496=CARTESIAN_POINT('Ctrl Pts',(-3.08490087219548,3.56904046338567,-5.19913875971299));
#13497=CARTESIAN_POINT('Ctrl Pts',(-3.13163780699416,3.54149368049409,-5.14597454143068));
#13498=CARTESIAN_POINT('Ctrl Pts',(-3.1890119407586,3.50733351698694,-5.0991915161679));
#13499=CARTESIAN_POINT('Ctrl Pts',(-3.25721012980736,3.46415771129237,-5.06009464217044));
#13500=CARTESIAN_POINT('Ctrl Pts',(-3.33919694991327,3.40342761704306,-5.03161046343358));
#13501=CARTESIAN_POINT('Ctrl Pts',(-3.41929279850364,3.32387007567016,-5.03086524272221));
#13502=CARTESIAN_POINT('Ctrl Pts',(-3.49376911900621,3.21240957101574,-5.07980586968009));
#13503=CARTESIAN_POINT('Ctrl Pts',(-3.54808982956116,3.12051466464959,-5.15471550746005));
#13504=CARTESIAN_POINT('Ctrl Pts',(-3.58981176251134,3.04976976024447,-5.24231074744016));
#13505=CARTESIAN_POINT('Ctrl Pts',(-3.62127227636776,2.99684654837262,-5.36324399432076));
#13506=CARTESIAN_POINT('Ctrl Pts',(-3.62868574301182,2.98456839929175,-5.45557129821785));
#13507=CARTESIAN_POINT('Ctrl Pts',(-3.62868574301182,2.98456839929175,-5.49999987706542));
#13508=CARTESIAN_POINT('Ctrl Pts',(-3.30197218433828,2.87770811562635,-5.49999987706542));
#13509=CARTESIAN_POINT('Ctrl Pts',(-3.30197218433828,2.87770811562635,-5.57549011390163));
#13510=CARTESIAN_POINT('Ctrl Pts',(-3.25553186814194,2.93651125157608,-5.73218341990318));
#13511=CARTESIAN_POINT('Ctrl Pts',(-3.16941688576057,3.04555010871144,-5.78978729991488));
#13512=CARTESIAN_POINT('Ctrl Pts',(-3.12986542425624,3.09212729602024,-5.7990419014927));
#13513=CARTESIAN_POINT('Ctrl Pts',(-3.11588516661767,3.10686435268721,-5.79938143109108));
#13514=CARTESIAN_POINT('Ctrl Pts',(-3.10783761668395,3.11482561541772,-5.79927794185256));
#13515=CARTESIAN_POINT('Ctrl Pts',(-3.10342326680398,3.11909072132746,-5.79921556776407));
#13516=CARTESIAN_POINT('Ctrl Pts',(-3.08798700660851,3.13364544436239,-5.79735825956245));
#13517=CARTESIAN_POINT('Ctrl Pts',(-3.04605695864956,3.1690627140483,-5.79708776779396));
#13518=CARTESIAN_POINT('Ctrl Pts',(-2.94855954864058,3.2460186414669,-5.72722442324788));
#13519=CARTESIAN_POINT('Ctrl Pts',(-2.89017394820919,3.29211268059544,-5.61577243929925));
#13520=CARTESIAN_POINT('Ctrl Pts',(-2.86561537839348,3.3115240144579,-5.46251625329321));
#13521=CARTESIAN_POINT('Ctrl Pts',(-2.9111105697487,3.27549558705315,-5.32713552365352));
#13522=CARTESIAN_POINT('Ctrl Pts',(-2.96834932621215,3.2302718544316,-5.26277607389379));
#13523=CARTESIAN_POINT('Ctrl Pts',(-3.00517806374795,3.20108821058653,-5.23172346472592));
#13524=CARTESIAN_POINT('Ctrl Pts',(-3.04431090803694,3.16971081345977,-5.21203670665835));
#13525=CARTESIAN_POINT('Ctrl Pts',(-3.07829529817136,3.14157258701851,-5.20280695703127));
#13526=CARTESIAN_POINT('Ctrl Pts',(-3.1053334037324,3.11727277786191,-5.1998765768352));
#13527=CARTESIAN_POINT('Ctrl Pts',(-3.11998457896128,3.10297912478279,-5.19985198882856));
#13528=CARTESIAN_POINT('Ctrl Pts',(-3.15667082447409,3.06084456230091,-5.20434631106737));
#13529=CARTESIAN_POINT('Ctrl Pts',(-3.20701762229069,2.99785000655281,-5.235384467979));
#13530=CARTESIAN_POINT('Ctrl Pts',(-3.25321455976383,2.93943871029279,-5.28981906282006));
#13531=CARTESIAN_POINT('Ctrl Pts',(-3.29245789193326,2.88971472093029,-5.38376979656303));
#13532=CARTESIAN_POINT('Ctrl Pts',(-3.30197218433828,2.87770811562635,-5.46225475864731));
#13533=CARTESIAN_POINT('Ctrl Pts',(-3.30197218433828,2.87770811562635,-5.49999987706542));
#13534=CARTESIAN_POINT('',(-3.30197218433828,2.87770811562635,-5.49999987706542));
#13535=CARTESIAN_POINT('',(-4.28211286035889,3.19828896662254,-5.49999987706542));
#13536=CARTESIAN_POINT('',(-3.1108653708651,3.11182036162202,-5.7993111712004));
#13537=CARTESIAN_POINT('Ctrl Pts',(-3.30197218433828,2.87770811562635,-5.49999987706542));
#13538=CARTESIAN_POINT('Ctrl Pts',(-3.30197218433828,2.87770811562635,-5.57549011390163));
#13539=CARTESIAN_POINT('Ctrl Pts',(-3.25553186814194,2.93651125157608,-5.73218341990318));
#13540=CARTESIAN_POINT('Ctrl Pts',(-3.16941688576057,3.04555010871144,-5.78978729991488));
#13541=CARTESIAN_POINT('Ctrl Pts',(-3.12986542425624,3.09212729602024,-5.7990419014927));
#13542=CARTESIAN_POINT('Ctrl Pts',(-3.1169605710514,3.10573073294359,-5.79935531342966));
#13543=CARTESIAN_POINT('Ctrl Pts',(-3.1108653708651,3.11182036162202,-5.7993111712004));
#13544=CARTESIAN_POINT('Ctrl Pts',(-3.1108653708651,3.11182036162202,-5.7993111712004));
#13545=CARTESIAN_POINT('Ctrl Pts',(-3.10984950416738,3.11283529973509,-5.79930381416219));
#13546=CARTESIAN_POINT('Ctrl Pts',(-3.10783761668395,3.11482561541772,-5.79927794185256));
#13547=CARTESIAN_POINT('Ctrl Pts',(-3.10342326680398,3.11909072132746,-5.79921556776407));
#13548=CARTESIAN_POINT('Ctrl Pts',(-3.08798700660851,3.13364544436239,-5.79735825956245));
#13549=CARTESIAN_POINT('Ctrl Pts',(-3.04605695864956,3.1690627140483,-5.79708776779396));
#13550=CARTESIAN_POINT('Ctrl Pts',(-2.94855954864058,3.2460186414669,-5.72722442324788));
#13551=CARTESIAN_POINT('Ctrl Pts',(-2.89017394820919,3.29211268059544,-5.61577243929925));
#13552=CARTESIAN_POINT('Ctrl Pts',(-2.86561537839348,3.3115240144579,-5.46251625329321));
#13553=CARTESIAN_POINT('Ctrl Pts',(-2.9111105697487,3.27549558705315,-5.32713552365352));
#13554=CARTESIAN_POINT('Ctrl Pts',(-2.96834932621215,3.2302718544316,-5.26277607389379));
#13555=CARTESIAN_POINT('Ctrl Pts',(-3.00517806374795,3.20108821058653,-5.23172346472592));
#13556=CARTESIAN_POINT('Ctrl Pts',(-3.04431090803694,3.16971081345977,-5.21203670665835));
#13557=CARTESIAN_POINT('Ctrl Pts',(-3.07829529817136,3.14157258701851,-5.20280695703127));
#13558=CARTESIAN_POINT('Ctrl Pts',(-3.1053334037324,3.11727277786191,-5.1998765768352));
#13559=CARTESIAN_POINT('Ctrl Pts',(-3.11998457896128,3.10297912478279,-5.19985198882856));
#13560=CARTESIAN_POINT('Ctrl Pts',(-3.15667082447409,3.06084456230091,-5.20434631106737));
#13561=CARTESIAN_POINT('Ctrl Pts',(-3.20701762229069,2.99785000655281,-5.235384467979));
#13562=CARTESIAN_POINT('Ctrl Pts',(-3.25321455976383,2.93943871029279,-5.28981906282006));
#13563=CARTESIAN_POINT('Ctrl Pts',(-3.29245789193326,2.88971472093029,-5.38376979656303));
#13564=CARTESIAN_POINT('Ctrl Pts',(-3.30197218433828,2.87770811562635,-5.46225475864731));
#13565=CARTESIAN_POINT('Ctrl Pts',(-3.30197218433828,2.87770811562635,-5.49999987706542));
#13566=CARTESIAN_POINT('Origin',(-5.65685424949238,5.65685424949238,-5.49999987706542));
#13567=CARTESIAN_POINT('',(-5.65685424949238,5.65685424949238,-5.79999987706542));
#13568=CARTESIAN_POINT('Ctrl Pts',(4.28211286035889,-3.19828896662254,-5.49999987706542));
#13569=CARTESIAN_POINT('Ctrl Pts',(4.28211286035889,-3.19828896662254,-5.61559087647841));
#13570=CARTESIAN_POINT('Ctrl Pts',(4.26841237017059,-3.25606952517405,-5.86529296583215));
#13571=CARTESIAN_POINT('Ctrl Pts',(4.19961607363684,-3.45332488601913,-6.11980777616879));
#13572=CARTESIAN_POINT('Ctrl Pts',(4.06643622120648,-3.68844764608999,-6.26968660179111));
#13573=CARTESIAN_POINT('Ctrl Pts',(3.93908909477566,-3.84136479243554,-6.30197588475099));
#13574=CARTESIAN_POINT('Ctrl Pts',(3.85648044532897,-3.92129618777092,-6.29855745526498));
#13575=CARTESIAN_POINT('Ctrl Pts',(3.81312843026004,-3.96109130998884,-6.29382246521133));
#13576=CARTESIAN_POINT('Ctrl Pts',(3.66335726837887,-4.08653025647603,-6.26099069743318));
#13577=CARTESIAN_POINT('Ctrl Pts',(3.44773649087773,-4.20307303037377,-6.12394380951677));
#13578=CARTESIAN_POINT('Ctrl Pts',(3.28373389422086,-4.25859171044631,-5.88451139462081));
#13579=CARTESIAN_POINT('Ctrl Pts',(3.21172410479917,-4.27899933505293,-5.67677272902461));
#13580=CARTESIAN_POINT('Ctrl Pts',(3.18648176308715,-4.28487429985171,-5.44377959840372));
#13581=CARTESIAN_POINT('Ctrl Pts',(3.23201087807875,-4.27444453400787,-5.23178958323762));
#13582=CARTESIAN_POINT('Ctrl Pts',(3.31800396416213,-4.2465776812938,-5.07186413135138));
#13583=CARTESIAN_POINT('Ctrl Pts',(3.38455729348658,-4.22230462030922,-4.97447669484019));
#13584=CARTESIAN_POINT('Ctrl Pts',(3.47841400620189,-4.18257892404126,-4.873501135187));
#13585=CARTESIAN_POINT('Ctrl Pts',(3.61503979307935,-4.10932795984008,-4.77467001244876));
#13586=CARTESIAN_POINT('Ctrl Pts',(3.80692404227501,-3.97573729540534,-4.69507823663032));
#13587=CARTESIAN_POINT('Ctrl Pts',(4.01790923758838,-3.76565197744489,-4.69289175050952));
#13588=CARTESIAN_POINT('Ctrl Pts',(4.16796570807046,-3.51553958844541,-4.83072498690553));
#13589=CARTESIAN_POINT('Ctrl Pts',(4.23023424410211,-3.36584398084315,-4.99337758642213));
#13590=CARTESIAN_POINT('Ctrl Pts',(4.26300616800635,-3.27043186014783,-5.14729411668035));
#13591=CARTESIAN_POINT('Ctrl Pts',(4.27890104523676,-3.21111020325728,-5.32219238983623));
#13592=CARTESIAN_POINT('Ctrl Pts',(4.28211286035889,-3.19828896662254,-5.44220437735893));
#13593=CARTESIAN_POINT('Ctrl Pts',(4.28211286035889,-3.19828896662254,-5.49999987706542));
#13594=CARTESIAN_POINT('Ctrl Pts',(3.95539930168535,-3.09142868295714,-5.49999987706542));
#13595=CARTESIAN_POINT('Ctrl Pts',(3.95539930168535,-3.09142868295714,-5.60222395561949));
#13596=CARTESIAN_POINT('Ctrl Pts',(3.93078553616104,-3.1495501006414,-5.82092311718916));
#13597=CARTESIAN_POINT('Ctrl Pts',(3.85621634434475,-3.3173999602499,-6.00980095075082));
#13598=CARTESIAN_POINT('Ctrl Pts',(3.7542459555564,-3.48967419606674,-6.11280503502498));
#13599=CARTESIAN_POINT('Ctrl Pts',(3.66468778538967,-3.59653131251943,-6.13444440019769));
#13600=CARTESIAN_POINT('Ctrl Pts',(3.60693283578063,-3.65247266365319,-6.13213095079418));
#13601=CARTESIAN_POINT('Ctrl Pts',(3.57656004244136,-3.68042444710172,-6.12895349939558));
#13602=CARTESIAN_POINT('Ctrl Pts',(3.47156718112208,-3.76890198577148,-6.10644655147628));
#13603=CARTESIAN_POINT('Ctrl Pts',(3.31384331346834,-3.85840292493195,-6.01499179560917));
#13604=CARTESIAN_POINT('Ctrl Pts',(3.17200911236077,-3.92106735411984,-5.83208240416317));
#13605=CARTESIAN_POINT('Ctrl Pts',(3.10454071926918,-3.95003711690044,-5.65643929911616));
#13606=CARTESIAN_POINT('Ctrl Pts',(3.07952630152259,-3.96042420472044,-5.45002515003356));
#13607=CARTESIAN_POINT('Ctrl Pts',(3.1250441086354,-3.94146155168963,-5.26357156337625));
#13608=CARTESIAN_POINT('Ctrl Pts',(3.2014524181788,-3.90780907233973,-5.13550144553218));
#13609=CARTESIAN_POINT('Ctrl Pts',(3.25809755024037,-3.88189915040166,-5.06022561813544));
#13610=CARTESIAN_POINT('Ctrl Pts',(3.33371297348024,-3.8449562205141,-4.98634632567744));
#13611=CARTESIAN_POINT('Ctrl Pts',(3.43612496144335,-3.78674283556622,-4.9173823273096));
#13612=CARTESIAN_POINT('Ctrl Pts',(3.57306049609414,-3.6895824562242,-4.86334435003195));
#13613=CARTESIAN_POINT('Ctrl Pts',(3.71860101804601,-3.54476102655752,-4.86187849661587));
#13614=CARTESIAN_POINT('Ctrl Pts',(3.83086741353833,-3.36397457973058,-4.95526542829281));
#13615=CARTESIAN_POINT('Ctrl Pts',(3.88916203683163,-3.24317932274637,-5.07404654694109));
#13616=CARTESIAN_POINT('Ctrl Pts',(3.92640896525884,-3.16010081019615,-5.19480243206025));
#13617=CARTESIAN_POINT('Ctrl Pts',(3.95008666080226,-3.10397837581495,-5.3427181920785));
#13618=CARTESIAN_POINT('Ctrl Pts',(3.95539930168535,-3.09142868295714,-5.44888783778839));
#13619=CARTESIAN_POINT('Ctrl Pts',(3.95539930168535,-3.09142868295714,-5.49999987706542));
#13620=CARTESIAN_POINT('Ctrl Pts',(3.62868574301182,-2.98456839929175,-5.49999987706542));
#13621=CARTESIAN_POINT('Ctrl Pts',(3.62868574301182,-2.98456839929175,-5.58885703476056));
#13622=CARTESIAN_POINT('Ctrl Pts',(3.59315870215149,-3.04303067610874,-5.77655326854617));
#13623=CARTESIAN_POINT('Ctrl Pts',(3.51281661505266,-3.18147503448067,-5.89979412533286));
#13624=CARTESIAN_POINT('Ctrl Pts',(3.44205568990633,-3.29090074604349,-5.95592346825884));
#13625=CARTESIAN_POINT('Ctrl Pts',(3.39028647600367,-3.35169783260332,-5.96691291564439));
#13626=CARTESIAN_POINT('Ctrl Pts',(3.35738522623229,-3.38364913953546,-5.96570444632337));
#13627=CARTESIAN_POINT('Ctrl Pts',(3.33999165462267,-3.3997575842146,-5.96408453357983));
#13628=CARTESIAN_POINT('Ctrl Pts',(3.2797770938653,-3.45127371506694,-5.95190240551937));
#13629=CARTESIAN_POINT('Ctrl Pts',(3.17995013605895,-3.51373281949012,-5.90603978170157));
#13630=CARTESIAN_POINT('Ctrl Pts',(3.06028433050067,-3.58354299779337,-5.77965341370553));
#13631=CARTESIAN_POINT('Ctrl Pts',(2.99735733373918,-3.62107489874794,-5.63610586920771));
#13632=CARTESIAN_POINT('Ctrl Pts',(2.97257083995804,-3.63597410958917,-5.45627070166338));
#13633=CARTESIAN_POINT('Ctrl Pts',(3.01807733919205,-3.60847856937139,-5.29535354351489));
#13634=CARTESIAN_POINT('Ctrl Pts',(3.08490087219548,-3.56904046338567,-5.19913875971298));
#13635=CARTESIAN_POINT('Ctrl Pts',(3.13163780699416,-3.54149368049409,-5.14597454143068));
#13636=CARTESIAN_POINT('Ctrl Pts',(3.18901194075859,-3.50733351698694,-5.09919151616789));
#13637=CARTESIAN_POINT('Ctrl Pts',(3.25721012980735,-3.46415771129236,-5.06009464217043));
#13638=CARTESIAN_POINT('Ctrl Pts',(3.33919694991327,-3.40342761704306,-5.03161046343357));
#13639=CARTESIAN_POINT('Ctrl Pts',(3.41929279850364,-3.32387007567015,-5.03086524272221));
#13640=CARTESIAN_POINT('Ctrl Pts',(3.49376911900621,-3.21240957101574,-5.07980586968008));
#13641=CARTESIAN_POINT('Ctrl Pts',(3.54808982956116,-3.12051466464959,-5.15471550746005));
#13642=CARTESIAN_POINT('Ctrl Pts',(3.58981176251133,-3.04976976024447,-5.24231074744015));
#13643=CARTESIAN_POINT('Ctrl Pts',(3.62127227636776,-2.99684654837262,-5.36324399432076));
#13644=CARTESIAN_POINT('Ctrl Pts',(3.62868574301182,-2.98456839929175,-5.45557129821785));
#13645=CARTESIAN_POINT('Ctrl Pts',(3.62868574301182,-2.98456839929175,-5.49999987706542));
#13646=CARTESIAN_POINT('Ctrl Pts',(3.30197218433828,-2.87770811562635,-5.49999987706542));
#13647=CARTESIAN_POINT('Ctrl Pts',(3.30197218433828,-2.87770811562635,-5.57549011390163));
#13648=CARTESIAN_POINT('Ctrl Pts',(3.25553186814194,-2.93651125157608,-5.73218341990318));
#13649=CARTESIAN_POINT('Ctrl Pts',(3.16941688576057,-3.04555010871144,-5.78978729991489));
#13650=CARTESIAN_POINT('Ctrl Pts',(3.12986542425625,-3.09212729602025,-5.79904190149271));
#13651=CARTESIAN_POINT('Ctrl Pts',(3.11588516661767,-3.10686435268722,-5.79938143109109));
#13652=CARTESIAN_POINT('Ctrl Pts',(3.10783761668396,-3.11482561541773,-5.79927794185257));
#13653=CARTESIAN_POINT('Ctrl Pts',(3.10342326680399,-3.11909072132747,-5.79921556776409));
#13654=CARTESIAN_POINT('Ctrl Pts',(3.08798700660852,-3.13364544436239,-5.79735825956246));
#13655=CARTESIAN_POINT('Ctrl Pts',(3.04605695864956,-3.1690627140483,-5.79708776779397));
#13656=CARTESIAN_POINT('Ctrl Pts',(2.94855954864058,-3.2460186414669,-5.72722442324789));
#13657=CARTESIAN_POINT('Ctrl Pts',(2.89017394820919,-3.29211268059544,-5.61577243929926));
#13658=CARTESIAN_POINT('Ctrl Pts',(2.86561537839349,-3.3115240144579,-5.46251625329321));
#13659=CARTESIAN_POINT('Ctrl Pts',(2.9111105697487,-3.27549558705315,-5.32713552365352));
#13660=CARTESIAN_POINT('Ctrl Pts',(2.96834932621215,-3.2302718544316,-5.26277607389378));
#13661=CARTESIAN_POINT('Ctrl Pts',(3.00517806374795,-3.20108821058652,-5.23172346472592));
#13662=CARTESIAN_POINT('Ctrl Pts',(3.04431090803694,-3.16971081345977,-5.21203670665834));
#13663=CARTESIAN_POINT('Ctrl Pts',(3.07829529817135,-3.14157258701851,-5.20280695703127));
#13664=CARTESIAN_POINT('Ctrl Pts',(3.1053334037324,-3.11727277786191,-5.1998765768352));
#13665=CARTESIAN_POINT('Ctrl Pts',(3.11998457896128,-3.10297912478279,-5.19985198882855));
#13666=CARTESIAN_POINT('Ctrl Pts',(3.15667082447409,-3.06084456230091,-5.20434631106736));
#13667=CARTESIAN_POINT('Ctrl Pts',(3.20701762229069,-2.99785000655281,-5.235384467979));
#13668=CARTESIAN_POINT('Ctrl Pts',(3.25321455976383,-2.93943871029279,-5.28981906282006));
#13669=CARTESIAN_POINT('Ctrl Pts',(3.29245789193326,-2.88971472093029,-5.38376979656303));
#13670=CARTESIAN_POINT('Ctrl Pts',(3.30197218433828,-2.87770811562635,-5.46225475864731));
#13671=CARTESIAN_POINT('Ctrl Pts',(3.30197218433828,-2.87770811562635,-5.49999987706542));
#13672=CARTESIAN_POINT('',(3.30197218433828,-2.87770811562635,-5.49999987706542));
#13673=CARTESIAN_POINT('',(4.28211286035889,-3.19828896662254,-5.49999987706542));
#13674=CARTESIAN_POINT('',(3.1108653708651,-3.11182036162203,-5.79931117120042));
#13675=CARTESIAN_POINT('Ctrl Pts',(3.30197218433828,-2.87770811562635,-5.49999987706542));
#13676=CARTESIAN_POINT('Ctrl Pts',(3.30197218433828,-2.87770811562635,-5.57549011390163));
#13677=CARTESIAN_POINT('Ctrl Pts',(3.25553186814194,-2.93651125157608,-5.73218341990318));
#13678=CARTESIAN_POINT('Ctrl Pts',(3.16941688576057,-3.04555010871144,-5.78978729991489));
#13679=CARTESIAN_POINT('Ctrl Pts',(3.12986542425625,-3.09212729602025,-5.79904190149271));
#13680=CARTESIAN_POINT('Ctrl Pts',(3.11696057105141,-3.1057307329436,-5.79935531342968));
#13681=CARTESIAN_POINT('Ctrl Pts',(3.1108653708651,-3.11182036162203,-5.79931117120042));
#13682=CARTESIAN_POINT('Ctrl Pts',(3.1108653708651,-3.11182036162203,-5.79931117120042));
#13683=CARTESIAN_POINT('Ctrl Pts',(3.10984950416739,-3.1128352997351,-5.7993038141622));
#13684=CARTESIAN_POINT('Ctrl Pts',(3.10783761668396,-3.11482561541773,-5.79927794185257));
#13685=CARTESIAN_POINT('Ctrl Pts',(3.10342326680399,-3.11909072132747,-5.79921556776409));
#13686=CARTESIAN_POINT('Ctrl Pts',(3.08798700660852,-3.13364544436239,-5.79735825956246));
#13687=CARTESIAN_POINT('Ctrl Pts',(3.04605695864956,-3.1690627140483,-5.79708776779397));
#13688=CARTESIAN_POINT('Ctrl Pts',(2.94855954864058,-3.2460186414669,-5.72722442324789));
#13689=CARTESIAN_POINT('Ctrl Pts',(2.89017394820919,-3.29211268059544,-5.61577243929926));
#13690=CARTESIAN_POINT('Ctrl Pts',(2.86561537839349,-3.3115240144579,-5.46251625329321));
#13691=CARTESIAN_POINT('Ctrl Pts',(2.9111105697487,-3.27549558705315,-5.32713552365352));
#13692=CARTESIAN_POINT('Ctrl Pts',(2.96834932621215,-3.2302718544316,-5.26277607389378));
#13693=CARTESIAN_POINT('Ctrl Pts',(3.00517806374795,-3.20108821058652,-5.23172346472592));
#13694=CARTESIAN_POINT('Ctrl Pts',(3.04431090803694,-3.16971081345977,-5.21203670665834));
#13695=CARTESIAN_POINT('Ctrl Pts',(3.07829529817135,-3.14157258701851,-5.20280695703127));
#13696=CARTESIAN_POINT('Ctrl Pts',(3.1053334037324,-3.11727277786191,-5.1998765768352));
#13697=CARTESIAN_POINT('Ctrl Pts',(3.11998457896128,-3.10297912478279,-5.19985198882855));
#13698=CARTESIAN_POINT('Ctrl Pts',(3.15667082447409,-3.06084456230091,-5.20434631106736));
#13699=CARTESIAN_POINT('Ctrl Pts',(3.20701762229069,-2.99785000655281,-5.235384467979));
#13700=CARTESIAN_POINT('Ctrl Pts',(3.25321455976383,-2.93943871029279,-5.28981906282006));
#13701=CARTESIAN_POINT('Ctrl Pts',(3.29245789193326,-2.88971472093029,-5.38376979656303));
#13702=CARTESIAN_POINT('Ctrl Pts',(3.30197218433828,-2.87770811562635,-5.46225475864731));
#13703=CARTESIAN_POINT('Ctrl Pts',(3.30197218433828,-2.87770811562635,-5.49999987706542));
#13704=CARTESIAN_POINT('Origin',(5.65685424949238,-5.65685424949238,-5.49999987706542));
#13705=CARTESIAN_POINT('',(5.65685424949238,-5.65685424949238,-5.79999987706542));
#13706=CARTESIAN_POINT('Ctrl Pts',(-3.19828896662254,-4.28211286035889,
-5.49999987706542));
#13707=CARTESIAN_POINT('Ctrl Pts',(-3.19828896662254,-4.28211286035889,
-5.61559087647841));
#13708=CARTESIAN_POINT('Ctrl Pts',(-3.25606952517405,-4.26841237017058,
-5.86529296583213));
#13709=CARTESIAN_POINT('Ctrl Pts',(-3.45332488601911,-4.19961607363682,
-6.11980777616876));
#13710=CARTESIAN_POINT('Ctrl Pts',(-3.68844764608996,-4.06643622120646,
-6.26968660179108));
#13711=CARTESIAN_POINT('Ctrl Pts',(-3.84136479243552,-3.93908909477564,
-6.30197588475095));
#13712=CARTESIAN_POINT('Ctrl Pts',(-3.9212961877709,-3.85648044532894,-6.29855745526493));
#13713=CARTESIAN_POINT('Ctrl Pts',(-3.96109130998882,-3.81312843026002,
-6.29382246521129));
#13714=CARTESIAN_POINT('Ctrl Pts',(-4.08653025647601,-3.66335726837884,
-6.26099069743315));
#13715=CARTESIAN_POINT('Ctrl Pts',(-4.20307303037377,-3.44773649087772,
-6.12394380951675));
#13716=CARTESIAN_POINT('Ctrl Pts',(-4.2585917104463,-3.28373389422085,-5.8845113946208));
#13717=CARTESIAN_POINT('Ctrl Pts',(-4.27899933505293,-3.21172410479917,
-5.6767727290246));
#13718=CARTESIAN_POINT('Ctrl Pts',(-4.2848742998517,-3.18648176308715,-5.44377959840372));
#13719=CARTESIAN_POINT('Ctrl Pts',(-4.27444453400787,-3.23201087807875,
-5.23178958323762));
#13720=CARTESIAN_POINT('Ctrl Pts',(-4.2465776812938,-3.31800396416213,-5.07186413135138));
#13721=CARTESIAN_POINT('Ctrl Pts',(-4.22230462030923,-3.38455729348658,
-4.9744766948402));
#13722=CARTESIAN_POINT('Ctrl Pts',(-4.18257892404126,-3.4784140062019,-4.873501135187));
#13723=CARTESIAN_POINT('Ctrl Pts',(-4.10932795984008,-3.61503979307936,
-4.77467001244876));
#13724=CARTESIAN_POINT('Ctrl Pts',(-3.97573729540535,-3.80692404227501,
-4.69507823663032));
#13725=CARTESIAN_POINT('Ctrl Pts',(-3.76565197744489,-4.01790923758838,
-4.69289175050953));
#13726=CARTESIAN_POINT('Ctrl Pts',(-3.51553958844541,-4.16796570807046,
-4.83072498690553));
#13727=CARTESIAN_POINT('Ctrl Pts',(-3.36584398084315,-4.23023424410211,
-4.99337758642213));
#13728=CARTESIAN_POINT('Ctrl Pts',(-3.27043186014784,-4.26300616800636,
-5.14729411668035));
#13729=CARTESIAN_POINT('Ctrl Pts',(-3.21111020325728,-4.27890104523676,
-5.32219238983623));
#13730=CARTESIAN_POINT('Ctrl Pts',(-3.19828896662254,-4.28211286035889,
-5.44220437735893));
#13731=CARTESIAN_POINT('Ctrl Pts',(-3.19828896662254,-4.28211286035889,
-5.49999987706542));
#13732=CARTESIAN_POINT('Ctrl Pts',(-3.09142868295714,-3.95539930168535,
-5.49999987706542));
#13733=CARTESIAN_POINT('Ctrl Pts',(-3.09142868295714,-3.95539930168535,
-5.60222395561949));
#13734=CARTESIAN_POINT('Ctrl Pts',(-3.14955010064139,-3.93078553616103,
-5.82092311718914));
#13735=CARTESIAN_POINT('Ctrl Pts',(-3.31739996024988,-3.85621634434473,
-6.00980095075079));
#13736=CARTESIAN_POINT('Ctrl Pts',(-3.48967419606672,-3.75424595555638,
-6.11280503502494));
#13737=CARTESIAN_POINT('Ctrl Pts',(-3.59653131251941,-3.66468778538965,
-6.13444440019765));
#13738=CARTESIAN_POINT('Ctrl Pts',(-3.65247266365317,-3.60693283578061,
-6.13213095079414));
#13739=CARTESIAN_POINT('Ctrl Pts',(-3.6804244471017,-3.57656004244134,-6.12895349939554));
#13740=CARTESIAN_POINT('Ctrl Pts',(-3.76890198577146,-3.47156718112206,
-6.10644655147624));
#13741=CARTESIAN_POINT('Ctrl Pts',(-3.85840292493194,-3.31384331346833,
-6.01499179560915));
#13742=CARTESIAN_POINT('Ctrl Pts',(-3.92106735411983,-3.17200911236076,
-5.83208240416316));
#13743=CARTESIAN_POINT('Ctrl Pts',(-3.95003711690043,-3.10454071926917,
-5.65643929911615));
#13744=CARTESIAN_POINT('Ctrl Pts',(-3.96042420472044,-3.07952630152259,
-5.45002515003355));
#13745=CARTESIAN_POINT('Ctrl Pts',(-3.94146155168963,-3.1250441086354,-5.26357156337625));
#13746=CARTESIAN_POINT('Ctrl Pts',(-3.90780907233974,-3.20145241817881,
-5.13550144553218));
#13747=CARTESIAN_POINT('Ctrl Pts',(-3.88189915040166,-3.25809755024037,
-5.06022561813544));
#13748=CARTESIAN_POINT('Ctrl Pts',(-3.8449562205141,-3.33371297348025,-4.98634632567745));
#13749=CARTESIAN_POINT('Ctrl Pts',(-3.78674283556622,-3.43612496144336,
-4.9173823273096));
#13750=CARTESIAN_POINT('Ctrl Pts',(-3.6895824562242,-3.57306049609414,-4.86334435003195));
#13751=CARTESIAN_POINT('Ctrl Pts',(-3.54476102655752,-3.71860101804601,
-4.86187849661587));
#13752=CARTESIAN_POINT('Ctrl Pts',(-3.36397457973058,-3.83086741353834,
-4.95526542829281));
#13753=CARTESIAN_POINT('Ctrl Pts',(-3.24317932274637,-3.88916203683164,
-5.07404654694109));
#13754=CARTESIAN_POINT('Ctrl Pts',(-3.16010081019615,-3.92640896525885,
-5.19480243206025));
#13755=CARTESIAN_POINT('Ctrl Pts',(-3.10397837581495,-3.95008666080226,
-5.3427181920785));
#13756=CARTESIAN_POINT('Ctrl Pts',(-3.09142868295714,-3.95539930168535,
-5.44888783778839));
#13757=CARTESIAN_POINT('Ctrl Pts',(-3.09142868295714,-3.95539930168535,
-5.49999987706542));
#13758=CARTESIAN_POINT('Ctrl Pts',(-2.98456839929175,-3.62868574301182,
-5.49999987706542));
#13759=CARTESIAN_POINT('Ctrl Pts',(-2.98456839929175,-3.62868574301182,
-5.58885703476056));
#13760=CARTESIAN_POINT('Ctrl Pts',(-3.04303067610873,-3.59315870215148,
-5.77655326854615));
#13761=CARTESIAN_POINT('Ctrl Pts',(-3.18147503448066,-3.51281661505265,
-5.89979412533283));
#13762=CARTESIAN_POINT('Ctrl Pts',(-3.29090074604347,-3.44205568990631,
-5.95592346825881));
#13763=CARTESIAN_POINT('Ctrl Pts',(-3.3516978326033,-3.39028647600365,-5.96691291564435));
#13764=CARTESIAN_POINT('Ctrl Pts',(-3.38364913953544,-3.35738522623227,
-5.96570444632334));
#13765=CARTESIAN_POINT('Ctrl Pts',(-3.39975758421457,-3.33999165462265,
-5.96408453357979));
#13766=CARTESIAN_POINT('Ctrl Pts',(-3.45127371506692,-3.27977709386528,
-5.95190240551934));
#13767=CARTESIAN_POINT('Ctrl Pts',(-3.51373281949012,-3.17995013605894,
-5.90603978170155));
#13768=CARTESIAN_POINT('Ctrl Pts',(-3.58354299779336,-3.06028433050066,
-5.77965341370551));
#13769=CARTESIAN_POINT('Ctrl Pts',(-3.62107489874794,-2.99735733373918,
-5.6361058692077));
#13770=CARTESIAN_POINT('Ctrl Pts',(-3.63597410958917,-2.97257083995804,
-5.45627070166338));
#13771=CARTESIAN_POINT('Ctrl Pts',(-3.60847856937139,-3.01807733919205,
-5.29535354351489));
#13772=CARTESIAN_POINT('Ctrl Pts',(-3.56904046338567,-3.08490087219548,
-5.19913875971298));
#13773=CARTESIAN_POINT('Ctrl Pts',(-3.54149368049409,-3.13163780699416,
-5.14597454143068));
#13774=CARTESIAN_POINT('Ctrl Pts',(-3.50733351698694,-3.18901194075859,
-5.09919151616789));
#13775=CARTESIAN_POINT('Ctrl Pts',(-3.46415771129237,-3.25721012980736,
-5.06009464217043));
#13776=CARTESIAN_POINT('Ctrl Pts',(-3.40342761704306,-3.33919694991327,
-5.03161046343357));
#13777=CARTESIAN_POINT('Ctrl Pts',(-3.32387007567016,-3.41929279850365,
-5.03086524272221));
#13778=CARTESIAN_POINT('Ctrl Pts',(-3.21240957101574,-3.49376911900621,
-5.07980586968009));
#13779=CARTESIAN_POINT('Ctrl Pts',(-3.12051466464959,-3.54808982956116,
-5.15471550746005));
#13780=CARTESIAN_POINT('Ctrl Pts',(-3.04976976024447,-3.58981176251134,
-5.24231074744016));
#13781=CARTESIAN_POINT('Ctrl Pts',(-2.99684654837262,-3.62127227636776,
-5.36324399432076));
#13782=CARTESIAN_POINT('Ctrl Pts',(-2.98456839929175,-3.62868574301182,
-5.45557129821785));
#13783=CARTESIAN_POINT('Ctrl Pts',(-2.98456839929175,-3.62868574301182,
-5.49999987706542));
#13784=CARTESIAN_POINT('Ctrl Pts',(-2.87770811562635,-3.30197218433828,
-5.49999987706542));
#13785=CARTESIAN_POINT('Ctrl Pts',(-2.87770811562635,-3.30197218433828,
-5.57549011390163));
#13786=CARTESIAN_POINT('Ctrl Pts',(-2.93651125157607,-3.25553186814194,
-5.73218341990317));
#13787=CARTESIAN_POINT('Ctrl Pts',(-3.04555010871143,-3.16941688576056,
-5.78978729991487));
#13788=CARTESIAN_POINT('Ctrl Pts',(-3.09212729602023,-3.12986542425623,
-5.79904190149268));
#13789=CARTESIAN_POINT('Ctrl Pts',(-3.1068643526872,-3.11588516661765,-5.79938143109106));
#13790=CARTESIAN_POINT('Ctrl Pts',(-3.11482561541771,-3.10783761668394,
-5.79927794185254));
#13791=CARTESIAN_POINT('Ctrl Pts',(-3.11909072132745,-3.10342326680397,
-5.79921556776405));
#13792=CARTESIAN_POINT('Ctrl Pts',(-3.13364544436238,-3.0879870066085,-5.79735825956243));
#13793=CARTESIAN_POINT('Ctrl Pts',(-3.16906271404829,-3.04605695864955,
-5.79708776779395));
#13794=CARTESIAN_POINT('Ctrl Pts',(-3.2460186414669,-2.94855954864057,-5.72722442324787));
#13795=CARTESIAN_POINT('Ctrl Pts',(-3.29211268059544,-2.89017394820918,
-5.61577243929925));
#13796=CARTESIAN_POINT('Ctrl Pts',(-3.3115240144579,-2.86561537839348,-5.46251625329321));
#13797=CARTESIAN_POINT('Ctrl Pts',(-3.27549558705315,-2.9111105697487,-5.32713552365352));
#13798=CARTESIAN_POINT('Ctrl Pts',(-3.2302718544316,-2.96834932621215,-5.26277607389379));
#13799=CARTESIAN_POINT('Ctrl Pts',(-3.20108821058653,-3.00517806374795,
-5.23172346472592));
#13800=CARTESIAN_POINT('Ctrl Pts',(-3.16971081345978,-3.04431090803694,
-5.21203670665834));
#13801=CARTESIAN_POINT('Ctrl Pts',(-3.14157258701851,-3.07829529817135,
-5.20280695703127));
#13802=CARTESIAN_POINT('Ctrl Pts',(-3.11727277786191,-3.1053334037324,-5.1998765768352));
#13803=CARTESIAN_POINT('Ctrl Pts',(-3.10297912478279,-3.11998457896128,
-5.19985198882856));
#13804=CARTESIAN_POINT('Ctrl Pts',(-3.06084456230091,-3.15667082447409,
-5.20434631106737));
#13805=CARTESIAN_POINT('Ctrl Pts',(-2.99785000655281,-3.20701762229069,
-5.235384467979));
#13806=CARTESIAN_POINT('Ctrl Pts',(-2.93943871029279,-3.25321455976383,
-5.28981906282006));
#13807=CARTESIAN_POINT('Ctrl Pts',(-2.88971472093029,-3.29245789193326,
-5.38376979656303));
#13808=CARTESIAN_POINT('Ctrl Pts',(-2.87770811562635,-3.30197218433828,
-5.46225475864731));
#13809=CARTESIAN_POINT('Ctrl Pts',(-2.87770811562635,-3.30197218433828,
-5.49999987706542));
#13810=CARTESIAN_POINT('',(-2.87770811562635,-3.30197218433828,-5.49999987706542));
#13811=CARTESIAN_POINT('',(-3.19828896662254,-4.28211286035889,-5.49999987706542));
#13812=CARTESIAN_POINT('',(-3.11182036162201,-3.11086537086509,-5.79931117120038));
#13813=CARTESIAN_POINT('Ctrl Pts',(-2.87770811562635,-3.30197218433828,
-5.49999987706542));
#13814=CARTESIAN_POINT('Ctrl Pts',(-2.87770811562635,-3.30197218433828,
-5.57549011390163));
#13815=CARTESIAN_POINT('Ctrl Pts',(-2.93651125157607,-3.25553186814194,
-5.73218341990317));
#13816=CARTESIAN_POINT('Ctrl Pts',(-3.04555010871143,-3.16941688576056,
-5.78978729991487));
#13817=CARTESIAN_POINT('Ctrl Pts',(-3.09212729602023,-3.12986542425623,
-5.79904190149268));
#13818=CARTESIAN_POINT('Ctrl Pts',(-3.10573073294358,-3.11696057105139,
-5.79935531342964));
#13819=CARTESIAN_POINT('Ctrl Pts',(-3.11182036162201,-3.11086537086509,
-5.79931117120038));
#13820=CARTESIAN_POINT('Ctrl Pts',(-3.11182036162201,-3.11086537086509,
-5.79931117120038));
#13821=CARTESIAN_POINT('Ctrl Pts',(-3.11283529973508,-3.10984950416737,
-5.79930381416217));
#13822=CARTESIAN_POINT('Ctrl Pts',(-3.11482561541771,-3.10783761668394,
-5.79927794185254));
#13823=CARTESIAN_POINT('Ctrl Pts',(-3.11909072132745,-3.10342326680397,
-5.79921556776405));
#13824=CARTESIAN_POINT('Ctrl Pts',(-3.13364544436238,-3.0879870066085,-5.79735825956243));
#13825=CARTESIAN_POINT('Ctrl Pts',(-3.16906271404829,-3.04605695864955,
-5.79708776779395));
#13826=CARTESIAN_POINT('Ctrl Pts',(-3.2460186414669,-2.94855954864057,-5.72722442324787));
#13827=CARTESIAN_POINT('Ctrl Pts',(-3.29211268059544,-2.89017394820918,
-5.61577243929925));
#13828=CARTESIAN_POINT('Ctrl Pts',(-3.3115240144579,-2.86561537839348,-5.46251625329321));
#13829=CARTESIAN_POINT('Ctrl Pts',(-3.27549558705315,-2.9111105697487,-5.32713552365352));
#13830=CARTESIAN_POINT('Ctrl Pts',(-3.2302718544316,-2.96834932621215,-5.26277607389379));
#13831=CARTESIAN_POINT('Ctrl Pts',(-3.20108821058653,-3.00517806374795,
-5.23172346472592));
#13832=CARTESIAN_POINT('Ctrl Pts',(-3.16971081345978,-3.04431090803694,
-5.21203670665834));
#13833=CARTESIAN_POINT('Ctrl Pts',(-3.14157258701851,-3.07829529817135,
-5.20280695703127));
#13834=CARTESIAN_POINT('Ctrl Pts',(-3.11727277786191,-3.1053334037324,-5.1998765768352));
#13835=CARTESIAN_POINT('Ctrl Pts',(-3.10297912478279,-3.11998457896128,
-5.19985198882856));
#13836=CARTESIAN_POINT('Ctrl Pts',(-3.06084456230091,-3.15667082447409,
-5.20434631106737));
#13837=CARTESIAN_POINT('Ctrl Pts',(-2.99785000655281,-3.20701762229069,
-5.235384467979));
#13838=CARTESIAN_POINT('Ctrl Pts',(-2.93943871029279,-3.25321455976383,
-5.28981906282006));
#13839=CARTESIAN_POINT('Ctrl Pts',(-2.88971472093029,-3.29245789193326,
-5.38376979656303));
#13840=CARTESIAN_POINT('Ctrl Pts',(-2.87770811562635,-3.30197218433828,
-5.46225475864731));
#13841=CARTESIAN_POINT('Ctrl Pts',(-2.87770811562635,-3.30197218433828,
-5.49999987706542));
#13842=CARTESIAN_POINT('Origin',(-5.65685424949238,-5.65685424949238,-5.49999987706542));
#13843=CARTESIAN_POINT('',(-5.65685424949238,-5.65685424949238,-5.79999987706542));
#13844=CARTESIAN_POINT('Origin',(-4.89858726958405E-16,-4.00000005960464,
-3.));
#13845=CARTESIAN_POINT('',(-0.400000000000001,-4.00000005960464,-3.));
#13846=CARTESIAN_POINT('Origin',(-4.00000005960464,1.37803715989342E-15,
-3.));
#13847=CARTESIAN_POINT('',(-4.00000005960464,0.400000000000001,-3.));
#13848=CARTESIAN_POINT('Origin',(0.,0.,0.));
#13849=CARTESIAN_POINT('',(1.22464679914735E-16,0.,2.));
#13850=CARTESIAN_POINT('Origin',(0.,0.,0.));
#13851=CARTESIAN_POINT('Ctrl Pts',(3.19828896662254,4.28211286035889,-5.49999987706542));
#13852=CARTESIAN_POINT('Ctrl Pts',(3.19828896662254,4.28211286035889,-5.61559087647841));
#13853=CARTESIAN_POINT('Ctrl Pts',(3.25606952517405,4.26841237017058,-5.86529296583215));
#13854=CARTESIAN_POINT('Ctrl Pts',(3.45332488601912,4.19961607363683,-6.11980777616877));
#13855=CARTESIAN_POINT('Ctrl Pts',(3.68844764608997,4.06643622120647,-6.2696866017911));
#13856=CARTESIAN_POINT('Ctrl Pts',(3.84136479243553,3.93908909477565,-6.30197588475097));
#13857=CARTESIAN_POINT('Ctrl Pts',(3.92129618777091,3.85648044532896,-6.29855745526496));
#13858=CARTESIAN_POINT('Ctrl Pts',(3.96109130998883,3.81312843026004,-6.29382246521131));
#13859=CARTESIAN_POINT('Ctrl Pts',(4.08653025647602,3.66335726837886,-6.26099069743317));
#13860=CARTESIAN_POINT('Ctrl Pts',(4.20307303037377,3.44773649087773,-6.12394380951676));
#13861=CARTESIAN_POINT('Ctrl Pts',(4.2585917104463,3.28373389422085,-5.8845113946208));
#13862=CARTESIAN_POINT('Ctrl Pts',(4.27899933505293,3.21172410479917,-5.6767727290246));
#13863=CARTESIAN_POINT('Ctrl Pts',(4.2848742998517,3.18648176308715,-5.44377959840372));
#13864=CARTESIAN_POINT('Ctrl Pts',(4.27444453400787,3.23201087807875,-5.23178958323762));
#13865=CARTESIAN_POINT('Ctrl Pts',(4.24657768129381,3.31800396416214,-5.07186413135138));
#13866=CARTESIAN_POINT('Ctrl Pts',(4.22230462030923,3.38455729348658,-4.9744766948402));
#13867=CARTESIAN_POINT('Ctrl Pts',(4.18257892404127,3.4784140062019,-4.873501135187));
#13868=CARTESIAN_POINT('Ctrl Pts',(4.10932795984009,3.61503979307936,-4.77467001244876));
#13869=CARTESIAN_POINT('Ctrl Pts',(3.97573729540535,3.80692404227501,-4.69507823663032));
#13870=CARTESIAN_POINT('Ctrl Pts',(3.76565197744489,4.01790923758838,-4.69289175050953));
#13871=CARTESIAN_POINT('Ctrl Pts',(3.51553958844541,4.16796570807046,-4.83072498690553));
#13872=CARTESIAN_POINT('Ctrl Pts',(3.36584398084315,4.23023424410211,-4.99337758642213));
#13873=CARTESIAN_POINT('Ctrl Pts',(3.27043186014783,4.26300616800636,-5.14729411668035));
#13874=CARTESIAN_POINT('Ctrl Pts',(3.21111020325728,4.27890104523676,-5.32219238983623));
#13875=CARTESIAN_POINT('Ctrl Pts',(3.19828896662254,4.28211286035889,-5.44220437735893));
#13876=CARTESIAN_POINT('Ctrl Pts',(3.19828896662254,4.28211286035889,-5.49999987706542));
#13877=CARTESIAN_POINT('Ctrl Pts',(3.09142868295714,3.95539930168535,-5.49999987706542));
#13878=CARTESIAN_POINT('Ctrl Pts',(3.09142868295714,3.95539930168535,-5.60222395561949));
#13879=CARTESIAN_POINT('Ctrl Pts',(3.1495501006414,3.93078553616104,-5.82092311718916));
#13880=CARTESIAN_POINT('Ctrl Pts',(3.31739996024989,3.85621634434475,-6.00980095075081));
#13881=CARTESIAN_POINT('Ctrl Pts',(3.48967419606673,3.75424595555639,-6.11280503502496));
#13882=CARTESIAN_POINT('Ctrl Pts',(3.59653131251942,3.66468778538966,-6.13444440019767));
#13883=CARTESIAN_POINT('Ctrl Pts',(3.65247266365318,3.60693283578062,-6.13213095079416));
#13884=CARTESIAN_POINT('Ctrl Pts',(3.68042444710171,3.57656004244135,-6.12895349939556));
#13885=CARTESIAN_POINT('Ctrl Pts',(3.76890198577147,3.47156718112207,-6.10644655147626));
#13886=CARTESIAN_POINT('Ctrl Pts',(3.85840292493195,3.31384331346834,-6.01499179560916));
#13887=CARTESIAN_POINT('Ctrl Pts',(3.92106735411983,3.17200911236076,-5.83208240416316));
#13888=CARTESIAN_POINT('Ctrl Pts',(3.95003711690043,3.10454071926918,-5.65643929911615));
#13889=CARTESIAN_POINT('Ctrl Pts',(3.96042420472043,3.07952630152259,-5.45002515003355));
#13890=CARTESIAN_POINT('Ctrl Pts',(3.94146155168963,3.1250441086354,-5.26357156337626));
#13891=CARTESIAN_POINT('Ctrl Pts',(3.90780907233974,3.20145241817881,-5.13550144553219));
#13892=CARTESIAN_POINT('Ctrl Pts',(3.88189915040166,3.25809755024037,-5.06022561813544));
#13893=CARTESIAN_POINT('Ctrl Pts',(3.8449562205141,3.33371297348025,-4.98634632567745));
#13894=CARTESIAN_POINT('Ctrl Pts',(3.78674283556623,3.43612496144336,-4.9173823273096));
#13895=CARTESIAN_POINT('Ctrl Pts',(3.6895824562242,3.57306049609414,-4.86334435003195));
#13896=CARTESIAN_POINT('Ctrl Pts',(3.54476102655753,3.71860101804601,-4.86187849661587));
#13897=CARTESIAN_POINT('Ctrl Pts',(3.36397457973058,3.83086741353834,-4.95526542829281));
#13898=CARTESIAN_POINT('Ctrl Pts',(3.24317932274637,3.88916203683163,-5.07404654694109));
#13899=CARTESIAN_POINT('Ctrl Pts',(3.16010081019615,3.92640896525885,-5.19480243206025));
#13900=CARTESIAN_POINT('Ctrl Pts',(3.10397837581495,3.95008666080226,-5.3427181920785));
#13901=CARTESIAN_POINT('Ctrl Pts',(3.09142868295714,3.95539930168535,-5.44888783778839));
#13902=CARTESIAN_POINT('Ctrl Pts',(3.09142868295714,3.95539930168535,-5.49999987706542));
#13903=CARTESIAN_POINT('Ctrl Pts',(2.98456839929175,3.62868574301182,-5.49999987706542));
#13904=CARTESIAN_POINT('Ctrl Pts',(2.98456839929175,3.62868574301182,-5.58885703476056));
#13905=CARTESIAN_POINT('Ctrl Pts',(3.04303067610874,3.59315870215149,-5.77655326854616));
#13906=CARTESIAN_POINT('Ctrl Pts',(3.18147503448066,3.51281661505266,-5.89979412533284));
#13907=CARTESIAN_POINT('Ctrl Pts',(3.29090074604348,3.44205568990632,-5.95592346825883));
#13908=CARTESIAN_POINT('Ctrl Pts',(3.35169783260331,3.39028647600366,-5.96691291564437));
#13909=CARTESIAN_POINT('Ctrl Pts',(3.38364913953545,3.35738522623229,-5.96570444632336));
#13910=CARTESIAN_POINT('Ctrl Pts',(3.39975758421459,3.33999165462266,-5.96408453357982));
#13911=CARTESIAN_POINT('Ctrl Pts',(3.45127371506693,3.27977709386529,-5.95190240551935));
#13912=CARTESIAN_POINT('Ctrl Pts',(3.51373281949012,3.17995013605895,-5.90603978170156));
#13913=CARTESIAN_POINT('Ctrl Pts',(3.58354299779337,3.06028433050067,-5.77965341370552));
#13914=CARTESIAN_POINT('Ctrl Pts',(3.62107489874794,2.99735733373918,-5.6361058692077));
#13915=CARTESIAN_POINT('Ctrl Pts',(3.63597410958917,2.97257083995804,-5.45627070166338));
#13916=CARTESIAN_POINT('Ctrl Pts',(3.60847856937139,3.01807733919205,-5.29535354351489));
#13917=CARTESIAN_POINT('Ctrl Pts',(3.56904046338567,3.08490087219548,-5.19913875971299));
#13918=CARTESIAN_POINT('Ctrl Pts',(3.54149368049409,3.13163780699416,-5.14597454143068));
#13919=CARTESIAN_POINT('Ctrl Pts',(3.50733351698694,3.1890119407586,-5.0991915161679));
#13920=CARTESIAN_POINT('Ctrl Pts',(3.46415771129237,3.25721012980736,-5.06009464217044));
#13921=CARTESIAN_POINT('Ctrl Pts',(3.40342761704306,3.33919694991327,-5.03161046343358));
#13922=CARTESIAN_POINT('Ctrl Pts',(3.32387007567016,3.41929279850365,-5.03086524272221));
#13923=CARTESIAN_POINT('Ctrl Pts',(3.21240957101574,3.49376911900621,-5.07980586968009));
#13924=CARTESIAN_POINT('Ctrl Pts',(3.12051466464959,3.54808982956116,-5.15471550746005));
#13925=CARTESIAN_POINT('Ctrl Pts',(3.04976976024447,3.58981176251134,-5.24231074744016));
#13926=CARTESIAN_POINT('Ctrl Pts',(2.99684654837262,3.62127227636776,-5.36324399432076));
#13927=CARTESIAN_POINT('Ctrl Pts',(2.98456839929175,3.62868574301182,-5.45557129821785));
#13928=CARTESIAN_POINT('Ctrl Pts',(2.98456839929175,3.62868574301182,-5.49999987706542));
#13929=CARTESIAN_POINT('Ctrl Pts',(2.87770811562635,3.30197218433828,-5.49999987706542));
#13930=CARTESIAN_POINT('Ctrl Pts',(2.87770811562635,3.30197218433828,-5.57549011390163));
#13931=CARTESIAN_POINT('Ctrl Pts',(2.93651125157608,3.25553186814194,-5.73218341990317));
#13932=CARTESIAN_POINT('Ctrl Pts',(3.04555010871144,3.16941688576057,-5.78978729991488));
#13933=CARTESIAN_POINT('Ctrl Pts',(3.09212729602024,3.12986542425624,-5.79904190149269));
#13934=CARTESIAN_POINT('Ctrl Pts',(3.10686435268721,3.11588516661767,-5.79938143109107));
#13935=CARTESIAN_POINT('Ctrl Pts',(3.11482561541772,3.10783761668395,-5.79927794185256));
#13936=CARTESIAN_POINT('Ctrl Pts',(3.11909072132746,3.10342326680398,-5.79921556776407));
#13937=CARTESIAN_POINT('Ctrl Pts',(3.13364544436239,3.08798700660851,-5.79735825956245));
#13938=CARTESIAN_POINT('Ctrl Pts',(3.1690627140483,3.04605695864956,-5.79708776779396));
#13939=CARTESIAN_POINT('Ctrl Pts',(3.2460186414669,2.94855954864058,-5.72722442324788));
#13940=CARTESIAN_POINT('Ctrl Pts',(3.29211268059544,2.89017394820919,-5.61577243929925));
#13941=CARTESIAN_POINT('Ctrl Pts',(3.3115240144579,2.86561537839348,-5.46251625329321));
#13942=CARTESIAN_POINT('Ctrl Pts',(3.27549558705315,2.9111105697487,-5.32713552365352));
#13943=CARTESIAN_POINT('Ctrl Pts',(3.2302718544316,2.96834932621215,-5.26277607389379));
#13944=CARTESIAN_POINT('Ctrl Pts',(3.20108821058653,3.00517806374795,-5.23172346472592));
#13945=CARTESIAN_POINT('Ctrl Pts',(3.16971081345977,3.04431090803694,-5.21203670665835));
#13946=CARTESIAN_POINT('Ctrl Pts',(3.14157258701851,3.07829529817136,-5.20280695703127));
#13947=CARTESIAN_POINT('Ctrl Pts',(3.11727277786191,3.1053334037324,-5.1998765768352));
#13948=CARTESIAN_POINT('Ctrl Pts',(3.10297912478279,3.11998457896128,-5.19985198882856));
#13949=CARTESIAN_POINT('Ctrl Pts',(3.06084456230091,3.15667082447409,-5.20434631106737));
#13950=CARTESIAN_POINT('Ctrl Pts',(2.99785000655281,3.20701762229069,-5.235384467979));
#13951=CARTESIAN_POINT('Ctrl Pts',(2.93943871029279,3.25321455976383,-5.28981906282006));
#13952=CARTESIAN_POINT('Ctrl Pts',(2.88971472093029,3.29245789193326,-5.38376979656303));
#13953=CARTESIAN_POINT('Ctrl Pts',(2.87770811562635,3.30197218433828,-5.46225475864731));
#13954=CARTESIAN_POINT('Ctrl Pts',(2.87770811562635,3.30197218433828,-5.49999987706542));
#13955=CARTESIAN_POINT('',(3.19828896662254,4.28211286035889,-5.49999987706542));
#13956=CARTESIAN_POINT('',(2.87770811562635,3.30197218433828,-5.49999987706542));
#13957=CARTESIAN_POINT('',(3.19828896662254,4.28211286035889,-5.49999987706542));
#13958=CARTESIAN_POINT('',(3.11182036162202,3.1108653708651,-5.7993111712004));
#13959=CARTESIAN_POINT('Ctrl Pts',(2.87770811562635,3.30197218433828,-5.49999987706542));
#13960=CARTESIAN_POINT('Ctrl Pts',(2.87770811562635,3.30197218433828,-5.57549011390163));
#13961=CARTESIAN_POINT('Ctrl Pts',(2.93651125157608,3.25553186814194,-5.73218341990317));
#13962=CARTESIAN_POINT('Ctrl Pts',(3.04555010871144,3.16941688576057,-5.78978729991488));
#13963=CARTESIAN_POINT('Ctrl Pts',(3.09212729602024,3.12986542425624,-5.79904190149269));
#13964=CARTESIAN_POINT('Ctrl Pts',(3.10573073294359,3.1169605710514,-5.79935531342966));
#13965=CARTESIAN_POINT('Ctrl Pts',(3.11182036162202,3.1108653708651,-5.7993111712004));
#13966=CARTESIAN_POINT('Ctrl Pts',(3.11182036162202,3.1108653708651,-5.7993111712004));
#13967=CARTESIAN_POINT('Ctrl Pts',(3.11283529973509,3.10984950416738,-5.79930381416219));
#13968=CARTESIAN_POINT('Ctrl Pts',(3.11482561541772,3.10783761668395,-5.79927794185256));
#13969=CARTESIAN_POINT('Ctrl Pts',(3.11909072132746,3.10342326680398,-5.79921556776407));
#13970=CARTESIAN_POINT('Ctrl Pts',(3.13364544436239,3.08798700660851,-5.79735825956245));
#13971=CARTESIAN_POINT('Ctrl Pts',(3.1690627140483,3.04605695864956,-5.79708776779396));
#13972=CARTESIAN_POINT('Ctrl Pts',(3.2460186414669,2.94855954864058,-5.72722442324788));
#13973=CARTESIAN_POINT('Ctrl Pts',(3.29211268059544,2.89017394820919,-5.61577243929925));
#13974=CARTESIAN_POINT('Ctrl Pts',(3.3115240144579,2.86561537839348,-5.46251625329321));
#13975=CARTESIAN_POINT('Ctrl Pts',(3.27549558705315,2.9111105697487,-5.32713552365352));
#13976=CARTESIAN_POINT('Ctrl Pts',(3.2302718544316,2.96834932621215,-5.26277607389379));
#13977=CARTESIAN_POINT('Ctrl Pts',(3.20108821058653,3.00517806374795,-5.23172346472592));
#13978=CARTESIAN_POINT('Ctrl Pts',(3.16971081345977,3.04431090803694,-5.21203670665835));
#13979=CARTESIAN_POINT('Ctrl Pts',(3.14157258701851,3.07829529817136,-5.20280695703127));
#13980=CARTESIAN_POINT('Ctrl Pts',(3.11727277786191,3.1053334037324,-5.1998765768352));
#13981=CARTESIAN_POINT('Ctrl Pts',(3.10297912478279,3.11998457896128,-5.19985198882856));
#13982=CARTESIAN_POINT('Ctrl Pts',(3.06084456230091,3.15667082447409,-5.20434631106737));
#13983=CARTESIAN_POINT('Ctrl Pts',(2.99785000655281,3.20701762229069,-5.235384467979));
#13984=CARTESIAN_POINT('Ctrl Pts',(2.93943871029279,3.25321455976383,-5.28981906282006));
#13985=CARTESIAN_POINT('Ctrl Pts',(2.88971472093029,3.29245789193326,-5.38376979656303));
#13986=CARTESIAN_POINT('Ctrl Pts',(2.87770811562635,3.30197218433828,-5.46225475864731));
#13987=CARTESIAN_POINT('Ctrl Pts',(2.87770811562635,3.30197218433828,-5.49999987706542));
#13988=CARTESIAN_POINT('Ctrl Pts',(3.19828896662254,4.28211286035889,-5.49999987706542));
#13989=CARTESIAN_POINT('Ctrl Pts',(3.19828896662254,4.28211286035889,-5.44220437735893));
#13990=CARTESIAN_POINT('Ctrl Pts',(3.21111020325728,4.27890104523676,-5.32219238983623));
#13991=CARTESIAN_POINT('Ctrl Pts',(3.27043186014783,4.26300616800636,-5.14729411668035));
#13992=CARTESIAN_POINT('Ctrl Pts',(3.36584398084315,4.23023424410211,-4.99337758642213));
#13993=CARTESIAN_POINT('Ctrl Pts',(3.51553958844541,4.16796570807046,-4.83072498690553));
#13994=CARTESIAN_POINT('Ctrl Pts',(3.76565197744489,4.01790923758838,-4.69289175050953));
#13995=CARTESIAN_POINT('Ctrl Pts',(3.97573729540535,3.80692404227501,-4.69507823663032));
#13996=CARTESIAN_POINT('Ctrl Pts',(4.10932795984009,3.61503979307936,-4.77467001244876));
#13997=CARTESIAN_POINT('Ctrl Pts',(4.18257892404127,3.4784140062019,-4.873501135187));
#13998=CARTESIAN_POINT('Ctrl Pts',(4.22230462030923,3.38455729348658,-4.9744766948402));
#13999=CARTESIAN_POINT('Ctrl Pts',(4.24657768129381,3.31800396416214,-5.07186413135138));
#14000=CARTESIAN_POINT('Ctrl Pts',(4.27444453400787,3.23201087807875,-5.23178958323762));
#14001=CARTESIAN_POINT('Ctrl Pts',(4.2848742998517,3.18648176308715,-5.44377959840372));
#14002=CARTESIAN_POINT('Ctrl Pts',(4.27899933505293,3.21172410479917,-5.6767727290246));
#14003=CARTESIAN_POINT('Ctrl Pts',(4.2585917104463,3.28373389422085,-5.8845113946208));
#14004=CARTESIAN_POINT('Ctrl Pts',(4.20307303037377,3.44773649087773,-6.12394380951676));
#14005=CARTESIAN_POINT('Ctrl Pts',(4.08653025647602,3.66335726837886,-6.26099069743317));
#14006=CARTESIAN_POINT('Ctrl Pts',(3.96109130998883,3.81312843026004,-6.29382246521131));
#14007=CARTESIAN_POINT('Ctrl Pts',(3.92129618777091,3.85648044532896,-6.29855745526496));
#14008=CARTESIAN_POINT('Ctrl Pts',(3.84136479243553,3.93908909477565,-6.30197588475097));
#14009=CARTESIAN_POINT('Ctrl Pts',(3.68844764608997,4.06643622120647,-6.2696866017911));
#14010=CARTESIAN_POINT('Ctrl Pts',(3.45332488601912,4.19961607363683,-6.11980777616877));
#14011=CARTESIAN_POINT('Ctrl Pts',(3.25606952517405,4.26841237017058,-5.86529296583215));
#14012=CARTESIAN_POINT('Ctrl Pts',(3.19828896662254,4.28211286035889,-5.61559087647841));
#14013=CARTESIAN_POINT('Ctrl Pts',(3.19828896662254,4.28211286035889,-5.49999987706542));
#14014=CARTESIAN_POINT('Origin',(5.65685424949238,5.65685424949238,-5.49999987706542));
#14015=CARTESIAN_POINT('',(5.65685424949238,5.65685424949238,-5.79999987706542));
#14016=CARTESIAN_POINT('Origin',(2.82842712474619,2.82842712474619,-3.));
#14017=CARTESIAN_POINT('',(0.,0.,0.));
#14018=CARTESIAN_POINT('',(-1.52242109020501E-14,1.52242112637374E-14,48.000000372529));
#14019=CARTESIAN_POINT('',(-1.21585804326701E-14,1.52242112637374E-14,58.000000372529));
#14020=CARTESIAN_POINT('',(-9.09294996329011E-15,1.52242112637374E-14,68.000000372529));
#14021=CARTESIAN_POINT('',(-6.02731949391015E-15,1.52242112637374E-14,78.000000372529));
#14022=CARTESIAN_POINT('',(-2.96168902453018E-15,1.52242112637375E-14,88.0000003725291));
#14023=CARTESIAN_POINT('',(3.16957191422976E-15,1.52242112637375E-14,108.000000372529));
#14024=CARTESIAN_POINT('',(1.03941444849792E-16,1.52242112637375E-14,98.0000003725292));
#14025=CARTESIAN_POINT('',(6.23520238360973E-15,1.52242112637374E-14,118.000000372529));
#14026=CARTESIAN_POINT('',(9.32071364375636E-15,1.52242112637373E-14,129.000000372529));
#14027=CARTESIAN_POINT('',(1.23863441131363E-14,1.52242112637373E-14,139.000000372529));
#14028=CARTESIAN_POINT('',(1.54519745825163E-14,1.52242112637372E-14,149.000000372529));
#14029=CARTESIAN_POINT('',(1.85176050518963E-14,1.52242112637371E-14,159.000000372529));
#14030=CARTESIAN_POINT('',(2.15832355212762E-14,1.52242112637371E-14,169.000000372529));
#14031=CARTESIAN_POINT('',(2.47743922875688E-14,1.60982338570648E-14,176.950000372529));
#14032=CARTESIAN_POINT('',(2.79655490538614E-14,1.69309011255336E-14,184.900000372529));
#14033=CARTESIAN_POINT('',(3.11567058201539E-14,1.69309011255397E-14,192.850000372529));
#14034=UNCERTAINTY_MEASURE_WITH_UNIT(LENGTH_MEASURE(0.01),#14046,
'DISTANCE_ACCURACY_VALUE',
'Maximum model space distance between geometric entities at asserted c
onnectivities');
#14035=UNCERTAINTY_MEASURE_WITH_UNIT(LENGTH_MEASURE(0.01),#14046,
'DISTANCE_ACCURACY_VALUE',
'Maximum model space distance between geometric entities at asserted c
onnectivities');
#14036=UNCERTAINTY_MEASURE_WITH_UNIT(LENGTH_MEASURE(0.01),#14046,
'DISTANCE_ACCURACY_VALUE',
'Maximum model space distance between geometric entities at asserted c
onnectivities');
#14037=UNCERTAINTY_MEASURE_WITH_UNIT(LENGTH_MEASURE(0.01),#14046,
'DISTANCE_ACCURACY_VALUE',
'Maximum model space distance between geometric entities at asserted c
onnectivities');
#14038=UNCERTAINTY_MEASURE_WITH_UNIT(LENGTH_MEASURE(0.01),#14046,
'DISTANCE_ACCURACY_VALUE',
'Maximum model space distance between geometric entities at asserted c
onnectivities');
#14039=UNCERTAINTY_MEASURE_WITH_UNIT(LENGTH_MEASURE(0.01),#14046,
'DISTANCE_ACCURACY_VALUE',
'Maximum model space distance between geometric entities at asserted c
onnectivities');
#14040=(
GEOMETRIC_REPRESENTATION_CONTEXT(3)
GLOBAL_UNCERTAINTY_ASSIGNED_CONTEXT((#14034))
GLOBAL_UNIT_ASSIGNED_CONTEXT((#14046,#14048,#14049))
REPRESENTATION_CONTEXT('','3D')
);
#14041=(
GEOMETRIC_REPRESENTATION_CONTEXT(3)
GLOBAL_UNCERTAINTY_ASSIGNED_CONTEXT((#14035))
GLOBAL_UNIT_ASSIGNED_CONTEXT((#14046,#14048,#14049))
REPRESENTATION_CONTEXT('','3D')
);
#14042=(
GEOMETRIC_REPRESENTATION_CONTEXT(3)
GLOBAL_UNCERTAINTY_ASSIGNED_CONTEXT((#14036))
GLOBAL_UNIT_ASSIGNED_CONTEXT((#14046,#14048,#14049))
REPRESENTATION_CONTEXT('','3D')
);
#14043=(
GEOMETRIC_REPRESENTATION_CONTEXT(3)
GLOBAL_UNCERTAINTY_ASSIGNED_CONTEXT((#14037))
GLOBAL_UNIT_ASSIGNED_CONTEXT((#14046,#14048,#14049))
REPRESENTATION_CONTEXT('','3D')
);
#14044=(
GEOMETRIC_REPRESENTATION_CONTEXT(3)
GLOBAL_UNCERTAINTY_ASSIGNED_CONTEXT((#14038))
GLOBAL_UNIT_ASSIGNED_CONTEXT((#14046,#14048,#14049))
REPRESENTATION_CONTEXT('','3D')
);
#14045=(
GEOMETRIC_REPRESENTATION_CONTEXT(3)
GLOBAL_UNCERTAINTY_ASSIGNED_CONTEXT((#14039))
GLOBAL_UNIT_ASSIGNED_CONTEXT((#14046,#14048,#14049))
REPRESENTATION_CONTEXT('','3D')
);
#14046=(
LENGTH_UNIT()
NAMED_UNIT(*)
SI_UNIT(.MILLI.,.METRE.)
);
#14047=(
LENGTH_UNIT()
NAMED_UNIT(*)
SI_UNIT($,.METRE.)
);
#14048=(
NAMED_UNIT(*)
PLANE_ANGLE_UNIT()
SI_UNIT($,.RADIAN.)
);
#14049=(
NAMED_UNIT(*)
SI_UNIT($,.STERADIAN.)
SOLID_ANGLE_UNIT()
);
#14050=SHAPE_DEFINITION_REPRESENTATION(#14055,#14077);
#14051=SHAPE_DEFINITION_REPRESENTATION(#14056,#14078);
#14052=SHAPE_DEFINITION_REPRESENTATION(#14057,#14079);
#14053=SHAPE_DEFINITION_REPRESENTATION(#14058,#14080);
#14054=SHAPE_DEFINITION_REPRESENTATION(#14059,#14081);
#14055=PRODUCT_DEFINITION_SHAPE('',$,#14083);
#14056=PRODUCT_DEFINITION_SHAPE('',$,#14084);
#14057=PRODUCT_DEFINITION_SHAPE('',$,#14085);
#14058=PRODUCT_DEFINITION_SHAPE('',$,#14086);
#14059=PRODUCT_DEFINITION_SHAPE('',$,#14087);
#14060=PRODUCT_DEFINITION_SHAPE($,$,#62);
#14061=PRODUCT_DEFINITION_SHAPE($,$,#63);
#14062=PRODUCT_DEFINITION_SHAPE($,$,#64);
#14063=PRODUCT_DEFINITION_SHAPE($,$,#65);
#14064=PRODUCT_DEFINITION_SHAPE($,$,#66);
#14065=PRODUCT_DEFINITION_SHAPE($,$,#67);
#14066=PRODUCT_DEFINITION_SHAPE($,$,#68);
#14067=PRODUCT_DEFINITION_SHAPE($,$,#69);
#14068=PRODUCT_DEFINITION_SHAPE($,$,#70);
#14069=PRODUCT_DEFINITION_SHAPE($,$,#71);
#14070=PRODUCT_DEFINITION_SHAPE($,$,#72);
#14071=PRODUCT_DEFINITION_SHAPE($,$,#73);
#14072=PRODUCT_DEFINITION_SHAPE($,$,#74);
#14073=PRODUCT_DEFINITION_SHAPE($,$,#75);
#14074=PRODUCT_DEFINITION_SHAPE($,$,#76);
#14075=PRODUCT_DEFINITION_SHAPE($,$,#77);
#14076=PRODUCT_DEFINITION_SHAPE($,$,#78);
#14077=SHAPE_REPRESENTATION('',(#5390,#6037,#6038,#6039,#6040,#6041,#6042,
#6043,#6044,#6045,#6046,#6047,#6048,#6049,#6050,#6051,#6052,#6053),#14040);
#14078=SHAPE_REPRESENTATION('',(#5391),#14041);
#14079=SHAPE_REPRESENTATION('',(#5546),#14042);
#14080=SHAPE_REPRESENTATION('',(#5759),#14043);
#14081=SHAPE_REPRESENTATION('',(#5891),#14044);
#14082=PRODUCT_DEFINITION_CONTEXT('part definition',#14099,'design');
#14083=PRODUCT_DEFINITION('BallAndSocketContinuumAssembly',
'BallAndSocketContinuumAssembly v7',#14088,#14082);
#14084=PRODUCT_DEFINITION('Standoff','Standoff v9',#14089,#14082);
#14085=PRODUCT_DEFINITION('BallandSocketMidpoint',
'BallandSocketMidpoint v5',#14090,#14082);
#14086=PRODUCT_DEFINITION('Ball and Socket','Ball and Socket v5',#14091,
#14082);
#14087=PRODUCT_DEFINITION('BallandSocketTop','BallandSocketTop v6',#14092,
#14082);
#14088=PRODUCT_DEFINITION_FORMATION('',$,#14101);
#14089=PRODUCT_DEFINITION_FORMATION('',$,#14102);
#14090=PRODUCT_DEFINITION_FORMATION('',$,#14103);
#14091=PRODUCT_DEFINITION_FORMATION('',$,#14104);
#14092=PRODUCT_DEFINITION_FORMATION('',$,#14105);
#14093=PRODUCT_RELATED_PRODUCT_CATEGORY(
'BallAndSocketContinuumAssembly v7','BallAndSocketContinuumAssembly v7',
(#14101));
#14094=PRODUCT_RELATED_PRODUCT_CATEGORY('Standoff v9','Standoff v9',(#14102));
#14095=PRODUCT_RELATED_PRODUCT_CATEGORY('BallandSocketMidpoint v5',
'BallandSocketMidpoint v5',(#14103));
#14096=PRODUCT_RELATED_PRODUCT_CATEGORY('Ball and Socket v5',
'Ball and Socket v5',(#14104));
#14097=PRODUCT_RELATED_PRODUCT_CATEGORY('BallandSocketTop v6',
'BallandSocketTop v6',(#14105));
#14098=APPLICATION_PROTOCOL_DEFINITION('international standard',
'automotive_design',2009,#14099);
#14099=APPLICATION_CONTEXT(
'Core Data for Automotive Mechanical Design Process');
#14100=PRODUCT_CONTEXT('part definition',#14099,'mechanical');
#14101=PRODUCT('BallAndSocketContinuumAssembly',
'BallAndSocketContinuumAssembly v7',$,(#14100));
#14102=PRODUCT('Standoff','Standoff v9',$,(#14100));
#14103=PRODUCT('BallandSocketMidpoint','BallandSocketMidpoint v5',$,(#14100));
#14104=PRODUCT('Ball and Socket','Ball and Socket v5',$,(#14100));
#14105=PRODUCT('BallandSocketTop','BallandSocketTop v6',$,(#14100));
#14106=PRESENTATION_STYLE_ASSIGNMENT((#14111));
#14107=PRESENTATION_STYLE_ASSIGNMENT((#14112));
#14108=PRESENTATION_STYLE_ASSIGNMENT((#14113));
#14109=PRESENTATION_STYLE_ASSIGNMENT((#14114));
#14110=PRESENTATION_STYLE_ASSIGNMENT((#14115));
#14111=SURFACE_STYLE_USAGE(.BOTH.,#14116);
#14112=SURFACE_STYLE_USAGE(.BOTH.,#14117);
#14113=SURFACE_STYLE_USAGE(.BOTH.,#14118);
#14114=SURFACE_STYLE_USAGE(.BOTH.,#14119);
#14115=SURFACE_STYLE_USAGE(.BOTH.,#14120);
#14116=SURFACE_SIDE_STYLE('',(#14121));
#14117=SURFACE_SIDE_STYLE('',(#14122));
#14118=SURFACE_SIDE_STYLE('',(#14123));
#14119=SURFACE_SIDE_STYLE('',(#14124));
#14120=SURFACE_SIDE_STYLE('',(#14125));
#14121=SURFACE_STYLE_FILL_AREA(#14126);
#14122=SURFACE_STYLE_FILL_AREA(#14127);
#14123=SURFACE_STYLE_FILL_AREA(#14128);
#14124=SURFACE_STYLE_FILL_AREA(#14129);
#14125=SURFACE_STYLE_FILL_AREA(#14130);
#14126=FILL_AREA_STYLE('Steel - Satin',(#14131));
#14127=FILL_AREA_STYLE('Plastic - Matte (Red)',(#14132));
#14128=FILL_AREA_STYLE('Plastic - Matte (Blue)',(#14133));
#14129=FILL_AREA_STYLE('Plastic - Matte (Green)',(#14134));
#14130=FILL_AREA_STYLE('Plastic - Matte (Yellow)',(#14135));
#14131=FILL_AREA_STYLE_COLOUR('Steel - Satin',#14136);
#14132=FILL_AREA_STYLE_COLOUR('Plastic - Matte (Red)',#14137);
#14133=FILL_AREA_STYLE_COLOUR('Plastic - Matte (Blue)',#14138);
#14134=FILL_AREA_STYLE_COLOUR('Plastic - Matte (Green)',#14139);
#14135=FILL_AREA_STYLE_COLOUR('Plastic - Matte (Yellow)',#14140);
#14136=COLOUR_RGB('Steel - Satin',0.627450980392157,0.627450980392157,0.627450980392157);
#14137=COLOUR_RGB('Plastic - Matte (Red)',0.768627450980392,0.207843137254902,
0.152941176470588);
#14138=COLOUR_RGB('Plastic - Matte (Blue)',0.188235294117647,0.231372549019608,
0.588235294117647);
#14139=COLOUR_RGB('Plastic - Matte (Green)',0.266666666666667,0.588235294117647,
0.282352941176471);
#14140=COLOUR_RGB('Plastic - Matte (Yellow)',0.909803921568627,0.67843137254902,
0.137254901960784);
ENDSEC;
END-ISO-10303-21;
