ISO-10303-21;
HEADER;
/* Generated by software containing ST-Developer
 * from STEP Tools, Inc. (www.steptools.com) 
 */

FILE_DESCRIPTION(
/* description */ ('FreeCAD Model'),
/* implementation_level */ '2;1');

FILE_NAME(
/* name */ 'Jack_v3.step',
/* time_stamp */ '2026-08-21T09:19:16-04:00',
/* author */ (''),
/* organization */ (''),
/* preprocessor_version */ 'ST-DEVELOPER v20.1',
/* originating_system */ 'Autodesk Translation Framework v15.8.0.0',
/* authorisation */ '');

FILE_SCHEMA (('AUTOMOTIVE_DESIGN { 1 0 10303 214 3 1 1 }'));
ENDSEC;

DATA;
#10=MECHANICAL_DESIGN_GEOMETRIC_PRESENTATION_REPRESENTATION('',(#92,#93,
#94,#95,#96,#97,#98,#99,#100,#101,#102,#103),#10832);
#11=ITEM_DEFINED_TRANSFORMATION($,$,#5374,#5902);
#12=ITEM_DEFINED_TRANSFORMATION($,$,#5674,#5903);
#13=ITEM_DEFINED_TRANSFORMATION($,$,#5688,#5904);
#14=ITEM_DEFINED_TRANSFORMATION($,$,#5701,#5905);
#15=ITEM_DEFINED_TRANSFORMATION($,$,#5730,#5906);
#16=ITEM_DEFINED_TRANSFORMATION($,$,#5770,#5907);
#17=ITEM_DEFINED_TRANSFORMATION($,$,#5816,#5908);
#18=ITEM_DEFINED_TRANSFORMATION($,$,#5822,#5909);
#19=ITEM_DEFINED_TRANSFORMATION($,$,#5828,#5910);
#20=ITEM_DEFINED_TRANSFORMATION($,$,#5834,#5911);
#21=ITEM_DEFINED_TRANSFORMATION($,$,#5840,#5912);
#22=ITEM_DEFINED_TRANSFORMATION($,$,#5857,#5913);
#23=(
REPRESENTATION_RELATIONSHIP($,$,#10876,#10875)
REPRESENTATION_RELATIONSHIP_WITH_TRANSFORMATION(#11)
SHAPE_REPRESENTATION_RELATIONSHIP()
);
#24=(
REPRESENTATION_RELATIONSHIP($,$,#10877,#10875)
REPRESENTATION_RELATIONSHIP_WITH_TRANSFORMATION(#12)
SHAPE_REPRESENTATION_RELATIONSHIP()
);
#25=(
REPRESENTATION_RELATIONSHIP($,$,#10878,#10875)
REPRESENTATION_RELATIONSHIP_WITH_TRANSFORMATION(#13)
SHAPE_REPRESENTATION_RELATIONSHIP()
);
#26=(
REPRESENTATION_RELATIONSHIP($,$,#10879,#10875)
REPRESENTATION_RELATIONSHIP_WITH_TRANSFORMATION(#14)
SHAPE_REPRESENTATION_RELATIONSHIP()
);
#27=(
REPRESENTATION_RELATIONSHIP($,$,#10880,#10875)
REPRESENTATION_RELATIONSHIP_WITH_TRANSFORMATION(#15)
SHAPE_REPRESENTATION_RELATIONSHIP()
);
#28=(
REPRESENTATION_RELATIONSHIP($,$,#10881,#10875)
REPRESENTATION_RELATIONSHIP_WITH_TRANSFORMATION(#16)
SHAPE_REPRESENTATION_RELATIONSHIP()
);
#29=(
REPRESENTATION_RELATIONSHIP($,$,#10882,#10875)
REPRESENTATION_RELATIONSHIP_WITH_TRANSFORMATION(#17)
SHAPE_REPRESENTATION_RELATIONSHIP()
);
#30=(
REPRESENTATION_RELATIONSHIP($,$,#10883,#10875)
REPRESENTATION_RELATIONSHIP_WITH_TRANSFORMATION(#18)
SHAPE_REPRESENTATION_RELATIONSHIP()
);
#31=(
REPRESENTATION_RELATIONSHIP($,$,#10884,#10875)
REPRESENTATION_RELATIONSHIP_WITH_TRANSFORMATION(#19)
SHAPE_REPRESENTATION_RELATIONSHIP()
);
#32=(
REPRESENTATION_RELATIONSHIP($,$,#10885,#10875)
REPRESENTATION_RELATIONSHIP_WITH_TRANSFORMATION(#20)
SHAPE_REPRESENTATION_RELATIONSHIP()
);
#33=(
REPRESENTATION_RELATIONSHIP($,$,#10886,#10875)
REPRESENTATION_RELATIONSHIP_WITH_TRANSFORMATION(#21)
SHAPE_REPRESENTATION_RELATIONSHIP()
);
#34=(
REPRESENTATION_RELATIONSHIP($,$,#10887,#10875)
REPRESENTATION_RELATIONSHIP_WITH_TRANSFORMATION(#22)
SHAPE_REPRESENTATION_RELATIONSHIP()
);
#35=CONTEXT_DEPENDENT_SHAPE_REPRESENTATION(#23,#10863);
#36=CONTEXT_DEPENDENT_SHAPE_REPRESENTATION(#24,#10864);
#37=CONTEXT_DEPENDENT_SHAPE_REPRESENTATION(#25,#10865);
#38=CONTEXT_DEPENDENT_SHAPE_REPRESENTATION(#26,#10866);
#39=CONTEXT_DEPENDENT_SHAPE_REPRESENTATION(#27,#10867);
#40=CONTEXT_DEPENDENT_SHAPE_REPRESENTATION(#28,#10868);
#41=CONTEXT_DEPENDENT_SHAPE_REPRESENTATION(#29,#10869);
#42=CONTEXT_DEPENDENT_SHAPE_REPRESENTATION(#30,#10870);
#43=CONTEXT_DEPENDENT_SHAPE_REPRESENTATION(#31,#10871);
#44=CONTEXT_DEPENDENT_SHAPE_REPRESENTATION(#32,#10872);
#45=CONTEXT_DEPENDENT_SHAPE_REPRESENTATION(#33,#10873);
#46=CONTEXT_DEPENDENT_SHAPE_REPRESENTATION(#34,#10874);
#47=NEXT_ASSEMBLY_USAGE_OCCURRENCE('Cut:1','Cut:1','Cut:1',#10889,#10890,
'Cut:1');
#48=NEXT_ASSEMBLY_USAGE_OCCURRENCE('Body002:1','Body002:1','Body002:1',
#10889,#10891,'Body002:1');
#49=NEXT_ASSEMBLY_USAGE_OCCURRENCE('Body003:1','Body003:1','Body003:1',
#10889,#10892,'Body003:1');
#50=NEXT_ASSEMBLY_USAGE_OCCURRENCE('Body004:1','Body004:1','Body004:1',
#10889,#10893,'Body004:1');
#51=NEXT_ASSEMBLY_USAGE_OCCURRENCE('Body005:1','Body005:1','Body005:1',
#10889,#10894,'Body005:1');
#52=NEXT_ASSEMBLY_USAGE_OCCURRENCE('Body006:1','Body006:1','Body006:1',
#10889,#10895,'Body006:1');
#53=NEXT_ASSEMBLY_USAGE_OCCURRENCE('Body007:1','Body007:1','Body007:1',
#10889,#10896,'Body007:1');
#54=NEXT_ASSEMBLY_USAGE_OCCURRENCE('Body008:1','Body008:1','Body008:1',
#10889,#10897,'Body008:1');
#55=NEXT_ASSEMBLY_USAGE_OCCURRENCE('Body009:1','Body009:1','Body009:1',
#10889,#10898,'Body009:1');
#56=NEXT_ASSEMBLY_USAGE_OCCURRENCE('Body010:1','Body010:1','Body010:1',
#10889,#10899,'Body010:1');
#57=NEXT_ASSEMBLY_USAGE_OCCURRENCE('Body011:1','Body011:1','Body011:1',
#10889,#10900,'Body011:1');
#58=NEXT_ASSEMBLY_USAGE_OCCURRENCE('Body012:1','Body012:1','Body012:1',
#10889,#10901,'Body012:1');
#59=(
BOUNDED_SURFACE()
B_SPLINE_SURFACE(2,12,((#9979,#9980,#9981,#9982,#9983,#9984,#9985,#9986,
#9987,#9988,#9989,#9990,#9991),(#9992,#9993,#9994,#9995,#9996,#9997,#9998,
#9999,#10000,#10001,#10002,#10003,#10004),(#10005,#10006,#10007,#10008,
#10009,#10010,#10011,#10012,#10013,#10014,#10015,#10016,#10017)),
 .UNSPECIFIED.,.F.,.T.,.F.)
B_SPLINE_SURFACE_WITH_KNOTS((3,3),(13,13),(0.,7.853981633974),(1.553277754462E-16,
7.853981633974),.UNSPECIFIED.)
GEOMETRIC_REPRESENTATION_ITEM()
RATIONAL_B_SPLINE_SURFACE(((1.,1.,1.,1.,1.,1.,1.,1.,1.,1.,1.,1.,1.),(0.99659267603,
0.99659267603,0.996592676029,0.996592676031,0.996592676028,0.996592676032,
0.996592676027,0.996592676032,0.996592676029,0.99659267603,0.99659267603,
0.99659267603,0.99659267603),(1.,1.,1.,1.,1.,1.,1.,1.,1.,1.,1.,1.,1.)))
REPRESENTATION_ITEM('')
SURFACE()
);
#60=(
BOUNDED_SURFACE()
B_SPLINE_SURFACE(2,12,((#10084,#10085,#10086,#10087,#10088,#10089,#10090,
#10091,#10092,#10093,#10094,#10095,#10096),(#10097,#10098,#10099,#10100,
#10101,#10102,#10103,#10104,#10105,#10106,#10107,#10108,#10109),(#10110,
#10111,#10112,#10113,#10114,#10115,#10116,#10117,#10118,#10119,#10120,#10121,
#10122)),.UNSPECIFIED.,.F.,.T.,.F.)
B_SPLINE_SURFACE_WITH_KNOTS((3,3),(13,13),(0.,8.168140899333),(1.61540886464E-16,
8.168140899333),.UNSPECIFIED.)
GEOMETRIC_REPRESENTATION_ITEM()
RATIONAL_B_SPLINE_SURFACE(((1.,1.,1.,1.,1.,1.,1.,1.,1.,1.,1.,1.,1.),(0.99659267603,
0.99659267603,0.996592676029,0.996592676031,0.996592676027,0.996592676034,
0.996592676026,0.996592676033,0.996592676028,0.996592676031,0.996592676029,
0.99659267603,0.99659267603),(1.,1.,1.,1.,1.,1.,1.,1.,1.,1.,1.,1.,1.)))
REPRESENTATION_ITEM('')
SURFACE()
);
#61=(
BOUNDED_SURFACE()
B_SPLINE_SURFACE(2,12,((#10307,#10308,#10309,#10310,#10311,#10312,#10313,
#10314,#10315,#10316,#10317,#10318,#10319),(#10320,#10321,#10322,#10323,
#10324,#10325,#10326,#10327,#10328,#10329,#10330,#10331,#10332),(#10333,
#10334,#10335,#10336,#10337,#10338,#10339,#10340,#10341,#10342,#10343,#10344,
#10345)),.UNSPECIFIED.,.F.,.T.,.F.)
B_SPLINE_SURFACE_WITH_KNOTS((3,3),(13,13),(0.,11.498229112139),(2.273998632532E-16,
11.498229112139),.UNSPECIFIED.)
GEOMETRIC_REPRESENTATION_ITEM()
RATIONAL_B_SPLINE_SURFACE(((1.,1.,1.,1.,1.,1.,1.,1.,1.,1.,1.,1.,1.),(0.965668470351,
0.965668470352,0.965668470351,0.965668470353,0.965668470348,0.965668470356,
0.965668470347,0.965668470355,0.965668470349,0.965668470353,0.965668470351,
0.965668470352,0.965668470351),(1.,1.,1.,1.,1.,1.,1.,1.,1.,1.,1.,1.,1.)))
REPRESENTATION_ITEM('')
SURFACE()
);
#62=(
BOUNDED_SURFACE()
B_SPLINE_SURFACE(2,12,((#10507,#10508,#10509,#10510,#10511,#10512,#10513,
#10514,#10515,#10516,#10517,#10518,#10519),(#10520,#10521,#10522,#10523,
#10524,#10525,#10526,#10527,#10528,#10529,#10530,#10531,#10532),(#10533,
#10534,#10535,#10536,#10537,#10538,#10539,#10540,#10541,#10542,#10543,#10544,
#10545)),.UNSPECIFIED.,.F.,.T.,.F.)
B_SPLINE_SURFACE_WITH_KNOTS((3,3),(13,13),(0.,11.498229112139),(2.273998632532E-16,
11.498229112139),.UNSPECIFIED.)
GEOMETRIC_REPRESENTATION_ITEM()
RATIONAL_B_SPLINE_SURFACE(((1.,1.,1.,1.,1.,1.,1.,1.,1.,1.,1.,1.,1.),(0.965668470351,
0.965668470352,0.965668470351,0.965668470353,0.965668470348,0.965668470356,
0.965668470347,0.965668470355,0.965668470349,0.965668470353,0.965668470351,
0.965668470352,0.965668470351),(1.,1.,1.,1.,1.,1.,1.,1.,1.,1.,1.,1.,1.)))
REPRESENTATION_ITEM('')
SURFACE()
);
#63=(
BOUNDED_SURFACE()
B_SPLINE_SURFACE(2,12,((#10613,#10614,#10615,#10616,#10617,#10618,#10619,
#10620,#10621,#10622,#10623,#10624,#10625),(#10626,#10627,#10628,#10629,
#10630,#10631,#10632,#10633,#10634,#10635,#10636,#10637,#10638),(#10639,
#10640,#10641,#10642,#10643,#10644,#10645,#10646,#10647,#10648,#10649,#10650,
#10651)),.UNSPECIFIED.,.F.,.T.,.F.)
B_SPLINE_SURFACE_WITH_KNOTS((3,3),(13,13),(0.,11.498229112139),(2.273998632532E-16,
11.498229112139),.UNSPECIFIED.)
GEOMETRIC_REPRESENTATION_ITEM()
RATIONAL_B_SPLINE_SURFACE(((1.,1.,1.,1.,1.,1.,1.,1.,1.,1.,1.,1.,1.),(0.965668470351,
0.965668470352,0.965668470351,0.965668470353,0.965668470348,0.965668470356,
0.965668470347,0.965668470355,0.965668470349,0.965668470353,0.965668470351,
0.965668470352,0.965668470351),(1.,1.,1.,1.,1.,1.,1.,1.,1.,1.,1.,1.,1.)))
REPRESENTATION_ITEM('')
SURFACE()
);
#64=(
BOUNDED_SURFACE()
B_SPLINE_SURFACE(2,12,((#10652,#10653,#10654,#10655,#10656,#10657,#10658,
#10659,#10660,#10661,#10662,#10663,#10664),(#10665,#10666,#10667,#10668,
#10669,#10670,#10671,#10672,#10673,#10674,#10675,#10676,#10677),(#10678,
#10679,#10680,#10681,#10682,#10683,#10684,#10685,#10686,#10687,#10688,#10689,
#10690)),.UNSPECIFIED.,.F.,.T.,.F.)
B_SPLINE_SURFACE_WITH_KNOTS((3,3),(13,13),(0.,7.853981633974),(1.553277754462E-16,
7.853981633974),.UNSPECIFIED.)
GEOMETRIC_REPRESENTATION_ITEM()
RATIONAL_B_SPLINE_SURFACE(((1.,1.,1.,1.,1.,1.,1.,1.,1.,1.,1.,1.,1.),(0.965668470351,
0.965668470352,0.965668470351,0.965668470352,0.96566847035,0.965668470353,
0.96566847035,0.965668470352,0.965668470351,0.965668470352,0.965668470351,
0.965668470351,0.965668470351),(1.,1.,1.,1.,1.,1.,1.,1.,1.,1.,1.,1.,1.)))
REPRESENTATION_ITEM('')
SURFACE()
);
#65=(
BOUNDED_SURFACE()
B_SPLINE_SURFACE(2,12,((#10694,#10695,#10696,#10697,#10698,#10699,#10700,
#10701,#10702,#10703,#10704,#10705,#10706),(#10707,#10708,#10709,#10710,
#10711,#10712,#10713,#10714,#10715,#10716,#10717,#10718,#10719),(#10720,
#10721,#10722,#10723,#10724,#10725,#10726,#10727,#10728,#10729,#10730,#10731,
#10732)),.UNSPECIFIED.,.F.,.T.,.F.)
B_SPLINE_SURFACE_WITH_KNOTS((3,3),(13,13),(0.,7.853981633974),(1.553277754462E-16,
7.853981633974),.UNSPECIFIED.)
GEOMETRIC_REPRESENTATION_ITEM()
RATIONAL_B_SPLINE_SURFACE(((1.,1.,1.,1.,1.,1.,1.,1.,1.,1.,1.,1.,1.),(0.965668470351,
0.965668470352,0.965668470351,0.965668470352,0.96566847035,0.965668470353,
0.96566847035,0.965668470352,0.965668470351,0.965668470352,0.965668470351,
0.965668470351,0.965668470351),(1.,1.,1.,1.,1.,1.,1.,1.,1.,1.,1.,1.,1.)))
REPRESENTATION_ITEM('')
SURFACE()
);
#66=(
BOUNDED_SURFACE()
B_SPLINE_SURFACE(2,12,((#10753,#10754,#10755,#10756,#10757,#10758,#10759,
#10760,#10761,#10762,#10763,#10764,#10765),(#10766,#10767,#10768,#10769,
#10770,#10771,#10772,#10773,#10774,#10775,#10776,#10777,#10778),(#10779,
#10780,#10781,#10782,#10783,#10784,#10785,#10786,#10787,#10788,#10789,#10790,
#10791)),.UNSPECIFIED.,.F.,.T.,.F.)
B_SPLINE_SURFACE_WITH_KNOTS((3,3),(13,13),(0.,7.853981633974),(1.553277754462E-16,
7.853981633974),.UNSPECIFIED.)
GEOMETRIC_REPRESENTATION_ITEM()
RATIONAL_B_SPLINE_SURFACE(((1.,1.,1.,1.,1.,1.,1.,1.,1.,1.,1.,1.,1.),(0.965668470351,
0.965668470352,0.965668470351,0.965668470352,0.96566847035,0.965668470353,
0.96566847035,0.965668470352,0.965668470351,0.965668470352,0.965668470351,
0.965668470351,0.965668470351),(1.,1.,1.,1.,1.,1.,1.,1.,1.,1.,1.,1.,1.)))
REPRESENTATION_ITEM('')
SURFACE()
);
#67=SPHERICAL_SURFACE('',#5686,1.05);
#68=SHAPE_REPRESENTATION_RELATIONSHIP('SRR','None',#10876,#80);
#69=SHAPE_REPRESENTATION_RELATIONSHIP('SRR','None',#10877,#81);
#70=SHAPE_REPRESENTATION_RELATIONSHIP('SRR','None',#10878,#82);
#71=SHAPE_REPRESENTATION_RELATIONSHIP('SRR','None',#10879,#83);
#72=SHAPE_REPRESENTATION_RELATIONSHIP('SRR','None',#10880,#84);
#73=SHAPE_REPRESENTATION_RELATIONSHIP('SRR','None',#10881,#85);
#74=SHAPE_REPRESENTATION_RELATIONSHIP('SRR','None',#10882,#86);
#75=SHAPE_REPRESENTATION_RELATIONSHIP('SRR','None',#10883,#87);
#76=SHAPE_REPRESENTATION_RELATIONSHIP('SRR','None',#10884,#88);
#77=SHAPE_REPRESENTATION_RELATIONSHIP('SRR','None',#10885,#89);
#78=SHAPE_REPRESENTATION_RELATIONSHIP('SRR','None',#10886,#90);
#79=SHAPE_REPRESENTATION_RELATIONSHIP('SRR','None',#10887,#91);
#80=ADVANCED_BREP_SHAPE_REPRESENTATION('',(#104),#10820);
#81=ADVANCED_BREP_SHAPE_REPRESENTATION('',(#105),#10821);
#82=ADVANCED_BREP_SHAPE_REPRESENTATION('',(#106),#10822);
#83=ADVANCED_BREP_SHAPE_REPRESENTATION('',(#107),#10823);
#84=ADVANCED_BREP_SHAPE_REPRESENTATION('',(#108),#10824);
#85=ADVANCED_BREP_SHAPE_REPRESENTATION('',(#109),#10825);
#86=ADVANCED_BREP_SHAPE_REPRESENTATION('',(#110),#10826);
#87=ADVANCED_BREP_SHAPE_REPRESENTATION('',(#111),#10827);
#88=ADVANCED_BREP_SHAPE_REPRESENTATION('',(#112),#10828);
#89=ADVANCED_BREP_SHAPE_REPRESENTATION('',(#113),#10829);
#90=ADVANCED_BREP_SHAPE_REPRESENTATION('',(#114),#10830);
#91=ADVANCED_BREP_SHAPE_REPRESENTATION('',(#115),#10831);
#92=STYLED_ITEM('',(#10945),#104);
#93=STYLED_ITEM('',(#10946),#105);
#94=STYLED_ITEM('',(#10947),#106);
#95=STYLED_ITEM('',(#10948),#107);
#96=STYLED_ITEM('',(#10948),#108);
#97=STYLED_ITEM('',(#10947),#109);
#98=STYLED_ITEM('',(#10948),#110);
#99=STYLED_ITEM('',(#10949),#111);
#100=STYLED_ITEM('',(#10948),#112);
#101=STYLED_ITEM('',(#10947),#113);
#102=STYLED_ITEM('',(#10947),#114);
#103=STYLED_ITEM('',(#10946),#115);
#104=MANIFOLD_SOLID_BREP('Body1',#5228);
#105=MANIFOLD_SOLID_BREP('Body1',#5229);
#106=MANIFOLD_SOLID_BREP('Body1',#5230);
#107=MANIFOLD_SOLID_BREP('Body1',#5231);
#108=MANIFOLD_SOLID_BREP('Body1',#5232);
#109=MANIFOLD_SOLID_BREP('Body1',#5233);
#110=MANIFOLD_SOLID_BREP('Body1',#5234);
#111=MANIFOLD_SOLID_BREP('Body1',#5235);
#112=MANIFOLD_SOLID_BREP('Body1',#5236);
#113=MANIFOLD_SOLID_BREP('Body1',#5237);
#114=MANIFOLD_SOLID_BREP('Body1',#5238);
#115=MANIFOLD_SOLID_BREP('Body1',#5239);
#116=B_SPLINE_CURVE_WITH_KNOTS('',6,(#8539,#8540,#8541,#8542,#8543,#8544,
#8545,#8546,#8547,#8548,#8549,#8550),.UNSPECIFIED.,.F.,.F.,(7,5,7),(0.,
0.130363339055,0.686477530205427),.UNSPECIFIED.);
#117=B_SPLINE_CURVE_WITH_KNOTS('',6,(#8553,#8554,#8555,#8556,#8557,#8558,
#8559,#8560,#8561,#8562,#8563,#8564),.UNSPECIFIED.,.F.,.F.,(7,5,7),(0.,
0.130363339055,0.686477530205427),.UNSPECIFIED.);
#118=B_SPLINE_CURVE_WITH_KNOTS('',3,(#8616,#8617,#8618,#8619,#8620,#8621,
#8622,#8623,#8624,#8625,#8626,#8627,#8628,#8629,#8630,#8631,#8632,#8633,
#8634,#8635,#8636,#8637,#8638,#8639,#8640,#8641,#8642,#8643,#8644,#8645,
#8646,#8647,#8648,#8649,#8650,#8651,#8652,#8653,#8654,#8655,#8656,#8657,
#8658,#8659,#8660,#8661,#8662,#8663,#8664,#8665,#8666,#8667,#8668,#8669,
#8670,#8671,#8672,#8673,#8674,#8675,#8676,#8677,#8678,#8679,#8680,#8681,
#8682,#8683,#8684,#8685,#8686,#8687,#8688),.UNSPECIFIED.,.F.,.F.,(4,3,3,
3,3,3,3,3,3,3,3,3,3,3,3,3,3,3,3,3,3,3,3,3,4),(0.,0.0253812486342054,0.0510648748358738,
0.0775281543861757,0.08970060243368,0.117656486959409,0.146606966076006,
0.162342914259,0.188241423312184,0.194421934078,0.217174340015953,0.240007557619942,
0.262890811009021,0.280867336112,0.303383577882666,0.32583447352056,0.343273746236,
0.367778191222192,0.376045919257,0.401893928733548,0.413179408581,0.439706610296646,
0.46599414317442,0.492039361603405,0.499988958277),.UNSPECIFIED.);
#119=B_SPLINE_CURVE_WITH_KNOTS('',3,(#8693,#8694,#8695,#8696,#8697,#8698,
#8699,#8700,#8701,#8702,#8703,#8704,#8705,#8706,#8707,#8708,#8709,#8710,
#8711,#8712,#8713,#8714,#8715,#8716,#8717,#8718,#8719,#8720,#8721,#8722,
#8723,#8724,#8725,#8726,#8727,#8728,#8729,#8730,#8731,#8732,#8733,#8734,
#8735,#8736,#8737,#8738,#8739,#8740,#8741,#8742,#8743,#8744,#8745,#8746,
#8747,#8748,#8749,#8750,#8751,#8752,#8753,#8754,#8755,#8756,#8757,#8758,
#8759,#8760,#8761,#8762,#8763,#8764,#8765),.UNSPECIFIED.,.F.,.F.,(4,3,3,
3,3,3,3,3,3,3,3,3,3,3,3,3,3,3,3,3,3,3,3,3,4),(0.499988958277,0.526068380123262,
0.552313973542815,0.578896840462122,0.586865324367,0.612713834310651,0.62378203655,
0.648268059143899,0.657740683981,0.68014686790744,0.702642039847952,0.719412214844,
0.742334568383963,0.765228493280966,0.788011770599391,0.806305725476,0.832287213933804,
0.837673935445,0.866689737567319,0.894781113325196,0.911856994403,0.938190076921116,
0.963978997921769,0.989302965571738,1.),.UNSPECIFIED.);
#120=B_SPLINE_CURVE_WITH_KNOTS('',3,(#8777,#8778,#8779,#8780,#8781,#8782,
#8783,#8784,#8785,#8786,#8787,#8788,#8789,#8790,#8791,#8792,#8793,#8794,
#8795,#8796,#8797,#8798,#8799,#8800,#8801,#8802,#8803,#8804,#8805,#8806,
#8807,#8808,#8809,#8810,#8811,#8812,#8813,#8814,#8815,#8816,#8817,#8818,
#8819,#8820,#8821,#8822,#8823,#8824,#8825,#8826,#8827,#8828,#8829,#8830,
#8831,#8832,#8833,#8834,#8835,#8836,#8837,#8838,#8839,#8840,#8841,#8842,
#8843,#8844,#8845,#8846,#8847,#8848,#8849,#8850,#8851,#8852,#8853,#8854,
#8855),.UNSPECIFIED.,.F.,.F.,(4,3,3,3,3,3,3,3,3,3,3,3,3,3,3,3,3,3,3,3,3,
3,3,3,3,3,4),(0.,0.023455396902777,0.0471315065358492,0.0711958115539639,
0.0960649204097849,0.121368550593467,0.147003398063702,0.165847127322,0.187387109796293,
0.197156272736,0.216102762771599,0.2356976159113,0.255292469051,0.274331781057932,
0.293316539330476,0.310530660377,0.332053902622422,0.342773751939,0.366750877296024,
0.379674799505,0.403641545295541,0.407107142477,0.431288881699291,0.455204260839881,
0.478836000173465,0.499910690945,0.500020323989015),.UNSPECIFIED.);
#121=B_SPLINE_CURVE_WITH_KNOTS('',3,(#8857,#8858,#8859,#8860,#8861,#8862,
#8863,#8864,#8865,#8866,#8867,#8868,#8869,#8870,#8871,#8872,#8873,#8874,
#8875,#8876,#8877,#8878,#8879,#8880,#8881,#8882,#8883,#8884,#8885,#8886,
#8887,#8888,#8889,#8890,#8891,#8892,#8893,#8894,#8895,#8896,#8897,#8898,
#8899,#8900,#8901,#8902,#8903,#8904,#8905,#8906,#8907,#8908,#8909,#8910,
#8911,#8912,#8913,#8914,#8915,#8916,#8917,#8918,#8919,#8920,#8921,#8922,
#8923,#8924,#8925,#8926,#8927,#8928,#8929,#8930,#8931,#8932),
 .UNSPECIFIED.,.F.,.F.,(4,3,3,3,3,3,3,3,3,3,3,3,3,3,3,3,3,3,3,3,3,3,3,3,
3,4),(0.500020323989015,0.523657696736634,0.547444295001604,0.571630067475724,
0.592611346258,0.616585086879488,0.619871737132,0.643882388493501,0.656399516142,
0.678011096108205,0.688091169674,0.70707502894204,0.72662642696352,0.746177824985,
0.765213397601908,0.784197221901865,0.802709615733,0.824260169754425,0.834691953293,
0.860322574670206,0.885777343788336,0.910770924784546,0.934948127829653,
0.958745759422088,0.982198739845177,1.),.UNSPECIFIED.);
#122=B_SPLINE_CURVE_WITH_KNOTS('',3,(#8996,#8997,#8998,#8999),
 .UNSPECIFIED.,.F.,.F.,(4,4),(572.351382588543,584.80760630082),
 .UNSPECIFIED.);
#123=B_SPLINE_CURVE_WITH_KNOTS('',3,(#9000,#9001,#9002,#9003),
 .UNSPECIFIED.,.F.,.F.,(4,4),(1892.49392857276,1904.5382095994),
 .UNSPECIFIED.);
#124=B_SPLINE_CURVE_WITH_KNOTS('',3,(#9008,#9009,#9010,#9011),
 .UNSPECIFIED.,.F.,.F.,(4,4),(1892.49392857277,1904.53820959941),
 .UNSPECIFIED.);
#125=B_SPLINE_CURVE_WITH_KNOTS('',3,(#9014,#9015,#9016,#9017),
 .UNSPECIFIED.,.F.,.F.,(4,4),(616.085075665162,626.93152405698),
 .UNSPECIFIED.);
#126=B_SPLINE_CURVE_WITH_KNOTS('',3,(#9024,#9025,#9026,#9027),
 .UNSPECIFIED.,.F.,.F.,(4,4),(616.085075665151,626.931524056969),
 .UNSPECIFIED.);
#127=B_SPLINE_CURVE_WITH_KNOTS('',3,(#9037,#9038,#9039,#9040),
 .UNSPECIFIED.,.F.,.F.,(4,4),(572.351382588435,584.807606300708),
 .UNSPECIFIED.);
#128=B_SPLINE_CURVE_WITH_KNOTS('',3,(#9093,#9094,#9095,#9096,#9097,#9098,
#9099,#9100,#9101,#9102,#9103,#9104,#9105,#9106,#9107,#9108,#9109,#9110,
#9111,#9112,#9113,#9114,#9115,#9116,#9117,#9118,#9119,#9120),
 .UNSPECIFIED.,.F.,.F.,(4,3,3,3,3,3,3,3,3,4),(1463.74483249416,1514.11253213396,
1566.60537199827,1622.61083951981,1680.99173142187,1741.91708107474,1807.12842338555,
1874.74500457195,1945.48643012722,1999.80216953987),.UNSPECIFIED.);
#129=B_SPLINE_CURVE_WITH_KNOTS('',3,(#9121,#9122,#9123,#9124,#9125,#9126,
#9127,#9128,#9129,#9130,#9131,#9132,#9133,#9134,#9135,#9136,#9137,#9138,
#9139,#9140,#9141,#9142,#9143,#9144,#9145,#9146,#9147,#9148),
 .UNSPECIFIED.,.F.,.F.,(4,3,3,3,3,3,3,3,3,4),(1999.80216953908,2070.41088176582,
2138.72465590746,2204.20439240684,2266.79927705564,2326.64887936032,2382.65273463976,
2436.70601203956,2487.76735215649,2535.85950658422),.UNSPECIFIED.);
#130=B_SPLINE_CURVE_WITH_KNOTS('',3,(#9151,#9152,#9153,#9154,#9155,#9156,
#9157,#9158,#9159,#9160,#9161,#9162,#9163,#9164,#9165,#9166,#9167,#9168,
#9169,#9170,#9171,#9172,#9173,#9174,#9175,#9176,#9177,#9178),
 .UNSPECIFIED.,.F.,.F.,(4,3,3,3,3,3,3,3,3,4),(1463.74483249318,1514.11253213292,
1566.60537199721,1622.61083951869,1680.99173142071,1741.9170810735,1807.12842338424,
1874.74500457058,1945.48643012581,1999.80216953849),.UNSPECIFIED.);
#131=B_SPLINE_CURVE_WITH_KNOTS('',3,(#9179,#9180,#9181,#9182,#9183,#9184,
#9185,#9186,#9187,#9188,#9189,#9190,#9191,#9192,#9193,#9194,#9195,#9196,
#9197,#9198,#9199,#9200,#9201,#9202,#9203,#9204,#9205,#9206),
 .UNSPECIFIED.,.F.,.F.,(4,3,3,3,3,3,3,3,3,4),(1999.80216953987,2070.41088176659,
2138.72465590821,2204.2043924076,2266.79927705636,2326.64887936099,2382.65273464042,
2436.70601204024,2487.76735215714,2535.85950658524),.UNSPECIFIED.);
#132=B_SPLINE_CURVE_WITH_KNOTS('',3,(#9209,#9210,#9211,#9212,#9213,#9214,
#9215,#9216,#9217,#9218,#9219,#9220,#9221,#9222,#9223,#9224,#9225,#9226,
#9227,#9228,#9229,#9230,#9231,#9232,#9233,#9234,#9235,#9236),
 .UNSPECIFIED.,.F.,.F.,(4,3,3,3,3,3,3,3,3,4),(1463.74483249393,1514.1125321337,
1566.605371998,1622.61083951951,1680.99173142156,1741.91708107435,1807.12842338511,
1874.74500457147,1945.48643012671,1999.8021695391),.UNSPECIFIED.);
#133=B_SPLINE_CURVE_WITH_KNOTS('',3,(#9237,#9238,#9239,#9240,#9241,#9242,
#9243,#9244,#9245,#9246,#9247,#9248,#9249,#9250,#9251,#9252,#9253,#9254,
#9255,#9256,#9257,#9258,#9259,#9260,#9261,#9262,#9263,#9264),
 .UNSPECIFIED.,.F.,.F.,(4,3,3,3,3,3,3,3,3,4),(1999.80216953849,2070.41088176526,
2138.72465590695,2204.20439240638,2266.79927705523,2326.64887935999,2382.65273463947,
2436.70601203927,2487.76735215624,2535.85950658404),.UNSPECIFIED.);
#134=B_SPLINE_CURVE_WITH_KNOTS('',3,(#9267,#9268,#9269,#9270,#9271,#9272,
#9273,#9274,#9275,#9276,#9277,#9278,#9279,#9280,#9281,#9282,#9283,#9284,
#9285,#9286,#9287,#9288,#9289,#9290,#9291,#9292,#9293,#9294),
 .UNSPECIFIED.,.F.,.F.,(4,3,3,3,3,3,3,3,3,4),(1463.74483249331,1514.1125321331,
1566.60537199733,1622.61083951882,1680.99173142086,1741.91708107363,1807.12842338438,
1874.74500457073,1945.48643012596,1999.80216953871),.UNSPECIFIED.);
#135=B_SPLINE_CURVE_WITH_KNOTS('',3,(#9295,#9296,#9297,#9298,#9299,#9300,
#9301,#9302,#9303,#9304,#9305,#9306,#9307,#9308,#9309,#9310,#9311,#9312,
#9313,#9314,#9315,#9316,#9317,#9318,#9319,#9320,#9321,#9322),
 .UNSPECIFIED.,.F.,.F.,(4,3,3,3,3,3,3,3,3,4),(1999.8021695391,2070.41088176584,
2138.72465590746,2204.20439240689,2266.79927705571,2326.64887936036,2382.65273463981,
2436.70601203964,2487.76735215657,2535.85950658422),.UNSPECIFIED.);
#136=B_SPLINE_CURVE_WITH_KNOTS('',3,(#9325,#9326,#9327,#9328,#9329,#9330,
#9331,#9332,#9333,#9334,#9335,#9336,#9337,#9338,#9339,#9340,#9341,#9342,
#9343,#9344,#9345,#9346,#9347,#9348,#9349,#9350,#9351,#9352),
 .UNSPECIFIED.,.F.,.F.,(4,3,3,3,3,3,3,3,3,4),(1463.74483249414,1514.11253213393,
1566.60537199827,1622.61083951981,1680.9917314219,1741.91708107475,1807.12842338555,
1874.74500457195,1945.48643012722,1999.80216953984),.UNSPECIFIED.);
#137=B_SPLINE_CURVE_WITH_KNOTS('',3,(#9353,#9354,#9355,#9356,#9357,#9358,
#9359,#9360,#9361,#9362,#9363,#9364,#9365,#9366,#9367,#9368,#9369,#9370,
#9371,#9372,#9373,#9374,#9375,#9376,#9377,#9378,#9379,#9380),
 .UNSPECIFIED.,.F.,.F.,(4,3,3,3,3,3,3,3,3,4),(1999.80216953871,2070.41088176547,
2138.72465590713,2204.20439240656,2266.79927705537,2326.64887936011,2382.65273463957,
2436.7060120394,2487.76735215635,2535.85950658428),.UNSPECIFIED.);
#138=B_SPLINE_CURVE_WITH_KNOTS('',3,(#9383,#9384,#9385,#9386,#9387,#9388,
#9389,#9390,#9391,#9392,#9393,#9394,#9395,#9396,#9397,#9398,#9399,#9400,
#9401,#9402,#9403,#9404,#9405,#9406,#9407,#9408,#9409,#9410),
 .UNSPECIFIED.,.F.,.F.,(4,3,3,3,3,3,3,3,3,4),(1463.74483249393,1514.11253213371,
1566.60537199798,1622.61083951949,1680.99173142153,1741.91708107436,1807.12842338514,
1874.74500457153,1945.48643012677,1999.80216953908),.UNSPECIFIED.);
#139=B_SPLINE_CURVE_WITH_KNOTS('',3,(#9411,#9412,#9413,#9414,#9415,#9416,
#9417,#9418,#9419,#9420,#9421,#9422,#9423,#9424,#9425,#9426,#9427,#9428,
#9429,#9430,#9431,#9432,#9433,#9434,#9435,#9436,#9437,#9438),
 .UNSPECIFIED.,.F.,.F.,(4,3,3,3,3,3,3,3,3,4),(1999.80216953984,2070.41088176657,
2138.7246559082,2204.20439240759,2266.79927705637,2326.64887936105,2382.65273464046,
2436.70601204024,2487.76735215715,2535.85950658512),.UNSPECIFIED.);
#140=B_SPLINE_CURVE_WITH_KNOTS('',3,(#9441,#9442,#9443,#9444,#9445,#9446,
#9447,#9448,#9449,#9450,#9451,#9452,#9453,#9454,#9455,#9456,#9457,#9458,
#9459,#9460,#9461,#9462,#9463,#9464,#9465,#9466,#9467,#9468),
 .UNSPECIFIED.,.F.,.F.,(4,3,3,3,3,3,3,3,3,4),(1463.74483250111,1514.11253214114,
1566.60537200569,1622.61083952751,1680.99173142986,1741.91708108304,1807.12842339418,
1874.74500458096,1945.48643013667,1999.80216954871),.UNSPECIFIED.);
#141=B_SPLINE_CURVE_WITH_KNOTS('',3,(#9469,#9470,#9471,#9472,#9473,#9474,
#9475,#9476,#9477,#9478,#9479,#9480,#9481,#9482,#9483,#9484,#9485,#9486,
#9487,#9488,#9489,#9490,#9491,#9492,#9493,#9494,#9495,#9496),
 .UNSPECIFIED.,.F.,.F.,(4,3,3,3,3,3,3,3,3,4),(1999.80216833969,2070.41088059695,
2138.72465478442,2204.20439133359,2266.7992760307,2326.64887838066,2382.65273369537,
2436.70601112844,2487.76735126556,2535.85950659813),.UNSPECIFIED.);
#142=B_SPLINE_CURVE_WITH_KNOTS('',3,(#9499,#9500,#9501,#9502,#9503,#9504,
#9505,#9506,#9507,#9508,#9509,#9510,#9511,#9512,#9513,#9514,#9515,#9516,
#9517,#9518,#9519,#9520,#9521,#9522,#9523,#9524,#9525,#9526),
 .UNSPECIFIED.,.F.,.F.,(4,3,3,3,3,3,3,3,3,4),(1463.7448325023,1514.11253213916,
1566.60537200022,1622.61083951489,1680.99173140956,1741.91708105439,1807.12842334992,
1874.74500452151,1945.48643006106,1999.80216833969),.UNSPECIFIED.);
#143=B_SPLINE_CURVE_WITH_KNOTS('',3,(#9527,#9528,#9529,#9530,#9531,#9532,
#9533,#9534,#9535,#9536,#9537,#9538,#9539,#9540,#9541,#9542,#9543,#9544,
#9545,#9546,#9547,#9548,#9549,#9550,#9551,#9552,#9553,#9554),
 .UNSPECIFIED.,.F.,.F.,(4,3,3,3,3,3,3,3,3,4),(1999.8021749139,2070.41088700795,
2138.72466094882,2204.20439722994,2266.79928166642,2326.64888377195,2382.6527388968,
2436.70601615071,2487.76735617971,2535.85950659732),.UNSPECIFIED.);
#144=B_SPLINE_CURVE_WITH_KNOTS('',3,(#9557,#9558,#9559,#9560,#9561,#9562,
#9563,#9564,#9565,#9566,#9567,#9568,#9569,#9570,#9571,#9572,#9573,#9574,
#9575,#9576,#9577,#9578,#9579,#9580,#9581,#9582,#9583,#9584),
 .UNSPECIFIED.,.F.,.F.,(4,3,3,3,3,3,3,3,3,4),(1463.74483250173,1514.11253215628,
1566.60537203641,1622.61083959018,1680.99173152704,1741.91708121728,1807.12842359813,
1874.74500485241,1945.48643047993,1999.8021749139),.UNSPECIFIED.);
#145=B_SPLINE_CURVE_WITH_KNOTS('',3,(#9585,#9586,#9587,#9588,#9589,#9590,
#9591,#9592,#9593,#9594,#9595,#9596,#9597,#9598,#9599,#9600,#9601,#9602,
#9603,#9604,#9605,#9606,#9607,#9608,#9609,#9610,#9611,#9612),
 .UNSPECIFIED.,.F.,.F.,(4,3,3,3,3,3,3,3,3,4),(1999.80217086874,2070.41088306322,
2138.72465715583,2204.20439360189,2266.79927819874,2326.64888045466,2382.65273569635,
2436.70601306049,2487.76735315605,2535.85950659681),.UNSPECIFIED.);
#146=B_SPLINE_CURVE_WITH_KNOTS('',3,(#9615,#9616,#9617,#9618,#9619,#9620,
#9621,#9622,#9623,#9624,#9625,#9626,#9627,#9628,#9629,#9630,#9631,#9632,
#9633,#9634,#9635,#9636,#9637,#9638,#9639,#9640,#9641,#9642),
 .UNSPECIFIED.,.F.,.F.,(4,3,3,3,3,3,3,3,3,4),(1463.74483250111,1514.11253214477,
1566.60537201323,1622.61083954291,1680.99173145377,1741.91708111612,1807.12842344443,
1874.7450046478,1945.48643022117,1999.80217086874),.UNSPECIFIED.);
#147=B_SPLINE_CURVE_WITH_KNOTS('',3,(#9643,#9644,#9645,#9646,#9647,#9648,
#9649,#9650,#9651,#9652,#9653,#9654,#9655,#9656,#9657,#9658,#9659,#9660,
#9661,#9662,#9663,#9664,#9665,#9666,#9667,#9668,#9669,#9670),
 .UNSPECIFIED.,.F.,.F.,(4,3,3,3,3,3,3,3,3,4),(1999.80216756592,2070.41087984238,
2138.72465405889,2204.20439063958,2266.79927536738,2326.6488777461,2382.65273308317,
2436.70601053734,2487.76735068722,2535.85950659737),.UNSPECIFIED.);
#148=B_SPLINE_CURVE_WITH_KNOTS('',3,(#9673,#9674,#9675,#9676,#9677,#9678,
#9679,#9680,#9681,#9682,#9683,#9684,#9685,#9686,#9687,#9688,#9689,#9690,
#9691,#9692,#9693,#9694,#9695,#9696,#9697,#9698,#9699,#9700),
 .UNSPECIFIED.,.F.,.F.,(4,3,3,3,3,3,3,3,3,4),(1463.74483250175,1514.11253213645,
1566.60537199526,1622.61083950528,1680.99173139496,1741.91708103445,1807.12842331988,
1874.74500448173,1945.48643001091,1999.80216756592),.UNSPECIFIED.);
#149=B_SPLINE_CURVE_WITH_KNOTS('',3,(#9701,#9702,#9703,#9704,#9705,#9706,
#9707,#9708,#9709,#9710,#9711,#9712,#9713,#9714,#9715,#9716,#9717,#9718,
#9719,#9720,#9721,#9722,#9723,#9724,#9725,#9726,#9727,#9728),
 .UNSPECIFIED.,.F.,.F.,(4,3,3,3,3,3,3,3,3,4),(1999.8021746999,2070.41088679926,
2138.72466074816,2204.20439703797,2266.79928148291,2326.64888359646,2382.65273872748,
2436.7060159872,2487.7673560197,2535.85950659754),.UNSPECIFIED.);
#150=B_SPLINE_CURVE_WITH_KNOTS('',3,(#9731,#9732,#9733,#9734,#9735,#9736,
#9737,#9738,#9739,#9740,#9741,#9742,#9743,#9744,#9745,#9746,#9747,#9748,
#9749,#9750,#9751,#9752,#9753,#9754,#9755,#9756,#9757,#9758),
 .UNSPECIFIED.,.F.,.F.,(4,3,3,3,3,3,3,3,3,4),(1463.74483250197,1514.11253215595,
1566.60537203537,1622.61083958787,1680.99173152334,1741.91708121216,1807.12842359023,
1874.74500484185,1945.48643046651,1999.8021746999),.UNSPECIFIED.);
#151=B_SPLINE_CURVE_WITH_KNOTS('',3,(#9759,#9760,#9761,#9762,#9763,#9764,
#9765,#9766,#9767,#9768,#9769,#9770,#9771,#9772,#9773,#9774,#9775,#9776,
#9777,#9778,#9779,#9780,#9781,#9782,#9783,#9784,#9785,#9786),
 .UNSPECIFIED.,.F.,.F.,(4,3,3,3,3,3,3,3,3,4),(1999.80216954871,2070.41088177595,
2138.72465591808,2204.20439241794,2266.79927706718,2326.64887937223,2382.65273465203,
2436.70601205218,2487.76735216945,2535.85950659681),.UNSPECIFIED.);
#152=B_SPLINE_CURVE_WITH_KNOTS('',3,(#10183,#10184,#10185,#10186,#10187,
#10188,#10189,#10190,#10191,#10192,#10193,#10194,#10195,#10196,#10197,#10198),
 .UNSPECIFIED.,.F.,.F.,(4,3,3,3,3,4),(4.51220938602495E-12,0.200934342248707,
0.408068386429222,0.61643902942514,0.827064113161676,1.),.UNSPECIFIED.);
#153=B_SPLINE_CURVE_WITH_KNOTS('',3,(#10201,#10202,#10203,#10204,#10205,
#10206,#10207,#10208,#10209,#10210,#10211,#10212,#10213,#10214,#10215,#10216),
 .UNSPECIFIED.,.F.,.F.,(4,3,3,3,3,4),(7.89240505346567E-12,0.212737834924682,
0.434061440509575,0.671392829664842,0.761548609067,1.),.UNSPECIFIED.);
#154=B_SPLINE_CURVE_WITH_KNOTS('',3,(#10225,#10226,#10227,#10228,#10229,
#10230,#10231,#10232,#10233,#10234,#10235,#10236,#10237,#10238,#10239,#10240,
#10241,#10242,#10243),.UNSPECIFIED.,.F.,.F.,(4,3,3,3,3,3,4),(7.89240505344577E-12,
0.179224707077633,0.366701178940093,0.567466453760071,0.761548609067,0.98277052201009,
1.),.UNSPECIFIED.);
#155=B_SPLINE_CURVE_WITH_KNOTS('',5,(#10248,#10249,#10250,#10251,#10252,
#10253),.UNSPECIFIED.,.F.,.F.,(6,6),(0.,0.508782133098787),
 .UNSPECIFIED.);
#156=B_SPLINE_CURVE_WITH_KNOTS('',5,(#10257,#10258,#10259,#10260,#10261,
#10262),.UNSPECIFIED.,.F.,.F.,(6,6),(0.,0.508757007808947),
 .UNSPECIFIED.);
#157=B_SPLINE_CURVE_WITH_KNOTS('',3,(#10263,#10264,#10265,#10266,#10267,
#10268,#10269,#10270,#10271,#10272,#10273,#10274,#10275,#10276,#10277,#10278,
#10279,#10280,#10281),.UNSPECIFIED.,.F.,.F.,(4,3,3,3,3,3,4),(7.76874072620782E-7,
0.194699677229005,0.384237711879947,0.442129973609,0.627755648376262,0.813877824179343,
0.999999999982423),.UNSPECIFIED.);
#158=B_SPLINE_CURVE_WITH_KNOTS('',3,(#10284,#10285,#10286,#10287,#10288,
#10289,#10290,#10291,#10292,#10293,#10294,#10295,#10296,#10297,#10298,#10299,
#10300,#10301,#10302),.UNSPECIFIED.,.F.,.F.,(4,3,3,3,3,3,4),(1.29565157122313E-9,
0.194703729636672,0.384236632552971,0.444129958865,0.629747403535392,0.815388630244607,
1.),.UNSPECIFIED.);
#159=B_SPLINE_CURVE_WITH_KNOTS('',4,(#10348,#10349,#10350,#10351,#10352,
#10353,#10354,#10355,#10356,#10357,#10358,#10359,#10360,#10361),
 .UNSPECIFIED.,.F.,.F.,(5,3,3,3,5),(0.,0.250123016624,0.500142551427,0.750091223945,
1.),.UNSPECIFIED.);
#160=B_SPLINE_CURVE_WITH_KNOTS('',3,(#10364,#10365,#10366,#10367,#10368,
#10369,#10370,#10371,#10372,#10373,#10374,#10375,#10376,#10377,#10378,#10379),
 .UNSPECIFIED.,.F.,.F.,(4,3,3,3,3,4),(4.59403224398578E-12,0.200934342240269,
0.408068386394814,0.616439029389879,0.82706411325311,1.),.UNSPECIFIED.);
#161=B_SPLINE_CURVE_WITH_KNOTS('',4,(#10386,#10387,#10388,#10389,#10390,
#10391,#10392,#10393,#10394,#10395,#10396,#10397,#10398,#10399),
 .UNSPECIFIED.,.F.,.F.,(5,3,3,3,5),(4.55957036434125E-10,0.250122916066,
0.500142448384,0.750091163877,0.999999907864688),.UNSPECIFIED.);
#162=B_SPLINE_CURVE_WITH_KNOTS('',3,(#10422,#10423,#10424,#10425,#10426,
#10427,#10428,#10429,#10430,#10431),.UNSPECIFIED.,.F.,.F.,(4,3,3,4),(747.542619201583,
777.139973209392,808.459937586511,839.231521246192),.UNSPECIFIED.);
#163=B_SPLINE_CURVE_WITH_KNOTS('',3,(#10444,#10445,#10446,#10447,#10448,
#10449,#10450,#10451,#10452,#10453),.UNSPECIFIED.,.F.,.F.,(4,3,3,4),(1398.28746370411,
1429.99442143632,1459.98649861378,1489.97857579123),.UNSPECIFIED.);
#164=B_SPLINE_CURVE_WITH_KNOTS('',3,(#10455,#10456,#10457,#10458,#10459,
#10460,#10461,#10462,#10463,#10464,#10465,#10466,#10467,#10468,#10469,#10470,
#10471,#10472,#10473,#10474,#10475,#10476,#10477,#10478,#10479),
 .UNSPECIFIED.,.F.,.F.,(4,3,3,3,3,3,3,3,4),(4.25776154649957E-6,0.17604980463444,
0.327083282014,0.476995581505461,0.620260462114744,0.759620958745593,0.901200695219755,
0.918081932359,0.999991536923838),.UNSPECIFIED.);
#165=B_SPLINE_CURVE_WITH_KNOTS('',3,(#10482,#10483,#10484,#10485,#10486,
#10487,#10488,#10489,#10490,#10491,#10492,#10493,#10494,#10495,#10496,#10497,
#10498,#10499,#10500,#10501,#10502,#10503,#10504,#10505,#10506),
 .UNSPECIFIED.,.F.,.F.,(4,3,3,3,3,3,3,3,4),(1.62997247918726E-6,0.176155106236873,
0.326083049454,0.47608974610494,0.619413473788394,0.758795479689367,0.900304787735828,
0.917082928955,1.),.UNSPECIFIED.);
#166=B_SPLINE_CURVE_WITH_KNOTS('',3,(#10555,#10556,#10557,#10558,#10559,
#10560,#10561,#10562,#10563,#10564,#10565,#10566,#10567,#10568,#10569,#10570,
#10571,#10572,#10573,#10574,#10575,#10576,#10577,#10578,#10579,#10580,#10581,
#10582),.UNSPECIFIED.,.F.,.F.,(4,3,3,3,3,3,3,3,3,4),(4.0254741208703E-6,
0.160783321685459,0.28012867536,0.411253506884139,0.532894746837348,0.643962915087325,
0.751263199164,0.858947642375622,0.988167774669325,1.),.UNSPECIFIED.);
#167=B_SPLINE_CURVE_WITH_KNOTS('',3,(#10585,#10586,#10587,#10588,#10589,
#10590,#10591,#10592,#10593,#10594,#10595,#10596,#10597,#10598,#10599,#10600,
#10601,#10602,#10603,#10604,#10605,#10606,#10607,#10608,#10609,#10610,#10611,
#10612),.UNSPECIFIED.,.F.,.F.,(4,3,3,3,3,3,3,3,3,4),(2.52595128651154E-6,
0.160740842515359,0.280128294327,0.411220021980299,0.532836582405008,0.643882568998272,
0.752262223175,0.859978498071272,0.989455257561536,0.999977632276235),
 .UNSPECIFIED.);
#168=TOROIDAL_SURFACE('',#5653,3.7,1.);
#169=ELLIPSE('',#5644,1.17783472181109,1.0838605011075);
#170=ELLIPSE('',#5650,1.17783472181109,1.0838605011075);
#171=ELLIPSE('',#5704,14.2,7.1);
#172=ELLIPSE('',#5708,11.4,5.7);
#173=ELLIPSE('',#5716,11.4,5.7);
#174=ELLIPSE('',#5720,14.2,7.1);
#175=ELLIPSE('',#5859,2.1942901436024,1.78333041823879);
#176=ELLIPSE('',#5861,2.43415828160894,1.7687092062409);
#177=ELLIPSE('',#5863,2.643928147174,1.83);
#178=ELLIPSE('',#5867,2.19450285136434,1.78367570007169);
#179=ELLIPSE('',#5869,2.643928147174,1.83);
#180=ELLIPSE('',#5873,3.61384251830279,1.80209378369765);
#181=ELLIPSE('',#5874,2.43345296278952,1.76768442277671);
#182=ELLIPSE('',#5875,3.6138921210811,1.80211103935918);
#183=ELLIPSE('',#5886,1.38490573494818,1.38396356240088);
#184=ELLIPSE('',#5887,1.38271055802682,1.37983910028973);
#185=ELLIPSE('',#5889,4.984179913985,1.25);
#186=ELLIPSE('',#5894,8.301229816857,1.25);
#187=ELLIPSE('',#5896,1.25227292526542,1.25091412831379);
#188=(
BOUNDED_CURVE()
B_SPLINE_CURVE(2,(#7389,#7390,#7391),.UNSPECIFIED.,.F.,.F.)
B_SPLINE_CURVE_WITH_KNOTS((3,3),(914.727219762765,957.615611452766),
 .UNSPECIFIED.)
CURVE()
GEOMETRIC_REPRESENTATION_ITEM()
RATIONAL_B_SPLINE_CURVE((914.677265247765,925.854901188731,936.072118411573))
REPRESENTATION_ITEM('')
);
#189=(
BOUNDED_CURVE()
B_SPLINE_CURVE(2,(#7393,#7394,#7395),.UNSPECIFIED.,.F.,.F.)
B_SPLINE_CURVE_WITH_KNOTS((3,3),(1870.13429932587,1913.02269101587),
 .UNSPECIFIED.)
CURVE()
GEOMETRIC_REPRESENTATION_ITEM()
RATIONAL_B_SPLINE_CURVE((936.072118411441,925.8549011886,914.677265247636))
REPRESENTATION_ITEM('')
);
#190=(
BOUNDED_CURVE()
B_SPLINE_CURVE(2,(#7399,#7400,#7401),.UNSPECIFIED.,.F.,.F.)
B_SPLINE_CURVE_WITH_KNOTS((3,3),(914.727219762593,957.615611452688),
 .UNSPECIFIED.)
CURVE()
GEOMETRIC_REPRESENTATION_ITEM()
RATIONAL_B_SPLINE_CURVE((914.677265247893,925.854901188889,936.072118411759))
REPRESENTATION_ITEM('')
);
#191=(
BOUNDED_CURVE()
B_SPLINE_CURVE(2,(#7403,#7404,#7405),.UNSPECIFIED.,.F.,.F.)
B_SPLINE_CURVE_WITH_KNOTS((3,3),(1870.13429932593,1913.02269101592),
 .UNSPECIFIED.)
CURVE()
GEOMETRIC_REPRESENTATION_ITEM()
RATIONAL_B_SPLINE_CURVE((936.072118411637,925.854901188794,914.677265247829))
REPRESENTATION_ITEM('')
);
#192=(
BOUNDED_CURVE()
B_SPLINE_CURVE(2,(#7409,#7410,#7411),.UNSPECIFIED.,.F.,.F.)
B_SPLINE_CURVE_WITH_KNOTS((3,3),(914.727219762718,957.615611452774),
 .UNSPECIFIED.)
CURVE()
GEOMETRIC_REPRESENTATION_ITEM()
RATIONAL_B_SPLINE_CURVE((914.677265247741,925.854901188722,936.072118411578))
REPRESENTATION_ITEM('')
);
#193=(
BOUNDED_CURVE()
B_SPLINE_CURVE(2,(#7413,#7414,#7415),.UNSPECIFIED.,.F.,.F.)
B_SPLINE_CURVE_WITH_KNOTS((3,3),(1870.13429932559,1913.02269101564),
 .UNSPECIFIED.)
CURVE()
GEOMETRIC_REPRESENTATION_ITEM()
RATIONAL_B_SPLINE_CURVE((936.072118411575,925.854901188727,914.677265247754))
REPRESENTATION_ITEM('')
);
#194=(
BOUNDED_CURVE()
B_SPLINE_CURVE(2,(#7419,#7420,#7421),.UNSPECIFIED.,.F.,.F.)
B_SPLINE_CURVE_WITH_KNOTS((3,3),(914.727219762684,957.615611452665),
 .UNSPECIFIED.)
CURVE()
GEOMETRIC_REPRESENTATION_ITEM()
RATIONAL_B_SPLINE_CURVE((914.677265247614,925.854901188576,936.072118411415))
REPRESENTATION_ITEM('')
);
#195=(
BOUNDED_CURVE()
B_SPLINE_CURVE(2,(#7423,#7424,#7425),.UNSPECIFIED.,.F.,.F.)
B_SPLINE_CURVE_WITH_KNOTS((3,3),(1870.13429932589,1913.02269101589),
 .UNSPECIFIED.)
CURVE()
GEOMETRIC_REPRESENTATION_ITEM()
RATIONAL_B_SPLINE_CURVE((936.072118411765,925.85490118892,914.677265247952))
REPRESENTATION_ITEM('')
);
#196=(
BOUNDED_CURVE()
B_SPLINE_CURVE(2,(#7429,#7430,#7431),.UNSPECIFIED.,.F.,.F.)
B_SPLINE_CURVE_WITH_KNOTS((3,3),(914.727219762896,957.615611452949),
 .UNSPECIFIED.)
CURVE()
GEOMETRIC_REPRESENTATION_ITEM()
RATIONAL_B_SPLINE_CURVE((914.677265247833,925.85490118881,936.072118411661))
REPRESENTATION_ITEM('')
);
#197=(
BOUNDED_CURVE()
B_SPLINE_CURVE(2,(#7433,#7434,#7435),.UNSPECIFIED.,.F.,.F.)
B_SPLINE_CURVE_WITH_KNOTS((3,3),(1870.13429932602,1913.02269101604),
 .UNSPECIFIED.)
CURVE()
GEOMETRIC_REPRESENTATION_ITEM()
RATIONAL_B_SPLINE_CURVE((936.072118411592,925.854901188739,914.677265247763))
REPRESENTATION_ITEM('')
);
#198=(
BOUNDED_CURVE()
B_SPLINE_CURVE(2,(#7439,#7440,#7441),.UNSPECIFIED.,.F.,.F.)
B_SPLINE_CURVE_WITH_KNOTS((3,3),(914.727219762424,957.61561145244),
 .UNSPECIFIED.)
CURVE()
GEOMETRIC_REPRESENTATION_ITEM()
RATIONAL_B_SPLINE_CURVE((914.677265247804,925.854901188785,936.072118411641))
REPRESENTATION_ITEM('')
);
#199=(
BOUNDED_CURVE()
B_SPLINE_CURVE(2,(#7443,#7444,#7445),.UNSPECIFIED.,.F.,.F.)
B_SPLINE_CURVE_WITH_KNOTS((3,3),(1870.13429932615,1913.02269101616),
 .UNSPECIFIED.)
CURVE()
GEOMETRIC_REPRESENTATION_ITEM()
RATIONAL_B_SPLINE_CURVE((936.072118411533,925.85490118868,914.677265247704))
REPRESENTATION_ITEM('')
);
#200=(
BOUNDED_CURVE()
B_SPLINE_CURVE(2,(#7449,#7450,#7451),.UNSPECIFIED.,.F.,.F.)
B_SPLINE_CURVE_WITH_KNOTS((3,3),(914.727219762577,957.615611452616),
 .UNSPECIFIED.)
CURVE()
GEOMETRIC_REPRESENTATION_ITEM()
RATIONAL_B_SPLINE_CURVE((914.677265247884,925.854901188867,936.072118411725))
REPRESENTATION_ITEM('')
);
#201=(
BOUNDED_CURVE()
B_SPLINE_CURVE(2,(#7453,#7454,#7455),.UNSPECIFIED.,.F.,.F.)
B_SPLINE_CURVE_WITH_KNOTS((3,3),(1870.13429932584,1913.02269101593),
 .UNSPECIFIED.)
CURVE()
GEOMETRIC_REPRESENTATION_ITEM()
RATIONAL_B_SPLINE_CURVE((936.072118411791,925.854901188924,914.67726524793))
REPRESENTATION_ITEM('')
);
#202=(
BOUNDED_CURVE()
B_SPLINE_CURVE(2,(#7459,#7460,#7461),.UNSPECIFIED.,.F.,.F.)
B_SPLINE_CURVE_WITH_KNOTS((3,3),(914.727219762544,957.615611452568),
 .UNSPECIFIED.)
CURVE()
GEOMETRIC_REPRESENTATION_ITEM()
RATIONAL_B_SPLINE_CURVE((914.677265247867,925.854901188847,936.072118411702))
REPRESENTATION_ITEM('')
);
#203=(
BOUNDED_CURVE()
B_SPLINE_CURVE(2,(#7463,#7464,#7465),.UNSPECIFIED.,.F.,.F.)
B_SPLINE_CURVE_WITH_KNOTS((3,3),(1870.13429932588,1913.02269101594),
 .UNSPECIFIED.)
CURVE()
GEOMETRIC_REPRESENTATION_ITEM()
RATIONAL_B_SPLINE_CURVE((936.07211841166,925.854901188801,914.677265247816))
REPRESENTATION_ITEM('')
);
#204=(
BOUNDED_CURVE()
B_SPLINE_CURVE(2,(#7469,#7470,#7471),.UNSPECIFIED.,.F.,.F.)
B_SPLINE_CURVE_WITH_KNOTS((3,3),(914.72721976282,957.615611452896),
 .UNSPECIFIED.)
CURVE()
GEOMETRIC_REPRESENTATION_ITEM()
RATIONAL_B_SPLINE_CURVE((914.677265247794,925.854901188778,936.072118411636))
REPRESENTATION_ITEM('')
);
#205=(
BOUNDED_CURVE()
B_SPLINE_CURVE(2,(#7473,#7474,#7475),.UNSPECIFIED.,.F.,.F.)
B_SPLINE_CURVE_WITH_KNOTS((3,3),(1870.1342993257,1913.02269101572),
 .UNSPECIFIED.)
CURVE()
GEOMETRIC_REPRESENTATION_ITEM()
RATIONAL_B_SPLINE_CURVE((936.072118411526,925.854901188682,914.677265247714))
REPRESENTATION_ITEM('')
);
#206=(
BOUNDED_CURVE()
B_SPLINE_CURVE(2,(#7479,#7480,#7481),.UNSPECIFIED.,.F.,.F.)
B_SPLINE_CURVE_WITH_KNOTS((3,3),(914.727219762432,957.615611452414),
 .UNSPECIFIED.)
CURVE()
GEOMETRIC_REPRESENTATION_ITEM()
RATIONAL_B_SPLINE_CURVE((914.677265247918,925.85490118889,936.07211841174))
REPRESENTATION_ITEM('')
);
#207=(
BOUNDED_CURVE()
B_SPLINE_CURVE(2,(#7483,#7484,#7485),.UNSPECIFIED.,.F.,.F.)
B_SPLINE_CURVE_WITH_KNOTS((3,3),(1870.13429932574,1913.0226910158),
 .UNSPECIFIED.)
CURVE()
GEOMETRIC_REPRESENTATION_ITEM()
RATIONAL_B_SPLINE_CURVE((936.072118411505,925.854901188651,914.677265247672))
REPRESENTATION_ITEM('')
);
#208=(
BOUNDED_CURVE()
B_SPLINE_CURVE(2,(#7489,#7490,#7491),.UNSPECIFIED.,.F.,.F.)
B_SPLINE_CURVE_WITH_KNOTS((3,3),(914.727219762828,957.61561145287),
 .UNSPECIFIED.)
CURVE()
GEOMETRIC_REPRESENTATION_ITEM()
RATIONAL_B_SPLINE_CURVE((914.67726524769,925.854901188663,936.072118411513))
REPRESENTATION_ITEM('')
);
#209=(
BOUNDED_CURVE()
B_SPLINE_CURVE(2,(#7493,#7494,#7495),.UNSPECIFIED.,.F.,.F.)
B_SPLINE_CURVE_WITH_KNOTS((3,3),(1870.13429932599,1913.02269101602),
 .UNSPECIFIED.)
CURVE()
GEOMETRIC_REPRESENTATION_ITEM()
RATIONAL_B_SPLINE_CURVE((936.072118411497,925.854901188644,914.677265247666))
REPRESENTATION_ITEM('')
);
#210=(
BOUNDED_CURVE()
B_SPLINE_CURVE(2,(#7499,#7500,#7501),.UNSPECIFIED.,.F.,.F.)
B_SPLINE_CURVE_WITH_KNOTS((3,3),(914.727219762707,957.615611452809),
 .UNSPECIFIED.)
CURVE()
GEOMETRIC_REPRESENTATION_ITEM()
RATIONAL_B_SPLINE_CURVE((914.677265247953,925.854901188949,936.072118411817))
REPRESENTATION_ITEM('')
);
#211=(
BOUNDED_CURVE()
B_SPLINE_CURVE(2,(#7503,#7504,#7505),.UNSPECIFIED.,.F.,.F.)
B_SPLINE_CURVE_WITH_KNOTS((3,3),(1870.13429932613,1913.02269101617),
 .UNSPECIFIED.)
CURVE()
GEOMETRIC_REPRESENTATION_ITEM()
RATIONAL_B_SPLINE_CURVE((936.072118411431,925.854901188571,914.677265247586))
REPRESENTATION_ITEM('')
);
#212=(
BOUNDED_CURVE()
B_SPLINE_CURVE(2,(#7509,#7510,#7511),.UNSPECIFIED.,.F.,.F.)
B_SPLINE_CURVE_WITH_KNOTS((3,3),(914.727219762736,957.615611452747),
 .UNSPECIFIED.)
CURVE()
GEOMETRIC_REPRESENTATION_ITEM()
RATIONAL_B_SPLINE_CURVE((914.677265247859,925.854901188829,936.072118411676))
REPRESENTATION_ITEM('')
);
#213=(
BOUNDED_CURVE()
B_SPLINE_CURVE(2,(#7513,#7514,#7515),.UNSPECIFIED.,.F.,.F.)
B_SPLINE_CURVE_WITH_KNOTS((3,3),(1870.13429932585,1913.02269101586),
 .UNSPECIFIED.)
CURVE()
GEOMETRIC_REPRESENTATION_ITEM()
RATIONAL_B_SPLINE_CURVE((936.072118411562,925.854901188718,914.677265247751))
REPRESENTATION_ITEM('')
);
#214=(
BOUNDED_CURVE()
B_SPLINE_CURVE(2,(#7519,#7520,#7521),.UNSPECIFIED.,.F.,.F.)
B_SPLINE_CURVE_WITH_KNOTS((3,3),(914.72721976266,957.615611452731),
 .UNSPECIFIED.)
CURVE()
GEOMETRIC_REPRESENTATION_ITEM()
RATIONAL_B_SPLINE_CURVE((914.677265247711,925.854901188697,936.072118411557))
REPRESENTATION_ITEM('')
);
#215=(
BOUNDED_CURVE()
B_SPLINE_CURVE(2,(#7523,#7524,#7525),.UNSPECIFIED.,.F.,.F.)
B_SPLINE_CURVE_WITH_KNOTS((3,3),(1870.13429932565,1913.02269101574),
 .UNSPECIFIED.)
CURVE()
GEOMETRIC_REPRESENTATION_ITEM()
RATIONAL_B_SPLINE_CURVE((936.072118411546,925.854901188688,914.677265247703))
REPRESENTATION_ITEM('')
);
#216=(
BOUNDED_CURVE()
B_SPLINE_CURVE(2,(#7529,#7530,#7531),.UNSPECIFIED.,.F.,.F.)
B_SPLINE_CURVE_WITH_KNOTS((3,3),(914.727219762616,957.615611452633),
 .UNSPECIFIED.)
CURVE()
GEOMETRIC_REPRESENTATION_ITEM()
RATIONAL_B_SPLINE_CURVE((914.677265247579,925.854901188551,936.0721184114))
REPRESENTATION_ITEM('')
);
#217=(
BOUNDED_CURVE()
B_SPLINE_CURVE(2,(#7533,#7534,#7535),.UNSPECIFIED.,.F.,.F.)
B_SPLINE_CURVE_WITH_KNOTS((3,3),(1870.13429932613,1913.02269101616),
 .UNSPECIFIED.)
CURVE()
GEOMETRIC_REPRESENTATION_ITEM()
RATIONAL_B_SPLINE_CURVE((936.07211841154,925.854901188683,914.677265247702))
REPRESENTATION_ITEM('')
);
#218=(
BOUNDED_CURVE()
B_SPLINE_CURVE(2,(#7539,#7540,#7541),.UNSPECIFIED.,.F.,.F.)
B_SPLINE_CURVE_WITH_KNOTS((3,3),(914.727219762575,957.615611452633),
 .UNSPECIFIED.)
CURVE()
GEOMETRIC_REPRESENTATION_ITEM()
RATIONAL_B_SPLINE_CURVE((914.677265247558,925.854901188541,936.0721184114))
REPRESENTATION_ITEM('')
);
#219=(
BOUNDED_CURVE()
B_SPLINE_CURVE(2,(#7543,#7544,#7545),.UNSPECIFIED.,.F.,.F.)
B_SPLINE_CURVE_WITH_KNOTS((3,3),(1870.13429932586,1913.02269101587),
 .UNSPECIFIED.)
CURVE()
GEOMETRIC_REPRESENTATION_ITEM()
RATIONAL_B_SPLINE_CURVE((936.072118411893,925.854901189042,914.677265248068))
REPRESENTATION_ITEM('')
);
#220=(
BOUNDED_CURVE()
B_SPLINE_CURVE(2,(#7549,#7550,#7551),.UNSPECIFIED.,.F.,.F.)
B_SPLINE_CURVE_WITH_KNOTS((3,3),(914.72721976267,957.615611452676),
 .UNSPECIFIED.)
CURVE()
GEOMETRIC_REPRESENTATION_ITEM()
RATIONAL_B_SPLINE_CURVE((914.677265247607,925.854901188575,936.07211841142))
REPRESENTATION_ITEM('')
);
#221=(
BOUNDED_CURVE()
B_SPLINE_CURVE(2,(#7553,#7554,#7555),.UNSPECIFIED.,.F.,.F.)
B_SPLINE_CURVE_WITH_KNOTS((3,3),(1870.13429932574,1913.0226910158),
 .UNSPECIFIED.)
CURVE()
GEOMETRIC_REPRESENTATION_ITEM()
RATIONAL_B_SPLINE_CURVE((936.072118411615,925.854901188761,914.677265247781))
REPRESENTATION_ITEM('')
);
#222=(
BOUNDED_CURVE()
B_SPLINE_CURVE(2,(#7559,#7560,#7561),.UNSPECIFIED.,.F.,.F.)
B_SPLINE_CURVE_WITH_KNOTS((3,3),(914.727219762936,957.615611453004),
 .UNSPECIFIED.)
CURVE()
GEOMETRIC_REPRESENTATION_ITEM()
RATIONAL_B_SPLINE_CURVE((914.677265247854,925.854901188834,936.072118411687))
REPRESENTATION_ITEM('')
);
#223=(
BOUNDED_CURVE()
B_SPLINE_CURVE(2,(#7563,#7564,#7565),.UNSPECIFIED.,.F.,.F.)
B_SPLINE_CURVE_WITH_KNOTS((3,3),(1870.1342993261,1913.02269101613),
 .UNSPECIFIED.)
CURVE()
GEOMETRIC_REPRESENTATION_ITEM()
RATIONAL_B_SPLINE_CURVE((936.072118411665,925.854901188808,914.677265247828))
REPRESENTATION_ITEM('')
);
#224=(
BOUNDED_CURVE()
B_SPLINE_CURVE(2,(#7569,#7570,#7571),.UNSPECIFIED.,.F.,.F.)
B_SPLINE_CURVE_WITH_KNOTS((3,3),(914.72721976259,957.615611452661),
 .UNSPECIFIED.)
CURVE()
GEOMETRIC_REPRESENTATION_ITEM()
RATIONAL_B_SPLINE_CURVE((914.677265247891,925.854901188882,936.072118411746))
REPRESENTATION_ITEM('')
);
#225=(
BOUNDED_CURVE()
B_SPLINE_CURVE(2,(#7573,#7574,#7575),.UNSPECIFIED.,.F.,.F.)
B_SPLINE_CURVE_WITH_KNOTS((3,3),(1870.13429932537,1913.02269101547),
 .UNSPECIFIED.)
CURVE()
GEOMETRIC_REPRESENTATION_ITEM()
RATIONAL_B_SPLINE_CURVE((936.072118412013,925.854901189156,914.677265248171))
REPRESENTATION_ITEM('')
);
#226=(
BOUNDED_CURVE()
B_SPLINE_CURVE(2,(#7579,#7580,#7581),.UNSPECIFIED.,.F.,.F.)
B_SPLINE_CURVE_WITH_KNOTS((3,3),(914.727219762859,957.615611452915),
 .UNSPECIFIED.)
CURVE()
GEOMETRIC_REPRESENTATION_ITEM()
RATIONAL_B_SPLINE_CURVE((914.677265247923,925.854901188902,936.072118411756))
REPRESENTATION_ITEM('')
);
#227=(
BOUNDED_CURVE()
B_SPLINE_CURVE(2,(#7583,#7584,#7585),.UNSPECIFIED.,.F.,.F.)
B_SPLINE_CURVE_WITH_KNOTS((3,3),(1870.13429932577,1913.02269101581),
 .UNSPECIFIED.)
CURVE()
GEOMETRIC_REPRESENTATION_ITEM()
RATIONAL_B_SPLINE_CURVE((936.072118411711,925.85490118886,914.677265247885))
REPRESENTATION_ITEM('')
);
#228=(
BOUNDED_CURVE()
B_SPLINE_CURVE(2,(#7589,#7590,#7591),.UNSPECIFIED.,.F.,.F.)
B_SPLINE_CURVE_WITH_KNOTS((3,3),(914.727219762809,957.615611452843),
 .UNSPECIFIED.)
CURVE()
GEOMETRIC_REPRESENTATION_ITEM()
RATIONAL_B_SPLINE_CURVE((914.677265247897,925.854901188872,936.072118411722))
REPRESENTATION_ITEM('')
);
#229=(
BOUNDED_CURVE()
B_SPLINE_CURVE(2,(#7593,#7594,#7595),.UNSPECIFIED.,.F.,.F.)
B_SPLINE_CURVE_WITH_KNOTS((3,3),(1870.13429932628,1913.02269101627),
 .UNSPECIFIED.)
CURVE()
GEOMETRIC_REPRESENTATION_ITEM()
RATIONAL_B_SPLINE_CURVE((936.072118411471,925.854901188619,914.677265247645))
REPRESENTATION_ITEM('')
);
#230=(
BOUNDED_CURVE()
B_SPLINE_CURVE(2,(#7599,#7600,#7601),.UNSPECIFIED.,.F.,.F.)
B_SPLINE_CURVE_WITH_KNOTS((3,3),(914.727219762587,957.615611452567),
 .UNSPECIFIED.)
CURVE()
GEOMETRIC_REPRESENTATION_ITEM()
RATIONAL_B_SPLINE_CURVE((914.67726524789,925.854901188857,936.072118411702))
REPRESENTATION_ITEM('')
);
#231=(
BOUNDED_CURVE()
B_SPLINE_CURVE(2,(#7603,#7604,#7605),.UNSPECIFIED.,.F.,.F.)
B_SPLINE_CURVE_WITH_KNOTS((3,3),(1870.134299326,1913.022691016),
 .UNSPECIFIED.)
CURVE()
GEOMETRIC_REPRESENTATION_ITEM()
RATIONAL_B_SPLINE_CURVE((936.072118411717,925.854901188867,914.677265247894))
REPRESENTATION_ITEM('')
);
#232=(
BOUNDED_CURVE()
B_SPLINE_CURVE(2,(#7609,#7610,#7611),.UNSPECIFIED.,.F.,.F.)
B_SPLINE_CURVE_WITH_KNOTS((3,3),(914.727219762768,957.615611452796),
 .UNSPECIFIED.)
CURVE()
GEOMETRIC_REPRESENTATION_ITEM()
RATIONAL_B_SPLINE_CURVE((914.677265247658,925.85490118863,936.072118411477))
REPRESENTATION_ITEM('')
);
#233=(
BOUNDED_CURVE()
B_SPLINE_CURVE(2,(#7613,#7614,#7615),.UNSPECIFIED.,.F.,.F.)
B_SPLINE_CURVE_WITH_KNOTS((3,3),(1870.13429932605,1913.02269101608),
 .UNSPECIFIED.)
CURVE()
GEOMETRIC_REPRESENTATION_ITEM()
RATIONAL_B_SPLINE_CURVE((936.072118411468,925.854901188613,914.677265247633))
REPRESENTATION_ITEM('')
);
#234=(
BOUNDED_CURVE()
B_SPLINE_CURVE(2,(#7619,#7620,#7621),.UNSPECIFIED.,.F.,.F.)
B_SPLINE_CURVE_WITH_KNOTS((3,3),(914.727219762708,957.615611452691),
 .UNSPECIFIED.)
CURVE()
GEOMETRIC_REPRESENTATION_ITEM()
RATIONAL_B_SPLINE_CURVE((914.677265247953,925.854901188918,936.072118411761))
REPRESENTATION_ITEM('')
);
#235=(
BOUNDED_CURVE()
B_SPLINE_CURVE(2,(#7623,#7624,#7625),.UNSPECIFIED.,.F.,.F.)
B_SPLINE_CURVE_WITH_KNOTS((3,3),(1870.1342993259,1913.022691016),
 .UNSPECIFIED.)
CURVE()
GEOMETRIC_REPRESENTATION_ITEM()
RATIONAL_B_SPLINE_CURVE((936.072118411761,925.85490118889,914.677265247892))
REPRESENTATION_ITEM('')
);
#236=(
BOUNDED_CURVE()
B_SPLINE_CURVE(2,(#7629,#7630,#7631),.UNSPECIFIED.,.F.,.F.)
B_SPLINE_CURVE_WITH_KNOTS((3,3),(914.727219762715,957.615611452718),
 .UNSPECIFIED.)
CURVE()
GEOMETRIC_REPRESENTATION_ITEM()
RATIONAL_B_SPLINE_CURVE((914.677265247522,925.854901188487,936.072118411329))
REPRESENTATION_ITEM('')
);
#237=(
BOUNDED_CURVE()
B_SPLINE_CURVE(2,(#7633,#7634,#7635),.UNSPECIFIED.,.F.,.F.)
B_SPLINE_CURVE_WITH_KNOTS((3,3),(1870.13429932576,1913.02269101579),
 .UNSPECIFIED.)
CURVE()
GEOMETRIC_REPRESENTATION_ITEM()
RATIONAL_B_SPLINE_CURVE((936.072118411717,925.854901188868,914.677265247895))
REPRESENTATION_ITEM('')
);
#238=(
BOUNDED_CURVE()
B_SPLINE_CURVE(2,(#7642,#7643,#7644),.UNSPECIFIED.,.F.,.F.)
B_SPLINE_CURVE_WITH_KNOTS((3,3),(914.727219762765,957.615611452766),
 .UNSPECIFIED.)
CURVE()
GEOMETRIC_REPRESENTATION_ITEM()
RATIONAL_B_SPLINE_CURVE((914.677265247765,925.854901188731,936.072118411573))
REPRESENTATION_ITEM('')
);
#239=(
BOUNDED_CURVE()
B_SPLINE_CURVE(2,(#7646,#7647,#7648),.UNSPECIFIED.,.F.,.F.)
B_SPLINE_CURVE_WITH_KNOTS((3,3),(1870.13429932587,1913.02269101587),
 .UNSPECIFIED.)
CURVE()
GEOMETRIC_REPRESENTATION_ITEM()
RATIONAL_B_SPLINE_CURVE((936.072118411441,925.8549011886,914.677265247636))
REPRESENTATION_ITEM('')
);
#240=(
BOUNDED_CURVE()
B_SPLINE_CURVE(2,(#7652,#7653,#7654),.UNSPECIFIED.,.F.,.F.)
B_SPLINE_CURVE_WITH_KNOTS((3,3),(914.727219762593,957.615611452688),
 .UNSPECIFIED.)
CURVE()
GEOMETRIC_REPRESENTATION_ITEM()
RATIONAL_B_SPLINE_CURVE((914.677265247893,925.854901188889,936.072118411759))
REPRESENTATION_ITEM('')
);
#241=(
BOUNDED_CURVE()
B_SPLINE_CURVE(2,(#7656,#7657,#7658),.UNSPECIFIED.,.F.,.F.)
B_SPLINE_CURVE_WITH_KNOTS((3,3),(1870.13429932593,1913.02269101592),
 .UNSPECIFIED.)
CURVE()
GEOMETRIC_REPRESENTATION_ITEM()
RATIONAL_B_SPLINE_CURVE((936.072118411637,925.854901188794,914.677265247829))
REPRESENTATION_ITEM('')
);
#242=(
BOUNDED_CURVE()
B_SPLINE_CURVE(2,(#7662,#7663,#7664),.UNSPECIFIED.,.F.,.F.)
B_SPLINE_CURVE_WITH_KNOTS((3,3),(914.727219762718,957.615611452774),
 .UNSPECIFIED.)
CURVE()
GEOMETRIC_REPRESENTATION_ITEM()
RATIONAL_B_SPLINE_CURVE((914.677265247741,925.854901188722,936.072118411578))
REPRESENTATION_ITEM('')
);
#243=(
BOUNDED_CURVE()
B_SPLINE_CURVE(2,(#7666,#7667,#7668),.UNSPECIFIED.,.F.,.F.)
B_SPLINE_CURVE_WITH_KNOTS((3,3),(1870.13429932559,1913.02269101564),
 .UNSPECIFIED.)
CURVE()
GEOMETRIC_REPRESENTATION_ITEM()
RATIONAL_B_SPLINE_CURVE((936.072118411575,925.854901188727,914.677265247754))
REPRESENTATION_ITEM('')
);
#244=(
BOUNDED_CURVE()
B_SPLINE_CURVE(2,(#7672,#7673,#7674),.UNSPECIFIED.,.F.,.F.)
B_SPLINE_CURVE_WITH_KNOTS((3,3),(914.727219762684,957.615611452665),
 .UNSPECIFIED.)
CURVE()
GEOMETRIC_REPRESENTATION_ITEM()
RATIONAL_B_SPLINE_CURVE((914.677265247614,925.854901188576,936.072118411415))
REPRESENTATION_ITEM('')
);
#245=(
BOUNDED_CURVE()
B_SPLINE_CURVE(2,(#7676,#7677,#7678),.UNSPECIFIED.,.F.,.F.)
B_SPLINE_CURVE_WITH_KNOTS((3,3),(1870.13429932589,1913.02269101589),
 .UNSPECIFIED.)
CURVE()
GEOMETRIC_REPRESENTATION_ITEM()
RATIONAL_B_SPLINE_CURVE((936.072118411765,925.85490118892,914.677265247952))
REPRESENTATION_ITEM('')
);
#246=(
BOUNDED_CURVE()
B_SPLINE_CURVE(2,(#7682,#7683,#7684),.UNSPECIFIED.,.F.,.F.)
B_SPLINE_CURVE_WITH_KNOTS((3,3),(914.727219762896,957.615611452949),
 .UNSPECIFIED.)
CURVE()
GEOMETRIC_REPRESENTATION_ITEM()
RATIONAL_B_SPLINE_CURVE((914.677265247833,925.85490118881,936.072118411661))
REPRESENTATION_ITEM('')
);
#247=(
BOUNDED_CURVE()
B_SPLINE_CURVE(2,(#7686,#7687,#7688),.UNSPECIFIED.,.F.,.F.)
B_SPLINE_CURVE_WITH_KNOTS((3,3),(1870.13429932602,1913.02269101604),
 .UNSPECIFIED.)
CURVE()
GEOMETRIC_REPRESENTATION_ITEM()
RATIONAL_B_SPLINE_CURVE((936.072118411592,925.854901188739,914.677265247763))
REPRESENTATION_ITEM('')
);
#248=(
BOUNDED_CURVE()
B_SPLINE_CURVE(2,(#7692,#7693,#7694),.UNSPECIFIED.,.F.,.F.)
B_SPLINE_CURVE_WITH_KNOTS((3,3),(914.727219762424,957.61561145244),
 .UNSPECIFIED.)
CURVE()
GEOMETRIC_REPRESENTATION_ITEM()
RATIONAL_B_SPLINE_CURVE((914.677265247804,925.854901188785,936.072118411641))
REPRESENTATION_ITEM('')
);
#249=(
BOUNDED_CURVE()
B_SPLINE_CURVE(2,(#7696,#7697,#7698),.UNSPECIFIED.,.F.,.F.)
B_SPLINE_CURVE_WITH_KNOTS((3,3),(1870.13429932615,1913.02269101616),
 .UNSPECIFIED.)
CURVE()
GEOMETRIC_REPRESENTATION_ITEM()
RATIONAL_B_SPLINE_CURVE((936.072118411533,925.85490118868,914.677265247704))
REPRESENTATION_ITEM('')
);
#250=(
BOUNDED_CURVE()
B_SPLINE_CURVE(2,(#7702,#7703,#7704),.UNSPECIFIED.,.F.,.F.)
B_SPLINE_CURVE_WITH_KNOTS((3,3),(914.727219762577,957.615611452616),
 .UNSPECIFIED.)
CURVE()
GEOMETRIC_REPRESENTATION_ITEM()
RATIONAL_B_SPLINE_CURVE((914.677265247884,925.854901188867,936.072118411725))
REPRESENTATION_ITEM('')
);
#251=(
BOUNDED_CURVE()
B_SPLINE_CURVE(2,(#7706,#7707,#7708),.UNSPECIFIED.,.F.,.F.)
B_SPLINE_CURVE_WITH_KNOTS((3,3),(1870.13429932584,1913.02269101593),
 .UNSPECIFIED.)
CURVE()
GEOMETRIC_REPRESENTATION_ITEM()
RATIONAL_B_SPLINE_CURVE((936.072118411791,925.854901188924,914.67726524793))
REPRESENTATION_ITEM('')
);
#252=(
BOUNDED_CURVE()
B_SPLINE_CURVE(2,(#7712,#7713,#7714),.UNSPECIFIED.,.F.,.F.)
B_SPLINE_CURVE_WITH_KNOTS((3,3),(914.727219762544,957.615611452568),
 .UNSPECIFIED.)
CURVE()
GEOMETRIC_REPRESENTATION_ITEM()
RATIONAL_B_SPLINE_CURVE((914.677265247867,925.854901188847,936.072118411702))
REPRESENTATION_ITEM('')
);
#253=(
BOUNDED_CURVE()
B_SPLINE_CURVE(2,(#7716,#7717,#7718),.UNSPECIFIED.,.F.,.F.)
B_SPLINE_CURVE_WITH_KNOTS((3,3),(1870.13429932588,1913.02269101594),
 .UNSPECIFIED.)
CURVE()
GEOMETRIC_REPRESENTATION_ITEM()
RATIONAL_B_SPLINE_CURVE((936.07211841166,925.854901188801,914.677265247816))
REPRESENTATION_ITEM('')
);
#254=(
BOUNDED_CURVE()
B_SPLINE_CURVE(2,(#7722,#7723,#7724),.UNSPECIFIED.,.F.,.F.)
B_SPLINE_CURVE_WITH_KNOTS((3,3),(914.72721976282,957.615611452896),
 .UNSPECIFIED.)
CURVE()
GEOMETRIC_REPRESENTATION_ITEM()
RATIONAL_B_SPLINE_CURVE((914.677265247794,925.854901188778,936.072118411636))
REPRESENTATION_ITEM('')
);
#255=(
BOUNDED_CURVE()
B_SPLINE_CURVE(2,(#7726,#7727,#7728),.UNSPECIFIED.,.F.,.F.)
B_SPLINE_CURVE_WITH_KNOTS((3,3),(1870.1342993257,1913.02269101572),
 .UNSPECIFIED.)
CURVE()
GEOMETRIC_REPRESENTATION_ITEM()
RATIONAL_B_SPLINE_CURVE((936.072118411526,925.854901188682,914.677265247714))
REPRESENTATION_ITEM('')
);
#256=(
BOUNDED_CURVE()
B_SPLINE_CURVE(2,(#7732,#7733,#7734),.UNSPECIFIED.,.F.,.F.)
B_SPLINE_CURVE_WITH_KNOTS((3,3),(914.727219762432,957.615611452414),
 .UNSPECIFIED.)
CURVE()
GEOMETRIC_REPRESENTATION_ITEM()
RATIONAL_B_SPLINE_CURVE((914.677265247918,925.85490118889,936.07211841174))
REPRESENTATION_ITEM('')
);
#257=(
BOUNDED_CURVE()
B_SPLINE_CURVE(2,(#7736,#7737,#7738),.UNSPECIFIED.,.F.,.F.)
B_SPLINE_CURVE_WITH_KNOTS((3,3),(1870.13429932574,1913.0226910158),
 .UNSPECIFIED.)
CURVE()
GEOMETRIC_REPRESENTATION_ITEM()
RATIONAL_B_SPLINE_CURVE((936.072118411505,925.854901188651,914.677265247672))
REPRESENTATION_ITEM('')
);
#258=(
BOUNDED_CURVE()
B_SPLINE_CURVE(2,(#7742,#7743,#7744),.UNSPECIFIED.,.F.,.F.)
B_SPLINE_CURVE_WITH_KNOTS((3,3),(914.727219762828,957.61561145287),
 .UNSPECIFIED.)
CURVE()
GEOMETRIC_REPRESENTATION_ITEM()
RATIONAL_B_SPLINE_CURVE((914.67726524769,925.854901188663,936.072118411513))
REPRESENTATION_ITEM('')
);
#259=(
BOUNDED_CURVE()
B_SPLINE_CURVE(2,(#7746,#7747,#7748),.UNSPECIFIED.,.F.,.F.)
B_SPLINE_CURVE_WITH_KNOTS((3,3),(1870.13429932599,1913.02269101602),
 .UNSPECIFIED.)
CURVE()
GEOMETRIC_REPRESENTATION_ITEM()
RATIONAL_B_SPLINE_CURVE((936.072118411497,925.854901188644,914.677265247666))
REPRESENTATION_ITEM('')
);
#260=(
BOUNDED_CURVE()
B_SPLINE_CURVE(2,(#7752,#7753,#7754),.UNSPECIFIED.,.F.,.F.)
B_SPLINE_CURVE_WITH_KNOTS((3,3),(914.727219762707,957.615611452809),
 .UNSPECIFIED.)
CURVE()
GEOMETRIC_REPRESENTATION_ITEM()
RATIONAL_B_SPLINE_CURVE((914.677265247953,925.854901188949,936.072118411817))
REPRESENTATION_ITEM('')
);
#261=(
BOUNDED_CURVE()
B_SPLINE_CURVE(2,(#7756,#7757,#7758),.UNSPECIFIED.,.F.,.F.)
B_SPLINE_CURVE_WITH_KNOTS((3,3),(1870.13429932613,1913.02269101617),
 .UNSPECIFIED.)
CURVE()
GEOMETRIC_REPRESENTATION_ITEM()
RATIONAL_B_SPLINE_CURVE((936.072118411431,925.854901188571,914.677265247586))
REPRESENTATION_ITEM('')
);
#262=(
BOUNDED_CURVE()
B_SPLINE_CURVE(2,(#7762,#7763,#7764),.UNSPECIFIED.,.F.,.F.)
B_SPLINE_CURVE_WITH_KNOTS((3,3),(914.727219762736,957.615611452747),
 .UNSPECIFIED.)
CURVE()
GEOMETRIC_REPRESENTATION_ITEM()
RATIONAL_B_SPLINE_CURVE((914.677265247859,925.854901188829,936.072118411676))
REPRESENTATION_ITEM('')
);
#263=(
BOUNDED_CURVE()
B_SPLINE_CURVE(2,(#7766,#7767,#7768),.UNSPECIFIED.,.F.,.F.)
B_SPLINE_CURVE_WITH_KNOTS((3,3),(1870.13429932585,1913.02269101586),
 .UNSPECIFIED.)
CURVE()
GEOMETRIC_REPRESENTATION_ITEM()
RATIONAL_B_SPLINE_CURVE((936.072118411562,925.854901188718,914.677265247751))
REPRESENTATION_ITEM('')
);
#264=(
BOUNDED_CURVE()
B_SPLINE_CURVE(2,(#7772,#7773,#7774),.UNSPECIFIED.,.F.,.F.)
B_SPLINE_CURVE_WITH_KNOTS((3,3),(914.72721976266,957.615611452731),
 .UNSPECIFIED.)
CURVE()
GEOMETRIC_REPRESENTATION_ITEM()
RATIONAL_B_SPLINE_CURVE((914.677265247711,925.854901188697,936.072118411557))
REPRESENTATION_ITEM('')
);
#265=(
BOUNDED_CURVE()
B_SPLINE_CURVE(2,(#7776,#7777,#7778),.UNSPECIFIED.,.F.,.F.)
B_SPLINE_CURVE_WITH_KNOTS((3,3),(1870.13429932565,1913.02269101574),
 .UNSPECIFIED.)
CURVE()
GEOMETRIC_REPRESENTATION_ITEM()
RATIONAL_B_SPLINE_CURVE((936.072118411546,925.854901188688,914.677265247703))
REPRESENTATION_ITEM('')
);
#266=(
BOUNDED_CURVE()
B_SPLINE_CURVE(2,(#7782,#7783,#7784),.UNSPECIFIED.,.F.,.F.)
B_SPLINE_CURVE_WITH_KNOTS((3,3),(914.727219762616,957.615611452633),
 .UNSPECIFIED.)
CURVE()
GEOMETRIC_REPRESENTATION_ITEM()
RATIONAL_B_SPLINE_CURVE((914.677265247579,925.854901188551,936.0721184114))
REPRESENTATION_ITEM('')
);
#267=(
BOUNDED_CURVE()
B_SPLINE_CURVE(2,(#7786,#7787,#7788),.UNSPECIFIED.,.F.,.F.)
B_SPLINE_CURVE_WITH_KNOTS((3,3),(1870.13429932613,1913.02269101616),
 .UNSPECIFIED.)
CURVE()
GEOMETRIC_REPRESENTATION_ITEM()
RATIONAL_B_SPLINE_CURVE((936.07211841154,925.854901188683,914.677265247702))
REPRESENTATION_ITEM('')
);
#268=(
BOUNDED_CURVE()
B_SPLINE_CURVE(2,(#7792,#7793,#7794),.UNSPECIFIED.,.F.,.F.)
B_SPLINE_CURVE_WITH_KNOTS((3,3),(914.727219762575,957.615611452633),
 .UNSPECIFIED.)
CURVE()
GEOMETRIC_REPRESENTATION_ITEM()
RATIONAL_B_SPLINE_CURVE((914.677265247558,925.854901188541,936.0721184114))
REPRESENTATION_ITEM('')
);
#269=(
BOUNDED_CURVE()
B_SPLINE_CURVE(2,(#7796,#7797,#7798),.UNSPECIFIED.,.F.,.F.)
B_SPLINE_CURVE_WITH_KNOTS((3,3),(1870.13429932586,1913.02269101587),
 .UNSPECIFIED.)
CURVE()
GEOMETRIC_REPRESENTATION_ITEM()
RATIONAL_B_SPLINE_CURVE((936.072118411893,925.854901189042,914.677265248068))
REPRESENTATION_ITEM('')
);
#270=(
BOUNDED_CURVE()
B_SPLINE_CURVE(2,(#7802,#7803,#7804),.UNSPECIFIED.,.F.,.F.)
B_SPLINE_CURVE_WITH_KNOTS((3,3),(914.72721976267,957.615611452676),
 .UNSPECIFIED.)
CURVE()
GEOMETRIC_REPRESENTATION_ITEM()
RATIONAL_B_SPLINE_CURVE((914.677265247607,925.854901188575,936.07211841142))
REPRESENTATION_ITEM('')
);
#271=(
BOUNDED_CURVE()
B_SPLINE_CURVE(2,(#7806,#7807,#7808),.UNSPECIFIED.,.F.,.F.)
B_SPLINE_CURVE_WITH_KNOTS((3,3),(1870.13429932574,1913.0226910158),
 .UNSPECIFIED.)
CURVE()
GEOMETRIC_REPRESENTATION_ITEM()
RATIONAL_B_SPLINE_CURVE((936.072118411615,925.854901188761,914.677265247781))
REPRESENTATION_ITEM('')
);
#272=(
BOUNDED_CURVE()
B_SPLINE_CURVE(2,(#7812,#7813,#7814),.UNSPECIFIED.,.F.,.F.)
B_SPLINE_CURVE_WITH_KNOTS((3,3),(914.727219762936,957.615611453004),
 .UNSPECIFIED.)
CURVE()
GEOMETRIC_REPRESENTATION_ITEM()
RATIONAL_B_SPLINE_CURVE((914.677265247854,925.854901188834,936.072118411687))
REPRESENTATION_ITEM('')
);
#273=(
BOUNDED_CURVE()
B_SPLINE_CURVE(2,(#7816,#7817,#7818),.UNSPECIFIED.,.F.,.F.)
B_SPLINE_CURVE_WITH_KNOTS((3,3),(1870.1342993261,1913.02269101613),
 .UNSPECIFIED.)
CURVE()
GEOMETRIC_REPRESENTATION_ITEM()
RATIONAL_B_SPLINE_CURVE((936.072118411665,925.854901188808,914.677265247828))
REPRESENTATION_ITEM('')
);
#274=(
BOUNDED_CURVE()
B_SPLINE_CURVE(2,(#7822,#7823,#7824),.UNSPECIFIED.,.F.,.F.)
B_SPLINE_CURVE_WITH_KNOTS((3,3),(914.72721976259,957.615611452661),
 .UNSPECIFIED.)
CURVE()
GEOMETRIC_REPRESENTATION_ITEM()
RATIONAL_B_SPLINE_CURVE((914.677265247891,925.854901188882,936.072118411746))
REPRESENTATION_ITEM('')
);
#275=(
BOUNDED_CURVE()
B_SPLINE_CURVE(2,(#7826,#7827,#7828),.UNSPECIFIED.,.F.,.F.)
B_SPLINE_CURVE_WITH_KNOTS((3,3),(1870.13429932537,1913.02269101547),
 .UNSPECIFIED.)
CURVE()
GEOMETRIC_REPRESENTATION_ITEM()
RATIONAL_B_SPLINE_CURVE((936.072118412013,925.854901189156,914.677265248171))
REPRESENTATION_ITEM('')
);
#276=(
BOUNDED_CURVE()
B_SPLINE_CURVE(2,(#7832,#7833,#7834),.UNSPECIFIED.,.F.,.F.)
B_SPLINE_CURVE_WITH_KNOTS((3,3),(914.727219762859,957.615611452915),
 .UNSPECIFIED.)
CURVE()
GEOMETRIC_REPRESENTATION_ITEM()
RATIONAL_B_SPLINE_CURVE((914.677265247923,925.854901188902,936.072118411756))
REPRESENTATION_ITEM('')
);
#277=(
BOUNDED_CURVE()
B_SPLINE_CURVE(2,(#7836,#7837,#7838),.UNSPECIFIED.,.F.,.F.)
B_SPLINE_CURVE_WITH_KNOTS((3,3),(1870.13429932577,1913.02269101581),
 .UNSPECIFIED.)
CURVE()
GEOMETRIC_REPRESENTATION_ITEM()
RATIONAL_B_SPLINE_CURVE((936.072118411711,925.85490118886,914.677265247885))
REPRESENTATION_ITEM('')
);
#278=(
BOUNDED_CURVE()
B_SPLINE_CURVE(2,(#7842,#7843,#7844),.UNSPECIFIED.,.F.,.F.)
B_SPLINE_CURVE_WITH_KNOTS((3,3),(914.727219762809,957.615611452843),
 .UNSPECIFIED.)
CURVE()
GEOMETRIC_REPRESENTATION_ITEM()
RATIONAL_B_SPLINE_CURVE((914.677265247897,925.854901188872,936.072118411722))
REPRESENTATION_ITEM('')
);
#279=(
BOUNDED_CURVE()
B_SPLINE_CURVE(2,(#7846,#7847,#7848),.UNSPECIFIED.,.F.,.F.)
B_SPLINE_CURVE_WITH_KNOTS((3,3),(1870.13429932628,1913.02269101627),
 .UNSPECIFIED.)
CURVE()
GEOMETRIC_REPRESENTATION_ITEM()
RATIONAL_B_SPLINE_CURVE((936.072118411471,925.854901188619,914.677265247645))
REPRESENTATION_ITEM('')
);
#280=(
BOUNDED_CURVE()
B_SPLINE_CURVE(2,(#7852,#7853,#7854),.UNSPECIFIED.,.F.,.F.)
B_SPLINE_CURVE_WITH_KNOTS((3,3),(914.727219762587,957.615611452567),
 .UNSPECIFIED.)
CURVE()
GEOMETRIC_REPRESENTATION_ITEM()
RATIONAL_B_SPLINE_CURVE((914.67726524789,925.854901188857,936.072118411702))
REPRESENTATION_ITEM('')
);
#281=(
BOUNDED_CURVE()
B_SPLINE_CURVE(2,(#7856,#7857,#7858),.UNSPECIFIED.,.F.,.F.)
B_SPLINE_CURVE_WITH_KNOTS((3,3),(1870.134299326,1913.022691016),
 .UNSPECIFIED.)
CURVE()
GEOMETRIC_REPRESENTATION_ITEM()
RATIONAL_B_SPLINE_CURVE((936.072118411717,925.854901188867,914.677265247894))
REPRESENTATION_ITEM('')
);
#282=(
BOUNDED_CURVE()
B_SPLINE_CURVE(2,(#7862,#7863,#7864),.UNSPECIFIED.,.F.,.F.)
B_SPLINE_CURVE_WITH_KNOTS((3,3),(914.727219762768,957.615611452796),
 .UNSPECIFIED.)
CURVE()
GEOMETRIC_REPRESENTATION_ITEM()
RATIONAL_B_SPLINE_CURVE((914.677265247658,925.85490118863,936.072118411477))
REPRESENTATION_ITEM('')
);
#283=(
BOUNDED_CURVE()
B_SPLINE_CURVE(2,(#7866,#7867,#7868),.UNSPECIFIED.,.F.,.F.)
B_SPLINE_CURVE_WITH_KNOTS((3,3),(1870.13429932605,1913.02269101608),
 .UNSPECIFIED.)
CURVE()
GEOMETRIC_REPRESENTATION_ITEM()
RATIONAL_B_SPLINE_CURVE((936.072118411468,925.854901188613,914.677265247633))
REPRESENTATION_ITEM('')
);
#284=(
BOUNDED_CURVE()
B_SPLINE_CURVE(2,(#7872,#7873,#7874),.UNSPECIFIED.,.F.,.F.)
B_SPLINE_CURVE_WITH_KNOTS((3,3),(914.727219762708,957.615611452691),
 .UNSPECIFIED.)
CURVE()
GEOMETRIC_REPRESENTATION_ITEM()
RATIONAL_B_SPLINE_CURVE((914.677265247953,925.854901188918,936.072118411761))
REPRESENTATION_ITEM('')
);
#285=(
BOUNDED_CURVE()
B_SPLINE_CURVE(2,(#7876,#7877,#7878),.UNSPECIFIED.,.F.,.F.)
B_SPLINE_CURVE_WITH_KNOTS((3,3),(1870.1342993259,1913.022691016),
 .UNSPECIFIED.)
CURVE()
GEOMETRIC_REPRESENTATION_ITEM()
RATIONAL_B_SPLINE_CURVE((936.072118411761,925.85490118889,914.677265247892))
REPRESENTATION_ITEM('')
);
#286=(
BOUNDED_CURVE()
B_SPLINE_CURVE(2,(#7882,#7883,#7884),.UNSPECIFIED.,.F.,.F.)
B_SPLINE_CURVE_WITH_KNOTS((3,3),(914.727219762715,957.615611452718),
 .UNSPECIFIED.)
CURVE()
GEOMETRIC_REPRESENTATION_ITEM()
RATIONAL_B_SPLINE_CURVE((914.677265247522,925.854901188487,936.072118411329))
REPRESENTATION_ITEM('')
);
#287=(
BOUNDED_CURVE()
B_SPLINE_CURVE(2,(#7885,#7886,#7887),.UNSPECIFIED.,.F.,.F.)
B_SPLINE_CURVE_WITH_KNOTS((3,3),(1870.13429932576,1913.02269101579),
 .UNSPECIFIED.)
CURVE()
GEOMETRIC_REPRESENTATION_ITEM()
RATIONAL_B_SPLINE_CURVE((936.072118411717,925.854901188868,914.677265247895))
REPRESENTATION_ITEM('')
);
#288=(
BOUNDED_CURVE()
B_SPLINE_CURVE(2,(#9018,#9019,#9020),.UNSPECIFIED.,.F.,.F.)
B_SPLINE_CURVE_WITH_KNOTS((3,3),(1843.41675187315,1853.99378415551),
 .UNSPECIFIED.)
CURVE()
GEOMETRIC_REPRESENTATION_ITEM()
RATIONAL_B_SPLINE_CURVE((518.552072287024,515.512007735304,512.420018399768))
REPRESENTATION_ITEM('')
);
#289=(
BOUNDED_CURVE()
B_SPLINE_CURVE(2,(#9032,#9033,#9034),.UNSPECIFIED.,.F.,.F.)
B_SPLINE_CURVE_WITH_KNOTS((3,3),(1843.41675187308,1853.99378415545),
 .UNSPECIFIED.)
CURVE()
GEOMETRIC_REPRESENTATION_ITEM()
RATIONAL_B_SPLINE_CURVE((518.552072287109,515.512007735388,512.420018399851))
REPRESENTATION_ITEM('')
);
#290=(
BOUNDED_CURVE()
B_SPLINE_CURVE(12,(#9950,#9951,#9952,#9953,#9954,#9955,#9956,#9957,#9958,
#9959,#9960,#9961,#9962),.UNSPECIFIED.,.F.,.F.)
B_SPLINE_CURVE_WITH_KNOTS((13,13),(1.553277754462E-16,3.9269908167116),
 .UNSPECIFIED.)
CURVE()
GEOMETRIC_REPRESENTATION_ITEM()
RATIONAL_B_SPLINE_CURVE((1.,1.,1.,1.00000000000013,1.00000000000019,1.00000000000022,
1.00000000000025,1.00000000000028,1.0000000000003,1.00000000000032,1.00000000000032,
1.00000000000031,1.00000000000029))
REPRESENTATION_ITEM('')
);
#291=(
BOUNDED_CURVE()
B_SPLINE_CURVE(12,(#9966,#9967,#9968,#9969,#9970,#9971,#9972,#9973,#9974,
#9975,#9976,#9977,#9978),.UNSPECIFIED.,.F.,.F.)
B_SPLINE_CURVE_WITH_KNOTS((13,13),(3.9269908167116,7.853981633974),
 .UNSPECIFIED.)
CURVE()
GEOMETRIC_REPRESENTATION_ITEM()
RATIONAL_B_SPLINE_CURVE((1.00000000000029,1.00000000000027,1.00000000000024,
1.00000000000021,1.00000000000017,1.00000000000013,1.00000000000008,1.00000000000003,
1.,1.,1.,1.,1.))
REPRESENTATION_ITEM('')
);
#292=(
BOUNDED_CURVE()
B_SPLINE_CURVE(12,(#10021,#10022,#10023,#10024,#10025,#10026,#10027,#10028,
#10029,#10030,#10031,#10032,#10033),.UNSPECIFIED.,.F.,.F.)
B_SPLINE_CURVE_WITH_KNOTS((13,13),(1.553277754462E-16,3.92699081670975),
 .UNSPECIFIED.)
CURVE()
GEOMETRIC_REPRESENTATION_ITEM()
RATIONAL_B_SPLINE_CURVE((1.,1.,1.,1.00000000000013,1.00000000000019,1.00000000000022,
1.00000000000025,1.00000000000028,1.0000000000003,1.00000000000032,1.00000000000032,
1.00000000000031,1.00000000000029))
REPRESENTATION_ITEM('')
);
#293=(
BOUNDED_CURVE()
B_SPLINE_CURVE(12,(#10034,#10035,#10036,#10037,#10038,#10039,#10040,#10041,
#10042,#10043,#10044,#10045,#10046),.UNSPECIFIED.,.F.,.F.)
B_SPLINE_CURVE_WITH_KNOTS((13,13),(3.92699081670975,7.853981633974),
 .UNSPECIFIED.)
CURVE()
GEOMETRIC_REPRESENTATION_ITEM()
RATIONAL_B_SPLINE_CURVE((1.00000000000029,1.00000000000027,1.00000000000024,
1.00000000000021,1.00000000000017,1.00000000000013,1.00000000000008,1.00000000000003,
1.,1.,1.,1.,1.))
REPRESENTATION_ITEM('')
);
#294=(
BOUNDED_CURVE()
B_SPLINE_CURVE(12,(#10053,#10054,#10055,#10056,#10057,#10058,#10059,#10060,
#10061,#10062,#10063,#10064,#10065),.UNSPECIFIED.,.F.,.F.)
B_SPLINE_CURVE_WITH_KNOTS((13,13),(1.61540886464E-16,4.08407044975132),
 .UNSPECIFIED.)
CURVE()
GEOMETRIC_REPRESENTATION_ITEM()
RATIONAL_B_SPLINE_CURVE((1.,1.,0.99999999999975,0.999999999999875,0.999999999999937,
0.999999999999969,1.,1.00000000000002,1.00000000000003,1.00000000000003,
1.00000000000001,1.,0.999999999999992))
REPRESENTATION_ITEM('')
);
#295=(
BOUNDED_CURVE()
B_SPLINE_CURVE(12,(#10067,#10068,#10069,#10070,#10071,#10072,#10073,#10074,
#10075,#10076,#10077,#10078,#10079),.UNSPECIFIED.,.F.,.F.)
B_SPLINE_CURVE_WITH_KNOTS((13,13),(4.08407044975132,8.168140899333),
 .UNSPECIFIED.)
CURVE()
GEOMETRIC_REPRESENTATION_ITEM()
RATIONAL_B_SPLINE_CURVE((0.999999999999992,0.999999999999984,0.99999999999998,
0.999999999999986,1.,1.00000000000003,1.00000000000006,1.00000000000009,
1.00000000000013,1.00000000000013,1.,1.,1.))
REPRESENTATION_ITEM('')
);
#296=(
BOUNDED_CURVE()
B_SPLINE_CURVE(12,(#10126,#10127,#10128,#10129,#10130,#10131,#10132,#10133,
#10134,#10135,#10136,#10137,#10138),.UNSPECIFIED.,.F.,.F.)
B_SPLINE_CURVE_WITH_KNOTS((13,13),(1.61540886464E-16,4.08407044975018),
 .UNSPECIFIED.)
CURVE()
GEOMETRIC_REPRESENTATION_ITEM()
RATIONAL_B_SPLINE_CURVE((1.,1.,0.99999999999975,0.999999999999875,0.999999999999937,
0.999999999999969,1.,1.00000000000002,1.00000000000003,1.00000000000003,
1.00000000000001,1.,0.999999999999992))
REPRESENTATION_ITEM('')
);
#297=(
BOUNDED_CURVE()
B_SPLINE_CURVE(12,(#10139,#10140,#10141,#10142,#10143,#10144,#10145,#10146,
#10147,#10148,#10149,#10150,#10151),.UNSPECIFIED.,.F.,.F.)
B_SPLINE_CURVE_WITH_KNOTS((13,13),(4.08407044975018,8.168140899333),
 .UNSPECIFIED.)
CURVE()
GEOMETRIC_REPRESENTATION_ITEM()
RATIONAL_B_SPLINE_CURVE((0.999999999999992,0.999999999999984,0.99999999999998,
0.999999999999986,1.,1.00000000000003,1.00000000000006,1.00000000000009,
1.00000000000013,1.00000000000013,1.,1.,1.))
REPRESENTATION_ITEM('')
);
#298=(
BOUNDED_CURVE()
B_SPLINE_CURVE(2,(#10436,#10437,#10438),.UNSPECIFIED.,.F.,.F.)
B_SPLINE_CURVE_WITH_KNOTS((3,3),(727.352412920423,856.68184204304),
 .UNSPECIFIED.)
CURVE()
GEOMETRIC_REPRESENTATION_ITEM()
RATIONAL_B_SPLINE_CURVE((1565.26165395557,1639.40050662557,1690.4489209807))
REPRESENTATION_ITEM('')
);
#299=(
BOUNDED_CURVE()
B_SPLINE_CURVE(2,(#10550,#10551,#10552),.UNSPECIFIED.,.F.,.F.)
B_SPLINE_CURVE_WITH_KNOTS((3,3),(1428.52714400831,1557.85509641518),
 .UNSPECIFIED.)
CURVE()
GEOMETRIC_REPRESENTATION_ITEM()
RATIONAL_B_SPLINE_CURVE((1690.44775519917,1639.39966007563,1565.261653939))
REPRESENTATION_ITEM('')
);
#300=(
BOUNDED_CURVE()
B_SPLINE_CURVE(12,(#10737,#10738,#10739,#10740,#10741,#10742,#10743,#10744,
#10745,#10746,#10747,#10748,#10749),.UNSPECIFIED.,.F.,.F.)
B_SPLINE_CURVE_WITH_KNOTS((13,13),(1.553277754462E-16,1.58734760787604),
 .UNSPECIFIED.)
CURVE()
GEOMETRIC_REPRESENTATION_ITEM()
RATIONAL_B_SPLINE_CURVE((1.,1.,1.,1.00000000000001,1.00000000000002,1.00000000000005,
1.00000000000007,1.0000000000001,1.00000000000012,1.00000000000014,1.00000000000016,
1.00000000000018,1.0000000000002))
REPRESENTATION_ITEM('')
);
#301=FACE_BOUND('',#794,.T.);
#302=FACE_BOUND('',#796,.T.);
#303=FACE_BOUND('',#800,.T.);
#304=FACE_BOUND('',#954,.T.);
#305=FACE_BOUND('',#957,.T.);
#306=FACE_BOUND('',#961,.T.);
#307=FACE_BOUND('',#981,.T.);
#308=FACE_BOUND('',#984,.T.);
#309=FACE_BOUND('',#1003,.T.);
#310=FACE_BOUND('',#1005,.T.);
#311=FACE_BOUND('',#1027,.T.);
#312=FACE_BOUND('',#1029,.T.);
#313=FACE_BOUND('',#1043,.T.);
#314=FACE_BOUND('',#1047,.T.);
#315=FACE_BOUND('',#1065,.T.);
#316=FACE_BOUND('',#1073,.T.);
#317=PLANE('',#5380);
#318=PLANE('',#5382);
#319=PLANE('',#5438);
#320=PLANE('',#5442);
#321=PLANE('',#5443);
#322=PLANE('',#5446);
#323=PLANE('',#5447);
#324=PLANE('',#5450);
#325=PLANE('',#5451);
#326=PLANE('',#5454);
#327=PLANE('',#5455);
#328=PLANE('',#5458);
#329=PLANE('',#5459);
#330=PLANE('',#5462);
#331=PLANE('',#5463);
#332=PLANE('',#5466);
#333=PLANE('',#5467);
#334=PLANE('',#5470);
#335=PLANE('',#5471);
#336=PLANE('',#5474);
#337=PLANE('',#5475);
#338=PLANE('',#5478);
#339=PLANE('',#5479);
#340=PLANE('',#5482);
#341=PLANE('',#5483);
#342=PLANE('',#5486);
#343=PLANE('',#5487);
#344=PLANE('',#5490);
#345=PLANE('',#5491);
#346=PLANE('',#5494);
#347=PLANE('',#5495);
#348=PLANE('',#5498);
#349=PLANE('',#5499);
#350=PLANE('',#5502);
#351=PLANE('',#5503);
#352=PLANE('',#5506);
#353=PLANE('',#5507);
#354=PLANE('',#5510);
#355=PLANE('',#5511);
#356=PLANE('',#5514);
#357=PLANE('',#5515);
#358=PLANE('',#5518);
#359=PLANE('',#5519);
#360=PLANE('',#5522);
#361=PLANE('',#5523);
#362=PLANE('',#5526);
#363=PLANE('',#5527);
#364=PLANE('',#5530);
#365=PLANE('',#5531);
#366=PLANE('',#5534);
#367=PLANE('',#5535);
#368=PLANE('',#5538);
#369=PLANE('',#5539);
#370=PLANE('',#5542);
#371=PLANE('',#5543);
#372=PLANE('',#5546);
#373=PLANE('',#5547);
#374=PLANE('',#5550);
#375=PLANE('',#5551);
#376=PLANE('',#5554);
#377=PLANE('',#5555);
#378=PLANE('',#5558);
#379=PLANE('',#5559);
#380=PLANE('',#5562);
#381=PLANE('',#5563);
#382=PLANE('',#5566);
#383=PLANE('',#5567);
#384=PLANE('',#5570);
#385=PLANE('',#5571);
#386=PLANE('',#5574);
#387=PLANE('',#5575);
#388=PLANE('',#5578);
#389=PLANE('',#5579);
#390=PLANE('',#5582);
#391=PLANE('',#5583);
#392=PLANE('',#5586);
#393=PLANE('',#5587);
#394=PLANE('',#5590);
#395=PLANE('',#5591);
#396=PLANE('',#5594);
#397=PLANE('',#5595);
#398=PLANE('',#5598);
#399=PLANE('',#5599);
#400=PLANE('',#5602);
#401=PLANE('',#5603);
#402=PLANE('',#5606);
#403=PLANE('',#5607);
#404=PLANE('',#5610);
#405=PLANE('',#5611);
#406=PLANE('',#5614);
#407=PLANE('',#5615);
#408=PLANE('',#5618);
#409=PLANE('',#5619);
#410=PLANE('',#5622);
#411=PLANE('',#5623);
#412=PLANE('',#5626);
#413=PLANE('',#5627);
#414=PLANE('',#5630);
#415=PLANE('',#5631);
#416=PLANE('',#5634);
#417=PLANE('',#5635);
#418=PLANE('',#5638);
#419=PLANE('',#5639);
#420=PLANE('',#5643);
#421=PLANE('',#5645);
#422=PLANE('',#5649);
#423=PLANE('',#5651);
#424=PLANE('',#5659);
#425=PLANE('',#5662);
#426=PLANE('',#5664);
#427=PLANE('',#5672);
#428=PLANE('',#5675);
#429=PLANE('',#5680);
#430=PLANE('',#5683);
#431=PLANE('',#5692);
#432=PLANE('',#5696);
#433=PLANE('',#5710);
#434=PLANE('',#5715);
#435=PLANE('',#5719);
#436=PLANE('',#5725);
#437=PLANE('',#5738);
#438=PLANE('',#5745);
#439=PLANE('',#5764);
#440=PLANE('',#5765);
#441=PLANE('',#5766);
#442=PLANE('',#5767);
#443=PLANE('',#5768);
#444=PLANE('',#5769);
#445=PLANE('',#5776);
#446=PLANE('',#5782);
#447=PLANE('',#5784);
#448=PLANE('',#5791);
#449=PLANE('',#5793);
#450=PLANE('',#5798);
#451=PLANE('',#5808);
#452=PLANE('',#5810);
#453=PLANE('',#5812);
#454=PLANE('',#5814);
#455=PLANE('',#5820);
#456=PLANE('',#5821);
#457=PLANE('',#5826);
#458=PLANE('',#5827);
#459=PLANE('',#5832);
#460=PLANE('',#5833);
#461=PLANE('',#5838);
#462=PLANE('',#5839);
#463=PLANE('',#5844);
#464=PLANE('',#5856);
#465=PLANE('',#5864);
#466=PLANE('',#5868);
#467=PLANE('',#5876);
#468=PLANE('',#5877);
#469=PLANE('',#5878);
#470=PLANE('',#5888);
#471=PLANE('',#5893);
#472=PLANE('',#5901);
#473=CONICAL_SURFACE('',#5378,2.85,0.785398163397);
#474=CONICAL_SURFACE('',#5386,6.15,0.785398163397);
#475=CONICAL_SURFACE('',#5673,4.7,0.785398163397);
#476=CONICAL_SURFACE('',#5684,0.75,1.047197551197);
#477=CONICAL_SURFACE('',#5700,1.5,0.785398163398);
#478=CONICAL_SURFACE('',#5713,5.7,0.785398163397);
#479=CONICAL_SURFACE('',#5717,7.1,0.785398163397);
#480=CONICAL_SURFACE('',#5723,5.7,0.785398163397);
#481=CONICAL_SURFACE('',#5727,7.1,0.785398163397);
#482=CONICAL_SURFACE('',#5734,5.275,0.785398163397);
#483=CONICAL_SURFACE('',#5736,5.275,0.785398163397);
#484=CONICAL_SURFACE('',#5752,8.35,1.047197551195);
#485=CONICAL_SURFACE('',#5753,8.35,1.047197551195);
#486=CONICAL_SURFACE('',#5754,8.35,1.047197551195);
#487=CONICAL_SURFACE('',#5755,8.35,1.047197551195);
#488=CONICAL_SURFACE('',#5756,8.35,1.047197551195);
#489=CONICAL_SURFACE('',#5757,8.35,1.047197551195);
#490=CONICAL_SURFACE('',#5758,6.85,1.047197551198);
#491=CONICAL_SURFACE('',#5759,6.85,1.047197551198);
#492=CONICAL_SURFACE('',#5760,6.85,1.047197551198);
#493=CONICAL_SURFACE('',#5761,6.85,1.047197551198);
#494=CONICAL_SURFACE('',#5762,6.85,1.047197551198);
#495=CONICAL_SURFACE('',#5763,6.85,1.047197551198);
#496=CONICAL_SURFACE('',#5774,2.85,0.244978663127);
#497=CONICAL_SURFACE('',#5846,1.25,0.165148677415);
#498=CONICAL_SURFACE('',#5850,1.05,0.165148677415);
#499=CONICAL_SURFACE('',#5883,1.25,0.525583793552);
#500=CONICAL_SURFACE('',#5891,1.25,0.525583793552);
#501=FACE_OUTER_BOUND('',#791,.T.);
#502=FACE_OUTER_BOUND('',#792,.T.);
#503=FACE_OUTER_BOUND('',#793,.T.);
#504=FACE_OUTER_BOUND('',#795,.T.);
#505=FACE_OUTER_BOUND('',#797,.T.);
#506=FACE_OUTER_BOUND('',#798,.T.);
#507=FACE_OUTER_BOUND('',#799,.T.);
#508=FACE_OUTER_BOUND('',#801,.T.);
#509=FACE_OUTER_BOUND('',#802,.T.);
#510=FACE_OUTER_BOUND('',#803,.T.);
#511=FACE_OUTER_BOUND('',#804,.T.);
#512=FACE_OUTER_BOUND('',#805,.T.);
#513=FACE_OUTER_BOUND('',#806,.T.);
#514=FACE_OUTER_BOUND('',#807,.T.);
#515=FACE_OUTER_BOUND('',#808,.T.);
#516=FACE_OUTER_BOUND('',#809,.T.);
#517=FACE_OUTER_BOUND('',#810,.T.);
#518=FACE_OUTER_BOUND('',#811,.T.);
#519=FACE_OUTER_BOUND('',#812,.T.);
#520=FACE_OUTER_BOUND('',#813,.T.);
#521=FACE_OUTER_BOUND('',#814,.T.);
#522=FACE_OUTER_BOUND('',#815,.T.);
#523=FACE_OUTER_BOUND('',#816,.T.);
#524=FACE_OUTER_BOUND('',#817,.T.);
#525=FACE_OUTER_BOUND('',#818,.T.);
#526=FACE_OUTER_BOUND('',#819,.T.);
#527=FACE_OUTER_BOUND('',#820,.T.);
#528=FACE_OUTER_BOUND('',#821,.T.);
#529=FACE_OUTER_BOUND('',#822,.T.);
#530=FACE_OUTER_BOUND('',#823,.T.);
#531=FACE_OUTER_BOUND('',#824,.T.);
#532=FACE_OUTER_BOUND('',#825,.T.);
#533=FACE_OUTER_BOUND('',#826,.T.);
#534=FACE_OUTER_BOUND('',#827,.T.);
#535=FACE_OUTER_BOUND('',#828,.T.);
#536=FACE_OUTER_BOUND('',#829,.T.);
#537=FACE_OUTER_BOUND('',#830,.T.);
#538=FACE_OUTER_BOUND('',#831,.T.);
#539=FACE_OUTER_BOUND('',#832,.T.);
#540=FACE_OUTER_BOUND('',#833,.T.);
#541=FACE_OUTER_BOUND('',#834,.T.);
#542=FACE_OUTER_BOUND('',#835,.T.);
#543=FACE_OUTER_BOUND('',#836,.T.);
#544=FACE_OUTER_BOUND('',#837,.T.);
#545=FACE_OUTER_BOUND('',#838,.T.);
#546=FACE_OUTER_BOUND('',#839,.T.);
#547=FACE_OUTER_BOUND('',#840,.T.);
#548=FACE_OUTER_BOUND('',#841,.T.);
#549=FACE_OUTER_BOUND('',#842,.T.);
#550=FACE_OUTER_BOUND('',#843,.T.);
#551=FACE_OUTER_BOUND('',#844,.T.);
#552=FACE_OUTER_BOUND('',#845,.T.);
#553=FACE_OUTER_BOUND('',#846,.T.);
#554=FACE_OUTER_BOUND('',#847,.T.);
#555=FACE_OUTER_BOUND('',#848,.T.);
#556=FACE_OUTER_BOUND('',#849,.T.);
#557=FACE_OUTER_BOUND('',#850,.T.);
#558=FACE_OUTER_BOUND('',#851,.T.);
#559=FACE_OUTER_BOUND('',#852,.T.);
#560=FACE_OUTER_BOUND('',#853,.T.);
#561=FACE_OUTER_BOUND('',#854,.T.);
#562=FACE_OUTER_BOUND('',#855,.T.);
#563=FACE_OUTER_BOUND('',#856,.T.);
#564=FACE_OUTER_BOUND('',#857,.T.);
#565=FACE_OUTER_BOUND('',#858,.T.);
#566=FACE_OUTER_BOUND('',#859,.T.);
#567=FACE_OUTER_BOUND('',#860,.T.);
#568=FACE_OUTER_BOUND('',#861,.T.);
#569=FACE_OUTER_BOUND('',#862,.T.);
#570=FACE_OUTER_BOUND('',#863,.T.);
#571=FACE_OUTER_BOUND('',#864,.T.);
#572=FACE_OUTER_BOUND('',#865,.T.);
#573=FACE_OUTER_BOUND('',#866,.T.);
#574=FACE_OUTER_BOUND('',#867,.T.);
#575=FACE_OUTER_BOUND('',#868,.T.);
#576=FACE_OUTER_BOUND('',#869,.T.);
#577=FACE_OUTER_BOUND('',#870,.T.);
#578=FACE_OUTER_BOUND('',#871,.T.);
#579=FACE_OUTER_BOUND('',#872,.T.);
#580=FACE_OUTER_BOUND('',#873,.T.);
#581=FACE_OUTER_BOUND('',#874,.T.);
#582=FACE_OUTER_BOUND('',#875,.T.);
#583=FACE_OUTER_BOUND('',#876,.T.);
#584=FACE_OUTER_BOUND('',#877,.T.);
#585=FACE_OUTER_BOUND('',#878,.T.);
#586=FACE_OUTER_BOUND('',#879,.T.);
#587=FACE_OUTER_BOUND('',#880,.T.);
#588=FACE_OUTER_BOUND('',#881,.T.);
#589=FACE_OUTER_BOUND('',#882,.T.);
#590=FACE_OUTER_BOUND('',#883,.T.);
#591=FACE_OUTER_BOUND('',#884,.T.);
#592=FACE_OUTER_BOUND('',#885,.T.);
#593=FACE_OUTER_BOUND('',#886,.T.);
#594=FACE_OUTER_BOUND('',#887,.T.);
#595=FACE_OUTER_BOUND('',#888,.T.);
#596=FACE_OUTER_BOUND('',#889,.T.);
#597=FACE_OUTER_BOUND('',#890,.T.);
#598=FACE_OUTER_BOUND('',#891,.T.);
#599=FACE_OUTER_BOUND('',#892,.T.);
#600=FACE_OUTER_BOUND('',#893,.T.);
#601=FACE_OUTER_BOUND('',#894,.T.);
#602=FACE_OUTER_BOUND('',#895,.T.);
#603=FACE_OUTER_BOUND('',#896,.T.);
#604=FACE_OUTER_BOUND('',#897,.T.);
#605=FACE_OUTER_BOUND('',#898,.T.);
#606=FACE_OUTER_BOUND('',#899,.T.);
#607=FACE_OUTER_BOUND('',#900,.T.);
#608=FACE_OUTER_BOUND('',#901,.T.);
#609=FACE_OUTER_BOUND('',#902,.T.);
#610=FACE_OUTER_BOUND('',#903,.T.);
#611=FACE_OUTER_BOUND('',#904,.T.);
#612=FACE_OUTER_BOUND('',#905,.T.);
#613=FACE_OUTER_BOUND('',#906,.T.);
#614=FACE_OUTER_BOUND('',#907,.T.);
#615=FACE_OUTER_BOUND('',#908,.T.);
#616=FACE_OUTER_BOUND('',#909,.T.);
#617=FACE_OUTER_BOUND('',#910,.T.);
#618=FACE_OUTER_BOUND('',#911,.T.);
#619=FACE_OUTER_BOUND('',#912,.T.);
#620=FACE_OUTER_BOUND('',#913,.T.);
#621=FACE_OUTER_BOUND('',#914,.T.);
#622=FACE_OUTER_BOUND('',#915,.T.);
#623=FACE_OUTER_BOUND('',#916,.T.);
#624=FACE_OUTER_BOUND('',#917,.T.);
#625=FACE_OUTER_BOUND('',#918,.T.);
#626=FACE_OUTER_BOUND('',#919,.T.);
#627=FACE_OUTER_BOUND('',#920,.T.);
#628=FACE_OUTER_BOUND('',#921,.T.);
#629=FACE_OUTER_BOUND('',#922,.T.);
#630=FACE_OUTER_BOUND('',#923,.T.);
#631=FACE_OUTER_BOUND('',#924,.T.);
#632=FACE_OUTER_BOUND('',#925,.T.);
#633=FACE_OUTER_BOUND('',#926,.T.);
#634=FACE_OUTER_BOUND('',#927,.T.);
#635=FACE_OUTER_BOUND('',#928,.T.);
#636=FACE_OUTER_BOUND('',#929,.T.);
#637=FACE_OUTER_BOUND('',#930,.T.);
#638=FACE_OUTER_BOUND('',#931,.T.);
#639=FACE_OUTER_BOUND('',#932,.T.);
#640=FACE_OUTER_BOUND('',#933,.T.);
#641=FACE_OUTER_BOUND('',#934,.T.);
#642=FACE_OUTER_BOUND('',#935,.T.);
#643=FACE_OUTER_BOUND('',#936,.T.);
#644=FACE_OUTER_BOUND('',#937,.T.);
#645=FACE_OUTER_BOUND('',#938,.T.);
#646=FACE_OUTER_BOUND('',#939,.T.);
#647=FACE_OUTER_BOUND('',#940,.T.);
#648=FACE_OUTER_BOUND('',#941,.T.);
#649=FACE_OUTER_BOUND('',#942,.T.);
#650=FACE_OUTER_BOUND('',#943,.T.);
#651=FACE_OUTER_BOUND('',#944,.T.);
#652=FACE_OUTER_BOUND('',#945,.T.);
#653=FACE_OUTER_BOUND('',#946,.T.);
#654=FACE_OUTER_BOUND('',#947,.T.);
#655=FACE_OUTER_BOUND('',#948,.T.);
#656=FACE_OUTER_BOUND('',#949,.T.);
#657=FACE_OUTER_BOUND('',#950,.T.);
#658=FACE_OUTER_BOUND('',#951,.T.);
#659=FACE_OUTER_BOUND('',#952,.T.);
#660=FACE_OUTER_BOUND('',#953,.T.);
#661=FACE_OUTER_BOUND('',#955,.T.);
#662=FACE_OUTER_BOUND('',#956,.T.);
#663=FACE_OUTER_BOUND('',#958,.T.);
#664=FACE_OUTER_BOUND('',#959,.T.);
#665=FACE_OUTER_BOUND('',#960,.T.);
#666=FACE_OUTER_BOUND('',#962,.T.);
#667=FACE_OUTER_BOUND('',#963,.T.);
#668=FACE_OUTER_BOUND('',#964,.T.);
#669=FACE_OUTER_BOUND('',#965,.T.);
#670=FACE_OUTER_BOUND('',#966,.T.);
#671=FACE_OUTER_BOUND('',#967,.T.);
#672=FACE_OUTER_BOUND('',#968,.T.);
#673=FACE_OUTER_BOUND('',#969,.T.);
#674=FACE_OUTER_BOUND('',#970,.T.);
#675=FACE_OUTER_BOUND('',#971,.T.);
#676=FACE_OUTER_BOUND('',#972,.T.);
#677=FACE_OUTER_BOUND('',#973,.T.);
#678=FACE_OUTER_BOUND('',#974,.T.);
#679=FACE_OUTER_BOUND('',#975,.T.);
#680=FACE_OUTER_BOUND('',#976,.T.);
#681=FACE_OUTER_BOUND('',#977,.T.);
#682=FACE_OUTER_BOUND('',#978,.T.);
#683=FACE_OUTER_BOUND('',#979,.T.);
#684=FACE_OUTER_BOUND('',#980,.T.);
#685=FACE_OUTER_BOUND('',#982,.T.);
#686=FACE_OUTER_BOUND('',#983,.T.);
#687=FACE_OUTER_BOUND('',#985,.T.);
#688=FACE_OUTER_BOUND('',#986,.T.);
#689=FACE_OUTER_BOUND('',#987,.T.);
#690=FACE_OUTER_BOUND('',#988,.T.);
#691=FACE_OUTER_BOUND('',#989,.T.);
#692=FACE_OUTER_BOUND('',#990,.T.);
#693=FACE_OUTER_BOUND('',#991,.T.);
#694=FACE_OUTER_BOUND('',#992,.T.);
#695=FACE_OUTER_BOUND('',#993,.T.);
#696=FACE_OUTER_BOUND('',#994,.T.);
#697=FACE_OUTER_BOUND('',#995,.T.);
#698=FACE_OUTER_BOUND('',#996,.T.);
#699=FACE_OUTER_BOUND('',#997,.T.);
#700=FACE_OUTER_BOUND('',#998,.T.);
#701=FACE_OUTER_BOUND('',#999,.T.);
#702=FACE_OUTER_BOUND('',#1000,.T.);
#703=FACE_OUTER_BOUND('',#1001,.T.);
#704=FACE_OUTER_BOUND('',#1002,.T.);
#705=FACE_OUTER_BOUND('',#1004,.T.);
#706=FACE_OUTER_BOUND('',#1006,.T.);
#707=FACE_OUTER_BOUND('',#1007,.T.);
#708=FACE_OUTER_BOUND('',#1008,.T.);
#709=FACE_OUTER_BOUND('',#1009,.T.);
#710=FACE_OUTER_BOUND('',#1010,.T.);
#711=FACE_OUTER_BOUND('',#1011,.T.);
#712=FACE_OUTER_BOUND('',#1012,.T.);
#713=FACE_OUTER_BOUND('',#1013,.T.);
#714=FACE_OUTER_BOUND('',#1014,.T.);
#715=FACE_OUTER_BOUND('',#1015,.T.);
#716=FACE_OUTER_BOUND('',#1016,.T.);
#717=FACE_OUTER_BOUND('',#1017,.T.);
#718=FACE_OUTER_BOUND('',#1018,.T.);
#719=FACE_OUTER_BOUND('',#1019,.T.);
#720=FACE_OUTER_BOUND('',#1020,.T.);
#721=FACE_OUTER_BOUND('',#1021,.T.);
#722=FACE_OUTER_BOUND('',#1022,.T.);
#723=FACE_OUTER_BOUND('',#1023,.T.);
#724=FACE_OUTER_BOUND('',#1024,.T.);
#725=FACE_OUTER_BOUND('',#1025,.T.);
#726=FACE_OUTER_BOUND('',#1026,.T.);
#727=FACE_OUTER_BOUND('',#1028,.T.);
#728=FACE_OUTER_BOUND('',#1030,.T.);
#729=FACE_OUTER_BOUND('',#1031,.T.);
#730=FACE_OUTER_BOUND('',#1032,.T.);
#731=FACE_OUTER_BOUND('',#1033,.T.);
#732=FACE_OUTER_BOUND('',#1034,.T.);
#733=FACE_OUTER_BOUND('',#1035,.T.);
#734=FACE_OUTER_BOUND('',#1036,.T.);
#735=FACE_OUTER_BOUND('',#1037,.T.);
#736=FACE_OUTER_BOUND('',#1038,.T.);
#737=FACE_OUTER_BOUND('',#1039,.T.);
#738=FACE_OUTER_BOUND('',#1040,.T.);
#739=FACE_OUTER_BOUND('',#1041,.T.);
#740=FACE_OUTER_BOUND('',#1042,.T.);
#741=FACE_OUTER_BOUND('',#1044,.T.);
#742=FACE_OUTER_BOUND('',#1045,.T.);
#743=FACE_OUTER_BOUND('',#1046,.T.);
#744=FACE_OUTER_BOUND('',#1048,.T.);
#745=FACE_OUTER_BOUND('',#1049,.T.);
#746=FACE_OUTER_BOUND('',#1050,.T.);
#747=FACE_OUTER_BOUND('',#1051,.T.);
#748=FACE_OUTER_BOUND('',#1052,.T.);
#749=FACE_OUTER_BOUND('',#1053,.T.);
#750=FACE_OUTER_BOUND('',#1054,.T.);
#751=FACE_OUTER_BOUND('',#1055,.T.);
#752=FACE_OUTER_BOUND('',#1056,.T.);
#753=FACE_OUTER_BOUND('',#1057,.T.);
#754=FACE_OUTER_BOUND('',#1058,.T.);
#755=FACE_OUTER_BOUND('',#1059,.T.);
#756=FACE_OUTER_BOUND('',#1060,.T.);
#757=FACE_OUTER_BOUND('',#1061,.T.);
#758=FACE_OUTER_BOUND('',#1062,.T.);
#759=FACE_OUTER_BOUND('',#1063,.T.);
#760=FACE_OUTER_BOUND('',#1064,.T.);
#761=FACE_OUTER_BOUND('',#1066,.T.);
#762=FACE_OUTER_BOUND('',#1067,.T.);
#763=FACE_OUTER_BOUND('',#1068,.T.);
#764=FACE_OUTER_BOUND('',#1069,.T.);
#765=FACE_OUTER_BOUND('',#1070,.T.);
#766=FACE_OUTER_BOUND('',#1071,.T.);
#767=FACE_OUTER_BOUND('',#1072,.T.);
#768=FACE_OUTER_BOUND('',#1074,.T.);
#769=FACE_OUTER_BOUND('',#1075,.T.);
#770=FACE_OUTER_BOUND('',#1076,.T.);
#771=FACE_OUTER_BOUND('',#1077,.T.);
#772=FACE_OUTER_BOUND('',#1078,.T.);
#773=FACE_OUTER_BOUND('',#1079,.T.);
#774=FACE_OUTER_BOUND('',#1080,.T.);
#775=FACE_OUTER_BOUND('',#1081,.T.);
#776=FACE_OUTER_BOUND('',#1082,.T.);
#777=FACE_OUTER_BOUND('',#1083,.T.);
#778=FACE_OUTER_BOUND('',#1084,.T.);
#779=FACE_OUTER_BOUND('',#1085,.T.);
#780=FACE_OUTER_BOUND('',#1086,.T.);
#781=FACE_OUTER_BOUND('',#1087,.T.);
#782=FACE_OUTER_BOUND('',#1088,.T.);
#783=FACE_OUTER_BOUND('',#1089,.T.);
#784=FACE_OUTER_BOUND('',#1090,.T.);
#785=FACE_OUTER_BOUND('',#1091,.T.);
#786=FACE_OUTER_BOUND('',#1092,.T.);
#787=FACE_OUTER_BOUND('',#1093,.T.);
#788=FACE_OUTER_BOUND('',#1094,.T.);
#789=FACE_OUTER_BOUND('',#1095,.T.);
#790=FACE_OUTER_BOUND('',#1096,.T.);
#791=EDGE_LOOP('',(#3312,#3313,#3314,#3315));
#792=EDGE_LOOP('',(#3316,#3317,#3318,#3319));
#793=EDGE_LOOP('',(#3320));
#794=EDGE_LOOP('',(#3321));
#795=EDGE_LOOP('',(#3322));
#796=EDGE_LOOP('',(#3323));
#797=EDGE_LOOP('',(#3324,#3325,#3326,#3327));
#798=EDGE_LOOP('',(#3328,#3329,#3330,#3331,#3332,#3333,#3334,#3335,#3336,
#3337,#3338,#3339,#3340,#3341,#3342,#3343,#3344,#3345,#3346,#3347,#3348,
#3349,#3350,#3351,#3352,#3353,#3354,#3355,#3356,#3357,#3358,#3359,#3360,
#3361,#3362,#3363,#3364,#3365,#3366,#3367,#3368,#3369,#3370,#3371,#3372,
#3373,#3374,#3375,#3376,#3377,#3378,#3379,#3380,#3381,#3382,#3383,#3384,
#3385,#3386,#3387,#3388,#3389,#3390,#3391,#3392,#3393,#3394,#3395,#3396,
#3397,#3398,#3399,#3400,#3401,#3402,#3403,#3404,#3405,#3406,#3407,#3408,
#3409,#3410,#3411,#3412,#3413,#3414,#3415,#3416,#3417,#3418,#3419,#3420,
#3421,#3422,#3423,#3424,#3425,#3426,#3427,#3428,#3429,#3430,#3431,#3432,
#3433,#3434,#3435,#3436,#3437,#3438,#3439,#3440,#3441,#3442,#3443,#3444,
#3445,#3446,#3447,#3448,#3449,#3450,#3451,#3452,#3453,#3454,#3455,#3456,
#3457,#3458,#3459,#3460,#3461,#3462,#3463,#3464,#3465,#3466,#3467,#3468,
#3469,#3470,#3471,#3472,#3473,#3474,#3475,#3476,#3477,#3478,#3479,#3480,
#3481));
#799=EDGE_LOOP('',(#3482,#3483,#3484,#3485));
#800=EDGE_LOOP('',(#3486));
#801=EDGE_LOOP('',(#3487,#3488,#3489,#3490));
#802=EDGE_LOOP('',(#3491,#3492,#3493,#3494));
#803=EDGE_LOOP('',(#3495,#3496,#3497,#3498));
#804=EDGE_LOOP('',(#3499,#3500,#3501,#3502));
#805=EDGE_LOOP('',(#3503,#3504,#3505,#3506));
#806=EDGE_LOOP('',(#3507,#3508,#3509,#3510));
#807=EDGE_LOOP('',(#3511,#3512,#3513,#3514));
#808=EDGE_LOOP('',(#3515,#3516,#3517,#3518));
#809=EDGE_LOOP('',(#3519,#3520,#3521,#3522));
#810=EDGE_LOOP('',(#3523,#3524,#3525,#3526));
#811=EDGE_LOOP('',(#3527,#3528,#3529,#3530));
#812=EDGE_LOOP('',(#3531,#3532,#3533,#3534));
#813=EDGE_LOOP('',(#3535,#3536,#3537,#3538));
#814=EDGE_LOOP('',(#3539,#3540,#3541,#3542));
#815=EDGE_LOOP('',(#3543,#3544,#3545,#3546));
#816=EDGE_LOOP('',(#3547,#3548,#3549,#3550));
#817=EDGE_LOOP('',(#3551,#3552,#3553,#3554));
#818=EDGE_LOOP('',(#3555,#3556,#3557,#3558));
#819=EDGE_LOOP('',(#3559,#3560,#3561,#3562));
#820=EDGE_LOOP('',(#3563,#3564,#3565,#3566));
#821=EDGE_LOOP('',(#3567,#3568,#3569,#3570));
#822=EDGE_LOOP('',(#3571,#3572,#3573,#3574));
#823=EDGE_LOOP('',(#3575,#3576,#3577,#3578));
#824=EDGE_LOOP('',(#3579,#3580,#3581,#3582));
#825=EDGE_LOOP('',(#3583,#3584,#3585,#3586));
#826=EDGE_LOOP('',(#3587,#3588,#3589,#3590));
#827=EDGE_LOOP('',(#3591,#3592,#3593,#3594));
#828=EDGE_LOOP('',(#3595,#3596,#3597,#3598));
#829=EDGE_LOOP('',(#3599,#3600,#3601,#3602));
#830=EDGE_LOOP('',(#3603,#3604,#3605,#3606));
#831=EDGE_LOOP('',(#3607,#3608,#3609,#3610));
#832=EDGE_LOOP('',(#3611,#3612,#3613,#3614));
#833=EDGE_LOOP('',(#3615,#3616,#3617,#3618));
#834=EDGE_LOOP('',(#3619,#3620,#3621,#3622));
#835=EDGE_LOOP('',(#3623,#3624,#3625,#3626));
#836=EDGE_LOOP('',(#3627,#3628,#3629,#3630));
#837=EDGE_LOOP('',(#3631,#3632,#3633,#3634));
#838=EDGE_LOOP('',(#3635,#3636,#3637,#3638));
#839=EDGE_LOOP('',(#3639,#3640,#3641,#3642));
#840=EDGE_LOOP('',(#3643,#3644,#3645,#3646));
#841=EDGE_LOOP('',(#3647,#3648,#3649,#3650));
#842=EDGE_LOOP('',(#3651,#3652,#3653,#3654));
#843=EDGE_LOOP('',(#3655,#3656,#3657,#3658));
#844=EDGE_LOOP('',(#3659,#3660,#3661,#3662));
#845=EDGE_LOOP('',(#3663,#3664,#3665,#3666));
#846=EDGE_LOOP('',(#3667,#3668,#3669,#3670));
#847=EDGE_LOOP('',(#3671,#3672,#3673,#3674));
#848=EDGE_LOOP('',(#3675,#3676,#3677,#3678));
#849=EDGE_LOOP('',(#3679,#3680,#3681,#3682));
#850=EDGE_LOOP('',(#3683,#3684,#3685,#3686));
#851=EDGE_LOOP('',(#3687,#3688,#3689,#3690));
#852=EDGE_LOOP('',(#3691,#3692,#3693,#3694));
#853=EDGE_LOOP('',(#3695,#3696,#3697,#3698));
#854=EDGE_LOOP('',(#3699,#3700,#3701,#3702));
#855=EDGE_LOOP('',(#3703,#3704,#3705,#3706));
#856=EDGE_LOOP('',(#3707,#3708,#3709,#3710));
#857=EDGE_LOOP('',(#3711,#3712,#3713,#3714));
#858=EDGE_LOOP('',(#3715,#3716,#3717,#3718));
#859=EDGE_LOOP('',(#3719,#3720,#3721,#3722));
#860=EDGE_LOOP('',(#3723,#3724,#3725,#3726));
#861=EDGE_LOOP('',(#3727,#3728,#3729,#3730));
#862=EDGE_LOOP('',(#3731,#3732,#3733,#3734));
#863=EDGE_LOOP('',(#3735,#3736,#3737,#3738));
#864=EDGE_LOOP('',(#3739,#3740,#3741,#3742));
#865=EDGE_LOOP('',(#3743,#3744,#3745,#3746));
#866=EDGE_LOOP('',(#3747,#3748,#3749,#3750));
#867=EDGE_LOOP('',(#3751,#3752,#3753,#3754));
#868=EDGE_LOOP('',(#3755,#3756,#3757,#3758));
#869=EDGE_LOOP('',(#3759,#3760,#3761,#3762));
#870=EDGE_LOOP('',(#3763,#3764,#3765,#3766));
#871=EDGE_LOOP('',(#3767,#3768,#3769,#3770));
#872=EDGE_LOOP('',(#3771,#3772,#3773,#3774));
#873=EDGE_LOOP('',(#3775,#3776,#3777,#3778));
#874=EDGE_LOOP('',(#3779,#3780,#3781,#3782));
#875=EDGE_LOOP('',(#3783,#3784,#3785,#3786));
#876=EDGE_LOOP('',(#3787,#3788,#3789,#3790,#3791));
#877=EDGE_LOOP('',(#3792,#3793,#3794,#3795));
#878=EDGE_LOOP('',(#3796,#3797,#3798,#3799));
#879=EDGE_LOOP('',(#3800,#3801,#3802,#3803));
#880=EDGE_LOOP('',(#3804,#3805,#3806,#3807));
#881=EDGE_LOOP('',(#3808,#3809,#3810,#3811));
#882=EDGE_LOOP('',(#3812,#3813,#3814,#3815));
#883=EDGE_LOOP('',(#3816,#3817,#3818,#3819));
#884=EDGE_LOOP('',(#3820,#3821,#3822,#3823));
#885=EDGE_LOOP('',(#3824,#3825,#3826,#3827));
#886=EDGE_LOOP('',(#3828,#3829,#3830,#3831));
#887=EDGE_LOOP('',(#3832,#3833,#3834,#3835));
#888=EDGE_LOOP('',(#3836,#3837,#3838,#3839));
#889=EDGE_LOOP('',(#3840,#3841,#3842,#3843));
#890=EDGE_LOOP('',(#3844,#3845,#3846,#3847));
#891=EDGE_LOOP('',(#3848,#3849,#3850,#3851));
#892=EDGE_LOOP('',(#3852,#3853,#3854,#3855));
#893=EDGE_LOOP('',(#3856,#3857,#3858,#3859));
#894=EDGE_LOOP('',(#3860,#3861,#3862,#3863));
#895=EDGE_LOOP('',(#3864,#3865,#3866,#3867));
#896=EDGE_LOOP('',(#3868,#3869,#3870,#3871));
#897=EDGE_LOOP('',(#3872,#3873,#3874,#3875));
#898=EDGE_LOOP('',(#3876,#3877,#3878,#3879));
#899=EDGE_LOOP('',(#3880,#3881,#3882,#3883));
#900=EDGE_LOOP('',(#3884,#3885,#3886,#3887));
#901=EDGE_LOOP('',(#3888,#3889,#3890,#3891));
#902=EDGE_LOOP('',(#3892,#3893,#3894,#3895));
#903=EDGE_LOOP('',(#3896,#3897,#3898,#3899));
#904=EDGE_LOOP('',(#3900,#3901,#3902,#3903));
#905=EDGE_LOOP('',(#3904,#3905,#3906,#3907));
#906=EDGE_LOOP('',(#3908,#3909,#3910,#3911));
#907=EDGE_LOOP('',(#3912,#3913,#3914,#3915));
#908=EDGE_LOOP('',(#3916,#3917,#3918,#3919));
#909=EDGE_LOOP('',(#3920,#3921,#3922,#3923));
#910=EDGE_LOOP('',(#3924,#3925,#3926,#3927));
#911=EDGE_LOOP('',(#3928,#3929,#3930,#3931));
#912=EDGE_LOOP('',(#3932,#3933,#3934,#3935));
#913=EDGE_LOOP('',(#3936,#3937,#3938,#3939));
#914=EDGE_LOOP('',(#3940,#3941,#3942,#3943));
#915=EDGE_LOOP('',(#3944,#3945,#3946,#3947));
#916=EDGE_LOOP('',(#3948,#3949,#3950,#3951));
#917=EDGE_LOOP('',(#3952,#3953,#3954,#3955));
#918=EDGE_LOOP('',(#3956,#3957,#3958,#3959));
#919=EDGE_LOOP('',(#3960,#3961,#3962,#3963));
#920=EDGE_LOOP('',(#3964,#3965,#3966,#3967));
#921=EDGE_LOOP('',(#3968,#3969,#3970,#3971));
#922=EDGE_LOOP('',(#3972,#3973,#3974,#3975));
#923=EDGE_LOOP('',(#3976,#3977,#3978,#3979));
#924=EDGE_LOOP('',(#3980,#3981,#3982,#3983));
#925=EDGE_LOOP('',(#3984,#3985,#3986,#3987));
#926=EDGE_LOOP('',(#3988,#3989,#3990,#3991));
#927=EDGE_LOOP('',(#3992,#3993,#3994,#3995));
#928=EDGE_LOOP('',(#3996,#3997,#3998,#3999));
#929=EDGE_LOOP('',(#4000,#4001,#4002,#4003));
#930=EDGE_LOOP('',(#4004,#4005,#4006,#4007));
#931=EDGE_LOOP('',(#4008,#4009,#4010,#4011));
#932=EDGE_LOOP('',(#4012,#4013,#4014,#4015));
#933=EDGE_LOOP('',(#4016,#4017,#4018,#4019));
#934=EDGE_LOOP('',(#4020,#4021,#4022,#4023));
#935=EDGE_LOOP('',(#4024,#4025,#4026,#4027));
#936=EDGE_LOOP('',(#4028,#4029,#4030,#4031));
#937=EDGE_LOOP('',(#4032,#4033,#4034,#4035));
#938=EDGE_LOOP('',(#4036,#4037,#4038,#4039));
#939=EDGE_LOOP('',(#4040,#4041,#4042,#4043));
#940=EDGE_LOOP('',(#4044,#4045,#4046,#4047));
#941=EDGE_LOOP('',(#4048,#4049,#4050,#4051));
#942=EDGE_LOOP('',(#4052,#4053,#4054,#4055));
#943=EDGE_LOOP('',(#4056,#4057,#4058,#4059));
#944=EDGE_LOOP('',(#4060,#4061,#4062,#4063));
#945=EDGE_LOOP('',(#4064,#4065,#4066,#4067));
#946=EDGE_LOOP('',(#4068,#4069,#4070,#4071));
#947=EDGE_LOOP('',(#4072,#4073,#4074,#4075));
#948=EDGE_LOOP('',(#4076,#4077,#4078,#4079));
#949=EDGE_LOOP('',(#4080,#4081,#4082,#4083));
#950=EDGE_LOOP('',(#4084,#4085,#4086,#4087));
#951=EDGE_LOOP('',(#4088,#4089,#4090,#4091,#4092));
#952=EDGE_LOOP('',(#4093,#4094,#4095,#4096,#4097,#4098));
#953=EDGE_LOOP('',(#4099,#4100,#4101,#4102));
#954=EDGE_LOOP('',(#4103,#4104,#4105,#4106));
#955=EDGE_LOOP('',(#4107,#4108,#4109,#4110,#4111,#4112));
#956=EDGE_LOOP('',(#4113,#4114,#4115,#4116,#4117,#4118,#4119,#4120,#4121,
#4122,#4123,#4124,#4125,#4126,#4127,#4128,#4129,#4130,#4131,#4132,#4133,
#4134,#4135,#4136,#4137,#4138,#4139,#4140,#4141,#4142,#4143,#4144,#4145,
#4146,#4147,#4148,#4149,#4150,#4151,#4152,#4153,#4154,#4155,#4156,#4157,
#4158,#4159,#4160,#4161,#4162,#4163,#4164,#4165,#4166,#4167,#4168,#4169,
#4170,#4171,#4172,#4173,#4174,#4175,#4176,#4177,#4178,#4179,#4180,#4181,
#4182,#4183,#4184,#4185,#4186,#4187,#4188,#4189,#4190,#4191,#4192,#4193,
#4194,#4195,#4196,#4197,#4198,#4199,#4200,#4201,#4202,#4203,#4204,#4205,
#4206,#4207,#4208,#4209,#4210,#4211,#4212,#4213,#4214,#4215,#4216,#4217,
#4218,#4219,#4220,#4221,#4222,#4223,#4224,#4225,#4226,#4227,#4228,#4229,
#4230,#4231,#4232,#4233,#4234,#4235,#4236,#4237,#4238,#4239,#4240,#4241,
#4242,#4243,#4244,#4245,#4246,#4247,#4248,#4249,#4250,#4251,#4252,#4253,
#4254,#4255,#4256,#4257,#4258,#4259,#4260,#4261,#4262));
#957=EDGE_LOOP('',(#4263));
#958=EDGE_LOOP('',(#4264,#4265,#4266,#4267,#4268,#4269,#4270,#4271,#4272,
#4273));
#959=EDGE_LOOP('',(#4274,#4275,#4276,#4277));
#960=EDGE_LOOP('',(#4278,#4279,#4280,#4281,#4282,#4283,#4284,#4285));
#961=EDGE_LOOP('',(#4286,#4287,#4288,#4289));
#962=EDGE_LOOP('',(#4290,#4291,#4292,#4293));
#963=EDGE_LOOP('',(#4294,#4295,#4296,#4297));
#964=EDGE_LOOP('',(#4298,#4299,#4300,#4301));
#965=EDGE_LOOP('',(#4302,#4303,#4304,#4305));
#966=EDGE_LOOP('',(#4306,#4307,#4308,#4309));
#967=EDGE_LOOP('',(#4310,#4311,#4312,#4313));
#968=EDGE_LOOP('',(#4314,#4315,#4316,#4317));
#969=EDGE_LOOP('',(#4318,#4319));
#970=EDGE_LOOP('',(#4320,#4321,#4322,#4323));
#971=EDGE_LOOP('',(#4324,#4325,#4326,#4327));
#972=EDGE_LOOP('',(#4328,#4329,#4330,#4331,#4332,#4333,#4334,#4335));
#973=EDGE_LOOP('',(#4336,#4337,#4338,#4339));
#974=EDGE_LOOP('',(#4340,#4341,#4342,#4343,#4344,#4345,#4346,#4347));
#975=EDGE_LOOP('',(#4348,#4349,#4350,#4351));
#976=EDGE_LOOP('',(#4352,#4353,#4354));
#977=EDGE_LOOP('',(#4355,#4356,#4357,#4358,#4359,#4360));
#978=EDGE_LOOP('',(#4361,#4362,#4363));
#979=EDGE_LOOP('',(#4364,#4365,#4366,#4367));
#980=EDGE_LOOP('',(#4368));
#981=EDGE_LOOP('',(#4369));
#982=EDGE_LOOP('',(#4370,#4371,#4372,#4373));
#983=EDGE_LOOP('',(#4374));
#984=EDGE_LOOP('',(#4375));
#985=EDGE_LOOP('',(#4376,#4377,#4378,#4379));
#986=EDGE_LOOP('',(#4380,#4381,#4382,#4383));
#987=EDGE_LOOP('',(#4384,#4385,#4386,#4387));
#988=EDGE_LOOP('',(#4388,#4389,#4390,#4391));
#989=EDGE_LOOP('',(#4392,#4393,#4394,#4395));
#990=EDGE_LOOP('',(#4396,#4397,#4398,#4399,#4400));
#991=EDGE_LOOP('',(#4401,#4402,#4403,#4404,#4405,#4406,#4407,#4408));
#992=EDGE_LOOP('',(#4409,#4410,#4411,#4412,#4413));
#993=EDGE_LOOP('',(#4414,#4415,#4416,#4417,#4418,#4419,#4420,#4421));
#994=EDGE_LOOP('',(#4422,#4423,#4424,#4425));
#995=EDGE_LOOP('',(#4426,#4427,#4428,#4429,#4430));
#996=EDGE_LOOP('',(#4431,#4432,#4433,#4434));
#997=EDGE_LOOP('',(#4435,#4436,#4437,#4438,#4439));
#998=EDGE_LOOP('',(#4440,#4441,#4442,#4443));
#999=EDGE_LOOP('',(#4444,#4445,#4446,#4447));
#1000=EDGE_LOOP('',(#4448,#4449,#4450,#4451));
#1001=EDGE_LOOP('',(#4452,#4453,#4454,#4455));
#1002=EDGE_LOOP('',(#4456,#4457,#4458,#4459,#4460,#4461));
#1003=EDGE_LOOP('',(#4462));
#1004=EDGE_LOOP('',(#4463,#4464,#4465,#4466,#4467,#4468));
#1005=EDGE_LOOP('',(#4469));
#1006=EDGE_LOOP('',(#4470,#4471,#4472));
#1007=EDGE_LOOP('',(#4473,#4474,#4475));
#1008=EDGE_LOOP('',(#4476,#4477,#4478));
#1009=EDGE_LOOP('',(#4479,#4480,#4481));
#1010=EDGE_LOOP('',(#4482,#4483,#4484));
#1011=EDGE_LOOP('',(#4485,#4486,#4487));
#1012=EDGE_LOOP('',(#4488,#4489,#4490));
#1013=EDGE_LOOP('',(#4491,#4492,#4493));
#1014=EDGE_LOOP('',(#4494,#4495,#4496));
#1015=EDGE_LOOP('',(#4497,#4498,#4499));
#1016=EDGE_LOOP('',(#4500,#4501,#4502));
#1017=EDGE_LOOP('',(#4503,#4504,#4505));
#1018=EDGE_LOOP('',(#4506,#4507,#4508,#4509,#4510,#4511));
#1019=EDGE_LOOP('',(#4512,#4513,#4514,#4515,#4516,#4517));
#1020=EDGE_LOOP('',(#4518,#4519,#4520,#4521,#4522,#4523));
#1021=EDGE_LOOP('',(#4524,#4525,#4526,#4527,#4528,#4529));
#1022=EDGE_LOOP('',(#4530,#4531,#4532,#4533,#4534,#4535));
#1023=EDGE_LOOP('',(#4536,#4537,#4538,#4539,#4540,#4541));
#1024=EDGE_LOOP('',(#4542,#4543,#4544,#4545));
#1025=EDGE_LOOP('',(#4546,#4547,#4548,#4549));
#1026=EDGE_LOOP('',(#4550,#4551,#4552,#4553,#4554,#4555,#4556,#4557,#4558,
#4559));
#1027=EDGE_LOOP('',(#4560));
#1028=EDGE_LOOP('',(#4561));
#1029=EDGE_LOOP('',(#4562));
#1030=EDGE_LOOP('',(#4563,#4564,#4565,#4566,#4567,#4568,#4569,#4570));
#1031=EDGE_LOOP('',(#4571,#4572,#4573,#4574));
#1032=EDGE_LOOP('',(#4575,#4576,#4577,#4578));
#1033=EDGE_LOOP('',(#4579,#4580,#4581,#4582,#4583,#4584,#4585,#4586));
#1034=EDGE_LOOP('',(#4587,#4588,#4589,#4590));
#1035=EDGE_LOOP('',(#4591,#4592,#4593,#4594));
#1036=EDGE_LOOP('',(#4595,#4596,#4597,#4598));
#1037=EDGE_LOOP('',(#4599,#4600,#4601,#4602));
#1038=EDGE_LOOP('',(#4603,#4604,#4605,#4606));
#1039=EDGE_LOOP('',(#4607,#4608,#4609,#4610));
#1040=EDGE_LOOP('',(#4611,#4612,#4613,#4614));
#1041=EDGE_LOOP('',(#4615,#4616,#4617,#4618));
#1042=EDGE_LOOP('',(#4619,#4620,#4621,#4622));
#1043=EDGE_LOOP('',(#4623));
#1044=EDGE_LOOP('',(#4624,#4625,#4626,#4627,#4628,#4629,#4630,#4631,#4632,
#4633));
#1045=EDGE_LOOP('',(#4634,#4635,#4636,#4637));
#1046=EDGE_LOOP('',(#4638,#4639,#4640,#4641));
#1047=EDGE_LOOP('',(#4642));
#1048=EDGE_LOOP('',(#4643));
#1049=EDGE_LOOP('',(#4644,#4645,#4646,#4647));
#1050=EDGE_LOOP('',(#4648,#4649,#4650,#4651));
#1051=EDGE_LOOP('',(#4652));
#1052=EDGE_LOOP('',(#4653));
#1053=EDGE_LOOP('',(#4654,#4655,#4656,#4657));
#1054=EDGE_LOOP('',(#4658));
#1055=EDGE_LOOP('',(#4659));
#1056=EDGE_LOOP('',(#4660,#4661,#4662,#4663));
#1057=EDGE_LOOP('',(#4664));
#1058=EDGE_LOOP('',(#4665));
#1059=EDGE_LOOP('',(#4666,#4667,#4668,#4669));
#1060=EDGE_LOOP('',(#4670));
#1061=EDGE_LOOP('',(#4671));
#1062=EDGE_LOOP('',(#4672,#4673,#4674,#4675,#4676));
#1063=EDGE_LOOP('',(#4677,#4678,#4679,#4680,#4681,#4682));
#1064=EDGE_LOOP('',(#4683));
#1065=EDGE_LOOP('',(#4684));
#1066=EDGE_LOOP('',(#4685,#4686,#4687,#4688,#4689,#4690));
#1067=EDGE_LOOP('',(#4691,#4692,#4693,#4694));
#1068=EDGE_LOOP('',(#4695,#4696,#4697,#4698,#4699,#4700));
#1069=EDGE_LOOP('',(#4701,#4702,#4703,#4704));
#1070=EDGE_LOOP('',(#4705,#4706,#4707,#4708,#4709));
#1071=EDGE_LOOP('',(#4710,#4711,#4712,#4713));
#1072=EDGE_LOOP('',(#4714));
#1073=EDGE_LOOP('',(#4715));
#1074=EDGE_LOOP('',(#4716,#4717,#4718,#4719,#4720,#4721,#4722,#4723,#4724,
#4725));
#1075=EDGE_LOOP('',(#4726,#4727,#4728,#4729));
#1076=EDGE_LOOP('',(#4730,#4731,#4732,#4733));
#1077=EDGE_LOOP('',(#4734,#4735,#4736,#4737,#4738,#4739,#4740,#4741));
#1078=EDGE_LOOP('',(#4742,#4743,#4744,#4745));
#1079=EDGE_LOOP('',(#4746,#4747,#4748,#4749));
#1080=EDGE_LOOP('',(#4750,#4751,#4752,#4753));
#1081=EDGE_LOOP('',(#4754,#4755,#4756,#4757,#4758,#4759,#4760,#4761));
#1082=EDGE_LOOP('',(#4762,#4763,#4764,#4765));
#1083=EDGE_LOOP('',(#4766,#4767,#4768,#4769));
#1084=EDGE_LOOP('',(#4770,#4771,#4772,#4773));
#1085=EDGE_LOOP('',(#4774,#4775,#4776,#4777,#4778,#4779,#4780,#4781,#4782,
#4783,#4784));
#1086=EDGE_LOOP('',(#4785,#4786,#4787,#4788,#4789,#4790,#4791,#4792));
#1087=EDGE_LOOP('',(#4793,#4794,#4795,#4796,#4797,#4798));
#1088=EDGE_LOOP('',(#4799,#4800,#4801,#4802));
#1089=EDGE_LOOP('',(#4803,#4804,#4805,#4806,#4807,#4808));
#1090=EDGE_LOOP('',(#4809,#4810,#4811,#4812,#4813,#4814));
#1091=EDGE_LOOP('',(#4815,#4816,#4817,#4818));
#1092=EDGE_LOOP('',(#4819,#4820,#4821,#4822));
#1093=EDGE_LOOP('',(#4823,#4824,#4825,#4826,#4827));
#1094=EDGE_LOOP('',(#4828,#4829,#4830,#4831,#4832,#4833,#4834,#4835,#4836));
#1095=EDGE_LOOP('',(#4837,#4838,#4839,#4840));
#1096=EDGE_LOOP('',(#4841));
#1097=LINE('',#7368,#1463);
#1098=LINE('',#7372,#1464);
#1099=LINE('',#7382,#1465);
#1100=LINE('',#7638,#1466);
#1101=LINE('',#7893,#1467);
#1102=LINE('',#7895,#1468);
#1103=LINE('',#7896,#1469);
#1104=LINE('',#7901,#1470);
#1105=LINE('',#7902,#1471);
#1106=LINE('',#7905,#1472);
#1107=LINE('',#7906,#1473);
#1108=LINE('',#7909,#1474);
#1109=LINE('',#7910,#1475);
#1110=LINE('',#7914,#1476);
#1111=LINE('',#7917,#1477);
#1112=LINE('',#7918,#1478);
#1113=LINE('',#7921,#1479);
#1114=LINE('',#7922,#1480);
#1115=LINE('',#7926,#1481);
#1116=LINE('',#7929,#1482);
#1117=LINE('',#7930,#1483);
#1118=LINE('',#7933,#1484);
#1119=LINE('',#7934,#1485);
#1120=LINE('',#7938,#1486);
#1121=LINE('',#7941,#1487);
#1122=LINE('',#7942,#1488);
#1123=LINE('',#7945,#1489);
#1124=LINE('',#7946,#1490);
#1125=LINE('',#7950,#1491);
#1126=LINE('',#7953,#1492);
#1127=LINE('',#7954,#1493);
#1128=LINE('',#7957,#1494);
#1129=LINE('',#7958,#1495);
#1130=LINE('',#7962,#1496);
#1131=LINE('',#7965,#1497);
#1132=LINE('',#7966,#1498);
#1133=LINE('',#7969,#1499);
#1134=LINE('',#7970,#1500);
#1135=LINE('',#7974,#1501);
#1136=LINE('',#7977,#1502);
#1137=LINE('',#7978,#1503);
#1138=LINE('',#7981,#1504);
#1139=LINE('',#7982,#1505);
#1140=LINE('',#7986,#1506);
#1141=LINE('',#7989,#1507);
#1142=LINE('',#7990,#1508);
#1143=LINE('',#7993,#1509);
#1144=LINE('',#7994,#1510);
#1145=LINE('',#7998,#1511);
#1146=LINE('',#8001,#1512);
#1147=LINE('',#8002,#1513);
#1148=LINE('',#8005,#1514);
#1149=LINE('',#8006,#1515);
#1150=LINE('',#8010,#1516);
#1151=LINE('',#8013,#1517);
#1152=LINE('',#8014,#1518);
#1153=LINE('',#8017,#1519);
#1154=LINE('',#8018,#1520);
#1155=LINE('',#8022,#1521);
#1156=LINE('',#8025,#1522);
#1157=LINE('',#8026,#1523);
#1158=LINE('',#8029,#1524);
#1159=LINE('',#8030,#1525);
#1160=LINE('',#8034,#1526);
#1161=LINE('',#8037,#1527);
#1162=LINE('',#8038,#1528);
#1163=LINE('',#8041,#1529);
#1164=LINE('',#8042,#1530);
#1165=LINE('',#8046,#1531);
#1166=LINE('',#8049,#1532);
#1167=LINE('',#8050,#1533);
#1168=LINE('',#8053,#1534);
#1169=LINE('',#8054,#1535);
#1170=LINE('',#8058,#1536);
#1171=LINE('',#8061,#1537);
#1172=LINE('',#8062,#1538);
#1173=LINE('',#8065,#1539);
#1174=LINE('',#8066,#1540);
#1175=LINE('',#8070,#1541);
#1176=LINE('',#8073,#1542);
#1177=LINE('',#8074,#1543);
#1178=LINE('',#8077,#1544);
#1179=LINE('',#8078,#1545);
#1180=LINE('',#8082,#1546);
#1181=LINE('',#8085,#1547);
#1182=LINE('',#8086,#1548);
#1183=LINE('',#8089,#1549);
#1184=LINE('',#8090,#1550);
#1185=LINE('',#8094,#1551);
#1186=LINE('',#8097,#1552);
#1187=LINE('',#8098,#1553);
#1188=LINE('',#8101,#1554);
#1189=LINE('',#8102,#1555);
#1190=LINE('',#8106,#1556);
#1191=LINE('',#8109,#1557);
#1192=LINE('',#8110,#1558);
#1193=LINE('',#8113,#1559);
#1194=LINE('',#8114,#1560);
#1195=LINE('',#8118,#1561);
#1196=LINE('',#8121,#1562);
#1197=LINE('',#8122,#1563);
#1198=LINE('',#8125,#1564);
#1199=LINE('',#8126,#1565);
#1200=LINE('',#8130,#1566);
#1201=LINE('',#8133,#1567);
#1202=LINE('',#8134,#1568);
#1203=LINE('',#8137,#1569);
#1204=LINE('',#8138,#1570);
#1205=LINE('',#8142,#1571);
#1206=LINE('',#8145,#1572);
#1207=LINE('',#8146,#1573);
#1208=LINE('',#8149,#1574);
#1209=LINE('',#8150,#1575);
#1210=LINE('',#8154,#1576);
#1211=LINE('',#8157,#1577);
#1212=LINE('',#8158,#1578);
#1213=LINE('',#8161,#1579);
#1214=LINE('',#8162,#1580);
#1215=LINE('',#8166,#1581);
#1216=LINE('',#8169,#1582);
#1217=LINE('',#8170,#1583);
#1218=LINE('',#8173,#1584);
#1219=LINE('',#8174,#1585);
#1220=LINE('',#8178,#1586);
#1221=LINE('',#8181,#1587);
#1222=LINE('',#8182,#1588);
#1223=LINE('',#8185,#1589);
#1224=LINE('',#8186,#1590);
#1225=LINE('',#8190,#1591);
#1226=LINE('',#8193,#1592);
#1227=LINE('',#8194,#1593);
#1228=LINE('',#8197,#1594);
#1229=LINE('',#8198,#1595);
#1230=LINE('',#8201,#1596);
#1231=LINE('',#8205,#1597);
#1232=LINE('',#8206,#1598);
#1233=LINE('',#8209,#1599);
#1234=LINE('',#8210,#1600);
#1235=LINE('',#8213,#1601);
#1236=LINE('',#8217,#1602);
#1237=LINE('',#8218,#1603);
#1238=LINE('',#8221,#1604);
#1239=LINE('',#8222,#1605);
#1240=LINE('',#8225,#1606);
#1241=LINE('',#8229,#1607);
#1242=LINE('',#8230,#1608);
#1243=LINE('',#8233,#1609);
#1244=LINE('',#8234,#1610);
#1245=LINE('',#8237,#1611);
#1246=LINE('',#8241,#1612);
#1247=LINE('',#8242,#1613);
#1248=LINE('',#8245,#1614);
#1249=LINE('',#8246,#1615);
#1250=LINE('',#8249,#1616);
#1251=LINE('',#8253,#1617);
#1252=LINE('',#8254,#1618);
#1253=LINE('',#8257,#1619);
#1254=LINE('',#8258,#1620);
#1255=LINE('',#8261,#1621);
#1256=LINE('',#8265,#1622);
#1257=LINE('',#8266,#1623);
#1258=LINE('',#8269,#1624);
#1259=LINE('',#8270,#1625);
#1260=LINE('',#8273,#1626);
#1261=LINE('',#8277,#1627);
#1262=LINE('',#8278,#1628);
#1263=LINE('',#8281,#1629);
#1264=LINE('',#8282,#1630);
#1265=LINE('',#8285,#1631);
#1266=LINE('',#8289,#1632);
#1267=LINE('',#8290,#1633);
#1268=LINE('',#8293,#1634);
#1269=LINE('',#8294,#1635);
#1270=LINE('',#8297,#1636);
#1271=LINE('',#8301,#1637);
#1272=LINE('',#8302,#1638);
#1273=LINE('',#8305,#1639);
#1274=LINE('',#8306,#1640);
#1275=LINE('',#8309,#1641);
#1276=LINE('',#8313,#1642);
#1277=LINE('',#8314,#1643);
#1278=LINE('',#8317,#1644);
#1279=LINE('',#8318,#1645);
#1280=LINE('',#8321,#1646);
#1281=LINE('',#8325,#1647);
#1282=LINE('',#8326,#1648);
#1283=LINE('',#8329,#1649);
#1284=LINE('',#8330,#1650);
#1285=LINE('',#8333,#1651);
#1286=LINE('',#8337,#1652);
#1287=LINE('',#8338,#1653);
#1288=LINE('',#8341,#1654);
#1289=LINE('',#8342,#1655);
#1290=LINE('',#8345,#1656);
#1291=LINE('',#8349,#1657);
#1292=LINE('',#8350,#1658);
#1293=LINE('',#8353,#1659);
#1294=LINE('',#8354,#1660);
#1295=LINE('',#8357,#1661);
#1296=LINE('',#8361,#1662);
#1297=LINE('',#8362,#1663);
#1298=LINE('',#8365,#1664);
#1299=LINE('',#8366,#1665);
#1300=LINE('',#8369,#1666);
#1301=LINE('',#8373,#1667);
#1302=LINE('',#8374,#1668);
#1303=LINE('',#8377,#1669);
#1304=LINE('',#8378,#1670);
#1305=LINE('',#8381,#1671);
#1306=LINE('',#8385,#1672);
#1307=LINE('',#8386,#1673);
#1308=LINE('',#8389,#1674);
#1309=LINE('',#8390,#1675);
#1310=LINE('',#8393,#1676);
#1311=LINE('',#8397,#1677);
#1312=LINE('',#8398,#1678);
#1313=LINE('',#8401,#1679);
#1314=LINE('',#8402,#1680);
#1315=LINE('',#8405,#1681);
#1316=LINE('',#8409,#1682);
#1317=LINE('',#8410,#1683);
#1318=LINE('',#8413,#1684);
#1319=LINE('',#8414,#1685);
#1320=LINE('',#8417,#1686);
#1321=LINE('',#8421,#1687);
#1322=LINE('',#8422,#1688);
#1323=LINE('',#8425,#1689);
#1324=LINE('',#8426,#1690);
#1325=LINE('',#8429,#1691);
#1326=LINE('',#8433,#1692);
#1327=LINE('',#8434,#1693);
#1328=LINE('',#8437,#1694);
#1329=LINE('',#8438,#1695);
#1330=LINE('',#8441,#1696);
#1331=LINE('',#8445,#1697);
#1332=LINE('',#8446,#1698);
#1333=LINE('',#8449,#1699);
#1334=LINE('',#8450,#1700);
#1335=LINE('',#8453,#1701);
#1336=LINE('',#8457,#1702);
#1337=LINE('',#8458,#1703);
#1338=LINE('',#8461,#1704);
#1339=LINE('',#8462,#1705);
#1340=LINE('',#8465,#1706);
#1341=LINE('',#8469,#1707);
#1342=LINE('',#8470,#1708);
#1343=LINE('',#8473,#1709);
#1344=LINE('',#8474,#1710);
#1345=LINE('',#8477,#1711);
#1346=LINE('',#8481,#1712);
#1347=LINE('',#8482,#1713);
#1348=LINE('',#8485,#1714);
#1349=LINE('',#8486,#1715);
#1350=LINE('',#8489,#1716);
#1351=LINE('',#8493,#1717);
#1352=LINE('',#8494,#1718);
#1353=LINE('',#8496,#1719);
#1354=LINE('',#8503,#1720);
#1355=LINE('',#8504,#1721);
#1356=LINE('',#8509,#1722);
#1357=LINE('',#8511,#1723);
#1358=LINE('',#8512,#1724);
#1359=LINE('',#8516,#1725);
#1360=LINE('',#8519,#1726);
#1361=LINE('',#8523,#1727);
#1362=LINE('',#8527,#1728);
#1363=LINE('',#8529,#1729);
#1364=LINE('',#8569,#1730);
#1365=LINE('',#8571,#1731);
#1366=LINE('',#8572,#1732);
#1367=LINE('',#8577,#1733);
#1368=LINE('',#8580,#1734);
#1369=LINE('',#8582,#1735);
#1370=LINE('',#8583,#1736);
#1371=LINE('',#8585,#1737);
#1372=LINE('',#8587,#1738);
#1373=LINE('',#8591,#1739);
#1374=LINE('',#8598,#1740);
#1375=LINE('',#8601,#1741);
#1376=LINE('',#8608,#1742);
#1377=LINE('',#8611,#1743);
#1378=LINE('',#8614,#1744);
#1379=LINE('',#8690,#1745);
#1380=LINE('',#8766,#1746);
#1381=LINE('',#8769,#1747);
#1382=LINE('',#8770,#1748);
#1383=LINE('',#8775,#1749);
#1384=LINE('',#8856,#1750);
#1385=LINE('',#8934,#1751);
#1386=LINE('',#8937,#1752);
#1387=LINE('',#8947,#1753);
#1388=LINE('',#8955,#1754);
#1389=LINE('',#8962,#1755);
#1390=LINE('',#8964,#1756);
#1391=LINE('',#8969,#1757);
#1392=LINE('',#8978,#1758);
#1393=LINE('',#8989,#1759);
#1394=LINE('',#8992,#1760);
#1395=LINE('',#9013,#1761);
#1396=LINE('',#9036,#1762);
#1397=LINE('',#9055,#1763);
#1398=LINE('',#9059,#1764);
#1399=LINE('',#9063,#1765);
#1400=LINE('',#9788,#1766);
#1401=LINE('',#9789,#1767);
#1402=LINE('',#9791,#1768);
#1403=LINE('',#9793,#1769);
#1404=LINE('',#9795,#1770);
#1405=LINE('',#9797,#1771);
#1406=LINE('',#9804,#1772);
#1407=LINE('',#9808,#1773);
#1408=LINE('',#9813,#1774);
#1409=LINE('',#9817,#1775);
#1410=LINE('',#9825,#1776);
#1411=LINE('',#9829,#1777);
#1412=LINE('',#9830,#1778);
#1413=LINE('',#9837,#1779);
#1414=LINE('',#9839,#1780);
#1415=LINE('',#9843,#1781);
#1416=LINE('',#9844,#1782);
#1417=LINE('',#9847,#1783);
#1418=LINE('',#9851,#1784);
#1419=LINE('',#9855,#1785);
#1420=LINE('',#9859,#1786);
#1421=LINE('',#9860,#1787);
#1422=LINE('',#9862,#1788);
#1423=LINE('',#9864,#1789);
#1424=LINE('',#9867,#1790);
#1425=LINE('',#9870,#1791);
#1426=LINE('',#9871,#1792);
#1427=LINE('',#9874,#1793);
#1428=LINE('',#9879,#1794);
#1429=LINE('',#9882,#1795);
#1430=LINE('',#9883,#1796);
#1431=LINE('',#9887,#1797);
#1432=LINE('',#9892,#1798);
#1433=LINE('',#9901,#1799);
#1434=LINE('',#9903,#1800);
#1435=LINE('',#9909,#1801);
#1436=LINE('',#9915,#1802);
#1437=LINE('',#9924,#1803);
#1438=LINE('',#9933,#1804);
#1439=LINE('',#9942,#1805);
#1440=LINE('',#9964,#1806);
#1441=LINE('',#10066,#1807);
#1442=LINE('',#10083,#1808);
#1443=LINE('',#10154,#1809);
#1444=LINE('',#10159,#1810);
#1445=LINE('',#10163,#1811);
#1446=LINE('',#10169,#1812);
#1447=LINE('',#10177,#1813);
#1448=LINE('',#10181,#1814);
#1449=LINE('',#10220,#1815);
#1450=LINE('',#10221,#1816);
#1451=LINE('',#10222,#1817);
#1452=LINE('',#10244,#1818);
#1453=LINE('',#10255,#1819);
#1454=LINE('',#10306,#1820);
#1455=LINE('',#10380,#1821);
#1456=LINE('',#10402,#1822);
#1457=LINE('',#10405,#1823);
#1458=LINE('',#10408,#1824);
#1459=LINE('',#10409,#1825);
#1460=LINE('',#10412,#1826);
#1461=LINE('',#10413,#1827);
#1462=LINE('',#10751,#1828);
#1463=VECTOR('',#5922,2.85);
#1464=VECTOR('',#5927,2.85);
#1465=VECTOR('',#5940,1.5);
#1466=VECTOR('',#5997,6.15);
#1467=VECTOR('',#6052,1.);
#1468=VECTOR('',#6053,1.);
#1469=VECTOR('',#6054,1.);
#1470=VECTOR('',#6059,1.);
#1471=VECTOR('',#6060,1.);
#1472=VECTOR('',#6063,1.);
#1473=VECTOR('',#6064,1.0000000000002);
#1474=VECTOR('',#6067,0.999999999999918);
#1475=VECTOR('',#6068,1.);
#1476=VECTOR('',#6073,1.);
#1477=VECTOR('',#6076,1.);
#1478=VECTOR('',#6077,1.00000000000029);
#1479=VECTOR('',#6080,0.999999999999965);
#1480=VECTOR('',#6081,1.);
#1481=VECTOR('',#6086,1.);
#1482=VECTOR('',#6089,1.);
#1483=VECTOR('',#6090,0.999999999999663);
#1484=VECTOR('',#6093,0.999999999999675);
#1485=VECTOR('',#6094,1.);
#1486=VECTOR('',#6099,1.);
#1487=VECTOR('',#6102,1.);
#1488=VECTOR('',#6103,0.999999999999696);
#1489=VECTOR('',#6106,0.999999999999974);
#1490=VECTOR('',#6107,1.);
#1491=VECTOR('',#6112,1.);
#1492=VECTOR('',#6115,1.);
#1493=VECTOR('',#6116,0.999999999999967);
#1494=VECTOR('',#6119,0.999999999999967);
#1495=VECTOR('',#6120,1.);
#1496=VECTOR('',#6125,1.);
#1497=VECTOR('',#6128,1.);
#1498=VECTOR('',#6129,0.999999999999932);
#1499=VECTOR('',#6132,1.00000000000011);
#1500=VECTOR('',#6133,1.);
#1501=VECTOR('',#6138,1.);
#1502=VECTOR('',#6141,1.);
#1503=VECTOR('',#6142,1.00000000000003);
#1504=VECTOR('',#6145,0.999999999999605);
#1505=VECTOR('',#6146,1.);
#1506=VECTOR('',#6151,1.);
#1507=VECTOR('',#6154,1.);
#1508=VECTOR('',#6155,1.00000000000033);
#1509=VECTOR('',#6158,0.999999999999806);
#1510=VECTOR('',#6159,1.);
#1511=VECTOR('',#6164,1.);
#1512=VECTOR('',#6167,1.);
#1513=VECTOR('',#6168,1.00000000000016);
#1514=VECTOR('',#6171,0.999999999999774);
#1515=VECTOR('',#6172,1.);
#1516=VECTOR('',#6177,1.);
#1517=VECTOR('',#6180,1.);
#1518=VECTOR('',#6181,1.00000000000031);
#1519=VECTOR('',#6184,0.999999999999738);
#1520=VECTOR('',#6185,1.);
#1521=VECTOR('',#6190,1.);
#1522=VECTOR('',#6193,1.);
#1523=VECTOR('',#6194,0.999999999999993);
#1524=VECTOR('',#6197,0.999999999999549);
#1525=VECTOR('',#6198,1.);
#1526=VECTOR('',#6203,1.);
#1527=VECTOR('',#6206,1.);
#1528=VECTOR('',#6207,1.00000000000038);
#1529=VECTOR('',#6210,1.00000000000034);
#1530=VECTOR('',#6211,1.);
#1531=VECTOR('',#6216,1.);
#1532=VECTOR('',#6219,1.);
#1533=VECTOR('',#6220,0.999999999999555);
#1534=VECTOR('',#6223,0.999999999999555);
#1535=VECTOR('',#6224,1.);
#1536=VECTOR('',#6229,1.);
#1537=VECTOR('',#6232,1.);
#1538=VECTOR('',#6233,1.00000000000034);
#1539=VECTOR('',#6236,1.00000000000038);
#1540=VECTOR('',#6237,1.);
#1541=VECTOR('',#6242,1.);
#1542=VECTOR('',#6245,1.);
#1543=VECTOR('',#6246,0.999999999999549);
#1544=VECTOR('',#6249,0.999999999999993);
#1545=VECTOR('',#6250,1.);
#1546=VECTOR('',#6255,1.);
#1547=VECTOR('',#6258,1.);
#1548=VECTOR('',#6259,0.999999999999738);
#1549=VECTOR('',#6262,1.00000000000031);
#1550=VECTOR('',#6263,1.);
#1551=VECTOR('',#6268,1.);
#1552=VECTOR('',#6271,1.);
#1553=VECTOR('',#6272,0.999999999999774);
#1554=VECTOR('',#6275,1.00000000000016);
#1555=VECTOR('',#6276,1.);
#1556=VECTOR('',#6281,1.);
#1557=VECTOR('',#6284,1.);
#1558=VECTOR('',#6285,0.999999999999806);
#1559=VECTOR('',#6288,1.00000000000033);
#1560=VECTOR('',#6289,1.);
#1561=VECTOR('',#6294,1.);
#1562=VECTOR('',#6297,1.);
#1563=VECTOR('',#6298,0.999999999999605);
#1564=VECTOR('',#6301,1.00000000000003);
#1565=VECTOR('',#6302,1.);
#1566=VECTOR('',#6307,1.);
#1567=VECTOR('',#6310,1.);
#1568=VECTOR('',#6311,1.00000000000011);
#1569=VECTOR('',#6314,0.999999999999932);
#1570=VECTOR('',#6315,1.);
#1571=VECTOR('',#6320,1.);
#1572=VECTOR('',#6323,1.);
#1573=VECTOR('',#6324,0.999999999999967);
#1574=VECTOR('',#6327,0.999999999999967);
#1575=VECTOR('',#6328,1.);
#1576=VECTOR('',#6333,1.);
#1577=VECTOR('',#6336,1.);
#1578=VECTOR('',#6337,0.999999999999974);
#1579=VECTOR('',#6340,0.999999999999696);
#1580=VECTOR('',#6341,1.);
#1581=VECTOR('',#6346,1.);
#1582=VECTOR('',#6349,1.);
#1583=VECTOR('',#6350,0.999999999999675);
#1584=VECTOR('',#6353,0.999999999999663);
#1585=VECTOR('',#6354,1.);
#1586=VECTOR('',#6359,1.);
#1587=VECTOR('',#6362,1.);
#1588=VECTOR('',#6363,0.999999999999965);
#1589=VECTOR('',#6366,1.00000000000029);
#1590=VECTOR('',#6367,1.);
#1591=VECTOR('',#6372,1.);
#1592=VECTOR('',#6375,1.);
#1593=VECTOR('',#6376,0.999999999999918);
#1594=VECTOR('',#6379,1.0000000000002);
#1595=VECTOR('',#6380,1.);
#1596=VECTOR('',#6383,1.);
#1597=VECTOR('',#6388,1.);
#1598=VECTOR('',#6389,1.0000000000002);
#1599=VECTOR('',#6392,0.999999999999918);
#1600=VECTOR('',#6393,1.);
#1601=VECTOR('',#6396,1.);
#1602=VECTOR('',#6401,1.);
#1603=VECTOR('',#6402,1.00000000000029);
#1604=VECTOR('',#6405,0.999999999999965);
#1605=VECTOR('',#6406,1.);
#1606=VECTOR('',#6409,1.);
#1607=VECTOR('',#6414,1.);
#1608=VECTOR('',#6415,0.999999999999663);
#1609=VECTOR('',#6418,0.999999999999675);
#1610=VECTOR('',#6419,1.);
#1611=VECTOR('',#6422,1.);
#1612=VECTOR('',#6427,1.);
#1613=VECTOR('',#6428,0.999999999999696);
#1614=VECTOR('',#6431,0.999999999999974);
#1615=VECTOR('',#6432,1.);
#1616=VECTOR('',#6435,1.);
#1617=VECTOR('',#6440,1.);
#1618=VECTOR('',#6441,0.999999999999967);
#1619=VECTOR('',#6444,0.999999999999967);
#1620=VECTOR('',#6445,1.);
#1621=VECTOR('',#6448,1.);
#1622=VECTOR('',#6453,1.);
#1623=VECTOR('',#6454,0.999999999999932);
#1624=VECTOR('',#6457,1.00000000000011);
#1625=VECTOR('',#6458,1.);
#1626=VECTOR('',#6461,1.);
#1627=VECTOR('',#6466,1.);
#1628=VECTOR('',#6467,1.00000000000003);
#1629=VECTOR('',#6470,0.999999999999605);
#1630=VECTOR('',#6471,1.);
#1631=VECTOR('',#6474,1.);
#1632=VECTOR('',#6479,1.);
#1633=VECTOR('',#6480,1.00000000000033);
#1634=VECTOR('',#6483,0.999999999999806);
#1635=VECTOR('',#6484,1.);
#1636=VECTOR('',#6487,1.);
#1637=VECTOR('',#6492,1.);
#1638=VECTOR('',#6493,1.00000000000016);
#1639=VECTOR('',#6496,0.999999999999774);
#1640=VECTOR('',#6497,1.);
#1641=VECTOR('',#6500,1.);
#1642=VECTOR('',#6505,1.);
#1643=VECTOR('',#6506,1.00000000000031);
#1644=VECTOR('',#6509,0.999999999999738);
#1645=VECTOR('',#6510,1.);
#1646=VECTOR('',#6513,1.);
#1647=VECTOR('',#6518,1.);
#1648=VECTOR('',#6519,0.999999999999993);
#1649=VECTOR('',#6522,0.999999999999549);
#1650=VECTOR('',#6523,1.);
#1651=VECTOR('',#6526,1.);
#1652=VECTOR('',#6531,1.);
#1653=VECTOR('',#6532,1.00000000000038);
#1654=VECTOR('',#6535,1.00000000000034);
#1655=VECTOR('',#6536,1.);
#1656=VECTOR('',#6539,1.);
#1657=VECTOR('',#6544,1.);
#1658=VECTOR('',#6545,0.999999999999555);
#1659=VECTOR('',#6548,0.999999999999555);
#1660=VECTOR('',#6549,1.);
#1661=VECTOR('',#6552,1.);
#1662=VECTOR('',#6557,1.);
#1663=VECTOR('',#6558,1.00000000000034);
#1664=VECTOR('',#6561,1.00000000000038);
#1665=VECTOR('',#6562,1.);
#1666=VECTOR('',#6565,1.);
#1667=VECTOR('',#6570,1.);
#1668=VECTOR('',#6571,0.999999999999549);
#1669=VECTOR('',#6574,0.999999999999993);
#1670=VECTOR('',#6575,1.);
#1671=VECTOR('',#6578,1.);
#1672=VECTOR('',#6583,1.);
#1673=VECTOR('',#6584,0.999999999999738);
#1674=VECTOR('',#6587,1.00000000000031);
#1675=VECTOR('',#6588,1.);
#1676=VECTOR('',#6591,1.);
#1677=VECTOR('',#6596,1.);
#1678=VECTOR('',#6597,0.999999999999774);
#1679=VECTOR('',#6600,1.00000000000016);
#1680=VECTOR('',#6601,1.);
#1681=VECTOR('',#6604,1.);
#1682=VECTOR('',#6609,1.);
#1683=VECTOR('',#6610,0.999999999999806);
#1684=VECTOR('',#6613,1.00000000000033);
#1685=VECTOR('',#6614,1.);
#1686=VECTOR('',#6617,1.);
#1687=VECTOR('',#6622,1.);
#1688=VECTOR('',#6623,0.999999999999605);
#1689=VECTOR('',#6626,1.00000000000003);
#1690=VECTOR('',#6627,1.);
#1691=VECTOR('',#6630,1.);
#1692=VECTOR('',#6635,1.);
#1693=VECTOR('',#6636,1.00000000000011);
#1694=VECTOR('',#6639,0.999999999999932);
#1695=VECTOR('',#6640,1.);
#1696=VECTOR('',#6643,1.);
#1697=VECTOR('',#6648,1.);
#1698=VECTOR('',#6649,0.999999999999967);
#1699=VECTOR('',#6652,0.999999999999967);
#1700=VECTOR('',#6653,1.);
#1701=VECTOR('',#6656,1.);
#1702=VECTOR('',#6661,1.);
#1703=VECTOR('',#6662,0.999999999999974);
#1704=VECTOR('',#6665,0.999999999999696);
#1705=VECTOR('',#6666,1.);
#1706=VECTOR('',#6669,1.);
#1707=VECTOR('',#6674,1.);
#1708=VECTOR('',#6675,0.999999999999675);
#1709=VECTOR('',#6678,0.999999999999663);
#1710=VECTOR('',#6679,1.);
#1711=VECTOR('',#6682,1.);
#1712=VECTOR('',#6687,1.);
#1713=VECTOR('',#6688,0.999999999999965);
#1714=VECTOR('',#6691,1.00000000000029);
#1715=VECTOR('',#6692,1.);
#1716=VECTOR('',#6695,1.);
#1717=VECTOR('',#6700,1.);
#1718=VECTOR('',#6701,0.999999999999918);
#1719=VECTOR('',#6704,1.0000000000002);
#1720=VECTOR('',#6711,1.);
#1721=VECTOR('',#6712,1.);
#1722=VECTOR('',#6717,1.);
#1723=VECTOR('',#6718,1.);
#1724=VECTOR('',#6719,1.);
#1725=VECTOR('',#6724,1.);
#1726=VECTOR('',#6725,1.);
#1727=VECTOR('',#6728,1.);
#1728=VECTOR('',#6733,1.);
#1729=VECTOR('',#6734,1.);
#1730=VECTOR('',#6755,1.);
#1731=VECTOR('',#6756,1.);
#1732=VECTOR('',#6757,1.);
#1733=VECTOR('',#6760,1.);
#1734=VECTOR('',#6763,1.);
#1735=VECTOR('',#6766,1.);
#1736=VECTOR('',#6767,1.);
#1737=VECTOR('',#6770,1.);
#1738=VECTOR('',#6773,1.);
#1739=VECTOR('',#6778,5.275);
#1740=VECTOR('',#6789,4.7);
#1741=VECTOR('',#6794,4.7);
#1742=VECTOR('',#6801,1.);
#1743=VECTOR('',#6804,1.);
#1744=VECTOR('',#6807,1.);
#1745=VECTOR('',#6808,0.75);
#1746=VECTOR('',#6811,1.);
#1747=VECTOR('',#6814,1.);
#1748=VECTOR('',#6815,1.);
#1749=VECTOR('',#6820,1.05);
#1750=VECTOR('',#6821,1.);
#1751=VECTOR('',#6824,1.);
#1752=VECTOR('',#6827,0.75);
#1753=VECTOR('',#6840,1.05);
#1754=VECTOR('',#6851,2.85);
#1755=VECTOR('',#6860,1.5);
#1756=VECTOR('',#6863,1.5);
#1757=VECTOR('',#6868,7.1);
#1758=VECTOR('',#6877,5.7);
#1759=VECTOR('',#6888,1.);
#1760=VECTOR('',#6891,1.);
#1761=VECTOR('',#6900,1.);
#1762=VECTOR('',#6909,1.);
#1763=VECTOR('',#6934,5.275);
#1764=VECTOR('',#6939,5.275);
#1765=VECTOR('',#6944,5.275);
#1766=VECTOR('',#7001,1.);
#1767=VECTOR('',#7002,1.);
#1768=VECTOR('',#7005,1.);
#1769=VECTOR('',#7008,1.);
#1770=VECTOR('',#7011,1.);
#1771=VECTOR('',#7014,1.);
#1772=VECTOR('',#7023,2.85);
#1773=VECTOR('',#7028,2.85);
#1774=VECTOR('',#7033,1.);
#1775=VECTOR('',#7036,1.00000000000029);
#1776=VECTOR('',#7043,1.00000000000029);
#1777=VECTOR('',#7046,1.);
#1778=VECTOR('',#7047,1.);
#1779=VECTOR('',#7054,1.);
#1780=VECTOR('',#7055,1.);
#1781=VECTOR('',#7058,1.);
#1782=VECTOR('',#7059,1.);
#1783=VECTOR('',#7062,1.);
#1784=VECTOR('',#7067,1.);
#1785=VECTOR('',#7072,1.);
#1786=VECTOR('',#7075,1.);
#1787=VECTOR('',#7076,1.);
#1788=VECTOR('',#7077,1.);
#1789=VECTOR('',#7078,1.);
#1790=VECTOR('',#7081,1.);
#1791=VECTOR('',#7084,1.00000000000029);
#1792=VECTOR('',#7085,1.);
#1793=VECTOR('',#7088,1.);
#1794=VECTOR('',#7095,1.);
#1795=VECTOR('',#7098,1.);
#1796=VECTOR('',#7099,1.00000000000029);
#1797=VECTOR('',#7104,1.);
#1798=VECTOR('',#7111,1.85);
#1799=VECTOR('',#7126,1.);
#1800=VECTOR('',#7129,1.);
#1801=VECTOR('',#7138,5.275);
#1802=VECTOR('',#7145,0.5);
#1803=VECTOR('',#7158,1.);
#1804=VECTOR('',#7171,0.5);
#1805=VECTOR('',#7184,1.);
#1806=VECTOR('',#7195,1.25);
#1807=VECTOR('',#7206,1.25);
#1808=VECTOR('',#7211,1.);
#1809=VECTOR('',#7216,1.05);
#1810=VECTOR('',#7223,1.3);
#1811=VECTOR('',#7228,1.05);
#1812=VECTOR('',#7235,1.);
#1813=VECTOR('',#7242,1.);
#1814=VECTOR('',#7245,1.);
#1815=VECTOR('',#7250,1.);
#1816=VECTOR('',#7251,1.);
#1817=VECTOR('',#7252,1.);
#1818=VECTOR('',#7255,1.);
#1819=VECTOR('',#7258,1.);
#1820=VECTOR('',#7265,1.);
#1821=VECTOR('',#7270,1.);
#1822=VECTOR('',#7277,1.);
#1823=VECTOR('',#7280,1.);
#1824=VECTOR('',#7283,1.);
#1825=VECTOR('',#7284,1.);
#1826=VECTOR('',#7287,1.);
#1827=VECTOR('',#7288,1.);
#1828=VECTOR('',#7333,1.25);
#1829=CIRCLE('',#5376,2.85);
#1830=CIRCLE('',#5377,2.85);
#1831=CIRCLE('',#5379,3.1);
#1832=CIRCLE('',#5381,1.5);
#1833=CIRCLE('',#5383,5.65);
#1834=CIRCLE('',#5385,1.5);
#1835=CIRCLE('',#5387,6.15);
#1836=CIRCLE('',#5388,6.15);
#1837=CIRCLE('',#5389,6.15);
#1838=CIRCLE('',#5390,6.15);
#1839=CIRCLE('',#5391,6.15);
#1840=CIRCLE('',#5392,6.15);
#1841=CIRCLE('',#5393,6.15);
#1842=CIRCLE('',#5394,6.15);
#1843=CIRCLE('',#5395,6.15);
#1844=CIRCLE('',#5396,6.15);
#1845=CIRCLE('',#5397,6.15);
#1846=CIRCLE('',#5398,6.15);
#1847=CIRCLE('',#5399,6.15);
#1848=CIRCLE('',#5400,6.15);
#1849=CIRCLE('',#5401,6.15);
#1850=CIRCLE('',#5402,6.15);
#1851=CIRCLE('',#5403,6.15);
#1852=CIRCLE('',#5404,6.15);
#1853=CIRCLE('',#5405,6.15);
#1854=CIRCLE('',#5406,6.15);
#1855=CIRCLE('',#5407,6.15);
#1856=CIRCLE('',#5408,6.15);
#1857=CIRCLE('',#5409,6.15);
#1858=CIRCLE('',#5410,6.15);
#1859=CIRCLE('',#5411,6.15);
#1860=CIRCLE('',#5412,6.15);
#1861=CIRCLE('',#5413,6.15);
#1862=CIRCLE('',#5414,6.15);
#1863=CIRCLE('',#5415,6.15);
#1864=CIRCLE('',#5416,6.15);
#1865=CIRCLE('',#5417,6.15);
#1866=CIRCLE('',#5418,6.15);
#1867=CIRCLE('',#5419,6.15);
#1868=CIRCLE('',#5420,6.15);
#1869=CIRCLE('',#5421,6.15);
#1870=CIRCLE('',#5422,6.15);
#1871=CIRCLE('',#5423,6.15);
#1872=CIRCLE('',#5424,6.15);
#1873=CIRCLE('',#5425,6.15);
#1874=CIRCLE('',#5426,6.15);
#1875=CIRCLE('',#5427,6.15);
#1876=CIRCLE('',#5428,6.15);
#1877=CIRCLE('',#5429,6.15);
#1878=CIRCLE('',#5430,6.15);
#1879=CIRCLE('',#5431,6.15);
#1880=CIRCLE('',#5432,6.15);
#1881=CIRCLE('',#5433,6.15);
#1882=CIRCLE('',#5434,6.15);
#1883=CIRCLE('',#5435,6.15);
#1884=CIRCLE('',#5436,6.15);
#1885=CIRCLE('',#5437,6.15);
#1886=CIRCLE('',#5439,3.7);
#1887=CIRCLE('',#5441,6.15);
#1888=CIRCLE('',#5445,6.15);
#1889=CIRCLE('',#5449,6.15);
#1890=CIRCLE('',#5453,6.15);
#1891=CIRCLE('',#5457,6.15);
#1892=CIRCLE('',#5461,6.15);
#1893=CIRCLE('',#5465,6.15);
#1894=CIRCLE('',#5469,6.15);
#1895=CIRCLE('',#5473,6.15);
#1896=CIRCLE('',#5477,6.15);
#1897=CIRCLE('',#5481,6.15);
#1898=CIRCLE('',#5485,6.15);
#1899=CIRCLE('',#5489,6.15);
#1900=CIRCLE('',#5493,6.15);
#1901=CIRCLE('',#5497,6.15);
#1902=CIRCLE('',#5501,6.15);
#1903=CIRCLE('',#5505,6.15);
#1904=CIRCLE('',#5509,6.15);
#1905=CIRCLE('',#5513,6.15);
#1906=CIRCLE('',#5517,6.15);
#1907=CIRCLE('',#5521,6.15);
#1908=CIRCLE('',#5525,6.15);
#1909=CIRCLE('',#5529,6.15);
#1910=CIRCLE('',#5533,6.15);
#1911=CIRCLE('',#5537,6.15);
#1912=CIRCLE('',#5541,6.15);
#1913=CIRCLE('',#5545,6.15);
#1914=CIRCLE('',#5549,6.15);
#1915=CIRCLE('',#5553,6.15);
#1916=CIRCLE('',#5557,6.15);
#1917=CIRCLE('',#5561,6.15);
#1918=CIRCLE('',#5565,6.15);
#1919=CIRCLE('',#5569,6.15);
#1920=CIRCLE('',#5573,6.15);
#1921=CIRCLE('',#5577,6.15);
#1922=CIRCLE('',#5581,6.15);
#1923=CIRCLE('',#5585,6.15);
#1924=CIRCLE('',#5589,6.15);
#1925=CIRCLE('',#5593,6.15);
#1926=CIRCLE('',#5597,6.15);
#1927=CIRCLE('',#5601,6.15);
#1928=CIRCLE('',#5605,6.15);
#1929=CIRCLE('',#5609,6.15);
#1930=CIRCLE('',#5613,6.15);
#1931=CIRCLE('',#5617,6.15);
#1932=CIRCLE('',#5621,6.15);
#1933=CIRCLE('',#5625,6.15);
#1934=CIRCLE('',#5629,6.15);
#1935=CIRCLE('',#5633,6.15);
#1936=CIRCLE('',#5637,6.15);
#1937=CIRCLE('',#5641,3.7);
#1938=CIRCLE('',#5642,3.7);
#1939=CIRCLE('',#5646,1.575);
#1940=CIRCLE('',#5647,0.625);
#1941=CIRCLE('',#5648,0.625);
#1942=CIRCLE('',#5652,5.275);
#1943=CIRCLE('',#5654,4.7);
#1944=CIRCLE('',#5655,1.);
#1945=CIRCLE('',#5656,3.7);
#1946=CIRCLE('',#5658,1.575);
#1947=CIRCLE('',#5660,0.625);
#1948=CIRCLE('',#5661,0.625);
#1949=CIRCLE('',#5667,5.275);
#1950=CIRCLE('',#5669,3.7);
#1951=CIRCLE('',#5671,4.7);
#1952=CIRCLE('',#5676,0.75);
#1953=CIRCLE('',#5677,1.05);
#1954=CIRCLE('',#5679,0.75);
#1955=CIRCLE('',#5682,1.05);
#1956=CIRCLE('',#5687,1.05);
#1957=CIRCLE('',#5690,1.05);
#1958=CIRCLE('',#5691,1.05);
#1959=CIRCLE('',#5693,2.85);
#1960=CIRCLE('',#5695,2.85);
#1961=CIRCLE('',#5697,1.5);
#1962=CIRCLE('',#5699,1.5);
#1963=CIRCLE('',#5703,7.1);
#1964=CIRCLE('',#5705,7.1);
#1965=CIRCLE('',#5707,5.7);
#1966=CIRCLE('',#5709,5.7);
#1967=CIRCLE('',#5711,5.9);
#1968=CIRCLE('',#5712,6.9);
#1969=CIRCLE('',#5714,5.7);
#1970=CIRCLE('',#5718,7.1);
#1971=CIRCLE('',#5722,5.7);
#1972=CIRCLE('',#5724,5.9);
#1973=CIRCLE('',#5726,6.9);
#1974=CIRCLE('',#5728,7.1);
#1975=CIRCLE('',#5732,5.275);
#1976=CIRCLE('',#5733,5.275);
#1977=CIRCLE('',#5735,5.525);
#1978=CIRCLE('',#5737,5.525);
#1979=CIRCLE('',#5739,6.85);
#1980=CIRCLE('',#5740,6.85);
#1981=CIRCLE('',#5741,6.85);
#1982=CIRCLE('',#5742,6.85);
#1983=CIRCLE('',#5743,6.85);
#1984=CIRCLE('',#5744,6.85);
#1985=CIRCLE('',#5746,6.85);
#1986=CIRCLE('',#5747,6.85);
#1987=CIRCLE('',#5748,6.85);
#1988=CIRCLE('',#5749,6.85);
#1989=CIRCLE('',#5750,6.85);
#1990=CIRCLE('',#5751,6.85);
#1991=CIRCLE('',#5772,2.85);
#1992=CIRCLE('',#5773,2.85);
#1993=CIRCLE('',#5775,2.35);
#1994=CIRCLE('',#5777,4.7);
#1995=CIRCLE('',#5778,2.);
#1996=CIRCLE('',#5779,3.);
#1997=CIRCLE('',#5780,2.);
#1998=CIRCLE('',#5781,4.7);
#1999=CIRCLE('',#5783,1.85);
#2000=CIRCLE('',#5785,4.);
#2001=CIRCLE('',#5786,3.);
#2002=CIRCLE('',#5788,3.);
#2003=CIRCLE('',#5790,4.7);
#2004=CIRCLE('',#5792,4.);
#2005=CIRCLE('',#5795,4.7);
#2006=CIRCLE('',#5797,2.);
#2007=CIRCLE('',#5800,3.);
#2008=CIRCLE('',#5802,2.);
#2009=CIRCLE('',#5804,1.85);
#2010=CIRCLE('',#5806,7.375);
#2011=CIRCLE('',#5807,7.375);
#2012=CIRCLE('',#5809,5.275);
#2013=CIRCLE('',#5813,5.275);
#2014=CIRCLE('',#5818,0.5);
#2015=CIRCLE('',#5819,0.5);
#2016=CIRCLE('',#5824,1.);
#2017=CIRCLE('',#5825,1.);
#2018=CIRCLE('',#5830,0.5);
#2019=CIRCLE('',#5831,0.5);
#2020=CIRCLE('',#5836,1.);
#2021=CIRCLE('',#5837,1.);
#2022=CIRCLE('',#5842,1.25);
#2023=CIRCLE('',#5843,0.999999999994194);
#2024=CIRCLE('',#5845,1.);
#2025=CIRCLE('',#5848,1.);
#2026=CIRCLE('',#5849,0.999999999766038);
#2027=CIRCLE('',#5851,1.05);
#2028=CIRCLE('',#5853,1.3);
#2029=CIRCLE('',#5855,1.05);
#2030=CIRCLE('',#5860,1.83001067761353);
#2031=CIRCLE('',#5862,1.83);
#2032=CIRCLE('',#5870,1.69505311011072);
#2033=CIRCLE('',#5879,1.83);
#2034=CIRCLE('',#5881,1.83068929912328);
#2035=CIRCLE('',#5882,1.8307596201695);
#2036=CIRCLE('',#5884,1.69571542270277);
#2037=CIRCLE('',#5885,1.69555222037474);
#2038=CIRCLE('',#5890,1.00000000001529);
#2039=CIRCLE('',#5892,1.38500803909194);
#2040=CIRCLE('',#5895,0.999999999996715);
#2041=CIRCLE('',#5897,1.25002428566231);
#2042=CIRCLE('',#5898,1.25002428566231);
#2043=CIRCLE('',#5900,1.25);
#2044=VERTEX_POINT('',#7365);
#2045=VERTEX_POINT('',#7367);
#2046=VERTEX_POINT('',#7371);
#2047=VERTEX_POINT('',#7375);
#2048=VERTEX_POINT('',#7378);
#2049=VERTEX_POINT('',#7381);
#2050=VERTEX_POINT('',#7385);
#2051=VERTEX_POINT('',#7386);
#2052=VERTEX_POINT('',#7388);
#2053=VERTEX_POINT('',#7392);
#2054=VERTEX_POINT('',#7396);
#2055=VERTEX_POINT('',#7398);
#2056=VERTEX_POINT('',#7402);
#2057=VERTEX_POINT('',#7406);
#2058=VERTEX_POINT('',#7408);
#2059=VERTEX_POINT('',#7412);
#2060=VERTEX_POINT('',#7416);
#2061=VERTEX_POINT('',#7418);
#2062=VERTEX_POINT('',#7422);
#2063=VERTEX_POINT('',#7426);
#2064=VERTEX_POINT('',#7428);
#2065=VERTEX_POINT('',#7432);
#2066=VERTEX_POINT('',#7436);
#2067=VERTEX_POINT('',#7438);
#2068=VERTEX_POINT('',#7442);
#2069=VERTEX_POINT('',#7446);
#2070=VERTEX_POINT('',#7448);
#2071=VERTEX_POINT('',#7452);
#2072=VERTEX_POINT('',#7456);
#2073=VERTEX_POINT('',#7458);
#2074=VERTEX_POINT('',#7462);
#2075=VERTEX_POINT('',#7466);
#2076=VERTEX_POINT('',#7468);
#2077=VERTEX_POINT('',#7472);
#2078=VERTEX_POINT('',#7476);
#2079=VERTEX_POINT('',#7478);
#2080=VERTEX_POINT('',#7482);
#2081=VERTEX_POINT('',#7486);
#2082=VERTEX_POINT('',#7488);
#2083=VERTEX_POINT('',#7492);
#2084=VERTEX_POINT('',#7496);
#2085=VERTEX_POINT('',#7498);
#2086=VERTEX_POINT('',#7502);
#2087=VERTEX_POINT('',#7506);
#2088=VERTEX_POINT('',#7508);
#2089=VERTEX_POINT('',#7512);
#2090=VERTEX_POINT('',#7516);
#2091=VERTEX_POINT('',#7518);
#2092=VERTEX_POINT('',#7522);
#2093=VERTEX_POINT('',#7526);
#2094=VERTEX_POINT('',#7528);
#2095=VERTEX_POINT('',#7532);
#2096=VERTEX_POINT('',#7536);
#2097=VERTEX_POINT('',#7538);
#2098=VERTEX_POINT('',#7542);
#2099=VERTEX_POINT('',#7546);
#2100=VERTEX_POINT('',#7548);
#2101=VERTEX_POINT('',#7552);
#2102=VERTEX_POINT('',#7556);
#2103=VERTEX_POINT('',#7558);
#2104=VERTEX_POINT('',#7562);
#2105=VERTEX_POINT('',#7566);
#2106=VERTEX_POINT('',#7568);
#2107=VERTEX_POINT('',#7572);
#2108=VERTEX_POINT('',#7576);
#2109=VERTEX_POINT('',#7578);
#2110=VERTEX_POINT('',#7582);
#2111=VERTEX_POINT('',#7586);
#2112=VERTEX_POINT('',#7588);
#2113=VERTEX_POINT('',#7592);
#2114=VERTEX_POINT('',#7596);
#2115=VERTEX_POINT('',#7598);
#2116=VERTEX_POINT('',#7602);
#2117=VERTEX_POINT('',#7606);
#2118=VERTEX_POINT('',#7608);
#2119=VERTEX_POINT('',#7612);
#2120=VERTEX_POINT('',#7616);
#2121=VERTEX_POINT('',#7618);
#2122=VERTEX_POINT('',#7622);
#2123=VERTEX_POINT('',#7626);
#2124=VERTEX_POINT('',#7628);
#2125=VERTEX_POINT('',#7632);
#2126=VERTEX_POINT('',#7636);
#2127=VERTEX_POINT('',#7639);
#2128=VERTEX_POINT('',#7641);
#2129=VERTEX_POINT('',#7645);
#2130=VERTEX_POINT('',#7649);
#2131=VERTEX_POINT('',#7651);
#2132=VERTEX_POINT('',#7655);
#2133=VERTEX_POINT('',#7659);
#2134=VERTEX_POINT('',#7661);
#2135=VERTEX_POINT('',#7665);
#2136=VERTEX_POINT('',#7669);
#2137=VERTEX_POINT('',#7671);
#2138=VERTEX_POINT('',#7675);
#2139=VERTEX_POINT('',#7679);
#2140=VERTEX_POINT('',#7681);
#2141=VERTEX_POINT('',#7685);
#2142=VERTEX_POINT('',#7689);
#2143=VERTEX_POINT('',#7691);
#2144=VERTEX_POINT('',#7695);
#2145=VERTEX_POINT('',#7699);
#2146=VERTEX_POINT('',#7701);
#2147=VERTEX_POINT('',#7705);
#2148=VERTEX_POINT('',#7709);
#2149=VERTEX_POINT('',#7711);
#2150=VERTEX_POINT('',#7715);
#2151=VERTEX_POINT('',#7719);
#2152=VERTEX_POINT('',#7721);
#2153=VERTEX_POINT('',#7725);
#2154=VERTEX_POINT('',#7729);
#2155=VERTEX_POINT('',#7731);
#2156=VERTEX_POINT('',#7735);
#2157=VERTEX_POINT('',#7739);
#2158=VERTEX_POINT('',#7741);
#2159=VERTEX_POINT('',#7745);
#2160=VERTEX_POINT('',#7749);
#2161=VERTEX_POINT('',#7751);
#2162=VERTEX_POINT('',#7755);
#2163=VERTEX_POINT('',#7759);
#2164=VERTEX_POINT('',#7761);
#2165=VERTEX_POINT('',#7765);
#2166=VERTEX_POINT('',#7769);
#2167=VERTEX_POINT('',#7771);
#2168=VERTEX_POINT('',#7775);
#2169=VERTEX_POINT('',#7779);
#2170=VERTEX_POINT('',#7781);
#2171=VERTEX_POINT('',#7785);
#2172=VERTEX_POINT('',#7789);
#2173=VERTEX_POINT('',#7791);
#2174=VERTEX_POINT('',#7795);
#2175=VERTEX_POINT('',#7799);
#2176=VERTEX_POINT('',#7801);
#2177=VERTEX_POINT('',#7805);
#2178=VERTEX_POINT('',#7809);
#2179=VERTEX_POINT('',#7811);
#2180=VERTEX_POINT('',#7815);
#2181=VERTEX_POINT('',#7819);
#2182=VERTEX_POINT('',#7821);
#2183=VERTEX_POINT('',#7825);
#2184=VERTEX_POINT('',#7829);
#2185=VERTEX_POINT('',#7831);
#2186=VERTEX_POINT('',#7835);
#2187=VERTEX_POINT('',#7839);
#2188=VERTEX_POINT('',#7841);
#2189=VERTEX_POINT('',#7845);
#2190=VERTEX_POINT('',#7849);
#2191=VERTEX_POINT('',#7851);
#2192=VERTEX_POINT('',#7855);
#2193=VERTEX_POINT('',#7859);
#2194=VERTEX_POINT('',#7861);
#2195=VERTEX_POINT('',#7865);
#2196=VERTEX_POINT('',#7869);
#2197=VERTEX_POINT('',#7871);
#2198=VERTEX_POINT('',#7875);
#2199=VERTEX_POINT('',#7879);
#2200=VERTEX_POINT('',#7881);
#2201=VERTEX_POINT('',#7889);
#2202=VERTEX_POINT('',#7890);
#2203=VERTEX_POINT('',#7892);
#2204=VERTEX_POINT('',#7894);
#2205=VERTEX_POINT('',#7898);
#2206=VERTEX_POINT('',#7899);
#2207=VERTEX_POINT('',#7904);
#2208=VERTEX_POINT('',#7908);
#2209=VERTEX_POINT('',#7912);
#2210=VERTEX_POINT('',#7916);
#2211=VERTEX_POINT('',#7920);
#2212=VERTEX_POINT('',#7924);
#2213=VERTEX_POINT('',#7928);
#2214=VERTEX_POINT('',#7932);
#2215=VERTEX_POINT('',#7936);
#2216=VERTEX_POINT('',#7940);
#2217=VERTEX_POINT('',#7944);
#2218=VERTEX_POINT('',#7948);
#2219=VERTEX_POINT('',#7952);
#2220=VERTEX_POINT('',#7956);
#2221=VERTEX_POINT('',#7960);
#2222=VERTEX_POINT('',#7964);
#2223=VERTEX_POINT('',#7968);
#2224=VERTEX_POINT('',#7972);
#2225=VERTEX_POINT('',#7976);
#2226=VERTEX_POINT('',#7980);
#2227=VERTEX_POINT('',#7984);
#2228=VERTEX_POINT('',#7988);
#2229=VERTEX_POINT('',#7992);
#2230=VERTEX_POINT('',#7996);
#2231=VERTEX_POINT('',#8000);
#2232=VERTEX_POINT('',#8004);
#2233=VERTEX_POINT('',#8008);
#2234=VERTEX_POINT('',#8012);
#2235=VERTEX_POINT('',#8016);
#2236=VERTEX_POINT('',#8020);
#2237=VERTEX_POINT('',#8024);
#2238=VERTEX_POINT('',#8028);
#2239=VERTEX_POINT('',#8032);
#2240=VERTEX_POINT('',#8036);
#2241=VERTEX_POINT('',#8040);
#2242=VERTEX_POINT('',#8044);
#2243=VERTEX_POINT('',#8048);
#2244=VERTEX_POINT('',#8052);
#2245=VERTEX_POINT('',#8056);
#2246=VERTEX_POINT('',#8060);
#2247=VERTEX_POINT('',#8064);
#2248=VERTEX_POINT('',#8068);
#2249=VERTEX_POINT('',#8072);
#2250=VERTEX_POINT('',#8076);
#2251=VERTEX_POINT('',#8080);
#2252=VERTEX_POINT('',#8084);
#2253=VERTEX_POINT('',#8088);
#2254=VERTEX_POINT('',#8092);
#2255=VERTEX_POINT('',#8096);
#2256=VERTEX_POINT('',#8100);
#2257=VERTEX_POINT('',#8104);
#2258=VERTEX_POINT('',#8108);
#2259=VERTEX_POINT('',#8112);
#2260=VERTEX_POINT('',#8116);
#2261=VERTEX_POINT('',#8120);
#2262=VERTEX_POINT('',#8124);
#2263=VERTEX_POINT('',#8128);
#2264=VERTEX_POINT('',#8132);
#2265=VERTEX_POINT('',#8136);
#2266=VERTEX_POINT('',#8140);
#2267=VERTEX_POINT('',#8144);
#2268=VERTEX_POINT('',#8148);
#2269=VERTEX_POINT('',#8152);
#2270=VERTEX_POINT('',#8156);
#2271=VERTEX_POINT('',#8160);
#2272=VERTEX_POINT('',#8164);
#2273=VERTEX_POINT('',#8168);
#2274=VERTEX_POINT('',#8172);
#2275=VERTEX_POINT('',#8176);
#2276=VERTEX_POINT('',#8180);
#2277=VERTEX_POINT('',#8184);
#2278=VERTEX_POINT('',#8188);
#2279=VERTEX_POINT('',#8192);
#2280=VERTEX_POINT('',#8196);
#2281=VERTEX_POINT('',#8200);
#2282=VERTEX_POINT('',#8204);
#2283=VERTEX_POINT('',#8208);
#2284=VERTEX_POINT('',#8212);
#2285=VERTEX_POINT('',#8216);
#2286=VERTEX_POINT('',#8220);
#2287=VERTEX_POINT('',#8224);
#2288=VERTEX_POINT('',#8228);
#2289=VERTEX_POINT('',#8232);
#2290=VERTEX_POINT('',#8236);
#2291=VERTEX_POINT('',#8240);
#2292=VERTEX_POINT('',#8244);
#2293=VERTEX_POINT('',#8248);
#2294=VERTEX_POINT('',#8252);
#2295=VERTEX_POINT('',#8256);
#2296=VERTEX_POINT('',#8260);
#2297=VERTEX_POINT('',#8264);
#2298=VERTEX_POINT('',#8268);
#2299=VERTEX_POINT('',#8272);
#2300=VERTEX_POINT('',#8276);
#2301=VERTEX_POINT('',#8280);
#2302=VERTEX_POINT('',#8284);
#2303=VERTEX_POINT('',#8288);
#2304=VERTEX_POINT('',#8292);
#2305=VERTEX_POINT('',#8296);
#2306=VERTEX_POINT('',#8300);
#2307=VERTEX_POINT('',#8304);
#2308=VERTEX_POINT('',#8308);
#2309=VERTEX_POINT('',#8312);
#2310=VERTEX_POINT('',#8316);
#2311=VERTEX_POINT('',#8320);
#2312=VERTEX_POINT('',#8324);
#2313=VERTEX_POINT('',#8328);
#2314=VERTEX_POINT('',#8332);
#2315=VERTEX_POINT('',#8336);
#2316=VERTEX_POINT('',#8340);
#2317=VERTEX_POINT('',#8344);
#2318=VERTEX_POINT('',#8348);
#2319=VERTEX_POINT('',#8352);
#2320=VERTEX_POINT('',#8356);
#2321=VERTEX_POINT('',#8360);
#2322=VERTEX_POINT('',#8364);
#2323=VERTEX_POINT('',#8368);
#2324=VERTEX_POINT('',#8372);
#2325=VERTEX_POINT('',#8376);
#2326=VERTEX_POINT('',#8380);
#2327=VERTEX_POINT('',#8384);
#2328=VERTEX_POINT('',#8388);
#2329=VERTEX_POINT('',#8392);
#2330=VERTEX_POINT('',#8396);
#2331=VERTEX_POINT('',#8400);
#2332=VERTEX_POINT('',#8404);
#2333=VERTEX_POINT('',#8408);
#2334=VERTEX_POINT('',#8412);
#2335=VERTEX_POINT('',#8416);
#2336=VERTEX_POINT('',#8420);
#2337=VERTEX_POINT('',#8424);
#2338=VERTEX_POINT('',#8428);
#2339=VERTEX_POINT('',#8432);
#2340=VERTEX_POINT('',#8436);
#2341=VERTEX_POINT('',#8440);
#2342=VERTEX_POINT('',#8444);
#2343=VERTEX_POINT('',#8448);
#2344=VERTEX_POINT('',#8452);
#2345=VERTEX_POINT('',#8456);
#2346=VERTEX_POINT('',#8460);
#2347=VERTEX_POINT('',#8464);
#2348=VERTEX_POINT('',#8468);
#2349=VERTEX_POINT('',#8472);
#2350=VERTEX_POINT('',#8476);
#2351=VERTEX_POINT('',#8480);
#2352=VERTEX_POINT('',#8484);
#2353=VERTEX_POINT('',#8488);
#2354=VERTEX_POINT('',#8492);
#2355=VERTEX_POINT('',#8498);
#2356=VERTEX_POINT('',#8499);
#2357=VERTEX_POINT('',#8501);
#2358=VERTEX_POINT('',#8506);
#2359=VERTEX_POINT('',#8508);
#2360=VERTEX_POINT('',#8510);
#2361=VERTEX_POINT('',#8514);
#2362=VERTEX_POINT('',#8517);
#2363=VERTEX_POINT('',#8518);
#2364=VERTEX_POINT('',#8520);
#2365=VERTEX_POINT('',#8522);
#2366=VERTEX_POINT('',#8526);
#2367=VERTEX_POINT('',#8528);
#2368=VERTEX_POINT('',#8532);
#2369=VERTEX_POINT('',#8535);
#2370=VERTEX_POINT('',#8538);
#2371=VERTEX_POINT('',#8551);
#2372=VERTEX_POINT('',#8568);
#2373=VERTEX_POINT('',#8570);
#2374=VERTEX_POINT('',#8573);
#2375=VERTEX_POINT('',#8574);
#2376=VERTEX_POINT('',#8576);
#2377=VERTEX_POINT('',#8578);
#2378=VERTEX_POINT('',#8590);
#2379=VERTEX_POINT('',#8596);
#2380=VERTEX_POINT('',#8604);
#2381=VERTEX_POINT('',#8605);
#2382=VERTEX_POINT('',#8607);
#2383=VERTEX_POINT('',#8609);
#2384=VERTEX_POINT('',#8613);
#2385=VERTEX_POINT('',#8615);
#2386=VERTEX_POINT('',#8689);
#2387=VERTEX_POINT('',#8692);
#2388=VERTEX_POINT('',#8768);
#2389=VERTEX_POINT('',#8772);
#2390=VERTEX_POINT('',#8774);
#2391=VERTEX_POINT('',#8776);
#2392=VERTEX_POINT('',#8936);
#2393=VERTEX_POINT('',#8940);
#2394=VERTEX_POINT('',#8944);
#2395=VERTEX_POINT('',#8946);
#2396=VERTEX_POINT('',#8950);
#2397=VERTEX_POINT('',#8953);
#2398=VERTEX_POINT('',#8957);
#2399=VERTEX_POINT('',#8960);
#2400=VERTEX_POINT('',#8967);
#2401=VERTEX_POINT('',#8968);
#2402=VERTEX_POINT('',#8970);
#2403=VERTEX_POINT('',#8972);
#2404=VERTEX_POINT('',#8976);
#2405=VERTEX_POINT('',#8977);
#2406=VERTEX_POINT('',#8979);
#2407=VERTEX_POINT('',#8981);
#2408=VERTEX_POINT('',#8985);
#2409=VERTEX_POINT('',#8986);
#2410=VERTEX_POINT('',#8988);
#2411=VERTEX_POINT('',#8990);
#2412=VERTEX_POINT('',#8994);
#2413=VERTEX_POINT('',#9005);
#2414=VERTEX_POINT('',#9007);
#2415=VERTEX_POINT('',#9012);
#2416=VERTEX_POINT('',#9022);
#2417=VERTEX_POINT('',#9029);
#2418=VERTEX_POINT('',#9031);
#2419=VERTEX_POINT('',#9035);
#2420=VERTEX_POINT('',#9052);
#2421=VERTEX_POINT('',#9054);
#2422=VERTEX_POINT('',#9058);
#2423=VERTEX_POINT('',#9062);
#2424=VERTEX_POINT('',#9066);
#2425=VERTEX_POINT('',#9067);
#2426=VERTEX_POINT('',#9069);
#2427=VERTEX_POINT('',#9071);
#2428=VERTEX_POINT('',#9073);
#2429=VERTEX_POINT('',#9075);
#2430=VERTEX_POINT('',#9079);
#2431=VERTEX_POINT('',#9080);
#2432=VERTEX_POINT('',#9082);
#2433=VERTEX_POINT('',#9084);
#2434=VERTEX_POINT('',#9086);
#2435=VERTEX_POINT('',#9088);
#2436=VERTEX_POINT('',#9092);
#2437=VERTEX_POINT('',#9150);
#2438=VERTEX_POINT('',#9208);
#2439=VERTEX_POINT('',#9266);
#2440=VERTEX_POINT('',#9324);
#2441=VERTEX_POINT('',#9382);
#2442=VERTEX_POINT('',#9440);
#2443=VERTEX_POINT('',#9498);
#2444=VERTEX_POINT('',#9556);
#2445=VERTEX_POINT('',#9614);
#2446=VERTEX_POINT('',#9672);
#2447=VERTEX_POINT('',#9730);
#2448=VERTEX_POINT('',#9801);
#2449=VERTEX_POINT('',#9803);
#2450=VERTEX_POINT('',#9807);
#2451=VERTEX_POINT('',#9811);
#2452=VERTEX_POINT('',#9812);
#2453=VERTEX_POINT('',#9814);
#2454=VERTEX_POINT('',#9816);
#2455=VERTEX_POINT('',#9818);
#2456=VERTEX_POINT('',#9820);
#2457=VERTEX_POINT('',#9822);
#2458=VERTEX_POINT('',#9824);
#2459=VERTEX_POINT('',#9826);
#2460=VERTEX_POINT('',#9828);
#2461=VERTEX_POINT('',#9832);
#2462=VERTEX_POINT('',#9835);
#2463=VERTEX_POINT('',#9836);
#2464=VERTEX_POINT('',#9838);
#2465=VERTEX_POINT('',#9840);
#2466=VERTEX_POINT('',#9842);
#2467=VERTEX_POINT('',#9845);
#2468=VERTEX_POINT('',#9849);
#2469=VERTEX_POINT('',#9853);
#2470=VERTEX_POINT('',#9857);
#2471=VERTEX_POINT('',#9858);
#2472=VERTEX_POINT('',#9861);
#2473=VERTEX_POINT('',#9863);
#2474=VERTEX_POINT('',#9865);
#2475=VERTEX_POINT('',#9869);
#2476=VERTEX_POINT('',#9873);
#2477=VERTEX_POINT('',#9877);
#2478=VERTEX_POINT('',#9881);
#2479=VERTEX_POINT('',#9885);
#2480=VERTEX_POINT('',#9891);
#2481=VERTEX_POINT('',#9898);
#2482=VERTEX_POINT('',#9905);
#2483=VERTEX_POINT('',#9912);
#2484=VERTEX_POINT('',#9914);
#2485=VERTEX_POINT('',#9921);
#2486=VERTEX_POINT('',#9923);
#2487=VERTEX_POINT('',#9930);
#2488=VERTEX_POINT('',#9932);
#2489=VERTEX_POINT('',#9939);
#2490=VERTEX_POINT('',#9941);
#2491=VERTEX_POINT('',#9948);
#2492=VERTEX_POINT('',#9949);
#2493=VERTEX_POINT('',#9963);
#2494=VERTEX_POINT('',#10018);
#2495=VERTEX_POINT('',#10020);
#2496=VERTEX_POINT('',#10048);
#2497=VERTEX_POINT('',#10051);
#2498=VERTEX_POINT('',#10052);
#2499=VERTEX_POINT('',#10081);
#2500=VERTEX_POINT('',#10123);
#2501=VERTEX_POINT('',#10125);
#2502=VERTEX_POINT('',#10153);
#2503=VERTEX_POINT('',#10157);
#2504=VERTEX_POINT('',#10161);
#2505=VERTEX_POINT('',#10167);
#2506=VERTEX_POINT('',#10168);
#2507=VERTEX_POINT('',#10170);
#2508=VERTEX_POINT('',#10172);
#2509=VERTEX_POINT('',#10174);
#2510=VERTEX_POINT('',#10176);
#2511=VERTEX_POINT('',#10178);
#2512=VERTEX_POINT('',#10180);
#2513=VERTEX_POINT('',#10182);
#2514=VERTEX_POINT('',#10199);
#2515=VERTEX_POINT('',#10218);
#2516=VERTEX_POINT('',#10219);
#2517=VERTEX_POINT('',#10224);
#2518=VERTEX_POINT('',#10246);
#2519=VERTEX_POINT('',#10247);
#2520=VERTEX_POINT('',#10254);
#2521=VERTEX_POINT('',#10256);
#2522=VERTEX_POINT('',#10282);
#2523=VERTEX_POINT('',#10304);
#2524=VERTEX_POINT('',#10346);
#2525=VERTEX_POINT('',#10363);
#2526=VERTEX_POINT('',#10382);
#2527=VERTEX_POINT('',#10383);
#2528=VERTEX_POINT('',#10385);
#2529=VERTEX_POINT('',#10400);
#2530=VERTEX_POINT('',#10403);
#2531=VERTEX_POINT('',#10407);
#2532=VERTEX_POINT('',#10411);
#2533=VERTEX_POINT('',#10417);
#2534=VERTEX_POINT('',#10421);
#2535=VERTEX_POINT('',#10432);
#2536=VERTEX_POINT('',#10435);
#2537=VERTEX_POINT('',#10439);
#2538=VERTEX_POINT('',#10443);
#2539=VERTEX_POINT('',#10454);
#2540=VERTEX_POINT('',#10480);
#2541=VERTEX_POINT('',#10548);
#2542=VERTEX_POINT('',#10554);
#2543=VERTEX_POINT('',#10583);
#2544=VERTEX_POINT('',#10691);
#2545=VERTEX_POINT('',#10733);
#2546=VERTEX_POINT('',#10750);
#2547=EDGE_CURVE('',#2044,#2044,#1829,.T.);
#2548=EDGE_CURVE('',#2044,#2045,#1097,.T.);
#2549=EDGE_CURVE('',#2045,#2045,#1830,.T.);
#2550=EDGE_CURVE('',#2044,#2046,#1098,.T.);
#2551=EDGE_CURVE('',#2046,#2046,#1831,.T.);
#2552=EDGE_CURVE('',#2047,#2047,#1832,.T.);
#2553=EDGE_CURVE('',#2048,#2048,#1833,.T.);
#2554=EDGE_CURVE('',#2047,#2049,#1099,.T.);
#2555=EDGE_CURVE('',#2049,#2049,#1834,.T.);
#2556=EDGE_CURVE('',#2050,#2051,#1835,.T.);
#2557=EDGE_CURVE('',#2052,#2050,#188,.F.);
#2558=EDGE_CURVE('',#2053,#2052,#189,.F.);
#2559=EDGE_CURVE('',#2054,#2053,#1836,.T.);
#2560=EDGE_CURVE('',#2055,#2054,#190,.F.);
#2561=EDGE_CURVE('',#2056,#2055,#191,.F.);
#2562=EDGE_CURVE('',#2057,#2056,#1837,.T.);
#2563=EDGE_CURVE('',#2058,#2057,#192,.F.);
#2564=EDGE_CURVE('',#2059,#2058,#193,.F.);
#2565=EDGE_CURVE('',#2060,#2059,#1838,.T.);
#2566=EDGE_CURVE('',#2061,#2060,#194,.F.);
#2567=EDGE_CURVE('',#2062,#2061,#195,.F.);
#2568=EDGE_CURVE('',#2063,#2062,#1839,.T.);
#2569=EDGE_CURVE('',#2064,#2063,#196,.F.);
#2570=EDGE_CURVE('',#2065,#2064,#197,.F.);
#2571=EDGE_CURVE('',#2066,#2065,#1840,.T.);
#2572=EDGE_CURVE('',#2067,#2066,#198,.F.);
#2573=EDGE_CURVE('',#2068,#2067,#199,.F.);
#2574=EDGE_CURVE('',#2069,#2068,#1841,.T.);
#2575=EDGE_CURVE('',#2070,#2069,#200,.F.);
#2576=EDGE_CURVE('',#2071,#2070,#201,.F.);
#2577=EDGE_CURVE('',#2072,#2071,#1842,.T.);
#2578=EDGE_CURVE('',#2073,#2072,#202,.F.);
#2579=EDGE_CURVE('',#2074,#2073,#203,.F.);
#2580=EDGE_CURVE('',#2075,#2074,#1843,.T.);
#2581=EDGE_CURVE('',#2076,#2075,#204,.F.);
#2582=EDGE_CURVE('',#2077,#2076,#205,.F.);
#2583=EDGE_CURVE('',#2078,#2077,#1844,.T.);
#2584=EDGE_CURVE('',#2079,#2078,#206,.F.);
#2585=EDGE_CURVE('',#2080,#2079,#207,.F.);
#2586=EDGE_CURVE('',#2081,#2080,#1845,.T.);
#2587=EDGE_CURVE('',#2082,#2081,#208,.F.);
#2588=EDGE_CURVE('',#2083,#2082,#209,.F.);
#2589=EDGE_CURVE('',#2084,#2083,#1846,.T.);
#2590=EDGE_CURVE('',#2085,#2084,#210,.F.);
#2591=EDGE_CURVE('',#2086,#2085,#211,.F.);
#2592=EDGE_CURVE('',#2087,#2086,#1847,.T.);
#2593=EDGE_CURVE('',#2088,#2087,#212,.F.);
#2594=EDGE_CURVE('',#2089,#2088,#213,.F.);
#2595=EDGE_CURVE('',#2090,#2089,#1848,.T.);
#2596=EDGE_CURVE('',#2091,#2090,#214,.F.);
#2597=EDGE_CURVE('',#2092,#2091,#215,.F.);
#2598=EDGE_CURVE('',#2093,#2092,#1849,.T.);
#2599=EDGE_CURVE('',#2094,#2093,#216,.F.);
#2600=EDGE_CURVE('',#2095,#2094,#217,.F.);
#2601=EDGE_CURVE('',#2096,#2095,#1850,.T.);
#2602=EDGE_CURVE('',#2097,#2096,#218,.F.);
#2603=EDGE_CURVE('',#2098,#2097,#219,.F.);
#2604=EDGE_CURVE('',#2099,#2098,#1851,.T.);
#2605=EDGE_CURVE('',#2100,#2099,#220,.F.);
#2606=EDGE_CURVE('',#2101,#2100,#221,.F.);
#2607=EDGE_CURVE('',#2102,#2101,#1852,.T.);
#2608=EDGE_CURVE('',#2103,#2102,#222,.F.);
#2609=EDGE_CURVE('',#2104,#2103,#223,.F.);
#2610=EDGE_CURVE('',#2105,#2104,#1853,.T.);
#2611=EDGE_CURVE('',#2106,#2105,#224,.F.);
#2612=EDGE_CURVE('',#2107,#2106,#225,.F.);
#2613=EDGE_CURVE('',#2108,#2107,#1854,.T.);
#2614=EDGE_CURVE('',#2109,#2108,#226,.F.);
#2615=EDGE_CURVE('',#2110,#2109,#227,.F.);
#2616=EDGE_CURVE('',#2111,#2110,#1855,.T.);
#2617=EDGE_CURVE('',#2112,#2111,#228,.F.);
#2618=EDGE_CURVE('',#2113,#2112,#229,.F.);
#2619=EDGE_CURVE('',#2114,#2113,#1856,.T.);
#2620=EDGE_CURVE('',#2115,#2114,#230,.F.);
#2621=EDGE_CURVE('',#2116,#2115,#231,.F.);
#2622=EDGE_CURVE('',#2117,#2116,#1857,.T.);
#2623=EDGE_CURVE('',#2118,#2117,#232,.F.);
#2624=EDGE_CURVE('',#2119,#2118,#233,.F.);
#2625=EDGE_CURVE('',#2120,#2119,#1858,.T.);
#2626=EDGE_CURVE('',#2121,#2120,#234,.F.);
#2627=EDGE_CURVE('',#2122,#2121,#235,.F.);
#2628=EDGE_CURVE('',#2123,#2122,#1859,.T.);
#2629=EDGE_CURVE('',#2124,#2123,#236,.F.);
#2630=EDGE_CURVE('',#2125,#2124,#237,.F.);
#2631=EDGE_CURVE('',#2126,#2125,#1860,.T.);
#2632=EDGE_CURVE('',#2126,#2048,#1100,.T.);
#2633=EDGE_CURVE('',#2127,#2126,#1861,.T.);
#2634=EDGE_CURVE('',#2128,#2127,#238,.F.);
#2635=EDGE_CURVE('',#2129,#2128,#239,.F.);
#2636=EDGE_CURVE('',#2130,#2129,#1862,.T.);
#2637=EDGE_CURVE('',#2131,#2130,#240,.F.);
#2638=EDGE_CURVE('',#2132,#2131,#241,.F.);
#2639=EDGE_CURVE('',#2133,#2132,#1863,.T.);
#2640=EDGE_CURVE('',#2134,#2133,#242,.F.);
#2641=EDGE_CURVE('',#2135,#2134,#243,.F.);
#2642=EDGE_CURVE('',#2136,#2135,#1864,.T.);
#2643=EDGE_CURVE('',#2137,#2136,#244,.F.);
#2644=EDGE_CURVE('',#2138,#2137,#245,.F.);
#2645=EDGE_CURVE('',#2139,#2138,#1865,.T.);
#2646=EDGE_CURVE('',#2140,#2139,#246,.F.);
#2647=EDGE_CURVE('',#2141,#2140,#247,.F.);
#2648=EDGE_CURVE('',#2142,#2141,#1866,.T.);
#2649=EDGE_CURVE('',#2143,#2142,#248,.F.);
#2650=EDGE_CURVE('',#2144,#2143,#249,.F.);
#2651=EDGE_CURVE('',#2145,#2144,#1867,.T.);
#2652=EDGE_CURVE('',#2146,#2145,#250,.F.);
#2653=EDGE_CURVE('',#2147,#2146,#251,.F.);
#2654=EDGE_CURVE('',#2148,#2147,#1868,.T.);
#2655=EDGE_CURVE('',#2149,#2148,#252,.F.);
#2656=EDGE_CURVE('',#2150,#2149,#253,.F.);
#2657=EDGE_CURVE('',#2151,#2150,#1869,.T.);
#2658=EDGE_CURVE('',#2152,#2151,#254,.F.);
#2659=EDGE_CURVE('',#2153,#2152,#255,.F.);
#2660=EDGE_CURVE('',#2154,#2153,#1870,.T.);
#2661=EDGE_CURVE('',#2155,#2154,#256,.F.);
#2662=EDGE_CURVE('',#2156,#2155,#257,.F.);
#2663=EDGE_CURVE('',#2157,#2156,#1871,.T.);
#2664=EDGE_CURVE('',#2158,#2157,#258,.F.);
#2665=EDGE_CURVE('',#2159,#2158,#259,.F.);
#2666=EDGE_CURVE('',#2160,#2159,#1872,.T.);
#2667=EDGE_CURVE('',#2161,#2160,#260,.F.);
#2668=EDGE_CURVE('',#2162,#2161,#261,.F.);
#2669=EDGE_CURVE('',#2163,#2162,#1873,.T.);
#2670=EDGE_CURVE('',#2164,#2163,#262,.F.);
#2671=EDGE_CURVE('',#2165,#2164,#263,.F.);
#2672=EDGE_CURVE('',#2166,#2165,#1874,.T.);
#2673=EDGE_CURVE('',#2167,#2166,#264,.F.);
#2674=EDGE_CURVE('',#2168,#2167,#265,.F.);
#2675=EDGE_CURVE('',#2169,#2168,#1875,.T.);
#2676=EDGE_CURVE('',#2170,#2169,#266,.F.);
#2677=EDGE_CURVE('',#2171,#2170,#267,.F.);
#2678=EDGE_CURVE('',#2172,#2171,#1876,.T.);
#2679=EDGE_CURVE('',#2173,#2172,#268,.F.);
#2680=EDGE_CURVE('',#2174,#2173,#269,.F.);
#2681=EDGE_CURVE('',#2175,#2174,#1877,.T.);
#2682=EDGE_CURVE('',#2176,#2175,#270,.F.);
#2683=EDGE_CURVE('',#2177,#2176,#271,.F.);
#2684=EDGE_CURVE('',#2178,#2177,#1878,.T.);
#2685=EDGE_CURVE('',#2179,#2178,#272,.F.);
#2686=EDGE_CURVE('',#2180,#2179,#273,.F.);
#2687=EDGE_CURVE('',#2181,#2180,#1879,.T.);
#2688=EDGE_CURVE('',#2182,#2181,#274,.F.);
#2689=EDGE_CURVE('',#2183,#2182,#275,.F.);
#2690=EDGE_CURVE('',#2184,#2183,#1880,.T.);
#2691=EDGE_CURVE('',#2185,#2184,#276,.F.);
#2692=EDGE_CURVE('',#2186,#2185,#277,.F.);
#2693=EDGE_CURVE('',#2187,#2186,#1881,.T.);
#2694=EDGE_CURVE('',#2188,#2187,#278,.F.);
#2695=EDGE_CURVE('',#2189,#2188,#279,.F.);
#2696=EDGE_CURVE('',#2190,#2189,#1882,.T.);
#2697=EDGE_CURVE('',#2191,#2190,#280,.F.);
#2698=EDGE_CURVE('',#2192,#2191,#281,.F.);
#2699=EDGE_CURVE('',#2193,#2192,#1883,.T.);
#2700=EDGE_CURVE('',#2194,#2193,#282,.F.);
#2701=EDGE_CURVE('',#2195,#2194,#283,.F.);
#2702=EDGE_CURVE('',#2196,#2195,#1884,.T.);
#2703=EDGE_CURVE('',#2197,#2196,#284,.F.);
#2704=EDGE_CURVE('',#2198,#2197,#285,.F.);
#2705=EDGE_CURVE('',#2199,#2198,#1885,.T.);
#2706=EDGE_CURVE('',#2200,#2199,#286,.F.);
#2707=EDGE_CURVE('',#2051,#2200,#287,.F.);
#2708=EDGE_CURVE('',#2201,#2202,#1886,.T.);
#2709=EDGE_CURVE('',#2202,#2203,#1101,.T.);
#2710=EDGE_CURVE('',#2203,#2204,#1102,.T.);
#2711=EDGE_CURVE('',#2204,#2201,#1103,.T.);
#2712=EDGE_CURVE('',#2205,#2206,#1887,.T.);
#2713=EDGE_CURVE('',#2205,#2050,#1104,.T.);
#2714=EDGE_CURVE('',#2206,#2051,#1105,.T.);
#2715=EDGE_CURVE('',#2207,#2052,#1106,.T.);
#2716=EDGE_CURVE('',#2207,#2205,#1107,.T.);
#2717=EDGE_CURVE('',#2208,#2207,#1108,.T.);
#2718=EDGE_CURVE('',#2208,#2053,#1109,.T.);
#2719=EDGE_CURVE('',#2209,#2208,#1888,.T.);
#2720=EDGE_CURVE('',#2209,#2054,#1110,.T.);
#2721=EDGE_CURVE('',#2210,#2055,#1111,.T.);
#2722=EDGE_CURVE('',#2210,#2209,#1112,.T.);
#2723=EDGE_CURVE('',#2211,#2210,#1113,.T.);
#2724=EDGE_CURVE('',#2211,#2056,#1114,.T.);
#2725=EDGE_CURVE('',#2212,#2211,#1889,.T.);
#2726=EDGE_CURVE('',#2212,#2057,#1115,.T.);
#2727=EDGE_CURVE('',#2213,#2058,#1116,.T.);
#2728=EDGE_CURVE('',#2213,#2212,#1117,.T.);
#2729=EDGE_CURVE('',#2214,#2213,#1118,.T.);
#2730=EDGE_CURVE('',#2214,#2059,#1119,.T.);
#2731=EDGE_CURVE('',#2215,#2214,#1890,.T.);
#2732=EDGE_CURVE('',#2215,#2060,#1120,.T.);
#2733=EDGE_CURVE('',#2216,#2061,#1121,.T.);
#2734=EDGE_CURVE('',#2216,#2215,#1122,.T.);
#2735=EDGE_CURVE('',#2217,#2216,#1123,.T.);
#2736=EDGE_CURVE('',#2217,#2062,#1124,.T.);
#2737=EDGE_CURVE('',#2218,#2217,#1891,.T.);
#2738=EDGE_CURVE('',#2218,#2063,#1125,.T.);
#2739=EDGE_CURVE('',#2219,#2064,#1126,.T.);
#2740=EDGE_CURVE('',#2219,#2218,#1127,.T.);
#2741=EDGE_CURVE('',#2220,#2219,#1128,.T.);
#2742=EDGE_CURVE('',#2220,#2065,#1129,.T.);
#2743=EDGE_CURVE('',#2221,#2220,#1892,.T.);
#2744=EDGE_CURVE('',#2221,#2066,#1130,.T.);
#2745=EDGE_CURVE('',#2222,#2067,#1131,.T.);
#2746=EDGE_CURVE('',#2222,#2221,#1132,.T.);
#2747=EDGE_CURVE('',#2223,#2222,#1133,.T.);
#2748=EDGE_CURVE('',#2223,#2068,#1134,.T.);
#2749=EDGE_CURVE('',#2224,#2223,#1893,.T.);
#2750=EDGE_CURVE('',#2224,#2069,#1135,.T.);
#2751=EDGE_CURVE('',#2225,#2070,#1136,.T.);
#2752=EDGE_CURVE('',#2225,#2224,#1137,.T.);
#2753=EDGE_CURVE('',#2226,#2225,#1138,.T.);
#2754=EDGE_CURVE('',#2226,#2071,#1139,.T.);
#2755=EDGE_CURVE('',#2227,#2226,#1894,.T.);
#2756=EDGE_CURVE('',#2227,#2072,#1140,.T.);
#2757=EDGE_CURVE('',#2228,#2073,#1141,.T.);
#2758=EDGE_CURVE('',#2228,#2227,#1142,.T.);
#2759=EDGE_CURVE('',#2229,#2228,#1143,.T.);
#2760=EDGE_CURVE('',#2229,#2074,#1144,.T.);
#2761=EDGE_CURVE('',#2230,#2229,#1895,.T.);
#2762=EDGE_CURVE('',#2230,#2075,#1145,.T.);
#2763=EDGE_CURVE('',#2231,#2076,#1146,.T.);
#2764=EDGE_CURVE('',#2231,#2230,#1147,.T.);
#2765=EDGE_CURVE('',#2232,#2231,#1148,.T.);
#2766=EDGE_CURVE('',#2232,#2077,#1149,.T.);
#2767=EDGE_CURVE('',#2233,#2232,#1896,.T.);
#2768=EDGE_CURVE('',#2233,#2078,#1150,.T.);
#2769=EDGE_CURVE('',#2234,#2079,#1151,.T.);
#2770=EDGE_CURVE('',#2234,#2233,#1152,.T.);
#2771=EDGE_CURVE('',#2235,#2234,#1153,.T.);
#2772=EDGE_CURVE('',#2235,#2080,#1154,.T.);
#2773=EDGE_CURVE('',#2236,#2235,#1897,.T.);
#2774=EDGE_CURVE('',#2236,#2081,#1155,.T.);
#2775=EDGE_CURVE('',#2237,#2082,#1156,.T.);
#2776=EDGE_CURVE('',#2237,#2236,#1157,.T.);
#2777=EDGE_CURVE('',#2238,#2237,#1158,.T.);
#2778=EDGE_CURVE('',#2238,#2083,#1159,.T.);
#2779=EDGE_CURVE('',#2239,#2238,#1898,.T.);
#2780=EDGE_CURVE('',#2239,#2084,#1160,.T.);
#2781=EDGE_CURVE('',#2240,#2085,#1161,.T.);
#2782=EDGE_CURVE('',#2240,#2239,#1162,.T.);
#2783=EDGE_CURVE('',#2241,#2240,#1163,.T.);
#2784=EDGE_CURVE('',#2241,#2086,#1164,.T.);
#2785=EDGE_CURVE('',#2242,#2241,#1899,.T.);
#2786=EDGE_CURVE('',#2242,#2087,#1165,.T.);
#2787=EDGE_CURVE('',#2243,#2088,#1166,.T.);
#2788=EDGE_CURVE('',#2243,#2242,#1167,.T.);
#2789=EDGE_CURVE('',#2244,#2243,#1168,.T.);
#2790=EDGE_CURVE('',#2244,#2089,#1169,.T.);
#2791=EDGE_CURVE('',#2245,#2244,#1900,.T.);
#2792=EDGE_CURVE('',#2245,#2090,#1170,.T.);
#2793=EDGE_CURVE('',#2246,#2091,#1171,.T.);
#2794=EDGE_CURVE('',#2246,#2245,#1172,.T.);
#2795=EDGE_CURVE('',#2247,#2246,#1173,.T.);
#2796=EDGE_CURVE('',#2247,#2092,#1174,.T.);
#2797=EDGE_CURVE('',#2248,#2247,#1901,.T.);
#2798=EDGE_CURVE('',#2248,#2093,#1175,.T.);
#2799=EDGE_CURVE('',#2249,#2094,#1176,.T.);
#2800=EDGE_CURVE('',#2249,#2248,#1177,.T.);
#2801=EDGE_CURVE('',#2250,#2249,#1178,.T.);
#2802=EDGE_CURVE('',#2250,#2095,#1179,.T.);
#2803=EDGE_CURVE('',#2251,#2250,#1902,.T.);
#2804=EDGE_CURVE('',#2251,#2096,#1180,.T.);
#2805=EDGE_CURVE('',#2252,#2097,#1181,.T.);
#2806=EDGE_CURVE('',#2252,#2251,#1182,.T.);
#2807=EDGE_CURVE('',#2253,#2252,#1183,.T.);
#2808=EDGE_CURVE('',#2253,#2098,#1184,.T.);
#2809=EDGE_CURVE('',#2254,#2253,#1903,.T.);
#2810=EDGE_CURVE('',#2254,#2099,#1185,.T.);
#2811=EDGE_CURVE('',#2255,#2100,#1186,.T.);
#2812=EDGE_CURVE('',#2255,#2254,#1187,.T.);
#2813=EDGE_CURVE('',#2256,#2255,#1188,.T.);
#2814=EDGE_CURVE('',#2256,#2101,#1189,.T.);
#2815=EDGE_CURVE('',#2257,#2256,#1904,.T.);
#2816=EDGE_CURVE('',#2257,#2102,#1190,.T.);
#2817=EDGE_CURVE('',#2258,#2103,#1191,.T.);
#2818=EDGE_CURVE('',#2258,#2257,#1192,.T.);
#2819=EDGE_CURVE('',#2259,#2258,#1193,.T.);
#2820=EDGE_CURVE('',#2259,#2104,#1194,.T.);
#2821=EDGE_CURVE('',#2260,#2259,#1905,.T.);
#2822=EDGE_CURVE('',#2260,#2105,#1195,.T.);
#2823=EDGE_CURVE('',#2261,#2106,#1196,.T.);
#2824=EDGE_CURVE('',#2261,#2260,#1197,.T.);
#2825=EDGE_CURVE('',#2262,#2261,#1198,.T.);
#2826=EDGE_CURVE('',#2262,#2107,#1199,.T.);
#2827=EDGE_CURVE('',#2263,#2262,#1906,.T.);
#2828=EDGE_CURVE('',#2263,#2108,#1200,.T.);
#2829=EDGE_CURVE('',#2264,#2109,#1201,.T.);
#2830=EDGE_CURVE('',#2264,#2263,#1202,.T.);
#2831=EDGE_CURVE('',#2265,#2264,#1203,.T.);
#2832=EDGE_CURVE('',#2265,#2110,#1204,.T.);
#2833=EDGE_CURVE('',#2266,#2265,#1907,.T.);
#2834=EDGE_CURVE('',#2266,#2111,#1205,.T.);
#2835=EDGE_CURVE('',#2267,#2112,#1206,.T.);
#2836=EDGE_CURVE('',#2267,#2266,#1207,.T.);
#2837=EDGE_CURVE('',#2268,#2267,#1208,.T.);
#2838=EDGE_CURVE('',#2268,#2113,#1209,.T.);
#2839=EDGE_CURVE('',#2269,#2268,#1908,.T.);
#2840=EDGE_CURVE('',#2269,#2114,#1210,.T.);
#2841=EDGE_CURVE('',#2270,#2115,#1211,.T.);
#2842=EDGE_CURVE('',#2270,#2269,#1212,.T.);
#2843=EDGE_CURVE('',#2271,#2270,#1213,.T.);
#2844=EDGE_CURVE('',#2271,#2116,#1214,.T.);
#2845=EDGE_CURVE('',#2272,#2271,#1909,.T.);
#2846=EDGE_CURVE('',#2272,#2117,#1215,.T.);
#2847=EDGE_CURVE('',#2273,#2118,#1216,.T.);
#2848=EDGE_CURVE('',#2273,#2272,#1217,.T.);
#2849=EDGE_CURVE('',#2274,#2273,#1218,.T.);
#2850=EDGE_CURVE('',#2274,#2119,#1219,.T.);
#2851=EDGE_CURVE('',#2275,#2274,#1910,.T.);
#2852=EDGE_CURVE('',#2275,#2120,#1220,.T.);
#2853=EDGE_CURVE('',#2276,#2121,#1221,.T.);
#2854=EDGE_CURVE('',#2276,#2275,#1222,.T.);
#2855=EDGE_CURVE('',#2277,#2276,#1223,.T.);
#2856=EDGE_CURVE('',#2277,#2122,#1224,.T.);
#2857=EDGE_CURVE('',#2278,#2277,#1911,.T.);
#2858=EDGE_CURVE('',#2278,#2123,#1225,.T.);
#2859=EDGE_CURVE('',#2279,#2124,#1226,.T.);
#2860=EDGE_CURVE('',#2279,#2278,#1227,.T.);
#2861=EDGE_CURVE('',#2280,#2279,#1228,.T.);
#2862=EDGE_CURVE('',#2280,#2125,#1229,.T.);
#2863=EDGE_CURVE('',#2281,#2127,#1230,.T.);
#2864=EDGE_CURVE('',#2281,#2280,#1912,.T.);
#2865=EDGE_CURVE('',#2282,#2128,#1231,.T.);
#2866=EDGE_CURVE('',#2282,#2281,#1232,.T.);
#2867=EDGE_CURVE('',#2283,#2282,#1233,.T.);
#2868=EDGE_CURVE('',#2283,#2129,#1234,.T.);
#2869=EDGE_CURVE('',#2284,#2130,#1235,.T.);
#2870=EDGE_CURVE('',#2284,#2283,#1913,.T.);
#2871=EDGE_CURVE('',#2285,#2131,#1236,.T.);
#2872=EDGE_CURVE('',#2285,#2284,#1237,.T.);
#2873=EDGE_CURVE('',#2286,#2285,#1238,.T.);
#2874=EDGE_CURVE('',#2286,#2132,#1239,.T.);
#2875=EDGE_CURVE('',#2287,#2133,#1240,.T.);
#2876=EDGE_CURVE('',#2287,#2286,#1914,.T.);
#2877=EDGE_CURVE('',#2288,#2134,#1241,.T.);
#2878=EDGE_CURVE('',#2288,#2287,#1242,.T.);
#2879=EDGE_CURVE('',#2289,#2288,#1243,.T.);
#2880=EDGE_CURVE('',#2289,#2135,#1244,.T.);
#2881=EDGE_CURVE('',#2290,#2136,#1245,.T.);
#2882=EDGE_CURVE('',#2290,#2289,#1915,.T.);
#2883=EDGE_CURVE('',#2291,#2137,#1246,.T.);
#2884=EDGE_CURVE('',#2291,#2290,#1247,.T.);
#2885=EDGE_CURVE('',#2292,#2291,#1248,.T.);
#2886=EDGE_CURVE('',#2292,#2138,#1249,.T.);
#2887=EDGE_CURVE('',#2293,#2139,#1250,.T.);
#2888=EDGE_CURVE('',#2293,#2292,#1916,.T.);
#2889=EDGE_CURVE('',#2294,#2140,#1251,.T.);
#2890=EDGE_CURVE('',#2294,#2293,#1252,.T.);
#2891=EDGE_CURVE('',#2295,#2294,#1253,.T.);
#2892=EDGE_CURVE('',#2295,#2141,#1254,.T.);
#2893=EDGE_CURVE('',#2296,#2142,#1255,.T.);
#2894=EDGE_CURVE('',#2296,#2295,#1917,.T.);
#2895=EDGE_CURVE('',#2297,#2143,#1256,.T.);
#2896=EDGE_CURVE('',#2297,#2296,#1257,.T.);
#2897=EDGE_CURVE('',#2298,#2297,#1258,.T.);
#2898=EDGE_CURVE('',#2298,#2144,#1259,.T.);
#2899=EDGE_CURVE('',#2299,#2145,#1260,.T.);
#2900=EDGE_CURVE('',#2299,#2298,#1918,.T.);
#2901=EDGE_CURVE('',#2300,#2146,#1261,.T.);
#2902=EDGE_CURVE('',#2300,#2299,#1262,.T.);
#2903=EDGE_CURVE('',#2301,#2300,#1263,.T.);
#2904=EDGE_CURVE('',#2301,#2147,#1264,.T.);
#2905=EDGE_CURVE('',#2302,#2148,#1265,.T.);
#2906=EDGE_CURVE('',#2302,#2301,#1919,.T.);
#2907=EDGE_CURVE('',#2303,#2149,#1266,.T.);
#2908=EDGE_CURVE('',#2303,#2302,#1267,.T.);
#2909=EDGE_CURVE('',#2304,#2303,#1268,.T.);
#2910=EDGE_CURVE('',#2304,#2150,#1269,.T.);
#2911=EDGE_CURVE('',#2305,#2151,#1270,.T.);
#2912=EDGE_CURVE('',#2305,#2304,#1920,.T.);
#2913=EDGE_CURVE('',#2306,#2152,#1271,.T.);
#2914=EDGE_CURVE('',#2306,#2305,#1272,.T.);
#2915=EDGE_CURVE('',#2307,#2306,#1273,.T.);
#2916=EDGE_CURVE('',#2307,#2153,#1274,.T.);
#2917=EDGE_CURVE('',#2308,#2154,#1275,.T.);
#2918=EDGE_CURVE('',#2308,#2307,#1921,.T.);
#2919=EDGE_CURVE('',#2309,#2155,#1276,.T.);
#2920=EDGE_CURVE('',#2309,#2308,#1277,.T.);
#2921=EDGE_CURVE('',#2310,#2309,#1278,.T.);
#2922=EDGE_CURVE('',#2310,#2156,#1279,.T.);
#2923=EDGE_CURVE('',#2311,#2157,#1280,.T.);
#2924=EDGE_CURVE('',#2311,#2310,#1922,.T.);
#2925=EDGE_CURVE('',#2312,#2158,#1281,.T.);
#2926=EDGE_CURVE('',#2312,#2311,#1282,.T.);
#2927=EDGE_CURVE('',#2313,#2312,#1283,.T.);
#2928=EDGE_CURVE('',#2313,#2159,#1284,.T.);
#2929=EDGE_CURVE('',#2314,#2160,#1285,.T.);
#2930=EDGE_CURVE('',#2314,#2313,#1923,.T.);
#2931=EDGE_CURVE('',#2315,#2161,#1286,.T.);
#2932=EDGE_CURVE('',#2315,#2314,#1287,.T.);
#2933=EDGE_CURVE('',#2316,#2315,#1288,.T.);
#2934=EDGE_CURVE('',#2316,#2162,#1289,.T.);
#2935=EDGE_CURVE('',#2317,#2163,#1290,.T.);
#2936=EDGE_CURVE('',#2317,#2316,#1924,.T.);
#2937=EDGE_CURVE('',#2318,#2164,#1291,.T.);
#2938=EDGE_CURVE('',#2318,#2317,#1292,.T.);
#2939=EDGE_CURVE('',#2319,#2318,#1293,.T.);
#2940=EDGE_CURVE('',#2319,#2165,#1294,.T.);
#2941=EDGE_CURVE('',#2320,#2166,#1295,.T.);
#2942=EDGE_CURVE('',#2320,#2319,#1925,.T.);
#2943=EDGE_CURVE('',#2321,#2167,#1296,.T.);
#2944=EDGE_CURVE('',#2321,#2320,#1297,.T.);
#2945=EDGE_CURVE('',#2322,#2321,#1298,.T.);
#2946=EDGE_CURVE('',#2322,#2168,#1299,.T.);
#2947=EDGE_CURVE('',#2323,#2169,#1300,.T.);
#2948=EDGE_CURVE('',#2323,#2322,#1926,.T.);
#2949=EDGE_CURVE('',#2324,#2170,#1301,.T.);
#2950=EDGE_CURVE('',#2324,#2323,#1302,.T.);
#2951=EDGE_CURVE('',#2325,#2324,#1303,.T.);
#2952=EDGE_CURVE('',#2325,#2171,#1304,.T.);
#2953=EDGE_CURVE('',#2326,#2172,#1305,.T.);
#2954=EDGE_CURVE('',#2326,#2325,#1927,.T.);
#2955=EDGE_CURVE('',#2327,#2173,#1306,.T.);
#2956=EDGE_CURVE('',#2327,#2326,#1307,.T.);
#2957=EDGE_CURVE('',#2328,#2327,#1308,.T.);
#2958=EDGE_CURVE('',#2328,#2174,#1309,.T.);
#2959=EDGE_CURVE('',#2329,#2175,#1310,.T.);
#2960=EDGE_CURVE('',#2329,#2328,#1928,.T.);
#2961=EDGE_CURVE('',#2330,#2176,#1311,.T.);
#2962=EDGE_CURVE('',#2330,#2329,#1312,.T.);
#2963=EDGE_CURVE('',#2331,#2330,#1313,.T.);
#2964=EDGE_CURVE('',#2331,#2177,#1314,.T.);
#2965=EDGE_CURVE('',#2332,#2178,#1315,.T.);
#2966=EDGE_CURVE('',#2332,#2331,#1929,.T.);
#2967=EDGE_CURVE('',#2333,#2179,#1316,.T.);
#2968=EDGE_CURVE('',#2333,#2332,#1317,.T.);
#2969=EDGE_CURVE('',#2334,#2333,#1318,.T.);
#2970=EDGE_CURVE('',#2334,#2180,#1319,.T.);
#2971=EDGE_CURVE('',#2335,#2181,#1320,.T.);
#2972=EDGE_CURVE('',#2335,#2334,#1930,.T.);
#2973=EDGE_CURVE('',#2336,#2182,#1321,.T.);
#2974=EDGE_CURVE('',#2336,#2335,#1322,.T.);
#2975=EDGE_CURVE('',#2337,#2336,#1323,.T.);
#2976=EDGE_CURVE('',#2337,#2183,#1324,.T.);
#2977=EDGE_CURVE('',#2338,#2184,#1325,.T.);
#2978=EDGE_CURVE('',#2338,#2337,#1931,.T.);
#2979=EDGE_CURVE('',#2339,#2185,#1326,.T.);
#2980=EDGE_CURVE('',#2339,#2338,#1327,.T.);
#2981=EDGE_CURVE('',#2340,#2339,#1328,.T.);
#2982=EDGE_CURVE('',#2340,#2186,#1329,.T.);
#2983=EDGE_CURVE('',#2341,#2187,#1330,.T.);
#2984=EDGE_CURVE('',#2341,#2340,#1932,.T.);
#2985=EDGE_CURVE('',#2342,#2188,#1331,.T.);
#2986=EDGE_CURVE('',#2342,#2341,#1332,.T.);
#2987=EDGE_CURVE('',#2343,#2342,#1333,.T.);
#2988=EDGE_CURVE('',#2343,#2189,#1334,.T.);
#2989=EDGE_CURVE('',#2344,#2190,#1335,.T.);
#2990=EDGE_CURVE('',#2344,#2343,#1933,.T.);
#2991=EDGE_CURVE('',#2345,#2191,#1336,.T.);
#2992=EDGE_CURVE('',#2345,#2344,#1337,.T.);
#2993=EDGE_CURVE('',#2346,#2345,#1338,.T.);
#2994=EDGE_CURVE('',#2346,#2192,#1339,.T.);
#2995=EDGE_CURVE('',#2347,#2193,#1340,.T.);
#2996=EDGE_CURVE('',#2347,#2346,#1934,.T.);
#2997=EDGE_CURVE('',#2348,#2194,#1341,.T.);
#2998=EDGE_CURVE('',#2348,#2347,#1342,.T.);
#2999=EDGE_CURVE('',#2349,#2348,#1343,.T.);
#3000=EDGE_CURVE('',#2349,#2195,#1344,.T.);
#3001=EDGE_CURVE('',#2350,#2196,#1345,.T.);
#3002=EDGE_CURVE('',#2350,#2349,#1935,.T.);
#3003=EDGE_CURVE('',#2351,#2197,#1346,.T.);
#3004=EDGE_CURVE('',#2351,#2350,#1347,.T.);
#3005=EDGE_CURVE('',#2352,#2351,#1348,.T.);
#3006=EDGE_CURVE('',#2352,#2198,#1349,.T.);
#3007=EDGE_CURVE('',#2353,#2199,#1350,.T.);
#3008=EDGE_CURVE('',#2353,#2352,#1936,.T.);
#3009=EDGE_CURVE('',#2354,#2200,#1351,.T.);
#3010=EDGE_CURVE('',#2354,#2353,#1352,.T.);
#3011=EDGE_CURVE('',#2206,#2354,#1353,.T.);
#3012=EDGE_CURVE('',#2355,#2356,#1937,.T.);
#3013=EDGE_CURVE('',#2356,#2357,#1938,.T.);
#3014=EDGE_CURVE('',#2202,#2357,#1354,.T.);
#3015=EDGE_CURVE('',#2201,#2355,#1355,.T.);
#3016=EDGE_CURVE('',#2357,#2358,#169,.T.);
#3017=EDGE_CURVE('',#2358,#2359,#1356,.T.);
#3018=EDGE_CURVE('',#2359,#2360,#1357,.T.);
#3019=EDGE_CURVE('',#2203,#2360,#1358,.T.);
#3020=EDGE_CURVE('',#2361,#2360,#1939,.T.);
#3021=EDGE_CURVE('',#2204,#2361,#1359,.T.);
#3022=EDGE_CURVE('',#2362,#2363,#1360,.T.);
#3023=EDGE_CURVE('',#2362,#2364,#1940,.T.);
#3024=EDGE_CURVE('',#2365,#2364,#1361,.T.);
#3025=EDGE_CURVE('',#2365,#2363,#1941,.T.);
#3026=EDGE_CURVE('',#2366,#2361,#1362,.T.);
#3027=EDGE_CURVE('',#2367,#2366,#1363,.T.);
#3028=EDGE_CURVE('',#2355,#2367,#170,.T.);
#3029=EDGE_CURVE('',#2368,#2368,#1942,.T.);
#3030=EDGE_CURVE('',#2369,#2369,#1943,.T.);
#3031=EDGE_CURVE('',#2369,#2356,#1944,.T.);
#3032=EDGE_CURVE('',#2370,#2367,#116,.T.);
#3033=EDGE_CURVE('',#2371,#2370,#1945,.T.);
#3034=EDGE_CURVE('',#2371,#2358,#117,.T.);
#3035=EDGE_CURVE('',#2366,#2359,#1946,.T.);
#3036=EDGE_CURVE('',#2372,#2370,#1364,.T.);
#3037=EDGE_CURVE('',#2373,#2371,#1365,.T.);
#3038=EDGE_CURVE('',#2372,#2373,#1366,.T.);
#3039=EDGE_CURVE('',#2374,#2375,#1947,.T.);
#3040=EDGE_CURVE('',#2376,#2374,#1367,.T.);
#3041=EDGE_CURVE('',#2377,#2376,#1948,.T.);
#3042=EDGE_CURVE('',#2375,#2377,#1368,.T.);
#3043=EDGE_CURVE('',#2374,#2362,#1369,.T.);
#3044=EDGE_CURVE('',#2376,#2363,#1370,.T.);
#3045=EDGE_CURVE('',#2377,#2365,#1371,.T.);
#3046=EDGE_CURVE('',#2375,#2364,#1372,.T.);
#3047=EDGE_CURVE('',#2368,#2378,#1373,.T.);
#3048=EDGE_CURVE('',#2378,#2378,#1949,.T.);
#3049=EDGE_CURVE('',#2373,#2372,#1950,.T.);
#3050=EDGE_CURVE('',#2379,#2379,#1951,.T.);
#3051=EDGE_CURVE('',#2379,#2369,#1374,.T.);
#3052=EDGE_CURVE('',#2378,#2379,#1375,.T.);
#3053=EDGE_CURVE('',#2380,#2381,#1952,.T.);
#3054=EDGE_CURVE('',#2380,#2382,#1376,.T.);
#3055=EDGE_CURVE('',#2382,#2383,#1953,.T.);
#3056=EDGE_CURVE('',#2383,#2381,#1377,.T.);
#3057=EDGE_CURVE('',#2381,#2384,#1378,.T.);
#3058=EDGE_CURVE('',#2384,#2385,#118,.T.);
#3059=EDGE_CURVE('',#2385,#2386,#1379,.T.);
#3060=EDGE_CURVE('',#2386,#2386,#1954,.T.);
#3061=EDGE_CURVE('',#2385,#2387,#119,.T.);
#3062=EDGE_CURVE('',#2380,#2387,#1380,.T.);
#3063=EDGE_CURVE('',#2382,#2388,#1381,.T.);
#3064=EDGE_CURVE('',#2388,#2387,#1382,.T.);
#3065=EDGE_CURVE('',#2389,#2389,#1955,.T.);
#3066=EDGE_CURVE('',#2389,#2390,#1383,.T.);
#3067=EDGE_CURVE('',#2391,#2390,#120,.T.);
#3068=EDGE_CURVE('',#2383,#2391,#1384,.T.);
#3069=EDGE_CURVE('',#2390,#2388,#121,.T.);
#3070=EDGE_CURVE('',#2384,#2391,#1385,.T.);
#3071=EDGE_CURVE('',#2392,#2386,#1386,.T.);
#3072=EDGE_CURVE('',#2393,#2389,#1956,.T.);
#3073=EDGE_CURVE('',#2394,#2394,#1957,.T.);
#3074=EDGE_CURVE('',#2394,#2395,#1387,.T.);
#3075=EDGE_CURVE('',#2395,#2395,#1958,.T.);
#3076=EDGE_CURVE('',#2396,#2396,#1959,.T.);
#3077=EDGE_CURVE('',#2397,#2397,#1960,.T.);
#3078=EDGE_CURVE('',#2397,#2396,#1388,.T.);
#3079=EDGE_CURVE('',#2398,#2398,#1961,.T.);
#3080=EDGE_CURVE('',#2399,#2399,#1962,.T.);
#3081=EDGE_CURVE('',#2399,#2398,#1389,.T.);
#3082=EDGE_CURVE('',#2399,#2394,#1390,.T.);
#3083=EDGE_CURVE('',#2400,#2401,#1391,.T.);
#3084=EDGE_CURVE('',#2400,#2402,#1963,.T.);
#3085=EDGE_CURVE('',#2402,#2403,#171,.T.);
#3086=EDGE_CURVE('',#2401,#2403,#1964,.T.);
#3087=EDGE_CURVE('',#2404,#2405,#1392,.T.);
#3088=EDGE_CURVE('',#2406,#2404,#1965,.T.);
#3089=EDGE_CURVE('',#2407,#2406,#172,.T.);
#3090=EDGE_CURVE('',#2407,#2405,#1966,.T.);
#3091=EDGE_CURVE('',#2408,#2409,#1967,.T.);
#3092=EDGE_CURVE('',#2409,#2410,#1393,.T.);
#3093=EDGE_CURVE('',#2411,#2410,#1968,.T.);
#3094=EDGE_CURVE('',#2411,#2408,#1394,.T.);
#3095=EDGE_CURVE('',#2404,#2412,#1969,.T.);
#3096=EDGE_CURVE('',#2412,#2409,#122,.F.);
#3097=EDGE_CURVE('',#2408,#2406,#123,.F.);
#3098=EDGE_CURVE('',#2412,#2413,#173,.T.);
#3099=EDGE_CURVE('',#2414,#2413,#124,.F.);
#3100=EDGE_CURVE('',#2415,#2414,#1395,.T.);
#3101=EDGE_CURVE('',#2415,#2403,#125,.F.);
#3102=EDGE_CURVE('',#2402,#2410,#288,.F.);
#3103=EDGE_CURVE('',#2416,#2400,#1970,.T.);
#3104=EDGE_CURVE('',#2411,#2416,#126,.F.);
#3105=EDGE_CURVE('',#2417,#2416,#174,.T.);
#3106=EDGE_CURVE('',#2417,#2418,#289,.F.);
#3107=EDGE_CURVE('',#2419,#2418,#1396,.T.);
#3108=EDGE_CURVE('',#2407,#2419,#127,.F.);
#3109=EDGE_CURVE('',#2405,#2413,#1971,.T.);
#3110=EDGE_CURVE('',#2419,#2414,#1972,.T.);
#3111=EDGE_CURVE('',#2418,#2415,#1973,.T.);
#3112=EDGE_CURVE('',#2417,#2401,#1974,.T.);
#3113=EDGE_CURVE('',#2420,#2420,#1975,.T.);
#3114=EDGE_CURVE('',#2420,#2421,#1397,.T.);
#3115=EDGE_CURVE('',#2421,#2421,#1976,.T.);
#3116=EDGE_CURVE('',#2420,#2422,#1398,.T.);
#3117=EDGE_CURVE('',#2422,#2422,#1977,.T.);
#3118=EDGE_CURVE('',#2421,#2423,#1399,.T.);
#3119=EDGE_CURVE('',#2423,#2423,#1978,.T.);
#3120=EDGE_CURVE('',#2424,#2425,#1979,.T.);
#3121=EDGE_CURVE('',#2426,#2424,#1980,.T.);
#3122=EDGE_CURVE('',#2427,#2426,#1981,.T.);
#3123=EDGE_CURVE('',#2428,#2427,#1982,.T.);
#3124=EDGE_CURVE('',#2429,#2428,#1983,.T.);
#3125=EDGE_CURVE('',#2425,#2429,#1984,.T.);
#3126=EDGE_CURVE('',#2430,#2431,#1985,.T.);
#3127=EDGE_CURVE('',#2431,#2432,#1986,.T.);
#3128=EDGE_CURVE('',#2432,#2433,#1987,.T.);
#3129=EDGE_CURVE('',#2433,#2434,#1988,.T.);
#3130=EDGE_CURVE('',#2434,#2435,#1989,.T.);
#3131=EDGE_CURVE('',#2435,#2430,#1990,.T.);
#3132=EDGE_CURVE('',#2425,#2436,#128,.F.);
#3133=EDGE_CURVE('',#2436,#2424,#129,.F.);
#3134=EDGE_CURVE('',#2429,#2437,#130,.F.);
#3135=EDGE_CURVE('',#2437,#2425,#131,.F.);
#3136=EDGE_CURVE('',#2428,#2438,#132,.F.);
#3137=EDGE_CURVE('',#2438,#2429,#133,.F.);
#3138=EDGE_CURVE('',#2427,#2439,#134,.F.);
#3139=EDGE_CURVE('',#2439,#2428,#135,.F.);
#3140=EDGE_CURVE('',#2426,#2440,#136,.F.);
#3141=EDGE_CURVE('',#2440,#2427,#137,.F.);
#3142=EDGE_CURVE('',#2424,#2441,#138,.F.);
#3143=EDGE_CURVE('',#2441,#2426,#139,.F.);
#3144=EDGE_CURVE('',#2430,#2442,#140,.F.);
#3145=EDGE_CURVE('',#2442,#2431,#141,.F.);
#3146=EDGE_CURVE('',#2431,#2443,#142,.F.);
#3147=EDGE_CURVE('',#2443,#2432,#143,.F.);
#3148=EDGE_CURVE('',#2432,#2444,#144,.F.);
#3149=EDGE_CURVE('',#2444,#2433,#145,.F.);
#3150=EDGE_CURVE('',#2433,#2445,#146,.F.);
#3151=EDGE_CURVE('',#2445,#2434,#147,.F.);
#3152=EDGE_CURVE('',#2434,#2446,#148,.F.);
#3153=EDGE_CURVE('',#2446,#2435,#149,.F.);
#3154=EDGE_CURVE('',#2435,#2447,#150,.F.);
#3155=EDGE_CURVE('',#2447,#2430,#151,.F.);
#3156=EDGE_CURVE('',#2442,#2436,#1400,.T.);
#3157=EDGE_CURVE('',#2443,#2437,#1401,.T.);
#3158=EDGE_CURVE('',#2447,#2441,#1402,.T.);
#3159=EDGE_CURVE('',#2444,#2438,#1403,.T.);
#3160=EDGE_CURVE('',#2445,#2439,#1404,.T.);
#3161=EDGE_CURVE('',#2446,#2440,#1405,.T.);
#3162=EDGE_CURVE('',#2448,#2448,#1991,.T.);
#3163=EDGE_CURVE('',#2448,#2449,#1406,.T.);
#3164=EDGE_CURVE('',#2449,#2449,#1992,.T.);
#3165=EDGE_CURVE('',#2449,#2450,#1407,.T.);
#3166=EDGE_CURVE('',#2450,#2450,#1993,.T.);
#3167=EDGE_CURVE('',#2451,#2452,#1408,.T.);
#3168=EDGE_CURVE('',#2452,#2453,#1994,.T.);
#3169=EDGE_CURVE('',#2453,#2454,#1409,.T.);
#3170=EDGE_CURVE('',#2454,#2455,#1995,.T.);
#3171=EDGE_CURVE('',#2455,#2456,#1996,.T.);
#3172=EDGE_CURVE('',#2456,#2457,#1997,.T.);
#3173=EDGE_CURVE('',#2457,#2458,#1410,.T.);
#3174=EDGE_CURVE('',#2458,#2459,#1998,.T.);
#3175=EDGE_CURVE('',#2460,#2459,#1411,.T.);
#3176=EDGE_CURVE('',#2460,#2451,#1412,.T.);
#3177=EDGE_CURVE('',#2461,#2461,#1999,.T.);
#3178=EDGE_CURVE('',#2462,#2463,#1413,.T.);
#3179=EDGE_CURVE('',#2462,#2464,#1414,.T.);
#3180=EDGE_CURVE('',#2464,#2465,#2000,.T.);
#3181=EDGE_CURVE('',#2465,#2466,#1415,.T.);
#3182=EDGE_CURVE('',#2466,#2452,#1416,.T.);
#3183=EDGE_CURVE('',#2467,#2451,#2001,.T.);
#3184=EDGE_CURVE('',#2463,#2467,#1417,.T.);
#3185=EDGE_CURVE('',#2468,#2460,#2002,.T.);
#3186=EDGE_CURVE('',#2467,#2468,#1418,.T.);
#3187=EDGE_CURVE('',#2466,#2469,#2003,.T.);
#3188=EDGE_CURVE('',#2453,#2469,#1419,.T.);
#3189=EDGE_CURVE('',#2470,#2471,#1420,.T.);
#3190=EDGE_CURVE('',#2471,#2468,#1421,.T.);
#3191=EDGE_CURVE('',#2472,#2459,#1422,.T.);
#3192=EDGE_CURVE('',#2473,#2472,#1423,.T.);
#3193=EDGE_CURVE('',#2474,#2473,#2004,.T.);
#3194=EDGE_CURVE('',#2470,#2474,#1424,.T.);
#3195=EDGE_CURVE('',#2469,#2475,#1425,.T.);
#3196=EDGE_CURVE('',#2454,#2475,#1426,.T.);
#3197=EDGE_CURVE('',#2458,#2476,#1427,.T.);
#3198=EDGE_CURVE('',#2476,#2472,#2005,.T.);
#3199=EDGE_CURVE('',#2475,#2477,#2006,.T.);
#3200=EDGE_CURVE('',#2455,#2477,#1428,.T.);
#3201=EDGE_CURVE('',#2457,#2478,#1429,.T.);
#3202=EDGE_CURVE('',#2478,#2476,#1430,.T.);
#3203=EDGE_CURVE('',#2477,#2479,#2007,.T.);
#3204=EDGE_CURVE('',#2456,#2479,#1431,.T.);
#3205=EDGE_CURVE('',#2479,#2478,#2008,.T.);
#3206=EDGE_CURVE('',#2461,#2480,#1432,.T.);
#3207=EDGE_CURVE('',#2480,#2480,#2009,.T.);
#3208=EDGE_CURVE('',#2463,#2471,#2010,.T.);
#3209=EDGE_CURVE('',#2462,#2470,#2011,.T.);
#3210=EDGE_CURVE('',#2481,#2481,#2012,.T.);
#3211=EDGE_CURVE('',#2473,#2465,#1433,.T.);
#3212=EDGE_CURVE('',#2474,#2464,#1434,.T.);
#3213=EDGE_CURVE('',#2482,#2482,#2013,.T.);
#3214=EDGE_CURVE('',#2482,#2481,#1435,.T.);
#3215=EDGE_CURVE('',#2483,#2483,#2014,.T.);
#3216=EDGE_CURVE('',#2483,#2484,#1436,.T.);
#3217=EDGE_CURVE('',#2484,#2484,#2015,.F.);
#3218=EDGE_CURVE('',#2485,#2485,#2016,.T.);
#3219=EDGE_CURVE('',#2485,#2486,#1437,.T.);
#3220=EDGE_CURVE('',#2486,#2486,#2017,.F.);
#3221=EDGE_CURVE('',#2487,#2487,#2018,.T.);
#3222=EDGE_CURVE('',#2487,#2488,#1438,.T.);
#3223=EDGE_CURVE('',#2488,#2488,#2019,.F.);
#3224=EDGE_CURVE('',#2489,#2489,#2020,.T.);
#3225=EDGE_CURVE('',#2489,#2490,#1439,.T.);
#3226=EDGE_CURVE('',#2490,#2490,#2021,.F.);
#3227=EDGE_CURVE('',#2491,#2492,#290,.T.);
#3228=EDGE_CURVE('',#2492,#2493,#1440,.T.);
#3229=EDGE_CURVE('',#2493,#2493,#2022,.T.);
#3230=EDGE_CURVE('',#2492,#2491,#291,.T.);
#3231=EDGE_CURVE('',#2491,#2494,#2023,.T.);
#3232=EDGE_CURVE('',#2494,#2495,#292,.T.);
#3233=EDGE_CURVE('',#2495,#2494,#293,.T.);
#3234=EDGE_CURVE('',#2496,#2496,#2024,.T.);
#3235=EDGE_CURVE('',#2497,#2498,#294,.T.);
#3236=EDGE_CURVE('',#2498,#2495,#1441,.T.);
#3237=EDGE_CURVE('',#2498,#2497,#295,.T.);
#3238=EDGE_CURVE('',#2499,#2499,#2025,.T.);
#3239=EDGE_CURVE('',#2499,#2496,#1442,.T.);
#3240=EDGE_CURVE('',#2497,#2500,#2026,.T.);
#3241=EDGE_CURVE('',#2500,#2501,#296,.T.);
#3242=EDGE_CURVE('',#2501,#2500,#297,.T.);
#3243=EDGE_CURVE('',#2499,#2502,#1443,.T.);
#3244=EDGE_CURVE('',#2502,#2502,#2027,.T.);
#3245=EDGE_CURVE('',#2503,#2503,#2028,.T.);
#3246=EDGE_CURVE('',#2503,#2501,#1444,.T.);
#3247=EDGE_CURVE('',#2504,#2504,#2029,.T.);
#3248=EDGE_CURVE('',#2504,#2502,#1445,.T.);
#3249=EDGE_CURVE('',#2505,#2506,#1446,.T.);
#3250=EDGE_CURVE('',#2507,#2505,#175,.T.);
#3251=EDGE_CURVE('',#2508,#2507,#2030,.T.);
#3252=EDGE_CURVE('',#2508,#2509,#176,.T.);
#3253=EDGE_CURVE('',#2509,#2510,#1447,.T.);
#3254=EDGE_CURVE('',#2510,#2511,#2031,.T.);
#3255=EDGE_CURVE('',#2512,#2511,#1448,.T.);
#3256=EDGE_CURVE('',#2513,#2512,#152,.T.);
#3257=EDGE_CURVE('',#2514,#2513,#177,.T.);
#3258=EDGE_CURVE('',#2506,#2514,#153,.T.);
#3259=EDGE_CURVE('',#2515,#2516,#1449,.T.);
#3260=EDGE_CURVE('',#2515,#2505,#1450,.T.);
#3261=EDGE_CURVE('',#2516,#2506,#1451,.T.);
#3262=EDGE_CURVE('',#2516,#2517,#154,.T.);
#3263=EDGE_CURVE('',#2517,#2514,#1452,.T.);
#3264=EDGE_CURVE('',#2518,#2519,#155,.T.);
#3265=EDGE_CURVE('',#2518,#2520,#1453,.T.);
#3266=EDGE_CURVE('',#2520,#2521,#156,.T.);
#3267=EDGE_CURVE('',#2521,#2507,#157,.T.);
#3268=EDGE_CURVE('',#2522,#2515,#178,.T.);
#3269=EDGE_CURVE('',#2519,#2522,#158,.T.);
#3270=EDGE_CURVE('',#2523,#2517,#179,.T.);
#3271=EDGE_CURVE('',#2523,#2513,#1454,.T.);
#3272=EDGE_CURVE('',#2524,#2521,#2032,.T.);
#3273=EDGE_CURVE('',#2524,#2508,#159,.T.);
#3274=EDGE_CURVE('',#2523,#2525,#160,.T.);
#3275=EDGE_CURVE('',#2525,#2512,#1455,.T.);
#3276=EDGE_CURVE('',#2526,#2527,#180,.T.);
#3277=EDGE_CURVE('',#2527,#2528,#161,.T.);
#3278=EDGE_CURVE('',#2528,#2529,#181,.T.);
#3279=EDGE_CURVE('',#2529,#2509,#1456,.T.);
#3280=EDGE_CURVE('',#2530,#2524,#182,.T.);
#3281=EDGE_CURVE('',#2526,#2530,#1457,.T.);
#3282=EDGE_CURVE('',#2525,#2531,#1458,.T.);
#3283=EDGE_CURVE('',#2531,#2511,#1459,.T.);
#3284=EDGE_CURVE('',#2529,#2532,#1460,.T.);
#3285=EDGE_CURVE('',#2532,#2510,#1461,.T.);
#3286=EDGE_CURVE('',#2531,#2532,#2033,.T.);
#3287=EDGE_CURVE('',#2533,#2528,#2034,.T.);
#3288=EDGE_CURVE('',#2522,#2533,#2035,.T.);
#3289=EDGE_CURVE('',#2534,#2518,#162,.F.);
#3290=EDGE_CURVE('',#2519,#2535,#2036,.T.);
#3291=EDGE_CURVE('',#2535,#2527,#2037,.T.);
#3292=EDGE_CURVE('',#2536,#2526,#298,.F.);
#3293=EDGE_CURVE('',#2537,#2536,#183,.T.);
#3294=EDGE_CURVE('',#2534,#2537,#184,.T.);
#3295=EDGE_CURVE('',#2520,#2538,#163,.F.);
#3296=EDGE_CURVE('',#2534,#2539,#164,.T.);
#3297=EDGE_CURVE('',#2539,#2540,#185,.T.);
#3298=EDGE_CURVE('',#2538,#2540,#165,.T.);
#3299=EDGE_CURVE('',#2535,#2533,#2038,.T.);
#3300=EDGE_CURVE('',#2541,#2538,#2039,.T.);
#3301=EDGE_CURVE('',#2530,#2541,#299,.F.);
#3302=EDGE_CURVE('',#2541,#2542,#166,.T.);
#3303=EDGE_CURVE('',#2543,#2542,#186,.T.);
#3304=EDGE_CURVE('',#2536,#2543,#167,.T.);
#3305=EDGE_CURVE('',#2544,#2537,#2040,.T.);
#3306=EDGE_CURVE('',#2539,#2544,#187,.T.);
#3307=EDGE_CURVE('',#2542,#2545,#2041,.T.);
#3308=EDGE_CURVE('',#2545,#2540,#2042,.T.);
#3309=EDGE_CURVE('',#2544,#2543,#300,.T.);
#3310=EDGE_CURVE('',#2545,#2546,#1462,.T.);
#3311=EDGE_CURVE('',#2546,#2546,#2043,.T.);
#3312=ORIENTED_EDGE('',*,*,#2547,.F.);
#3313=ORIENTED_EDGE('',*,*,#2548,.T.);
#3314=ORIENTED_EDGE('',*,*,#2549,.T.);
#3315=ORIENTED_EDGE('',*,*,#2548,.F.);
#3316=ORIENTED_EDGE('',*,*,#2547,.T.);
#3317=ORIENTED_EDGE('',*,*,#2550,.T.);
#3318=ORIENTED_EDGE('',*,*,#2551,.F.);
#3319=ORIENTED_EDGE('',*,*,#2550,.F.);
#3320=ORIENTED_EDGE('',*,*,#2549,.F.);
#3321=ORIENTED_EDGE('',*,*,#2552,.T.);
#3322=ORIENTED_EDGE('',*,*,#2553,.F.);
#3323=ORIENTED_EDGE('',*,*,#2551,.T.);
#3324=ORIENTED_EDGE('',*,*,#2552,.F.);
#3325=ORIENTED_EDGE('',*,*,#2554,.T.);
#3326=ORIENTED_EDGE('',*,*,#2555,.T.);
#3327=ORIENTED_EDGE('',*,*,#2554,.F.);
#3328=ORIENTED_EDGE('',*,*,#2556,.F.);
#3329=ORIENTED_EDGE('',*,*,#2557,.F.);
#3330=ORIENTED_EDGE('',*,*,#2558,.F.);
#3331=ORIENTED_EDGE('',*,*,#2559,.F.);
#3332=ORIENTED_EDGE('',*,*,#2560,.F.);
#3333=ORIENTED_EDGE('',*,*,#2561,.F.);
#3334=ORIENTED_EDGE('',*,*,#2562,.F.);
#3335=ORIENTED_EDGE('',*,*,#2563,.F.);
#3336=ORIENTED_EDGE('',*,*,#2564,.F.);
#3337=ORIENTED_EDGE('',*,*,#2565,.F.);
#3338=ORIENTED_EDGE('',*,*,#2566,.F.);
#3339=ORIENTED_EDGE('',*,*,#2567,.F.);
#3340=ORIENTED_EDGE('',*,*,#2568,.F.);
#3341=ORIENTED_EDGE('',*,*,#2569,.F.);
#3342=ORIENTED_EDGE('',*,*,#2570,.F.);
#3343=ORIENTED_EDGE('',*,*,#2571,.F.);
#3344=ORIENTED_EDGE('',*,*,#2572,.F.);
#3345=ORIENTED_EDGE('',*,*,#2573,.F.);
#3346=ORIENTED_EDGE('',*,*,#2574,.F.);
#3347=ORIENTED_EDGE('',*,*,#2575,.F.);
#3348=ORIENTED_EDGE('',*,*,#2576,.F.);
#3349=ORIENTED_EDGE('',*,*,#2577,.F.);
#3350=ORIENTED_EDGE('',*,*,#2578,.F.);
#3351=ORIENTED_EDGE('',*,*,#2579,.F.);
#3352=ORIENTED_EDGE('',*,*,#2580,.F.);
#3353=ORIENTED_EDGE('',*,*,#2581,.F.);
#3354=ORIENTED_EDGE('',*,*,#2582,.F.);
#3355=ORIENTED_EDGE('',*,*,#2583,.F.);
#3356=ORIENTED_EDGE('',*,*,#2584,.F.);
#3357=ORIENTED_EDGE('',*,*,#2585,.F.);
#3358=ORIENTED_EDGE('',*,*,#2586,.F.);
#3359=ORIENTED_EDGE('',*,*,#2587,.F.);
#3360=ORIENTED_EDGE('',*,*,#2588,.F.);
#3361=ORIENTED_EDGE('',*,*,#2589,.F.);
#3362=ORIENTED_EDGE('',*,*,#2590,.F.);
#3363=ORIENTED_EDGE('',*,*,#2591,.F.);
#3364=ORIENTED_EDGE('',*,*,#2592,.F.);
#3365=ORIENTED_EDGE('',*,*,#2593,.F.);
#3366=ORIENTED_EDGE('',*,*,#2594,.F.);
#3367=ORIENTED_EDGE('',*,*,#2595,.F.);
#3368=ORIENTED_EDGE('',*,*,#2596,.F.);
#3369=ORIENTED_EDGE('',*,*,#2597,.F.);
#3370=ORIENTED_EDGE('',*,*,#2598,.F.);
#3371=ORIENTED_EDGE('',*,*,#2599,.F.);
#3372=ORIENTED_EDGE('',*,*,#2600,.F.);
#3373=ORIENTED_EDGE('',*,*,#2601,.F.);
#3374=ORIENTED_EDGE('',*,*,#2602,.F.);
#3375=ORIENTED_EDGE('',*,*,#2603,.F.);
#3376=ORIENTED_EDGE('',*,*,#2604,.F.);
#3377=ORIENTED_EDGE('',*,*,#2605,.F.);
#3378=ORIENTED_EDGE('',*,*,#2606,.F.);
#3379=ORIENTED_EDGE('',*,*,#2607,.F.);
#3380=ORIENTED_EDGE('',*,*,#2608,.F.);
#3381=ORIENTED_EDGE('',*,*,#2609,.F.);
#3382=ORIENTED_EDGE('',*,*,#2610,.F.);
#3383=ORIENTED_EDGE('',*,*,#2611,.F.);
#3384=ORIENTED_EDGE('',*,*,#2612,.F.);
#3385=ORIENTED_EDGE('',*,*,#2613,.F.);
#3386=ORIENTED_EDGE('',*,*,#2614,.F.);
#3387=ORIENTED_EDGE('',*,*,#2615,.F.);
#3388=ORIENTED_EDGE('',*,*,#2616,.F.);
#3389=ORIENTED_EDGE('',*,*,#2617,.F.);
#3390=ORIENTED_EDGE('',*,*,#2618,.F.);
#3391=ORIENTED_EDGE('',*,*,#2619,.F.);
#3392=ORIENTED_EDGE('',*,*,#2620,.F.);
#3393=ORIENTED_EDGE('',*,*,#2621,.F.);
#3394=ORIENTED_EDGE('',*,*,#2622,.F.);
#3395=ORIENTED_EDGE('',*,*,#2623,.F.);
#3396=ORIENTED_EDGE('',*,*,#2624,.F.);
#3397=ORIENTED_EDGE('',*,*,#2625,.F.);
#3398=ORIENTED_EDGE('',*,*,#2626,.F.);
#3399=ORIENTED_EDGE('',*,*,#2627,.F.);
#3400=ORIENTED_EDGE('',*,*,#2628,.F.);
#3401=ORIENTED_EDGE('',*,*,#2629,.F.);
#3402=ORIENTED_EDGE('',*,*,#2630,.F.);
#3403=ORIENTED_EDGE('',*,*,#2631,.F.);
#3404=ORIENTED_EDGE('',*,*,#2632,.T.);
#3405=ORIENTED_EDGE('',*,*,#2553,.T.);
#3406=ORIENTED_EDGE('',*,*,#2632,.F.);
#3407=ORIENTED_EDGE('',*,*,#2633,.F.);
#3408=ORIENTED_EDGE('',*,*,#2634,.F.);
#3409=ORIENTED_EDGE('',*,*,#2635,.F.);
#3410=ORIENTED_EDGE('',*,*,#2636,.F.);
#3411=ORIENTED_EDGE('',*,*,#2637,.F.);
#3412=ORIENTED_EDGE('',*,*,#2638,.F.);
#3413=ORIENTED_EDGE('',*,*,#2639,.F.);
#3414=ORIENTED_EDGE('',*,*,#2640,.F.);
#3415=ORIENTED_EDGE('',*,*,#2641,.F.);
#3416=ORIENTED_EDGE('',*,*,#2642,.F.);
#3417=ORIENTED_EDGE('',*,*,#2643,.F.);
#3418=ORIENTED_EDGE('',*,*,#2644,.F.);
#3419=ORIENTED_EDGE('',*,*,#2645,.F.);
#3420=ORIENTED_EDGE('',*,*,#2646,.F.);
#3421=ORIENTED_EDGE('',*,*,#2647,.F.);
#3422=ORIENTED_EDGE('',*,*,#2648,.F.);
#3423=ORIENTED_EDGE('',*,*,#2649,.F.);
#3424=ORIENTED_EDGE('',*,*,#2650,.F.);
#3425=ORIENTED_EDGE('',*,*,#2651,.F.);
#3426=ORIENTED_EDGE('',*,*,#2652,.F.);
#3427=ORIENTED_EDGE('',*,*,#2653,.F.);
#3428=ORIENTED_EDGE('',*,*,#2654,.F.);
#3429=ORIENTED_EDGE('',*,*,#2655,.F.);
#3430=ORIENTED_EDGE('',*,*,#2656,.F.);
#3431=ORIENTED_EDGE('',*,*,#2657,.F.);
#3432=ORIENTED_EDGE('',*,*,#2658,.F.);
#3433=ORIENTED_EDGE('',*,*,#2659,.F.);
#3434=ORIENTED_EDGE('',*,*,#2660,.F.);
#3435=ORIENTED_EDGE('',*,*,#2661,.F.);
#3436=ORIENTED_EDGE('',*,*,#2662,.F.);
#3437=ORIENTED_EDGE('',*,*,#2663,.F.);
#3438=ORIENTED_EDGE('',*,*,#2664,.F.);
#3439=ORIENTED_EDGE('',*,*,#2665,.F.);
#3440=ORIENTED_EDGE('',*,*,#2666,.F.);
#3441=ORIENTED_EDGE('',*,*,#2667,.F.);
#3442=ORIENTED_EDGE('',*,*,#2668,.F.);
#3443=ORIENTED_EDGE('',*,*,#2669,.F.);
#3444=ORIENTED_EDGE('',*,*,#2670,.F.);
#3445=ORIENTED_EDGE('',*,*,#2671,.F.);
#3446=ORIENTED_EDGE('',*,*,#2672,.F.);
#3447=ORIENTED_EDGE('',*,*,#2673,.F.);
#3448=ORIENTED_EDGE('',*,*,#2674,.F.);
#3449=ORIENTED_EDGE('',*,*,#2675,.F.);
#3450=ORIENTED_EDGE('',*,*,#2676,.F.);
#3451=ORIENTED_EDGE('',*,*,#2677,.F.);
#3452=ORIENTED_EDGE('',*,*,#2678,.F.);
#3453=ORIENTED_EDGE('',*,*,#2679,.F.);
#3454=ORIENTED_EDGE('',*,*,#2680,.F.);
#3455=ORIENTED_EDGE('',*,*,#2681,.F.);
#3456=ORIENTED_EDGE('',*,*,#2682,.F.);
#3457=ORIENTED_EDGE('',*,*,#2683,.F.);
#3458=ORIENTED_EDGE('',*,*,#2684,.F.);
#3459=ORIENTED_EDGE('',*,*,#2685,.F.);
#3460=ORIENTED_EDGE('',*,*,#2686,.F.);
#3461=ORIENTED_EDGE('',*,*,#2687,.F.);
#3462=ORIENTED_EDGE('',*,*,#2688,.F.);
#3463=ORIENTED_EDGE('',*,*,#2689,.F.);
#3464=ORIENTED_EDGE('',*,*,#2690,.F.);
#3465=ORIENTED_EDGE('',*,*,#2691,.F.);
#3466=ORIENTED_EDGE('',*,*,#2692,.F.);
#3467=ORIENTED_EDGE('',*,*,#2693,.F.);
#3468=ORIENTED_EDGE('',*,*,#2694,.F.);
#3469=ORIENTED_EDGE('',*,*,#2695,.F.);
#3470=ORIENTED_EDGE('',*,*,#2696,.F.);
#3471=ORIENTED_EDGE('',*,*,#2697,.F.);
#3472=ORIENTED_EDGE('',*,*,#2698,.F.);
#3473=ORIENTED_EDGE('',*,*,#2699,.F.);
#3474=ORIENTED_EDGE('',*,*,#2700,.F.);
#3475=ORIENTED_EDGE('',*,*,#2701,.F.);
#3476=ORIENTED_EDGE('',*,*,#2702,.F.);
#3477=ORIENTED_EDGE('',*,*,#2703,.F.);
#3478=ORIENTED_EDGE('',*,*,#2704,.F.);
#3479=ORIENTED_EDGE('',*,*,#2705,.F.);
#3480=ORIENTED_EDGE('',*,*,#2706,.F.);
#3481=ORIENTED_EDGE('',*,*,#2707,.F.);
#3482=ORIENTED_EDGE('',*,*,#2708,.T.);
#3483=ORIENTED_EDGE('',*,*,#2709,.T.);
#3484=ORIENTED_EDGE('',*,*,#2710,.T.);
#3485=ORIENTED_EDGE('',*,*,#2711,.T.);
#3486=ORIENTED_EDGE('',*,*,#2555,.F.);
#3487=ORIENTED_EDGE('',*,*,#2712,.F.);
#3488=ORIENTED_EDGE('',*,*,#2713,.T.);
#3489=ORIENTED_EDGE('',*,*,#2556,.T.);
#3490=ORIENTED_EDGE('',*,*,#2714,.F.);
#3491=ORIENTED_EDGE('',*,*,#2715,.T.);
#3492=ORIENTED_EDGE('',*,*,#2557,.T.);
#3493=ORIENTED_EDGE('',*,*,#2713,.F.);
#3494=ORIENTED_EDGE('',*,*,#2716,.F.);
#3495=ORIENTED_EDGE('',*,*,#2717,.F.);
#3496=ORIENTED_EDGE('',*,*,#2718,.T.);
#3497=ORIENTED_EDGE('',*,*,#2558,.T.);
#3498=ORIENTED_EDGE('',*,*,#2715,.F.);
#3499=ORIENTED_EDGE('',*,*,#2719,.F.);
#3500=ORIENTED_EDGE('',*,*,#2720,.T.);
#3501=ORIENTED_EDGE('',*,*,#2559,.T.);
#3502=ORIENTED_EDGE('',*,*,#2718,.F.);
#3503=ORIENTED_EDGE('',*,*,#2721,.T.);
#3504=ORIENTED_EDGE('',*,*,#2560,.T.);
#3505=ORIENTED_EDGE('',*,*,#2720,.F.);
#3506=ORIENTED_EDGE('',*,*,#2722,.F.);
#3507=ORIENTED_EDGE('',*,*,#2723,.F.);
#3508=ORIENTED_EDGE('',*,*,#2724,.T.);
#3509=ORIENTED_EDGE('',*,*,#2561,.T.);
#3510=ORIENTED_EDGE('',*,*,#2721,.F.);
#3511=ORIENTED_EDGE('',*,*,#2725,.F.);
#3512=ORIENTED_EDGE('',*,*,#2726,.T.);
#3513=ORIENTED_EDGE('',*,*,#2562,.T.);
#3514=ORIENTED_EDGE('',*,*,#2724,.F.);
#3515=ORIENTED_EDGE('',*,*,#2727,.T.);
#3516=ORIENTED_EDGE('',*,*,#2563,.T.);
#3517=ORIENTED_EDGE('',*,*,#2726,.F.);
#3518=ORIENTED_EDGE('',*,*,#2728,.F.);
#3519=ORIENTED_EDGE('',*,*,#2729,.F.);
#3520=ORIENTED_EDGE('',*,*,#2730,.T.);
#3521=ORIENTED_EDGE('',*,*,#2564,.T.);
#3522=ORIENTED_EDGE('',*,*,#2727,.F.);
#3523=ORIENTED_EDGE('',*,*,#2731,.F.);
#3524=ORIENTED_EDGE('',*,*,#2732,.T.);
#3525=ORIENTED_EDGE('',*,*,#2565,.T.);
#3526=ORIENTED_EDGE('',*,*,#2730,.F.);
#3527=ORIENTED_EDGE('',*,*,#2733,.T.);
#3528=ORIENTED_EDGE('',*,*,#2566,.T.);
#3529=ORIENTED_EDGE('',*,*,#2732,.F.);
#3530=ORIENTED_EDGE('',*,*,#2734,.F.);
#3531=ORIENTED_EDGE('',*,*,#2735,.F.);
#3532=ORIENTED_EDGE('',*,*,#2736,.T.);
#3533=ORIENTED_EDGE('',*,*,#2567,.T.);
#3534=ORIENTED_EDGE('',*,*,#2733,.F.);
#3535=ORIENTED_EDGE('',*,*,#2737,.F.);
#3536=ORIENTED_EDGE('',*,*,#2738,.T.);
#3537=ORIENTED_EDGE('',*,*,#2568,.T.);
#3538=ORIENTED_EDGE('',*,*,#2736,.F.);
#3539=ORIENTED_EDGE('',*,*,#2739,.T.);
#3540=ORIENTED_EDGE('',*,*,#2569,.T.);
#3541=ORIENTED_EDGE('',*,*,#2738,.F.);
#3542=ORIENTED_EDGE('',*,*,#2740,.F.);
#3543=ORIENTED_EDGE('',*,*,#2741,.F.);
#3544=ORIENTED_EDGE('',*,*,#2742,.T.);
#3545=ORIENTED_EDGE('',*,*,#2570,.T.);
#3546=ORIENTED_EDGE('',*,*,#2739,.F.);
#3547=ORIENTED_EDGE('',*,*,#2743,.F.);
#3548=ORIENTED_EDGE('',*,*,#2744,.T.);
#3549=ORIENTED_EDGE('',*,*,#2571,.T.);
#3550=ORIENTED_EDGE('',*,*,#2742,.F.);
#3551=ORIENTED_EDGE('',*,*,#2745,.T.);
#3552=ORIENTED_EDGE('',*,*,#2572,.T.);
#3553=ORIENTED_EDGE('',*,*,#2744,.F.);
#3554=ORIENTED_EDGE('',*,*,#2746,.F.);
#3555=ORIENTED_EDGE('',*,*,#2747,.F.);
#3556=ORIENTED_EDGE('',*,*,#2748,.T.);
#3557=ORIENTED_EDGE('',*,*,#2573,.T.);
#3558=ORIENTED_EDGE('',*,*,#2745,.F.);
#3559=ORIENTED_EDGE('',*,*,#2749,.F.);
#3560=ORIENTED_EDGE('',*,*,#2750,.T.);
#3561=ORIENTED_EDGE('',*,*,#2574,.T.);
#3562=ORIENTED_EDGE('',*,*,#2748,.F.);
#3563=ORIENTED_EDGE('',*,*,#2751,.T.);
#3564=ORIENTED_EDGE('',*,*,#2575,.T.);
#3565=ORIENTED_EDGE('',*,*,#2750,.F.);
#3566=ORIENTED_EDGE('',*,*,#2752,.F.);
#3567=ORIENTED_EDGE('',*,*,#2753,.F.);
#3568=ORIENTED_EDGE('',*,*,#2754,.T.);
#3569=ORIENTED_EDGE('',*,*,#2576,.T.);
#3570=ORIENTED_EDGE('',*,*,#2751,.F.);
#3571=ORIENTED_EDGE('',*,*,#2755,.F.);
#3572=ORIENTED_EDGE('',*,*,#2756,.T.);
#3573=ORIENTED_EDGE('',*,*,#2577,.T.);
#3574=ORIENTED_EDGE('',*,*,#2754,.F.);
#3575=ORIENTED_EDGE('',*,*,#2757,.T.);
#3576=ORIENTED_EDGE('',*,*,#2578,.T.);
#3577=ORIENTED_EDGE('',*,*,#2756,.F.);
#3578=ORIENTED_EDGE('',*,*,#2758,.F.);
#3579=ORIENTED_EDGE('',*,*,#2759,.F.);
#3580=ORIENTED_EDGE('',*,*,#2760,.T.);
#3581=ORIENTED_EDGE('',*,*,#2579,.T.);
#3582=ORIENTED_EDGE('',*,*,#2757,.F.);
#3583=ORIENTED_EDGE('',*,*,#2761,.F.);
#3584=ORIENTED_EDGE('',*,*,#2762,.T.);
#3585=ORIENTED_EDGE('',*,*,#2580,.T.);
#3586=ORIENTED_EDGE('',*,*,#2760,.F.);
#3587=ORIENTED_EDGE('',*,*,#2763,.T.);
#3588=ORIENTED_EDGE('',*,*,#2581,.T.);
#3589=ORIENTED_EDGE('',*,*,#2762,.F.);
#3590=ORIENTED_EDGE('',*,*,#2764,.F.);
#3591=ORIENTED_EDGE('',*,*,#2765,.F.);
#3592=ORIENTED_EDGE('',*,*,#2766,.T.);
#3593=ORIENTED_EDGE('',*,*,#2582,.T.);
#3594=ORIENTED_EDGE('',*,*,#2763,.F.);
#3595=ORIENTED_EDGE('',*,*,#2767,.F.);
#3596=ORIENTED_EDGE('',*,*,#2768,.T.);
#3597=ORIENTED_EDGE('',*,*,#2583,.T.);
#3598=ORIENTED_EDGE('',*,*,#2766,.F.);
#3599=ORIENTED_EDGE('',*,*,#2769,.T.);
#3600=ORIENTED_EDGE('',*,*,#2584,.T.);
#3601=ORIENTED_EDGE('',*,*,#2768,.F.);
#3602=ORIENTED_EDGE('',*,*,#2770,.F.);
#3603=ORIENTED_EDGE('',*,*,#2771,.F.);
#3604=ORIENTED_EDGE('',*,*,#2772,.T.);
#3605=ORIENTED_EDGE('',*,*,#2585,.T.);
#3606=ORIENTED_EDGE('',*,*,#2769,.F.);
#3607=ORIENTED_EDGE('',*,*,#2773,.F.);
#3608=ORIENTED_EDGE('',*,*,#2774,.T.);
#3609=ORIENTED_EDGE('',*,*,#2586,.T.);
#3610=ORIENTED_EDGE('',*,*,#2772,.F.);
#3611=ORIENTED_EDGE('',*,*,#2775,.T.);
#3612=ORIENTED_EDGE('',*,*,#2587,.T.);
#3613=ORIENTED_EDGE('',*,*,#2774,.F.);
#3614=ORIENTED_EDGE('',*,*,#2776,.F.);
#3615=ORIENTED_EDGE('',*,*,#2777,.F.);
#3616=ORIENTED_EDGE('',*,*,#2778,.T.);
#3617=ORIENTED_EDGE('',*,*,#2588,.T.);
#3618=ORIENTED_EDGE('',*,*,#2775,.F.);
#3619=ORIENTED_EDGE('',*,*,#2779,.F.);
#3620=ORIENTED_EDGE('',*,*,#2780,.T.);
#3621=ORIENTED_EDGE('',*,*,#2589,.T.);
#3622=ORIENTED_EDGE('',*,*,#2778,.F.);
#3623=ORIENTED_EDGE('',*,*,#2781,.T.);
#3624=ORIENTED_EDGE('',*,*,#2590,.T.);
#3625=ORIENTED_EDGE('',*,*,#2780,.F.);
#3626=ORIENTED_EDGE('',*,*,#2782,.F.);
#3627=ORIENTED_EDGE('',*,*,#2783,.F.);
#3628=ORIENTED_EDGE('',*,*,#2784,.T.);
#3629=ORIENTED_EDGE('',*,*,#2591,.T.);
#3630=ORIENTED_EDGE('',*,*,#2781,.F.);
#3631=ORIENTED_EDGE('',*,*,#2785,.F.);
#3632=ORIENTED_EDGE('',*,*,#2786,.T.);
#3633=ORIENTED_EDGE('',*,*,#2592,.T.);
#3634=ORIENTED_EDGE('',*,*,#2784,.F.);
#3635=ORIENTED_EDGE('',*,*,#2787,.T.);
#3636=ORIENTED_EDGE('',*,*,#2593,.T.);
#3637=ORIENTED_EDGE('',*,*,#2786,.F.);
#3638=ORIENTED_EDGE('',*,*,#2788,.F.);
#3639=ORIENTED_EDGE('',*,*,#2789,.F.);
#3640=ORIENTED_EDGE('',*,*,#2790,.T.);
#3641=ORIENTED_EDGE('',*,*,#2594,.T.);
#3642=ORIENTED_EDGE('',*,*,#2787,.F.);
#3643=ORIENTED_EDGE('',*,*,#2791,.F.);
#3644=ORIENTED_EDGE('',*,*,#2792,.T.);
#3645=ORIENTED_EDGE('',*,*,#2595,.T.);
#3646=ORIENTED_EDGE('',*,*,#2790,.F.);
#3647=ORIENTED_EDGE('',*,*,#2793,.T.);
#3648=ORIENTED_EDGE('',*,*,#2596,.T.);
#3649=ORIENTED_EDGE('',*,*,#2792,.F.);
#3650=ORIENTED_EDGE('',*,*,#2794,.F.);
#3651=ORIENTED_EDGE('',*,*,#2795,.F.);
#3652=ORIENTED_EDGE('',*,*,#2796,.T.);
#3653=ORIENTED_EDGE('',*,*,#2597,.T.);
#3654=ORIENTED_EDGE('',*,*,#2793,.F.);
#3655=ORIENTED_EDGE('',*,*,#2797,.F.);
#3656=ORIENTED_EDGE('',*,*,#2798,.T.);
#3657=ORIENTED_EDGE('',*,*,#2598,.T.);
#3658=ORIENTED_EDGE('',*,*,#2796,.F.);
#3659=ORIENTED_EDGE('',*,*,#2799,.T.);
#3660=ORIENTED_EDGE('',*,*,#2599,.T.);
#3661=ORIENTED_EDGE('',*,*,#2798,.F.);
#3662=ORIENTED_EDGE('',*,*,#2800,.F.);
#3663=ORIENTED_EDGE('',*,*,#2801,.F.);
#3664=ORIENTED_EDGE('',*,*,#2802,.T.);
#3665=ORIENTED_EDGE('',*,*,#2600,.T.);
#3666=ORIENTED_EDGE('',*,*,#2799,.F.);
#3667=ORIENTED_EDGE('',*,*,#2803,.F.);
#3668=ORIENTED_EDGE('',*,*,#2804,.T.);
#3669=ORIENTED_EDGE('',*,*,#2601,.T.);
#3670=ORIENTED_EDGE('',*,*,#2802,.F.);
#3671=ORIENTED_EDGE('',*,*,#2805,.T.);
#3672=ORIENTED_EDGE('',*,*,#2602,.T.);
#3673=ORIENTED_EDGE('',*,*,#2804,.F.);
#3674=ORIENTED_EDGE('',*,*,#2806,.F.);
#3675=ORIENTED_EDGE('',*,*,#2807,.F.);
#3676=ORIENTED_EDGE('',*,*,#2808,.T.);
#3677=ORIENTED_EDGE('',*,*,#2603,.T.);
#3678=ORIENTED_EDGE('',*,*,#2805,.F.);
#3679=ORIENTED_EDGE('',*,*,#2809,.F.);
#3680=ORIENTED_EDGE('',*,*,#2810,.T.);
#3681=ORIENTED_EDGE('',*,*,#2604,.T.);
#3682=ORIENTED_EDGE('',*,*,#2808,.F.);
#3683=ORIENTED_EDGE('',*,*,#2811,.T.);
#3684=ORIENTED_EDGE('',*,*,#2605,.T.);
#3685=ORIENTED_EDGE('',*,*,#2810,.F.);
#3686=ORIENTED_EDGE('',*,*,#2812,.F.);
#3687=ORIENTED_EDGE('',*,*,#2813,.F.);
#3688=ORIENTED_EDGE('',*,*,#2814,.T.);
#3689=ORIENTED_EDGE('',*,*,#2606,.T.);
#3690=ORIENTED_EDGE('',*,*,#2811,.F.);
#3691=ORIENTED_EDGE('',*,*,#2815,.F.);
#3692=ORIENTED_EDGE('',*,*,#2816,.T.);
#3693=ORIENTED_EDGE('',*,*,#2607,.T.);
#3694=ORIENTED_EDGE('',*,*,#2814,.F.);
#3695=ORIENTED_EDGE('',*,*,#2817,.T.);
#3696=ORIENTED_EDGE('',*,*,#2608,.T.);
#3697=ORIENTED_EDGE('',*,*,#2816,.F.);
#3698=ORIENTED_EDGE('',*,*,#2818,.F.);
#3699=ORIENTED_EDGE('',*,*,#2819,.F.);
#3700=ORIENTED_EDGE('',*,*,#2820,.T.);
#3701=ORIENTED_EDGE('',*,*,#2609,.T.);
#3702=ORIENTED_EDGE('',*,*,#2817,.F.);
#3703=ORIENTED_EDGE('',*,*,#2821,.F.);
#3704=ORIENTED_EDGE('',*,*,#2822,.T.);
#3705=ORIENTED_EDGE('',*,*,#2610,.T.);
#3706=ORIENTED_EDGE('',*,*,#2820,.F.);
#3707=ORIENTED_EDGE('',*,*,#2823,.T.);
#3708=ORIENTED_EDGE('',*,*,#2611,.T.);
#3709=ORIENTED_EDGE('',*,*,#2822,.F.);
#3710=ORIENTED_EDGE('',*,*,#2824,.F.);
#3711=ORIENTED_EDGE('',*,*,#2825,.F.);
#3712=ORIENTED_EDGE('',*,*,#2826,.T.);
#3713=ORIENTED_EDGE('',*,*,#2612,.T.);
#3714=ORIENTED_EDGE('',*,*,#2823,.F.);
#3715=ORIENTED_EDGE('',*,*,#2827,.F.);
#3716=ORIENTED_EDGE('',*,*,#2828,.T.);
#3717=ORIENTED_EDGE('',*,*,#2613,.T.);
#3718=ORIENTED_EDGE('',*,*,#2826,.F.);
#3719=ORIENTED_EDGE('',*,*,#2829,.T.);
#3720=ORIENTED_EDGE('',*,*,#2614,.T.);
#3721=ORIENTED_EDGE('',*,*,#2828,.F.);
#3722=ORIENTED_EDGE('',*,*,#2830,.F.);
#3723=ORIENTED_EDGE('',*,*,#2831,.F.);
#3724=ORIENTED_EDGE('',*,*,#2832,.T.);
#3725=ORIENTED_EDGE('',*,*,#2615,.T.);
#3726=ORIENTED_EDGE('',*,*,#2829,.F.);
#3727=ORIENTED_EDGE('',*,*,#2833,.F.);
#3728=ORIENTED_EDGE('',*,*,#2834,.T.);
#3729=ORIENTED_EDGE('',*,*,#2616,.T.);
#3730=ORIENTED_EDGE('',*,*,#2832,.F.);
#3731=ORIENTED_EDGE('',*,*,#2835,.T.);
#3732=ORIENTED_EDGE('',*,*,#2617,.T.);
#3733=ORIENTED_EDGE('',*,*,#2834,.F.);
#3734=ORIENTED_EDGE('',*,*,#2836,.F.);
#3735=ORIENTED_EDGE('',*,*,#2837,.F.);
#3736=ORIENTED_EDGE('',*,*,#2838,.T.);
#3737=ORIENTED_EDGE('',*,*,#2618,.T.);
#3738=ORIENTED_EDGE('',*,*,#2835,.F.);
#3739=ORIENTED_EDGE('',*,*,#2839,.F.);
#3740=ORIENTED_EDGE('',*,*,#2840,.T.);
#3741=ORIENTED_EDGE('',*,*,#2619,.T.);
#3742=ORIENTED_EDGE('',*,*,#2838,.F.);
#3743=ORIENTED_EDGE('',*,*,#2841,.T.);
#3744=ORIENTED_EDGE('',*,*,#2620,.T.);
#3745=ORIENTED_EDGE('',*,*,#2840,.F.);
#3746=ORIENTED_EDGE('',*,*,#2842,.F.);
#3747=ORIENTED_EDGE('',*,*,#2843,.F.);
#3748=ORIENTED_EDGE('',*,*,#2844,.T.);
#3749=ORIENTED_EDGE('',*,*,#2621,.T.);
#3750=ORIENTED_EDGE('',*,*,#2841,.F.);
#3751=ORIENTED_EDGE('',*,*,#2845,.F.);
#3752=ORIENTED_EDGE('',*,*,#2846,.T.);
#3753=ORIENTED_EDGE('',*,*,#2622,.T.);
#3754=ORIENTED_EDGE('',*,*,#2844,.F.);
#3755=ORIENTED_EDGE('',*,*,#2847,.T.);
#3756=ORIENTED_EDGE('',*,*,#2623,.T.);
#3757=ORIENTED_EDGE('',*,*,#2846,.F.);
#3758=ORIENTED_EDGE('',*,*,#2848,.F.);
#3759=ORIENTED_EDGE('',*,*,#2849,.F.);
#3760=ORIENTED_EDGE('',*,*,#2850,.T.);
#3761=ORIENTED_EDGE('',*,*,#2624,.T.);
#3762=ORIENTED_EDGE('',*,*,#2847,.F.);
#3763=ORIENTED_EDGE('',*,*,#2851,.F.);
#3764=ORIENTED_EDGE('',*,*,#2852,.T.);
#3765=ORIENTED_EDGE('',*,*,#2625,.T.);
#3766=ORIENTED_EDGE('',*,*,#2850,.F.);
#3767=ORIENTED_EDGE('',*,*,#2853,.T.);
#3768=ORIENTED_EDGE('',*,*,#2626,.T.);
#3769=ORIENTED_EDGE('',*,*,#2852,.F.);
#3770=ORIENTED_EDGE('',*,*,#2854,.F.);
#3771=ORIENTED_EDGE('',*,*,#2855,.F.);
#3772=ORIENTED_EDGE('',*,*,#2856,.T.);
#3773=ORIENTED_EDGE('',*,*,#2627,.T.);
#3774=ORIENTED_EDGE('',*,*,#2853,.F.);
#3775=ORIENTED_EDGE('',*,*,#2857,.F.);
#3776=ORIENTED_EDGE('',*,*,#2858,.T.);
#3777=ORIENTED_EDGE('',*,*,#2628,.T.);
#3778=ORIENTED_EDGE('',*,*,#2856,.F.);
#3779=ORIENTED_EDGE('',*,*,#2859,.T.);
#3780=ORIENTED_EDGE('',*,*,#2629,.T.);
#3781=ORIENTED_EDGE('',*,*,#2858,.F.);
#3782=ORIENTED_EDGE('',*,*,#2860,.F.);
#3783=ORIENTED_EDGE('',*,*,#2861,.F.);
#3784=ORIENTED_EDGE('',*,*,#2862,.T.);
#3785=ORIENTED_EDGE('',*,*,#2630,.T.);
#3786=ORIENTED_EDGE('',*,*,#2859,.F.);
#3787=ORIENTED_EDGE('',*,*,#2863,.T.);
#3788=ORIENTED_EDGE('',*,*,#2633,.T.);
#3789=ORIENTED_EDGE('',*,*,#2631,.T.);
#3790=ORIENTED_EDGE('',*,*,#2862,.F.);
#3791=ORIENTED_EDGE('',*,*,#2864,.F.);
#3792=ORIENTED_EDGE('',*,*,#2865,.T.);
#3793=ORIENTED_EDGE('',*,*,#2634,.T.);
#3794=ORIENTED_EDGE('',*,*,#2863,.F.);
#3795=ORIENTED_EDGE('',*,*,#2866,.F.);
#3796=ORIENTED_EDGE('',*,*,#2867,.F.);
#3797=ORIENTED_EDGE('',*,*,#2868,.T.);
#3798=ORIENTED_EDGE('',*,*,#2635,.T.);
#3799=ORIENTED_EDGE('',*,*,#2865,.F.);
#3800=ORIENTED_EDGE('',*,*,#2869,.T.);
#3801=ORIENTED_EDGE('',*,*,#2636,.T.);
#3802=ORIENTED_EDGE('',*,*,#2868,.F.);
#3803=ORIENTED_EDGE('',*,*,#2870,.F.);
#3804=ORIENTED_EDGE('',*,*,#2871,.T.);
#3805=ORIENTED_EDGE('',*,*,#2637,.T.);
#3806=ORIENTED_EDGE('',*,*,#2869,.F.);
#3807=ORIENTED_EDGE('',*,*,#2872,.F.);
#3808=ORIENTED_EDGE('',*,*,#2873,.F.);
#3809=ORIENTED_EDGE('',*,*,#2874,.T.);
#3810=ORIENTED_EDGE('',*,*,#2638,.T.);
#3811=ORIENTED_EDGE('',*,*,#2871,.F.);
#3812=ORIENTED_EDGE('',*,*,#2875,.T.);
#3813=ORIENTED_EDGE('',*,*,#2639,.T.);
#3814=ORIENTED_EDGE('',*,*,#2874,.F.);
#3815=ORIENTED_EDGE('',*,*,#2876,.F.);
#3816=ORIENTED_EDGE('',*,*,#2877,.T.);
#3817=ORIENTED_EDGE('',*,*,#2640,.T.);
#3818=ORIENTED_EDGE('',*,*,#2875,.F.);
#3819=ORIENTED_EDGE('',*,*,#2878,.F.);
#3820=ORIENTED_EDGE('',*,*,#2879,.F.);
#3821=ORIENTED_EDGE('',*,*,#2880,.T.);
#3822=ORIENTED_EDGE('',*,*,#2641,.T.);
#3823=ORIENTED_EDGE('',*,*,#2877,.F.);
#3824=ORIENTED_EDGE('',*,*,#2881,.T.);
#3825=ORIENTED_EDGE('',*,*,#2642,.T.);
#3826=ORIENTED_EDGE('',*,*,#2880,.F.);
#3827=ORIENTED_EDGE('',*,*,#2882,.F.);
#3828=ORIENTED_EDGE('',*,*,#2883,.T.);
#3829=ORIENTED_EDGE('',*,*,#2643,.T.);
#3830=ORIENTED_EDGE('',*,*,#2881,.F.);
#3831=ORIENTED_EDGE('',*,*,#2884,.F.);
#3832=ORIENTED_EDGE('',*,*,#2885,.F.);
#3833=ORIENTED_EDGE('',*,*,#2886,.T.);
#3834=ORIENTED_EDGE('',*,*,#2644,.T.);
#3835=ORIENTED_EDGE('',*,*,#2883,.F.);
#3836=ORIENTED_EDGE('',*,*,#2887,.T.);
#3837=ORIENTED_EDGE('',*,*,#2645,.T.);
#3838=ORIENTED_EDGE('',*,*,#2886,.F.);
#3839=ORIENTED_EDGE('',*,*,#2888,.F.);
#3840=ORIENTED_EDGE('',*,*,#2889,.T.);
#3841=ORIENTED_EDGE('',*,*,#2646,.T.);
#3842=ORIENTED_EDGE('',*,*,#2887,.F.);
#3843=ORIENTED_EDGE('',*,*,#2890,.F.);
#3844=ORIENTED_EDGE('',*,*,#2891,.F.);
#3845=ORIENTED_EDGE('',*,*,#2892,.T.);
#3846=ORIENTED_EDGE('',*,*,#2647,.T.);
#3847=ORIENTED_EDGE('',*,*,#2889,.F.);
#3848=ORIENTED_EDGE('',*,*,#2893,.T.);
#3849=ORIENTED_EDGE('',*,*,#2648,.T.);
#3850=ORIENTED_EDGE('',*,*,#2892,.F.);
#3851=ORIENTED_EDGE('',*,*,#2894,.F.);
#3852=ORIENTED_EDGE('',*,*,#2895,.T.);
#3853=ORIENTED_EDGE('',*,*,#2649,.T.);
#3854=ORIENTED_EDGE('',*,*,#2893,.F.);
#3855=ORIENTED_EDGE('',*,*,#2896,.F.);
#3856=ORIENTED_EDGE('',*,*,#2897,.F.);
#3857=ORIENTED_EDGE('',*,*,#2898,.T.);
#3858=ORIENTED_EDGE('',*,*,#2650,.T.);
#3859=ORIENTED_EDGE('',*,*,#2895,.F.);
#3860=ORIENTED_EDGE('',*,*,#2899,.T.);
#3861=ORIENTED_EDGE('',*,*,#2651,.T.);
#3862=ORIENTED_EDGE('',*,*,#2898,.F.);
#3863=ORIENTED_EDGE('',*,*,#2900,.F.);
#3864=ORIENTED_EDGE('',*,*,#2901,.T.);
#3865=ORIENTED_EDGE('',*,*,#2652,.T.);
#3866=ORIENTED_EDGE('',*,*,#2899,.F.);
#3867=ORIENTED_EDGE('',*,*,#2902,.F.);
#3868=ORIENTED_EDGE('',*,*,#2903,.F.);
#3869=ORIENTED_EDGE('',*,*,#2904,.T.);
#3870=ORIENTED_EDGE('',*,*,#2653,.T.);
#3871=ORIENTED_EDGE('',*,*,#2901,.F.);
#3872=ORIENTED_EDGE('',*,*,#2905,.T.);
#3873=ORIENTED_EDGE('',*,*,#2654,.T.);
#3874=ORIENTED_EDGE('',*,*,#2904,.F.);
#3875=ORIENTED_EDGE('',*,*,#2906,.F.);
#3876=ORIENTED_EDGE('',*,*,#2907,.T.);
#3877=ORIENTED_EDGE('',*,*,#2655,.T.);
#3878=ORIENTED_EDGE('',*,*,#2905,.F.);
#3879=ORIENTED_EDGE('',*,*,#2908,.F.);
#3880=ORIENTED_EDGE('',*,*,#2909,.F.);
#3881=ORIENTED_EDGE('',*,*,#2910,.T.);
#3882=ORIENTED_EDGE('',*,*,#2656,.T.);
#3883=ORIENTED_EDGE('',*,*,#2907,.F.);
#3884=ORIENTED_EDGE('',*,*,#2911,.T.);
#3885=ORIENTED_EDGE('',*,*,#2657,.T.);
#3886=ORIENTED_EDGE('',*,*,#2910,.F.);
#3887=ORIENTED_EDGE('',*,*,#2912,.F.);
#3888=ORIENTED_EDGE('',*,*,#2913,.T.);
#3889=ORIENTED_EDGE('',*,*,#2658,.T.);
#3890=ORIENTED_EDGE('',*,*,#2911,.F.);
#3891=ORIENTED_EDGE('',*,*,#2914,.F.);
#3892=ORIENTED_EDGE('',*,*,#2915,.F.);
#3893=ORIENTED_EDGE('',*,*,#2916,.T.);
#3894=ORIENTED_EDGE('',*,*,#2659,.T.);
#3895=ORIENTED_EDGE('',*,*,#2913,.F.);
#3896=ORIENTED_EDGE('',*,*,#2917,.T.);
#3897=ORIENTED_EDGE('',*,*,#2660,.T.);
#3898=ORIENTED_EDGE('',*,*,#2916,.F.);
#3899=ORIENTED_EDGE('',*,*,#2918,.F.);
#3900=ORIENTED_EDGE('',*,*,#2919,.T.);
#3901=ORIENTED_EDGE('',*,*,#2661,.T.);
#3902=ORIENTED_EDGE('',*,*,#2917,.F.);
#3903=ORIENTED_EDGE('',*,*,#2920,.F.);
#3904=ORIENTED_EDGE('',*,*,#2921,.F.);
#3905=ORIENTED_EDGE('',*,*,#2922,.T.);
#3906=ORIENTED_EDGE('',*,*,#2662,.T.);
#3907=ORIENTED_EDGE('',*,*,#2919,.F.);
#3908=ORIENTED_EDGE('',*,*,#2923,.T.);
#3909=ORIENTED_EDGE('',*,*,#2663,.T.);
#3910=ORIENTED_EDGE('',*,*,#2922,.F.);
#3911=ORIENTED_EDGE('',*,*,#2924,.F.);
#3912=ORIENTED_EDGE('',*,*,#2925,.T.);
#3913=ORIENTED_EDGE('',*,*,#2664,.T.);
#3914=ORIENTED_EDGE('',*,*,#2923,.F.);
#3915=ORIENTED_EDGE('',*,*,#2926,.F.);
#3916=ORIENTED_EDGE('',*,*,#2927,.F.);
#3917=ORIENTED_EDGE('',*,*,#2928,.T.);
#3918=ORIENTED_EDGE('',*,*,#2665,.T.);
#3919=ORIENTED_EDGE('',*,*,#2925,.F.);
#3920=ORIENTED_EDGE('',*,*,#2929,.T.);
#3921=ORIENTED_EDGE('',*,*,#2666,.T.);
#3922=ORIENTED_EDGE('',*,*,#2928,.F.);
#3923=ORIENTED_EDGE('',*,*,#2930,.F.);
#3924=ORIENTED_EDGE('',*,*,#2931,.T.);
#3925=ORIENTED_EDGE('',*,*,#2667,.T.);
#3926=ORIENTED_EDGE('',*,*,#2929,.F.);
#3927=ORIENTED_EDGE('',*,*,#2932,.F.);
#3928=ORIENTED_EDGE('',*,*,#2933,.F.);
#3929=ORIENTED_EDGE('',*,*,#2934,.T.);
#3930=ORIENTED_EDGE('',*,*,#2668,.T.);
#3931=ORIENTED_EDGE('',*,*,#2931,.F.);
#3932=ORIENTED_EDGE('',*,*,#2935,.T.);
#3933=ORIENTED_EDGE('',*,*,#2669,.T.);
#3934=ORIENTED_EDGE('',*,*,#2934,.F.);
#3935=ORIENTED_EDGE('',*,*,#2936,.F.);
#3936=ORIENTED_EDGE('',*,*,#2937,.T.);
#3937=ORIENTED_EDGE('',*,*,#2670,.T.);
#3938=ORIENTED_EDGE('',*,*,#2935,.F.);
#3939=ORIENTED_EDGE('',*,*,#2938,.F.);
#3940=ORIENTED_EDGE('',*,*,#2939,.F.);
#3941=ORIENTED_EDGE('',*,*,#2940,.T.);
#3942=ORIENTED_EDGE('',*,*,#2671,.T.);
#3943=ORIENTED_EDGE('',*,*,#2937,.F.);
#3944=ORIENTED_EDGE('',*,*,#2941,.T.);
#3945=ORIENTED_EDGE('',*,*,#2672,.T.);
#3946=ORIENTED_EDGE('',*,*,#2940,.F.);
#3947=ORIENTED_EDGE('',*,*,#2942,.F.);
#3948=ORIENTED_EDGE('',*,*,#2943,.T.);
#3949=ORIENTED_EDGE('',*,*,#2673,.T.);
#3950=ORIENTED_EDGE('',*,*,#2941,.F.);
#3951=ORIENTED_EDGE('',*,*,#2944,.F.);
#3952=ORIENTED_EDGE('',*,*,#2945,.F.);
#3953=ORIENTED_EDGE('',*,*,#2946,.T.);
#3954=ORIENTED_EDGE('',*,*,#2674,.T.);
#3955=ORIENTED_EDGE('',*,*,#2943,.F.);
#3956=ORIENTED_EDGE('',*,*,#2947,.T.);
#3957=ORIENTED_EDGE('',*,*,#2675,.T.);
#3958=ORIENTED_EDGE('',*,*,#2946,.F.);
#3959=ORIENTED_EDGE('',*,*,#2948,.F.);
#3960=ORIENTED_EDGE('',*,*,#2949,.T.);
#3961=ORIENTED_EDGE('',*,*,#2676,.T.);
#3962=ORIENTED_EDGE('',*,*,#2947,.F.);
#3963=ORIENTED_EDGE('',*,*,#2950,.F.);
#3964=ORIENTED_EDGE('',*,*,#2951,.F.);
#3965=ORIENTED_EDGE('',*,*,#2952,.T.);
#3966=ORIENTED_EDGE('',*,*,#2677,.T.);
#3967=ORIENTED_EDGE('',*,*,#2949,.F.);
#3968=ORIENTED_EDGE('',*,*,#2953,.T.);
#3969=ORIENTED_EDGE('',*,*,#2678,.T.);
#3970=ORIENTED_EDGE('',*,*,#2952,.F.);
#3971=ORIENTED_EDGE('',*,*,#2954,.F.);
#3972=ORIENTED_EDGE('',*,*,#2955,.T.);
#3973=ORIENTED_EDGE('',*,*,#2679,.T.);
#3974=ORIENTED_EDGE('',*,*,#2953,.F.);
#3975=ORIENTED_EDGE('',*,*,#2956,.F.);
#3976=ORIENTED_EDGE('',*,*,#2957,.F.);
#3977=ORIENTED_EDGE('',*,*,#2958,.T.);
#3978=ORIENTED_EDGE('',*,*,#2680,.T.);
#3979=ORIENTED_EDGE('',*,*,#2955,.F.);
#3980=ORIENTED_EDGE('',*,*,#2959,.T.);
#3981=ORIENTED_EDGE('',*,*,#2681,.T.);
#3982=ORIENTED_EDGE('',*,*,#2958,.F.);
#3983=ORIENTED_EDGE('',*,*,#2960,.F.);
#3984=ORIENTED_EDGE('',*,*,#2961,.T.);
#3985=ORIENTED_EDGE('',*,*,#2682,.T.);
#3986=ORIENTED_EDGE('',*,*,#2959,.F.);
#3987=ORIENTED_EDGE('',*,*,#2962,.F.);
#3988=ORIENTED_EDGE('',*,*,#2963,.F.);
#3989=ORIENTED_EDGE('',*,*,#2964,.T.);
#3990=ORIENTED_EDGE('',*,*,#2683,.T.);
#3991=ORIENTED_EDGE('',*,*,#2961,.F.);
#3992=ORIENTED_EDGE('',*,*,#2965,.T.);
#3993=ORIENTED_EDGE('',*,*,#2684,.T.);
#3994=ORIENTED_EDGE('',*,*,#2964,.F.);
#3995=ORIENTED_EDGE('',*,*,#2966,.F.);
#3996=ORIENTED_EDGE('',*,*,#2967,.T.);
#3997=ORIENTED_EDGE('',*,*,#2685,.T.);
#3998=ORIENTED_EDGE('',*,*,#2965,.F.);
#3999=ORIENTED_EDGE('',*,*,#2968,.F.);
#4000=ORIENTED_EDGE('',*,*,#2969,.F.);
#4001=ORIENTED_EDGE('',*,*,#2970,.T.);
#4002=ORIENTED_EDGE('',*,*,#2686,.T.);
#4003=ORIENTED_EDGE('',*,*,#2967,.F.);
#4004=ORIENTED_EDGE('',*,*,#2971,.T.);
#4005=ORIENTED_EDGE('',*,*,#2687,.T.);
#4006=ORIENTED_EDGE('',*,*,#2970,.F.);
#4007=ORIENTED_EDGE('',*,*,#2972,.F.);
#4008=ORIENTED_EDGE('',*,*,#2973,.T.);
#4009=ORIENTED_EDGE('',*,*,#2688,.T.);
#4010=ORIENTED_EDGE('',*,*,#2971,.F.);
#4011=ORIENTED_EDGE('',*,*,#2974,.F.);
#4012=ORIENTED_EDGE('',*,*,#2975,.F.);
#4013=ORIENTED_EDGE('',*,*,#2976,.T.);
#4014=ORIENTED_EDGE('',*,*,#2689,.T.);
#4015=ORIENTED_EDGE('',*,*,#2973,.F.);
#4016=ORIENTED_EDGE('',*,*,#2977,.T.);
#4017=ORIENTED_EDGE('',*,*,#2690,.T.);
#4018=ORIENTED_EDGE('',*,*,#2976,.F.);
#4019=ORIENTED_EDGE('',*,*,#2978,.F.);
#4020=ORIENTED_EDGE('',*,*,#2979,.T.);
#4021=ORIENTED_EDGE('',*,*,#2691,.T.);
#4022=ORIENTED_EDGE('',*,*,#2977,.F.);
#4023=ORIENTED_EDGE('',*,*,#2980,.F.);
#4024=ORIENTED_EDGE('',*,*,#2981,.F.);
#4025=ORIENTED_EDGE('',*,*,#2982,.T.);
#4026=ORIENTED_EDGE('',*,*,#2692,.T.);
#4027=ORIENTED_EDGE('',*,*,#2979,.F.);
#4028=ORIENTED_EDGE('',*,*,#2983,.T.);
#4029=ORIENTED_EDGE('',*,*,#2693,.T.);
#4030=ORIENTED_EDGE('',*,*,#2982,.F.);
#4031=ORIENTED_EDGE('',*,*,#2984,.F.);
#4032=ORIENTED_EDGE('',*,*,#2985,.T.);
#4033=ORIENTED_EDGE('',*,*,#2694,.T.);
#4034=ORIENTED_EDGE('',*,*,#2983,.F.);
#4035=ORIENTED_EDGE('',*,*,#2986,.F.);
#4036=ORIENTED_EDGE('',*,*,#2987,.F.);
#4037=ORIENTED_EDGE('',*,*,#2988,.T.);
#4038=ORIENTED_EDGE('',*,*,#2695,.T.);
#4039=ORIENTED_EDGE('',*,*,#2985,.F.);
#4040=ORIENTED_EDGE('',*,*,#2989,.T.);
#4041=ORIENTED_EDGE('',*,*,#2696,.T.);
#4042=ORIENTED_EDGE('',*,*,#2988,.F.);
#4043=ORIENTED_EDGE('',*,*,#2990,.F.);
#4044=ORIENTED_EDGE('',*,*,#2991,.T.);
#4045=ORIENTED_EDGE('',*,*,#2697,.T.);
#4046=ORIENTED_EDGE('',*,*,#2989,.F.);
#4047=ORIENTED_EDGE('',*,*,#2992,.F.);
#4048=ORIENTED_EDGE('',*,*,#2993,.F.);
#4049=ORIENTED_EDGE('',*,*,#2994,.T.);
#4050=ORIENTED_EDGE('',*,*,#2698,.T.);
#4051=ORIENTED_EDGE('',*,*,#2991,.F.);
#4052=ORIENTED_EDGE('',*,*,#2995,.T.);
#4053=ORIENTED_EDGE('',*,*,#2699,.T.);
#4054=ORIENTED_EDGE('',*,*,#2994,.F.);
#4055=ORIENTED_EDGE('',*,*,#2996,.F.);
#4056=ORIENTED_EDGE('',*,*,#2997,.T.);
#4057=ORIENTED_EDGE('',*,*,#2700,.T.);
#4058=ORIENTED_EDGE('',*,*,#2995,.F.);
#4059=ORIENTED_EDGE('',*,*,#2998,.F.);
#4060=ORIENTED_EDGE('',*,*,#2999,.F.);
#4061=ORIENTED_EDGE('',*,*,#3000,.T.);
#4062=ORIENTED_EDGE('',*,*,#2701,.T.);
#4063=ORIENTED_EDGE('',*,*,#2997,.F.);
#4064=ORIENTED_EDGE('',*,*,#3001,.T.);
#4065=ORIENTED_EDGE('',*,*,#2702,.T.);
#4066=ORIENTED_EDGE('',*,*,#3000,.F.);
#4067=ORIENTED_EDGE('',*,*,#3002,.F.);
#4068=ORIENTED_EDGE('',*,*,#3003,.T.);
#4069=ORIENTED_EDGE('',*,*,#2703,.T.);
#4070=ORIENTED_EDGE('',*,*,#3001,.F.);
#4071=ORIENTED_EDGE('',*,*,#3004,.F.);
#4072=ORIENTED_EDGE('',*,*,#3005,.F.);
#4073=ORIENTED_EDGE('',*,*,#3006,.T.);
#4074=ORIENTED_EDGE('',*,*,#2704,.T.);
#4075=ORIENTED_EDGE('',*,*,#3003,.F.);
#4076=ORIENTED_EDGE('',*,*,#3007,.T.);
#4077=ORIENTED_EDGE('',*,*,#2705,.T.);
#4078=ORIENTED_EDGE('',*,*,#3006,.F.);
#4079=ORIENTED_EDGE('',*,*,#3008,.F.);
#4080=ORIENTED_EDGE('',*,*,#3009,.T.);
#4081=ORIENTED_EDGE('',*,*,#2706,.T.);
#4082=ORIENTED_EDGE('',*,*,#3007,.F.);
#4083=ORIENTED_EDGE('',*,*,#3010,.F.);
#4084=ORIENTED_EDGE('',*,*,#3011,.F.);
#4085=ORIENTED_EDGE('',*,*,#2714,.T.);
#4086=ORIENTED_EDGE('',*,*,#2707,.T.);
#4087=ORIENTED_EDGE('',*,*,#3009,.F.);
#4088=ORIENTED_EDGE('',*,*,#3012,.T.);
#4089=ORIENTED_EDGE('',*,*,#3013,.T.);
#4090=ORIENTED_EDGE('',*,*,#3014,.F.);
#4091=ORIENTED_EDGE('',*,*,#2708,.F.);
#4092=ORIENTED_EDGE('',*,*,#3015,.T.);
#4093=ORIENTED_EDGE('',*,*,#3014,.T.);
#4094=ORIENTED_EDGE('',*,*,#3016,.T.);
#4095=ORIENTED_EDGE('',*,*,#3017,.T.);
#4096=ORIENTED_EDGE('',*,*,#3018,.T.);
#4097=ORIENTED_EDGE('',*,*,#3019,.F.);
#4098=ORIENTED_EDGE('',*,*,#2709,.F.);
#4099=ORIENTED_EDGE('',*,*,#2710,.F.);
#4100=ORIENTED_EDGE('',*,*,#3019,.T.);
#4101=ORIENTED_EDGE('',*,*,#3020,.F.);
#4102=ORIENTED_EDGE('',*,*,#3021,.F.);
#4103=ORIENTED_EDGE('',*,*,#3022,.F.);
#4104=ORIENTED_EDGE('',*,*,#3023,.T.);
#4105=ORIENTED_EDGE('',*,*,#3024,.F.);
#4106=ORIENTED_EDGE('',*,*,#3025,.T.);
#4107=ORIENTED_EDGE('',*,*,#2711,.F.);
#4108=ORIENTED_EDGE('',*,*,#3021,.T.);
#4109=ORIENTED_EDGE('',*,*,#3026,.F.);
#4110=ORIENTED_EDGE('',*,*,#3027,.F.);
#4111=ORIENTED_EDGE('',*,*,#3028,.F.);
#4112=ORIENTED_EDGE('',*,*,#3015,.F.);
#4113=ORIENTED_EDGE('',*,*,#2712,.T.);
#4114=ORIENTED_EDGE('',*,*,#3011,.T.);
#4115=ORIENTED_EDGE('',*,*,#3010,.T.);
#4116=ORIENTED_EDGE('',*,*,#3008,.T.);
#4117=ORIENTED_EDGE('',*,*,#3005,.T.);
#4118=ORIENTED_EDGE('',*,*,#3004,.T.);
#4119=ORIENTED_EDGE('',*,*,#3002,.T.);
#4120=ORIENTED_EDGE('',*,*,#2999,.T.);
#4121=ORIENTED_EDGE('',*,*,#2998,.T.);
#4122=ORIENTED_EDGE('',*,*,#2996,.T.);
#4123=ORIENTED_EDGE('',*,*,#2993,.T.);
#4124=ORIENTED_EDGE('',*,*,#2992,.T.);
#4125=ORIENTED_EDGE('',*,*,#2990,.T.);
#4126=ORIENTED_EDGE('',*,*,#2987,.T.);
#4127=ORIENTED_EDGE('',*,*,#2986,.T.);
#4128=ORIENTED_EDGE('',*,*,#2984,.T.);
#4129=ORIENTED_EDGE('',*,*,#2981,.T.);
#4130=ORIENTED_EDGE('',*,*,#2980,.T.);
#4131=ORIENTED_EDGE('',*,*,#2978,.T.);
#4132=ORIENTED_EDGE('',*,*,#2975,.T.);
#4133=ORIENTED_EDGE('',*,*,#2974,.T.);
#4134=ORIENTED_EDGE('',*,*,#2972,.T.);
#4135=ORIENTED_EDGE('',*,*,#2969,.T.);
#4136=ORIENTED_EDGE('',*,*,#2968,.T.);
#4137=ORIENTED_EDGE('',*,*,#2966,.T.);
#4138=ORIENTED_EDGE('',*,*,#2963,.T.);
#4139=ORIENTED_EDGE('',*,*,#2962,.T.);
#4140=ORIENTED_EDGE('',*,*,#2960,.T.);
#4141=ORIENTED_EDGE('',*,*,#2957,.T.);
#4142=ORIENTED_EDGE('',*,*,#2956,.T.);
#4143=ORIENTED_EDGE('',*,*,#2954,.T.);
#4144=ORIENTED_EDGE('',*,*,#2951,.T.);
#4145=ORIENTED_EDGE('',*,*,#2950,.T.);
#4146=ORIENTED_EDGE('',*,*,#2948,.T.);
#4147=ORIENTED_EDGE('',*,*,#2945,.T.);
#4148=ORIENTED_EDGE('',*,*,#2944,.T.);
#4149=ORIENTED_EDGE('',*,*,#2942,.T.);
#4150=ORIENTED_EDGE('',*,*,#2939,.T.);
#4151=ORIENTED_EDGE('',*,*,#2938,.T.);
#4152=ORIENTED_EDGE('',*,*,#2936,.T.);
#4153=ORIENTED_EDGE('',*,*,#2933,.T.);
#4154=ORIENTED_EDGE('',*,*,#2932,.T.);
#4155=ORIENTED_EDGE('',*,*,#2930,.T.);
#4156=ORIENTED_EDGE('',*,*,#2927,.T.);
#4157=ORIENTED_EDGE('',*,*,#2926,.T.);
#4158=ORIENTED_EDGE('',*,*,#2924,.T.);
#4159=ORIENTED_EDGE('',*,*,#2921,.T.);
#4160=ORIENTED_EDGE('',*,*,#2920,.T.);
#4161=ORIENTED_EDGE('',*,*,#2918,.T.);
#4162=ORIENTED_EDGE('',*,*,#2915,.T.);
#4163=ORIENTED_EDGE('',*,*,#2914,.T.);
#4164=ORIENTED_EDGE('',*,*,#2912,.T.);
#4165=ORIENTED_EDGE('',*,*,#2909,.T.);
#4166=ORIENTED_EDGE('',*,*,#2908,.T.);
#4167=ORIENTED_EDGE('',*,*,#2906,.T.);
#4168=ORIENTED_EDGE('',*,*,#2903,.T.);
#4169=ORIENTED_EDGE('',*,*,#2902,.T.);
#4170=ORIENTED_EDGE('',*,*,#2900,.T.);
#4171=ORIENTED_EDGE('',*,*,#2897,.T.);
#4172=ORIENTED_EDGE('',*,*,#2896,.T.);
#4173=ORIENTED_EDGE('',*,*,#2894,.T.);
#4174=ORIENTED_EDGE('',*,*,#2891,.T.);
#4175=ORIENTED_EDGE('',*,*,#2890,.T.);
#4176=ORIENTED_EDGE('',*,*,#2888,.T.);
#4177=ORIENTED_EDGE('',*,*,#2885,.T.);
#4178=ORIENTED_EDGE('',*,*,#2884,.T.);
#4179=ORIENTED_EDGE('',*,*,#2882,.T.);
#4180=ORIENTED_EDGE('',*,*,#2879,.T.);
#4181=ORIENTED_EDGE('',*,*,#2878,.T.);
#4182=ORIENTED_EDGE('',*,*,#2876,.T.);
#4183=ORIENTED_EDGE('',*,*,#2873,.T.);
#4184=ORIENTED_EDGE('',*,*,#2872,.T.);
#4185=ORIENTED_EDGE('',*,*,#2870,.T.);
#4186=ORIENTED_EDGE('',*,*,#2867,.T.);
#4187=ORIENTED_EDGE('',*,*,#2866,.T.);
#4188=ORIENTED_EDGE('',*,*,#2864,.T.);
#4189=ORIENTED_EDGE('',*,*,#2861,.T.);
#4190=ORIENTED_EDGE('',*,*,#2860,.T.);
#4191=ORIENTED_EDGE('',*,*,#2857,.T.);
#4192=ORIENTED_EDGE('',*,*,#2855,.T.);
#4193=ORIENTED_EDGE('',*,*,#2854,.T.);
#4194=ORIENTED_EDGE('',*,*,#2851,.T.);
#4195=ORIENTED_EDGE('',*,*,#2849,.T.);
#4196=ORIENTED_EDGE('',*,*,#2848,.T.);
#4197=ORIENTED_EDGE('',*,*,#2845,.T.);
#4198=ORIENTED_EDGE('',*,*,#2843,.T.);
#4199=ORIENTED_EDGE('',*,*,#2842,.T.);
#4200=ORIENTED_EDGE('',*,*,#2839,.T.);
#4201=ORIENTED_EDGE('',*,*,#2837,.T.);
#4202=ORIENTED_EDGE('',*,*,#2836,.T.);
#4203=ORIENTED_EDGE('',*,*,#2833,.T.);
#4204=ORIENTED_EDGE('',*,*,#2831,.T.);
#4205=ORIENTED_EDGE('',*,*,#2830,.T.);
#4206=ORIENTED_EDGE('',*,*,#2827,.T.);
#4207=ORIENTED_EDGE('',*,*,#2825,.T.);
#4208=ORIENTED_EDGE('',*,*,#2824,.T.);
#4209=ORIENTED_EDGE('',*,*,#2821,.T.);
#4210=ORIENTED_EDGE('',*,*,#2819,.T.);
#4211=ORIENTED_EDGE('',*,*,#2818,.T.);
#4212=ORIENTED_EDGE('',*,*,#2815,.T.);
#4213=ORIENTED_EDGE('',*,*,#2813,.T.);
#4214=ORIENTED_EDGE('',*,*,#2812,.T.);
#4215=ORIENTED_EDGE('',*,*,#2809,.T.);
#4216=ORIENTED_EDGE('',*,*,#2807,.T.);
#4217=ORIENTED_EDGE('',*,*,#2806,.T.);
#4218=ORIENTED_EDGE('',*,*,#2803,.T.);
#4219=ORIENTED_EDGE('',*,*,#2801,.T.);
#4220=ORIENTED_EDGE('',*,*,#2800,.T.);
#4221=ORIENTED_EDGE('',*,*,#2797,.T.);
#4222=ORIENTED_EDGE('',*,*,#2795,.T.);
#4223=ORIENTED_EDGE('',*,*,#2794,.T.);
#4224=ORIENTED_EDGE('',*,*,#2791,.T.);
#4225=ORIENTED_EDGE('',*,*,#2789,.T.);
#4226=ORIENTED_EDGE('',*,*,#2788,.T.);
#4227=ORIENTED_EDGE('',*,*,#2785,.T.);
#4228=ORIENTED_EDGE('',*,*,#2783,.T.);
#4229=ORIENTED_EDGE('',*,*,#2782,.T.);
#4230=ORIENTED_EDGE('',*,*,#2779,.T.);
#4231=ORIENTED_EDGE('',*,*,#2777,.T.);
#4232=ORIENTED_EDGE('',*,*,#2776,.T.);
#4233=ORIENTED_EDGE('',*,*,#2773,.T.);
#4234=ORIENTED_EDGE('',*,*,#2771,.T.);
#4235=ORIENTED_EDGE('',*,*,#2770,.T.);
#4236=ORIENTED_EDGE('',*,*,#2767,.T.);
#4237=ORIENTED_EDGE('',*,*,#2765,.T.);
#4238=ORIENTED_EDGE('',*,*,#2764,.T.);
#4239=ORIENTED_EDGE('',*,*,#2761,.T.);
#4240=ORIENTED_EDGE('',*,*,#2759,.T.);
#4241=ORIENTED_EDGE('',*,*,#2758,.T.);
#4242=ORIENTED_EDGE('',*,*,#2755,.T.);
#4243=ORIENTED_EDGE('',*,*,#2753,.T.);
#4244=ORIENTED_EDGE('',*,*,#2752,.T.);
#4245=ORIENTED_EDGE('',*,*,#2749,.T.);
#4246=ORIENTED_EDGE('',*,*,#2747,.T.);
#4247=ORIENTED_EDGE('',*,*,#2746,.T.);
#4248=ORIENTED_EDGE('',*,*,#2743,.T.);
#4249=ORIENTED_EDGE('',*,*,#2741,.T.);
#4250=ORIENTED_EDGE('',*,*,#2740,.T.);
#4251=ORIENTED_EDGE('',*,*,#2737,.T.);
#4252=ORIENTED_EDGE('',*,*,#2735,.T.);
#4253=ORIENTED_EDGE('',*,*,#2734,.T.);
#4254=ORIENTED_EDGE('',*,*,#2731,.T.);
#4255=ORIENTED_EDGE('',*,*,#2729,.T.);
#4256=ORIENTED_EDGE('',*,*,#2728,.T.);
#4257=ORIENTED_EDGE('',*,*,#2725,.T.);
#4258=ORIENTED_EDGE('',*,*,#2723,.T.);
#4259=ORIENTED_EDGE('',*,*,#2722,.T.);
#4260=ORIENTED_EDGE('',*,*,#2719,.T.);
#4261=ORIENTED_EDGE('',*,*,#2717,.T.);
#4262=ORIENTED_EDGE('',*,*,#2716,.T.);
#4263=ORIENTED_EDGE('',*,*,#3029,.F.);
#4264=ORIENTED_EDGE('',*,*,#3030,.T.);
#4265=ORIENTED_EDGE('',*,*,#3031,.T.);
#4266=ORIENTED_EDGE('',*,*,#3012,.F.);
#4267=ORIENTED_EDGE('',*,*,#3028,.T.);
#4268=ORIENTED_EDGE('',*,*,#3032,.F.);
#4269=ORIENTED_EDGE('',*,*,#3033,.F.);
#4270=ORIENTED_EDGE('',*,*,#3034,.T.);
#4271=ORIENTED_EDGE('',*,*,#3016,.F.);
#4272=ORIENTED_EDGE('',*,*,#3013,.F.);
#4273=ORIENTED_EDGE('',*,*,#3031,.F.);
#4274=ORIENTED_EDGE('',*,*,#3035,.F.);
#4275=ORIENTED_EDGE('',*,*,#3026,.T.);
#4276=ORIENTED_EDGE('',*,*,#3020,.T.);
#4277=ORIENTED_EDGE('',*,*,#3018,.F.);
#4278=ORIENTED_EDGE('',*,*,#3036,.T.);
#4279=ORIENTED_EDGE('',*,*,#3032,.T.);
#4280=ORIENTED_EDGE('',*,*,#3027,.T.);
#4281=ORIENTED_EDGE('',*,*,#3035,.T.);
#4282=ORIENTED_EDGE('',*,*,#3017,.F.);
#4283=ORIENTED_EDGE('',*,*,#3034,.F.);
#4284=ORIENTED_EDGE('',*,*,#3037,.F.);
#4285=ORIENTED_EDGE('',*,*,#3038,.F.);
#4286=ORIENTED_EDGE('',*,*,#3039,.F.);
#4287=ORIENTED_EDGE('',*,*,#3040,.F.);
#4288=ORIENTED_EDGE('',*,*,#3041,.F.);
#4289=ORIENTED_EDGE('',*,*,#3042,.F.);
#4290=ORIENTED_EDGE('',*,*,#3040,.T.);
#4291=ORIENTED_EDGE('',*,*,#3043,.T.);
#4292=ORIENTED_EDGE('',*,*,#3022,.T.);
#4293=ORIENTED_EDGE('',*,*,#3044,.F.);
#4294=ORIENTED_EDGE('',*,*,#3041,.T.);
#4295=ORIENTED_EDGE('',*,*,#3044,.T.);
#4296=ORIENTED_EDGE('',*,*,#3025,.F.);
#4297=ORIENTED_EDGE('',*,*,#3045,.F.);
#4298=ORIENTED_EDGE('',*,*,#3042,.T.);
#4299=ORIENTED_EDGE('',*,*,#3045,.T.);
#4300=ORIENTED_EDGE('',*,*,#3024,.T.);
#4301=ORIENTED_EDGE('',*,*,#3046,.F.);
#4302=ORIENTED_EDGE('',*,*,#3039,.T.);
#4303=ORIENTED_EDGE('',*,*,#3046,.T.);
#4304=ORIENTED_EDGE('',*,*,#3023,.F.);
#4305=ORIENTED_EDGE('',*,*,#3043,.F.);
#4306=ORIENTED_EDGE('',*,*,#3029,.T.);
#4307=ORIENTED_EDGE('',*,*,#3047,.T.);
#4308=ORIENTED_EDGE('',*,*,#3048,.F.);
#4309=ORIENTED_EDGE('',*,*,#3047,.F.);
#4310=ORIENTED_EDGE('',*,*,#3033,.T.);
#4311=ORIENTED_EDGE('',*,*,#3036,.F.);
#4312=ORIENTED_EDGE('',*,*,#3049,.F.);
#4313=ORIENTED_EDGE('',*,*,#3037,.T.);
#4314=ORIENTED_EDGE('',*,*,#3050,.T.);
#4315=ORIENTED_EDGE('',*,*,#3051,.T.);
#4316=ORIENTED_EDGE('',*,*,#3030,.F.);
#4317=ORIENTED_EDGE('',*,*,#3051,.F.);
#4318=ORIENTED_EDGE('',*,*,#3049,.T.);
#4319=ORIENTED_EDGE('',*,*,#3038,.T.);
#4320=ORIENTED_EDGE('',*,*,#3048,.T.);
#4321=ORIENTED_EDGE('',*,*,#3052,.T.);
#4322=ORIENTED_EDGE('',*,*,#3050,.F.);
#4323=ORIENTED_EDGE('',*,*,#3052,.F.);
#4324=ORIENTED_EDGE('',*,*,#3053,.F.);
#4325=ORIENTED_EDGE('',*,*,#3054,.T.);
#4326=ORIENTED_EDGE('',*,*,#3055,.T.);
#4327=ORIENTED_EDGE('',*,*,#3056,.T.);
#4328=ORIENTED_EDGE('',*,*,#3053,.T.);
#4329=ORIENTED_EDGE('',*,*,#3057,.T.);
#4330=ORIENTED_EDGE('',*,*,#3058,.T.);
#4331=ORIENTED_EDGE('',*,*,#3059,.T.);
#4332=ORIENTED_EDGE('',*,*,#3060,.F.);
#4333=ORIENTED_EDGE('',*,*,#3059,.F.);
#4334=ORIENTED_EDGE('',*,*,#3061,.T.);
#4335=ORIENTED_EDGE('',*,*,#3062,.F.);
#4336=ORIENTED_EDGE('',*,*,#3063,.F.);
#4337=ORIENTED_EDGE('',*,*,#3054,.F.);
#4338=ORIENTED_EDGE('',*,*,#3062,.T.);
#4339=ORIENTED_EDGE('',*,*,#3064,.F.);
#4340=ORIENTED_EDGE('',*,*,#3065,.T.);
#4341=ORIENTED_EDGE('',*,*,#3066,.T.);
#4342=ORIENTED_EDGE('',*,*,#3067,.F.);
#4343=ORIENTED_EDGE('',*,*,#3068,.F.);
#4344=ORIENTED_EDGE('',*,*,#3055,.F.);
#4345=ORIENTED_EDGE('',*,*,#3063,.T.);
#4346=ORIENTED_EDGE('',*,*,#3069,.F.);
#4347=ORIENTED_EDGE('',*,*,#3066,.F.);
#4348=ORIENTED_EDGE('',*,*,#3057,.F.);
#4349=ORIENTED_EDGE('',*,*,#3056,.F.);
#4350=ORIENTED_EDGE('',*,*,#3068,.T.);
#4351=ORIENTED_EDGE('',*,*,#3070,.F.);
#4352=ORIENTED_EDGE('',*,*,#3071,.T.);
#4353=ORIENTED_EDGE('',*,*,#3060,.T.);
#4354=ORIENTED_EDGE('',*,*,#3071,.F.);
#4355=ORIENTED_EDGE('',*,*,#3064,.T.);
#4356=ORIENTED_EDGE('',*,*,#3061,.F.);
#4357=ORIENTED_EDGE('',*,*,#3058,.F.);
#4358=ORIENTED_EDGE('',*,*,#3070,.T.);
#4359=ORIENTED_EDGE('',*,*,#3067,.T.);
#4360=ORIENTED_EDGE('',*,*,#3069,.T.);
#4361=ORIENTED_EDGE('',*,*,#3065,.F.);
#4362=ORIENTED_EDGE('',*,*,#3072,.F.);
#4363=ORIENTED_EDGE('',*,*,#3072,.T.);
#4364=ORIENTED_EDGE('',*,*,#3073,.T.);
#4365=ORIENTED_EDGE('',*,*,#3074,.T.);
#4366=ORIENTED_EDGE('',*,*,#3075,.F.);
#4367=ORIENTED_EDGE('',*,*,#3074,.F.);
#4368=ORIENTED_EDGE('',*,*,#3076,.F.);
#4369=ORIENTED_EDGE('',*,*,#3075,.T.);
#4370=ORIENTED_EDGE('',*,*,#3077,.F.);
#4371=ORIENTED_EDGE('',*,*,#3078,.T.);
#4372=ORIENTED_EDGE('',*,*,#3076,.T.);
#4373=ORIENTED_EDGE('',*,*,#3078,.F.);
#4374=ORIENTED_EDGE('',*,*,#3077,.T.);
#4375=ORIENTED_EDGE('',*,*,#3079,.F.);
#4376=ORIENTED_EDGE('',*,*,#3080,.F.);
#4377=ORIENTED_EDGE('',*,*,#3081,.T.);
#4378=ORIENTED_EDGE('',*,*,#3079,.T.);
#4379=ORIENTED_EDGE('',*,*,#3081,.F.);
#4380=ORIENTED_EDGE('',*,*,#3080,.T.);
#4381=ORIENTED_EDGE('',*,*,#3082,.T.);
#4382=ORIENTED_EDGE('',*,*,#3073,.F.);
#4383=ORIENTED_EDGE('',*,*,#3082,.F.);
#4384=ORIENTED_EDGE('',*,*,#3083,.F.);
#4385=ORIENTED_EDGE('',*,*,#3084,.T.);
#4386=ORIENTED_EDGE('',*,*,#3085,.T.);
#4387=ORIENTED_EDGE('',*,*,#3086,.F.);
#4388=ORIENTED_EDGE('',*,*,#3087,.F.);
#4389=ORIENTED_EDGE('',*,*,#3088,.F.);
#4390=ORIENTED_EDGE('',*,*,#3089,.F.);
#4391=ORIENTED_EDGE('',*,*,#3090,.T.);
#4392=ORIENTED_EDGE('',*,*,#3091,.T.);
#4393=ORIENTED_EDGE('',*,*,#3092,.T.);
#4394=ORIENTED_EDGE('',*,*,#3093,.F.);
#4395=ORIENTED_EDGE('',*,*,#3094,.T.);
#4396=ORIENTED_EDGE('',*,*,#3088,.T.);
#4397=ORIENTED_EDGE('',*,*,#3095,.T.);
#4398=ORIENTED_EDGE('',*,*,#3096,.T.);
#4399=ORIENTED_EDGE('',*,*,#3091,.F.);
#4400=ORIENTED_EDGE('',*,*,#3097,.T.);
#4401=ORIENTED_EDGE('',*,*,#3096,.F.);
#4402=ORIENTED_EDGE('',*,*,#3098,.T.);
#4403=ORIENTED_EDGE('',*,*,#3099,.F.);
#4404=ORIENTED_EDGE('',*,*,#3100,.F.);
#4405=ORIENTED_EDGE('',*,*,#3101,.T.);
#4406=ORIENTED_EDGE('',*,*,#3085,.F.);
#4407=ORIENTED_EDGE('',*,*,#3102,.T.);
#4408=ORIENTED_EDGE('',*,*,#3092,.F.);
#4409=ORIENTED_EDGE('',*,*,#3093,.T.);
#4410=ORIENTED_EDGE('',*,*,#3102,.F.);
#4411=ORIENTED_EDGE('',*,*,#3084,.F.);
#4412=ORIENTED_EDGE('',*,*,#3103,.F.);
#4413=ORIENTED_EDGE('',*,*,#3104,.F.);
#4414=ORIENTED_EDGE('',*,*,#3104,.T.);
#4415=ORIENTED_EDGE('',*,*,#3105,.F.);
#4416=ORIENTED_EDGE('',*,*,#3106,.T.);
#4417=ORIENTED_EDGE('',*,*,#3107,.F.);
#4418=ORIENTED_EDGE('',*,*,#3108,.F.);
#4419=ORIENTED_EDGE('',*,*,#3089,.T.);
#4420=ORIENTED_EDGE('',*,*,#3097,.F.);
#4421=ORIENTED_EDGE('',*,*,#3094,.F.);
#4422=ORIENTED_EDGE('',*,*,#3087,.T.);
#4423=ORIENTED_EDGE('',*,*,#3109,.T.);
#4424=ORIENTED_EDGE('',*,*,#3098,.F.);
#4425=ORIENTED_EDGE('',*,*,#3095,.F.);
#4426=ORIENTED_EDGE('',*,*,#3110,.T.);
#4427=ORIENTED_EDGE('',*,*,#3099,.T.);
#4428=ORIENTED_EDGE('',*,*,#3109,.F.);
#4429=ORIENTED_EDGE('',*,*,#3090,.F.);
#4430=ORIENTED_EDGE('',*,*,#3108,.T.);
#4431=ORIENTED_EDGE('',*,*,#3110,.F.);
#4432=ORIENTED_EDGE('',*,*,#3107,.T.);
#4433=ORIENTED_EDGE('',*,*,#3111,.T.);
#4434=ORIENTED_EDGE('',*,*,#3100,.T.);
#4435=ORIENTED_EDGE('',*,*,#3112,.T.);
#4436=ORIENTED_EDGE('',*,*,#3086,.T.);
#4437=ORIENTED_EDGE('',*,*,#3101,.F.);
#4438=ORIENTED_EDGE('',*,*,#3111,.F.);
#4439=ORIENTED_EDGE('',*,*,#3106,.F.);
#4440=ORIENTED_EDGE('',*,*,#3083,.T.);
#4441=ORIENTED_EDGE('',*,*,#3112,.F.);
#4442=ORIENTED_EDGE('',*,*,#3105,.T.);
#4443=ORIENTED_EDGE('',*,*,#3103,.T.);
#4444=ORIENTED_EDGE('',*,*,#3113,.F.);
#4445=ORIENTED_EDGE('',*,*,#3114,.T.);
#4446=ORIENTED_EDGE('',*,*,#3115,.T.);
#4447=ORIENTED_EDGE('',*,*,#3114,.F.);
#4448=ORIENTED_EDGE('',*,*,#3113,.T.);
#4449=ORIENTED_EDGE('',*,*,#3116,.T.);
#4450=ORIENTED_EDGE('',*,*,#3117,.F.);
#4451=ORIENTED_EDGE('',*,*,#3116,.F.);
#4452=ORIENTED_EDGE('',*,*,#3115,.F.);
#4453=ORIENTED_EDGE('',*,*,#3118,.T.);
#4454=ORIENTED_EDGE('',*,*,#3119,.T.);
#4455=ORIENTED_EDGE('',*,*,#3118,.F.);
#4456=ORIENTED_EDGE('',*,*,#3120,.F.);
#4457=ORIENTED_EDGE('',*,*,#3121,.F.);
#4458=ORIENTED_EDGE('',*,*,#3122,.F.);
#4459=ORIENTED_EDGE('',*,*,#3123,.F.);
#4460=ORIENTED_EDGE('',*,*,#3124,.F.);
#4461=ORIENTED_EDGE('',*,*,#3125,.F.);
#4462=ORIENTED_EDGE('',*,*,#3117,.T.);
#4463=ORIENTED_EDGE('',*,*,#3126,.T.);
#4464=ORIENTED_EDGE('',*,*,#3127,.T.);
#4465=ORIENTED_EDGE('',*,*,#3128,.T.);
#4466=ORIENTED_EDGE('',*,*,#3129,.T.);
#4467=ORIENTED_EDGE('',*,*,#3130,.T.);
#4468=ORIENTED_EDGE('',*,*,#3131,.T.);
#4469=ORIENTED_EDGE('',*,*,#3119,.F.);
#4470=ORIENTED_EDGE('',*,*,#3120,.T.);
#4471=ORIENTED_EDGE('',*,*,#3132,.T.);
#4472=ORIENTED_EDGE('',*,*,#3133,.T.);
#4473=ORIENTED_EDGE('',*,*,#3125,.T.);
#4474=ORIENTED_EDGE('',*,*,#3134,.T.);
#4475=ORIENTED_EDGE('',*,*,#3135,.T.);
#4476=ORIENTED_EDGE('',*,*,#3124,.T.);
#4477=ORIENTED_EDGE('',*,*,#3136,.T.);
#4478=ORIENTED_EDGE('',*,*,#3137,.T.);
#4479=ORIENTED_EDGE('',*,*,#3138,.T.);
#4480=ORIENTED_EDGE('',*,*,#3139,.T.);
#4481=ORIENTED_EDGE('',*,*,#3123,.T.);
#4482=ORIENTED_EDGE('',*,*,#3140,.T.);
#4483=ORIENTED_EDGE('',*,*,#3141,.T.);
#4484=ORIENTED_EDGE('',*,*,#3122,.T.);
#4485=ORIENTED_EDGE('',*,*,#3142,.T.);
#4486=ORIENTED_EDGE('',*,*,#3143,.T.);
#4487=ORIENTED_EDGE('',*,*,#3121,.T.);
#4488=ORIENTED_EDGE('',*,*,#3144,.T.);
#4489=ORIENTED_EDGE('',*,*,#3145,.T.);
#4490=ORIENTED_EDGE('',*,*,#3126,.F.);
#4491=ORIENTED_EDGE('',*,*,#3146,.T.);
#4492=ORIENTED_EDGE('',*,*,#3147,.T.);
#4493=ORIENTED_EDGE('',*,*,#3127,.F.);
#4494=ORIENTED_EDGE('',*,*,#3148,.T.);
#4495=ORIENTED_EDGE('',*,*,#3149,.T.);
#4496=ORIENTED_EDGE('',*,*,#3128,.F.);
#4497=ORIENTED_EDGE('',*,*,#3129,.F.);
#4498=ORIENTED_EDGE('',*,*,#3150,.T.);
#4499=ORIENTED_EDGE('',*,*,#3151,.T.);
#4500=ORIENTED_EDGE('',*,*,#3130,.F.);
#4501=ORIENTED_EDGE('',*,*,#3152,.T.);
#4502=ORIENTED_EDGE('',*,*,#3153,.T.);
#4503=ORIENTED_EDGE('',*,*,#3131,.F.);
#4504=ORIENTED_EDGE('',*,*,#3154,.T.);
#4505=ORIENTED_EDGE('',*,*,#3155,.T.);
#4506=ORIENTED_EDGE('',*,*,#3145,.F.);
#4507=ORIENTED_EDGE('',*,*,#3156,.T.);
#4508=ORIENTED_EDGE('',*,*,#3132,.F.);
#4509=ORIENTED_EDGE('',*,*,#3135,.F.);
#4510=ORIENTED_EDGE('',*,*,#3157,.F.);
#4511=ORIENTED_EDGE('',*,*,#3146,.F.);
#4512=ORIENTED_EDGE('',*,*,#3155,.F.);
#4513=ORIENTED_EDGE('',*,*,#3158,.T.);
#4514=ORIENTED_EDGE('',*,*,#3142,.F.);
#4515=ORIENTED_EDGE('',*,*,#3133,.F.);
#4516=ORIENTED_EDGE('',*,*,#3156,.F.);
#4517=ORIENTED_EDGE('',*,*,#3144,.F.);
#4518=ORIENTED_EDGE('',*,*,#3147,.F.);
#4519=ORIENTED_EDGE('',*,*,#3157,.T.);
#4520=ORIENTED_EDGE('',*,*,#3134,.F.);
#4521=ORIENTED_EDGE('',*,*,#3137,.F.);
#4522=ORIENTED_EDGE('',*,*,#3159,.F.);
#4523=ORIENTED_EDGE('',*,*,#3148,.F.);
#4524=ORIENTED_EDGE('',*,*,#3149,.F.);
#4525=ORIENTED_EDGE('',*,*,#3159,.T.);
#4526=ORIENTED_EDGE('',*,*,#3136,.F.);
#4527=ORIENTED_EDGE('',*,*,#3139,.F.);
#4528=ORIENTED_EDGE('',*,*,#3160,.F.);
#4529=ORIENTED_EDGE('',*,*,#3150,.F.);
#4530=ORIENTED_EDGE('',*,*,#3151,.F.);
#4531=ORIENTED_EDGE('',*,*,#3160,.T.);
#4532=ORIENTED_EDGE('',*,*,#3138,.F.);
#4533=ORIENTED_EDGE('',*,*,#3141,.F.);
#4534=ORIENTED_EDGE('',*,*,#3161,.F.);
#4535=ORIENTED_EDGE('',*,*,#3152,.F.);
#4536=ORIENTED_EDGE('',*,*,#3153,.F.);
#4537=ORIENTED_EDGE('',*,*,#3161,.T.);
#4538=ORIENTED_EDGE('',*,*,#3140,.F.);
#4539=ORIENTED_EDGE('',*,*,#3143,.F.);
#4540=ORIENTED_EDGE('',*,*,#3158,.F.);
#4541=ORIENTED_EDGE('',*,*,#3154,.F.);
#4542=ORIENTED_EDGE('',*,*,#3162,.T.);
#4543=ORIENTED_EDGE('',*,*,#3163,.T.);
#4544=ORIENTED_EDGE('',*,*,#3164,.F.);
#4545=ORIENTED_EDGE('',*,*,#3163,.F.);
#4546=ORIENTED_EDGE('',*,*,#3164,.T.);
#4547=ORIENTED_EDGE('',*,*,#3165,.T.);
#4548=ORIENTED_EDGE('',*,*,#3166,.F.);
#4549=ORIENTED_EDGE('',*,*,#3165,.F.);
#4550=ORIENTED_EDGE('',*,*,#3167,.T.);
#4551=ORIENTED_EDGE('',*,*,#3168,.T.);
#4552=ORIENTED_EDGE('',*,*,#3169,.T.);
#4553=ORIENTED_EDGE('',*,*,#3170,.T.);
#4554=ORIENTED_EDGE('',*,*,#3171,.T.);
#4555=ORIENTED_EDGE('',*,*,#3172,.T.);
#4556=ORIENTED_EDGE('',*,*,#3173,.T.);
#4557=ORIENTED_EDGE('',*,*,#3174,.T.);
#4558=ORIENTED_EDGE('',*,*,#3175,.F.);
#4559=ORIENTED_EDGE('',*,*,#3176,.T.);
#4560=ORIENTED_EDGE('',*,*,#3162,.F.);
#4561=ORIENTED_EDGE('',*,*,#3166,.T.);
#4562=ORIENTED_EDGE('',*,*,#3177,.F.);
#4563=ORIENTED_EDGE('',*,*,#3178,.F.);
#4564=ORIENTED_EDGE('',*,*,#3179,.T.);
#4565=ORIENTED_EDGE('',*,*,#3180,.T.);
#4566=ORIENTED_EDGE('',*,*,#3181,.T.);
#4567=ORIENTED_EDGE('',*,*,#3182,.T.);
#4568=ORIENTED_EDGE('',*,*,#3167,.F.);
#4569=ORIENTED_EDGE('',*,*,#3183,.F.);
#4570=ORIENTED_EDGE('',*,*,#3184,.F.);
#4571=ORIENTED_EDGE('',*,*,#3183,.T.);
#4572=ORIENTED_EDGE('',*,*,#3176,.F.);
#4573=ORIENTED_EDGE('',*,*,#3185,.F.);
#4574=ORIENTED_EDGE('',*,*,#3186,.F.);
#4575=ORIENTED_EDGE('',*,*,#3168,.F.);
#4576=ORIENTED_EDGE('',*,*,#3182,.F.);
#4577=ORIENTED_EDGE('',*,*,#3187,.T.);
#4578=ORIENTED_EDGE('',*,*,#3188,.F.);
#4579=ORIENTED_EDGE('',*,*,#3189,.T.);
#4580=ORIENTED_EDGE('',*,*,#3190,.T.);
#4581=ORIENTED_EDGE('',*,*,#3185,.T.);
#4582=ORIENTED_EDGE('',*,*,#3175,.T.);
#4583=ORIENTED_EDGE('',*,*,#3191,.F.);
#4584=ORIENTED_EDGE('',*,*,#3192,.F.);
#4585=ORIENTED_EDGE('',*,*,#3193,.F.);
#4586=ORIENTED_EDGE('',*,*,#3194,.F.);
#4587=ORIENTED_EDGE('',*,*,#3188,.T.);
#4588=ORIENTED_EDGE('',*,*,#3195,.T.);
#4589=ORIENTED_EDGE('',*,*,#3196,.F.);
#4590=ORIENTED_EDGE('',*,*,#3169,.F.);
#4591=ORIENTED_EDGE('',*,*,#3174,.F.);
#4592=ORIENTED_EDGE('',*,*,#3197,.T.);
#4593=ORIENTED_EDGE('',*,*,#3198,.T.);
#4594=ORIENTED_EDGE('',*,*,#3191,.T.);
#4595=ORIENTED_EDGE('',*,*,#3196,.T.);
#4596=ORIENTED_EDGE('',*,*,#3199,.T.);
#4597=ORIENTED_EDGE('',*,*,#3200,.F.);
#4598=ORIENTED_EDGE('',*,*,#3170,.F.);
#4599=ORIENTED_EDGE('',*,*,#3201,.T.);
#4600=ORIENTED_EDGE('',*,*,#3202,.T.);
#4601=ORIENTED_EDGE('',*,*,#3197,.F.);
#4602=ORIENTED_EDGE('',*,*,#3173,.F.);
#4603=ORIENTED_EDGE('',*,*,#3200,.T.);
#4604=ORIENTED_EDGE('',*,*,#3203,.T.);
#4605=ORIENTED_EDGE('',*,*,#3204,.F.);
#4606=ORIENTED_EDGE('',*,*,#3171,.F.);
#4607=ORIENTED_EDGE('',*,*,#3204,.T.);
#4608=ORIENTED_EDGE('',*,*,#3205,.T.);
#4609=ORIENTED_EDGE('',*,*,#3201,.F.);
#4610=ORIENTED_EDGE('',*,*,#3172,.F.);
#4611=ORIENTED_EDGE('',*,*,#3177,.T.);
#4612=ORIENTED_EDGE('',*,*,#3206,.T.);
#4613=ORIENTED_EDGE('',*,*,#3207,.F.);
#4614=ORIENTED_EDGE('',*,*,#3206,.F.);
#4615=ORIENTED_EDGE('',*,*,#3208,.T.);
#4616=ORIENTED_EDGE('',*,*,#3189,.F.);
#4617=ORIENTED_EDGE('',*,*,#3209,.F.);
#4618=ORIENTED_EDGE('',*,*,#3178,.T.);
#4619=ORIENTED_EDGE('',*,*,#3184,.T.);
#4620=ORIENTED_EDGE('',*,*,#3186,.T.);
#4621=ORIENTED_EDGE('',*,*,#3190,.F.);
#4622=ORIENTED_EDGE('',*,*,#3208,.F.);
#4623=ORIENTED_EDGE('',*,*,#3210,.T.);
#4624=ORIENTED_EDGE('',*,*,#3192,.T.);
#4625=ORIENTED_EDGE('',*,*,#3198,.F.);
#4626=ORIENTED_EDGE('',*,*,#3202,.F.);
#4627=ORIENTED_EDGE('',*,*,#3205,.F.);
#4628=ORIENTED_EDGE('',*,*,#3203,.F.);
#4629=ORIENTED_EDGE('',*,*,#3199,.F.);
#4630=ORIENTED_EDGE('',*,*,#3195,.F.);
#4631=ORIENTED_EDGE('',*,*,#3187,.F.);
#4632=ORIENTED_EDGE('',*,*,#3181,.F.);
#4633=ORIENTED_EDGE('',*,*,#3211,.F.);
#4634=ORIENTED_EDGE('',*,*,#3193,.T.);
#4635=ORIENTED_EDGE('',*,*,#3211,.T.);
#4636=ORIENTED_EDGE('',*,*,#3180,.F.);
#4637=ORIENTED_EDGE('',*,*,#3212,.F.);
#4638=ORIENTED_EDGE('',*,*,#3194,.T.);
#4639=ORIENTED_EDGE('',*,*,#3212,.T.);
#4640=ORIENTED_EDGE('',*,*,#3179,.F.);
#4641=ORIENTED_EDGE('',*,*,#3209,.T.);
#4642=ORIENTED_EDGE('',*,*,#3213,.F.);
#4643=ORIENTED_EDGE('',*,*,#3207,.T.);
#4644=ORIENTED_EDGE('',*,*,#3213,.T.);
#4645=ORIENTED_EDGE('',*,*,#3214,.T.);
#4646=ORIENTED_EDGE('',*,*,#3210,.F.);
#4647=ORIENTED_EDGE('',*,*,#3214,.F.);
#4648=ORIENTED_EDGE('',*,*,#3215,.T.);
#4649=ORIENTED_EDGE('',*,*,#3216,.T.);
#4650=ORIENTED_EDGE('',*,*,#3217,.F.);
#4651=ORIENTED_EDGE('',*,*,#3216,.F.);
#4652=ORIENTED_EDGE('',*,*,#3215,.F.);
#4653=ORIENTED_EDGE('',*,*,#3217,.T.);
#4654=ORIENTED_EDGE('',*,*,#3218,.T.);
#4655=ORIENTED_EDGE('',*,*,#3219,.T.);
#4656=ORIENTED_EDGE('',*,*,#3220,.F.);
#4657=ORIENTED_EDGE('',*,*,#3219,.F.);
#4658=ORIENTED_EDGE('',*,*,#3218,.F.);
#4659=ORIENTED_EDGE('',*,*,#3220,.T.);
#4660=ORIENTED_EDGE('',*,*,#3221,.T.);
#4661=ORIENTED_EDGE('',*,*,#3222,.T.);
#4662=ORIENTED_EDGE('',*,*,#3223,.F.);
#4663=ORIENTED_EDGE('',*,*,#3222,.F.);
#4664=ORIENTED_EDGE('',*,*,#3221,.F.);
#4665=ORIENTED_EDGE('',*,*,#3223,.T.);
#4666=ORIENTED_EDGE('',*,*,#3224,.T.);
#4667=ORIENTED_EDGE('',*,*,#3225,.T.);
#4668=ORIENTED_EDGE('',*,*,#3226,.F.);
#4669=ORIENTED_EDGE('',*,*,#3225,.F.);
#4670=ORIENTED_EDGE('',*,*,#3224,.F.);
#4671=ORIENTED_EDGE('',*,*,#3226,.T.);
#4672=ORIENTED_EDGE('',*,*,#3227,.T.);
#4673=ORIENTED_EDGE('',*,*,#3228,.T.);
#4674=ORIENTED_EDGE('',*,*,#3229,.F.);
#4675=ORIENTED_EDGE('',*,*,#3228,.F.);
#4676=ORIENTED_EDGE('',*,*,#3230,.T.);
#4677=ORIENTED_EDGE('',*,*,#3231,.T.);
#4678=ORIENTED_EDGE('',*,*,#3232,.T.);
#4679=ORIENTED_EDGE('',*,*,#3233,.T.);
#4680=ORIENTED_EDGE('',*,*,#3231,.F.);
#4681=ORIENTED_EDGE('',*,*,#3230,.F.);
#4682=ORIENTED_EDGE('',*,*,#3227,.F.);
#4683=ORIENTED_EDGE('',*,*,#3229,.T.);
#4684=ORIENTED_EDGE('',*,*,#3234,.F.);
#4685=ORIENTED_EDGE('',*,*,#3235,.T.);
#4686=ORIENTED_EDGE('',*,*,#3236,.T.);
#4687=ORIENTED_EDGE('',*,*,#3232,.F.);
#4688=ORIENTED_EDGE('',*,*,#3233,.F.);
#4689=ORIENTED_EDGE('',*,*,#3236,.F.);
#4690=ORIENTED_EDGE('',*,*,#3237,.T.);
#4691=ORIENTED_EDGE('',*,*,#3238,.F.);
#4692=ORIENTED_EDGE('',*,*,#3239,.T.);
#4693=ORIENTED_EDGE('',*,*,#3234,.T.);
#4694=ORIENTED_EDGE('',*,*,#3239,.F.);
#4695=ORIENTED_EDGE('',*,*,#3240,.T.);
#4696=ORIENTED_EDGE('',*,*,#3241,.T.);
#4697=ORIENTED_EDGE('',*,*,#3242,.T.);
#4698=ORIENTED_EDGE('',*,*,#3240,.F.);
#4699=ORIENTED_EDGE('',*,*,#3237,.F.);
#4700=ORIENTED_EDGE('',*,*,#3235,.F.);
#4701=ORIENTED_EDGE('',*,*,#3238,.T.);
#4702=ORIENTED_EDGE('',*,*,#3243,.T.);
#4703=ORIENTED_EDGE('',*,*,#3244,.F.);
#4704=ORIENTED_EDGE('',*,*,#3243,.F.);
#4705=ORIENTED_EDGE('',*,*,#3245,.T.);
#4706=ORIENTED_EDGE('',*,*,#3246,.T.);
#4707=ORIENTED_EDGE('',*,*,#3241,.F.);
#4708=ORIENTED_EDGE('',*,*,#3242,.F.);
#4709=ORIENTED_EDGE('',*,*,#3246,.F.);
#4710=ORIENTED_EDGE('',*,*,#3247,.F.);
#4711=ORIENTED_EDGE('',*,*,#3248,.T.);
#4712=ORIENTED_EDGE('',*,*,#3244,.T.);
#4713=ORIENTED_EDGE('',*,*,#3248,.F.);
#4714=ORIENTED_EDGE('',*,*,#3245,.F.);
#4715=ORIENTED_EDGE('',*,*,#3247,.T.);
#4716=ORIENTED_EDGE('',*,*,#3249,.F.);
#4717=ORIENTED_EDGE('',*,*,#3250,.F.);
#4718=ORIENTED_EDGE('',*,*,#3251,.F.);
#4719=ORIENTED_EDGE('',*,*,#3252,.T.);
#4720=ORIENTED_EDGE('',*,*,#3253,.T.);
#4721=ORIENTED_EDGE('',*,*,#3254,.T.);
#4722=ORIENTED_EDGE('',*,*,#3255,.F.);
#4723=ORIENTED_EDGE('',*,*,#3256,.F.);
#4724=ORIENTED_EDGE('',*,*,#3257,.F.);
#4725=ORIENTED_EDGE('',*,*,#3258,.F.);
#4726=ORIENTED_EDGE('',*,*,#3259,.F.);
#4727=ORIENTED_EDGE('',*,*,#3260,.T.);
#4728=ORIENTED_EDGE('',*,*,#3249,.T.);
#4729=ORIENTED_EDGE('',*,*,#3261,.F.);
#4730=ORIENTED_EDGE('',*,*,#3262,.F.);
#4731=ORIENTED_EDGE('',*,*,#3261,.T.);
#4732=ORIENTED_EDGE('',*,*,#3258,.T.);
#4733=ORIENTED_EDGE('',*,*,#3263,.F.);
#4734=ORIENTED_EDGE('',*,*,#3264,.F.);
#4735=ORIENTED_EDGE('',*,*,#3265,.T.);
#4736=ORIENTED_EDGE('',*,*,#3266,.T.);
#4737=ORIENTED_EDGE('',*,*,#3267,.T.);
#4738=ORIENTED_EDGE('',*,*,#3250,.T.);
#4739=ORIENTED_EDGE('',*,*,#3260,.F.);
#4740=ORIENTED_EDGE('',*,*,#3268,.F.);
#4741=ORIENTED_EDGE('',*,*,#3269,.F.);
#4742=ORIENTED_EDGE('',*,*,#3270,.T.);
#4743=ORIENTED_EDGE('',*,*,#3263,.T.);
#4744=ORIENTED_EDGE('',*,*,#3257,.T.);
#4745=ORIENTED_EDGE('',*,*,#3271,.F.);
#4746=ORIENTED_EDGE('',*,*,#3272,.F.);
#4747=ORIENTED_EDGE('',*,*,#3273,.T.);
#4748=ORIENTED_EDGE('',*,*,#3251,.T.);
#4749=ORIENTED_EDGE('',*,*,#3267,.F.);
#4750=ORIENTED_EDGE('',*,*,#3274,.F.);
#4751=ORIENTED_EDGE('',*,*,#3271,.T.);
#4752=ORIENTED_EDGE('',*,*,#3256,.T.);
#4753=ORIENTED_EDGE('',*,*,#3275,.F.);
#4754=ORIENTED_EDGE('',*,*,#3276,.T.);
#4755=ORIENTED_EDGE('',*,*,#3277,.T.);
#4756=ORIENTED_EDGE('',*,*,#3278,.T.);
#4757=ORIENTED_EDGE('',*,*,#3279,.T.);
#4758=ORIENTED_EDGE('',*,*,#3252,.F.);
#4759=ORIENTED_EDGE('',*,*,#3273,.F.);
#4760=ORIENTED_EDGE('',*,*,#3280,.F.);
#4761=ORIENTED_EDGE('',*,*,#3281,.F.);
#4762=ORIENTED_EDGE('',*,*,#3282,.F.);
#4763=ORIENTED_EDGE('',*,*,#3275,.T.);
#4764=ORIENTED_EDGE('',*,*,#3255,.T.);
#4765=ORIENTED_EDGE('',*,*,#3283,.F.);
#4766=ORIENTED_EDGE('',*,*,#3284,.T.);
#4767=ORIENTED_EDGE('',*,*,#3285,.T.);
#4768=ORIENTED_EDGE('',*,*,#3253,.F.);
#4769=ORIENTED_EDGE('',*,*,#3279,.F.);
#4770=ORIENTED_EDGE('',*,*,#3286,.F.);
#4771=ORIENTED_EDGE('',*,*,#3283,.T.);
#4772=ORIENTED_EDGE('',*,*,#3254,.F.);
#4773=ORIENTED_EDGE('',*,*,#3285,.F.);
#4774=ORIENTED_EDGE('',*,*,#3259,.T.);
#4775=ORIENTED_EDGE('',*,*,#3262,.T.);
#4776=ORIENTED_EDGE('',*,*,#3270,.F.);
#4777=ORIENTED_EDGE('',*,*,#3274,.T.);
#4778=ORIENTED_EDGE('',*,*,#3282,.T.);
#4779=ORIENTED_EDGE('',*,*,#3286,.T.);
#4780=ORIENTED_EDGE('',*,*,#3284,.F.);
#4781=ORIENTED_EDGE('',*,*,#3278,.F.);
#4782=ORIENTED_EDGE('',*,*,#3287,.F.);
#4783=ORIENTED_EDGE('',*,*,#3288,.F.);
#4784=ORIENTED_EDGE('',*,*,#3268,.T.);
#4785=ORIENTED_EDGE('',*,*,#3289,.T.);
#4786=ORIENTED_EDGE('',*,*,#3264,.T.);
#4787=ORIENTED_EDGE('',*,*,#3290,.T.);
#4788=ORIENTED_EDGE('',*,*,#3291,.T.);
#4789=ORIENTED_EDGE('',*,*,#3276,.F.);
#4790=ORIENTED_EDGE('',*,*,#3292,.F.);
#4791=ORIENTED_EDGE('',*,*,#3293,.F.);
#4792=ORIENTED_EDGE('',*,*,#3294,.F.);
#4793=ORIENTED_EDGE('',*,*,#3295,.F.);
#4794=ORIENTED_EDGE('',*,*,#3265,.F.);
#4795=ORIENTED_EDGE('',*,*,#3289,.F.);
#4796=ORIENTED_EDGE('',*,*,#3296,.T.);
#4797=ORIENTED_EDGE('',*,*,#3297,.T.);
#4798=ORIENTED_EDGE('',*,*,#3298,.F.);
#4799=ORIENTED_EDGE('',*,*,#3288,.T.);
#4800=ORIENTED_EDGE('',*,*,#3299,.F.);
#4801=ORIENTED_EDGE('',*,*,#3290,.F.);
#4802=ORIENTED_EDGE('',*,*,#3269,.T.);
#4803=ORIENTED_EDGE('',*,*,#3272,.T.);
#4804=ORIENTED_EDGE('',*,*,#3266,.F.);
#4805=ORIENTED_EDGE('',*,*,#3295,.T.);
#4806=ORIENTED_EDGE('',*,*,#3300,.F.);
#4807=ORIENTED_EDGE('',*,*,#3301,.F.);
#4808=ORIENTED_EDGE('',*,*,#3280,.T.);
#4809=ORIENTED_EDGE('',*,*,#3301,.T.);
#4810=ORIENTED_EDGE('',*,*,#3302,.T.);
#4811=ORIENTED_EDGE('',*,*,#3303,.F.);
#4812=ORIENTED_EDGE('',*,*,#3304,.F.);
#4813=ORIENTED_EDGE('',*,*,#3292,.T.);
#4814=ORIENTED_EDGE('',*,*,#3281,.T.);
#4815=ORIENTED_EDGE('',*,*,#3291,.F.);
#4816=ORIENTED_EDGE('',*,*,#3299,.T.);
#4817=ORIENTED_EDGE('',*,*,#3287,.T.);
#4818=ORIENTED_EDGE('',*,*,#3277,.F.);
#4819=ORIENTED_EDGE('',*,*,#3305,.F.);
#4820=ORIENTED_EDGE('',*,*,#3306,.F.);
#4821=ORIENTED_EDGE('',*,*,#3296,.F.);
#4822=ORIENTED_EDGE('',*,*,#3294,.T.);
#4823=ORIENTED_EDGE('',*,*,#3307,.F.);
#4824=ORIENTED_EDGE('',*,*,#3302,.F.);
#4825=ORIENTED_EDGE('',*,*,#3300,.T.);
#4826=ORIENTED_EDGE('',*,*,#3298,.T.);
#4827=ORIENTED_EDGE('',*,*,#3308,.F.);
#4828=ORIENTED_EDGE('',*,*,#3309,.T.);
#4829=ORIENTED_EDGE('',*,*,#3303,.T.);
#4830=ORIENTED_EDGE('',*,*,#3307,.T.);
#4831=ORIENTED_EDGE('',*,*,#3310,.T.);
#4832=ORIENTED_EDGE('',*,*,#3311,.F.);
#4833=ORIENTED_EDGE('',*,*,#3310,.F.);
#4834=ORIENTED_EDGE('',*,*,#3308,.T.);
#4835=ORIENTED_EDGE('',*,*,#3297,.F.);
#4836=ORIENTED_EDGE('',*,*,#3306,.T.);
#4837=ORIENTED_EDGE('',*,*,#3309,.F.);
#4838=ORIENTED_EDGE('',*,*,#3305,.T.);
#4839=ORIENTED_EDGE('',*,*,#3293,.T.);
#4840=ORIENTED_EDGE('',*,*,#3304,.T.);
#4841=ORIENTED_EDGE('',*,*,#3311,.T.);
#4842=CYLINDRICAL_SURFACE('',#5375,2.85);
#4843=CYLINDRICAL_SURFACE('',#5384,1.5);
#4844=CYLINDRICAL_SURFACE('',#5440,6.15);
#4845=CYLINDRICAL_SURFACE('',#5444,6.15);
#4846=CYLINDRICAL_SURFACE('',#5448,6.15);
#4847=CYLINDRICAL_SURFACE('',#5452,6.15);
#4848=CYLINDRICAL_SURFACE('',#5456,6.15);
#4849=CYLINDRICAL_SURFACE('',#5460,6.15);
#4850=CYLINDRICAL_SURFACE('',#5464,6.15);
#4851=CYLINDRICAL_SURFACE('',#5468,6.15);
#4852=CYLINDRICAL_SURFACE('',#5472,6.15);
#4853=CYLINDRICAL_SURFACE('',#5476,6.15);
#4854=CYLINDRICAL_SURFACE('',#5480,6.15);
#4855=CYLINDRICAL_SURFACE('',#5484,6.15);
#4856=CYLINDRICAL_SURFACE('',#5488,6.15);
#4857=CYLINDRICAL_SURFACE('',#5492,6.15);
#4858=CYLINDRICAL_SURFACE('',#5496,6.15);
#4859=CYLINDRICAL_SURFACE('',#5500,6.15);
#4860=CYLINDRICAL_SURFACE('',#5504,6.15);
#4861=CYLINDRICAL_SURFACE('',#5508,6.15);
#4862=CYLINDRICAL_SURFACE('',#5512,6.15);
#4863=CYLINDRICAL_SURFACE('',#5516,6.15);
#4864=CYLINDRICAL_SURFACE('',#5520,6.15);
#4865=CYLINDRICAL_SURFACE('',#5524,6.15);
#4866=CYLINDRICAL_SURFACE('',#5528,6.15);
#4867=CYLINDRICAL_SURFACE('',#5532,6.15);
#4868=CYLINDRICAL_SURFACE('',#5536,6.15);
#4869=CYLINDRICAL_SURFACE('',#5540,6.15);
#4870=CYLINDRICAL_SURFACE('',#5544,6.15);
#4871=CYLINDRICAL_SURFACE('',#5548,6.15);
#4872=CYLINDRICAL_SURFACE('',#5552,6.15);
#4873=CYLINDRICAL_SURFACE('',#5556,6.15);
#4874=CYLINDRICAL_SURFACE('',#5560,6.15);
#4875=CYLINDRICAL_SURFACE('',#5564,6.15);
#4876=CYLINDRICAL_SURFACE('',#5568,6.15);
#4877=CYLINDRICAL_SURFACE('',#5572,6.15);
#4878=CYLINDRICAL_SURFACE('',#5576,6.15);
#4879=CYLINDRICAL_SURFACE('',#5580,6.15);
#4880=CYLINDRICAL_SURFACE('',#5584,6.15);
#4881=CYLINDRICAL_SURFACE('',#5588,6.15);
#4882=CYLINDRICAL_SURFACE('',#5592,6.15);
#4883=CYLINDRICAL_SURFACE('',#5596,6.15);
#4884=CYLINDRICAL_SURFACE('',#5600,6.15);
#4885=CYLINDRICAL_SURFACE('',#5604,6.15);
#4886=CYLINDRICAL_SURFACE('',#5608,6.15);
#4887=CYLINDRICAL_SURFACE('',#5612,6.15);
#4888=CYLINDRICAL_SURFACE('',#5616,6.15);
#4889=CYLINDRICAL_SURFACE('',#5620,6.15);
#4890=CYLINDRICAL_SURFACE('',#5624,6.15);
#4891=CYLINDRICAL_SURFACE('',#5628,6.15);
#4892=CYLINDRICAL_SURFACE('',#5632,6.15);
#4893=CYLINDRICAL_SURFACE('',#5636,6.15);
#4894=CYLINDRICAL_SURFACE('',#5640,3.7);
#4895=CYLINDRICAL_SURFACE('',#5657,1.575);
#4896=CYLINDRICAL_SURFACE('',#5663,0.625);
#4897=CYLINDRICAL_SURFACE('',#5665,0.625);
#4898=CYLINDRICAL_SURFACE('',#5666,5.275);
#4899=CYLINDRICAL_SURFACE('',#5668,3.7);
#4900=CYLINDRICAL_SURFACE('',#5670,4.7);
#4901=CYLINDRICAL_SURFACE('',#5678,0.75);
#4902=CYLINDRICAL_SURFACE('',#5681,1.05);
#4903=CYLINDRICAL_SURFACE('',#5685,1.1);
#4904=CYLINDRICAL_SURFACE('',#5689,1.05);
#4905=CYLINDRICAL_SURFACE('',#5694,2.85);
#4906=CYLINDRICAL_SURFACE('',#5698,1.5);
#4907=CYLINDRICAL_SURFACE('',#5702,7.1);
#4908=CYLINDRICAL_SURFACE('',#5706,5.7);
#4909=CYLINDRICAL_SURFACE('',#5721,5.7);
#4910=CYLINDRICAL_SURFACE('',#5729,7.1);
#4911=CYLINDRICAL_SURFACE('',#5731,5.275);
#4912=CYLINDRICAL_SURFACE('',#5771,2.85);
#4913=CYLINDRICAL_SURFACE('',#5787,3.);
#4914=CYLINDRICAL_SURFACE('',#5789,4.7);
#4915=CYLINDRICAL_SURFACE('',#5794,4.7);
#4916=CYLINDRICAL_SURFACE('',#5796,2.);
#4917=CYLINDRICAL_SURFACE('',#5799,3.);
#4918=CYLINDRICAL_SURFACE('',#5801,2.);
#4919=CYLINDRICAL_SURFACE('',#5803,1.85);
#4920=CYLINDRICAL_SURFACE('',#5805,7.375);
#4921=CYLINDRICAL_SURFACE('',#5811,4.);
#4922=CYLINDRICAL_SURFACE('',#5815,5.275);
#4923=CYLINDRICAL_SURFACE('',#5817,0.5);
#4924=CYLINDRICAL_SURFACE('',#5823,1.);
#4925=CYLINDRICAL_SURFACE('',#5829,0.5);
#4926=CYLINDRICAL_SURFACE('',#5835,1.);
#4927=CYLINDRICAL_SURFACE('',#5841,1.25);
#4928=CYLINDRICAL_SURFACE('',#5847,1.);
#4929=CYLINDRICAL_SURFACE('',#5852,1.3);
#4930=CYLINDRICAL_SURFACE('',#5854,1.05);
#4931=CYLINDRICAL_SURFACE('',#5858,1.83);
#4932=CYLINDRICAL_SURFACE('',#5865,0.5);
#4933=CYLINDRICAL_SURFACE('',#5866,3.);
#4934=CYLINDRICAL_SURFACE('',#5871,0.5);
#4935=CYLINDRICAL_SURFACE('',#5872,4.);
#4936=CYLINDRICAL_SURFACE('',#5880,1.83);
#4937=CYLINDRICAL_SURFACE('',#5899,1.25);
#4938=ADVANCED_FACE('',(#501),#4842,.F.);
#4939=ADVANCED_FACE('',(#502),#473,.F.);
#4940=ADVANCED_FACE('',(#503,#301),#317,.F.);
#4941=ADVANCED_FACE('',(#504,#302),#318,.F.);
#4942=ADVANCED_FACE('',(#505),#4843,.F.);
#4943=ADVANCED_FACE('',(#506),#474,.T.);
#4944=ADVANCED_FACE('',(#507,#303),#319,.T.);
#4945=ADVANCED_FACE('',(#508),#4844,.T.);
#4946=ADVANCED_FACE('',(#509),#320,.F.);
#4947=ADVANCED_FACE('',(#510),#321,.F.);
#4948=ADVANCED_FACE('',(#511),#4845,.T.);
#4949=ADVANCED_FACE('',(#512),#322,.F.);
#4950=ADVANCED_FACE('',(#513),#323,.F.);
#4951=ADVANCED_FACE('',(#514),#4846,.T.);
#4952=ADVANCED_FACE('',(#515),#324,.F.);
#4953=ADVANCED_FACE('',(#516),#325,.F.);
#4954=ADVANCED_FACE('',(#517),#4847,.T.);
#4955=ADVANCED_FACE('',(#518),#326,.F.);
#4956=ADVANCED_FACE('',(#519),#327,.F.);
#4957=ADVANCED_FACE('',(#520),#4848,.T.);
#4958=ADVANCED_FACE('',(#521),#328,.F.);
#4959=ADVANCED_FACE('',(#522),#329,.F.);
#4960=ADVANCED_FACE('',(#523),#4849,.T.);
#4961=ADVANCED_FACE('',(#524),#330,.F.);
#4962=ADVANCED_FACE('',(#525),#331,.F.);
#4963=ADVANCED_FACE('',(#526),#4850,.T.);
#4964=ADVANCED_FACE('',(#527),#332,.F.);
#4965=ADVANCED_FACE('',(#528),#333,.F.);
#4966=ADVANCED_FACE('',(#529),#4851,.T.);
#4967=ADVANCED_FACE('',(#530),#334,.F.);
#4968=ADVANCED_FACE('',(#531),#335,.F.);
#4969=ADVANCED_FACE('',(#532),#4852,.T.);
#4970=ADVANCED_FACE('',(#533),#336,.F.);
#4971=ADVANCED_FACE('',(#534),#337,.F.);
#4972=ADVANCED_FACE('',(#535),#4853,.T.);
#4973=ADVANCED_FACE('',(#536),#338,.F.);
#4974=ADVANCED_FACE('',(#537),#339,.F.);
#4975=ADVANCED_FACE('',(#538),#4854,.T.);
#4976=ADVANCED_FACE('',(#539),#340,.F.);
#4977=ADVANCED_FACE('',(#540),#341,.F.);
#4978=ADVANCED_FACE('',(#541),#4855,.T.);
#4979=ADVANCED_FACE('',(#542),#342,.F.);
#4980=ADVANCED_FACE('',(#543),#343,.F.);
#4981=ADVANCED_FACE('',(#544),#4856,.T.);
#4982=ADVANCED_FACE('',(#545),#344,.F.);
#4983=ADVANCED_FACE('',(#546),#345,.F.);
#4984=ADVANCED_FACE('',(#547),#4857,.T.);
#4985=ADVANCED_FACE('',(#548),#346,.F.);
#4986=ADVANCED_FACE('',(#549),#347,.F.);
#4987=ADVANCED_FACE('',(#550),#4858,.T.);
#4988=ADVANCED_FACE('',(#551),#348,.F.);
#4989=ADVANCED_FACE('',(#552),#349,.F.);
#4990=ADVANCED_FACE('',(#553),#4859,.T.);
#4991=ADVANCED_FACE('',(#554),#350,.F.);
#4992=ADVANCED_FACE('',(#555),#351,.F.);
#4993=ADVANCED_FACE('',(#556),#4860,.T.);
#4994=ADVANCED_FACE('',(#557),#352,.F.);
#4995=ADVANCED_FACE('',(#558),#353,.F.);
#4996=ADVANCED_FACE('',(#559),#4861,.T.);
#4997=ADVANCED_FACE('',(#560),#354,.F.);
#4998=ADVANCED_FACE('',(#561),#355,.F.);
#4999=ADVANCED_FACE('',(#562),#4862,.T.);
#5000=ADVANCED_FACE('',(#563),#356,.F.);
#5001=ADVANCED_FACE('',(#564),#357,.F.);
#5002=ADVANCED_FACE('',(#565),#4863,.T.);
#5003=ADVANCED_FACE('',(#566),#358,.F.);
#5004=ADVANCED_FACE('',(#567),#359,.F.);
#5005=ADVANCED_FACE('',(#568),#4864,.T.);
#5006=ADVANCED_FACE('',(#569),#360,.F.);
#5007=ADVANCED_FACE('',(#570),#361,.F.);
#5008=ADVANCED_FACE('',(#571),#4865,.T.);
#5009=ADVANCED_FACE('',(#572),#362,.F.);
#5010=ADVANCED_FACE('',(#573),#363,.F.);
#5011=ADVANCED_FACE('',(#574),#4866,.T.);
#5012=ADVANCED_FACE('',(#575),#364,.F.);
#5013=ADVANCED_FACE('',(#576),#365,.F.);
#5014=ADVANCED_FACE('',(#577),#4867,.T.);
#5015=ADVANCED_FACE('',(#578),#366,.F.);
#5016=ADVANCED_FACE('',(#579),#367,.F.);
#5017=ADVANCED_FACE('',(#580),#4868,.T.);
#5018=ADVANCED_FACE('',(#581),#368,.F.);
#5019=ADVANCED_FACE('',(#582),#369,.F.);
#5020=ADVANCED_FACE('',(#583),#4869,.T.);
#5021=ADVANCED_FACE('',(#584),#370,.F.);
#5022=ADVANCED_FACE('',(#585),#371,.F.);
#5023=ADVANCED_FACE('',(#586),#4870,.T.);
#5024=ADVANCED_FACE('',(#587),#372,.F.);
#5025=ADVANCED_FACE('',(#588),#373,.F.);
#5026=ADVANCED_FACE('',(#589),#4871,.T.);
#5027=ADVANCED_FACE('',(#590),#374,.F.);
#5028=ADVANCED_FACE('',(#591),#375,.F.);
#5029=ADVANCED_FACE('',(#592),#4872,.T.);
#5030=ADVANCED_FACE('',(#593),#376,.F.);
#5031=ADVANCED_FACE('',(#594),#377,.F.);
#5032=ADVANCED_FACE('',(#595),#4873,.T.);
#5033=ADVANCED_FACE('',(#596),#378,.F.);
#5034=ADVANCED_FACE('',(#597),#379,.F.);
#5035=ADVANCED_FACE('',(#598),#4874,.T.);
#5036=ADVANCED_FACE('',(#599),#380,.F.);
#5037=ADVANCED_FACE('',(#600),#381,.F.);
#5038=ADVANCED_FACE('',(#601),#4875,.T.);
#5039=ADVANCED_FACE('',(#602),#382,.F.);
#5040=ADVANCED_FACE('',(#603),#383,.F.);
#5041=ADVANCED_FACE('',(#604),#4876,.T.);
#5042=ADVANCED_FACE('',(#605),#384,.F.);
#5043=ADVANCED_FACE('',(#606),#385,.F.);
#5044=ADVANCED_FACE('',(#607),#4877,.T.);
#5045=ADVANCED_FACE('',(#608),#386,.F.);
#5046=ADVANCED_FACE('',(#609),#387,.F.);
#5047=ADVANCED_FACE('',(#610),#4878,.T.);
#5048=ADVANCED_FACE('',(#611),#388,.F.);
#5049=ADVANCED_FACE('',(#612),#389,.F.);
#5050=ADVANCED_FACE('',(#613),#4879,.T.);
#5051=ADVANCED_FACE('',(#614),#390,.F.);
#5052=ADVANCED_FACE('',(#615),#391,.F.);
#5053=ADVANCED_FACE('',(#616),#4880,.T.);
#5054=ADVANCED_FACE('',(#617),#392,.F.);
#5055=ADVANCED_FACE('',(#618),#393,.F.);
#5056=ADVANCED_FACE('',(#619),#4881,.T.);
#5057=ADVANCED_FACE('',(#620),#394,.F.);
#5058=ADVANCED_FACE('',(#621),#395,.F.);
#5059=ADVANCED_FACE('',(#622),#4882,.T.);
#5060=ADVANCED_FACE('',(#623),#396,.F.);
#5061=ADVANCED_FACE('',(#624),#397,.F.);
#5062=ADVANCED_FACE('',(#625),#4883,.T.);
#5063=ADVANCED_FACE('',(#626),#398,.F.);
#5064=ADVANCED_FACE('',(#627),#399,.F.);
#5065=ADVANCED_FACE('',(#628),#4884,.T.);
#5066=ADVANCED_FACE('',(#629),#400,.F.);
#5067=ADVANCED_FACE('',(#630),#401,.F.);
#5068=ADVANCED_FACE('',(#631),#4885,.T.);
#5069=ADVANCED_FACE('',(#632),#402,.F.);
#5070=ADVANCED_FACE('',(#633),#403,.F.);
#5071=ADVANCED_FACE('',(#634),#4886,.T.);
#5072=ADVANCED_FACE('',(#635),#404,.F.);
#5073=ADVANCED_FACE('',(#636),#405,.F.);
#5074=ADVANCED_FACE('',(#637),#4887,.T.);
#5075=ADVANCED_FACE('',(#638),#406,.F.);
#5076=ADVANCED_FACE('',(#639),#407,.F.);
#5077=ADVANCED_FACE('',(#640),#4888,.T.);
#5078=ADVANCED_FACE('',(#641),#408,.F.);
#5079=ADVANCED_FACE('',(#642),#409,.F.);
#5080=ADVANCED_FACE('',(#643),#4889,.T.);
#5081=ADVANCED_FACE('',(#644),#410,.F.);
#5082=ADVANCED_FACE('',(#645),#411,.F.);
#5083=ADVANCED_FACE('',(#646),#4890,.T.);
#5084=ADVANCED_FACE('',(#647),#412,.F.);
#5085=ADVANCED_FACE('',(#648),#413,.F.);
#5086=ADVANCED_FACE('',(#649),#4891,.T.);
#5087=ADVANCED_FACE('',(#650),#414,.F.);
#5088=ADVANCED_FACE('',(#651),#415,.F.);
#5089=ADVANCED_FACE('',(#652),#4892,.T.);
#5090=ADVANCED_FACE('',(#653),#416,.F.);
#5091=ADVANCED_FACE('',(#654),#417,.F.);
#5092=ADVANCED_FACE('',(#655),#4893,.T.);
#5093=ADVANCED_FACE('',(#656),#418,.F.);
#5094=ADVANCED_FACE('',(#657),#419,.F.);
#5095=ADVANCED_FACE('',(#658),#4894,.F.);
#5096=ADVANCED_FACE('',(#659),#420,.T.);
#5097=ADVANCED_FACE('',(#660,#304),#421,.T.);
#5098=ADVANCED_FACE('',(#661),#422,.T.);
#5099=ADVANCED_FACE('',(#662,#305),#423,.T.);
#5100=ADVANCED_FACE('',(#663),#168,.T.);
#5101=ADVANCED_FACE('',(#664),#4895,.T.);
#5102=ADVANCED_FACE('',(#665,#306),#424,.T.);
#5103=ADVANCED_FACE('',(#666),#425,.F.);
#5104=ADVANCED_FACE('',(#667),#4896,.F.);
#5105=ADVANCED_FACE('',(#668),#426,.F.);
#5106=ADVANCED_FACE('',(#669),#4897,.F.);
#5107=ADVANCED_FACE('',(#670),#4898,.T.);
#5108=ADVANCED_FACE('',(#671),#4899,.F.);
#5109=ADVANCED_FACE('',(#672),#4900,.T.);
#5110=ADVANCED_FACE('',(#673),#427,.T.);
#5111=ADVANCED_FACE('',(#674),#475,.T.);
#5112=ADVANCED_FACE('',(#675),#428,.T.);
#5113=ADVANCED_FACE('',(#676),#4901,.F.);
#5114=ADVANCED_FACE('',(#677),#429,.F.);
#5115=ADVANCED_FACE('',(#678),#4902,.T.);
#5116=ADVANCED_FACE('',(#679),#430,.F.);
#5117=ADVANCED_FACE('',(#680),#476,.F.);
#5118=ADVANCED_FACE('',(#681),#4903,.F.);
#5119=ADVANCED_FACE('',(#682),#67,.T.);
#5120=ADVANCED_FACE('',(#683),#4904,.F.);
#5121=ADVANCED_FACE('',(#684,#307),#431,.F.);
#5122=ADVANCED_FACE('',(#685),#4905,.T.);
#5123=ADVANCED_FACE('',(#686,#308),#432,.T.);
#5124=ADVANCED_FACE('',(#687),#4906,.T.);
#5125=ADVANCED_FACE('',(#688),#477,.T.);
#5126=ADVANCED_FACE('',(#689),#4907,.T.);
#5127=ADVANCED_FACE('',(#690),#4908,.F.);
#5128=ADVANCED_FACE('',(#691),#433,.F.);
#5129=ADVANCED_FACE('',(#692),#478,.F.);
#5130=ADVANCED_FACE('',(#693),#434,.F.);
#5131=ADVANCED_FACE('',(#694),#479,.T.);
#5132=ADVANCED_FACE('',(#695),#435,.F.);
#5133=ADVANCED_FACE('',(#696),#4909,.F.);
#5134=ADVANCED_FACE('',(#697),#480,.F.);
#5135=ADVANCED_FACE('',(#698),#436,.T.);
#5136=ADVANCED_FACE('',(#699),#481,.T.);
#5137=ADVANCED_FACE('',(#700),#4910,.T.);
#5138=ADVANCED_FACE('',(#701),#4911,.F.);
#5139=ADVANCED_FACE('',(#702),#482,.F.);
#5140=ADVANCED_FACE('',(#703),#483,.F.);
#5141=ADVANCED_FACE('',(#704,#309),#437,.F.);
#5142=ADVANCED_FACE('',(#705,#310),#438,.T.);
#5143=ADVANCED_FACE('',(#706),#484,.T.);
#5144=ADVANCED_FACE('',(#707),#485,.T.);
#5145=ADVANCED_FACE('',(#708),#486,.T.);
#5146=ADVANCED_FACE('',(#709),#487,.T.);
#5147=ADVANCED_FACE('',(#710),#488,.T.);
#5148=ADVANCED_FACE('',(#711),#489,.T.);
#5149=ADVANCED_FACE('',(#712),#490,.T.);
#5150=ADVANCED_FACE('',(#713),#491,.T.);
#5151=ADVANCED_FACE('',(#714),#492,.T.);
#5152=ADVANCED_FACE('',(#715),#493,.T.);
#5153=ADVANCED_FACE('',(#716),#494,.T.);
#5154=ADVANCED_FACE('',(#717),#495,.T.);
#5155=ADVANCED_FACE('',(#718),#439,.T.);
#5156=ADVANCED_FACE('',(#719),#440,.T.);
#5157=ADVANCED_FACE('',(#720),#441,.T.);
#5158=ADVANCED_FACE('',(#721),#442,.T.);
#5159=ADVANCED_FACE('',(#722),#443,.T.);
#5160=ADVANCED_FACE('',(#723),#444,.T.);
#5161=ADVANCED_FACE('',(#724),#4912,.T.);
#5162=ADVANCED_FACE('',(#725),#496,.T.);
#5163=ADVANCED_FACE('',(#726,#311),#445,.T.);
#5164=ADVANCED_FACE('',(#727,#312),#446,.F.);
#5165=ADVANCED_FACE('',(#728),#447,.T.);
#5166=ADVANCED_FACE('',(#729),#4913,.F.);
#5167=ADVANCED_FACE('',(#730),#4914,.T.);
#5168=ADVANCED_FACE('',(#731),#448,.T.);
#5169=ADVANCED_FACE('',(#732),#449,.T.);
#5170=ADVANCED_FACE('',(#733),#4915,.T.);
#5171=ADVANCED_FACE('',(#734),#4916,.T.);
#5172=ADVANCED_FACE('',(#735),#450,.T.);
#5173=ADVANCED_FACE('',(#736),#4917,.T.);
#5174=ADVANCED_FACE('',(#737),#4918,.T.);
#5175=ADVANCED_FACE('',(#738),#4919,.F.);
#5176=ADVANCED_FACE('',(#739),#4920,.T.);
#5177=ADVANCED_FACE('',(#740,#313),#451,.T.);
#5178=ADVANCED_FACE('',(#741),#452,.T.);
#5179=ADVANCED_FACE('',(#742),#4921,.T.);
#5180=ADVANCED_FACE('',(#743,#314),#453,.T.);
#5181=ADVANCED_FACE('',(#744),#454,.T.);
#5182=ADVANCED_FACE('',(#745),#4922,.F.);
#5183=ADVANCED_FACE('',(#746),#4923,.T.);
#5184=ADVANCED_FACE('',(#747),#455,.T.);
#5185=ADVANCED_FACE('',(#748),#456,.F.);
#5186=ADVANCED_FACE('',(#749),#4924,.T.);
#5187=ADVANCED_FACE('',(#750),#457,.T.);
#5188=ADVANCED_FACE('',(#751),#458,.F.);
#5189=ADVANCED_FACE('',(#752),#4925,.T.);
#5190=ADVANCED_FACE('',(#753),#459,.T.);
#5191=ADVANCED_FACE('',(#754),#460,.F.);
#5192=ADVANCED_FACE('',(#755),#4926,.T.);
#5193=ADVANCED_FACE('',(#756),#461,.T.);
#5194=ADVANCED_FACE('',(#757),#462,.F.);
#5195=ADVANCED_FACE('',(#758),#4927,.T.);
#5196=ADVANCED_FACE('',(#759),#59,.T.);
#5197=ADVANCED_FACE('',(#760,#315),#463,.T.);
#5198=ADVANCED_FACE('',(#761),#497,.T.);
#5199=ADVANCED_FACE('',(#762),#4928,.F.);
#5200=ADVANCED_FACE('',(#763),#60,.T.);
#5201=ADVANCED_FACE('',(#764),#498,.F.);
#5202=ADVANCED_FACE('',(#765),#4929,.T.);
#5203=ADVANCED_FACE('',(#766),#4930,.F.);
#5204=ADVANCED_FACE('',(#767,#316),#464,.F.);
#5205=ADVANCED_FACE('',(#768),#4931,.T.);
#5206=ADVANCED_FACE('',(#769),#465,.T.);
#5207=ADVANCED_FACE('',(#770),#4932,.T.);
#5208=ADVANCED_FACE('',(#771),#4933,.F.);
#5209=ADVANCED_FACE('',(#772),#466,.T.);
#5210=ADVANCED_FACE('',(#773),#61,.T.);
#5211=ADVANCED_FACE('',(#774),#4934,.F.);
#5212=ADVANCED_FACE('',(#775),#4935,.F.);
#5213=ADVANCED_FACE('',(#776),#467,.T.);
#5214=ADVANCED_FACE('',(#777),#468,.F.);
#5215=ADVANCED_FACE('',(#778),#469,.F.);
#5216=ADVANCED_FACE('',(#779),#4936,.T.);
#5217=ADVANCED_FACE('',(#780),#499,.T.);
#5218=ADVANCED_FACE('',(#781),#470,.T.);
#5219=ADVANCED_FACE('',(#782),#62,.T.);
#5220=ADVANCED_FACE('',(#783),#500,.T.);
#5221=ADVANCED_FACE('',(#784),#471,.F.);
#5222=ADVANCED_FACE('',(#785),#63,.T.);
#5223=ADVANCED_FACE('',(#786),#64,.T.);
#5224=ADVANCED_FACE('',(#787),#65,.T.);
#5225=ADVANCED_FACE('',(#788),#4937,.T.);
#5226=ADVANCED_FACE('',(#789),#66,.T.);
#5227=ADVANCED_FACE('',(#790),#472,.T.);
#5228=CLOSED_SHELL('',(#4938,#4939,#4940,#4941,#4942,#4943,#4944,#4945,
#4946,#4947,#4948,#4949,#4950,#4951,#4952,#4953,#4954,#4955,#4956,#4957,
#4958,#4959,#4960,#4961,#4962,#4963,#4964,#4965,#4966,#4967,#4968,#4969,
#4970,#4971,#4972,#4973,#4974,#4975,#4976,#4977,#4978,#4979,#4980,#4981,
#4982,#4983,#4984,#4985,#4986,#4987,#4988,#4989,#4990,#4991,#4992,#4993,
#4994,#4995,#4996,#4997,#4998,#4999,#5000,#5001,#5002,#5003,#5004,#5005,
#5006,#5007,#5008,#5009,#5010,#5011,#5012,#5013,#5014,#5015,#5016,#5017,
#5018,#5019,#5020,#5021,#5022,#5023,#5024,#5025,#5026,#5027,#5028,#5029,
#5030,#5031,#5032,#5033,#5034,#5035,#5036,#5037,#5038,#5039,#5040,#5041,
#5042,#5043,#5044,#5045,#5046,#5047,#5048,#5049,#5050,#5051,#5052,#5053,
#5054,#5055,#5056,#5057,#5058,#5059,#5060,#5061,#5062,#5063,#5064,#5065,
#5066,#5067,#5068,#5069,#5070,#5071,#5072,#5073,#5074,#5075,#5076,#5077,
#5078,#5079,#5080,#5081,#5082,#5083,#5084,#5085,#5086,#5087,#5088,#5089,
#5090,#5091,#5092,#5093,#5094,#5095,#5096,#5097,#5098,#5099,#5100,#5101,
#5102,#5103,#5104,#5105,#5106,#5107,#5108,#5109,#5110,#5111));
#5229=CLOSED_SHELL('',(#5112,#5113,#5114,#5115,#5116,#5117,#5118,#5119));
#5230=CLOSED_SHELL('',(#5120,#5121,#5122,#5123,#5124,#5125));
#5231=CLOSED_SHELL('',(#5126,#5127,#5128,#5129,#5130,#5131,#5132,#5133,
#5134,#5135,#5136,#5137));
#5232=CLOSED_SHELL('',(#5138,#5139,#5140,#5141,#5142,#5143,#5144,#5145,
#5146,#5147,#5148,#5149,#5150,#5151,#5152,#5153,#5154,#5155,#5156,#5157,
#5158,#5159,#5160));
#5233=CLOSED_SHELL('',(#5161,#5162,#5163,#5164,#5165,#5166,#5167,#5168,
#5169,#5170,#5171,#5172,#5173,#5174,#5175,#5176,#5177,#5178,#5179,#5180,
#5181,#5182));
#5234=CLOSED_SHELL('',(#5183,#5184,#5185));
#5235=CLOSED_SHELL('',(#5186,#5187,#5188));
#5236=CLOSED_SHELL('',(#5189,#5190,#5191));
#5237=CLOSED_SHELL('',(#5192,#5193,#5194));
#5238=CLOSED_SHELL('',(#5195,#5196,#5197,#5198,#5199,#5200,#5201,#5202,
#5203,#5204));
#5239=CLOSED_SHELL('',(#5205,#5206,#5207,#5208,#5209,#5210,#5211,#5212,
#5213,#5214,#5215,#5216,#5217,#5218,#5219,#5220,#5221,#5222,#5223,#5224,
#5225,#5226,#5227));
#5240=DERIVED_UNIT_ELEMENT(#5264,1.);
#5241=DERIVED_UNIT_ELEMENT(#10834,-3.);
#5242=DERIVED_UNIT_ELEMENT(#5264,1.);
#5243=DERIVED_UNIT_ELEMENT(#10834,-3.);
#5244=DERIVED_UNIT_ELEMENT(#5264,1.);
#5245=DERIVED_UNIT_ELEMENT(#10834,-3.);
#5246=DERIVED_UNIT_ELEMENT(#5264,1.);
#5247=DERIVED_UNIT_ELEMENT(#10834,-3.);
#5248=DERIVED_UNIT_ELEMENT(#5264,1.);
#5249=DERIVED_UNIT_ELEMENT(#10834,-3.);
#5250=DERIVED_UNIT_ELEMENT(#5264,1.);
#5251=DERIVED_UNIT_ELEMENT(#10834,-3.);
#5252=DERIVED_UNIT_ELEMENT(#5264,1.);
#5253=DERIVED_UNIT_ELEMENT(#10834,-3.);
#5254=DERIVED_UNIT_ELEMENT(#5264,1.);
#5255=DERIVED_UNIT_ELEMENT(#10834,-3.);
#5256=DERIVED_UNIT_ELEMENT(#5264,1.);
#5257=DERIVED_UNIT_ELEMENT(#10834,-3.);
#5258=DERIVED_UNIT_ELEMENT(#5264,1.);
#5259=DERIVED_UNIT_ELEMENT(#10834,-3.);
#5260=DERIVED_UNIT_ELEMENT(#5264,1.);
#5261=DERIVED_UNIT_ELEMENT(#10834,-3.);
#5262=DERIVED_UNIT_ELEMENT(#5264,1.);
#5263=DERIVED_UNIT_ELEMENT(#10834,-3.);
#5264=(
MASS_UNIT()
NAMED_UNIT(*)
SI_UNIT(.KILO.,.GRAM.)
);
#5265=DERIVED_UNIT((#5240,#5241));
#5266=DERIVED_UNIT((#5242,#5243));
#5267=DERIVED_UNIT((#5244,#5245));
#5268=DERIVED_UNIT((#5246,#5247));
#5269=DERIVED_UNIT((#5248,#5249));
#5270=DERIVED_UNIT((#5250,#5251));
#5271=DERIVED_UNIT((#5252,#5253));
#5272=DERIVED_UNIT((#5254,#5255));
#5273=DERIVED_UNIT((#5256,#5257));
#5274=DERIVED_UNIT((#5258,#5259));
#5275=DERIVED_UNIT((#5260,#5261));
#5276=DERIVED_UNIT((#5262,#5263));
#5277=MEASURE_REPRESENTATION_ITEM('density measure',
POSITIVE_RATIO_MEASURE(7850.),#5265);
#5278=MEASURE_REPRESENTATION_ITEM('density measure',
POSITIVE_RATIO_MEASURE(7850.),#5266);
#5279=MEASURE_REPRESENTATION_ITEM('density measure',
POSITIVE_RATIO_MEASURE(7850.),#5267);
#5280=MEASURE_REPRESENTATION_ITEM('density measure',
POSITIVE_RATIO_MEASURE(7850.),#5268);
#5281=MEASURE_REPRESENTATION_ITEM('density measure',
POSITIVE_RATIO_MEASURE(7850.),#5269);
#5282=MEASURE_REPRESENTATION_ITEM('density measure',
POSITIVE_RATIO_MEASURE(7850.),#5270);
#5283=MEASURE_REPRESENTATION_ITEM('density measure',
POSITIVE_RATIO_MEASURE(7850.),#5271);
#5284=MEASURE_REPRESENTATION_ITEM('density measure',
POSITIVE_RATIO_MEASURE(7850.),#5272);
#5285=MEASURE_REPRESENTATION_ITEM('density measure',
POSITIVE_RATIO_MEASURE(7850.),#5273);
#5286=MEASURE_REPRESENTATION_ITEM('density measure',
POSITIVE_RATIO_MEASURE(7850.),#5274);
#5287=MEASURE_REPRESENTATION_ITEM('density measure',
POSITIVE_RATIO_MEASURE(7850.),#5275);
#5288=MEASURE_REPRESENTATION_ITEM('density measure',
POSITIVE_RATIO_MEASURE(7850.),#5276);
#5289=PROPERTY_DEFINITION_REPRESENTATION(#5349,#5313);
#5290=PROPERTY_DEFINITION_REPRESENTATION(#5350,#5314);
#5291=PROPERTY_DEFINITION_REPRESENTATION(#5351,#5315);
#5292=PROPERTY_DEFINITION_REPRESENTATION(#5352,#5316);
#5293=PROPERTY_DEFINITION_REPRESENTATION(#5353,#5317);
#5294=PROPERTY_DEFINITION_REPRESENTATION(#5354,#5318);
#5295=PROPERTY_DEFINITION_REPRESENTATION(#5355,#5319);
#5296=PROPERTY_DEFINITION_REPRESENTATION(#5356,#5320);
#5297=PROPERTY_DEFINITION_REPRESENTATION(#5357,#5321);
#5298=PROPERTY_DEFINITION_REPRESENTATION(#5358,#5322);
#5299=PROPERTY_DEFINITION_REPRESENTATION(#5359,#5323);
#5300=PROPERTY_DEFINITION_REPRESENTATION(#5360,#5324);
#5301=PROPERTY_DEFINITION_REPRESENTATION(#5361,#5325);
#5302=PROPERTY_DEFINITION_REPRESENTATION(#5362,#5326);
#5303=PROPERTY_DEFINITION_REPRESENTATION(#5363,#5327);
#5304=PROPERTY_DEFINITION_REPRESENTATION(#5364,#5328);
#5305=PROPERTY_DEFINITION_REPRESENTATION(#5365,#5329);
#5306=PROPERTY_DEFINITION_REPRESENTATION(#5366,#5330);
#5307=PROPERTY_DEFINITION_REPRESENTATION(#5367,#5331);
#5308=PROPERTY_DEFINITION_REPRESENTATION(#5368,#5332);
#5309=PROPERTY_DEFINITION_REPRESENTATION(#5369,#5333);
#5310=PROPERTY_DEFINITION_REPRESENTATION(#5370,#5334);
#5311=PROPERTY_DEFINITION_REPRESENTATION(#5371,#5335);
#5312=PROPERTY_DEFINITION_REPRESENTATION(#5372,#5336);
#5313=REPRESENTATION('material name',(#5337),#10820);
#5314=REPRESENTATION('density',(#5277),#10820);
#5315=REPRESENTATION('material name',(#5338),#10821);
#5316=REPRESENTATION('density',(#5278),#10821);
#5317=REPRESENTATION('material name',(#5339),#10822);
#5318=REPRESENTATION('density',(#5279),#10822);
#5319=REPRESENTATION('material name',(#5340),#10823);
#5320=REPRESENTATION('density',(#5280),#10823);
#5321=REPRESENTATION('material name',(#5341),#10824);
#5322=REPRESENTATION('density',(#5281),#10824);
#5323=REPRESENTATION('material name',(#5342),#10825);
#5324=REPRESENTATION('density',(#5282),#10825);
#5325=REPRESENTATION('material name',(#5343),#10826);
#5326=REPRESENTATION('density',(#5283),#10826);
#5327=REPRESENTATION('material name',(#5344),#10827);
#5328=REPRESENTATION('density',(#5284),#10827);
#5329=REPRESENTATION('material name',(#5345),#10828);
#5330=REPRESENTATION('density',(#5285),#10828);
#5331=REPRESENTATION('material name',(#5346),#10829);
#5332=REPRESENTATION('density',(#5286),#10829);
#5333=REPRESENTATION('material name',(#5347),#10830);
#5334=REPRESENTATION('density',(#5287),#10830);
#5335=REPRESENTATION('material name',(#5348),#10831);
#5336=REPRESENTATION('density',(#5288),#10831);
#5337=DESCRIPTIVE_REPRESENTATION_ITEM('Steel','Steel');
#5338=DESCRIPTIVE_REPRESENTATION_ITEM('Steel','Steel');
#5339=DESCRIPTIVE_REPRESENTATION_ITEM('Steel','Steel');
#5340=DESCRIPTIVE_REPRESENTATION_ITEM('Steel','Steel');
#5341=DESCRIPTIVE_REPRESENTATION_ITEM('Steel','Steel');
#5342=DESCRIPTIVE_REPRESENTATION_ITEM('Steel','Steel');
#5343=DESCRIPTIVE_REPRESENTATION_ITEM('Steel','Steel');
#5344=DESCRIPTIVE_REPRESENTATION_ITEM('Steel','Steel');
#5345=DESCRIPTIVE_REPRESENTATION_ITEM('Steel','Steel');
#5346=DESCRIPTIVE_REPRESENTATION_ITEM('Steel','Steel');
#5347=DESCRIPTIVE_REPRESENTATION_ITEM('Steel','Steel');
#5348=DESCRIPTIVE_REPRESENTATION_ITEM('Steel','Steel');
#5349=PROPERTY_DEFINITION('material property','material name',#10890);
#5350=PROPERTY_DEFINITION('material property','density of part',#10890);
#5351=PROPERTY_DEFINITION('material property','material name',#10891);
#5352=PROPERTY_DEFINITION('material property','density of part',#10891);
#5353=PROPERTY_DEFINITION('material property','material name',#10892);
#5354=PROPERTY_DEFINITION('material property','density of part',#10892);
#5355=PROPERTY_DEFINITION('material property','material name',#10893);
#5356=PROPERTY_DEFINITION('material property','density of part',#10893);
#5357=PROPERTY_DEFINITION('material property','material name',#10894);
#5358=PROPERTY_DEFINITION('material property','density of part',#10894);
#5359=PROPERTY_DEFINITION('material property','material name',#10895);
#5360=PROPERTY_DEFINITION('material property','density of part',#10895);
#5361=PROPERTY_DEFINITION('material property','material name',#10896);
#5362=PROPERTY_DEFINITION('material property','density of part',#10896);
#5363=PROPERTY_DEFINITION('material property','material name',#10897);
#5364=PROPERTY_DEFINITION('material property','density of part',#10897);
#5365=PROPERTY_DEFINITION('material property','material name',#10898);
#5366=PROPERTY_DEFINITION('material property','density of part',#10898);
#5367=PROPERTY_DEFINITION('material property','material name',#10899);
#5368=PROPERTY_DEFINITION('material property','density of part',#10899);
#5369=PROPERTY_DEFINITION('material property','material name',#10900);
#5370=PROPERTY_DEFINITION('material property','density of part',#10900);
#5371=PROPERTY_DEFINITION('material property','material name',#10901);
#5372=PROPERTY_DEFINITION('material property','density of part',#10901);
#5373=AXIS2_PLACEMENT_3D('',#7362,#5914,#5915);
#5374=AXIS2_PLACEMENT_3D('',#7363,#5916,#5917);
#5375=AXIS2_PLACEMENT_3D('',#7364,#5918,#5919);
#5376=AXIS2_PLACEMENT_3D('',#7366,#5920,#5921);
#5377=AXIS2_PLACEMENT_3D('',#7369,#5923,#5924);
#5378=AXIS2_PLACEMENT_3D('',#7370,#5925,#5926);
#5379=AXIS2_PLACEMENT_3D('',#7373,#5928,#5929);
#5380=AXIS2_PLACEMENT_3D('',#7374,#5930,#5931);
#5381=AXIS2_PLACEMENT_3D('',#7376,#5932,#5933);
#5382=AXIS2_PLACEMENT_3D('',#7377,#5934,#5935);
#5383=AXIS2_PLACEMENT_3D('',#7379,#5936,#5937);
#5384=AXIS2_PLACEMENT_3D('',#7380,#5938,#5939);
#5385=AXIS2_PLACEMENT_3D('',#7383,#5941,#5942);
#5386=AXIS2_PLACEMENT_3D('',#7384,#5943,#5944);
#5387=AXIS2_PLACEMENT_3D('',#7387,#5945,#5946);
#5388=AXIS2_PLACEMENT_3D('',#7397,#5947,#5948);
#5389=AXIS2_PLACEMENT_3D('',#7407,#5949,#5950);
#5390=AXIS2_PLACEMENT_3D('',#7417,#5951,#5952);
#5391=AXIS2_PLACEMENT_3D('',#7427,#5953,#5954);
#5392=AXIS2_PLACEMENT_3D('',#7437,#5955,#5956);
#5393=AXIS2_PLACEMENT_3D('',#7447,#5957,#5958);
#5394=AXIS2_PLACEMENT_3D('',#7457,#5959,#5960);
#5395=AXIS2_PLACEMENT_3D('',#7467,#5961,#5962);
#5396=AXIS2_PLACEMENT_3D('',#7477,#5963,#5964);
#5397=AXIS2_PLACEMENT_3D('',#7487,#5965,#5966);
#5398=AXIS2_PLACEMENT_3D('',#7497,#5967,#5968);
#5399=AXIS2_PLACEMENT_3D('',#7507,#5969,#5970);
#5400=AXIS2_PLACEMENT_3D('',#7517,#5971,#5972);
#5401=AXIS2_PLACEMENT_3D('',#7527,#5973,#5974);
#5402=AXIS2_PLACEMENT_3D('',#7537,#5975,#5976);
#5403=AXIS2_PLACEMENT_3D('',#7547,#5977,#5978);
#5404=AXIS2_PLACEMENT_3D('',#7557,#5979,#5980);
#5405=AXIS2_PLACEMENT_3D('',#7567,#5981,#5982);
#5406=AXIS2_PLACEMENT_3D('',#7577,#5983,#5984);
#5407=AXIS2_PLACEMENT_3D('',#7587,#5985,#5986);
#5408=AXIS2_PLACEMENT_3D('',#7597,#5987,#5988);
#5409=AXIS2_PLACEMENT_3D('',#7607,#5989,#5990);
#5410=AXIS2_PLACEMENT_3D('',#7617,#5991,#5992);
#5411=AXIS2_PLACEMENT_3D('',#7627,#5993,#5994);
#5412=AXIS2_PLACEMENT_3D('',#7637,#5995,#5996);
#5413=AXIS2_PLACEMENT_3D('',#7640,#5998,#5999);
#5414=AXIS2_PLACEMENT_3D('',#7650,#6000,#6001);
#5415=AXIS2_PLACEMENT_3D('',#7660,#6002,#6003);
#5416=AXIS2_PLACEMENT_3D('',#7670,#6004,#6005);
#5417=AXIS2_PLACEMENT_3D('',#7680,#6006,#6007);
#5418=AXIS2_PLACEMENT_3D('',#7690,#6008,#6009);
#5419=AXIS2_PLACEMENT_3D('',#7700,#6010,#6011);
#5420=AXIS2_PLACEMENT_3D('',#7710,#6012,#6013);
#5421=AXIS2_PLACEMENT_3D('',#7720,#6014,#6015);
#5422=AXIS2_PLACEMENT_3D('',#7730,#6016,#6017);
#5423=AXIS2_PLACEMENT_3D('',#7740,#6018,#6019);
#5424=AXIS2_PLACEMENT_3D('',#7750,#6020,#6021);
#5425=AXIS2_PLACEMENT_3D('',#7760,#6022,#6023);
#5426=AXIS2_PLACEMENT_3D('',#7770,#6024,#6025);
#5427=AXIS2_PLACEMENT_3D('',#7780,#6026,#6027);
#5428=AXIS2_PLACEMENT_3D('',#7790,#6028,#6029);
#5429=AXIS2_PLACEMENT_3D('',#7800,#6030,#6031);
#5430=AXIS2_PLACEMENT_3D('',#7810,#6032,#6033);
#5431=AXIS2_PLACEMENT_3D('',#7820,#6034,#6035);
#5432=AXIS2_PLACEMENT_3D('',#7830,#6036,#6037);
#5433=AXIS2_PLACEMENT_3D('',#7840,#6038,#6039);
#5434=AXIS2_PLACEMENT_3D('',#7850,#6040,#6041);
#5435=AXIS2_PLACEMENT_3D('',#7860,#6042,#6043);
#5436=AXIS2_PLACEMENT_3D('',#7870,#6044,#6045);
#5437=AXIS2_PLACEMENT_3D('',#7880,#6046,#6047);
#5438=AXIS2_PLACEMENT_3D('',#7888,#6048,#6049);
#5439=AXIS2_PLACEMENT_3D('',#7891,#6050,#6051);
#5440=AXIS2_PLACEMENT_3D('',#7897,#6055,#6056);
#5441=AXIS2_PLACEMENT_3D('',#7900,#6057,#6058);
#5442=AXIS2_PLACEMENT_3D('',#7903,#6061,#6062);
#5443=AXIS2_PLACEMENT_3D('',#7907,#6065,#6066);
#5444=AXIS2_PLACEMENT_3D('',#7911,#6069,#6070);
#5445=AXIS2_PLACEMENT_3D('',#7913,#6071,#6072);
#5446=AXIS2_PLACEMENT_3D('',#7915,#6074,#6075);
#5447=AXIS2_PLACEMENT_3D('',#7919,#6078,#6079);
#5448=AXIS2_PLACEMENT_3D('',#7923,#6082,#6083);
#5449=AXIS2_PLACEMENT_3D('',#7925,#6084,#6085);
#5450=AXIS2_PLACEMENT_3D('',#7927,#6087,#6088);
#5451=AXIS2_PLACEMENT_3D('',#7931,#6091,#6092);
#5452=AXIS2_PLACEMENT_3D('',#7935,#6095,#6096);
#5453=AXIS2_PLACEMENT_3D('',#7937,#6097,#6098);
#5454=AXIS2_PLACEMENT_3D('',#7939,#6100,#6101);
#5455=AXIS2_PLACEMENT_3D('',#7943,#6104,#6105);
#5456=AXIS2_PLACEMENT_3D('',#7947,#6108,#6109);
#5457=AXIS2_PLACEMENT_3D('',#7949,#6110,#6111);
#5458=AXIS2_PLACEMENT_3D('',#7951,#6113,#6114);
#5459=AXIS2_PLACEMENT_3D('',#7955,#6117,#6118);
#5460=AXIS2_PLACEMENT_3D('',#7959,#6121,#6122);
#5461=AXIS2_PLACEMENT_3D('',#7961,#6123,#6124);
#5462=AXIS2_PLACEMENT_3D('',#7963,#6126,#6127);
#5463=AXIS2_PLACEMENT_3D('',#7967,#6130,#6131);
#5464=AXIS2_PLACEMENT_3D('',#7971,#6134,#6135);
#5465=AXIS2_PLACEMENT_3D('',#7973,#6136,#6137);
#5466=AXIS2_PLACEMENT_3D('',#7975,#6139,#6140);
#5467=AXIS2_PLACEMENT_3D('',#7979,#6143,#6144);
#5468=AXIS2_PLACEMENT_3D('',#7983,#6147,#6148);
#5469=AXIS2_PLACEMENT_3D('',#7985,#6149,#6150);
#5470=AXIS2_PLACEMENT_3D('',#7987,#6152,#6153);
#5471=AXIS2_PLACEMENT_3D('',#7991,#6156,#6157);
#5472=AXIS2_PLACEMENT_3D('',#7995,#6160,#6161);
#5473=AXIS2_PLACEMENT_3D('',#7997,#6162,#6163);
#5474=AXIS2_PLACEMENT_3D('',#7999,#6165,#6166);
#5475=AXIS2_PLACEMENT_3D('',#8003,#6169,#6170);
#5476=AXIS2_PLACEMENT_3D('',#8007,#6173,#6174);
#5477=AXIS2_PLACEMENT_3D('',#8009,#6175,#6176);
#5478=AXIS2_PLACEMENT_3D('',#8011,#6178,#6179);
#5479=AXIS2_PLACEMENT_3D('',#8015,#6182,#6183);
#5480=AXIS2_PLACEMENT_3D('',#8019,#6186,#6187);
#5481=AXIS2_PLACEMENT_3D('',#8021,#6188,#6189);
#5482=AXIS2_PLACEMENT_3D('',#8023,#6191,#6192);
#5483=AXIS2_PLACEMENT_3D('',#8027,#6195,#6196);
#5484=AXIS2_PLACEMENT_3D('',#8031,#6199,#6200);
#5485=AXIS2_PLACEMENT_3D('',#8033,#6201,#6202);
#5486=AXIS2_PLACEMENT_3D('',#8035,#6204,#6205);
#5487=AXIS2_PLACEMENT_3D('',#8039,#6208,#6209);
#5488=AXIS2_PLACEMENT_3D('',#8043,#6212,#6213);
#5489=AXIS2_PLACEMENT_3D('',#8045,#6214,#6215);
#5490=AXIS2_PLACEMENT_3D('',#8047,#6217,#6218);
#5491=AXIS2_PLACEMENT_3D('',#8051,#6221,#6222);
#5492=AXIS2_PLACEMENT_3D('',#8055,#6225,#6226);
#5493=AXIS2_PLACEMENT_3D('',#8057,#6227,#6228);
#5494=AXIS2_PLACEMENT_3D('',#8059,#6230,#6231);
#5495=AXIS2_PLACEMENT_3D('',#8063,#6234,#6235);
#5496=AXIS2_PLACEMENT_3D('',#8067,#6238,#6239);
#5497=AXIS2_PLACEMENT_3D('',#8069,#6240,#6241);
#5498=AXIS2_PLACEMENT_3D('',#8071,#6243,#6244);
#5499=AXIS2_PLACEMENT_3D('',#8075,#6247,#6248);
#5500=AXIS2_PLACEMENT_3D('',#8079,#6251,#6252);
#5501=AXIS2_PLACEMENT_3D('',#8081,#6253,#6254);
#5502=AXIS2_PLACEMENT_3D('',#8083,#6256,#6257);
#5503=AXIS2_PLACEMENT_3D('',#8087,#6260,#6261);
#5504=AXIS2_PLACEMENT_3D('',#8091,#6264,#6265);
#5505=AXIS2_PLACEMENT_3D('',#8093,#6266,#6267);
#5506=AXIS2_PLACEMENT_3D('',#8095,#6269,#6270);
#5507=AXIS2_PLACEMENT_3D('',#8099,#6273,#6274);
#5508=AXIS2_PLACEMENT_3D('',#8103,#6277,#6278);
#5509=AXIS2_PLACEMENT_3D('',#8105,#6279,#6280);
#5510=AXIS2_PLACEMENT_3D('',#8107,#6282,#6283);
#5511=AXIS2_PLACEMENT_3D('',#8111,#6286,#6287);
#5512=AXIS2_PLACEMENT_3D('',#8115,#6290,#6291);
#5513=AXIS2_PLACEMENT_3D('',#8117,#6292,#6293);
#5514=AXIS2_PLACEMENT_3D('',#8119,#6295,#6296);
#5515=AXIS2_PLACEMENT_3D('',#8123,#6299,#6300);
#5516=AXIS2_PLACEMENT_3D('',#8127,#6303,#6304);
#5517=AXIS2_PLACEMENT_3D('',#8129,#6305,#6306);
#5518=AXIS2_PLACEMENT_3D('',#8131,#6308,#6309);
#5519=AXIS2_PLACEMENT_3D('',#8135,#6312,#6313);
#5520=AXIS2_PLACEMENT_3D('',#8139,#6316,#6317);
#5521=AXIS2_PLACEMENT_3D('',#8141,#6318,#6319);
#5522=AXIS2_PLACEMENT_3D('',#8143,#6321,#6322);
#5523=AXIS2_PLACEMENT_3D('',#8147,#6325,#6326);
#5524=AXIS2_PLACEMENT_3D('',#8151,#6329,#6330);
#5525=AXIS2_PLACEMENT_3D('',#8153,#6331,#6332);
#5526=AXIS2_PLACEMENT_3D('',#8155,#6334,#6335);
#5527=AXIS2_PLACEMENT_3D('',#8159,#6338,#6339);
#5528=AXIS2_PLACEMENT_3D('',#8163,#6342,#6343);
#5529=AXIS2_PLACEMENT_3D('',#8165,#6344,#6345);
#5530=AXIS2_PLACEMENT_3D('',#8167,#6347,#6348);
#5531=AXIS2_PLACEMENT_3D('',#8171,#6351,#6352);
#5532=AXIS2_PLACEMENT_3D('',#8175,#6355,#6356);
#5533=AXIS2_PLACEMENT_3D('',#8177,#6357,#6358);
#5534=AXIS2_PLACEMENT_3D('',#8179,#6360,#6361);
#5535=AXIS2_PLACEMENT_3D('',#8183,#6364,#6365);
#5536=AXIS2_PLACEMENT_3D('',#8187,#6368,#6369);
#5537=AXIS2_PLACEMENT_3D('',#8189,#6370,#6371);
#5538=AXIS2_PLACEMENT_3D('',#8191,#6373,#6374);
#5539=AXIS2_PLACEMENT_3D('',#8195,#6377,#6378);
#5540=AXIS2_PLACEMENT_3D('',#8199,#6381,#6382);
#5541=AXIS2_PLACEMENT_3D('',#8202,#6384,#6385);
#5542=AXIS2_PLACEMENT_3D('',#8203,#6386,#6387);
#5543=AXIS2_PLACEMENT_3D('',#8207,#6390,#6391);
#5544=AXIS2_PLACEMENT_3D('',#8211,#6394,#6395);
#5545=AXIS2_PLACEMENT_3D('',#8214,#6397,#6398);
#5546=AXIS2_PLACEMENT_3D('',#8215,#6399,#6400);
#5547=AXIS2_PLACEMENT_3D('',#8219,#6403,#6404);
#5548=AXIS2_PLACEMENT_3D('',#8223,#6407,#6408);
#5549=AXIS2_PLACEMENT_3D('',#8226,#6410,#6411);
#5550=AXIS2_PLACEMENT_3D('',#8227,#6412,#6413);
#5551=AXIS2_PLACEMENT_3D('',#8231,#6416,#6417);
#5552=AXIS2_PLACEMENT_3D('',#8235,#6420,#6421);
#5553=AXIS2_PLACEMENT_3D('',#8238,#6423,#6424);
#5554=AXIS2_PLACEMENT_3D('',#8239,#6425,#6426);
#5555=AXIS2_PLACEMENT_3D('',#8243,#6429,#6430);
#5556=AXIS2_PLACEMENT_3D('',#8247,#6433,#6434);
#5557=AXIS2_PLACEMENT_3D('',#8250,#6436,#6437);
#5558=AXIS2_PLACEMENT_3D('',#8251,#6438,#6439);
#5559=AXIS2_PLACEMENT_3D('',#8255,#6442,#6443);
#5560=AXIS2_PLACEMENT_3D('',#8259,#6446,#6447);
#5561=AXIS2_PLACEMENT_3D('',#8262,#6449,#6450);
#5562=AXIS2_PLACEMENT_3D('',#8263,#6451,#6452);
#5563=AXIS2_PLACEMENT_3D('',#8267,#6455,#6456);
#5564=AXIS2_PLACEMENT_3D('',#8271,#6459,#6460);
#5565=AXIS2_PLACEMENT_3D('',#8274,#6462,#6463);
#5566=AXIS2_PLACEMENT_3D('',#8275,#6464,#6465);
#5567=AXIS2_PLACEMENT_3D('',#8279,#6468,#6469);
#5568=AXIS2_PLACEMENT_3D('',#8283,#6472,#6473);
#5569=AXIS2_PLACEMENT_3D('',#8286,#6475,#6476);
#5570=AXIS2_PLACEMENT_3D('',#8287,#6477,#6478);
#5571=AXIS2_PLACEMENT_3D('',#8291,#6481,#6482);
#5572=AXIS2_PLACEMENT_3D('',#8295,#6485,#6486);
#5573=AXIS2_PLACEMENT_3D('',#8298,#6488,#6489);
#5574=AXIS2_PLACEMENT_3D('',#8299,#6490,#6491);
#5575=AXIS2_PLACEMENT_3D('',#8303,#6494,#6495);
#5576=AXIS2_PLACEMENT_3D('',#8307,#6498,#6499);
#5577=AXIS2_PLACEMENT_3D('',#8310,#6501,#6502);
#5578=AXIS2_PLACEMENT_3D('',#8311,#6503,#6504);
#5579=AXIS2_PLACEMENT_3D('',#8315,#6507,#6508);
#5580=AXIS2_PLACEMENT_3D('',#8319,#6511,#6512);
#5581=AXIS2_PLACEMENT_3D('',#8322,#6514,#6515);
#5582=AXIS2_PLACEMENT_3D('',#8323,#6516,#6517);
#5583=AXIS2_PLACEMENT_3D('',#8327,#6520,#6521);
#5584=AXIS2_PLACEMENT_3D('',#8331,#6524,#6525);
#5585=AXIS2_PLACEMENT_3D('',#8334,#6527,#6528);
#5586=AXIS2_PLACEMENT_3D('',#8335,#6529,#6530);
#5587=AXIS2_PLACEMENT_3D('',#8339,#6533,#6534);
#5588=AXIS2_PLACEMENT_3D('',#8343,#6537,#6538);
#5589=AXIS2_PLACEMENT_3D('',#8346,#6540,#6541);
#5590=AXIS2_PLACEMENT_3D('',#8347,#6542,#6543);
#5591=AXIS2_PLACEMENT_3D('',#8351,#6546,#6547);
#5592=AXIS2_PLACEMENT_3D('',#8355,#6550,#6551);
#5593=AXIS2_PLACEMENT_3D('',#8358,#6553,#6554);
#5594=AXIS2_PLACEMENT_3D('',#8359,#6555,#6556);
#5595=AXIS2_PLACEMENT_3D('',#8363,#6559,#6560);
#5596=AXIS2_PLACEMENT_3D('',#8367,#6563,#6564);
#5597=AXIS2_PLACEMENT_3D('',#8370,#6566,#6567);
#5598=AXIS2_PLACEMENT_3D('',#8371,#6568,#6569);
#5599=AXIS2_PLACEMENT_3D('',#8375,#6572,#6573);
#5600=AXIS2_PLACEMENT_3D('',#8379,#6576,#6577);
#5601=AXIS2_PLACEMENT_3D('',#8382,#6579,#6580);
#5602=AXIS2_PLACEMENT_3D('',#8383,#6581,#6582);
#5603=AXIS2_PLACEMENT_3D('',#8387,#6585,#6586);
#5604=AXIS2_PLACEMENT_3D('',#8391,#6589,#6590);
#5605=AXIS2_PLACEMENT_3D('',#8394,#6592,#6593);
#5606=AXIS2_PLACEMENT_3D('',#8395,#6594,#6595);
#5607=AXIS2_PLACEMENT_3D('',#8399,#6598,#6599);
#5608=AXIS2_PLACEMENT_3D('',#8403,#6602,#6603);
#5609=AXIS2_PLACEMENT_3D('',#8406,#6605,#6606);
#5610=AXIS2_PLACEMENT_3D('',#8407,#6607,#6608);
#5611=AXIS2_PLACEMENT_3D('',#8411,#6611,#6612);
#5612=AXIS2_PLACEMENT_3D('',#8415,#6615,#6616);
#5613=AXIS2_PLACEMENT_3D('',#8418,#6618,#6619);
#5614=AXIS2_PLACEMENT_3D('',#8419,#6620,#6621);
#5615=AXIS2_PLACEMENT_3D('',#8423,#6624,#6625);
#5616=AXIS2_PLACEMENT_3D('',#8427,#6628,#6629);
#5617=AXIS2_PLACEMENT_3D('',#8430,#6631,#6632);
#5618=AXIS2_PLACEMENT_3D('',#8431,#6633,#6634);
#5619=AXIS2_PLACEMENT_3D('',#8435,#6637,#6638);
#5620=AXIS2_PLACEMENT_3D('',#8439,#6641,#6642);
#5621=AXIS2_PLACEMENT_3D('',#8442,#6644,#6645);
#5622=AXIS2_PLACEMENT_3D('',#8443,#6646,#6647);
#5623=AXIS2_PLACEMENT_3D('',#8447,#6650,#6651);
#5624=AXIS2_PLACEMENT_3D('',#8451,#6654,#6655);
#5625=AXIS2_PLACEMENT_3D('',#8454,#6657,#6658);
#5626=AXIS2_PLACEMENT_3D('',#8455,#6659,#6660);
#5627=AXIS2_PLACEMENT_3D('',#8459,#6663,#6664);
#5628=AXIS2_PLACEMENT_3D('',#8463,#6667,#6668);
#5629=AXIS2_PLACEMENT_3D('',#8466,#6670,#6671);
#5630=AXIS2_PLACEMENT_3D('',#8467,#6672,#6673);
#5631=AXIS2_PLACEMENT_3D('',#8471,#6676,#6677);
#5632=AXIS2_PLACEMENT_3D('',#8475,#6680,#6681);
#5633=AXIS2_PLACEMENT_3D('',#8478,#6683,#6684);
#5634=AXIS2_PLACEMENT_3D('',#8479,#6685,#6686);
#5635=AXIS2_PLACEMENT_3D('',#8483,#6689,#6690);
#5636=AXIS2_PLACEMENT_3D('',#8487,#6693,#6694);
#5637=AXIS2_PLACEMENT_3D('',#8490,#6696,#6697);
#5638=AXIS2_PLACEMENT_3D('',#8491,#6698,#6699);
#5639=AXIS2_PLACEMENT_3D('',#8495,#6702,#6703);
#5640=AXIS2_PLACEMENT_3D('',#8497,#6705,#6706);
#5641=AXIS2_PLACEMENT_3D('',#8500,#6707,#6708);
#5642=AXIS2_PLACEMENT_3D('',#8502,#6709,#6710);
#5643=AXIS2_PLACEMENT_3D('',#8505,#6713,#6714);
#5644=AXIS2_PLACEMENT_3D('',#8507,#6715,#6716);
#5645=AXIS2_PLACEMENT_3D('',#8513,#6720,#6721);
#5646=AXIS2_PLACEMENT_3D('',#8515,#6722,#6723);
#5647=AXIS2_PLACEMENT_3D('',#8521,#6726,#6727);
#5648=AXIS2_PLACEMENT_3D('',#8524,#6729,#6730);
#5649=AXIS2_PLACEMENT_3D('',#8525,#6731,#6732);
#5650=AXIS2_PLACEMENT_3D('',#8530,#6735,#6736);
#5651=AXIS2_PLACEMENT_3D('',#8531,#6737,#6738);
#5652=AXIS2_PLACEMENT_3D('',#8533,#6739,#6740);
#5653=AXIS2_PLACEMENT_3D('',#8534,#6741,#6742);
#5654=AXIS2_PLACEMENT_3D('',#8536,#6743,#6744);
#5655=AXIS2_PLACEMENT_3D('',#8537,#6745,#6746);
#5656=AXIS2_PLACEMENT_3D('',#8552,#6747,#6748);
#5657=AXIS2_PLACEMENT_3D('',#8565,#6749,#6750);
#5658=AXIS2_PLACEMENT_3D('',#8566,#6751,#6752);
#5659=AXIS2_PLACEMENT_3D('',#8567,#6753,#6754);
#5660=AXIS2_PLACEMENT_3D('',#8575,#6758,#6759);
#5661=AXIS2_PLACEMENT_3D('',#8579,#6761,#6762);
#5662=AXIS2_PLACEMENT_3D('',#8581,#6764,#6765);
#5663=AXIS2_PLACEMENT_3D('',#8584,#6768,#6769);
#5664=AXIS2_PLACEMENT_3D('',#8586,#6771,#6772);
#5665=AXIS2_PLACEMENT_3D('',#8588,#6774,#6775);
#5666=AXIS2_PLACEMENT_3D('',#8589,#6776,#6777);
#5667=AXIS2_PLACEMENT_3D('',#8592,#6779,#6780);
#5668=AXIS2_PLACEMENT_3D('',#8593,#6781,#6782);
#5669=AXIS2_PLACEMENT_3D('',#8594,#6783,#6784);
#5670=AXIS2_PLACEMENT_3D('',#8595,#6785,#6786);
#5671=AXIS2_PLACEMENT_3D('',#8597,#6787,#6788);
#5672=AXIS2_PLACEMENT_3D('',#8599,#6790,#6791);
#5673=AXIS2_PLACEMENT_3D('',#8600,#6792,#6793);
#5674=AXIS2_PLACEMENT_3D('',#8602,#6795,#6796);
#5675=AXIS2_PLACEMENT_3D('',#8603,#6797,#6798);
#5676=AXIS2_PLACEMENT_3D('',#8606,#6799,#6800);
#5677=AXIS2_PLACEMENT_3D('',#8610,#6802,#6803);
#5678=AXIS2_PLACEMENT_3D('',#8612,#6805,#6806);
#5679=AXIS2_PLACEMENT_3D('',#8691,#6809,#6810);
#5680=AXIS2_PLACEMENT_3D('',#8767,#6812,#6813);
#5681=AXIS2_PLACEMENT_3D('',#8771,#6816,#6817);
#5682=AXIS2_PLACEMENT_3D('',#8773,#6818,#6819);
#5683=AXIS2_PLACEMENT_3D('',#8933,#6822,#6823);
#5684=AXIS2_PLACEMENT_3D('',#8935,#6825,#6826);
#5685=AXIS2_PLACEMENT_3D('',#8938,#6828,#6829);
#5686=AXIS2_PLACEMENT_3D('',#8939,#6830,#6831);
#5687=AXIS2_PLACEMENT_3D('',#8941,#6832,#6833);
#5688=AXIS2_PLACEMENT_3D('',#8942,#6834,#6835);
#5689=AXIS2_PLACEMENT_3D('',#8943,#6836,#6837);
#5690=AXIS2_PLACEMENT_3D('',#8945,#6838,#6839);
#5691=AXIS2_PLACEMENT_3D('',#8948,#6841,#6842);
#5692=AXIS2_PLACEMENT_3D('',#8949,#6843,#6844);
#5693=AXIS2_PLACEMENT_3D('',#8951,#6845,#6846);
#5694=AXIS2_PLACEMENT_3D('',#8952,#6847,#6848);
#5695=AXIS2_PLACEMENT_3D('',#8954,#6849,#6850);
#5696=AXIS2_PLACEMENT_3D('',#8956,#6852,#6853);
#5697=AXIS2_PLACEMENT_3D('',#8958,#6854,#6855);
#5698=AXIS2_PLACEMENT_3D('',#8959,#6856,#6857);
#5699=AXIS2_PLACEMENT_3D('',#8961,#6858,#6859);
#5700=AXIS2_PLACEMENT_3D('',#8963,#6861,#6862);
#5701=AXIS2_PLACEMENT_3D('',#8965,#6864,#6865);
#5702=AXIS2_PLACEMENT_3D('',#8966,#6866,#6867);
#5703=AXIS2_PLACEMENT_3D('',#8971,#6869,#6870);
#5704=AXIS2_PLACEMENT_3D('',#8973,#6871,#6872);
#5705=AXIS2_PLACEMENT_3D('',#8974,#6873,#6874);
#5706=AXIS2_PLACEMENT_3D('',#8975,#6875,#6876);
#5707=AXIS2_PLACEMENT_3D('',#8980,#6878,#6879);
#5708=AXIS2_PLACEMENT_3D('',#8982,#6880,#6881);
#5709=AXIS2_PLACEMENT_3D('',#8983,#6882,#6883);
#5710=AXIS2_PLACEMENT_3D('',#8984,#6884,#6885);
#5711=AXIS2_PLACEMENT_3D('',#8987,#6886,#6887);
#5712=AXIS2_PLACEMENT_3D('',#8991,#6889,#6890);
#5713=AXIS2_PLACEMENT_3D('',#8993,#6892,#6893);
#5714=AXIS2_PLACEMENT_3D('',#8995,#6894,#6895);
#5715=AXIS2_PLACEMENT_3D('',#9004,#6896,#6897);
#5716=AXIS2_PLACEMENT_3D('',#9006,#6898,#6899);
#5717=AXIS2_PLACEMENT_3D('',#9021,#6901,#6902);
#5718=AXIS2_PLACEMENT_3D('',#9023,#6903,#6904);
#5719=AXIS2_PLACEMENT_3D('',#9028,#6905,#6906);
#5720=AXIS2_PLACEMENT_3D('',#9030,#6907,#6908);
#5721=AXIS2_PLACEMENT_3D('',#9041,#6910,#6911);
#5722=AXIS2_PLACEMENT_3D('',#9042,#6912,#6913);
#5723=AXIS2_PLACEMENT_3D('',#9043,#6914,#6915);
#5724=AXIS2_PLACEMENT_3D('',#9044,#6916,#6917);
#5725=AXIS2_PLACEMENT_3D('',#9045,#6918,#6919);
#5726=AXIS2_PLACEMENT_3D('',#9046,#6920,#6921);
#5727=AXIS2_PLACEMENT_3D('',#9047,#6922,#6923);
#5728=AXIS2_PLACEMENT_3D('',#9048,#6924,#6925);
#5729=AXIS2_PLACEMENT_3D('',#9049,#6926,#6927);
#5730=AXIS2_PLACEMENT_3D('',#9050,#6928,#6929);
#5731=AXIS2_PLACEMENT_3D('',#9051,#6930,#6931);
#5732=AXIS2_PLACEMENT_3D('',#9053,#6932,#6933);
#5733=AXIS2_PLACEMENT_3D('',#9056,#6935,#6936);
#5734=AXIS2_PLACEMENT_3D('',#9057,#6937,#6938);
#5735=AXIS2_PLACEMENT_3D('',#9060,#6940,#6941);
#5736=AXIS2_PLACEMENT_3D('',#9061,#6942,#6943);
#5737=AXIS2_PLACEMENT_3D('',#9064,#6945,#6946);
#5738=AXIS2_PLACEMENT_3D('',#9065,#6947,#6948);
#5739=AXIS2_PLACEMENT_3D('',#9068,#6949,#6950);
#5740=AXIS2_PLACEMENT_3D('',#9070,#6951,#6952);
#5741=AXIS2_PLACEMENT_3D('',#9072,#6953,#6954);
#5742=AXIS2_PLACEMENT_3D('',#9074,#6955,#6956);
#5743=AXIS2_PLACEMENT_3D('',#9076,#6957,#6958);
#5744=AXIS2_PLACEMENT_3D('',#9077,#6959,#6960);
#5745=AXIS2_PLACEMENT_3D('',#9078,#6961,#6962);
#5746=AXIS2_PLACEMENT_3D('',#9081,#6963,#6964);
#5747=AXIS2_PLACEMENT_3D('',#9083,#6965,#6966);
#5748=AXIS2_PLACEMENT_3D('',#9085,#6967,#6968);
#5749=AXIS2_PLACEMENT_3D('',#9087,#6969,#6970);
#5750=AXIS2_PLACEMENT_3D('',#9089,#6971,#6972);
#5751=AXIS2_PLACEMENT_3D('',#9090,#6973,#6974);
#5752=AXIS2_PLACEMENT_3D('',#9091,#6975,#6976);
#5753=AXIS2_PLACEMENT_3D('',#9149,#6977,#6978);
#5754=AXIS2_PLACEMENT_3D('',#9207,#6979,#6980);
#5755=AXIS2_PLACEMENT_3D('',#9265,#6981,#6982);
#5756=AXIS2_PLACEMENT_3D('',#9323,#6983,#6984);
#5757=AXIS2_PLACEMENT_3D('',#9381,#6985,#6986);
#5758=AXIS2_PLACEMENT_3D('',#9439,#6987,#6988);
#5759=AXIS2_PLACEMENT_3D('',#9497,#6989,#6990);
#5760=AXIS2_PLACEMENT_3D('',#9555,#6991,#6992);
#5761=AXIS2_PLACEMENT_3D('',#9613,#6993,#6994);
#5762=AXIS2_PLACEMENT_3D('',#9671,#6995,#6996);
#5763=AXIS2_PLACEMENT_3D('',#9729,#6997,#6998);
#5764=AXIS2_PLACEMENT_3D('',#9787,#6999,#7000);
#5765=AXIS2_PLACEMENT_3D('',#9790,#7003,#7004);
#5766=AXIS2_PLACEMENT_3D('',#9792,#7006,#7007);
#5767=AXIS2_PLACEMENT_3D('',#9794,#7009,#7010);
#5768=AXIS2_PLACEMENT_3D('',#9796,#7012,#7013);
#5769=AXIS2_PLACEMENT_3D('',#9798,#7015,#7016);
#5770=AXIS2_PLACEMENT_3D('',#9799,#7017,#7018);
#5771=AXIS2_PLACEMENT_3D('',#9800,#7019,#7020);
#5772=AXIS2_PLACEMENT_3D('',#9802,#7021,#7022);
#5773=AXIS2_PLACEMENT_3D('',#9805,#7024,#7025);
#5774=AXIS2_PLACEMENT_3D('',#9806,#7026,#7027);
#5775=AXIS2_PLACEMENT_3D('',#9809,#7029,#7030);
#5776=AXIS2_PLACEMENT_3D('',#9810,#7031,#7032);
#5777=AXIS2_PLACEMENT_3D('',#9815,#7034,#7035);
#5778=AXIS2_PLACEMENT_3D('',#9819,#7037,#7038);
#5779=AXIS2_PLACEMENT_3D('',#9821,#7039,#7040);
#5780=AXIS2_PLACEMENT_3D('',#9823,#7041,#7042);
#5781=AXIS2_PLACEMENT_3D('',#9827,#7044,#7045);
#5782=AXIS2_PLACEMENT_3D('',#9831,#7048,#7049);
#5783=AXIS2_PLACEMENT_3D('',#9833,#7050,#7051);
#5784=AXIS2_PLACEMENT_3D('',#9834,#7052,#7053);
#5785=AXIS2_PLACEMENT_3D('',#9841,#7056,#7057);
#5786=AXIS2_PLACEMENT_3D('',#9846,#7060,#7061);
#5787=AXIS2_PLACEMENT_3D('',#9848,#7063,#7064);
#5788=AXIS2_PLACEMENT_3D('',#9850,#7065,#7066);
#5789=AXIS2_PLACEMENT_3D('',#9852,#7068,#7069);
#5790=AXIS2_PLACEMENT_3D('',#9854,#7070,#7071);
#5791=AXIS2_PLACEMENT_3D('',#9856,#7073,#7074);
#5792=AXIS2_PLACEMENT_3D('',#9866,#7079,#7080);
#5793=AXIS2_PLACEMENT_3D('',#9868,#7082,#7083);
#5794=AXIS2_PLACEMENT_3D('',#9872,#7086,#7087);
#5795=AXIS2_PLACEMENT_3D('',#9875,#7089,#7090);
#5796=AXIS2_PLACEMENT_3D('',#9876,#7091,#7092);
#5797=AXIS2_PLACEMENT_3D('',#9878,#7093,#7094);
#5798=AXIS2_PLACEMENT_3D('',#9880,#7096,#7097);
#5799=AXIS2_PLACEMENT_3D('',#9884,#7100,#7101);
#5800=AXIS2_PLACEMENT_3D('',#9886,#7102,#7103);
#5801=AXIS2_PLACEMENT_3D('',#9888,#7105,#7106);
#5802=AXIS2_PLACEMENT_3D('',#9889,#7107,#7108);
#5803=AXIS2_PLACEMENT_3D('',#9890,#7109,#7110);
#5804=AXIS2_PLACEMENT_3D('',#9893,#7112,#7113);
#5805=AXIS2_PLACEMENT_3D('',#9894,#7114,#7115);
#5806=AXIS2_PLACEMENT_3D('',#9895,#7116,#7117);
#5807=AXIS2_PLACEMENT_3D('',#9896,#7118,#7119);
#5808=AXIS2_PLACEMENT_3D('',#9897,#7120,#7121);
#5809=AXIS2_PLACEMENT_3D('',#9899,#7122,#7123);
#5810=AXIS2_PLACEMENT_3D('',#9900,#7124,#7125);
#5811=AXIS2_PLACEMENT_3D('',#9902,#7127,#7128);
#5812=AXIS2_PLACEMENT_3D('',#9904,#7130,#7131);
#5813=AXIS2_PLACEMENT_3D('',#9906,#7132,#7133);
#5814=AXIS2_PLACEMENT_3D('',#9907,#7134,#7135);
#5815=AXIS2_PLACEMENT_3D('',#9908,#7136,#7137);
#5816=AXIS2_PLACEMENT_3D('',#9910,#7139,#7140);
#5817=AXIS2_PLACEMENT_3D('',#9911,#7141,#7142);
#5818=AXIS2_PLACEMENT_3D('',#9913,#7143,#7144);
#5819=AXIS2_PLACEMENT_3D('',#9916,#7146,#7147);
#5820=AXIS2_PLACEMENT_3D('',#9917,#7148,#7149);
#5821=AXIS2_PLACEMENT_3D('',#9918,#7150,#7151);
#5822=AXIS2_PLACEMENT_3D('',#9919,#7152,#7153);
#5823=AXIS2_PLACEMENT_3D('',#9920,#7154,#7155);
#5824=AXIS2_PLACEMENT_3D('',#9922,#7156,#7157);
#5825=AXIS2_PLACEMENT_3D('',#9925,#7159,#7160);
#5826=AXIS2_PLACEMENT_3D('',#9926,#7161,#7162);
#5827=AXIS2_PLACEMENT_3D('',#9927,#7163,#7164);
#5828=AXIS2_PLACEMENT_3D('',#9928,#7165,#7166);
#5829=AXIS2_PLACEMENT_3D('',#9929,#7167,#7168);
#5830=AXIS2_PLACEMENT_3D('',#9931,#7169,#7170);
#5831=AXIS2_PLACEMENT_3D('',#9934,#7172,#7173);
#5832=AXIS2_PLACEMENT_3D('',#9935,#7174,#7175);
#5833=AXIS2_PLACEMENT_3D('',#9936,#7176,#7177);
#5834=AXIS2_PLACEMENT_3D('',#9937,#7178,#7179);
#5835=AXIS2_PLACEMENT_3D('',#9938,#7180,#7181);
#5836=AXIS2_PLACEMENT_3D('',#9940,#7182,#7183);
#5837=AXIS2_PLACEMENT_3D('',#9943,#7185,#7186);
#5838=AXIS2_PLACEMENT_3D('',#9944,#7187,#7188);
#5839=AXIS2_PLACEMENT_3D('',#9945,#7189,#7190);
#5840=AXIS2_PLACEMENT_3D('',#9946,#7191,#7192);
#5841=AXIS2_PLACEMENT_3D('',#9947,#7193,#7194);
#5842=AXIS2_PLACEMENT_3D('',#9965,#7196,#7197);
#5843=AXIS2_PLACEMENT_3D('',#10019,#7198,#7199);
#5844=AXIS2_PLACEMENT_3D('',#10047,#7200,#7201);
#5845=AXIS2_PLACEMENT_3D('',#10049,#7202,#7203);
#5846=AXIS2_PLACEMENT_3D('',#10050,#7204,#7205);
#5847=AXIS2_PLACEMENT_3D('',#10080,#7207,#7208);
#5848=AXIS2_PLACEMENT_3D('',#10082,#7209,#7210);
#5849=AXIS2_PLACEMENT_3D('',#10124,#7212,#7213);
#5850=AXIS2_PLACEMENT_3D('',#10152,#7214,#7215);
#5851=AXIS2_PLACEMENT_3D('',#10155,#7217,#7218);
#5852=AXIS2_PLACEMENT_3D('',#10156,#7219,#7220);
#5853=AXIS2_PLACEMENT_3D('',#10158,#7221,#7222);
#5854=AXIS2_PLACEMENT_3D('',#10160,#7224,#7225);
#5855=AXIS2_PLACEMENT_3D('',#10162,#7226,#7227);
#5856=AXIS2_PLACEMENT_3D('',#10164,#7229,#7230);
#5857=AXIS2_PLACEMENT_3D('',#10165,#7231,#7232);
#5858=AXIS2_PLACEMENT_3D('',#10166,#7233,#7234);
#5859=AXIS2_PLACEMENT_3D('',#10171,#7236,#7237);
#5860=AXIS2_PLACEMENT_3D('',#10173,#7238,#7239);
#5861=AXIS2_PLACEMENT_3D('',#10175,#7240,#7241);
#5862=AXIS2_PLACEMENT_3D('',#10179,#7243,#7244);
#5863=AXIS2_PLACEMENT_3D('',#10200,#7246,#7247);
#5864=AXIS2_PLACEMENT_3D('',#10217,#7248,#7249);
#5865=AXIS2_PLACEMENT_3D('',#10223,#7253,#7254);
#5866=AXIS2_PLACEMENT_3D('',#10245,#7256,#7257);
#5867=AXIS2_PLACEMENT_3D('',#10283,#7259,#7260);
#5868=AXIS2_PLACEMENT_3D('',#10303,#7261,#7262);
#5869=AXIS2_PLACEMENT_3D('',#10305,#7263,#7264);
#5870=AXIS2_PLACEMENT_3D('',#10347,#7266,#7267);
#5871=AXIS2_PLACEMENT_3D('',#10362,#7268,#7269);
#5872=AXIS2_PLACEMENT_3D('',#10381,#7271,#7272);
#5873=AXIS2_PLACEMENT_3D('',#10384,#7273,#7274);
#5874=AXIS2_PLACEMENT_3D('',#10401,#7275,#7276);
#5875=AXIS2_PLACEMENT_3D('',#10404,#7278,#7279);
#5876=AXIS2_PLACEMENT_3D('',#10406,#7281,#7282);
#5877=AXIS2_PLACEMENT_3D('',#10410,#7285,#7286);
#5878=AXIS2_PLACEMENT_3D('',#10414,#7289,#7290);
#5879=AXIS2_PLACEMENT_3D('',#10415,#7291,#7292);
#5880=AXIS2_PLACEMENT_3D('',#10416,#7293,#7294);
#5881=AXIS2_PLACEMENT_3D('',#10418,#7295,#7296);
#5882=AXIS2_PLACEMENT_3D('',#10419,#7297,#7298);
#5883=AXIS2_PLACEMENT_3D('',#10420,#7299,#7300);
#5884=AXIS2_PLACEMENT_3D('',#10433,#7301,#7302);
#5885=AXIS2_PLACEMENT_3D('',#10434,#7303,#7304);
#5886=AXIS2_PLACEMENT_3D('',#10440,#7305,#7306);
#5887=AXIS2_PLACEMENT_3D('',#10441,#7307,#7308);
#5888=AXIS2_PLACEMENT_3D('',#10442,#7309,#7310);
#5889=AXIS2_PLACEMENT_3D('',#10481,#7311,#7312);
#5890=AXIS2_PLACEMENT_3D('',#10546,#7313,#7314);
#5891=AXIS2_PLACEMENT_3D('',#10547,#7315,#7316);
#5892=AXIS2_PLACEMENT_3D('',#10549,#7317,#7318);
#5893=AXIS2_PLACEMENT_3D('',#10553,#7319,#7320);
#5894=AXIS2_PLACEMENT_3D('',#10584,#7321,#7322);
#5895=AXIS2_PLACEMENT_3D('',#10692,#7323,#7324);
#5896=AXIS2_PLACEMENT_3D('',#10693,#7325,#7326);
#5897=AXIS2_PLACEMENT_3D('',#10734,#7327,#7328);
#5898=AXIS2_PLACEMENT_3D('',#10735,#7329,#7330);
#5899=AXIS2_PLACEMENT_3D('',#10736,#7331,#7332);
#5900=AXIS2_PLACEMENT_3D('',#10752,#7334,#7335);
#5901=AXIS2_PLACEMENT_3D('',#10792,#7336,#7337);
#5902=AXIS2_PLACEMENT_3D('',#10793,#7338,#7339);
#5903=AXIS2_PLACEMENT_3D('',#10794,#7340,#7341);
#5904=AXIS2_PLACEMENT_3D('',#10795,#7342,#7343);
#5905=AXIS2_PLACEMENT_3D('',#10796,#7344,#7345);
#5906=AXIS2_PLACEMENT_3D('',#10797,#7346,#7347);
#5907=AXIS2_PLACEMENT_3D('',#10798,#7348,#7349);
#5908=AXIS2_PLACEMENT_3D('',#10799,#7350,#7351);
#5909=AXIS2_PLACEMENT_3D('',#10800,#7352,#7353);
#5910=AXIS2_PLACEMENT_3D('',#10801,#7354,#7355);
#5911=AXIS2_PLACEMENT_3D('',#10802,#7356,#7357);
#5912=AXIS2_PLACEMENT_3D('',#10803,#7358,#7359);
#5913=AXIS2_PLACEMENT_3D('',#10804,#7360,#7361);
#5914=DIRECTION('axis',(0.,0.,1.));
#5915=DIRECTION('refdir',(1.,0.,0.));
#5916=DIRECTION('axis',(0.,0.,1.));
#5917=DIRECTION('refdir',(1.,0.,0.));
#5918=DIRECTION('center_axis',(0.,-1.,0.));
#5919=DIRECTION('ref_axis',(1.,0.,0.));
#5920=DIRECTION('center_axis',(0.,-1.,0.));
#5921=DIRECTION('ref_axis',(1.,0.,0.));
#5922=DIRECTION('',(0.,-1.,0.));
#5923=DIRECTION('center_axis',(0.,-1.,0.));
#5924=DIRECTION('ref_axis',(1.,0.,0.));
#5925=DIRECTION('center_axis',(0.,1.,0.));
#5926=DIRECTION('ref_axis',(1.,0.,0.));
#5927=DIRECTION('',(-0.70710678118623,0.707106781186865,8.65956056235105E-17));
#5928=DIRECTION('center_axis',(0.,-1.,0.));
#5929=DIRECTION('ref_axis',(1.,0.,0.));
#5930=DIRECTION('center_axis',(0.,-1.,0.));
#5931=DIRECTION('ref_axis',(1.,0.,0.));
#5932=DIRECTION('center_axis',(0.,-1.,0.));
#5933=DIRECTION('ref_axis',(1.,0.,0.));
#5934=DIRECTION('center_axis',(0.,-1.,0.));
#5935=DIRECTION('ref_axis',(1.,0.,0.));
#5936=DIRECTION('center_axis',(0.,-1.,0.));
#5937=DIRECTION('ref_axis',(1.,0.,0.));
#5938=DIRECTION('center_axis',(0.,-1.,0.));
#5939=DIRECTION('ref_axis',(1.,0.,0.));
#5940=DIRECTION('',(0.,-1.,0.));
#5941=DIRECTION('center_axis',(0.,-1.,0.));
#5942=DIRECTION('ref_axis',(1.,0.,0.));
#5943=DIRECTION('center_axis',(0.,-1.,0.));
#5944=DIRECTION('ref_axis',(1.,0.,0.));
#5945=DIRECTION('center_axis',(0.,-1.,0.));
#5946=DIRECTION('ref_axis',(1.,0.,0.));
#5947=DIRECTION('center_axis',(0.,-1.,0.));
#5948=DIRECTION('ref_axis',(1.,0.,0.));
#5949=DIRECTION('center_axis',(0.,-1.,0.));
#5950=DIRECTION('ref_axis',(1.,0.,0.));
#5951=DIRECTION('center_axis',(0.,-1.,0.));
#5952=DIRECTION('ref_axis',(1.,0.,0.));
#5953=DIRECTION('center_axis',(0.,-1.,0.));
#5954=DIRECTION('ref_axis',(1.,0.,0.));
#5955=DIRECTION('center_axis',(0.,-1.,0.));
#5956=DIRECTION('ref_axis',(1.,0.,0.));
#5957=DIRECTION('center_axis',(0.,-1.,0.));
#5958=DIRECTION('ref_axis',(1.,0.,0.));
#5959=DIRECTION('center_axis',(0.,-1.,0.));
#5960=DIRECTION('ref_axis',(1.,0.,0.));
#5961=DIRECTION('center_axis',(0.,-1.,0.));
#5962=DIRECTION('ref_axis',(1.,0.,0.));
#5963=DIRECTION('center_axis',(0.,-1.,0.));
#5964=DIRECTION('ref_axis',(1.,0.,0.));
#5965=DIRECTION('center_axis',(0.,-1.,0.));
#5966=DIRECTION('ref_axis',(1.,0.,0.));
#5967=DIRECTION('center_axis',(0.,-1.,0.));
#5968=DIRECTION('ref_axis',(1.,0.,0.));
#5969=DIRECTION('center_axis',(0.,-1.,0.));
#5970=DIRECTION('ref_axis',(1.,0.,0.));
#5971=DIRECTION('center_axis',(0.,-1.,0.));
#5972=DIRECTION('ref_axis',(1.,0.,0.));
#5973=DIRECTION('center_axis',(0.,-1.,0.));
#5974=DIRECTION('ref_axis',(1.,0.,0.));
#5975=DIRECTION('center_axis',(0.,-1.,0.));
#5976=DIRECTION('ref_axis',(1.,0.,0.));
#5977=DIRECTION('center_axis',(0.,-1.,0.));
#5978=DIRECTION('ref_axis',(1.,0.,0.));
#5979=DIRECTION('center_axis',(0.,-1.,0.));
#5980=DIRECTION('ref_axis',(1.,0.,0.));
#5981=DIRECTION('center_axis',(0.,-1.,0.));
#5982=DIRECTION('ref_axis',(1.,0.,0.));
#5983=DIRECTION('center_axis',(0.,-1.,0.));
#5984=DIRECTION('ref_axis',(1.,0.,0.));
#5985=DIRECTION('center_axis',(0.,-1.,0.));
#5986=DIRECTION('ref_axis',(1.,0.,0.));
#5987=DIRECTION('center_axis',(0.,-1.,0.));
#5988=DIRECTION('ref_axis',(1.,0.,0.));
#5989=DIRECTION('center_axis',(0.,-1.,0.));
#5990=DIRECTION('ref_axis',(1.,0.,0.));
#5991=DIRECTION('center_axis',(0.,-1.,0.));
#5992=DIRECTION('ref_axis',(1.,0.,0.));
#5993=DIRECTION('center_axis',(0.,-1.,0.));
#5994=DIRECTION('ref_axis',(1.,0.,0.));
#5995=DIRECTION('center_axis',(0.,-1.,0.));
#5996=DIRECTION('ref_axis',(1.,0.,0.));
#5997=DIRECTION('',(0.70710678118623,0.707106781186865,8.65956056235105E-17));
#5998=DIRECTION('center_axis',(0.,-1.,0.));
#5999=DIRECTION('ref_axis',(1.,0.,0.));
#6000=DIRECTION('center_axis',(0.,-1.,0.));
#6001=DIRECTION('ref_axis',(1.,0.,0.));
#6002=DIRECTION('center_axis',(0.,-1.,0.));
#6003=DIRECTION('ref_axis',(1.,0.,0.));
#6004=DIRECTION('center_axis',(0.,-1.,0.));
#6005=DIRECTION('ref_axis',(1.,0.,0.));
#6006=DIRECTION('center_axis',(0.,-1.,0.));
#6007=DIRECTION('ref_axis',(1.,0.,0.));
#6008=DIRECTION('center_axis',(0.,-1.,0.));
#6009=DIRECTION('ref_axis',(1.,0.,0.));
#6010=DIRECTION('center_axis',(0.,-1.,0.));
#6011=DIRECTION('ref_axis',(1.,0.,0.));
#6012=DIRECTION('center_axis',(0.,-1.,0.));
#6013=DIRECTION('ref_axis',(1.,0.,0.));
#6014=DIRECTION('center_axis',(0.,-1.,0.));
#6015=DIRECTION('ref_axis',(1.,0.,0.));
#6016=DIRECTION('center_axis',(0.,-1.,0.));
#6017=DIRECTION('ref_axis',(1.,0.,0.));
#6018=DIRECTION('center_axis',(0.,-1.,0.));
#6019=DIRECTION('ref_axis',(1.,0.,0.));
#6020=DIRECTION('center_axis',(0.,-1.,0.));
#6021=DIRECTION('ref_axis',(1.,0.,0.));
#6022=DIRECTION('center_axis',(0.,-1.,0.));
#6023=DIRECTION('ref_axis',(1.,0.,0.));
#6024=DIRECTION('center_axis',(0.,-1.,0.));
#6025=DIRECTION('ref_axis',(1.,0.,0.));
#6026=DIRECTION('center_axis',(0.,-1.,0.));
#6027=DIRECTION('ref_axis',(1.,0.,0.));
#6028=DIRECTION('center_axis',(0.,-1.,0.));
#6029=DIRECTION('ref_axis',(1.,0.,0.));
#6030=DIRECTION('center_axis',(0.,-1.,0.));
#6031=DIRECTION('ref_axis',(1.,0.,0.));
#6032=DIRECTION('center_axis',(0.,-1.,0.));
#6033=DIRECTION('ref_axis',(1.,0.,0.));
#6034=DIRECTION('center_axis',(0.,-1.,0.));
#6035=DIRECTION('ref_axis',(1.,0.,0.));
#6036=DIRECTION('center_axis',(0.,-1.,0.));
#6037=DIRECTION('ref_axis',(1.,0.,0.));
#6038=DIRECTION('center_axis',(0.,-1.,0.));
#6039=DIRECTION('ref_axis',(1.,0.,0.));
#6040=DIRECTION('center_axis',(0.,-1.,0.));
#6041=DIRECTION('ref_axis',(1.,0.,0.));
#6042=DIRECTION('center_axis',(0.,-1.,0.));
#6043=DIRECTION('ref_axis',(1.,0.,0.));
#6044=DIRECTION('center_axis',(0.,-1.,0.));
#6045=DIRECTION('ref_axis',(1.,0.,0.));
#6046=DIRECTION('center_axis',(0.,-1.,0.));
#6047=DIRECTION('ref_axis',(1.,0.,0.));
#6048=DIRECTION('center_axis',(0.,-1.,0.));
#6049=DIRECTION('ref_axis',(1.,0.,0.));
#6050=DIRECTION('center_axis',(0.,-1.,0.));
#6051=DIRECTION('ref_axis',(1.,0.,0.));
#6052=DIRECTION('',(0.,-2.22044604925E-16,-1.));
#6053=DIRECTION('',(-1.,0.,0.));
#6054=DIRECTION('',(0.,2.22044604925E-16,1.));
#6055=DIRECTION('center_axis',(0.,1.,0.));
#6056=DIRECTION('ref_axis',(1.,0.,0.));
#6057=DIRECTION('center_axis',(0.,-1.,0.));
#6058=DIRECTION('ref_axis',(1.,0.,0.));
#6059=DIRECTION('',(0.,1.,0.));
#6060=DIRECTION('',(0.,1.,0.));
#6061=DIRECTION('center_axis',(-0.773244166506849,-1.80196822230665E-16,
0.634108396855876));
#6062=DIRECTION('ref_axis',(-0.634108396855876,-1.29741712006075E-16,-0.773244166506849));
#6063=DIRECTION('',(-2.216064506185E-16,1.,1.394229610192E-17));
#6064=DIRECTION('',(0.634108396855876,0.,0.773244166506849));
#6065=DIRECTION('center_axis',(-0.846621761105069,-1.80196822230715E-16,
-0.532195071025043));
#6066=DIRECTION('ref_axis',(0.532195071025043,1.29741712006111E-16,-0.846621761105069));
#6067=DIRECTION('',(-0.532195071025044,0.,0.846621761105069));
#6068=DIRECTION('',(0.,1.,0.));
#6069=DIRECTION('center_axis',(0.,1.,0.));
#6070=DIRECTION('ref_axis',(1.,0.,0.));
#6071=DIRECTION('center_axis',(0.,-1.,0.));
#6072=DIRECTION('ref_axis',(1.,0.,0.));
#6073=DIRECTION('',(0.,1.,0.));
#6074=DIRECTION('center_axis',(-0.687672049488798,-1.80196822230647E-16,
0.726021454470787));
#6075=DIRECTION('ref_axis',(-0.726021454470787,-1.29741712006062E-16,-0.687672049488798));
#6076=DIRECTION('',(-2.181115845109E-16,1.,4.160700996752E-17));
#6077=DIRECTION('',(0.726021454470786,0.,0.687672049488798));
#6078=DIRECTION('center_axis',(-0.906647624784032,-1.80196822230706E-16,
-0.421888711005015));
#6079=DIRECTION('ref_axis',(0.421888711005015,1.29741712006105E-16,-0.906647624784032));
#6080=DIRECTION('',(-0.421888711005015,0.,0.906647624784032));
#6081=DIRECTION('',(0.,1.,0.));
#6082=DIRECTION('center_axis',(0.,1.,0.));
#6083=DIRECTION('ref_axis',(1.,0.,0.));
#6084=DIRECTION('center_axis',(0.,-1.,0.));
#6085=DIRECTION('ref_axis',(1.,0.,0.));
#6086=DIRECTION('',(0.,1.,0.));
#6087=DIRECTION('center_axis',(-0.591254933455199,-1.80196822230761E-16,
0.806484720044272));
#6088=DIRECTION('ref_axis',(-0.806484720044272,-1.29741712006144E-16,-0.5912549334552));
#6089=DIRECTION('',(-2.111769684221E-16,1.,6.861555643111E-17));
#6090=DIRECTION('',(0.806484720044272,0.,0.591254933455199));
#6091=DIRECTION('center_axis',(-0.95237511381431,-1.80196822230759E-16,
-0.304928913990099));
#6092=DIRECTION('ref_axis',(0.304928913990099,1.29741712006142E-16,-0.95237511381431));
#6093=DIRECTION('',(-0.304928913990099,0.,0.95237511381431));
#6094=DIRECTION('',(0.,1.,0.));
#6095=DIRECTION('center_axis',(0.,1.,0.));
#6096=DIRECTION('ref_axis',(1.,0.,0.));
#6097=DIRECTION('center_axis',(0.,-1.,0.));
#6098=DIRECTION('ref_axis',(1.,0.,0.));
#6099=DIRECTION('',(0.,1.,0.));
#6100=DIRECTION('center_axis',(-0.485513373922148,-1.80196822230755E-16,
0.874229239812266));
#6101=DIRECTION('ref_axis',(-0.874229239812266,-1.29741712006139E-16,-0.485513373922148));
#6102=DIRECTION('',(-2.009119653903E-16,1.,9.454199458083E-17));
#6103=DIRECTION('',(0.874229239812266,0.,0.485513373922148));
#6104=DIRECTION('center_axis',(-0.983083078379026,-1.80196822230705E-16,
-0.183160205844005));
#6105=DIRECTION('ref_axis',(0.183160205844005,1.29741712006103E-16,-0.983083078379026));
#6106=DIRECTION('',(-0.183160205844005,0.,0.983083078379026));
#6107=DIRECTION('',(0.,1.,0.));
#6108=DIRECTION('center_axis',(0.,1.,0.));
#6109=DIRECTION('ref_axis',(1.,0.,0.));
#6110=DIRECTION('center_axis',(0.,-1.,0.));
#6111=DIRECTION('ref_axis',(1.,0.,0.));
#6112=DIRECTION('',(0.,1.,0.));
#6113=DIRECTION('center_axis',(-0.372114978451012,-1.80196822230706E-16,
0.928186642229031));
#6114=DIRECTION('ref_axis',(-0.928186642229031,-1.29741712006104E-16,-0.372114978451012));
#6115=DIRECTION('',(-1.874784606453E-16,1.,1.189774489994E-16));
#6116=DIRECTION('',(0.928186642229031,0.,0.372114978451012));
#6117=DIRECTION('center_axis',(-0.998287235532033,-1.80196822230706E-16,
-0.0585029518384519));
#6118=DIRECTION('ref_axis',(0.0585029518384519,1.29741712006104E-16,-0.998287235532033));
#6119=DIRECTION('',(-0.0585029518384519,0.,0.998287235532032));
#6120=DIRECTION('',(0.,1.,0.));
#6121=DIRECTION('center_axis',(0.,1.,0.));
#6122=DIRECTION('ref_axis',(1.,0.,0.));
#6123=DIRECTION('center_axis',(0.,-1.,0.));
#6124=DIRECTION('ref_axis',(1.,0.,0.));
#6125=DIRECTION('',(0.,1.,0.));
#6126=DIRECTION('center_axis',(-0.252848107479017,-1.80196822230712E-16,
0.967505986826066));
#6127=DIRECTION('ref_axis',(-0.967505986826066,-1.29741712006109E-16,-0.252848107479017));
#6128=DIRECTION('',(-1.710883085817E-16,1.,1.415365579735E-16));
#6129=DIRECTION('',(0.967505986826066,0.,0.252848107479017));
#6130=DIRECTION('center_axis',(-0.997747806632889,-1.8019682223068E-16,
0.0670769286659725));
#6131=DIRECTION('ref_axis',(-0.0670769286659725,1.29741712006086E-16,-0.997747806632889));
#6132=DIRECTION('',(0.0670769286659725,0.,0.997747806632889));
#6133=DIRECTION('',(0.,1.,0.));
#6134=DIRECTION('center_axis',(0.,1.,0.));
#6135=DIRECTION('ref_axis',(1.,0.,0.));
#6136=DIRECTION('center_axis',(0.,-1.,0.));
#6137=DIRECTION('ref_axis',(1.,0.,0.));
#6138=DIRECTION('',(0.,1.,0.));
#6139=DIRECTION('center_axis',(-0.129593670806996,-1.80196822230694E-16,
0.991567184050969));
#6140=DIRECTION('ref_axis',(-0.991567184050969,-1.29741712006096E-16,-0.129593670806996));
#6141=DIRECTION('',(-1.519999916885E-16,1.,1.618635508785E-16));
#6142=DIRECTION('',(0.991567184050969,0.,0.129593670806996));
#6143=DIRECTION('center_axis',(-0.981473298797388,-1.80196822230771E-16,
0.191598965936076));
#6144=DIRECTION('ref_axis',(-0.191598965936076,1.29741712006151E-16,-0.981473298797388));
#6145=DIRECTION('',(0.191598965936076,0.,0.981473298797388));
#6146=DIRECTION('',(0.,1.,0.));
#6147=DIRECTION('center_axis',(0.,1.,0.));
#6148=DIRECTION('ref_axis',(1.,0.,0.));
#6149=DIRECTION('center_axis',(0.,-1.,0.));
#6150=DIRECTION('ref_axis',(1.,0.,0.));
#6151=DIRECTION('',(0.,1.,0.));
#6152=DIRECTION('center_axis',(-0.00429546453181159,-1.80196822230641E-16,
0.999990774449673));
#6153=DIRECTION('ref_axis',(-0.999990774449673,-1.29741712006058E-16,-0.00429546453181159));
#6154=DIRECTION('',(-1.30514544126E-16,1.,1.796378588936E-16));
#6155=DIRECTION('',(0.999990774449673,0.,0.00429546453181159));
#6156=DIRECTION('center_axis',(-0.949720370736184,-1.80196822230735E-16,
0.313099373057061));
#6157=DIRECTION('ref_axis',(-0.313099373057061,1.29741712006125E-16,-0.949720370736185));
#6158=DIRECTION('',(0.313099373057061,0.,0.949720370736184));
#6159=DIRECTION('',(0.,1.,0.));
#6160=DIRECTION('center_axis',(0.,1.,0.));
#6161=DIRECTION('ref_axis',(1.,0.,0.));
#6162=DIRECTION('center_axis',(0.,-1.,0.));
#6163=DIRECTION('ref_axis',(1.,0.,0.));
#6164=DIRECTION('',(0.,1.,0.));
#6165=DIRECTION('center_axis',(0.12107048378498,-1.80196822230671E-16,0.992643912969838));
#6166=DIRECTION('ref_axis',(-0.992643912969838,-1.29741712006079E-16,0.12107048378498));
#6167=DIRECTION('',(-1.069708042371E-16,1.,1.945791705635E-16));
#6168=DIRECTION('',(0.992643912969838,0.,-0.12107048378498));
#6169=DIRECTION('center_axis',(-0.902989785093204,-1.80196822230741E-16,
0.429662016028097));
#6170=DIRECTION('ref_axis',(-0.429662016028097,1.29741712006129E-16,-0.902989785093204));
#6171=DIRECTION('',(0.429662016028097,0.,0.902989785093204));
#6172=DIRECTION('',(0.,1.,0.));
#6173=DIRECTION('center_axis',(0.,1.,0.));
#6174=DIRECTION('ref_axis',(1.,0.,0.));
#6175=DIRECTION('center_axis',(0.,-1.,0.));
#6176=DIRECTION('ref_axis',(1.,0.,0.));
#6177=DIRECTION('',(0.,1.,0.));
#6178=DIRECTION('center_axis',(0.244527078248924,-1.80196822230644E-16,
0.9696424640057));
#6179=DIRECTION('ref_axis',(-0.9696424640057,-1.2974171200606E-16,0.244527078248924));
#6180=DIRECTION('',(-8.174007086407E-17,1.,2.064518524776E-16));
#6181=DIRECTION('',(0.9696424640057,0.,-0.244527078248924));
#6182=DIRECTION('center_axis',(-0.842018511119221,-1.80196822230747E-16,
0.539448632339142));
#6183=DIRECTION('ref_axis',(-0.539448632339142,1.29741712006134E-16,-0.842018511119221));
#6184=DIRECTION('',(0.539448632339142,0.,0.842018511119221));
#6185=DIRECTION('',(0.,1.,0.));
#6186=DIRECTION('center_axis',(0.,1.,0.));
#6187=DIRECTION('ref_axis',(1.,0.,0.));
#6188=DIRECTION('center_axis',(0.,-1.,0.));
#6189=DIRECTION('ref_axis',(1.,0.,0.));
#6190=DIRECTION('',(0.,1.,0.));
#6191=DIRECTION('center_axis',(0.364127334615003,-1.80196822230701E-16,
0.931349174148007));
#6192=DIRECTION('ref_axis',(-0.931349174148007,-1.29741712006101E-16,0.364127334615003));
#6193=DIRECTION('',(-5.522024774437E-17,1.,2.150686653498E-16));
#6194=DIRECTION('',(0.931349174148007,0.,-0.364127334615003));
#6195=DIRECTION('center_axis',(-0.767768102227347,-1.80196822230781E-16,
0.640727821467289));
#6196=DIRECTION('ref_axis',(-0.640727821467289,1.29741712006159E-16,-0.767768102227347));
#6197=DIRECTION('',(0.640727821467289,0.,0.767768102227347));
#6198=DIRECTION('',(0.,1.,0.));
#6199=DIRECTION('center_axis',(0.,1.,0.));
#6200=DIRECTION('ref_axis',(1.,0.,0.));
#6201=DIRECTION('center_axis',(0.,-1.,0.));
#6202=DIRECTION('ref_axis',(1.,0.,0.));
#6203=DIRECTION('',(0.,1.,0.));
#6204=DIRECTION('center_axis',(0.477985085395818,-1.80196822230631E-16,
0.878367951452666));
#6205=DIRECTION('ref_axis',(-0.878367951452666,-1.29741712006051E-16,0.477985085395818));
#6206=DIRECTION('',(-2.782956833076E-17,1.,2.202937168937E-16));
#6207=DIRECTION('',(0.878367951452666,0.,-0.477985085395818));
#6208=DIRECTION('center_axis',(-0.681409531720771,-1.8019682223064E-16,
0.731902350098754));
#6209=DIRECTION('ref_axis',(-0.731902350098754,1.29741712006056E-16,-0.681409531720771));
#6210=DIRECTION('',(0.731902350098754,0.,0.681409531720771));
#6211=DIRECTION('',(0.,1.,0.));
#6212=DIRECTION('center_axis',(0.,1.,0.));
#6213=DIRECTION('ref_axis',(1.,0.,0.));
#6214=DIRECTION('center_axis',(0.,-1.,0.));
#6215=DIRECTION('ref_axis',(1.,0.,0.));
#6216=DIRECTION('',(0.,1.,0.));
#6217=DIRECTION('center_axis',(0.58430472584526,-1.8019682223078E-16,0.811534341451362));
#6218=DIRECTION('ref_axis',(-0.811534341451362,-1.29741712006158E-16,0.58430472584526));
#6219=DIRECTION('',(-2.719262146894E-32,1.,2.22044604925E-16));
#6220=DIRECTION('',(0.811534341451362,0.,-0.58430472584526));
#6221=DIRECTION('center_axis',(-0.58430472584526,-1.8019682223078E-16,0.811534341451362));
#6222=DIRECTION('ref_axis',(-0.811534341451362,1.29741712006158E-16,-0.58430472584526));
#6223=DIRECTION('',(0.811534341451362,0.,0.58430472584526));
#6224=DIRECTION('',(0.,1.,0.));
#6225=DIRECTION('center_axis',(0.,1.,0.));
#6226=DIRECTION('ref_axis',(1.,0.,0.));
#6227=DIRECTION('center_axis',(0.,-1.,0.));
#6228=DIRECTION('ref_axis',(1.,0.,0.));
#6229=DIRECTION('',(0.,1.,0.));
#6230=DIRECTION('center_axis',(0.681409531720771,-1.8019682223064E-16,0.731902350098754));
#6231=DIRECTION('ref_axis',(-0.731902350098754,-1.29741712006056E-16,0.681409531720771));
#6232=DIRECTION('',(2.782956833076E-17,1.,2.202937168937E-16));
#6233=DIRECTION('',(0.731902350098754,0.,-0.681409531720771));
#6234=DIRECTION('center_axis',(-0.477985085395818,-1.80196822230631E-16,
0.878367951452666));
#6235=DIRECTION('ref_axis',(-0.878367951452666,1.29741712006051E-16,-0.477985085395818));
#6236=DIRECTION('',(0.878367951452666,0.,0.477985085395818));
#6237=DIRECTION('',(0.,1.,0.));
#6238=DIRECTION('center_axis',(0.,1.,0.));
#6239=DIRECTION('ref_axis',(1.,0.,0.));
#6240=DIRECTION('center_axis',(0.,-1.,0.));
#6241=DIRECTION('ref_axis',(1.,0.,0.));
#6242=DIRECTION('',(0.,1.,0.));
#6243=DIRECTION('center_axis',(0.767768102227347,-1.80196822230781E-16,
0.640727821467289));
#6244=DIRECTION('ref_axis',(-0.640727821467289,-1.29741712006159E-16,0.767768102227347));
#6245=DIRECTION('',(5.522024774437E-17,1.,2.150686653498E-16));
#6246=DIRECTION('',(0.640727821467289,0.,-0.767768102227347));
#6247=DIRECTION('center_axis',(-0.364127334615003,-1.80196822230701E-16,
0.931349174148007));
#6248=DIRECTION('ref_axis',(-0.931349174148007,1.29741712006101E-16,-0.364127334615003));
#6249=DIRECTION('',(0.931349174148007,0.,0.364127334615003));
#6250=DIRECTION('',(0.,1.,0.));
#6251=DIRECTION('center_axis',(0.,1.,0.));
#6252=DIRECTION('ref_axis',(1.,0.,0.));
#6253=DIRECTION('center_axis',(0.,-1.,0.));
#6254=DIRECTION('ref_axis',(1.,0.,0.));
#6255=DIRECTION('',(0.,1.,0.));
#6256=DIRECTION('center_axis',(0.842018511119221,-1.80196822230747E-16,
0.539448632339142));
#6257=DIRECTION('ref_axis',(-0.539448632339142,-1.29741712006134E-16,0.842018511119221));
#6258=DIRECTION('',(8.174007086407E-17,1.,2.064518524776E-16));
#6259=DIRECTION('',(0.539448632339142,0.,-0.842018511119221));
#6260=DIRECTION('center_axis',(-0.244527078248924,-1.80196822230644E-16,
0.9696424640057));
#6261=DIRECTION('ref_axis',(-0.9696424640057,1.2974171200606E-16,-0.244527078248924));
#6262=DIRECTION('',(0.9696424640057,0.,0.244527078248924));
#6263=DIRECTION('',(0.,1.,0.));
#6264=DIRECTION('center_axis',(0.,1.,0.));
#6265=DIRECTION('ref_axis',(1.,0.,0.));
#6266=DIRECTION('center_axis',(0.,-1.,0.));
#6267=DIRECTION('ref_axis',(1.,0.,0.));
#6268=DIRECTION('',(0.,1.,0.));
#6269=DIRECTION('center_axis',(0.902989785093204,-1.80196822230741E-16,
0.429662016028097));
#6270=DIRECTION('ref_axis',(-0.429662016028097,-1.29741712006129E-16,0.902989785093204));
#6271=DIRECTION('',(1.069708042371E-16,1.,1.945791705635E-16));
#6272=DIRECTION('',(0.429662016028097,0.,-0.902989785093204));
#6273=DIRECTION('center_axis',(-0.12107048378498,-1.80196822230671E-16,
0.992643912969838));
#6274=DIRECTION('ref_axis',(-0.992643912969838,1.29741712006079E-16,-0.12107048378498));
#6275=DIRECTION('',(0.992643912969838,0.,0.12107048378498));
#6276=DIRECTION('',(0.,1.,0.));
#6277=DIRECTION('center_axis',(0.,1.,0.));
#6278=DIRECTION('ref_axis',(1.,0.,0.));
#6279=DIRECTION('center_axis',(0.,-1.,0.));
#6280=DIRECTION('ref_axis',(1.,0.,0.));
#6281=DIRECTION('',(0.,1.,0.));
#6282=DIRECTION('center_axis',(0.949720370736184,-1.80196822230735E-16,
0.313099373057061));
#6283=DIRECTION('ref_axis',(-0.313099373057061,-1.29741712006125E-16,0.949720370736185));
#6284=DIRECTION('',(1.30514544126E-16,1.,1.796378588936E-16));
#6285=DIRECTION('',(0.313099373057061,0.,-0.949720370736184));
#6286=DIRECTION('center_axis',(0.00429546453181059,-1.80196822230641E-16,
0.999990774449673));
#6287=DIRECTION('ref_axis',(-0.999990774449673,1.29741712006058E-16,0.00429546453181059));
#6288=DIRECTION('',(0.999990774449673,0.,-0.00429546453181059));
#6289=DIRECTION('',(0.,1.,0.));
#6290=DIRECTION('center_axis',(0.,1.,0.));
#6291=DIRECTION('ref_axis',(1.,0.,0.));
#6292=DIRECTION('center_axis',(0.,-1.,0.));
#6293=DIRECTION('ref_axis',(1.,0.,0.));
#6294=DIRECTION('',(0.,1.,0.));
#6295=DIRECTION('center_axis',(0.981473298797388,-1.80196822230771E-16,
0.191598965936076));
#6296=DIRECTION('ref_axis',(-0.191598965936076,-1.29741712006151E-16,0.981473298797388));
#6297=DIRECTION('',(1.519999916885E-16,1.,1.618635508785E-16));
#6298=DIRECTION('',(0.191598965936076,0.,-0.981473298797388));
#6299=DIRECTION('center_axis',(0.129593670806996,-1.80196822230694E-16,
0.991567184050969));
#6300=DIRECTION('ref_axis',(-0.991567184050969,1.29741712006096E-16,0.129593670806996));
#6301=DIRECTION('',(0.991567184050969,0.,-0.129593670806996));
#6302=DIRECTION('',(0.,1.,0.));
#6303=DIRECTION('center_axis',(0.,1.,0.));
#6304=DIRECTION('ref_axis',(1.,0.,0.));
#6305=DIRECTION('center_axis',(0.,-1.,0.));
#6306=DIRECTION('ref_axis',(1.,0.,0.));
#6307=DIRECTION('',(0.,1.,0.));
#6308=DIRECTION('center_axis',(0.997747806632889,-1.8019682223068E-16,0.0670769286659725));
#6309=DIRECTION('ref_axis',(-0.0670769286659725,-1.29741712006086E-16,0.997747806632889));
#6310=DIRECTION('',(1.710883085817E-16,1.,1.415365579735E-16));
#6311=DIRECTION('',(0.0670769286659725,0.,-0.997747806632889));
#6312=DIRECTION('center_axis',(0.252848107479017,-1.80196822230712E-16,
0.967505986826066));
#6313=DIRECTION('ref_axis',(-0.967505986826066,1.29741712006109E-16,0.252848107479017));
#6314=DIRECTION('',(0.967505986826066,0.,-0.252848107479017));
#6315=DIRECTION('',(0.,1.,0.));
#6316=DIRECTION('center_axis',(0.,1.,0.));
#6317=DIRECTION('ref_axis',(1.,0.,0.));
#6318=DIRECTION('center_axis',(0.,-1.,0.));
#6319=DIRECTION('ref_axis',(1.,0.,0.));
#6320=DIRECTION('',(0.,1.,0.));
#6321=DIRECTION('center_axis',(0.998287235532033,-1.80196822230706E-16,
-0.0585029518384519));
#6322=DIRECTION('ref_axis',(0.0585029518384519,-1.29741712006104E-16,0.998287235532033));
#6323=DIRECTION('',(1.874784606453E-16,1.,1.189774489994E-16));
#6324=DIRECTION('',(-0.0585029518384519,0.,-0.998287235532032));
#6325=DIRECTION('center_axis',(0.372114978451012,-1.80196822230706E-16,
0.928186642229031));
#6326=DIRECTION('ref_axis',(-0.928186642229031,1.29741712006104E-16,0.372114978451012));
#6327=DIRECTION('',(0.928186642229031,0.,-0.372114978451012));
#6328=DIRECTION('',(0.,1.,0.));
#6329=DIRECTION('center_axis',(0.,1.,0.));
#6330=DIRECTION('ref_axis',(1.,0.,0.));
#6331=DIRECTION('center_axis',(0.,-1.,0.));
#6332=DIRECTION('ref_axis',(1.,0.,0.));
#6333=DIRECTION('',(0.,1.,0.));
#6334=DIRECTION('center_axis',(0.983083078379026,-1.80196822230705E-16,
-0.183160205844005));
#6335=DIRECTION('ref_axis',(0.183160205844005,-1.29741712006103E-16,0.983083078379026));
#6336=DIRECTION('',(2.009119653903E-16,1.,9.454199458083E-17));
#6337=DIRECTION('',(-0.183160205844005,0.,-0.983083078379026));
#6338=DIRECTION('center_axis',(0.485513373922148,-1.80196822230755E-16,
0.874229239812266));
#6339=DIRECTION('ref_axis',(-0.874229239812266,1.29741712006139E-16,0.485513373922148));
#6340=DIRECTION('',(0.874229239812266,0.,-0.485513373922148));
#6341=DIRECTION('',(0.,1.,0.));
#6342=DIRECTION('center_axis',(0.,1.,0.));
#6343=DIRECTION('ref_axis',(1.,0.,0.));
#6344=DIRECTION('center_axis',(0.,-1.,0.));
#6345=DIRECTION('ref_axis',(1.,0.,0.));
#6346=DIRECTION('',(0.,1.,0.));
#6347=DIRECTION('center_axis',(0.95237511381431,-1.80196822230759E-16,-0.304928913990099));
#6348=DIRECTION('ref_axis',(0.304928913990099,-1.29741712006142E-16,0.95237511381431));
#6349=DIRECTION('',(2.111769684221E-16,1.,6.861555643111E-17));
#6350=DIRECTION('',(-0.304928913990099,0.,-0.95237511381431));
#6351=DIRECTION('center_axis',(0.591254933455199,-1.80196822230761E-16,
0.806484720044272));
#6352=DIRECTION('ref_axis',(-0.806484720044272,1.29741712006144E-16,0.5912549334552));
#6353=DIRECTION('',(0.806484720044272,0.,-0.591254933455199));
#6354=DIRECTION('',(0.,1.,0.));
#6355=DIRECTION('center_axis',(0.,1.,0.));
#6356=DIRECTION('ref_axis',(1.,0.,0.));
#6357=DIRECTION('center_axis',(0.,-1.,0.));
#6358=DIRECTION('ref_axis',(1.,0.,0.));
#6359=DIRECTION('',(0.,1.,0.));
#6360=DIRECTION('center_axis',(0.906647624784032,-1.80196822230706E-16,
-0.421888711005015));
#6361=DIRECTION('ref_axis',(0.421888711005015,-1.29741712006105E-16,0.906647624784032));
#6362=DIRECTION('',(2.181115845109E-16,1.,4.160700996752E-17));
#6363=DIRECTION('',(-0.421888711005015,0.,-0.906647624784032));
#6364=DIRECTION('center_axis',(0.687672049488798,-1.80196822230647E-16,
0.726021454470787));
#6365=DIRECTION('ref_axis',(-0.726021454470787,1.29741712006062E-16,0.687672049488798));
#6366=DIRECTION('',(0.726021454470786,0.,-0.687672049488798));
#6367=DIRECTION('',(0.,1.,0.));
#6368=DIRECTION('center_axis',(0.,1.,0.));
#6369=DIRECTION('ref_axis',(1.,0.,0.));
#6370=DIRECTION('center_axis',(0.,-1.,0.));
#6371=DIRECTION('ref_axis',(1.,0.,0.));
#6372=DIRECTION('',(0.,1.,0.));
#6373=DIRECTION('center_axis',(0.846621761105069,-1.80196822230715E-16,
-0.532195071025043));
#6374=DIRECTION('ref_axis',(0.532195071025043,-1.29741712006111E-16,0.846621761105069));
#6375=DIRECTION('',(2.216064506185E-16,1.,1.394229610192E-17));
#6376=DIRECTION('',(-0.532195071025044,0.,-0.846621761105069));
#6377=DIRECTION('center_axis',(0.773244166506849,-1.80196822230665E-16,
0.634108396855876));
#6378=DIRECTION('ref_axis',(-0.634108396855876,1.29741712006075E-16,0.773244166506849));
#6379=DIRECTION('',(0.634108396855876,0.,-0.773244166506849));
#6380=DIRECTION('',(0.,1.,0.));
#6381=DIRECTION('center_axis',(0.,1.,0.));
#6382=DIRECTION('ref_axis',(-1.,0.,1.22464679914735E-16));
#6383=DIRECTION('',(0.,1.,0.));
#6384=DIRECTION('center_axis',(0.,-1.,0.));
#6385=DIRECTION('ref_axis',(1.,0.,0.));
#6386=DIRECTION('center_axis',(0.773244166506849,-1.80196822230665E-16,
-0.634108396855876));
#6387=DIRECTION('ref_axis',(0.634108396855876,-1.29741712006075E-16,0.773244166506849));
#6388=DIRECTION('',(2.216064506185E-16,1.,-1.394229610192E-17));
#6389=DIRECTION('',(-0.634108396855876,0.,-0.773244166506849));
#6390=DIRECTION('center_axis',(0.846621761105069,-1.80196822230715E-16,
0.532195071025043));
#6391=DIRECTION('ref_axis',(-0.532195071025043,1.29741712006111E-16,0.846621761105069));
#6392=DIRECTION('',(0.532195071025044,0.,-0.846621761105069));
#6393=DIRECTION('',(0.,1.,0.));
#6394=DIRECTION('center_axis',(0.,1.,0.));
#6395=DIRECTION('ref_axis',(1.,0.,0.));
#6396=DIRECTION('',(0.,1.,0.));
#6397=DIRECTION('center_axis',(0.,-1.,0.));
#6398=DIRECTION('ref_axis',(1.,0.,0.));
#6399=DIRECTION('center_axis',(0.687672049488798,-1.80196822230647E-16,
-0.726021454470787));
#6400=DIRECTION('ref_axis',(0.726021454470787,-1.29741712006062E-16,0.687672049488798));
#6401=DIRECTION('',(2.181115845109E-16,1.,-4.160700996752E-17));
#6402=DIRECTION('',(-0.726021454470786,0.,-0.687672049488798));
#6403=DIRECTION('center_axis',(0.906647624784032,-1.80196822230706E-16,
0.421888711005015));
#6404=DIRECTION('ref_axis',(-0.421888711005015,1.29741712006105E-16,0.906647624784032));
#6405=DIRECTION('',(0.421888711005015,0.,-0.906647624784032));
#6406=DIRECTION('',(0.,1.,0.));
#6407=DIRECTION('center_axis',(0.,1.,0.));
#6408=DIRECTION('ref_axis',(1.,0.,0.));
#6409=DIRECTION('',(0.,1.,0.));
#6410=DIRECTION('center_axis',(0.,-1.,0.));
#6411=DIRECTION('ref_axis',(1.,0.,0.));
#6412=DIRECTION('center_axis',(0.591254933455199,-1.80196822230761E-16,
-0.806484720044272));
#6413=DIRECTION('ref_axis',(0.806484720044272,-1.29741712006144E-16,0.5912549334552));
#6414=DIRECTION('',(2.111769684221E-16,1.,-6.861555643111E-17));
#6415=DIRECTION('',(-0.806484720044272,0.,-0.591254933455199));
#6416=DIRECTION('center_axis',(0.95237511381431,-1.80196822230759E-16,0.304928913990099));
#6417=DIRECTION('ref_axis',(-0.304928913990099,1.29741712006142E-16,0.95237511381431));
#6418=DIRECTION('',(0.304928913990099,0.,-0.95237511381431));
#6419=DIRECTION('',(0.,1.,0.));
#6420=DIRECTION('center_axis',(0.,1.,0.));
#6421=DIRECTION('ref_axis',(1.,0.,0.));
#6422=DIRECTION('',(0.,1.,0.));
#6423=DIRECTION('center_axis',(0.,-1.,0.));
#6424=DIRECTION('ref_axis',(1.,0.,0.));
#6425=DIRECTION('center_axis',(0.485513373922148,-1.80196822230755E-16,
-0.874229239812266));
#6426=DIRECTION('ref_axis',(0.874229239812266,-1.29741712006139E-16,0.485513373922148));
#6427=DIRECTION('',(2.009119653903E-16,1.,-9.454199458083E-17));
#6428=DIRECTION('',(-0.874229239812266,0.,-0.485513373922148));
#6429=DIRECTION('center_axis',(0.983083078379026,-1.80196822230705E-16,
0.183160205844005));
#6430=DIRECTION('ref_axis',(-0.183160205844005,1.29741712006103E-16,0.983083078379026));
#6431=DIRECTION('',(0.183160205844005,0.,-0.983083078379026));
#6432=DIRECTION('',(0.,1.,0.));
#6433=DIRECTION('center_axis',(0.,1.,0.));
#6434=DIRECTION('ref_axis',(1.,0.,0.));
#6435=DIRECTION('',(0.,1.,0.));
#6436=DIRECTION('center_axis',(0.,-1.,0.));
#6437=DIRECTION('ref_axis',(1.,0.,0.));
#6438=DIRECTION('center_axis',(0.372114978451012,-1.80196822230706E-16,
-0.928186642229031));
#6439=DIRECTION('ref_axis',(0.928186642229031,-1.29741712006104E-16,0.372114978451012));
#6440=DIRECTION('',(1.874784606453E-16,1.,-1.189774489994E-16));
#6441=DIRECTION('',(-0.928186642229031,0.,-0.372114978451012));
#6442=DIRECTION('center_axis',(0.998287235532033,-1.80196822230706E-16,
0.0585029518384519));
#6443=DIRECTION('ref_axis',(-0.0585029518384519,1.29741712006104E-16,0.998287235532033));
#6444=DIRECTION('',(0.0585029518384519,0.,-0.998287235532032));
#6445=DIRECTION('',(0.,1.,0.));
#6446=DIRECTION('center_axis',(0.,1.,0.));
#6447=DIRECTION('ref_axis',(1.,0.,0.));
#6448=DIRECTION('',(0.,1.,0.));
#6449=DIRECTION('center_axis',(0.,-1.,0.));
#6450=DIRECTION('ref_axis',(1.,0.,0.));
#6451=DIRECTION('center_axis',(0.252848107479017,-1.80196822230712E-16,
-0.967505986826066));
#6452=DIRECTION('ref_axis',(0.967505986826066,-1.29741712006109E-16,0.252848107479017));
#6453=DIRECTION('',(1.710883085817E-16,1.,-1.415365579735E-16));
#6454=DIRECTION('',(-0.967505986826066,0.,-0.252848107479017));
#6455=DIRECTION('center_axis',(0.997747806632889,-1.8019682223068E-16,-0.0670769286659725));
#6456=DIRECTION('ref_axis',(0.0670769286659725,1.29741712006086E-16,0.997747806632889));
#6457=DIRECTION('',(-0.0670769286659725,0.,-0.997747806632889));
#6458=DIRECTION('',(0.,1.,0.));
#6459=DIRECTION('center_axis',(0.,1.,0.));
#6460=DIRECTION('ref_axis',(1.,0.,0.));
#6461=DIRECTION('',(0.,1.,0.));
#6462=DIRECTION('center_axis',(0.,-1.,0.));
#6463=DIRECTION('ref_axis',(1.,0.,0.));
#6464=DIRECTION('center_axis',(0.129593670806996,-1.80196822230694E-16,
-0.991567184050969));
#6465=DIRECTION('ref_axis',(0.991567184050969,-1.29741712006096E-16,0.129593670806996));
#6466=DIRECTION('',(1.519999916885E-16,1.,-1.618635508785E-16));
#6467=DIRECTION('',(-0.991567184050969,0.,-0.129593670806996));
#6468=DIRECTION('center_axis',(0.981473298797388,-1.80196822230771E-16,
-0.191598965936076));
#6469=DIRECTION('ref_axis',(0.191598965936076,1.29741712006151E-16,0.981473298797388));
#6470=DIRECTION('',(-0.191598965936076,0.,-0.981473298797388));
#6471=DIRECTION('',(0.,1.,0.));
#6472=DIRECTION('center_axis',(0.,1.,0.));
#6473=DIRECTION('ref_axis',(1.,0.,0.));
#6474=DIRECTION('',(0.,1.,0.));
#6475=DIRECTION('center_axis',(0.,-1.,0.));
#6476=DIRECTION('ref_axis',(1.,0.,0.));
#6477=DIRECTION('center_axis',(0.00429546453181159,-1.80196822230641E-16,
-0.999990774449673));
#6478=DIRECTION('ref_axis',(0.999990774449673,-1.29741712006058E-16,0.00429546453181159));
#6479=DIRECTION('',(1.30514544126E-16,1.,-1.796378588936E-16));
#6480=DIRECTION('',(-0.999990774449673,0.,-0.00429546453181159));
#6481=DIRECTION('center_axis',(0.949720370736184,-1.80196822230735E-16,
-0.313099373057061));
#6482=DIRECTION('ref_axis',(0.313099373057061,1.29741712006125E-16,0.949720370736185));
#6483=DIRECTION('',(-0.313099373057061,0.,-0.949720370736184));
#6484=DIRECTION('',(0.,1.,0.));
#6485=DIRECTION('center_axis',(0.,1.,0.));
#6486=DIRECTION('ref_axis',(1.,0.,0.));
#6487=DIRECTION('',(0.,1.,0.));
#6488=DIRECTION('center_axis',(0.,-1.,0.));
#6489=DIRECTION('ref_axis',(1.,0.,0.));
#6490=DIRECTION('center_axis',(-0.12107048378498,-1.80196822230671E-16,
-0.992643912969838));
#6491=DIRECTION('ref_axis',(0.992643912969838,-1.29741712006079E-16,-0.12107048378498));
#6492=DIRECTION('',(1.069708042371E-16,1.,-1.945791705635E-16));
#6493=DIRECTION('',(-0.992643912969838,0.,0.12107048378498));
#6494=DIRECTION('center_axis',(0.902989785093204,-1.80196822230741E-16,
-0.429662016028097));
#6495=DIRECTION('ref_axis',(0.429662016028097,1.29741712006129E-16,0.902989785093204));
#6496=DIRECTION('',(-0.429662016028097,0.,-0.902989785093204));
#6497=DIRECTION('',(0.,1.,0.));
#6498=DIRECTION('center_axis',(0.,1.,0.));
#6499=DIRECTION('ref_axis',(1.,0.,0.));
#6500=DIRECTION('',(0.,1.,0.));
#6501=DIRECTION('center_axis',(0.,-1.,0.));
#6502=DIRECTION('ref_axis',(1.,0.,0.));
#6503=DIRECTION('center_axis',(-0.244527078248924,-1.80196822230644E-16,
-0.9696424640057));
#6504=DIRECTION('ref_axis',(0.9696424640057,-1.2974171200606E-16,-0.244527078248924));
#6505=DIRECTION('',(8.174007086407E-17,1.,-2.064518524776E-16));
#6506=DIRECTION('',(-0.9696424640057,0.,0.244527078248924));
#6507=DIRECTION('center_axis',(0.842018511119221,-1.80196822230747E-16,
-0.539448632339142));
#6508=DIRECTION('ref_axis',(0.539448632339142,1.29741712006134E-16,0.842018511119221));
#6509=DIRECTION('',(-0.539448632339142,0.,-0.842018511119221));
#6510=DIRECTION('',(0.,1.,0.));
#6511=DIRECTION('center_axis',(0.,1.,0.));
#6512=DIRECTION('ref_axis',(1.,0.,0.));
#6513=DIRECTION('',(0.,1.,0.));
#6514=DIRECTION('center_axis',(0.,-1.,0.));
#6515=DIRECTION('ref_axis',(1.,0.,0.));
#6516=DIRECTION('center_axis',(-0.364127334615003,-1.80196822230701E-16,
-0.931349174148007));
#6517=DIRECTION('ref_axis',(0.931349174148007,-1.29741712006101E-16,-0.364127334615003));
#6518=DIRECTION('',(5.522024774437E-17,1.,-2.150686653498E-16));
#6519=DIRECTION('',(-0.931349174148007,0.,0.364127334615003));
#6520=DIRECTION('center_axis',(0.767768102227347,-1.80196822230781E-16,
-0.640727821467289));
#6521=DIRECTION('ref_axis',(0.640727821467289,1.29741712006159E-16,0.767768102227347));
#6522=DIRECTION('',(-0.640727821467289,0.,-0.767768102227347));
#6523=DIRECTION('',(0.,1.,0.));
#6524=DIRECTION('center_axis',(0.,1.,0.));
#6525=DIRECTION('ref_axis',(1.,0.,0.));
#6526=DIRECTION('',(0.,1.,0.));
#6527=DIRECTION('center_axis',(0.,-1.,0.));
#6528=DIRECTION('ref_axis',(1.,0.,0.));
#6529=DIRECTION('center_axis',(-0.477985085395818,-1.80196822230631E-16,
-0.878367951452666));
#6530=DIRECTION('ref_axis',(0.878367951452666,-1.29741712006051E-16,-0.477985085395818));
#6531=DIRECTION('',(2.782956833076E-17,1.,-2.202937168937E-16));
#6532=DIRECTION('',(-0.878367951452666,0.,0.477985085395818));
#6533=DIRECTION('center_axis',(0.681409531720771,-1.8019682223064E-16,-0.731902350098754));
#6534=DIRECTION('ref_axis',(0.731902350098754,1.29741712006056E-16,0.681409531720771));
#6535=DIRECTION('',(-0.731902350098754,0.,-0.681409531720771));
#6536=DIRECTION('',(0.,1.,0.));
#6537=DIRECTION('center_axis',(0.,1.,0.));
#6538=DIRECTION('ref_axis',(1.,0.,0.));
#6539=DIRECTION('',(0.,1.,0.));
#6540=DIRECTION('center_axis',(0.,-1.,0.));
#6541=DIRECTION('ref_axis',(1.,0.,0.));
#6542=DIRECTION('center_axis',(-0.58430472584526,-1.8019682223078E-16,-0.811534341451362));
#6543=DIRECTION('ref_axis',(0.811534341451362,-1.29741712006158E-16,-0.58430472584526));
#6544=DIRECTION('',(0.,1.,-2.22044604925E-16));
#6545=DIRECTION('',(-0.811534341451362,0.,0.58430472584526));
#6546=DIRECTION('center_axis',(0.58430472584526,-1.8019682223078E-16,-0.811534341451362));
#6547=DIRECTION('ref_axis',(0.811534341451362,1.29741712006158E-16,0.58430472584526));
#6548=DIRECTION('',(-0.811534341451362,0.,-0.58430472584526));
#6549=DIRECTION('',(0.,1.,0.));
#6550=DIRECTION('center_axis',(0.,1.,0.));
#6551=DIRECTION('ref_axis',(1.,0.,0.));
#6552=DIRECTION('',(0.,1.,0.));
#6553=DIRECTION('center_axis',(0.,-1.,0.));
#6554=DIRECTION('ref_axis',(1.,0.,0.));
#6555=DIRECTION('center_axis',(-0.681409531720771,-1.8019682223064E-16,
-0.731902350098754));
#6556=DIRECTION('ref_axis',(0.731902350098754,-1.29741712006056E-16,-0.681409531720771));
#6557=DIRECTION('',(-2.782956833076E-17,1.,-2.202937168937E-16));
#6558=DIRECTION('',(-0.731902350098754,0.,0.681409531720771));
#6559=DIRECTION('center_axis',(0.477985085395818,-1.80196822230631E-16,
-0.878367951452666));
#6560=DIRECTION('ref_axis',(0.878367951452666,1.29741712006051E-16,0.477985085395818));
#6561=DIRECTION('',(-0.878367951452666,0.,-0.477985085395818));
#6562=DIRECTION('',(0.,1.,0.));
#6563=DIRECTION('center_axis',(0.,1.,0.));
#6564=DIRECTION('ref_axis',(1.,0.,0.));
#6565=DIRECTION('',(0.,1.,0.));
#6566=DIRECTION('center_axis',(0.,-1.,0.));
#6567=DIRECTION('ref_axis',(1.,0.,0.));
#6568=DIRECTION('center_axis',(-0.767768102227347,-1.80196822230781E-16,
-0.640727821467289));
#6569=DIRECTION('ref_axis',(0.640727821467289,-1.29741712006159E-16,-0.767768102227347));
#6570=DIRECTION('',(-5.522024774437E-17,1.,-2.150686653498E-16));
#6571=DIRECTION('',(-0.640727821467289,0.,0.767768102227347));
#6572=DIRECTION('center_axis',(0.364127334615003,-1.80196822230701E-16,
-0.931349174148007));
#6573=DIRECTION('ref_axis',(0.931349174148007,1.29741712006101E-16,0.364127334615003));
#6574=DIRECTION('',(-0.931349174148007,0.,-0.364127334615003));
#6575=DIRECTION('',(0.,1.,0.));
#6576=DIRECTION('center_axis',(0.,1.,0.));
#6577=DIRECTION('ref_axis',(1.,0.,0.));
#6578=DIRECTION('',(0.,1.,0.));
#6579=DIRECTION('center_axis',(0.,-1.,0.));
#6580=DIRECTION('ref_axis',(1.,0.,0.));
#6581=DIRECTION('center_axis',(-0.842018511119221,-1.80196822230747E-16,
-0.539448632339142));
#6582=DIRECTION('ref_axis',(0.539448632339142,-1.29741712006134E-16,-0.842018511119221));
#6583=DIRECTION('',(-8.174007086407E-17,1.,-2.064518524776E-16));
#6584=DIRECTION('',(-0.539448632339142,0.,0.842018511119221));
#6585=DIRECTION('center_axis',(0.244527078248924,-1.80196822230644E-16,
-0.9696424640057));
#6586=DIRECTION('ref_axis',(0.9696424640057,1.2974171200606E-16,0.244527078248924));
#6587=DIRECTION('',(-0.9696424640057,0.,-0.244527078248924));
#6588=DIRECTION('',(0.,1.,0.));
#6589=DIRECTION('center_axis',(0.,1.,0.));
#6590=DIRECTION('ref_axis',(1.,0.,0.));
#6591=DIRECTION('',(0.,1.,0.));
#6592=DIRECTION('center_axis',(0.,-1.,0.));
#6593=DIRECTION('ref_axis',(1.,0.,0.));
#6594=DIRECTION('center_axis',(-0.902989785093204,-1.80196822230741E-16,
-0.429662016028097));
#6595=DIRECTION('ref_axis',(0.429662016028097,-1.29741712006129E-16,-0.902989785093204));
#6596=DIRECTION('',(-1.069708042371E-16,1.,-1.945791705635E-16));
#6597=DIRECTION('',(-0.429662016028097,0.,0.902989785093204));
#6598=DIRECTION('center_axis',(0.12107048378498,-1.80196822230671E-16,-0.992643912969838));
#6599=DIRECTION('ref_axis',(0.992643912969838,1.29741712006079E-16,0.12107048378498));
#6600=DIRECTION('',(-0.992643912969838,0.,-0.12107048378498));
#6601=DIRECTION('',(0.,1.,0.));
#6602=DIRECTION('center_axis',(0.,1.,0.));
#6603=DIRECTION('ref_axis',(1.,0.,0.));
#6604=DIRECTION('',(0.,1.,0.));
#6605=DIRECTION('center_axis',(0.,-1.,0.));
#6606=DIRECTION('ref_axis',(1.,0.,0.));
#6607=DIRECTION('center_axis',(-0.949720370736184,-1.80196822230735E-16,
-0.313099373057061));
#6608=DIRECTION('ref_axis',(0.313099373057061,-1.29741712006125E-16,-0.949720370736185));
#6609=DIRECTION('',(-1.30514544126E-16,1.,-1.796378588936E-16));
#6610=DIRECTION('',(-0.313099373057061,0.,0.949720370736184));
#6611=DIRECTION('center_axis',(-0.00429546453181059,-1.80196822230641E-16,
-0.999990774449673));
#6612=DIRECTION('ref_axis',(0.999990774449673,1.29741712006058E-16,-0.00429546453181059));
#6613=DIRECTION('',(-0.999990774449673,0.,0.00429546453181059));
#6614=DIRECTION('',(0.,1.,0.));
#6615=DIRECTION('center_axis',(0.,1.,0.));
#6616=DIRECTION('ref_axis',(1.,0.,0.));
#6617=DIRECTION('',(0.,1.,0.));
#6618=DIRECTION('center_axis',(0.,-1.,0.));
#6619=DIRECTION('ref_axis',(1.,0.,0.));
#6620=DIRECTION('center_axis',(-0.981473298797388,-1.80196822230771E-16,
-0.191598965936076));
#6621=DIRECTION('ref_axis',(0.191598965936076,-1.29741712006151E-16,-0.981473298797388));
#6622=DIRECTION('',(-1.519999916885E-16,1.,-1.618635508785E-16));
#6623=DIRECTION('',(-0.191598965936076,0.,0.981473298797388));
#6624=DIRECTION('center_axis',(-0.129593670806996,-1.80196822230694E-16,
-0.991567184050969));
#6625=DIRECTION('ref_axis',(0.991567184050969,1.29741712006096E-16,-0.129593670806996));
#6626=DIRECTION('',(-0.991567184050969,0.,0.129593670806996));
#6627=DIRECTION('',(0.,1.,0.));
#6628=DIRECTION('center_axis',(0.,1.,0.));
#6629=DIRECTION('ref_axis',(1.,0.,0.));
#6630=DIRECTION('',(0.,1.,0.));
#6631=DIRECTION('center_axis',(0.,-1.,0.));
#6632=DIRECTION('ref_axis',(1.,0.,0.));
#6633=DIRECTION('center_axis',(-0.997747806632889,-1.8019682223068E-16,
-0.0670769286659725));
#6634=DIRECTION('ref_axis',(0.0670769286659725,-1.29741712006086E-16,-0.997747806632889));
#6635=DIRECTION('',(-1.710883085817E-16,1.,-1.415365579735E-16));
#6636=DIRECTION('',(-0.0670769286659725,0.,0.997747806632889));
#6637=DIRECTION('center_axis',(-0.252848107479017,-1.80196822230712E-16,
-0.967505986826066));
#6638=DIRECTION('ref_axis',(0.967505986826066,1.29741712006109E-16,-0.252848107479017));
#6639=DIRECTION('',(-0.967505986826066,0.,0.252848107479017));
#6640=DIRECTION('',(0.,1.,0.));
#6641=DIRECTION('center_axis',(0.,1.,0.));
#6642=DIRECTION('ref_axis',(1.,0.,0.));
#6643=DIRECTION('',(0.,1.,0.));
#6644=DIRECTION('center_axis',(0.,-1.,0.));
#6645=DIRECTION('ref_axis',(1.,0.,0.));
#6646=DIRECTION('center_axis',(-0.998287235532033,-1.80196822230706E-16,
0.0585029518384519));
#6647=DIRECTION('ref_axis',(-0.0585029518384519,-1.29741712006104E-16,-0.998287235532033));
#6648=DIRECTION('',(-1.874784606453E-16,1.,-1.189774489994E-16));
#6649=DIRECTION('',(0.0585029518384519,0.,0.998287235532032));
#6650=DIRECTION('center_axis',(-0.372114978451012,-1.80196822230706E-16,
-0.928186642229031));
#6651=DIRECTION('ref_axis',(0.928186642229031,1.29741712006104E-16,-0.372114978451012));
#6652=DIRECTION('',(-0.928186642229031,0.,0.372114978451012));
#6653=DIRECTION('',(0.,1.,0.));
#6654=DIRECTION('center_axis',(0.,1.,0.));
#6655=DIRECTION('ref_axis',(1.,0.,0.));
#6656=DIRECTION('',(0.,1.,0.));
#6657=DIRECTION('center_axis',(0.,-1.,0.));
#6658=DIRECTION('ref_axis',(1.,0.,0.));
#6659=DIRECTION('center_axis',(-0.983083078379026,-1.80196822230705E-16,
0.183160205844005));
#6660=DIRECTION('ref_axis',(-0.183160205844005,-1.29741712006103E-16,-0.983083078379026));
#6661=DIRECTION('',(-2.009119653903E-16,1.,-9.454199458083E-17));
#6662=DIRECTION('',(0.183160205844005,0.,0.983083078379026));
#6663=DIRECTION('center_axis',(-0.485513373922148,-1.80196822230755E-16,
-0.874229239812266));
#6664=DIRECTION('ref_axis',(0.874229239812266,1.29741712006139E-16,-0.485513373922148));
#6665=DIRECTION('',(-0.874229239812266,0.,0.485513373922148));
#6666=DIRECTION('',(0.,1.,0.));
#6667=DIRECTION('center_axis',(0.,1.,0.));
#6668=DIRECTION('ref_axis',(1.,0.,0.));
#6669=DIRECTION('',(0.,1.,0.));
#6670=DIRECTION('center_axis',(0.,-1.,0.));
#6671=DIRECTION('ref_axis',(1.,0.,0.));
#6672=DIRECTION('center_axis',(-0.95237511381431,-1.80196822230759E-16,
0.304928913990099));
#6673=DIRECTION('ref_axis',(-0.304928913990099,-1.29741712006142E-16,-0.95237511381431));
#6674=DIRECTION('',(-2.111769684221E-16,1.,-6.861555643111E-17));
#6675=DIRECTION('',(0.304928913990099,0.,0.95237511381431));
#6676=DIRECTION('center_axis',(-0.591254933455199,-1.80196822230761E-16,
-0.806484720044272));
#6677=DIRECTION('ref_axis',(0.806484720044272,1.29741712006144E-16,-0.5912549334552));
#6678=DIRECTION('',(-0.806484720044272,0.,0.591254933455199));
#6679=DIRECTION('',(0.,1.,0.));
#6680=DIRECTION('center_axis',(0.,1.,0.));
#6681=DIRECTION('ref_axis',(1.,0.,0.));
#6682=DIRECTION('',(0.,1.,0.));
#6683=DIRECTION('center_axis',(0.,-1.,0.));
#6684=DIRECTION('ref_axis',(1.,0.,0.));
#6685=DIRECTION('center_axis',(-0.906647624784032,-1.80196822230706E-16,
0.421888711005015));
#6686=DIRECTION('ref_axis',(-0.421888711005015,-1.29741712006105E-16,-0.906647624784032));
#6687=DIRECTION('',(-2.181115845109E-16,1.,-4.160700996752E-17));
#6688=DIRECTION('',(0.421888711005015,0.,0.906647624784032));
#6689=DIRECTION('center_axis',(-0.687672049488798,-1.80196822230647E-16,
-0.726021454470787));
#6690=DIRECTION('ref_axis',(0.726021454470787,1.29741712006062E-16,-0.687672049488798));
#6691=DIRECTION('',(-0.726021454470786,0.,0.687672049488798));
#6692=DIRECTION('',(0.,1.,0.));
#6693=DIRECTION('center_axis',(0.,1.,0.));
#6694=DIRECTION('ref_axis',(1.,0.,0.));
#6695=DIRECTION('',(0.,1.,0.));
#6696=DIRECTION('center_axis',(0.,-1.,0.));
#6697=DIRECTION('ref_axis',(1.,0.,0.));
#6698=DIRECTION('center_axis',(-0.846621761105069,-1.80196822230715E-16,
0.532195071025043));
#6699=DIRECTION('ref_axis',(-0.532195071025043,-1.29741712006111E-16,-0.846621761105069));
#6700=DIRECTION('',(-2.216064506185E-16,1.,-1.394229610192E-17));
#6701=DIRECTION('',(0.532195071025044,0.,0.846621761105069));
#6702=DIRECTION('center_axis',(-0.773244166506849,-1.80196822230665E-16,
-0.634108396855876));
#6703=DIRECTION('ref_axis',(0.634108396855876,1.29741712006075E-16,-0.773244166506849));
#6704=DIRECTION('',(-0.634108396855876,0.,0.773244166506849));
#6705=DIRECTION('center_axis',(0.,-1.,0.));
#6706=DIRECTION('ref_axis',(-1.83697019872103E-16,0.,-1.));
#6707=DIRECTION('center_axis',(0.,-1.,0.));
#6708=DIRECTION('ref_axis',(1.,0.,0.));
#6709=DIRECTION('center_axis',(0.,-1.,0.));
#6710=DIRECTION('ref_axis',(1.,0.,0.));
#6711=DIRECTION('',(0.,-1.,0.));
#6712=DIRECTION('',(0.,-1.,0.));
#6713=DIRECTION('center_axis',(1.,0.,0.));
#6714=DIRECTION('ref_axis',(0.,-2.22044604925E-16,-1.));
#6715=DIRECTION('center_axis',(-1.,0.,0.));
#6716=DIRECTION('ref_axis',(0.,0.418852848898331,-0.908054123370271));
#6717=DIRECTION('',(0.,-1.,2.22044604925E-16));
#6718=DIRECTION('',(0.,-2.22044604925E-16,-1.));
#6719=DIRECTION('',(0.,-1.,2.22044604925E-16));
#6720=DIRECTION('center_axis',(0.,-2.22044604925E-16,-1.));
#6721=DIRECTION('ref_axis',(-1.,0.,0.));
#6722=DIRECTION('center_axis',(0.,2.22044604925E-16,1.));
#6723=DIRECTION('ref_axis',(1.,0.,0.));
#6724=DIRECTION('',(0.,-1.,2.22044604925E-16));
#6725=DIRECTION('',(1.110223024625E-16,1.,-2.22044604925E-16));
#6726=DIRECTION('center_axis',(0.,2.22044604925E-16,1.));
#6727=DIRECTION('ref_axis',(1.,0.,0.));
#6728=DIRECTION('',(-1.110223024625E-16,-1.,2.22044604925E-16));
#6729=DIRECTION('center_axis',(0.,2.22044604925E-16,1.));
#6730=DIRECTION('ref_axis',(1.,0.,0.));
#6731=DIRECTION('center_axis',(-1.,0.,0.));
#6732=DIRECTION('ref_axis',(0.,2.22044604925E-16,1.));
#6733=DIRECTION('',(0.,-2.22044604925E-16,-1.));
#6734=DIRECTION('',(0.,-1.,2.22044604925E-16));
#6735=DIRECTION('center_axis',(-1.,0.,0.));
#6736=DIRECTION('ref_axis',(0.,0.418852848898331,-0.908054123370271));
#6737=DIRECTION('center_axis',(0.,-1.,0.));
#6738=DIRECTION('ref_axis',(1.,0.,0.));
#6739=DIRECTION('center_axis',(0.,-1.,0.));
#6740=DIRECTION('ref_axis',(1.,0.,0.));
#6741=DIRECTION('center_axis',(0.,1.,0.));
#6742=DIRECTION('ref_axis',(1.,0.,0.));
#6743=DIRECTION('center_axis',(0.,-1.,0.));
#6744=DIRECTION('ref_axis',(1.,0.,0.));
#6745=DIRECTION('center_axis',(1.22464679914735E-16,0.,1.));
#6746=DIRECTION('ref_axis',(-1.,0.,1.22464679914735E-16));
#6747=DIRECTION('center_axis',(0.,-1.,0.));
#6748=DIRECTION('ref_axis',(1.,0.,0.));
#6749=DIRECTION('center_axis',(0.,2.22044604925E-16,1.));
#6750=DIRECTION('ref_axis',(1.,0.,0.));
#6751=DIRECTION('center_axis',(0.,2.22044604925E-16,1.));
#6752=DIRECTION('ref_axis',(1.,0.,0.));
#6753=DIRECTION('center_axis',(0.,2.22044604925E-16,1.));
#6754=DIRECTION('ref_axis',(1.,0.,0.));
#6755=DIRECTION('',(0.,-1.,0.));
#6756=DIRECTION('',(0.,-1.,0.));
#6757=DIRECTION('',(1.,0.,0.));
#6758=DIRECTION('center_axis',(0.,2.22044604925E-16,1.));
#6759=DIRECTION('ref_axis',(1.,0.,0.));
#6760=DIRECTION('',(-1.110223024625E-16,-1.,2.22044604925E-16));
#6761=DIRECTION('center_axis',(0.,2.22044604925E-16,1.));
#6762=DIRECTION('ref_axis',(1.,0.,0.));
#6763=DIRECTION('',(1.110223024625E-16,1.,-2.22044604925E-16));
#6764=DIRECTION('center_axis',(-1.,1.110223024625E-16,-2.465190328816E-32));
#6765=DIRECTION('ref_axis',(-1.110223024625E-16,-1.,2.22044604925E-16));
#6766=DIRECTION('',(0.,-2.22044604925E-16,-1.));
#6767=DIRECTION('',(0.,-2.22044604925E-16,-1.));
#6768=DIRECTION('center_axis',(0.,2.22044604925E-16,1.));
#6769=DIRECTION('ref_axis',(1.,0.,0.));
#6770=DIRECTION('',(0.,-2.22044604925E-16,-1.));
#6771=DIRECTION('center_axis',(1.,-1.110223024625E-16,2.465190328816E-32));
#6772=DIRECTION('ref_axis',(1.110223024625E-16,1.,-2.22044604925E-16));
#6773=DIRECTION('',(0.,-2.22044604925E-16,-1.));
#6774=DIRECTION('center_axis',(0.,2.22044604925E-16,1.));
#6775=DIRECTION('ref_axis',(1.,0.,0.));
#6776=DIRECTION('center_axis',(0.,1.,0.));
#6777=DIRECTION('ref_axis',(1.,0.,0.));
#6778=DIRECTION('',(0.,-1.,0.));
#6779=DIRECTION('center_axis',(0.,-1.,0.));
#6780=DIRECTION('ref_axis',(1.,0.,0.));
#6781=DIRECTION('center_axis',(0.,-1.,0.));
#6782=DIRECTION('ref_axis',(1.,0.,0.));
#6783=DIRECTION('center_axis',(0.,-1.,0.));
#6784=DIRECTION('ref_axis',(1.,0.,0.));
#6785=DIRECTION('center_axis',(0.,1.,0.));
#6786=DIRECTION('ref_axis',(1.,0.,0.));
#6787=DIRECTION('center_axis',(0.,-1.,0.));
#6788=DIRECTION('ref_axis',(1.,0.,0.));
#6789=DIRECTION('',(0.,-1.,0.));
#6790=DIRECTION('center_axis',(0.,-1.,0.));
#6791=DIRECTION('ref_axis',(1.,0.,0.));
#6792=DIRECTION('center_axis',(0.,1.,0.));
#6793=DIRECTION('ref_axis',(1.,0.,0.));
#6794=DIRECTION('',(0.70710678118623,-0.707106781186865,-8.65956056235105E-17));
#6795=DIRECTION('axis',(0.,0.,1.));
#6796=DIRECTION('refdir',(1.,0.,0.));
#6797=DIRECTION('center_axis',(0.,-1.,0.));
#6798=DIRECTION('ref_axis',(1.,0.,0.));
#6799=DIRECTION('center_axis',(0.,-1.,0.));
#6800=DIRECTION('ref_axis',(1.,0.,0.));
#6801=DIRECTION('',(1.570092458684E-16,0.,-1.));
#6802=DIRECTION('center_axis',(0.,-1.,0.));
#6803=DIRECTION('ref_axis',(1.,0.,0.));
#6804=DIRECTION('',(1.570092458684E-16,0.,-1.));
#6805=DIRECTION('center_axis',(0.,1.,0.));
#6806=DIRECTION('ref_axis',(1.,0.,0.));
#6807=DIRECTION('',(0.,1.,0.));
#6808=DIRECTION('',(0.,1.,0.));
#6809=DIRECTION('center_axis',(0.,-1.,0.));
#6810=DIRECTION('ref_axis',(1.,0.,0.));
#6811=DIRECTION('',(0.,1.,0.));
#6812=DIRECTION('center_axis',(1.,-2.22044604925E-16,1.570092458684E-16));
#6813=DIRECTION('ref_axis',(-2.22044604925E-16,-1.,1.570092458684E-16));
#6814=DIRECTION('',(0.,1.,0.));
#6815=DIRECTION('',(-1.570092458684E-16,1.570092458684E-16,1.));
#6816=DIRECTION('center_axis',(0.,1.,0.));
#6817=DIRECTION('ref_axis',(1.,0.,0.));
#6818=DIRECTION('center_axis',(0.,-1.,0.));
#6819=DIRECTION('ref_axis',(1.,0.,0.));
#6820=DIRECTION('',(0.,-1.,0.));
#6821=DIRECTION('',(0.,1.,0.));
#6822=DIRECTION('center_axis',(1.,-2.22044604925E-16,1.570092458684E-16));
#6823=DIRECTION('ref_axis',(-2.22044604925E-16,-1.,1.570092458684E-16));
#6824=DIRECTION('',(-1.570092458684E-16,1.570092458684E-16,1.));
#6825=DIRECTION('center_axis',(0.,-1.,0.));
#6826=DIRECTION('ref_axis',(1.,0.,0.));
#6827=DIRECTION('',(-0.86602540378464,-0.499999999999652,-1.06057523872515E-16));
#6828=DIRECTION('center_axis',(1.570092458684E-16,-1.570092458684E-16,-1.));
#6829=DIRECTION('ref_axis',(2.22044604925E-16,1.,-1.570092458684E-16));
#6830=DIRECTION('center_axis',(6.12323399573677E-17,1.,0.));
#6831=DIRECTION('ref_axis',(1.,0.,0.));
#6832=DIRECTION('center_axis',(1.22464679914735E-16,0.,1.));
#6833=DIRECTION('ref_axis',(-1.,0.,1.22464679914735E-16));
#6834=DIRECTION('axis',(0.,0.,1.));
#6835=DIRECTION('refdir',(1.,0.,0.));
#6836=DIRECTION('center_axis',(0.,1.,0.));
#6837=DIRECTION('ref_axis',(1.,0.,0.));
#6838=DIRECTION('center_axis',(0.,-1.,0.));
#6839=DIRECTION('ref_axis',(1.,0.,0.));
#6840=DIRECTION('',(0.,1.,0.));
#6841=DIRECTION('center_axis',(0.,-1.,0.));
#6842=DIRECTION('ref_axis',(1.,0.,0.));
#6843=DIRECTION('center_axis',(0.,-1.,0.));
#6844=DIRECTION('ref_axis',(1.,0.,0.));
#6845=DIRECTION('center_axis',(0.,-1.,0.));
#6846=DIRECTION('ref_axis',(1.,0.,0.));
#6847=DIRECTION('center_axis',(0.,-1.,0.));
#6848=DIRECTION('ref_axis',(1.,0.,0.));
#6849=DIRECTION('center_axis',(0.,-1.,0.));
#6850=DIRECTION('ref_axis',(1.,0.,0.));
#6851=DIRECTION('',(0.,1.,0.));
#6852=DIRECTION('center_axis',(0.,-1.,0.));
#6853=DIRECTION('ref_axis',(1.,0.,0.));
#6854=DIRECTION('center_axis',(0.,-1.,0.));
#6855=DIRECTION('ref_axis',(1.,0.,0.));
#6856=DIRECTION('center_axis',(0.,-1.,0.));
#6857=DIRECTION('ref_axis',(1.,0.,0.));
#6858=DIRECTION('center_axis',(0.,-1.,0.));
#6859=DIRECTION('ref_axis',(1.,0.,0.));
#6860=DIRECTION('',(0.,1.,0.));
#6861=DIRECTION('center_axis',(0.,1.,0.));
#6862=DIRECTION('ref_axis',(1.,0.,0.));
#6863=DIRECTION('',(0.707106781186938,-0.707106781186157,-8.65956056235971E-17));
#6864=DIRECTION('axis',(0.,0.,1.));
#6865=DIRECTION('refdir',(1.,0.,0.));
#6866=DIRECTION('center_axis',(0.,1.,0.));
#6867=DIRECTION('ref_axis',(1.,0.,0.));
#6868=DIRECTION('',(0.,-1.,0.));
#6869=DIRECTION('center_axis',(0.,-1.,0.));
#6870=DIRECTION('ref_axis',(1.,0.,0.));
#6871=DIRECTION('center_axis',(3.51392638260634E-16,0.50000000000019,-0.866025403784329));
#6872=DIRECTION('ref_axis',(-2.02876634290977E-16,0.866025403784329,0.50000000000019));
#6873=DIRECTION('center_axis',(0.,-1.,0.));
#6874=DIRECTION('ref_axis',(1.,0.,0.));
#6875=DIRECTION('center_axis',(0.,-1.,0.));
#6876=DIRECTION('ref_axis',(1.,0.,0.));
#6877=DIRECTION('',(0.,-1.,0.));
#6878=DIRECTION('center_axis',(0.,-1.,0.));
#6879=DIRECTION('ref_axis',(1.,0.,0.));
#6880=DIRECTION('center_axis',(-3.51392638260634E-16,-0.50000000000019,
0.866025403784329));
#6881=DIRECTION('ref_axis',(2.02876634290977E-16,-0.866025403784329,-0.50000000000019));
#6882=DIRECTION('center_axis',(0.,-1.,0.));
#6883=DIRECTION('ref_axis',(1.,0.,0.));
#6884=DIRECTION('center_axis',(0.,-1.,0.));
#6885=DIRECTION('ref_axis',(1.,0.,0.));
#6886=DIRECTION('center_axis',(0.,-1.,0.));
#6887=DIRECTION('ref_axis',(1.,0.,0.));
#6888=DIRECTION('',(1.,0.,4.057532685819E-16));
#6889=DIRECTION('center_axis',(0.,-1.,0.));
#6890=DIRECTION('ref_axis',(1.,0.,0.));
#6891=DIRECTION('',(-1.,0.,-4.057532685819E-16));
#6892=DIRECTION('center_axis',(0.,1.,0.));
#6893=DIRECTION('ref_axis',(-0.99919839253167,0.,-0.0400321416130527));
#6894=DIRECTION('center_axis',(0.,-1.,0.));
#6895=DIRECTION('ref_axis',(1.,0.,0.));
#6896=DIRECTION('center_axis',(3.51392638260634E-16,0.50000000000019,-0.866025403784329));
#6897=DIRECTION('ref_axis',(-8.12739661758709E-17,-0.866025403784329,-0.50000000000019));
#6898=DIRECTION('center_axis',(3.51392638260634E-16,0.50000000000019,-0.866025403784329));
#6899=DIRECTION('ref_axis',(2.02876634290977E-16,-0.866025403784329,-0.50000000000019));
#6900=DIRECTION('',(-1.,0.,-4.057532685819E-16));
#6901=DIRECTION('center_axis',(0.,-1.,0.));
#6902=DIRECTION('ref_axis',(-0.999459890438994,0.,-0.0328622489138156));
#6903=DIRECTION('center_axis',(0.,-1.,0.));
#6904=DIRECTION('ref_axis',(1.,0.,0.));
#6905=DIRECTION('center_axis',(-3.51392638260634E-16,-0.50000000000019,
0.866025403784329));
#6906=DIRECTION('ref_axis',(8.12739661758709E-17,0.866025403784329,0.50000000000019));
#6907=DIRECTION('center_axis',(-3.51392638260634E-16,-0.50000000000019,
0.866025403784329));
#6908=DIRECTION('ref_axis',(-2.02876634290977E-16,0.866025403784329,0.50000000000019));
#6909=DIRECTION('',(1.,0.,4.057532685819E-16));
#6910=DIRECTION('center_axis',(0.,-1.,0.));
#6911=DIRECTION('ref_axis',(1.,0.,0.));
#6912=DIRECTION('center_axis',(0.,-1.,0.));
#6913=DIRECTION('ref_axis',(1.,0.,0.));
#6914=DIRECTION('center_axis',(0.,-1.,0.));
#6915=DIRECTION('ref_axis',(-0.999198392531669,0.,0.0400321416130807));
#6916=DIRECTION('center_axis',(0.,-1.,0.));
#6917=DIRECTION('ref_axis',(1.,0.,0.));
#6918=DIRECTION('center_axis',(0.,-1.,0.));
#6919=DIRECTION('ref_axis',(1.,0.,0.));
#6920=DIRECTION('center_axis',(0.,-1.,0.));
#6921=DIRECTION('ref_axis',(1.,0.,0.));
#6922=DIRECTION('center_axis',(0.,1.,0.));
#6923=DIRECTION('ref_axis',(-0.999459890438998,0.,0.0328622489136944));
#6924=DIRECTION('center_axis',(0.,-1.,0.));
#6925=DIRECTION('ref_axis',(1.,0.,0.));
#6926=DIRECTION('center_axis',(0.,1.,0.));
#6927=DIRECTION('ref_axis',(1.,0.,0.));
#6928=DIRECTION('axis',(0.,0.,1.));
#6929=DIRECTION('refdir',(1.,0.,0.));
#6930=DIRECTION('center_axis',(0.,-1.,0.));
#6931=DIRECTION('ref_axis',(1.,0.,0.));
#6932=DIRECTION('center_axis',(0.,-1.,0.));
#6933=DIRECTION('ref_axis',(1.,0.,0.));
#6934=DIRECTION('',(0.,-1.,0.));
#6935=DIRECTION('center_axis',(0.,-1.,0.));
#6936=DIRECTION('ref_axis',(1.,0.,0.));
#6937=DIRECTION('center_axis',(0.,1.,0.));
#6938=DIRECTION('ref_axis',(1.,0.,0.));
#6939=DIRECTION('',(-0.70710678118623,0.707106781186865,8.65956056235105E-17));
#6940=DIRECTION('center_axis',(0.,-1.,0.));
#6941=DIRECTION('ref_axis',(1.,0.,0.));
#6942=DIRECTION('center_axis',(0.,-1.,0.));
#6943=DIRECTION('ref_axis',(1.,0.,0.));
#6944=DIRECTION('',(-0.70710678118623,-0.707106781186865,-8.65956056235105E-17));
#6945=DIRECTION('center_axis',(0.,-1.,0.));
#6946=DIRECTION('ref_axis',(1.,0.,0.));
#6947=DIRECTION('center_axis',(0.,-1.,0.));
#6948=DIRECTION('ref_axis',(1.,0.,0.));
#6949=DIRECTION('center_axis',(0.,-1.,0.));
#6950=DIRECTION('ref_axis',(1.,0.,0.));
#6951=DIRECTION('center_axis',(0.,-1.,0.));
#6952=DIRECTION('ref_axis',(1.,0.,0.));
#6953=DIRECTION('center_axis',(0.,-1.,0.));
#6954=DIRECTION('ref_axis',(1.,0.,0.));
#6955=DIRECTION('center_axis',(0.,-1.,0.));
#6956=DIRECTION('ref_axis',(1.,0.,0.));
#6957=DIRECTION('center_axis',(0.,-1.,0.));
#6958=DIRECTION('ref_axis',(1.,0.,0.));
#6959=DIRECTION('center_axis',(0.,-1.,0.));
#6960=DIRECTION('ref_axis',(1.,0.,0.));
#6961=DIRECTION('center_axis',(0.,-1.,0.));
#6962=DIRECTION('ref_axis',(1.,0.,0.));
#6963=DIRECTION('center_axis',(0.,-1.,0.));
#6964=DIRECTION('ref_axis',(1.,0.,0.));
#6965=DIRECTION('center_axis',(0.,-1.,0.));
#6966=DIRECTION('ref_axis',(1.,0.,0.));
#6967=DIRECTION('center_axis',(0.,-1.,0.));
#6968=DIRECTION('ref_axis',(1.,0.,0.));
#6969=DIRECTION('center_axis',(0.,-1.,0.));
#6970=DIRECTION('ref_axis',(1.,0.,0.));
#6971=DIRECTION('center_axis',(0.,-1.,0.));
#6972=DIRECTION('ref_axis',(1.,0.,0.));
#6973=DIRECTION('center_axis',(0.,-1.,0.));
#6974=DIRECTION('ref_axis',(1.,0.,0.));
#6975=DIRECTION('center_axis',(0.,-1.,0.));
#6976=DIRECTION('ref_axis',(1.,0.,0.));
#6977=DIRECTION('center_axis',(0.,-1.,0.));
#6978=DIRECTION('ref_axis',(1.,0.,0.));
#6979=DIRECTION('center_axis',(0.,-1.,0.));
#6980=DIRECTION('ref_axis',(1.,0.,0.));
#6981=DIRECTION('center_axis',(0.,-1.,0.));
#6982=DIRECTION('ref_axis',(1.,0.,0.));
#6983=DIRECTION('center_axis',(0.,-1.,0.));
#6984=DIRECTION('ref_axis',(1.,0.,0.));
#6985=DIRECTION('center_axis',(0.,-1.,0.));
#6986=DIRECTION('ref_axis',(1.,0.,0.));
#6987=DIRECTION('center_axis',(0.,1.,0.));
#6988=DIRECTION('ref_axis',(1.,0.,0.));
#6989=DIRECTION('center_axis',(0.,1.,0.));
#6990=DIRECTION('ref_axis',(1.,0.,0.));
#6991=DIRECTION('center_axis',(0.,1.,0.));
#6992=DIRECTION('ref_axis',(1.,0.,0.));
#6993=DIRECTION('center_axis',(0.,1.,0.));
#6994=DIRECTION('ref_axis',(-0.866025403618593,0.,-0.500000000287253));
#6995=DIRECTION('center_axis',(0.,1.,0.));
#6996=DIRECTION('ref_axis',(1.,0.,0.));
#6997=DIRECTION('center_axis',(0.,1.,0.));
#6998=DIRECTION('ref_axis',(1.,0.,0.));
#6999=DIRECTION('center_axis',(0.50000000000019,1.92296268638473E-16,0.866025403784329));
#7000=DIRECTION('ref_axis',(-0.866025403784329,1.11022302462542E-16,0.50000000000019));
#7001=DIRECTION('',(0.,1.,-2.22044604925E-16));
#7002=DIRECTION('',(0.,1.,-2.22044604925E-16));
#7003=DIRECTION('center_axis',(1.,9.125603347971E-30,4.109806383745E-14));
#7004=DIRECTION('ref_axis',(-4.109806383745E-14,2.22044604925E-16,1.));
#7005=DIRECTION('',(0.,1.,-2.22044604925E-16));
#7006=DIRECTION('center_axis',(-0.50000000000019,1.92296268638473E-16,0.866025403784329));
#7007=DIRECTION('ref_axis',(-0.866025403784329,-1.11022302462542E-16,-0.50000000000019));
#7008=DIRECTION('',(0.,1.,-2.22044604925E-16));
#7009=DIRECTION('center_axis',(-1.,-4.413201619101E-30,-1.987529316729E-14));
#7010=DIRECTION('ref_axis',(1.987529316729E-14,-2.22044604925E-16,-1.));
#7011=DIRECTION('',(0.,1.,-2.22044604925E-16));
#7012=DIRECTION('center_axis',(-0.50000000000019,-1.92296268638473E-16,
-0.866025403784329));
#7013=DIRECTION('ref_axis',(0.866025403784329,-1.11022302462542E-16,-0.50000000000019));
#7014=DIRECTION('',(0.,1.,-2.22044604925E-16));
#7015=DIRECTION('center_axis',(0.50000000000019,-1.92296268638473E-16,-0.866025403784329));
#7016=DIRECTION('ref_axis',(0.866025403784329,1.11022302462542E-16,0.50000000000019));
#7017=DIRECTION('axis',(0.,0.,1.));
#7018=DIRECTION('refdir',(1.,0.,0.));
#7019=DIRECTION('center_axis',(1.,-3.281089839667E-18,2.22044604925E-16));
#7020=DIRECTION('ref_axis',(2.22044604925E-16,-4.930380657631E-32,-1.));
#7021=DIRECTION('center_axis',(-1.,3.281089839667E-18,-2.22044604925E-16));
#7022=DIRECTION('ref_axis',(2.22044604925E-16,-5.003235487349E-32,-1.));
#7023=DIRECTION('',(-1.,3.281089839667E-18,-2.22044604925E-16));
#7024=DIRECTION('center_axis',(-1.,1.728599661721E-30,5.08411665212E-32));
#7025=DIRECTION('ref_axis',(-5.08411665211996E-32,2.22044604925E-16,-1.));
#7026=DIRECTION('center_axis',(1.,-1.728599661721E-30,-5.08411665212E-32));
#7027=DIRECTION('ref_axis',(-5.08411665211996E-32,2.22044604925E-16,-1.));
#7028=DIRECTION('',(-0.970142500145299,8.35557747294724E-17,-0.242535625036465));
#7029=DIRECTION('center_axis',(-1.,1.728599661721E-30,5.08411665212E-32));
#7030=DIRECTION('ref_axis',(-5.08411665211996E-32,2.22044604925E-16,-1.));
#7031=DIRECTION('center_axis',(-1.,3.281089839667E-18,-2.969910709211E-16));
#7032=DIRECTION('ref_axis',(2.969910709211E-16,2.22044604925E-16,-1.));
#7033=DIRECTION('',(-4.157615153618E-15,1.,-1.084683744679E-30));
#7034=DIRECTION('center_axis',(-1.,-2.189528850508E-47,-2.22044604925E-16));
#7035=DIRECTION('ref_axis',(2.22044604925E-16,-9.860761315263E-32,-1.));
#7036=DIRECTION('',(-4.70084914008065E-17,0.97733308880472,0.211707424355939));
#7037=DIRECTION('center_axis',(-1.,-2.189528850508E-47,-2.22044604925E-16));
#7038=DIRECTION('ref_axis',(2.22044604925E-16,-9.860761315263E-32,-1.));
#7039=DIRECTION('center_axis',(-1.,-2.189528850508E-47,-2.22044604925E-16));
#7040=DIRECTION('ref_axis',(2.22044604925E-16,-9.860761315263E-32,-1.));
#7041=DIRECTION('center_axis',(-1.,-2.189528850508E-47,-2.22044604925E-16));
#7042=DIRECTION('ref_axis',(2.22044604925E-16,-9.860761315263E-32,-1.));
#7043=DIRECTION('',(-4.70084914008065E-17,-0.97733308880472,0.211707424355939));
#7044=DIRECTION('center_axis',(-1.,-2.189528850508E-47,-2.22044604925E-16));
#7045=DIRECTION('ref_axis',(2.22044604925E-16,-9.860761315263E-32,-1.));
#7046=DIRECTION('',(-4.930380657631E-32,1.,2.22044604925E-16));
#7047=DIRECTION('',(0.,1.479114197289E-31,1.));
#7048=DIRECTION('center_axis',(1.,-1.728599661721E-30,-5.08411665212E-32));
#7049=DIRECTION('ref_axis',(1.728599661721E-30,1.,-4.930380657631E-32));
#7050=DIRECTION('center_axis',(-1.,3.281089839667E-18,-2.22044604925E-16));
#7051=DIRECTION('ref_axis',(2.22044604925E-16,-5.003235487349E-32,-1.));
#7052=DIRECTION('center_axis',(-6.586284469556E-18,6.399430688712E-18,1.));
#7053=DIRECTION('ref_axis',(0.,-1.,6.399430688712E-18));
#7054=DIRECTION('',(0.,1.,-2.22044604925E-16));
#7055=DIRECTION('',(1.,-2.22044604925E-16,4.930380657631E-32));
#7056=DIRECTION('center_axis',(1.094764425254E-47,1.479114197289E-31,1.));
#7057=DIRECTION('ref_axis',(1.,-6.661338147751E-16,8.75811540202731E-47));
#7058=DIRECTION('',(-4.157615153618E-15,1.,-1.084683744679E-30));
#7059=DIRECTION('',(-1.,-3.284293275761E-47,-2.22044604925E-16));
#7060=DIRECTION('center_axis',(-3.889384548663E-62,1.479114197289E-31,1.));
#7061=DIRECTION('ref_axis',(1.,-8.881784197001E-16,1.31371731030413E-46));
#7062=DIRECTION('',(1.,-2.22044604925E-16,4.930380657631E-32));
#7063=DIRECTION('center_axis',(0.,1.479114197289E-31,1.));
#7064=DIRECTION('ref_axis',(1.,-5.921189464667E-16,8.75811540202701E-47));
#7065=DIRECTION('center_axis',(7.298429501692E-48,1.479114197289E-31,1.));
#7066=DIRECTION('ref_axis',(1.,-5.921189464667E-16,8.02827245185781E-47));
#7067=DIRECTION('',(2.22044604925E-16,-2.22044604925E-16,-1.));
#7068=DIRECTION('center_axis',(-1.,-3.284293275761E-47,-2.22044604925E-16));
#7069=DIRECTION('ref_axis',(-2.22044604925E-16,-1.22464679914735E-16,1.));
#7070=DIRECTION('center_axis',(-1.,-2.189528850508E-47,-2.22044604925E-16));
#7071=DIRECTION('ref_axis',(2.22044604925E-16,-9.860761315263E-32,-1.));
#7072=DIRECTION('',(1.,3.284293275761E-47,2.22044604925E-16));
#7073=DIRECTION('center_axis',(-1.557009560702E-17,4.137746541429E-17,-1.));
#7074=DIRECTION('ref_axis',(0.,1.,4.137746541429E-17));
#7075=DIRECTION('',(0.,1.,-2.22044604925E-16));
#7076=DIRECTION('',(1.,4.930380657631E-32,2.22044604925E-16));
#7077=DIRECTION('',(-1.,-3.284293275761E-47,-2.22044604925E-16));
#7078=DIRECTION('',(-4.157615153618E-15,1.,-1.084683744679E-30));
#7079=DIRECTION('center_axis',(-3.889384548663E-62,1.479114197289E-31,1.));
#7080=DIRECTION('ref_axis',(1.,-4.440892098501E-16,6.56858655152137E-47));
#7081=DIRECTION('',(1.,-2.22044604925E-16,4.930380657631E-32));
#7082=DIRECTION('center_axis',(-2.17011539583738E-16,-0.211707424355939,
0.97733308880472));
#7083=DIRECTION('ref_axis',(-4.70084914008065E-17,0.97733308880472,0.211707424355939));
#7084=DIRECTION('',(-4.70084914008065E-17,0.97733308880472,0.211707424355939));
#7085=DIRECTION('',(1.,3.284293275761E-47,2.22044604925E-16));
#7086=DIRECTION('center_axis',(-1.,-3.284293275761E-47,-2.22044604925E-16));
#7087=DIRECTION('ref_axis',(2.22044604925E-16,-9.860761315263E-32,-1.));
#7088=DIRECTION('',(1.,3.284293275761E-47,2.22044604925E-16));
#7089=DIRECTION('center_axis',(-1.,-2.189528850508E-47,-2.22044604925E-16));
#7090=DIRECTION('ref_axis',(2.22044604925E-16,-9.860761315263E-32,-1.));
#7091=DIRECTION('center_axis',(-1.,-3.284293275761E-47,-2.22044604925E-16));
#7092=DIRECTION('ref_axis',(-2.09484157760096E-16,0.331563869230876,0.943432774828525));
#7093=DIRECTION('center_axis',(-1.,-2.189528850508E-47,-2.22044604925E-16));
#7094=DIRECTION('ref_axis',(2.22044604925E-16,-9.860761315263E-32,-1.));
#7095=DIRECTION('',(1.,3.284293275761E-47,2.22044604925E-16));
#7096=DIRECTION('center_axis',(2.17011539583738E-16,-0.211707424355939,
-0.97733308880472));
#7097=DIRECTION('ref_axis',(-4.70084914008065E-17,-0.97733308880472,0.211707424355939));
#7098=DIRECTION('',(1.,3.284293275761E-47,2.22044604925E-16));
#7099=DIRECTION('',(-4.70084914008065E-17,-0.97733308880472,0.211707424355939));
#7100=DIRECTION('center_axis',(-1.,-3.284293275761E-47,-2.22044604925E-16));
#7101=DIRECTION('ref_axis',(2.22044604925E-16,-9.860761315263E-32,-1.));
#7102=DIRECTION('center_axis',(-1.,-2.189528850508E-47,-2.22044604925E-16));
#7103=DIRECTION('ref_axis',(2.22044604925E-16,-9.860761315263E-32,-1.));
#7104=DIRECTION('',(1.,3.284293275761E-47,2.22044604925E-16));
#7105=DIRECTION('center_axis',(-1.,-3.284293275761E-47,-2.22044604925E-16));
#7106=DIRECTION('ref_axis',(2.22044604925E-16,-9.860761315263E-32,-1.));
#7107=DIRECTION('center_axis',(-1.,-2.189528850508E-47,-2.22044604925E-16));
#7108=DIRECTION('ref_axis',(2.22044604925E-16,-9.860761315263E-32,-1.));
#7109=DIRECTION('center_axis',(1.,-3.281089839667E-18,2.22044604925E-16));
#7110=DIRECTION('ref_axis',(2.22044604925E-16,-4.930380657631E-32,-1.));
#7111=DIRECTION('',(1.,-3.281089839667E-18,2.22044604925E-16));
#7112=DIRECTION('center_axis',(-1.,3.281089839667E-18,-2.22044604925E-16));
#7113=DIRECTION('ref_axis',(2.22044604925E-16,-5.003235487349E-32,-1.));
#7114=DIRECTION('center_axis',(0.,1.,-2.22044604925E-16));
#7115=DIRECTION('ref_axis',(-1.,-2.7192621468934E-32,-1.22464679914735E-16));
#7116=DIRECTION('center_axis',(0.,-1.,2.22044604925E-16));
#7117=DIRECTION('ref_axis',(1.,0.,0.));
#7118=DIRECTION('center_axis',(0.,-1.,2.22044604925E-16));
#7119=DIRECTION('ref_axis',(1.,0.,0.));
#7120=DIRECTION('center_axis',(8.25016867515E-17,1.,-2.180243772912E-16));
#7121=DIRECTION('ref_axis',(0.,-2.180243772912E-16,-1.));
#7122=DIRECTION('center_axis',(0.,-1.,2.22044604925E-16));
#7123=DIRECTION('ref_axis',(1.,0.,0.));
#7124=DIRECTION('center_axis',(1.,6.050130521706E-19,1.044266548667E-17));
#7125=DIRECTION('ref_axis',(-1.044266548667E-17,-2.22044604925E-16,1.));
#7126=DIRECTION('',(0.,1.479114197289E-31,1.));
#7127=DIRECTION('center_axis',(0.,1.479114197289E-31,1.));
#7128=DIRECTION('ref_axis',(1.,-3.330669073875E-16,4.92643991363992E-47));
#7129=DIRECTION('',(-2.22044604925E-16,2.22044604925E-16,1.));
#7130=DIRECTION('center_axis',(-8.21165027559E-17,-1.,2.159580058877E-16));
#7131=DIRECTION('ref_axis',(0.,2.159580058877E-16,1.));
#7132=DIRECTION('center_axis',(0.,-1.,2.22044604925E-16));
#7133=DIRECTION('ref_axis',(1.,0.,0.));
#7134=DIRECTION('center_axis',(-1.,3.281089839667E-18,-2.969910709211E-16));
#7135=DIRECTION('ref_axis',(2.969910709211E-16,2.22044604925E-16,-1.));
#7136=DIRECTION('center_axis',(0.,1.,-2.22044604925E-16));
#7137=DIRECTION('ref_axis',(1.,0.,0.));
#7138=DIRECTION('',(0.,1.,-2.22044604925E-16));
#7139=DIRECTION('axis',(0.,0.,1.));
#7140=DIRECTION('refdir',(1.,0.,0.));
#7141=DIRECTION('center_axis',(0.,1.,-2.22044604925E-16));
#7142=DIRECTION('ref_axis',(1.,0.,0.));
#7143=DIRECTION('center_axis',(0.,-1.,2.22044604925E-16));
#7144=DIRECTION('ref_axis',(1.,0.,0.));
#7145=DIRECTION('',(0.,-1.,2.22044604925E-16));
#7146=DIRECTION('center_axis',(-1.232595164408E-32,1.,-2.22044604925E-16));
#7147=DIRECTION('ref_axis',(1.,0.,0.));
#7148=DIRECTION('center_axis',(-1.232595164408E-32,1.,-2.22044604925E-16));
#7149=DIRECTION('ref_axis',(0.,2.22044604925E-16,1.));
#7150=DIRECTION('center_axis',(-1.232595164408E-32,1.,-2.22044604925E-16));
#7151=DIRECTION('ref_axis',(0.,2.22044604925E-16,1.));
#7152=DIRECTION('axis',(0.,0.,1.));
#7153=DIRECTION('refdir',(1.,0.,0.));
#7154=DIRECTION('center_axis',(0.,1.,2.22044604925E-16));
#7155=DIRECTION('ref_axis',(1.,0.,0.));
#7156=DIRECTION('center_axis',(0.,-1.,-2.22044604925E-16));
#7157=DIRECTION('ref_axis',(1.,0.,0.));
#7158=DIRECTION('',(0.,-1.,-2.22044604925E-16));
#7159=DIRECTION('center_axis',(1.232595164408E-32,1.,2.22044604925E-16));
#7160=DIRECTION('ref_axis',(1.,0.,0.));
#7161=DIRECTION('center_axis',(1.232595164408E-32,1.,2.22044604925E-16));
#7162=DIRECTION('ref_axis',(0.,-2.22044604925E-16,1.));
#7163=DIRECTION('center_axis',(1.232595164408E-32,1.,2.22044604925E-16));
#7164=DIRECTION('ref_axis',(0.,-2.22044604925E-16,1.));
#7165=DIRECTION('axis',(0.,0.,1.));
#7166=DIRECTION('refdir',(1.,0.,0.));
#7167=DIRECTION('center_axis',(0.,1.,2.22044604925E-16));
#7168=DIRECTION('ref_axis',(1.,0.,0.));
#7169=DIRECTION('center_axis',(0.,-1.,-2.22044604925E-16));
#7170=DIRECTION('ref_axis',(1.,0.,0.));
#7171=DIRECTION('',(0.,-1.,-2.22044604925E-16));
#7172=DIRECTION('center_axis',(1.232595164408E-32,1.,2.22044604925E-16));
#7173=DIRECTION('ref_axis',(1.,0.,0.));
#7174=DIRECTION('center_axis',(1.232595164408E-32,1.,2.22044604925E-16));
#7175=DIRECTION('ref_axis',(0.,-2.22044604925E-16,1.));
#7176=DIRECTION('center_axis',(1.232595164408E-32,1.,2.22044604925E-16));
#7177=DIRECTION('ref_axis',(0.,-2.22044604925E-16,1.));
#7178=DIRECTION('axis',(0.,0.,1.));
#7179=DIRECTION('refdir',(1.,0.,0.));
#7180=DIRECTION('center_axis',(0.,1.,2.22044604925E-16));
#7181=DIRECTION('ref_axis',(1.,0.,0.));
#7182=DIRECTION('center_axis',(0.,-1.,-2.22044604925E-16));
#7183=DIRECTION('ref_axis',(1.,0.,0.));
#7184=DIRECTION('',(0.,-1.,-2.22044604925E-16));
#7185=DIRECTION('center_axis',(1.232595164408E-32,1.,2.22044604925E-16));
#7186=DIRECTION('ref_axis',(1.,0.,0.));
#7187=DIRECTION('center_axis',(1.232595164408E-32,1.,2.22044604925E-16));
#7188=DIRECTION('ref_axis',(0.,-2.22044604925E-16,1.));
#7189=DIRECTION('center_axis',(1.232595164408E-32,1.,2.22044604925E-16));
#7190=DIRECTION('ref_axis',(0.,-2.22044604925E-16,1.));
#7191=DIRECTION('axis',(0.,0.,1.));
#7192=DIRECTION('refdir',(1.,0.,0.));
#7193=DIRECTION('center_axis',(0.,1.,0.));
#7194=DIRECTION('ref_axis',(1.,0.,0.));
#7195=DIRECTION('',(0.,-1.,0.));
#7196=DIRECTION('center_axis',(0.,-1.,0.));
#7197=DIRECTION('ref_axis',(1.,0.,0.));
#7198=DIRECTION('center_axis',(8.16978122399897E-12,-1.02056613985999E-12,
-1.));
#7199=DIRECTION('ref_axis',(-0.986393923831904,0.164398987306793,-8.22640259826115E-12));
#7200=DIRECTION('center_axis',(0.,-1.,0.));
#7201=DIRECTION('ref_axis',(1.,0.,0.));
#7202=DIRECTION('center_axis',(0.,-1.,0.));
#7203=DIRECTION('ref_axis',(1.,0.,0.));
#7204=DIRECTION('center_axis',(0.,1.,0.));
#7205=DIRECTION('ref_axis',(1.,0.,0.));
#7206=DIRECTION('',(0.164398987305725,-0.986393923832082,-2.01330693587023E-17));
#7207=DIRECTION('center_axis',(0.,-1.,0.));
#7208=DIRECTION('ref_axis',(1.,0.,0.));
#7209=DIRECTION('center_axis',(0.,-1.,0.));
#7210=DIRECTION('ref_axis',(1.,0.,0.));
#7211=DIRECTION('',(0.,-1.,0.));
#7212=DIRECTION('center_axis',(-2.29822609941132E-11,9.69281143124573E-13,
1.));
#7213=DIRECTION('ref_axis',(1.,8.88844553722856E-12,2.29822609941046E-11));
#7214=DIRECTION('center_axis',(0.,1.,0.));
#7215=DIRECTION('ref_axis',(1.,0.,0.));
#7216=DIRECTION('',(-0.164398987305725,0.986393923832082,2.01330693587023E-17));
#7217=DIRECTION('center_axis',(0.,-1.,0.));
#7218=DIRECTION('ref_axis',(1.,0.,0.));
#7219=DIRECTION('center_axis',(0.,1.,0.));
#7220=DIRECTION('ref_axis',(1.,0.,0.));
#7221=DIRECTION('center_axis',(0.,-1.,0.));
#7222=DIRECTION('ref_axis',(1.,0.,0.));
#7223=DIRECTION('',(0.,-1.,0.));
#7224=DIRECTION('center_axis',(0.,-1.,0.));
#7225=DIRECTION('ref_axis',(1.,0.,0.));
#7226=DIRECTION('center_axis',(0.,-1.,0.));
#7227=DIRECTION('ref_axis',(1.,0.,0.));
#7228=DIRECTION('',(0.,-1.,0.));
#7229=DIRECTION('center_axis',(0.,-1.,0.));
#7230=DIRECTION('ref_axis',(1.,0.,0.));
#7231=DIRECTION('axis',(0.,0.,1.));
#7232=DIRECTION('refdir',(1.,0.,0.));
#7233=DIRECTION('center_axis',(0.,1.,0.));
#7234=DIRECTION('ref_axis',(-0.998021379913101,0.,0.0628754740447241));
#7235=DIRECTION('',(0.,1.,0.));
#7236=DIRECTION('center_axis',(-0.899482815897659,1.01832097986943E-5,-0.436956134870676));
#7237=DIRECTION('ref_axis',(0.000241328780129386,0.999999858790829,-0.000473475174821443));
#7238=DIRECTION('center_axis',(1.26456382360872E-12,-1.,-8.08693629879648E-13));
#7239=DIRECTION('ref_axis',(-0.899411363563806,-7.83825015538311E-13,-0.437103190439392));
#7240=DIRECTION('center_axis',(0.837448232843928,-1.77369763373261E-7,-0.546516657849101));
#7241=DIRECTION('ref_axis',(6.84907780318767E-6,0.999999999924825,1.01705561206606E-5));
#7242=DIRECTION('',(0.,1.,0.));
#7243=DIRECTION('center_axis',(0.,-1.,0.));
#7244=DIRECTION('ref_axis',(1.,0.,0.));
#7245=DIRECTION('',(0.,1.,0.));
#7246=DIRECTION('center_axis',(3.54014976599481E-16,0.692151941404355,-0.72175182023337));
#7247=DIRECTION('ref_axis',(-3.39496412021774E-16,0.72175182023337,0.692151941404355));
#7248=DIRECTION('center_axis',(2.775557561563E-16,-2.22044604925E-16,-1.));
#7249=DIRECTION('ref_axis',(2.22044604925E-16,1.,-2.22044604925E-16));
#7250=DIRECTION('',(0.,1.,0.));
#7251=DIRECTION('',(-1.,2.22044604925E-16,-2.775557561563E-16));
#7252=DIRECTION('',(-1.,2.22044604925E-16,-2.775557561563E-16));
#7253=DIRECTION('center_axis',(-1.,2.22044604925E-16,-2.775557561563E-16));
#7254=DIRECTION('ref_axis',(2.775557561563E-16,-2.22044604925E-16,-1.));
#7255=DIRECTION('',(-1.,2.22044604925E-16,-2.775557561563E-16));
#7256=DIRECTION('center_axis',(-1.,2.22044604925E-16,-2.775557561563E-16));
#7257=DIRECTION('ref_axis',(-3.24372589052512E-16,-0.250793514996015,0.968040604952057));
#7258=DIRECTION('',(-1.,2.22044604925E-16,-2.775557561563E-16));
#7259=DIRECTION('center_axis',(-0.899482820505655,-1.01822331635292E-5,
0.436956125385048));
#7260=DIRECTION('ref_axis',(0.000248630225490586,-0.99999984977166,0.000488507592530626));
#7261=DIRECTION('center_axis',(3.54014976599481E-16,0.692151941404355,-0.72175182023337));
#7262=DIRECTION('ref_axis',(6.57249340047534E-18,0.72175182023337,0.692151941404355));
#7263=DIRECTION('center_axis',(3.54014976599481E-16,0.692151941404355,-0.72175182023337));
#7264=DIRECTION('ref_axis',(-3.39496412021774E-16,0.72175182023337,0.692151941404355));
#7265=DIRECTION('',(-1.,2.22044604925E-16,-2.775557561563E-16));
#7266=DIRECTION('center_axis',(-1.0354869677397E-12,-1.,6.44933752568176E-13));
#7267=DIRECTION('ref_axis',(-0.861221117629872,5.64591304849659E-13,-0.508230446302024));
#7268=DIRECTION('center_axis',(-1.,2.22044604925E-16,-2.775557561563E-16));
#7269=DIRECTION('ref_axis',(-3.54014976599261E-16,-0.692151941404355,0.72175182023337));
#7270=DIRECTION('',(-1.,2.22044604925E-16,-2.775557561563E-16));
#7271=DIRECTION('center_axis',(-1.,2.22044604925E-16,-2.775557561563E-16));
#7272=DIRECTION('ref_axis',(2.40955514880669E-16,-0.150580098078948,-0.988597812086662));
#7273=DIRECTION('center_axis',(0.431203830514194,-0.243431995258775,0.868794636398164));
#7274=DIRECTION('ref_axis',(-0.326511350427739,-0.939753679482468,-0.101258875862893));
#7275=DIRECTION('center_axis',(0.837448233661222,1.77370793487894E-7,0.546516656596729));
#7276=DIRECTION('ref_axis',(2.84329924167024E-6,-0.999999999987828,-4.03234761030792E-6));
#7277=DIRECTION('',(-1.,2.22044604925E-16,-2.775557561563E-16));
#7278=DIRECTION('center_axis',(0.431199754901834,0.243428031602937,-0.868797769796009));
#7279=DIRECTION('ref_axis',(-0.326505614978413,0.939755642496147,0.101259151607263));
#7280=DIRECTION('',(-1.,2.22044604925E-16,-2.775557561563E-16));
#7281=DIRECTION('center_axis',(2.775557561563E-16,-2.22044604925E-16,-1.));
#7282=DIRECTION('ref_axis',(2.22044604925E-16,1.,-2.22044604925E-16));
#7283=DIRECTION('',(0.,1.,0.));
#7284=DIRECTION('',(-1.,2.22044604925E-16,-2.775557561563E-16));
#7285=DIRECTION('center_axis',(2.775557561563E-16,-2.22044604925E-16,-1.));
#7286=DIRECTION('ref_axis',(2.22044604925E-16,1.,-2.22044604925E-16));
#7287=DIRECTION('',(0.,1.,0.));
#7288=DIRECTION('',(-1.,2.22044604925E-16,-2.775557561563E-16));
#7289=DIRECTION('center_axis',(0.,-1.,0.));
#7290=DIRECTION('ref_axis',(1.,0.,0.));
#7291=DIRECTION('center_axis',(0.,-1.,0.));
#7292=DIRECTION('ref_axis',(1.,0.,0.));
#7293=DIRECTION('center_axis',(0.,1.,0.));
#7294=DIRECTION('ref_axis',(1.,0.,0.));
#7295=DIRECTION('center_axis',(9.4133267430613E-13,-1.,1.02361601308513E-13));
#7296=DIRECTION('ref_axis',(0.837512922129559,8.44179539924294E-13,0.546417519179251));
#7297=DIRECTION('center_axis',(-9.49943333548792E-14,-1.,1.07575758794334E-14));
#7298=DIRECTION('ref_axis',(0.99999999497968,-9.46026938399969E-14,-0.000100202993901712));
#7299=DIRECTION('center_axis',(0.,1.,0.));
#7300=DIRECTION('ref_axis',(1.,0.,0.));
#7301=DIRECTION('center_axis',(-3.93246416059093E-14,-1.,-4.72707926563329E-15));
#7302=DIRECTION('ref_axis',(0.999999994936741,-3.92833494262472E-14,-0.00010063059978724));
#7303=DIRECTION('center_axis',(-3.3736081672053E-12,-1.,-1.95039920070028E-13));
#7304=DIRECTION('ref_axis',(0.791545706268675,-2.7893862707796E-12,0.611109969553455));
#7305=DIRECTION('center_axis',(-1.4856557441763E-12,-1.,2.50563532715829E-12));
#7306=DIRECTION('ref_axis',(-0.0872213479666479,-2.36650534456329E-12,-0.996188956202025));
#7307=DIRECTION('center_axis',(-1.46114847650921E-14,-1.,-9.3926182322405E-15));
#7308=DIRECTION('ref_axis',(-0.251972437794759,1.27712513105249E-14,-0.967734411185097));
#7309=DIRECTION('center_axis',(3.24372589052519E-16,0.250793514996015,-0.968040604952057));
#7310=DIRECTION('ref_axis',(1.59260846723009E-16,0.968040604952057,0.250793514996015));
#7311=DIRECTION('center_axis',(3.24372589052519E-16,0.250793514996015,-0.968040604952057));
#7312=DIRECTION('ref_axis',(-8.40362907925749E-17,0.968040604952057,0.250793514996015));
#7313=DIRECTION('center_axis',(2.33895299253617E-14,-6.29209331306194E-15,
1.));
#7314=DIRECTION('ref_axis',(1.,4.37649916300544E-12,-2.33895299253342E-14));
#7315=DIRECTION('center_axis',(0.,1.,0.));
#7316=DIRECTION('ref_axis',(-0.997725150498934,0.,0.0674130852422563));
#7317=DIRECTION('center_axis',(-8.92024338735576E-13,-1.,1.44501414892853E-12));
#7318=DIRECTION('ref_axis',(-0.694466715035104,-4.20038619620578E-13,-0.719524830501597));
#7319=DIRECTION('center_axis',(2.40955514880518E-16,-0.150580098078948,
-0.988597812086662));
#7320=DIRECTION('ref_axis',(2.52948309002013E-16,0.988597812086662,-0.150580098078948));
#7321=DIRECTION('center_axis',(2.40955514880518E-16,-0.150580098078948,
-0.988597812086662));
#7322=DIRECTION('ref_axis',(3.67015834142274E-17,0.988597812086662,-0.150580098078948));
#7323=DIRECTION('center_axis',(-8.69541581406428E-15,2.33918201321914E-15,
-1.));
#7324=DIRECTION('ref_axis',(-0.865031189261557,0.50171808977227,8.69541581406574E-15));
#7325=DIRECTION('center_axis',(-1.38328402624394E-14,-1.,1.06687242107118E-14));
#7326=DIRECTION('ref_axis',(0.718526107837184,-1.73593544273304E-14,-0.69549998731585));
#7327=DIRECTION('center_axis',(1.10487956886051E-14,-1.,-2.72143784668338E-15));
#7328=DIRECTION('ref_axis',(-0.433399147046267,-1.77632232806888E-15,-0.90120207464229));
#7329=DIRECTION('center_axis',(1.10487956886051E-14,-1.,-2.72143784668338E-15));
#7330=DIRECTION('ref_axis',(-0.433399147046267,-1.77632232806888E-15,-0.90120207464229));
#7331=DIRECTION('center_axis',(0.,1.,0.));
#7332=DIRECTION('ref_axis',(1.,0.,0.));
#7333=DIRECTION('',(0.,-1.,0.));
#7334=DIRECTION('center_axis',(0.,-1.,0.));
#7335=DIRECTION('ref_axis',(1.,0.,0.));
#7336=DIRECTION('center_axis',(0.,-1.,0.));
#7337=DIRECTION('ref_axis',(1.,0.,0.));
#7338=DIRECTION('',(0.,0.,1.));
#7339=DIRECTION('',(1.,0.,0.));
#7340=DIRECTION('',(-1.,0.,-2.22044604925E-16));
#7341=DIRECTION('',(-2.22044604925E-16,0.,1.));
#7342=DIRECTION('',(0.,0.,1.));
#7343=DIRECTION('',(1.,0.,0.));
#7344=DIRECTION('',(0.,0.,1.));
#7345=DIRECTION('',(1.,0.,0.));
#7346=DIRECTION('',(0.,0.,1.));
#7347=DIRECTION('',(1.,0.,0.));
#7348=DIRECTION('',(0.,0.,1.));
#7349=DIRECTION('',(1.,0.,0.));
#7350=DIRECTION('',(0.,0.,1.));
#7351=DIRECTION('',(1.,0.,0.));
#7352=DIRECTION('',(0.,0.,1.));
#7353=DIRECTION('',(1.,0.,0.));
#7354=DIRECTION('',(0.,0.,1.));
#7355=DIRECTION('',(1.,0.,0.));
#7356=DIRECTION('',(0.,0.,1.));
#7357=DIRECTION('',(1.,0.,0.));
#7358=DIRECTION('',(0.,0.,1.));
#7359=DIRECTION('',(1.,0.,0.));
#7360=DIRECTION('',(-2.22044604925E-16,0.,1.));
#7361=DIRECTION('',(1.,0.,2.22044604925E-16));
#7362=CARTESIAN_POINT('',(0.,0.,0.));
#7363=CARTESIAN_POINT('',(0.,0.,0.));
#7364=CARTESIAN_POINT('Origin',(0.,2.,0.));
#7365=CARTESIAN_POINT('',(-2.85,1.75,-3.49024337756996E-16));
#7366=CARTESIAN_POINT('Origin',(0.,1.75,0.));
#7367=CARTESIAN_POINT('',(-2.85,-13.4,-3.49024337756996E-16));
#7368=CARTESIAN_POINT('',(-2.85,2.,-3.49024337756996E-16));
#7369=CARTESIAN_POINT('Origin',(0.,-13.4,0.));
#7370=CARTESIAN_POINT('Origin',(0.,1.75,0.));
#7371=CARTESIAN_POINT('',(-3.09999999999989,2.00000000000011,3.79640507735666E-16));
#7372=CARTESIAN_POINT('',(-2.85,1.75,3.49024337756996E-16));
#7373=CARTESIAN_POINT('Origin',(0.,2.,0.));
#7374=CARTESIAN_POINT('Origin',(0.,-13.4,0.));
#7375=CARTESIAN_POINT('',(-1.5,-13.4,-1.83697019872103E-16));
#7376=CARTESIAN_POINT('Origin',(0.,-13.4,0.));
#7377=CARTESIAN_POINT('Origin',(0.,2.,0.));
#7378=CARTESIAN_POINT('',(-5.65000000000023,2.00000000000022,-6.91925441518282E-16));
#7379=CARTESIAN_POINT('Origin',(0.,2.,0.));
#7380=CARTESIAN_POINT('Origin',(0.,-13.4,0.));
#7381=CARTESIAN_POINT('',(-1.5,-14.2,-1.83697019872103E-16));
#7382=CARTESIAN_POINT('',(-1.5,-13.4,-1.83697019872103E-16));
#7383=CARTESIAN_POINT('Origin',(0.,-14.2,0.));
#7384=CARTESIAN_POINT('Origin',(0.,1.5,0.));
#7385=CARTESIAN_POINT('',(6.149782880585,1.5,-0.05167709027414));
#7386=CARTESIAN_POINT('',(6.149782880585,1.5,0.05167709027414));
#7387=CARTESIAN_POINT('Origin',(0.,1.5,0.));
#7388=CARTESIAN_POINT('',(5.888357697727,1.75,-0.370464065223));
#7389=CARTESIAN_POINT('Ctrl Pts',(6.1497828805661,1.50000000001687,-0.0516770902950051));
#7390=CARTESIAN_POINT('Ctrl Pts',(6.01635840965586,1.63205262497097,-0.214377496585415));
#7391=CARTESIAN_POINT('Ctrl Pts',(5.88835769772533,1.7499999999992,-0.370464065222194));
#7392=CARTESIAN_POINT('',(6.107766862546,1.5,-0.71950257316));
#7393=CARTESIAN_POINT('Ctrl Pts',(5.88835769772926,1.74999999999939,-0.370464065221292));
#7394=CARTESIAN_POINT('Ctrl Pts',(5.99578625145114,1.63205262497114,-0.541362587768313));
#7395=CARTESIAN_POINT('Ctrl Pts',(6.10776686253378,1.50000000001703,-0.719502573134607));
#7396=CARTESIAN_POINT('',(6.094813148896,1.5,-0.822041775124));
#7397=CARTESIAN_POINT('Origin',(0.,1.5,0.));
#7398=CARTESIAN_POINT('',(5.795494779299,1.75,-1.105549756056));
#7399=CARTESIAN_POINT('Ctrl Pts',(6.09481314887453,1.50000000001726,-0.822041775141876));
#7400=CARTESIAN_POINT('Ctrl Pts',(5.94204900174642,1.63205262497168,-0.966736719756942));
#7401=CARTESIAN_POINT('Ctrl Pts',(5.7954947792979,1.75000000000017,-1.10554975605471));
#7402=CARTESIAN_POINT('',(5.969427712481,1.5,-1.479335251205));
#7403=CARTESIAN_POINT('Ctrl Pts',(5.79549477929749,1.74999999999935,-1.10554975605617));
#7404=CARTESIAN_POINT('Ctrl Pts',(5.88065696234354,1.63205262497114,-1.2885650607231));
#7405=CARTESIAN_POINT('Ctrl Pts',(5.96942771246756,1.50000000001706,-1.47933525118045));
#7406=CARTESIAN_POINT('',(5.943724572983,1.5,-1.579442370117));
#7407=CARTESIAN_POINT('Origin',(0.,1.5,0.));
#7408=CARTESIAN_POINT('',(5.611233446141,1.75,-1.823200266812));
#7409=CARTESIAN_POINT('Ctrl Pts',(5.94372457296003,1.50000000001998,-1.57944237012986));
#7410=CARTESIAN_POINT('Ctrl Pts',(5.77402993147162,1.63205262497427,-1.70384992735603));
#7411=CARTESIAN_POINT('Ctrl Pts',(5.6112334461408,1.75000000000265,-1.82320026680911));
#7412=CARTESIAN_POINT('',(5.736947121428,1.5,-2.215837928627));
#7413=CARTESIAN_POINT('Ctrl Pts',(5.61123344614381,1.74999999999978,-1.82320026681091));
#7414=CARTESIAN_POINT('Ctrl Pts',(5.67278620001444,1.63205262497149,-2.01544609291525));
#7415=CARTESIAN_POINT('Ctrl Pts',(5.73694712142178,1.50000000001731,-2.21583792859971));
#7416=CARTESIAN_POINT('',(5.698899909945,1.5,-2.311934215419));
#7417=CARTESIAN_POINT('Origin',(0.,1.5,0.));
#7418=CARTESIAN_POINT('',(5.33847960955,1.75,-2.512097820234));
#7419=CARTESIAN_POINT('Ctrl Pts',(5.6988999099197,1.50000000001564,-2.31193421543298));
#7420=CARTESIAN_POINT('Ctrl Pts',(5.51495095993803,1.63205262496973,-2.41409240377522));
#7421=CARTESIAN_POINT('Ctrl Pts',(5.33847960954861,1.74999999999795,-2.51209782023392));
#7422=CARTESIAN_POINT('',(5.413991447183,1.5,-2.917395518237));
#7423=CARTESIAN_POINT('Ctrl Pts',(5.3384796095482,1.75000000000025,-2.51209782023443));
#7424=CARTESIAN_POINT('Ctrl Pts',(5.37545221054452,1.63205262497204,-2.71054233625608));
#7425=CARTESIAN_POINT('Ctrl Pts',(5.41399144717617,1.50000000001796,-2.91739551821026));
#7426=CARTESIAN_POINT('',(5.36420019097,1.5,-3.007965477062));
#7427=CARTESIAN_POINT('Origin',(0.,1.5,0.));
#7428=CARTESIAN_POINT('',(4.981534760462,1.75,-3.161378090376));
#7429=CARTESIAN_POINT('Ctrl Pts',(5.36420019094469,1.50000000001882,-3.00796547707112));
#7430=CARTESIAN_POINT('Ctrl Pts',(5.1688979172963,1.63205262497303,-3.08626320087329));
#7431=CARTESIAN_POINT('Ctrl Pts',(4.98153476046234,1.75000000000133,-3.16137809037476));
#7432=CARTESIAN_POINT('',(5.005653893654,1.5,-3.572944037757));
#7433=CARTESIAN_POINT('Ctrl Pts',(4.98153476046213,1.74999999999998,-3.16137809037599));
#7434=CARTESIAN_POINT('Ctrl Pts',(4.99334412858041,1.63205262497163,-3.36289170775263));
#7435=CARTESIAN_POINT('Ctrl Pts',(5.00565389365282,1.50000000001741,-3.57294403772939));
#7436=CARTESIAN_POINT('',(4.944903830565,1.5,-3.65655932626));
#7437=CARTESIAN_POINT('Origin',(0.,1.5,0.));
#7438=CARTESIAN_POINT('',(4.546028132377,1.75,-3.760801539517));
#7439=CARTESIAN_POINT('Ctrl Pts',(4.94490383053757,1.50000000001734,-3.65655932626505));
#7440=CARTESIAN_POINT('Ctrl Pts',(4.74132826674609,1.63205262497159,-3.70976178364985));
#7441=CARTESIAN_POINT('Ctrl Pts',(4.54602813237647,1.74999999999996,-3.76080153951509));
#7442=CARTESIAN_POINT('',(4.51837418799,1.5,-4.172145095428));
#7443=CARTESIAN_POINT('Ctrl Pts',(4.5460281323773,1.75000000000157,-3.76080153951788));
#7444=CARTESIAN_POINT('Ctrl Pts',(4.53248802682763,1.63205262497321,-3.96220626812491));
#7445=CARTESIAN_POINT('Ctrl Pts',(4.51837418799199,1.50000000001898,-4.17214509540112));
#7446=CARTESIAN_POINT('',(4.44762338281,1.5,-4.247487050561));
#7447=CARTESIAN_POINT('Origin',(0.,1.5,0.));
#7448=CARTESIAN_POINT('',(4.038827924979,1.75,-4.300914901786));
#7449=CARTESIAN_POINT('Ctrl Pts',(4.44762338278316,1.5000000000183,-4.24748705056574));
#7450=CARTESIAN_POINT('Ctrl Pts',(4.23898503709957,1.63205262497256,-4.27475520699845));
#7451=CARTESIAN_POINT('Ctrl Pts',(4.03882792497978,1.75000000000092,-4.30091490178762));
#7452=CARTESIAN_POINT('',(3.959837022235,1.5,-4.705548932626));
#7453=CARTESIAN_POINT('Ctrl Pts',(4.03882792497749,1.75000000000054,-4.30091490178599));
#7454=CARTESIAN_POINT('Ctrl Pts',(4.00015188131269,1.63205262497209,-4.49903446874019));
#7455=CARTESIAN_POINT('Ctrl Pts',(3.95983702223847,1.50000000001771,-4.70554893259864));
#7456=CARTESIAN_POINT('',(3.880201257427,1.5,-4.771429366748));
#7457=CARTESIAN_POINT('Origin',(0.,1.5,0.));
#7458=CARTESIAN_POINT('',(3.467932988526,1.75,-4.773200266812));
#7459=CARTESIAN_POINT('Ctrl Pts',(3.88020125739964,1.50000000001809,-4.77142936674767));
#7460=CARTESIAN_POINT('Ctrl Pts',(3.66979048117003,1.63205262497232,-4.77233318711232));
#7461=CARTESIAN_POINT('Ctrl Pts',(3.46793298852641,1.75000000000066,-4.77320026681173));
#7462=CARTESIAN_POINT('',(3.338850861148,1.5,-5.164743452197));
#7463=CARTESIAN_POINT('Ctrl Pts',(3.46793298852415,1.75000000000075,-4.77320026681183));
#7464=CARTESIAN_POINT('Ctrl Pts',(3.40473095105694,1.63205262497236,-4.96491020819105));
#7465=CARTESIAN_POINT('Ctrl Pts',(3.33885086115486,1.50000000001805,-5.16474345217053));
#7466=CARTESIAN_POINT('',(3.251586040294,1.5,-5.220123391508));
#7467=CARTESIAN_POINT('Origin',(0.,1.5,0.));
#7468=CARTESIAN_POINT('',(2.8423466772,1.75,-5.170209412259));
#7469=CARTESIAN_POINT('Ctrl Pts',(3.25158604026711,1.50000000001835,-5.22012339150382));
#7470=CARTESIAN_POINT('Ctrl Pts',(3.04272113712564,1.63205262497266,-5.19464862201334));
#7471=CARTESIAN_POINT('Ctrl Pts',(2.84234667720073,1.75000000000105,-5.17020941225817));
#7472=CARTESIAN_POINT('',(2.665209027447,1.5,-5.542486882259));
#7473=CARTESIAN_POINT('Ctrl Pts',(2.84234667719973,1.74999999999922,-5.17020941225841));
#7474=CARTESIAN_POINT('Ctrl Pts',(2.75561537981616,1.63205262497097,-5.35248634776514));
#7475=CARTESIAN_POINT('Ctrl Pts',(2.66520902745897,1.50000000001683,-5.54248688223347));
#7476=CARTESIAN_POINT('',(2.571691368902,1.5,-5.586492952033));
#7477=CARTESIAN_POINT('Origin',(0.,1.5,0.));
#7478=CARTESIAN_POINT('',(2.17193486084,1.75,-5.485681266741));
#7479=CARTESIAN_POINT('Ctrl Pts',(2.5716913688743,1.50000000001585,-5.58649295202518));
#7480=CARTESIAN_POINT('Ctrl Pts',(2.36766626311397,1.63205262496998,-5.53504134501232));
#7481=CARTESIAN_POINT('Ctrl Pts',(2.17193486083927,1.74999999999825,-5.48568126673968));
#7482=CARTESIAN_POINT('',(1.949535255265,1.5,-5.832821983267));
#7483=CARTESIAN_POINT('Ctrl Pts',(2.17193486083919,1.75000000000012,-5.48568126674072));
#7484=CARTESIAN_POINT('Ctrl Pts',(2.06304210790953,1.63205262497175,-5.65565058021535));
#7485=CARTESIAN_POINT('Ctrl Pts',(1.94953525527978,1.50000000001747,-5.83282198324348));
#7486=CARTESIAN_POINT('',(1.851239588369,1.5,-5.864760181496));
#7487=CARTESIAN_POINT('Origin',(0.,1.5,0.));
#7488=CARTESIAN_POINT('',(1.467270334273,1.75,-5.714640650659));
#7489=CARTESIAN_POINT('Ctrl Pts',(1.85123958834421,1.50000000001767,-5.86476018148361));
#7490=CARTESIAN_POINT('Ctrl Pts',(1.65527187776088,1.63205262497188,-5.78814315952663));
#7491=CARTESIAN_POINT('Ctrl Pts',(1.46727033427389,1.7500000000002,-5.71464065065712));
#7492=CARTESIAN_POINT('',(1.203116147512,1.5,-6.031169997239));
#7493=CARTESIAN_POINT('Ctrl Pts',(1.46727033427272,1.75000000000173,-5.71464065066009));
#7494=CARTESIAN_POINT('Ctrl Pts',(1.33793342956016,1.63205262497336,-5.86962182449412));
#7495=CARTESIAN_POINT('Ctrl Pts',(1.20311614752966,1.5000000000191,-6.03116999721896));
#7496=CARTESIAN_POINT('',(1.10159265365,1.5,-6.050536639458));
#7497=CARTESIAN_POINT('Origin',(0.,1.5,0.));
#7498=CARTESIAN_POINT('',(0.739466078029,1.75,-5.853476737755));
#7499=CARTESIAN_POINT('Ctrl Pts',(1.10159265362753,1.50000000002138,-6.0505366394464));
#7500=CARTESIAN_POINT('Ctrl Pts',(0.916772866082622,1.63205262497578,-5.94996249875013));
#7501=CARTESIAN_POINT('Ctrl Pts',(0.739466078030914,1.75000000000425,-5.8534767377567));
#7502=CARTESIAN_POINT('',(0.437723179405,1.5,-6.134402857509));
#7503=CARTESIAN_POINT('Ctrl Pts',(0.739466078028338,1.75000000000098,-5.85347673775524));
#7504=CARTESIAN_POINT('Ctrl Pts',(0.591724741782167,1.63205262497251,-5.99102562625617));
#7505=CARTESIAN_POINT('Ctrl Pts',(0.437723179424303,1.50000000001813,-6.13440285748979));
#7506=CARTESIAN_POINT('',(0.334572944723,1.5,-6.140892520201));
#7507=CARTESIAN_POINT('Origin',(0.,1.5,0.));
#7508=CARTESIAN_POINT('',(7.234783667114E-16,1.75,-5.9));
#7509=CARTESIAN_POINT('Ctrl Pts',(0.334572944699962,1.50000000001742,-6.14089252018551));
#7510=CARTESIAN_POINT('Ctrl Pts',(0.163815798649627,1.63205262497155,-6.01794737502921));
#7511=CARTESIAN_POINT('Ctrl Pts',(-7.61254485443074E-13,1.7499999999998,
-5.90000000000087));
#7512=CARTESIAN_POINT('',(-0.334572944723,1.5,-6.140892520201));
#7513=CARTESIAN_POINT('Ctrl Pts',(1.51182128825727E-12,1.74999999999906,
-5.90000000000115));
#7514=CARTESIAN_POINT('Ctrl Pts',(-0.163815798648867,1.63205262497081,-6.01794737502948));
#7515=CARTESIAN_POINT('Ctrl Pts',(-0.334572944699193,1.50000000001669,-6.14089252018577));
#7516=CARTESIAN_POINT('',(-0.437723179405,1.5,-6.134402857509));
#7517=CARTESIAN_POINT('Origin',(0.,1.5,0.));
#7518=CARTESIAN_POINT('',(-0.739466078029,1.75,-5.853476737755));
#7519=CARTESIAN_POINT('Ctrl Pts',(-0.437723179423776,1.50000000001963,-6.13440285749044));
#7520=CARTESIAN_POINT('Ctrl Pts',(-0.59172474178167,1.63205262497398,-5.99102562625679));
#7521=CARTESIAN_POINT('Ctrl Pts',(-0.739466078027872,1.75000000000242,-5.85347673775583));
#7522=CARTESIAN_POINT('',(-1.10159265365,1.5,-6.050536639458));
#7523=CARTESIAN_POINT('Ctrl Pts',(-0.739466078029788,1.75000000000059,-5.85347673775443));
#7524=CARTESIAN_POINT('Ctrl Pts',(-0.91677286608146,1.63205262497217,-5.94996249874785));
#7525=CARTESIAN_POINT('Ctrl Pts',(-1.10159265362633,1.50000000001783,-6.05053663944409));
#7526=CARTESIAN_POINT('',(-1.203116147512,1.5,-6.031169997239));
#7527=CARTESIAN_POINT('Origin',(0.,1.5,0.));
#7528=CARTESIAN_POINT('',(-1.467270334273,1.75,-5.714640650659));
#7529=CARTESIAN_POINT('Ctrl Pts',(-1.20311614753076,1.50000000001521,-6.03116999721673));
#7530=CARTESIAN_POINT('Ctrl Pts',(-1.33793342956123,1.63205262496944,-5.86962182449192));
#7531=CARTESIAN_POINT('Ctrl Pts',(-1.46727033427377,1.74999999999778,-5.71464065065793));
#7532=CARTESIAN_POINT('',(-1.851239588369,1.5,-5.864760181496));
#7533=CARTESIAN_POINT('Ctrl Pts',(-1.46727033427327,1.74999999999938,-5.71464065065707));
#7534=CARTESIAN_POINT('Ctrl Pts',(-1.65527187776025,1.63205262497097,-5.78814315952658));
#7535=CARTESIAN_POINT('Ctrl Pts',(-1.85123958834358,1.50000000001668,-5.86476018148356));
#7536=CARTESIAN_POINT('',(-1.949535255265,1.5,-5.832821983267));
#7537=CARTESIAN_POINT('Origin',(0.,1.5,0.));
#7538=CARTESIAN_POINT('',(-2.17193486084,1.75,-5.485681266741));
#7539=CARTESIAN_POINT('Ctrl Pts',(-1.94953525527973,1.50000000001837,-5.83282198324418));
#7540=CARTESIAN_POINT('Ctrl Pts',(-2.06304210790952,1.63205262497273,-5.65565058021599));
#7541=CARTESIAN_POINT('Ctrl Pts',(-2.17193486083922,1.75000000000119,-5.48568126674132));
#7542=CARTESIAN_POINT('',(-2.571691368902,1.5,-5.586492952033));
#7543=CARTESIAN_POINT('Ctrl Pts',(-2.17193486084092,1.75000000000113,-5.48568126674037));
#7544=CARTESIAN_POINT('Ctrl Pts',(-2.36766626311567,1.6320526249729,-5.53504134501302));
#7545=CARTESIAN_POINT('Ctrl Pts',(-2.57169136887606,1.50000000001879,-5.5864929520259));
#7546=CARTESIAN_POINT('',(-2.665209027447,1.5,-5.542486882259));
#7547=CARTESIAN_POINT('Origin',(0.,1.5,0.));
#7548=CARTESIAN_POINT('',(-2.8423466772,1.75,-5.170209412259));
#7549=CARTESIAN_POINT('Ctrl Pts',(-2.6652090274598,1.50000000001555,-5.54248688223304));
#7550=CARTESIAN_POINT('Ctrl Pts',(-2.75561537981698,1.63205262496972,-5.35248634776472));
#7551=CARTESIAN_POINT('Ctrl Pts',(-2.84234667720054,1.74999999999801,-5.170209412258));
#7552=CARTESIAN_POINT('',(-3.251586040294,1.5,-5.220123391508));
#7553=CARTESIAN_POINT('Ctrl Pts',(-2.84234667720001,1.74999999999967,-5.17020941225793));
#7554=CARTESIAN_POINT('Ctrl Pts',(-3.04272113712483,1.63205262497132,-5.19464862201309));
#7555=CARTESIAN_POINT('Ctrl Pts',(-3.25158604026621,1.50000000001706,-5.22012339150357));
#7556=CARTESIAN_POINT('',(-3.338850861148,1.5,-5.164743452197));
#7557=CARTESIAN_POINT('Origin',(0.,1.5,0.));
#7558=CARTESIAN_POINT('',(-3.467932988526,1.75,-4.773200266812));
#7559=CARTESIAN_POINT('Ctrl Pts',(-3.33885086115559,1.50000000001794,-5.16474345217059));
#7560=CARTESIAN_POINT('Ctrl Pts',(-3.40473095105766,1.63205262497217,-4.96491020819113));
#7561=CARTESIAN_POINT('Ctrl Pts',(-3.46793298852487,1.75000000000049,-4.77320026681192));
#7562=CARTESIAN_POINT('',(-3.880201257427,1.5,-4.771429366748));
#7563=CARTESIAN_POINT('Ctrl Pts',(-3.46793298852599,1.75000000000024,-4.77320026681175));
#7564=CARTESIAN_POINT('Ctrl Pts',(-3.66979048116963,1.63205262497187,-4.77233318711233));
#7565=CARTESIAN_POINT('Ctrl Pts',(-3.88020125739926,1.50000000001761,-4.77142936674769));
#7566=CARTESIAN_POINT('',(-3.959837022235,1.5,-4.705548932626));
#7567=CARTESIAN_POINT('Origin',(0.,1.5,0.));
#7568=CARTESIAN_POINT('',(-4.038827924979,1.75,-4.300914901786));
#7569=CARTESIAN_POINT('Ctrl Pts',(-3.95983702223833,1.50000000001724,-4.70554893259824));
#7570=CARTESIAN_POINT('Ctrl Pts',(-4.00015188131253,1.63205262497159,-4.49903446873985));
#7571=CARTESIAN_POINT('Ctrl Pts',(-4.03882792497733,1.75000000000003,-4.30091490178571));
#7572=CARTESIAN_POINT('',(-4.44762338281,1.5,-4.247487050561));
#7573=CARTESIAN_POINT('Ctrl Pts',(-4.038827924981,1.75000000000308,-4.3009149017875));
#7574=CARTESIAN_POINT('Ctrl Pts',(-4.23898503710088,1.63205262497479,-4.27475520699831));
#7575=CARTESIAN_POINT('Ctrl Pts',(-4.44762338278456,1.50000000002059,-4.2474870505656));
#7576=CARTESIAN_POINT('',(-4.51837418799,1.5,-4.172145095428));
#7577=CARTESIAN_POINT('Origin',(0.,1.5,0.));
#7578=CARTESIAN_POINT('',(-4.546028132377,1.75,-3.760801539517));
#7579=CARTESIAN_POINT('Ctrl Pts',(-4.51837418799199,1.50000000001932,-4.1721450954015));
#7580=CARTESIAN_POINT('Ctrl Pts',(-4.53248802682763,1.63205262497354,-3.96220626812519));
#7581=CARTESIAN_POINT('Ctrl Pts',(-4.54602813237731,1.75000000000185,-3.76080153951807));
#7582=CARTESIAN_POINT('',(-4.944903830565,1.5,-3.65655932626));
#7583=CARTESIAN_POINT('Ctrl Pts',(-4.54602813237684,1.7500000000002,-3.7608015395156));
#7584=CARTESIAN_POINT('Ctrl Pts',(-4.74132826674646,1.63205262497191,-3.70976178365036));
#7585=CARTESIAN_POINT('Ctrl Pts',(-4.94490383053794,1.50000000001773,-3.65655932626557));
#7586=CARTESIAN_POINT('',(-5.005653893654,1.5,-3.572944037757));
#7587=CARTESIAN_POINT('Origin',(0.,1.5,0.));
#7588=CARTESIAN_POINT('',(-4.981534760462,1.75,-3.161378090376));
#7589=CARTESIAN_POINT('Ctrl Pts',(-5.00565389365274,1.50000000001901,-3.57294403773025));
#7590=CARTESIAN_POINT('Ctrl Pts',(-4.99334412858033,1.63205262497318,-3.36289170775351));
#7591=CARTESIAN_POINT('Ctrl Pts',(-4.98153476046205,1.75000000000146,-3.16137809037687));
#7592=CARTESIAN_POINT('',(-5.36420019097,1.5,-3.007965477062));
#7593=CARTESIAN_POINT('Ctrl Pts',(-4.98153476046175,1.75000000000086,-3.16137809037386));
#7594=CARTESIAN_POINT('Ctrl Pts',(-5.16889791729558,1.6320526249725,-3.08626320087243));
#7595=CARTESIAN_POINT('Ctrl Pts',(-5.36420019094384,1.50000000001827,-3.00796547707032));
#7596=CARTESIAN_POINT('',(-5.413991447183,1.5,-2.917395518237));
#7597=CARTESIAN_POINT('Origin',(0.,1.5,0.));
#7598=CARTESIAN_POINT('',(-5.33847960955,1.75,-2.512097820234));
#7599=CARTESIAN_POINT('Ctrl Pts',(-5.4139914471761,1.50000000001609,-2.91739551820915));
#7600=CARTESIAN_POINT('Ctrl Pts',(-5.37545221054446,1.63205262497017,-2.710542336255));
#7601=CARTESIAN_POINT('Ctrl Pts',(-5.33847960954815,1.74999999999839,-2.51209782023338));
#7602=CARTESIAN_POINT('',(-5.698899909945,1.5,-2.311934215419));
#7603=CARTESIAN_POINT('Ctrl Pts',(-5.33847960954921,1.74999999999969,-2.51209782023308));
#7604=CARTESIAN_POINT('Ctrl Pts',(-5.51495095993868,1.63205262497142,-2.41409240377436));
#7605=CARTESIAN_POINT('Ctrl Pts',(-5.69889990992041,1.50000000001727,-2.31193421543209));
#7606=CARTESIAN_POINT('',(-5.736947121428,1.5,-2.215837928627));
#7607=CARTESIAN_POINT('Origin',(0.,1.5,0.));
#7608=CARTESIAN_POINT('',(-5.611233446141,1.75,-1.823200266812));
#7609=CARTESIAN_POINT('Ctrl Pts',(-5.7369471214212,1.50000000001616,-2.21583792859919));
#7610=CARTESIAN_POINT('Ctrl Pts',(-5.67278620001388,1.63205262497035,-2.01544609291476));
#7611=CARTESIAN_POINT('Ctrl Pts',(-5.61123344614326,1.74999999999866,-1.82320026681046));
#7612=CARTESIAN_POINT('',(-5.943724572983,1.5,-1.579442370117));
#7613=CARTESIAN_POINT('Ctrl Pts',(-5.6112334461414,1.7500000000014,-1.82320026681125));
#7614=CARTESIAN_POINT('Ctrl Pts',(-5.77402993147217,1.632052624973,-1.7038499273582));
#7615=CARTESIAN_POINT('Ctrl Pts',(-5.94372457296054,1.5000000000187,-1.57944237013206));
#7616=CARTESIAN_POINT('',(-5.969427712481,1.5,-1.479335251205));
#7617=CARTESIAN_POINT('Origin',(0.,1.5,0.));
#7618=CARTESIAN_POINT('',(-5.795494779299,1.75,-1.105549756056));
#7619=CARTESIAN_POINT('Ctrl Pts',(-5.96942771246781,1.50000000001797,-1.47933525118091));
#7620=CARTESIAN_POINT('Ctrl Pts',(-5.88065696234381,1.63205262497201,-1.2885650607236));
#7621=CARTESIAN_POINT('Ctrl Pts',(-5.79549477929778,1.7500000000002,-1.10554975605671));
#7622=CARTESIAN_POINT('',(-6.094813148896,1.5,-0.822041775124));
#7623=CARTESIAN_POINT('Ctrl Pts',(-5.79549477929787,1.7500000000002,-1.10554975605474));
#7624=CARTESIAN_POINT('Ctrl Pts',(-5.94204900174641,1.63205262497169,-0.966736719756953));
#7625=CARTESIAN_POINT('Ctrl Pts',(-6.09481314887454,1.50000000001725,-0.822041775141871));
#7626=CARTESIAN_POINT('',(-6.107766862546,1.5,-0.71950257316));
#7627=CARTESIAN_POINT('Origin',(0.,1.5,0.));
#7628=CARTESIAN_POINT('',(-5.888357697727,1.75,-0.370464065223));
#7629=CARTESIAN_POINT('Ctrl Pts',(-6.10776686253295,1.50000000001851,-0.719502573136221));
#7630=CARTESIAN_POINT('Ctrl Pts',(-5.99578625145026,1.63205262497267,-0.541362587769868));
#7631=CARTESIAN_POINT('Ctrl Pts',(-5.88835769772835,1.75000000000095,-0.370464065222793));
#7632=CARTESIAN_POINT('',(-6.149782880585,1.5,-0.05167709027414));
#7633=CARTESIAN_POINT('Ctrl Pts',(-5.88835769772581,1.75000000000027,-0.370464065221863));
#7634=CARTESIAN_POINT('Ctrl Pts',(-6.01635840965638,1.632052624972,-0.214377496585022));
#7635=CARTESIAN_POINT('Ctrl Pts',(-6.14978288056669,1.50000000001786,-0.0516770902945443));
#7636=CARTESIAN_POINT('',(-6.15,1.5,-7.53157781475623E-16));
#7637=CARTESIAN_POINT('Origin',(0.,1.5,0.));
#7638=CARTESIAN_POINT('',(-6.15,1.5,-7.53157781475622E-16));
#7639=CARTESIAN_POINT('',(-6.149782880585,1.5,0.05167709027414));
#7640=CARTESIAN_POINT('Origin',(0.,1.5,0.));
#7641=CARTESIAN_POINT('',(-5.888357697727,1.75,0.370464065223));
#7642=CARTESIAN_POINT('Ctrl Pts',(-6.1497828805661,1.50000000001687,0.0516770902950051));
#7643=CARTESIAN_POINT('Ctrl Pts',(-6.01635840965586,1.63205262497097,0.214377496585415));
#7644=CARTESIAN_POINT('Ctrl Pts',(-5.88835769772533,1.7499999999992,0.370464065222194));
#7645=CARTESIAN_POINT('',(-6.107766862546,1.5,0.71950257316));
#7646=CARTESIAN_POINT('Ctrl Pts',(-5.88835769772926,1.74999999999939,0.370464065221292));
#7647=CARTESIAN_POINT('Ctrl Pts',(-5.99578625145114,1.63205262497114,0.541362587768313));
#7648=CARTESIAN_POINT('Ctrl Pts',(-6.10776686253378,1.50000000001703,0.719502573134607));
#7649=CARTESIAN_POINT('',(-6.094813148896,1.5,0.822041775124));
#7650=CARTESIAN_POINT('Origin',(0.,1.5,0.));
#7651=CARTESIAN_POINT('',(-5.795494779299,1.75,1.105549756056));
#7652=CARTESIAN_POINT('Ctrl Pts',(-6.09481314887453,1.50000000001726,0.822041775141876));
#7653=CARTESIAN_POINT('Ctrl Pts',(-5.94204900174642,1.63205262497168,0.966736719756942));
#7654=CARTESIAN_POINT('Ctrl Pts',(-5.7954947792979,1.75000000000017,1.10554975605471));
#7655=CARTESIAN_POINT('',(-5.969427712481,1.5,1.479335251205));
#7656=CARTESIAN_POINT('Ctrl Pts',(-5.79549477929749,1.74999999999935,1.10554975605617));
#7657=CARTESIAN_POINT('Ctrl Pts',(-5.88065696234354,1.63205262497114,1.2885650607231));
#7658=CARTESIAN_POINT('Ctrl Pts',(-5.96942771246756,1.50000000001706,1.47933525118045));
#7659=CARTESIAN_POINT('',(-5.943724572983,1.5,1.579442370117));
#7660=CARTESIAN_POINT('Origin',(0.,1.5,0.));
#7661=CARTESIAN_POINT('',(-5.611233446141,1.75,1.823200266812));
#7662=CARTESIAN_POINT('Ctrl Pts',(-5.94372457296003,1.50000000001998,1.57944237012986));
#7663=CARTESIAN_POINT('Ctrl Pts',(-5.77402993147162,1.63205262497427,1.70384992735603));
#7664=CARTESIAN_POINT('Ctrl Pts',(-5.6112334461408,1.75000000000265,1.82320026680911));
#7665=CARTESIAN_POINT('',(-5.736947121428,1.5,2.215837928627));
#7666=CARTESIAN_POINT('Ctrl Pts',(-5.61123344614381,1.74999999999978,1.82320026681091));
#7667=CARTESIAN_POINT('Ctrl Pts',(-5.67278620001444,1.63205262497149,2.01544609291525));
#7668=CARTESIAN_POINT('Ctrl Pts',(-5.73694712142178,1.50000000001731,2.21583792859971));
#7669=CARTESIAN_POINT('',(-5.698899909945,1.5,2.311934215419));
#7670=CARTESIAN_POINT('Origin',(0.,1.5,0.));
#7671=CARTESIAN_POINT('',(-5.33847960955,1.75,2.512097820234));
#7672=CARTESIAN_POINT('Ctrl Pts',(-5.6988999099197,1.50000000001564,2.31193421543298));
#7673=CARTESIAN_POINT('Ctrl Pts',(-5.51495095993803,1.63205262496973,2.41409240377522));
#7674=CARTESIAN_POINT('Ctrl Pts',(-5.33847960954861,1.74999999999795,2.51209782023392));
#7675=CARTESIAN_POINT('',(-5.413991447183,1.5,2.917395518237));
#7676=CARTESIAN_POINT('Ctrl Pts',(-5.3384796095482,1.75000000000025,2.51209782023443));
#7677=CARTESIAN_POINT('Ctrl Pts',(-5.37545221054452,1.63205262497204,2.71054233625608));
#7678=CARTESIAN_POINT('Ctrl Pts',(-5.41399144717617,1.50000000001796,2.91739551821026));
#7679=CARTESIAN_POINT('',(-5.36420019097,1.5,3.007965477062));
#7680=CARTESIAN_POINT('Origin',(0.,1.5,0.));
#7681=CARTESIAN_POINT('',(-4.981534760462,1.75,3.161378090376));
#7682=CARTESIAN_POINT('Ctrl Pts',(-5.36420019094469,1.50000000001882,3.00796547707112));
#7683=CARTESIAN_POINT('Ctrl Pts',(-5.1688979172963,1.63205262497303,3.08626320087329));
#7684=CARTESIAN_POINT('Ctrl Pts',(-4.98153476046234,1.75000000000133,3.16137809037476));
#7685=CARTESIAN_POINT('',(-5.005653893654,1.5,3.572944037757));
#7686=CARTESIAN_POINT('Ctrl Pts',(-4.98153476046213,1.74999999999998,3.16137809037599));
#7687=CARTESIAN_POINT('Ctrl Pts',(-4.99334412858041,1.63205262497163,3.36289170775263));
#7688=CARTESIAN_POINT('Ctrl Pts',(-5.00565389365282,1.50000000001741,3.57294403772939));
#7689=CARTESIAN_POINT('',(-4.944903830565,1.5,3.65655932626));
#7690=CARTESIAN_POINT('Origin',(0.,1.5,0.));
#7691=CARTESIAN_POINT('',(-4.546028132377,1.75,3.760801539517));
#7692=CARTESIAN_POINT('Ctrl Pts',(-4.94490383053757,1.50000000001734,3.65655932626505));
#7693=CARTESIAN_POINT('Ctrl Pts',(-4.74132826674609,1.63205262497159,3.70976178364985));
#7694=CARTESIAN_POINT('Ctrl Pts',(-4.54602813237647,1.74999999999996,3.76080153951509));
#7695=CARTESIAN_POINT('',(-4.51837418799,1.5,4.172145095428));
#7696=CARTESIAN_POINT('Ctrl Pts',(-4.5460281323773,1.75000000000157,3.76080153951788));
#7697=CARTESIAN_POINT('Ctrl Pts',(-4.53248802682763,1.63205262497321,3.96220626812491));
#7698=CARTESIAN_POINT('Ctrl Pts',(-4.51837418799199,1.50000000001898,4.17214509540112));
#7699=CARTESIAN_POINT('',(-4.44762338281,1.5,4.247487050561));
#7700=CARTESIAN_POINT('Origin',(0.,1.5,0.));
#7701=CARTESIAN_POINT('',(-4.038827924979,1.75,4.300914901786));
#7702=CARTESIAN_POINT('Ctrl Pts',(-4.44762338278316,1.5000000000183,4.24748705056574));
#7703=CARTESIAN_POINT('Ctrl Pts',(-4.23898503709957,1.63205262497256,4.27475520699845));
#7704=CARTESIAN_POINT('Ctrl Pts',(-4.03882792497978,1.75000000000092,4.30091490178762));
#7705=CARTESIAN_POINT('',(-3.959837022235,1.5,4.705548932626));
#7706=CARTESIAN_POINT('Ctrl Pts',(-4.03882792497749,1.75000000000054,4.30091490178599));
#7707=CARTESIAN_POINT('Ctrl Pts',(-4.00015188131269,1.63205262497209,4.49903446874019));
#7708=CARTESIAN_POINT('Ctrl Pts',(-3.95983702223847,1.50000000001771,4.70554893259864));
#7709=CARTESIAN_POINT('',(-3.880201257427,1.5,4.771429366748));
#7710=CARTESIAN_POINT('Origin',(0.,1.5,0.));
#7711=CARTESIAN_POINT('',(-3.467932988526,1.75,4.773200266812));
#7712=CARTESIAN_POINT('Ctrl Pts',(-3.88020125739964,1.50000000001809,4.77142936674767));
#7713=CARTESIAN_POINT('Ctrl Pts',(-3.66979048117003,1.63205262497232,4.77233318711232));
#7714=CARTESIAN_POINT('Ctrl Pts',(-3.46793298852641,1.75000000000066,4.77320026681173));
#7715=CARTESIAN_POINT('',(-3.338850861148,1.5,5.164743452197));
#7716=CARTESIAN_POINT('Ctrl Pts',(-3.46793298852415,1.75000000000075,4.77320026681183));
#7717=CARTESIAN_POINT('Ctrl Pts',(-3.40473095105694,1.63205262497236,4.96491020819105));
#7718=CARTESIAN_POINT('Ctrl Pts',(-3.33885086115486,1.50000000001805,5.16474345217053));
#7719=CARTESIAN_POINT('',(-3.251586040294,1.5,5.220123391508));
#7720=CARTESIAN_POINT('Origin',(0.,1.5,0.));
#7721=CARTESIAN_POINT('',(-2.8423466772,1.75,5.170209412259));
#7722=CARTESIAN_POINT('Ctrl Pts',(-3.25158604026711,1.50000000001835,5.22012339150382));
#7723=CARTESIAN_POINT('Ctrl Pts',(-3.04272113712564,1.63205262497266,5.19464862201334));
#7724=CARTESIAN_POINT('Ctrl Pts',(-2.84234667720073,1.75000000000105,5.17020941225817));
#7725=CARTESIAN_POINT('',(-2.665209027447,1.5,5.542486882259));
#7726=CARTESIAN_POINT('Ctrl Pts',(-2.84234667719973,1.74999999999922,5.17020941225841));
#7727=CARTESIAN_POINT('Ctrl Pts',(-2.75561537981616,1.63205262497097,5.35248634776514));
#7728=CARTESIAN_POINT('Ctrl Pts',(-2.66520902745897,1.50000000001683,5.54248688223347));
#7729=CARTESIAN_POINT('',(-2.571691368902,1.5,5.586492952033));
#7730=CARTESIAN_POINT('Origin',(0.,1.5,0.));
#7731=CARTESIAN_POINT('',(-2.17193486084,1.75,5.485681266741));
#7732=CARTESIAN_POINT('Ctrl Pts',(-2.5716913688743,1.50000000001585,5.58649295202518));
#7733=CARTESIAN_POINT('Ctrl Pts',(-2.36766626311397,1.63205262496998,5.53504134501232));
#7734=CARTESIAN_POINT('Ctrl Pts',(-2.17193486083927,1.74999999999825,5.48568126673968));
#7735=CARTESIAN_POINT('',(-1.949535255265,1.5,5.832821983267));
#7736=CARTESIAN_POINT('Ctrl Pts',(-2.17193486083919,1.75000000000012,5.48568126674072));
#7737=CARTESIAN_POINT('Ctrl Pts',(-2.06304210790953,1.63205262497175,5.65565058021535));
#7738=CARTESIAN_POINT('Ctrl Pts',(-1.94953525527978,1.50000000001747,5.83282198324348));
#7739=CARTESIAN_POINT('',(-1.851239588369,1.5,5.864760181496));
#7740=CARTESIAN_POINT('Origin',(0.,1.5,0.));
#7741=CARTESIAN_POINT('',(-1.467270334273,1.75,5.714640650659));
#7742=CARTESIAN_POINT('Ctrl Pts',(-1.85123958834421,1.50000000001767,5.86476018148361));
#7743=CARTESIAN_POINT('Ctrl Pts',(-1.65527187776088,1.63205262497188,5.78814315952663));
#7744=CARTESIAN_POINT('Ctrl Pts',(-1.46727033427389,1.7500000000002,5.71464065065712));
#7745=CARTESIAN_POINT('',(-1.203116147512,1.5,6.031169997239));
#7746=CARTESIAN_POINT('Ctrl Pts',(-1.46727033427272,1.75000000000173,5.71464065066009));
#7747=CARTESIAN_POINT('Ctrl Pts',(-1.33793342956016,1.63205262497336,5.86962182449412));
#7748=CARTESIAN_POINT('Ctrl Pts',(-1.20311614752966,1.5000000000191,6.03116999721896));
#7749=CARTESIAN_POINT('',(-1.10159265365,1.5,6.050536639458));
#7750=CARTESIAN_POINT('Origin',(0.,1.5,0.));
#7751=CARTESIAN_POINT('',(-0.739466078029,1.75,5.853476737755));
#7752=CARTESIAN_POINT('Ctrl Pts',(-1.10159265362753,1.50000000002138,6.0505366394464));
#7753=CARTESIAN_POINT('Ctrl Pts',(-0.916772866082622,1.63205262497578,5.94996249875013));
#7754=CARTESIAN_POINT('Ctrl Pts',(-0.739466078030914,1.75000000000425,5.8534767377567));
#7755=CARTESIAN_POINT('',(-0.437723179405,1.5,6.134402857509));
#7756=CARTESIAN_POINT('Ctrl Pts',(-0.739466078028338,1.75000000000098,5.85347673775524));
#7757=CARTESIAN_POINT('Ctrl Pts',(-0.591724741782167,1.63205262497251,5.99102562625617));
#7758=CARTESIAN_POINT('Ctrl Pts',(-0.437723179424303,1.50000000001813,6.13440285748979));
#7759=CARTESIAN_POINT('',(-0.334572944723,1.5,6.140892520201));
#7760=CARTESIAN_POINT('Origin',(0.,1.5,0.));
#7761=CARTESIAN_POINT('',(-9.367552144922E-19,1.75,5.9));
#7762=CARTESIAN_POINT('Ctrl Pts',(-0.334572944699962,1.50000000001742,6.14089252018551));
#7763=CARTESIAN_POINT('Ctrl Pts',(-0.163815798649627,1.63205262497155,6.01794737502921));
#7764=CARTESIAN_POINT('Ctrl Pts',(7.61254485443074E-13,1.7499999999998,
5.90000000000087));
#7765=CARTESIAN_POINT('',(0.334572944723,1.5,6.140892520201));
#7766=CARTESIAN_POINT('Ctrl Pts',(-1.51182128825727E-12,1.74999999999906,
5.90000000000115));
#7767=CARTESIAN_POINT('Ctrl Pts',(0.163815798648867,1.63205262497081,6.01794737502948));
#7768=CARTESIAN_POINT('Ctrl Pts',(0.334572944699193,1.50000000001669,6.14089252018577));
#7769=CARTESIAN_POINT('',(0.437723179405,1.5,6.134402857509));
#7770=CARTESIAN_POINT('Origin',(0.,1.5,0.));
#7771=CARTESIAN_POINT('',(0.739466078029,1.75,5.853476737755));
#7772=CARTESIAN_POINT('Ctrl Pts',(0.437723179423776,1.50000000001963,6.13440285749044));
#7773=CARTESIAN_POINT('Ctrl Pts',(0.59172474178167,1.63205262497398,5.99102562625679));
#7774=CARTESIAN_POINT('Ctrl Pts',(0.739466078027872,1.75000000000242,5.85347673775583));
#7775=CARTESIAN_POINT('',(1.10159265365,1.5,6.050536639458));
#7776=CARTESIAN_POINT('Ctrl Pts',(0.739466078029788,1.75000000000059,5.85347673775443));
#7777=CARTESIAN_POINT('Ctrl Pts',(0.91677286608146,1.63205262497217,5.94996249874785));
#7778=CARTESIAN_POINT('Ctrl Pts',(1.10159265362633,1.50000000001783,6.05053663944409));
#7779=CARTESIAN_POINT('',(1.203116147512,1.5,6.031169997239));
#7780=CARTESIAN_POINT('Origin',(0.,1.5,0.));
#7781=CARTESIAN_POINT('',(1.467270334273,1.75,5.714640650659));
#7782=CARTESIAN_POINT('Ctrl Pts',(1.20311614753076,1.50000000001521,6.03116999721673));
#7783=CARTESIAN_POINT('Ctrl Pts',(1.33793342956123,1.63205262496944,5.86962182449192));
#7784=CARTESIAN_POINT('Ctrl Pts',(1.46727033427377,1.74999999999778,5.71464065065793));
#7785=CARTESIAN_POINT('',(1.851239588369,1.5,5.864760181496));
#7786=CARTESIAN_POINT('Ctrl Pts',(1.46727033427327,1.74999999999938,5.71464065065707));
#7787=CARTESIAN_POINT('Ctrl Pts',(1.65527187776025,1.63205262497097,5.78814315952658));
#7788=CARTESIAN_POINT('Ctrl Pts',(1.85123958834358,1.50000000001668,5.86476018148356));
#7789=CARTESIAN_POINT('',(1.949535255265,1.5,5.832821983267));
#7790=CARTESIAN_POINT('Origin',(0.,1.5,0.));
#7791=CARTESIAN_POINT('',(2.17193486084,1.75,5.485681266741));
#7792=CARTESIAN_POINT('Ctrl Pts',(1.94953525527973,1.50000000001837,5.83282198324418));
#7793=CARTESIAN_POINT('Ctrl Pts',(2.06304210790952,1.63205262497273,5.65565058021599));
#7794=CARTESIAN_POINT('Ctrl Pts',(2.17193486083922,1.75000000000119,5.48568126674132));
#7795=CARTESIAN_POINT('',(2.571691368902,1.5,5.586492952033));
#7796=CARTESIAN_POINT('Ctrl Pts',(2.17193486084092,1.75000000000113,5.48568126674037));
#7797=CARTESIAN_POINT('Ctrl Pts',(2.36766626311567,1.6320526249729,5.53504134501302));
#7798=CARTESIAN_POINT('Ctrl Pts',(2.57169136887606,1.50000000001879,5.5864929520259));
#7799=CARTESIAN_POINT('',(2.665209027447,1.5,5.542486882259));
#7800=CARTESIAN_POINT('Origin',(0.,1.5,0.));
#7801=CARTESIAN_POINT('',(2.8423466772,1.75,5.170209412259));
#7802=CARTESIAN_POINT('Ctrl Pts',(2.6652090274598,1.50000000001555,5.54248688223304));
#7803=CARTESIAN_POINT('Ctrl Pts',(2.75561537981698,1.63205262496972,5.35248634776472));
#7804=CARTESIAN_POINT('Ctrl Pts',(2.84234667720054,1.74999999999801,5.170209412258));
#7805=CARTESIAN_POINT('',(3.251586040294,1.5,5.220123391508));
#7806=CARTESIAN_POINT('Ctrl Pts',(2.84234667720001,1.74999999999967,5.17020941225793));
#7807=CARTESIAN_POINT('Ctrl Pts',(3.04272113712483,1.63205262497132,5.19464862201309));
#7808=CARTESIAN_POINT('Ctrl Pts',(3.25158604026621,1.50000000001706,5.22012339150357));
#7809=CARTESIAN_POINT('',(3.338850861148,1.5,5.164743452197));
#7810=CARTESIAN_POINT('Origin',(0.,1.5,0.));
#7811=CARTESIAN_POINT('',(3.467932988526,1.75,4.773200266812));
#7812=CARTESIAN_POINT('Ctrl Pts',(3.33885086115559,1.50000000001794,5.16474345217059));
#7813=CARTESIAN_POINT('Ctrl Pts',(3.40473095105766,1.63205262497217,4.96491020819113));
#7814=CARTESIAN_POINT('Ctrl Pts',(3.46793298852487,1.75000000000049,4.77320026681192));
#7815=CARTESIAN_POINT('',(3.880201257427,1.5,4.771429366748));
#7816=CARTESIAN_POINT('Ctrl Pts',(3.46793298852599,1.75000000000024,4.77320026681175));
#7817=CARTESIAN_POINT('Ctrl Pts',(3.66979048116963,1.63205262497187,4.77233318711233));
#7818=CARTESIAN_POINT('Ctrl Pts',(3.88020125739926,1.50000000001761,4.77142936674769));
#7819=CARTESIAN_POINT('',(3.959837022235,1.5,4.705548932626));
#7820=CARTESIAN_POINT('Origin',(0.,1.5,0.));
#7821=CARTESIAN_POINT('',(4.038827924979,1.75,4.300914901786));
#7822=CARTESIAN_POINT('Ctrl Pts',(3.95983702223833,1.50000000001724,4.70554893259824));
#7823=CARTESIAN_POINT('Ctrl Pts',(4.00015188131253,1.63205262497159,4.49903446873985));
#7824=CARTESIAN_POINT('Ctrl Pts',(4.03882792497733,1.75000000000003,4.30091490178571));
#7825=CARTESIAN_POINT('',(4.44762338281,1.5,4.247487050561));
#7826=CARTESIAN_POINT('Ctrl Pts',(4.038827924981,1.75000000000308,4.3009149017875));
#7827=CARTESIAN_POINT('Ctrl Pts',(4.23898503710088,1.63205262497479,4.27475520699831));
#7828=CARTESIAN_POINT('Ctrl Pts',(4.44762338278456,1.50000000002059,4.2474870505656));
#7829=CARTESIAN_POINT('',(4.51837418799,1.5,4.172145095428));
#7830=CARTESIAN_POINT('Origin',(0.,1.5,0.));
#7831=CARTESIAN_POINT('',(4.546028132377,1.75,3.760801539517));
#7832=CARTESIAN_POINT('Ctrl Pts',(4.51837418799199,1.50000000001932,4.1721450954015));
#7833=CARTESIAN_POINT('Ctrl Pts',(4.53248802682763,1.63205262497354,3.96220626812519));
#7834=CARTESIAN_POINT('Ctrl Pts',(4.54602813237731,1.75000000000185,3.76080153951807));
#7835=CARTESIAN_POINT('',(4.944903830565,1.5,3.65655932626));
#7836=CARTESIAN_POINT('Ctrl Pts',(4.54602813237684,1.7500000000002,3.7608015395156));
#7837=CARTESIAN_POINT('Ctrl Pts',(4.74132826674646,1.63205262497191,3.70976178365036));
#7838=CARTESIAN_POINT('Ctrl Pts',(4.94490383053794,1.50000000001773,3.65655932626557));
#7839=CARTESIAN_POINT('',(5.005653893654,1.5,3.572944037757));
#7840=CARTESIAN_POINT('Origin',(0.,1.5,0.));
#7841=CARTESIAN_POINT('',(4.981534760462,1.75,3.161378090376));
#7842=CARTESIAN_POINT('Ctrl Pts',(5.00565389365274,1.50000000001901,3.57294403773025));
#7843=CARTESIAN_POINT('Ctrl Pts',(4.99334412858033,1.63205262497318,3.36289170775351));
#7844=CARTESIAN_POINT('Ctrl Pts',(4.98153476046205,1.75000000000146,3.16137809037687));
#7845=CARTESIAN_POINT('',(5.36420019097,1.5,3.007965477062));
#7846=CARTESIAN_POINT('Ctrl Pts',(4.98153476046175,1.75000000000086,3.16137809037386));
#7847=CARTESIAN_POINT('Ctrl Pts',(5.16889791729558,1.6320526249725,3.08626320087243));
#7848=CARTESIAN_POINT('Ctrl Pts',(5.36420019094384,1.50000000001827,3.00796547707032));
#7849=CARTESIAN_POINT('',(5.413991447183,1.5,2.917395518237));
#7850=CARTESIAN_POINT('Origin',(0.,1.5,0.));
#7851=CARTESIAN_POINT('',(5.33847960955,1.75,2.512097820234));
#7852=CARTESIAN_POINT('Ctrl Pts',(5.4139914471761,1.50000000001609,2.91739551820915));
#7853=CARTESIAN_POINT('Ctrl Pts',(5.37545221054446,1.63205262497017,2.710542336255));
#7854=CARTESIAN_POINT('Ctrl Pts',(5.33847960954815,1.74999999999839,2.51209782023338));
#7855=CARTESIAN_POINT('',(5.698899909945,1.5,2.311934215419));
#7856=CARTESIAN_POINT('Ctrl Pts',(5.33847960954921,1.74999999999969,2.51209782023308));
#7857=CARTESIAN_POINT('Ctrl Pts',(5.51495095993868,1.63205262497142,2.41409240377436));
#7858=CARTESIAN_POINT('Ctrl Pts',(5.69889990992041,1.50000000001727,2.31193421543209));
#7859=CARTESIAN_POINT('',(5.736947121428,1.5,2.215837928627));
#7860=CARTESIAN_POINT('Origin',(0.,1.5,0.));
#7861=CARTESIAN_POINT('',(5.611233446141,1.75,1.823200266812));
#7862=CARTESIAN_POINT('Ctrl Pts',(5.7369471214212,1.50000000001616,2.21583792859919));
#7863=CARTESIAN_POINT('Ctrl Pts',(5.67278620001388,1.63205262497035,2.01544609291476));
#7864=CARTESIAN_POINT('Ctrl Pts',(5.61123344614326,1.74999999999866,1.82320026681046));
#7865=CARTESIAN_POINT('',(5.943724572983,1.5,1.579442370117));
#7866=CARTESIAN_POINT('Ctrl Pts',(5.6112334461414,1.7500000000014,1.82320026681125));
#7867=CARTESIAN_POINT('Ctrl Pts',(5.77402993147217,1.632052624973,1.7038499273582));
#7868=CARTESIAN_POINT('Ctrl Pts',(5.94372457296054,1.5000000000187,1.57944237013206));
#7869=CARTESIAN_POINT('',(5.969427712481,1.5,1.479335251205));
#7870=CARTESIAN_POINT('Origin',(0.,1.5,0.));
#7871=CARTESIAN_POINT('',(5.795494779299,1.75,1.105549756056));
#7872=CARTESIAN_POINT('Ctrl Pts',(5.96942771246781,1.50000000001797,1.47933525118091));
#7873=CARTESIAN_POINT('Ctrl Pts',(5.88065696234381,1.63205262497201,1.2885650607236));
#7874=CARTESIAN_POINT('Ctrl Pts',(5.79549477929778,1.7500000000002,1.10554975605671));
#7875=CARTESIAN_POINT('',(6.094813148896,1.5,0.822041775124));
#7876=CARTESIAN_POINT('Ctrl Pts',(5.79549477929787,1.7500000000002,1.10554975605474));
#7877=CARTESIAN_POINT('Ctrl Pts',(5.94204900174641,1.63205262497169,0.966736719756953));
#7878=CARTESIAN_POINT('Ctrl Pts',(6.09481314887454,1.50000000001725,0.822041775141871));
#7879=CARTESIAN_POINT('',(6.107766862546,1.5,0.71950257316));
#7880=CARTESIAN_POINT('Origin',(0.,1.5,0.));
#7881=CARTESIAN_POINT('',(5.888357697727,1.75,0.370464065223));
#7882=CARTESIAN_POINT('Ctrl Pts',(6.10776686253295,1.50000000001851,0.719502573136221));
#7883=CARTESIAN_POINT('Ctrl Pts',(5.99578625145026,1.63205262497267,0.541362587769868));
#7884=CARTESIAN_POINT('Ctrl Pts',(5.88835769772835,1.75000000000095,0.370464065222793));
#7885=CARTESIAN_POINT('Ctrl Pts',(5.88835769772581,1.75000000000027,0.370464065221863));
#7886=CARTESIAN_POINT('Ctrl Pts',(6.01635840965638,1.632052624972,0.214377496585022));
#7887=CARTESIAN_POINT('Ctrl Pts',(6.14978288056669,1.50000000001786,0.0516770902945443));
#7888=CARTESIAN_POINT('Origin',(0.,-14.2,0.));
#7889=CARTESIAN_POINT('',(-1.575,-14.2,3.348040471679));
#7890=CARTESIAN_POINT('',(1.575,-14.2,3.348040471679));
#7891=CARTESIAN_POINT('Origin',(0.,-14.2,0.));
#7892=CARTESIAN_POINT('',(1.575,-14.2,3.2));
#7893=CARTESIAN_POINT('',(1.575,-14.2,3.6));
#7894=CARTESIAN_POINT('',(-1.575,-14.2,3.2));
#7895=CARTESIAN_POINT('',(1.575,-14.2,3.2));
#7896=CARTESIAN_POINT('',(-1.575,-14.2,3.2));
#7897=CARTESIAN_POINT('Origin',(0.,0.,0.));
#7898=CARTESIAN_POINT('',(6.149782880585,0.,-0.05167709027414));
#7899=CARTESIAN_POINT('',(6.149782880585,0.,0.05167709027414));
#7900=CARTESIAN_POINT('Origin',(0.,0.,0.));
#7901=CARTESIAN_POINT('',(6.149782880585,8.627918658178E-16,-0.05167709027414));
#7902=CARTESIAN_POINT('',(6.149782880585,8.627918658178E-16,0.05167709027414));
#7903=CARTESIAN_POINT('Origin',(6.181371359226,-0.5,-0.01315748233526));
#7904=CARTESIAN_POINT('',(5.888357697727,0.,-0.370464065223));
#7905=CARTESIAN_POINT('',(5.888357697727,-0.5,-0.370464065223));
#7906=CARTESIAN_POINT('',(4.941852556182,5.551115123126E-17,-1.524650924909));
#7907=CARTESIAN_POINT('Origin',(5.888357697727,-0.5,-0.370464065223));
#7908=CARTESIAN_POINT('',(6.107766862546,0.,-0.71950257316));
#7909=CARTESIAN_POINT('',(4.971013617267,5.551115123126E-17,1.088856968027));
#7910=CARTESIAN_POINT('',(6.107766862546,8.627918658178E-16,-0.71950257316));
#7911=CARTESIAN_POINT('Origin',(0.,0.,0.));
#7912=CARTESIAN_POINT('',(6.094813148896,0.,-0.822041775124));
#7913=CARTESIAN_POINT('Origin',(0.,0.,0.));
#7914=CARTESIAN_POINT('',(6.094813148896,8.627918658178E-16,-0.822041775124));
#7915=CARTESIAN_POINT('Origin',(6.130980329966,-0.5,-0.787784991971));
#7916=CARTESIAN_POINT('',(5.795494779299,0.,-1.105549756056));
#7917=CARTESIAN_POINT('',(5.795494779299,-0.5,-1.105549756056));
#7918=CARTESIAN_POINT('',(4.711795142241,5.551115123126E-17,-2.132006957639));
#7919=CARTESIAN_POINT('Origin',(5.795494779299,-0.5,-1.105549756056));
#7920=CARTESIAN_POINT('',(5.969427712481,0.,-1.479335251205));
#7921=CARTESIAN_POINT('',(5.068285654817,5.551115123126E-17,0.457237794865));
#7922=CARTESIAN_POINT('',(5.969427712481,8.627918658178E-16,-1.479335251205));
#7923=CARTESIAN_POINT('Origin',(0.,0.,0.));
#7924=CARTESIAN_POINT('',(5.943724572983,0.,-1.579442370117));
#7925=CARTESIAN_POINT('Origin',(0.,0.,0.));
#7926=CARTESIAN_POINT('',(5.943724572983,8.627918658178E-16,-1.579442370117));
#7927=CARTESIAN_POINT('Origin',(5.983900078432,-0.5,-1.549988661683));
#7928=CARTESIAN_POINT('',(5.611233446141,0.,-1.823200266812));
#7929=CARTESIAN_POINT('',(5.611233446141,-0.5,-1.823200266812));
#7930=CARTESIAN_POINT('',(4.407429904217,5.551115123126E-17,-2.705739967049));
#7931=CARTESIAN_POINT('Origin',(5.611233446141,-0.5,-1.823200266812));
#7932=CARTESIAN_POINT('',(5.736947121428,0.,-2.215837928627));
#7933=CARTESIAN_POINT('',(5.085627799943,-2.775557561563E-17,-0.181592291464));
#7934=CARTESIAN_POINT('',(5.736947121428,8.627918658178E-16,-2.215837928627));
#7935=CARTESIAN_POINT('Origin',(0.,0.,0.));
#7936=CARTESIAN_POINT('',(5.698899909945,0.,-2.311934215419));
#7937=CARTESIAN_POINT('Origin',(0.,0.,0.));
#7938=CARTESIAN_POINT('',(5.698899909945,8.627918658178E-16,-2.311934215419));
#7939=CARTESIAN_POINT('Origin',(5.742450148052,-0.5,-2.287748084282));
#7940=CARTESIAN_POINT('',(5.33847960955,0.,-2.512097820234));
#7941=CARTESIAN_POINT('',(5.33847960955,-0.5,-2.512097820234));
#7942=CARTESIAN_POINT('',(4.033556863733,0.,-3.236801840847));
#7943=CARTESIAN_POINT('Origin',(5.33847960955,-0.5,-2.512097820234));
#7944=CARTESIAN_POINT('',(5.413991447183,0.,-2.917395518237));
#7945=CARTESIAN_POINT('',(5.022766556658,0.,-0.817558558878));
#7946=CARTESIAN_POINT('',(5.413991447183,8.627918658178E-16,-2.917395518237));
#7947=CARTESIAN_POINT('Origin',(0.,0.,0.));
#7948=CARTESIAN_POINT('',(5.36420019097,0.,-3.007965477062));
#7949=CARTESIAN_POINT('Origin',(0.,0.,0.));
#7950=CARTESIAN_POINT('',(5.36420019097,8.627918658178E-16,-3.007965477062));
#7951=CARTESIAN_POINT('Origin',(5.410438348465,-0.5,-2.989428352957));
#7952=CARTESIAN_POINT('',(4.981534760462,0.,-3.161378090376));
#7953=CARTESIAN_POINT('',(4.981534760462,-0.5,-3.161378090376));
#7954=CARTESIAN_POINT('',(3.596072221977,5.551115123126E-17,-3.716817416043));
#7955=CARTESIAN_POINT('Origin',(4.981534760462,-0.5,-3.161378090376));
#7956=CARTESIAN_POINT('',(5.005653893654,0.,-3.572944037757));
#7957=CARTESIAN_POINT('',(4.880693284318,5.551115123126E-17,-1.440631439433));
#7958=CARTESIAN_POINT('',(5.005653893654,8.627918658178E-16,-3.572944037757));
#7959=CARTESIAN_POINT('Origin',(0.,0.,0.));
#7960=CARTESIAN_POINT('',(4.944903830565,0.,-3.65655932626));
#7961=CARTESIAN_POINT('Origin',(0.,0.,0.));
#7962=CARTESIAN_POINT('',(4.944903830565,8.627918658178E-16,-3.65655932626));
#7963=CARTESIAN_POINT('Origin',(4.993100704082,-0.5,-3.643963550708));
#7964=CARTESIAN_POINT('',(4.546028132377,0.,-3.760801539517));
#7965=CARTESIAN_POINT('',(4.546028132377,-0.5,-3.760801539517));
#7966=CARTESIAN_POINT('',(3.101875373091,5.551115123126E-17,-4.138216560269));
#7967=CARTESIAN_POINT('Origin',(4.546028132377,-0.5,-3.760801539517));
#7968=CARTESIAN_POINT('',(4.51837418799,0.,-4.172145095428));
#7969=CARTESIAN_POINT('',(4.661648563301,0.,-2.040984701597));
#7970=CARTESIAN_POINT('',(4.51837418799,8.627918658178E-16,-4.172145095428));
#7971=CARTESIAN_POINT('Origin',(0.,0.,0.));
#7972=CARTESIAN_POINT('',(4.44762338281,0.,-4.247487050561));
#7973=CARTESIAN_POINT('Origin',(0.,0.,0.));
#7974=CARTESIAN_POINT('',(4.44762338281,8.627918658178E-16,-4.247487050561));
#7975=CARTESIAN_POINT('Origin',(4.497018878863,-0.5,-4.241031266467));
#7976=CARTESIAN_POINT('',(4.038827924979,0.,-4.300914901786));
#7977=CARTESIAN_POINT('',(4.038827924979,-0.5,-4.300914901786));
#7978=CARTESIAN_POINT('',(2.558760096601,0.,-4.494353557289));
#7979=CARTESIAN_POINT('Origin',(4.038827924979,-0.5,-4.300914901786));
#7980=CARTESIAN_POINT('',(3.959837022235,0.,-4.705548932626));
#7981=CARTESIAN_POINT('',(4.369086859706,0.,-2.609150415791));
#7982=CARTESIAN_POINT('',(3.959837022235,8.627918658178E-16,-4.705548932626));
#7983=CARTESIAN_POINT('Origin',(0.,0.,0.));
#7984=CARTESIAN_POINT('',(3.880201257427,0.,-4.771429366748));
#7985=CARTESIAN_POINT('Origin',(0.,0.,0.));
#7986=CARTESIAN_POINT('',(3.880201257427,8.627918658178E-16,-4.771429366748));
#7987=CARTESIAN_POINT('Origin',(3.930016379535,-0.5,-4.771215385684));
#7988=CARTESIAN_POINT('',(3.467932988526,0.,-4.773200266812));
#7989=CARTESIAN_POINT('',(3.467932988526,-0.5,-4.773200266812));
#7990=CARTESIAN_POINT('',(1.975291644859,5.551115123126E-17,-4.779611913914));
#7991=CARTESIAN_POINT('Origin',(3.467932988526,-0.5,-4.773200266812));
#7992=CARTESIAN_POINT('',(3.338850861148,0.,-5.164743452197));
#7993=CARTESIAN_POINT('',(4.007622046367,0.,-3.136168269297));
#7994=CARTESIAN_POINT('',(3.338850861148,8.627918658178E-16,-5.164743452197));
#7995=CARTESIAN_POINT('Origin',(0.,0.,0.));
#7996=CARTESIAN_POINT('',(3.251586040294,0.,-5.220123391508));
#7997=CARTESIAN_POINT('Origin',(0.,0.,0.));
#7998=CARTESIAN_POINT('',(3.251586040294,8.627918658178E-16,-5.220123391508));
#7999=CARTESIAN_POINT('Origin',(3.301035174224,-0.5,-5.226154588082));
#8000=CARTESIAN_POINT('',(2.8423466772,0.,-5.170209412259));
#8001=CARTESIAN_POINT('',(2.8423466772,-0.5,-5.170209412259));
#8002=CARTESIAN_POINT('',(1.360671663895,0.,-4.989492935454));
#8003=CARTESIAN_POINT('Origin',(2.8423466772,-0.5,-5.170209412259));
#8004=CARTESIAN_POINT('',(2.665209027447,0.,-5.542486882259));
#8005=CARTESIAN_POINT('',(3.58295463932,5.551115123126E-17,-3.61372687574));
#8006=CARTESIAN_POINT('',(2.665209027447,8.627918658178E-16,-5.542486882259));
#8007=CARTESIAN_POINT('Origin',(0.,0.,0.));
#8008=CARTESIAN_POINT('',(2.571691368902,0.,-5.586492952033));
#8009=CARTESIAN_POINT('Origin',(0.,0.,0.));
#8010=CARTESIAN_POINT('',(2.571691368902,8.627918658178E-16,-5.586492952033));
#8011=CARTESIAN_POINT('Origin',(2.619994672273,-0.5,-5.598674210674));
#8012=CARTESIAN_POINT('',(2.17193486084,0.,-5.485681266741));
#8013=CARTESIAN_POINT('',(2.17193486084,-0.5,-5.485681266741));
#8014=CARTESIAN_POINT('',(0.724593077965,0.,-5.120686672824));
#8015=CARTESIAN_POINT('Origin',(2.17193486084,-0.5,-5.485681266741));
#8016=CARTESIAN_POINT('',(1.949535255265,0.,-5.832821983267));
#8017=CARTESIAN_POINT('',(3.101781897258,5.551115123126E-17,-4.034294850618));
#8018=CARTESIAN_POINT('',(1.949535255265,8.627918658178E-16,-5.832821983267));
#8019=CARTESIAN_POINT('Origin',(0.,0.,0.));
#8020=CARTESIAN_POINT('',(1.851239588369,0.,-5.864760181496));
#8021=CARTESIAN_POINT('Origin',(0.,0.,0.));
#8022=CARTESIAN_POINT('',(1.851239588369,8.627918658178E-16,-5.864760181496));
#8023=CARTESIAN_POINT('Origin',(1.89763528923,-0.5,-5.882899396477));
#8024=CARTESIAN_POINT('',(1.467270334273,0.,-5.714640650659));
#8025=CARTESIAN_POINT('',(1.467270334273,-0.5,-5.714640650659));
#8026=CARTESIAN_POINT('',(0.07708722634538,0.,-5.171124122414));
#8027=CARTESIAN_POINT('Origin',(1.467270334273,-0.5,-5.714640650659));
#8028=CARTESIAN_POINT('',(1.203116147512,0.,-6.031169997239));
#8029=CARTESIAN_POINT('',(2.571692201761,-2.775557561563E-17,-4.391239585729));
#8030=CARTESIAN_POINT('',(1.203116147512,8.627918658178E-16,-6.031169997239));
#8031=CARTESIAN_POINT('Origin',(0.,0.,0.));
#8032=CARTESIAN_POINT('',(1.10159265365,0.,-6.050536639458));
#8033=CARTESIAN_POINT('Origin',(0.,0.,0.));
#8034=CARTESIAN_POINT('',(1.10159265365,8.627918658178E-16,-6.050536639458));
#8035=CARTESIAN_POINT('Origin',(1.145349064085,-0.5,-6.074347744524));
#8036=CARTESIAN_POINT('',(0.739466078029,0.,-5.853476737755));
#8037=CARTESIAN_POINT('',(0.739466078029,-0.5,-5.853476737755));
#8038=CARTESIAN_POINT('',(-0.571634336884,5.551115123126E-17,-5.140009855513));
#8039=CARTESIAN_POINT('Origin',(0.739466078029,-0.5,-5.853476737755));
#8040=CARTESIAN_POINT('',(0.437723179405,0.,-6.134402857509));
#8041=CARTESIAN_POINT('',(2.001045383987,0.,-4.678931849375));
#8042=CARTESIAN_POINT('',(0.437723179405,8.627918658178E-16,-6.134402857509));
#8043=CARTESIAN_POINT('Origin',(0.,0.,0.));
#8044=CARTESIAN_POINT('',(0.334572944723,0.,-6.140892520201));
#8045=CARTESIAN_POINT('Origin',(0.,0.,0.));
#8046=CARTESIAN_POINT('',(0.334572944723,8.627918658178E-16,-6.140892520201));
#8047=CARTESIAN_POINT('Origin',(0.375,-0.5,-6.17));
#8048=CARTESIAN_POINT('',(7.234783667114E-16,0.,-5.9));
#8049=CARTESIAN_POINT('',(7.234783667114E-16,-0.5,-5.9));
#8050=CARTESIAN_POINT('',(-1.211340885142,0.,-5.027834562698));
#8051=CARTESIAN_POINT('Origin',(7.244151189766E-16,-0.5,-5.9));
#8052=CARTESIAN_POINT('',(-0.334572944723,0.,-6.140892520201));
#8053=CARTESIAN_POINT('',(1.398840885142,0.,-4.892834562698));
#8054=CARTESIAN_POINT('',(-0.334572944723,8.627918658178E-16,-6.140892520201));
#8055=CARTESIAN_POINT('Origin',(0.,0.,0.));
#8056=CARTESIAN_POINT('',(-0.437723179405,0.,-6.134402857509));
#8057=CARTESIAN_POINT('Origin',(0.,0.,0.));
#8058=CARTESIAN_POINT('',(-0.437723179405,8.627918658178E-16,-6.134402857509));
#8059=CARTESIAN_POINT('Origin',(-0.401263038099,-0.5,-6.168347669697));
#8060=CARTESIAN_POINT('',(-0.739466078029,0.,-5.853476737755));
#8061=CARTESIAN_POINT('',(-0.739466078029,-0.5,-5.853476737755));
#8062=CARTESIAN_POINT('',(-1.831943864022,5.551115123126E-17,-4.836367315346));
#8063=CARTESIAN_POINT('Origin',(-0.739466078029,-0.5,-5.853476737755));
#8064=CARTESIAN_POINT('',(-1.10159265365,0.,-6.050536639458));
#8065=CARTESIAN_POINT('',(0.774575829911,5.551115123126E-17,-5.029574352129));
#8066=CARTESIAN_POINT('',(-1.10159265365,8.627918658178E-16,-6.050536639458));
#8067=CARTESIAN_POINT('Origin',(0.,0.,0.));
#8068=CARTESIAN_POINT('',(-1.203116147512,0.,-6.031169997239));
#8069=CARTESIAN_POINT('Origin',(0.,0.,0.));
#8070=CARTESIAN_POINT('',(-1.203116147512,8.627918658178E-16,-6.031169997239));
#8071=CARTESIAN_POINT('Origin',(-1.171197918384,-0.5,-6.06941681185));
#8072=CARTESIAN_POINT('',(-1.467270334273,0.,-5.714640650659));
#8073=CARTESIAN_POINT('',(-1.467270334273,-0.5,-5.714640650659));
#8074=CARTESIAN_POINT('',(-2.423655993816,0.,-4.568627666325));
#8075=CARTESIAN_POINT('Origin',(-1.467270334273,-0.5,-5.714640650659));
#8076=CARTESIAN_POINT('',(-1.851239588369,0.,-5.864760181496));
#8077=CARTESIAN_POINT('',(0.138095251133,0.,-5.086994749505));
#8078=CARTESIAN_POINT('',(-1.851239588369,8.627918658178E-16,-5.864760181496));
#8079=CARTESIAN_POINT('Origin',(0.,0.,0.));
#8080=CARTESIAN_POINT('',(-1.949535255265,0.,-5.832821983267));
#8081=CARTESIAN_POINT('Origin',(0.,0.,0.));
#8082=CARTESIAN_POINT('',(-1.949535255265,8.627918658178E-16,-5.832821983267));
#8083=CARTESIAN_POINT('Origin',(-1.922662307856,-0.5,-5.874767625187));
#8084=CARTESIAN_POINT('',(-2.17193486084,0.,-5.485681266741));
#8085=CARTESIAN_POINT('',(-2.17193486084,-0.5,-5.485681266741));
#8086=CARTESIAN_POINT('',(-2.977145620766,0.,-4.228838029841));
#8087=CARTESIAN_POINT('Origin',(-2.17193486084,-0.5,-5.485681266741));
#8088=CARTESIAN_POINT('',(-2.571691368902,0.,-5.586492952033));
#8089=CARTESIAN_POINT('',(-0.500563172249,0.,-5.064190200858));
#8090=CARTESIAN_POINT('',(-2.571691368902,8.627918658178E-16,-5.586492952033));
#8091=CARTESIAN_POINT('Origin',(0.,0.,0.));
#8092=CARTESIAN_POINT('',(-2.665209027447,0.,-5.542486882259));
#8093=CARTESIAN_POINT('Origin',(0.,0.,0.));
#8094=CARTESIAN_POINT('',(-2.665209027447,8.627918658178E-16,-5.542486882259));
#8095=CARTESIAN_POINT('Origin',(-2.643805164191,-0.5,-5.587469843659));
#8096=CARTESIAN_POINT('',(-2.8423466772,0.,-5.170209412259));
#8097=CARTESIAN_POINT('',(-2.8423466772,-0.5,-5.170209412259));
#8098=CARTESIAN_POINT('',(-3.483683882816,5.551115123126E-17,-3.82235709144));
#8099=CARTESIAN_POINT('Origin',(-2.8423466772,-0.5,-5.170209412259));
#8100=CARTESIAN_POINT('',(-3.251586040294,0.,-5.220123391508));
#8101=CARTESIAN_POINT('',(-1.131327415383,0.,-4.961520347542));
#8102=CARTESIAN_POINT('',(-3.251586040294,8.627918658178E-16,-5.220123391508));
#8103=CARTESIAN_POINT('Origin',(0.,0.,0.));
#8104=CARTESIAN_POINT('',(-3.338850861148,0.,-5.164743452197));
#8105=CARTESIAN_POINT('Origin',(0.,0.,0.));
#8106=CARTESIAN_POINT('',(-3.338850861148,8.627918658178E-16,-5.164743452197));
#8107=CARTESIAN_POINT('Origin',(-3.323253633754,-0.5,-5.212054324903));
#8108=CARTESIAN_POINT('',(-3.467932988526,0.,-4.773200266812));
#8109=CARTESIAN_POINT('',(-3.467932988526,-0.5,-4.773200266812));
#8110=CARTESIAN_POINT('',(-3.935282368981,5.551115123126E-17,-3.355595298343));
#8111=CARTESIAN_POINT('Origin',(-3.467932988526,-0.5,-4.773200266812));
#8112=CARTESIAN_POINT('',(-3.880201257427,0.,-4.771429366748));
#8113=CARTESIAN_POINT('',(-1.744249949354,0.,-4.780604354478));
#8114=CARTESIAN_POINT('',(-3.880201257427,8.627918658178E-16,-4.771429366748));
#8115=CARTESIAN_POINT('Origin',(0.,0.,0.));
#8116=CARTESIAN_POINT('',(-3.959837022235,0.,-4.705548932626));
#8117=CARTESIAN_POINT('Origin',(0.,0.,0.));
#8118=CARTESIAN_POINT('',(-3.959837022235,8.627918658178E-16,-4.705548932626));
#8119=CARTESIAN_POINT('Origin',(-3.950292408297,-0.5,-4.754441595913));
#8120=CARTESIAN_POINT('',(-4.038827924979,0.,-4.300914901786));
#8121=CARTESIAN_POINT('',(-4.038827924979,-0.5,-4.300914901786));
#8122=CARTESIAN_POINT('',(-4.324819101364,5.551115123126E-17,-2.835913762854));
#8123=CARTESIAN_POINT('Origin',(-4.038827924979,-0.5,-4.300914901786));
#8124=CARTESIAN_POINT('',(-4.44762338281,0.,-4.247487050561));
#8125=CARTESIAN_POINT('',(-2.329664619659,5.551115123126E-17,-4.524295374949));
#8126=CARTESIAN_POINT('',(-4.44762338281,8.627918658178E-16,-4.247487050561));
#8127=CARTESIAN_POINT('Origin',(0.,0.,0.));
#8128=CARTESIAN_POINT('',(-4.51837418799,0.,-4.172145095428));
#8129=CARTESIAN_POINT('Origin',(0.,0.,0.));
#8130=CARTESIAN_POINT('',(-4.51837418799,8.627918658178E-16,-4.172145095428));
#8131=CARTESIAN_POINT('Origin',(-4.515032711771,-0.5,-4.22184848279));
#8132=CARTESIAN_POINT('',(-4.546028132377,0.,-3.760801539517));
#8133=CARTESIAN_POINT('',(-4.546028132377,-0.5,-3.760801539517));
#8134=CARTESIAN_POINT('',(-4.646150852997,0.,-2.271508173233));
#8135=CARTESIAN_POINT('Origin',(-4.546028132377,-0.5,-3.760801539517));
#8136=CARTESIAN_POINT('',(-4.944903830565,0.,-3.65655932626));
#8137=CARTESIAN_POINT('',(-2.878339087239,5.551115123126E-17,-4.196635554673));
#8138=CARTESIAN_POINT('',(-4.944903830565,8.627918658178E-16,-3.65655932626));
#8139=CARTESIAN_POINT('Origin',(0.,0.,0.));
#8140=CARTESIAN_POINT('',(-5.005653893654,0.,-3.572944037757));
#8141=CARTESIAN_POINT('Origin',(0.,0.,0.));
#8142=CARTESIAN_POINT('',(-5.005653893654,8.627918658178E-16,-3.572944037757));
#8143=CARTESIAN_POINT('Origin',(-5.00856825223,-0.5,-3.622674297084));
#8144=CARTESIAN_POINT('',(-4.981534760462,0.,-3.161378090376));
#8145=CARTESIAN_POINT('',(-4.981534760462,-0.5,-3.161378090376));
#8146=CARTESIAN_POINT('',(-4.894210030203,-2.775557561563E-17,-1.671279542787));
#8147=CARTESIAN_POINT('Origin',(-4.981534760462,-0.5,-3.161378090376));
#8148=CARTESIAN_POINT('',(-5.36420019097,0.,-3.007965477062));
#8149=CARTESIAN_POINT('',(-3.381620427976,-2.775557561563E-17,-3.802792284752));
#8150=CARTESIAN_POINT('',(-5.36420019097,8.627918658178E-16,-3.007965477062));
#8151=CARTESIAN_POINT('Origin',(0.,0.,0.));
#8152=CARTESIAN_POINT('',(-5.413991447183,0.,-2.917395518237));
#8153=CARTESIAN_POINT('Origin',(0.,0.,0.));
#8154=CARTESIAN_POINT('',(-5.413991447183,8.627918658178E-16,-2.917395518237));
#8155=CARTESIAN_POINT('Origin',(-5.423115679378,-0.5,-2.966368373631));
#8156=CARTESIAN_POINT('',(-5.33847960955,0.,-2.512097820234));
#8157=CARTESIAN_POINT('',(-5.33847960955,-0.5,-2.512097820234));
#8158=CARTESIAN_POINT('',(-5.065084591572,5.551115123126E-17,-1.044693835577));
#8159=CARTESIAN_POINT('Origin',(-5.33847960955,-0.5,-2.512097820234));
#8160=CARTESIAN_POINT('',(-5.698899909945,0.,-2.311934215419));
#8161=CARTESIAN_POINT('',(-3.831571594481,0.,-3.348976708823));
#8162=CARTESIAN_POINT('',(-5.698899909945,8.627918658178E-16,-2.311934215419));
#8163=CARTESIAN_POINT('Origin',(0.,0.,0.));
#8164=CARTESIAN_POINT('',(-5.736947121428,0.,-2.215837928627));
#8165=CARTESIAN_POINT('Origin',(0.,0.,0.));
#8166=CARTESIAN_POINT('',(-5.736947121428,8.627918658178E-16,-2.215837928627));
#8167=CARTESIAN_POINT('Origin',(-5.75213733265,-0.5,-2.263281048904));
#8168=CARTESIAN_POINT('',(-5.611233446141,0.,-1.823200266812));
#8169=CARTESIAN_POINT('',(-5.611233446141,-0.5,-1.823200266812));
#8170=CARTESIAN_POINT('',(-5.156079743198,5.551115123126E-17,-0.40163268251));
#8171=CARTESIAN_POINT('Origin',(-5.611233446141,-0.5,-1.823200266812));
#8172=CARTESIAN_POINT('',(-5.943724572983,0.,-1.579442370117));
#8173=CARTESIAN_POINT('',(-4.221096588072,5.551115123126E-17,-2.842345769613));
#8174=CARTESIAN_POINT('',(-5.943724572983,8.627918658178E-16,-1.579442370117));
#8175=CARTESIAN_POINT('Origin',(0.,0.,0.));
#8176=CARTESIAN_POINT('',(-5.969427712481,0.,-1.479335251205));
#8177=CARTESIAN_POINT('Origin',(0.,0.,0.));
#8178=CARTESIAN_POINT('',(-5.969427712481,8.627918658178E-16,-1.479335251205));
#8179=CARTESIAN_POINT('Origin',(-5.990444344026,-0.5,-1.524500430017));
#8180=CARTESIAN_POINT('',(-5.795494779299,0.,-1.105549756056));
#8181=CARTESIAN_POINT('',(-5.795494779299,-0.5,-1.105549756056));
#8182=CARTESIAN_POINT('',(-5.16576043718,5.551115123126E-17,0.247762457884));
#8183=CARTESIAN_POINT('Origin',(-5.795494779299,-0.5,-1.105549756056));
#8184=CARTESIAN_POINT('',(-6.094813148896,0.,-0.822041775124));
#8185=CARTESIAN_POINT('',(-4.544052366908,5.551115123126E-17,-2.290889339682));
#8186=CARTESIAN_POINT('',(-6.094813148896,8.627918658178E-16,-0.822041775124));
#8187=CARTESIAN_POINT('Origin',(0.,0.,0.));
#8188=CARTESIAN_POINT('',(-6.107766862546,0.,-0.71950257316));
#8189=CARTESIAN_POINT('Origin',(0.,0.,0.));
#8190=CARTESIAN_POINT('',(-6.107766862546,8.627918658178E-16,-0.71950257316));
#8191=CARTESIAN_POINT('Origin',(-6.134278469579,-0.5,-0.761677528656));
#8192=CARTESIAN_POINT('',(-5.888357697727,0.,-0.370464065223));
#8193=CARTESIAN_POINT('',(-5.888357697727,-0.5,-0.370464065223));
#8194=CARTESIAN_POINT('',(-5.093974003193,5.551115123126E-17,0.893250236311));
#8195=CARTESIAN_POINT('Origin',(-5.888357697727,-0.5,-0.370464065223));
#8196=CARTESIAN_POINT('',(-6.149782880585,0.,-0.05167709027414));
#8197=CARTESIAN_POINT('',(-4.795345725433,0.,-1.703304216353));
#8198=CARTESIAN_POINT('',(-6.149782880585,8.627918658178E-16,-0.05167709027414));
#8199=CARTESIAN_POINT('Origin',(0.,0.,0.));
#8200=CARTESIAN_POINT('',(-6.149782880585,0.,0.05167709027414));
#8201=CARTESIAN_POINT('',(-6.149782880585,8.627918658178E-16,0.05167709027414));
#8202=CARTESIAN_POINT('Origin',(0.,0.,0.));
#8203=CARTESIAN_POINT('Origin',(-6.181371359226,-0.5,0.01315748233526));
#8204=CARTESIAN_POINT('',(-5.888357697727,0.,0.370464065223));
#8205=CARTESIAN_POINT('',(-5.888357697727,-0.5,0.370464065223));
#8206=CARTESIAN_POINT('',(-4.941852556182,5.551115123126E-17,1.524650924909));
#8207=CARTESIAN_POINT('Origin',(-5.888357697727,-0.5,0.370464065223));
#8208=CARTESIAN_POINT('',(-6.107766862546,0.,0.71950257316));
#8209=CARTESIAN_POINT('',(-4.971013617267,0.,-1.088856968027));
#8210=CARTESIAN_POINT('',(-6.107766862546,8.627918658178E-16,0.71950257316));
#8211=CARTESIAN_POINT('Origin',(0.,0.,0.));
#8212=CARTESIAN_POINT('',(-6.094813148896,0.,0.822041775124));
#8213=CARTESIAN_POINT('',(-6.094813148896,8.627918658178E-16,0.822041775124));
#8214=CARTESIAN_POINT('Origin',(0.,0.,0.));
#8215=CARTESIAN_POINT('Origin',(-6.130980329966,-0.5,0.787784991971));
#8216=CARTESIAN_POINT('',(-5.795494779299,0.,1.105549756056));
#8217=CARTESIAN_POINT('',(-5.795494779299,-0.5,1.105549756056));
#8218=CARTESIAN_POINT('',(-4.711795142241,5.551115123126E-17,2.132006957639));
#8219=CARTESIAN_POINT('Origin',(-5.795494779299,-0.5,1.105549756056));
#8220=CARTESIAN_POINT('',(-5.969427712481,0.,1.479335251205));
#8221=CARTESIAN_POINT('',(-5.068285654817,5.551115123126E-17,-0.457237794865));
#8222=CARTESIAN_POINT('',(-5.969427712481,8.627918658178E-16,1.479335251205));
#8223=CARTESIAN_POINT('Origin',(0.,0.,0.));
#8224=CARTESIAN_POINT('',(-5.943724572983,0.,1.579442370117));
#8225=CARTESIAN_POINT('',(-5.943724572983,8.627918658178E-16,1.579442370117));
#8226=CARTESIAN_POINT('Origin',(0.,0.,0.));
#8227=CARTESIAN_POINT('Origin',(-5.983900078432,-0.5,1.549988661683));
#8228=CARTESIAN_POINT('',(-5.611233446141,0.,1.823200266812));
#8229=CARTESIAN_POINT('',(-5.611233446141,-0.5,1.823200266812));
#8230=CARTESIAN_POINT('',(-4.407429904217,5.551115123126E-17,2.705739967049));
#8231=CARTESIAN_POINT('Origin',(-5.611233446141,-0.5,1.823200266812));
#8232=CARTESIAN_POINT('',(-5.736947121428,0.,2.215837928627));
#8233=CARTESIAN_POINT('',(-5.085627799943,0.,0.181592291464));
#8234=CARTESIAN_POINT('',(-5.736947121428,8.627918658178E-16,2.215837928627));
#8235=CARTESIAN_POINT('Origin',(0.,0.,0.));
#8236=CARTESIAN_POINT('',(-5.698899909945,0.,2.311934215419));
#8237=CARTESIAN_POINT('',(-5.698899909945,8.627918658178E-16,2.311934215419));
#8238=CARTESIAN_POINT('Origin',(0.,0.,0.));
#8239=CARTESIAN_POINT('Origin',(-5.742450148052,-0.5,2.287748084282));
#8240=CARTESIAN_POINT('',(-5.33847960955,0.,2.512097820234));
#8241=CARTESIAN_POINT('',(-5.33847960955,-0.5,2.512097820234));
#8242=CARTESIAN_POINT('',(-4.033556863733,5.551115123126E-17,3.236801840847));
#8243=CARTESIAN_POINT('Origin',(-5.33847960955,-0.5,2.512097820234));
#8244=CARTESIAN_POINT('',(-5.413991447183,0.,2.917395518237));
#8245=CARTESIAN_POINT('',(-5.022766556658,5.551115123126E-17,0.817558558878));
#8246=CARTESIAN_POINT('',(-5.413991447183,8.627918658178E-16,2.917395518237));
#8247=CARTESIAN_POINT('Origin',(0.,0.,0.));
#8248=CARTESIAN_POINT('',(-5.36420019097,0.,3.007965477062));
#8249=CARTESIAN_POINT('',(-5.36420019097,8.627918658178E-16,3.007965477062));
#8250=CARTESIAN_POINT('Origin',(0.,0.,0.));
#8251=CARTESIAN_POINT('Origin',(-5.410438348465,-0.5,2.989428352957));
#8252=CARTESIAN_POINT('',(-4.981534760462,0.,3.161378090376));
#8253=CARTESIAN_POINT('',(-4.981534760462,-0.5,3.161378090376));
#8254=CARTESIAN_POINT('',(-3.596072221977,0.,3.716817416043));
#8255=CARTESIAN_POINT('Origin',(-4.981534760462,-0.5,3.161378090376));
#8256=CARTESIAN_POINT('',(-5.005653893654,0.,3.572944037757));
#8257=CARTESIAN_POINT('',(-4.880693284318,0.,1.440631439433));
#8258=CARTESIAN_POINT('',(-5.005653893654,8.627918658178E-16,3.572944037757));
#8259=CARTESIAN_POINT('Origin',(0.,0.,0.));
#8260=CARTESIAN_POINT('',(-4.944903830565,0.,3.65655932626));
#8261=CARTESIAN_POINT('',(-4.944903830565,8.627918658178E-16,3.65655932626));
#8262=CARTESIAN_POINT('Origin',(0.,0.,0.));
#8263=CARTESIAN_POINT('Origin',(-4.993100704082,-0.5,3.643963550708));
#8264=CARTESIAN_POINT('',(-4.546028132377,0.,3.760801539517));
#8265=CARTESIAN_POINT('',(-4.546028132377,-0.5,3.760801539517));
#8266=CARTESIAN_POINT('',(-3.101875373091,0.,4.138216560269));
#8267=CARTESIAN_POINT('Origin',(-4.546028132377,-0.5,3.760801539517));
#8268=CARTESIAN_POINT('',(-4.51837418799,0.,4.172145095428));
#8269=CARTESIAN_POINT('',(-4.661648563301,5.551115123126E-17,2.040984701597));
#8270=CARTESIAN_POINT('',(-4.51837418799,8.627918658178E-16,4.172145095428));
#8271=CARTESIAN_POINT('Origin',(0.,0.,0.));
#8272=CARTESIAN_POINT('',(-4.44762338281,0.,4.247487050561));
#8273=CARTESIAN_POINT('',(-4.44762338281,8.627918658178E-16,4.247487050561));
#8274=CARTESIAN_POINT('Origin',(0.,0.,0.));
#8275=CARTESIAN_POINT('Origin',(-4.497018878863,-0.5,4.241031266467));
#8276=CARTESIAN_POINT('',(-4.038827924979,0.,4.300914901786));
#8277=CARTESIAN_POINT('',(-4.038827924979,-0.5,4.300914901786));
#8278=CARTESIAN_POINT('',(-2.558760096601,0.,4.494353557289));
#8279=CARTESIAN_POINT('Origin',(-4.038827924979,-0.5,4.300914901786));
#8280=CARTESIAN_POINT('',(-3.959837022235,0.,4.705548932626));
#8281=CARTESIAN_POINT('',(-4.369086859706,0.,2.609150415791));
#8282=CARTESIAN_POINT('',(-3.959837022235,8.627918658178E-16,4.705548932626));
#8283=CARTESIAN_POINT('Origin',(0.,0.,0.));
#8284=CARTESIAN_POINT('',(-3.880201257427,0.,4.771429366748));
#8285=CARTESIAN_POINT('',(-3.880201257427,8.627918658178E-16,4.771429366748));
#8286=CARTESIAN_POINT('Origin',(0.,0.,0.));
#8287=CARTESIAN_POINT('Origin',(-3.930016379535,-0.5,4.771215385684));
#8288=CARTESIAN_POINT('',(-3.467932988526,0.,4.773200266812));
#8289=CARTESIAN_POINT('',(-3.467932988526,-0.5,4.773200266812));
#8290=CARTESIAN_POINT('',(-1.975291644859,0.,4.779611913914));
#8291=CARTESIAN_POINT('Origin',(-3.467932988526,-0.5,4.773200266812));
#8292=CARTESIAN_POINT('',(-3.338850861148,0.,5.164743452197));
#8293=CARTESIAN_POINT('',(-4.007622046367,5.551115123126E-17,3.136168269297));
#8294=CARTESIAN_POINT('',(-3.338850861148,8.627918658178E-16,5.164743452197));
#8295=CARTESIAN_POINT('Origin',(0.,0.,0.));
#8296=CARTESIAN_POINT('',(-3.251586040294,0.,5.220123391508));
#8297=CARTESIAN_POINT('',(-3.251586040294,8.627918658178E-16,5.220123391508));
#8298=CARTESIAN_POINT('Origin',(0.,0.,0.));
#8299=CARTESIAN_POINT('Origin',(-3.301035174224,-0.5,5.226154588082));
#8300=CARTESIAN_POINT('',(-2.8423466772,0.,5.170209412259));
#8301=CARTESIAN_POINT('',(-2.8423466772,-0.5,5.170209412259));
#8302=CARTESIAN_POINT('',(-1.360671663895,5.551115123126E-17,4.989492935454));
#8303=CARTESIAN_POINT('Origin',(-2.8423466772,-0.5,5.170209412259));
#8304=CARTESIAN_POINT('',(-2.665209027447,0.,5.542486882259));
#8305=CARTESIAN_POINT('',(-3.58295463932,0.,3.61372687574));
#8306=CARTESIAN_POINT('',(-2.665209027447,8.627918658178E-16,5.542486882259));
#8307=CARTESIAN_POINT('Origin',(0.,0.,0.));
#8308=CARTESIAN_POINT('',(-2.571691368902,0.,5.586492952033));
#8309=CARTESIAN_POINT('',(-2.571691368902,8.627918658178E-16,5.586492952033));
#8310=CARTESIAN_POINT('Origin',(0.,0.,0.));
#8311=CARTESIAN_POINT('Origin',(-2.619994672273,-0.5,5.598674210674));
#8312=CARTESIAN_POINT('',(-2.17193486084,0.,5.485681266741));
#8313=CARTESIAN_POINT('',(-2.17193486084,-0.5,5.485681266741));
#8314=CARTESIAN_POINT('',(-0.724593077965,5.551115123126E-17,5.120686672824));
#8315=CARTESIAN_POINT('Origin',(-2.17193486084,-0.5,5.485681266741));
#8316=CARTESIAN_POINT('',(-1.949535255265,0.,5.832821983267));
#8317=CARTESIAN_POINT('',(-3.101781897258,0.,4.034294850618));
#8318=CARTESIAN_POINT('',(-1.949535255265,8.627918658178E-16,5.832821983267));
#8319=CARTESIAN_POINT('Origin',(0.,0.,0.));
#8320=CARTESIAN_POINT('',(-1.851239588369,0.,5.864760181496));
#8321=CARTESIAN_POINT('',(-1.851239588369,8.627918658178E-16,5.864760181496));
#8322=CARTESIAN_POINT('Origin',(0.,0.,0.));
#8323=CARTESIAN_POINT('Origin',(-1.89763528923,-0.5,5.882899396477));
#8324=CARTESIAN_POINT('',(-1.467270334273,0.,5.714640650659));
#8325=CARTESIAN_POINT('',(-1.467270334273,-0.5,5.714640650659));
#8326=CARTESIAN_POINT('',(-0.07708722634538,0.,5.171124122414));
#8327=CARTESIAN_POINT('Origin',(-1.467270334273,-0.5,5.714640650659));
#8328=CARTESIAN_POINT('',(-1.203116147512,0.,6.031169997239));
#8329=CARTESIAN_POINT('',(-2.571692201761,0.,4.391239585729));
#8330=CARTESIAN_POINT('',(-1.203116147512,8.627918658178E-16,6.031169997239));
#8331=CARTESIAN_POINT('Origin',(0.,0.,0.));
#8332=CARTESIAN_POINT('',(-1.10159265365,0.,6.050536639458));
#8333=CARTESIAN_POINT('',(-1.10159265365,8.627918658178E-16,6.050536639458));
#8334=CARTESIAN_POINT('Origin',(0.,0.,0.));
#8335=CARTESIAN_POINT('Origin',(-1.145349064085,-0.5,6.074347744524));
#8336=CARTESIAN_POINT('',(-0.739466078029,0.,5.853476737755));
#8337=CARTESIAN_POINT('',(-0.739466078029,-0.5,5.853476737755));
#8338=CARTESIAN_POINT('',(0.571634336884,0.,5.140009855513));
#8339=CARTESIAN_POINT('Origin',(-0.739466078029,-0.5,5.853476737755));
#8340=CARTESIAN_POINT('',(-0.437723179405,0.,6.134402857509));
#8341=CARTESIAN_POINT('',(-2.001045383987,0.,4.678931849375));
#8342=CARTESIAN_POINT('',(-0.437723179405,8.627918658178E-16,6.134402857509));
#8343=CARTESIAN_POINT('Origin',(0.,0.,0.));
#8344=CARTESIAN_POINT('',(-0.334572944723,0.,6.140892520201));
#8345=CARTESIAN_POINT('',(-0.334572944723,8.627918658178E-16,6.140892520201));
#8346=CARTESIAN_POINT('Origin',(0.,0.,0.));
#8347=CARTESIAN_POINT('Origin',(-0.375,-0.5,6.17));
#8348=CARTESIAN_POINT('',(-9.367552144922E-19,0.,5.9));
#8349=CARTESIAN_POINT('',(-9.367552144922E-19,-0.5,5.9));
#8350=CARTESIAN_POINT('',(1.211340885142,0.,5.027834562698));
#8351=CARTESIAN_POINT('Origin',(-1.873507479706E-18,-0.5,5.9));
#8352=CARTESIAN_POINT('',(0.334572944723,0.,6.140892520201));
#8353=CARTESIAN_POINT('',(-1.398840885142,0.,4.892834562698));
#8354=CARTESIAN_POINT('',(0.334572944723,8.627918658178E-16,6.140892520201));
#8355=CARTESIAN_POINT('Origin',(0.,0.,0.));
#8356=CARTESIAN_POINT('',(0.437723179405,0.,6.134402857509));
#8357=CARTESIAN_POINT('',(0.437723179405,8.627918658178E-16,6.134402857509));
#8358=CARTESIAN_POINT('Origin',(0.,0.,0.));
#8359=CARTESIAN_POINT('Origin',(0.401263038099,-0.5,6.168347669697));
#8360=CARTESIAN_POINT('',(0.739466078029,0.,5.853476737755));
#8361=CARTESIAN_POINT('',(0.739466078029,-0.5,5.853476737755));
#8362=CARTESIAN_POINT('',(1.831943864022,5.551115123126E-17,4.836367315346));
#8363=CARTESIAN_POINT('Origin',(0.739466078029,-0.5,5.853476737755));
#8364=CARTESIAN_POINT('',(1.10159265365,0.,6.050536639458));
#8365=CARTESIAN_POINT('',(-0.774575829911,0.,5.029574352129));
#8366=CARTESIAN_POINT('',(1.10159265365,8.627918658178E-16,6.050536639458));
#8367=CARTESIAN_POINT('Origin',(0.,0.,0.));
#8368=CARTESIAN_POINT('',(1.203116147512,0.,6.031169997239));
#8369=CARTESIAN_POINT('',(1.203116147512,8.627918658178E-16,6.031169997239));
#8370=CARTESIAN_POINT('Origin',(0.,0.,0.));
#8371=CARTESIAN_POINT('Origin',(1.171197918384,-0.5,6.06941681185));
#8372=CARTESIAN_POINT('',(1.467270334273,0.,5.714640650659));
#8373=CARTESIAN_POINT('',(1.467270334273,-0.5,5.714640650659));
#8374=CARTESIAN_POINT('',(2.423655993816,0.,4.568627666325));
#8375=CARTESIAN_POINT('Origin',(1.467270334273,-0.5,5.714640650659));
#8376=CARTESIAN_POINT('',(1.851239588369,0.,5.864760181496));
#8377=CARTESIAN_POINT('',(-0.138095251133,5.551115123126E-17,5.086994749505));
#8378=CARTESIAN_POINT('',(1.851239588369,8.627918658178E-16,5.864760181496));
#8379=CARTESIAN_POINT('Origin',(0.,0.,0.));
#8380=CARTESIAN_POINT('',(1.949535255265,0.,5.832821983267));
#8381=CARTESIAN_POINT('',(1.949535255265,8.627918658178E-16,5.832821983267));
#8382=CARTESIAN_POINT('Origin',(0.,0.,0.));
#8383=CARTESIAN_POINT('Origin',(1.922662307856,-0.5,5.874767625187));
#8384=CARTESIAN_POINT('',(2.17193486084,0.,5.485681266741));
#8385=CARTESIAN_POINT('',(2.17193486084,-0.5,5.485681266741));
#8386=CARTESIAN_POINT('',(2.977145620766,5.551115123126E-17,4.228838029841));
#8387=CARTESIAN_POINT('Origin',(2.17193486084,-0.5,5.485681266741));
#8388=CARTESIAN_POINT('',(2.571691368902,0.,5.586492952033));
#8389=CARTESIAN_POINT('',(0.500563172249,5.551115123126E-17,5.064190200858));
#8390=CARTESIAN_POINT('',(2.571691368902,8.627918658178E-16,5.586492952033));
#8391=CARTESIAN_POINT('Origin',(0.,0.,0.));
#8392=CARTESIAN_POINT('',(2.665209027447,0.,5.542486882259));
#8393=CARTESIAN_POINT('',(2.665209027447,8.627918658178E-16,5.542486882259));
#8394=CARTESIAN_POINT('Origin',(0.,0.,0.));
#8395=CARTESIAN_POINT('Origin',(2.643805164191,-0.5,5.587469843659));
#8396=CARTESIAN_POINT('',(2.8423466772,0.,5.170209412259));
#8397=CARTESIAN_POINT('',(2.8423466772,-0.5,5.170209412259));
#8398=CARTESIAN_POINT('',(3.483683882816,5.551115123126E-17,3.82235709144));
#8399=CARTESIAN_POINT('Origin',(2.8423466772,-0.5,5.170209412259));
#8400=CARTESIAN_POINT('',(3.251586040294,0.,5.220123391508));
#8401=CARTESIAN_POINT('',(1.131327415383,5.551115123126E-17,4.961520347542));
#8402=CARTESIAN_POINT('',(3.251586040294,8.627918658178E-16,5.220123391508));
#8403=CARTESIAN_POINT('Origin',(0.,0.,0.));
#8404=CARTESIAN_POINT('',(3.338850861148,0.,5.164743452197));
#8405=CARTESIAN_POINT('',(3.338850861148,8.627918658178E-16,5.164743452197));
#8406=CARTESIAN_POINT('Origin',(0.,0.,0.));
#8407=CARTESIAN_POINT('Origin',(3.323253633754,-0.5,5.212054324903));
#8408=CARTESIAN_POINT('',(3.467932988526,0.,4.773200266812));
#8409=CARTESIAN_POINT('',(3.467932988526,-0.5,4.773200266812));
#8410=CARTESIAN_POINT('',(3.935282368981,0.,3.355595298343));
#8411=CARTESIAN_POINT('Origin',(3.467932988526,-0.5,4.773200266812));
#8412=CARTESIAN_POINT('',(3.880201257427,0.,4.771429366748));
#8413=CARTESIAN_POINT('',(1.744249949354,0.,4.780604354478));
#8414=CARTESIAN_POINT('',(3.880201257427,8.627918658178E-16,4.771429366748));
#8415=CARTESIAN_POINT('Origin',(0.,0.,0.));
#8416=CARTESIAN_POINT('',(3.959837022235,0.,4.705548932626));
#8417=CARTESIAN_POINT('',(3.959837022235,8.627918658178E-16,4.705548932626));
#8418=CARTESIAN_POINT('Origin',(0.,0.,0.));
#8419=CARTESIAN_POINT('Origin',(3.950292408297,-0.5,4.754441595913));
#8420=CARTESIAN_POINT('',(4.038827924979,0.,4.300914901786));
#8421=CARTESIAN_POINT('',(4.038827924979,-0.5,4.300914901786));
#8422=CARTESIAN_POINT('',(4.324819101364,0.,2.835913762854));
#8423=CARTESIAN_POINT('Origin',(4.038827924979,-0.5,4.300914901786));
#8424=CARTESIAN_POINT('',(4.44762338281,0.,4.247487050561));
#8425=CARTESIAN_POINT('',(2.329664619659,0.,4.524295374949));
#8426=CARTESIAN_POINT('',(4.44762338281,8.627918658178E-16,4.247487050561));
#8427=CARTESIAN_POINT('Origin',(0.,0.,0.));
#8428=CARTESIAN_POINT('',(4.51837418799,0.,4.172145095428));
#8429=CARTESIAN_POINT('',(4.51837418799,8.627918658178E-16,4.172145095428));
#8430=CARTESIAN_POINT('Origin',(0.,0.,0.));
#8431=CARTESIAN_POINT('Origin',(4.515032711771,-0.5,4.22184848279));
#8432=CARTESIAN_POINT('',(4.546028132377,0.,3.760801539517));
#8433=CARTESIAN_POINT('',(4.546028132377,-0.5,3.760801539517));
#8434=CARTESIAN_POINT('',(4.646150852997,0.,2.271508173233));
#8435=CARTESIAN_POINT('Origin',(4.546028132377,-0.5,3.760801539517));
#8436=CARTESIAN_POINT('',(4.944903830565,0.,3.65655932626));
#8437=CARTESIAN_POINT('',(2.878339087239,5.551115123126E-17,4.196635554673));
#8438=CARTESIAN_POINT('',(4.944903830565,8.627918658178E-16,3.65655932626));
#8439=CARTESIAN_POINT('Origin',(0.,0.,0.));
#8440=CARTESIAN_POINT('',(5.005653893654,0.,3.572944037757));
#8441=CARTESIAN_POINT('',(5.005653893654,8.627918658178E-16,3.572944037757));
#8442=CARTESIAN_POINT('Origin',(0.,0.,0.));
#8443=CARTESIAN_POINT('Origin',(5.00856825223,-0.5,3.622674297084));
#8444=CARTESIAN_POINT('',(4.981534760462,0.,3.161378090376));
#8445=CARTESIAN_POINT('',(4.981534760462,-0.5,3.161378090376));
#8446=CARTESIAN_POINT('',(4.894210030203,5.551115123126E-17,1.671279542787));
#8447=CARTESIAN_POINT('Origin',(4.981534760462,-0.5,3.161378090376));
#8448=CARTESIAN_POINT('',(5.36420019097,0.,3.007965477062));
#8449=CARTESIAN_POINT('',(3.381620427976,0.,3.802792284752));
#8450=CARTESIAN_POINT('',(5.36420019097,8.627918658178E-16,3.007965477062));
#8451=CARTESIAN_POINT('Origin',(0.,0.,0.));
#8452=CARTESIAN_POINT('',(5.413991447183,0.,2.917395518237));
#8453=CARTESIAN_POINT('',(5.413991447183,8.627918658178E-16,2.917395518237));
#8454=CARTESIAN_POINT('Origin',(0.,0.,0.));
#8455=CARTESIAN_POINT('Origin',(5.423115679378,-0.5,2.966368373631));
#8456=CARTESIAN_POINT('',(5.33847960955,0.,2.512097820234));
#8457=CARTESIAN_POINT('',(5.33847960955,-0.5,2.512097820234));
#8458=CARTESIAN_POINT('',(5.065084591572,0.,1.044693835577));
#8459=CARTESIAN_POINT('Origin',(5.33847960955,-0.5,2.512097820234));
#8460=CARTESIAN_POINT('',(5.698899909945,0.,2.311934215419));
#8461=CARTESIAN_POINT('',(3.831571594481,0.,3.348976708823));
#8462=CARTESIAN_POINT('',(5.698899909945,8.627918658178E-16,2.311934215419));
#8463=CARTESIAN_POINT('Origin',(0.,0.,0.));
#8464=CARTESIAN_POINT('',(5.736947121428,0.,2.215837928627));
#8465=CARTESIAN_POINT('',(5.736947121428,8.627918658178E-16,2.215837928627));
#8466=CARTESIAN_POINT('Origin',(0.,0.,0.));
#8467=CARTESIAN_POINT('Origin',(5.75213733265,-0.5,2.263281048904));
#8468=CARTESIAN_POINT('',(5.611233446141,0.,1.823200266812));
#8469=CARTESIAN_POINT('',(5.611233446141,-0.5,1.823200266812));
#8470=CARTESIAN_POINT('',(5.156079743198,5.551115123126E-17,0.40163268251));
#8471=CARTESIAN_POINT('Origin',(5.611233446141,-0.5,1.823200266812));
#8472=CARTESIAN_POINT('',(5.943724572983,0.,1.579442370117));
#8473=CARTESIAN_POINT('',(4.221096588072,5.551115123126E-17,2.842345769613));
#8474=CARTESIAN_POINT('',(5.943724572983,8.627918658178E-16,1.579442370117));
#8475=CARTESIAN_POINT('Origin',(0.,0.,0.));
#8476=CARTESIAN_POINT('',(5.969427712481,0.,1.479335251205));
#8477=CARTESIAN_POINT('',(5.969427712481,8.627918658178E-16,1.479335251205));
#8478=CARTESIAN_POINT('Origin',(0.,0.,0.));
#8479=CARTESIAN_POINT('Origin',(5.990444344026,-0.5,1.524500430017));
#8480=CARTESIAN_POINT('',(5.795494779299,0.,1.105549756056));
#8481=CARTESIAN_POINT('',(5.795494779299,-0.5,1.105549756056));
#8482=CARTESIAN_POINT('',(5.16576043718,-2.775557561563E-17,-0.247762457884));
#8483=CARTESIAN_POINT('Origin',(5.795494779299,-0.5,1.105549756056));
#8484=CARTESIAN_POINT('',(6.094813148896,0.,0.822041775124));
#8485=CARTESIAN_POINT('',(4.544052366908,5.551115123126E-17,2.290889339682));
#8486=CARTESIAN_POINT('',(6.094813148896,8.627918658178E-16,0.822041775124));
#8487=CARTESIAN_POINT('Origin',(0.,0.,0.));
#8488=CARTESIAN_POINT('',(6.107766862546,0.,0.71950257316));
#8489=CARTESIAN_POINT('',(6.107766862546,8.627918658178E-16,0.71950257316));
#8490=CARTESIAN_POINT('Origin',(0.,0.,0.));
#8491=CARTESIAN_POINT('Origin',(6.134278469579,-0.5,0.761677528656));
#8492=CARTESIAN_POINT('',(5.888357697727,0.,0.370464065223));
#8493=CARTESIAN_POINT('',(5.888357697727,-0.5,0.370464065223));
#8494=CARTESIAN_POINT('',(5.093974003193,0.,-0.893250236311));
#8495=CARTESIAN_POINT('Origin',(5.888357697727,-0.5,0.370464065223));
#8496=CARTESIAN_POINT('',(4.795345725433,5.551115123126E-17,1.703304216353));
#8497=CARTESIAN_POINT('Origin',(0.,-14.4,0.));
#8498=CARTESIAN_POINT('',(-1.575,-14.4,3.348040471679));
#8499=CARTESIAN_POINT('',(-3.7,-14.4,4.53119315684521E-16));
#8500=CARTESIAN_POINT('Origin',(0.,-14.4,0.));
#8501=CARTESIAN_POINT('',(1.575,-14.4,3.348040471679));
#8502=CARTESIAN_POINT('Origin',(0.,-14.4,0.));
#8503=CARTESIAN_POINT('',(1.575,-14.4,3.348040471679));
#8504=CARTESIAN_POINT('',(-1.575,-14.4,3.348040471679));
#8505=CARTESIAN_POINT('Origin',(1.575,-14.2,3.6));
#8506=CARTESIAN_POINT('',(1.57499999958007,-14.3733190126979,3.60000000005086));
#8507=CARTESIAN_POINT('Origin',(1.575,-13.2990725273419,3.2746126723967));
#8508=CARTESIAN_POINT('',(1.575,-17.5,3.6));
#8509=CARTESIAN_POINT('',(1.575,-14.2,3.6));
#8510=CARTESIAN_POINT('',(1.575,-17.5,3.2));
#8511=CARTESIAN_POINT('',(1.575,-17.5,3.6));
#8512=CARTESIAN_POINT('',(1.575,-14.2,3.2));
#8513=CARTESIAN_POINT('Origin',(1.575,-14.2,3.2));
#8514=CARTESIAN_POINT('',(-1.575,-17.5,3.2));
#8515=CARTESIAN_POINT('Origin',(-1.456028819058E-16,-17.5,3.2));
#8516=CARTESIAN_POINT('',(-1.575,-14.2,3.2));
#8517=CARTESIAN_POINT('',(-0.625,-17.5,3.2));
#8518=CARTESIAN_POINT('',(-0.625,-16.5,3.2));
#8519=CARTESIAN_POINT('',(-0.625,-15.35,3.2));
#8520=CARTESIAN_POINT('',(0.625,-17.5,3.2));
#8521=CARTESIAN_POINT('Origin',(-1.456028819058E-16,-17.5,3.2));
#8522=CARTESIAN_POINT('',(0.625,-16.5,3.2));
#8523=CARTESIAN_POINT('',(0.625,-15.85,3.2));
#8524=CARTESIAN_POINT('Origin',(-1.292469717735E-27,-16.5,3.2));
#8525=CARTESIAN_POINT('Origin',(-1.575,-14.2,3.2));
#8526=CARTESIAN_POINT('',(-1.575,-17.5,3.6));
#8527=CARTESIAN_POINT('',(-1.575,-17.5,3.6));
#8528=CARTESIAN_POINT('',(-1.57499999958007,-14.3733190126979,3.60000000005086));
#8529=CARTESIAN_POINT('',(-1.575,-14.2,3.6));
#8530=CARTESIAN_POINT('Origin',(-1.575,-13.2990725273419,3.2746126723967));
#8531=CARTESIAN_POINT('Origin',(0.,0.,0.));
#8532=CARTESIAN_POINT('',(-5.275,0.,6.46001186550229E-16));
#8533=CARTESIAN_POINT('Origin',(0.,0.,0.));
#8534=CARTESIAN_POINT('Origin',(0.,-13.4,0.));
#8535=CARTESIAN_POINT('',(-4.7,-13.4,5.75583995599256E-16));
#8536=CARTESIAN_POINT('Origin',(0.,-13.4,0.));
#8537=CARTESIAN_POINT('Origin',(-3.7,-13.4,4.53119315684521E-16));
#8538=CARTESIAN_POINT('',(-0.854400374532,-14.4,3.6));
#8539=CARTESIAN_POINT('Ctrl Pts',(-0.854400374532,-14.4,3.6));
#8540=CARTESIAN_POINT('Ctrl Pts',(-0.877686742834,-14.4,3.6));
#8541=CARTESIAN_POINT('Ctrl Pts',(-0.900943859827,-14.39996530487,3.6));
#8542=CARTESIAN_POINT('Ctrl Pts',(-0.9241708412,-14.39989204079,3.6));
#8543=CARTESIAN_POINT('Ctrl Pts',(-0.947366795748,-14.39977623761,3.6));
#8544=CARTESIAN_POINT('Ctrl Pts',(-0.97053082538,-14.39961382884,3.6));
#8545=CARTESIAN_POINT('Ctrl Pts',(-1.09233691732817,-14.398491263651,3.6));
#8546=CARTESIAN_POINT('Ctrl Pts',(-1.19038463375787,-14.3966582189799,3.6));
#8547=CARTESIAN_POINT('Ctrl Pts',(-1.28777370387804,-14.3935801333365,3.6));
#8548=CARTESIAN_POINT('Ctrl Pts',(-1.38442824127942,-14.3889057586031,3.6));
#8549=CARTESIAN_POINT('Ctrl Pts',(-1.48022726467001,-14.3822742171525,3.6));
#8550=CARTESIAN_POINT('Ctrl Pts',(-1.5749999987402,-14.3733190054722,3.6));
#8551=CARTESIAN_POINT('',(0.854400374532,-14.4,3.6));
#8552=CARTESIAN_POINT('Origin',(0.,-14.4,0.));
#8553=CARTESIAN_POINT('Ctrl Pts',(0.854400374532,-14.4,3.6));
#8554=CARTESIAN_POINT('Ctrl Pts',(0.877686742834,-14.4,3.6));
#8555=CARTESIAN_POINT('Ctrl Pts',(0.900943859827,-14.39996530487,3.6));
#8556=CARTESIAN_POINT('Ctrl Pts',(0.9241708412,-14.39989204079,3.6));
#8557=CARTESIAN_POINT('Ctrl Pts',(0.947366795748,-14.39977623761,3.6));
#8558=CARTESIAN_POINT('Ctrl Pts',(0.97053082538,-14.39961382884,3.6));
#8559=CARTESIAN_POINT('Ctrl Pts',(1.09233691732817,-14.398491263651,3.6));
#8560=CARTESIAN_POINT('Ctrl Pts',(1.19038463375787,-14.3966582189799,3.6));
#8561=CARTESIAN_POINT('Ctrl Pts',(1.28777370387804,-14.3935801333365,3.6));
#8562=CARTESIAN_POINT('Ctrl Pts',(1.38442824127942,-14.3889057586031,3.6));
#8563=CARTESIAN_POINT('Ctrl Pts',(1.48022726467001,-14.3822742171525,3.6));
#8564=CARTESIAN_POINT('Ctrl Pts',(1.5749999987402,-14.3733190054722,3.6));
#8565=CARTESIAN_POINT('Origin',(-1.456028819058E-16,-17.5,3.6));
#8566=CARTESIAN_POINT('Origin',(-1.456028819058E-16,-17.5,3.6));
#8567=CARTESIAN_POINT('Origin',(-1.575,-14.2,3.6));
#8568=CARTESIAN_POINT('',(-0.854400374532,-14.2,3.6));
#8569=CARTESIAN_POINT('',(-0.854400374532,-14.4,3.6));
#8570=CARTESIAN_POINT('',(0.854400374532,-14.2,3.6));
#8571=CARTESIAN_POINT('',(0.854400374532,-14.4,3.6));
#8572=CARTESIAN_POINT('',(-1.575,-14.2,3.6));
#8573=CARTESIAN_POINT('',(-0.625,-17.5,3.6));
#8574=CARTESIAN_POINT('',(0.625,-17.5,3.6));
#8575=CARTESIAN_POINT('Origin',(-1.456028819058E-16,-17.5,3.6));
#8576=CARTESIAN_POINT('',(-0.625,-16.5,3.6));
#8577=CARTESIAN_POINT('',(-0.625,-16.5,3.6));
#8578=CARTESIAN_POINT('',(0.625,-16.5,3.6));
#8579=CARTESIAN_POINT('Origin',(-1.292469717735E-27,-16.5,3.6));
#8580=CARTESIAN_POINT('',(0.625,-17.5,3.6));
#8581=CARTESIAN_POINT('Origin',(-0.625,-16.5,3.6));
#8582=CARTESIAN_POINT('',(-0.625,-17.5,3.6));
#8583=CARTESIAN_POINT('',(-0.625,-16.5,3.6));
#8584=CARTESIAN_POINT('Origin',(-1.292469717735E-27,-16.5,3.6));
#8585=CARTESIAN_POINT('',(0.625,-16.5,3.6));
#8586=CARTESIAN_POINT('Origin',(0.625,-17.5,3.6));
#8587=CARTESIAN_POINT('',(0.625,-17.5,3.6));
#8588=CARTESIAN_POINT('Origin',(-1.456028819058E-16,-17.5,3.6));
#8589=CARTESIAN_POINT('Origin',(0.,-8.925,0.));
#8590=CARTESIAN_POINT('',(-5.275,-8.925,6.46001186550229E-16));
#8591=CARTESIAN_POINT('',(-5.275,-8.925,6.46001186550229E-16));
#8592=CARTESIAN_POINT('Origin',(0.,-8.925,0.));
#8593=CARTESIAN_POINT('Origin',(0.,-14.4,0.));
#8594=CARTESIAN_POINT('Origin',(0.,-14.2,0.));
#8595=CARTESIAN_POINT('Origin',(0.,-13.4,0.));
#8596=CARTESIAN_POINT('',(-4.7,-9.5,5.75583995599256E-16));
#8597=CARTESIAN_POINT('Origin',(0.,-9.5,0.));
#8598=CARTESIAN_POINT('',(-4.7,-13.4,5.75583995599256E-16));
#8599=CARTESIAN_POINT('Origin',(0.,-14.2,0.));
#8600=CARTESIAN_POINT('Origin',(0.,-9.5,0.));
#8601=CARTESIAN_POINT('',(-4.7,-9.5,5.75583995599256E-16));
#8602=CARTESIAN_POINT('',(0.,0.,0.));
#8603=CARTESIAN_POINT('Origin',(0.,-17.5,0.));
#8604=CARTESIAN_POINT('',(-4.134575653555E-15,-17.5,-0.75));
#8605=CARTESIAN_POINT('',(-3.950878633683E-15,-17.5,0.75));
#8606=CARTESIAN_POINT('Origin',(0.,-17.5,0.));
#8607=CARTESIAN_POINT('',(-3.923231233606E-15,-17.5,-1.05));
#8608=CARTESIAN_POINT('',(-3.689519028853E-15,-17.5,-1.25));
#8609=CARTESIAN_POINT('',(-4.132349076128E-15,-17.5,1.05));
#8610=CARTESIAN_POINT('Origin',(0.,-17.5,0.));
#8611=CARTESIAN_POINT('',(-3.689519028853E-15,-17.5,-1.25));
#8612=CARTESIAN_POINT('Origin',(0.,-17.5,0.));
#8613=CARTESIAN_POINT('',(-3.892515218127E-15,-17.,0.75));
#8614=CARTESIAN_POINT('',(-4.003537520589E-15,-17.5,0.75));
#8615=CARTESIAN_POINT('',(-0.750000000000143,-15.9571673192692,6.721441724479E-14));
#8616=CARTESIAN_POINT('Ctrl Pts',(-5.102800490723E-16,-16.9999999999995,
0.75));
#8617=CARTESIAN_POINT('Ctrl Pts',(-1.61925233094327E-14,-16.9675485977255,
0.75));
#8618=CARTESIAN_POINT('Ctrl Pts',(-0.0014377398753081,-16.9351056954218,
0.75000408578914));
#8619=CARTESIAN_POINT('Ctrl Pts',(-0.00430076713025647,-16.9028239170955,
0.749987669182564));
#8620=CARTESIAN_POINT('Ctrl Pts',(-0.00719790284178269,-16.8701575522683,
0.749971056997999));
#8621=CARTESIAN_POINT('Ctrl Pts',(-0.0115546432713534,-16.8376562066839,
0.749933284415058));
#8622=CARTESIAN_POINT('Ctrl Pts',(-0.0173359047741968,-16.8054789036919,
0.749799616684446));
#8623=CARTESIAN_POINT('Ctrl Pts',(-0.0232926625194566,-16.7723248249974,
0.749661891330001));
#8624=CARTESIAN_POINT('Ctrl Pts',(-0.0307620827992643,-16.7395148140301,
0.7494220585796));
#8625=CARTESIAN_POINT('Ctrl Pts',(-0.039678492121597,-16.7072231226164,
0.74894967746492));
#8626=CARTESIAN_POINT('Ctrl Pts',(-0.0437798178488211,-16.6923697505938,
0.748732393943195));
#8627=CARTESIAN_POINT('Ctrl Pts',(-0.0481868883744117,-16.6776260424868,
0.748465272533662));
#8628=CARTESIAN_POINT('Ctrl Pts',(-0.0528911196997033,-16.6630089128831,
0.748132695086202));
#8629=CARTESIAN_POINT('Ctrl Pts',(-0.0636951048306262,-16.6294384440911,
0.747368880224903));
#8630=CARTESIAN_POINT('Ctrl Pts',(-0.0760753310687574,-16.5965165813882,
0.746261828610719));
#8631=CARTESIAN_POINT('Ctrl Pts',(-0.0899092825218356,-16.5644351455128,
0.744591377463915));
#8632=CARTESIAN_POINT('Ctrl Pts',(-0.104235408467655,-16.5312123391128,
0.742861496193431));
#8633=CARTESIAN_POINT('Ctrl Pts',(-0.120120874729613,-16.4988910013926,
0.740526533022796));
#8634=CARTESIAN_POINT('Ctrl Pts',(-0.137389718991558,-16.4676641596728,
0.737308667194204));
#8635=CARTESIAN_POINT('Ctrl Pts',(-0.146776148742571,-16.45069090126,0.735559605642075));
#8636=CARTESIAN_POINT('Ctrl Pts',(-0.15657057732365,-16.4340406495729,0.73354920548554));
#8637=CARTESIAN_POINT('Ctrl Pts',(-0.166739445560256,-16.4177416917494,
0.731230440623599));
#8638=CARTESIAN_POINT('Ctrl Pts',(-0.183475553421301,-16.390916571214,0.727414175339117));
#8639=CARTESIAN_POINT('Ctrl Pts',(-0.201223420189503,-16.3650521458717,
0.722762808589085));
#8640=CARTESIAN_POINT('Ctrl Pts',(-0.219787533457749,-16.3402833837597,
0.717072808166927));
#8641=CARTESIAN_POINT('Ctrl Pts',(-0.224217738365553,-16.3343724797545,
0.71571492656863));
#8642=CARTESIAN_POINT('Ctrl Pts',(-0.228694209302945,-16.3285239347002,
0.714297957800529));
#8643=CARTESIAN_POINT('Ctrl Pts',(-0.233213869347753,-16.3227394860846,
0.712819255592465));
#8644=CARTESIAN_POINT('Ctrl Pts',(-0.24985216089637,-16.3014451096139,0.707375687225057));
#8645=CARTESIAN_POINT('Ctrl Pts',(-0.26709657045834,-16.2809981752806,0.701087529172098));
#8646=CARTESIAN_POINT('Ctrl Pts',(-0.284754026720579,-16.2615055836016,
0.693840863693063));
#8647=CARTESIAN_POINT('Ctrl Pts',(-0.302474198480352,-16.2419437584175,
0.686568459612485));
#8648=CARTESIAN_POINT('Ctrl Pts',(-0.320609945586697,-16.2233428424385,
0.678330266735847));
#8649=CARTESIAN_POINT('Ctrl Pts',(-0.338949991739697,-16.2057689977551,
0.669038790825941));
#8650=CARTESIAN_POINT('Ctrl Pts',(-0.357330227524476,-16.1881566424626,
0.659726953953342));
#8651=CARTESIAN_POINT('Ctrl Pts',(-0.375915250928655,-16.1715756317184,
0.649356842816589));
#8652=CARTESIAN_POINT('Ctrl Pts',(-0.394482344932381,-16.1560540074223,
0.63787434378207));
#8653=CARTESIAN_POINT('Ctrl Pts',(-0.40906820061349,-16.1438605983798,0.628853972918306));
#8654=CARTESIAN_POINT('Ctrl Pts',(-0.423642722200992,-16.1323201603248,
0.619147752337276));
#8655=CARTESIAN_POINT('Ctrl Pts',(-0.438096115401468,-16.1214311367039,
0.608746083083955));
#8656=CARTESIAN_POINT('Ctrl Pts',(-0.456199508234296,-16.107792244477,0.595717619663765));
#8657=CARTESIAN_POINT('Ctrl Pts',(-0.474091214297224,-16.0951919330417,
0.581611715384131));
#8658=CARTESIAN_POINT('Ctrl Pts',(-0.491555336626001,-16.0835966545174,
0.566456839335224));
#8659=CARTESIAN_POINT('Ctrl Pts',(-0.508968774969943,-16.0720350275509,
0.551345945428298));
#8660=CARTESIAN_POINT('Ctrl Pts',(-0.525956515609604,-16.0614722822848,
0.535192126938119));
#8661=CARTESIAN_POINT('Ctrl Pts',(-0.542315466107032,-16.0518502435498,
0.518067500267458));
#8662=CARTESIAN_POINT('Ctrl Pts',(-0.555022674036034,-16.0443760937304,
0.50476553497055));
#8663=CARTESIAN_POINT('Ctrl Pts',(-0.567350633163597,-16.0374689659772,
0.490878671872787));
#8664=CARTESIAN_POINT('Ctrl Pts',(-0.579212016604299,-16.0310934635628,
0.476459274042403));
#8665=CARTESIAN_POINT('Ctrl Pts',(-0.59587880212486,-16.0221350539593,0.456198145804192));
#8666=CARTESIAN_POINT('Ctrl Pts',(-0.611630952154971,-16.0142215683527,
0.434875266686367));
#8667=CARTESIAN_POINT('Ctrl Pts',(-0.626279640349344,-16.0072316378669,
0.412642511232321));
#8668=CARTESIAN_POINT('Ctrl Pts',(-0.631222064881956,-16.0048732557745,
0.405141244598369));
#8669=CARTESIAN_POINT('Ctrl Pts',(-0.636039272984088,-16.0026199129055,
0.397536562772771));
#8670=CARTESIAN_POINT('Ctrl Pts',(-0.640725239830775,-16.0004667615974,
0.389834794552959));
#8671=CARTESIAN_POINT('Ctrl Pts',(-0.65537532446709,-15.9937352054577,0.365756187093476));
#8672=CARTESIAN_POINT('Ctrl Pts',(-0.668738677363355,-15.9879821385438,
0.340727882410039));
#8673=CARTESIAN_POINT('Ctrl Pts',(-0.680667088507836,-15.9830634683819,
0.314948177918592));
#8674=CARTESIAN_POINT('Ctrl Pts',(-0.685875143066361,-15.9809159315265,
0.30369252065897));
#8675=CARTESIAN_POINT('Ctrl Pts',(-0.690810303779032,-15.978927608945,0.292293693451438));
#8676=CARTESIAN_POINT('Ctrl Pts',(-0.695463184510789,-15.9770875086725,
0.280768514955769));
#8677=CARTESIAN_POINT('Ctrl Pts',(-0.706400061577476,-15.9727622418902,
0.253677887096248));
#8678=CARTESIAN_POINT('Ctrl Pts',(-0.715770513437563,-15.9692550213144,
0.225900125483794));
#8679=CARTESIAN_POINT('Ctrl Pts',(-0.723490634195744,-15.9664426975432,
0.197639342470699));
#8680=CARTESIAN_POINT('Ctrl Pts',(-0.731141004952014,-15.9636557826477,
0.169633890913019));
#8681=CARTESIAN_POINT('Ctrl Pts',(-0.737170826601327,-15.96155104263,0.141154280281762));
#8682=CARTESIAN_POINT('Ctrl Pts',(-0.74152855497995,-15.9600489323505,0.112407272300179));
#8683=CARTESIAN_POINT('Ctrl Pts',(-0.74584611448632,-15.9585606682934,0.0839252498319095));
#8684=CARTESIAN_POINT('Ctrl Pts',(-0.74852225527326,-15.9576639032856,0.055180899621094));
#8685=CARTESIAN_POINT('Ctrl Pts',(-0.749535898210532,-15.9573231980345,
0.0263808437011366));
#8686=CARTESIAN_POINT('Ctrl Pts',(-0.749845285230815,-15.9572192069954,
0.0175904075846231));
#8687=CARTESIAN_POINT('Ctrl Pts',(-0.750000000000143,-15.9571673192692,
0.00879481177479654));
#8688=CARTESIAN_POINT('Ctrl Pts',(-0.750000000000143,-15.9571673192692,
6.70574706873595E-14));
#8689=CARTESIAN_POINT('',(-0.75,-15.43301270189,9.18485099360515E-17));
#8690=CARTESIAN_POINT('',(-0.75,-17.5,9.18485099360515E-17));
#8691=CARTESIAN_POINT('Origin',(0.,-15.43301270189,0.));
#8692=CARTESIAN_POINT('',(-3.657001349324E-15,-17.,-0.75));
#8693=CARTESIAN_POINT('Ctrl Pts',(-0.750000000000143,-15.9571673192692,
6.70574706873595E-14));
#8694=CARTESIAN_POINT('Ctrl Pts',(-0.750000000000143,-15.9571673192692,
-0.0288522318488));
#8695=CARTESIAN_POINT('Ctrl Pts',(-0.748332617650375,-15.9577225052825,
-0.0577126593046362));
#8696=CARTESIAN_POINT('Ctrl Pts',(-0.745009920665922,-15.958855416585,-0.0863726011725658));
#8697=CARTESIAN_POINT('Ctrl Pts',(-0.741666052284774,-15.9599955465159,
-0.115215157043931));
#8698=CARTESIAN_POINT('Ctrl Pts',(-0.736645764939575,-15.9617208325836,
-0.143854502597785));
#8699=CARTESIAN_POINT('Ctrl Pts',(-0.729991420313795,-15.9640976634071,
-0.172082885410982));
#8700=CARTESIAN_POINT('Ctrl Pts',(-0.723251562891081,-15.9665050381028,
-0.200674021899115));
#8701=CARTESIAN_POINT('Ctrl Pts',(-0.714835295864704,-15.9695809706405,
-0.228843384058241));
#8702=CARTESIAN_POINT('Ctrl Pts',(-0.704817622953727,-15.973437342939,-0.25638277543094));
#8703=CARTESIAN_POINT('Ctrl Pts',(-0.701814723921137,-15.9745933296385,
-0.26463798723972));
#8704=CARTESIAN_POINT('Ctrl Pts',(-0.698668143384128,-15.9758197223884,
-0.27283665428061));
#8705=CARTESIAN_POINT('Ctrl Pts',(-0.695380459180679,-15.9771202283811,
-0.280973338574537));
#8706=CARTESIAN_POINT('Ctrl Pts',(-0.684715728117798,-15.9813388655126,
-0.30736746415609));
#8707=CARTESIAN_POINT('Ctrl Pts',(-0.672567106152646,-15.986334152821,-0.333097865559344));
#8708=CARTESIAN_POINT('Ctrl Pts',(-0.659061278034679,-15.9922435594492,
-0.357963950542265));
#8709=CARTESIAN_POINT('Ctrl Pts',(-0.653278150212402,-15.9947739377116,
-0.368611483343645));
#8710=CARTESIAN_POINT('Ctrl Pts',(-0.647246789797187,-15.997472152619,-0.379100608241042));
#8711=CARTESIAN_POINT('Ctrl Pts',(-0.64097993727345,-16.0003497701623,-0.389415870263714));
#8712=CARTESIAN_POINT('Ctrl Pts',(-0.627115870718602,-16.0067158815378,
-0.41223617418364));
#8713=CARTESIAN_POINT('Ctrl Pts',(-0.612096194735759,-16.0139604487474,
-0.434204513765243));
#8714=CARTESIAN_POINT('Ctrl Pts',(-0.596092999068193,-16.0222077243034,
-0.455162715441443));
#8715=CARTESIAN_POINT('Ctrl Pts',(-0.589902027538527,-16.025398252572,-0.463270572933515));
#8716=CARTESIAN_POINT('Ctrl Pts',(-0.58356437078046,-16.0287387762681,-0.471227460935717));
#8717=CARTESIAN_POINT('Ctrl Pts',(-0.577091884837026,-16.0322360292423,
-0.479025006085212));
#8718=CARTESIAN_POINT('Ctrl Pts',(-0.561782114524802,-16.04050829746,-0.497469020685053));
#8719=CARTESIAN_POINT('Ctrl Pts',(-0.545709278822799,-16.049662634168,-0.515027186125494));
#8720=CARTESIAN_POINT('Ctrl Pts',(-0.52906214867448,-16.0597713204099,-0.531594999041373));
#8721=CARTESIAN_POINT('Ctrl Pts',(-0.512348903070858,-16.0699201541359,
-0.5482286123976));
#8722=CARTESIAN_POINT('Ctrl Pts',(-0.495057334154711,-16.0810313763873,
-0.563864017955772));
#8723=CARTESIAN_POINT('Ctrl Pts',(-0.477395863246261,-16.0931570759513,
-0.57844030890179));
#8724=CARTESIAN_POINT('Ctrl Pts',(-0.464229217594227,-16.1021967980826,
-0.589306949557147));
#8725=CARTESIAN_POINT('Ctrl Pts',(-0.450857408446685,-16.1117999066258,
-0.599585893435911));
#8726=CARTESIAN_POINT('Ctrl Pts',(-0.437370166681718,-16.1219785287383,
-0.609267869903508));
#8727=CARTESIAN_POINT('Ctrl Pts',(-0.41893509822904,-16.1358912025576,-0.622501702443012));
#8728=CARTESIAN_POINT('Ctrl Pts',(-0.40030714270148,-16.1508635872065,-0.634602860374832));
#8729=CARTESIAN_POINT('Ctrl Pts',(-0.381713142564705,-16.1668949703454,
-0.645596682562094));
#8730=CARTESIAN_POINT('Ctrl Pts',(-0.363142202982778,-16.1829064711252,
-0.656576870047964));
#8731=CARTESIAN_POINT('Ctrl Pts',(-0.344605552444959,-16.199974597907,-0.666452759486284));
#8732=CARTESIAN_POINT('Ctrl Pts',(-0.326323870589875,-16.2180631439937,
-0.675287147211493));
#8733=CARTESIAN_POINT('Ctrl Pts',(-0.308130545093025,-16.2360642671578,
-0.684078837862503));
#8734=CARTESIAN_POINT('Ctrl Pts',(-0.290190123276377,-16.2550761774129,
-0.691839467028025));
#8735=CARTESIAN_POINT('Ctrl Pts',(-0.272708799837206,-16.2750246417062,
-0.698662945452073));
#8736=CARTESIAN_POINT('Ctrl Pts',(-0.258672077301202,-16.2910423682404,
-0.70414189409701));
#8737=CARTESIAN_POINT('Ctrl Pts',(-0.244931225063905,-16.3076632434869,
-0.709017339955546));
#8738=CARTESIAN_POINT('Ctrl Pts',(-0.231585044115882,-16.3248293072143,
-0.713350101522409));
#8739=CARTESIAN_POINT('Ctrl Pts',(-0.212630496091922,-16.3492089391531,
-0.719503587490816));
#8740=CARTESIAN_POINT('Ctrl Pts',(-0.194449840034686,-16.374718274901,-0.724570664898022));
#8741=CARTESIAN_POINT('Ctrl Pts',(-0.177250616265434,-16.4012232679725,
-0.728753899553473));
#8742=CARTESIAN_POINT('Ctrl Pts',(-0.173684714765827,-16.4067185272824,
-0.729621206295406));
#8743=CARTESIAN_POINT('Ctrl Pts',(-0.170160831364179,-16.4122565490605,
-0.730450568564876));
#8744=CARTESIAN_POINT('Ctrl Pts',(-0.166680554692222,-16.4178360943769,
-0.731243866768898));
#8745=CARTESIAN_POINT('Ctrl Pts',(-0.147933897929934,-16.4478905500409,
-0.735517000931125));
#8746=CARTESIAN_POINT('Ctrl Pts',(-0.13046315212671,-16.4791401400856,-0.738743056037799));
#8747=CARTESIAN_POINT('Ctrl Pts',(-0.114468414285091,-16.5114025239952,
-0.74121318109749));
#8748=CARTESIAN_POINT('Ctrl Pts',(-0.0989832593697263,-16.542637047357,
-0.743604609427758));
#8749=CARTESIAN_POINT('Ctrl Pts',(-0.0848811742573677,-16.5748206271797,
-0.745288404614206));
#8750=CARTESIAN_POINT('Ctrl Pts',(-0.07230605303197,-16.6077690076431,-0.74650642314878));
#8751=CARTESIAN_POINT('Ctrl Pts',(-0.0646620246143283,-16.6277973121074,
-0.747246819056272));
#8752=CARTESIAN_POINT('Ctrl Pts',(-0.0575815170184974,-16.6481078692178,
-0.747814615590827));
#8753=CARTESIAN_POINT('Ctrl Pts',(-0.0510904490844971,-16.6686561393382,
-0.748257820548792));
#8754=CARTESIAN_POINT('Ctrl Pts',(-0.0410804339785175,-16.7003440674879,
-0.748941296422006));
#8755=CARTESIAN_POINT('Ctrl Pts',(-0.0324682402383433,-16.732614583858,
-0.749330912488132));
#8756=CARTESIAN_POINT('Ctrl Pts',(-0.0253307338024312,-16.7652959985633,
-0.749572113406128));
#8757=CARTESIAN_POINT('Ctrl Pts',(-0.0183407207839872,-16.797302066271,
-0.749808330013706));
#8758=CARTESIAN_POINT('Ctrl Pts',(-0.0127647493060093,-16.8297021601365,
-0.749902665990689));
#8759=CARTESIAN_POINT('Ctrl Pts',(-0.00864838885942648,-16.8623349686345,
-0.74995013608371));
#8760=CARTESIAN_POINT('Ctrl Pts',(-0.0046062430564967,-16.8943794340353,
-0.749996750329415));
#8761=CARTESIAN_POINT('Ctrl Pts',(-0.00197134607457669,-16.9266482666191,
-0.749998378292649));
#8762=CARTESIAN_POINT('Ctrl Pts',(-0.000764753702347018,-16.9589893514202,
-0.749999608960556));
#8763=CARTESIAN_POINT('Ctrl Pts',(-0.000255080008042066,-16.9726504689175,
-0.750000128803937));
#8764=CARTESIAN_POINT('Ctrl Pts',(-6.8835005295128E-15,-16.9863244885737,
-0.75));
#8765=CARTESIAN_POINT('Ctrl Pts',(-2.747661802697E-16,-16.9999999999995,
-0.75));
#8766=CARTESIAN_POINT('',(-3.768023651787E-15,-17.5,-0.75));
#8767=CARTESIAN_POINT('Origin',(-3.382235169055E-15,-17.,-2.5));
#8768=CARTESIAN_POINT('',(-3.609898575564E-15,-17.,-1.05));
#8769=CARTESIAN_POINT('',(-3.720920878026E-15,-17.5,-1.05));
#8770=CARTESIAN_POINT('',(-3.382235169055E-15,-17.,-2.5));
#8771=CARTESIAN_POINT('Origin',(0.,-17.5,0.));
#8772=CARTESIAN_POINT('',(-1.05,-1.45,1.28587913910472E-16));
#8773=CARTESIAN_POINT('Origin',(0.,-1.45,0.));
#8774=CARTESIAN_POINT('',(-1.05000000000105,-15.9011369512082,-6.04976536524048E-11));
#8775=CARTESIAN_POINT('',(-1.05,-17.5,1.28587913910472E-16));
#8776=CARTESIAN_POINT('',(-3.939617991887E-15,-17.,1.05));
#8777=CARTESIAN_POINT('Ctrl Pts',(-5.5738282283282E-16,-16.9999999999995,
1.05));
#8778=CARTESIAN_POINT('Ctrl Pts',(-1.76364500158183E-14,-16.9646581378218,
1.05));
#8779=CARTESIAN_POINT('Ctrl Pts',(-0.0017047183612301,-16.9292947993369,
1.05000414883014));
#8780=CARTESIAN_POINT('Ctrl Pts',(-0.00511152840116303,-16.8940791108423,
1.0499875610676));
#8781=CARTESIAN_POINT('Ctrl Pts',(-0.00855039615253129,-16.8585320465543,
1.04997081721601));
#8782=CARTESIAN_POINT('Ctrl Pts',(-0.0137235734826756,-16.8231354632201,
1.04993290217417));
#8783=CARTESIAN_POINT('Ctrl Pts',(-0.0206101326975058,-16.7880624753266,
1.04979770249932));
#8784=CARTESIAN_POINT('Ctrl Pts',(-0.0276096044873936,-16.7524144279215,
1.0496602860798));
#8785=CARTESIAN_POINT('Ctrl Pts',(-0.0363792013249566,-16.7171007426805,
1.04942221401373));
#8786=CARTESIAN_POINT('Ctrl Pts',(-0.0468771780665435,-16.6823015235748,
1.0489530659084));
#8787=CARTESIAN_POINT('Ctrl Pts',(-0.0577262479298066,-16.6463384834044,
1.04846822766803));
#8788=CARTESIAN_POINT('Ctrl Pts',(-0.070421452034508,-16.6109250185737,
1.04773643406959));
#8789=CARTESIAN_POINT('Ctrl Pts',(-0.0848933032540221,-16.576256688287,
1.04656252891685));
#8790=CARTESIAN_POINT('Ctrl Pts',(-0.0996180114635061,-16.5409826214218,
1.04536811290349));
#8791=CARTESIAN_POINT('Ctrl Pts',(-0.116182208623604,-16.5064801302477,
1.04371561829045));
#8792=CARTESIAN_POINT('Ctrl Pts',(-0.134485658783799,-16.4729496637836,
1.04135181564543));
#8793=CARTESIAN_POINT('Ctrl Pts',(-0.153028695874904,-16.4389802930975,
1.03895707149944));
#8794=CARTESIAN_POINT('Ctrl Pts',(-0.173357078302711,-16.4060088103456,
1.03583188621004));
#8795=CARTESIAN_POINT('Ctrl Pts',(-0.195335471106168,-16.3742347963003,
1.03167051921812));
#8796=CARTESIAN_POINT('Ctrl Pts',(-0.211491404313952,-16.3508782727707,
1.02861157092395));
#8797=CARTESIAN_POINT('Ctrl Pts',(-0.228538290193626,-16.328168645386,1.02499184564838));
#8798=CARTESIAN_POINT('Ctrl Pts',(-0.246410535332247,-16.3061808407026,
1.02067715173692));
#8799=CARTESIAN_POINT('Ctrl Pts',(-0.266840028973621,-16.2810469130687,
1.01574509025583));
#8800=CARTESIAN_POINT('Ctrl Pts',(-0.28831292049716,-16.2569039193132,1.00991184851444));
#8801=CARTESIAN_POINT('Ctrl Pts',(-0.31063971676096,-16.233899260381,1.00299697560585));
#8802=CARTESIAN_POINT('Ctrl Pts',(-0.320765728278519,-16.2234658135688,
0.999860830057352));
#8803=CARTESIAN_POINT('Ctrl Pts',(-0.331066989786708,-16.2132659342329,
0.996502351908954));
#8804=CARTESIAN_POINT('Ctrl Pts',(-0.341524118523321,-16.2033103884083,
0.992905472070464));
#8805=CARTESIAN_POINT('Ctrl Pts',(-0.361804861779625,-16.1840024240587,
0.985929618720512));
#8806=CARTESIAN_POINT('Ctrl Pts',(-0.382682255407907,-16.1656076434042,
0.978052110179019));
#8807=CARTESIAN_POINT('Ctrl Pts',(-0.403964173733782,-16.1482170883647,
0.969181588069096));
#8808=CARTESIAN_POINT('Ctrl Pts',(-0.425974375272066,-16.1302314154841,
0.960007510037238));
#8809=CARTESIAN_POINT('Ctrl Pts',(-0.448416788576737,-16.1133200148366,
0.949770797297291));
#8810=CARTESIAN_POINT('Ctrl Pts',(-0.471065144650153,-16.0975361792703,
0.938401638004994));
#8811=CARTESIAN_POINT('Ctrl Pts',(-0.493713500723569,-16.081752343704,0.927032478712698));
#8812=CARTESIAN_POINT('Ctrl Pts',(-0.516567305688968,-16.0670958305079,
0.914530533726561));
#8813=CARTESIAN_POINT('Ctrl Pts',(-0.539394298108746,-16.0535744894568,
0.900862803742944));
#8814=CARTESIAN_POINT('Ctrl Pts',(-0.561574113785929,-16.0404364970876,
0.887582572769569));
#8815=CARTESIAN_POINT('Ctrl Pts',(-0.583707213764955,-16.0283820820441,
0.873214095986421));
#8816=CARTESIAN_POINT('Ctrl Pts',(-0.605581438897381,-16.017375816277,0.857771018653586));
#8817=CARTESIAN_POINT('Ctrl Pts',(-0.62739298736022,-16.0064010869909,0.842372190689564));
#8818=CARTESIAN_POINT('Ctrl Pts',(-0.64894664516393,-15.9964682565839,0.825904787007032));
#8819=CARTESIAN_POINT('Ctrl Pts',(-0.67003845647992,-15.9875114464381,0.80842344471186));
#8820=CARTESIAN_POINT('Ctrl Pts',(-0.689163113632337,-15.9793900043935,
0.792572521671137));
#8821=CARTESIAN_POINT('Ctrl Pts',(-0.707907909500368,-15.9720704247095,
0.775888396085439));
#8822=CARTESIAN_POINT('Ctrl Pts',(-0.726130174349331,-15.9654849670169,
0.758442463143718));
#8823=CARTESIAN_POINT('Ctrl Pts',(-0.748913923780653,-15.9572510060246,
0.736629380739615));
#8824=CARTESIAN_POINT('Ctrl Pts',(-0.770889900255958,-15.9501601643343,
0.713616371049627));
#8825=CARTESIAN_POINT('Ctrl Pts',(-0.79185883833506,-15.9440411823903,0.689535744638894));
#8826=CARTESIAN_POINT('Ctrl Pts',(-0.802302611349064,-15.9409935669956,
0.677542166551152));
#8827=CARTESIAN_POINT('Ctrl Pts',(-0.812497000148401,-15.9381868409281,
0.665284432021479));
#8828=CARTESIAN_POINT('Ctrl Pts',(-0.822419868288384,-15.9355991025563,
0.652782935013703));
#8829=CARTESIAN_POINT('Ctrl Pts',(-0.844614382993518,-15.9298110988728,
0.624820791885219));
#8830=CARTESIAN_POINT('Ctrl Pts',(-0.865448919961722,-15.9251170519943,
0.595637037031727));
#8831=CARTESIAN_POINT('Ctrl Pts',(-0.884754916257013,-15.9212648360582,
0.56542787407355));
#8832=CARTESIAN_POINT('Ctrl Pts',(-0.895161050877901,-15.9191884512394,
0.549144818191899));
#8833=CARTESIAN_POINT('Ctrl Pts',(-0.905123788905859,-15.9173568924936,
0.532564384420599));
#8834=CARTESIAN_POINT('Ctrl Pts',(-0.914621116973177,-15.9157331187721,
0.515721060639454));
#8835=CARTESIAN_POINT('Ctrl Pts',(-0.932233421024396,-15.9127219143269,
0.484485987199434));
#8836=CARTESIAN_POINT('Ctrl Pts',(-0.948247954634319,-15.9104222435499,
0.452339515654319));
#8837=CARTESIAN_POINT('Ctrl Pts',(-0.962569900801501,-15.9086187797867,
0.419474898839196));
#8838=CARTESIAN_POINT('Ctrl Pts',(-0.964640857647448,-15.9083579984946,
0.414722667376501));
#8839=CARTESIAN_POINT('Ctrl Pts',(-0.966676487812476,-15.908107652167,0.409955403854365));
#8840=CARTESIAN_POINT('Ctrl Pts',(-0.968676567364983,-15.9078671527507,
0.405173676142431));
#8841=CARTESIAN_POINT('Ctrl Pts',(-0.98263243113972,-15.9061890309536,0.371808433008977));
#8842=CARTESIAN_POINT('Ctrl Pts',(-0.994853320485775,-15.9049868783835,
0.337744521332662));
#8843=CARTESIAN_POINT('Ctrl Pts',(-1.0052815698101,-15.9040855786229,0.303164914666803));
#8844=CARTESIAN_POINT('Ctrl Pts',(-1.01559495273393,-15.9031942066129,0.268966199828948));
#8845=CARTESIAN_POINT('Ctrl Pts',(-1.02415515819055,-15.9025968958127,0.234263113601583));
#8846=CARTESIAN_POINT('Ctrl Pts',(-1.03092506714081,-15.9021709360513,0.199232288398909));
#8847=CARTESIAN_POINT('Ctrl Pts',(-1.03761468400551,-15.9017500282333,0.16461693377863));
#8848=CARTESIAN_POINT('Ctrl Pts',(-1.04255635513788,-15.9014963243756,0.129681578327133));
#8849=CARTESIAN_POINT('Ctrl Pts',(-1.04573017254711,-15.9013395493474,0.0945960287559746));
#8850=CARTESIAN_POINT('Ctrl Pts',(-1.04856057023898,-15.9011997380032,0.0633068757518747));
#8851=CARTESIAN_POINT('Ctrl Pts',(-1.04998522350949,-15.9011376235633,0.0318982632100524));
#8852=CARTESIAN_POINT('Ctrl Pts',(-1.04999988558924,-15.9011369564141,0.000490166014475601));
#8853=CARTESIAN_POINT('Ctrl Pts',(-1.04999996186312,-15.9011369529435,0.0003267773631495));
#8854=CARTESIAN_POINT('Ctrl Pts',(-1.05000000000041,-15.9011369512082,0.000163388665872525));
#8855=CARTESIAN_POINT('Ctrl Pts',(-1.05000000000105,-15.9011369512082,-6.04964967010346E-11));
#8856=CARTESIAN_POINT('',(-4.05064029435E-15,-17.5,1.05));
#8857=CARTESIAN_POINT('Ctrl Pts',(-1.05000000000105,-15.9011369512082,-6.04964967010346E-11));
#8858=CARTESIAN_POINT('Ctrl Pts',(-1.05000000013973,-15.9011369512018,-0.0352273374264516));
#8859=CARTESIAN_POINT('Ctrl Pts',(-1.04822600227845,-15.9012133848659,-0.0704560816109184));
#8860=CARTESIAN_POINT('Ctrl Pts',(-1.04468472491051,-15.9013916892988,-0.105516945999085));
#8861=CARTESIAN_POINT('Ctrl Pts',(-1.04112109104157,-15.9015711193885,-0.140799153752397));
#8862=CARTESIAN_POINT('Ctrl Pts',(-1.03576772613933,-15.9018537711537,-0.175911357225075));
#8863=CARTESIAN_POINT('Ctrl Pts',(-1.0286465845023,-15.9023166713041,-0.210680338221264));
#8864=CARTESIAN_POINT('Ctrl Pts',(-1.02140593960341,-15.902787339602,-0.246032794010169));
#8865=CARTESIAN_POINT('Ctrl Pts',(-1.0123375215132,-15.9034444430598,-0.281030399701296));
#8866=CARTESIAN_POINT('Ctrl Pts',(-1.00148180147685,-15.9044206260796,-0.315490409941197));
#8867=CARTESIAN_POINT('Ctrl Pts',(-0.992064409962532,-15.9052674697396,
-0.345384641455082));
#8868=CARTESIAN_POINT('Ctrl Pts',(-0.981302161906926,-15.9063553751141,
-0.374874274694794));
#8869=CARTESIAN_POINT('Ctrl Pts',(-0.969233425692813,-15.9078003373723,
-0.403839778278628));
#8870=CARTESIAN_POINT('Ctrl Pts',(-0.955443381976758,-15.9094513878515,
-0.436936496409851));
#8871=CARTESIAN_POINT('Ctrl Pts',(-0.939948200253012,-15.9115680924102,
-0.469344345711464));
#8872=CARTESIAN_POINT('Ctrl Pts',(-0.922836836996755,-15.9143604586813,
-0.500871408269334));
#8873=CARTESIAN_POINT('Ctrl Pts',(-0.920490975862486,-15.9147432746738,
-0.505193571829571));
#8874=CARTESIAN_POINT('Ctrl Pts',(-0.918114796952268,-15.9151388429993,
-0.509499166683579));
#8875=CARTESIAN_POINT('Ctrl Pts',(-0.915708586468751,-15.9155477535186,
-0.513787684426275));
#8876=CARTESIAN_POINT('Ctrl Pts',(-0.898129995324783,-15.9185350527937,
-0.545117487254792));
#8877=CARTESIAN_POINT('Ctrl Pts',(-0.878940748291025,-15.9222333479766,
-0.575541930699314));
#8878=CARTESIAN_POINT('Ctrl Pts',(-0.858288623053914,-15.9268850899112,
-0.604847662310071));
#8879=CARTESIAN_POINT('Ctrl Pts',(-0.847522347540865,-15.9293101156511,
-0.620125198012109));
#8880=CARTESIAN_POINT('Ctrl Pts',(-0.83635906810654,-15.9319946609178,-0.635099209544472));
#8881=CARTESIAN_POINT('Ctrl Pts',(-0.8248238036591,-15.9349750890391,-0.649742789814968));
#8882=CARTESIAN_POINT('Ctrl Pts',(-0.804907470053038,-15.9401209789336,
-0.67502581918835));
#8883=CARTESIAN_POINT('Ctrl Pts',(-0.783879991948732,-15.9461497510185,
-0.699321188519923));
#8884=CARTESIAN_POINT('Ctrl Pts',(-0.761926952720222,-15.9532399440641,
-0.722473081267226));
#8885=CARTESIAN_POINT('Ctrl Pts',(-0.751687615718383,-15.9565469520481,
-0.733271587551596));
#8886=CARTESIAN_POINT('Ctrl Pts',(-0.741247309874586,-15.9600847944751,
-0.743821951388631));
#8887=CARTESIAN_POINT('Ctrl Pts',(-0.730626914315412,-15.9638708943516,
-0.754111604524177));
#8888=CARTESIAN_POINT('Ctrl Pts',(-0.710625463596798,-15.9710012775536,
-0.773490166175253));
#8889=CARTESIAN_POINT('Ctrl Pts',(-0.689975258515549,-15.9790170701178,
-0.791949479451065));
#8890=CARTESIAN_POINT('Ctrl Pts',(-0.668866889829034,-15.9880097622436,
-0.809393034036101));
#8891=CARTESIAN_POINT('Ctrl Pts',(-0.647127468358027,-15.9972712986126,
-0.827358078645108));
#8892=CARTESIAN_POINT('Ctrl Pts',(-0.624902485774399,-16.0075695755046,
-0.84424564960648));
#8893=CARTESIAN_POINT('Ctrl Pts',(-0.60241474358981,-16.0189755800169,-0.859997951027059));
#8894=CARTESIAN_POINT('Ctrl Pts',(-0.57992700140522,-16.0303815845292,-0.875750252447638));
#8895=CARTESIAN_POINT('Ctrl Pts',(-0.55717707768352,-16.0428955807282,-0.890367448665764));
#8896=CARTESIAN_POINT('Ctrl Pts',(-0.53439454782643,-16.0565539376989,-0.903837633235975));
#8897=CARTESIAN_POINT('Ctrl Pts',(-0.512213090469006,-16.0698519456294,
-0.916952433326879));
#8898=CARTESIAN_POINT('Ctrl Pts',(-0.490023165678745,-16.0842217544106,
-0.928967472608953));
#8899=CARTESIAN_POINT('Ctrl Pts',(-0.468037225573722,-16.0996539266818,
-0.939915506618291));
#8900=CARTESIAN_POINT('Ctrl Pts',(-0.446111054377148,-16.1150441465013,
-0.950833778332305));
#8901=CARTESIAN_POINT('Ctrl Pts',(-0.424388180265894,-16.1314911474489,
-0.960691144218903));
#8902=CARTESIAN_POINT('Ctrl Pts',(-0.403073758625384,-16.1489454693832,
-0.969552241204733));
#8903=CARTESIAN_POINT('Ctrl Pts',(-0.382288643810932,-16.1659663433966,
-0.978193288160584));
#8904=CARTESIAN_POINT('Ctrl Pts',(-0.36189234718728,-16.1839450644751,-0.985887306865778));
#8905=CARTESIAN_POINT('Ctrl Pts',(-0.342063794831106,-16.2027969462589,
-0.992719678593218));
#8906=CARTESIAN_POINT('Ctrl Pts',(-0.318981081022385,-16.2247427032741,
-1.00067334451831));
#8907=CARTESIAN_POINT('Ctrl Pts',(-0.29665706045232,-16.2478814045432,-1.00746449423112));
#8908=CARTESIAN_POINT('Ctrl Pts',(-0.275293405579753,-16.2720858339613,
-1.01326876276511));
#8909=CARTESIAN_POINT('Ctrl Pts',(-0.264952092637085,-16.2838022551779,
-1.01607838301368));
#8910=CARTESIAN_POINT('Ctrl Pts',(-0.254835462732075,-16.2957677216487,
-1.01865692938998));
#8911=CARTESIAN_POINT('Ctrl Pts',(-0.244964097596743,-16.3079641587306,
-1.02102526456871));
#8912=CARTESIAN_POINT('Ctrl Pts',(-0.220710409689564,-16.3379304880587,
-1.02684420262817));
#8913=CARTESIAN_POINT('Ctrl Pts',(-0.197989325680263,-16.3692295468974,
-1.03138517085492));
#8914=CARTESIAN_POINT('Ctrl Pts',(-0.176960582803955,-16.4016704634548,
-1.03498065545175));
#8915=CARTESIAN_POINT('Ctrl Pts',(-0.156076118596741,-16.4338888021676,
-1.0385514713494));
#8916=CARTESIAN_POINT('Ctrl Pts',(-0.13686058410827,-16.4672330837941,-1.04119004827502));
#8917=CARTESIAN_POINT('Ctrl Pts',(-0.119437572202365,-16.5015049396517,
-1.04318486443817));
#8918=CARTESIAN_POINT('Ctrl Pts',(-0.102330229478208,-16.5351558598896,
-1.04514353863062));
#8919=CARTESIAN_POINT('Ctrl Pts',(-0.0869507894571283,-16.5697008282531,
-1.046481916645));
#8920=CARTESIAN_POINT('Ctrl Pts',(-0.0733883748976849,-16.6049448504262,
-1.04743216929617));
#8921=CARTESIAN_POINT('Ctrl Pts',(-0.0602689563303612,-16.6390376793143,
-1.04835138336537));
#8922=CARTESIAN_POINT('Ctrl Pts',(-0.0488495628443398,-16.6737844906052,
-1.04890762140429));
#8923=CARTESIAN_POINT('Ctrl Pts',(-0.0391881915764709,-16.7090046269969,
-1.04926845344052));
#8924=CARTESIAN_POINT('Ctrl Pts',(-0.0296784995876368,-16.74367182274,-1.04962362057251));
#8925=CARTESIAN_POINT('Ctrl Pts',(-0.0218719410720921,-16.7787975088396,
-1.04978971154997));
#8926=CARTESIAN_POINT('Ctrl Pts',(-0.0158039986678338,-16.8142070219429,
-1.04988105406889));
#8927=CARTESIAN_POINT('Ctrl Pts',(-0.00982393574170857,-16.8491037138417,
-1.04997107371222));
#8928=CARTESIAN_POINT('Ctrl Pts',(-0.00553241638788021,-16.8842760152522,
-1.04998861526124));
#8929=CARTESIAN_POINT('Ctrl Pts',(-0.0029454537661402,-16.9195554688769,
-1.04999587323418));
#8930=CARTESIAN_POINT('Ctrl Pts',(-0.000981899718439681,-16.9463332481085,
-1.05000138217429));
#8931=CARTESIAN_POINT('Ctrl Pts',(-1.31920258019649E-14,-16.9731727322205,
-1.05));
#8932=CARTESIAN_POINT('Ctrl Pts',(-2.2766340650918E-16,-16.9999999999995,
-1.05));
#8933=CARTESIAN_POINT('Origin',(-3.382235169055E-15,-17.,-2.5));
#8934=CARTESIAN_POINT('',(-3.382235169055E-15,-17.,-2.5));
#8935=CARTESIAN_POINT('Origin',(0.,-15.43301270189,0.));
#8936=CARTESIAN_POINT('',(0.,-15.,0.));
#8937=CARTESIAN_POINT('',(-0.75,-15.43301270189,-9.18485099360515E-17));
#8938=CARTESIAN_POINT('Origin',(-1.1,-17.,-2.5));
#8939=CARTESIAN_POINT('Origin',(0.,-1.45,0.));
#8940=CARTESIAN_POINT('',(-6.4293956955236E-17,-0.4,7.87373885897475E-33));
#8941=CARTESIAN_POINT('Origin',(0.,-1.45,0.));
#8942=CARTESIAN_POINT('',(0.,0.,0.));
#8943=CARTESIAN_POINT('Origin',(0.,-15.4,0.));
#8944=CARTESIAN_POINT('',(-1.05,-15.4,1.28587913910472E-16));
#8945=CARTESIAN_POINT('Origin',(0.,-15.4,0.));
#8946=CARTESIAN_POINT('',(-1.05,-12.4,1.28587913910472E-16));
#8947=CARTESIAN_POINT('',(-1.05,-15.4,1.28587913910472E-16));
#8948=CARTESIAN_POINT('Origin',(0.,-12.4,0.));
#8949=CARTESIAN_POINT('Origin',(0.,-12.4,0.));
#8950=CARTESIAN_POINT('',(-2.85,-12.4,-3.49024337756996E-16));
#8951=CARTESIAN_POINT('Origin',(0.,-12.4,0.));
#8952=CARTESIAN_POINT('Origin',(0.,-12.4,0.));
#8953=CARTESIAN_POINT('',(-2.85,-13.4,-3.49024337756996E-16));
#8954=CARTESIAN_POINT('Origin',(0.,-13.4,0.));
#8955=CARTESIAN_POINT('',(-2.85,-12.4,-3.49024337756996E-16));
#8956=CARTESIAN_POINT('Origin',(0.,-13.4,0.));
#8957=CARTESIAN_POINT('',(-1.5,-13.4,-1.83697019872103E-16));
#8958=CARTESIAN_POINT('Origin',(0.,-13.4,0.));
#8959=CARTESIAN_POINT('Origin',(0.,-13.4,0.));
#8960=CARTESIAN_POINT('',(-1.5,-14.95,-1.83697019872103E-16));
#8961=CARTESIAN_POINT('Origin',(0.,-14.95,0.));
#8962=CARTESIAN_POINT('',(-1.5,-13.4,-1.83697019872103E-16));
#8963=CARTESIAN_POINT('Origin',(0.,-14.95,0.));
#8964=CARTESIAN_POINT('',(-1.5,-14.95,1.83697019872103E-16));
#8965=CARTESIAN_POINT('',(0.,0.,0.));
#8966=CARTESIAN_POINT('Origin',(0.,-1.,0.));
#8967=CARTESIAN_POINT('',(-7.1,-0.199999999999986,8.69499227394621E-16));
#8968=CARTESIAN_POINT('',(-7.1,-0.800000000000018,8.69499227394621E-16));
#8969=CARTESIAN_POINT('',(-7.1,-1.,8.69499227394621E-16));
#8970=CARTESIAN_POINT('',(7.09983635517,-0.2,0.04820508075689));
#8971=CARTESIAN_POINT('Origin',(0.,-0.2,0.));
#8972=CARTESIAN_POINT('',(7.093734822349,-0.8,-0.298205080757));
#8973=CARTESIAN_POINT('Origin',(0.,-0.283493649054,0.));
#8974=CARTESIAN_POINT('Origin',(0.,-0.8,0.));
#8975=CARTESIAN_POINT('Origin',(0.,0.,0.));
#8976=CARTESIAN_POINT('',(-5.7,-0.2,-6.98048675513991E-16));
#8977=CARTESIAN_POINT('',(-5.7,-0.8,-6.98048675513991E-16));
#8978=CARTESIAN_POINT('',(-5.7,0.,-6.98048675513991E-16));
#8979=CARTESIAN_POINT('',(5.692194105072,-0.2,0.298205080757));
#8980=CARTESIAN_POINT('Origin',(0.,-0.2,0.));
#8981=CARTESIAN_POINT('',(5.699796160407,-0.8,-0.04820508075689));
#8982=CARTESIAN_POINT('Origin',(0.,-0.716506350946,0.));
#8983=CARTESIAN_POINT('Origin',(0.,-0.8,0.));
#8984=CARTESIAN_POINT('Origin',(0.,0.,0.));
#8985=CARTESIAN_POINT('',(5.88547983456,0.,0.413675134595));
#8986=CARTESIAN_POINT('',(5.897729262209,0.,0.163675134595));
#8987=CARTESIAN_POINT('Origin',(0.,0.,0.));
#8988=CARTESIAN_POINT('',(6.898058455125,0.,0.163675134595));
#8989=CARTESIAN_POINT('',(1.424431954566E-17,2.775557561563E-17,0.163675134595));
#8990=CARTESIAN_POINT('',(6.88758832125,0.,0.413675134595));
#8991=CARTESIAN_POINT('Origin',(0.,0.,0.));
#8992=CARTESIAN_POINT('',(-3.595283808485E-16,0.,0.413675134595));
#8993=CARTESIAN_POINT('Origin',(0.,-0.2,0.));
#8994=CARTESIAN_POINT('',(5.699796160407,-0.2,0.04820508075689));
#8995=CARTESIAN_POINT('Origin',(0.,-0.2,0.));
#8996=CARTESIAN_POINT('Ctrl Pts',(5.89772926220832,4.88601120189241E-13,
0.163675134595317));
#8997=CARTESIAN_POINT('Ctrl Pts',(5.83048117755004,-0.0683163986029023,
0.124232643471564));
#8998=CARTESIAN_POINT('Ctrl Pts',(5.76453157488308,-0.134949279375524,0.0857621318205909));
#8999=CARTESIAN_POINT('Ctrl Pts',(5.69979616040626,-0.199999999999517,0.0482050807573299));
#9000=CARTESIAN_POINT('Ctrl Pts',(5.69219410507064,-0.19999999999897,0.298205080757499));
#9001=CARTESIAN_POINT('Ctrl Pts',(5.75536887749617,-0.134946807686202,0.335763558850939));
#9002=CARTESIAN_POINT('Ctrl Pts',(5.81976882816407,-0.0683147079809524,
0.374233619552454));
#9003=CARTESIAN_POINT('Ctrl Pts',(5.88547983455921,6.11172756467085E-13,
0.413675134595241));
#9004=CARTESIAN_POINT('Origin',(1.195656402628E-18,0.4,0.394615242271));
#9005=CARTESIAN_POINT('',(5.692194105072,-0.8,-0.298205080757));
#9006=CARTESIAN_POINT('Origin',(0.,-0.283493649054,0.));
#9007=CARTESIAN_POINT('',(5.88547983456,-1.,-0.413675134595));
#9008=CARTESIAN_POINT('Ctrl Pts',(5.69219410507099,-0.800000000000777,-0.298205080757348));
#9009=CARTESIAN_POINT('Ctrl Pts',(5.75536887749652,-0.865053192313546,-0.335763558850789));
#9010=CARTESIAN_POINT('Ctrl Pts',(5.81976882816442,-0.931685292018795,-0.374233619552304));
#9011=CARTESIAN_POINT('Ctrl Pts',(5.88547983455957,-1.00000000000036,-0.413675134595091));
#9012=CARTESIAN_POINT('',(6.88758832125,-1.,-0.413675134595));
#9013=CARTESIAN_POINT('',(2.48506078386E-16,-1.,-0.413675134595));
#9014=CARTESIAN_POINT('Ctrl Pts',(7.0937348223449,-0.799999999996894,-0.298205080755106));
#9015=CARTESIAN_POINT('Ctrl Pts',(7.02397917260905,-0.86804408647346,-0.337490352399133));
#9016=CARTESIAN_POINT('Ctrl Pts',(6.95528262244224,-0.934688160050048,-0.375967326218489));
#9017=CARTESIAN_POINT('Ctrl Pts',(6.88758832124569,-0.999999999996699,-0.413675134592977));
#9018=CARTESIAN_POINT('Ctrl Pts',(6.89805845512793,6.34039187695944E-13,
0.16367513459112));
#9019=CARTESIAN_POINT('Ctrl Pts',(6.99799488096575,-0.0985585125266543,
0.106772350852532));
#9020=CARTESIAN_POINT('Ctrl Pts',(7.09983635517175,-0.199999999998059,0.0482050807538901));
#9021=CARTESIAN_POINT('Origin',(0.,-0.2,0.));
#9022=CARTESIAN_POINT('',(7.093734822349,-0.2,0.298205080757));
#9023=CARTESIAN_POINT('Origin',(0.,-0.2,0.));
#9024=CARTESIAN_POINT('Ctrl Pts',(7.09373482234959,-0.199999999999509,0.298205080757188));
#9025=CARTESIAN_POINT('Ctrl Pts',(7.02397917261373,-0.131955913522934,0.337490352401221));
#9026=CARTESIAN_POINT('Ctrl Pts',(6.95528262244691,-0.0653118399463347,
0.375967326220583));
#9027=CARTESIAN_POINT('Ctrl Pts',(6.88758832125035,3.24266571010505E-13,
0.413675134595076));
#9028=CARTESIAN_POINT('Origin',(-2.232402613277E-16,-1.4,-0.394615242271));
#9029=CARTESIAN_POINT('',(7.09983635517,-0.8,-0.04820508075689));
#9030=CARTESIAN_POINT('Origin',(0.,-0.716506350946,0.));
#9031=CARTESIAN_POINT('',(6.898058455125,-1.,-0.163675134595));
#9032=CARTESIAN_POINT('Ctrl Pts',(6.89805845512376,-0.999999999995095,-0.163675134592949));
#9033=CARTESIAN_POINT('Ctrl Pts',(6.99799488096158,-0.901441487467805,-0.10677235085436));
#9034=CARTESIAN_POINT('Ctrl Pts',(7.09983635516759,-0.799999999996395,-0.0482050807557154));
#9035=CARTESIAN_POINT('',(5.897729262209,-1.,-0.163675134595));
#9036=CARTESIAN_POINT('',(-1.252666220082E-16,-1.,-0.163675134595));
#9037=CARTESIAN_POINT('Ctrl Pts',(5.89772926220759,-1.00000000000103,-0.163675134595625));
#9038=CARTESIAN_POINT('Ctrl Pts',(5.83048117754931,-0.931683601397639,-0.124232643471871));
#9039=CARTESIAN_POINT('Ctrl Pts',(5.76453157488236,-0.865050720625015,-0.0857621318208975));
#9040=CARTESIAN_POINT('Ctrl Pts',(5.69979616040554,-0.80000000000102,-0.0482050807576358));
#9041=CARTESIAN_POINT('Origin',(0.,0.,0.));
#9042=CARTESIAN_POINT('Origin',(0.,-0.8,0.));
#9043=CARTESIAN_POINT('Origin',(0.,-0.8,0.));
#9044=CARTESIAN_POINT('Origin',(0.,-1.,0.));
#9045=CARTESIAN_POINT('Origin',(0.,-1.,0.));
#9046=CARTESIAN_POINT('Origin',(0.,-1.,0.));
#9047=CARTESIAN_POINT('Origin',(0.,-0.8,0.));
#9048=CARTESIAN_POINT('Origin',(0.,-0.8,0.));
#9049=CARTESIAN_POINT('Origin',(0.,-1.,0.));
#9050=CARTESIAN_POINT('',(0.,0.,0.));
#9051=CARTESIAN_POINT('Origin',(0.,0.,0.));
#9052=CARTESIAN_POINT('',(-5.275,-0.25,-6.46001186550229E-16));
#9053=CARTESIAN_POINT('Origin',(0.,-0.25,0.));
#9054=CARTESIAN_POINT('',(-5.275,-1.89,-6.46001186550229E-16));
#9055=CARTESIAN_POINT('',(-5.275,0.,-6.46001186550229E-16));
#9056=CARTESIAN_POINT('Origin',(0.,-1.89,0.));
#9057=CARTESIAN_POINT('Origin',(0.,-0.25,0.));
#9058=CARTESIAN_POINT('',(-5.52499999999989,1.12618248060414E-13,6.76617356528899E-16));
#9059=CARTESIAN_POINT('',(-5.275,-0.25,6.46001186550229E-16));
#9060=CARTESIAN_POINT('Origin',(0.,0.,0.));
#9061=CARTESIAN_POINT('Origin',(0.,-1.89,0.));
#9062=CARTESIAN_POINT('',(-5.52499999999989,-2.14000000000011,-6.76617356528899E-16));
#9063=CARTESIAN_POINT('',(-5.275,-1.89,-6.46001186550229E-16));
#9064=CARTESIAN_POINT('Origin',(0.,-2.14,0.));
#9065=CARTESIAN_POINT('Origin',(0.,0.,0.));
#9066=CARTESIAN_POINT('',(6.85,-5.551115123126E-17,0.));
#9067=CARTESIAN_POINT('',(3.425,-5.551115123126E-17,5.932274015923));
#9068=CARTESIAN_POINT('Origin',(0.,-5.551115123126E-17,0.));
#9069=CARTESIAN_POINT('',(3.425,-5.551115123126E-17,-5.932274015923));
#9070=CARTESIAN_POINT('Origin',(0.,-5.551115123126E-17,0.));
#9071=CARTESIAN_POINT('',(-3.425,-5.551115123126E-17,-5.932274015924));
#9072=CARTESIAN_POINT('Origin',(0.,-5.551115123126E-17,0.));
#9073=CARTESIAN_POINT('',(-6.85,-5.551115123126E-17,-1.360516158789E-13));
#9074=CARTESIAN_POINT('Origin',(0.,-5.551115123126E-17,0.));
#9075=CARTESIAN_POINT('',(-3.425,-5.551115123126E-17,5.932274015923));
#9076=CARTESIAN_POINT('Origin',(0.,-5.551115123126E-17,0.));
#9077=CARTESIAN_POINT('Origin',(0.,-5.551115123126E-17,0.));
#9078=CARTESIAN_POINT('Origin',(0.,-2.14,0.));
#9079=CARTESIAN_POINT('',(6.85,-2.14,0.));
#9080=CARTESIAN_POINT('',(3.42499999282,-2.14,5.932274020069));
#9081=CARTESIAN_POINT('Origin',(0.,-2.14,0.));
#9082=CARTESIAN_POINT('',(-3.424999968186,-2.14,5.932274034291));
#9083=CARTESIAN_POINT('Origin',(0.,-2.14,0.));
#9084=CARTESIAN_POINT('',(-6.85,-2.14,9.03954963971E-9));
#9085=CARTESIAN_POINT('Origin',(0.,-2.14,0.));
#9086=CARTESIAN_POINT('',(-3.424999988236,-2.14,-5.932274022715));
#9087=CARTESIAN_POINT('Origin',(0.,-2.14,0.));
#9088=CARTESIAN_POINT('',(3.424999969457,-2.14,-5.932274033557));
#9089=CARTESIAN_POINT('Origin',(0.,-2.14,0.));
#9090=CARTESIAN_POINT('Origin',(0.,-2.14,0.));
#9091=CARTESIAN_POINT('Origin',(0.,-0.866025403788,0.));
#9092=CARTESIAN_POINT('',(6.85,-0.61181732272,3.954849343949));
#9093=CARTESIAN_POINT('Ctrl Pts',(6.85000000000092,-0.611817322716332,3.95484934394847));
#9094=CARTESIAN_POINT('Ctrl Pts',(6.72613472781786,-0.570528898655194,4.02636299218664));
#9095=CARTESIAN_POINT('Ctrl Pts',(6.6048462509725,-0.531777824099096,4.09638892694295));
#9096=CARTESIAN_POINT('Ctrl Pts',(6.48578836209935,-0.495384127955042,4.16512703113304));
#9097=CARTESIAN_POINT('Ctrl Pts',(6.36170712075034,-0.45745489002236,4.23676536922731));
#9098=CARTESIAN_POINT('Ctrl Pts',(6.24004890865086,-0.422086248926573,4.30700477073211));
#9099=CARTESIAN_POINT('Ctrl Pts',(6.12046236745267,-0.389106476079602,4.37604809248438));
#9100=CARTESIAN_POINT('Ctrl Pts',(5.99287353502521,-0.353919818207339,4.449711539232));
#9101=CARTESIAN_POINT('Ctrl Pts',(5.86764303492848,-0.321452394027679,4.52201340217364));
#9102=CARTESIAN_POINT('Ctrl Pts',(5.74438661003427,-0.291531036079812,4.5931755322657));
#9103=CARTESIAN_POINT('Ctrl Pts',(5.61590236846952,-0.260340589124867,4.66735594371977));
#9104=CARTESIAN_POINT('Ctrl Pts',(5.48956354114324,-0.231916848241427,4.74029769968573));
#9105=CARTESIAN_POINT('Ctrl Pts',(5.36497567543442,-0.206100367153555,4.81222853749052));
#9106=CARTESIAN_POINT('Ctrl Pts',(5.23495780428665,-0.179158707205576,4.88729439039718));
#9107=CARTESIAN_POINT('Ctrl Pts',(5.10684721403806,-0.155056576188806,4.96125907416328));
#9108=CARTESIAN_POINT('Ctrl Pts',(4.98023364007362,-0.133650879586865,5.03435945517475));
#9109=CARTESIAN_POINT('Ctrl Pts',(4.84471302082344,-0.110739329362469,5.11260232117962));
#9110=CARTESIAN_POINT('Ctrl Pts',(4.71090777079729,-0.0909167719677835,
5.18985481830125));
#9111=CARTESIAN_POINT('Ctrl Pts',(4.57835221274092,-0.0740515994618098,
5.26638580542771));
#9112=CARTESIAN_POINT('Ctrl Pts',(4.44090750856189,-0.056564376142014,5.34573954238421));
#9113=CARTESIAN_POINT('Ctrl Pts',(4.30480699607653,-0.0422567212909448,
5.42431720990451));
#9114=CARTESIAN_POINT('Ctrl Pts',(4.1695627722801,-0.0310284331713935,5.50240049891976));
#9115=CARTESIAN_POINT('Ctrl Pts',(4.02806834855138,-0.0192812390041422,
5.58409234254841));
#9116=CARTESIAN_POINT('Ctrl Pts',(3.88751190448288,-0.0109044419807886,
5.66524264336774));
#9117=CARTESIAN_POINT('Ctrl Pts',(3.74735791992241,-0.00583463898426562,
5.74616058408176));
#9118=CARTESIAN_POINT('Ctrl Pts',(3.63974675371705,-0.00194201035441814,
5.80828991985827));
#9119=CARTESIAN_POINT('Ctrl Pts',(3.53237343528468,2.3311147988194E-12,
5.87028193415901));
#9120=CARTESIAN_POINT('Ctrl Pts',(3.42500000000064,2.27418084364217E-12,
5.9322740159241));
#9121=CARTESIAN_POINT('Ctrl Pts',(6.84999999999984,-2.27284857601262E-12,
-4.75175454538995E-16));
#9122=CARTESIAN_POINT('Ctrl Pts',(6.84999999999983,-2.27283877013068E-12,
0.161175420201256));
#9123=CARTESIAN_POINT('Ctrl Pts',(6.84999999999982,-0.00328015476041795,
0.32235033897352));
#9124=CARTESIAN_POINT('Ctrl Pts',(6.84999999999982,-0.00986507195100517,
0.484129320408973));
#9125=CARTESIAN_POINT('Ctrl Pts',(6.84999999999981,-0.0162359648835181,
0.640650129953785));
#9126=CARTESIAN_POINT('Ctrl Pts',(6.84999999999981,-0.0257004279249984,
0.797735531866448));
#9127=CARTESIAN_POINT('Ctrl Pts',(6.8499999999998,-0.0383253990384302,0.955946433666348));
#9128=CARTESIAN_POINT('Ctrl Pts',(6.84999999999979,-0.0504266156994478,
1.10759386189521));
#9129=CARTESIAN_POINT('Ctrl Pts',(6.84999999999979,-0.0654316532443304,
1.26027470010655));
#9130=CARTESIAN_POINT('Ctrl Pts',(6.84999999999978,-0.0834393588273294,
1.41450589989933));
#9131=CARTESIAN_POINT('Ctrl Pts',(6.84999999999977,-0.10065369587293,1.56194210957874));
#9132=CARTESIAN_POINT('Ctrl Pts',(6.84999999999977,-0.120612000728943,1.71079458373968));
#9133=CARTESIAN_POINT('Ctrl Pts',(6.84999999999976,-0.143436782113535,1.86154438925364));
#9134=CARTESIAN_POINT('Ctrl Pts',(6.84999999999976,-0.165260515733679,2.00568261968796));
#9135=CARTESIAN_POINT('Ctrl Pts',(6.84999999999975,-0.189704804894475,2.15155500041121));
#9136=CARTESIAN_POINT('Ctrl Pts',(6.84999999999974,-0.216910217871016,2.29961595159605));
#9137=CARTESIAN_POINT('Ctrl Pts',(6.84999999999974,-0.24236749665792,2.43816297218408));
#9138=CARTESIAN_POINT('Ctrl Pts',(6.84999999999973,-0.270242540740879,2.57862615410659));
#9139=CARTESIAN_POINT('Ctrl Pts',(6.84999999999973,-0.300679746793511,2.72141204641709));
#9140=CARTESIAN_POINT('Ctrl Pts',(6.84999999999972,-0.330056844742012,2.85922479890219));
#9141=CARTESIAN_POINT('Ctrl Pts',(6.84999999999972,-0.361820648414868,2.99920095890924));
#9142=CARTESIAN_POINT('Ctrl Pts',(6.84999999999971,-0.396129405832161,3.14174286711194));
#9143=CARTESIAN_POINT('Ctrl Pts',(6.8499999999997,-0.428539117430525,3.27639484763518));
#9144=CARTESIAN_POINT('Ctrl Pts',(6.8499999999997,-0.463219848069544,3.41333625188416));
#9145=CARTESIAN_POINT('Ctrl Pts',(6.84999999999969,-0.500331248604468,3.55294277137858));
#9146=CARTESIAN_POINT('Ctrl Pts',(6.84999999999969,-0.53528464390251,3.68443125717367));
#9147=CARTESIAN_POINT('Ctrl Pts',(6.84999999999968,-0.572394254361932,3.81828382916988));
#9148=CARTESIAN_POINT('Ctrl Pts',(6.84999999999968,-0.611817322721778,3.95484934394848));
#9149=CARTESIAN_POINT('Origin',(0.,-0.866025403788,0.));
#9150=CARTESIAN_POINT('',(0.,-0.61181732272,7.909698687898));
#9151=CARTESIAN_POINT('Ctrl Pts',(-5.36742436710826E-13,-0.611817322722144,
7.90969868789769));
#9152=CARTESIAN_POINT('Ctrl Pts',(-0.123865272183534,-0.570528898660962,
7.83818503965955));
#9153=CARTESIAN_POINT('Ctrl Pts',(-0.245153749028832,-0.531777824104815,
7.76815910490329));
#9154=CARTESIAN_POINT('Ctrl Pts',(-0.36421163790192,-0.495384127960711,
7.69942100071323));
#9155=CARTESIAN_POINT('Ctrl Pts',(-0.488292879250993,-0.457454890027935,
7.62778266261892));
#9156=CARTESIAN_POINT('Ctrl Pts',(-0.609951091350542,-0.422086248932057,
7.55754326111408));
#9157=CARTESIAN_POINT('Ctrl Pts',(-0.729537632548793,-0.389106476084997,
7.48849993936178));
#9158=CARTESIAN_POINT('Ctrl Pts',(-0.857126464976209,-0.353919818212669,
7.41483649261418));
#9159=CARTESIAN_POINT('Ctrl Pts',(-0.982356965072889,-0.321452394032941,
7.34253462967258));
#9160=CARTESIAN_POINT('Ctrl Pts',(-1.10561338996705,-0.291531036085005,
7.27137249958055));
#9161=CARTESIAN_POINT('Ctrl Pts',(-1.23409763153177,-0.26034058912998,7.19719208812649));
#9162=CARTESIAN_POINT('Ctrl Pts',(-1.36043645885801,-0.231916848246461,
7.12425033216055));
#9163=CARTESIAN_POINT('Ctrl Pts',(-1.4850243245668,-0.206100367158507,7.05231949435578));
#9164=CARTESIAN_POINT('Ctrl Pts',(-1.61504219571447,-0.179158707210456,
6.97725364144917));
#9165=CARTESIAN_POINT('Ctrl Pts',(-1.74315278596295,-0.155056576193609,
6.90328895768314));
#9166=CARTESIAN_POINT('Ctrl Pts',(-1.86976635992728,-0.133650879591587,
6.83018857667173));
#9167=CARTESIAN_POINT('Ctrl Pts',(-2.00528697917739,-0.110739329367096,
6.7519457106669));
#9168=CARTESIAN_POINT('Ctrl Pts',(-2.13909222920347,-0.0909167719723106,
6.67469321354531));
#9169=CARTESIAN_POINT('Ctrl Pts',(-2.27164778725976,-0.0740515994662347,
6.59816222641889));
#9170=CARTESIAN_POINT('Ctrl Pts',(-2.40909249143872,-0.0565643761463318,
6.51880848946244));
#9171=CARTESIAN_POINT('Ctrl Pts',(-2.54519300392399,-0.0422567212951518,
6.44023082194219));
#9172=CARTESIAN_POINT('Ctrl Pts',(-2.68043722772034,-0.0310284331754858,
6.36214753292698));
#9173=CARTESIAN_POINT('Ctrl Pts',(-2.82193165144903,-0.0192812390081089,
6.28045568929835));
#9174=CARTESIAN_POINT('Ctrl Pts',(-2.96248809551749,-0.0109044419846293,
6.19930538847905));
#9175=CARTESIAN_POINT('Ctrl Pts',(-3.10264208007792,-0.00583463898797731,
6.11838744776505));
#9176=CARTESIAN_POINT('Ctrl Pts',(-3.21025324628332,-0.00194201035802805,
6.05625811198852));
#9177=CARTESIAN_POINT('Ctrl Pts',(-3.31762656471572,-1.17875997122239E-12,
5.99426609768775));
#9178=CARTESIAN_POINT('Ctrl Pts',(-3.4249999999998,-1.13642428800631E-12,
5.93227401592265));
#9179=CARTESIAN_POINT('Ctrl Pts',(3.42500000000064,2.27418084364217E-12,
5.9322740159241));
#9180=CARTESIAN_POINT('Ctrl Pts',(3.28541799164085,2.20016853523013E-12,
6.01286172602469));
#9181=CARTESIAN_POINT('Ctrl Pts',(3.14583641753131,-0.00328015475601551,
6.09344918541079));
#9182=CARTESIAN_POINT('Ctrl Pts',(3.00573170980996,-0.00986507194666997,
6.17433867612849));
#9183=CARTESIAN_POINT('Ctrl Pts',(2.87018071252339,-0.016235964879247,6.25259908090085));
#9184=CARTESIAN_POINT('Ctrl Pts',(2.73414076390347,-0.0257004279207875,
6.33114178185714));
#9185=CARTESIAN_POINT('Ctrl Pts',(2.59712610378924,-0.0383253990342762,
6.41024723275706));
#9186=CARTESIAN_POINT('Ctrl Pts',(2.46579557852452,-0.0504266156953553,
6.4860709468715));
#9187=CARTESIAN_POINT('Ctrl Pts',(2.33357009396244,-0.0654316532403006,
6.56241136597718));
#9188=CARTESIAN_POINT('Ctrl Pts',(2.20000195688578,-0.083439358823362,6.63952696587359));
#9189=CARTESIAN_POINT('Ctrl Pts',(2.07231845386585,-0.100653695869009,6.71324507071325));
#9190=CARTESIAN_POINT('Ctrl Pts',(1.94340842982644,-0.120612000725065,6.78767130779369));
#9191=CARTESIAN_POINT('Ctrl Pts',(1.81285526863591,-0.143436782109698,6.86304621055064));
#9192=CARTESIAN_POINT('Ctrl Pts',(1.68802789942341,-0.165260515729874,6.93511532576774));
#9193=CARTESIAN_POINT('Ctrl Pts',(1.56169871200671,-0.1897048048907,7.00805151612932));
#9194=CARTESIAN_POINT('Ctrl Pts',(1.43347416697231,-0.216910217867265,7.08208199172168));
#9195=CARTESIAN_POINT('Ctrl Pts',(1.3134889275245,-0.242367496654208,7.1513555020157));
#9196=CARTESIAN_POINT('Ctrl Pts',(1.19184424368328,-0.270242540737204,7.22158709297695));
#9197=CARTESIAN_POINT('Ctrl Pts',(1.06818803364042,-0.300679746789873,7.29298003913219));
#9198=CARTESIAN_POINT('Ctrl Pts',(0.948838689022861,-0.330056844738426,
7.36188641537478));
#9199=CARTESIAN_POINT('Ctrl Pts',(0.827615778532547,-0.361820648411336,
7.43187449537835));
#9200=CARTESIAN_POINT('Ctrl Pts',(0.704170864925088,-0.396129405828686,
7.50314544947974));
#9201=CARTESIAN_POINT('Ctrl Pts',(0.587558829122185,-0.42853911742707,7.57047143974133));
#9202=CARTESIAN_POINT('Ctrl Pts',(0.468964094212772,-0.463219848066106,
7.63894214186579));
#9203=CARTESIAN_POINT('Ctrl Pts',(0.348061301796788,-0.500331248601044,
7.70874540161297));
#9204=CARTESIAN_POINT('Ctrl Pts',(0.23418893279225,-0.53528464389939,7.77448964451104));
#9205=CARTESIAN_POINT('Ctrl Pts',(0.118269205080767,-0.572394254359149,
7.84141593050968));
#9206=CARTESIAN_POINT('Ctrl Pts',(6.82121026329696E-13,-0.611817322719369,
7.90969868789955));
#9207=CARTESIAN_POINT('Origin',(0.,-0.866025403788,0.));
#9208=CARTESIAN_POINT('',(-6.85,-0.61181732272,3.954849343949));
#9209=CARTESIAN_POINT('Ctrl Pts',(-6.85,-0.611817322721778,3.95484934394848));
#9210=CARTESIAN_POINT('Ctrl Pts',(-6.85,-0.570528898660624,3.81182204747219));
#9211=CARTESIAN_POINT('Ctrl Pts',(-6.85,-0.531777824104509,3.67177017795963));
#9212=CARTESIAN_POINT('Ctrl Pts',(-6.84999999999999,-0.495384127960436,
3.53429396957948));
#9213=CARTESIAN_POINT('Ctrl Pts',(-6.84999999999999,-0.457454890027716,
3.39101729339093));
#9214=CARTESIAN_POINT('Ctrl Pts',(-6.84999999999999,-0.422086248931892,
3.25053849038131));
#9215=CARTESIAN_POINT('Ctrl Pts',(-6.84999999999998,-0.389106476084885,
3.11245184687676));
#9216=CARTESIAN_POINT('Ctrl Pts',(-6.84999999999998,-0.353919818212589,
2.96512495338151));
#9217=CARTESIAN_POINT('Ctrl Pts',(-6.84999999999998,-0.321452394032896,
2.82052122749824));
#9218=CARTESIAN_POINT('Ctrl Pts',(-6.84999999999997,-0.291531036084997,
2.67819696731412));
#9219=CARTESIAN_POINT('Ctrl Pts',(-6.84999999999997,-0.260340589130014,
2.52983614440597));
#9220=CARTESIAN_POINT('Ctrl Pts',(-6.84999999999997,-0.231916848246537,
2.38395263247403));
#9221=CARTESIAN_POINT('Ctrl Pts',(-6.84999999999997,-0.206100367158629,
2.24009095686444));
#9222=CARTESIAN_POINT('Ctrl Pts',(-6.84999999999996,-0.179158707210643,
2.08995925105127));
#9223=CARTESIAN_POINT('Ctrl Pts',(-6.84999999999996,-0.155056576193861,
1.94202988351922));
#9224=CARTESIAN_POINT('Ctrl Pts',(-6.84999999999996,-0.133650879591903,
1.79582912149644));
#9225=CARTESIAN_POINT('Ctrl Pts',(-6.84999999999995,-0.110739329367474,
1.63934338948675));
#9226=CARTESIAN_POINT('Ctrl Pts',(-6.84999999999995,-0.0909167719727527,
1.48483839524357));
#9227=CARTESIAN_POINT('Ctrl Pts',(-6.84999999999995,-0.0740515994667419,
1.3317764209907));
#9228=CARTESIAN_POINT('Ctrl Pts',(-6.84999999999994,-0.0565643761469042,
1.17306894707775));
#9229=CARTESIAN_POINT('Ctrl Pts',(-6.84999999999994,-0.042256721295792,
1.01591361203718));
#9230=CARTESIAN_POINT('Ctrl Pts',(-6.84999999999994,-0.0310284331761967,
0.859747034006717));
#9231=CARTESIAN_POINT('Ctrl Pts',(-6.84999999999994,-0.0192812390088972,
0.696363346749438));
#9232=CARTESIAN_POINT('Ctrl Pts',(-6.84999999999993,-0.0109044419854963,
0.534062745110799));
#9233=CARTESIAN_POINT('Ctrl Pts',(-6.84999999999993,-0.005834638988925,
0.372226863682767));
#9234=CARTESIAN_POINT('Ctrl Pts',(-6.84999999999993,-0.0019420103590584,
0.247968192130343));
#9235=CARTESIAN_POINT('Ctrl Pts',(-6.84999999999993,-2.27232153865236E-12,
0.123984163529451));
#9236=CARTESIAN_POINT('Ctrl Pts',(-6.84999999999992,-2.27373675443232E-12,
-1.35478295248958E-13));
#9237=CARTESIAN_POINT('Ctrl Pts',(-3.4249999999998,-1.13642428800631E-12,
5.93227401592265));
#9238=CARTESIAN_POINT('Ctrl Pts',(-3.56458200835969,-1.08138926306783E-12,
5.85168630582199));
#9239=CARTESIAN_POINT('Ctrl Pts',(-3.70416358246933,-0.00328015475917243,
5.77109884643584));
#9240=CARTESIAN_POINT('Ctrl Pts',(-3.84426829019077,-0.00986507194970709,
5.69020935571809));
#9241=CARTESIAN_POINT('Ctrl Pts',(-3.97981928747747,-0.0162359648821705,
5.61194895094565));
#9242=CARTESIAN_POINT('Ctrl Pts',(-4.11585923609752,-0.0257004279236039,
5.53340624998929));
#9243=CARTESIAN_POINT('Ctrl Pts',(-4.25287389621186,-0.0383253990369905,
5.4543007990893));
#9244=CARTESIAN_POINT('Ctrl Pts',(-4.38420442147663,-0.0504266156979656,
5.37847708497484));
#9245=CARTESIAN_POINT('Ctrl Pts',(-4.51642990603875,-0.0654316532428079,
5.30213666586913));
#9246=CARTESIAN_POINT('Ctrl Pts',(-4.64999804311544,-0.0834393588257689,
5.22502106597271));
#9247=CARTESIAN_POINT('Ctrl Pts',(-4.7776815461355,-0.100653695871333,5.15130296113296));
#9248=CARTESIAN_POINT('Ctrl Pts',(-4.90659157017503,-0.120612000727313,
5.07687672405246));
#9249=CARTESIAN_POINT('Ctrl Pts',(-5.03714473136568,-0.143436782111874,
5.00150182129544));
#9250=CARTESIAN_POINT('Ctrl Pts',(-5.1619721005784,-0.165260515731999,4.92943270607821));
#9251=CARTESIAN_POINT('Ctrl Pts',(-5.28830128799531,-0.189704804892782,
4.85649651571651));
#9252=CARTESIAN_POINT('Ctrl Pts',(-5.41652583302993,-0.216910217869314,
4.78246604012402));
#9253=CARTESIAN_POINT('Ctrl Pts',(-5.5365110724778,-0.242367496656194,4.71319252982998));
#9254=CARTESIAN_POINT('Ctrl Pts',(-5.65815575631907,-0.27024254073913,4.6429609388687));
#9255=CARTESIAN_POINT('Ctrl Pts',(-5.78181196636197,-0.300679746791741,
4.57156799271343));
#9256=CARTESIAN_POINT('Ctrl Pts',(-5.90116131097942,-0.330056844740198,
4.5026616164709));
#9257=CARTESIAN_POINT('Ctrl Pts',(-6.02238422146961,-0.361820648413008,
4.43267353646741));
#9258=CARTESIAN_POINT('Ctrl Pts',(-6.14582913507694,-0.396129405830254,
4.36140258236609));
#9259=CARTESIAN_POINT('Ctrl Pts',(-6.26244117087993,-0.428539117428598,
4.29407659210444));
#9260=CARTESIAN_POINT('Ctrl Pts',(-6.38103590578944,-0.463219848067596,
4.22560588997993));
#9261=CARTESIAN_POINT('Ctrl Pts',(-6.50193869820551,-0.500331248602502,
4.1558026302327));
#9262=CARTESIAN_POINT('Ctrl Pts',(-6.61581106720928,-0.535284643900553,
4.09005838733508));
#9263=CARTESIAN_POINT('Ctrl Pts',(-6.73173079491996,-0.57239425435999,4.0231321013369));
#9264=CARTESIAN_POINT('Ctrl Pts',(-6.8499999999992,-0.611817322719853,3.95484934394752));
#9265=CARTESIAN_POINT('Origin',(0.,-0.866025403788,0.));
#9266=CARTESIAN_POINT('',(-6.85,-0.61181732272,-3.954849343949));
#9267=CARTESIAN_POINT('Ctrl Pts',(-6.84999999999983,-0.611817322720679,
-3.9548493439491));
#9268=CARTESIAN_POINT('Ctrl Pts',(-6.72613472781672,-0.570528898659469,
-4.0263629921873));
#9269=CARTESIAN_POINT('Ctrl Pts',(-6.60484625097132,-0.531777824103301,
-4.09638892694363));
#9270=CARTESIAN_POINT('Ctrl Pts',(-6.48578836209813,-0.495384127959178,
-4.16512703113375));
#9271=CARTESIAN_POINT('Ctrl Pts',(-6.36170712074923,-0.457454890026467,
-4.23676536922795));
#9272=CARTESIAN_POINT('Ctrl Pts',(-6.24004890864985,-0.422086248930647,
-4.30700477073269));
#9273=CARTESIAN_POINT('Ctrl Pts',(-6.12046236745176,-0.389106476083639,
-4.3760480924849));
#9274=CARTESIAN_POINT('Ctrl Pts',(-5.99287353502434,-0.353919818211319,
-4.4497115392325));
#9275=CARTESIAN_POINT('Ctrl Pts',(-5.86764303492766,-0.3214523940316,-4.52201340217411));
#9276=CARTESIAN_POINT('Ctrl Pts',(-5.7443866100335,-0.291531036083672,-4.59317553226614));
#9277=CARTESIAN_POINT('Ctrl Pts',(-5.61590236846872,-0.260340589128643,
-4.66735594372023));
#9278=CARTESIAN_POINT('Ctrl Pts',(-5.48956354114242,-0.231916848245122,
-4.7402976996862));
#9279=CARTESIAN_POINT('Ctrl Pts',(-5.36497567543358,-0.206100367157168,
-4.812228537491));
#9280=CARTESIAN_POINT('Ctrl Pts',(-5.23495780428596,-0.179158707209139,
-4.88729439039758));
#9281=CARTESIAN_POINT('Ctrl Pts',(-5.10684721403753,-0.155056576192314,
-4.96125907416359));
#9282=CARTESIAN_POINT('Ctrl Pts',(-4.98023364007324,-0.133650879590309,
-5.03435945517497));
#9283=CARTESIAN_POINT('Ctrl Pts',(-4.84471302082312,-0.110739329365828,
-5.11260232117981));
#9284=CARTESIAN_POINT('Ctrl Pts',(-4.71090777079703,-0.0909167719710537,
-5.1898548183014));
#9285=CARTESIAN_POINT('Ctrl Pts',(-4.57835221274073,-0.0740515994649886,
-5.26638580542782));
#9286=CARTESIAN_POINT('Ctrl Pts',(-4.44090750856175,-0.0565643761450966,
-5.34573954238428));
#9287=CARTESIAN_POINT('Ctrl Pts',(-4.30480699607647,-0.0422567212939281,
-5.42431720990455));
#9288=CARTESIAN_POINT('Ctrl Pts',(-4.16956277228011,-0.0310284331742743,
-5.50240049891976));
#9289=CARTESIAN_POINT('Ctrl Pts',(-4.02806834855143,-0.0192812390069126,
-5.58409234254838));
#9290=CARTESIAN_POINT('Ctrl Pts',(-3.88751190448298,-0.0109044419834469,
-5.66524264336768));
#9291=CARTESIAN_POINT('Ctrl Pts',(-3.74735791992257,-0.00583463898680892,
-5.74616058408167));
#9292=CARTESIAN_POINT('Ctrl Pts',(-3.639746753717,-0.00194201035686417,
-5.8082899198583));
#9293=CARTESIAN_POINT('Ctrl Pts',(-3.53237343528444,-2.5147096108262E-14,
-5.87028193415915));
#9294=CARTESIAN_POINT('Ctrl Pts',(-3.4250000000002,8.88178419700125E-16,
-5.93227401592435));
#9295=CARTESIAN_POINT('Ctrl Pts',(-6.84999999999992,-2.27373675443232E-12,
-1.35478295248958E-13));
#9296=CARTESIAN_POINT('Ctrl Pts',(-6.84999999999992,-2.27557648937522E-12,
-0.161175420201388));
#9297=CARTESIAN_POINT('Ctrl Pts',(-6.84999999999992,-0.00328015476042174,
-0.322350338973649));
#9298=CARTESIAN_POINT('Ctrl Pts',(-6.84999999999991,-0.0098650719510105,
-0.484129320409097));
#9299=CARTESIAN_POINT('Ctrl Pts',(-6.84999999999991,-0.0162359648835241,
-0.640650129953886));
#9300=CARTESIAN_POINT('Ctrl Pts',(-6.84999999999991,-0.0257004279250041,
-0.797735531866523));
#9301=CARTESIAN_POINT('Ctrl Pts',(-6.8499999999999,-0.0383253990384347,
-0.955946433666399));
#9302=CARTESIAN_POINT('Ctrl Pts',(-6.8499999999999,-0.0504266156994613,
-1.10759386189536));
#9303=CARTESIAN_POINT('Ctrl Pts',(-6.8499999999999,-0.0654316532443575,
-1.26027470010681));
#9304=CARTESIAN_POINT('Ctrl Pts',(-6.84999999999989,-0.0834393588273739,
-1.4145058998997));
#9305=CARTESIAN_POINT('Ctrl Pts',(-6.84999999999989,-0.100653695872983,
-1.56194210957915));
#9306=CARTESIAN_POINT('Ctrl Pts',(-6.84999999999989,-0.120612000729007,
-1.71079458374013));
#9307=CARTESIAN_POINT('Ctrl Pts',(-6.84999999999989,-0.143436782113611,
-1.86154438925414));
#9308=CARTESIAN_POINT('Ctrl Pts',(-6.84999999999988,-0.16526051573375,-2.00568261968839));
#9309=CARTESIAN_POINT('Ctrl Pts',(-6.84999999999988,-0.189704804894538,
-2.15155500041157));
#9310=CARTESIAN_POINT('Ctrl Pts',(-6.84999999999988,-0.216910217871069,
-2.29961595159634));
#9311=CARTESIAN_POINT('Ctrl Pts',(-6.84999999999987,-0.242367496657982,
-2.43816297218441));
#9312=CARTESIAN_POINT('Ctrl Pts',(-6.84999999999987,-0.270242540740951,
-2.57862615410694));
#9313=CARTESIAN_POINT('Ctrl Pts',(-6.84999999999987,-0.300679746793594,
-2.72141204641747));
#9314=CARTESIAN_POINT('Ctrl Pts',(-6.84999999999987,-0.330056844742117,
-2.85922479890266));
#9315=CARTESIAN_POINT('Ctrl Pts',(-6.84999999999986,-0.361820648414999,
-2.99920095890981));
#9316=CARTESIAN_POINT('Ctrl Pts',(-6.84999999999986,-0.396129405832321,
-3.1417428671126));
#9317=CARTESIAN_POINT('Ctrl Pts',(-6.84999999999986,-0.428539117430692,
-3.27639484763584));
#9318=CARTESIAN_POINT('Ctrl Pts',(-6.84999999999985,-0.463219848069716,
-3.41333625188482));
#9319=CARTESIAN_POINT('Ctrl Pts',(-6.84999999999985,-0.500331248604648,
-3.55294277137925));
#9320=CARTESIAN_POINT('Ctrl Pts',(-6.84999999999985,-0.535284643902638,
-3.68443125717412));
#9321=CARTESIAN_POINT('Ctrl Pts',(-6.84999999999985,-0.572394254362001,
-3.81828382917011));
#9322=CARTESIAN_POINT('Ctrl Pts',(-6.84999999999984,-0.611817322721779,
-3.95484934394849));
#9323=CARTESIAN_POINT('Origin',(0.,-0.866025403788,0.));
#9324=CARTESIAN_POINT('',(3.135269821541E-13,-0.61181732272,-7.909698687898));
#9325=CARTESIAN_POINT('Ctrl Pts',(-3.09765172476174E-13,-0.611817322717501,
-7.90969868789836));
#9326=CARTESIAN_POINT('Ctrl Pts',(0.123865272182696,-0.57052889865638,-7.83818503966022));
#9327=CARTESIAN_POINT('Ctrl Pts',(0.245153749028002,-0.531777824100298,
-7.76815910490395));
#9328=CARTESIAN_POINT('Ctrl Pts',(0.364211637901103,-0.495384127956257,
-7.69942100071388));
#9329=CARTESIAN_POINT('Ctrl Pts',(0.488292879250195,-0.457454890023545,
-7.62778266261956));
#9330=CARTESIAN_POINT('Ctrl Pts',(0.609951091349768,-0.422086248927731,
-7.55754326111471));
#9331=CARTESIAN_POINT('Ctrl Pts',(0.729537632548044,-0.389106476080736,
-7.48849993936239));
#9332=CARTESIAN_POINT('Ctrl Pts',(0.857126464975501,-0.353919818208475,
-7.41483649261477));
#9333=CARTESIAN_POINT('Ctrl Pts',(0.982356965072227,-0.321452394028816,
-7.34253462967314));
#9334=CARTESIAN_POINT('Ctrl Pts',(1.10561338996643,-0.291531036080951,-7.27137249958108));
#9335=CARTESIAN_POINT('Ctrl Pts',(1.23409763153123,-0.260340589125993,-7.19719208812698));
#9336=CARTESIAN_POINT('Ctrl Pts',(1.36043645885756,-0.231916848242542,-7.12425033216099));
#9337=CARTESIAN_POINT('Ctrl Pts',(1.48502432456644,-0.206100367154662,-7.05231949435617));
#9338=CARTESIAN_POINT('Ctrl Pts',(1.61504219571416,-0.179158707206692,-6.97725364144953));
#9339=CARTESIAN_POINT('Ctrl Pts',(1.74315278596271,-0.155056576189932,-6.90328895768346));
#9340=CARTESIAN_POINT('Ctrl Pts',(1.86976635992711,-0.133650879587997,-6.83018857667201));
#9341=CARTESIAN_POINT('Ctrl Pts',(2.00528697917728,-0.110739329363605,-6.75194571066714));
#9342=CARTESIAN_POINT('Ctrl Pts',(2.13909222920342,-0.0909167719689194,
-6.67469321354553));
#9343=CARTESIAN_POINT('Ctrl Pts',(2.27164778725978,-0.0740515994629471,
-6.59816222641907));
#9344=CARTESIAN_POINT('Ctrl Pts',(2.40909249143882,-0.0565643761431499,
-6.51880848946257));
#9345=CARTESIAN_POINT('Ctrl Pts',(2.54519300392418,-0.0422567212920795,
-6.44023082194226));
#9346=CARTESIAN_POINT('Ctrl Pts',(2.68043722772063,-0.0310284331725277,
-6.362147532927));
#9347=CARTESIAN_POINT('Ctrl Pts',(2.82193165144934,-0.0192812390052767,
-6.28045568929835));
#9348=CARTESIAN_POINT('Ctrl Pts',(2.96248809551784,-0.0109044419819242,
-6.19930538847903));
#9349=CARTESIAN_POINT('Ctrl Pts',(3.10264208007831,-0.0058346389854016,
-6.118387447765));
#9350=CARTESIAN_POINT('Ctrl Pts',(3.2102532462836,-0.00194201035555692,
-6.05625811198853));
#9351=CARTESIAN_POINT('Ctrl Pts',(3.3176265647159,1.19146100735561E-12,
-5.99426609768783));
#9352=CARTESIAN_POINT('Ctrl Pts',(3.42499999999988,1.13686837721616E-12,
-5.93227401592278));
#9353=CARTESIAN_POINT('Ctrl Pts',(-3.4250000000002,8.88178419700125E-16,
-5.93227401592435));
#9354=CARTESIAN_POINT('Ctrl Pts',(-3.28541799164035,3.47331969495919E-14,
-6.01286172602499));
#9355=CARTESIAN_POINT('Ctrl Pts',(-3.14583641753074,-0.00328015475807629,
-6.09344918541112));
#9356=CARTESIAN_POINT('Ctrl Pts',(-3.00573170980934,-0.00986507194862885,
-6.17433867612885));
#9357=CARTESIAN_POINT('Ctrl Pts',(-2.87018071252268,-0.0162359648811088,
-6.25259908090126));
#9358=CARTESIAN_POINT('Ctrl Pts',(-2.73414076390268,-0.025700427922556,
-6.3311417818576));
#9359=CARTESIAN_POINT('Ctrl Pts',(-2.59712610378838,-0.0383253990359549,
-6.41024723275756));
#9360=CARTESIAN_POINT('Ctrl Pts',(-2.46579557852363,-0.0504266156969447,
-6.48607094687202));
#9361=CARTESIAN_POINT('Ctrl Pts',(-2.33357009396152,-0.0654316532418025,
-6.56241136597772));
#9362=CARTESIAN_POINT('Ctrl Pts',(-2.20000195688484,-0.0834393588247773,
-6.63952696587413));
#9363=CARTESIAN_POINT('Ctrl Pts',(-2.07231845386484,-0.100653695870348,
-6.71324507071384));
#9364=CARTESIAN_POINT('Ctrl Pts',(-1.94340842982537,-0.12061200072633,-6.78767130779431));
#9365=CARTESIAN_POINT('Ctrl Pts',(-1.81285526863478,-0.143436782110891,
-6.86304621055129));
#9366=CARTESIAN_POINT('Ctrl Pts',(-1.68802789942212,-0.165260515731019,
-6.93511532576849));
#9367=CARTESIAN_POINT('Ctrl Pts',(-1.56169871200525,-0.189704804891801,
-7.00805151613016));
#9368=CARTESIAN_POINT('Ctrl Pts',(-1.43347416697068,-0.216910217868331,
-7.08208199172262));
#9369=CARTESIAN_POINT('Ctrl Pts',(-1.31348892752285,-0.242367496655213,
-7.15135550201665));
#9370=CARTESIAN_POINT('Ctrl Pts',(-1.19184424368162,-0.27024254073815,-7.2215870929779));
#9371=CARTESIAN_POINT('Ctrl Pts',(-1.06818803363875,-0.30067974679076,-7.29298003913316));
#9372=CARTESIAN_POINT('Ctrl Pts',(-0.948838689021226,-0.330056844739243,
-7.36188641537573));
#9373=CARTESIAN_POINT('Ctrl Pts',(-0.827615778530953,-0.361820648412082,
-7.43187449537927));
#9374=CARTESIAN_POINT('Ctrl Pts',(-0.70417086492354,-0.39612940582936,-7.50314544948064));
#9375=CARTESIAN_POINT('Ctrl Pts',(-0.587558829120583,-0.428539117427702,
-7.57047143974226));
#9376=CARTESIAN_POINT('Ctrl Pts',(-0.468964094211115,-0.463219848066697,
-7.63894214186675));
#9377=CARTESIAN_POINT('Ctrl Pts',(-0.348061301795077,-0.500331248601598,
-7.70874540161396));
#9378=CARTESIAN_POINT('Ctrl Pts',(-0.234188932791005,-0.535284643899751,
-7.77448964451175));
#9379=CARTESIAN_POINT('Ctrl Pts',(-0.118269205080004,-0.5723942543593,-7.84141593051012));
#9380=CARTESIAN_POINT('Ctrl Pts',(-4.2632564145606E-13,-0.61181732271929,
-7.9096986878997));
#9381=CARTESIAN_POINT('Origin',(0.,-0.866025403788,0.));
#9382=CARTESIAN_POINT('',(6.85,-0.61181732272,-3.954849343949));
#9383=CARTESIAN_POINT('Ctrl Pts',(6.85,-0.611817322721778,-3.95484934394848));
#9384=CARTESIAN_POINT('Ctrl Pts',(6.84999999999999,-0.570528898660618,-3.81182204747217));
#9385=CARTESIAN_POINT('Ctrl Pts',(6.84999999999999,-0.531777824104498,-3.67177017795959));
#9386=CARTESIAN_POINT('Ctrl Pts',(6.84999999999998,-0.49538412796042,-3.53429396957942));
#9387=CARTESIAN_POINT('Ctrl Pts',(6.84999999999998,-0.457454890027714,-3.39101729339092));
#9388=CARTESIAN_POINT('Ctrl Pts',(6.84999999999997,-0.422086248931902,-3.25053849038135));
#9389=CARTESIAN_POINT('Ctrl Pts',(6.84999999999997,-0.389106476084906,-3.11245184687684));
#9390=CARTESIAN_POINT('Ctrl Pts',(6.84999999999996,-0.353919818212616,-2.96512495338162));
#9391=CARTESIAN_POINT('Ctrl Pts',(6.84999999999995,-0.321452394032927,-2.82052122749838));
#9392=CARTESIAN_POINT('Ctrl Pts',(6.84999999999995,-0.291531036085031,-2.67819696731429));
#9393=CARTESIAN_POINT('Ctrl Pts',(6.84999999999994,-0.260340589130051,-2.52983614440616));
#9394=CARTESIAN_POINT('Ctrl Pts',(6.84999999999994,-0.231916848246577,-2.38395263247425));
#9395=CARTESIAN_POINT('Ctrl Pts',(6.84999999999993,-0.206100367158671,-2.24009095686468));
#9396=CARTESIAN_POINT('Ctrl Pts',(6.84999999999992,-0.17915870721066,-2.08995925105138));
#9397=CARTESIAN_POINT('Ctrl Pts',(6.84999999999992,-0.155056576193859,-1.94202988351922));
#9398=CARTESIAN_POINT('Ctrl Pts',(6.84999999999991,-0.133650879591885,-1.79582912149632));
#9399=CARTESIAN_POINT('Ctrl Pts',(6.84999999999991,-0.110739329367453,-1.6393433894866));
#9400=CARTESIAN_POINT('Ctrl Pts',(6.8499999999999,-0.0909167719727291,-1.48483839524338));
#9401=CARTESIAN_POINT('Ctrl Pts',(6.84999999999989,-0.0740515994667175,
-1.33177642099048));
#9402=CARTESIAN_POINT('Ctrl Pts',(6.84999999999989,-0.0565643761468758,
-1.17306894707747));
#9403=CARTESIAN_POINT('Ctrl Pts',(6.84999999999988,-0.0422567212957623,
-1.01591361203684));
#9404=CARTESIAN_POINT('Ctrl Pts',(6.84999999999987,-0.0310284331761679,
-0.85974703400632));
#9405=CARTESIAN_POINT('Ctrl Pts',(6.84999999999987,-0.0192812390088731,
-0.696363346749033));
#9406=CARTESIAN_POINT('Ctrl Pts',(6.84999999999986,-0.0109044419854771,
-0.534062745110388));
#9407=CARTESIAN_POINT('Ctrl Pts',(6.84999999999985,-0.00583463898891123,
-0.372226863682347));
#9408=CARTESIAN_POINT('Ctrl Pts',(6.84999999999985,-0.0019420103590549,
-0.24796819213011));
#9409=CARTESIAN_POINT('Ctrl Pts',(6.84999999999984,-2.27285611918557E-12,
-0.1239841635294));
#9410=CARTESIAN_POINT('Ctrl Pts',(6.84999999999984,-2.27284857601262E-12,
-4.75175454538995E-16));
#9411=CARTESIAN_POINT('Ctrl Pts',(3.42499999999988,1.13686837721616E-12,
-5.93227401592278));
#9412=CARTESIAN_POINT('Ctrl Pts',(3.56458200835968,1.06589971596065E-12,
-5.85168630582218));
#9413=CARTESIAN_POINT('Ctrl Pts',(3.70416358246924,-0.00328015475714718,
-5.77109884643608));
#9414=CARTESIAN_POINT('Ctrl Pts',(3.8442682901906,-0.00986507194780017,
-5.69020935571837));
#9415=CARTESIAN_POINT('Ctrl Pts',(3.97981928747721,-0.0162359648803767,
-5.61194895094599));
#9416=CARTESIAN_POINT('Ctrl Pts',(4.11585923609716,-0.0257004279219185,
-5.53340624998967));
#9417=CARTESIAN_POINT('Ctrl Pts',(4.25287389621143,-0.03832539903541,-5.45430079908974));
#9418=CARTESIAN_POINT('Ctrl Pts',(4.38420442147614,-0.050426615696488,-5.3784770849753));
#9419=CARTESIAN_POINT('Ctrl Pts',(4.51642990603822,-0.0654316532414324,
-5.30213666586962));
#9420=CARTESIAN_POINT('Ctrl Pts',(4.64999804311487,-0.0834393588244922,
-5.22502106597322));
#9421=CARTESIAN_POINT('Ctrl Pts',(4.77768154613483,-0.100653695870143,-5.15130296113353));
#9422=CARTESIAN_POINT('Ctrl Pts',(4.90659157017428,-0.120612000726204,-5.07687672405308));
#9423=CARTESIAN_POINT('Ctrl Pts',(5.03714473136484,-0.143436782110843,-5.00150182129611));
#9424=CARTESIAN_POINT('Ctrl Pts',(5.16197210057744,-0.165260515731037,-4.92943270607895));
#9425=CARTESIAN_POINT('Ctrl Pts',(5.28830128799424,-0.189704804891883,-4.85649651571732));
#9426=CARTESIAN_POINT('Ctrl Pts',(5.41652583302875,-0.216910217868475,-4.78246604012489));
#9427=CARTESIAN_POINT('Ctrl Pts',(5.53651107247653,-0.242367496655415,-4.71319252983089));
#9428=CARTESIAN_POINT('Ctrl Pts',(5.65815575631772,-0.270242540738409,-4.64296093886966));
#9429=CARTESIAN_POINT('Ctrl Pts',(5.78181196636054,-0.300679746791073,-4.57156799271443));
#9430=CARTESIAN_POINT('Ctrl Pts',(5.90116131097802,-0.330056844739609,-4.50266161647189));
#9431=CARTESIAN_POINT('Ctrl Pts',(6.02238422146825,-0.3618206484125,-4.43267353646837));
#9432=CARTESIAN_POINT('Ctrl Pts',(6.14582913507563,-0.396129405829827,-4.36140258236702));
#9433=CARTESIAN_POINT('Ctrl Pts',(6.26244117087856,-0.428539117428217,-4.29407659210542));
#9434=CARTESIAN_POINT('Ctrl Pts',(6.381035905788,-0.46321984806726,-4.22560588998095));
#9435=CARTESIAN_POINT('Ctrl Pts',(6.50193869820401,-0.500331248602208,-4.15580263023375));
#9436=CARTESIAN_POINT('Ctrl Pts',(6.61581106720825,-0.535284643900463,-4.09005838733586));
#9437=CARTESIAN_POINT('Ctrl Pts',(6.73173079491942,-0.572394254360119,-4.02313210133739));
#9438=CARTESIAN_POINT('Ctrl Pts',(6.84999999999918,-0.611817322720224,-3.95484934394771));
#9439=CARTESIAN_POINT('Origin',(0.,-2.14,0.));
#9440=CARTESIAN_POINT('',(6.85,-1.528182677284,3.954849343949));
#9441=CARTESIAN_POINT('Ctrl Pts',(6.84999999999968,-1.52818267728251,3.95484934394857));
#9442=CARTESIAN_POINT('Ctrl Pts',(6.84999999999968,-1.56947110134344,3.81182204747217));
#9443=CARTESIAN_POINT('Ctrl Pts',(6.84999999999969,-1.60822217589935,3.67177017795951));
#9444=CARTESIAN_POINT('Ctrl Pts',(6.84999999999969,-1.64461587204323,3.53429396957927));
#9445=CARTESIAN_POINT('Ctrl Pts',(6.8499999999997,-1.68254510997575,3.39101729339065));
#9446=CARTESIAN_POINT('Ctrl Pts',(6.8499999999997,-1.71791375107138,3.25053849038096));
#9447=CARTESIAN_POINT('Ctrl Pts',(6.84999999999971,-1.75089352391821,3.11245184687634));
#9448=CARTESIAN_POINT('Ctrl Pts',(6.84999999999972,-1.78608018179034,2.96512495338096));
#9449=CARTESIAN_POINT('Ctrl Pts',(6.84999999999972,-1.81854760596988,2.82052122749756));
#9450=CARTESIAN_POINT('Ctrl Pts',(6.84999999999973,-1.84846896391764,2.67819696731332));
#9451=CARTESIAN_POINT('Ctrl Pts',(6.84999999999973,-1.87965941087247,2.52983614440505));
#9452=CARTESIAN_POINT('Ctrl Pts',(6.84999999999974,-1.90808315175581,2.38395263247302));
#9453=CARTESIAN_POINT('Ctrl Pts',(6.84999999999975,-1.9338996328436,2.24009095686333));
#9454=CARTESIAN_POINT('Ctrl Pts',(6.84999999999975,-1.9608412927915,2.08995925104987));
#9455=CARTESIAN_POINT('Ctrl Pts',(6.84999999999976,-1.9849434238082,1.94202988351755));
#9456=CARTESIAN_POINT('Ctrl Pts',(6.84999999999976,-2.0063491204101,1.7958291214945));
#9457=CARTESIAN_POINT('Ctrl Pts',(6.84999999999977,-2.02926067063444,1.63934338948462));
#9458=CARTESIAN_POINT('Ctrl Pts',(6.84999999999978,-2.04908322802909,1.48483839524126));
#9459=CARTESIAN_POINT('Ctrl Pts',(6.84999999999978,-2.06594840053505,1.33177642098822));
#9460=CARTESIAN_POINT('Ctrl Pts',(6.84999999999979,-2.08343562385483,1.17306894707503));
#9461=CARTESIAN_POINT('Ctrl Pts',(6.8499999999998,-2.09774327870591,1.01591361203423));
#9462=CARTESIAN_POINT('Ctrl Pts',(6.8499999999998,-2.10897156682548,0.85974703400354));
#9463=CARTESIAN_POINT('Ctrl Pts',(6.84999999999981,-2.12071876099276,0.696363346745949));
#9464=CARTESIAN_POINT('Ctrl Pts',(6.84999999999982,-2.12909555801616,0.534062745107005));
#9465=CARTESIAN_POINT('Ctrl Pts',(6.84999999999982,-2.13416536101274,0.372226863678674));
#9466=CARTESIAN_POINT('Ctrl Pts',(6.84999999999983,-2.13805798964256,0.247968192127661));
#9467=CARTESIAN_POINT('Ctrl Pts',(6.84999999999983,-2.13999999999936,0.123984163528175));
#9468=CARTESIAN_POINT('Ctrl Pts',(6.84999999999984,-2.13999999999943,8.881784197E-16));
#9469=CARTESIAN_POINT('Ctrl Pts',(3.42499999282037,-2.1400000000017,5.93227402006963));
#9470=CARTESIAN_POINT('Ctrl Pts',(3.56458200123992,-2.14000000011427,5.85168630993453));
#9471=CARTESIAN_POINT('Ctrl Pts',(3.70416357540032,-2.13671984546591,5.77109885051908));
#9472=CARTESIAN_POINT('Ctrl Pts',(3.84426828316414,-2.13013492838314,5.69020935977686));
#9473=CARTESIAN_POINT('Ctrl Pts',(3.97981928052419,-2.12376403555341,5.61194895496207));
#9474=CARTESIAN_POINT('Ctrl Pts',(4.11585922920997,-2.1142995726114,5.53340625396775));
#9475=CARTESIAN_POINT('Ctrl Pts',(4.25287388938315,-2.10167460159474,5.4543008030338));
#9476=CARTESIAN_POINT('Ctrl Pts',(4.38420441471604,-2.0895733850254,5.37847708888001));
#9477=CARTESIAN_POINT('Ctrl Pts',(4.51642989934009,-2.07456834756919,5.30213666973854));
#9478=CARTESIAN_POINT('Ctrl Pts',(4.64999803647312,-2.05656064207233,5.2250210698096));
#9479=CARTESIAN_POINT('Ctrl Pts',(4.77768153954849,-2.03934630510888,5.15130296493791));
#9480=CARTESIAN_POINT('Ctrl Pts',(4.90659156363826,-2.01938800033263,5.07687672782841));
#9481=CARTESIAN_POINT('Ctrl Pts',(5.03714472487451,-1.99656321902577,5.00150182504506));
#9482=CARTESIAN_POINT('Ctrl Pts',(5.16197209412886,-1.97473948548028,4.9294327098038));
#9483=CARTESIAN_POINT('Ctrl Pts',(5.28830128158312,-1.95029519639236,4.85649651942054));
#9484=CARTESIAN_POINT('Ctrl Pts',(5.41652582665113,-1.92308978348719,4.78246604380877));
#9485=CARTESIAN_POINT('Ctrl Pts',(5.53651106611509,-1.8976325047703,4.71319253350543));
#9486=CARTESIAN_POINT('Ctrl Pts',(5.65815574996858,-1.86975746075664,4.6429609425371));
#9487=CARTESIAN_POINT('Ctrl Pts',(5.78181196001992,-1.83932025477286,4.57156799637695));
#9488=CARTESIAN_POINT('Ctrl Pts',(5.90116130464388,-1.80994315689124,4.50266162013067));
#9489=CARTESIAN_POINT('Ctrl Pts',(6.02238421513701,-1.7781793532849,4.43267354012547));
#9490=CARTESIAN_POINT('Ctrl Pts',(6.14582912874374,-1.743870595934,4.3614025860245));
#9491=CARTESIAN_POINT('Ctrl Pts',(6.26244116452042,-1.71146088440549,4.29407659577805));
#9492=CARTESIAN_POINT('Ctrl Pts',(6.38103589939958,-1.6767801538372,4.22560589367106));
#9493=CARTESIAN_POINT('Ctrl Pts',(6.50193869178105,-1.63966875337421,4.15580263394381));
#9494=CARTESIAN_POINT('Ctrl Pts',(6.61581106284955,-1.6047153575001,4.09005838985411));
#9495=CARTESIAN_POINT('Ctrl Pts',(6.7317307926965,-1.56760574638632,4.02313210262256));
#9496=CARTESIAN_POINT('Ctrl Pts',(6.8500000000003,-1.52818267728518,3.95484934394883));
#9497=CARTESIAN_POINT('Origin',(0.,-2.14,0.));
#9498=CARTESIAN_POINT('',(0.,-1.528182677284,7.909698687898));
#9499=CARTESIAN_POINT('Ctrl Pts',(-8.43769498715119E-14,-1.52818267728769,
7.90969868789999));
#9500=CARTESIAN_POINT('Ctrl Pts',(0.123865272175175,-1.56947110134591,7.83818503966632));
#9501=CARTESIAN_POINT('Ctrl Pts',(0.245153749013065,-1.60822217589943,7.76815910491433));
#9502=CARTESIAN_POINT('Ctrl Pts',(0.364211637879007,-1.64461587204122,7.6994210007284));
#9503=CARTESIAN_POINT('Ctrl Pts',(0.488292879220069,-1.6825451099714,7.62778266263871));
#9504=CARTESIAN_POINT('Ctrl Pts',(0.609951091311915,-1.71791375106504,7.55754326113832));
#9505=CARTESIAN_POINT('Ctrl Pts',(0.729537632502706,-1.75089352391018,7.48849993939033));
#9506=CARTESIAN_POINT('Ctrl Pts',(0.857126464914514,-1.78608018177834,7.41483649265174));
#9507=CARTESIAN_POINT('Ctrl Pts',(0.982356964996144,-1.8185476059546,7.34253462971883));
#9508=CARTESIAN_POINT('Ctrl Pts',(1.10561338987567,-1.84846896389969,7.27137249963525));
#9509=CARTESIAN_POINT('Ctrl Pts',(1.23409763142458,-1.87965941085161,7.19719208819032));
#9510=CARTESIAN_POINT('Ctrl Pts',(1.36043645873548,-1.90808315173273,7.12425033223323));
#9511=CARTESIAN_POINT('Ctrl Pts',(1.48502432442926,-1.93389963281894,7.05231949443713));
#9512=CARTESIAN_POINT('Ctrl Pts',(1.61504219556066,-1.96084129276504,6.97725364153992));
#9513=CARTESIAN_POINT('Ctrl Pts',(1.74315278579325,-1.98494342378067,6.90328895778305));
#9514=CARTESIAN_POINT('Ctrl Pts',(1.86976635974191,-2.00634912038217,6.83018857678069));
#9515=CARTESIAN_POINT('Ctrl Pts',(2.00528697896131,-2.02926067060375,6.75194571079359));
#9516=CARTESIAN_POINT('Ctrl Pts',(2.13909222895728,-2.04908322799704,6.67469321368939));
#9517=CARTESIAN_POINT('Ctrl Pts',(2.27164778698376,-2.06594840050298,6.59816222658019));
#9518=CARTESIAN_POINT('Ctrl Pts',(2.40909249113391,-2.083435623823,6.51880848964036));
#9519=CARTESIAN_POINT('Ctrl Pts',(2.54519300359065,-2.09774327867567,6.44023082213658));
#9520=CARTESIAN_POINT('Ctrl Pts',(2.68043722735843,-2.10897156679814,6.36214753313787));
#9521=CARTESIAN_POINT('Ctrl Pts',(2.8219316510567,-2.12071876096841,6.2804556895268));
#9522=CARTESIAN_POINT('Ctrl Pts',(2.96248809509472,-2.12909555799626,6.19930538872508));
#9523=CARTESIAN_POINT('Ctrl Pts',(3.10264207962432,-2.13416536099876,6.11838744802887));
#9524=CARTESIAN_POINT('Ctrl Pts',(3.21025324358314,-2.13805798955278,6.05625811354941));
#9525=CARTESIAN_POINT('Ctrl Pts',(3.31762655977857,-2.13999999991512,5.99426610054016));
#9526=CARTESIAN_POINT('Ctrl Pts',(3.42499999282037,-2.1400000000017,5.93227402006963));
#9527=CARTESIAN_POINT('Ctrl Pts',(-3.42499996818572,-2.14,5.93227403429051));
#9528=CARTESIAN_POINT('Ctrl Pts',(-3.28541796008878,-2.13999999950099,6.01286174423935));
#9529=CARTESIAN_POINT('Ctrl Pts',(-3.14583638620255,-2.1367198442562,6.09344920349652));
#9530=CARTESIAN_POINT('Ctrl Pts',(-3.00573167866743,-2.13013492658778,6.17433869410669));
#9531=CARTESIAN_POINT('Ctrl Pts',(-2.87018068170466,-2.12376403319971,6.25259909869211));
#9532=CARTESIAN_POINT('Ctrl Pts',(-2.73414073337487,-2.11429956971748,6.3311417994809));
#9533=CARTESIAN_POINT('Ctrl Pts',(-2.59712607352009,-2.10167459817533,6.41024725023102));
#9534=CARTESIAN_POINT('Ctrl Pts',(-2.46579554855591,-2.08957338110815,6.48607096417194));
#9535=CARTESIAN_POINT('Ctrl Pts',(-2.33357006426688,-2.07456834317044,6.56241138311998));
#9536=CARTESIAN_POINT('Ctrl Pts',(-2.20000192743841,-2.05656063720591,6.63952698287309));
#9537=CARTESIAN_POINT('Ctrl Pts',(-2.07231842466315,-2.0393462997966,6.7132450875715));
#9538=CARTESIAN_POINT('Ctrl Pts',(-1.94340840084582,-2.01938799458753,6.78767132452372));
#9539=CARTESIAN_POINT('Ctrl Pts',(-1.81285523985682,-1.99656321285897,6.86304622716431));
#9540=CARTESIAN_POINT('Ctrl Pts',(-1.68802787082893,-1.97473947890855,6.93511534227483));
#9541=CARTESIAN_POINT('Ctrl Pts',(-1.56169868357784,-1.95029518942546,7.00805153254079));
#9542=CARTESIAN_POINT('Ctrl Pts',(-1.43347413869152,-1.92308977613342,7.08208200804767));
#9543=CARTESIAN_POINT('Ctrl Pts',(-1.3134888993143,-1.89763249703686,7.15135551830092));
#9544=CARTESIAN_POINT('Ctrl Pts',(-1.19184421552644,-1.86975745264744,7.22158710923136));
#9545=CARTESIAN_POINT('Ctrl Pts',(-1.06818800552014,-1.83932024629044,7.2929800553655));
#9546=CARTESIAN_POINT('Ctrl Pts',(-0.948838660930589,-1.80994314804637,
7.36188643159192));
#9547=CARTESIAN_POINT('Ctrl Pts',(-0.8276157504524,-1.77817934407959,7.43187451158849));
#9548=CARTESIAN_POINT('Ctrl Pts',(-0.704170836841321,-1.743870586369,7.50314546569197));
#9549=CARTESIAN_POINT('Ctrl Pts',(-0.587558800921003,-1.71146087446193,
7.57047145602135));
#9550=CARTESIAN_POINT('Ctrl Pts',(-0.468964065876251,-1.67678014351034,
7.63894215822395));
#9551=CARTESIAN_POINT('Ctrl Pts',(-0.348061273306002,-1.63966874265763,
7.70874541806019));
#9552=CARTESIAN_POINT('Ctrl Pts',(-0.234188913456119,-1.60471534991464,
7.77448965567282));
#9553=CARTESIAN_POINT('Ctrl Pts',(-0.118269195216468,-1.56760574235746,
7.8414159362029));
#9554=CARTESIAN_POINT('Ctrl Pts',(3.41502375355138E-13,-1.52818267728536,
7.9096986878982));
#9555=CARTESIAN_POINT('Origin',(0.,-2.14,0.));
#9556=CARTESIAN_POINT('',(-6.85,-1.528182677284,3.954849343949));
#9557=CARTESIAN_POINT('Ctrl Pts',(-6.84999999999929,-1.52818267728451,3.95484934394747));
#9558=CARTESIAN_POINT('Ctrl Pts',(-6.72613472778046,-1.56947110135729,4.02636299220629));
#9559=CARTESIAN_POINT('Ctrl Pts',(-6.60484625090082,-1.60822217592359,4.09638892698239));
#9560=CARTESIAN_POINT('Ctrl Pts',(-6.48578836199458,-1.64461587207655,4.16512703119159));
#9561=CARTESIAN_POINT('Ctrl Pts',(-6.36170712061,-1.68254511001885,4.2367653693064));
#9562=CARTESIAN_POINT('Ctrl Pts',(-6.24004890847627,-1.7179137511228,4.30700477083097));
#9563=CARTESIAN_POINT('Ctrl Pts',(-6.12046236724488,-1.75089352397663,4.3760480926024));
#9564=CARTESIAN_POINT('Ctrl Pts',(-5.99287353474704,-1.78608018186584,4.44971153939066));
#9565=CARTESIAN_POINT('Ctrl Pts',(-5.86764303458241,-1.81854760605948,4.5220134023715));
#9566=CARTESIAN_POINT('Ctrl Pts',(-5.74438660962214,-1.84846896401861,4.59317553250169));
#9567=CARTESIAN_POINT('Ctrl Pts',(-5.61590236798589,-1.87965941098593,4.66735594399704));
#9568=CARTESIAN_POINT('Ctrl Pts',(-5.48956354059022,-1.90808315187869,4.74029770000308));
#9569=CARTESIAN_POINT('Ctrl Pts',(-5.36497567481343,-1.93389963297306,4.8122285378471));
#9570=CARTESIAN_POINT('Ctrl Pts',(-5.23495780359247,-1.96084129292828,4.88729439079603));
#9571=CARTESIAN_POINT('Ctrl Pts',(-5.10684721327234,-1.98494342394912,4.96125907460343));
#9572=CARTESIAN_POINT('Ctrl Pts',(-4.9802336392373,-2.00634912055214,5.03435945565566));
#9573=CARTESIAN_POINT('Ctrl Pts',(-4.84471301984916,-2.02926067078824,5.11260232174018));
#9574=CARTESIAN_POINT('Ctrl Pts',(-4.71090776968772,-2.04908322818837,5.18985481893992));
#9575=CARTESIAN_POINT('Ctrl Pts',(-4.57835221149733,-2.06594840069384,5.26638580614376));
#9576=CARTESIAN_POINT('Ctrl Pts',(-4.44090750718895,-2.08343562401188,5.34573954317493));
#9577=CARTESIAN_POINT('Ctrl Pts',(-4.30480699457544,-2.09774327885525,5.42431721076923));
#9578=CARTESIAN_POINT('Ctrl Pts',(-4.16956277065065,-2.10897156696128,5.50240049985859));
#9579=CARTESIAN_POINT('Ctrl Pts',(-4.02806834678518,-2.12071876111459,5.58409234356619));
#9580=CARTESIAN_POINT('Ctrl Pts',(-3.88751190257975,-2.12909555811752,5.66524264446457));
#9581=CARTESIAN_POINT('Ctrl Pts',(-3.74735791788061,-2.13416536108711,5.74616058525866));
#9582=CARTESIAN_POINT('Ctrl Pts',(-3.6397467417304,-2.13805799005216,5.80828992677682));
#9583=CARTESIAN_POINT('Ctrl Pts',(-3.53237341339564,-2.14000000038387,5.87028194679472));
#9584=CARTESIAN_POINT('Ctrl Pts',(-3.42499996818572,-2.14,5.93227403429051));
#9585=CARTESIAN_POINT('Ctrl Pts',(-6.84999999999992,-2.13999999999943,9.03954910924654E-9));
#9586=CARTESIAN_POINT('Ctrl Pts',(-6.84999999999993,-2.13999999987673,0.161175429166391));
#9587=CARTESIAN_POINT('Ctrl Pts',(-6.84999999999993,-2.13671984499893,0.322350347875472));
#9588=CARTESIAN_POINT('Ctrl Pts',(-6.84999999999993,-2.13013492769086,0.484129329258269));
#9589=CARTESIAN_POINT('Ctrl Pts',(-6.84999999999993,-2.12376403464635,0.640650138711296));
#9590=CARTESIAN_POINT('Ctrl Pts',(-6.84999999999994,-2.11429957149651,0.797735540541737));
#9591=CARTESIAN_POINT('Ctrl Pts',(-6.84999999999994,-2.1016746002777,0.955946442268133));
#9592=CARTESIAN_POINT('Ctrl Pts',(-6.84999999999994,-2.08957338351684,1.1075938704119));
#9593=CARTESIAN_POINT('Ctrl Pts',(-6.84999999999995,-2.0745683458754,1.26027470854597));
#9594=CARTESIAN_POINT('Ctrl Pts',(-6.84999999999995,-2.05656064019863,1.41450590826854));
#9595=CARTESIAN_POINT('Ctrl Pts',(-6.84999999999995,-2.03934630306366,1.56194211787852));
#9596=CARTESIAN_POINT('Ctrl Pts',(-6.84999999999996,-2.01938799812091,1.71079459197644));
#9597=CARTESIAN_POINT('Ctrl Pts',(-6.84999999999996,-1.99656321665183,1.86154439743323));
#9598=CARTESIAN_POINT('Ctrl Pts',(-6.84999999999996,-1.97473948295056,2.00568262781509));
#9599=CARTESIAN_POINT('Ctrl Pts',(-6.84999999999997,-1.95029519371063,2.15155500849129));
#9600=CARTESIAN_POINT('Ctrl Pts',(-6.84999999999997,-1.92308978065664,2.29961595963405));
#9601=CARTESIAN_POINT('Ctrl Pts',(-6.84999999999997,-1.89763250179368,2.43816298020217));
#9602=CARTESIAN_POINT('Ctrl Pts',(-6.84999999999997,-1.86975745763547,2.57862616210966));
#9603=CARTESIAN_POINT('Ctrl Pts',(-6.84999999999998,-1.8393202515081,2.72141205440992));
#9604=CARTESIAN_POINT('Ctrl Pts',(-6.84999999999998,-1.80994315348705,2.85922480688713));
#9605=CARTESIAN_POINT('Ctrl Pts',(-6.84999999999998,-1.77817934974205,2.9992009668908));
#9606=CARTESIAN_POINT('Ctrl Pts',(-6.84999999999998,-1.74387059225279,3.1417428750946));
#9607=CARTESIAN_POINT('Ctrl Pts',(-6.84999999999999,-1.71146088057863,3.27639485565134));
#9608=CARTESIAN_POINT('Ctrl Pts',(-6.84999999999999,-1.67678014986286,3.41333625993891));
#9609=CARTESIAN_POINT('Ctrl Pts',(-6.84999999999999,-1.63966874924992,3.55294277947731));
#9610=CARTESIAN_POINT('Ctrl Pts',(-6.85,-1.6047153545811,3.68443126267039));
#9611=CARTESIAN_POINT('Ctrl Pts',(-6.85,-1.56760574483638,3.81828383197444));
#9612=CARTESIAN_POINT('Ctrl Pts',(-6.85,-1.52818267728614,3.95484934394962));
#9613=CARTESIAN_POINT('Origin',(0.,-2.14,0.));
#9614=CARTESIAN_POINT('',(-6.85,-1.528182677284,-3.954849343949));
#9615=CARTESIAN_POINT('Ctrl Pts',(-6.84999999999984,-1.52818267728251,-3.95484934394857));
#9616=CARTESIAN_POINT('Ctrl Pts',(-6.84999999999985,-1.56947110134642,-3.81182204746187));
#9617=CARTESIAN_POINT('Ctrl Pts',(-6.84999999999985,-1.60822217590493,-3.67177017793934));
#9618=CARTESIAN_POINT('Ctrl Pts',(-6.84999999999985,-1.6446158720511,-3.53429396954956));
#9619=CARTESIAN_POINT('Ctrl Pts',(-6.84999999999985,-1.68254510998609,-3.39101729335064));
#9620=CARTESIAN_POINT('Ctrl Pts',(-6.84999999999986,-1.71791375108383,-3.25053849033103));
#9621=CARTESIAN_POINT('Ctrl Pts',(-6.84999999999986,-1.75089352393243,-3.1124518468168));
#9622=CARTESIAN_POINT('Ctrl Pts',(-6.84999999999986,-1.78608018180876,-2.96512495330147));
#9623=CARTESIAN_POINT('Ctrl Pts',(-6.84999999999987,-1.81854760599177,-2.82052122739884));
#9624=CARTESIAN_POINT('Ctrl Pts',(-6.84999999999987,-1.84846896394232,-2.67819696719588));
#9625=CARTESIAN_POINT('Ctrl Pts',(-6.84999999999987,-1.87965941090024,-2.52983614426731));
#9626=CARTESIAN_POINT('Ctrl Pts',(-6.84999999999987,-1.90808315178591,-2.38395263231557));
#9627=CARTESIAN_POINT('Ctrl Pts',(-6.84999999999988,-1.93389963287532,-2.24009095668658));
#9628=CARTESIAN_POINT('Ctrl Pts',(-6.84999999999988,-1.96084129282505,-2.08995925085224));
#9629=CARTESIAN_POINT('Ctrl Pts',(-6.84999999999988,-1.98494342384278,-1.94202988329951));
#9630=CARTESIAN_POINT('Ctrl Pts',(-6.84999999999989,-2.00634912044497,-1.79582912125632));
#9631=CARTESIAN_POINT('Ctrl Pts',(-6.84999999999989,-2.0292606706722,-1.63934338920727));
#9632=CARTESIAN_POINT('Ctrl Pts',(-6.84999999999989,-2.0490832280682,-1.48483839492549));
#9633=CARTESIAN_POINT('Ctrl Pts',(-6.8499999999999,-2.06594840057403,-1.3317764206344));
#9634=CARTESIAN_POINT('Ctrl Pts',(-6.8499999999999,-2.08343562389338,-1.17306894668458));
#9635=CARTESIAN_POINT('Ctrl Pts',(-6.8499999999999,-2.09774327874255,-1.01591361160748));
#9636=CARTESIAN_POINT('Ctrl Pts',(-6.8499999999999,-2.10897156685878,-0.859747033540437));
#9637=CARTESIAN_POINT('Ctrl Pts',(-6.84999999999991,-2.12071876102262,-0.696363346244107));
#9638=CARTESIAN_POINT('Ctrl Pts',(-6.84999999999991,-2.12909555804097,-0.534062744566374));
#9639=CARTESIAN_POINT('Ctrl Pts',(-6.84999999999991,-2.13416536103091,-0.372226863098755));
#9640=CARTESIAN_POINT('Ctrl Pts',(-6.84999999999992,-2.1380579897432,-0.247968188722048));
#9641=CARTESIAN_POINT('Ctrl Pts',(-6.84999999999992,-2.14000000009383,-0.123984157308929));
#9642=CARTESIAN_POINT('Ctrl Pts',(-6.84999999999992,-2.13999999999943,9.03954910924654E-9));
#9643=CARTESIAN_POINT('Ctrl Pts',(-3.42499998823661,-2.14,-5.93227402271607));
#9644=CARTESIAN_POINT('Ctrl Pts',(-3.56458199669415,-2.14000000018455,-5.85168631255904));
#9645=CARTESIAN_POINT('Ctrl Pts',(-3.70416357088681,-2.13671984560639,-5.77109885312495));
#9646=CARTESIAN_POINT('Ctrl Pts',(-3.84426827867757,-2.13013492859254,-5.69020936236718));
#9647=CARTESIAN_POINT('Ctrl Pts',(-3.97981927608442,-2.12376403582854,-5.61194895752537));
#9648=CARTESIAN_POINT('Ctrl Pts',(-4.11585922481217,-2.1142995729501,-5.53340625650683));
#9649=CARTESIAN_POINT('Ctrl Pts',(-4.25287388502288,-2.10167460199528,-5.45430080555121));
#9650=CARTESIAN_POINT('Ctrl Pts',(-4.38420441039913,-2.08957338548453,-5.37847709137237));
#9651=CARTESIAN_POINT('Ctrl Pts',(-4.51642989506258,-2.074568348085,-5.30213667220816));
#9652=CARTESIAN_POINT('Ctrl Pts',(-4.64999803223142,-2.05656064264319,-5.22502107225854));
#9653=CARTESIAN_POINT('Ctrl Pts',(-4.77768153534215,-2.03934630573221,-5.15130296736645));
#9654=CARTESIAN_POINT('Ctrl Pts',(-4.90659155946401,-2.01938800100691,-5.07687673023841));
#9655=CARTESIAN_POINT('Ctrl Pts',(-5.03714472072939,-1.99656321974968,-5.00150182743825));
#9656=CARTESIAN_POINT('Ctrl Pts',(-5.1619720900104,-1.97473948625185,-4.92943271218159));
#9657=CARTESIAN_POINT('Ctrl Pts',(-5.28830127748857,-1.95029519721044,-4.85649652178452));
#9658=CARTESIAN_POINT('Ctrl Pts',(-5.41652582257798,-1.9230897843508,-4.7824660461604));
#9659=CARTESIAN_POINT('Ctrl Pts',(-5.53651106205219,-1.89763250567859,-4.71319253585115));
#9660=CARTESIAN_POINT('Ctrl Pts',(-5.65815574591343,-1.86975746170915,-4.64296094487834));
#9661=CARTESIAN_POINT('Ctrl Pts',(-5.78181195597011,-1.83932025576929,-4.57156799871511));
#9662=CARTESIAN_POINT('Ctrl Pts',(-5.9011613005982,-1.8099431579303,-4.50266162246644));
#9663=CARTESIAN_POINT('Ctrl Pts',(-6.02238421109318,-1.77817935436637,-4.43267354246018));
#9664=CARTESIAN_POINT('Ctrl Pts',(-6.14582912469948,-1.74387059705778,-4.36140258835946));
#9665=CARTESIAN_POINT('Ctrl Pts',(-6.26244116045932,-1.7114608855738,-4.29407659812273));
#9666=CARTESIAN_POINT('Ctrl Pts',(-6.38103589531906,-1.67678015505061,-4.22560589602695));
#9667=CARTESIAN_POINT('Ctrl Pts',(-6.50193868767837,-1.63966875463346,-4.15580263631249));
#9668=CARTESIAN_POINT('Ctrl Pts',(-6.6158110600652,-1.60471535839147,-4.09005839146166));
#9669=CARTESIAN_POINT('Ctrl Pts',(-6.73173079127615,-1.5676057468598,-4.0231321034426));
#9670=CARTESIAN_POINT('Ctrl Pts',(-6.85000000000031,-1.52818267728525,-3.95484934394882));
#9671=CARTESIAN_POINT('Origin',(0.,-2.14,0.));
#9672=CARTESIAN_POINT('',(3.135269821541E-13,-1.528182677284,-7.909698687898));
#9673=CARTESIAN_POINT('Ctrl Pts',(-4.68070027181966E-13,-1.52818267728454,
-7.90969868789967));
#9674=CARTESIAN_POINT('Ctrl Pts',(-0.123865272170494,-1.56947110134106,
-7.83818503966902));
#9675=CARTESIAN_POINT('Ctrl Pts',(-0.245153749003365,-1.60822217589308,
-7.76815910491993));
#9676=CARTESIAN_POINT('Ctrl Pts',(-0.364211637864462,-1.64461587203357,
-7.69942100073679));
#9677=CARTESIAN_POINT('Ctrl Pts',(-0.488292879200479,-1.6825451099624,-7.62778266265002));
#9678=CARTESIAN_POINT('Ctrl Pts',(-0.60995109128747,-1.71791375105489,-7.55754326115243));
#9679=CARTESIAN_POINT('Ctrl Pts',(-0.72953763247355,-1.75089352389907,-7.48849993940716));
#9680=CARTESIAN_POINT('Ctrl Pts',(-0.857126464875202,-1.78608018176481,
-7.41483649267444));
#9681=CARTESIAN_POINT('Ctrl Pts',(-0.98235696494703,-1.81854760593906,-7.34253462974718));
#9682=CARTESIAN_POINT('Ctrl Pts',(-1.10561338981702,-1.84846896388254,-7.27137249966911));
#9683=CARTESIAN_POINT('Ctrl Pts',(-1.23409763135566,-1.87965941083271,-7.19719208823011));
#9684=CARTESIAN_POINT('Ctrl Pts',(-1.36043645865659,-1.90808315171253,-7.12425033227878));
#9685=CARTESIAN_POINT('Ctrl Pts',(-1.48502432434061,-1.93389963279783,-7.05231949448832));
#9686=CARTESIAN_POINT('Ctrl Pts',(-1.61504219546156,-1.96084129274294,-6.97725364159713));
#9687=CARTESIAN_POINT('Ctrl Pts',(-1.74315278568393,-1.98494342375804,-6.90328895784617));
#9688=CARTESIAN_POINT('Ctrl Pts',(-1.8697663596225,-2.00634912035943,-6.83018857684964));
#9689=CARTESIAN_POINT('Ctrl Pts',(-2.00528697882197,-2.02926067057935,-6.75194571087404));
#9690=CARTESIAN_POINT('Ctrl Pts',(-2.1390922287984,-2.0490832279719,-6.67469321378112));
#9691=CARTESIAN_POINT('Ctrl Pts',(-2.27164778680551,-2.06594840047795,-6.5981622266831));
#9692=CARTESIAN_POINT('Ctrl Pts',(-2.40909249093708,-2.08343562379829,-6.51880848975401));
#9693=CARTESIAN_POINT('Ctrl Pts',(-2.5451930033754,-2.09774327865213,-6.44023082226086));
#9694=CARTESIAN_POINT('Ctrl Pts',(-2.68043722712472,-2.10897156677661,-6.3621475332728));
#9695=CARTESIAN_POINT('Ctrl Pts',(-2.82193165080334,-2.12071876094896,-6.28045568967308));
#9696=CARTESIAN_POINT('Ctrl Pts',(-2.96248809482166,-2.12909555797982,-6.19930538888272));
#9697=CARTESIAN_POINT('Ctrl Pts',(-3.10264207933131,-2.13416536098627,-6.11838744819804));
#9698=CARTESIAN_POINT('Ctrl Pts',(-3.21025324185694,-2.13805798949204,-6.05625811454603));
#9699=CARTESIAN_POINT('Ctrl Pts',(-3.31762655662528,-2.13999999985804,-5.99426610236071));
#9700=CARTESIAN_POINT('Ctrl Pts',(-3.42499998823661,-2.14,-5.93227402271607));
#9701=CARTESIAN_POINT('Ctrl Pts',(3.42499996945688,-2.14,-5.93227403355679));
#9702=CARTESIAN_POINT('Ctrl Pts',(3.28541796134945,-2.13999999952089,-6.01286174351169));
#9703=CARTESIAN_POINT('Ctrl Pts',(3.14583638745429,-2.13671984429552,-6.09344920277401));
#9704=CARTESIAN_POINT('Ctrl Pts',(3.00573167991173,-2.13013492664617,-6.17433869338848));
#9705=CARTESIAN_POINT('Ctrl Pts',(2.87018068293602,-2.12376403327628,-6.25259909798136));
#9706=CARTESIAN_POINT('Ctrl Pts',(2.73414073459463,-2.11429956981163,-6.33114179877685));
#9707=CARTESIAN_POINT('Ctrl Pts',(2.59712607472948,-2.10167459828658,-6.41024724953296));
#9708=CARTESIAN_POINT('Ctrl Pts',(2.46579554975335,-2.08957338123561,-6.48607096348078));
#9709=CARTESIAN_POINT('Ctrl Pts',(2.33357006545347,-2.07456834331359,-6.56241138243509));
#9710=CARTESIAN_POINT('Ctrl Pts',(2.20000192861514,-2.05656063736429,-6.63952698219389));
#9711=CARTESIAN_POINT('Ctrl Pts',(2.07231842583016,-2.0393462999695,-6.71324508689791));
#9712=CARTESIAN_POINT('Ctrl Pts',(1.94340840200402,-2.01938799477453,-6.78767132385521));
#9713=CARTESIAN_POINT('Ctrl Pts',(1.81285524100703,-1.99656321305972,-6.86304622650042));
#9714=CARTESIAN_POINT('Ctrl Pts',(1.68802787197164,-1.97473947912245,-6.93511534161527));
#9715=CARTESIAN_POINT('Ctrl Pts',(1.56169868471381,-1.95029518965221,-7.00805153188512));
#9716=CARTESIAN_POINT('Ctrl Pts',(1.43347413982143,-1.92308977637273,-7.08208200739549));
#9717=CARTESIAN_POINT('Ctrl Pts',(1.31348890044142,-1.89763249728853,-7.15135551765036));
#9718=CARTESIAN_POINT('Ctrl Pts',(1.19184421665144,-1.86975745291135,-7.22158710858202));
#9719=CARTESIAN_POINT('Ctrl Pts',(1.06818800664371,-1.83932024656651,-7.29298005471699));
#9720=CARTESIAN_POINT('Ctrl Pts',(0.94883866205309,-1.80994314833425,-7.36188643094403));
#9721=CARTESIAN_POINT('Ctrl Pts',(0.827615751574474,-1.77817934437922,-7.43187451094084));
#9722=CARTESIAN_POINT('Ctrl Pts',(0.704170837963599,-1.74387058668036,-7.50314546504421));
#9723=CARTESIAN_POINT('Ctrl Pts',(0.587558802047985,-1.71146087478562,-7.57047145537087));
#9724=CARTESIAN_POINT('Ctrl Pts',(0.468964067008654,-1.67678014384652,-7.63894215757034));
#9725=CARTESIAN_POINT('Ctrl Pts',(0.348061274444581,-1.63966874300651,-7.70874541740302));
#9726=CARTESIAN_POINT('Ctrl Pts',(0.234188914228981,-1.60471535016143,-7.77448965522678));
#9727=CARTESIAN_POINT('Ctrl Pts',(0.118269195610939,-1.56760574248829,-7.84141593597533));
#9728=CARTESIAN_POINT('Ctrl Pts',(1.02855575746399E-13,-1.52818267728484,
-7.90969868789812));
#9729=CARTESIAN_POINT('Origin',(0.,-2.14,0.));
#9730=CARTESIAN_POINT('',(6.85,-1.528182677284,-3.954849343949));
#9731=CARTESIAN_POINT('Ctrl Pts',(6.84999999999951,-1.5281826772851,-3.95484934394752));
#9732=CARTESIAN_POINT('Ctrl Pts',(6.72613472778211,-1.56947110135739,-4.02636299220552));
#9733=CARTESIAN_POINT('Ctrl Pts',(6.60484625090383,-1.60822217592326,-4.09638892698083));
#9734=CARTESIAN_POINT('Ctrl Pts',(6.4857883619989,-1.64461587207584,-4.16512703118928));
#9735=CARTESIAN_POINT('Ctrl Pts',(6.36170712061599,-1.68254511001765,-4.23676536930312));
#9736=CARTESIAN_POINT('Ctrl Pts',(6.24004890848387,-1.71791375112119,-4.30700477082677));
#9737=CARTESIAN_POINT('Ctrl Pts',(6.12046236725403,-1.75089352397466,-4.3760480925973));
#9738=CARTESIAN_POINT('Ctrl Pts',(5.99287353475896,-1.78608018186319,-4.44971153938396));
#9739=CARTESIAN_POINT('Ctrl Pts',(5.86764303459701,-1.81854760605625,-4.52201340236325));
#9740=CARTESIAN_POINT('Ctrl Pts',(5.74438660963935,-1.84846896401492,-4.59317553249194));
#9741=CARTESIAN_POINT('Ctrl Pts',(5.615902368006,-1.87965941098172,-4.66735594398562));
#9742=CARTESIAN_POINT('Ctrl Pts',(5.48956354061313,-1.90808315187408,-4.74029769999003));
#9743=CARTESIAN_POINT('Ctrl Pts',(5.36497567483909,-1.93389963296816,-4.81222853783247));
#9744=CARTESIAN_POINT('Ctrl Pts',(5.23495780362094,-1.96084129292309,-4.88729439077977));
#9745=CARTESIAN_POINT('Ctrl Pts',(5.10684721330355,-1.98494342394377,-4.96125907458559));
#9746=CARTESIAN_POINT('Ctrl Pts',(4.98023363927123,-2.00634912054674,-5.03435945563625));
#9747=CARTESIAN_POINT('Ctrl Pts',(4.84471301988859,-2.02926067078236,-5.1126023217176));
#9748=CARTESIAN_POINT('Ctrl Pts',(4.71090776973254,-2.04908322818225,-5.18985481891422));
#9749=CARTESIAN_POINT('Ctrl Pts',(4.57835221154748,-2.06594840068771,-5.26638580611499));
#9750=CARTESIAN_POINT('Ctrl Pts',(4.44090750724422,-2.08343562400581,-5.3457395431432));
#9751=CARTESIAN_POINT('Ctrl Pts',(4.30480699463578,-2.09774327884946,-5.42431721073457));
#9752=CARTESIAN_POINT('Ctrl Pts',(4.16956277071607,-2.10897156695601,-5.502400499821));
#9753=CARTESIAN_POINT('Ctrl Pts',(4.02806834685604,-2.12071876110985,-5.58409234352546));
#9754=CARTESIAN_POINT('Ctrl Pts',(3.88751190265605,-2.12909555811358,-5.6652426444207));
#9755=CARTESIAN_POINT('Ctrl Pts',(3.74735791796243,-2.13416536108422,-5.7461605852116));
#9756=CARTESIAN_POINT('Ctrl Pts',(3.63974674220949,-2.13805799003587,-5.80828992650041));
#9757=CARTESIAN_POINT('Ctrl Pts',(3.53237341427029,-2.14000000036855,-5.87028194628992));
#9758=CARTESIAN_POINT('Ctrl Pts',(3.42499996945688,-2.14,-5.93227403355679));
#9759=CARTESIAN_POINT('Ctrl Pts',(6.84999999999984,-2.13999999999943,8.881784197E-16));
#9760=CARTESIAN_POINT('Ctrl Pts',(6.84999999999984,-2.13999999999953,-0.161175420201636));
#9761=CARTESIAN_POINT('Ctrl Pts',(6.84999999999985,-2.13671984524148,-0.322350338974273));
#9762=CARTESIAN_POINT('Ctrl Pts',(6.84999999999986,-2.13013492805101,-0.484129320410092));
#9763=CARTESIAN_POINT('Ctrl Pts',(6.84999999999986,-2.1237640351186,-0.640650129955244));
#9764=CARTESIAN_POINT('Ctrl Pts',(6.84999999999987,-2.11429957207724,-0.797735531868239));
#9765=CARTESIAN_POINT('Ctrl Pts',(6.84999999999988,-2.10167460096394,-0.955946433668472));
#9766=CARTESIAN_POINT('Ctrl Pts',(6.84999999999988,-2.08957338430304,-1.10759386189768));
#9767=CARTESIAN_POINT('Ctrl Pts',(6.84999999999989,-2.07456834675829,-1.26027470010937));
#9768=CARTESIAN_POINT('Ctrl Pts',(6.8499999999999,-2.05656064117543,-1.4145058999025));
#9769=CARTESIAN_POINT('Ctrl Pts',(6.8499999999999,-2.03934630412997,-1.56194210958221));
#9770=CARTESIAN_POINT('Ctrl Pts',(6.84999999999991,-2.0193879992741,-1.71079458374346));
#9771=CARTESIAN_POINT('Ctrl Pts',(6.84999999999991,-1.99656321788966,-1.86154438925773));
#9772=CARTESIAN_POINT('Ctrl Pts',(6.84999999999992,-1.97473948426969,-2.0056826196922));
#9773=CARTESIAN_POINT('Ctrl Pts',(6.84999999999993,-1.95029519510908,-2.15155500041561));
#9774=CARTESIAN_POINT('Ctrl Pts',(6.84999999999993,-1.92308978213274,-2.29961595160061));
#9775=CARTESIAN_POINT('Ctrl Pts',(6.84999999999994,-1.89763250334601,-2.43816297218883));
#9776=CARTESIAN_POINT('Ctrl Pts',(6.84999999999994,-1.86975745926324,-2.57862615411153));
#9777=CARTESIAN_POINT('Ctrl Pts',(6.84999999999995,-1.83932025321081,-2.72141204642222));
#9778=CARTESIAN_POINT('Ctrl Pts',(6.84999999999996,-1.8099431552625,-2.85922479890753));
#9779=CARTESIAN_POINT('Ctrl Pts',(6.84999999999996,-1.77817935158985,-2.99920095891479));
#9780=CARTESIAN_POINT('Ctrl Pts',(6.84999999999997,-1.74387059417277,-3.1417428671177));
#9781=CARTESIAN_POINT('Ctrl Pts',(6.84999999999997,-1.7114608825746,-3.27639484764115));
#9782=CARTESIAN_POINT('Ctrl Pts',(6.84999999999998,-1.6767801519358,-3.41333625189034));
#9783=CARTESIAN_POINT('Ctrl Pts',(6.84999999999998,-1.63966875140109,-3.55294277138498));
#9784=CARTESIAN_POINT('Ctrl Pts',(6.84999999999999,-1.60471535610376,-3.68443125717838));
#9785=CARTESIAN_POINT('Ctrl Pts',(6.85,-1.56760574564513,-3.81828382917284));
#9786=CARTESIAN_POINT('Ctrl Pts',(6.85,-1.52818267728614,-3.95484934394962));
#9787=CARTESIAN_POINT('Origin',(6.85,-2.14,3.954849343949));
#9788=CARTESIAN_POINT('',(6.85,-2.14,3.954849343949));
#9789=CARTESIAN_POINT('',(0.,-2.14,7.909698687898));
#9790=CARTESIAN_POINT('Origin',(6.85,-2.14,-3.954849343949));
#9791=CARTESIAN_POINT('',(6.85,-2.14,-3.954849343949));
#9792=CARTESIAN_POINT('Origin',(0.,-2.14,7.909698687898));
#9793=CARTESIAN_POINT('',(-6.85,-2.14,3.954849343949));
#9794=CARTESIAN_POINT('Origin',(-6.85,-2.14,3.954849343949));
#9795=CARTESIAN_POINT('',(-6.85,-2.14,-3.954849343949));
#9796=CARTESIAN_POINT('Origin',(-6.85,-2.14,-3.954849343949));
#9797=CARTESIAN_POINT('',(3.135269821541E-13,-2.14,-7.909698687898));
#9798=CARTESIAN_POINT('Origin',(3.135269821541E-13,-2.14,-7.909698687898));
#9799=CARTESIAN_POINT('',(0.,0.,0.));
#9800=CARTESIAN_POINT('Origin',(15.,8.,3.330669073875E-15));
#9801=CARTESIAN_POINT('',(15.,8.,2.85));
#9802=CARTESIAN_POINT('Origin',(15.,8.,3.330669073875E-15));
#9803=CARTESIAN_POINT('',(11.6,8.,2.85));
#9804=CARTESIAN_POINT('',(15.,8.,2.85));
#9805=CARTESIAN_POINT('Origin',(11.6,8.,3.330669073875E-15));
#9806=CARTESIAN_POINT('Origin',(11.6,8.,3.330669073875E-15));
#9807=CARTESIAN_POINT('',(9.60000000000007,8.,2.34999999999973));
#9808=CARTESIAN_POINT('',(11.6,8.,2.85));
#9809=CARTESIAN_POINT('Origin',(9.6,8.,3.330669073875E-15));
#9810=CARTESIAN_POINT('Origin',(15.,10.557348262547,3.421337036844E-15));
#9811=CARTESIAN_POINT('',(15.,3.,1.75));
#9812=CARTESIAN_POINT('',(15.,3.637947730712,1.75));
#9813=CARTESIAN_POINT('',(15.,3.,1.75));
#9814=CARTESIAN_POINT('',(15.,12.362052269288,1.75));
#9815=CARTESIAN_POINT('Origin',(15.,8.,3.330669073875E-15));
#9816=CARTESIAN_POINT('',(15.,16.215232553186,2.584666177609));
#9817=CARTESIAN_POINT('',(15.,12.362052269288,1.75));
#9818=CARTESIAN_POINT('',(15.,18.191837667128,1.890000000002));
#9819=CARTESIAN_POINT('Origin',(15.,16.6386474019,0.63));
#9820=CARTESIAN_POINT('',(15.,18.191837667128,-1.890000000002));
#9821=CARTESIAN_POINT('Origin',(15.,15.862052269288,3.573280943255E-15));
#9822=CARTESIAN_POINT('',(15.,16.215232553186,-2.584666177609));
#9823=CARTESIAN_POINT('Origin',(15.,16.6386474019,-0.63));
#9824=CARTESIAN_POINT('',(15.,12.362052269288,-1.75));
#9825=CARTESIAN_POINT('',(15.,16.215232553186,-2.584666177609));
#9826=CARTESIAN_POINT('',(15.,3.637947730712,-1.75));
#9827=CARTESIAN_POINT('Origin',(15.,8.,3.330669073875E-15));
#9828=CARTESIAN_POINT('',(15.,3.,-1.75));
#9829=CARTESIAN_POINT('',(15.,3.,-1.75));
#9830=CARTESIAN_POINT('',(15.,3.,1.75));
#9831=CARTESIAN_POINT('Origin',(9.6,8.,2.219559464753E-15));
#9832=CARTESIAN_POINT('',(9.6,8.,1.85));
#9833=CARTESIAN_POINT('Origin',(9.6,8.,2.13162820728E-15));
#9834=CARTESIAN_POINT('Origin',(13.058001760647,2.032084368716,1.75));
#9835=CARTESIAN_POINT('',(7.164364940454,-1.,1.75));
#9836=CARTESIAN_POINT('',(7.164364940454,-3.513150815209E-16,1.75));
#9837=CARTESIAN_POINT('',(7.164364940454,3.885780586188E-16,1.75));
#9838=CARTESIAN_POINT('',(12.,-1.,1.75));
#9839=CARTESIAN_POINT('',(7.,-1.,1.75));
#9840=CARTESIAN_POINT('',(16.,3.,1.75));
#9841=CARTESIAN_POINT('Origin',(12.,3.,1.75));
#9842=CARTESIAN_POINT('',(16.,3.637947730712,1.75));
#9843=CARTESIAN_POINT('',(16.,3.,1.75));
#9844=CARTESIAN_POINT('',(15.,3.637947730712,1.75));
#9845=CARTESIAN_POINT('',(12.,-1.165734175856E-15,1.75));
#9846=CARTESIAN_POINT('Origin',(12.,3.,1.75));
#9847=CARTESIAN_POINT('',(7.,-1.054711873394E-15,1.75));
#9848=CARTESIAN_POINT('Origin',(12.,3.,1.75));
#9849=CARTESIAN_POINT('',(12.,-1.942890293094E-15,-1.75));
#9850=CARTESIAN_POINT('Origin',(12.,3.,-1.75));
#9851=CARTESIAN_POINT('',(12.,-1.165734175856E-15,1.75));
#9852=CARTESIAN_POINT('Origin',(15.,8.,3.330669073875E-15));
#9853=CARTESIAN_POINT('',(16.,12.362052269288,1.75));
#9854=CARTESIAN_POINT('Origin',(16.,8.,3.5527136788E-15));
#9855=CARTESIAN_POINT('',(15.,12.362052269288,1.75));
#9856=CARTESIAN_POINT('Origin',(13.058001760647,2.032084368716,-1.75));
#9857=CARTESIAN_POINT('',(7.164364940454,-1.,-1.75));
#9858=CARTESIAN_POINT('',(7.164364940454,-1.165734175856E-15,-1.75));
#9859=CARTESIAN_POINT('',(7.164364940454,-3.885780586188E-16,-1.75));
#9860=CARTESIAN_POINT('',(7.,-1.942890293094E-15,-1.75));
#9861=CARTESIAN_POINT('',(16.,3.637947730712,-1.75));
#9862=CARTESIAN_POINT('',(15.,3.637947730712,-1.75));
#9863=CARTESIAN_POINT('',(16.,3.,-1.75));
#9864=CARTESIAN_POINT('',(16.,3.,-1.75));
#9865=CARTESIAN_POINT('',(12.,-1.,-1.75));
#9866=CARTESIAN_POINT('Origin',(12.,3.,-1.75));
#9867=CARTESIAN_POINT('',(7.,-1.,-1.75));
#9868=CARTESIAN_POINT('Origin',(15.,12.362052269288,1.75));
#9869=CARTESIAN_POINT('',(16.,16.215232553186,2.584666177609));
#9870=CARTESIAN_POINT('',(16.,12.362052269288,1.75));
#9871=CARTESIAN_POINT('',(15.,16.215232553186,2.584666177609));
#9872=CARTESIAN_POINT('Origin',(15.,8.,3.330669073875E-15));
#9873=CARTESIAN_POINT('',(16.,12.362052269288,-1.75));
#9874=CARTESIAN_POINT('',(15.,12.362052269288,-1.75));
#9875=CARTESIAN_POINT('Origin',(16.,8.,3.5527136788E-15));
#9876=CARTESIAN_POINT('Origin',(15.,16.6386474019,0.63));
#9877=CARTESIAN_POINT('',(16.,18.191837667128,1.890000000002));
#9878=CARTESIAN_POINT('Origin',(16.,16.6386474019,0.63));
#9879=CARTESIAN_POINT('',(15.,18.191837667128,1.890000000002));
#9880=CARTESIAN_POINT('Origin',(15.,16.215232553186,-2.584666177609));
#9881=CARTESIAN_POINT('',(16.,16.215232553186,-2.584666177609));
#9882=CARTESIAN_POINT('',(15.,16.215232553186,-2.584666177609));
#9883=CARTESIAN_POINT('',(16.,16.215232553186,-2.584666177609));
#9884=CARTESIAN_POINT('Origin',(15.,15.862052269288,3.573280943255E-15));
#9885=CARTESIAN_POINT('',(16.,18.191837667128,-1.890000000002));
#9886=CARTESIAN_POINT('Origin',(16.,15.862052269288,3.79532554818E-15));
#9887=CARTESIAN_POINT('',(15.,18.191837667128,-1.890000000002));
#9888=CARTESIAN_POINT('Origin',(15.,16.6386474019,-0.63));
#9889=CARTESIAN_POINT('Origin',(16.,16.6386474019,-0.63));
#9890=CARTESIAN_POINT('Origin',(15.,8.,3.330669073875E-15));
#9891=CARTESIAN_POINT('',(15.,8.,1.85));
#9892=CARTESIAN_POINT('',(15.,8.,1.85));
#9893=CARTESIAN_POINT('Origin',(15.,8.,3.330669073875E-15));
#9894=CARTESIAN_POINT('Origin',(0.,0.,0.));
#9895=CARTESIAN_POINT('Origin',(0.,0.,0.));
#9896=CARTESIAN_POINT('Origin',(0.,-1.,2.22044604925E-16));
#9897=CARTESIAN_POINT('Origin',(2.419545995764,-4.577683614675E-16,1.074283975925E-15));
#9898=CARTESIAN_POINT('',(-5.275,2.75349627744388E-31,6.46001186550229E-16));
#9899=CARTESIAN_POINT('Origin',(0.,0.,0.));
#9900=CARTESIAN_POINT('Origin',(16.,10.557348262547,3.535264757431E-15));
#9901=CARTESIAN_POINT('',(16.,3.,-1.75));
#9902=CARTESIAN_POINT('Origin',(12.,3.,-1.75));
#9903=CARTESIAN_POINT('',(12.,-1.,-1.75));
#9904=CARTESIAN_POINT('Origin',(2.419545995764,-1.,9.238583027285E-16));
#9905=CARTESIAN_POINT('',(-5.275,-1.,8.68045791475229E-16));
#9906=CARTESIAN_POINT('Origin',(0.,-1.,2.22044604925E-16));
#9907=CARTESIAN_POINT('Origin',(15.,10.557348262547,3.421337036844E-15));
#9908=CARTESIAN_POINT('Origin',(0.,0.,0.));
#9909=CARTESIAN_POINT('',(-5.275,1.43441078248627E-31,6.46001186550229E-16));
#9910=CARTESIAN_POINT('',(0.,0.,0.));
#9911=CARTESIAN_POINT('Origin',(0.,0.,0.));
#9912=CARTESIAN_POINT('',(-0.5,2.30501972416788E-32,6.12323399573677E-17));
#9913=CARTESIAN_POINT('Origin',(0.,0.,0.));
#9914=CARTESIAN_POINT('',(-0.5,-22.,4.94621364830737E-15));
#9915=CARTESIAN_POINT('',(-0.5,1.3596310734467E-32,6.12323399573677E-17));
#9916=CARTESIAN_POINT('Origin',(0.,-22.,4.88498130835E-15));
#9917=CARTESIAN_POINT('Origin',(-3.204937810639E-17,2.121574216616E-34,
9.554720851393E-19));
#9918=CARTESIAN_POINT('Origin',(-3.2049378106391E-17,-22.,9.992007221625E-15));
#9919=CARTESIAN_POINT('',(0.,0.,0.));
#9920=CARTESIAN_POINT('Origin',(0.,0.,0.));
#9921=CARTESIAN_POINT('',(-1.,-8.28484845451043E-33,1.22464679914735E-16));
#9922=CARTESIAN_POINT('Origin',(0.,0.,0.));
#9923=CARTESIAN_POINT('',(-1.,-14.,-2.98615978903527E-15));
#9924=CARTESIAN_POINT('',(-1.,-2.7192621468934E-32,1.22464679914735E-16));
#9925=CARTESIAN_POINT('Origin',(0.,-14.,-3.10862446895E-15));
#9926=CARTESIAN_POINT('Origin',(-6.409875621279E-17,-4.243148433233E-34,
1.910944170279E-18));
#9927=CARTESIAN_POINT('Origin',(-6.4098756212789E-17,-14.,4.218847493575E-15));
#9928=CARTESIAN_POINT('',(0.,0.,0.));
#9929=CARTESIAN_POINT('Origin',(0.,0.,0.));
#9930=CARTESIAN_POINT('',(-0.5,-4.14242422725522E-33,6.12323399573677E-17));
#9931=CARTESIAN_POINT('Origin',(0.,0.,0.));
#9932=CARTESIAN_POINT('',(-0.5,-20.,-4.37965975854263E-15));
#9933=CARTESIAN_POINT('',(-0.5,-1.3596310734467E-32,6.12323399573677E-17));
#9934=CARTESIAN_POINT('Origin',(0.,-20.,-4.4408920985E-15));
#9935=CARTESIAN_POINT('Origin',(-3.204937810639E-17,-2.121574216616E-34,
9.554720851393E-19));
#9936=CARTESIAN_POINT('Origin',(-3.2049378106389E-17,-20.,4.218847493575E-15));
#9937=CARTESIAN_POINT('',(0.,0.,0.));
#9938=CARTESIAN_POINT('Origin',(0.,0.,0.));
#9939=CARTESIAN_POINT('',(-1.,-8.28484845451043E-33,1.22464679914735E-16));
#9940=CARTESIAN_POINT('Origin',(0.,0.,0.));
#9941=CARTESIAN_POINT('',(-1.,-12.,-2.54207057918526E-15));
#9942=CARTESIAN_POINT('',(-1.,-2.7192621468934E-32,1.22464679914735E-16));
#9943=CARTESIAN_POINT('Origin',(0.,-12.,-2.6645352591E-15));
#9944=CARTESIAN_POINT('Origin',(-6.409875621279E-17,-4.243148433233E-34,
1.910944170279E-18));
#9945=CARTESIAN_POINT('Origin',(-6.4098756212789E-17,-12.,-9.992007221625E-15));
#9946=CARTESIAN_POINT('',(0.,0.,0.));
#9947=CARTESIAN_POINT('Origin',(0.,-25.6,0.));
#9948=CARTESIAN_POINT('',(1.25,-18.08276253029,0.));
#9949=CARTESIAN_POINT('',(-1.24999459526515,-18.08276253029,7.70217223333481E-14));
#9950=CARTESIAN_POINT('Ctrl Pts',(1.25,-18.08276253029,-3.061616997868E-16));
#9951=CARTESIAN_POINT('Ctrl Pts',(1.25,-18.08276253029,0.322515344309382));
#9952=CARTESIAN_POINT('Ctrl Pts',(1.15908005228475,-18.08276253029,0.648727082509495));
#9953=CARTESIAN_POINT('Ctrl Pts',(0.974346812578262,-18.08276253029,0.950056868425828));
#9954=CARTESIAN_POINT('Ctrl Pts',(0.702399831141244,-18.08276253029,1.19150344264619));
#9955=CARTESIAN_POINT('Ctrl Pts',(0.367675393109183,-18.08276253029,1.34716853453576));
#9956=CARTESIAN_POINT('Ctrl Pts',(0.000231432303939363,-18.08276253029,
1.40079985196099));
#9957=CARTESIAN_POINT('Ctrl Pts',(-0.36661321238703,-18.08276253029,1.34683754682891));
#9958=CARTESIAN_POINT('Ctrl Pts',(-0.699502093243926,-18.08276253029,1.19159061784215));
#9959=CARTESIAN_POINT('Ctrl Pts',(-0.969632426123521,-18.08276253029,0.952357748179716));
#9960=CARTESIAN_POINT('Ctrl Pts',(-1.15654053881037,-18.08276253029,0.654460093798892));
#9961=CARTESIAN_POINT('Ctrl Pts',(-1.24999459519306,-18.08276253029,0.327230047047463));
#9962=CARTESIAN_POINT('Ctrl Pts',(-1.24999459526515,-18.08276253029,2.75462881671383E-10));
#9963=CARTESIAN_POINT('',(-1.25,-25.6,1.53080849893419E-16));
#9964=CARTESIAN_POINT('',(-1.25,-25.6,1.53080849893419E-16));
#9965=CARTESIAN_POINT('Origin',(0.,-25.6,0.));
#9966=CARTESIAN_POINT('Ctrl Pts',(-1.24999459526515,-18.08276253029,2.75462881671383E-10));
#9967=CARTESIAN_POINT('Ctrl Pts',(-1.24999459533724,-18.08276253029,-0.327230046542447));
#9968=CARTESIAN_POINT('Ctrl Pts',(-1.1565405390725,-18.08276253029,-0.65446009338094));
#9969=CARTESIAN_POINT('Ctrl Pts',(-0.969632426464476,-18.08276253029,-0.952357747877631));
#9970=CARTESIAN_POINT('Ctrl Pts',(-0.699502093617409,-18.08276253029,-1.19159061766788));
#9971=CARTESIAN_POINT('Ctrl Pts',(-0.366613212747183,-18.08276253029,-1.34683754677586));
#9972=CARTESIAN_POINT('Ctrl Pts',(0.00023143199469125,-18.08276253029,-1.40079985200604));
#9973=CARTESIAN_POINT('Ctrl Pts',(0.367675392874379,-18.08276253029,-1.34716853464483));
#9974=CARTESIAN_POINT('Ctrl Pts',(0.702399830988588,-18.08276253029,-1.19150344278154));
#9975=CARTESIAN_POINT('Ctrl Pts',(0.974346812500384,-18.08276253029,-0.950056868552522));
#9976=CARTESIAN_POINT('Ctrl Pts',(1.159080052259,-18.08276253029,-0.648727082601005));
#9977=CARTESIAN_POINT('Ctrl Pts',(1.25,-18.08276253029,-0.322515344354618));
#9978=CARTESIAN_POINT('Ctrl Pts',(1.25,-18.08276253029,-3.061616997868E-16));
#9979=CARTESIAN_POINT('Ctrl Pts',(1.25,-18.08276253029,0.));
#9980=CARTESIAN_POINT('Ctrl Pts',(1.25,-18.08276253029,0.645030688664));
#9981=CARTESIAN_POINT('Ctrl Pts',(0.886320209088,-18.08276253029,1.304846952893));
#9982=CARTESIAN_POINT('Ctrl Pts',(0.135813873052,-18.08276253029,1.750822023242));
#9983=CARTESIAN_POINT('Ctrl Pts',(-0.872779449696,-18.08276253029,1.651562518439));
#9984=CARTESIAN_POINT('Ctrl Pts',(-1.591830997182,-18.08276253029,1.069737310024));
#9985=CARTESIAN_POINT('Ctrl Pts',(-2.10359121127,-18.08276253029,-9.64370944212E-13));
#9986=CARTESIAN_POINT('Ctrl Pts',(-1.591830997182,-18.08276253029,-1.069737310023));
#9987=CARTESIAN_POINT('Ctrl Pts',(-0.872779449696,-18.08276253029,-1.651562518439));
#9988=CARTESIAN_POINT('Ctrl Pts',(0.135813873053,-18.08276253029,-1.750822023242));
#9989=CARTESIAN_POINT('Ctrl Pts',(0.886320209087,-18.08276253029,-1.304846952893));
#9990=CARTESIAN_POINT('Ctrl Pts',(1.25,-18.08276253029,-0.645030688664));
#9991=CARTESIAN_POINT('Ctrl Pts',(1.25,-18.08276253029,-3.061616997868E-16));
#9992=CARTESIAN_POINT('Ctrl Pts',(1.25,-18.,5.642188105615E-16));
#9993=CARTESIAN_POINT('Ctrl Pts',(1.25,-18.,0.645030688664));
#9994=CARTESIAN_POINT('Ctrl Pts',(0.886320209088,-18.,1.304846952894));
#9995=CARTESIAN_POINT('Ctrl Pts',(0.135813873053,-18.,1.750822023241));
#9996=CARTESIAN_POINT('Ctrl Pts',(-0.872779449698,-18.,1.65156251844));
#9997=CARTESIAN_POINT('Ctrl Pts',(-1.591830997179,-18.,1.069737310023));
#9998=CARTESIAN_POINT('Ctrl Pts',(-2.103591211274,-18.,-1.769725858913E-12));
#9999=CARTESIAN_POINT('Ctrl Pts',(-1.591830997179,-17.99999999999,-1.069737310021));
#10000=CARTESIAN_POINT('Ctrl Pts',(-0.872779449697,-18.,-1.651562518441));
#10001=CARTESIAN_POINT('Ctrl Pts',(0.135813873053,-18.,-1.750822023241));
#10002=CARTESIAN_POINT('Ctrl Pts',(0.886320209087,-18.,-1.304846952894));
#10003=CARTESIAN_POINT('Ctrl Pts',(1.25,-18.,-0.645030688664));
#10004=CARTESIAN_POINT('Ctrl Pts',(1.25,-18.,-1.218209561005E-15));
#10005=CARTESIAN_POINT('Ctrl Pts',(1.263606076168,-17.91836354299,0.));
#10006=CARTESIAN_POINT('Ctrl Pts',(1.263606076168,-17.91836354299,0.652051758009));
#10007=CARTESIAN_POINT('Ctrl Pts',(0.895967681307,-17.91836354299,1.319050030516));
#10008=CARTESIAN_POINT('Ctrl Pts',(0.137292188174,-17.91836354299,1.769879477486));
#10009=CARTESIAN_POINT('Ctrl Pts',(-0.882279532633,-17.91836354299,1.669539546776));
#10010=CARTESIAN_POINT('Ctrl Pts',(-1.609157856216,-17.91836354299,1.081381251881));
#10011=CARTESIAN_POINT('Ctrl Pts',(-2.126488509068,-17.91836354299,-3.002740417424E-12));
#10012=CARTESIAN_POINT('Ctrl Pts',(-1.609157856217,-17.91836354299,-1.081381251876));
#10013=CARTESIAN_POINT('Ctrl Pts',(-0.882279532632,-17.91836354299,-1.669539546778));
#10014=CARTESIAN_POINT('Ctrl Pts',(0.137292188174,-17.91836354299,-1.769879477485));
#10015=CARTESIAN_POINT('Ctrl Pts',(0.895967681306,-17.91836354299,-1.319050030516));
#10016=CARTESIAN_POINT('Ctrl Pts',(1.263606076168,-17.91836354299,-0.652051758008));
#10017=CARTESIAN_POINT('Ctrl Pts',(1.263606076168,-17.91836354299,-3.094942273124E-16));
#10018=CARTESIAN_POINT('',(1.263606076168,-17.91836354299,0.));
#10019=CARTESIAN_POINT('Origin',(2.24999999999418,-18.0827625302958,8.22640259821339E-12));
#10020=CARTESIAN_POINT('',(-1.26360061260314,-17.91836354299,2.07056594092532E-13));
#10021=CARTESIAN_POINT('Ctrl Pts',(1.263606076168,-17.91836354299,-3.094942273124E-16));
#10022=CARTESIAN_POINT('Ctrl Pts',(1.263606076168,-17.91836354299,0.326025878981482));
#10023=CARTESIAN_POINT('Ctrl Pts',(1.17169647746573,-17.91836354299,0.655788386586936));
#10024=CARTESIAN_POINT('Ctrl Pts',(0.984952442135322,-17.91836354299,0.960398105318208));
#10025=CARTESIAN_POINT('Ctrl Pts',(0.710045355624155,-17.91836354299,1.20447279192193));
#10026=CARTESIAN_POINT('Ctrl Pts',(0.371677488633102,-17.91836354299,1.36183227668907));
#10027=CARTESIAN_POINT('Ctrl Pts',(0.000233951413610087,-17.91836354299,
1.41604736354637));
#10028=CARTESIAN_POINT('Ctrl Pts',(-0.370603746219135,-17.91836354299,1.36149768622752));
#10029=CARTESIAN_POINT('Ctrl Pts',(-0.707116076250694,-17.91836354299,1.20456091600865));
#10030=CARTESIAN_POINT('Ctrl Pts',(-0.980186740237946,-17.91836354299,0.962724029829456));
#10031=CARTESIAN_POINT('Ctrl Pts',(-1.16912932173917,-17.91836354299,0.661583800908449));
#10032=CARTESIAN_POINT('Ctrl Pts',(-1.26360061252976,-17.91836354299,0.330791900604923));
#10033=CARTESIAN_POINT('Ctrl Pts',(-1.26360061260314,-17.91836354299,2.8046141797847E-10));
#10034=CARTESIAN_POINT('Ctrl Pts',(-1.26360061260314,-17.91836354299,2.8046141797847E-10));
#10035=CARTESIAN_POINT('Ctrl Pts',(-1.26360061267652,-17.91836354299,-0.330791900090722));
#10036=CARTESIAN_POINT('Ctrl Pts',(-1.16912932200601,-17.91836354299,-0.661583800482852));
#10037=CARTESIAN_POINT('Ctrl Pts',(-0.98018674058504,-17.91836354299,-0.962724029521778));
#10038=CARTESIAN_POINT('Ctrl Pts',(-0.707116076630919,-17.91836354299,-1.20456091583105));
#10039=CARTESIAN_POINT('Ctrl Pts',(-0.370603746585814,-17.91836354299,-1.36149768617329));
#10040=CARTESIAN_POINT('Ctrl Pts',(0.000233951098721936,-17.91836354299,
-1.41604736359197));
#10041=CARTESIAN_POINT('Ctrl Pts',(0.37167748839396,-17.91836354299,-1.36183227679979));
#10042=CARTESIAN_POINT('Ctrl Pts',(0.710045355468614,-17.91836354299,-1.2044727920593));
#10043=CARTESIAN_POINT('Ctrl Pts',(0.984952442055946,-17.91836354299,-0.960398105446643));
#10044=CARTESIAN_POINT('Ctrl Pts',(1.17169647743952,-17.91836354299,-0.655788386679564));
#10045=CARTESIAN_POINT('Ctrl Pts',(1.263606076168,-17.91836354299,-0.326025879027018));
#10046=CARTESIAN_POINT('Ctrl Pts',(1.263606076168,-17.91836354299,-3.094942273124E-16));
#10047=CARTESIAN_POINT('Origin',(0.,-25.6,0.));
#10048=CARTESIAN_POINT('',(-1.,-25.6,-1.22464679914735E-16));
#10049=CARTESIAN_POINT('Origin',(0.,-25.6,0.));
#10050=CARTESIAN_POINT('Origin',(0.,-18.,0.));
#10051=CARTESIAN_POINT('',(1.286393923832,-17.781636457,0.));
#10052=CARTESIAN_POINT('',(-1.28638836173729,-17.781636457,-3.25781068788447E-14));
#10053=CARTESIAN_POINT('Ctrl Pts',(1.286393923832,-17.781636457,-3.150756402527E-16));
#10054=CARTESIAN_POINT('Ctrl Pts',(1.286393923832,-17.781636457,0.331905423439893));
#10055=CARTESIAN_POINT('Ctrl Pts',(1.19282682917843,-17.781636457,0.667614861793275));
#10056=CARTESIAN_POINT('Ctrl Pts',(1.00271505547285,-17.781636457,0.977717906354889));
#10057=CARTESIAN_POINT('Ctrl Pts',(0.722850299802881,-17.781636457,1.22619423116648));
#10058=CARTESIAN_POINT('Ctrl Pts',(0.378380313154074,-17.781636457,1.38639153383657));
#10059=CARTESIAN_POINT('Ctrl Pts',(0.000238170281517368,-17.781636457,1.44158433448418));
#10060=CARTESIAN_POINT('Ctrl Pts',(-0.377287207289044,-17.781636457,1.3860509092684));
#10061=CARTESIAN_POINT('Ctrl Pts',(-0.719868194214348,-17.781636457,1.22628394427379));
#10062=CARTESIAN_POINT('Ctrl Pts',(-0.997863409279845,-17.781636457,0.980085776256794));
#10063=CARTESIAN_POINT('Ctrl Pts',(-1.19021337760746,-17.781636457,0.673514790164052));
#10064=CARTESIAN_POINT('Ctrl Pts',(-1.28638836175929,-17.781636457,0.336757395036913));
#10065=CARTESIAN_POINT('Ctrl Pts',(-1.28638836173729,-17.781636457,-8.3955724317076E-11));
#10066=CARTESIAN_POINT('',(-1.25,-18.,1.53080849893419E-16));
#10067=CARTESIAN_POINT('Ctrl Pts',(-1.28638836173729,-17.781636457,-8.3955724317076E-11));
#10068=CARTESIAN_POINT('Ctrl Pts',(-1.28638836171529,-17.781636457,-0.336757395190843));
#10069=CARTESIAN_POINT('Ctrl Pts',(-1.19021337752746,-17.781636457,-0.673514790291452));
#10070=CARTESIAN_POINT('Ctrl Pts',(-0.99786340917575,-17.781636457,-0.980085776348869));
#10071=CARTESIAN_POINT('Ctrl Pts',(-0.719868194100292,-17.781636457,-1.22628394432687));
#10072=CARTESIAN_POINT('Ctrl Pts',(-0.377287207179047,-17.781636457,-1.38605090928445));
#10073=CARTESIAN_POINT('Ctrl Pts',(0.00023817037594482,-17.781636457,-1.44158433447027));
#10074=CARTESIAN_POINT('Ctrl Pts',(0.378380313225717,-17.781636457,-1.38639153380312));
#10075=CARTESIAN_POINT('Ctrl Pts',(0.722850299849368,-17.781636457,-1.22619423112507));
#10076=CARTESIAN_POINT('Ctrl Pts',(1.00271505549636,-17.781636457,-0.977717906316283));
#10077=CARTESIAN_POINT('Ctrl Pts',(1.19282682918589,-17.781636457,-0.667614861765806));
#10078=CARTESIAN_POINT('Ctrl Pts',(1.286393923832,-17.781636457,-0.331905423426107));
#10079=CARTESIAN_POINT('Ctrl Pts',(1.286393923832,-17.781636457,-3.150756402527E-16));
#10080=CARTESIAN_POINT('Origin',(0.,-17.97930936742,0.));
#10081=CARTESIAN_POINT('',(-1.,-17.97930936742,-1.22464679914735E-16));
#10082=CARTESIAN_POINT('Origin',(0.,-17.97930936742,0.));
#10083=CARTESIAN_POINT('',(-1.,-17.97930936742,-1.22464679914735E-16));
#10084=CARTESIAN_POINT('Ctrl Pts',(1.286393923832,-17.781636457,0.));
#10085=CARTESIAN_POINT('Ctrl Pts',(1.286393923832,-17.781636457,0.663810846866));
#10086=CARTESIAN_POINT('Ctrl Pts',(0.912125545233,-17.781636457,1.342837753386));
#10087=CARTESIAN_POINT('Ctrl Pts',(0.139768112852,-17.781636457,1.801797449928));
#10088=CARTESIAN_POINT('Ctrl Pts',(-0.898190544747,-17.781636457,1.699647990839));
#10089=CARTESIAN_POINT('Ctrl Pts',(-1.638177378033,-17.781636457,1.10088286057));
#10090=CARTESIAN_POINT('Ctrl Pts',(-2.164837561925,-17.781636457,-5.332286912366E-12));
#10091=CARTESIAN_POINT('Ctrl Pts',(-1.638177378033,-17.781636457,-1.100882860562));
#10092=CARTESIAN_POINT('Ctrl Pts',(-0.898190544747,-17.781636457,-1.699647990844));
#10093=CARTESIAN_POINT('Ctrl Pts',(0.139768112853,-17.781636457,-1.801797449925));
#10094=CARTESIAN_POINT('Ctrl Pts',(0.912125545232,-17.781636457,-1.342837753387));
#10095=CARTESIAN_POINT('Ctrl Pts',(1.286393923832,-17.781636457,-0.663810846866));
#10096=CARTESIAN_POINT('Ctrl Pts',(1.286393923832,-17.781636457,-3.150756402527E-16));
#10097=CARTESIAN_POINT('Ctrl Pts',(1.3,-17.7,1.209752784059E-15));
#10098=CARTESIAN_POINT('Ctrl Pts',(1.3,-17.7,0.670831916211));
#10099=CARTESIAN_POINT('Ctrl Pts',(0.921773017452,-17.7,1.357040831009));
#10100=CARTESIAN_POINT('Ctrl Pts',(0.141246427973,-17.7,1.820854904171));
#10101=CARTESIAN_POINT('Ctrl Pts',(-0.907690627683,-17.7,1.717625019177));
#10102=CARTESIAN_POINT('Ctrl Pts',(-1.655504237068,-17.69999999999,1.112526802426));
#10103=CARTESIAN_POINT('Ctrl Pts',(-2.187734859723,-17.7,-5.785737123773E-12));
#10104=CARTESIAN_POINT('Ctrl Pts',(-1.655504237068,-17.7,-1.112526802416));
#10105=CARTESIAN_POINT('Ctrl Pts',(-0.907690627684,-17.7,-1.717625019183));
#10106=CARTESIAN_POINT('Ctrl Pts',(0.141246427974,-17.7,-1.820854904169));
#10107=CARTESIAN_POINT('Ctrl Pts',(0.921773017451,-17.7,-1.35704083101));
#10108=CARTESIAN_POINT('Ctrl Pts',(1.3,-17.7,-0.67083191621));
#10109=CARTESIAN_POINT('Ctrl Pts',(1.3,-17.7,1.204765454066E-15));
#10110=CARTESIAN_POINT('Ctrl Pts',(1.3,-17.6172374697,0.));
#10111=CARTESIAN_POINT('Ctrl Pts',(1.3,-17.6172374697,0.670831916211));
#10112=CARTESIAN_POINT('Ctrl Pts',(0.921773017452,-17.6172374697,1.357040831009));
#10113=CARTESIAN_POINT('Ctrl Pts',(0.141246427974,-17.6172374697,1.820854904171));
#10114=CARTESIAN_POINT('Ctrl Pts',(-0.907690627685,-17.6172374697,1.717625019177));
#10115=CARTESIAN_POINT('Ctrl Pts',(-1.655504237066,-17.6172374697,1.112526802425));
#10116=CARTESIAN_POINT('Ctrl Pts',(-2.187734859725,-17.6172374697,-4.385488716965E-12));
#10117=CARTESIAN_POINT('Ctrl Pts',(-1.655504237066,-17.6172374697,-1.112526802418));
#10118=CARTESIAN_POINT('Ctrl Pts',(-0.907690627685,-17.6172374697,-1.717625019181));
#10119=CARTESIAN_POINT('Ctrl Pts',(0.141246427975,-17.6172374697,-1.820854904169));
#10120=CARTESIAN_POINT('Ctrl Pts',(0.921773017451,-17.6172374697,-1.35704083101));
#10121=CARTESIAN_POINT('Ctrl Pts',(1.3,-17.6172374697,-0.67083191621));
#10122=CARTESIAN_POINT('Ctrl Pts',(1.3,-17.6172374697,-3.184081677783E-16));
#10123=CARTESIAN_POINT('',(1.3,-17.6172374697,0.));
#10124=CARTESIAN_POINT('Origin',(0.300000000234669,-17.6172374697089,-2.28289114334513E-11));
#10125=CARTESIAN_POINT('',(-1.29999437907546,-17.6172374697,5.84948756099384E-14));
#10126=CARTESIAN_POINT('Ctrl Pts',(1.3,-17.6172374697,-3.184081677783E-16));
#10127=CARTESIAN_POINT('Ctrl Pts',(1.3,-17.6172374697,0.335415958112372));
#10128=CARTESIAN_POINT('Ctrl Pts',(1.2054432543592,-17.6172374697,0.674676165871481));
#10129=CARTESIAN_POINT('Ctrl Pts',(1.01332068502926,-17.6172374697,0.988059143248207));
#10130=CARTESIAN_POINT('Ctrl Pts',(0.73049582428445,-17.6172374697,1.23916358044317));
#10131=CARTESIAN_POINT('Ctrl Pts',(0.3823824086759,-17.6172374697,1.40105527599058));
#10132=CARTESIAN_POINT('Ctrl Pts',(0.000240689388424295,-17.6172374697,
1.45683184606972));
#10133=CARTESIAN_POINT('Ctrl Pts',(-0.381277741124372,-17.6172374697,1.40071104866638));
#10134=CARTESIAN_POINT('Ctrl Pts',(-0.727482177224465,-17.6172374697,1.23925424243869));
#10135=CARTESIAN_POINT('Ctrl Pts',(-1.00841772339735,-17.6172374697,0.990452057903905));
#10136=CARTESIAN_POINT('Ctrl Pts',(-1.20280216053867,-17.6172374697,0.680638497270041));
#10137=CARTESIAN_POINT('Ctrl Pts',(-1.29999437909739,-17.6172374697,0.340319248590094));
#10138=CARTESIAN_POINT('Ctrl Pts',(-1.29999437907546,-17.6172374697,-8.36129082637533E-11));
#10139=CARTESIAN_POINT('Ctrl Pts',(-1.29999437907546,-17.6172374697,-8.36129082637533E-11));
#10140=CARTESIAN_POINT('Ctrl Pts',(-1.29999437905352,-17.6172374697,-0.34031924874338));
#10141=CARTESIAN_POINT('Ctrl Pts',(-1.2028021604589,-17.6172374697,-0.680638497396902));
#10142=CARTESIAN_POINT('Ctrl Pts',(-1.00841772329356,-17.6172374697,-0.990452057995594));
#10143=CARTESIAN_POINT('Ctrl Pts',(-0.727482177110749,-17.6172374697,-1.23925424249156));
#10144=CARTESIAN_POINT('Ctrl Pts',(-0.381277741014702,-17.6172374697,-1.4007110486824));
#10145=CARTESIAN_POINT('Ctrl Pts',(0.000240689482570999,-17.6172374697,
-1.4568318460559));
#10146=CARTESIAN_POINT('Ctrl Pts',(0.38238240874733,-17.6172374697,-1.40105527595726));
#10147=CARTESIAN_POINT('Ctrl Pts',(0.730495824330799,-17.6172374697,-1.23916358040182));
#10148=CARTESIAN_POINT('Ctrl Pts',(1.0133206850527,-17.6172374697,-0.988059143209467));
#10149=CARTESIAN_POINT('Ctrl Pts',(1.20544325436662,-17.6172374697,-0.674676165843598));
#10150=CARTESIAN_POINT('Ctrl Pts',(1.3,-17.6172374697,-0.335415958098128));
#10151=CARTESIAN_POINT('Ctrl Pts',(1.3,-17.6172374697,-3.184081677783E-16));
#10152=CARTESIAN_POINT('Origin',(0.,-17.67930936742,0.));
#10153=CARTESIAN_POINT('',(-1.05,-17.67930936742,1.28587913910472E-16));
#10154=CARTESIAN_POINT('',(-1.05,-17.67930936742,1.28587913910472E-16));
#10155=CARTESIAN_POINT('Origin',(0.,-17.67930936742,0.));
#10156=CARTESIAN_POINT('Origin',(0.,-17.7,0.));
#10157=CARTESIAN_POINT('',(-1.3,-15.6,1.59204083889156E-16));
#10158=CARTESIAN_POINT('Origin',(0.,-15.6,0.));
#10159=CARTESIAN_POINT('',(-1.3,-17.7,1.59204083889156E-16));
#10160=CARTESIAN_POINT('Origin',(0.,-15.6,0.));
#10161=CARTESIAN_POINT('',(-1.05,-15.6,-1.28587913910472E-16));
#10162=CARTESIAN_POINT('Origin',(0.,-15.6,0.));
#10163=CARTESIAN_POINT('',(-1.05,-15.6,-1.28587913910472E-16));
#10164=CARTESIAN_POINT('Origin',(0.,-15.6,0.));
#10165=CARTESIAN_POINT('',(0.,0.,0.));
#10166=CARTESIAN_POINT('Origin',(0.,-18.1,0.));
#10167=CARTESIAN_POINT('',(-1.646960044105,-17.71770070033,-0.797761));
#10168=CARTESIAN_POINT('',(-1.646960044105,-17.1697272389,-0.797761));
#10169=CARTESIAN_POINT('',(-1.646960044105,-18.1,-0.797761));
#10170=CARTESIAN_POINT('',(-1.64591768045367,-17.8309868323318,-0.799900735499422));
#10171=CARTESIAN_POINT('Origin',(-0.867722816315818,-17.7172136767938,-2.4018361805718));
#10172=CARTESIAN_POINT('',(-1.53251636986254,-17.8309867680258,1.00014344955955));
#10173=CARTESIAN_POINT('Origin',(1.88949321139331E-5,-17.8309867563212,
2.78265128966781E-6));
#10174=CARTESIAN_POINT('',(-1.532612149241,-17.79711301669,1.));
#10175=CARTESIAN_POINT('Origin',(-0.565983105071439,-17.7970936297247,2.4812023992789));
#10176=CARTESIAN_POINT('',(-1.532612149241,-15.6,1.));
#10177=CARTESIAN_POINT('',(-1.532612149241,-18.1,1.));
#10178=CARTESIAN_POINT('',(-1.81284307098,-15.6,-0.25));
#10179=CARTESIAN_POINT('Origin',(0.,-15.6,0.));
#10180=CARTESIAN_POINT('',(-1.81284307098,-16.19653676109,-0.25));
#10181=CARTESIAN_POINT('',(-1.81284307098,-18.1,-0.25));
#10182=CARTESIAN_POINT('',(-1.788150564878,-16.54261273179,-0.389124089883));
#10183=CARTESIAN_POINT('Ctrl Pts',(-1.78815056487826,-16.5426127317909,
-0.389124089882104));
#10184=CARTESIAN_POINT('Ctrl Pts',(-1.79206628040093,-16.5238492450155,
-0.371130115450759));
#10185=CARTESIAN_POINT('Ctrl Pts',(-1.79536489114861,-16.5037500156509,
-0.354669691315396));
#10186=CARTESIAN_POINT('Ctrl Pts',(-1.79815581304717,-16.4825828246362,
-0.339905316384453));
#10187=CARTESIAN_POINT('Ctrl Pts',(-1.80103284707422,-16.4607625333418,
-0.324685396011026));
#10188=CARTESIAN_POINT('Ctrl Pts',(-1.80337136833115,-16.4378079787014,
-0.311267529722136));
#10189=CARTESIAN_POINT('Ctrl Pts',(-1.80527957911565,-16.4140187509787,
-0.299776073410069));
#10190=CARTESIAN_POINT('Ctrl Pts',(-1.80719918199751,-16.390087500582,-0.288216012628277));
#10191=CARTESIAN_POINT('Ctrl Pts',(-1.80868406311539,-16.3653120117267,
-0.278604903688886));
#10192=CARTESIAN_POINT('Ctrl Pts',(-1.8098195576337,-16.3399954791412,-0.271022342676511));
#10193=CARTESIAN_POINT('Ctrl Pts',(-1.81096733749638,-16.3144050374212,
-0.263357743070701));
#10194=CARTESIAN_POINT('Ctrl Pts',(-1.81175864965403,-16.2882620344308,
-0.257765327490655));
#10195=CARTESIAN_POINT('Ctrl Pts',(-1.81224670263048,-16.2618726254745,
-0.254287154871762));
#10196=CARTESIAN_POINT('Ctrl Pts',(-1.81264742353612,-16.2402053303924,
-0.251431365543377));
#10197=CARTESIAN_POINT('Ctrl Pts',(-1.81284307098,-16.2183717957482,-0.250000000000005));
#10198=CARTESIAN_POINT('Ctrl Pts',(-1.81284307098,-16.1965367610901,-0.250000000000001));
#10199=CARTESIAN_POINT('',(-1.707365637651,-16.8236512682,-0.658636910117));
#10200=CARTESIAN_POINT('Origin',(0.,-16.13684774961,0.));
#10201=CARTESIAN_POINT('Ctrl Pts',(-1.646960044105,-17.1697272389,-0.797761000000418));
#10202=CARTESIAN_POINT('Ctrl Pts',(-1.64696004410507,-17.1427341778847,
-0.797761000000257));
#10203=CARTESIAN_POINT('Ctrl Pts',(-1.64805563692993,-17.1157556978685,
-0.795510129888571));
#10204=CARTESIAN_POINT('Ctrl Pts',(-1.6501623877109,-17.0891165437512,-0.791115727428209));
#10205=CARTESIAN_POINT('Ctrl Pts',(-1.65235416370174,-17.0614022744898,
-0.786543973667065));
#10206=CARTESIAN_POINT('Ctrl Pts',(-1.65564005963837,-17.0340552731622,
-0.779651844447366));
#10207=CARTESIAN_POINT('Ctrl Pts',(-1.65987175740427,-17.0074412114631,
-0.770536014065313));
#10208=CARTESIAN_POINT('Ctrl Pts',(-1.66440952329965,-16.9789022211578,
-0.760760858441225));
#10209=CARTESIAN_POINT('Ctrl Pts',(-1.67003472041736,-16.9512060280694,
-0.748428168442955));
#10210=CARTESIAN_POINT('Ctrl Pts',(-1.67650752691573,-16.9248035253901,
-0.73363649867962));
#10211=CARTESIAN_POINT('Ctrl Pts',(-1.67896637113713,-16.914773928312,-0.728017543172221));
#10212=CARTESIAN_POINT('Ctrl Pts',(-1.68154698559808,-16.9049310152522,
-0.722043592686243));
#10213=CARTESIAN_POINT('Ctrl Pts',(-1.68423436880059,-16.8952995028176,
-0.715719631525408));
#10214=CARTESIAN_POINT('Ctrl Pts',(-1.6913421800453,-16.8698252897164,-0.69899350098772));
#10215=CARTESIAN_POINT('Ctrl Pts',(-1.6991689817967,-16.845807893807,-0.679884866820275));
#10216=CARTESIAN_POINT('Ctrl Pts',(-1.70736563765109,-16.823651268201,-0.658636910116862));
#10217=CARTESIAN_POINT('Origin',(2.5,-18.1,-0.797761));
#10218=CARTESIAN_POINT('',(1.646960044105,-17.71770070033,-0.797761));
#10219=CARTESIAN_POINT('',(1.646960044105,-17.1697272389,-0.797761));
#10220=CARTESIAN_POINT('',(1.646960044105,-18.1,-0.797761));
#10221=CARTESIAN_POINT('',(1.605897681543,-17.71770070033,-0.797761));
#10222=CARTESIAN_POINT('',(1.646960044105,-17.1697272389,-0.797761));
#10223=CARTESIAN_POINT('Origin',(1.646960044105,-17.1697272389,-0.297761));
#10224=CARTESIAN_POINT('',(1.707365637651,-16.8236512682,-0.658636910117));
#10225=CARTESIAN_POINT('Ctrl Pts',(1.64696004410549,-17.1697272389,-0.797760999999398));
#10226=CARTESIAN_POINT('Ctrl Pts',(1.64696004410556,-17.1469864628868,-0.79776099999926));
#10227=CARTESIAN_POINT('Ctrl Pts',(1.64771526596826,-17.1242448672579,-0.796207380203946));
#10228=CARTESIAN_POINT('Ctrl Pts',(1.64920339566852,-17.1017092738571,-0.793112955205902));
#10229=CARTESIAN_POINT('Ctrl Pts',(1.65076004101301,-17.0781361091346,-0.789876058404333));
#10230=CARTESIAN_POINT('Ctrl Pts',(1.65311855831191,-17.054788471667,-0.784953285324541));
#10231=CARTESIAN_POINT('Ctrl Pts',(1.6562042549871,-17.0318942263845,-0.778387734848528));
#10232=CARTESIAN_POINT('Ctrl Pts',(1.65950867358882,-17.0073771795239,-0.771356801672933));
#10233=CARTESIAN_POINT('Ctrl Pts',(1.66364676664625,-16.9833802386378,-0.762441813212285));
#10234=CARTESIAN_POINT('Ctrl Pts',(1.66847378967393,-16.9601709769553,-0.751728151109904));
#10235=CARTESIAN_POINT('Ctrl Pts',(1.67314012967605,-16.937734310383,-0.741371127795367));
#10236=CARTESIAN_POINT('Ctrl Pts',(1.67844912544157,-16.9160336665568,-0.729333489896703));
#10237=CARTESIAN_POINT('Ctrl Pts',(1.68423436880049,-16.8952995028176,-0.715719631525646));
#10238=CARTESIAN_POINT('Ctrl Pts',(1.69082859999438,-16.8716659474379,-0.700202059667385));
#10239=CARTESIAN_POINT('Ctrl Pts',(1.6980413960705,-16.8492860929415,-0.682634462872166));
#10240=CARTESIAN_POINT('Ctrl Pts',(1.70559476543801,-16.82848306757,-0.663209240067149));
#10241=CARTESIAN_POINT('Ctrl Pts',(1.70618304627121,-16.8268628606791,-0.661696340895834));
#10242=CARTESIAN_POINT('Ctrl Pts',(1.70677338234429,-16.8252522112348,-0.660172196621479));
#10243=CARTESIAN_POINT('Ctrl Pts',(1.70736563765084,-16.823651268201,-0.65863691011751));
#10244=CARTESIAN_POINT('',(1.646960044105,-16.8236512682,-0.658636910117));
#10245=CARTESIAN_POINT('Origin',(1.605897681543,-17.71770070033,-3.797761));
#10246=CARTESIAN_POINT('',(1.345650001417,-18.47008124532,-0.893639185144));
#10247=CARTESIAN_POINT('',(1.45979763346535,-18.3327025710013,-0.86147548475591));
#10248=CARTESIAN_POINT('Ctrl Pts',(1.345650001417,-18.47008124532,-0.893639185144));
#10249=CARTESIAN_POINT('Ctrl Pts',(1.36900373229647,-18.4431852029955,-0.886671137565058));
#10250=CARTESIAN_POINT('Ctrl Pts',(1.39208266824563,-18.4159764229247,-0.87995432990166));
#10251=CARTESIAN_POINT('Ctrl Pts',(1.41489954881838,-18.3884785607766,-0.873506369237266));
#10252=CARTESIAN_POINT('Ctrl Pts',(1.43746643151595,-18.3607133186405,-0.867342272030775));
#10253=CARTESIAN_POINT('Ctrl Pts',(1.45979467055786,-18.3327003117099,-0.861475000015951));
#10254=CARTESIAN_POINT('',(-1.345650001417,-18.47008124532,-0.893639185144));
#10255=CARTESIAN_POINT('',(1.605897681543,-18.47008124532,-0.893639185144));
#10256=CARTESIAN_POINT('',(-1.45978737395222,-18.3327058694543,-0.861476150892971));
#10257=CARTESIAN_POINT('Ctrl Pts',(-1.345650001417,-18.47008124532,-0.893639185144));
#10258=CARTESIAN_POINT('Ctrl Pts',(-1.3690025790145,-18.4431865312081,-0.886671481669545));
#10259=CARTESIAN_POINT('Ctrl Pts',(-1.39208038882154,-18.4159791102372,
-0.879954993297186));
#10260=CARTESIAN_POINT('Ctrl Pts',(-1.41489616850473,-18.3884826345717,
-0.873507324502026));
#10261=CARTESIAN_POINT('Ctrl Pts',(-1.43746197381277,-18.3607188031827,
-0.86734348964631));
#10262=CARTESIAN_POINT('Ctrl Pts',(-1.45978915735257,-18.3327072285635,
-0.861476448746527));
#10263=CARTESIAN_POINT('Ctrl Pts',(-1.45978557999799,-18.3327044971672,
-0.861475875922981));
#10264=CARTESIAN_POINT('Ctrl Pts',(-1.48301920758941,-18.3035551413188,
-0.855370554482108));
#10265=CARTESIAN_POINT('Ctrl Pts',(-1.50423784259031,-18.2733481467104,
-0.849498630307516));
#10266=CARTESIAN_POINT('Ctrl Pts',(-1.52331603802381,-18.2422889648992,
-0.843982552789244));
#10267=CARTESIAN_POINT('Ctrl Pts',(-1.54188852949942,-18.2120530659412,
-0.838612689426433));
#10268=CARTESIAN_POINT('Ctrl Pts',(-1.5584319374062,-18.1810103242174,-0.833580540705963));
#10269=CARTESIAN_POINT('Ctrl Pts',(-1.57286406156907,-18.149381711875,-0.828981529224965));
#10270=CARTESIAN_POINT('Ctrl Pts',(-1.57727219163585,-18.139721107832,-0.827576812874269));
#10271=CARTESIAN_POINT('Ctrl Pts',(-1.5814836286836,-18.1300060279712,-0.826212350363309));
#10272=CARTESIAN_POINT('Ctrl Pts',(-1.58549679537061,-18.1202431987171,
-0.824890411327612));
#10273=CARTESIAN_POINT('Ctrl Pts',(-1.59836460795871,-18.0889396753478,
-0.820651747675966));
#10274=CARTESIAN_POINT('Ctrl Pts',(-1.60919078768592,-18.0571444032125,
-0.816852312382186));
#10275=CARTESIAN_POINT('Ctrl Pts',(-1.61795049215814,-18.0250880266591,
-0.813550375370823));
#10276=CARTESIAN_POINT('Ctrl Pts',(-1.62673362659149,-17.9929459075262,
-0.810239606525456));
#10277=CARTESIAN_POINT('Ctrl Pts',(-1.63343915298197,-17.960542048022,-0.807429113512134));
#10278=CARTESIAN_POINT('Ctrl Pts',(-1.63808604128208,-17.9281135549138,
-0.805149026920577));
#10279=CARTESIAN_POINT('Ctrl Pts',(-1.64273292958218,-17.8956850618055,
-0.80286894032902));
#10280=CARTESIAN_POINT('Ctrl Pts',(-1.64532132223533,-17.8632326719622,
-0.801119258124419));
#10281=CARTESIAN_POINT('Ctrl Pts',(-1.6459135063507,-17.8309867563317,-0.799900718145669));
#10282=CARTESIAN_POINT('',(1.6459197718302,-17.8309867941232,-0.79990073317154));
#10283=CARTESIAN_POINT('Origin',(0.867571956492031,-17.7171985474111,-2.40214677118886));
#10284=CARTESIAN_POINT('Ctrl Pts',(1.45980060923021,-18.332704845518,-0.861475948884867));
#10285=CARTESIAN_POINT('Ctrl Pts',(1.48303365109809,-18.3035547695624,-0.855370473008607));
#10286=CARTESIAN_POINT('Ctrl Pts',(1.50425162142897,-18.2733470050578,-0.849498406435685));
#10287=CARTESIAN_POINT('Ctrl Pts',(1.5233291242548,-18.2422870174185,-0.843982207168945));
#10288=CARTESIAN_POINT('Ctrl Pts',(1.54189997814538,-18.2120519023955,-0.838612503830451));
#10289=CARTESIAN_POINT('Ctrl Pts',(1.55844193268958,-18.1810099945396,-0.833580498395345));
#10290=CARTESIAN_POINT('Ctrl Pts',(1.5728728236916,-18.1493822467186,-0.828981606588937));
#10291=CARTESIAN_POINT('Ctrl Pts',(1.57743305598086,-18.1393877233846,-0.827528334236766));
#10292=CARTESIAN_POINT('Ctrl Pts',(1.58178277067146,-18.1293348920621,-0.826118148173117));
#10293=CARTESIAN_POINT('Ctrl Pts',(1.58592022893629,-18.1192312041356,-0.824753557272686));
#10294=CARTESIAN_POINT('Ctrl Pts',(1.5987427665683,-18.0879185212351,-0.820524507200415));
#10295=CARTESIAN_POINT('Ctrl Pts',(1.60952346389414,-18.0561165612251,-0.816735416529915));
#10296=CARTESIAN_POINT('Ctrl Pts',(1.61823794958294,-18.0240560471922,-0.813444257282135));
#10297=CARTESIAN_POINT('Ctrl Pts',(1.626953551806,-17.9919914254399,-0.810152676358056));
#10298=CARTESIAN_POINT('Ctrl Pts',(1.63360237072417,-17.9596689411827,-0.807359251903813));
#10299=CARTESIAN_POINT('Ctrl Pts',(1.63820364266884,-17.927323858305,-0.805093607268193));
#10300=CARTESIAN_POINT('Ctrl Pts',(1.64277938875381,-17.8951582119087,-0.802840531445678));
#10301=CARTESIAN_POINT('Ctrl Pts',(1.64533042044869,-17.8629709237914,-0.801109366931633));
#10302=CARTESIAN_POINT('Ctrl Pts',(1.64591768423529,-17.83098675632,-0.799900718146874));
#10303=CARTESIAN_POINT('Origin',(2.5,-16.968725,-0.797761));
#10304=CARTESIAN_POINT('',(1.788150564878,-16.54261273179,-0.389124089883));
#10305=CARTESIAN_POINT('Origin',(0.,-16.13684774961,0.));
#10306=CARTESIAN_POINT('',(1.81284307098,-16.54261273179,-0.389124089883));
#10307=CARTESIAN_POINT('Ctrl Pts',(1.695031189262,-18.3327048461,0.));
#10308=CARTESIAN_POINT('Ctrl Pts',(1.695031189261,-18.3327048461,0.874677708253));
#10309=CARTESIAN_POINT('Ctrl Pts',(1.201872318463,-18.3327048461,1.769405025894));
#10310=CARTESIAN_POINT('Ctrl Pts',(0.184167000603,-18.33270484609,2.374158348993));
#10311=CARTESIAN_POINT('Ctrl Pts',(-1.183510710862,-18.3327048461,2.239559983816));
#10312=CARTESIAN_POINT('Ctrl Pts',(-2.158562550608,-18.33270484609,1.450590483848));
#10313=CARTESIAN_POINT('Ctrl Pts',(-2.852522170048,-18.3327048461,-7.723244786761E-12));
#10314=CARTESIAN_POINT('Ctrl Pts',(-2.158562550607,-18.33270484609,-1.450590483835));
#10315=CARTESIAN_POINT('Ctrl Pts',(-1.183510710863,-18.3327048461,-2.239559983824));
#10316=CARTESIAN_POINT('Ctrl Pts',(0.184167000605,-18.3327048461,-2.374158348989));
#10317=CARTESIAN_POINT('Ctrl Pts',(1.201872318462,-18.3327048461,-1.769405025895));
#10318=CARTESIAN_POINT('Ctrl Pts',(1.695031189261,-18.3327048461,-0.874677708253));
#10319=CARTESIAN_POINT('Ctrl Pts',(1.695031189262,-18.3327048461,-4.151629040769E-16));
#10320=CARTESIAN_POINT('Ctrl Pts',(1.83,-18.1,-1.692656431684E-15));
#10321=CARTESIAN_POINT('Ctrl Pts',(1.829999999999,-18.1,0.944324928204));
#10322=CARTESIAN_POINT('Ctrl Pts',(1.297572786106,-18.1,1.910295939036));
#10323=CARTESIAN_POINT('Ctrl Pts',(0.198831510146,-18.09999999999,2.563203442025));
#10324=CARTESIAN_POINT('Ctrl Pts',(-1.277749114353,-18.1,2.417887526997));
#10325=CARTESIAN_POINT('Ctrl Pts',(-2.330440579874,-18.09999999999,1.566095421874));
#10326=CARTESIAN_POINT('Ctrl Pts',(-3.079657533301,-18.1,-5.690582553786E-12));
#10327=CARTESIAN_POINT('Ctrl Pts',(-2.330440579875,-18.09999999999,-1.566095421865));
#10328=CARTESIAN_POINT('Ctrl Pts',(-1.277749114353,-18.1,-2.417887527002));
#10329=CARTESIAN_POINT('Ctrl Pts',(0.198831510147,-18.1,-2.563203442023));
#10330=CARTESIAN_POINT('Ctrl Pts',(1.297572786105,-18.1,-1.910295939037));
#10331=CARTESIAN_POINT('Ctrl Pts',(1.83,-18.1,-0.944324928204));
#10332=CARTESIAN_POINT('Ctrl Pts',(1.83,-18.1,-2.274656157875E-15));
#10333=CARTESIAN_POINT('Ctrl Pts',(1.83,-17.83098675632,0.));
#10334=CARTESIAN_POINT('Ctrl Pts',(1.829999999999,-17.83098675632,0.944324928204));
#10335=CARTESIAN_POINT('Ctrl Pts',(1.297572786106,-17.83098675632,1.910295939036));
#10336=CARTESIAN_POINT('Ctrl Pts',(0.198831510146,-17.83098675632,2.563203442025));
#10337=CARTESIAN_POINT('Ctrl Pts',(-1.277749114353,-17.83098675633,2.417887526996));
#10338=CARTESIAN_POINT('Ctrl Pts',(-2.330440579875,-17.83098675632,1.566095421876));
#10339=CARTESIAN_POINT('Ctrl Pts',(-3.079657533301,-17.83098675633,-7.948398016155E-12));
#10340=CARTESIAN_POINT('Ctrl Pts',(-2.330440579875,-17.83098675632,-1.566095421862));
#10341=CARTESIAN_POINT('Ctrl Pts',(-1.277749114353,-17.83098675632,-2.417887527004));
#10342=CARTESIAN_POINT('Ctrl Pts',(0.198831510147,-17.83098675632,-2.563203442021));
#10343=CARTESIAN_POINT('Ctrl Pts',(1.297572786105,-17.83098675632,-1.910295939037));
#10344=CARTESIAN_POINT('Ctrl Pts',(1.83,-17.83098675632,-0.944324928204));
#10345=CARTESIAN_POINT('Ctrl Pts',(1.83,-17.83098675632,-4.482207284879E-16));
#10346=CARTESIAN_POINT('',(-1.34156432196548,-18.3327047680106,1.0360195050201));
#10347=CARTESIAN_POINT('Origin',(2.95638003933174E-5,-18.3327048460974,
2.78205952830568E-6));
#10348=CARTESIAN_POINT('Ctrl Pts',(-1.341564414672,-18.3327048461,1.036019501527));
#10349=CARTESIAN_POINT('Ctrl Pts',(-1.365073132958,-18.30462244312,1.032225157537));
#10350=CARTESIAN_POINT('Ctrl Pts',(-1.386750285278,-18.27566908197,1.028583139766));
#10351=CARTESIAN_POINT('Ctrl Pts',(-1.40654284077,-18.24594366071,1.025143554921));
#10352=CARTESIAN_POINT('Ctrl Pts',(-1.442266972814,-18.18521091295,1.018754973968));
#10353=CARTESIAN_POINT('Ctrl Pts',(-1.458200643395,-18.15420379917,1.015805572803));
#10354=CARTESIAN_POINT('Ctrl Pts',(-1.472168130703,-18.12267459234,1.013142410119));
#10355=CARTESIAN_POINT('Ctrl Pts',(-1.49613583213,-18.05886314084,1.008445155859));
#10356=CARTESIAN_POINT('Ctrl Pts',(-1.506137400718,-18.02658070881,1.006410766062));
#10357=CARTESIAN_POINT('Ctrl Pts',(-1.514143205228,-17.99405808775,1.004717987184));
#10358=CARTESIAN_POINT('Ctrl Pts',(-1.526197124278,-17.92882758889,1.002035936351));
#10359=CARTESIAN_POINT('Ctrl Pts',(-1.530245873328,-17.89611933059,1.001046541255));
#10360=CARTESIAN_POINT('Ctrl Pts',(-1.532334758027,-17.86346027693,1.000418441108));
#10361=CARTESIAN_POINT('Ctrl Pts',(-1.532514224774,-17.83098675632,1.000143431351));
#10362=CARTESIAN_POINT('Origin',(1.81284307098,-16.19653676109,-0.75));
#10363=CARTESIAN_POINT('',(1.81284307098,-16.19653676109,-0.25));
#10364=CARTESIAN_POINT('Ctrl Pts',(1.78815056487805,-16.5426127317909,-0.389124089882081));
#10365=CARTESIAN_POINT('Ctrl Pts',(1.79206628040067,-16.5238492450162,-0.371130115451501));
#10366=CARTESIAN_POINT('Ctrl Pts',(1.79536489114826,-16.5037500156526,-0.354669691316771));
#10367=CARTESIAN_POINT('Ctrl Pts',(1.79815581304675,-16.4825828246388,-0.339905316386312));
#10368=CARTESIAN_POINT('Ctrl Pts',(1.8010328470735,-16.4607625333473,-0.324685396014647));
#10369=CARTESIAN_POINT('Ctrl Pts',(1.80337136833026,-16.43780797871,-0.31126752972706));
#10370=CARTESIAN_POINT('Ctrl Pts',(1.8052795791147,-16.4140187509905,-0.299776073415794));
#10371=CARTESIAN_POINT('Ctrl Pts',(1.80719918199672,-16.3900875005942,-0.288216012633408));
#10372=CARTESIAN_POINT('Ctrl Pts',(1.80868406311477,-16.3653120117393,-0.278604903693388));
#10373=CARTESIAN_POINT('Ctrl Pts',(1.80981955763323,-16.3399954791541,-0.271022342680359));
#10374=CARTESIAN_POINT('Ctrl Pts',(1.81096733749674,-16.3144050374189,-0.263357743069247));
#10375=CARTESIAN_POINT('Ctrl Pts',(1.81175864965477,-16.2882620344126,-0.257765327486384));
#10376=CARTESIAN_POINT('Ctrl Pts',(1.8122467026312,-16.2618726254401,-0.254287154867231));
#10377=CARTESIAN_POINT('Ctrl Pts',(1.81264742353638,-16.2402053303693,-0.251431365541861));
#10378=CARTESIAN_POINT('Ctrl Pts',(1.81284307098,-16.2183717957367,-0.250000000000004));
#10379=CARTESIAN_POINT('Ctrl Pts',(1.81284307098,-16.1965367610901,-0.25));
#10380=CARTESIAN_POINT('',(1.81284307098,-16.19653676109,-0.25));
#10381=CARTESIAN_POINT('Origin',(1.488421143031,-17.79711301669,5.));
#10382=CARTESIAN_POINT('',(1.284572631302,-18.399433409,1.045608751653));
#10383=CARTESIAN_POINT('',(1.34158314842322,-18.3326982400623,1.03601863839635));
#10384=CARTESIAN_POINT('Origin',(0.989017158374488,-15.757457625375,1.9325687491084));
#10385=CARTESIAN_POINT('',(1.53253665361537,-17.8309868042088,1.00014343175656));
#10386=CARTESIAN_POINT('Ctrl Pts',(1.34159117759942,-18.3327048458952,1.03601950149933));
#10387=CARTESIAN_POINT('Ctrl Pts',(1.36509977068455,-18.3046224345917,1.03222515638608));
#10388=CARTESIAN_POINT('Ctrl Pts',(1.38677665358716,-18.2756690714316,1.02858313850646));
#10389=CARTESIAN_POINT('Ctrl Pts',(1.40656886471357,-18.2459436534146,1.02514355415518));
#10390=CARTESIAN_POINT('Ctrl Pts',(1.442292249761,-18.18521090848,1.018754973496));
#10391=CARTESIAN_POINT('Ctrl Pts',(1.458225516461,-18.15420379375,1.015805572325));
#10392=CARTESIAN_POINT('Ctrl Pts',(1.472192608083,-18.12267458867,1.01314240985));
#10393=CARTESIAN_POINT('Ctrl Pts',(1.496159581475,-18.05886313876,1.008445155706));
#10394=CARTESIAN_POINT('Ctrl Pts',(1.506160817172,-18.02658070643,1.006410765931));
#10395=CARTESIAN_POINT('Ctrl Pts',(1.514166341209,-17.9940580862,1.00471798712));
#10396=CARTESIAN_POINT('Ctrl Pts',(1.52621981937026,-17.9288276002335,1.00203593681836));
#10397=CARTESIAN_POINT('Ctrl Pts',(1.53026840930277,-17.8961193540475,1.00104654197253));
#10398=CARTESIAN_POINT('Ctrl Pts',(1.53235720573773,-17.8634603127018,1.0004184417997));
#10399=CARTESIAN_POINT('Ctrl Pts',(1.53253665361537,-17.8309868042088,1.00014343175656));
#10400=CARTESIAN_POINT('',(1.532612149241,-17.79711301669,1.));
#10401=CARTESIAN_POINT('Origin',(0.566543168575266,-17.7971052147692,2.48034419754019));
#10402=CARTESIAN_POINT('',(1.488421143031,-17.79711301669,1.));
#10403=CARTESIAN_POINT('',(-1.284572631302,-18.399433409,1.045608751653));
#10404=CARTESIAN_POINT('Origin',(-0.989015125410729,-15.7574027655975,1.93256849055605));
#10405=CARTESIAN_POINT('',(1.488421143031,-18.399433409,1.045608751653));
#10406=CARTESIAN_POINT('Origin',(2.5,-16.397539,-0.25));
#10407=CARTESIAN_POINT('',(1.81284307098,-15.6,-0.25));
#10408=CARTESIAN_POINT('',(1.81284307098,-18.1,-0.25));
#10409=CARTESIAN_POINT('',(2.5,-15.6,-0.25));
#10410=CARTESIAN_POINT('Origin',(2.5,-18.1,1.));
#10411=CARTESIAN_POINT('',(1.532612149241,-15.6,1.));
#10412=CARTESIAN_POINT('',(1.532612149241,-18.1,1.));
#10413=CARTESIAN_POINT('',(2.5,-15.6,1.));
#10414=CARTESIAN_POINT('Origin',(0.,-15.6,0.));
#10415=CARTESIAN_POINT('Origin',(0.,-15.6,0.));
#10416=CARTESIAN_POINT('Origin',(0.,-18.1,0.));
#10417=CARTESIAN_POINT('',(1.83,-17.83098675632,0.));
#10418=CARTESIAN_POINT('Origin',(-0.000689290540165921,-17.8309867563217,
-0.000177273864021357));
#10419=CARTESIAN_POINT('Origin',(-0.000759610978502134,-17.8309867563198,
0.000183447595054897));
#10420=CARTESIAN_POINT('Origin',(0.,-19.1,0.));
#10421=CARTESIAN_POINT('',(0.961804649162105,-18.8672910247018,-0.996545308017921));
#10422=CARTESIAN_POINT('Ctrl Pts',(1.34565000141972,-18.4700812453224,-0.893639185143656));
#10423=CARTESIAN_POINT('Ctrl Pts',(1.30104482321644,-18.5214521704614,-0.906948022415861));
#10424=CARTESIAN_POINT('Ctrl Pts',(1.25766945420371,-18.5697666043109,-0.919465004274044));
#10425=CARTESIAN_POINT('Ctrl Pts',(1.21535795677773,-18.615301724897,-0.931261940155784));
#10426=CARTESIAN_POINT('Ctrl Pts',(1.17058386677717,-18.6634870577577,-0.943745475389297));
#10427=CARTESIAN_POINT('Ctrl Pts',(1.12700120172574,-18.7085599969194,-0.955422672384706));
#10428=CARTESIAN_POINT('Ctrl Pts',(1.08443879536757,-18.7507955242385,-0.966364771610584));
#10429=CARTESIAN_POINT('Ctrl Pts',(1.04262161345006,-18.7922915504364,-0.977115285809369));
#10430=CARTESIAN_POINT('Ctrl Pts',(1.00178961761016,-18.8310480167481,-0.987156053072035));
#10431=CARTESIAN_POINT('Ctrl Pts',(0.961800448999845,-18.8672825005072,
-0.996543441885594));
#10432=CARTESIAN_POINT('',(1.695031189262,-18.3327048461,0.));
#10433=CARTESIAN_POINT('Origin',(-0.000684224854925752,-18.3327048460999,
0.000170640860054638));
#10434=CARTESIAN_POINT('Origin',(-0.000521025105294781,-18.3327048460943,
-0.000142730072803882));
#10435=CARTESIAN_POINT('',(0.818994379479651,-18.8672932371394,1.11687135983761));
#10436=CARTESIAN_POINT('Ctrl Pts',(1.28457263129132,-18.3994334090179,1.04560875165636));
#10437=CARTESIAN_POINT('Ctrl Pts',(1.03548746921555,-18.6851358347483,1.08912604328082));
#10438=CARTESIAN_POINT('Ctrl Pts',(0.818992555532833,-18.8672883686503,
1.11687094225283));
#10439=CARTESIAN_POINT('',(1.384968810738,-18.8672951539,0.));
#10440=CARTESIAN_POINT('Origin',(0.000998088143459586,-18.8672951538979,
-0.000329139543174661));
#10441=CARTESIAN_POINT('Origin',(0.00494722781992141,-18.8672951539,-0.00129423985267746));
#10442=CARTESIAN_POINT('Origin',(2.5,-19.917219,-1.268554));
#10443=CARTESIAN_POINT('',(-0.961793441932714,-18.867293572335,-0.996546179015638));
#10444=CARTESIAN_POINT('Ctrl Pts',(-0.961791832837745,-18.8672903076456,
-0.996545464507028));
#10445=CARTESIAN_POINT('Ctrl Pts',(-1.00299644055959,-18.8299547659693,
-0.986872820938807));
#10446=CARTESIAN_POINT('Ctrl Pts',(-1.04509578417584,-18.7899418215164,
-0.976506533684581));
#10447=CARTESIAN_POINT('Ctrl Pts',(-1.08824590416991,-18.7470127855056,
-0.965384764844025));
#10448=CARTESIAN_POINT('Ctrl Pts',(-1.12906223666101,-18.7064055796025,
-0.954864520289721));
#10449=CARTESIAN_POINT('Ctrl Pts',(-1.17081866777912,-18.6631892841665,
-0.943668330189774));
#10450=CARTESIAN_POINT('Ctrl Pts',(-1.21366567155226,-18.6171220688537,
-0.931733542748773));
#10451=CARTESIAN_POINT('Ctrl Pts',(-1.25651267532541,-18.571054853541,-0.919798755307773));
#10452=CARTESIAN_POINT('Ctrl Pts',(-1.30044994918215,-18.5221372754322,
-0.907125514850458));
#10453=CARTESIAN_POINT('Ctrl Pts',(-1.34565000141772,-18.4700812453208,
-0.893639185143236));
#10454=CARTESIAN_POINT('',(0.541683276814762,-19.3690132425605,-1.12652705898235));
#10455=CARTESIAN_POINT('Ctrl Pts',(0.961810572058409,-18.8672970673542,
-0.996547215766584));
#10456=CARTESIAN_POINT('Ctrl Pts',(0.932704840694787,-18.8936689342775,
-1.00337946347282));
#10457=CARTESIAN_POINT('Ctrl Pts',(0.903943681225418,-18.9208980912914,
-1.01043381239345));
#10458=CARTESIAN_POINT('Ctrl Pts',(0.87569793069462,-18.9488348668609,-1.01767148613287));
#10459=CARTESIAN_POINT('Ctrl Pts',(0.85146525909548,-18.9728024618156,-1.02388085099566));
#10460=CARTESIAN_POINT('Ctrl Pts',(0.827611824909977,-18.9972902855127,
-1.0302249932704));
#10461=CARTESIAN_POINT('Ctrl Pts',(0.804273118959098,-19.0221907417419,
-1.03667603769023));
#10462=CARTESIAN_POINT('Ctrl Pts',(0.781107664935561,-19.0469063525884,
-1.04307919359895));
#10463=CARTESIAN_POINT('Ctrl Pts',(0.758448663270201,-19.0720280498099,
-1.04958755465873));
#10464=CARTESIAN_POINT('Ctrl Pts',(0.736465652965718,-19.0974422351652,
-1.05617169589529));
#10465=CARTESIAN_POINT('Ctrl Pts',(0.715457414433003,-19.1217295034085,
-1.06246388280304));
#10466=CARTESIAN_POINT('Ctrl Pts',(0.69506605988504,-19.1462836565993,-1.06882520254451));
#10467=CARTESIAN_POINT('Ctrl Pts',(0.675483717481559,-19.1710007552972,
-1.07522874303054));
#10468=CARTESIAN_POINT('Ctrl Pts',(0.656435050767579,-19.1950442412873,
-1.08145776844509));
#10469=CARTESIAN_POINT('Ctrl Pts',(0.638151573280357,-19.2192417275062,
-1.08772669795722));
#10470=CARTESIAN_POINT('Ctrl Pts',(0.620859339314413,-19.2434959337802,
-1.09401031582166));
#10471=CARTESIAN_POINT('Ctrl Pts',(0.603291735960982,-19.2681363750506,
-1.10039399687088));
#10472=CARTESIAN_POINT('Ctrl Pts',(0.586747206407536,-19.2928351830918,
-1.10679279453729));
#10473=CARTESIAN_POINT('Ctrl Pts',(0.571517810796052,-19.3174913610877,
-1.11318055554777));
#10474=CARTESIAN_POINT('Ctrl Pts',(0.569701936256324,-19.3204312365109,
-1.11394219920591));
#10475=CARTESIAN_POINT('Ctrl Pts',(0.567904819532138,-19.3233705088223,
-1.11470368657775));
#10476=CARTESIAN_POINT('Ctrl Pts',(0.566127002831778,-19.3263090095465,
-1.11546497378168));
#10477=CARTESIAN_POINT('Ctrl Pts',(0.557500842218425,-19.3405669356898,
-1.11915882236163));
#10478=CARTESIAN_POINT('Ctrl Pts',(0.549328813309044,-19.3548065853711,
-1.12284793599461));
#10479=CARTESIAN_POINT('Ctrl Pts',(0.541675255580439,-19.3690088414484,
-1.12652736194792));
#10480=CARTESIAN_POINT('',(-0.541720005943398,-19.3690086388871,-1.12652570389153));
#10481=CARTESIAN_POINT('Origin',(0.,-15.02071367531,0.));
#10482=CARTESIAN_POINT('Ctrl Pts',(-0.961795710376321,-18.8672958864139,
-0.996546909817921));
#10483=CARTESIAN_POINT('Ctrl Pts',(-0.932674408370984,-18.8936839030717,
-1.00338334149016));
#10484=CARTESIAN_POINT('Ctrl Pts',(-0.903898634544768,-18.9209302535473,
-1.01044214483828));
#10485=CARTESIAN_POINT('Ctrl Pts',(-0.875639530538639,-18.94888498622,-1.01768447074699));
#10486=CARTESIAN_POINT('Ctrl Pts',(-0.851587610413948,-18.9726778494758,
-1.02384856725322));
#10487=CARTESIAN_POINT('Ctrl Pts',(-0.827909892347245,-18.9969832639328,
-1.03014545216426));
#10488=CARTESIAN_POINT('Ctrl Pts',(-0.804738756030852,-19.0216960123359,
-1.03654786649038));
#10489=CARTESIAN_POINT('Ctrl Pts',(-0.781555448490663,-19.0464217417334,
-1.04295364384611));
#10490=CARTESIAN_POINT('Ctrl Pts',(-0.75887855162566,-19.0715548039161,
-1.04946494927763));
#10491=CARTESIAN_POINT('Ctrl Pts',(-0.736877538384576,-19.0969814362403,
-1.05605231517767));
#10492=CARTESIAN_POINT('Ctrl Pts',(-0.715856695309399,-19.1212752831719,
-1.06234620643378));
#10493=CARTESIAN_POINT('Ctrl Pts',(-0.695452366265844,-19.14583688518,-1.06870945597221));
#10494=CARTESIAN_POINT('Ctrl Pts',(-0.675856493385096,-19.1705621990085,
-1.07511512479033));
#10495=CARTESIAN_POINT('Ctrl Pts',(-0.656799550660779,-19.194607511628,
-1.08134462344654));
#10496=CARTESIAN_POINT('Ctrl Pts',(-0.638506877122745,-19.2188074698711,
-1.0876141933857));
#10497=CARTESIAN_POINT('Ctrl Pts',(-0.621204192470019,-19.2430647553155,
-1.0938986089705));
#10498=CARTESIAN_POINT('Ctrl Pts',(-0.603637427544187,-19.2676922648433,
-1.1002789397394));
#10499=CARTESIAN_POINT('Ctrl Pts',(-0.587091107925014,-19.292378691052,
-1.10667452963343));
#10500=CARTESIAN_POINT('Ctrl Pts',(-0.571856406780094,-19.3170231791831,
-1.11305926210317));
#10501=CARTESIAN_POINT('Ctrl Pts',(-0.570050094737657,-19.3199451686115,
-1.11381627197413));
#10502=CARTESIAN_POINT('Ctrl Pts',(-0.568262281135828,-19.3228665713836,
-1.1145731298214));
#10503=CARTESIAN_POINT('Ctrl Pts',(-0.566493497634344,-19.3257872220602,
-1.11532979255384));
#10504=CARTESIAN_POINT('Ctrl Pts',(-0.557752222582484,-19.3402209901688,
-1.1190691970995));
#10505=CARTESIAN_POINT('Ctrl Pts',(-0.549475457256712,-19.3546362753207,
-1.12280381320363));
#10506=CARTESIAN_POINT('Ctrl Pts',(-0.541729899247136,-19.36901324367,-1.12652850244617));
#10507=CARTESIAN_POINT('Ctrl Pts',(1.695031189262,-18.3327048461,0.));
#10508=CARTESIAN_POINT('Ctrl Pts',(1.695031189261,-18.3327048461,0.874677708253));
#10509=CARTESIAN_POINT('Ctrl Pts',(1.201872318463,-18.3327048461,1.769405025894));
#10510=CARTESIAN_POINT('Ctrl Pts',(0.184167000603,-18.33270484609,2.374158348993));
#10511=CARTESIAN_POINT('Ctrl Pts',(-1.183510710862,-18.3327048461,2.239559983816));
#10512=CARTESIAN_POINT('Ctrl Pts',(-2.158562550608,-18.33270484609,1.450590483848));
#10513=CARTESIAN_POINT('Ctrl Pts',(-2.852522170048,-18.3327048461,-7.723244786761E-12));
#10514=CARTESIAN_POINT('Ctrl Pts',(-2.158562550607,-18.33270484609,-1.450590483835));
#10515=CARTESIAN_POINT('Ctrl Pts',(-1.183510710863,-18.3327048461,-2.239559983824));
#10516=CARTESIAN_POINT('Ctrl Pts',(0.184167000605,-18.3327048461,-2.374158348989));
#10517=CARTESIAN_POINT('Ctrl Pts',(1.201872318462,-18.3327048461,-1.769405025895));
#10518=CARTESIAN_POINT('Ctrl Pts',(1.695031189261,-18.3327048461,-0.874677708253));
#10519=CARTESIAN_POINT('Ctrl Pts',(1.695031189262,-18.3327048461,-4.151629040769E-16));
#10520=CARTESIAN_POINT('Ctrl Pts',(1.83,-18.1,-1.692656431684E-15));
#10521=CARTESIAN_POINT('Ctrl Pts',(1.829999999999,-18.1,0.944324928204));
#10522=CARTESIAN_POINT('Ctrl Pts',(1.297572786106,-18.1,1.910295939036));
#10523=CARTESIAN_POINT('Ctrl Pts',(0.198831510146,-18.09999999999,2.563203442025));
#10524=CARTESIAN_POINT('Ctrl Pts',(-1.277749114353,-18.1,2.417887526997));
#10525=CARTESIAN_POINT('Ctrl Pts',(-2.330440579874,-18.09999999999,1.566095421874));
#10526=CARTESIAN_POINT('Ctrl Pts',(-3.079657533301,-18.1,-5.690582553786E-12));
#10527=CARTESIAN_POINT('Ctrl Pts',(-2.330440579875,-18.09999999999,-1.566095421865));
#10528=CARTESIAN_POINT('Ctrl Pts',(-1.277749114353,-18.1,-2.417887527002));
#10529=CARTESIAN_POINT('Ctrl Pts',(0.198831510147,-18.1,-2.563203442023));
#10530=CARTESIAN_POINT('Ctrl Pts',(1.297572786105,-18.1,-1.910295939037));
#10531=CARTESIAN_POINT('Ctrl Pts',(1.83,-18.1,-0.944324928204));
#10532=CARTESIAN_POINT('Ctrl Pts',(1.83,-18.1,-2.274656157875E-15));
#10533=CARTESIAN_POINT('Ctrl Pts',(1.83,-17.83098675632,0.));
#10534=CARTESIAN_POINT('Ctrl Pts',(1.829999999999,-17.83098675632,0.944324928204));
#10535=CARTESIAN_POINT('Ctrl Pts',(1.297572786106,-17.83098675632,1.910295939036));
#10536=CARTESIAN_POINT('Ctrl Pts',(0.198831510146,-17.83098675632,2.563203442025));
#10537=CARTESIAN_POINT('Ctrl Pts',(-1.277749114353,-17.83098675633,2.417887526996));
#10538=CARTESIAN_POINT('Ctrl Pts',(-2.330440579875,-17.83098675632,1.566095421876));
#10539=CARTESIAN_POINT('Ctrl Pts',(-3.079657533301,-17.83098675633,-7.948398016155E-12));
#10540=CARTESIAN_POINT('Ctrl Pts',(-2.330440579875,-17.83098675632,-1.566095421862));
#10541=CARTESIAN_POINT('Ctrl Pts',(-1.277749114353,-17.83098675632,-2.417887527004));
#10542=CARTESIAN_POINT('Ctrl Pts',(0.198831510147,-17.83098675632,-2.563203442021));
#10543=CARTESIAN_POINT('Ctrl Pts',(1.297572786105,-17.83098675632,-1.910295939037));
#10544=CARTESIAN_POINT('Ctrl Pts',(1.83,-17.83098675632,-0.944324928204));
#10545=CARTESIAN_POINT('Ctrl Pts',(1.83,-17.83098675632,-4.482207284879E-16));
#10546=CARTESIAN_POINT('Origin',(0.829999999984708,-17.8309867563244,2.33895299256919E-14));
#10547=CARTESIAN_POINT('Origin',(0.,-19.1,0.));
#10548=CARTESIAN_POINT('',(-0.819000260268,-18.8672920973062,1.11687099312504));
#10549=CARTESIAN_POINT('Origin',(4.54644382087699E-5,-18.8672951538976,
9.5452879003699E-7));
#10550=CARTESIAN_POINT('Ctrl Pts',(-0.818997350271405,-18.8672843344873,
1.11687032778186));
#10551=CARTESIAN_POINT('Ctrl Pts',(-1.0354901847652,-18.6851327200014,1.08912556885242));
#10552=CARTESIAN_POINT('Ctrl Pts',(-1.28457263134961,-18.399433408951,1.04560875164618));
#10553=CARTESIAN_POINT('Origin',(2.5,-20.021429,1.292666));
#10554=CARTESIAN_POINT('',(-0.372251644196471,-19.369005678454,1.19329093913389));
#10555=CARTESIAN_POINT('Ctrl Pts',(-0.819004515176243,-18.8672969625464,
1.1168722512471));
#10556=CARTESIAN_POINT('Ctrl Pts',(-0.790386543915541,-18.8913764345914,
1.12053996042034));
#10557=CARTESIAN_POINT('Ctrl Pts',(-0.762022817894408,-18.91617028267,1.12431647703566));
#10558=CARTESIAN_POINT('Ctrl Pts',(-0.734061832756713,-18.9415656118141,
1.12818461630862));
#10559=CARTESIAN_POINT('Ctrl Pts',(-0.713306587902547,-18.9604163880633,
1.13105590919566));
#10560=CARTESIAN_POINT('Ctrl Pts',(-0.692773631536616,-18.979598160543,
1.13397761523007));
#10561=CARTESIAN_POINT('Ctrl Pts',(-0.672541814101619,-18.9990591321826,
1.13694184899879));
#10562=CARTESIAN_POINT('Ctrl Pts',(-0.650313100784253,-19.020440916634,
1.14019865491167));
#10563=CARTESIAN_POINT('Ctrl Pts',(-0.628446593935011,-19.042159579439,
1.14350678913593));
#10564=CARTESIAN_POINT('Ctrl Pts',(-0.607080822616181,-19.064141408852,
1.14685497611053));
#10565=CARTESIAN_POINT('Ctrl Pts',(-0.587260328774015,-19.0845334044425,
1.14996100576526));
#10566=CARTESIAN_POINT('Ctrl Pts',(-0.567870078712389,-19.1051517402624,
1.15310152895127));
#10567=CARTESIAN_POINT('Ctrl Pts',(-0.549062054254112,-19.125934479393,
1.15626710189467));
#10568=CARTESIAN_POINT('Ctrl Pts',(-0.531888825620589,-19.144910780254,
1.15915752284418));
#10569=CARTESIAN_POINT('Ctrl Pts',(-0.515200773897484,-19.1640240609856,
1.16206879738965));
#10570=CARTESIAN_POINT('Ctrl Pts',(-0.499155161887614,-19.1832259712367,
1.16499356045566));
#10571=CARTESIAN_POINT('Ctrl Pts',(-0.483653882322363,-19.2017764745646,
1.16781910365841));
#10572=CARTESIAN_POINT('Ctrl Pts',(-0.468751700766118,-19.2204096426018,
1.17065726001937));
#10573=CARTESIAN_POINT('Ctrl Pts',(-0.454636656788364,-19.2390816567467,
1.17350132227289));
#10574=CARTESIAN_POINT('Ctrl Pts',(-0.440471077780522,-19.2578205208992,
1.17635556690854));
#10575=CARTESIAN_POINT('Ctrl Pts',(-0.427098171183849,-19.2765983681705,
1.17921574793518));
#10576=CARTESIAN_POINT('Ctrl Pts',(-0.414760941359734,-19.2953709131948,
1.18207512362727));
#10577=CARTESIAN_POINT('Ctrl Pts',(-0.399956403002443,-19.3178977581056,
1.18550634260552));
#10578=CARTESIAN_POINT('Ctrl Pts',(-0.386643851454113,-19.3404168843301,
1.18893638246741));
#10579=CARTESIAN_POINT('Ctrl Pts',(-0.37532587004797,-19.3628523860766,
1.19235368879084));
#10580=CARTESIAN_POINT('Ctrl Pts',(-0.374289522971793,-19.3649067247261,
1.19266659930814));
#10581=CARTESIAN_POINT('Ctrl Pts',(-0.373269932183075,-19.3669603631476,
1.1929794031636));
#10582=CARTESIAN_POINT('Ctrl Pts',(-0.372267496643562,-19.36901324367,1.19329209144454));
#10583=CARTESIAN_POINT('',(0.372198342565438,-19.3690132384232,1.19329209064452));
#10584=CARTESIAN_POINT('Origin',(0.,-11.53473789234,0.));
#10585=CARTESIAN_POINT('Ctrl Pts',(0.81899704787397,-18.8672962888107,1.11687214862604));
#10586=CARTESIAN_POINT('Ctrl Pts',(0.790381992643022,-18.8913696355099,
1.12053892480483));
#10587=CARTESIAN_POINT('Ctrl Pts',(0.762020658018452,-18.9161570028726,
1.12431445427212));
#10588=CARTESIAN_POINT('Ctrl Pts',(0.734061525055866,-18.9415455803531,
1.12818156516941));
#10589=CARTESIAN_POINT('Ctrl Pts',(0.713295041303777,-18.9604027989386,
1.13105383934628));
#10590=CARTESIAN_POINT('Ctrl Pts',(0.692750817910798,-18.9795912675414,
1.13397656530973));
#10591=CARTESIAN_POINT('Ctrl Pts',(0.672507848555884,-18.9990591323151,
1.1369418490189));
#10592=CARTESIAN_POINT('Ctrl Pts',(0.650280338165971,-19.0204355499215,
1.14019783747094));
#10593=CARTESIAN_POINT('Ctrl Pts',(0.628414737480133,-19.0421486743129,
1.14350512855343));
#10594=CARTESIAN_POINT('Ctrl Pts',(0.607049569149326,-19.0641248468006,
1.14685245354169));
#10595=CARTESIAN_POINT('Ctrl Pts',(0.587228651904573,-19.0845126054876,
1.14995783752727));
#10596=CARTESIAN_POINT('Ctrl Pts',(0.567837759838935,-19.1051266250038,
1.15309770310012));
#10597=CARTESIAN_POINT('Ctrl Pts',(0.549028854875698,-19.1259050035997,
1.15626261210574));
#10598=CARTESIAN_POINT('Ctrl Pts',(0.531854767719412,-19.1448773832076,
1.15915243600619));
#10599=CARTESIAN_POINT('Ctrl Pts',(0.515165662944208,-19.1639867067466,
1.16206310812688));
#10600=CARTESIAN_POINT('Ctrl Pts',(0.499118753119858,-19.1831846503156,
1.16498726676276));
#10601=CARTESIAN_POINT('Ctrl Pts',(0.48345714669244,-19.2019216308112,1.16784121323519));
#10602=CARTESIAN_POINT('Ctrl Pts',(0.468406673226053,-19.2207429717837,
1.17070803166846));
#10603=CARTESIAN_POINT('Ctrl Pts',(0.454161390201724,-19.2396035169909,
1.17358081037826));
#10604=CARTESIAN_POINT('Ctrl Pts',(0.440003300900925,-19.2583486189905,
1.17643600514311));
#10605=CARTESIAN_POINT('Ctrl Pts',(0.426640554015594,-19.2771323049497,
1.1792970755276));
#10606=CARTESIAN_POINT('Ctrl Pts',(0.414316919216808,-19.2959102514065,
1.18215727394707));
#10607=CARTESIAN_POINT('Ctrl Pts',(0.399503704589541,-19.3184816563261,
1.18559528016489));
#10608=CARTESIAN_POINT('Ctrl Pts',(0.386192529047068,-19.3410446841447,
1.18903200707656));
#10609=CARTESIAN_POINT('Ctrl Pts',(0.374889542690605,-19.3635229880913,
1.19245583282286));
#10610=CARTESIAN_POINT('Ctrl Pts',(0.373970966582382,-19.3653497648658,
1.19273408181212));
#10611=CARTESIAN_POINT('Ctrl Pts',(0.373065679261146,-19.3671759828084,
1.1930122456692));
#10612=CARTESIAN_POINT('Ctrl Pts',(0.372173961306286,-19.3690016013637,
1.19329031812517));
#10613=CARTESIAN_POINT('Ctrl Pts',(1.695031189262,-18.3327048461,0.));
#10614=CARTESIAN_POINT('Ctrl Pts',(1.695031189261,-18.3327048461,0.874677708253));
#10615=CARTESIAN_POINT('Ctrl Pts',(1.201872318463,-18.3327048461,1.769405025894));
#10616=CARTESIAN_POINT('Ctrl Pts',(0.184167000603,-18.33270484609,2.374158348993));
#10617=CARTESIAN_POINT('Ctrl Pts',(-1.183510710862,-18.3327048461,2.239559983816));
#10618=CARTESIAN_POINT('Ctrl Pts',(-2.158562550608,-18.33270484609,1.450590483848));
#10619=CARTESIAN_POINT('Ctrl Pts',(-2.852522170048,-18.3327048461,-7.723244786761E-12));
#10620=CARTESIAN_POINT('Ctrl Pts',(-2.158562550607,-18.33270484609,-1.450590483835));
#10621=CARTESIAN_POINT('Ctrl Pts',(-1.183510710863,-18.3327048461,-2.239559983824));
#10622=CARTESIAN_POINT('Ctrl Pts',(0.184167000605,-18.3327048461,-2.374158348989));
#10623=CARTESIAN_POINT('Ctrl Pts',(1.201872318462,-18.3327048461,-1.769405025895));
#10624=CARTESIAN_POINT('Ctrl Pts',(1.695031189261,-18.3327048461,-0.874677708253));
#10625=CARTESIAN_POINT('Ctrl Pts',(1.695031189262,-18.3327048461,-4.151629040769E-16));
#10626=CARTESIAN_POINT('Ctrl Pts',(1.83,-18.1,-1.692656431684E-15));
#10627=CARTESIAN_POINT('Ctrl Pts',(1.829999999999,-18.1,0.944324928204));
#10628=CARTESIAN_POINT('Ctrl Pts',(1.297572786106,-18.1,1.910295939036));
#10629=CARTESIAN_POINT('Ctrl Pts',(0.198831510146,-18.09999999999,2.563203442025));
#10630=CARTESIAN_POINT('Ctrl Pts',(-1.277749114353,-18.1,2.417887526997));
#10631=CARTESIAN_POINT('Ctrl Pts',(-2.330440579874,-18.09999999999,1.566095421874));
#10632=CARTESIAN_POINT('Ctrl Pts',(-3.079657533301,-18.1,-5.690582553786E-12));
#10633=CARTESIAN_POINT('Ctrl Pts',(-2.330440579875,-18.09999999999,-1.566095421865));
#10634=CARTESIAN_POINT('Ctrl Pts',(-1.277749114353,-18.1,-2.417887527002));
#10635=CARTESIAN_POINT('Ctrl Pts',(0.198831510147,-18.1,-2.563203442023));
#10636=CARTESIAN_POINT('Ctrl Pts',(1.297572786105,-18.1,-1.910295939037));
#10637=CARTESIAN_POINT('Ctrl Pts',(1.83,-18.1,-0.944324928204));
#10638=CARTESIAN_POINT('Ctrl Pts',(1.83,-18.1,-2.274656157875E-15));
#10639=CARTESIAN_POINT('Ctrl Pts',(1.83,-17.83098675632,0.));
#10640=CARTESIAN_POINT('Ctrl Pts',(1.829999999999,-17.83098675632,0.944324928204));
#10641=CARTESIAN_POINT('Ctrl Pts',(1.297572786106,-17.83098675632,1.910295939036));
#10642=CARTESIAN_POINT('Ctrl Pts',(0.198831510146,-17.83098675632,2.563203442025));
#10643=CARTESIAN_POINT('Ctrl Pts',(-1.277749114353,-17.83098675633,2.417887526996));
#10644=CARTESIAN_POINT('Ctrl Pts',(-2.330440579875,-17.83098675632,1.566095421876));
#10645=CARTESIAN_POINT('Ctrl Pts',(-3.079657533301,-17.83098675633,-7.948398016155E-12));
#10646=CARTESIAN_POINT('Ctrl Pts',(-2.330440579875,-17.83098675632,-1.566095421862));
#10647=CARTESIAN_POINT('Ctrl Pts',(-1.277749114353,-17.83098675632,-2.417887527004));
#10648=CARTESIAN_POINT('Ctrl Pts',(0.198831510147,-17.83098675632,-2.563203442021));
#10649=CARTESIAN_POINT('Ctrl Pts',(1.297572786105,-17.83098675632,-1.910295939037));
#10650=CARTESIAN_POINT('Ctrl Pts',(1.83,-17.83098675632,-0.944324928204));
#10651=CARTESIAN_POINT('Ctrl Pts',(1.83,-17.83098675632,-4.482207284879E-16));
#10652=CARTESIAN_POINT('Ctrl Pts',(1.25,-19.36901324367,0.));
#10653=CARTESIAN_POINT('Ctrl Pts',(1.25,-19.36901324367,0.645030688664));
#10654=CARTESIAN_POINT('Ctrl Pts',(0.886320209088,-19.36901324367,1.304846952893));
#10655=CARTESIAN_POINT('Ctrl Pts',(0.135813873052,-19.36901324367,1.750822023243));
#10656=CARTESIAN_POINT('Ctrl Pts',(-0.872779449696,-19.36901324367,1.651562518437));
#10657=CARTESIAN_POINT('Ctrl Pts',(-1.591830997182,-19.36901324367,1.069737310027));
#10658=CARTESIAN_POINT('Ctrl Pts',(-2.103591211269,-19.36901324367,-4.480945779359E-12));
#10659=CARTESIAN_POINT('Ctrl Pts',(-1.591830997183,-19.36901324367,-1.069737310019));
#10660=CARTESIAN_POINT('Ctrl Pts',(-0.872779449695,-19.36901324367,-1.651562518441));
#10661=CARTESIAN_POINT('Ctrl Pts',(0.135813873052,-19.36901324367,-1.750822023241));
#10662=CARTESIAN_POINT('Ctrl Pts',(0.886320209087,-19.36901324367,-1.304846952894));
#10663=CARTESIAN_POINT('Ctrl Pts',(1.25,-19.36901324367,-0.645030688664));
#10664=CARTESIAN_POINT('Ctrl Pts',(1.25,-19.36901324367,-3.061616997868E-16));
#10665=CARTESIAN_POINT('Ctrl Pts',(1.25,-19.1,6.292709409106E-16));
#10666=CARTESIAN_POINT('Ctrl Pts',(1.25,-19.1,0.645030688664));
#10667=CARTESIAN_POINT('Ctrl Pts',(0.886320209088,-19.1,1.304846952893));
#10668=CARTESIAN_POINT('Ctrl Pts',(0.135813873053,-19.1,1.750822023242));
#10669=CARTESIAN_POINT('Ctrl Pts',(-0.872779449697,-19.09999999999,1.651562518438));
#10670=CARTESIAN_POINT('Ctrl Pts',(-1.591830997181,-19.1,1.069737310025));
#10671=CARTESIAN_POINT('Ctrl Pts',(-2.10359121127,-19.1,-3.018663877891E-12));
#10672=CARTESIAN_POINT('Ctrl Pts',(-1.591830997182,-19.09999999999,-1.069737310021));
#10673=CARTESIAN_POINT('Ctrl Pts',(-0.872779449696,-19.1,-1.651562518441));
#10674=CARTESIAN_POINT('Ctrl Pts',(0.135813873053,-19.1,-1.750822023241));
#10675=CARTESIAN_POINT('Ctrl Pts',(0.886320209087,-19.1,-1.304846952894));
#10676=CARTESIAN_POINT('Ctrl Pts',(1.25,-19.1,-0.645030688664));
#10677=CARTESIAN_POINT('Ctrl Pts',(1.25,-19.1,6.292709409106E-16));
#10678=CARTESIAN_POINT('Ctrl Pts',(1.384968810738,-18.8672951539,0.));
#10679=CARTESIAN_POINT('Ctrl Pts',(1.384968810738,-18.8672951539,0.714677908615));
#10680=CARTESIAN_POINT('Ctrl Pts',(0.982020676731,-18.86729515389,1.445737866035));
#10681=CARTESIAN_POINT('Ctrl Pts',(0.150478382595,-18.8672951539,1.939867116275));
#10682=CARTESIAN_POINT('Ctrl Pts',(-0.967017853187,-18.86729515389,1.829890061618));
#10683=CARTESIAN_POINT('Ctrl Pts',(-1.763709026448,-18.8672951539,1.185242248053));
#10684=CARTESIAN_POINT('Ctrl Pts',(-2.330726574523,-18.86729515389,-2.483432513453E-12));
#10685=CARTESIAN_POINT('Ctrl Pts',(-1.76370902645,-18.8672951539,-1.18524224805));
#10686=CARTESIAN_POINT('Ctrl Pts',(-0.967017853186,-18.8672951539,-1.829890061619));
#10687=CARTESIAN_POINT('Ctrl Pts',(0.150478382595,-18.8672951539,-1.939867116274));
#10688=CARTESIAN_POINT('Ctrl Pts',(0.98202067673,-18.8672951539,-1.445737866035));
#10689=CARTESIAN_POINT('Ctrl Pts',(1.384968810738,-18.8672951539,-0.714677908615));
#10690=CARTESIAN_POINT('Ctrl Pts',(1.384968810738,-18.8672951539,-3.392195241979E-16));
#10691=CARTESIAN_POINT('',(1.25,-19.36901324367,0.));
#10692=CARTESIAN_POINT('Origin',(2.24999999999672,-19.3690132436706,-8.69541581403718E-15));
#10693=CARTESIAN_POINT('Origin',(-0.00161581305625332,-19.36901324367,0.00157515868509983));
#10694=CARTESIAN_POINT('Ctrl Pts',(1.25,-19.36901324367,0.));
#10695=CARTESIAN_POINT('Ctrl Pts',(1.25,-19.36901324367,0.645030688664));
#10696=CARTESIAN_POINT('Ctrl Pts',(0.886320209088,-19.36901324367,1.304846952893));
#10697=CARTESIAN_POINT('Ctrl Pts',(0.135813873052,-19.36901324367,1.750822023243));
#10698=CARTESIAN_POINT('Ctrl Pts',(-0.872779449696,-19.36901324367,1.651562518437));
#10699=CARTESIAN_POINT('Ctrl Pts',(-1.591830997182,-19.36901324367,1.069737310027));
#10700=CARTESIAN_POINT('Ctrl Pts',(-2.103591211269,-19.36901324367,-4.480945779359E-12));
#10701=CARTESIAN_POINT('Ctrl Pts',(-1.591830997183,-19.36901324367,-1.069737310019));
#10702=CARTESIAN_POINT('Ctrl Pts',(-0.872779449695,-19.36901324367,-1.651562518441));
#10703=CARTESIAN_POINT('Ctrl Pts',(0.135813873052,-19.36901324367,-1.750822023241));
#10704=CARTESIAN_POINT('Ctrl Pts',(0.886320209087,-19.36901324367,-1.304846952894));
#10705=CARTESIAN_POINT('Ctrl Pts',(1.25,-19.36901324367,-0.645030688664));
#10706=CARTESIAN_POINT('Ctrl Pts',(1.25,-19.36901324367,-3.061616997868E-16));
#10707=CARTESIAN_POINT('Ctrl Pts',(1.25,-19.1,6.292709409106E-16));
#10708=CARTESIAN_POINT('Ctrl Pts',(1.25,-19.1,0.645030688664));
#10709=CARTESIAN_POINT('Ctrl Pts',(0.886320209088,-19.1,1.304846952893));
#10710=CARTESIAN_POINT('Ctrl Pts',(0.135813873053,-19.1,1.750822023242));
#10711=CARTESIAN_POINT('Ctrl Pts',(-0.872779449697,-19.09999999999,1.651562518438));
#10712=CARTESIAN_POINT('Ctrl Pts',(-1.591830997181,-19.1,1.069737310025));
#10713=CARTESIAN_POINT('Ctrl Pts',(-2.10359121127,-19.1,-3.018663877891E-12));
#10714=CARTESIAN_POINT('Ctrl Pts',(-1.591830997182,-19.09999999999,-1.069737310021));
#10715=CARTESIAN_POINT('Ctrl Pts',(-0.872779449696,-19.1,-1.651562518441));
#10716=CARTESIAN_POINT('Ctrl Pts',(0.135813873053,-19.1,-1.750822023241));
#10717=CARTESIAN_POINT('Ctrl Pts',(0.886320209087,-19.1,-1.304846952894));
#10718=CARTESIAN_POINT('Ctrl Pts',(1.25,-19.1,-0.645030688664));
#10719=CARTESIAN_POINT('Ctrl Pts',(1.25,-19.1,6.292709409106E-16));
#10720=CARTESIAN_POINT('Ctrl Pts',(1.384968810738,-18.8672951539,0.));
#10721=CARTESIAN_POINT('Ctrl Pts',(1.384968810738,-18.8672951539,0.714677908615));
#10722=CARTESIAN_POINT('Ctrl Pts',(0.982020676731,-18.86729515389,1.445737866035));
#10723=CARTESIAN_POINT('Ctrl Pts',(0.150478382595,-18.8672951539,1.939867116275));
#10724=CARTESIAN_POINT('Ctrl Pts',(-0.967017853187,-18.86729515389,1.829890061618));
#10725=CARTESIAN_POINT('Ctrl Pts',(-1.763709026448,-18.8672951539,1.185242248053));
#10726=CARTESIAN_POINT('Ctrl Pts',(-2.330726574523,-18.86729515389,-2.483432513453E-12));
#10727=CARTESIAN_POINT('Ctrl Pts',(-1.76370902645,-18.8672951539,-1.18524224805));
#10728=CARTESIAN_POINT('Ctrl Pts',(-0.967017853186,-18.8672951539,-1.829890061619));
#10729=CARTESIAN_POINT('Ctrl Pts',(0.150478382595,-18.8672951539,-1.939867116274));
#10730=CARTESIAN_POINT('Ctrl Pts',(0.98202067673,-18.8672951539,-1.445737866035));
#10731=CARTESIAN_POINT('Ctrl Pts',(1.384968810738,-18.8672951539,-0.714677908615));
#10732=CARTESIAN_POINT('Ctrl Pts',(1.384968810738,-18.8672951539,-3.392195241979E-16));
#10733=CARTESIAN_POINT('',(-1.24999472570976,-19.36901324367,-1.69736055075911E-11));
#10734=CARTESIAN_POINT('Origin',(2.95599460727741E-5,-19.36901324367,-4.02285407624658E-6));
#10735=CARTESIAN_POINT('Origin',(2.95599460727741E-5,-19.36901324367,-4.02285407624658E-6));
#10736=CARTESIAN_POINT('Origin',(0.,-25.6,0.));
#10737=CARTESIAN_POINT('Ctrl Pts',(1.25,-19.36901324367,0.));
#10738=CARTESIAN_POINT('Ctrl Pts',(1.25,-19.36901324367,0.130365458995778));
#10739=CARTESIAN_POINT('Ctrl Pts',(1.23514462943598,-19.36901324367,0.261334870175618));
#10740=CARTESIAN_POINT('Ctrl Pts',(1.20524279891467,-19.36901324367,0.391020791773127));
#10741=CARTESIAN_POINT('Ctrl Pts',(1.16035684277394,-19.36901324367,0.517364314970283));
#10742=CARTESIAN_POINT('Ctrl Pts',(1.10089255727488,-19.36901324367,0.638302603554395));
#10743=CARTESIAN_POINT('Ctrl Pts',(1.0275995633838,-19.36901324367,0.751871080026435));
#10744=CARTESIAN_POINT('Ctrl Pts',(0.941535616784763,-19.36901324367,0.856267562723868));
#10745=CARTESIAN_POINT('Ctrl Pts',(0.844019174937399,-19.36901324367,0.949894355398845));
#10746=CARTESIAN_POINT('Ctrl Pts',(0.7365800085404,-19.36901324367,1.03138703447304));
#10747=CARTESIAN_POINT('Ctrl Pts',(0.6209110570993,-19.36901324367,1.09963429575878));
#10748=CARTESIAN_POINT('Ctrl Pts',(0.498822168239676,-19.36901324367,1.15379077497516));
#10749=CARTESIAN_POINT('Ctrl Pts',(0.372195677377727,-19.36901324367,1.19328354537679));
#10750=CARTESIAN_POINT('',(-1.25,-25.6,1.53080849893419E-16));
#10751=CARTESIAN_POINT('',(-1.25,-25.6,1.53080849893419E-16));
#10752=CARTESIAN_POINT('Origin',(0.,-25.6,0.));
#10753=CARTESIAN_POINT('Ctrl Pts',(1.25,-19.36901324367,0.));
#10754=CARTESIAN_POINT('Ctrl Pts',(1.25,-19.36901324367,0.645030688664));
#10755=CARTESIAN_POINT('Ctrl Pts',(0.886320209088,-19.36901324367,1.304846952893));
#10756=CARTESIAN_POINT('Ctrl Pts',(0.135813873052,-19.36901324367,1.750822023243));
#10757=CARTESIAN_POINT('Ctrl Pts',(-0.872779449696,-19.36901324367,1.651562518437));
#10758=CARTESIAN_POINT('Ctrl Pts',(-1.591830997182,-19.36901324367,1.069737310027));
#10759=CARTESIAN_POINT('Ctrl Pts',(-2.103591211269,-19.36901324367,-4.480945779359E-12));
#10760=CARTESIAN_POINT('Ctrl Pts',(-1.591830997183,-19.36901324367,-1.069737310019));
#10761=CARTESIAN_POINT('Ctrl Pts',(-0.872779449695,-19.36901324367,-1.651562518441));
#10762=CARTESIAN_POINT('Ctrl Pts',(0.135813873052,-19.36901324367,-1.750822023241));
#10763=CARTESIAN_POINT('Ctrl Pts',(0.886320209087,-19.36901324367,-1.304846952894));
#10764=CARTESIAN_POINT('Ctrl Pts',(1.25,-19.36901324367,-0.645030688664));
#10765=CARTESIAN_POINT('Ctrl Pts',(1.25,-19.36901324367,-3.061616997868E-16));
#10766=CARTESIAN_POINT('Ctrl Pts',(1.25,-19.1,6.292709409106E-16));
#10767=CARTESIAN_POINT('Ctrl Pts',(1.25,-19.1,0.645030688664));
#10768=CARTESIAN_POINT('Ctrl Pts',(0.886320209088,-19.1,1.304846952893));
#10769=CARTESIAN_POINT('Ctrl Pts',(0.135813873053,-19.1,1.750822023242));
#10770=CARTESIAN_POINT('Ctrl Pts',(-0.872779449697,-19.09999999999,1.651562518438));
#10771=CARTESIAN_POINT('Ctrl Pts',(-1.591830997181,-19.1,1.069737310025));
#10772=CARTESIAN_POINT('Ctrl Pts',(-2.10359121127,-19.1,-3.018663877891E-12));
#10773=CARTESIAN_POINT('Ctrl Pts',(-1.591830997182,-19.09999999999,-1.069737310021));
#10774=CARTESIAN_POINT('Ctrl Pts',(-0.872779449696,-19.1,-1.651562518441));
#10775=CARTESIAN_POINT('Ctrl Pts',(0.135813873053,-19.1,-1.750822023241));
#10776=CARTESIAN_POINT('Ctrl Pts',(0.886320209087,-19.1,-1.304846952894));
#10777=CARTESIAN_POINT('Ctrl Pts',(1.25,-19.1,-0.645030688664));
#10778=CARTESIAN_POINT('Ctrl Pts',(1.25,-19.1,6.292709409106E-16));
#10779=CARTESIAN_POINT('Ctrl Pts',(1.384968810738,-18.8672951539,0.));
#10780=CARTESIAN_POINT('Ctrl Pts',(1.384968810738,-18.8672951539,0.714677908615));
#10781=CARTESIAN_POINT('Ctrl Pts',(0.982020676731,-18.86729515389,1.445737866035));
#10782=CARTESIAN_POINT('Ctrl Pts',(0.150478382595,-18.8672951539,1.939867116275));
#10783=CARTESIAN_POINT('Ctrl Pts',(-0.967017853187,-18.86729515389,1.829890061618));
#10784=CARTESIAN_POINT('Ctrl Pts',(-1.763709026448,-18.8672951539,1.185242248053));
#10785=CARTESIAN_POINT('Ctrl Pts',(-2.330726574523,-18.86729515389,-2.483432513453E-12));
#10786=CARTESIAN_POINT('Ctrl Pts',(-1.76370902645,-18.8672951539,-1.18524224805));
#10787=CARTESIAN_POINT('Ctrl Pts',(-0.967017853186,-18.8672951539,-1.829890061619));
#10788=CARTESIAN_POINT('Ctrl Pts',(0.150478382595,-18.8672951539,-1.939867116274));
#10789=CARTESIAN_POINT('Ctrl Pts',(0.98202067673,-18.8672951539,-1.445737866035));
#10790=CARTESIAN_POINT('Ctrl Pts',(1.384968810738,-18.8672951539,-0.714677908615));
#10791=CARTESIAN_POINT('Ctrl Pts',(1.384968810738,-18.8672951539,-3.392195241979E-16));
#10792=CARTESIAN_POINT('Origin',(0.,-25.6,0.));
#10793=CARTESIAN_POINT('',(0.,0.,0.));
#10794=CARTESIAN_POINT('',(0.,0.,0.));
#10795=CARTESIAN_POINT('',(0.,0.,0.));
#10796=CARTESIAN_POINT('',(0.,-4.,0.));
#10797=CARTESIAN_POINT('',(0.,-5.,0.));
#10798=CARTESIAN_POINT('',(0.,0.,0.));
#10799=CARTESIAN_POINT('',(0.,-15.,0.));
#10800=CARTESIAN_POINT('',(0.,-18.,0.));
#10801=CARTESIAN_POINT('',(0.,-17.,3.));
#10802=CARTESIAN_POINT('',(0.,-20.,3.));
#10803=CARTESIAN_POINT('',(0.,0.,0.));
#10804=CARTESIAN_POINT('',(0.,0.,3.));
#10805=UNCERTAINTY_MEASURE_WITH_UNIT(LENGTH_MEASURE(0.01),#10833,
'DISTANCE_ACCURACY_VALUE',
'Maximum model space distance between geometric entities at asserted c
onnectivities');
#10806=UNCERTAINTY_MEASURE_WITH_UNIT(LENGTH_MEASURE(0.01),#10833,
'DISTANCE_ACCURACY_VALUE',
'Maximum model space distance between geometric entities at asserted c
onnectivities');
#10807=UNCERTAINTY_MEASURE_WITH_UNIT(LENGTH_MEASURE(0.01),#10833,
'DISTANCE_ACCURACY_VALUE',
'Maximum model space distance between geometric entities at asserted c
onnectivities');
#10808=UNCERTAINTY_MEASURE_WITH_UNIT(LENGTH_MEASURE(0.01),#10833,
'DISTANCE_ACCURACY_VALUE',
'Maximum model space distance between geometric entities at asserted c
onnectivities');
#10809=UNCERTAINTY_MEASURE_WITH_UNIT(LENGTH_MEASURE(0.01),#10833,
'DISTANCE_ACCURACY_VALUE',
'Maximum model space distance between geometric entities at asserted c
onnectivities');
#10810=UNCERTAINTY_MEASURE_WITH_UNIT(LENGTH_MEASURE(0.01),#10833,
'DISTANCE_ACCURACY_VALUE',
'Maximum model space distance between geometric entities at asserted c
onnectivities');
#10811=UNCERTAINTY_MEASURE_WITH_UNIT(LENGTH_MEASURE(0.01),#10833,
'DISTANCE_ACCURACY_VALUE',
'Maximum model space distance between geometric entities at asserted c
onnectivities');
#10812=UNCERTAINTY_MEASURE_WITH_UNIT(LENGTH_MEASURE(0.01),#10833,
'DISTANCE_ACCURACY_VALUE',
'Maximum model space distance between geometric entities at asserted c
onnectivities');
#10813=UNCERTAINTY_MEASURE_WITH_UNIT(LENGTH_MEASURE(0.01),#10833,
'DISTANCE_ACCURACY_VALUE',
'Maximum model space distance between geometric entities at asserted c
onnectivities');
#10814=UNCERTAINTY_MEASURE_WITH_UNIT(LENGTH_MEASURE(0.01),#10833,
'DISTANCE_ACCURACY_VALUE',
'Maximum model space distance between geometric entities at asserted c
onnectivities');
#10815=UNCERTAINTY_MEASURE_WITH_UNIT(LENGTH_MEASURE(0.01),#10833,
'DISTANCE_ACCURACY_VALUE',
'Maximum model space distance between geometric entities at asserted c
onnectivities');
#10816=UNCERTAINTY_MEASURE_WITH_UNIT(LENGTH_MEASURE(0.01),#10833,
'DISTANCE_ACCURACY_VALUE',
'Maximum model space distance between geometric entities at asserted c
onnectivities');
#10817=UNCERTAINTY_MEASURE_WITH_UNIT(LENGTH_MEASURE(0.01),#10833,
'DISTANCE_ACCURACY_VALUE',
'Maximum model space distance between geometric entities at asserted c
onnectivities');
#10818=UNCERTAINTY_MEASURE_WITH_UNIT(LENGTH_MEASURE(0.01),#10833,
'DISTANCE_ACCURACY_VALUE',
'Maximum model space distance between geometric entities at asserted c
onnectivities');
#10819=(
GEOMETRIC_REPRESENTATION_CONTEXT(3)
GLOBAL_UNCERTAINTY_ASSIGNED_CONTEXT((#10805))
GLOBAL_UNIT_ASSIGNED_CONTEXT((#10833,#10835,#10836))
REPRESENTATION_CONTEXT('','3D')
);
#10820=(
GEOMETRIC_REPRESENTATION_CONTEXT(3)
GLOBAL_UNCERTAINTY_ASSIGNED_CONTEXT((#10806))
GLOBAL_UNIT_ASSIGNED_CONTEXT((#10833,#10835,#10836))
REPRESENTATION_CONTEXT('','3D')
);
#10821=(
GEOMETRIC_REPRESENTATION_CONTEXT(3)
GLOBAL_UNCERTAINTY_ASSIGNED_CONTEXT((#10807))
GLOBAL_UNIT_ASSIGNED_CONTEXT((#10833,#10835,#10836))
REPRESENTATION_CONTEXT('','3D')
);
#10822=(
GEOMETRIC_REPRESENTATION_CONTEXT(3)
GLOBAL_UNCERTAINTY_ASSIGNED_CONTEXT((#10808))
GLOBAL_UNIT_ASSIGNED_CONTEXT((#10833,#10835,#10836))
REPRESENTATION_CONTEXT('','3D')
);
#10823=(
GEOMETRIC_REPRESENTATION_CONTEXT(3)
GLOBAL_UNCERTAINTY_ASSIGNED_CONTEXT((#10809))
GLOBAL_UNIT_ASSIGNED_CONTEXT((#10833,#10835,#10836))
REPRESENTATION_CONTEXT('','3D')
);
#10824=(
GEOMETRIC_REPRESENTATION_CONTEXT(3)
GLOBAL_UNCERTAINTY_ASSIGNED_CONTEXT((#10810))
GLOBAL_UNIT_ASSIGNED_CONTEXT((#10833,#10835,#10836))
REPRESENTATION_CONTEXT('','3D')
);
#10825=(
GEOMETRIC_REPRESENTATION_CONTEXT(3)
GLOBAL_UNCERTAINTY_ASSIGNED_CONTEXT((#10811))
GLOBAL_UNIT_ASSIGNED_CONTEXT((#10833,#10835,#10836))
REPRESENTATION_CONTEXT('','3D')
);
#10826=(
GEOMETRIC_REPRESENTATION_CONTEXT(3)
GLOBAL_UNCERTAINTY_ASSIGNED_CONTEXT((#10812))
GLOBAL_UNIT_ASSIGNED_CONTEXT((#10833,#10835,#10836))
REPRESENTATION_CONTEXT('','3D')
);
#10827=(
GEOMETRIC_REPRESENTATION_CONTEXT(3)
GLOBAL_UNCERTAINTY_ASSIGNED_CONTEXT((#10813))
GLOBAL_UNIT_ASSIGNED_CONTEXT((#10833,#10835,#10836))
REPRESENTATION_CONTEXT('','3D')
);
#10828=(
GEOMETRIC_REPRESENTATION_CONTEXT(3)
GLOBAL_UNCERTAINTY_ASSIGNED_CONTEXT((#10814))
GLOBAL_UNIT_ASSIGNED_CONTEXT((#10833,#10835,#10836))
REPRESENTATION_CONTEXT('','3D')
);
#10829=(
GEOMETRIC_REPRESENTATION_CONTEXT(3)
GLOBAL_UNCERTAINTY_ASSIGNED_CONTEXT((#10815))
GLOBAL_UNIT_ASSIGNED_CONTEXT((#10833,#10835,#10836))
REPRESENTATION_CONTEXT('','3D')
);
#10830=(
GEOMETRIC_REPRESENTATION_CONTEXT(3)
GLOBAL_UNCERTAINTY_ASSIGNED_CONTEXT((#10816))
GLOBAL_UNIT_ASSIGNED_CONTEXT((#10833,#10835,#10836))
REPRESENTATION_CONTEXT('','3D')
);
#10831=(
GEOMETRIC_REPRESENTATION_CONTEXT(3)
GLOBAL_UNCERTAINTY_ASSIGNED_CONTEXT((#10817))
GLOBAL_UNIT_ASSIGNED_CONTEXT((#10833,#10835,#10836))
REPRESENTATION_CONTEXT('','3D')
);
#10832=(
GEOMETRIC_REPRESENTATION_CONTEXT(3)
GLOBAL_UNCERTAINTY_ASSIGNED_CONTEXT((#10818))
GLOBAL_UNIT_ASSIGNED_CONTEXT((#10833,#10835,#10836))
REPRESENTATION_CONTEXT('','3D')
);
#10833=(
LENGTH_UNIT()
NAMED_UNIT(*)
SI_UNIT(.MILLI.,.METRE.)
);
#10834=(
LENGTH_UNIT()
NAMED_UNIT(*)
SI_UNIT($,.METRE.)
);
#10835=(
NAMED_UNIT(*)
PLANE_ANGLE_UNIT()
SI_UNIT($,.RADIAN.)
);
#10836=(
NAMED_UNIT(*)
SI_UNIT($,.STERADIAN.)
SOLID_ANGLE_UNIT()
);
#10837=SHAPE_DEFINITION_REPRESENTATION(#10850,#10875);
#10838=SHAPE_DEFINITION_REPRESENTATION(#10851,#10876);
#10839=SHAPE_DEFINITION_REPRESENTATION(#10852,#10877);
#10840=SHAPE_DEFINITION_REPRESENTATION(#10853,#10878);
#10841=SHAPE_DEFINITION_REPRESENTATION(#10854,#10879);
#10842=SHAPE_DEFINITION_REPRESENTATION(#10855,#10880);
#10843=SHAPE_DEFINITION_REPRESENTATION(#10856,#10881);
#10844=SHAPE_DEFINITION_REPRESENTATION(#10857,#10882);
#10845=SHAPE_DEFINITION_REPRESENTATION(#10858,#10883);
#10846=SHAPE_DEFINITION_REPRESENTATION(#10859,#10884);
#10847=SHAPE_DEFINITION_REPRESENTATION(#10860,#10885);
#10848=SHAPE_DEFINITION_REPRESENTATION(#10861,#10886);
#10849=SHAPE_DEFINITION_REPRESENTATION(#10862,#10887);
#10850=PRODUCT_DEFINITION_SHAPE('',$,#10889);
#10851=PRODUCT_DEFINITION_SHAPE('',$,#10890);
#10852=PRODUCT_DEFINITION_SHAPE('',$,#10891);
#10853=PRODUCT_DEFINITION_SHAPE('',$,#10892);
#10854=PRODUCT_DEFINITION_SHAPE('',$,#10893);
#10855=PRODUCT_DEFINITION_SHAPE('',$,#10894);
#10856=PRODUCT_DEFINITION_SHAPE('',$,#10895);
#10857=PRODUCT_DEFINITION_SHAPE('',$,#10896);
#10858=PRODUCT_DEFINITION_SHAPE('',$,#10897);
#10859=PRODUCT_DEFINITION_SHAPE('',$,#10898);
#10860=PRODUCT_DEFINITION_SHAPE('',$,#10899);
#10861=PRODUCT_DEFINITION_SHAPE('',$,#10900);
#10862=PRODUCT_DEFINITION_SHAPE('',$,#10901);
#10863=PRODUCT_DEFINITION_SHAPE($,$,#47);
#10864=PRODUCT_DEFINITION_SHAPE($,$,#48);
#10865=PRODUCT_DEFINITION_SHAPE($,$,#49);
#10866=PRODUCT_DEFINITION_SHAPE($,$,#50);
#10867=PRODUCT_DEFINITION_SHAPE($,$,#51);
#10868=PRODUCT_DEFINITION_SHAPE($,$,#52);
#10869=PRODUCT_DEFINITION_SHAPE($,$,#53);
#10870=PRODUCT_DEFINITION_SHAPE($,$,#54);
#10871=PRODUCT_DEFINITION_SHAPE($,$,#55);
#10872=PRODUCT_DEFINITION_SHAPE($,$,#56);
#10873=PRODUCT_DEFINITION_SHAPE($,$,#57);
#10874=PRODUCT_DEFINITION_SHAPE($,$,#58);
#10875=SHAPE_REPRESENTATION('',(#5373,#5902,#5903,#5904,#5905,#5906,#5907,
#5908,#5909,#5910,#5911,#5912,#5913),#10819);
#10876=SHAPE_REPRESENTATION('',(#5374),#10820);
#10877=SHAPE_REPRESENTATION('',(#5674),#10821);
#10878=SHAPE_REPRESENTATION('',(#5688),#10822);
#10879=SHAPE_REPRESENTATION('',(#5701),#10823);
#10880=SHAPE_REPRESENTATION('',(#5730),#10824);
#10881=SHAPE_REPRESENTATION('',(#5770),#10825);
#10882=SHAPE_REPRESENTATION('',(#5816),#10826);
#10883=SHAPE_REPRESENTATION('',(#5822),#10827);
#10884=SHAPE_REPRESENTATION('',(#5828),#10828);
#10885=SHAPE_REPRESENTATION('',(#5834),#10829);
#10886=SHAPE_REPRESENTATION('',(#5840),#10830);
#10887=SHAPE_REPRESENTATION('',(#5857),#10831);
#10888=PRODUCT_DEFINITION_CONTEXT('part definition',#10929,'design');
#10889=PRODUCT_DEFINITION('Unnamed','Jack v3',#10902,#10888);
#10890=PRODUCT_DEFINITION('Cut','Cut',#10903,#10888);
#10891=PRODUCT_DEFINITION('Body002','Body002',#10904,#10888);
#10892=PRODUCT_DEFINITION('Body003','Body003',#10905,#10888);
#10893=PRODUCT_DEFINITION('Body004','Body004',#10906,#10888);
#10894=PRODUCT_DEFINITION('Body005','Body005',#10907,#10888);
#10895=PRODUCT_DEFINITION('Body006','Body006',#10908,#10888);
#10896=PRODUCT_DEFINITION('Body007','Body007',#10909,#10888);
#10897=PRODUCT_DEFINITION('Body008','Body008',#10910,#10888);
#10898=PRODUCT_DEFINITION('Body009','Body009',#10911,#10888);
#10899=PRODUCT_DEFINITION('Body010','Body010',#10912,#10888);
#10900=PRODUCT_DEFINITION('Body011','Body011',#10913,#10888);
#10901=PRODUCT_DEFINITION('Body012','Body012',#10914,#10888);
#10902=PRODUCT_DEFINITION_FORMATION('',$,#10931);
#10903=PRODUCT_DEFINITION_FORMATION('',$,#10932);
#10904=PRODUCT_DEFINITION_FORMATION('',$,#10933);
#10905=PRODUCT_DEFINITION_FORMATION('',$,#10934);
#10906=PRODUCT_DEFINITION_FORMATION('',$,#10935);
#10907=PRODUCT_DEFINITION_FORMATION('',$,#10936);
#10908=PRODUCT_DEFINITION_FORMATION('',$,#10937);
#10909=PRODUCT_DEFINITION_FORMATION('',$,#10938);
#10910=PRODUCT_DEFINITION_FORMATION('',$,#10939);
#10911=PRODUCT_DEFINITION_FORMATION('',$,#10940);
#10912=PRODUCT_DEFINITION_FORMATION('',$,#10941);
#10913=PRODUCT_DEFINITION_FORMATION('',$,#10942);
#10914=PRODUCT_DEFINITION_FORMATION('',$,#10943);
#10915=PRODUCT_RELATED_PRODUCT_CATEGORY('Jack v3','Jack v3',(#10931));
#10916=PRODUCT_RELATED_PRODUCT_CATEGORY('Cut','Cut',(#10932));
#10917=PRODUCT_RELATED_PRODUCT_CATEGORY('Body002','Body002',(#10933));
#10918=PRODUCT_RELATED_PRODUCT_CATEGORY('Body003','Body003',(#10934));
#10919=PRODUCT_RELATED_PRODUCT_CATEGORY('Body004','Body004',(#10935));
#10920=PRODUCT_RELATED_PRODUCT_CATEGORY('Body005','Body005',(#10936));
#10921=PRODUCT_RELATED_PRODUCT_CATEGORY('Body006','Body006',(#10937));
#10922=PRODUCT_RELATED_PRODUCT_CATEGORY('Body007','Body007',(#10938));
#10923=PRODUCT_RELATED_PRODUCT_CATEGORY('Body008','Body008',(#10939));
#10924=PRODUCT_RELATED_PRODUCT_CATEGORY('Body009','Body009',(#10940));
#10925=PRODUCT_RELATED_PRODUCT_CATEGORY('Body010','Body010',(#10941));
#10926=PRODUCT_RELATED_PRODUCT_CATEGORY('Body011','Body011',(#10942));
#10927=PRODUCT_RELATED_PRODUCT_CATEGORY('Body012','Body012',(#10943));
#10928=APPLICATION_PROTOCOL_DEFINITION('international standard',
'automotive_design',2009,#10929);
#10929=APPLICATION_CONTEXT(
'Core Data for Automotive Mechanical Design Process');
#10930=PRODUCT_CONTEXT('part definition',#10929,'mechanical');
#10931=PRODUCT('Unnamed','Jack v3','FreeCAD Model',(#10930));
#10932=PRODUCT('Cut','Cut',$,(#10930));
#10933=PRODUCT('Body002','Body002',$,(#10930));
#10934=PRODUCT('Body003','Body003',$,(#10930));
#10935=PRODUCT('Body004','Body004',$,(#10930));
#10936=PRODUCT('Body005','Body005',$,(#10930));
#10937=PRODUCT('Body006','Body006',$,(#10930));
#10938=PRODUCT('Body007','Body007',$,(#10930));
#10939=PRODUCT('Body008','Body008',$,(#10930));
#10940=PRODUCT('Body009','Body009',$,(#10930));
#10941=PRODUCT('Body010','Body010',$,(#10930));
#10942=PRODUCT('Body011','Body011',$,(#10930));
#10943=PRODUCT('Body012','Body012',$,(#10930));
#10944=PRESENTATION_STYLE_ASSIGNMENT((#10950));
#10945=PRESENTATION_STYLE_ASSIGNMENT((#10951));
#10946=PRESENTATION_STYLE_ASSIGNMENT((#10952));
#10947=PRESENTATION_STYLE_ASSIGNMENT((#10953));
#10948=PRESENTATION_STYLE_ASSIGNMENT((#10954));
#10949=PRESENTATION_STYLE_ASSIGNMENT((#10955));
#10950=SURFACE_STYLE_USAGE(.BOTH.,#10956);
#10951=SURFACE_STYLE_USAGE(.BOTH.,#10957);
#10952=SURFACE_STYLE_USAGE(.BOTH.,#10958);
#10953=SURFACE_STYLE_USAGE(.BOTH.,#10959);
#10954=SURFACE_STYLE_USAGE(.BOTH.,#10960);
#10955=SURFACE_STYLE_USAGE(.BOTH.,#10961);
#10956=SURFACE_SIDE_STYLE('',(#10962));
#10957=SURFACE_SIDE_STYLE('',(#10963));
#10958=SURFACE_SIDE_STYLE('',(#10964));
#10959=SURFACE_SIDE_STYLE('',(#10965));
#10960=SURFACE_SIDE_STYLE('',(#10966));
#10961=SURFACE_SIDE_STYLE('',(#10967));
#10962=SURFACE_STYLE_FILL_AREA(#10968);
#10963=SURFACE_STYLE_FILL_AREA(#10969);
#10964=SURFACE_STYLE_FILL_AREA(#10970);
#10965=SURFACE_STYLE_FILL_AREA(#10971);
#10966=SURFACE_STYLE_FILL_AREA(#10972);
#10967=SURFACE_STYLE_FILL_AREA(#10973);
#10968=FILL_AREA_STYLE('Steel - Satin',(#10974));
#10969=FILL_AREA_STYLE('Plastic - Matte (Black)',(#10975));
#10970=FILL_AREA_STYLE('Opaque(182,157,108)',(#10976));
#10971=FILL_AREA_STYLE('Opaque(58,58,58)',(#10977));
#10972=FILL_AREA_STYLE('Opaque(211,211,211)',(#10978));
#10973=FILL_AREA_STYLE('Opaque(255,0,0)',(#10979));
#10974=FILL_AREA_STYLE_COLOUR('Steel - Satin',#10980);
#10975=FILL_AREA_STYLE_COLOUR('Plastic - Matte (Black)',#10981);
#10976=FILL_AREA_STYLE_COLOUR('Opaque(182,157,108)',#10982);
#10977=FILL_AREA_STYLE_COLOUR('Opaque(58,58,58)',#10983);
#10978=FILL_AREA_STYLE_COLOUR('Opaque(211,211,211)',#10984);
#10979=FILL_AREA_STYLE_COLOUR('Opaque(255,0,0)',#10985);
#10980=COLOUR_RGB('Steel - Satin',0.627450980392157,0.627450980392157,0.627450980392157);
#10981=COLOUR_RGB('Plastic - Matte (Black)',0.0980392156862745,0.0980392156862745,
0.0980392156862745);
#10982=COLOUR_RGB('Opaque(182,157,108)',0.713725490196078,0.615686274509804,
0.423529411764706);
#10983=COLOUR_RGB('Opaque(58,58,58)',0.227450980392157,0.227450980392157,
0.227450980392157);
#10984=COLOUR_RGB('Opaque(211,211,211)',0.827450980392157,0.827450980392157,
0.827450980392157);
#10985=COLOUR_RGB('Opaque(255,0,0)',1.,0.,0.);
ENDSEC;
END-ISO-10303-21;
