ISO-10303-21;
HEADER;
/* Generated by software containing ST-Developer
 * from STEP Tools, Inc. (www.steptools.com) 
 */

FILE_DESCRIPTION(
/* description */ (''),
/* implementation_level */ '2;1');

FILE_NAME(
/* name */ 'Ultra Tiny USB Camera with GC0307 Sensor_v1.step',
/* time_stamp */ '2026-08-21T09:19:26-04:00',
/* author */ (''),
/* organization */ (''),
/* preprocessor_version */ 'ST-DEVELOPER v20.1',
/* originating_system */ 'Autodesk Translation Framework v15.8.0.0',
/* authorisation */ '');

FILE_SCHEMA (('AUTOMOTIVE_DESIGN { 1 0 10303 214 3 1 1 }'));
ENDSEC;

DATA;
#10=MECHANICAL_DESIGN_GEOMETRIC_PRESENTATION_REPRESENTATION('',(#33,#34,
#35,#36,#37,#38,#39,#40,#41,#42,#43,#44,#45,#46,#47,#48,#49,#50,#51,#52,
#53,#54),#3271);
#11=SHAPE_REPRESENTATION_RELATIONSHIP('SRR','None',#3278,#12);
#12=ADVANCED_BREP_SHAPE_REPRESENTATION('',(#55,#56,#57,#58,#59,#60,#61,
#62,#63,#64,#65,#66,#67,#68,#69,#70,#71,#72,#73,#74,#75),#3270);
#13=SPHERICAL_SURFACE('',#2184,0.925000000014376);
#14=OPEN_SHELL('',(#2012));
#15=SHELL_BASED_SURFACE_MODEL('Body22',(#14));
#16=CYLINDRICAL_SURFACE('',#2067,0.300000000002395);
#17=CYLINDRICAL_SURFACE('',#2073,2.35);
#18=CYLINDRICAL_SURFACE('',#2076,2.5);
#19=CYLINDRICAL_SURFACE('',#2083,3.);
#20=CIRCLE('',#2065,2.35);
#21=CIRCLE('',#2066,0.300000000002395);
#22=CIRCLE('',#2068,0.300000000002395);
#23=CIRCLE('',#2071,2.5);
#24=CIRCLE('',#2072,2.35);
#25=CIRCLE('',#2075,2.5);
#26=CIRCLE('',#2084,3.);
#27=CIRCLE('',#2085,3.);
#28=CIRCLE('',#2185,0.300000000002409);
#29=CIRCLE('',#2186,0.925000000014378);
#30=FACE_BOUND('',#213,.T.);
#31=FACE_BOUND('',#225,.T.);
#32=FACE_BOUND('',#229,.T.);
#33=STYLED_ITEM('',(#3288),#55);
#34=STYLED_ITEM('',(#3289),#56);
#35=STYLED_ITEM('',(#3290),#57);
#36=STYLED_ITEM('',(#3290),#58);
#37=STYLED_ITEM('',(#3290),#59);
#38=STYLED_ITEM('',(#3291),#60);
#39=STYLED_ITEM('',(#3291),#61);
#40=STYLED_ITEM('',(#3291),#62);
#41=STYLED_ITEM('',(#3291),#63);
#42=STYLED_ITEM('',(#3291),#64);
#43=STYLED_ITEM('',(#3291),#65);
#44=STYLED_ITEM('',(#3291),#66);
#45=STYLED_ITEM('',(#3291),#67);
#46=STYLED_ITEM('',(#3291),#68);
#47=STYLED_ITEM('',(#3291),#69);
#48=STYLED_ITEM('',(#3292),#70);
#49=STYLED_ITEM('',(#3291),#71);
#50=STYLED_ITEM('',(#3291),#72);
#51=STYLED_ITEM('',(#3291),#73);
#52=STYLED_ITEM('',(#3291),#74);
#53=STYLED_ITEM('',(#3291),#75);
#54=STYLED_ITEM('',(#3293),#15);
#55=MANIFOLD_SOLID_BREP('Body1',#2013);
#56=MANIFOLD_SOLID_BREP('Body2',#2014);
#57=MANIFOLD_SOLID_BREP('Body3',#2015);
#58=MANIFOLD_SOLID_BREP('Body4',#2016);
#59=MANIFOLD_SOLID_BREP('Body5',#2017);
#60=MANIFOLD_SOLID_BREP('Body6',#2018);
#61=MANIFOLD_SOLID_BREP('Body7',#2019);
#62=MANIFOLD_SOLID_BREP('Body8',#2020);
#63=MANIFOLD_SOLID_BREP('Body9',#2021);
#64=MANIFOLD_SOLID_BREP('Body10',#2022);
#65=MANIFOLD_SOLID_BREP('Body11',#2023);
#66=MANIFOLD_SOLID_BREP('Body12',#2024);
#67=MANIFOLD_SOLID_BREP('Body13',#2025);
#68=MANIFOLD_SOLID_BREP('Body14',#2026);
#69=MANIFOLD_SOLID_BREP('Body15',#2027);
#70=MANIFOLD_SOLID_BREP('Body16',#2028);
#71=MANIFOLD_SOLID_BREP('Body17',#2029);
#72=MANIFOLD_SOLID_BREP('Body18',#2030);
#73=MANIFOLD_SOLID_BREP('Body19',#2031);
#74=MANIFOLD_SOLID_BREP('Body20',#2032);
#75=MANIFOLD_SOLID_BREP('Body21',#2033);
#76=FACE_OUTER_BOUND('',#206,.T.);
#77=FACE_OUTER_BOUND('',#207,.T.);
#78=FACE_OUTER_BOUND('',#208,.T.);
#79=FACE_OUTER_BOUND('',#209,.T.);
#80=FACE_OUTER_BOUND('',#210,.T.);
#81=FACE_OUTER_BOUND('',#211,.T.);
#82=FACE_OUTER_BOUND('',#212,.T.);
#83=FACE_OUTER_BOUND('',#214,.T.);
#84=FACE_OUTER_BOUND('',#215,.T.);
#85=FACE_OUTER_BOUND('',#216,.T.);
#86=FACE_OUTER_BOUND('',#217,.T.);
#87=FACE_OUTER_BOUND('',#218,.T.);
#88=FACE_OUTER_BOUND('',#219,.T.);
#89=FACE_OUTER_BOUND('',#220,.T.);
#90=FACE_OUTER_BOUND('',#221,.T.);
#91=FACE_OUTER_BOUND('',#222,.T.);
#92=FACE_OUTER_BOUND('',#223,.T.);
#93=FACE_OUTER_BOUND('',#224,.T.);
#94=FACE_OUTER_BOUND('',#226,.T.);
#95=FACE_OUTER_BOUND('',#227,.T.);
#96=FACE_OUTER_BOUND('',#228,.T.);
#97=FACE_OUTER_BOUND('',#230,.T.);
#98=FACE_OUTER_BOUND('',#231,.T.);
#99=FACE_OUTER_BOUND('',#232,.T.);
#100=FACE_OUTER_BOUND('',#233,.T.);
#101=FACE_OUTER_BOUND('',#234,.T.);
#102=FACE_OUTER_BOUND('',#235,.T.);
#103=FACE_OUTER_BOUND('',#236,.T.);
#104=FACE_OUTER_BOUND('',#237,.T.);
#105=FACE_OUTER_BOUND('',#238,.T.);
#106=FACE_OUTER_BOUND('',#239,.T.);
#107=FACE_OUTER_BOUND('',#240,.T.);
#108=FACE_OUTER_BOUND('',#241,.T.);
#109=FACE_OUTER_BOUND('',#242,.T.);
#110=FACE_OUTER_BOUND('',#243,.T.);
#111=FACE_OUTER_BOUND('',#244,.T.);
#112=FACE_OUTER_BOUND('',#245,.T.);
#113=FACE_OUTER_BOUND('',#246,.T.);
#114=FACE_OUTER_BOUND('',#247,.T.);
#115=FACE_OUTER_BOUND('',#248,.T.);
#116=FACE_OUTER_BOUND('',#249,.T.);
#117=FACE_OUTER_BOUND('',#250,.T.);
#118=FACE_OUTER_BOUND('',#251,.T.);
#119=FACE_OUTER_BOUND('',#252,.T.);
#120=FACE_OUTER_BOUND('',#253,.T.);
#121=FACE_OUTER_BOUND('',#254,.T.);
#122=FACE_OUTER_BOUND('',#255,.T.);
#123=FACE_OUTER_BOUND('',#256,.T.);
#124=FACE_OUTER_BOUND('',#257,.T.);
#125=FACE_OUTER_BOUND('',#258,.T.);
#126=FACE_OUTER_BOUND('',#259,.T.);
#127=FACE_OUTER_BOUND('',#260,.T.);
#128=FACE_OUTER_BOUND('',#261,.T.);
#129=FACE_OUTER_BOUND('',#262,.T.);
#130=FACE_OUTER_BOUND('',#263,.T.);
#131=FACE_OUTER_BOUND('',#264,.T.);
#132=FACE_OUTER_BOUND('',#265,.T.);
#133=FACE_OUTER_BOUND('',#266,.T.);
#134=FACE_OUTER_BOUND('',#267,.T.);
#135=FACE_OUTER_BOUND('',#268,.T.);
#136=FACE_OUTER_BOUND('',#269,.T.);
#137=FACE_OUTER_BOUND('',#270,.T.);
#138=FACE_OUTER_BOUND('',#271,.T.);
#139=FACE_OUTER_BOUND('',#272,.T.);
#140=FACE_OUTER_BOUND('',#273,.T.);
#141=FACE_OUTER_BOUND('',#274,.T.);
#142=FACE_OUTER_BOUND('',#275,.T.);
#143=FACE_OUTER_BOUND('',#276,.T.);
#144=FACE_OUTER_BOUND('',#277,.T.);
#145=FACE_OUTER_BOUND('',#278,.T.);
#146=FACE_OUTER_BOUND('',#279,.T.);
#147=FACE_OUTER_BOUND('',#280,.T.);
#148=FACE_OUTER_BOUND('',#281,.T.);
#149=FACE_OUTER_BOUND('',#282,.T.);
#150=FACE_OUTER_BOUND('',#283,.T.);
#151=FACE_OUTER_BOUND('',#284,.T.);
#152=FACE_OUTER_BOUND('',#285,.T.);
#153=FACE_OUTER_BOUND('',#286,.T.);
#154=FACE_OUTER_BOUND('',#287,.T.);
#155=FACE_OUTER_BOUND('',#288,.T.);
#156=FACE_OUTER_BOUND('',#289,.T.);
#157=FACE_OUTER_BOUND('',#290,.T.);
#158=FACE_OUTER_BOUND('',#291,.T.);
#159=FACE_OUTER_BOUND('',#292,.T.);
#160=FACE_OUTER_BOUND('',#293,.T.);
#161=FACE_OUTER_BOUND('',#294,.T.);
#162=FACE_OUTER_BOUND('',#295,.T.);
#163=FACE_OUTER_BOUND('',#296,.T.);
#164=FACE_OUTER_BOUND('',#297,.T.);
#165=FACE_OUTER_BOUND('',#298,.T.);
#166=FACE_OUTER_BOUND('',#299,.T.);
#167=FACE_OUTER_BOUND('',#300,.T.);
#168=FACE_OUTER_BOUND('',#301,.T.);
#169=FACE_OUTER_BOUND('',#302,.T.);
#170=FACE_OUTER_BOUND('',#303,.T.);
#171=FACE_OUTER_BOUND('',#304,.T.);
#172=FACE_OUTER_BOUND('',#305,.T.);
#173=FACE_OUTER_BOUND('',#306,.T.);
#174=FACE_OUTER_BOUND('',#307,.T.);
#175=FACE_OUTER_BOUND('',#308,.T.);
#176=FACE_OUTER_BOUND('',#309,.T.);
#177=FACE_OUTER_BOUND('',#310,.T.);
#178=FACE_OUTER_BOUND('',#311,.T.);
#179=FACE_OUTER_BOUND('',#312,.T.);
#180=FACE_OUTER_BOUND('',#313,.T.);
#181=FACE_OUTER_BOUND('',#314,.T.);
#182=FACE_OUTER_BOUND('',#315,.T.);
#183=FACE_OUTER_BOUND('',#316,.T.);
#184=FACE_OUTER_BOUND('',#317,.T.);
#185=FACE_OUTER_BOUND('',#318,.T.);
#186=FACE_OUTER_BOUND('',#319,.T.);
#187=FACE_OUTER_BOUND('',#320,.T.);
#188=FACE_OUTER_BOUND('',#321,.T.);
#189=FACE_OUTER_BOUND('',#322,.T.);
#190=FACE_OUTER_BOUND('',#323,.T.);
#191=FACE_OUTER_BOUND('',#324,.T.);
#192=FACE_OUTER_BOUND('',#325,.T.);
#193=FACE_OUTER_BOUND('',#326,.T.);
#194=FACE_OUTER_BOUND('',#327,.T.);
#195=FACE_OUTER_BOUND('',#328,.T.);
#196=FACE_OUTER_BOUND('',#329,.T.);
#197=FACE_OUTER_BOUND('',#330,.T.);
#198=FACE_OUTER_BOUND('',#331,.T.);
#199=FACE_OUTER_BOUND('',#332,.T.);
#200=FACE_OUTER_BOUND('',#333,.T.);
#201=FACE_OUTER_BOUND('',#334,.T.);
#202=FACE_OUTER_BOUND('',#335,.T.);
#203=FACE_OUTER_BOUND('',#336,.T.);
#204=FACE_OUTER_BOUND('',#337,.T.);
#205=FACE_OUTER_BOUND('',#338,.T.);
#206=EDGE_LOOP('',(#1251,#1252,#1253,#1254));
#207=EDGE_LOOP('',(#1255,#1256,#1257,#1258));
#208=EDGE_LOOP('',(#1259,#1260,#1261,#1262));
#209=EDGE_LOOP('',(#1263,#1264,#1265,#1266));
#210=EDGE_LOOP('',(#1267,#1268,#1269,#1270));
#211=EDGE_LOOP('',(#1271,#1272,#1273,#1274));
#212=EDGE_LOOP('',(#1275,#1276,#1277,#1278));
#213=EDGE_LOOP('',(#1279,#1280,#1281,#1282));
#214=EDGE_LOOP('',(#1283,#1284,#1285,#1286));
#215=EDGE_LOOP('',(#1287,#1288,#1289,#1290));
#216=EDGE_LOOP('',(#1291,#1292,#1293,#1294));
#217=EDGE_LOOP('',(#1295,#1296,#1297,#1298));
#218=EDGE_LOOP('',(#1299,#1300,#1301,#1302));
#219=EDGE_LOOP('',(#1303,#1304,#1305,#1306));
#220=EDGE_LOOP('',(#1307,#1308,#1309,#1310));
#221=EDGE_LOOP('',(#1311,#1312,#1313,#1314));
#222=EDGE_LOOP('',(#1315,#1316,#1317,#1318));
#223=EDGE_LOOP('',(#1319,#1320,#1321,#1322));
#224=EDGE_LOOP('',(#1323));
#225=EDGE_LOOP('',(#1324));
#226=EDGE_LOOP('',(#1325,#1326,#1327,#1328));
#227=EDGE_LOOP('',(#1329));
#228=EDGE_LOOP('',(#1330));
#229=EDGE_LOOP('',(#1331));
#230=EDGE_LOOP('',(#1332,#1333,#1334,#1335));
#231=EDGE_LOOP('',(#1336));
#232=EDGE_LOOP('',(#1337,#1338,#1339,#1340));
#233=EDGE_LOOP('',(#1341,#1342,#1343,#1344));
#234=EDGE_LOOP('',(#1345,#1346,#1347,#1348));
#235=EDGE_LOOP('',(#1349,#1350,#1351,#1352));
#236=EDGE_LOOP('',(#1353,#1354,#1355,#1356));
#237=EDGE_LOOP('',(#1357,#1358,#1359,#1360));
#238=EDGE_LOOP('',(#1361,#1362,#1363,#1364));
#239=EDGE_LOOP('',(#1365,#1366,#1367,#1368));
#240=EDGE_LOOP('',(#1369));
#241=EDGE_LOOP('',(#1370));
#242=EDGE_LOOP('',(#1371,#1372,#1373,#1374));
#243=EDGE_LOOP('',(#1375,#1376,#1377,#1378));
#244=EDGE_LOOP('',(#1379,#1380,#1381,#1382));
#245=EDGE_LOOP('',(#1383,#1384,#1385,#1386));
#246=EDGE_LOOP('',(#1387,#1388,#1389,#1390));
#247=EDGE_LOOP('',(#1391,#1392,#1393,#1394));
#248=EDGE_LOOP('',(#1395,#1396,#1397,#1398));
#249=EDGE_LOOP('',(#1399,#1400,#1401,#1402));
#250=EDGE_LOOP('',(#1403,#1404,#1405,#1406));
#251=EDGE_LOOP('',(#1407,#1408,#1409,#1410));
#252=EDGE_LOOP('',(#1411,#1412,#1413,#1414));
#253=EDGE_LOOP('',(#1415,#1416,#1417,#1418));
#254=EDGE_LOOP('',(#1419,#1420,#1421,#1422));
#255=EDGE_LOOP('',(#1423,#1424,#1425,#1426));
#256=EDGE_LOOP('',(#1427,#1428,#1429,#1430));
#257=EDGE_LOOP('',(#1431,#1432,#1433,#1434));
#258=EDGE_LOOP('',(#1435,#1436,#1437,#1438));
#259=EDGE_LOOP('',(#1439,#1440,#1441,#1442));
#260=EDGE_LOOP('',(#1443,#1444,#1445,#1446));
#261=EDGE_LOOP('',(#1447,#1448,#1449,#1450));
#262=EDGE_LOOP('',(#1451,#1452,#1453,#1454));
#263=EDGE_LOOP('',(#1455,#1456,#1457,#1458));
#264=EDGE_LOOP('',(#1459,#1460,#1461,#1462));
#265=EDGE_LOOP('',(#1463,#1464,#1465,#1466));
#266=EDGE_LOOP('',(#1467,#1468,#1469,#1470));
#267=EDGE_LOOP('',(#1471,#1472,#1473,#1474));
#268=EDGE_LOOP('',(#1475,#1476,#1477,#1478));
#269=EDGE_LOOP('',(#1479,#1480,#1481,#1482));
#270=EDGE_LOOP('',(#1483,#1484,#1485,#1486));
#271=EDGE_LOOP('',(#1487,#1488,#1489,#1490));
#272=EDGE_LOOP('',(#1491,#1492,#1493,#1494));
#273=EDGE_LOOP('',(#1495,#1496,#1497,#1498));
#274=EDGE_LOOP('',(#1499,#1500,#1501,#1502));
#275=EDGE_LOOP('',(#1503,#1504,#1505,#1506));
#276=EDGE_LOOP('',(#1507,#1508,#1509,#1510));
#277=EDGE_LOOP('',(#1511,#1512,#1513,#1514));
#278=EDGE_LOOP('',(#1515,#1516,#1517,#1518));
#279=EDGE_LOOP('',(#1519,#1520,#1521,#1522));
#280=EDGE_LOOP('',(#1523,#1524,#1525,#1526));
#281=EDGE_LOOP('',(#1527,#1528,#1529,#1530));
#282=EDGE_LOOP('',(#1531,#1532,#1533,#1534));
#283=EDGE_LOOP('',(#1535,#1536,#1537,#1538));
#284=EDGE_LOOP('',(#1539,#1540,#1541,#1542));
#285=EDGE_LOOP('',(#1543,#1544,#1545,#1546));
#286=EDGE_LOOP('',(#1547,#1548,#1549,#1550));
#287=EDGE_LOOP('',(#1551,#1552,#1553,#1554));
#288=EDGE_LOOP('',(#1555,#1556,#1557,#1558));
#289=EDGE_LOOP('',(#1559,#1560,#1561,#1562));
#290=EDGE_LOOP('',(#1563,#1564,#1565,#1566));
#291=EDGE_LOOP('',(#1567,#1568,#1569,#1570));
#292=EDGE_LOOP('',(#1571,#1572,#1573,#1574));
#293=EDGE_LOOP('',(#1575,#1576,#1577,#1578));
#294=EDGE_LOOP('',(#1579,#1580,#1581,#1582));
#295=EDGE_LOOP('',(#1583,#1584,#1585,#1586));
#296=EDGE_LOOP('',(#1587,#1588,#1589,#1590));
#297=EDGE_LOOP('',(#1591,#1592,#1593,#1594));
#298=EDGE_LOOP('',(#1595,#1596,#1597,#1598));
#299=EDGE_LOOP('',(#1599,#1600,#1601,#1602));
#300=EDGE_LOOP('',(#1603,#1604,#1605,#1606));
#301=EDGE_LOOP('',(#1607,#1608,#1609,#1610));
#302=EDGE_LOOP('',(#1611,#1612,#1613,#1614));
#303=EDGE_LOOP('',(#1615,#1616,#1617,#1618));
#304=EDGE_LOOP('',(#1619,#1620,#1621,#1622));
#305=EDGE_LOOP('',(#1623,#1624,#1625,#1626));
#306=EDGE_LOOP('',(#1627,#1628,#1629,#1630));
#307=EDGE_LOOP('',(#1631,#1632,#1633,#1634));
#308=EDGE_LOOP('',(#1635,#1636,#1637,#1638));
#309=EDGE_LOOP('',(#1639,#1640,#1641,#1642));
#310=EDGE_LOOP('',(#1643,#1644,#1645,#1646));
#311=EDGE_LOOP('',(#1647,#1648,#1649,#1650));
#312=EDGE_LOOP('',(#1651,#1652,#1653,#1654));
#313=EDGE_LOOP('',(#1655,#1656,#1657,#1658));
#314=EDGE_LOOP('',(#1659,#1660,#1661,#1662));
#315=EDGE_LOOP('',(#1663,#1664,#1665,#1666));
#316=EDGE_LOOP('',(#1667,#1668,#1669,#1670));
#317=EDGE_LOOP('',(#1671,#1672,#1673,#1674));
#318=EDGE_LOOP('',(#1675,#1676,#1677,#1678));
#319=EDGE_LOOP('',(#1679,#1680,#1681,#1682));
#320=EDGE_LOOP('',(#1683,#1684,#1685,#1686));
#321=EDGE_LOOP('',(#1687,#1688,#1689,#1690));
#322=EDGE_LOOP('',(#1691,#1692,#1693,#1694));
#323=EDGE_LOOP('',(#1695,#1696,#1697,#1698));
#324=EDGE_LOOP('',(#1699,#1700,#1701,#1702));
#325=EDGE_LOOP('',(#1703,#1704,#1705,#1706));
#326=EDGE_LOOP('',(#1707,#1708,#1709,#1710));
#327=EDGE_LOOP('',(#1711,#1712,#1713,#1714));
#328=EDGE_LOOP('',(#1715,#1716,#1717,#1718));
#329=EDGE_LOOP('',(#1719,#1720,#1721,#1722));
#330=EDGE_LOOP('',(#1723,#1724,#1725,#1726));
#331=EDGE_LOOP('',(#1727,#1728,#1729,#1730));
#332=EDGE_LOOP('',(#1731,#1732,#1733,#1734));
#333=EDGE_LOOP('',(#1735,#1736,#1737,#1738));
#334=EDGE_LOOP('',(#1739,#1740,#1741,#1742));
#335=EDGE_LOOP('',(#1743,#1744,#1745,#1746));
#336=EDGE_LOOP('',(#1747,#1748,#1749,#1750));
#337=EDGE_LOOP('',(#1751,#1752,#1753,#1754));
#338=EDGE_LOOP('',(#1755,#1756,#1757));
#339=LINE('',#2717,#583);
#340=LINE('',#2719,#584);
#341=LINE('',#2721,#585);
#342=LINE('',#2722,#586);
#343=LINE('',#2725,#587);
#344=LINE('',#2727,#588);
#345=LINE('',#2728,#589);
#346=LINE('',#2731,#590);
#347=LINE('',#2733,#591);
#348=LINE('',#2734,#592);
#349=LINE('',#2736,#593);
#350=LINE('',#2737,#594);
#351=LINE('',#2743,#595);
#352=LINE('',#2745,#596);
#353=LINE('',#2747,#597);
#354=LINE('',#2748,#598);
#355=LINE('',#2751,#599);
#356=LINE('',#2753,#600);
#357=LINE('',#2755,#601);
#358=LINE('',#2756,#602);
#359=LINE('',#2759,#603);
#360=LINE('',#2761,#604);
#361=LINE('',#2762,#605);
#362=LINE('',#2765,#606);
#363=LINE('',#2767,#607);
#364=LINE('',#2768,#608);
#365=LINE('',#2770,#609);
#366=LINE('',#2772,#610);
#367=LINE('',#2776,#611);
#368=LINE('',#2778,#612);
#369=LINE('',#2779,#613);
#370=LINE('',#2782,#614);
#371=LINE('',#2784,#615);
#372=LINE('',#2785,#616);
#373=LINE('',#2787,#617);
#374=LINE('',#2789,#618);
#375=LINE('',#2799,#619);
#376=LINE('',#2807,#620);
#377=LINE('',#2812,#621);
#378=LINE('',#2816,#622);
#379=LINE('',#2818,#623);
#380=LINE('',#2820,#624);
#381=LINE('',#2821,#625);
#382=LINE('',#2824,#626);
#383=LINE('',#2826,#627);
#384=LINE('',#2827,#628);
#385=LINE('',#2830,#629);
#386=LINE('',#2832,#630);
#387=LINE('',#2833,#631);
#388=LINE('',#2835,#632);
#389=LINE('',#2836,#633);
#390=LINE('',#2843,#634);
#391=LINE('',#2850,#635);
#392=LINE('',#2852,#636);
#393=LINE('',#2854,#637);
#394=LINE('',#2855,#638);
#395=LINE('',#2858,#639);
#396=LINE('',#2860,#640);
#397=LINE('',#2861,#641);
#398=LINE('',#2864,#642);
#399=LINE('',#2866,#643);
#400=LINE('',#2867,#644);
#401=LINE('',#2869,#645);
#402=LINE('',#2870,#646);
#403=LINE('',#2876,#647);
#404=LINE('',#2878,#648);
#405=LINE('',#2880,#649);
#406=LINE('',#2881,#650);
#407=LINE('',#2884,#651);
#408=LINE('',#2886,#652);
#409=LINE('',#2887,#653);
#410=LINE('',#2890,#654);
#411=LINE('',#2892,#655);
#412=LINE('',#2893,#656);
#413=LINE('',#2895,#657);
#414=LINE('',#2896,#658);
#415=LINE('',#2902,#659);
#416=LINE('',#2904,#660);
#417=LINE('',#2906,#661);
#418=LINE('',#2907,#662);
#419=LINE('',#2910,#663);
#420=LINE('',#2912,#664);
#421=LINE('',#2913,#665);
#422=LINE('',#2916,#666);
#423=LINE('',#2918,#667);
#424=LINE('',#2919,#668);
#425=LINE('',#2921,#669);
#426=LINE('',#2922,#670);
#427=LINE('',#2928,#671);
#428=LINE('',#2930,#672);
#429=LINE('',#2932,#673);
#430=LINE('',#2933,#674);
#431=LINE('',#2936,#675);
#432=LINE('',#2938,#676);
#433=LINE('',#2939,#677);
#434=LINE('',#2942,#678);
#435=LINE('',#2944,#679);
#436=LINE('',#2945,#680);
#437=LINE('',#2947,#681);
#438=LINE('',#2948,#682);
#439=LINE('',#2954,#683);
#440=LINE('',#2956,#684);
#441=LINE('',#2958,#685);
#442=LINE('',#2959,#686);
#443=LINE('',#2962,#687);
#444=LINE('',#2964,#688);
#445=LINE('',#2965,#689);
#446=LINE('',#2968,#690);
#447=LINE('',#2970,#691);
#448=LINE('',#2971,#692);
#449=LINE('',#2973,#693);
#450=LINE('',#2974,#694);
#451=LINE('',#2980,#695);
#452=LINE('',#2982,#696);
#453=LINE('',#2984,#697);
#454=LINE('',#2985,#698);
#455=LINE('',#2988,#699);
#456=LINE('',#2990,#700);
#457=LINE('',#2991,#701);
#458=LINE('',#2994,#702);
#459=LINE('',#2996,#703);
#460=LINE('',#2997,#704);
#461=LINE('',#2999,#705);
#462=LINE('',#3000,#706);
#463=LINE('',#3006,#707);
#464=LINE('',#3008,#708);
#465=LINE('',#3010,#709);
#466=LINE('',#3011,#710);
#467=LINE('',#3014,#711);
#468=LINE('',#3016,#712);
#469=LINE('',#3017,#713);
#470=LINE('',#3020,#714);
#471=LINE('',#3022,#715);
#472=LINE('',#3023,#716);
#473=LINE('',#3025,#717);
#474=LINE('',#3026,#718);
#475=LINE('',#3032,#719);
#476=LINE('',#3034,#720);
#477=LINE('',#3036,#721);
#478=LINE('',#3037,#722);
#479=LINE('',#3040,#723);
#480=LINE('',#3042,#724);
#481=LINE('',#3043,#725);
#482=LINE('',#3046,#726);
#483=LINE('',#3048,#727);
#484=LINE('',#3049,#728);
#485=LINE('',#3051,#729);
#486=LINE('',#3052,#730);
#487=LINE('',#3058,#731);
#488=LINE('',#3060,#732);
#489=LINE('',#3062,#733);
#490=LINE('',#3063,#734);
#491=LINE('',#3066,#735);
#492=LINE('',#3068,#736);
#493=LINE('',#3069,#737);
#494=LINE('',#3072,#738);
#495=LINE('',#3074,#739);
#496=LINE('',#3075,#740);
#497=LINE('',#3077,#741);
#498=LINE('',#3078,#742);
#499=LINE('',#3084,#743);
#500=LINE('',#3086,#744);
#501=LINE('',#3088,#745);
#502=LINE('',#3089,#746);
#503=LINE('',#3092,#747);
#504=LINE('',#3094,#748);
#505=LINE('',#3095,#749);
#506=LINE('',#3098,#750);
#507=LINE('',#3100,#751);
#508=LINE('',#3101,#752);
#509=LINE('',#3103,#753);
#510=LINE('',#3104,#754);
#511=LINE('',#3110,#755);
#512=LINE('',#3112,#756);
#513=LINE('',#3114,#757);
#514=LINE('',#3115,#758);
#515=LINE('',#3118,#759);
#516=LINE('',#3120,#760);
#517=LINE('',#3121,#761);
#518=LINE('',#3124,#762);
#519=LINE('',#3126,#763);
#520=LINE('',#3127,#764);
#521=LINE('',#3129,#765);
#522=LINE('',#3130,#766);
#523=LINE('',#3136,#767);
#524=LINE('',#3138,#768);
#525=LINE('',#3140,#769);
#526=LINE('',#3141,#770);
#527=LINE('',#3144,#771);
#528=LINE('',#3146,#772);
#529=LINE('',#3147,#773);
#530=LINE('',#3150,#774);
#531=LINE('',#3152,#775);
#532=LINE('',#3153,#776);
#533=LINE('',#3155,#777);
#534=LINE('',#3156,#778);
#535=LINE('',#3162,#779);
#536=LINE('',#3164,#780);
#537=LINE('',#3166,#781);
#538=LINE('',#3167,#782);
#539=LINE('',#3170,#783);
#540=LINE('',#3172,#784);
#541=LINE('',#3173,#785);
#542=LINE('',#3176,#786);
#543=LINE('',#3178,#787);
#544=LINE('',#3179,#788);
#545=LINE('',#3181,#789);
#546=LINE('',#3182,#790);
#547=LINE('',#3188,#791);
#548=LINE('',#3190,#792);
#549=LINE('',#3192,#793);
#550=LINE('',#3193,#794);
#551=LINE('',#3196,#795);
#552=LINE('',#3198,#796);
#553=LINE('',#3199,#797);
#554=LINE('',#3202,#798);
#555=LINE('',#3204,#799);
#556=LINE('',#3205,#800);
#557=LINE('',#3207,#801);
#558=LINE('',#3208,#802);
#559=LINE('',#3214,#803);
#560=LINE('',#3216,#804);
#561=LINE('',#3218,#805);
#562=LINE('',#3219,#806);
#563=LINE('',#3222,#807);
#564=LINE('',#3224,#808);
#565=LINE('',#3225,#809);
#566=LINE('',#3228,#810);
#567=LINE('',#3230,#811);
#568=LINE('',#3231,#812);
#569=LINE('',#3233,#813);
#570=LINE('',#3234,#814);
#571=LINE('',#3240,#815);
#572=LINE('',#3242,#816);
#573=LINE('',#3244,#817);
#574=LINE('',#3245,#818);
#575=LINE('',#3248,#819);
#576=LINE('',#3250,#820);
#577=LINE('',#3251,#821);
#578=LINE('',#3254,#822);
#579=LINE('',#3256,#823);
#580=LINE('',#3257,#824);
#581=LINE('',#3259,#825);
#582=LINE('',#3260,#826);
#583=VECTOR('',#2191,1.);
#584=VECTOR('',#2192,1.);
#585=VECTOR('',#2193,1.);
#586=VECTOR('',#2194,1.);
#587=VECTOR('',#2197,1.);
#588=VECTOR('',#2198,1.);
#589=VECTOR('',#2199,1.);
#590=VECTOR('',#2202,1.);
#591=VECTOR('',#2203,1.);
#592=VECTOR('',#2204,1.);
#593=VECTOR('',#2207,1.);
#594=VECTOR('',#2208,1.);
#595=VECTOR('',#2215,1.);
#596=VECTOR('',#2216,1.);
#597=VECTOR('',#2217,1.);
#598=VECTOR('',#2218,1.);
#599=VECTOR('',#2219,1.);
#600=VECTOR('',#2220,1.);
#601=VECTOR('',#2221,1.);
#602=VECTOR('',#2222,1.);
#603=VECTOR('',#2225,1.);
#604=VECTOR('',#2226,1.);
#605=VECTOR('',#2227,1.);
#606=VECTOR('',#2230,1.);
#607=VECTOR('',#2231,1.);
#608=VECTOR('',#2232,1.);
#609=VECTOR('',#2235,1.);
#610=VECTOR('',#2238,1.);
#611=VECTOR('',#2243,1.);
#612=VECTOR('',#2244,1.);
#613=VECTOR('',#2245,1.);
#614=VECTOR('',#2248,1.);
#615=VECTOR('',#2249,1.);
#616=VECTOR('',#2250,1.);
#617=VECTOR('',#2253,1.);
#618=VECTOR('',#2256,1.);
#619=VECTOR('',#2269,0.300000000002395);
#620=VECTOR('',#2280,2.35);
#621=VECTOR('',#2287,2.5);
#622=VECTOR('',#2290,1.);
#623=VECTOR('',#2291,1.);
#624=VECTOR('',#2292,1.);
#625=VECTOR('',#2293,1.);
#626=VECTOR('',#2296,1.);
#627=VECTOR('',#2297,1.);
#628=VECTOR('',#2298,1.);
#629=VECTOR('',#2301,1.);
#630=VECTOR('',#2302,1.);
#631=VECTOR('',#2303,1.);
#632=VECTOR('',#2306,1.);
#633=VECTOR('',#2307,1.);
#634=VECTOR('',#2316,3.);
#635=VECTOR('',#2325,1.);
#636=VECTOR('',#2326,1.);
#637=VECTOR('',#2327,1.);
#638=VECTOR('',#2328,1.);
#639=VECTOR('',#2331,1.);
#640=VECTOR('',#2332,1.);
#641=VECTOR('',#2333,1.);
#642=VECTOR('',#2336,1.);
#643=VECTOR('',#2337,1.);
#644=VECTOR('',#2338,1.);
#645=VECTOR('',#2341,1.);
#646=VECTOR('',#2342,1.);
#647=VECTOR('',#2349,1.);
#648=VECTOR('',#2350,1.);
#649=VECTOR('',#2351,1.);
#650=VECTOR('',#2352,1.);
#651=VECTOR('',#2355,1.);
#652=VECTOR('',#2356,1.);
#653=VECTOR('',#2357,1.);
#654=VECTOR('',#2360,1.);
#655=VECTOR('',#2361,1.);
#656=VECTOR('',#2362,1.);
#657=VECTOR('',#2365,1.);
#658=VECTOR('',#2366,1.);
#659=VECTOR('',#2373,1.);
#660=VECTOR('',#2374,1.);
#661=VECTOR('',#2375,1.);
#662=VECTOR('',#2376,1.);
#663=VECTOR('',#2379,1.);
#664=VECTOR('',#2380,1.);
#665=VECTOR('',#2381,1.);
#666=VECTOR('',#2384,1.);
#667=VECTOR('',#2385,1.);
#668=VECTOR('',#2386,1.);
#669=VECTOR('',#2389,1.);
#670=VECTOR('',#2390,1.);
#671=VECTOR('',#2397,1.);
#672=VECTOR('',#2398,1.);
#673=VECTOR('',#2399,1.);
#674=VECTOR('',#2400,1.);
#675=VECTOR('',#2403,1.);
#676=VECTOR('',#2404,1.);
#677=VECTOR('',#2405,1.);
#678=VECTOR('',#2408,1.);
#679=VECTOR('',#2409,1.);
#680=VECTOR('',#2410,1.);
#681=VECTOR('',#2413,1.);
#682=VECTOR('',#2414,1.);
#683=VECTOR('',#2421,1.);
#684=VECTOR('',#2422,1.);
#685=VECTOR('',#2423,1.);
#686=VECTOR('',#2424,1.);
#687=VECTOR('',#2427,1.);
#688=VECTOR('',#2428,1.);
#689=VECTOR('',#2429,1.);
#690=VECTOR('',#2432,1.);
#691=VECTOR('',#2433,1.);
#692=VECTOR('',#2434,1.);
#693=VECTOR('',#2437,1.);
#694=VECTOR('',#2438,1.);
#695=VECTOR('',#2445,1.);
#696=VECTOR('',#2446,1.);
#697=VECTOR('',#2447,1.);
#698=VECTOR('',#2448,1.);
#699=VECTOR('',#2451,1.);
#700=VECTOR('',#2452,1.);
#701=VECTOR('',#2453,1.);
#702=VECTOR('',#2456,1.);
#703=VECTOR('',#2457,1.);
#704=VECTOR('',#2458,1.);
#705=VECTOR('',#2461,1.);
#706=VECTOR('',#2462,1.);
#707=VECTOR('',#2469,1.);
#708=VECTOR('',#2470,1.);
#709=VECTOR('',#2471,1.);
#710=VECTOR('',#2472,1.);
#711=VECTOR('',#2475,1.);
#712=VECTOR('',#2476,1.);
#713=VECTOR('',#2477,1.);
#714=VECTOR('',#2480,1.);
#715=VECTOR('',#2481,1.);
#716=VECTOR('',#2482,1.);
#717=VECTOR('',#2485,1.);
#718=VECTOR('',#2486,1.);
#719=VECTOR('',#2493,1.);
#720=VECTOR('',#2494,1.);
#721=VECTOR('',#2495,1.);
#722=VECTOR('',#2496,1.);
#723=VECTOR('',#2499,1.);
#724=VECTOR('',#2500,1.);
#725=VECTOR('',#2501,1.);
#726=VECTOR('',#2504,1.);
#727=VECTOR('',#2505,1.);
#728=VECTOR('',#2506,1.);
#729=VECTOR('',#2509,1.);
#730=VECTOR('',#2510,1.);
#731=VECTOR('',#2517,1.);
#732=VECTOR('',#2518,1.);
#733=VECTOR('',#2519,1.);
#734=VECTOR('',#2520,1.);
#735=VECTOR('',#2523,1.);
#736=VECTOR('',#2524,1.);
#737=VECTOR('',#2525,1.);
#738=VECTOR('',#2528,1.);
#739=VECTOR('',#2529,1.);
#740=VECTOR('',#2530,1.);
#741=VECTOR('',#2533,1.);
#742=VECTOR('',#2534,1.);
#743=VECTOR('',#2541,1.);
#744=VECTOR('',#2542,1.);
#745=VECTOR('',#2543,1.);
#746=VECTOR('',#2544,1.);
#747=VECTOR('',#2547,1.);
#748=VECTOR('',#2548,1.);
#749=VECTOR('',#2549,1.);
#750=VECTOR('',#2552,1.);
#751=VECTOR('',#2553,1.);
#752=VECTOR('',#2554,1.);
#753=VECTOR('',#2557,1.);
#754=VECTOR('',#2558,1.);
#755=VECTOR('',#2565,1.);
#756=VECTOR('',#2566,1.);
#757=VECTOR('',#2567,1.);
#758=VECTOR('',#2568,1.);
#759=VECTOR('',#2571,1.);
#760=VECTOR('',#2572,1.);
#761=VECTOR('',#2573,1.);
#762=VECTOR('',#2576,1.);
#763=VECTOR('',#2577,1.);
#764=VECTOR('',#2578,1.);
#765=VECTOR('',#2581,1.);
#766=VECTOR('',#2582,1.);
#767=VECTOR('',#2589,1.);
#768=VECTOR('',#2590,1.);
#769=VECTOR('',#2591,1.);
#770=VECTOR('',#2592,1.);
#771=VECTOR('',#2595,1.);
#772=VECTOR('',#2596,1.);
#773=VECTOR('',#2597,1.);
#774=VECTOR('',#2600,1.);
#775=VECTOR('',#2601,1.);
#776=VECTOR('',#2602,1.);
#777=VECTOR('',#2605,1.);
#778=VECTOR('',#2606,1.);
#779=VECTOR('',#2613,1.);
#780=VECTOR('',#2614,1.);
#781=VECTOR('',#2615,1.);
#782=VECTOR('',#2616,1.);
#783=VECTOR('',#2619,1.);
#784=VECTOR('',#2620,1.);
#785=VECTOR('',#2621,1.);
#786=VECTOR('',#2624,1.);
#787=VECTOR('',#2625,1.);
#788=VECTOR('',#2626,1.);
#789=VECTOR('',#2629,1.);
#790=VECTOR('',#2630,1.);
#791=VECTOR('',#2637,1.);
#792=VECTOR('',#2638,1.);
#793=VECTOR('',#2639,1.);
#794=VECTOR('',#2640,1.);
#795=VECTOR('',#2643,1.);
#796=VECTOR('',#2644,1.);
#797=VECTOR('',#2645,1.);
#798=VECTOR('',#2648,1.);
#799=VECTOR('',#2649,1.);
#800=VECTOR('',#2650,1.);
#801=VECTOR('',#2653,1.);
#802=VECTOR('',#2654,1.);
#803=VECTOR('',#2661,1.);
#804=VECTOR('',#2662,1.);
#805=VECTOR('',#2663,1.);
#806=VECTOR('',#2664,1.);
#807=VECTOR('',#2667,1.);
#808=VECTOR('',#2668,1.);
#809=VECTOR('',#2669,1.);
#810=VECTOR('',#2672,1.);
#811=VECTOR('',#2673,1.);
#812=VECTOR('',#2674,1.);
#813=VECTOR('',#2677,1.);
#814=VECTOR('',#2678,1.);
#815=VECTOR('',#2685,1.);
#816=VECTOR('',#2686,1.);
#817=VECTOR('',#2687,1.);
#818=VECTOR('',#2688,1.);
#819=VECTOR('',#2691,1.);
#820=VECTOR('',#2692,1.);
#821=VECTOR('',#2693,1.);
#822=VECTOR('',#2696,1.);
#823=VECTOR('',#2697,1.);
#824=VECTOR('',#2698,1.);
#825=VECTOR('',#2701,1.);
#826=VECTOR('',#2702,1.);
#827=VERTEX_POINT('',#2715);
#828=VERTEX_POINT('',#2716);
#829=VERTEX_POINT('',#2718);
#830=VERTEX_POINT('',#2720);
#831=VERTEX_POINT('',#2724);
#832=VERTEX_POINT('',#2726);
#833=VERTEX_POINT('',#2730);
#834=VERTEX_POINT('',#2732);
#835=VERTEX_POINT('',#2741);
#836=VERTEX_POINT('',#2742);
#837=VERTEX_POINT('',#2744);
#838=VERTEX_POINT('',#2746);
#839=VERTEX_POINT('',#2749);
#840=VERTEX_POINT('',#2750);
#841=VERTEX_POINT('',#2752);
#842=VERTEX_POINT('',#2754);
#843=VERTEX_POINT('',#2758);
#844=VERTEX_POINT('',#2760);
#845=VERTEX_POINT('',#2764);
#846=VERTEX_POINT('',#2766);
#847=VERTEX_POINT('',#2775);
#848=VERTEX_POINT('',#2777);
#849=VERTEX_POINT('',#2781);
#850=VERTEX_POINT('',#2783);
#851=VERTEX_POINT('',#2792);
#852=VERTEX_POINT('',#2794);
#853=VERTEX_POINT('',#2797);
#854=VERTEX_POINT('',#2802);
#855=VERTEX_POINT('',#2804);
#856=VERTEX_POINT('',#2809);
#857=VERTEX_POINT('',#2814);
#858=VERTEX_POINT('',#2815);
#859=VERTEX_POINT('',#2817);
#860=VERTEX_POINT('',#2819);
#861=VERTEX_POINT('',#2823);
#862=VERTEX_POINT('',#2825);
#863=VERTEX_POINT('',#2829);
#864=VERTEX_POINT('',#2831);
#865=VERTEX_POINT('',#2840);
#866=VERTEX_POINT('',#2842);
#867=VERTEX_POINT('',#2848);
#868=VERTEX_POINT('',#2849);
#869=VERTEX_POINT('',#2851);
#870=VERTEX_POINT('',#2853);
#871=VERTEX_POINT('',#2857);
#872=VERTEX_POINT('',#2859);
#873=VERTEX_POINT('',#2863);
#874=VERTEX_POINT('',#2865);
#875=VERTEX_POINT('',#2874);
#876=VERTEX_POINT('',#2875);
#877=VERTEX_POINT('',#2877);
#878=VERTEX_POINT('',#2879);
#879=VERTEX_POINT('',#2883);
#880=VERTEX_POINT('',#2885);
#881=VERTEX_POINT('',#2889);
#882=VERTEX_POINT('',#2891);
#883=VERTEX_POINT('',#2900);
#884=VERTEX_POINT('',#2901);
#885=VERTEX_POINT('',#2903);
#886=VERTEX_POINT('',#2905);
#887=VERTEX_POINT('',#2909);
#888=VERTEX_POINT('',#2911);
#889=VERTEX_POINT('',#2915);
#890=VERTEX_POINT('',#2917);
#891=VERTEX_POINT('',#2926);
#892=VERTEX_POINT('',#2927);
#893=VERTEX_POINT('',#2929);
#894=VERTEX_POINT('',#2931);
#895=VERTEX_POINT('',#2935);
#896=VERTEX_POINT('',#2937);
#897=VERTEX_POINT('',#2941);
#898=VERTEX_POINT('',#2943);
#899=VERTEX_POINT('',#2952);
#900=VERTEX_POINT('',#2953);
#901=VERTEX_POINT('',#2955);
#902=VERTEX_POINT('',#2957);
#903=VERTEX_POINT('',#2961);
#904=VERTEX_POINT('',#2963);
#905=VERTEX_POINT('',#2967);
#906=VERTEX_POINT('',#2969);
#907=VERTEX_POINT('',#2978);
#908=VERTEX_POINT('',#2979);
#909=VERTEX_POINT('',#2981);
#910=VERTEX_POINT('',#2983);
#911=VERTEX_POINT('',#2987);
#912=VERTEX_POINT('',#2989);
#913=VERTEX_POINT('',#2993);
#914=VERTEX_POINT('',#2995);
#915=VERTEX_POINT('',#3004);
#916=VERTEX_POINT('',#3005);
#917=VERTEX_POINT('',#3007);
#918=VERTEX_POINT('',#3009);
#919=VERTEX_POINT('',#3013);
#920=VERTEX_POINT('',#3015);
#921=VERTEX_POINT('',#3019);
#922=VERTEX_POINT('',#3021);
#923=VERTEX_POINT('',#3030);
#924=VERTEX_POINT('',#3031);
#925=VERTEX_POINT('',#3033);
#926=VERTEX_POINT('',#3035);
#927=VERTEX_POINT('',#3039);
#928=VERTEX_POINT('',#3041);
#929=VERTEX_POINT('',#3045);
#930=VERTEX_POINT('',#3047);
#931=VERTEX_POINT('',#3056);
#932=VERTEX_POINT('',#3057);
#933=VERTEX_POINT('',#3059);
#934=VERTEX_POINT('',#3061);
#935=VERTEX_POINT('',#3065);
#936=VERTEX_POINT('',#3067);
#937=VERTEX_POINT('',#3071);
#938=VERTEX_POINT('',#3073);
#939=VERTEX_POINT('',#3082);
#940=VERTEX_POINT('',#3083);
#941=VERTEX_POINT('',#3085);
#942=VERTEX_POINT('',#3087);
#943=VERTEX_POINT('',#3091);
#944=VERTEX_POINT('',#3093);
#945=VERTEX_POINT('',#3097);
#946=VERTEX_POINT('',#3099);
#947=VERTEX_POINT('',#3108);
#948=VERTEX_POINT('',#3109);
#949=VERTEX_POINT('',#3111);
#950=VERTEX_POINT('',#3113);
#951=VERTEX_POINT('',#3117);
#952=VERTEX_POINT('',#3119);
#953=VERTEX_POINT('',#3123);
#954=VERTEX_POINT('',#3125);
#955=VERTEX_POINT('',#3134);
#956=VERTEX_POINT('',#3135);
#957=VERTEX_POINT('',#3137);
#958=VERTEX_POINT('',#3139);
#959=VERTEX_POINT('',#3143);
#960=VERTEX_POINT('',#3145);
#961=VERTEX_POINT('',#3149);
#962=VERTEX_POINT('',#3151);
#963=VERTEX_POINT('',#3160);
#964=VERTEX_POINT('',#3161);
#965=VERTEX_POINT('',#3163);
#966=VERTEX_POINT('',#3165);
#967=VERTEX_POINT('',#3169);
#968=VERTEX_POINT('',#3171);
#969=VERTEX_POINT('',#3175);
#970=VERTEX_POINT('',#3177);
#971=VERTEX_POINT('',#3186);
#972=VERTEX_POINT('',#3187);
#973=VERTEX_POINT('',#3189);
#974=VERTEX_POINT('',#3191);
#975=VERTEX_POINT('',#3195);
#976=VERTEX_POINT('',#3197);
#977=VERTEX_POINT('',#3201);
#978=VERTEX_POINT('',#3203);
#979=VERTEX_POINT('',#3212);
#980=VERTEX_POINT('',#3213);
#981=VERTEX_POINT('',#3215);
#982=VERTEX_POINT('',#3217);
#983=VERTEX_POINT('',#3221);
#984=VERTEX_POINT('',#3223);
#985=VERTEX_POINT('',#3227);
#986=VERTEX_POINT('',#3229);
#987=VERTEX_POINT('',#3238);
#988=VERTEX_POINT('',#3239);
#989=VERTEX_POINT('',#3241);
#990=VERTEX_POINT('',#3243);
#991=VERTEX_POINT('',#3247);
#992=VERTEX_POINT('',#3249);
#993=VERTEX_POINT('',#3253);
#994=VERTEX_POINT('',#3255);
#995=VERTEX_POINT('',#3264);
#996=VERTEX_POINT('',#3266);
#997=EDGE_CURVE('',#827,#828,#339,.T.);
#998=EDGE_CURVE('',#829,#828,#340,.T.);
#999=EDGE_CURVE('',#830,#829,#341,.T.);
#1000=EDGE_CURVE('',#830,#827,#342,.T.);
#1001=EDGE_CURVE('',#828,#831,#343,.T.);
#1002=EDGE_CURVE('',#832,#831,#344,.T.);
#1003=EDGE_CURVE('',#829,#832,#345,.T.);
#1004=EDGE_CURVE('',#831,#833,#346,.T.);
#1005=EDGE_CURVE('',#834,#833,#347,.T.);
#1006=EDGE_CURVE('',#832,#834,#348,.T.);
#1007=EDGE_CURVE('',#833,#827,#349,.T.);
#1008=EDGE_CURVE('',#834,#830,#350,.T.);
#1009=EDGE_CURVE('',#835,#836,#351,.T.);
#1010=EDGE_CURVE('',#837,#835,#352,.T.);
#1011=EDGE_CURVE('',#837,#838,#353,.T.);
#1012=EDGE_CURVE('',#838,#836,#354,.T.);
#1013=EDGE_CURVE('',#839,#840,#355,.T.);
#1014=EDGE_CURVE('',#840,#841,#356,.T.);
#1015=EDGE_CURVE('',#842,#841,#357,.T.);
#1016=EDGE_CURVE('',#839,#842,#358,.T.);
#1017=EDGE_CURVE('',#836,#843,#359,.T.);
#1018=EDGE_CURVE('',#843,#844,#360,.T.);
#1019=EDGE_CURVE('',#844,#835,#361,.T.);
#1020=EDGE_CURVE('',#845,#843,#362,.T.);
#1021=EDGE_CURVE('',#845,#846,#363,.T.);
#1022=EDGE_CURVE('',#846,#844,#364,.T.);
#1023=EDGE_CURVE('',#838,#845,#365,.T.);
#1024=EDGE_CURVE('',#846,#837,#366,.T.);
#1025=EDGE_CURVE('',#841,#847,#367,.T.);
#1026=EDGE_CURVE('',#848,#840,#368,.T.);
#1027=EDGE_CURVE('',#847,#848,#369,.T.);
#1028=EDGE_CURVE('',#849,#848,#370,.T.);
#1029=EDGE_CURVE('',#850,#849,#371,.T.);
#1030=EDGE_CURVE('',#850,#847,#372,.T.);
#1031=EDGE_CURVE('',#842,#850,#373,.T.);
#1032=EDGE_CURVE('',#849,#839,#374,.T.);
#1033=EDGE_CURVE('',#851,#851,#20,.T.);
#1034=EDGE_CURVE('',#852,#852,#21,.T.);
#1035=EDGE_CURVE('',#853,#853,#22,.T.);
#1036=EDGE_CURVE('',#853,#852,#375,.T.);
#1037=EDGE_CURVE('',#854,#854,#23,.T.);
#1038=EDGE_CURVE('',#855,#855,#24,.T.);
#1039=EDGE_CURVE('',#855,#851,#376,.T.);
#1040=EDGE_CURVE('',#856,#856,#25,.T.);
#1041=EDGE_CURVE('',#856,#854,#377,.T.);
#1042=EDGE_CURVE('',#857,#858,#378,.T.);
#1043=EDGE_CURVE('',#858,#859,#379,.T.);
#1044=EDGE_CURVE('',#860,#859,#380,.T.);
#1045=EDGE_CURVE('',#860,#857,#381,.T.);
#1046=EDGE_CURVE('',#858,#861,#382,.T.);
#1047=EDGE_CURVE('',#861,#862,#383,.T.);
#1048=EDGE_CURVE('',#859,#862,#384,.T.);
#1049=EDGE_CURVE('',#861,#863,#385,.T.);
#1050=EDGE_CURVE('',#863,#864,#386,.T.);
#1051=EDGE_CURVE('',#862,#864,#387,.T.);
#1052=EDGE_CURVE('',#863,#857,#388,.T.);
#1053=EDGE_CURVE('',#864,#860,#389,.T.);
#1054=EDGE_CURVE('',#865,#865,#26,.T.);
#1055=EDGE_CURVE('',#865,#866,#390,.T.);
#1056=EDGE_CURVE('',#866,#866,#27,.T.);
#1057=EDGE_CURVE('',#867,#868,#391,.T.);
#1058=EDGE_CURVE('',#869,#868,#392,.T.);
#1059=EDGE_CURVE('',#870,#869,#393,.T.);
#1060=EDGE_CURVE('',#870,#867,#394,.T.);
#1061=EDGE_CURVE('',#868,#871,#395,.T.);
#1062=EDGE_CURVE('',#872,#871,#396,.T.);
#1063=EDGE_CURVE('',#869,#872,#397,.T.);
#1064=EDGE_CURVE('',#871,#873,#398,.T.);
#1065=EDGE_CURVE('',#874,#873,#399,.T.);
#1066=EDGE_CURVE('',#872,#874,#400,.T.);
#1067=EDGE_CURVE('',#873,#867,#401,.T.);
#1068=EDGE_CURVE('',#874,#870,#402,.T.);
#1069=EDGE_CURVE('',#875,#876,#403,.T.);
#1070=EDGE_CURVE('',#877,#876,#404,.T.);
#1071=EDGE_CURVE('',#878,#877,#405,.T.);
#1072=EDGE_CURVE('',#878,#875,#406,.T.);
#1073=EDGE_CURVE('',#876,#879,#407,.T.);
#1074=EDGE_CURVE('',#880,#879,#408,.T.);
#1075=EDGE_CURVE('',#877,#880,#409,.T.);
#1076=EDGE_CURVE('',#879,#881,#410,.T.);
#1077=EDGE_CURVE('',#882,#881,#411,.T.);
#1078=EDGE_CURVE('',#880,#882,#412,.T.);
#1079=EDGE_CURVE('',#881,#875,#413,.T.);
#1080=EDGE_CURVE('',#882,#878,#414,.T.);
#1081=EDGE_CURVE('',#883,#884,#415,.T.);
#1082=EDGE_CURVE('',#885,#884,#416,.T.);
#1083=EDGE_CURVE('',#886,#885,#417,.T.);
#1084=EDGE_CURVE('',#886,#883,#418,.T.);
#1085=EDGE_CURVE('',#884,#887,#419,.T.);
#1086=EDGE_CURVE('',#888,#887,#420,.T.);
#1087=EDGE_CURVE('',#885,#888,#421,.T.);
#1088=EDGE_CURVE('',#887,#889,#422,.T.);
#1089=EDGE_CURVE('',#890,#889,#423,.T.);
#1090=EDGE_CURVE('',#888,#890,#424,.T.);
#1091=EDGE_CURVE('',#889,#883,#425,.T.);
#1092=EDGE_CURVE('',#890,#886,#426,.T.);
#1093=EDGE_CURVE('',#891,#892,#427,.T.);
#1094=EDGE_CURVE('',#893,#892,#428,.T.);
#1095=EDGE_CURVE('',#894,#893,#429,.T.);
#1096=EDGE_CURVE('',#894,#891,#430,.T.);
#1097=EDGE_CURVE('',#892,#895,#431,.T.);
#1098=EDGE_CURVE('',#896,#895,#432,.T.);
#1099=EDGE_CURVE('',#893,#896,#433,.T.);
#1100=EDGE_CURVE('',#895,#897,#434,.T.);
#1101=EDGE_CURVE('',#898,#897,#435,.T.);
#1102=EDGE_CURVE('',#896,#898,#436,.T.);
#1103=EDGE_CURVE('',#897,#891,#437,.T.);
#1104=EDGE_CURVE('',#898,#894,#438,.T.);
#1105=EDGE_CURVE('',#899,#900,#439,.T.);
#1106=EDGE_CURVE('',#901,#900,#440,.T.);
#1107=EDGE_CURVE('',#902,#901,#441,.T.);
#1108=EDGE_CURVE('',#902,#899,#442,.T.);
#1109=EDGE_CURVE('',#900,#903,#443,.T.);
#1110=EDGE_CURVE('',#904,#903,#444,.T.);
#1111=EDGE_CURVE('',#901,#904,#445,.T.);
#1112=EDGE_CURVE('',#903,#905,#446,.T.);
#1113=EDGE_CURVE('',#906,#905,#447,.T.);
#1114=EDGE_CURVE('',#904,#906,#448,.T.);
#1115=EDGE_CURVE('',#905,#899,#449,.T.);
#1116=EDGE_CURVE('',#906,#902,#450,.T.);
#1117=EDGE_CURVE('',#907,#908,#451,.T.);
#1118=EDGE_CURVE('',#909,#908,#452,.T.);
#1119=EDGE_CURVE('',#910,#909,#453,.T.);
#1120=EDGE_CURVE('',#910,#907,#454,.T.);
#1121=EDGE_CURVE('',#908,#911,#455,.T.);
#1122=EDGE_CURVE('',#912,#911,#456,.T.);
#1123=EDGE_CURVE('',#909,#912,#457,.T.);
#1124=EDGE_CURVE('',#911,#913,#458,.T.);
#1125=EDGE_CURVE('',#914,#913,#459,.T.);
#1126=EDGE_CURVE('',#912,#914,#460,.T.);
#1127=EDGE_CURVE('',#913,#907,#461,.T.);
#1128=EDGE_CURVE('',#914,#910,#462,.T.);
#1129=EDGE_CURVE('',#915,#916,#463,.T.);
#1130=EDGE_CURVE('',#917,#916,#464,.T.);
#1131=EDGE_CURVE('',#918,#917,#465,.T.);
#1132=EDGE_CURVE('',#918,#915,#466,.T.);
#1133=EDGE_CURVE('',#916,#919,#467,.T.);
#1134=EDGE_CURVE('',#920,#919,#468,.T.);
#1135=EDGE_CURVE('',#917,#920,#469,.T.);
#1136=EDGE_CURVE('',#919,#921,#470,.T.);
#1137=EDGE_CURVE('',#922,#921,#471,.T.);
#1138=EDGE_CURVE('',#920,#922,#472,.T.);
#1139=EDGE_CURVE('',#921,#915,#473,.T.);
#1140=EDGE_CURVE('',#922,#918,#474,.T.);
#1141=EDGE_CURVE('',#923,#924,#475,.T.);
#1142=EDGE_CURVE('',#925,#924,#476,.T.);
#1143=EDGE_CURVE('',#926,#925,#477,.T.);
#1144=EDGE_CURVE('',#926,#923,#478,.T.);
#1145=EDGE_CURVE('',#924,#927,#479,.T.);
#1146=EDGE_CURVE('',#928,#927,#480,.T.);
#1147=EDGE_CURVE('',#925,#928,#481,.T.);
#1148=EDGE_CURVE('',#927,#929,#482,.T.);
#1149=EDGE_CURVE('',#930,#929,#483,.T.);
#1150=EDGE_CURVE('',#928,#930,#484,.T.);
#1151=EDGE_CURVE('',#929,#923,#485,.T.);
#1152=EDGE_CURVE('',#930,#926,#486,.T.);
#1153=EDGE_CURVE('',#931,#932,#487,.T.);
#1154=EDGE_CURVE('',#933,#932,#488,.T.);
#1155=EDGE_CURVE('',#934,#933,#489,.T.);
#1156=EDGE_CURVE('',#934,#931,#490,.T.);
#1157=EDGE_CURVE('',#932,#935,#491,.T.);
#1158=EDGE_CURVE('',#936,#935,#492,.T.);
#1159=EDGE_CURVE('',#933,#936,#493,.T.);
#1160=EDGE_CURVE('',#935,#937,#494,.T.);
#1161=EDGE_CURVE('',#938,#937,#495,.T.);
#1162=EDGE_CURVE('',#936,#938,#496,.T.);
#1163=EDGE_CURVE('',#937,#931,#497,.T.);
#1164=EDGE_CURVE('',#938,#934,#498,.T.);
#1165=EDGE_CURVE('',#939,#940,#499,.T.);
#1166=EDGE_CURVE('',#941,#940,#500,.T.);
#1167=EDGE_CURVE('',#942,#941,#501,.T.);
#1168=EDGE_CURVE('',#942,#939,#502,.T.);
#1169=EDGE_CURVE('',#940,#943,#503,.T.);
#1170=EDGE_CURVE('',#944,#943,#504,.T.);
#1171=EDGE_CURVE('',#941,#944,#505,.T.);
#1172=EDGE_CURVE('',#943,#945,#506,.T.);
#1173=EDGE_CURVE('',#946,#945,#507,.T.);
#1174=EDGE_CURVE('',#944,#946,#508,.T.);
#1175=EDGE_CURVE('',#945,#939,#509,.T.);
#1176=EDGE_CURVE('',#946,#942,#510,.T.);
#1177=EDGE_CURVE('',#947,#948,#511,.T.);
#1178=EDGE_CURVE('',#949,#947,#512,.T.);
#1179=EDGE_CURVE('',#949,#950,#513,.T.);
#1180=EDGE_CURVE('',#950,#948,#514,.T.);
#1181=EDGE_CURVE('',#948,#951,#515,.T.);
#1182=EDGE_CURVE('',#950,#952,#516,.T.);
#1183=EDGE_CURVE('',#952,#951,#517,.T.);
#1184=EDGE_CURVE('',#951,#953,#518,.T.);
#1185=EDGE_CURVE('',#952,#954,#519,.T.);
#1186=EDGE_CURVE('',#954,#953,#520,.T.);
#1187=EDGE_CURVE('',#953,#947,#521,.T.);
#1188=EDGE_CURVE('',#954,#949,#522,.T.);
#1189=EDGE_CURVE('',#955,#956,#523,.T.);
#1190=EDGE_CURVE('',#957,#956,#524,.T.);
#1191=EDGE_CURVE('',#958,#957,#525,.T.);
#1192=EDGE_CURVE('',#958,#955,#526,.T.);
#1193=EDGE_CURVE('',#956,#959,#527,.T.);
#1194=EDGE_CURVE('',#960,#959,#528,.T.);
#1195=EDGE_CURVE('',#957,#960,#529,.T.);
#1196=EDGE_CURVE('',#959,#961,#530,.T.);
#1197=EDGE_CURVE('',#962,#961,#531,.T.);
#1198=EDGE_CURVE('',#960,#962,#532,.T.);
#1199=EDGE_CURVE('',#961,#955,#533,.T.);
#1200=EDGE_CURVE('',#962,#958,#534,.T.);
#1201=EDGE_CURVE('',#963,#964,#535,.T.);
#1202=EDGE_CURVE('',#965,#964,#536,.T.);
#1203=EDGE_CURVE('',#966,#965,#537,.T.);
#1204=EDGE_CURVE('',#966,#963,#538,.T.);
#1205=EDGE_CURVE('',#964,#967,#539,.T.);
#1206=EDGE_CURVE('',#968,#967,#540,.T.);
#1207=EDGE_CURVE('',#965,#968,#541,.T.);
#1208=EDGE_CURVE('',#967,#969,#542,.T.);
#1209=EDGE_CURVE('',#970,#969,#543,.T.);
#1210=EDGE_CURVE('',#968,#970,#544,.T.);
#1211=EDGE_CURVE('',#969,#963,#545,.T.);
#1212=EDGE_CURVE('',#970,#966,#546,.T.);
#1213=EDGE_CURVE('',#971,#972,#547,.T.);
#1214=EDGE_CURVE('',#973,#972,#548,.T.);
#1215=EDGE_CURVE('',#974,#973,#549,.T.);
#1216=EDGE_CURVE('',#974,#971,#550,.T.);
#1217=EDGE_CURVE('',#972,#975,#551,.T.);
#1218=EDGE_CURVE('',#976,#975,#552,.T.);
#1219=EDGE_CURVE('',#973,#976,#553,.T.);
#1220=EDGE_CURVE('',#975,#977,#554,.T.);
#1221=EDGE_CURVE('',#978,#977,#555,.T.);
#1222=EDGE_CURVE('',#976,#978,#556,.T.);
#1223=EDGE_CURVE('',#977,#971,#557,.T.);
#1224=EDGE_CURVE('',#978,#974,#558,.T.);
#1225=EDGE_CURVE('',#979,#980,#559,.T.);
#1226=EDGE_CURVE('',#981,#980,#560,.T.);
#1227=EDGE_CURVE('',#982,#981,#561,.T.);
#1228=EDGE_CURVE('',#982,#979,#562,.T.);
#1229=EDGE_CURVE('',#980,#983,#563,.T.);
#1230=EDGE_CURVE('',#984,#983,#564,.T.);
#1231=EDGE_CURVE('',#981,#984,#565,.T.);
#1232=EDGE_CURVE('',#983,#985,#566,.T.);
#1233=EDGE_CURVE('',#986,#985,#567,.T.);
#1234=EDGE_CURVE('',#984,#986,#568,.T.);
#1235=EDGE_CURVE('',#985,#979,#569,.T.);
#1236=EDGE_CURVE('',#986,#982,#570,.T.);
#1237=EDGE_CURVE('',#987,#988,#571,.T.);
#1238=EDGE_CURVE('',#989,#988,#572,.T.);
#1239=EDGE_CURVE('',#990,#989,#573,.T.);
#1240=EDGE_CURVE('',#990,#987,#574,.T.);
#1241=EDGE_CURVE('',#988,#991,#575,.T.);
#1242=EDGE_CURVE('',#992,#991,#576,.T.);
#1243=EDGE_CURVE('',#989,#992,#577,.T.);
#1244=EDGE_CURVE('',#991,#993,#578,.T.);
#1245=EDGE_CURVE('',#994,#993,#579,.T.);
#1246=EDGE_CURVE('',#992,#994,#580,.T.);
#1247=EDGE_CURVE('',#993,#987,#581,.T.);
#1248=EDGE_CURVE('',#994,#990,#582,.T.);
#1249=EDGE_CURVE('',#995,#995,#28,.T.);
#1250=EDGE_CURVE('',#996,#995,#29,.T.);
#1251=ORIENTED_EDGE('',*,*,#997,.T.);
#1252=ORIENTED_EDGE('',*,*,#998,.F.);
#1253=ORIENTED_EDGE('',*,*,#999,.F.);
#1254=ORIENTED_EDGE('',*,*,#1000,.T.);
#1255=ORIENTED_EDGE('',*,*,#1001,.T.);
#1256=ORIENTED_EDGE('',*,*,#1002,.F.);
#1257=ORIENTED_EDGE('',*,*,#1003,.F.);
#1258=ORIENTED_EDGE('',*,*,#998,.T.);
#1259=ORIENTED_EDGE('',*,*,#1004,.T.);
#1260=ORIENTED_EDGE('',*,*,#1005,.F.);
#1261=ORIENTED_EDGE('',*,*,#1006,.F.);
#1262=ORIENTED_EDGE('',*,*,#1002,.T.);
#1263=ORIENTED_EDGE('',*,*,#1007,.T.);
#1264=ORIENTED_EDGE('',*,*,#1000,.F.);
#1265=ORIENTED_EDGE('',*,*,#1008,.F.);
#1266=ORIENTED_EDGE('',*,*,#1005,.T.);
#1267=ORIENTED_EDGE('',*,*,#999,.T.);
#1268=ORIENTED_EDGE('',*,*,#1003,.T.);
#1269=ORIENTED_EDGE('',*,*,#1006,.T.);
#1270=ORIENTED_EDGE('',*,*,#1008,.T.);
#1271=ORIENTED_EDGE('',*,*,#997,.F.);
#1272=ORIENTED_EDGE('',*,*,#1007,.F.);
#1273=ORIENTED_EDGE('',*,*,#1004,.F.);
#1274=ORIENTED_EDGE('',*,*,#1001,.F.);
#1275=ORIENTED_EDGE('',*,*,#1009,.F.);
#1276=ORIENTED_EDGE('',*,*,#1010,.F.);
#1277=ORIENTED_EDGE('',*,*,#1011,.T.);
#1278=ORIENTED_EDGE('',*,*,#1012,.T.);
#1279=ORIENTED_EDGE('',*,*,#1013,.T.);
#1280=ORIENTED_EDGE('',*,*,#1014,.T.);
#1281=ORIENTED_EDGE('',*,*,#1015,.F.);
#1282=ORIENTED_EDGE('',*,*,#1016,.F.);
#1283=ORIENTED_EDGE('',*,*,#1017,.T.);
#1284=ORIENTED_EDGE('',*,*,#1018,.T.);
#1285=ORIENTED_EDGE('',*,*,#1019,.T.);
#1286=ORIENTED_EDGE('',*,*,#1009,.T.);
#1287=ORIENTED_EDGE('',*,*,#1018,.F.);
#1288=ORIENTED_EDGE('',*,*,#1020,.F.);
#1289=ORIENTED_EDGE('',*,*,#1021,.T.);
#1290=ORIENTED_EDGE('',*,*,#1022,.T.);
#1291=ORIENTED_EDGE('',*,*,#1017,.F.);
#1292=ORIENTED_EDGE('',*,*,#1012,.F.);
#1293=ORIENTED_EDGE('',*,*,#1023,.T.);
#1294=ORIENTED_EDGE('',*,*,#1020,.T.);
#1295=ORIENTED_EDGE('',*,*,#1023,.F.);
#1296=ORIENTED_EDGE('',*,*,#1011,.F.);
#1297=ORIENTED_EDGE('',*,*,#1024,.F.);
#1298=ORIENTED_EDGE('',*,*,#1021,.F.);
#1299=ORIENTED_EDGE('',*,*,#1019,.F.);
#1300=ORIENTED_EDGE('',*,*,#1022,.F.);
#1301=ORIENTED_EDGE('',*,*,#1024,.T.);
#1302=ORIENTED_EDGE('',*,*,#1010,.T.);
#1303=ORIENTED_EDGE('',*,*,#1025,.F.);
#1304=ORIENTED_EDGE('',*,*,#1014,.F.);
#1305=ORIENTED_EDGE('',*,*,#1026,.F.);
#1306=ORIENTED_EDGE('',*,*,#1027,.F.);
#1307=ORIENTED_EDGE('',*,*,#1027,.T.);
#1308=ORIENTED_EDGE('',*,*,#1028,.F.);
#1309=ORIENTED_EDGE('',*,*,#1029,.F.);
#1310=ORIENTED_EDGE('',*,*,#1030,.T.);
#1311=ORIENTED_EDGE('',*,*,#1025,.T.);
#1312=ORIENTED_EDGE('',*,*,#1030,.F.);
#1313=ORIENTED_EDGE('',*,*,#1031,.F.);
#1314=ORIENTED_EDGE('',*,*,#1015,.T.);
#1315=ORIENTED_EDGE('',*,*,#1031,.T.);
#1316=ORIENTED_EDGE('',*,*,#1029,.T.);
#1317=ORIENTED_EDGE('',*,*,#1032,.T.);
#1318=ORIENTED_EDGE('',*,*,#1016,.T.);
#1319=ORIENTED_EDGE('',*,*,#1026,.T.);
#1320=ORIENTED_EDGE('',*,*,#1013,.F.);
#1321=ORIENTED_EDGE('',*,*,#1032,.F.);
#1322=ORIENTED_EDGE('',*,*,#1028,.T.);
#1323=ORIENTED_EDGE('',*,*,#1033,.T.);
#1324=ORIENTED_EDGE('',*,*,#1034,.F.);
#1325=ORIENTED_EDGE('',*,*,#1035,.T.);
#1326=ORIENTED_EDGE('',*,*,#1036,.T.);
#1327=ORIENTED_EDGE('',*,*,#1034,.T.);
#1328=ORIENTED_EDGE('',*,*,#1036,.F.);
#1329=ORIENTED_EDGE('',*,*,#1035,.F.);
#1330=ORIENTED_EDGE('',*,*,#1037,.T.);
#1331=ORIENTED_EDGE('',*,*,#1038,.T.);
#1332=ORIENTED_EDGE('',*,*,#1038,.F.);
#1333=ORIENTED_EDGE('',*,*,#1039,.T.);
#1334=ORIENTED_EDGE('',*,*,#1033,.F.);
#1335=ORIENTED_EDGE('',*,*,#1039,.F.);
#1336=ORIENTED_EDGE('',*,*,#1040,.F.);
#1337=ORIENTED_EDGE('',*,*,#1040,.T.);
#1338=ORIENTED_EDGE('',*,*,#1041,.T.);
#1339=ORIENTED_EDGE('',*,*,#1037,.F.);
#1340=ORIENTED_EDGE('',*,*,#1041,.F.);
#1341=ORIENTED_EDGE('',*,*,#1042,.T.);
#1342=ORIENTED_EDGE('',*,*,#1043,.T.);
#1343=ORIENTED_EDGE('',*,*,#1044,.F.);
#1344=ORIENTED_EDGE('',*,*,#1045,.T.);
#1345=ORIENTED_EDGE('',*,*,#1046,.T.);
#1346=ORIENTED_EDGE('',*,*,#1047,.T.);
#1347=ORIENTED_EDGE('',*,*,#1048,.F.);
#1348=ORIENTED_EDGE('',*,*,#1043,.F.);
#1349=ORIENTED_EDGE('',*,*,#1049,.T.);
#1350=ORIENTED_EDGE('',*,*,#1050,.T.);
#1351=ORIENTED_EDGE('',*,*,#1051,.F.);
#1352=ORIENTED_EDGE('',*,*,#1047,.F.);
#1353=ORIENTED_EDGE('',*,*,#1052,.T.);
#1354=ORIENTED_EDGE('',*,*,#1045,.F.);
#1355=ORIENTED_EDGE('',*,*,#1053,.F.);
#1356=ORIENTED_EDGE('',*,*,#1050,.F.);
#1357=ORIENTED_EDGE('',*,*,#1044,.T.);
#1358=ORIENTED_EDGE('',*,*,#1048,.T.);
#1359=ORIENTED_EDGE('',*,*,#1051,.T.);
#1360=ORIENTED_EDGE('',*,*,#1053,.T.);
#1361=ORIENTED_EDGE('',*,*,#1042,.F.);
#1362=ORIENTED_EDGE('',*,*,#1052,.F.);
#1363=ORIENTED_EDGE('',*,*,#1049,.F.);
#1364=ORIENTED_EDGE('',*,*,#1046,.F.);
#1365=ORIENTED_EDGE('',*,*,#1054,.F.);
#1366=ORIENTED_EDGE('',*,*,#1055,.T.);
#1367=ORIENTED_EDGE('',*,*,#1056,.T.);
#1368=ORIENTED_EDGE('',*,*,#1055,.F.);
#1369=ORIENTED_EDGE('',*,*,#1056,.F.);
#1370=ORIENTED_EDGE('',*,*,#1054,.T.);
#1371=ORIENTED_EDGE('',*,*,#1057,.T.);
#1372=ORIENTED_EDGE('',*,*,#1058,.F.);
#1373=ORIENTED_EDGE('',*,*,#1059,.F.);
#1374=ORIENTED_EDGE('',*,*,#1060,.T.);
#1375=ORIENTED_EDGE('',*,*,#1061,.T.);
#1376=ORIENTED_EDGE('',*,*,#1062,.F.);
#1377=ORIENTED_EDGE('',*,*,#1063,.F.);
#1378=ORIENTED_EDGE('',*,*,#1058,.T.);
#1379=ORIENTED_EDGE('',*,*,#1064,.T.);
#1380=ORIENTED_EDGE('',*,*,#1065,.F.);
#1381=ORIENTED_EDGE('',*,*,#1066,.F.);
#1382=ORIENTED_EDGE('',*,*,#1062,.T.);
#1383=ORIENTED_EDGE('',*,*,#1067,.T.);
#1384=ORIENTED_EDGE('',*,*,#1060,.F.);
#1385=ORIENTED_EDGE('',*,*,#1068,.F.);
#1386=ORIENTED_EDGE('',*,*,#1065,.T.);
#1387=ORIENTED_EDGE('',*,*,#1059,.T.);
#1388=ORIENTED_EDGE('',*,*,#1063,.T.);
#1389=ORIENTED_EDGE('',*,*,#1066,.T.);
#1390=ORIENTED_EDGE('',*,*,#1068,.T.);
#1391=ORIENTED_EDGE('',*,*,#1057,.F.);
#1392=ORIENTED_EDGE('',*,*,#1067,.F.);
#1393=ORIENTED_EDGE('',*,*,#1064,.F.);
#1394=ORIENTED_EDGE('',*,*,#1061,.F.);
#1395=ORIENTED_EDGE('',*,*,#1069,.T.);
#1396=ORIENTED_EDGE('',*,*,#1070,.F.);
#1397=ORIENTED_EDGE('',*,*,#1071,.F.);
#1398=ORIENTED_EDGE('',*,*,#1072,.T.);
#1399=ORIENTED_EDGE('',*,*,#1073,.T.);
#1400=ORIENTED_EDGE('',*,*,#1074,.F.);
#1401=ORIENTED_EDGE('',*,*,#1075,.F.);
#1402=ORIENTED_EDGE('',*,*,#1070,.T.);
#1403=ORIENTED_EDGE('',*,*,#1076,.T.);
#1404=ORIENTED_EDGE('',*,*,#1077,.F.);
#1405=ORIENTED_EDGE('',*,*,#1078,.F.);
#1406=ORIENTED_EDGE('',*,*,#1074,.T.);
#1407=ORIENTED_EDGE('',*,*,#1079,.T.);
#1408=ORIENTED_EDGE('',*,*,#1072,.F.);
#1409=ORIENTED_EDGE('',*,*,#1080,.F.);
#1410=ORIENTED_EDGE('',*,*,#1077,.T.);
#1411=ORIENTED_EDGE('',*,*,#1071,.T.);
#1412=ORIENTED_EDGE('',*,*,#1075,.T.);
#1413=ORIENTED_EDGE('',*,*,#1078,.T.);
#1414=ORIENTED_EDGE('',*,*,#1080,.T.);
#1415=ORIENTED_EDGE('',*,*,#1069,.F.);
#1416=ORIENTED_EDGE('',*,*,#1079,.F.);
#1417=ORIENTED_EDGE('',*,*,#1076,.F.);
#1418=ORIENTED_EDGE('',*,*,#1073,.F.);
#1419=ORIENTED_EDGE('',*,*,#1081,.T.);
#1420=ORIENTED_EDGE('',*,*,#1082,.F.);
#1421=ORIENTED_EDGE('',*,*,#1083,.F.);
#1422=ORIENTED_EDGE('',*,*,#1084,.T.);
#1423=ORIENTED_EDGE('',*,*,#1085,.T.);
#1424=ORIENTED_EDGE('',*,*,#1086,.F.);
#1425=ORIENTED_EDGE('',*,*,#1087,.F.);
#1426=ORIENTED_EDGE('',*,*,#1082,.T.);
#1427=ORIENTED_EDGE('',*,*,#1088,.T.);
#1428=ORIENTED_EDGE('',*,*,#1089,.F.);
#1429=ORIENTED_EDGE('',*,*,#1090,.F.);
#1430=ORIENTED_EDGE('',*,*,#1086,.T.);
#1431=ORIENTED_EDGE('',*,*,#1091,.T.);
#1432=ORIENTED_EDGE('',*,*,#1084,.F.);
#1433=ORIENTED_EDGE('',*,*,#1092,.F.);
#1434=ORIENTED_EDGE('',*,*,#1089,.T.);
#1435=ORIENTED_EDGE('',*,*,#1083,.T.);
#1436=ORIENTED_EDGE('',*,*,#1087,.T.);
#1437=ORIENTED_EDGE('',*,*,#1090,.T.);
#1438=ORIENTED_EDGE('',*,*,#1092,.T.);
#1439=ORIENTED_EDGE('',*,*,#1081,.F.);
#1440=ORIENTED_EDGE('',*,*,#1091,.F.);
#1441=ORIENTED_EDGE('',*,*,#1088,.F.);
#1442=ORIENTED_EDGE('',*,*,#1085,.F.);
#1443=ORIENTED_EDGE('',*,*,#1093,.T.);
#1444=ORIENTED_EDGE('',*,*,#1094,.F.);
#1445=ORIENTED_EDGE('',*,*,#1095,.F.);
#1446=ORIENTED_EDGE('',*,*,#1096,.T.);
#1447=ORIENTED_EDGE('',*,*,#1097,.T.);
#1448=ORIENTED_EDGE('',*,*,#1098,.F.);
#1449=ORIENTED_EDGE('',*,*,#1099,.F.);
#1450=ORIENTED_EDGE('',*,*,#1094,.T.);
#1451=ORIENTED_EDGE('',*,*,#1100,.T.);
#1452=ORIENTED_EDGE('',*,*,#1101,.F.);
#1453=ORIENTED_EDGE('',*,*,#1102,.F.);
#1454=ORIENTED_EDGE('',*,*,#1098,.T.);
#1455=ORIENTED_EDGE('',*,*,#1103,.T.);
#1456=ORIENTED_EDGE('',*,*,#1096,.F.);
#1457=ORIENTED_EDGE('',*,*,#1104,.F.);
#1458=ORIENTED_EDGE('',*,*,#1101,.T.);
#1459=ORIENTED_EDGE('',*,*,#1095,.T.);
#1460=ORIENTED_EDGE('',*,*,#1099,.T.);
#1461=ORIENTED_EDGE('',*,*,#1102,.T.);
#1462=ORIENTED_EDGE('',*,*,#1104,.T.);
#1463=ORIENTED_EDGE('',*,*,#1093,.F.);
#1464=ORIENTED_EDGE('',*,*,#1103,.F.);
#1465=ORIENTED_EDGE('',*,*,#1100,.F.);
#1466=ORIENTED_EDGE('',*,*,#1097,.F.);
#1467=ORIENTED_EDGE('',*,*,#1105,.T.);
#1468=ORIENTED_EDGE('',*,*,#1106,.F.);
#1469=ORIENTED_EDGE('',*,*,#1107,.F.);
#1470=ORIENTED_EDGE('',*,*,#1108,.T.);
#1471=ORIENTED_EDGE('',*,*,#1109,.T.);
#1472=ORIENTED_EDGE('',*,*,#1110,.F.);
#1473=ORIENTED_EDGE('',*,*,#1111,.F.);
#1474=ORIENTED_EDGE('',*,*,#1106,.T.);
#1475=ORIENTED_EDGE('',*,*,#1112,.T.);
#1476=ORIENTED_EDGE('',*,*,#1113,.F.);
#1477=ORIENTED_EDGE('',*,*,#1114,.F.);
#1478=ORIENTED_EDGE('',*,*,#1110,.T.);
#1479=ORIENTED_EDGE('',*,*,#1115,.T.);
#1480=ORIENTED_EDGE('',*,*,#1108,.F.);
#1481=ORIENTED_EDGE('',*,*,#1116,.F.);
#1482=ORIENTED_EDGE('',*,*,#1113,.T.);
#1483=ORIENTED_EDGE('',*,*,#1107,.T.);
#1484=ORIENTED_EDGE('',*,*,#1111,.T.);
#1485=ORIENTED_EDGE('',*,*,#1114,.T.);
#1486=ORIENTED_EDGE('',*,*,#1116,.T.);
#1487=ORIENTED_EDGE('',*,*,#1105,.F.);
#1488=ORIENTED_EDGE('',*,*,#1115,.F.);
#1489=ORIENTED_EDGE('',*,*,#1112,.F.);
#1490=ORIENTED_EDGE('',*,*,#1109,.F.);
#1491=ORIENTED_EDGE('',*,*,#1117,.T.);
#1492=ORIENTED_EDGE('',*,*,#1118,.F.);
#1493=ORIENTED_EDGE('',*,*,#1119,.F.);
#1494=ORIENTED_EDGE('',*,*,#1120,.T.);
#1495=ORIENTED_EDGE('',*,*,#1121,.T.);
#1496=ORIENTED_EDGE('',*,*,#1122,.F.);
#1497=ORIENTED_EDGE('',*,*,#1123,.F.);
#1498=ORIENTED_EDGE('',*,*,#1118,.T.);
#1499=ORIENTED_EDGE('',*,*,#1124,.T.);
#1500=ORIENTED_EDGE('',*,*,#1125,.F.);
#1501=ORIENTED_EDGE('',*,*,#1126,.F.);
#1502=ORIENTED_EDGE('',*,*,#1122,.T.);
#1503=ORIENTED_EDGE('',*,*,#1127,.T.);
#1504=ORIENTED_EDGE('',*,*,#1120,.F.);
#1505=ORIENTED_EDGE('',*,*,#1128,.F.);
#1506=ORIENTED_EDGE('',*,*,#1125,.T.);
#1507=ORIENTED_EDGE('',*,*,#1119,.T.);
#1508=ORIENTED_EDGE('',*,*,#1123,.T.);
#1509=ORIENTED_EDGE('',*,*,#1126,.T.);
#1510=ORIENTED_EDGE('',*,*,#1128,.T.);
#1511=ORIENTED_EDGE('',*,*,#1117,.F.);
#1512=ORIENTED_EDGE('',*,*,#1127,.F.);
#1513=ORIENTED_EDGE('',*,*,#1124,.F.);
#1514=ORIENTED_EDGE('',*,*,#1121,.F.);
#1515=ORIENTED_EDGE('',*,*,#1129,.T.);
#1516=ORIENTED_EDGE('',*,*,#1130,.F.);
#1517=ORIENTED_EDGE('',*,*,#1131,.F.);
#1518=ORIENTED_EDGE('',*,*,#1132,.T.);
#1519=ORIENTED_EDGE('',*,*,#1133,.T.);
#1520=ORIENTED_EDGE('',*,*,#1134,.F.);
#1521=ORIENTED_EDGE('',*,*,#1135,.F.);
#1522=ORIENTED_EDGE('',*,*,#1130,.T.);
#1523=ORIENTED_EDGE('',*,*,#1136,.T.);
#1524=ORIENTED_EDGE('',*,*,#1137,.F.);
#1525=ORIENTED_EDGE('',*,*,#1138,.F.);
#1526=ORIENTED_EDGE('',*,*,#1134,.T.);
#1527=ORIENTED_EDGE('',*,*,#1139,.T.);
#1528=ORIENTED_EDGE('',*,*,#1132,.F.);
#1529=ORIENTED_EDGE('',*,*,#1140,.F.);
#1530=ORIENTED_EDGE('',*,*,#1137,.T.);
#1531=ORIENTED_EDGE('',*,*,#1131,.T.);
#1532=ORIENTED_EDGE('',*,*,#1135,.T.);
#1533=ORIENTED_EDGE('',*,*,#1138,.T.);
#1534=ORIENTED_EDGE('',*,*,#1140,.T.);
#1535=ORIENTED_EDGE('',*,*,#1129,.F.);
#1536=ORIENTED_EDGE('',*,*,#1139,.F.);
#1537=ORIENTED_EDGE('',*,*,#1136,.F.);
#1538=ORIENTED_EDGE('',*,*,#1133,.F.);
#1539=ORIENTED_EDGE('',*,*,#1141,.T.);
#1540=ORIENTED_EDGE('',*,*,#1142,.F.);
#1541=ORIENTED_EDGE('',*,*,#1143,.F.);
#1542=ORIENTED_EDGE('',*,*,#1144,.T.);
#1543=ORIENTED_EDGE('',*,*,#1145,.T.);
#1544=ORIENTED_EDGE('',*,*,#1146,.F.);
#1545=ORIENTED_EDGE('',*,*,#1147,.F.);
#1546=ORIENTED_EDGE('',*,*,#1142,.T.);
#1547=ORIENTED_EDGE('',*,*,#1148,.T.);
#1548=ORIENTED_EDGE('',*,*,#1149,.F.);
#1549=ORIENTED_EDGE('',*,*,#1150,.F.);
#1550=ORIENTED_EDGE('',*,*,#1146,.T.);
#1551=ORIENTED_EDGE('',*,*,#1151,.T.);
#1552=ORIENTED_EDGE('',*,*,#1144,.F.);
#1553=ORIENTED_EDGE('',*,*,#1152,.F.);
#1554=ORIENTED_EDGE('',*,*,#1149,.T.);
#1555=ORIENTED_EDGE('',*,*,#1143,.T.);
#1556=ORIENTED_EDGE('',*,*,#1147,.T.);
#1557=ORIENTED_EDGE('',*,*,#1150,.T.);
#1558=ORIENTED_EDGE('',*,*,#1152,.T.);
#1559=ORIENTED_EDGE('',*,*,#1141,.F.);
#1560=ORIENTED_EDGE('',*,*,#1151,.F.);
#1561=ORIENTED_EDGE('',*,*,#1148,.F.);
#1562=ORIENTED_EDGE('',*,*,#1145,.F.);
#1563=ORIENTED_EDGE('',*,*,#1153,.T.);
#1564=ORIENTED_EDGE('',*,*,#1154,.F.);
#1565=ORIENTED_EDGE('',*,*,#1155,.F.);
#1566=ORIENTED_EDGE('',*,*,#1156,.T.);
#1567=ORIENTED_EDGE('',*,*,#1157,.T.);
#1568=ORIENTED_EDGE('',*,*,#1158,.F.);
#1569=ORIENTED_EDGE('',*,*,#1159,.F.);
#1570=ORIENTED_EDGE('',*,*,#1154,.T.);
#1571=ORIENTED_EDGE('',*,*,#1160,.T.);
#1572=ORIENTED_EDGE('',*,*,#1161,.F.);
#1573=ORIENTED_EDGE('',*,*,#1162,.F.);
#1574=ORIENTED_EDGE('',*,*,#1158,.T.);
#1575=ORIENTED_EDGE('',*,*,#1163,.T.);
#1576=ORIENTED_EDGE('',*,*,#1156,.F.);
#1577=ORIENTED_EDGE('',*,*,#1164,.F.);
#1578=ORIENTED_EDGE('',*,*,#1161,.T.);
#1579=ORIENTED_EDGE('',*,*,#1155,.T.);
#1580=ORIENTED_EDGE('',*,*,#1159,.T.);
#1581=ORIENTED_EDGE('',*,*,#1162,.T.);
#1582=ORIENTED_EDGE('',*,*,#1164,.T.);
#1583=ORIENTED_EDGE('',*,*,#1153,.F.);
#1584=ORIENTED_EDGE('',*,*,#1163,.F.);
#1585=ORIENTED_EDGE('',*,*,#1160,.F.);
#1586=ORIENTED_EDGE('',*,*,#1157,.F.);
#1587=ORIENTED_EDGE('',*,*,#1165,.T.);
#1588=ORIENTED_EDGE('',*,*,#1166,.F.);
#1589=ORIENTED_EDGE('',*,*,#1167,.F.);
#1590=ORIENTED_EDGE('',*,*,#1168,.T.);
#1591=ORIENTED_EDGE('',*,*,#1169,.T.);
#1592=ORIENTED_EDGE('',*,*,#1170,.F.);
#1593=ORIENTED_EDGE('',*,*,#1171,.F.);
#1594=ORIENTED_EDGE('',*,*,#1166,.T.);
#1595=ORIENTED_EDGE('',*,*,#1172,.T.);
#1596=ORIENTED_EDGE('',*,*,#1173,.F.);
#1597=ORIENTED_EDGE('',*,*,#1174,.F.);
#1598=ORIENTED_EDGE('',*,*,#1170,.T.);
#1599=ORIENTED_EDGE('',*,*,#1175,.T.);
#1600=ORIENTED_EDGE('',*,*,#1168,.F.);
#1601=ORIENTED_EDGE('',*,*,#1176,.F.);
#1602=ORIENTED_EDGE('',*,*,#1173,.T.);
#1603=ORIENTED_EDGE('',*,*,#1167,.T.);
#1604=ORIENTED_EDGE('',*,*,#1171,.T.);
#1605=ORIENTED_EDGE('',*,*,#1174,.T.);
#1606=ORIENTED_EDGE('',*,*,#1176,.T.);
#1607=ORIENTED_EDGE('',*,*,#1165,.F.);
#1608=ORIENTED_EDGE('',*,*,#1175,.F.);
#1609=ORIENTED_EDGE('',*,*,#1172,.F.);
#1610=ORIENTED_EDGE('',*,*,#1169,.F.);
#1611=ORIENTED_EDGE('',*,*,#1177,.F.);
#1612=ORIENTED_EDGE('',*,*,#1178,.F.);
#1613=ORIENTED_EDGE('',*,*,#1179,.T.);
#1614=ORIENTED_EDGE('',*,*,#1180,.T.);
#1615=ORIENTED_EDGE('',*,*,#1181,.F.);
#1616=ORIENTED_EDGE('',*,*,#1180,.F.);
#1617=ORIENTED_EDGE('',*,*,#1182,.T.);
#1618=ORIENTED_EDGE('',*,*,#1183,.T.);
#1619=ORIENTED_EDGE('',*,*,#1184,.F.);
#1620=ORIENTED_EDGE('',*,*,#1183,.F.);
#1621=ORIENTED_EDGE('',*,*,#1185,.T.);
#1622=ORIENTED_EDGE('',*,*,#1186,.T.);
#1623=ORIENTED_EDGE('',*,*,#1187,.F.);
#1624=ORIENTED_EDGE('',*,*,#1186,.F.);
#1625=ORIENTED_EDGE('',*,*,#1188,.T.);
#1626=ORIENTED_EDGE('',*,*,#1178,.T.);
#1627=ORIENTED_EDGE('',*,*,#1179,.F.);
#1628=ORIENTED_EDGE('',*,*,#1188,.F.);
#1629=ORIENTED_EDGE('',*,*,#1185,.F.);
#1630=ORIENTED_EDGE('',*,*,#1182,.F.);
#1631=ORIENTED_EDGE('',*,*,#1177,.T.);
#1632=ORIENTED_EDGE('',*,*,#1181,.T.);
#1633=ORIENTED_EDGE('',*,*,#1184,.T.);
#1634=ORIENTED_EDGE('',*,*,#1187,.T.);
#1635=ORIENTED_EDGE('',*,*,#1189,.T.);
#1636=ORIENTED_EDGE('',*,*,#1190,.F.);
#1637=ORIENTED_EDGE('',*,*,#1191,.F.);
#1638=ORIENTED_EDGE('',*,*,#1192,.T.);
#1639=ORIENTED_EDGE('',*,*,#1193,.T.);
#1640=ORIENTED_EDGE('',*,*,#1194,.F.);
#1641=ORIENTED_EDGE('',*,*,#1195,.F.);
#1642=ORIENTED_EDGE('',*,*,#1190,.T.);
#1643=ORIENTED_EDGE('',*,*,#1196,.T.);
#1644=ORIENTED_EDGE('',*,*,#1197,.F.);
#1645=ORIENTED_EDGE('',*,*,#1198,.F.);
#1646=ORIENTED_EDGE('',*,*,#1194,.T.);
#1647=ORIENTED_EDGE('',*,*,#1199,.T.);
#1648=ORIENTED_EDGE('',*,*,#1192,.F.);
#1649=ORIENTED_EDGE('',*,*,#1200,.F.);
#1650=ORIENTED_EDGE('',*,*,#1197,.T.);
#1651=ORIENTED_EDGE('',*,*,#1191,.T.);
#1652=ORIENTED_EDGE('',*,*,#1195,.T.);
#1653=ORIENTED_EDGE('',*,*,#1198,.T.);
#1654=ORIENTED_EDGE('',*,*,#1200,.T.);
#1655=ORIENTED_EDGE('',*,*,#1189,.F.);
#1656=ORIENTED_EDGE('',*,*,#1199,.F.);
#1657=ORIENTED_EDGE('',*,*,#1196,.F.);
#1658=ORIENTED_EDGE('',*,*,#1193,.F.);
#1659=ORIENTED_EDGE('',*,*,#1201,.T.);
#1660=ORIENTED_EDGE('',*,*,#1202,.F.);
#1661=ORIENTED_EDGE('',*,*,#1203,.F.);
#1662=ORIENTED_EDGE('',*,*,#1204,.T.);
#1663=ORIENTED_EDGE('',*,*,#1205,.T.);
#1664=ORIENTED_EDGE('',*,*,#1206,.F.);
#1665=ORIENTED_EDGE('',*,*,#1207,.F.);
#1666=ORIENTED_EDGE('',*,*,#1202,.T.);
#1667=ORIENTED_EDGE('',*,*,#1208,.T.);
#1668=ORIENTED_EDGE('',*,*,#1209,.F.);
#1669=ORIENTED_EDGE('',*,*,#1210,.F.);
#1670=ORIENTED_EDGE('',*,*,#1206,.T.);
#1671=ORIENTED_EDGE('',*,*,#1211,.T.);
#1672=ORIENTED_EDGE('',*,*,#1204,.F.);
#1673=ORIENTED_EDGE('',*,*,#1212,.F.);
#1674=ORIENTED_EDGE('',*,*,#1209,.T.);
#1675=ORIENTED_EDGE('',*,*,#1203,.T.);
#1676=ORIENTED_EDGE('',*,*,#1207,.T.);
#1677=ORIENTED_EDGE('',*,*,#1210,.T.);
#1678=ORIENTED_EDGE('',*,*,#1212,.T.);
#1679=ORIENTED_EDGE('',*,*,#1201,.F.);
#1680=ORIENTED_EDGE('',*,*,#1211,.F.);
#1681=ORIENTED_EDGE('',*,*,#1208,.F.);
#1682=ORIENTED_EDGE('',*,*,#1205,.F.);
#1683=ORIENTED_EDGE('',*,*,#1213,.T.);
#1684=ORIENTED_EDGE('',*,*,#1214,.F.);
#1685=ORIENTED_EDGE('',*,*,#1215,.F.);
#1686=ORIENTED_EDGE('',*,*,#1216,.T.);
#1687=ORIENTED_EDGE('',*,*,#1217,.T.);
#1688=ORIENTED_EDGE('',*,*,#1218,.F.);
#1689=ORIENTED_EDGE('',*,*,#1219,.F.);
#1690=ORIENTED_EDGE('',*,*,#1214,.T.);
#1691=ORIENTED_EDGE('',*,*,#1220,.T.);
#1692=ORIENTED_EDGE('',*,*,#1221,.F.);
#1693=ORIENTED_EDGE('',*,*,#1222,.F.);
#1694=ORIENTED_EDGE('',*,*,#1218,.T.);
#1695=ORIENTED_EDGE('',*,*,#1223,.T.);
#1696=ORIENTED_EDGE('',*,*,#1216,.F.);
#1697=ORIENTED_EDGE('',*,*,#1224,.F.);
#1698=ORIENTED_EDGE('',*,*,#1221,.T.);
#1699=ORIENTED_EDGE('',*,*,#1215,.T.);
#1700=ORIENTED_EDGE('',*,*,#1219,.T.);
#1701=ORIENTED_EDGE('',*,*,#1222,.T.);
#1702=ORIENTED_EDGE('',*,*,#1224,.T.);
#1703=ORIENTED_EDGE('',*,*,#1213,.F.);
#1704=ORIENTED_EDGE('',*,*,#1223,.F.);
#1705=ORIENTED_EDGE('',*,*,#1220,.F.);
#1706=ORIENTED_EDGE('',*,*,#1217,.F.);
#1707=ORIENTED_EDGE('',*,*,#1225,.T.);
#1708=ORIENTED_EDGE('',*,*,#1226,.F.);
#1709=ORIENTED_EDGE('',*,*,#1227,.F.);
#1710=ORIENTED_EDGE('',*,*,#1228,.T.);
#1711=ORIENTED_EDGE('',*,*,#1229,.T.);
#1712=ORIENTED_EDGE('',*,*,#1230,.F.);
#1713=ORIENTED_EDGE('',*,*,#1231,.F.);
#1714=ORIENTED_EDGE('',*,*,#1226,.T.);
#1715=ORIENTED_EDGE('',*,*,#1232,.T.);
#1716=ORIENTED_EDGE('',*,*,#1233,.F.);
#1717=ORIENTED_EDGE('',*,*,#1234,.F.);
#1718=ORIENTED_EDGE('',*,*,#1230,.T.);
#1719=ORIENTED_EDGE('',*,*,#1235,.T.);
#1720=ORIENTED_EDGE('',*,*,#1228,.F.);
#1721=ORIENTED_EDGE('',*,*,#1236,.F.);
#1722=ORIENTED_EDGE('',*,*,#1233,.T.);
#1723=ORIENTED_EDGE('',*,*,#1227,.T.);
#1724=ORIENTED_EDGE('',*,*,#1231,.T.);
#1725=ORIENTED_EDGE('',*,*,#1234,.T.);
#1726=ORIENTED_EDGE('',*,*,#1236,.T.);
#1727=ORIENTED_EDGE('',*,*,#1225,.F.);
#1728=ORIENTED_EDGE('',*,*,#1235,.F.);
#1729=ORIENTED_EDGE('',*,*,#1232,.F.);
#1730=ORIENTED_EDGE('',*,*,#1229,.F.);
#1731=ORIENTED_EDGE('',*,*,#1237,.T.);
#1732=ORIENTED_EDGE('',*,*,#1238,.F.);
#1733=ORIENTED_EDGE('',*,*,#1239,.F.);
#1734=ORIENTED_EDGE('',*,*,#1240,.T.);
#1735=ORIENTED_EDGE('',*,*,#1241,.T.);
#1736=ORIENTED_EDGE('',*,*,#1242,.F.);
#1737=ORIENTED_EDGE('',*,*,#1243,.F.);
#1738=ORIENTED_EDGE('',*,*,#1238,.T.);
#1739=ORIENTED_EDGE('',*,*,#1244,.T.);
#1740=ORIENTED_EDGE('',*,*,#1245,.F.);
#1741=ORIENTED_EDGE('',*,*,#1246,.F.);
#1742=ORIENTED_EDGE('',*,*,#1242,.T.);
#1743=ORIENTED_EDGE('',*,*,#1247,.T.);
#1744=ORIENTED_EDGE('',*,*,#1240,.F.);
#1745=ORIENTED_EDGE('',*,*,#1248,.F.);
#1746=ORIENTED_EDGE('',*,*,#1245,.T.);
#1747=ORIENTED_EDGE('',*,*,#1239,.T.);
#1748=ORIENTED_EDGE('',*,*,#1243,.T.);
#1749=ORIENTED_EDGE('',*,*,#1246,.T.);
#1750=ORIENTED_EDGE('',*,*,#1248,.T.);
#1751=ORIENTED_EDGE('',*,*,#1237,.F.);
#1752=ORIENTED_EDGE('',*,*,#1247,.F.);
#1753=ORIENTED_EDGE('',*,*,#1244,.F.);
#1754=ORIENTED_EDGE('',*,*,#1241,.F.);
#1755=ORIENTED_EDGE('',*,*,#1249,.T.);
#1756=ORIENTED_EDGE('',*,*,#1250,.F.);
#1757=ORIENTED_EDGE('',*,*,#1250,.T.);
#1758=PLANE('',#2047);
#1759=PLANE('',#2048);
#1760=PLANE('',#2049);
#1761=PLANE('',#2050);
#1762=PLANE('',#2051);
#1763=PLANE('',#2052);
#1764=PLANE('',#2053);
#1765=PLANE('',#2054);
#1766=PLANE('',#2055);
#1767=PLANE('',#2056);
#1768=PLANE('',#2057);
#1769=PLANE('',#2058);
#1770=PLANE('',#2059);
#1771=PLANE('',#2060);
#1772=PLANE('',#2061);
#1773=PLANE('',#2062);
#1774=PLANE('',#2063);
#1775=PLANE('',#2064);
#1776=PLANE('',#2069);
#1777=PLANE('',#2070);
#1778=PLANE('',#2074);
#1779=PLANE('',#2077);
#1780=PLANE('',#2078);
#1781=PLANE('',#2079);
#1782=PLANE('',#2080);
#1783=PLANE('',#2081);
#1784=PLANE('',#2082);
#1785=PLANE('',#2086);
#1786=PLANE('',#2087);
#1787=PLANE('',#2088);
#1788=PLANE('',#2089);
#1789=PLANE('',#2090);
#1790=PLANE('',#2091);
#1791=PLANE('',#2092);
#1792=PLANE('',#2093);
#1793=PLANE('',#2094);
#1794=PLANE('',#2095);
#1795=PLANE('',#2096);
#1796=PLANE('',#2097);
#1797=PLANE('',#2098);
#1798=PLANE('',#2099);
#1799=PLANE('',#2100);
#1800=PLANE('',#2101);
#1801=PLANE('',#2102);
#1802=PLANE('',#2103);
#1803=PLANE('',#2104);
#1804=PLANE('',#2105);
#1805=PLANE('',#2106);
#1806=PLANE('',#2107);
#1807=PLANE('',#2108);
#1808=PLANE('',#2109);
#1809=PLANE('',#2110);
#1810=PLANE('',#2111);
#1811=PLANE('',#2112);
#1812=PLANE('',#2113);
#1813=PLANE('',#2114);
#1814=PLANE('',#2115);
#1815=PLANE('',#2116);
#1816=PLANE('',#2117);
#1817=PLANE('',#2118);
#1818=PLANE('',#2119);
#1819=PLANE('',#2120);
#1820=PLANE('',#2121);
#1821=PLANE('',#2122);
#1822=PLANE('',#2123);
#1823=PLANE('',#2124);
#1824=PLANE('',#2125);
#1825=PLANE('',#2126);
#1826=PLANE('',#2127);
#1827=PLANE('',#2128);
#1828=PLANE('',#2129);
#1829=PLANE('',#2130);
#1830=PLANE('',#2131);
#1831=PLANE('',#2132);
#1832=PLANE('',#2133);
#1833=PLANE('',#2134);
#1834=PLANE('',#2135);
#1835=PLANE('',#2136);
#1836=PLANE('',#2137);
#1837=PLANE('',#2138);
#1838=PLANE('',#2139);
#1839=PLANE('',#2140);
#1840=PLANE('',#2141);
#1841=PLANE('',#2142);
#1842=PLANE('',#2143);
#1843=PLANE('',#2144);
#1844=PLANE('',#2145);
#1845=PLANE('',#2146);
#1846=PLANE('',#2147);
#1847=PLANE('',#2148);
#1848=PLANE('',#2149);
#1849=PLANE('',#2150);
#1850=PLANE('',#2151);
#1851=PLANE('',#2152);
#1852=PLANE('',#2153);
#1853=PLANE('',#2154);
#1854=PLANE('',#2155);
#1855=PLANE('',#2156);
#1856=PLANE('',#2157);
#1857=PLANE('',#2158);
#1858=PLANE('',#2159);
#1859=PLANE('',#2160);
#1860=PLANE('',#2161);
#1861=PLANE('',#2162);
#1862=PLANE('',#2163);
#1863=PLANE('',#2164);
#1864=PLANE('',#2165);
#1865=PLANE('',#2166);
#1866=PLANE('',#2167);
#1867=PLANE('',#2168);
#1868=PLANE('',#2169);
#1869=PLANE('',#2170);
#1870=PLANE('',#2171);
#1871=PLANE('',#2172);
#1872=PLANE('',#2173);
#1873=PLANE('',#2174);
#1874=PLANE('',#2175);
#1875=PLANE('',#2176);
#1876=PLANE('',#2177);
#1877=PLANE('',#2178);
#1878=PLANE('',#2179);
#1879=PLANE('',#2180);
#1880=PLANE('',#2181);
#1881=PLANE('',#2182);
#1882=PLANE('',#2183);
#1883=ADVANCED_FACE('',(#76),#1758,.F.);
#1884=ADVANCED_FACE('',(#77),#1759,.F.);
#1885=ADVANCED_FACE('',(#78),#1760,.F.);
#1886=ADVANCED_FACE('',(#79),#1761,.F.);
#1887=ADVANCED_FACE('',(#80),#1762,.T.);
#1888=ADVANCED_FACE('',(#81),#1763,.F.);
#1889=ADVANCED_FACE('',(#82,#30),#1764,.T.);
#1890=ADVANCED_FACE('',(#83),#1765,.F.);
#1891=ADVANCED_FACE('',(#84),#1766,.T.);
#1892=ADVANCED_FACE('',(#85),#1767,.T.);
#1893=ADVANCED_FACE('',(#86),#1768,.F.);
#1894=ADVANCED_FACE('',(#87),#1769,.T.);
#1895=ADVANCED_FACE('',(#88),#1770,.T.);
#1896=ADVANCED_FACE('',(#89),#1771,.F.);
#1897=ADVANCED_FACE('',(#90),#1772,.F.);
#1898=ADVANCED_FACE('',(#91),#1773,.T.);
#1899=ADVANCED_FACE('',(#92),#1774,.F.);
#1900=ADVANCED_FACE('',(#93,#31),#1775,.T.);
#1901=ADVANCED_FACE('',(#94),#16,.F.);
#1902=ADVANCED_FACE('',(#95),#1776,.T.);
#1903=ADVANCED_FACE('',(#96,#32),#1777,.F.);
#1904=ADVANCED_FACE('',(#97),#17,.T.);
#1905=ADVANCED_FACE('',(#98),#1778,.F.);
#1906=ADVANCED_FACE('',(#99),#18,.T.);
#1907=ADVANCED_FACE('',(#100),#1779,.F.);
#1908=ADVANCED_FACE('',(#101),#1780,.F.);
#1909=ADVANCED_FACE('',(#102),#1781,.F.);
#1910=ADVANCED_FACE('',(#103),#1782,.F.);
#1911=ADVANCED_FACE('',(#104),#1783,.T.);
#1912=ADVANCED_FACE('',(#105),#1784,.F.);
#1913=ADVANCED_FACE('',(#106),#19,.T.);
#1914=ADVANCED_FACE('',(#107),#1785,.F.);
#1915=ADVANCED_FACE('',(#108),#1786,.T.);
#1916=ADVANCED_FACE('',(#109),#1787,.F.);
#1917=ADVANCED_FACE('',(#110),#1788,.F.);
#1918=ADVANCED_FACE('',(#111),#1789,.F.);
#1919=ADVANCED_FACE('',(#112),#1790,.F.);
#1920=ADVANCED_FACE('',(#113),#1791,.T.);
#1921=ADVANCED_FACE('',(#114),#1792,.F.);
#1922=ADVANCED_FACE('',(#115),#1793,.F.);
#1923=ADVANCED_FACE('',(#116),#1794,.F.);
#1924=ADVANCED_FACE('',(#117),#1795,.F.);
#1925=ADVANCED_FACE('',(#118),#1796,.F.);
#1926=ADVANCED_FACE('',(#119),#1797,.T.);
#1927=ADVANCED_FACE('',(#120),#1798,.F.);
#1928=ADVANCED_FACE('',(#121),#1799,.F.);
#1929=ADVANCED_FACE('',(#122),#1800,.F.);
#1930=ADVANCED_FACE('',(#123),#1801,.F.);
#1931=ADVANCED_FACE('',(#124),#1802,.F.);
#1932=ADVANCED_FACE('',(#125),#1803,.T.);
#1933=ADVANCED_FACE('',(#126),#1804,.F.);
#1934=ADVANCED_FACE('',(#127),#1805,.F.);
#1935=ADVANCED_FACE('',(#128),#1806,.F.);
#1936=ADVANCED_FACE('',(#129),#1807,.F.);
#1937=ADVANCED_FACE('',(#130),#1808,.F.);
#1938=ADVANCED_FACE('',(#131),#1809,.T.);
#1939=ADVANCED_FACE('',(#132),#1810,.F.);
#1940=ADVANCED_FACE('',(#133),#1811,.F.);
#1941=ADVANCED_FACE('',(#134),#1812,.F.);
#1942=ADVANCED_FACE('',(#135),#1813,.F.);
#1943=ADVANCED_FACE('',(#136),#1814,.F.);
#1944=ADVANCED_FACE('',(#137),#1815,.T.);
#1945=ADVANCED_FACE('',(#138),#1816,.F.);
#1946=ADVANCED_FACE('',(#139),#1817,.F.);
#1947=ADVANCED_FACE('',(#140),#1818,.F.);
#1948=ADVANCED_FACE('',(#141),#1819,.F.);
#1949=ADVANCED_FACE('',(#142),#1820,.F.);
#1950=ADVANCED_FACE('',(#143),#1821,.T.);
#1951=ADVANCED_FACE('',(#144),#1822,.F.);
#1952=ADVANCED_FACE('',(#145),#1823,.F.);
#1953=ADVANCED_FACE('',(#146),#1824,.F.);
#1954=ADVANCED_FACE('',(#147),#1825,.F.);
#1955=ADVANCED_FACE('',(#148),#1826,.F.);
#1956=ADVANCED_FACE('',(#149),#1827,.T.);
#1957=ADVANCED_FACE('',(#150),#1828,.F.);
#1958=ADVANCED_FACE('',(#151),#1829,.F.);
#1959=ADVANCED_FACE('',(#152),#1830,.F.);
#1960=ADVANCED_FACE('',(#153),#1831,.F.);
#1961=ADVANCED_FACE('',(#154),#1832,.F.);
#1962=ADVANCED_FACE('',(#155),#1833,.T.);
#1963=ADVANCED_FACE('',(#156),#1834,.F.);
#1964=ADVANCED_FACE('',(#157),#1835,.F.);
#1965=ADVANCED_FACE('',(#158),#1836,.F.);
#1966=ADVANCED_FACE('',(#159),#1837,.F.);
#1967=ADVANCED_FACE('',(#160),#1838,.F.);
#1968=ADVANCED_FACE('',(#161),#1839,.T.);
#1969=ADVANCED_FACE('',(#162),#1840,.F.);
#1970=ADVANCED_FACE('',(#163),#1841,.F.);
#1971=ADVANCED_FACE('',(#164),#1842,.F.);
#1972=ADVANCED_FACE('',(#165),#1843,.F.);
#1973=ADVANCED_FACE('',(#166),#1844,.F.);
#1974=ADVANCED_FACE('',(#167),#1845,.T.);
#1975=ADVANCED_FACE('',(#168),#1846,.F.);
#1976=ADVANCED_FACE('',(#169),#1847,.T.);
#1977=ADVANCED_FACE('',(#170),#1848,.T.);
#1978=ADVANCED_FACE('',(#171),#1849,.T.);
#1979=ADVANCED_FACE('',(#172),#1850,.T.);
#1980=ADVANCED_FACE('',(#173),#1851,.F.);
#1981=ADVANCED_FACE('',(#174),#1852,.T.);
#1982=ADVANCED_FACE('',(#175),#1853,.F.);
#1983=ADVANCED_FACE('',(#176),#1854,.F.);
#1984=ADVANCED_FACE('',(#177),#1855,.F.);
#1985=ADVANCED_FACE('',(#178),#1856,.F.);
#1986=ADVANCED_FACE('',(#179),#1857,.T.);
#1987=ADVANCED_FACE('',(#180),#1858,.F.);
#1988=ADVANCED_FACE('',(#181),#1859,.F.);
#1989=ADVANCED_FACE('',(#182),#1860,.F.);
#1990=ADVANCED_FACE('',(#183),#1861,.F.);
#1991=ADVANCED_FACE('',(#184),#1862,.F.);
#1992=ADVANCED_FACE('',(#185),#1863,.T.);
#1993=ADVANCED_FACE('',(#186),#1864,.F.);
#1994=ADVANCED_FACE('',(#187),#1865,.F.);
#1995=ADVANCED_FACE('',(#188),#1866,.F.);
#1996=ADVANCED_FACE('',(#189),#1867,.F.);
#1997=ADVANCED_FACE('',(#190),#1868,.F.);
#1998=ADVANCED_FACE('',(#191),#1869,.T.);
#1999=ADVANCED_FACE('',(#192),#1870,.F.);
#2000=ADVANCED_FACE('',(#193),#1871,.F.);
#2001=ADVANCED_FACE('',(#194),#1872,.F.);
#2002=ADVANCED_FACE('',(#195),#1873,.F.);
#2003=ADVANCED_FACE('',(#196),#1874,.F.);
#2004=ADVANCED_FACE('',(#197),#1875,.T.);
#2005=ADVANCED_FACE('',(#198),#1876,.F.);
#2006=ADVANCED_FACE('',(#199),#1877,.F.);
#2007=ADVANCED_FACE('',(#200),#1878,.F.);
#2008=ADVANCED_FACE('',(#201),#1879,.F.);
#2009=ADVANCED_FACE('',(#202),#1880,.F.);
#2010=ADVANCED_FACE('',(#203),#1881,.T.);
#2011=ADVANCED_FACE('',(#204),#1882,.F.);
#2012=ADVANCED_FACE('',(#205),#13,.T.);
#2013=CLOSED_SHELL('',(#1883,#1884,#1885,#1886,#1887,#1888));
#2014=CLOSED_SHELL('',(#1889,#1890,#1891,#1892,#1893,#1894,#1895,#1896,
#1897,#1898,#1899));
#2015=CLOSED_SHELL('',(#1900,#1901,#1902,#1903,#1904,#1905,#1906));
#2016=CLOSED_SHELL('',(#1907,#1908,#1909,#1910,#1911,#1912));
#2017=CLOSED_SHELL('',(#1913,#1914,#1915));
#2018=CLOSED_SHELL('',(#1916,#1917,#1918,#1919,#1920,#1921));
#2019=CLOSED_SHELL('',(#1922,#1923,#1924,#1925,#1926,#1927));
#2020=CLOSED_SHELL('',(#1928,#1929,#1930,#1931,#1932,#1933));
#2021=CLOSED_SHELL('',(#1934,#1935,#1936,#1937,#1938,#1939));
#2022=CLOSED_SHELL('',(#1940,#1941,#1942,#1943,#1944,#1945));
#2023=CLOSED_SHELL('',(#1946,#1947,#1948,#1949,#1950,#1951));
#2024=CLOSED_SHELL('',(#1952,#1953,#1954,#1955,#1956,#1957));
#2025=CLOSED_SHELL('',(#1958,#1959,#1960,#1961,#1962,#1963));
#2026=CLOSED_SHELL('',(#1964,#1965,#1966,#1967,#1968,#1969));
#2027=CLOSED_SHELL('',(#1970,#1971,#1972,#1973,#1974,#1975));
#2028=CLOSED_SHELL('',(#1976,#1977,#1978,#1979,#1980,#1981));
#2029=CLOSED_SHELL('',(#1982,#1983,#1984,#1985,#1986,#1987));
#2030=CLOSED_SHELL('',(#1988,#1989,#1990,#1991,#1992,#1993));
#2031=CLOSED_SHELL('',(#1994,#1995,#1996,#1997,#1998,#1999));
#2032=CLOSED_SHELL('',(#2000,#2001,#2002,#2003,#2004,#2005));
#2033=CLOSED_SHELL('',(#2006,#2007,#2008,#2009,#2010,#2011));
#2034=DERIVED_UNIT_ELEMENT(#2036,1.);
#2035=DERIVED_UNIT_ELEMENT(#3273,-3.);
#2036=(
MASS_UNIT()
NAMED_UNIT(*)
SI_UNIT(.KILO.,.GRAM.)
);
#2037=DERIVED_UNIT((#2034,#2035));
#2038=MEASURE_REPRESENTATION_ITEM('density measure',
POSITIVE_RATIO_MEASURE(7850.),#2037);
#2039=PROPERTY_DEFINITION_REPRESENTATION(#2044,#2041);
#2040=PROPERTY_DEFINITION_REPRESENTATION(#2045,#2042);
#2041=REPRESENTATION('material name',(#2043),#3270);
#2042=REPRESENTATION('density',(#2038),#3270);
#2043=DESCRIPTIVE_REPRESENTATION_ITEM('Steel','Steel');
#2044=PROPERTY_DEFINITION('material property','material name',#3280);
#2045=PROPERTY_DEFINITION('material property','density of part',#3280);
#2046=AXIS2_PLACEMENT_3D('',#2713,#2187,#2188);
#2047=AXIS2_PLACEMENT_3D('',#2714,#2189,#2190);
#2048=AXIS2_PLACEMENT_3D('',#2723,#2195,#2196);
#2049=AXIS2_PLACEMENT_3D('',#2729,#2200,#2201);
#2050=AXIS2_PLACEMENT_3D('',#2735,#2205,#2206);
#2051=AXIS2_PLACEMENT_3D('',#2738,#2209,#2210);
#2052=AXIS2_PLACEMENT_3D('',#2739,#2211,#2212);
#2053=AXIS2_PLACEMENT_3D('',#2740,#2213,#2214);
#2054=AXIS2_PLACEMENT_3D('',#2757,#2223,#2224);
#2055=AXIS2_PLACEMENT_3D('',#2763,#2228,#2229);
#2056=AXIS2_PLACEMENT_3D('',#2769,#2233,#2234);
#2057=AXIS2_PLACEMENT_3D('',#2771,#2236,#2237);
#2058=AXIS2_PLACEMENT_3D('',#2773,#2239,#2240);
#2059=AXIS2_PLACEMENT_3D('',#2774,#2241,#2242);
#2060=AXIS2_PLACEMENT_3D('',#2780,#2246,#2247);
#2061=AXIS2_PLACEMENT_3D('',#2786,#2251,#2252);
#2062=AXIS2_PLACEMENT_3D('',#2788,#2254,#2255);
#2063=AXIS2_PLACEMENT_3D('',#2790,#2257,#2258);
#2064=AXIS2_PLACEMENT_3D('',#2791,#2259,#2260);
#2065=AXIS2_PLACEMENT_3D('',#2793,#2261,#2262);
#2066=AXIS2_PLACEMENT_3D('',#2795,#2263,#2264);
#2067=AXIS2_PLACEMENT_3D('',#2796,#2265,#2266);
#2068=AXIS2_PLACEMENT_3D('',#2798,#2267,#2268);
#2069=AXIS2_PLACEMENT_3D('',#2800,#2270,#2271);
#2070=AXIS2_PLACEMENT_3D('',#2801,#2272,#2273);
#2071=AXIS2_PLACEMENT_3D('',#2803,#2274,#2275);
#2072=AXIS2_PLACEMENT_3D('',#2805,#2276,#2277);
#2073=AXIS2_PLACEMENT_3D('',#2806,#2278,#2279);
#2074=AXIS2_PLACEMENT_3D('',#2808,#2281,#2282);
#2075=AXIS2_PLACEMENT_3D('',#2810,#2283,#2284);
#2076=AXIS2_PLACEMENT_3D('',#2811,#2285,#2286);
#2077=AXIS2_PLACEMENT_3D('',#2813,#2288,#2289);
#2078=AXIS2_PLACEMENT_3D('',#2822,#2294,#2295);
#2079=AXIS2_PLACEMENT_3D('',#2828,#2299,#2300);
#2080=AXIS2_PLACEMENT_3D('',#2834,#2304,#2305);
#2081=AXIS2_PLACEMENT_3D('',#2837,#2308,#2309);
#2082=AXIS2_PLACEMENT_3D('',#2838,#2310,#2311);
#2083=AXIS2_PLACEMENT_3D('',#2839,#2312,#2313);
#2084=AXIS2_PLACEMENT_3D('',#2841,#2314,#2315);
#2085=AXIS2_PLACEMENT_3D('',#2844,#2317,#2318);
#2086=AXIS2_PLACEMENT_3D('',#2845,#2319,#2320);
#2087=AXIS2_PLACEMENT_3D('',#2846,#2321,#2322);
#2088=AXIS2_PLACEMENT_3D('',#2847,#2323,#2324);
#2089=AXIS2_PLACEMENT_3D('',#2856,#2329,#2330);
#2090=AXIS2_PLACEMENT_3D('',#2862,#2334,#2335);
#2091=AXIS2_PLACEMENT_3D('',#2868,#2339,#2340);
#2092=AXIS2_PLACEMENT_3D('',#2871,#2343,#2344);
#2093=AXIS2_PLACEMENT_3D('',#2872,#2345,#2346);
#2094=AXIS2_PLACEMENT_3D('',#2873,#2347,#2348);
#2095=AXIS2_PLACEMENT_3D('',#2882,#2353,#2354);
#2096=AXIS2_PLACEMENT_3D('',#2888,#2358,#2359);
#2097=AXIS2_PLACEMENT_3D('',#2894,#2363,#2364);
#2098=AXIS2_PLACEMENT_3D('',#2897,#2367,#2368);
#2099=AXIS2_PLACEMENT_3D('',#2898,#2369,#2370);
#2100=AXIS2_PLACEMENT_3D('',#2899,#2371,#2372);
#2101=AXIS2_PLACEMENT_3D('',#2908,#2377,#2378);
#2102=AXIS2_PLACEMENT_3D('',#2914,#2382,#2383);
#2103=AXIS2_PLACEMENT_3D('',#2920,#2387,#2388);
#2104=AXIS2_PLACEMENT_3D('',#2923,#2391,#2392);
#2105=AXIS2_PLACEMENT_3D('',#2924,#2393,#2394);
#2106=AXIS2_PLACEMENT_3D('',#2925,#2395,#2396);
#2107=AXIS2_PLACEMENT_3D('',#2934,#2401,#2402);
#2108=AXIS2_PLACEMENT_3D('',#2940,#2406,#2407);
#2109=AXIS2_PLACEMENT_3D('',#2946,#2411,#2412);
#2110=AXIS2_PLACEMENT_3D('',#2949,#2415,#2416);
#2111=AXIS2_PLACEMENT_3D('',#2950,#2417,#2418);
#2112=AXIS2_PLACEMENT_3D('',#2951,#2419,#2420);
#2113=AXIS2_PLACEMENT_3D('',#2960,#2425,#2426);
#2114=AXIS2_PLACEMENT_3D('',#2966,#2430,#2431);
#2115=AXIS2_PLACEMENT_3D('',#2972,#2435,#2436);
#2116=AXIS2_PLACEMENT_3D('',#2975,#2439,#2440);
#2117=AXIS2_PLACEMENT_3D('',#2976,#2441,#2442);
#2118=AXIS2_PLACEMENT_3D('',#2977,#2443,#2444);
#2119=AXIS2_PLACEMENT_3D('',#2986,#2449,#2450);
#2120=AXIS2_PLACEMENT_3D('',#2992,#2454,#2455);
#2121=AXIS2_PLACEMENT_3D('',#2998,#2459,#2460);
#2122=AXIS2_PLACEMENT_3D('',#3001,#2463,#2464);
#2123=AXIS2_PLACEMENT_3D('',#3002,#2465,#2466);
#2124=AXIS2_PLACEMENT_3D('',#3003,#2467,#2468);
#2125=AXIS2_PLACEMENT_3D('',#3012,#2473,#2474);
#2126=AXIS2_PLACEMENT_3D('',#3018,#2478,#2479);
#2127=AXIS2_PLACEMENT_3D('',#3024,#2483,#2484);
#2128=AXIS2_PLACEMENT_3D('',#3027,#2487,#2488);
#2129=AXIS2_PLACEMENT_3D('',#3028,#2489,#2490);
#2130=AXIS2_PLACEMENT_3D('',#3029,#2491,#2492);
#2131=AXIS2_PLACEMENT_3D('',#3038,#2497,#2498);
#2132=AXIS2_PLACEMENT_3D('',#3044,#2502,#2503);
#2133=AXIS2_PLACEMENT_3D('',#3050,#2507,#2508);
#2134=AXIS2_PLACEMENT_3D('',#3053,#2511,#2512);
#2135=AXIS2_PLACEMENT_3D('',#3054,#2513,#2514);
#2136=AXIS2_PLACEMENT_3D('',#3055,#2515,#2516);
#2137=AXIS2_PLACEMENT_3D('',#3064,#2521,#2522);
#2138=AXIS2_PLACEMENT_3D('',#3070,#2526,#2527);
#2139=AXIS2_PLACEMENT_3D('',#3076,#2531,#2532);
#2140=AXIS2_PLACEMENT_3D('',#3079,#2535,#2536);
#2141=AXIS2_PLACEMENT_3D('',#3080,#2537,#2538);
#2142=AXIS2_PLACEMENT_3D('',#3081,#2539,#2540);
#2143=AXIS2_PLACEMENT_3D('',#3090,#2545,#2546);
#2144=AXIS2_PLACEMENT_3D('',#3096,#2550,#2551);
#2145=AXIS2_PLACEMENT_3D('',#3102,#2555,#2556);
#2146=AXIS2_PLACEMENT_3D('',#3105,#2559,#2560);
#2147=AXIS2_PLACEMENT_3D('',#3106,#2561,#2562);
#2148=AXIS2_PLACEMENT_3D('',#3107,#2563,#2564);
#2149=AXIS2_PLACEMENT_3D('',#3116,#2569,#2570);
#2150=AXIS2_PLACEMENT_3D('',#3122,#2574,#2575);
#2151=AXIS2_PLACEMENT_3D('',#3128,#2579,#2580);
#2152=AXIS2_PLACEMENT_3D('',#3131,#2583,#2584);
#2153=AXIS2_PLACEMENT_3D('',#3132,#2585,#2586);
#2154=AXIS2_PLACEMENT_3D('',#3133,#2587,#2588);
#2155=AXIS2_PLACEMENT_3D('',#3142,#2593,#2594);
#2156=AXIS2_PLACEMENT_3D('',#3148,#2598,#2599);
#2157=AXIS2_PLACEMENT_3D('',#3154,#2603,#2604);
#2158=AXIS2_PLACEMENT_3D('',#3157,#2607,#2608);
#2159=AXIS2_PLACEMENT_3D('',#3158,#2609,#2610);
#2160=AXIS2_PLACEMENT_3D('',#3159,#2611,#2612);
#2161=AXIS2_PLACEMENT_3D('',#3168,#2617,#2618);
#2162=AXIS2_PLACEMENT_3D('',#3174,#2622,#2623);
#2163=AXIS2_PLACEMENT_3D('',#3180,#2627,#2628);
#2164=AXIS2_PLACEMENT_3D('',#3183,#2631,#2632);
#2165=AXIS2_PLACEMENT_3D('',#3184,#2633,#2634);
#2166=AXIS2_PLACEMENT_3D('',#3185,#2635,#2636);
#2167=AXIS2_PLACEMENT_3D('',#3194,#2641,#2642);
#2168=AXIS2_PLACEMENT_3D('',#3200,#2646,#2647);
#2169=AXIS2_PLACEMENT_3D('',#3206,#2651,#2652);
#2170=AXIS2_PLACEMENT_3D('',#3209,#2655,#2656);
#2171=AXIS2_PLACEMENT_3D('',#3210,#2657,#2658);
#2172=AXIS2_PLACEMENT_3D('',#3211,#2659,#2660);
#2173=AXIS2_PLACEMENT_3D('',#3220,#2665,#2666);
#2174=AXIS2_PLACEMENT_3D('',#3226,#2670,#2671);
#2175=AXIS2_PLACEMENT_3D('',#3232,#2675,#2676);
#2176=AXIS2_PLACEMENT_3D('',#3235,#2679,#2680);
#2177=AXIS2_PLACEMENT_3D('',#3236,#2681,#2682);
#2178=AXIS2_PLACEMENT_3D('',#3237,#2683,#2684);
#2179=AXIS2_PLACEMENT_3D('',#3246,#2689,#2690);
#2180=AXIS2_PLACEMENT_3D('',#3252,#2694,#2695);
#2181=AXIS2_PLACEMENT_3D('',#3258,#2699,#2700);
#2182=AXIS2_PLACEMENT_3D('',#3261,#2703,#2704);
#2183=AXIS2_PLACEMENT_3D('',#3262,#2705,#2706);
#2184=AXIS2_PLACEMENT_3D('',#3263,#2707,#2708);
#2185=AXIS2_PLACEMENT_3D('',#3265,#2709,#2710);
#2186=AXIS2_PLACEMENT_3D('',#3267,#2711,#2712);
#2187=DIRECTION('axis',(0.,0.,1.));
#2188=DIRECTION('refdir',(1.,0.,0.));
#2189=DIRECTION('center_axis',(0.,1.,0.));
#2190=DIRECTION('ref_axis',(0.,0.,1.));
#2191=DIRECTION('',(1.,0.,0.));
#2192=DIRECTION('',(0.,0.,-1.));
#2193=DIRECTION('',(1.,0.,0.));
#2194=DIRECTION('',(0.,0.,-1.));
#2195=DIRECTION('center_axis',(-1.,0.,0.));
#2196=DIRECTION('ref_axis',(0.,0.,1.));
#2197=DIRECTION('',(0.,1.,0.));
#2198=DIRECTION('',(0.,0.,-1.));
#2199=DIRECTION('',(0.,1.,0.));
#2200=DIRECTION('center_axis',(0.,-1.,0.));
#2201=DIRECTION('ref_axis',(0.,0.,-1.));
#2202=DIRECTION('',(-1.,0.,0.));
#2203=DIRECTION('',(0.,0.,-1.));
#2204=DIRECTION('',(-1.,0.,0.));
#2205=DIRECTION('center_axis',(1.,0.,0.));
#2206=DIRECTION('ref_axis',(0.,0.,-1.));
#2207=DIRECTION('',(0.,-1.,0.));
#2208=DIRECTION('',(0.,-1.,0.));
#2209=DIRECTION('center_axis',(0.,0.,1.));
#2210=DIRECTION('ref_axis',(1.,0.,0.));
#2211=DIRECTION('center_axis',(0.,0.,1.));
#2212=DIRECTION('ref_axis',(1.,0.,0.));
#2213=DIRECTION('center_axis',(-1.,0.,0.));
#2214=DIRECTION('ref_axis',(0.,0.,1.));
#2215=DIRECTION('',(0.,1.,0.));
#2216=DIRECTION('',(0.,0.,-1.));
#2217=DIRECTION('',(0.,1.,0.));
#2218=DIRECTION('',(0.,0.,-1.));
#2219=DIRECTION('',(0.,0.,-1.));
#2220=DIRECTION('',(0.,1.,0.));
#2221=DIRECTION('',(0.,0.,-1.));
#2222=DIRECTION('',(0.,1.,0.));
#2223=DIRECTION('center_axis',(0.,0.,1.));
#2224=DIRECTION('ref_axis',(1.,0.,0.));
#2225=DIRECTION('',(1.,0.,0.));
#2226=DIRECTION('',(-3.78485122031304E-15,-1.,0.));
#2227=DIRECTION('',(-1.,0.,0.));
#2228=DIRECTION('center_axis',(1.,-3.78485122031304E-15,0.));
#2229=DIRECTION('ref_axis',(3.78485122031304E-15,1.,0.));
#2230=DIRECTION('',(0.,0.,-1.));
#2231=DIRECTION('',(-3.78485122031304E-15,-1.,0.));
#2232=DIRECTION('',(0.,0.,-1.));
#2233=DIRECTION('center_axis',(0.,1.,0.));
#2234=DIRECTION('ref_axis',(0.,0.,1.));
#2235=DIRECTION('',(1.,0.,0.));
#2236=DIRECTION('center_axis',(0.,0.,-1.));
#2237=DIRECTION('ref_axis',(-1.,0.,0.));
#2238=DIRECTION('',(-1.,0.,0.));
#2239=DIRECTION('center_axis',(0.,-1.,0.));
#2240=DIRECTION('ref_axis',(0.,0.,-1.));
#2241=DIRECTION('center_axis',(0.,0.,1.));
#2242=DIRECTION('ref_axis',(1.,0.,0.));
#2243=DIRECTION('',(1.,0.,0.));
#2244=DIRECTION('',(-1.,0.,0.));
#2245=DIRECTION('',(-3.78485122031304E-15,-1.,0.));
#2246=DIRECTION('center_axis',(1.,-3.78485122031304E-15,0.));
#2247=DIRECTION('ref_axis',(3.78485122031304E-15,1.,0.));
#2248=DIRECTION('',(0.,0.,-1.));
#2249=DIRECTION('',(-3.78485122031304E-15,-1.,0.));
#2250=DIRECTION('',(0.,0.,-1.));
#2251=DIRECTION('center_axis',(0.,1.,0.));
#2252=DIRECTION('ref_axis',(0.,0.,1.));
#2253=DIRECTION('',(1.,0.,0.));
#2254=DIRECTION('center_axis',(0.,0.,-1.));
#2255=DIRECTION('ref_axis',(-1.,0.,0.));
#2256=DIRECTION('',(-1.,0.,0.));
#2257=DIRECTION('center_axis',(0.,-1.,0.));
#2258=DIRECTION('ref_axis',(0.,0.,-1.));
#2259=DIRECTION('center_axis',(0.,0.,1.));
#2260=DIRECTION('ref_axis',(1.,0.,0.));
#2261=DIRECTION('center_axis',(0.,0.,1.));
#2262=DIRECTION('ref_axis',(-1.,0.,0.));
#2263=DIRECTION('center_axis',(0.,0.,1.));
#2264=DIRECTION('ref_axis',(1.,0.,0.));
#2265=DIRECTION('center_axis',(0.,0.,1.));
#2266=DIRECTION('ref_axis',(1.,0.,0.));
#2267=DIRECTION('center_axis',(0.,0.,-1.));
#2268=DIRECTION('ref_axis',(1.,0.,0.));
#2269=DIRECTION('',(0.,0.,1.));
#2270=DIRECTION('center_axis',(0.,0.,1.));
#2271=DIRECTION('ref_axis',(1.,0.,0.));
#2272=DIRECTION('center_axis',(0.,0.,-1.));
#2273=DIRECTION('ref_axis',(-1.,0.,0.));
#2274=DIRECTION('center_axis',(0.,0.,1.));
#2275=DIRECTION('ref_axis',(1.,0.,0.));
#2276=DIRECTION('center_axis',(0.,0.,-1.));
#2277=DIRECTION('ref_axis',(-1.,0.,0.));
#2278=DIRECTION('center_axis',(0.,0.,-1.));
#2279=DIRECTION('ref_axis',(-1.,0.,0.));
#2280=DIRECTION('',(0.,0.,1.));
#2281=DIRECTION('center_axis',(0.,0.,1.));
#2282=DIRECTION('ref_axis',(1.,0.,0.));
#2283=DIRECTION('center_axis',(0.,0.,1.));
#2284=DIRECTION('ref_axis',(1.,0.,0.));
#2285=DIRECTION('center_axis',(0.,0.,-1.));
#2286=DIRECTION('ref_axis',(-1.,0.,0.));
#2287=DIRECTION('',(0.,0.,1.));
#2288=DIRECTION('center_axis',(-1.,0.,0.));
#2289=DIRECTION('ref_axis',(0.,0.,1.));
#2290=DIRECTION('',(0.,1.,0.));
#2291=DIRECTION('',(0.,0.,1.));
#2292=DIRECTION('',(0.,1.,0.));
#2293=DIRECTION('',(0.,0.,-1.));
#2294=DIRECTION('center_axis',(0.,-1.,0.));
#2295=DIRECTION('ref_axis',(0.,0.,-1.));
#2296=DIRECTION('',(-1.,0.,0.));
#2297=DIRECTION('',(0.,0.,1.));
#2298=DIRECTION('',(-1.,0.,0.));
#2299=DIRECTION('center_axis',(1.,0.,0.));
#2300=DIRECTION('ref_axis',(0.,0.,-1.));
#2301=DIRECTION('',(0.,-1.,0.));
#2302=DIRECTION('',(0.,0.,1.));
#2303=DIRECTION('',(0.,-1.,0.));
#2304=DIRECTION('center_axis',(0.,1.,0.));
#2305=DIRECTION('ref_axis',(0.,0.,1.));
#2306=DIRECTION('',(1.,0.,0.));
#2307=DIRECTION('',(1.,0.,0.));
#2308=DIRECTION('center_axis',(0.,0.,1.));
#2309=DIRECTION('ref_axis',(1.,0.,0.));
#2310=DIRECTION('center_axis',(0.,0.,1.));
#2311=DIRECTION('ref_axis',(1.,0.,0.));
#2312=DIRECTION('center_axis',(0.,0.,1.));
#2313=DIRECTION('ref_axis',(1.,0.,0.));
#2314=DIRECTION('center_axis',(0.,0.,1.));
#2315=DIRECTION('ref_axis',(1.,0.,0.));
#2316=DIRECTION('',(0.,0.,-1.));
#2317=DIRECTION('center_axis',(0.,0.,1.));
#2318=DIRECTION('ref_axis',(1.,0.,0.));
#2319=DIRECTION('center_axis',(0.,0.,1.));
#2320=DIRECTION('ref_axis',(1.,0.,0.));
#2321=DIRECTION('center_axis',(0.,0.,1.));
#2322=DIRECTION('ref_axis',(1.,0.,0.));
#2323=DIRECTION('center_axis',(1.,0.,0.));
#2324=DIRECTION('ref_axis',(0.,0.,-1.));
#2325=DIRECTION('',(0.,-1.,0.));
#2326=DIRECTION('',(0.,0.,-1.));
#2327=DIRECTION('',(0.,-1.,0.));
#2328=DIRECTION('',(0.,0.,-1.));
#2329=DIRECTION('center_axis',(0.,1.,0.));
#2330=DIRECTION('ref_axis',(0.,0.,1.));
#2331=DIRECTION('',(1.,0.,0.));
#2332=DIRECTION('',(0.,0.,-1.));
#2333=DIRECTION('',(1.,0.,0.));
#2334=DIRECTION('center_axis',(-1.,0.,0.));
#2335=DIRECTION('ref_axis',(0.,0.,1.));
#2336=DIRECTION('',(0.,1.,0.));
#2337=DIRECTION('',(0.,0.,-1.));
#2338=DIRECTION('',(0.,1.,0.));
#2339=DIRECTION('center_axis',(0.,-1.,0.));
#2340=DIRECTION('ref_axis',(0.,0.,-1.));
#2341=DIRECTION('',(-1.,0.,0.));
#2342=DIRECTION('',(-1.,0.,0.));
#2343=DIRECTION('center_axis',(0.,0.,1.));
#2344=DIRECTION('ref_axis',(1.,0.,0.));
#2345=DIRECTION('center_axis',(0.,0.,1.));
#2346=DIRECTION('ref_axis',(1.,0.,0.));
#2347=DIRECTION('center_axis',(1.,0.,0.));
#2348=DIRECTION('ref_axis',(0.,0.,-1.));
#2349=DIRECTION('',(0.,-1.,0.));
#2350=DIRECTION('',(0.,0.,-1.));
#2351=DIRECTION('',(0.,-1.,0.));
#2352=DIRECTION('',(0.,0.,-1.));
#2353=DIRECTION('center_axis',(0.,1.,0.));
#2354=DIRECTION('ref_axis',(0.,0.,1.));
#2355=DIRECTION('',(1.,0.,0.));
#2356=DIRECTION('',(0.,0.,-1.));
#2357=DIRECTION('',(1.,0.,0.));
#2358=DIRECTION('center_axis',(-1.,0.,0.));
#2359=DIRECTION('ref_axis',(0.,0.,1.));
#2360=DIRECTION('',(0.,1.,0.));
#2361=DIRECTION('',(0.,0.,-1.));
#2362=DIRECTION('',(0.,1.,0.));
#2363=DIRECTION('center_axis',(0.,-1.,0.));
#2364=DIRECTION('ref_axis',(0.,0.,-1.));
#2365=DIRECTION('',(-1.,0.,0.));
#2366=DIRECTION('',(-1.,0.,0.));
#2367=DIRECTION('center_axis',(0.,0.,1.));
#2368=DIRECTION('ref_axis',(1.,0.,0.));
#2369=DIRECTION('center_axis',(0.,0.,1.));
#2370=DIRECTION('ref_axis',(1.,0.,0.));
#2371=DIRECTION('center_axis',(1.,0.,0.));
#2372=DIRECTION('ref_axis',(0.,0.,-1.));
#2373=DIRECTION('',(0.,-1.,0.));
#2374=DIRECTION('',(0.,0.,-1.));
#2375=DIRECTION('',(0.,-1.,0.));
#2376=DIRECTION('',(0.,0.,-1.));
#2377=DIRECTION('center_axis',(0.,1.,0.));
#2378=DIRECTION('ref_axis',(0.,0.,1.));
#2379=DIRECTION('',(1.,0.,0.));
#2380=DIRECTION('',(0.,0.,-1.));
#2381=DIRECTION('',(1.,0.,0.));
#2382=DIRECTION('center_axis',(-1.,0.,0.));
#2383=DIRECTION('ref_axis',(0.,0.,1.));
#2384=DIRECTION('',(0.,1.,0.));
#2385=DIRECTION('',(0.,0.,-1.));
#2386=DIRECTION('',(0.,1.,0.));
#2387=DIRECTION('center_axis',(0.,-1.,0.));
#2388=DIRECTION('ref_axis',(0.,0.,-1.));
#2389=DIRECTION('',(-1.,0.,0.));
#2390=DIRECTION('',(-1.,0.,0.));
#2391=DIRECTION('center_axis',(0.,0.,1.));
#2392=DIRECTION('ref_axis',(1.,0.,0.));
#2393=DIRECTION('center_axis',(0.,0.,1.));
#2394=DIRECTION('ref_axis',(1.,0.,0.));
#2395=DIRECTION('center_axis',(1.,0.,0.));
#2396=DIRECTION('ref_axis',(0.,0.,-1.));
#2397=DIRECTION('',(0.,-1.,0.));
#2398=DIRECTION('',(0.,0.,-1.));
#2399=DIRECTION('',(0.,-1.,0.));
#2400=DIRECTION('',(0.,0.,-1.));
#2401=DIRECTION('center_axis',(0.,1.,0.));
#2402=DIRECTION('ref_axis',(0.,0.,1.));
#2403=DIRECTION('',(1.,0.,0.));
#2404=DIRECTION('',(0.,0.,-1.));
#2405=DIRECTION('',(1.,0.,0.));
#2406=DIRECTION('center_axis',(-1.,0.,0.));
#2407=DIRECTION('ref_axis',(0.,0.,1.));
#2408=DIRECTION('',(0.,1.,0.));
#2409=DIRECTION('',(0.,0.,-1.));
#2410=DIRECTION('',(0.,1.,0.));
#2411=DIRECTION('center_axis',(0.,-1.,0.));
#2412=DIRECTION('ref_axis',(0.,0.,-1.));
#2413=DIRECTION('',(-1.,0.,0.));
#2414=DIRECTION('',(-1.,0.,0.));
#2415=DIRECTION('center_axis',(0.,0.,1.));
#2416=DIRECTION('ref_axis',(1.,0.,0.));
#2417=DIRECTION('center_axis',(0.,0.,1.));
#2418=DIRECTION('ref_axis',(1.,0.,0.));
#2419=DIRECTION('center_axis',(-1.,0.,0.));
#2420=DIRECTION('ref_axis',(0.,0.,1.));
#2421=DIRECTION('',(0.,1.,0.));
#2422=DIRECTION('',(0.,0.,-1.));
#2423=DIRECTION('',(0.,1.,0.));
#2424=DIRECTION('',(0.,0.,-1.));
#2425=DIRECTION('center_axis',(0.,-1.,0.));
#2426=DIRECTION('ref_axis',(0.,0.,-1.));
#2427=DIRECTION('',(-1.,0.,0.));
#2428=DIRECTION('',(0.,0.,-1.));
#2429=DIRECTION('',(-1.,0.,0.));
#2430=DIRECTION('center_axis',(1.,0.,0.));
#2431=DIRECTION('ref_axis',(0.,0.,-1.));
#2432=DIRECTION('',(0.,-1.,0.));
#2433=DIRECTION('',(0.,0.,-1.));
#2434=DIRECTION('',(0.,-1.,0.));
#2435=DIRECTION('center_axis',(0.,1.,0.));
#2436=DIRECTION('ref_axis',(0.,0.,1.));
#2437=DIRECTION('',(1.,0.,0.));
#2438=DIRECTION('',(1.,0.,0.));
#2439=DIRECTION('center_axis',(0.,0.,1.));
#2440=DIRECTION('ref_axis',(1.,0.,0.));
#2441=DIRECTION('center_axis',(0.,0.,1.));
#2442=DIRECTION('ref_axis',(1.,0.,0.));
#2443=DIRECTION('center_axis',(1.,0.,0.));
#2444=DIRECTION('ref_axis',(0.,0.,-1.));
#2445=DIRECTION('',(0.,-1.,0.));
#2446=DIRECTION('',(0.,0.,-1.));
#2447=DIRECTION('',(0.,-1.,0.));
#2448=DIRECTION('',(0.,0.,-1.));
#2449=DIRECTION('center_axis',(0.,1.,0.));
#2450=DIRECTION('ref_axis',(0.,0.,1.));
#2451=DIRECTION('',(1.,0.,0.));
#2452=DIRECTION('',(0.,0.,-1.));
#2453=DIRECTION('',(1.,0.,0.));
#2454=DIRECTION('center_axis',(-1.,0.,0.));
#2455=DIRECTION('ref_axis',(0.,0.,1.));
#2456=DIRECTION('',(0.,1.,0.));
#2457=DIRECTION('',(0.,0.,-1.));
#2458=DIRECTION('',(0.,1.,0.));
#2459=DIRECTION('center_axis',(0.,-1.,0.));
#2460=DIRECTION('ref_axis',(0.,0.,-1.));
#2461=DIRECTION('',(-1.,0.,0.));
#2462=DIRECTION('',(-1.,0.,0.));
#2463=DIRECTION('center_axis',(0.,0.,1.));
#2464=DIRECTION('ref_axis',(1.,0.,0.));
#2465=DIRECTION('center_axis',(0.,0.,1.));
#2466=DIRECTION('ref_axis',(1.,0.,0.));
#2467=DIRECTION('center_axis',(1.,0.,0.));
#2468=DIRECTION('ref_axis',(0.,0.,-1.));
#2469=DIRECTION('',(0.,-1.,0.));
#2470=DIRECTION('',(0.,0.,-1.));
#2471=DIRECTION('',(0.,-1.,0.));
#2472=DIRECTION('',(0.,0.,-1.));
#2473=DIRECTION('center_axis',(0.,1.,0.));
#2474=DIRECTION('ref_axis',(0.,0.,1.));
#2475=DIRECTION('',(1.,0.,0.));
#2476=DIRECTION('',(0.,0.,-1.));
#2477=DIRECTION('',(1.,0.,0.));
#2478=DIRECTION('center_axis',(-1.,0.,0.));
#2479=DIRECTION('ref_axis',(0.,0.,1.));
#2480=DIRECTION('',(0.,1.,0.));
#2481=DIRECTION('',(0.,0.,-1.));
#2482=DIRECTION('',(0.,1.,0.));
#2483=DIRECTION('center_axis',(0.,-1.,0.));
#2484=DIRECTION('ref_axis',(0.,0.,-1.));
#2485=DIRECTION('',(-1.,0.,0.));
#2486=DIRECTION('',(-1.,0.,0.));
#2487=DIRECTION('center_axis',(0.,0.,1.));
#2488=DIRECTION('ref_axis',(1.,0.,0.));
#2489=DIRECTION('center_axis',(0.,0.,1.));
#2490=DIRECTION('ref_axis',(1.,0.,0.));
#2491=DIRECTION('center_axis',(1.,0.,0.));
#2492=DIRECTION('ref_axis',(0.,0.,-1.));
#2493=DIRECTION('',(0.,-1.,0.));
#2494=DIRECTION('',(0.,0.,-1.));
#2495=DIRECTION('',(0.,-1.,0.));
#2496=DIRECTION('',(0.,0.,-1.));
#2497=DIRECTION('center_axis',(0.,1.,0.));
#2498=DIRECTION('ref_axis',(0.,0.,1.));
#2499=DIRECTION('',(1.,0.,0.));
#2500=DIRECTION('',(0.,0.,-1.));
#2501=DIRECTION('',(1.,0.,0.));
#2502=DIRECTION('center_axis',(-1.,0.,0.));
#2503=DIRECTION('ref_axis',(0.,0.,1.));
#2504=DIRECTION('',(0.,1.,0.));
#2505=DIRECTION('',(0.,0.,-1.));
#2506=DIRECTION('',(0.,1.,0.));
#2507=DIRECTION('center_axis',(0.,-1.,0.));
#2508=DIRECTION('ref_axis',(0.,0.,-1.));
#2509=DIRECTION('',(-1.,0.,0.));
#2510=DIRECTION('',(-1.,0.,0.));
#2511=DIRECTION('center_axis',(0.,0.,1.));
#2512=DIRECTION('ref_axis',(1.,0.,0.));
#2513=DIRECTION('center_axis',(0.,0.,1.));
#2514=DIRECTION('ref_axis',(1.,0.,0.));
#2515=DIRECTION('center_axis',(1.,0.,0.));
#2516=DIRECTION('ref_axis',(0.,0.,-1.));
#2517=DIRECTION('',(0.,-1.,0.));
#2518=DIRECTION('',(0.,0.,-1.));
#2519=DIRECTION('',(0.,-1.,0.));
#2520=DIRECTION('',(0.,0.,-1.));
#2521=DIRECTION('center_axis',(0.,1.,0.));
#2522=DIRECTION('ref_axis',(0.,0.,1.));
#2523=DIRECTION('',(1.,0.,0.));
#2524=DIRECTION('',(0.,0.,-1.));
#2525=DIRECTION('',(1.,0.,0.));
#2526=DIRECTION('center_axis',(-1.,0.,0.));
#2527=DIRECTION('ref_axis',(0.,0.,1.));
#2528=DIRECTION('',(0.,1.,0.));
#2529=DIRECTION('',(0.,0.,-1.));
#2530=DIRECTION('',(0.,1.,0.));
#2531=DIRECTION('center_axis',(0.,-1.,0.));
#2532=DIRECTION('ref_axis',(0.,0.,-1.));
#2533=DIRECTION('',(-1.,0.,0.));
#2534=DIRECTION('',(-1.,0.,0.));
#2535=DIRECTION('center_axis',(0.,0.,1.));
#2536=DIRECTION('ref_axis',(1.,0.,0.));
#2537=DIRECTION('center_axis',(0.,0.,1.));
#2538=DIRECTION('ref_axis',(1.,0.,0.));
#2539=DIRECTION('center_axis',(1.,0.,0.));
#2540=DIRECTION('ref_axis',(0.,0.,-1.));
#2541=DIRECTION('',(0.,-1.,0.));
#2542=DIRECTION('',(0.,0.,-1.));
#2543=DIRECTION('',(0.,-1.,0.));
#2544=DIRECTION('',(0.,0.,-1.));
#2545=DIRECTION('center_axis',(0.,1.,0.));
#2546=DIRECTION('ref_axis',(0.,0.,1.));
#2547=DIRECTION('',(1.,0.,0.));
#2548=DIRECTION('',(0.,0.,-1.));
#2549=DIRECTION('',(1.,0.,0.));
#2550=DIRECTION('center_axis',(-1.,0.,0.));
#2551=DIRECTION('ref_axis',(0.,0.,1.));
#2552=DIRECTION('',(0.,1.,0.));
#2553=DIRECTION('',(0.,0.,-1.));
#2554=DIRECTION('',(0.,1.,0.));
#2555=DIRECTION('center_axis',(0.,-1.,0.));
#2556=DIRECTION('ref_axis',(0.,0.,-1.));
#2557=DIRECTION('',(-1.,0.,0.));
#2558=DIRECTION('',(-1.,0.,0.));
#2559=DIRECTION('center_axis',(0.,0.,1.));
#2560=DIRECTION('ref_axis',(1.,0.,0.));
#2561=DIRECTION('center_axis',(0.,0.,1.));
#2562=DIRECTION('ref_axis',(1.,0.,0.));
#2563=DIRECTION('center_axis',(-1.,0.,0.));
#2564=DIRECTION('ref_axis',(0.,0.,1.));
#2565=DIRECTION('',(0.,1.,0.));
#2566=DIRECTION('',(0.,0.,-1.));
#2567=DIRECTION('',(0.,1.,0.));
#2568=DIRECTION('',(0.,0.,-1.));
#2569=DIRECTION('center_axis',(0.,1.,0.));
#2570=DIRECTION('ref_axis',(0.,0.,1.));
#2571=DIRECTION('',(1.,0.,0.));
#2572=DIRECTION('',(1.,0.,0.));
#2573=DIRECTION('',(0.,0.,-1.));
#2574=DIRECTION('center_axis',(1.,0.,0.));
#2575=DIRECTION('ref_axis',(0.,0.,-1.));
#2576=DIRECTION('',(0.,-1.,0.));
#2577=DIRECTION('',(0.,-1.,0.));
#2578=DIRECTION('',(0.,0.,-1.));
#2579=DIRECTION('center_axis',(0.,-1.,0.));
#2580=DIRECTION('ref_axis',(0.,0.,-1.));
#2581=DIRECTION('',(-1.,0.,0.));
#2582=DIRECTION('',(-1.,0.,0.));
#2583=DIRECTION('center_axis',(0.,0.,-1.));
#2584=DIRECTION('ref_axis',(-1.,0.,0.));
#2585=DIRECTION('center_axis',(0.,0.,-1.));
#2586=DIRECTION('ref_axis',(-1.,0.,0.));
#2587=DIRECTION('center_axis',(1.,0.,0.));
#2588=DIRECTION('ref_axis',(0.,0.,-1.));
#2589=DIRECTION('',(0.,-1.,0.));
#2590=DIRECTION('',(0.,0.,-1.));
#2591=DIRECTION('',(0.,-1.,0.));
#2592=DIRECTION('',(0.,0.,-1.));
#2593=DIRECTION('center_axis',(0.,1.,0.));
#2594=DIRECTION('ref_axis',(0.,0.,1.));
#2595=DIRECTION('',(1.,0.,0.));
#2596=DIRECTION('',(0.,0.,-1.));
#2597=DIRECTION('',(1.,0.,0.));
#2598=DIRECTION('center_axis',(-1.,0.,0.));
#2599=DIRECTION('ref_axis',(0.,0.,1.));
#2600=DIRECTION('',(0.,1.,0.));
#2601=DIRECTION('',(0.,0.,-1.));
#2602=DIRECTION('',(0.,1.,0.));
#2603=DIRECTION('center_axis',(0.,-1.,0.));
#2604=DIRECTION('ref_axis',(0.,0.,-1.));
#2605=DIRECTION('',(-1.,0.,0.));
#2606=DIRECTION('',(-1.,0.,0.));
#2607=DIRECTION('center_axis',(0.,0.,1.));
#2608=DIRECTION('ref_axis',(1.,0.,0.));
#2609=DIRECTION('center_axis',(0.,0.,1.));
#2610=DIRECTION('ref_axis',(1.,0.,0.));
#2611=DIRECTION('center_axis',(1.,0.,0.));
#2612=DIRECTION('ref_axis',(0.,0.,-1.));
#2613=DIRECTION('',(0.,-1.,0.));
#2614=DIRECTION('',(0.,0.,-1.));
#2615=DIRECTION('',(0.,-1.,0.));
#2616=DIRECTION('',(0.,0.,-1.));
#2617=DIRECTION('center_axis',(0.,1.,0.));
#2618=DIRECTION('ref_axis',(0.,0.,1.));
#2619=DIRECTION('',(1.,0.,0.));
#2620=DIRECTION('',(0.,0.,-1.));
#2621=DIRECTION('',(1.,0.,0.));
#2622=DIRECTION('center_axis',(-1.,0.,0.));
#2623=DIRECTION('ref_axis',(0.,0.,1.));
#2624=DIRECTION('',(0.,1.,0.));
#2625=DIRECTION('',(0.,0.,-1.));
#2626=DIRECTION('',(0.,1.,0.));
#2627=DIRECTION('center_axis',(0.,-1.,0.));
#2628=DIRECTION('ref_axis',(0.,0.,-1.));
#2629=DIRECTION('',(-1.,0.,0.));
#2630=DIRECTION('',(-1.,0.,0.));
#2631=DIRECTION('center_axis',(0.,0.,1.));
#2632=DIRECTION('ref_axis',(1.,0.,0.));
#2633=DIRECTION('center_axis',(0.,0.,1.));
#2634=DIRECTION('ref_axis',(1.,0.,0.));
#2635=DIRECTION('center_axis',(1.,0.,0.));
#2636=DIRECTION('ref_axis',(0.,0.,-1.));
#2637=DIRECTION('',(0.,-1.,0.));
#2638=DIRECTION('',(0.,0.,-1.));
#2639=DIRECTION('',(0.,-1.,0.));
#2640=DIRECTION('',(0.,0.,-1.));
#2641=DIRECTION('center_axis',(0.,1.,0.));
#2642=DIRECTION('ref_axis',(0.,0.,1.));
#2643=DIRECTION('',(1.,0.,0.));
#2644=DIRECTION('',(0.,0.,-1.));
#2645=DIRECTION('',(1.,0.,0.));
#2646=DIRECTION('center_axis',(-1.,0.,0.));
#2647=DIRECTION('ref_axis',(0.,0.,1.));
#2648=DIRECTION('',(0.,1.,0.));
#2649=DIRECTION('',(0.,0.,-1.));
#2650=DIRECTION('',(0.,1.,0.));
#2651=DIRECTION('center_axis',(0.,-1.,0.));
#2652=DIRECTION('ref_axis',(0.,0.,-1.));
#2653=DIRECTION('',(-1.,0.,0.));
#2654=DIRECTION('',(-1.,0.,0.));
#2655=DIRECTION('center_axis',(0.,0.,1.));
#2656=DIRECTION('ref_axis',(1.,0.,0.));
#2657=DIRECTION('center_axis',(0.,0.,1.));
#2658=DIRECTION('ref_axis',(1.,0.,0.));
#2659=DIRECTION('center_axis',(1.,0.,0.));
#2660=DIRECTION('ref_axis',(0.,0.,-1.));
#2661=DIRECTION('',(0.,-1.,0.));
#2662=DIRECTION('',(0.,0.,-1.));
#2663=DIRECTION('',(0.,-1.,0.));
#2664=DIRECTION('',(0.,0.,-1.));
#2665=DIRECTION('center_axis',(0.,1.,0.));
#2666=DIRECTION('ref_axis',(0.,0.,1.));
#2667=DIRECTION('',(1.,0.,0.));
#2668=DIRECTION('',(0.,0.,-1.));
#2669=DIRECTION('',(1.,0.,0.));
#2670=DIRECTION('center_axis',(-1.,0.,0.));
#2671=DIRECTION('ref_axis',(0.,0.,1.));
#2672=DIRECTION('',(0.,1.,0.));
#2673=DIRECTION('',(0.,0.,-1.));
#2674=DIRECTION('',(0.,1.,0.));
#2675=DIRECTION('center_axis',(0.,-1.,0.));
#2676=DIRECTION('ref_axis',(0.,0.,-1.));
#2677=DIRECTION('',(-1.,0.,0.));
#2678=DIRECTION('',(-1.,0.,0.));
#2679=DIRECTION('center_axis',(0.,0.,1.));
#2680=DIRECTION('ref_axis',(1.,0.,0.));
#2681=DIRECTION('center_axis',(0.,0.,1.));
#2682=DIRECTION('ref_axis',(1.,0.,0.));
#2683=DIRECTION('center_axis',(1.,0.,0.));
#2684=DIRECTION('ref_axis',(0.,0.,-1.));
#2685=DIRECTION('',(0.,-1.,0.));
#2686=DIRECTION('',(0.,0.,-1.));
#2687=DIRECTION('',(0.,-1.,0.));
#2688=DIRECTION('',(0.,0.,-1.));
#2689=DIRECTION('center_axis',(0.,1.,0.));
#2690=DIRECTION('ref_axis',(0.,0.,1.));
#2691=DIRECTION('',(1.,0.,0.));
#2692=DIRECTION('',(0.,0.,-1.));
#2693=DIRECTION('',(1.,0.,0.));
#2694=DIRECTION('center_axis',(-1.,0.,0.));
#2695=DIRECTION('ref_axis',(0.,0.,1.));
#2696=DIRECTION('',(0.,1.,0.));
#2697=DIRECTION('',(0.,0.,-1.));
#2698=DIRECTION('',(0.,1.,0.));
#2699=DIRECTION('center_axis',(0.,-1.,0.));
#2700=DIRECTION('ref_axis',(0.,0.,-1.));
#2701=DIRECTION('',(-1.,0.,0.));
#2702=DIRECTION('',(-1.,0.,0.));
#2703=DIRECTION('center_axis',(0.,0.,1.));
#2704=DIRECTION('ref_axis',(1.,0.,0.));
#2705=DIRECTION('center_axis',(0.,0.,1.));
#2706=DIRECTION('ref_axis',(1.,0.,0.));
#2707=DIRECTION('center_axis',(0.,0.,1.));
#2708=DIRECTION('ref_axis',(-1.,0.,0.));
#2709=DIRECTION('center_axis',(0.,0.,1.));
#2710=DIRECTION('ref_axis',(1.,0.,0.));
#2711=DIRECTION('center_axis',(0.,1.,0.));
#2712=DIRECTION('ref_axis',(1.,0.,0.));
#2713=CARTESIAN_POINT('',(0.,0.,0.));
#2714=CARTESIAN_POINT('Origin',(0.,0.,0.6));
#2715=CARTESIAN_POINT('',(0.,0.,0.));
#2716=CARTESIAN_POINT('',(25.,0.,0.));
#2717=CARTESIAN_POINT('',(0.,0.,0.));
#2718=CARTESIAN_POINT('',(25.,0.,0.6));
#2719=CARTESIAN_POINT('',(25.,0.,0.6));
#2720=CARTESIAN_POINT('',(0.,0.,0.6));
#2721=CARTESIAN_POINT('',(0.,0.,0.6));
#2722=CARTESIAN_POINT('',(0.,0.,0.6));
#2723=CARTESIAN_POINT('Origin',(25.,0.,0.6));
#2724=CARTESIAN_POINT('',(25.,8.,0.));
#2725=CARTESIAN_POINT('',(25.,0.,0.));
#2726=CARTESIAN_POINT('',(25.,8.,0.6));
#2727=CARTESIAN_POINT('',(25.,8.,0.6));
#2728=CARTESIAN_POINT('',(25.,0.,0.6));
#2729=CARTESIAN_POINT('Origin',(25.,8.,0.6));
#2730=CARTESIAN_POINT('',(0.,8.,0.));
#2731=CARTESIAN_POINT('',(25.,8.,0.));
#2732=CARTESIAN_POINT('',(0.,8.,0.6));
#2733=CARTESIAN_POINT('',(0.,8.,0.6));
#2734=CARTESIAN_POINT('',(25.,8.,0.6));
#2735=CARTESIAN_POINT('Origin',(0.,8.,0.6));
#2736=CARTESIAN_POINT('',(0.,8.,0.));
#2737=CARTESIAN_POINT('',(0.,8.,0.6));
#2738=CARTESIAN_POINT('Origin',(0.,0.,0.6));
#2739=CARTESIAN_POINT('Origin',(0.,0.,0.));
#2740=CARTESIAN_POINT('Origin',(0.,1.25,2.));
#2741=CARTESIAN_POINT('',(0.,1.25,0.6));
#2742=CARTESIAN_POINT('',(0.,6.75,0.6));
#2743=CARTESIAN_POINT('',(0.,1.25,0.6));
#2744=CARTESIAN_POINT('',(0.,1.25,2.));
#2745=CARTESIAN_POINT('',(0.,1.25,2.));
#2746=CARTESIAN_POINT('',(0.,6.75,2.));
#2747=CARTESIAN_POINT('',(0.,1.25,2.));
#2748=CARTESIAN_POINT('',(0.,6.75,2.));
#2749=CARTESIAN_POINT('',(0.,1.45,1.8));
#2750=CARTESIAN_POINT('',(0.,1.45,0.8));
#2751=CARTESIAN_POINT('',(0.,1.45,2.));
#2752=CARTESIAN_POINT('',(0.,6.55,0.8));
#2753=CARTESIAN_POINT('',(0.,1.25,0.8));
#2754=CARTESIAN_POINT('',(0.,6.55,1.8));
#2755=CARTESIAN_POINT('',(0.,6.55,2.));
#2756=CARTESIAN_POINT('',(0.,0.,1.8));
#2757=CARTESIAN_POINT('Origin',(0.,0.,0.6));
#2758=CARTESIAN_POINT('',(2.75000000000002,6.75,0.6));
#2759=CARTESIAN_POINT('',(0.,6.75,0.6));
#2760=CARTESIAN_POINT('',(2.74999999999999,1.25,0.6));
#2761=CARTESIAN_POINT('',(2.75000000000001,6.75,0.6));
#2762=CARTESIAN_POINT('',(2.75,1.25,0.6));
#2763=CARTESIAN_POINT('Origin',(2.75000000000001,6.75,2.));
#2764=CARTESIAN_POINT('',(2.75000000000002,6.75,2.));
#2765=CARTESIAN_POINT('',(2.75000000000002,6.75,2.));
#2766=CARTESIAN_POINT('',(2.74999999999999,1.25,2.));
#2767=CARTESIAN_POINT('',(2.75000000000001,6.75,2.));
#2768=CARTESIAN_POINT('',(2.74999999999999,1.25,2.));
#2769=CARTESIAN_POINT('Origin',(0.,6.75,2.));
#2770=CARTESIAN_POINT('',(0.,6.75,2.));
#2771=CARTESIAN_POINT('Origin',(0.,0.,2.));
#2772=CARTESIAN_POINT('',(2.75,1.25,2.));
#2773=CARTESIAN_POINT('Origin',(2.75,1.25,2.));
#2774=CARTESIAN_POINT('Origin',(0.,0.,0.8));
#2775=CARTESIAN_POINT('',(2.55000000000001,6.55,0.8));
#2776=CARTESIAN_POINT('',(0.,6.55,0.8));
#2777=CARTESIAN_POINT('',(2.54999999999999,1.45,0.8));
#2778=CARTESIAN_POINT('',(2.75,1.45,0.8));
#2779=CARTESIAN_POINT('',(2.55000000000001,6.75,0.8));
#2780=CARTESIAN_POINT('Origin',(2.55000000000001,6.75,2.));
#2781=CARTESIAN_POINT('',(2.54999999999999,1.45,1.8));
#2782=CARTESIAN_POINT('',(2.54999999999999,1.45,2.));
#2783=CARTESIAN_POINT('',(2.55000000000001,6.55,1.8));
#2784=CARTESIAN_POINT('',(2.54999999999999,-9.65137061179819E-15,1.8));
#2785=CARTESIAN_POINT('',(2.55000000000001,6.55,2.));
#2786=CARTESIAN_POINT('Origin',(0.,6.55,2.));
#2787=CARTESIAN_POINT('',(0.,6.55,1.8));
#2788=CARTESIAN_POINT('Origin',(0.,0.,1.8));
#2789=CARTESIAN_POINT('',(0.,1.45,1.8));
#2790=CARTESIAN_POINT('Origin',(2.75,1.45,2.));
#2791=CARTESIAN_POINT('Origin',(21.3,4.,4.25));
#2792=CARTESIAN_POINT('',(23.65,4.,4.25));
#2793=CARTESIAN_POINT('Origin',(21.3,4.,4.25));
#2794=CARTESIAN_POINT('',(20.9999999999976,4.,4.25));
#2795=CARTESIAN_POINT('Origin',(21.3,4.,4.25));
#2796=CARTESIAN_POINT('Origin',(21.3,4.,4.05));
#2797=CARTESIAN_POINT('',(20.9999999999976,4.,4.05));
#2798=CARTESIAN_POINT('Origin',(21.3,4.,4.05));
#2799=CARTESIAN_POINT('',(20.9999999999976,4.,4.05));
#2800=CARTESIAN_POINT('Origin',(21.3,4.,4.05));
#2801=CARTESIAN_POINT('Origin',(21.3,4.,4.05));
#2802=CARTESIAN_POINT('',(23.8,4.,4.05));
#2803=CARTESIAN_POINT('Origin',(21.3,4.,4.05));
#2804=CARTESIAN_POINT('',(23.65,4.,4.05));
#2805=CARTESIAN_POINT('Origin',(21.3,4.,4.05));
#2806=CARTESIAN_POINT('Origin',(21.3,4.,4.25));
#2807=CARTESIAN_POINT('',(23.65,4.,4.25));
#2808=CARTESIAN_POINT('Origin',(21.3,4.,0.6));
#2809=CARTESIAN_POINT('',(23.8,4.,0.6));
#2810=CARTESIAN_POINT('Origin',(21.3,4.,0.6));
#2811=CARTESIAN_POINT('Origin',(21.3,4.,4.25));
#2812=CARTESIAN_POINT('',(23.8,4.,4.25));
#2813=CARTESIAN_POINT('Origin',(24.3,1.49999999999999,2.25));
#2814=CARTESIAN_POINT('',(24.3,0.999999999999993,0.6));
#2815=CARTESIAN_POINT('',(24.3,7.,0.6));
#2816=CARTESIAN_POINT('',(24.3,1.49999999999999,0.6));
#2817=CARTESIAN_POINT('',(24.3,7.,2.25));
#2818=CARTESIAN_POINT('',(24.3,7.,2.25));
#2819=CARTESIAN_POINT('',(24.3,0.999999999999993,2.25));
#2820=CARTESIAN_POINT('',(24.3,1.49999999999999,2.25));
#2821=CARTESIAN_POINT('',(24.3,0.999999999999993,2.25));
#2822=CARTESIAN_POINT('Origin',(23.8,7.,2.25));
#2823=CARTESIAN_POINT('',(18.3,7.,0.6));
#2824=CARTESIAN_POINT('',(23.8,7.,0.6));
#2825=CARTESIAN_POINT('',(18.3,7.,2.25));
#2826=CARTESIAN_POINT('',(18.3,7.,2.25));
#2827=CARTESIAN_POINT('',(23.8,7.,2.25));
#2828=CARTESIAN_POINT('Origin',(18.3,6.5,2.25));
#2829=CARTESIAN_POINT('',(18.3,0.999999999999993,0.6));
#2830=CARTESIAN_POINT('',(18.3,6.5,0.6));
#2831=CARTESIAN_POINT('',(18.3,0.999999999999993,2.25));
#2832=CARTESIAN_POINT('',(18.3,0.999999999999993,2.25));
#2833=CARTESIAN_POINT('',(18.3,6.5,2.25));
#2834=CARTESIAN_POINT('Origin',(18.8,0.999999999999993,2.25));
#2835=CARTESIAN_POINT('',(18.8,0.999999999999993,0.6));
#2836=CARTESIAN_POINT('',(18.8,0.999999999999993,2.25));
#2837=CARTESIAN_POINT('Origin',(0.,0.,2.25));
#2838=CARTESIAN_POINT('Origin',(0.,0.,0.6));
#2839=CARTESIAN_POINT('Origin',(21.3,4.,2.25));
#2840=CARTESIAN_POINT('',(18.3,4.,3.25));
#2841=CARTESIAN_POINT('Origin',(21.3,4.,3.25));
#2842=CARTESIAN_POINT('',(18.3,4.,2.25));
#2843=CARTESIAN_POINT('',(18.3,4.,2.25));
#2844=CARTESIAN_POINT('Origin',(21.3,4.,2.25));
#2845=CARTESIAN_POINT('Origin',(21.3,4.,2.25));
#2846=CARTESIAN_POINT('Origin',(21.3,4.,3.25));
#2847=CARTESIAN_POINT('Origin',(3.68770996620335,0.967267658666723,1.1));
#2848=CARTESIAN_POINT('',(3.68770996620335,0.967267658666723,0.6));
#2849=CARTESIAN_POINT('',(3.68770996620335,0.467267658666719,0.6));
#2850=CARTESIAN_POINT('',(3.68770996620335,0.967267658666723,0.6));
#2851=CARTESIAN_POINT('',(3.68770996620335,0.467267658666719,1.1));
#2852=CARTESIAN_POINT('',(3.68770996620335,0.467267658666719,1.1));
#2853=CARTESIAN_POINT('',(3.68770996620335,0.967267658666723,1.1));
#2854=CARTESIAN_POINT('',(3.68770996620335,0.967267658666723,1.1));
#2855=CARTESIAN_POINT('',(3.68770996620335,0.967267658666723,1.1));
#2856=CARTESIAN_POINT('Origin',(3.68770996620335,0.467267658666719,1.1));
#2857=CARTESIAN_POINT('',(4.68770996620335,0.467267658666719,0.6));
#2858=CARTESIAN_POINT('',(3.68770996620335,0.467267658666719,0.6));
#2859=CARTESIAN_POINT('',(4.68770996620335,0.467267658666719,1.1));
#2860=CARTESIAN_POINT('',(4.68770996620335,0.467267658666719,1.1));
#2861=CARTESIAN_POINT('',(3.68770996620335,0.467267658666719,1.1));
#2862=CARTESIAN_POINT('Origin',(4.68770996620335,0.467267658666719,1.1));
#2863=CARTESIAN_POINT('',(4.68770996620335,0.967267658666722,0.6));
#2864=CARTESIAN_POINT('',(4.68770996620335,0.467267658666719,0.6));
#2865=CARTESIAN_POINT('',(4.68770996620335,0.967267658666722,1.1));
#2866=CARTESIAN_POINT('',(4.68770996620335,0.967267658666722,1.1));
#2867=CARTESIAN_POINT('',(4.68770996620335,0.467267658666719,1.1));
#2868=CARTESIAN_POINT('Origin',(4.68770996620335,0.967267658666723,1.1));
#2869=CARTESIAN_POINT('',(4.68770996620335,0.967267658666723,0.6));
#2870=CARTESIAN_POINT('',(4.68770996620335,0.967267658666723,1.1));
#2871=CARTESIAN_POINT('Origin',(0.,0.,1.1));
#2872=CARTESIAN_POINT('Origin',(0.,0.,0.6));
#2873=CARTESIAN_POINT('Origin',(3.68770996620335,3.96726765866672,1.1));
#2874=CARTESIAN_POINT('',(3.68770996620335,3.96726765866672,0.6));
#2875=CARTESIAN_POINT('',(3.68770996620335,3.46726765866672,0.6));
#2876=CARTESIAN_POINT('',(3.68770996620335,3.96726765866672,0.6));
#2877=CARTESIAN_POINT('',(3.68770996620335,3.46726765866672,1.1));
#2878=CARTESIAN_POINT('',(3.68770996620335,3.46726765866672,1.1));
#2879=CARTESIAN_POINT('',(3.68770996620335,3.96726765866672,1.1));
#2880=CARTESIAN_POINT('',(3.68770996620335,3.96726765866672,1.1));
#2881=CARTESIAN_POINT('',(3.68770996620335,3.96726765866672,1.1));
#2882=CARTESIAN_POINT('Origin',(3.68770996620335,3.46726765866672,1.1));
#2883=CARTESIAN_POINT('',(4.68770996620335,3.46726765866672,0.6));
#2884=CARTESIAN_POINT('',(3.68770996620335,3.46726765866672,0.6));
#2885=CARTESIAN_POINT('',(4.68770996620335,3.46726765866672,1.1));
#2886=CARTESIAN_POINT('',(4.68770996620335,3.46726765866672,1.1));
#2887=CARTESIAN_POINT('',(3.68770996620335,3.46726765866672,1.1));
#2888=CARTESIAN_POINT('Origin',(4.68770996620335,3.46726765866672,1.1));
#2889=CARTESIAN_POINT('',(4.68770996620335,3.96726765866672,0.6));
#2890=CARTESIAN_POINT('',(4.68770996620335,3.46726765866672,0.6));
#2891=CARTESIAN_POINT('',(4.68770996620335,3.96726765866672,1.1));
#2892=CARTESIAN_POINT('',(4.68770996620335,3.96726765866672,1.1));
#2893=CARTESIAN_POINT('',(4.68770996620335,3.46726765866672,1.1));
#2894=CARTESIAN_POINT('Origin',(4.68770996620335,3.96726765866672,1.1));
#2895=CARTESIAN_POINT('',(4.68770996620335,3.96726765866672,0.6));
#2896=CARTESIAN_POINT('',(4.68770996620335,3.96726765866672,1.1));
#2897=CARTESIAN_POINT('Origin',(0.,0.,1.1));
#2898=CARTESIAN_POINT('Origin',(0.,0.,0.6));
#2899=CARTESIAN_POINT('Origin',(3.68770996620335,4.96726765866672,1.1));
#2900=CARTESIAN_POINT('',(3.68770996620335,4.96726765866672,0.6));
#2901=CARTESIAN_POINT('',(3.68770996620335,4.46726765866672,0.6));
#2902=CARTESIAN_POINT('',(3.68770996620335,4.96726765866672,0.6));
#2903=CARTESIAN_POINT('',(3.68770996620335,4.46726765866672,1.1));
#2904=CARTESIAN_POINT('',(3.68770996620335,4.46726765866672,1.1));
#2905=CARTESIAN_POINT('',(3.68770996620335,4.96726765866672,1.1));
#2906=CARTESIAN_POINT('',(3.68770996620335,4.96726765866672,1.1));
#2907=CARTESIAN_POINT('',(3.68770996620335,4.96726765866672,1.1));
#2908=CARTESIAN_POINT('Origin',(3.68770996620335,4.46726765866672,1.1));
#2909=CARTESIAN_POINT('',(4.68770996620335,4.46726765866672,0.6));
#2910=CARTESIAN_POINT('',(3.68770996620335,4.46726765866672,0.6));
#2911=CARTESIAN_POINT('',(4.68770996620335,4.46726765866672,1.1));
#2912=CARTESIAN_POINT('',(4.68770996620335,4.46726765866672,1.1));
#2913=CARTESIAN_POINT('',(3.68770996620335,4.46726765866672,1.1));
#2914=CARTESIAN_POINT('Origin',(4.68770996620335,4.46726765866672,1.1));
#2915=CARTESIAN_POINT('',(4.68770996620335,4.96726765866672,0.6));
#2916=CARTESIAN_POINT('',(4.68770996620335,4.46726765866672,0.6));
#2917=CARTESIAN_POINT('',(4.68770996620335,4.96726765866672,1.1));
#2918=CARTESIAN_POINT('',(4.68770996620335,4.96726765866672,1.1));
#2919=CARTESIAN_POINT('',(4.68770996620335,4.46726765866672,1.1));
#2920=CARTESIAN_POINT('Origin',(4.68770996620335,4.96726765866672,1.1));
#2921=CARTESIAN_POINT('',(4.68770996620335,4.96726765866672,0.6));
#2922=CARTESIAN_POINT('',(4.68770996620335,4.96726765866672,1.1));
#2923=CARTESIAN_POINT('Origin',(0.,0.,1.1));
#2924=CARTESIAN_POINT('Origin',(0.,0.,0.6));
#2925=CARTESIAN_POINT('Origin',(3.68770996620335,7.3937522341098,1.1));
#2926=CARTESIAN_POINT('',(3.68770996620335,7.3937522341098,0.6));
#2927=CARTESIAN_POINT('',(3.68770996620335,5.91721563279284,0.6));
#2928=CARTESIAN_POINT('',(3.68770996620335,7.3937522341098,0.6));
#2929=CARTESIAN_POINT('',(3.68770996620335,5.91721563279284,1.1));
#2930=CARTESIAN_POINT('',(3.68770996620335,5.91721563279284,1.1));
#2931=CARTESIAN_POINT('',(3.68770996620335,7.3937522341098,1.1));
#2932=CARTESIAN_POINT('',(3.68770996620335,7.3937522341098,1.1));
#2933=CARTESIAN_POINT('',(3.68770996620335,7.3937522341098,1.1));
#2934=CARTESIAN_POINT('Origin',(3.68770996620335,5.91721563279284,1.1));
#2935=CARTESIAN_POINT('',(4.68770996620335,5.91721563279284,0.6));
#2936=CARTESIAN_POINT('',(3.68770996620335,5.91721563279284,0.6));
#2937=CARTESIAN_POINT('',(4.68770996620335,5.91721563279284,1.1));
#2938=CARTESIAN_POINT('',(4.68770996620335,5.91721563279284,1.1));
#2939=CARTESIAN_POINT('',(3.68770996620335,5.91721563279284,1.1));
#2940=CARTESIAN_POINT('Origin',(4.68770996620335,5.91721563279284,1.1));
#2941=CARTESIAN_POINT('',(4.68770996620335,7.3937522341098,0.6));
#2942=CARTESIAN_POINT('',(4.68770996620335,5.91721563279284,0.6));
#2943=CARTESIAN_POINT('',(4.68770996620335,7.3937522341098,1.1));
#2944=CARTESIAN_POINT('',(4.68770996620335,7.3937522341098,1.1));
#2945=CARTESIAN_POINT('',(4.68770996620335,5.91721563279284,1.1));
#2946=CARTESIAN_POINT('Origin',(4.68770996620335,7.3937522341098,1.1));
#2947=CARTESIAN_POINT('',(4.68770996620335,7.3937522341098,0.6));
#2948=CARTESIAN_POINT('',(4.68770996620335,7.3937522341098,1.1));
#2949=CARTESIAN_POINT('Origin',(0.,0.,1.1));
#2950=CARTESIAN_POINT('Origin',(0.,0.,0.6));
#2951=CARTESIAN_POINT('Origin',(7.25970433217077,5.35046172732254,1.1));
#2952=CARTESIAN_POINT('',(7.25970433217077,5.35046172732254,0.6));
#2953=CARTESIAN_POINT('',(7.25970433217077,6.35046172732254,0.6));
#2954=CARTESIAN_POINT('',(7.25970433217077,5.35046172732254,0.6));
#2955=CARTESIAN_POINT('',(7.25970433217077,6.35046172732254,1.1));
#2956=CARTESIAN_POINT('',(7.25970433217077,6.35046172732254,1.1));
#2957=CARTESIAN_POINT('',(7.25970433217077,5.35046172732254,1.1));
#2958=CARTESIAN_POINT('',(7.25970433217077,5.35046172732254,1.1));
#2959=CARTESIAN_POINT('',(7.25970433217077,5.35046172732254,1.1));
#2960=CARTESIAN_POINT('Origin',(7.25970433217077,6.35046172732254,1.1));
#2961=CARTESIAN_POINT('',(5.25970433217077,6.35046172732254,0.6));
#2962=CARTESIAN_POINT('',(7.25970433217077,6.35046172732254,0.6));
#2963=CARTESIAN_POINT('',(5.25970433217077,6.35046172732254,1.1));
#2964=CARTESIAN_POINT('',(5.25970433217077,6.35046172732254,1.1));
#2965=CARTESIAN_POINT('',(7.25970433217077,6.35046172732254,1.1));
#2966=CARTESIAN_POINT('Origin',(5.25970433217077,6.35046172732254,1.1));
#2967=CARTESIAN_POINT('',(5.25970433217077,5.35046172732254,0.6));
#2968=CARTESIAN_POINT('',(5.25970433217077,6.35046172732254,0.6));
#2969=CARTESIAN_POINT('',(5.25970433217077,5.35046172732254,1.1));
#2970=CARTESIAN_POINT('',(5.25970433217077,5.35046172732254,1.1));
#2971=CARTESIAN_POINT('',(5.25970433217077,6.35046172732254,1.1));
#2972=CARTESIAN_POINT('Origin',(5.25970433217077,5.35046172732254,1.1));
#2973=CARTESIAN_POINT('',(5.25970433217077,5.35046172732254,0.6));
#2974=CARTESIAN_POINT('',(5.25970433217077,5.35046172732254,1.1));
#2975=CARTESIAN_POINT('Origin',(0.,0.,1.1));
#2976=CARTESIAN_POINT('Origin',(0.,0.,0.6));
#2977=CARTESIAN_POINT('Origin',(5.78160176615294,0.967267658666723,1.1));
#2978=CARTESIAN_POINT('',(5.78160176615294,0.967267658666723,0.6));
#2979=CARTESIAN_POINT('',(5.78160176615294,0.467267658666719,0.6));
#2980=CARTESIAN_POINT('',(5.78160176615294,0.967267658666723,0.6));
#2981=CARTESIAN_POINT('',(5.78160176615294,0.467267658666719,1.1));
#2982=CARTESIAN_POINT('',(5.78160176615294,0.467267658666719,1.1));
#2983=CARTESIAN_POINT('',(5.78160176615294,0.967267658666723,1.1));
#2984=CARTESIAN_POINT('',(5.78160176615294,0.967267658666723,1.1));
#2985=CARTESIAN_POINT('',(5.78160176615294,0.967267658666723,1.1));
#2986=CARTESIAN_POINT('Origin',(5.78160176615294,0.467267658666719,1.1));
#2987=CARTESIAN_POINT('',(6.86040369042426,0.467267658666719,0.6));
#2988=CARTESIAN_POINT('',(5.78160176615294,0.467267658666719,0.6));
#2989=CARTESIAN_POINT('',(6.86040369042426,0.467267658666719,1.1));
#2990=CARTESIAN_POINT('',(6.86040369042426,0.467267658666719,1.1));
#2991=CARTESIAN_POINT('',(5.78160176615294,0.467267658666719,1.1));
#2992=CARTESIAN_POINT('Origin',(6.86040369042426,0.467267658666719,1.1));
#2993=CARTESIAN_POINT('',(6.86040369042426,0.967267658666722,0.6));
#2994=CARTESIAN_POINT('',(6.86040369042426,0.467267658666719,0.6));
#2995=CARTESIAN_POINT('',(6.86040369042426,0.967267658666722,1.1));
#2996=CARTESIAN_POINT('',(6.86040369042426,0.967267658666722,1.1));
#2997=CARTESIAN_POINT('',(6.86040369042426,0.467267658666719,1.1));
#2998=CARTESIAN_POINT('Origin',(6.86040369042426,0.967267658666723,1.1));
#2999=CARTESIAN_POINT('',(6.86040369042426,0.967267658666723,0.6));
#3000=CARTESIAN_POINT('',(6.86040369042426,0.967267658666723,1.1));
#3001=CARTESIAN_POINT('Origin',(0.,0.,1.1));
#3002=CARTESIAN_POINT('Origin',(0.,0.,0.6));
#3003=CARTESIAN_POINT('Origin',(5.78160176615294,1.96726765866672,1.1));
#3004=CARTESIAN_POINT('',(5.78160176615294,1.96726765866672,0.6));
#3005=CARTESIAN_POINT('',(5.78160176615294,1.46726765866672,0.6));
#3006=CARTESIAN_POINT('',(5.78160176615294,1.96726765866672,0.6));
#3007=CARTESIAN_POINT('',(5.78160176615294,1.46726765866672,1.1));
#3008=CARTESIAN_POINT('',(5.78160176615294,1.46726765866672,1.1));
#3009=CARTESIAN_POINT('',(5.78160176615294,1.96726765866672,1.1));
#3010=CARTESIAN_POINT('',(5.78160176615294,1.96726765866672,1.1));
#3011=CARTESIAN_POINT('',(5.78160176615294,1.96726765866672,1.1));
#3012=CARTESIAN_POINT('Origin',(5.78160176615294,1.46726765866672,1.1));
#3013=CARTESIAN_POINT('',(6.86040369042426,1.46726765866672,0.6));
#3014=CARTESIAN_POINT('',(5.78160176615294,1.46726765866672,0.6));
#3015=CARTESIAN_POINT('',(6.86040369042426,1.46726765866672,1.1));
#3016=CARTESIAN_POINT('',(6.86040369042426,1.46726765866672,1.1));
#3017=CARTESIAN_POINT('',(5.78160176615294,1.46726765866672,1.1));
#3018=CARTESIAN_POINT('Origin',(6.86040369042426,1.46726765866672,1.1));
#3019=CARTESIAN_POINT('',(6.86040369042426,1.96726765866672,0.6));
#3020=CARTESIAN_POINT('',(6.86040369042426,1.46726765866672,0.6));
#3021=CARTESIAN_POINT('',(6.86040369042426,1.96726765866672,1.1));
#3022=CARTESIAN_POINT('',(6.86040369042426,1.96726765866672,1.1));
#3023=CARTESIAN_POINT('',(6.86040369042426,1.46726765866672,1.1));
#3024=CARTESIAN_POINT('Origin',(6.86040369042426,1.96726765866672,1.1));
#3025=CARTESIAN_POINT('',(6.86040369042426,1.96726765866672,0.6));
#3026=CARTESIAN_POINT('',(6.86040369042426,1.96726765866672,1.1));
#3027=CARTESIAN_POINT('Origin',(0.,0.,1.1));
#3028=CARTESIAN_POINT('Origin',(0.,0.,0.6));
#3029=CARTESIAN_POINT('Origin',(5.78160176615294,2.96726765866672,1.1));
#3030=CARTESIAN_POINT('',(5.78160176615294,2.96726765866672,0.6));
#3031=CARTESIAN_POINT('',(5.78160176615294,2.46726765866672,0.6));
#3032=CARTESIAN_POINT('',(5.78160176615294,2.96726765866672,0.6));
#3033=CARTESIAN_POINT('',(5.78160176615294,2.46726765866672,1.1));
#3034=CARTESIAN_POINT('',(5.78160176615294,2.46726765866672,1.1));
#3035=CARTESIAN_POINT('',(5.78160176615294,2.96726765866672,1.1));
#3036=CARTESIAN_POINT('',(5.78160176615294,2.96726765866672,1.1));
#3037=CARTESIAN_POINT('',(5.78160176615294,2.96726765866672,1.1));
#3038=CARTESIAN_POINT('Origin',(5.78160176615294,2.46726765866672,1.1));
#3039=CARTESIAN_POINT('',(6.86040369042426,2.46726765866672,0.6));
#3040=CARTESIAN_POINT('',(5.78160176615294,2.46726765866672,0.6));
#3041=CARTESIAN_POINT('',(6.86040369042426,2.46726765866672,1.1));
#3042=CARTESIAN_POINT('',(6.86040369042426,2.46726765866672,1.1));
#3043=CARTESIAN_POINT('',(5.78160176615294,2.46726765866672,1.1));
#3044=CARTESIAN_POINT('Origin',(6.86040369042426,2.46726765866672,1.1));
#3045=CARTESIAN_POINT('',(6.86040369042426,2.96726765866672,0.6));
#3046=CARTESIAN_POINT('',(6.86040369042426,2.46726765866672,0.6));
#3047=CARTESIAN_POINT('',(6.86040369042426,2.96726765866672,1.1));
#3048=CARTESIAN_POINT('',(6.86040369042426,2.96726765866672,1.1));
#3049=CARTESIAN_POINT('',(6.86040369042426,2.46726765866672,1.1));
#3050=CARTESIAN_POINT('Origin',(6.86040369042426,2.96726765866672,1.1));
#3051=CARTESIAN_POINT('',(6.86040369042426,2.96726765866672,0.6));
#3052=CARTESIAN_POINT('',(6.86040369042426,2.96726765866672,1.1));
#3053=CARTESIAN_POINT('Origin',(0.,0.,1.1));
#3054=CARTESIAN_POINT('Origin',(0.,0.,0.6));
#3055=CARTESIAN_POINT('Origin',(5.78160176615294,3.96726765866672,1.1));
#3056=CARTESIAN_POINT('',(5.78160176615294,3.96726765866672,0.6));
#3057=CARTESIAN_POINT('',(5.78160176615294,3.46726765866672,0.6));
#3058=CARTESIAN_POINT('',(5.78160176615294,3.96726765866672,0.6));
#3059=CARTESIAN_POINT('',(5.78160176615294,3.46726765866672,1.1));
#3060=CARTESIAN_POINT('',(5.78160176615294,3.46726765866672,1.1));
#3061=CARTESIAN_POINT('',(5.78160176615294,3.96726765866672,1.1));
#3062=CARTESIAN_POINT('',(5.78160176615294,3.96726765866672,1.1));
#3063=CARTESIAN_POINT('',(5.78160176615294,3.96726765866672,1.1));
#3064=CARTESIAN_POINT('Origin',(5.78160176615294,3.46726765866672,1.1));
#3065=CARTESIAN_POINT('',(6.86040369042426,3.46726765866672,0.6));
#3066=CARTESIAN_POINT('',(5.78160176615294,3.46726765866672,0.6));
#3067=CARTESIAN_POINT('',(6.86040369042426,3.46726765866672,1.1));
#3068=CARTESIAN_POINT('',(6.86040369042426,3.46726765866672,1.1));
#3069=CARTESIAN_POINT('',(5.78160176615294,3.46726765866672,1.1));
#3070=CARTESIAN_POINT('Origin',(6.86040369042426,3.46726765866672,1.1));
#3071=CARTESIAN_POINT('',(6.86040369042426,3.96726765866672,0.6));
#3072=CARTESIAN_POINT('',(6.86040369042426,3.46726765866672,0.6));
#3073=CARTESIAN_POINT('',(6.86040369042426,3.96726765866672,1.1));
#3074=CARTESIAN_POINT('',(6.86040369042426,3.96726765866672,1.1));
#3075=CARTESIAN_POINT('',(6.86040369042426,3.46726765866672,1.1));
#3076=CARTESIAN_POINT('Origin',(6.86040369042426,3.96726765866672,1.1));
#3077=CARTESIAN_POINT('',(6.86040369042426,3.96726765866672,0.6));
#3078=CARTESIAN_POINT('',(6.86040369042426,3.96726765866672,1.1));
#3079=CARTESIAN_POINT('Origin',(0.,0.,1.1));
#3080=CARTESIAN_POINT('Origin',(0.,0.,0.6));
#3081=CARTESIAN_POINT('Origin',(5.78160176615294,4.96726765866672,1.1));
#3082=CARTESIAN_POINT('',(5.78160176615294,4.96726765866672,0.6));
#3083=CARTESIAN_POINT('',(5.78160176615294,4.46726765866672,0.6));
#3084=CARTESIAN_POINT('',(5.78160176615294,4.96726765866672,0.6));
#3085=CARTESIAN_POINT('',(5.78160176615294,4.46726765866672,1.1));
#3086=CARTESIAN_POINT('',(5.78160176615294,4.46726765866672,1.1));
#3087=CARTESIAN_POINT('',(5.78160176615294,4.96726765866672,1.1));
#3088=CARTESIAN_POINT('',(5.78160176615294,4.96726765866672,1.1));
#3089=CARTESIAN_POINT('',(5.78160176615294,4.96726765866672,1.1));
#3090=CARTESIAN_POINT('Origin',(5.78160176615294,4.46726765866672,1.1));
#3091=CARTESIAN_POINT('',(6.86040369042426,4.46726765866672,0.6));
#3092=CARTESIAN_POINT('',(5.78160176615294,4.46726765866672,0.6));
#3093=CARTESIAN_POINT('',(6.86040369042426,4.46726765866672,1.1));
#3094=CARTESIAN_POINT('',(6.86040369042426,4.46726765866672,1.1));
#3095=CARTESIAN_POINT('',(5.78160176615294,4.46726765866672,1.1));
#3096=CARTESIAN_POINT('Origin',(6.86040369042426,4.46726765866672,1.1));
#3097=CARTESIAN_POINT('',(6.86040369042426,4.96726765866672,0.6));
#3098=CARTESIAN_POINT('',(6.86040369042426,4.46726765866672,0.6));
#3099=CARTESIAN_POINT('',(6.86040369042426,4.96726765866672,1.1));
#3100=CARTESIAN_POINT('',(6.86040369042426,4.96726765866672,1.1));
#3101=CARTESIAN_POINT('',(6.86040369042426,4.46726765866672,1.1));
#3102=CARTESIAN_POINT('Origin',(6.86040369042426,4.96726765866672,1.1));
#3103=CARTESIAN_POINT('',(6.86040369042426,4.96726765866672,0.6));
#3104=CARTESIAN_POINT('',(6.86040369042426,4.96726765866672,1.1));
#3105=CARTESIAN_POINT('Origin',(0.,0.,1.1));
#3106=CARTESIAN_POINT('Origin',(0.,0.,0.6));
#3107=CARTESIAN_POINT('Origin',(8.95272727343077,1.,1.1));
#3108=CARTESIAN_POINT('',(8.95272727343077,1.,0.6));
#3109=CARTESIAN_POINT('',(8.95272727343077,6.,0.6));
#3110=CARTESIAN_POINT('',(8.95272727343077,1.,0.6));
#3111=CARTESIAN_POINT('',(8.95272727343077,1.,1.1));
#3112=CARTESIAN_POINT('',(8.95272727343077,1.,1.1));
#3113=CARTESIAN_POINT('',(8.95272727343077,6.,1.1));
#3114=CARTESIAN_POINT('',(8.95272727343077,1.,1.1));
#3115=CARTESIAN_POINT('',(8.95272727343077,6.,1.1));
#3116=CARTESIAN_POINT('Origin',(8.95272727343077,6.,1.1));
#3117=CARTESIAN_POINT('',(13.9527272734308,6.,0.6));
#3118=CARTESIAN_POINT('',(8.95272727343077,6.,0.6));
#3119=CARTESIAN_POINT('',(13.9527272734308,6.,1.1));
#3120=CARTESIAN_POINT('',(8.95272727343077,6.,1.1));
#3121=CARTESIAN_POINT('',(13.9527272734308,6.,1.1));
#3122=CARTESIAN_POINT('Origin',(13.9527272734308,6.,1.1));
#3123=CARTESIAN_POINT('',(13.9527272734308,1.,0.6));
#3124=CARTESIAN_POINT('',(13.9527272734308,6.,0.6));
#3125=CARTESIAN_POINT('',(13.9527272734308,1.,1.1));
#3126=CARTESIAN_POINT('',(13.9527272734308,6.,1.1));
#3127=CARTESIAN_POINT('',(13.9527272734308,1.,1.1));
#3128=CARTESIAN_POINT('Origin',(13.9527272734308,1.,1.1));
#3129=CARTESIAN_POINT('',(13.9527272734308,1.,0.6));
#3130=CARTESIAN_POINT('',(13.9527272734308,1.,1.1));
#3131=CARTESIAN_POINT('Origin',(0.,0.,1.1));
#3132=CARTESIAN_POINT('Origin',(0.,0.,0.6));
#3133=CARTESIAN_POINT('Origin',(15.146495707201,1.,1.1));
#3134=CARTESIAN_POINT('',(15.146495707201,1.,0.6));
#3135=CARTESIAN_POINT('',(15.146495707201,0.5,0.6));
#3136=CARTESIAN_POINT('',(15.146495707201,1.,0.6));
#3137=CARTESIAN_POINT('',(15.146495707201,0.5,1.1));
#3138=CARTESIAN_POINT('',(15.146495707201,0.5,1.1));
#3139=CARTESIAN_POINT('',(15.146495707201,1.,1.1));
#3140=CARTESIAN_POINT('',(15.146495707201,1.,1.1));
#3141=CARTESIAN_POINT('',(15.146495707201,1.,1.1));
#3142=CARTESIAN_POINT('Origin',(15.146495707201,0.5,1.1));
#3143=CARTESIAN_POINT('',(16.146495707201,0.5,0.6));
#3144=CARTESIAN_POINT('',(15.146495707201,0.5,0.6));
#3145=CARTESIAN_POINT('',(16.146495707201,0.5,1.1));
#3146=CARTESIAN_POINT('',(16.146495707201,0.5,1.1));
#3147=CARTESIAN_POINT('',(15.146495707201,0.5,1.1));
#3148=CARTESIAN_POINT('Origin',(16.146495707201,0.5,1.1));
#3149=CARTESIAN_POINT('',(16.146495707201,1.,0.6));
#3150=CARTESIAN_POINT('',(16.146495707201,0.5,0.6));
#3151=CARTESIAN_POINT('',(16.146495707201,1.,1.1));
#3152=CARTESIAN_POINT('',(16.146495707201,1.,1.1));
#3153=CARTESIAN_POINT('',(16.146495707201,0.5,1.1));
#3154=CARTESIAN_POINT('Origin',(16.146495707201,1.,1.1));
#3155=CARTESIAN_POINT('',(16.146495707201,1.,0.6));
#3156=CARTESIAN_POINT('',(16.146495707201,1.,1.1));
#3157=CARTESIAN_POINT('Origin',(0.,0.,1.1));
#3158=CARTESIAN_POINT('Origin',(0.,0.,0.6));
#3159=CARTESIAN_POINT('Origin',(15.1464957072011,6.35046172732254,1.1));
#3160=CARTESIAN_POINT('',(15.1464957072011,6.35046172732254,0.6));
#3161=CARTESIAN_POINT('',(15.1464957072011,5.35046172732255,0.6));
#3162=CARTESIAN_POINT('',(15.1464957072011,6.35046172732254,0.6));
#3163=CARTESIAN_POINT('',(15.1464957072011,5.35046172732255,1.1));
#3164=CARTESIAN_POINT('',(15.1464957072011,5.35046172732255,1.1));
#3165=CARTESIAN_POINT('',(15.1464957072011,6.35046172732254,1.1));
#3166=CARTESIAN_POINT('',(15.1464957072011,6.35046172732254,1.1));
#3167=CARTESIAN_POINT('',(15.1464957072011,6.35046172732254,1.1));
#3168=CARTESIAN_POINT('Origin',(15.1464957072011,5.35046172732255,1.1));
#3169=CARTESIAN_POINT('',(17.146495707201,5.35046172732255,0.6));
#3170=CARTESIAN_POINT('',(15.1464957072011,5.35046172732255,0.6));
#3171=CARTESIAN_POINT('',(17.146495707201,5.35046172732255,1.1));
#3172=CARTESIAN_POINT('',(17.146495707201,5.35046172732255,1.1));
#3173=CARTESIAN_POINT('',(15.1464957072011,5.35046172732255,1.1));
#3174=CARTESIAN_POINT('Origin',(17.146495707201,5.35046172732254,1.1));
#3175=CARTESIAN_POINT('',(17.146495707201,6.35046172732254,0.6));
#3176=CARTESIAN_POINT('',(17.146495707201,5.35046172732254,0.6));
#3177=CARTESIAN_POINT('',(17.146495707201,6.35046172732254,1.1));
#3178=CARTESIAN_POINT('',(17.146495707201,6.35046172732254,1.1));
#3179=CARTESIAN_POINT('',(17.146495707201,5.35046172732254,1.1));
#3180=CARTESIAN_POINT('Origin',(17.146495707201,6.35046172732254,1.1));
#3181=CARTESIAN_POINT('',(17.146495707201,6.35046172732254,0.6));
#3182=CARTESIAN_POINT('',(17.146495707201,6.35046172732254,1.1));
#3183=CARTESIAN_POINT('Origin',(0.,0.,1.1));
#3184=CARTESIAN_POINT('Origin',(0.,0.,0.6));
#3185=CARTESIAN_POINT('Origin',(15.1464957072011,7.67888259459614,1.1));
#3186=CARTESIAN_POINT('',(15.1464957072011,7.67888259459614,0.6));
#3187=CARTESIAN_POINT('',(15.1464957072011,6.67888259459614,0.6));
#3188=CARTESIAN_POINT('',(15.1464957072011,7.67888259459614,0.6));
#3189=CARTESIAN_POINT('',(15.1464957072011,6.67888259459614,1.1));
#3190=CARTESIAN_POINT('',(15.1464957072011,6.67888259459614,1.1));
#3191=CARTESIAN_POINT('',(15.1464957072011,7.67888259459614,1.1));
#3192=CARTESIAN_POINT('',(15.1464957072011,7.67888259459614,1.1));
#3193=CARTESIAN_POINT('',(15.1464957072011,7.67888259459614,1.1));
#3194=CARTESIAN_POINT('Origin',(15.1464957072011,6.67888259459614,1.1));
#3195=CARTESIAN_POINT('',(17.146495707201,6.67888259459614,0.6));
#3196=CARTESIAN_POINT('',(15.1464957072011,6.67888259459614,0.6));
#3197=CARTESIAN_POINT('',(17.146495707201,6.67888259459614,1.1));
#3198=CARTESIAN_POINT('',(17.146495707201,6.67888259459614,1.1));
#3199=CARTESIAN_POINT('',(15.1464957072011,6.67888259459614,1.1));
#3200=CARTESIAN_POINT('Origin',(17.146495707201,6.67888259459614,1.1));
#3201=CARTESIAN_POINT('',(17.146495707201,7.67888259459614,0.6));
#3202=CARTESIAN_POINT('',(17.146495707201,6.67888259459614,0.6));
#3203=CARTESIAN_POINT('',(17.146495707201,7.67888259459614,1.1));
#3204=CARTESIAN_POINT('',(17.146495707201,7.67888259459614,1.1));
#3205=CARTESIAN_POINT('',(17.146495707201,6.67888259459614,1.1));
#3206=CARTESIAN_POINT('Origin',(17.146495707201,7.67888259459614,1.1));
#3207=CARTESIAN_POINT('',(17.146495707201,7.67888259459614,0.6));
#3208=CARTESIAN_POINT('',(17.146495707201,7.67888259459614,1.1));
#3209=CARTESIAN_POINT('Origin',(0.,0.,1.1));
#3210=CARTESIAN_POINT('Origin',(0.,0.,0.6));
#3211=CARTESIAN_POINT('Origin',(5.25970433217077,7.67888259459614,1.1));
#3212=CARTESIAN_POINT('',(5.25970433217077,7.67888259459614,0.6));
#3213=CARTESIAN_POINT('',(5.25970433217077,6.67888259459614,0.6));
#3214=CARTESIAN_POINT('',(5.25970433217077,7.67888259459614,0.6));
#3215=CARTESIAN_POINT('',(5.25970433217077,6.67888259459614,1.1));
#3216=CARTESIAN_POINT('',(5.25970433217077,6.67888259459614,1.1));
#3217=CARTESIAN_POINT('',(5.25970433217077,7.67888259459614,1.1));
#3218=CARTESIAN_POINT('',(5.25970433217077,7.67888259459614,1.1));
#3219=CARTESIAN_POINT('',(5.25970433217077,7.67888259459614,1.1));
#3220=CARTESIAN_POINT('Origin',(5.25970433217077,6.67888259459614,1.1));
#3221=CARTESIAN_POINT('',(7.25970433217077,6.67888259459614,0.6));
#3222=CARTESIAN_POINT('',(5.25970433217077,6.67888259459614,0.6));
#3223=CARTESIAN_POINT('',(7.25970433217077,6.67888259459614,1.1));
#3224=CARTESIAN_POINT('',(7.25970433217077,6.67888259459614,1.1));
#3225=CARTESIAN_POINT('',(5.25970433217077,6.67888259459614,1.1));
#3226=CARTESIAN_POINT('Origin',(7.25970433217077,6.67888259459614,1.1));
#3227=CARTESIAN_POINT('',(7.25970433217077,7.67888259459614,0.6));
#3228=CARTESIAN_POINT('',(7.25970433217077,6.67888259459614,0.6));
#3229=CARTESIAN_POINT('',(7.25970433217077,7.67888259459614,1.1));
#3230=CARTESIAN_POINT('',(7.25970433217077,7.67888259459614,1.1));
#3231=CARTESIAN_POINT('',(7.25970433217077,6.67888259459614,1.1));
#3232=CARTESIAN_POINT('Origin',(7.25970433217077,7.67888259459614,1.1));
#3233=CARTESIAN_POINT('',(7.25970433217077,7.67888259459614,0.6));
#3234=CARTESIAN_POINT('',(7.25970433217077,7.67888259459614,1.1));
#3235=CARTESIAN_POINT('Origin',(0.,0.,1.1));
#3236=CARTESIAN_POINT('Origin',(0.,0.,0.6));
#3237=CARTESIAN_POINT('Origin',(7.78160176615294,7.63726765866672,1.1));
#3238=CARTESIAN_POINT('',(7.78160176615294,7.63726765866672,0.6));
#3239=CARTESIAN_POINT('',(7.78160176615294,7.13726765866672,0.6));
#3240=CARTESIAN_POINT('',(7.78160176615294,7.63726765866672,0.6));
#3241=CARTESIAN_POINT('',(7.78160176615294,7.13726765866672,1.1));
#3242=CARTESIAN_POINT('',(7.78160176615294,7.13726765866672,1.1));
#3243=CARTESIAN_POINT('',(7.78160176615294,7.63726765866672,1.1));
#3244=CARTESIAN_POINT('',(7.78160176615294,7.63726765866672,1.1));
#3245=CARTESIAN_POINT('',(7.78160176615294,7.63726765866672,1.1));
#3246=CARTESIAN_POINT('Origin',(7.78160176615294,7.13726765866672,1.1));
#3247=CARTESIAN_POINT('',(8.86040369042426,7.13726765866672,0.6));
#3248=CARTESIAN_POINT('',(7.78160176615294,7.13726765866672,0.6));
#3249=CARTESIAN_POINT('',(8.86040369042426,7.13726765866672,1.1));
#3250=CARTESIAN_POINT('',(8.86040369042426,7.13726765866672,1.1));
#3251=CARTESIAN_POINT('',(7.78160176615294,7.13726765866672,1.1));
#3252=CARTESIAN_POINT('Origin',(8.86040369042426,7.13726765866672,1.1));
#3253=CARTESIAN_POINT('',(8.86040369042426,7.63726765866672,0.6));
#3254=CARTESIAN_POINT('',(8.86040369042426,7.13726765866672,0.6));
#3255=CARTESIAN_POINT('',(8.86040369042426,7.63726765866672,1.1));
#3256=CARTESIAN_POINT('',(8.86040369042426,7.63726765866672,1.1));
#3257=CARTESIAN_POINT('',(8.86040369042426,7.13726765866672,1.1));
#3258=CARTESIAN_POINT('Origin',(8.86040369042426,7.63726765866672,1.1));
#3259=CARTESIAN_POINT('',(8.86040369042426,7.63726765866672,0.6));
#3260=CARTESIAN_POINT('',(8.86040369042426,7.63726765866672,1.1));
#3261=CARTESIAN_POINT('Origin',(2.,2.67,1.1));
#3262=CARTESIAN_POINT('Origin',(2.,2.67,0.6));
#3263=CARTESIAN_POINT('Origin',(21.3,4.,3.37499999998563));
#3264=CARTESIAN_POINT('',(21.6000000000024,4.,4.25000000000001));
#3265=CARTESIAN_POINT('Origin',(21.3,4.,4.25000000000001));
#3266=CARTESIAN_POINT('',(21.3,4.,4.30000000000001));
#3267=CARTESIAN_POINT('Origin',(21.3,4.,3.37499999998563));
#3268=UNCERTAINTY_MEASURE_WITH_UNIT(LENGTH_MEASURE(0.01),#3272,
'DISTANCE_ACCURACY_VALUE',
'Maximum model space distance between geometric entities at asserted c
onnectivities');
#3269=UNCERTAINTY_MEASURE_WITH_UNIT(LENGTH_MEASURE(0.01),#3272,
'DISTANCE_ACCURACY_VALUE',
'Maximum model space distance between geometric entities at asserted c
onnectivities');
#3270=(
GEOMETRIC_REPRESENTATION_CONTEXT(3)
GLOBAL_UNCERTAINTY_ASSIGNED_CONTEXT((#3268))
GLOBAL_UNIT_ASSIGNED_CONTEXT((#3272,#3274,#3275))
REPRESENTATION_CONTEXT('','3D')
);
#3271=(
GEOMETRIC_REPRESENTATION_CONTEXT(3)
GLOBAL_UNCERTAINTY_ASSIGNED_CONTEXT((#3269))
GLOBAL_UNIT_ASSIGNED_CONTEXT((#3272,#3274,#3275))
REPRESENTATION_CONTEXT('','3D')
);
#3272=(
LENGTH_UNIT()
NAMED_UNIT(*)
SI_UNIT(.MILLI.,.METRE.)
);
#3273=(
LENGTH_UNIT()
NAMED_UNIT(*)
SI_UNIT($,.METRE.)
);
#3274=(
NAMED_UNIT(*)
PLANE_ANGLE_UNIT()
SI_UNIT($,.RADIAN.)
);
#3275=(
NAMED_UNIT(*)
SI_UNIT($,.STERADIAN.)
SOLID_ANGLE_UNIT()
);
#3276=SHAPE_DEFINITION_REPRESENTATION(#3277,#3278);
#3277=PRODUCT_DEFINITION_SHAPE('',$,#3280);
#3278=SHAPE_REPRESENTATION('',(#2046,#15),#3270);
#3279=PRODUCT_DEFINITION_CONTEXT('part definition',#3284,'design');
#3280=PRODUCT_DEFINITION('Ultra Tiny USB Camera with GC0307 Sensor',
'Ultra Tiny USB Camera with GC0307 Sensor v1',#3281,#3279);
#3281=PRODUCT_DEFINITION_FORMATION('',$,#3286);
#3282=PRODUCT_RELATED_PRODUCT_CATEGORY(
'Ultra Tiny USB Camera with GC0307 Sensor v1',
'Ultra Tiny USB Camera with GC0307 Sensor v1',(#3286));
#3283=APPLICATION_PROTOCOL_DEFINITION('international standard',
'automotive_design',2009,#3284);
#3284=APPLICATION_CONTEXT(
'Core Data for Automotive Mechanical Design Process');
#3285=PRODUCT_CONTEXT('part definition',#3284,'mechanical');
#3286=PRODUCT('Ultra Tiny USB Camera with GC0307 Sensor',
'Ultra Tiny USB Camera with GC0307 Sensor v1',$,(#3285));
#3287=PRESENTATION_STYLE_ASSIGNMENT((#3294));
#3288=PRESENTATION_STYLE_ASSIGNMENT((#3295));
#3289=PRESENTATION_STYLE_ASSIGNMENT((#3296));
#3290=PRESENTATION_STYLE_ASSIGNMENT((#3297));
#3291=PRESENTATION_STYLE_ASSIGNMENT((#3298));
#3292=PRESENTATION_STYLE_ASSIGNMENT((#3299));
#3293=PRESENTATION_STYLE_ASSIGNMENT((#3300));
#3294=SURFACE_STYLE_USAGE(.BOTH.,#3301);
#3295=SURFACE_STYLE_USAGE(.BOTH.,#3302);
#3296=SURFACE_STYLE_USAGE(.BOTH.,#3303);
#3297=SURFACE_STYLE_USAGE(.BOTH.,#3304);
#3298=SURFACE_STYLE_USAGE(.BOTH.,#3305);
#3299=SURFACE_STYLE_USAGE(.BOTH.,#3306);
#3300=SURFACE_STYLE_USAGE(.BOTH.,#3307);
#3301=SURFACE_SIDE_STYLE('',(#3308));
#3302=SURFACE_SIDE_STYLE('',(#3309));
#3303=SURFACE_SIDE_STYLE('',(#3310));
#3304=SURFACE_SIDE_STYLE('',(#3311));
#3305=SURFACE_SIDE_STYLE('',(#3312));
#3306=SURFACE_SIDE_STYLE('',(#3313));
#3307=SURFACE_SIDE_STYLE('',(#3314));
#3308=SURFACE_STYLE_FILL_AREA(#3315);
#3309=SURFACE_STYLE_FILL_AREA(#3316);
#3310=SURFACE_STYLE_FILL_AREA(#3317);
#3311=SURFACE_STYLE_FILL_AREA(#3318);
#3312=SURFACE_STYLE_FILL_AREA(#3319);
#3313=SURFACE_STYLE_FILL_AREA(#3320);
#3314=SURFACE_STYLE_FILL_AREA(#3321);
#3315=FILL_AREA_STYLE('Steel - Satin',(#3322));
#3316=FILL_AREA_STYLE('Plastic - Matte (Black)',(#3323));
#3317=FILL_AREA_STYLE('Opaque(255,255,255)',(#3324));
#3318=FILL_AREA_STYLE('Opaque(63,63,63)',(#3325));
#3319=FILL_AREA_STYLE('Opaque(164,102,0)',(#3326));
#3320=FILL_AREA_STYLE('Opaque(65,55,50)',(#3327));
#3321=FILL_AREA_STYLE('Opaque(125,125,125)',(#3328));
#3322=FILL_AREA_STYLE_COLOUR('Steel - Satin',#3329);
#3323=FILL_AREA_STYLE_COLOUR('Plastic - Matte (Black)',#3330);
#3324=FILL_AREA_STYLE_COLOUR('Opaque(255,255,255)',#3331);
#3325=FILL_AREA_STYLE_COLOUR('Opaque(63,63,63)',#3332);
#3326=FILL_AREA_STYLE_COLOUR('Opaque(164,102,0)',#3333);
#3327=FILL_AREA_STYLE_COLOUR('Opaque(65,55,50)',#3334);
#3328=FILL_AREA_STYLE_COLOUR('Opaque(125,125,125)',#3335);
#3329=COLOUR_RGB('Steel - Satin',0.627450980392157,0.627450980392157,0.627450980392157);
#3330=COLOUR_RGB('Plastic - Matte (Black)',0.0980392156862745,0.0980392156862745,
0.0980392156862745);
#3331=COLOUR_RGB('Opaque(255,255,255)',1.,1.,1.);
#3332=COLOUR_RGB('Opaque(63,63,63)',0.250980392156863,0.250980392156863,
0.250980392156863);
#3333=COLOUR_RGB('Opaque(164,102,0)',0.643137254901961,0.4,0.);
#3334=COLOUR_RGB('Opaque(65,55,50)',0.254901960784314,0.215686274509804,
0.196078431372549);
#3335=COLOUR_RGB('Opaque(125,125,125)',0.490196078431373,0.490196078431373,
0.490196078431373);
ENDSEC;
END-ISO-10303-21;
