ISO-10303-21;
HEADER;
/* Generated by software containing ST-Developer
 * from STEP Tools, Inc. (www.steptools.com) 
 */

FILE_DESCRIPTION(
/* description */ (''),
/* implementation_level */ '2;1');

FILE_NAME(
/* name */ 'Pot_v21.step',
/* time_stamp */ '2026-08-21T09:12:43-04:00',
/* author */ (''),
/* organization */ (''),
/* preprocessor_version */ 'ST-DEVELOPER v20.1',
/* originating_system */ 'Autodesk Translation Framework v15.8.0.0',
/* authorisation */ '');

FILE_SCHEMA (('AUTOMOTIVE_DESIGN { 1 0 10303 214 3 1 1 }'));
ENDSEC;

DATA;
#10=MECHANICAL_DESIGN_GEOMETRIC_PRESENTATION_REPRESENTATION('',(#13),#3162);
#11=SHAPE_REPRESENTATION_RELATIONSHIP('SRR','None',#3169,#12);
#12=ADVANCED_BREP_SHAPE_REPRESENTATION('',(#14),#3161);
#13=STYLED_ITEM('',(#3178),#14);
#14=MANIFOLD_SOLID_BREP('Body1',#1942);
#15=ELLIPSE('',#2012,6.36396103067893,4.5);
#16=ELLIPSE('',#2013,6.36396103067893,4.5);
#17=ELLIPSE('',#2017,6.36396103067893,4.5);
#18=ELLIPSE('',#2018,6.36396103067893,4.5);
#19=ELLIPSE('',#2022,6.36396103067893,4.5);
#20=ELLIPSE('',#2023,6.36396103067893,4.5);
#21=ELLIPSE('',#2027,6.36396103067893,4.5);
#22=ELLIPSE('',#2028,6.36396103067893,4.5);
#23=ELLIPSE('',#2035,6.36396103067893,4.5);
#24=ELLIPSE('',#2040,6.36396103067893,4.5);
#25=FACE_BOUND('',#201,.T.);
#26=FACE_BOUND('',#203,.T.);
#27=FACE_BOUND('',#209,.T.);
#28=FACE_BOUND('',#211,.T.);
#29=FACE_BOUND('',#217,.T.);
#30=FACE_BOUND('',#219,.T.);
#31=FACE_BOUND('',#225,.T.);
#32=FACE_BOUND('',#227,.T.);
#33=FACE_BOUND('',#234,.T.);
#34=FACE_BOUND('',#239,.T.);
#35=FACE_BOUND('',#242,.T.);
#36=FACE_BOUND('',#247,.T.);
#37=FACE_BOUND('',#257,.T.);
#38=FACE_BOUND('',#258,.T.);
#39=FACE_BOUND('',#259,.T.);
#40=FACE_BOUND('',#286,.T.);
#41=FACE_BOUND('',#287,.T.);
#42=FACE_BOUND('',#288,.T.);
#43=FACE_BOUND('',#296,.T.);
#44=FACE_BOUND('',#309,.T.);
#45=CIRCLE('',#1961,3.);
#46=CIRCLE('',#1962,3.);
#47=CIRCLE('',#1964,1.75);
#48=CIRCLE('',#1965,1.75);
#49=CIRCLE('',#1969,3.);
#50=CIRCLE('',#1970,3.);
#51=CIRCLE('',#1974,1.75);
#52=CIRCLE('',#1975,1.75);
#53=CIRCLE('',#1977,3.);
#54=CIRCLE('',#1978,3.);
#55=CIRCLE('',#1984,1.75);
#56=CIRCLE('',#1985,1.75);
#57=CIRCLE('',#1989,3.);
#58=CIRCLE('',#1990,3.);
#59=CIRCLE('',#1994,1.75);
#60=CIRCLE('',#1995,1.75);
#61=CIRCLE('',#1999,3.);
#62=CIRCLE('',#2000,3.);
#63=CIRCLE('',#2004,2.1);
#64=CIRCLE('',#2005,2.1);
#65=CIRCLE('',#2008,2.1);
#66=CIRCLE('',#2009,2.1);
#67=CIRCLE('',#2032,4.5);
#68=CIRCLE('',#2033,4.5);
#69=CIRCLE('',#2034,4.5);
#70=CIRCLE('',#2042,4.5);
#71=CIRCLE('',#2044,4.5);
#72=CIRCLE('',#2046,4.5);
#73=CIRCLE('',#2048,0.9);
#74=CIRCLE('',#2049,0.9);
#75=CIRCLE('',#2074,0.9);
#76=CIRCLE('',#2076,0.9);
#77=CYLINDRICAL_SURFACE('',#1960,3.);
#78=CYLINDRICAL_SURFACE('',#1963,1.75);
#79=CYLINDRICAL_SURFACE('',#1968,3.);
#80=CYLINDRICAL_SURFACE('',#1973,1.75);
#81=CYLINDRICAL_SURFACE('',#1976,3.);
#82=CYLINDRICAL_SURFACE('',#1983,1.75);
#83=CYLINDRICAL_SURFACE('',#1988,3.);
#84=CYLINDRICAL_SURFACE('',#1993,1.75);
#85=CYLINDRICAL_SURFACE('',#1998,3.);
#86=CYLINDRICAL_SURFACE('',#2003,2.1);
#87=CYLINDRICAL_SURFACE('',#2007,2.1);
#88=CYLINDRICAL_SURFACE('',#2031,4.5);
#89=CYLINDRICAL_SURFACE('',#2045,4.5);
#90=CYLINDRICAL_SURFACE('',#2073,0.9);
#91=CYLINDRICAL_SURFACE('',#2075,0.9);
#92=FACE_OUTER_BOUND('',#191,.T.);
#93=FACE_OUTER_BOUND('',#192,.T.);
#94=FACE_OUTER_BOUND('',#193,.T.);
#95=FACE_OUTER_BOUND('',#194,.T.);
#96=FACE_OUTER_BOUND('',#195,.T.);
#97=FACE_OUTER_BOUND('',#196,.T.);
#98=FACE_OUTER_BOUND('',#197,.T.);
#99=FACE_OUTER_BOUND('',#198,.T.);
#100=FACE_OUTER_BOUND('',#199,.T.);
#101=FACE_OUTER_BOUND('',#200,.T.);
#102=FACE_OUTER_BOUND('',#202,.T.);
#103=FACE_OUTER_BOUND('',#204,.T.);
#104=FACE_OUTER_BOUND('',#205,.T.);
#105=FACE_OUTER_BOUND('',#206,.T.);
#106=FACE_OUTER_BOUND('',#207,.T.);
#107=FACE_OUTER_BOUND('',#208,.T.);
#108=FACE_OUTER_BOUND('',#210,.T.);
#109=FACE_OUTER_BOUND('',#212,.T.);
#110=FACE_OUTER_BOUND('',#213,.T.);
#111=FACE_OUTER_BOUND('',#214,.T.);
#112=FACE_OUTER_BOUND('',#215,.T.);
#113=FACE_OUTER_BOUND('',#216,.T.);
#114=FACE_OUTER_BOUND('',#218,.T.);
#115=FACE_OUTER_BOUND('',#220,.T.);
#116=FACE_OUTER_BOUND('',#221,.T.);
#117=FACE_OUTER_BOUND('',#222,.T.);
#118=FACE_OUTER_BOUND('',#223,.T.);
#119=FACE_OUTER_BOUND('',#224,.T.);
#120=FACE_OUTER_BOUND('',#226,.T.);
#121=FACE_OUTER_BOUND('',#228,.T.);
#122=FACE_OUTER_BOUND('',#229,.T.);
#123=FACE_OUTER_BOUND('',#230,.T.);
#124=FACE_OUTER_BOUND('',#231,.T.);
#125=FACE_OUTER_BOUND('',#232,.T.);
#126=FACE_OUTER_BOUND('',#233,.T.);
#127=FACE_OUTER_BOUND('',#235,.T.);
#128=FACE_OUTER_BOUND('',#236,.T.);
#129=FACE_OUTER_BOUND('',#237,.T.);
#130=FACE_OUTER_BOUND('',#238,.T.);
#131=FACE_OUTER_BOUND('',#240,.T.);
#132=FACE_OUTER_BOUND('',#241,.T.);
#133=FACE_OUTER_BOUND('',#243,.T.);
#134=FACE_OUTER_BOUND('',#244,.T.);
#135=FACE_OUTER_BOUND('',#245,.T.);
#136=FACE_OUTER_BOUND('',#246,.T.);
#137=FACE_OUTER_BOUND('',#248,.T.);
#138=FACE_OUTER_BOUND('',#249,.T.);
#139=FACE_OUTER_BOUND('',#250,.T.);
#140=FACE_OUTER_BOUND('',#251,.T.);
#141=FACE_OUTER_BOUND('',#252,.T.);
#142=FACE_OUTER_BOUND('',#253,.T.);
#143=FACE_OUTER_BOUND('',#254,.T.);
#144=FACE_OUTER_BOUND('',#255,.T.);
#145=FACE_OUTER_BOUND('',#256,.T.);
#146=FACE_OUTER_BOUND('',#260,.T.);
#147=FACE_OUTER_BOUND('',#261,.T.);
#148=FACE_OUTER_BOUND('',#262,.T.);
#149=FACE_OUTER_BOUND('',#263,.T.);
#150=FACE_OUTER_BOUND('',#264,.T.);
#151=FACE_OUTER_BOUND('',#265,.T.);
#152=FACE_OUTER_BOUND('',#266,.T.);
#153=FACE_OUTER_BOUND('',#267,.T.);
#154=FACE_OUTER_BOUND('',#268,.T.);
#155=FACE_OUTER_BOUND('',#269,.T.);
#156=FACE_OUTER_BOUND('',#270,.T.);
#157=FACE_OUTER_BOUND('',#271,.T.);
#158=FACE_OUTER_BOUND('',#272,.T.);
#159=FACE_OUTER_BOUND('',#273,.T.);
#160=FACE_OUTER_BOUND('',#274,.T.);
#161=FACE_OUTER_BOUND('',#275,.T.);
#162=FACE_OUTER_BOUND('',#276,.T.);
#163=FACE_OUTER_BOUND('',#277,.T.);
#164=FACE_OUTER_BOUND('',#278,.T.);
#165=FACE_OUTER_BOUND('',#279,.T.);
#166=FACE_OUTER_BOUND('',#280,.T.);
#167=FACE_OUTER_BOUND('',#281,.T.);
#168=FACE_OUTER_BOUND('',#282,.T.);
#169=FACE_OUTER_BOUND('',#283,.T.);
#170=FACE_OUTER_BOUND('',#284,.T.);
#171=FACE_OUTER_BOUND('',#285,.T.);
#172=FACE_OUTER_BOUND('',#289,.T.);
#173=FACE_OUTER_BOUND('',#290,.T.);
#174=FACE_OUTER_BOUND('',#291,.T.);
#175=FACE_OUTER_BOUND('',#292,.T.);
#176=FACE_OUTER_BOUND('',#293,.T.);
#177=FACE_OUTER_BOUND('',#294,.T.);
#178=FACE_OUTER_BOUND('',#295,.T.);
#179=FACE_OUTER_BOUND('',#297,.T.);
#180=FACE_OUTER_BOUND('',#298,.T.);
#181=FACE_OUTER_BOUND('',#299,.T.);
#182=FACE_OUTER_BOUND('',#300,.T.);
#183=FACE_OUTER_BOUND('',#301,.T.);
#184=FACE_OUTER_BOUND('',#302,.T.);
#185=FACE_OUTER_BOUND('',#303,.T.);
#186=FACE_OUTER_BOUND('',#304,.T.);
#187=FACE_OUTER_BOUND('',#305,.T.);
#188=FACE_OUTER_BOUND('',#306,.T.);
#189=FACE_OUTER_BOUND('',#307,.T.);
#190=FACE_OUTER_BOUND('',#308,.T.);
#191=EDGE_LOOP('',(#1217,#1218,#1219,#1220));
#192=EDGE_LOOP('',(#1221,#1222,#1223,#1224));
#193=EDGE_LOOP('',(#1225,#1226,#1227,#1228));
#194=EDGE_LOOP('',(#1229,#1230,#1231,#1232));
#195=EDGE_LOOP('',(#1233,#1234,#1235,#1236));
#196=EDGE_LOOP('',(#1237,#1238,#1239,#1240));
#197=EDGE_LOOP('',(#1241,#1242,#1243,#1244));
#198=EDGE_LOOP('',(#1245,#1246,#1247,#1248));
#199=EDGE_LOOP('',(#1249,#1250,#1251,#1252));
#200=EDGE_LOOP('',(#1253,#1254,#1255,#1256));
#201=EDGE_LOOP('',(#1257));
#202=EDGE_LOOP('',(#1258,#1259,#1260,#1261));
#203=EDGE_LOOP('',(#1262));
#204=EDGE_LOOP('',(#1263,#1264,#1265,#1266));
#205=EDGE_LOOP('',(#1267,#1268,#1269,#1270));
#206=EDGE_LOOP('',(#1271,#1272,#1273,#1274));
#207=EDGE_LOOP('',(#1275,#1276,#1277,#1278));
#208=EDGE_LOOP('',(#1279,#1280,#1281,#1282));
#209=EDGE_LOOP('',(#1283));
#210=EDGE_LOOP('',(#1284,#1285,#1286,#1287));
#211=EDGE_LOOP('',(#1288));
#212=EDGE_LOOP('',(#1289,#1290,#1291,#1292));
#213=EDGE_LOOP('',(#1293,#1294,#1295,#1296));
#214=EDGE_LOOP('',(#1297,#1298,#1299,#1300));
#215=EDGE_LOOP('',(#1301,#1302,#1303,#1304));
#216=EDGE_LOOP('',(#1305,#1306,#1307,#1308));
#217=EDGE_LOOP('',(#1309));
#218=EDGE_LOOP('',(#1310,#1311,#1312,#1313));
#219=EDGE_LOOP('',(#1314));
#220=EDGE_LOOP('',(#1315,#1316,#1317,#1318));
#221=EDGE_LOOP('',(#1319,#1320,#1321,#1322));
#222=EDGE_LOOP('',(#1323,#1324,#1325,#1326));
#223=EDGE_LOOP('',(#1327,#1328,#1329,#1330));
#224=EDGE_LOOP('',(#1331,#1332,#1333,#1334));
#225=EDGE_LOOP('',(#1335));
#226=EDGE_LOOP('',(#1336,#1337,#1338,#1339));
#227=EDGE_LOOP('',(#1340));
#228=EDGE_LOOP('',(#1341,#1342,#1343,#1344));
#229=EDGE_LOOP('',(#1345));
#230=EDGE_LOOP('',(#1346,#1347,#1348,#1349));
#231=EDGE_LOOP('',(#1350));
#232=EDGE_LOOP('',(#1351,#1352,#1353,#1354,#1355));
#233=EDGE_LOOP('',(#1356,#1357,#1358,#1359,#1360,#1361));
#234=EDGE_LOOP('',(#1362,#1363,#1364,#1365));
#235=EDGE_LOOP('',(#1366,#1367,#1368,#1369,#1370,#1371,#1372,#1373));
#236=EDGE_LOOP('',(#1374,#1375,#1376,#1377,#1378));
#237=EDGE_LOOP('',(#1379,#1380,#1381,#1382,#1383,#1384,#1385,#1386));
#238=EDGE_LOOP('',(#1387,#1388,#1389,#1390,#1391,#1392));
#239=EDGE_LOOP('',(#1393,#1394,#1395,#1396));
#240=EDGE_LOOP('',(#1397,#1398,#1399,#1400,#1401));
#241=EDGE_LOOP('',(#1402,#1403,#1404,#1405,#1406,#1407));
#242=EDGE_LOOP('',(#1408,#1409,#1410,#1411));
#243=EDGE_LOOP('',(#1412,#1413,#1414,#1415,#1416,#1417,#1418,#1419));
#244=EDGE_LOOP('',(#1420,#1421,#1422,#1423,#1424));
#245=EDGE_LOOP('',(#1425,#1426,#1427,#1428,#1429,#1430,#1431,#1432));
#246=EDGE_LOOP('',(#1433,#1434,#1435,#1436,#1437,#1438));
#247=EDGE_LOOP('',(#1439,#1440,#1441,#1442));
#248=EDGE_LOOP('',(#1443,#1444,#1445,#1446,#1447,#1448,#1449,#1450,#1451,
#1452,#1453,#1454));
#249=EDGE_LOOP('',(#1455,#1456));
#250=EDGE_LOOP('',(#1457,#1458));
#251=EDGE_LOOP('',(#1459,#1460,#1461,#1462));
#252=EDGE_LOOP('',(#1463,#1464,#1465,#1466));
#253=EDGE_LOOP('',(#1467,#1468));
#254=EDGE_LOOP('',(#1469,#1470));
#255=EDGE_LOOP('',(#1471,#1472,#1473,#1474,#1475,#1476,#1477,#1478,#1479,
#1480,#1481,#1482));
#256=EDGE_LOOP('',(#1483,#1484,#1485,#1486,#1487,#1488,#1489,#1490));
#257=EDGE_LOOP('',(#1491));
#258=EDGE_LOOP('',(#1492));
#259=EDGE_LOOP('',(#1493));
#260=EDGE_LOOP('',(#1494,#1495,#1496,#1497,#1498,#1499,#1500,#1501,#1502,
#1503,#1504,#1505));
#261=EDGE_LOOP('',(#1506,#1507,#1508,#1509));
#262=EDGE_LOOP('',(#1510,#1511,#1512,#1513));
#263=EDGE_LOOP('',(#1514,#1515,#1516,#1517));
#264=EDGE_LOOP('',(#1518,#1519,#1520,#1521));
#265=EDGE_LOOP('',(#1522,#1523,#1524,#1525));
#266=EDGE_LOOP('',(#1526,#1527,#1528,#1529));
#267=EDGE_LOOP('',(#1530,#1531,#1532,#1533));
#268=EDGE_LOOP('',(#1534,#1535,#1536,#1537));
#269=EDGE_LOOP('',(#1538,#1539,#1540,#1541,#1542,#1543,#1544,#1545));
#270=EDGE_LOOP('',(#1546,#1547,#1548,#1549,#1550,#1551));
#271=EDGE_LOOP('',(#1552,#1553,#1554,#1555));
#272=EDGE_LOOP('',(#1556,#1557,#1558,#1559,#1560,#1561,#1562,#1563));
#273=EDGE_LOOP('',(#1564,#1565,#1566,#1567));
#274=EDGE_LOOP('',(#1568,#1569,#1570,#1571));
#275=EDGE_LOOP('',(#1572,#1573,#1574,#1575,#1576,#1577));
#276=EDGE_LOOP('',(#1578,#1579,#1580,#1581));
#277=EDGE_LOOP('',(#1582,#1583,#1584,#1585));
#278=EDGE_LOOP('',(#1586,#1587,#1588,#1589));
#279=EDGE_LOOP('',(#1590,#1591,#1592,#1593,#1594,#1595,#1596,#1597,#1598,
#1599,#1600,#1601,#1602,#1603,#1604,#1605,#1606,#1607,#1608,#1609));
#280=EDGE_LOOP('',(#1610,#1611,#1612,#1613));
#281=EDGE_LOOP('',(#1614,#1615,#1616,#1617));
#282=EDGE_LOOP('',(#1618,#1619,#1620,#1621));
#283=EDGE_LOOP('',(#1622,#1623,#1624,#1625));
#284=EDGE_LOOP('',(#1626,#1627,#1628,#1629));
#285=EDGE_LOOP('',(#1630,#1631,#1632,#1633));
#286=EDGE_LOOP('',(#1634));
#287=EDGE_LOOP('',(#1635));
#288=EDGE_LOOP('',(#1636));
#289=EDGE_LOOP('',(#1637,#1638,#1639,#1640));
#290=EDGE_LOOP('',(#1641,#1642,#1643,#1644));
#291=EDGE_LOOP('',(#1645,#1646,#1647,#1648));
#292=EDGE_LOOP('',(#1649,#1650,#1651,#1652));
#293=EDGE_LOOP('',(#1653,#1654,#1655,#1656,#1657,#1658,#1659,#1660));
#294=EDGE_LOOP('',(#1661,#1662,#1663,#1664));
#295=EDGE_LOOP('',(#1665,#1666,#1667,#1668,#1669,#1670,#1671,#1672,#1673,
#1674,#1675,#1676,#1677,#1678,#1679,#1680,#1681,#1682));
#296=EDGE_LOOP('',(#1683));
#297=EDGE_LOOP('',(#1684,#1685,#1686,#1687,#1688,#1689,#1690,#1691));
#298=EDGE_LOOP('',(#1692,#1693,#1694,#1695));
#299=EDGE_LOOP('',(#1696,#1697,#1698,#1699,#1700,#1701,#1702,#1703));
#300=EDGE_LOOP('',(#1704,#1705,#1706,#1707));
#301=EDGE_LOOP('',(#1708,#1709,#1710,#1711));
#302=EDGE_LOOP('',(#1712,#1713,#1714,#1715));
#303=EDGE_LOOP('',(#1716,#1717,#1718,#1719));
#304=EDGE_LOOP('',(#1720,#1721,#1722,#1723));
#305=EDGE_LOOP('',(#1724,#1725,#1726,#1727,#1728,#1729,#1730,#1731));
#306=EDGE_LOOP('',(#1732,#1733,#1734,#1735));
#307=EDGE_LOOP('',(#1736,#1737,#1738,#1739));
#308=EDGE_LOOP('',(#1740,#1741,#1742,#1743,#1744,#1745,#1746,#1747,#1748,
#1749,#1750,#1751,#1752,#1753,#1754,#1755,#1756,#1757));
#309=EDGE_LOOP('',(#1758));
#310=LINE('',#2614,#539);
#311=LINE('',#2616,#540);
#312=LINE('',#2618,#541);
#313=LINE('',#2619,#542);
#314=LINE('',#2623,#543);
#315=LINE('',#2625,#544);
#316=LINE('',#2627,#545);
#317=LINE('',#2628,#546);
#318=LINE('',#2632,#547);
#319=LINE('',#2634,#548);
#320=LINE('',#2636,#549);
#321=LINE('',#2637,#550);
#322=LINE('',#2641,#551);
#323=LINE('',#2643,#552);
#324=LINE('',#2645,#553);
#325=LINE('',#2646,#554);
#326=LINE('',#2651,#555);
#327=LINE('',#2657,#556);
#328=LINE('',#2662,#557);
#329=LINE('',#2664,#558);
#330=LINE('',#2666,#559);
#331=LINE('',#2667,#560);
#332=LINE('',#2671,#561);
#333=LINE('',#2673,#562);
#334=LINE('',#2675,#563);
#335=LINE('',#2676,#564);
#336=LINE('',#2681,#565);
#337=LINE('',#2683,#566);
#338=LINE('',#2688,#567);
#339=LINE('',#2695,#568);
#340=LINE('',#2698,#569);
#341=LINE('',#2701,#570);
#342=LINE('',#2703,#571);
#343=LINE('',#2704,#572);
#344=LINE('',#2707,#573);
#345=LINE('',#2709,#574);
#346=LINE('',#2710,#575);
#347=LINE('',#2712,#576);
#348=LINE('',#2714,#577);
#349=LINE('',#2719,#578);
#350=LINE('',#2724,#579);
#351=LINE('',#2726,#580);
#352=LINE('',#2728,#581);
#353=LINE('',#2729,#582);
#354=LINE('',#2733,#583);
#355=LINE('',#2735,#584);
#356=LINE('',#2737,#585);
#357=LINE('',#2738,#586);
#358=LINE('',#2743,#587);
#359=LINE('',#2745,#588);
#360=LINE('',#2750,#589);
#361=LINE('',#2755,#590);
#362=LINE('',#2757,#591);
#363=LINE('',#2759,#592);
#364=LINE('',#2760,#593);
#365=LINE('',#2764,#594);
#366=LINE('',#2766,#595);
#367=LINE('',#2768,#596);
#368=LINE('',#2769,#597);
#369=LINE('',#2774,#598);
#370=LINE('',#2776,#599);
#371=LINE('',#2781,#600);
#372=LINE('',#2788,#601);
#373=LINE('',#2794,#602);
#374=LINE('',#2798,#603);
#375=LINE('',#2801,#604);
#376=LINE('',#2804,#605);
#377=LINE('',#2806,#606);
#378=LINE('',#2808,#607);
#379=LINE('',#2810,#608);
#380=LINE('',#2811,#609);
#381=LINE('',#2814,#610);
#382=LINE('',#2816,#611);
#383=LINE('',#2818,#612);
#384=LINE('',#2820,#613);
#385=LINE('',#2822,#614);
#386=LINE('',#2823,#615);
#387=LINE('',#2827,#616);
#388=LINE('',#2829,#617);
#389=LINE('',#2833,#618);
#390=LINE('',#2837,#619);
#391=LINE('',#2839,#620);
#392=LINE('',#2841,#621);
#393=LINE('',#2843,#622);
#394=LINE('',#2845,#623);
#395=LINE('',#2847,#624);
#396=LINE('',#2848,#625);
#397=LINE('',#2851,#626);
#398=LINE('',#2852,#627);
#399=LINE('',#2853,#628);
#400=LINE('',#2857,#629);
#401=LINE('',#2861,#630);
#402=LINE('',#2864,#631);
#403=LINE('',#2867,#632);
#404=LINE('',#2869,#633);
#405=LINE('',#2871,#634);
#406=LINE('',#2873,#635);
#407=LINE('',#2874,#636);
#408=LINE('',#2877,#637);
#409=LINE('',#2879,#638);
#410=LINE('',#2881,#639);
#411=LINE('',#2883,#640);
#412=LINE('',#2885,#641);
#413=LINE('',#2886,#642);
#414=LINE('',#2890,#643);
#415=LINE('',#2892,#644);
#416=LINE('',#2896,#645);
#417=LINE('',#2900,#646);
#418=LINE('',#2902,#647);
#419=LINE('',#2904,#648);
#420=LINE('',#2906,#649);
#421=LINE('',#2908,#650);
#422=LINE('',#2910,#651);
#423=LINE('',#2911,#652);
#424=LINE('',#2914,#653);
#425=LINE('',#2916,#654);
#426=LINE('',#2918,#655);
#427=LINE('',#2919,#656);
#428=LINE('',#2928,#657);
#429=LINE('',#2931,#658);
#430=LINE('',#2940,#659);
#431=LINE('',#2942,#660);
#432=LINE('',#2943,#661);
#433=LINE('',#2945,#662);
#434=LINE('',#2947,#663);
#435=LINE('',#2948,#664);
#436=LINE('',#2956,#665);
#437=LINE('',#2958,#666);
#438=LINE('',#2960,#667);
#439=LINE('',#2962,#668);
#440=LINE('',#2964,#669);
#441=LINE('',#2966,#670);
#442=LINE('',#2968,#671);
#443=LINE('',#2970,#672);
#444=LINE('',#2972,#673);
#445=LINE('',#2974,#674);
#446=LINE('',#2976,#675);
#447=LINE('',#2977,#676);
#448=LINE('',#2980,#677);
#449=LINE('',#2982,#678);
#450=LINE('',#2983,#679);
#451=LINE('',#2986,#680);
#452=LINE('',#2987,#681);
#453=LINE('',#2990,#682);
#454=LINE('',#2991,#683);
#455=LINE('',#2994,#684);
#456=LINE('',#2995,#685);
#457=LINE('',#2998,#686);
#458=LINE('',#3000,#687);
#459=LINE('',#3001,#688);
#460=LINE('',#3004,#689);
#461=LINE('',#3005,#690);
#462=LINE('',#3008,#691);
#463=LINE('',#3009,#692);
#464=LINE('',#3012,#693);
#465=LINE('',#3014,#694);
#466=LINE('',#3015,#695);
#467=LINE('',#3018,#696);
#468=LINE('',#3020,#697);
#469=LINE('',#3022,#698);
#470=LINE('',#3024,#699);
#471=LINE('',#3025,#700);
#472=LINE('',#3026,#701);
#473=LINE('',#3028,#702);
#474=LINE('',#3030,#703);
#475=LINE('',#3032,#704);
#476=LINE('',#3033,#705);
#477=LINE('',#3036,#706);
#478=LINE('',#3037,#707);
#479=LINE('',#3039,#708);
#480=LINE('',#3041,#709);
#481=LINE('',#3043,#710);
#482=LINE('',#3045,#711);
#483=LINE('',#3046,#712);
#484=LINE('',#3049,#713);
#485=LINE('',#3050,#714);
#486=LINE('',#3052,#715);
#487=LINE('',#3053,#716);
#488=LINE('',#3054,#717);
#489=LINE('',#3056,#718);
#490=LINE('',#3058,#719);
#491=LINE('',#3060,#720);
#492=LINE('',#3064,#721);
#493=LINE('',#3065,#722);
#494=LINE('',#3066,#723);
#495=LINE('',#3067,#724);
#496=LINE('',#3069,#725);
#497=LINE('',#3071,#726);
#498=LINE('',#3073,#727);
#499=LINE('',#3074,#728);
#500=LINE('',#3081,#729);
#501=LINE('',#3085,#730);
#502=LINE('',#3089,#731);
#503=LINE('',#3091,#732);
#504=LINE('',#3092,#733);
#505=LINE('',#3095,#734);
#506=LINE('',#3096,#735);
#507=LINE('',#3100,#736);
#508=LINE('',#3101,#737);
#509=LINE('',#3102,#738);
#510=LINE('',#3105,#739);
#511=LINE('',#3106,#740);
#512=LINE('',#3109,#741);
#513=LINE('',#3111,#742);
#514=LINE('',#3112,#743);
#515=LINE('',#3114,#744);
#516=LINE('',#3115,#745);
#517=LINE('',#3117,#746);
#518=LINE('',#3119,#747);
#519=LINE('',#3120,#748);
#520=LINE('',#3121,#749);
#521=LINE('',#3122,#750);
#522=LINE('',#3124,#751);
#523=LINE('',#3125,#752);
#524=LINE('',#3129,#753);
#525=LINE('',#3130,#754);
#526=LINE('',#3133,#755);
#527=LINE('',#3134,#756);
#528=LINE('',#3137,#757);
#529=LINE('',#3138,#758);
#530=LINE('',#3141,#759);
#531=LINE('',#3142,#760);
#532=LINE('',#3145,#761);
#533=LINE('',#3146,#762);
#534=LINE('',#3149,#763);
#535=LINE('',#3150,#764);
#536=LINE('',#3153,#765);
#537=LINE('',#3154,#766);
#538=LINE('',#3156,#767);
#539=VECTOR('',#2101,10.);
#540=VECTOR('',#2102,10.);
#541=VECTOR('',#2103,10.);
#542=VECTOR('',#2104,10.);
#543=VECTOR('',#2107,10.);
#544=VECTOR('',#2108,10.);
#545=VECTOR('',#2109,10.);
#546=VECTOR('',#2110,10.);
#547=VECTOR('',#2113,10.);
#548=VECTOR('',#2114,10.);
#549=VECTOR('',#2115,10.);
#550=VECTOR('',#2116,10.);
#551=VECTOR('',#2119,10.);
#552=VECTOR('',#2120,10.);
#553=VECTOR('',#2121,10.);
#554=VECTOR('',#2122,10.);
#555=VECTOR('',#2127,3.);
#556=VECTOR('',#2134,1.75);
#557=VECTOR('',#2139,10.);
#558=VECTOR('',#2140,10.);
#559=VECTOR('',#2141,10.);
#560=VECTOR('',#2142,10.);
#561=VECTOR('',#2145,10.);
#562=VECTOR('',#2146,10.);
#563=VECTOR('',#2147,10.);
#564=VECTOR('',#2148,10.);
#565=VECTOR('',#2157,10.);
#566=VECTOR('',#2160,10.);
#567=VECTOR('',#2165,1.75);
#568=VECTOR('',#2172,10.);
#569=VECTOR('',#2175,10.);
#570=VECTOR('',#2178,10.);
#571=VECTOR('',#2179,10.);
#572=VECTOR('',#2180,10.);
#573=VECTOR('',#2183,10.);
#574=VECTOR('',#2184,10.);
#575=VECTOR('',#2185,10.);
#576=VECTOR('',#2188,10.);
#577=VECTOR('',#2191,10.);
#578=VECTOR('',#2196,1.75);
#579=VECTOR('',#2201,10.);
#580=VECTOR('',#2202,10.);
#581=VECTOR('',#2203,10.);
#582=VECTOR('',#2204,10.);
#583=VECTOR('',#2207,10.);
#584=VECTOR('',#2208,10.);
#585=VECTOR('',#2209,10.);
#586=VECTOR('',#2210,10.);
#587=VECTOR('',#2219,10.);
#588=VECTOR('',#2222,10.);
#589=VECTOR('',#2227,1.75);
#590=VECTOR('',#2232,10.);
#591=VECTOR('',#2233,10.);
#592=VECTOR('',#2234,10.);
#593=VECTOR('',#2235,10.);
#594=VECTOR('',#2238,10.);
#595=VECTOR('',#2239,10.);
#596=VECTOR('',#2240,10.);
#597=VECTOR('',#2241,10.);
#598=VECTOR('',#2250,10.);
#599=VECTOR('',#2253,10.);
#600=VECTOR('',#2258,2.1);
#601=VECTOR('',#2267,2.1);
#602=VECTOR('',#2274,10.);
#603=VECTOR('',#2277,10.);
#604=VECTOR('',#2280,10.);
#605=VECTOR('',#2283,10.);
#606=VECTOR('',#2284,10.);
#607=VECTOR('',#2285,10.);
#608=VECTOR('',#2286,10.);
#609=VECTOR('',#2287,10.);
#610=VECTOR('',#2290,10.);
#611=VECTOR('',#2291,10.);
#612=VECTOR('',#2292,10.);
#613=VECTOR('',#2293,10.);
#614=VECTOR('',#2294,10.);
#615=VECTOR('',#2295,10.);
#616=VECTOR('',#2298,10.);
#617=VECTOR('',#2299,10.);
#618=VECTOR('',#2302,10.);
#619=VECTOR('',#2307,10.);
#620=VECTOR('',#2308,10.);
#621=VECTOR('',#2309,10.);
#622=VECTOR('',#2310,10.);
#623=VECTOR('',#2311,10.);
#624=VECTOR('',#2312,10.);
#625=VECTOR('',#2313,10.);
#626=VECTOR('',#2316,10.);
#627=VECTOR('',#2317,10.);
#628=VECTOR('',#2318,10.);
#629=VECTOR('',#2321,10.);
#630=VECTOR('',#2324,10.);
#631=VECTOR('',#2327,10.);
#632=VECTOR('',#2330,10.);
#633=VECTOR('',#2331,10.);
#634=VECTOR('',#2332,10.);
#635=VECTOR('',#2333,10.);
#636=VECTOR('',#2334,10.);
#637=VECTOR('',#2337,10.);
#638=VECTOR('',#2338,10.);
#639=VECTOR('',#2339,10.);
#640=VECTOR('',#2340,10.);
#641=VECTOR('',#2341,10.);
#642=VECTOR('',#2342,10.);
#643=VECTOR('',#2345,10.);
#644=VECTOR('',#2346,10.);
#645=VECTOR('',#2349,10.);
#646=VECTOR('',#2354,10.);
#647=VECTOR('',#2355,10.);
#648=VECTOR('',#2356,10.);
#649=VECTOR('',#2357,10.);
#650=VECTOR('',#2358,10.);
#651=VECTOR('',#2359,10.);
#652=VECTOR('',#2360,10.);
#653=VECTOR('',#2363,10.);
#654=VECTOR('',#2364,10.);
#655=VECTOR('',#2365,10.);
#656=VECTOR('',#2366,10.);
#657=VECTOR('',#2383,10.);
#658=VECTOR('',#2388,10.);
#659=VECTOR('',#2403,10.);
#660=VECTOR('',#2404,10.);
#661=VECTOR('',#2405,10.);
#662=VECTOR('',#2406,10.);
#663=VECTOR('',#2407,10.);
#664=VECTOR('',#2408,10.);
#665=VECTOR('',#2415,10.);
#666=VECTOR('',#2416,10.);
#667=VECTOR('',#2417,10.);
#668=VECTOR('',#2418,10.);
#669=VECTOR('',#2419,10.);
#670=VECTOR('',#2420,10.);
#671=VECTOR('',#2421,10.);
#672=VECTOR('',#2422,10.);
#673=VECTOR('',#2423,10.);
#674=VECTOR('',#2424,10.);
#675=VECTOR('',#2425,10.);
#676=VECTOR('',#2426,10.);
#677=VECTOR('',#2429,10.);
#678=VECTOR('',#2430,10.);
#679=VECTOR('',#2431,10.);
#680=VECTOR('',#2434,10.);
#681=VECTOR('',#2435,10.);
#682=VECTOR('',#2438,10.);
#683=VECTOR('',#2439,10.);
#684=VECTOR('',#2442,10.);
#685=VECTOR('',#2443,10.);
#686=VECTOR('',#2446,10.);
#687=VECTOR('',#2447,10.);
#688=VECTOR('',#2448,10.);
#689=VECTOR('',#2451,10.);
#690=VECTOR('',#2452,10.);
#691=VECTOR('',#2455,10.);
#692=VECTOR('',#2456,10.);
#693=VECTOR('',#2459,10.);
#694=VECTOR('',#2460,10.);
#695=VECTOR('',#2461,10.);
#696=VECTOR('',#2464,10.);
#697=VECTOR('',#2465,10.);
#698=VECTOR('',#2466,10.);
#699=VECTOR('',#2467,10.);
#700=VECTOR('',#2468,10.);
#701=VECTOR('',#2469,10.);
#702=VECTOR('',#2472,10.);
#703=VECTOR('',#2473,10.);
#704=VECTOR('',#2474,10.);
#705=VECTOR('',#2475,10.);
#706=VECTOR('',#2478,10.);
#707=VECTOR('',#2479,10.);
#708=VECTOR('',#2482,10.);
#709=VECTOR('',#2483,10.);
#710=VECTOR('',#2484,10.);
#711=VECTOR('',#2485,10.);
#712=VECTOR('',#2486,10.);
#713=VECTOR('',#2491,10.);
#714=VECTOR('',#2492,10.);
#715=VECTOR('',#2495,10.);
#716=VECTOR('',#2496,10.);
#717=VECTOR('',#2497,10.);
#718=VECTOR('',#2500,10.);
#719=VECTOR('',#2503,10.);
#720=VECTOR('',#2506,10.);
#721=VECTOR('',#2509,10.);
#722=VECTOR('',#2510,10.);
#723=VECTOR('',#2511,10.);
#724=VECTOR('',#2512,10.);
#725=VECTOR('',#2513,10.);
#726=VECTOR('',#2514,10.);
#727=VECTOR('',#2515,10.);
#728=VECTOR('',#2516,10.);
#729=VECTOR('',#2527,0.9);
#730=VECTOR('',#2532,0.9);
#731=VECTOR('',#2537,10.);
#732=VECTOR('',#2538,10.);
#733=VECTOR('',#2539,10.);
#734=VECTOR('',#2542,10.);
#735=VECTOR('',#2543,10.);
#736=VECTOR('',#2546,10.);
#737=VECTOR('',#2547,10.);
#738=VECTOR('',#2548,10.);
#739=VECTOR('',#2551,10.);
#740=VECTOR('',#2552,10.);
#741=VECTOR('',#2555,10.);
#742=VECTOR('',#2556,10.);
#743=VECTOR('',#2557,10.);
#744=VECTOR('',#2558,10.);
#745=VECTOR('',#2559,10.);
#746=VECTOR('',#2562,10.);
#747=VECTOR('',#2565,10.);
#748=VECTOR('',#2566,10.);
#749=VECTOR('',#2567,10.);
#750=VECTOR('',#2568,10.);
#751=VECTOR('',#2571,10.);
#752=VECTOR('',#2572,10.);
#753=VECTOR('',#2577,10.);
#754=VECTOR('',#2578,10.);
#755=VECTOR('',#2581,10.);
#756=VECTOR('',#2582,10.);
#757=VECTOR('',#2585,10.);
#758=VECTOR('',#2586,10.);
#759=VECTOR('',#2589,10.);
#760=VECTOR('',#2590,10.);
#761=VECTOR('',#2593,10.);
#762=VECTOR('',#2594,10.);
#763=VECTOR('',#2597,10.);
#764=VECTOR('',#2598,10.);
#765=VECTOR('',#2601,10.);
#766=VECTOR('',#2602,10.);
#767=VECTOR('',#2605,10.);
#768=VERTEX_POINT('',#2612);
#769=VERTEX_POINT('',#2613);
#770=VERTEX_POINT('',#2615);
#771=VERTEX_POINT('',#2617);
#772=VERTEX_POINT('',#2621);
#773=VERTEX_POINT('',#2622);
#774=VERTEX_POINT('',#2624);
#775=VERTEX_POINT('',#2626);
#776=VERTEX_POINT('',#2630);
#777=VERTEX_POINT('',#2631);
#778=VERTEX_POINT('',#2633);
#779=VERTEX_POINT('',#2635);
#780=VERTEX_POINT('',#2639);
#781=VERTEX_POINT('',#2640);
#782=VERTEX_POINT('',#2642);
#783=VERTEX_POINT('',#2644);
#784=VERTEX_POINT('',#2648);
#785=VERTEX_POINT('',#2650);
#786=VERTEX_POINT('',#2654);
#787=VERTEX_POINT('',#2656);
#788=VERTEX_POINT('',#2660);
#789=VERTEX_POINT('',#2661);
#790=VERTEX_POINT('',#2663);
#791=VERTEX_POINT('',#2665);
#792=VERTEX_POINT('',#2669);
#793=VERTEX_POINT('',#2670);
#794=VERTEX_POINT('',#2672);
#795=VERTEX_POINT('',#2674);
#796=VERTEX_POINT('',#2685);
#797=VERTEX_POINT('',#2687);
#798=VERTEX_POINT('',#2691);
#799=VERTEX_POINT('',#2692);
#800=VERTEX_POINT('',#2694);
#801=VERTEX_POINT('',#2696);
#802=VERTEX_POINT('',#2700);
#803=VERTEX_POINT('',#2702);
#804=VERTEX_POINT('',#2706);
#805=VERTEX_POINT('',#2708);
#806=VERTEX_POINT('',#2716);
#807=VERTEX_POINT('',#2718);
#808=VERTEX_POINT('',#2722);
#809=VERTEX_POINT('',#2723);
#810=VERTEX_POINT('',#2725);
#811=VERTEX_POINT('',#2727);
#812=VERTEX_POINT('',#2731);
#813=VERTEX_POINT('',#2732);
#814=VERTEX_POINT('',#2734);
#815=VERTEX_POINT('',#2736);
#816=VERTEX_POINT('',#2747);
#817=VERTEX_POINT('',#2749);
#818=VERTEX_POINT('',#2753);
#819=VERTEX_POINT('',#2754);
#820=VERTEX_POINT('',#2756);
#821=VERTEX_POINT('',#2758);
#822=VERTEX_POINT('',#2762);
#823=VERTEX_POINT('',#2763);
#824=VERTEX_POINT('',#2765);
#825=VERTEX_POINT('',#2767);
#826=VERTEX_POINT('',#2778);
#827=VERTEX_POINT('',#2780);
#828=VERTEX_POINT('',#2785);
#829=VERTEX_POINT('',#2787);
#830=VERTEX_POINT('',#2792);
#831=VERTEX_POINT('',#2793);
#832=VERTEX_POINT('',#2795);
#833=VERTEX_POINT('',#2797);
#834=VERTEX_POINT('',#2799);
#835=VERTEX_POINT('',#2803);
#836=VERTEX_POINT('',#2805);
#837=VERTEX_POINT('',#2807);
#838=VERTEX_POINT('',#2809);
#839=VERTEX_POINT('',#2813);
#840=VERTEX_POINT('',#2815);
#841=VERTEX_POINT('',#2817);
#842=VERTEX_POINT('',#2819);
#843=VERTEX_POINT('',#2821);
#844=VERTEX_POINT('',#2825);
#845=VERTEX_POINT('',#2826);
#846=VERTEX_POINT('',#2828);
#847=VERTEX_POINT('',#2830);
#848=VERTEX_POINT('',#2832);
#849=VERTEX_POINT('',#2836);
#850=VERTEX_POINT('',#2838);
#851=VERTEX_POINT('',#2840);
#852=VERTEX_POINT('',#2842);
#853=VERTEX_POINT('',#2844);
#854=VERTEX_POINT('',#2846);
#855=VERTEX_POINT('',#2850);
#856=VERTEX_POINT('',#2855);
#857=VERTEX_POINT('',#2856);
#858=VERTEX_POINT('',#2858);
#859=VERTEX_POINT('',#2860);
#860=VERTEX_POINT('',#2862);
#861=VERTEX_POINT('',#2866);
#862=VERTEX_POINT('',#2868);
#863=VERTEX_POINT('',#2870);
#864=VERTEX_POINT('',#2872);
#865=VERTEX_POINT('',#2876);
#866=VERTEX_POINT('',#2878);
#867=VERTEX_POINT('',#2880);
#868=VERTEX_POINT('',#2882);
#869=VERTEX_POINT('',#2884);
#870=VERTEX_POINT('',#2888);
#871=VERTEX_POINT('',#2889);
#872=VERTEX_POINT('',#2891);
#873=VERTEX_POINT('',#2893);
#874=VERTEX_POINT('',#2895);
#875=VERTEX_POINT('',#2899);
#876=VERTEX_POINT('',#2901);
#877=VERTEX_POINT('',#2903);
#878=VERTEX_POINT('',#2905);
#879=VERTEX_POINT('',#2907);
#880=VERTEX_POINT('',#2909);
#881=VERTEX_POINT('',#2913);
#882=VERTEX_POINT('',#2915);
#883=VERTEX_POINT('',#2917);
#884=VERTEX_POINT('',#2939);
#885=VERTEX_POINT('',#2941);
#886=VERTEX_POINT('',#2944);
#887=VERTEX_POINT('',#2946);
#888=VERTEX_POINT('',#2949);
#889=VERTEX_POINT('',#2951);
#890=VERTEX_POINT('',#2954);
#891=VERTEX_POINT('',#2955);
#892=VERTEX_POINT('',#2957);
#893=VERTEX_POINT('',#2959);
#894=VERTEX_POINT('',#2961);
#895=VERTEX_POINT('',#2963);
#896=VERTEX_POINT('',#2965);
#897=VERTEX_POINT('',#2967);
#898=VERTEX_POINT('',#2969);
#899=VERTEX_POINT('',#2971);
#900=VERTEX_POINT('',#2973);
#901=VERTEX_POINT('',#2975);
#902=VERTEX_POINT('',#2979);
#903=VERTEX_POINT('',#2981);
#904=VERTEX_POINT('',#2985);
#905=VERTEX_POINT('',#2989);
#906=VERTEX_POINT('',#2993);
#907=VERTEX_POINT('',#2997);
#908=VERTEX_POINT('',#2999);
#909=VERTEX_POINT('',#3003);
#910=VERTEX_POINT('',#3007);
#911=VERTEX_POINT('',#3011);
#912=VERTEX_POINT('',#3013);
#913=VERTEX_POINT('',#3017);
#914=VERTEX_POINT('',#3019);
#915=VERTEX_POINT('',#3021);
#916=VERTEX_POINT('',#3023);
#917=VERTEX_POINT('',#3029);
#918=VERTEX_POINT('',#3031);
#919=VERTEX_POINT('',#3035);
#920=VERTEX_POINT('',#3040);
#921=VERTEX_POINT('',#3042);
#922=VERTEX_POINT('',#3044);
#923=VERTEX_POINT('',#3062);
#924=VERTEX_POINT('',#3063);
#925=VERTEX_POINT('',#3068);
#926=VERTEX_POINT('',#3070);
#927=VERTEX_POINT('',#3072);
#928=VERTEX_POINT('',#3079);
#929=VERTEX_POINT('',#3083);
#930=VERTEX_POINT('',#3088);
#931=VERTEX_POINT('',#3090);
#932=VERTEX_POINT('',#3094);
#933=VERTEX_POINT('',#3098);
#934=VERTEX_POINT('',#3099);
#935=VERTEX_POINT('',#3104);
#936=VERTEX_POINT('',#3108);
#937=VERTEX_POINT('',#3110);
#938=VERTEX_POINT('',#3113);
#939=VERTEX_POINT('',#3128);
#940=VERTEX_POINT('',#3132);
#941=VERTEX_POINT('',#3136);
#942=VERTEX_POINT('',#3140);
#943=VERTEX_POINT('',#3144);
#944=VERTEX_POINT('',#3148);
#945=VERTEX_POINT('',#3152);
#946=EDGE_CURVE('',#768,#769,#310,.T.);
#947=EDGE_CURVE('',#770,#769,#311,.T.);
#948=EDGE_CURVE('',#771,#770,#312,.T.);
#949=EDGE_CURVE('',#768,#771,#313,.T.);
#950=EDGE_CURVE('',#772,#773,#314,.T.);
#951=EDGE_CURVE('',#774,#773,#315,.F.);
#952=EDGE_CURVE('',#775,#774,#316,.F.);
#953=EDGE_CURVE('',#772,#775,#317,.F.);
#954=EDGE_CURVE('',#776,#777,#318,.T.);
#955=EDGE_CURVE('',#778,#777,#319,.F.);
#956=EDGE_CURVE('',#779,#778,#320,.F.);
#957=EDGE_CURVE('',#776,#779,#321,.F.);
#958=EDGE_CURVE('',#780,#781,#322,.T.);
#959=EDGE_CURVE('',#782,#780,#323,.T.);
#960=EDGE_CURVE('',#782,#783,#324,.T.);
#961=EDGE_CURVE('',#781,#783,#325,.T.);
#962=EDGE_CURVE('',#784,#784,#45,.T.);
#963=EDGE_CURVE('',#784,#785,#326,.T.);
#964=EDGE_CURVE('',#785,#785,#46,.T.);
#965=EDGE_CURVE('',#786,#786,#47,.T.);
#966=EDGE_CURVE('',#786,#787,#327,.T.);
#967=EDGE_CURVE('',#787,#787,#48,.T.);
#968=EDGE_CURVE('',#788,#789,#328,.T.);
#969=EDGE_CURVE('',#788,#790,#329,.T.);
#970=EDGE_CURVE('',#791,#790,#330,.T.);
#971=EDGE_CURVE('',#789,#791,#331,.T.);
#972=EDGE_CURVE('',#792,#793,#332,.T.);
#973=EDGE_CURVE('',#794,#793,#333,.T.);
#974=EDGE_CURVE('',#795,#794,#334,.T.);
#975=EDGE_CURVE('',#792,#795,#335,.T.);
#976=EDGE_CURVE('',#788,#792,#49,.T.);
#977=EDGE_CURVE('',#790,#795,#50,.T.);
#978=EDGE_CURVE('',#791,#794,#336,.T.);
#979=EDGE_CURVE('',#793,#789,#337,.T.);
#980=EDGE_CURVE('',#796,#796,#51,.T.);
#981=EDGE_CURVE('',#796,#797,#338,.T.);
#982=EDGE_CURVE('',#797,#797,#52,.T.);
#983=EDGE_CURVE('',#798,#799,#53,.T.);
#984=EDGE_CURVE('',#799,#800,#339,.T.);
#985=EDGE_CURVE('',#801,#800,#54,.T.);
#986=EDGE_CURVE('',#798,#801,#340,.T.);
#987=EDGE_CURVE('',#798,#802,#341,.T.);
#988=EDGE_CURVE('',#803,#801,#342,.T.);
#989=EDGE_CURVE('',#802,#803,#343,.T.);
#990=EDGE_CURVE('',#799,#804,#344,.T.);
#991=EDGE_CURVE('',#805,#804,#345,.T.);
#992=EDGE_CURVE('',#800,#805,#346,.T.);
#993=EDGE_CURVE('',#803,#805,#347,.T.);
#994=EDGE_CURVE('',#804,#802,#348,.T.);
#995=EDGE_CURVE('',#806,#806,#55,.T.);
#996=EDGE_CURVE('',#806,#807,#349,.T.);
#997=EDGE_CURVE('',#807,#807,#56,.T.);
#998=EDGE_CURVE('',#808,#809,#350,.T.);
#999=EDGE_CURVE('',#808,#810,#351,.T.);
#1000=EDGE_CURVE('',#811,#810,#352,.T.);
#1001=EDGE_CURVE('',#809,#811,#353,.T.);
#1002=EDGE_CURVE('',#812,#813,#354,.T.);
#1003=EDGE_CURVE('',#814,#813,#355,.T.);
#1004=EDGE_CURVE('',#815,#814,#356,.T.);
#1005=EDGE_CURVE('',#812,#815,#357,.T.);
#1006=EDGE_CURVE('',#808,#812,#57,.T.);
#1007=EDGE_CURVE('',#810,#815,#58,.T.);
#1008=EDGE_CURVE('',#811,#814,#358,.T.);
#1009=EDGE_CURVE('',#813,#809,#359,.T.);
#1010=EDGE_CURVE('',#816,#816,#59,.T.);
#1011=EDGE_CURVE('',#816,#817,#360,.T.);
#1012=EDGE_CURVE('',#817,#817,#60,.T.);
#1013=EDGE_CURVE('',#818,#819,#361,.T.);
#1014=EDGE_CURVE('',#818,#820,#362,.T.);
#1015=EDGE_CURVE('',#821,#820,#363,.T.);
#1016=EDGE_CURVE('',#819,#821,#364,.T.);
#1017=EDGE_CURVE('',#822,#823,#365,.T.);
#1018=EDGE_CURVE('',#824,#823,#366,.T.);
#1019=EDGE_CURVE('',#825,#824,#367,.T.);
#1020=EDGE_CURVE('',#822,#825,#368,.T.);
#1021=EDGE_CURVE('',#818,#822,#61,.T.);
#1022=EDGE_CURVE('',#820,#825,#62,.T.);
#1023=EDGE_CURVE('',#821,#824,#369,.T.);
#1024=EDGE_CURVE('',#823,#819,#370,.T.);
#1025=EDGE_CURVE('',#826,#826,#63,.T.);
#1026=EDGE_CURVE('',#826,#827,#371,.T.);
#1027=EDGE_CURVE('',#827,#827,#64,.T.);
#1028=EDGE_CURVE('',#828,#828,#65,.T.);
#1029=EDGE_CURVE('',#828,#829,#372,.T.);
#1030=EDGE_CURVE('',#829,#829,#66,.T.);
#1031=EDGE_CURVE('',#830,#831,#373,.T.);
#1032=EDGE_CURVE('',#832,#830,#15,.F.);
#1033=EDGE_CURVE('',#832,#833,#374,.T.);
#1034=EDGE_CURVE('',#833,#834,#16,.T.);
#1035=EDGE_CURVE('',#834,#831,#375,.T.);
#1036=EDGE_CURVE('',#835,#830,#376,.T.);
#1037=EDGE_CURVE('',#836,#831,#377,.T.);
#1038=EDGE_CURVE('',#837,#836,#378,.T.);
#1039=EDGE_CURVE('',#838,#837,#379,.T.);
#1040=EDGE_CURVE('',#838,#835,#380,.T.);
#1041=EDGE_CURVE('',#839,#834,#381,.T.);
#1042=EDGE_CURVE('',#840,#839,#382,.T.);
#1043=EDGE_CURVE('',#840,#841,#383,.T.);
#1044=EDGE_CURVE('',#841,#842,#384,.T.);
#1045=EDGE_CURVE('',#843,#842,#385,.T.);
#1046=EDGE_CURVE('',#836,#843,#386,.T.);
#1047=EDGE_CURVE('',#844,#845,#387,.T.);
#1048=EDGE_CURVE('',#844,#846,#388,.T.);
#1049=EDGE_CURVE('',#846,#847,#17,.T.);
#1050=EDGE_CURVE('',#847,#848,#389,.T.);
#1051=EDGE_CURVE('',#848,#845,#18,.T.);
#1052=EDGE_CURVE('',#849,#844,#390,.T.);
#1053=EDGE_CURVE('',#850,#849,#391,.T.);
#1054=EDGE_CURVE('',#851,#850,#392,.T.);
#1055=EDGE_CURVE('',#851,#852,#393,.T.);
#1056=EDGE_CURVE('',#853,#852,#394,.T.);
#1057=EDGE_CURVE('',#854,#853,#395,.T.);
#1058=EDGE_CURVE('',#854,#846,#396,.T.);
#1059=EDGE_CURVE('',#845,#855,#397,.T.);
#1060=EDGE_CURVE('',#771,#855,#398,.T.);
#1061=EDGE_CURVE('',#849,#770,#399,.T.);
#1062=EDGE_CURVE('',#856,#857,#400,.T.);
#1063=EDGE_CURVE('',#858,#856,#19,.F.);
#1064=EDGE_CURVE('',#858,#859,#401,.T.);
#1065=EDGE_CURVE('',#859,#860,#20,.T.);
#1066=EDGE_CURVE('',#860,#857,#402,.T.);
#1067=EDGE_CURVE('',#861,#856,#403,.T.);
#1068=EDGE_CURVE('',#857,#862,#404,.T.);
#1069=EDGE_CURVE('',#863,#862,#405,.T.);
#1070=EDGE_CURVE('',#864,#863,#406,.T.);
#1071=EDGE_CURVE('',#861,#864,#407,.T.);
#1072=EDGE_CURVE('',#865,#860,#408,.T.);
#1073=EDGE_CURVE('',#866,#865,#409,.T.);
#1074=EDGE_CURVE('',#866,#867,#410,.T.);
#1075=EDGE_CURVE('',#867,#868,#411,.T.);
#1076=EDGE_CURVE('',#869,#868,#412,.T.);
#1077=EDGE_CURVE('',#862,#869,#413,.T.);
#1078=EDGE_CURVE('',#870,#871,#414,.T.);
#1079=EDGE_CURVE('',#870,#872,#415,.T.);
#1080=EDGE_CURVE('',#872,#873,#21,.T.);
#1081=EDGE_CURVE('',#873,#874,#416,.T.);
#1082=EDGE_CURVE('',#874,#871,#22,.T.);
#1083=EDGE_CURVE('',#875,#870,#417,.T.);
#1084=EDGE_CURVE('',#876,#875,#418,.T.);
#1085=EDGE_CURVE('',#877,#876,#419,.T.);
#1086=EDGE_CURVE('',#877,#878,#420,.T.);
#1087=EDGE_CURVE('',#879,#878,#421,.T.);
#1088=EDGE_CURVE('',#880,#879,#422,.T.);
#1089=EDGE_CURVE('',#880,#872,#423,.T.);
#1090=EDGE_CURVE('',#871,#881,#424,.T.);
#1091=EDGE_CURVE('',#881,#882,#425,.T.);
#1092=EDGE_CURVE('',#882,#883,#426,.T.);
#1093=EDGE_CURVE('',#875,#883,#427,.T.);
#1094=EDGE_CURVE('',#833,#832,#67,.T.);
#1095=EDGE_CURVE('',#881,#835,#68,.T.);
#1096=EDGE_CURVE('',#874,#873,#69,.T.);
#1097=EDGE_CURVE('',#839,#880,#23,.T.);
#1098=EDGE_CURVE('',#879,#840,#428,.T.);
#1099=EDGE_CURVE('',#865,#854,#24,.T.);
#1100=EDGE_CURVE('',#853,#866,#429,.T.);
#1101=EDGE_CURVE('',#848,#847,#70,.T.);
#1102=EDGE_CURVE('',#859,#858,#71,.T.);
#1103=EDGE_CURVE('',#855,#861,#72,.T.);
#1104=EDGE_CURVE('',#879,#884,#430,.T.);
#1105=EDGE_CURVE('',#884,#885,#431,.T.);
#1106=EDGE_CURVE('',#885,#866,#432,.T.);
#1107=EDGE_CURVE('',#853,#886,#433,.T.);
#1108=EDGE_CURVE('',#886,#887,#434,.T.);
#1109=EDGE_CURVE('',#887,#840,#435,.T.);
#1110=EDGE_CURVE('',#888,#888,#73,.T.);
#1111=EDGE_CURVE('',#889,#889,#74,.T.);
#1112=EDGE_CURVE('',#890,#891,#436,.F.);
#1113=EDGE_CURVE('',#892,#890,#437,.F.);
#1114=EDGE_CURVE('',#893,#892,#438,.F.);
#1115=EDGE_CURVE('',#894,#893,#439,.T.);
#1116=EDGE_CURVE('',#894,#895,#440,.T.);
#1117=EDGE_CURVE('',#896,#895,#441,.T.);
#1118=EDGE_CURVE('',#897,#896,#442,.F.);
#1119=EDGE_CURVE('',#898,#897,#443,.F.);
#1120=EDGE_CURVE('',#899,#898,#444,.F.);
#1121=EDGE_CURVE('',#900,#899,#445,.T.);
#1122=EDGE_CURVE('',#900,#901,#446,.T.);
#1123=EDGE_CURVE('',#891,#901,#447,.T.);
#1124=EDGE_CURVE('',#902,#893,#448,.T.);
#1125=EDGE_CURVE('',#902,#903,#449,.T.);
#1126=EDGE_CURVE('',#903,#894,#450,.T.);
#1127=EDGE_CURVE('',#904,#892,#451,.T.);
#1128=EDGE_CURVE('',#904,#902,#452,.F.);
#1129=EDGE_CURVE('',#905,#890,#453,.T.);
#1130=EDGE_CURVE('',#905,#904,#454,.F.);
#1131=EDGE_CURVE('',#906,#891,#455,.F.);
#1132=EDGE_CURVE('',#905,#906,#456,.T.);
#1133=EDGE_CURVE('',#907,#775,#457,.F.);
#1134=EDGE_CURVE('',#907,#908,#458,.F.);
#1135=EDGE_CURVE('',#908,#772,#459,.T.);
#1136=EDGE_CURVE('',#909,#774,#460,.F.);
#1137=EDGE_CURVE('',#909,#907,#461,.F.);
#1138=EDGE_CURVE('',#910,#773,#462,.F.);
#1139=EDGE_CURVE('',#909,#910,#463,.T.);
#1140=EDGE_CURVE('',#911,#852,#464,.T.);
#1141=EDGE_CURVE('',#851,#912,#465,.T.);
#1142=EDGE_CURVE('',#912,#911,#466,.T.);
#1143=EDGE_CURVE('',#913,#912,#467,.T.);
#1144=EDGE_CURVE('',#913,#914,#468,.T.);
#1145=EDGE_CURVE('',#914,#915,#469,.T.);
#1146=EDGE_CURVE('',#916,#915,#470,.T.);
#1147=EDGE_CURVE('',#916,#887,#471,.T.);
#1148=EDGE_CURVE('',#911,#886,#472,.T.);
#1149=EDGE_CURVE('',#868,#851,#473,.T.);
#1150=EDGE_CURVE('',#917,#868,#474,.T.);
#1151=EDGE_CURVE('',#918,#917,#475,.T.);
#1152=EDGE_CURVE('',#918,#913,#476,.T.);
#1153=EDGE_CURVE('',#867,#919,#477,.T.);
#1154=EDGE_CURVE('',#919,#917,#478,.T.);
#1155=EDGE_CURVE('',#885,#919,#479,.T.);
#1156=EDGE_CURVE('',#884,#920,#480,.T.);
#1157=EDGE_CURVE('',#921,#920,#481,.T.);
#1158=EDGE_CURVE('',#922,#921,#482,.T.);
#1159=EDGE_CURVE('',#918,#922,#483,.T.);
#1160=EDGE_CURVE('',#920,#878,#484,.T.);
#1161=EDGE_CURVE('',#877,#921,#485,.T.);
#1162=EDGE_CURVE('',#842,#877,#486,.T.);
#1163=EDGE_CURVE('',#915,#842,#487,.T.);
#1164=EDGE_CURVE('',#914,#922,#488,.T.);
#1165=EDGE_CURVE('',#841,#916,#489,.T.);
#1166=EDGE_CURVE('',#876,#843,#490,.T.);
#1167=EDGE_CURVE('',#850,#869,#491,.T.);
#1168=EDGE_CURVE('',#923,#924,#492,.T.);
#1169=EDGE_CURVE('',#924,#837,#493,.T.);
#1170=EDGE_CURVE('',#883,#863,#494,.T.);
#1171=EDGE_CURVE('',#769,#781,#495,.T.);
#1172=EDGE_CURVE('',#783,#925,#496,.T.);
#1173=EDGE_CURVE('',#925,#926,#497,.T.);
#1174=EDGE_CURVE('',#926,#927,#498,.T.);
#1175=EDGE_CURVE('',#927,#923,#499,.T.);
#1176=EDGE_CURVE('',#928,#928,#75,.T.);
#1177=EDGE_CURVE('',#928,#888,#500,.T.);
#1178=EDGE_CURVE('',#929,#929,#76,.T.);
#1179=EDGE_CURVE('',#929,#889,#501,.T.);
#1180=EDGE_CURVE('',#930,#778,#502,.T.);
#1181=EDGE_CURVE('',#931,#930,#503,.T.);
#1182=EDGE_CURVE('',#931,#779,#504,.T.);
#1183=EDGE_CURVE('',#932,#777,#505,.F.);
#1184=EDGE_CURVE('',#930,#932,#506,.T.);
#1185=EDGE_CURVE('',#933,#934,#507,.T.);
#1186=EDGE_CURVE('',#933,#927,#508,.T.);
#1187=EDGE_CURVE('',#934,#926,#509,.T.);
#1188=EDGE_CURVE('',#935,#901,#510,.T.);
#1189=EDGE_CURVE('',#906,#935,#511,.T.);
#1190=EDGE_CURVE('',#936,#776,#512,.T.);
#1191=EDGE_CURVE('',#936,#937,#513,.T.);
#1192=EDGE_CURVE('',#937,#924,#514,.T.);
#1193=EDGE_CURVE('',#938,#923,#515,.T.);
#1194=EDGE_CURVE('',#932,#938,#516,.T.);
#1195=EDGE_CURVE('',#931,#936,#517,.F.);
#1196=EDGE_CURVE('',#937,#838,#518,.T.);
#1197=EDGE_CURVE('',#933,#938,#519,.T.);
#1198=EDGE_CURVE('',#934,#903,#520,.T.);
#1199=EDGE_CURVE('',#935,#882,#521,.T.);
#1200=EDGE_CURVE('',#910,#768,#522,.T.);
#1201=EDGE_CURVE('',#908,#780,#523,.T.);
#1202=EDGE_CURVE('',#939,#864,#524,.T.);
#1203=EDGE_CURVE('',#939,#900,#525,.T.);
#1204=EDGE_CURVE('',#940,#899,#526,.T.);
#1205=EDGE_CURVE('',#940,#939,#527,.T.);
#1206=EDGE_CURVE('',#941,#898,#528,.T.);
#1207=EDGE_CURVE('',#941,#940,#529,.F.);
#1208=EDGE_CURVE('',#942,#897,#530,.T.);
#1209=EDGE_CURVE('',#941,#942,#531,.T.);
#1210=EDGE_CURVE('',#943,#896,#532,.F.);
#1211=EDGE_CURVE('',#942,#943,#533,.T.);
#1212=EDGE_CURVE('',#944,#895,#534,.T.);
#1213=EDGE_CURVE('',#943,#944,#535,.T.);
#1214=EDGE_CURVE('',#945,#944,#536,.T.);
#1215=EDGE_CURVE('',#945,#925,#537,.T.);
#1216=EDGE_CURVE('',#945,#782,#538,.T.);
#1217=ORIENTED_EDGE('',*,*,#946,.T.);
#1218=ORIENTED_EDGE('',*,*,#947,.F.);
#1219=ORIENTED_EDGE('',*,*,#948,.F.);
#1220=ORIENTED_EDGE('',*,*,#949,.F.);
#1221=ORIENTED_EDGE('',*,*,#950,.T.);
#1222=ORIENTED_EDGE('',*,*,#951,.F.);
#1223=ORIENTED_EDGE('',*,*,#952,.F.);
#1224=ORIENTED_EDGE('',*,*,#953,.F.);
#1225=ORIENTED_EDGE('',*,*,#954,.T.);
#1226=ORIENTED_EDGE('',*,*,#955,.F.);
#1227=ORIENTED_EDGE('',*,*,#956,.F.);
#1228=ORIENTED_EDGE('',*,*,#957,.F.);
#1229=ORIENTED_EDGE('',*,*,#958,.F.);
#1230=ORIENTED_EDGE('',*,*,#959,.F.);
#1231=ORIENTED_EDGE('',*,*,#960,.T.);
#1232=ORIENTED_EDGE('',*,*,#961,.F.);
#1233=ORIENTED_EDGE('',*,*,#962,.F.);
#1234=ORIENTED_EDGE('',*,*,#963,.T.);
#1235=ORIENTED_EDGE('',*,*,#964,.F.);
#1236=ORIENTED_EDGE('',*,*,#963,.F.);
#1237=ORIENTED_EDGE('',*,*,#965,.F.);
#1238=ORIENTED_EDGE('',*,*,#966,.T.);
#1239=ORIENTED_EDGE('',*,*,#967,.T.);
#1240=ORIENTED_EDGE('',*,*,#966,.F.);
#1241=ORIENTED_EDGE('',*,*,#968,.F.);
#1242=ORIENTED_EDGE('',*,*,#969,.T.);
#1243=ORIENTED_EDGE('',*,*,#970,.F.);
#1244=ORIENTED_EDGE('',*,*,#971,.F.);
#1245=ORIENTED_EDGE('',*,*,#972,.T.);
#1246=ORIENTED_EDGE('',*,*,#973,.F.);
#1247=ORIENTED_EDGE('',*,*,#974,.F.);
#1248=ORIENTED_EDGE('',*,*,#975,.F.);
#1249=ORIENTED_EDGE('',*,*,#976,.T.);
#1250=ORIENTED_EDGE('',*,*,#975,.T.);
#1251=ORIENTED_EDGE('',*,*,#977,.F.);
#1252=ORIENTED_EDGE('',*,*,#969,.F.);
#1253=ORIENTED_EDGE('',*,*,#977,.T.);
#1254=ORIENTED_EDGE('',*,*,#974,.T.);
#1255=ORIENTED_EDGE('',*,*,#978,.F.);
#1256=ORIENTED_EDGE('',*,*,#970,.T.);
#1257=ORIENTED_EDGE('',*,*,#965,.T.);
#1258=ORIENTED_EDGE('',*,*,#976,.F.);
#1259=ORIENTED_EDGE('',*,*,#968,.T.);
#1260=ORIENTED_EDGE('',*,*,#979,.F.);
#1261=ORIENTED_EDGE('',*,*,#972,.F.);
#1262=ORIENTED_EDGE('',*,*,#967,.F.);
#1263=ORIENTED_EDGE('',*,*,#980,.F.);
#1264=ORIENTED_EDGE('',*,*,#981,.T.);
#1265=ORIENTED_EDGE('',*,*,#982,.T.);
#1266=ORIENTED_EDGE('',*,*,#981,.F.);
#1267=ORIENTED_EDGE('',*,*,#983,.T.);
#1268=ORIENTED_EDGE('',*,*,#984,.T.);
#1269=ORIENTED_EDGE('',*,*,#985,.F.);
#1270=ORIENTED_EDGE('',*,*,#986,.F.);
#1271=ORIENTED_EDGE('',*,*,#987,.F.);
#1272=ORIENTED_EDGE('',*,*,#986,.T.);
#1273=ORIENTED_EDGE('',*,*,#988,.F.);
#1274=ORIENTED_EDGE('',*,*,#989,.F.);
#1275=ORIENTED_EDGE('',*,*,#990,.T.);
#1276=ORIENTED_EDGE('',*,*,#991,.F.);
#1277=ORIENTED_EDGE('',*,*,#992,.F.);
#1278=ORIENTED_EDGE('',*,*,#984,.F.);
#1279=ORIENTED_EDGE('',*,*,#992,.T.);
#1280=ORIENTED_EDGE('',*,*,#993,.F.);
#1281=ORIENTED_EDGE('',*,*,#988,.T.);
#1282=ORIENTED_EDGE('',*,*,#985,.T.);
#1283=ORIENTED_EDGE('',*,*,#980,.T.);
#1284=ORIENTED_EDGE('',*,*,#990,.F.);
#1285=ORIENTED_EDGE('',*,*,#983,.F.);
#1286=ORIENTED_EDGE('',*,*,#987,.T.);
#1287=ORIENTED_EDGE('',*,*,#994,.F.);
#1288=ORIENTED_EDGE('',*,*,#982,.F.);
#1289=ORIENTED_EDGE('',*,*,#995,.F.);
#1290=ORIENTED_EDGE('',*,*,#996,.T.);
#1291=ORIENTED_EDGE('',*,*,#997,.T.);
#1292=ORIENTED_EDGE('',*,*,#996,.F.);
#1293=ORIENTED_EDGE('',*,*,#998,.F.);
#1294=ORIENTED_EDGE('',*,*,#999,.T.);
#1295=ORIENTED_EDGE('',*,*,#1000,.F.);
#1296=ORIENTED_EDGE('',*,*,#1001,.F.);
#1297=ORIENTED_EDGE('',*,*,#1002,.T.);
#1298=ORIENTED_EDGE('',*,*,#1003,.F.);
#1299=ORIENTED_EDGE('',*,*,#1004,.F.);
#1300=ORIENTED_EDGE('',*,*,#1005,.F.);
#1301=ORIENTED_EDGE('',*,*,#1006,.T.);
#1302=ORIENTED_EDGE('',*,*,#1005,.T.);
#1303=ORIENTED_EDGE('',*,*,#1007,.F.);
#1304=ORIENTED_EDGE('',*,*,#999,.F.);
#1305=ORIENTED_EDGE('',*,*,#1007,.T.);
#1306=ORIENTED_EDGE('',*,*,#1004,.T.);
#1307=ORIENTED_EDGE('',*,*,#1008,.F.);
#1308=ORIENTED_EDGE('',*,*,#1000,.T.);
#1309=ORIENTED_EDGE('',*,*,#995,.T.);
#1310=ORIENTED_EDGE('',*,*,#1006,.F.);
#1311=ORIENTED_EDGE('',*,*,#998,.T.);
#1312=ORIENTED_EDGE('',*,*,#1009,.F.);
#1313=ORIENTED_EDGE('',*,*,#1002,.F.);
#1314=ORIENTED_EDGE('',*,*,#997,.F.);
#1315=ORIENTED_EDGE('',*,*,#1010,.F.);
#1316=ORIENTED_EDGE('',*,*,#1011,.T.);
#1317=ORIENTED_EDGE('',*,*,#1012,.T.);
#1318=ORIENTED_EDGE('',*,*,#1011,.F.);
#1319=ORIENTED_EDGE('',*,*,#1013,.F.);
#1320=ORIENTED_EDGE('',*,*,#1014,.T.);
#1321=ORIENTED_EDGE('',*,*,#1015,.F.);
#1322=ORIENTED_EDGE('',*,*,#1016,.F.);
#1323=ORIENTED_EDGE('',*,*,#1017,.T.);
#1324=ORIENTED_EDGE('',*,*,#1018,.F.);
#1325=ORIENTED_EDGE('',*,*,#1019,.F.);
#1326=ORIENTED_EDGE('',*,*,#1020,.F.);
#1327=ORIENTED_EDGE('',*,*,#1021,.T.);
#1328=ORIENTED_EDGE('',*,*,#1020,.T.);
#1329=ORIENTED_EDGE('',*,*,#1022,.F.);
#1330=ORIENTED_EDGE('',*,*,#1014,.F.);
#1331=ORIENTED_EDGE('',*,*,#1022,.T.);
#1332=ORIENTED_EDGE('',*,*,#1019,.T.);
#1333=ORIENTED_EDGE('',*,*,#1023,.F.);
#1334=ORIENTED_EDGE('',*,*,#1015,.T.);
#1335=ORIENTED_EDGE('',*,*,#1010,.T.);
#1336=ORIENTED_EDGE('',*,*,#1021,.F.);
#1337=ORIENTED_EDGE('',*,*,#1013,.T.);
#1338=ORIENTED_EDGE('',*,*,#1024,.F.);
#1339=ORIENTED_EDGE('',*,*,#1017,.F.);
#1340=ORIENTED_EDGE('',*,*,#1012,.F.);
#1341=ORIENTED_EDGE('',*,*,#1025,.F.);
#1342=ORIENTED_EDGE('',*,*,#1026,.T.);
#1343=ORIENTED_EDGE('',*,*,#1027,.T.);
#1344=ORIENTED_EDGE('',*,*,#1026,.F.);
#1345=ORIENTED_EDGE('',*,*,#1027,.F.);
#1346=ORIENTED_EDGE('',*,*,#1028,.F.);
#1347=ORIENTED_EDGE('',*,*,#1029,.T.);
#1348=ORIENTED_EDGE('',*,*,#1030,.T.);
#1349=ORIENTED_EDGE('',*,*,#1029,.F.);
#1350=ORIENTED_EDGE('',*,*,#1030,.F.);
#1351=ORIENTED_EDGE('',*,*,#1031,.F.);
#1352=ORIENTED_EDGE('',*,*,#1032,.F.);
#1353=ORIENTED_EDGE('',*,*,#1033,.T.);
#1354=ORIENTED_EDGE('',*,*,#1034,.T.);
#1355=ORIENTED_EDGE('',*,*,#1035,.T.);
#1356=ORIENTED_EDGE('',*,*,#1036,.T.);
#1357=ORIENTED_EDGE('',*,*,#1031,.T.);
#1358=ORIENTED_EDGE('',*,*,#1037,.F.);
#1359=ORIENTED_EDGE('',*,*,#1038,.F.);
#1360=ORIENTED_EDGE('',*,*,#1039,.F.);
#1361=ORIENTED_EDGE('',*,*,#1040,.T.);
#1362=ORIENTED_EDGE('',*,*,#991,.T.);
#1363=ORIENTED_EDGE('',*,*,#994,.T.);
#1364=ORIENTED_EDGE('',*,*,#989,.T.);
#1365=ORIENTED_EDGE('',*,*,#993,.T.);
#1366=ORIENTED_EDGE('',*,*,#1035,.F.);
#1367=ORIENTED_EDGE('',*,*,#1041,.F.);
#1368=ORIENTED_EDGE('',*,*,#1042,.F.);
#1369=ORIENTED_EDGE('',*,*,#1043,.T.);
#1370=ORIENTED_EDGE('',*,*,#1044,.T.);
#1371=ORIENTED_EDGE('',*,*,#1045,.F.);
#1372=ORIENTED_EDGE('',*,*,#1046,.F.);
#1373=ORIENTED_EDGE('',*,*,#1037,.T.);
#1374=ORIENTED_EDGE('',*,*,#1047,.F.);
#1375=ORIENTED_EDGE('',*,*,#1048,.T.);
#1376=ORIENTED_EDGE('',*,*,#1049,.T.);
#1377=ORIENTED_EDGE('',*,*,#1050,.T.);
#1378=ORIENTED_EDGE('',*,*,#1051,.T.);
#1379=ORIENTED_EDGE('',*,*,#1048,.F.);
#1380=ORIENTED_EDGE('',*,*,#1052,.F.);
#1381=ORIENTED_EDGE('',*,*,#1053,.F.);
#1382=ORIENTED_EDGE('',*,*,#1054,.F.);
#1383=ORIENTED_EDGE('',*,*,#1055,.T.);
#1384=ORIENTED_EDGE('',*,*,#1056,.F.);
#1385=ORIENTED_EDGE('',*,*,#1057,.F.);
#1386=ORIENTED_EDGE('',*,*,#1058,.T.);
#1387=ORIENTED_EDGE('',*,*,#1047,.T.);
#1388=ORIENTED_EDGE('',*,*,#1059,.T.);
#1389=ORIENTED_EDGE('',*,*,#1060,.F.);
#1390=ORIENTED_EDGE('',*,*,#948,.T.);
#1391=ORIENTED_EDGE('',*,*,#1061,.F.);
#1392=ORIENTED_EDGE('',*,*,#1052,.T.);
#1393=ORIENTED_EDGE('',*,*,#973,.T.);
#1394=ORIENTED_EDGE('',*,*,#979,.T.);
#1395=ORIENTED_EDGE('',*,*,#971,.T.);
#1396=ORIENTED_EDGE('',*,*,#978,.T.);
#1397=ORIENTED_EDGE('',*,*,#1062,.F.);
#1398=ORIENTED_EDGE('',*,*,#1063,.F.);
#1399=ORIENTED_EDGE('',*,*,#1064,.T.);
#1400=ORIENTED_EDGE('',*,*,#1065,.T.);
#1401=ORIENTED_EDGE('',*,*,#1066,.T.);
#1402=ORIENTED_EDGE('',*,*,#1067,.T.);
#1403=ORIENTED_EDGE('',*,*,#1062,.T.);
#1404=ORIENTED_EDGE('',*,*,#1068,.T.);
#1405=ORIENTED_EDGE('',*,*,#1069,.F.);
#1406=ORIENTED_EDGE('',*,*,#1070,.F.);
#1407=ORIENTED_EDGE('',*,*,#1071,.F.);
#1408=ORIENTED_EDGE('',*,*,#1003,.T.);
#1409=ORIENTED_EDGE('',*,*,#1009,.T.);
#1410=ORIENTED_EDGE('',*,*,#1001,.T.);
#1411=ORIENTED_EDGE('',*,*,#1008,.T.);
#1412=ORIENTED_EDGE('',*,*,#1066,.F.);
#1413=ORIENTED_EDGE('',*,*,#1072,.F.);
#1414=ORIENTED_EDGE('',*,*,#1073,.F.);
#1415=ORIENTED_EDGE('',*,*,#1074,.T.);
#1416=ORIENTED_EDGE('',*,*,#1075,.T.);
#1417=ORIENTED_EDGE('',*,*,#1076,.F.);
#1418=ORIENTED_EDGE('',*,*,#1077,.F.);
#1419=ORIENTED_EDGE('',*,*,#1068,.F.);
#1420=ORIENTED_EDGE('',*,*,#1078,.F.);
#1421=ORIENTED_EDGE('',*,*,#1079,.T.);
#1422=ORIENTED_EDGE('',*,*,#1080,.T.);
#1423=ORIENTED_EDGE('',*,*,#1081,.T.);
#1424=ORIENTED_EDGE('',*,*,#1082,.T.);
#1425=ORIENTED_EDGE('',*,*,#1079,.F.);
#1426=ORIENTED_EDGE('',*,*,#1083,.F.);
#1427=ORIENTED_EDGE('',*,*,#1084,.F.);
#1428=ORIENTED_EDGE('',*,*,#1085,.F.);
#1429=ORIENTED_EDGE('',*,*,#1086,.T.);
#1430=ORIENTED_EDGE('',*,*,#1087,.F.);
#1431=ORIENTED_EDGE('',*,*,#1088,.F.);
#1432=ORIENTED_EDGE('',*,*,#1089,.T.);
#1433=ORIENTED_EDGE('',*,*,#1078,.T.);
#1434=ORIENTED_EDGE('',*,*,#1090,.T.);
#1435=ORIENTED_EDGE('',*,*,#1091,.T.);
#1436=ORIENTED_EDGE('',*,*,#1092,.T.);
#1437=ORIENTED_EDGE('',*,*,#1093,.F.);
#1438=ORIENTED_EDGE('',*,*,#1083,.T.);
#1439=ORIENTED_EDGE('',*,*,#1018,.T.);
#1440=ORIENTED_EDGE('',*,*,#1024,.T.);
#1441=ORIENTED_EDGE('',*,*,#1016,.T.);
#1442=ORIENTED_EDGE('',*,*,#1023,.T.);
#1443=ORIENTED_EDGE('',*,*,#1094,.T.);
#1444=ORIENTED_EDGE('',*,*,#1032,.T.);
#1445=ORIENTED_EDGE('',*,*,#1036,.F.);
#1446=ORIENTED_EDGE('',*,*,#1095,.F.);
#1447=ORIENTED_EDGE('',*,*,#1090,.F.);
#1448=ORIENTED_EDGE('',*,*,#1082,.F.);
#1449=ORIENTED_EDGE('',*,*,#1096,.T.);
#1450=ORIENTED_EDGE('',*,*,#1080,.F.);
#1451=ORIENTED_EDGE('',*,*,#1089,.F.);
#1452=ORIENTED_EDGE('',*,*,#1097,.F.);
#1453=ORIENTED_EDGE('',*,*,#1041,.T.);
#1454=ORIENTED_EDGE('',*,*,#1034,.F.);
#1455=ORIENTED_EDGE('',*,*,#1081,.F.);
#1456=ORIENTED_EDGE('',*,*,#1096,.F.);
#1457=ORIENTED_EDGE('',*,*,#1033,.F.);
#1458=ORIENTED_EDGE('',*,*,#1094,.F.);
#1459=ORIENTED_EDGE('',*,*,#1097,.T.);
#1460=ORIENTED_EDGE('',*,*,#1088,.T.);
#1461=ORIENTED_EDGE('',*,*,#1098,.T.);
#1462=ORIENTED_EDGE('',*,*,#1042,.T.);
#1463=ORIENTED_EDGE('',*,*,#1099,.T.);
#1464=ORIENTED_EDGE('',*,*,#1057,.T.);
#1465=ORIENTED_EDGE('',*,*,#1100,.T.);
#1466=ORIENTED_EDGE('',*,*,#1073,.T.);
#1467=ORIENTED_EDGE('',*,*,#1050,.F.);
#1468=ORIENTED_EDGE('',*,*,#1101,.F.);
#1469=ORIENTED_EDGE('',*,*,#1064,.F.);
#1470=ORIENTED_EDGE('',*,*,#1102,.F.);
#1471=ORIENTED_EDGE('',*,*,#1102,.T.);
#1472=ORIENTED_EDGE('',*,*,#1063,.T.);
#1473=ORIENTED_EDGE('',*,*,#1067,.F.);
#1474=ORIENTED_EDGE('',*,*,#1103,.F.);
#1475=ORIENTED_EDGE('',*,*,#1059,.F.);
#1476=ORIENTED_EDGE('',*,*,#1051,.F.);
#1477=ORIENTED_EDGE('',*,*,#1101,.T.);
#1478=ORIENTED_EDGE('',*,*,#1049,.F.);
#1479=ORIENTED_EDGE('',*,*,#1058,.F.);
#1480=ORIENTED_EDGE('',*,*,#1099,.F.);
#1481=ORIENTED_EDGE('',*,*,#1072,.T.);
#1482=ORIENTED_EDGE('',*,*,#1065,.F.);
#1483=ORIENTED_EDGE('',*,*,#1098,.F.);
#1484=ORIENTED_EDGE('',*,*,#1104,.T.);
#1485=ORIENTED_EDGE('',*,*,#1105,.T.);
#1486=ORIENTED_EDGE('',*,*,#1106,.T.);
#1487=ORIENTED_EDGE('',*,*,#1100,.F.);
#1488=ORIENTED_EDGE('',*,*,#1107,.T.);
#1489=ORIENTED_EDGE('',*,*,#1108,.T.);
#1490=ORIENTED_EDGE('',*,*,#1109,.T.);
#1491=ORIENTED_EDGE('',*,*,#964,.T.);
#1492=ORIENTED_EDGE('',*,*,#1110,.T.);
#1493=ORIENTED_EDGE('',*,*,#1111,.T.);
#1494=ORIENTED_EDGE('',*,*,#1112,.F.);
#1495=ORIENTED_EDGE('',*,*,#1113,.F.);
#1496=ORIENTED_EDGE('',*,*,#1114,.F.);
#1497=ORIENTED_EDGE('',*,*,#1115,.F.);
#1498=ORIENTED_EDGE('',*,*,#1116,.T.);
#1499=ORIENTED_EDGE('',*,*,#1117,.F.);
#1500=ORIENTED_EDGE('',*,*,#1118,.F.);
#1501=ORIENTED_EDGE('',*,*,#1119,.F.);
#1502=ORIENTED_EDGE('',*,*,#1120,.F.);
#1503=ORIENTED_EDGE('',*,*,#1121,.F.);
#1504=ORIENTED_EDGE('',*,*,#1122,.T.);
#1505=ORIENTED_EDGE('',*,*,#1123,.F.);
#1506=ORIENTED_EDGE('',*,*,#1115,.T.);
#1507=ORIENTED_EDGE('',*,*,#1124,.F.);
#1508=ORIENTED_EDGE('',*,*,#1125,.T.);
#1509=ORIENTED_EDGE('',*,*,#1126,.T.);
#1510=ORIENTED_EDGE('',*,*,#1114,.T.);
#1511=ORIENTED_EDGE('',*,*,#1127,.F.);
#1512=ORIENTED_EDGE('',*,*,#1128,.T.);
#1513=ORIENTED_EDGE('',*,*,#1124,.T.);
#1514=ORIENTED_EDGE('',*,*,#1113,.T.);
#1515=ORIENTED_EDGE('',*,*,#1129,.F.);
#1516=ORIENTED_EDGE('',*,*,#1130,.T.);
#1517=ORIENTED_EDGE('',*,*,#1127,.T.);
#1518=ORIENTED_EDGE('',*,*,#1112,.T.);
#1519=ORIENTED_EDGE('',*,*,#1131,.F.);
#1520=ORIENTED_EDGE('',*,*,#1132,.F.);
#1521=ORIENTED_EDGE('',*,*,#1129,.T.);
#1522=ORIENTED_EDGE('',*,*,#953,.T.);
#1523=ORIENTED_EDGE('',*,*,#1133,.F.);
#1524=ORIENTED_EDGE('',*,*,#1134,.T.);
#1525=ORIENTED_EDGE('',*,*,#1135,.T.);
#1526=ORIENTED_EDGE('',*,*,#952,.T.);
#1527=ORIENTED_EDGE('',*,*,#1136,.F.);
#1528=ORIENTED_EDGE('',*,*,#1137,.T.);
#1529=ORIENTED_EDGE('',*,*,#1133,.T.);
#1530=ORIENTED_EDGE('',*,*,#951,.T.);
#1531=ORIENTED_EDGE('',*,*,#1138,.F.);
#1532=ORIENTED_EDGE('',*,*,#1139,.F.);
#1533=ORIENTED_EDGE('',*,*,#1136,.T.);
#1534=ORIENTED_EDGE('',*,*,#1140,.T.);
#1535=ORIENTED_EDGE('',*,*,#1055,.F.);
#1536=ORIENTED_EDGE('',*,*,#1141,.T.);
#1537=ORIENTED_EDGE('',*,*,#1142,.T.);
#1538=ORIENTED_EDGE('',*,*,#1142,.F.);
#1539=ORIENTED_EDGE('',*,*,#1143,.F.);
#1540=ORIENTED_EDGE('',*,*,#1144,.T.);
#1541=ORIENTED_EDGE('',*,*,#1145,.T.);
#1542=ORIENTED_EDGE('',*,*,#1146,.F.);
#1543=ORIENTED_EDGE('',*,*,#1147,.T.);
#1544=ORIENTED_EDGE('',*,*,#1108,.F.);
#1545=ORIENTED_EDGE('',*,*,#1148,.F.);
#1546=ORIENTED_EDGE('',*,*,#1141,.F.);
#1547=ORIENTED_EDGE('',*,*,#1149,.F.);
#1548=ORIENTED_EDGE('',*,*,#1150,.F.);
#1549=ORIENTED_EDGE('',*,*,#1151,.F.);
#1550=ORIENTED_EDGE('',*,*,#1152,.T.);
#1551=ORIENTED_EDGE('',*,*,#1143,.T.);
#1552=ORIENTED_EDGE('',*,*,#1153,.T.);
#1553=ORIENTED_EDGE('',*,*,#1154,.T.);
#1554=ORIENTED_EDGE('',*,*,#1150,.T.);
#1555=ORIENTED_EDGE('',*,*,#1075,.F.);
#1556=ORIENTED_EDGE('',*,*,#1154,.F.);
#1557=ORIENTED_EDGE('',*,*,#1155,.F.);
#1558=ORIENTED_EDGE('',*,*,#1105,.F.);
#1559=ORIENTED_EDGE('',*,*,#1156,.T.);
#1560=ORIENTED_EDGE('',*,*,#1157,.F.);
#1561=ORIENTED_EDGE('',*,*,#1158,.F.);
#1562=ORIENTED_EDGE('',*,*,#1159,.F.);
#1563=ORIENTED_EDGE('',*,*,#1151,.T.);
#1564=ORIENTED_EDGE('',*,*,#1153,.F.);
#1565=ORIENTED_EDGE('',*,*,#1074,.F.);
#1566=ORIENTED_EDGE('',*,*,#1106,.F.);
#1567=ORIENTED_EDGE('',*,*,#1155,.T.);
#1568=ORIENTED_EDGE('',*,*,#1160,.T.);
#1569=ORIENTED_EDGE('',*,*,#1086,.F.);
#1570=ORIENTED_EDGE('',*,*,#1161,.T.);
#1571=ORIENTED_EDGE('',*,*,#1157,.T.);
#1572=ORIENTED_EDGE('',*,*,#1161,.F.);
#1573=ORIENTED_EDGE('',*,*,#1162,.F.);
#1574=ORIENTED_EDGE('',*,*,#1163,.F.);
#1575=ORIENTED_EDGE('',*,*,#1145,.F.);
#1576=ORIENTED_EDGE('',*,*,#1164,.T.);
#1577=ORIENTED_EDGE('',*,*,#1158,.T.);
#1578=ORIENTED_EDGE('',*,*,#1165,.T.);
#1579=ORIENTED_EDGE('',*,*,#1146,.T.);
#1580=ORIENTED_EDGE('',*,*,#1163,.T.);
#1581=ORIENTED_EDGE('',*,*,#1044,.F.);
#1582=ORIENTED_EDGE('',*,*,#1085,.T.);
#1583=ORIENTED_EDGE('',*,*,#1166,.T.);
#1584=ORIENTED_EDGE('',*,*,#1045,.T.);
#1585=ORIENTED_EDGE('',*,*,#1162,.T.);
#1586=ORIENTED_EDGE('',*,*,#1054,.T.);
#1587=ORIENTED_EDGE('',*,*,#1167,.T.);
#1588=ORIENTED_EDGE('',*,*,#1076,.T.);
#1589=ORIENTED_EDGE('',*,*,#1149,.T.);
#1590=ORIENTED_EDGE('',*,*,#1168,.T.);
#1591=ORIENTED_EDGE('',*,*,#1169,.T.);
#1592=ORIENTED_EDGE('',*,*,#1038,.T.);
#1593=ORIENTED_EDGE('',*,*,#1046,.T.);
#1594=ORIENTED_EDGE('',*,*,#1166,.F.);
#1595=ORIENTED_EDGE('',*,*,#1084,.T.);
#1596=ORIENTED_EDGE('',*,*,#1093,.T.);
#1597=ORIENTED_EDGE('',*,*,#1170,.T.);
#1598=ORIENTED_EDGE('',*,*,#1069,.T.);
#1599=ORIENTED_EDGE('',*,*,#1077,.T.);
#1600=ORIENTED_EDGE('',*,*,#1167,.F.);
#1601=ORIENTED_EDGE('',*,*,#1053,.T.);
#1602=ORIENTED_EDGE('',*,*,#1061,.T.);
#1603=ORIENTED_EDGE('',*,*,#947,.T.);
#1604=ORIENTED_EDGE('',*,*,#1171,.T.);
#1605=ORIENTED_EDGE('',*,*,#961,.T.);
#1606=ORIENTED_EDGE('',*,*,#1172,.T.);
#1607=ORIENTED_EDGE('',*,*,#1173,.T.);
#1608=ORIENTED_EDGE('',*,*,#1174,.T.);
#1609=ORIENTED_EDGE('',*,*,#1175,.T.);
#1610=ORIENTED_EDGE('',*,*,#1165,.F.);
#1611=ORIENTED_EDGE('',*,*,#1043,.F.);
#1612=ORIENTED_EDGE('',*,*,#1109,.F.);
#1613=ORIENTED_EDGE('',*,*,#1147,.F.);
#1614=ORIENTED_EDGE('',*,*,#1140,.F.);
#1615=ORIENTED_EDGE('',*,*,#1148,.T.);
#1616=ORIENTED_EDGE('',*,*,#1107,.F.);
#1617=ORIENTED_EDGE('',*,*,#1056,.T.);
#1618=ORIENTED_EDGE('',*,*,#1160,.F.);
#1619=ORIENTED_EDGE('',*,*,#1156,.F.);
#1620=ORIENTED_EDGE('',*,*,#1104,.F.);
#1621=ORIENTED_EDGE('',*,*,#1087,.T.);
#1622=ORIENTED_EDGE('',*,*,#1176,.F.);
#1623=ORIENTED_EDGE('',*,*,#1177,.T.);
#1624=ORIENTED_EDGE('',*,*,#1110,.F.);
#1625=ORIENTED_EDGE('',*,*,#1177,.F.);
#1626=ORIENTED_EDGE('',*,*,#1178,.F.);
#1627=ORIENTED_EDGE('',*,*,#1179,.T.);
#1628=ORIENTED_EDGE('',*,*,#1111,.F.);
#1629=ORIENTED_EDGE('',*,*,#1179,.F.);
#1630=ORIENTED_EDGE('',*,*,#1152,.F.);
#1631=ORIENTED_EDGE('',*,*,#1159,.T.);
#1632=ORIENTED_EDGE('',*,*,#1164,.F.);
#1633=ORIENTED_EDGE('',*,*,#1144,.F.);
#1634=ORIENTED_EDGE('',*,*,#962,.T.);
#1635=ORIENTED_EDGE('',*,*,#1176,.T.);
#1636=ORIENTED_EDGE('',*,*,#1178,.T.);
#1637=ORIENTED_EDGE('',*,*,#956,.T.);
#1638=ORIENTED_EDGE('',*,*,#1180,.F.);
#1639=ORIENTED_EDGE('',*,*,#1181,.F.);
#1640=ORIENTED_EDGE('',*,*,#1182,.T.);
#1641=ORIENTED_EDGE('',*,*,#955,.T.);
#1642=ORIENTED_EDGE('',*,*,#1183,.F.);
#1643=ORIENTED_EDGE('',*,*,#1184,.F.);
#1644=ORIENTED_EDGE('',*,*,#1180,.T.);
#1645=ORIENTED_EDGE('',*,*,#1185,.F.);
#1646=ORIENTED_EDGE('',*,*,#1186,.T.);
#1647=ORIENTED_EDGE('',*,*,#1174,.F.);
#1648=ORIENTED_EDGE('',*,*,#1187,.F.);
#1649=ORIENTED_EDGE('',*,*,#1123,.T.);
#1650=ORIENTED_EDGE('',*,*,#1188,.F.);
#1651=ORIENTED_EDGE('',*,*,#1189,.F.);
#1652=ORIENTED_EDGE('',*,*,#1131,.T.);
#1653=ORIENTED_EDGE('',*,*,#1190,.F.);
#1654=ORIENTED_EDGE('',*,*,#1191,.T.);
#1655=ORIENTED_EDGE('',*,*,#1192,.T.);
#1656=ORIENTED_EDGE('',*,*,#1168,.F.);
#1657=ORIENTED_EDGE('',*,*,#1193,.F.);
#1658=ORIENTED_EDGE('',*,*,#1194,.F.);
#1659=ORIENTED_EDGE('',*,*,#1183,.T.);
#1660=ORIENTED_EDGE('',*,*,#954,.F.);
#1661=ORIENTED_EDGE('',*,*,#957,.T.);
#1662=ORIENTED_EDGE('',*,*,#1182,.F.);
#1663=ORIENTED_EDGE('',*,*,#1195,.T.);
#1664=ORIENTED_EDGE('',*,*,#1190,.T.);
#1665=ORIENTED_EDGE('',*,*,#1095,.T.);
#1666=ORIENTED_EDGE('',*,*,#1040,.F.);
#1667=ORIENTED_EDGE('',*,*,#1196,.F.);
#1668=ORIENTED_EDGE('',*,*,#1191,.F.);
#1669=ORIENTED_EDGE('',*,*,#1195,.F.);
#1670=ORIENTED_EDGE('',*,*,#1181,.T.);
#1671=ORIENTED_EDGE('',*,*,#1184,.T.);
#1672=ORIENTED_EDGE('',*,*,#1194,.T.);
#1673=ORIENTED_EDGE('',*,*,#1197,.F.);
#1674=ORIENTED_EDGE('',*,*,#1185,.T.);
#1675=ORIENTED_EDGE('',*,*,#1198,.T.);
#1676=ORIENTED_EDGE('',*,*,#1125,.F.);
#1677=ORIENTED_EDGE('',*,*,#1128,.F.);
#1678=ORIENTED_EDGE('',*,*,#1130,.F.);
#1679=ORIENTED_EDGE('',*,*,#1132,.T.);
#1680=ORIENTED_EDGE('',*,*,#1189,.T.);
#1681=ORIENTED_EDGE('',*,*,#1199,.T.);
#1682=ORIENTED_EDGE('',*,*,#1091,.F.);
#1683=ORIENTED_EDGE('',*,*,#1028,.T.);
#1684=ORIENTED_EDGE('',*,*,#946,.F.);
#1685=ORIENTED_EDGE('',*,*,#1200,.F.);
#1686=ORIENTED_EDGE('',*,*,#1138,.T.);
#1687=ORIENTED_EDGE('',*,*,#950,.F.);
#1688=ORIENTED_EDGE('',*,*,#1135,.F.);
#1689=ORIENTED_EDGE('',*,*,#1201,.T.);
#1690=ORIENTED_EDGE('',*,*,#958,.T.);
#1691=ORIENTED_EDGE('',*,*,#1171,.F.);
#1692=ORIENTED_EDGE('',*,*,#1192,.F.);
#1693=ORIENTED_EDGE('',*,*,#1196,.T.);
#1694=ORIENTED_EDGE('',*,*,#1039,.T.);
#1695=ORIENTED_EDGE('',*,*,#1169,.F.);
#1696=ORIENTED_EDGE('',*,*,#1202,.T.);
#1697=ORIENTED_EDGE('',*,*,#1070,.T.);
#1698=ORIENTED_EDGE('',*,*,#1170,.F.);
#1699=ORIENTED_EDGE('',*,*,#1092,.F.);
#1700=ORIENTED_EDGE('',*,*,#1199,.F.);
#1701=ORIENTED_EDGE('',*,*,#1188,.T.);
#1702=ORIENTED_EDGE('',*,*,#1122,.F.);
#1703=ORIENTED_EDGE('',*,*,#1203,.F.);
#1704=ORIENTED_EDGE('',*,*,#1121,.T.);
#1705=ORIENTED_EDGE('',*,*,#1204,.F.);
#1706=ORIENTED_EDGE('',*,*,#1205,.T.);
#1707=ORIENTED_EDGE('',*,*,#1203,.T.);
#1708=ORIENTED_EDGE('',*,*,#1120,.T.);
#1709=ORIENTED_EDGE('',*,*,#1206,.F.);
#1710=ORIENTED_EDGE('',*,*,#1207,.T.);
#1711=ORIENTED_EDGE('',*,*,#1204,.T.);
#1712=ORIENTED_EDGE('',*,*,#1119,.T.);
#1713=ORIENTED_EDGE('',*,*,#1208,.F.);
#1714=ORIENTED_EDGE('',*,*,#1209,.F.);
#1715=ORIENTED_EDGE('',*,*,#1206,.T.);
#1716=ORIENTED_EDGE('',*,*,#1118,.T.);
#1717=ORIENTED_EDGE('',*,*,#1210,.F.);
#1718=ORIENTED_EDGE('',*,*,#1211,.F.);
#1719=ORIENTED_EDGE('',*,*,#1208,.T.);
#1720=ORIENTED_EDGE('',*,*,#1117,.T.);
#1721=ORIENTED_EDGE('',*,*,#1212,.F.);
#1722=ORIENTED_EDGE('',*,*,#1213,.F.);
#1723=ORIENTED_EDGE('',*,*,#1210,.T.);
#1724=ORIENTED_EDGE('',*,*,#1214,.T.);
#1725=ORIENTED_EDGE('',*,*,#1212,.T.);
#1726=ORIENTED_EDGE('',*,*,#1116,.F.);
#1727=ORIENTED_EDGE('',*,*,#1126,.F.);
#1728=ORIENTED_EDGE('',*,*,#1198,.F.);
#1729=ORIENTED_EDGE('',*,*,#1187,.T.);
#1730=ORIENTED_EDGE('',*,*,#1173,.F.);
#1731=ORIENTED_EDGE('',*,*,#1215,.F.);
#1732=ORIENTED_EDGE('',*,*,#1216,.F.);
#1733=ORIENTED_EDGE('',*,*,#1215,.T.);
#1734=ORIENTED_EDGE('',*,*,#1172,.F.);
#1735=ORIENTED_EDGE('',*,*,#960,.F.);
#1736=ORIENTED_EDGE('',*,*,#1193,.T.);
#1737=ORIENTED_EDGE('',*,*,#1175,.F.);
#1738=ORIENTED_EDGE('',*,*,#1186,.F.);
#1739=ORIENTED_EDGE('',*,*,#1197,.T.);
#1740=ORIENTED_EDGE('',*,*,#1103,.T.);
#1741=ORIENTED_EDGE('',*,*,#1071,.T.);
#1742=ORIENTED_EDGE('',*,*,#1202,.F.);
#1743=ORIENTED_EDGE('',*,*,#1205,.F.);
#1744=ORIENTED_EDGE('',*,*,#1207,.F.);
#1745=ORIENTED_EDGE('',*,*,#1209,.T.);
#1746=ORIENTED_EDGE('',*,*,#1211,.T.);
#1747=ORIENTED_EDGE('',*,*,#1213,.T.);
#1748=ORIENTED_EDGE('',*,*,#1214,.F.);
#1749=ORIENTED_EDGE('',*,*,#1216,.T.);
#1750=ORIENTED_EDGE('',*,*,#959,.T.);
#1751=ORIENTED_EDGE('',*,*,#1201,.F.);
#1752=ORIENTED_EDGE('',*,*,#1134,.F.);
#1753=ORIENTED_EDGE('',*,*,#1137,.F.);
#1754=ORIENTED_EDGE('',*,*,#1139,.T.);
#1755=ORIENTED_EDGE('',*,*,#1200,.T.);
#1756=ORIENTED_EDGE('',*,*,#949,.T.);
#1757=ORIENTED_EDGE('',*,*,#1060,.T.);
#1758=ORIENTED_EDGE('',*,*,#1025,.T.);
#1759=PLANE('',#1956);
#1760=PLANE('',#1957);
#1761=PLANE('',#1958);
#1762=PLANE('',#1959);
#1763=PLANE('',#1966);
#1764=PLANE('',#1967);
#1765=PLANE('',#1971);
#1766=PLANE('',#1972);
#1767=PLANE('',#1979);
#1768=PLANE('',#1980);
#1769=PLANE('',#1981);
#1770=PLANE('',#1982);
#1771=PLANE('',#1986);
#1772=PLANE('',#1987);
#1773=PLANE('',#1991);
#1774=PLANE('',#1992);
#1775=PLANE('',#1996);
#1776=PLANE('',#1997);
#1777=PLANE('',#2001);
#1778=PLANE('',#2002);
#1779=PLANE('',#2006);
#1780=PLANE('',#2010);
#1781=PLANE('',#2011);
#1782=PLANE('',#2014);
#1783=PLANE('',#2015);
#1784=PLANE('',#2016);
#1785=PLANE('',#2019);
#1786=PLANE('',#2020);
#1787=PLANE('',#2021);
#1788=PLANE('',#2024);
#1789=PLANE('',#2025);
#1790=PLANE('',#2026);
#1791=PLANE('',#2029);
#1792=PLANE('',#2030);
#1793=PLANE('',#2036);
#1794=PLANE('',#2037);
#1795=PLANE('',#2038);
#1796=PLANE('',#2039);
#1797=PLANE('',#2041);
#1798=PLANE('',#2043);
#1799=PLANE('',#2047);
#1800=PLANE('',#2050);
#1801=PLANE('',#2051);
#1802=PLANE('',#2052);
#1803=PLANE('',#2053);
#1804=PLANE('',#2054);
#1805=PLANE('',#2055);
#1806=PLANE('',#2056);
#1807=PLANE('',#2057);
#1808=PLANE('',#2058);
#1809=PLANE('',#2059);
#1810=PLANE('',#2060);
#1811=PLANE('',#2061);
#1812=PLANE('',#2062);
#1813=PLANE('',#2063);
#1814=PLANE('',#2064);
#1815=PLANE('',#2065);
#1816=PLANE('',#2066);
#1817=PLANE('',#2067);
#1818=PLANE('',#2068);
#1819=PLANE('',#2069);
#1820=PLANE('',#2070);
#1821=PLANE('',#2071);
#1822=PLANE('',#2072);
#1823=PLANE('',#2077);
#1824=PLANE('',#2078);
#1825=PLANE('',#2079);
#1826=PLANE('',#2080);
#1827=PLANE('',#2081);
#1828=PLANE('',#2082);
#1829=PLANE('',#2083);
#1830=PLANE('',#2084);
#1831=PLANE('',#2085);
#1832=PLANE('',#2086);
#1833=PLANE('',#2087);
#1834=PLANE('',#2088);
#1835=PLANE('',#2089);
#1836=PLANE('',#2090);
#1837=PLANE('',#2091);
#1838=PLANE('',#2092);
#1839=PLANE('',#2093);
#1840=PLANE('',#2094);
#1841=PLANE('',#2095);
#1842=PLANE('',#2096);
#1843=ADVANCED_FACE('',(#92),#1759,.T.);
#1844=ADVANCED_FACE('',(#93),#1760,.T.);
#1845=ADVANCED_FACE('',(#94),#1761,.T.);
#1846=ADVANCED_FACE('',(#95),#1762,.T.);
#1847=ADVANCED_FACE('',(#96),#77,.F.);
#1848=ADVANCED_FACE('',(#97),#78,.F.);
#1849=ADVANCED_FACE('',(#98),#1763,.T.);
#1850=ADVANCED_FACE('',(#99),#1764,.T.);
#1851=ADVANCED_FACE('',(#100),#79,.T.);
#1852=ADVANCED_FACE('',(#101,#25),#1765,.T.);
#1853=ADVANCED_FACE('',(#102,#26),#1766,.F.);
#1854=ADVANCED_FACE('',(#103),#80,.F.);
#1855=ADVANCED_FACE('',(#104),#81,.T.);
#1856=ADVANCED_FACE('',(#105),#1767,.T.);
#1857=ADVANCED_FACE('',(#106),#1768,.T.);
#1858=ADVANCED_FACE('',(#107,#27),#1769,.T.);
#1859=ADVANCED_FACE('',(#108,#28),#1770,.F.);
#1860=ADVANCED_FACE('',(#109),#82,.F.);
#1861=ADVANCED_FACE('',(#110),#1771,.T.);
#1862=ADVANCED_FACE('',(#111),#1772,.T.);
#1863=ADVANCED_FACE('',(#112),#83,.T.);
#1864=ADVANCED_FACE('',(#113,#29),#1773,.T.);
#1865=ADVANCED_FACE('',(#114,#30),#1774,.F.);
#1866=ADVANCED_FACE('',(#115),#84,.F.);
#1867=ADVANCED_FACE('',(#116),#1775,.T.);
#1868=ADVANCED_FACE('',(#117),#1776,.T.);
#1869=ADVANCED_FACE('',(#118),#85,.T.);
#1870=ADVANCED_FACE('',(#119,#31),#1777,.T.);
#1871=ADVANCED_FACE('',(#120,#32),#1778,.F.);
#1872=ADVANCED_FACE('',(#121),#86,.F.);
#1873=ADVANCED_FACE('',(#122),#1779,.F.);
#1874=ADVANCED_FACE('',(#123),#87,.F.);
#1875=ADVANCED_FACE('',(#124),#1780,.F.);
#1876=ADVANCED_FACE('',(#125),#1781,.T.);
#1877=ADVANCED_FACE('',(#126,#33),#1782,.T.);
#1878=ADVANCED_FACE('',(#127),#1783,.T.);
#1879=ADVANCED_FACE('',(#128),#1784,.T.);
#1880=ADVANCED_FACE('',(#129),#1785,.T.);
#1881=ADVANCED_FACE('',(#130,#34),#1786,.T.);
#1882=ADVANCED_FACE('',(#131),#1787,.T.);
#1883=ADVANCED_FACE('',(#132,#35),#1788,.T.);
#1884=ADVANCED_FACE('',(#133),#1789,.T.);
#1885=ADVANCED_FACE('',(#134),#1790,.T.);
#1886=ADVANCED_FACE('',(#135),#1791,.T.);
#1887=ADVANCED_FACE('',(#136,#36),#1792,.T.);
#1888=ADVANCED_FACE('',(#137),#88,.T.);
#1889=ADVANCED_FACE('',(#138),#1793,.F.);
#1890=ADVANCED_FACE('',(#139),#1794,.F.);
#1891=ADVANCED_FACE('',(#140),#1795,.T.);
#1892=ADVANCED_FACE('',(#141),#1796,.T.);
#1893=ADVANCED_FACE('',(#142),#1797,.F.);
#1894=ADVANCED_FACE('',(#143),#1798,.F.);
#1895=ADVANCED_FACE('',(#144),#89,.T.);
#1896=ADVANCED_FACE('',(#145,#37,#38,#39),#1799,.T.);
#1897=ADVANCED_FACE('',(#146),#1800,.T.);
#1898=ADVANCED_FACE('',(#147),#1801,.T.);
#1899=ADVANCED_FACE('',(#148),#1802,.T.);
#1900=ADVANCED_FACE('',(#149),#1803,.T.);
#1901=ADVANCED_FACE('',(#150),#1804,.T.);
#1902=ADVANCED_FACE('',(#151),#1805,.T.);
#1903=ADVANCED_FACE('',(#152),#1806,.T.);
#1904=ADVANCED_FACE('',(#153),#1807,.T.);
#1905=ADVANCED_FACE('',(#154),#1808,.T.);
#1906=ADVANCED_FACE('',(#155),#1809,.T.);
#1907=ADVANCED_FACE('',(#156),#1810,.T.);
#1908=ADVANCED_FACE('',(#157),#1811,.T.);
#1909=ADVANCED_FACE('',(#158),#1812,.T.);
#1910=ADVANCED_FACE('',(#159),#1813,.T.);
#1911=ADVANCED_FACE('',(#160),#1814,.T.);
#1912=ADVANCED_FACE('',(#161),#1815,.T.);
#1913=ADVANCED_FACE('',(#162),#1816,.T.);
#1914=ADVANCED_FACE('',(#163),#1817,.T.);
#1915=ADVANCED_FACE('',(#164),#1818,.T.);
#1916=ADVANCED_FACE('',(#165),#1819,.T.);
#1917=ADVANCED_FACE('',(#166),#1820,.T.);
#1918=ADVANCED_FACE('',(#167),#1821,.T.);
#1919=ADVANCED_FACE('',(#168),#1822,.T.);
#1920=ADVANCED_FACE('',(#169),#90,.F.);
#1921=ADVANCED_FACE('',(#170),#91,.F.);
#1922=ADVANCED_FACE('',(#171,#40,#41,#42),#1823,.F.);
#1923=ADVANCED_FACE('',(#172),#1824,.T.);
#1924=ADVANCED_FACE('',(#173),#1825,.T.);
#1925=ADVANCED_FACE('',(#174),#1826,.T.);
#1926=ADVANCED_FACE('',(#175),#1827,.T.);
#1927=ADVANCED_FACE('',(#176),#1828,.T.);
#1928=ADVANCED_FACE('',(#177),#1829,.T.);
#1929=ADVANCED_FACE('',(#178,#43),#1830,.F.);
#1930=ADVANCED_FACE('',(#179),#1831,.T.);
#1931=ADVANCED_FACE('',(#180),#1832,.T.);
#1932=ADVANCED_FACE('',(#181),#1833,.T.);
#1933=ADVANCED_FACE('',(#182),#1834,.T.);
#1934=ADVANCED_FACE('',(#183),#1835,.T.);
#1935=ADVANCED_FACE('',(#184),#1836,.T.);
#1936=ADVANCED_FACE('',(#185),#1837,.T.);
#1937=ADVANCED_FACE('',(#186),#1838,.T.);
#1938=ADVANCED_FACE('',(#187),#1839,.T.);
#1939=ADVANCED_FACE('',(#188),#1840,.T.);
#1940=ADVANCED_FACE('',(#189),#1841,.T.);
#1941=ADVANCED_FACE('',(#190,#44),#1842,.F.);
#1942=CLOSED_SHELL('',(#1843,#1844,#1845,#1846,#1847,#1848,#1849,#1850,
#1851,#1852,#1853,#1854,#1855,#1856,#1857,#1858,#1859,#1860,#1861,#1862,
#1863,#1864,#1865,#1866,#1867,#1868,#1869,#1870,#1871,#1872,#1873,#1874,
#1875,#1876,#1877,#1878,#1879,#1880,#1881,#1882,#1883,#1884,#1885,#1886,
#1887,#1888,#1889,#1890,#1891,#1892,#1893,#1894,#1895,#1896,#1897,#1898,
#1899,#1900,#1901,#1902,#1903,#1904,#1905,#1906,#1907,#1908,#1909,#1910,
#1911,#1912,#1913,#1914,#1915,#1916,#1917,#1918,#1919,#1920,#1921,#1922,
#1923,#1924,#1925,#1926,#1927,#1928,#1929,#1930,#1931,#1932,#1933,#1934,
#1935,#1936,#1937,#1938,#1939,#1940,#1941));
#1943=DERIVED_UNIT_ELEMENT(#1945,1.);
#1944=DERIVED_UNIT_ELEMENT(#3164,-3.);
#1945=(
MASS_UNIT()
NAMED_UNIT(*)
SI_UNIT(.KILO.,.GRAM.)
);
#1946=DERIVED_UNIT((#1943,#1944));
#1947=MEASURE_REPRESENTATION_ITEM('density measure',
POSITIVE_RATIO_MEASURE(7850.),#1946);
#1948=PROPERTY_DEFINITION_REPRESENTATION(#1953,#1950);
#1949=PROPERTY_DEFINITION_REPRESENTATION(#1954,#1951);
#1950=REPRESENTATION('material name',(#1952),#3161);
#1951=REPRESENTATION('density',(#1947),#3161);
#1952=DESCRIPTIVE_REPRESENTATION_ITEM('Steel','Steel');
#1953=PROPERTY_DEFINITION('material property','material name',#3171);
#1954=PROPERTY_DEFINITION('material property','density of part',#3171);
#1955=AXIS2_PLACEMENT_3D('',#2610,#2097,#2098);
#1956=AXIS2_PLACEMENT_3D('',#2611,#2099,#2100);
#1957=AXIS2_PLACEMENT_3D('',#2620,#2105,#2106);
#1958=AXIS2_PLACEMENT_3D('',#2629,#2111,#2112);
#1959=AXIS2_PLACEMENT_3D('',#2638,#2117,#2118);
#1960=AXIS2_PLACEMENT_3D('',#2647,#2123,#2124);
#1961=AXIS2_PLACEMENT_3D('',#2649,#2125,#2126);
#1962=AXIS2_PLACEMENT_3D('',#2652,#2128,#2129);
#1963=AXIS2_PLACEMENT_3D('',#2653,#2130,#2131);
#1964=AXIS2_PLACEMENT_3D('',#2655,#2132,#2133);
#1965=AXIS2_PLACEMENT_3D('',#2658,#2135,#2136);
#1966=AXIS2_PLACEMENT_3D('',#2659,#2137,#2138);
#1967=AXIS2_PLACEMENT_3D('',#2668,#2143,#2144);
#1968=AXIS2_PLACEMENT_3D('',#2677,#2149,#2150);
#1969=AXIS2_PLACEMENT_3D('',#2678,#2151,#2152);
#1970=AXIS2_PLACEMENT_3D('',#2679,#2153,#2154);
#1971=AXIS2_PLACEMENT_3D('',#2680,#2155,#2156);
#1972=AXIS2_PLACEMENT_3D('',#2682,#2158,#2159);
#1973=AXIS2_PLACEMENT_3D('',#2684,#2161,#2162);
#1974=AXIS2_PLACEMENT_3D('',#2686,#2163,#2164);
#1975=AXIS2_PLACEMENT_3D('',#2689,#2166,#2167);
#1976=AXIS2_PLACEMENT_3D('',#2690,#2168,#2169);
#1977=AXIS2_PLACEMENT_3D('',#2693,#2170,#2171);
#1978=AXIS2_PLACEMENT_3D('',#2697,#2173,#2174);
#1979=AXIS2_PLACEMENT_3D('',#2699,#2176,#2177);
#1980=AXIS2_PLACEMENT_3D('',#2705,#2181,#2182);
#1981=AXIS2_PLACEMENT_3D('',#2711,#2186,#2187);
#1982=AXIS2_PLACEMENT_3D('',#2713,#2189,#2190);
#1983=AXIS2_PLACEMENT_3D('',#2715,#2192,#2193);
#1984=AXIS2_PLACEMENT_3D('',#2717,#2194,#2195);
#1985=AXIS2_PLACEMENT_3D('',#2720,#2197,#2198);
#1986=AXIS2_PLACEMENT_3D('',#2721,#2199,#2200);
#1987=AXIS2_PLACEMENT_3D('',#2730,#2205,#2206);
#1988=AXIS2_PLACEMENT_3D('',#2739,#2211,#2212);
#1989=AXIS2_PLACEMENT_3D('',#2740,#2213,#2214);
#1990=AXIS2_PLACEMENT_3D('',#2741,#2215,#2216);
#1991=AXIS2_PLACEMENT_3D('',#2742,#2217,#2218);
#1992=AXIS2_PLACEMENT_3D('',#2744,#2220,#2221);
#1993=AXIS2_PLACEMENT_3D('',#2746,#2223,#2224);
#1994=AXIS2_PLACEMENT_3D('',#2748,#2225,#2226);
#1995=AXIS2_PLACEMENT_3D('',#2751,#2228,#2229);
#1996=AXIS2_PLACEMENT_3D('',#2752,#2230,#2231);
#1997=AXIS2_PLACEMENT_3D('',#2761,#2236,#2237);
#1998=AXIS2_PLACEMENT_3D('',#2770,#2242,#2243);
#1999=AXIS2_PLACEMENT_3D('',#2771,#2244,#2245);
#2000=AXIS2_PLACEMENT_3D('',#2772,#2246,#2247);
#2001=AXIS2_PLACEMENT_3D('',#2773,#2248,#2249);
#2002=AXIS2_PLACEMENT_3D('',#2775,#2251,#2252);
#2003=AXIS2_PLACEMENT_3D('',#2777,#2254,#2255);
#2004=AXIS2_PLACEMENT_3D('',#2779,#2256,#2257);
#2005=AXIS2_PLACEMENT_3D('',#2782,#2259,#2260);
#2006=AXIS2_PLACEMENT_3D('',#2783,#2261,#2262);
#2007=AXIS2_PLACEMENT_3D('',#2784,#2263,#2264);
#2008=AXIS2_PLACEMENT_3D('',#2786,#2265,#2266);
#2009=AXIS2_PLACEMENT_3D('',#2789,#2268,#2269);
#2010=AXIS2_PLACEMENT_3D('',#2790,#2270,#2271);
#2011=AXIS2_PLACEMENT_3D('',#2791,#2272,#2273);
#2012=AXIS2_PLACEMENT_3D('',#2796,#2275,#2276);
#2013=AXIS2_PLACEMENT_3D('',#2800,#2278,#2279);
#2014=AXIS2_PLACEMENT_3D('',#2802,#2281,#2282);
#2015=AXIS2_PLACEMENT_3D('',#2812,#2288,#2289);
#2016=AXIS2_PLACEMENT_3D('',#2824,#2296,#2297);
#2017=AXIS2_PLACEMENT_3D('',#2831,#2300,#2301);
#2018=AXIS2_PLACEMENT_3D('',#2834,#2303,#2304);
#2019=AXIS2_PLACEMENT_3D('',#2835,#2305,#2306);
#2020=AXIS2_PLACEMENT_3D('',#2849,#2314,#2315);
#2021=AXIS2_PLACEMENT_3D('',#2854,#2319,#2320);
#2022=AXIS2_PLACEMENT_3D('',#2859,#2322,#2323);
#2023=AXIS2_PLACEMENT_3D('',#2863,#2325,#2326);
#2024=AXIS2_PLACEMENT_3D('',#2865,#2328,#2329);
#2025=AXIS2_PLACEMENT_3D('',#2875,#2335,#2336);
#2026=AXIS2_PLACEMENT_3D('',#2887,#2343,#2344);
#2027=AXIS2_PLACEMENT_3D('',#2894,#2347,#2348);
#2028=AXIS2_PLACEMENT_3D('',#2897,#2350,#2351);
#2029=AXIS2_PLACEMENT_3D('',#2898,#2352,#2353);
#2030=AXIS2_PLACEMENT_3D('',#2912,#2361,#2362);
#2031=AXIS2_PLACEMENT_3D('',#2920,#2367,#2368);
#2032=AXIS2_PLACEMENT_3D('',#2921,#2369,#2370);
#2033=AXIS2_PLACEMENT_3D('',#2922,#2371,#2372);
#2034=AXIS2_PLACEMENT_3D('',#2923,#2373,#2374);
#2035=AXIS2_PLACEMENT_3D('',#2924,#2375,#2376);
#2036=AXIS2_PLACEMENT_3D('',#2925,#2377,#2378);
#2037=AXIS2_PLACEMENT_3D('',#2926,#2379,#2380);
#2038=AXIS2_PLACEMENT_3D('',#2927,#2381,#2382);
#2039=AXIS2_PLACEMENT_3D('',#2929,#2384,#2385);
#2040=AXIS2_PLACEMENT_3D('',#2930,#2386,#2387);
#2041=AXIS2_PLACEMENT_3D('',#2932,#2389,#2390);
#2042=AXIS2_PLACEMENT_3D('',#2933,#2391,#2392);
#2043=AXIS2_PLACEMENT_3D('',#2934,#2393,#2394);
#2044=AXIS2_PLACEMENT_3D('',#2935,#2395,#2396);
#2045=AXIS2_PLACEMENT_3D('',#2936,#2397,#2398);
#2046=AXIS2_PLACEMENT_3D('',#2937,#2399,#2400);
#2047=AXIS2_PLACEMENT_3D('',#2938,#2401,#2402);
#2048=AXIS2_PLACEMENT_3D('',#2950,#2409,#2410);
#2049=AXIS2_PLACEMENT_3D('',#2952,#2411,#2412);
#2050=AXIS2_PLACEMENT_3D('',#2953,#2413,#2414);
#2051=AXIS2_PLACEMENT_3D('',#2978,#2427,#2428);
#2052=AXIS2_PLACEMENT_3D('',#2984,#2432,#2433);
#2053=AXIS2_PLACEMENT_3D('',#2988,#2436,#2437);
#2054=AXIS2_PLACEMENT_3D('',#2992,#2440,#2441);
#2055=AXIS2_PLACEMENT_3D('',#2996,#2444,#2445);
#2056=AXIS2_PLACEMENT_3D('',#3002,#2449,#2450);
#2057=AXIS2_PLACEMENT_3D('',#3006,#2453,#2454);
#2058=AXIS2_PLACEMENT_3D('',#3010,#2457,#2458);
#2059=AXIS2_PLACEMENT_3D('',#3016,#2462,#2463);
#2060=AXIS2_PLACEMENT_3D('',#3027,#2470,#2471);
#2061=AXIS2_PLACEMENT_3D('',#3034,#2476,#2477);
#2062=AXIS2_PLACEMENT_3D('',#3038,#2480,#2481);
#2063=AXIS2_PLACEMENT_3D('',#3047,#2487,#2488);
#2064=AXIS2_PLACEMENT_3D('',#3048,#2489,#2490);
#2065=AXIS2_PLACEMENT_3D('',#3051,#2493,#2494);
#2066=AXIS2_PLACEMENT_3D('',#3055,#2498,#2499);
#2067=AXIS2_PLACEMENT_3D('',#3057,#2501,#2502);
#2068=AXIS2_PLACEMENT_3D('',#3059,#2504,#2505);
#2069=AXIS2_PLACEMENT_3D('',#3061,#2507,#2508);
#2070=AXIS2_PLACEMENT_3D('',#3075,#2517,#2518);
#2071=AXIS2_PLACEMENT_3D('',#3076,#2519,#2520);
#2072=AXIS2_PLACEMENT_3D('',#3077,#2521,#2522);
#2073=AXIS2_PLACEMENT_3D('',#3078,#2523,#2524);
#2074=AXIS2_PLACEMENT_3D('',#3080,#2525,#2526);
#2075=AXIS2_PLACEMENT_3D('',#3082,#2528,#2529);
#2076=AXIS2_PLACEMENT_3D('',#3084,#2530,#2531);
#2077=AXIS2_PLACEMENT_3D('',#3086,#2533,#2534);
#2078=AXIS2_PLACEMENT_3D('',#3087,#2535,#2536);
#2079=AXIS2_PLACEMENT_3D('',#3093,#2540,#2541);
#2080=AXIS2_PLACEMENT_3D('',#3097,#2544,#2545);
#2081=AXIS2_PLACEMENT_3D('',#3103,#2549,#2550);
#2082=AXIS2_PLACEMENT_3D('',#3107,#2553,#2554);
#2083=AXIS2_PLACEMENT_3D('',#3116,#2560,#2561);
#2084=AXIS2_PLACEMENT_3D('',#3118,#2563,#2564);
#2085=AXIS2_PLACEMENT_3D('',#3123,#2569,#2570);
#2086=AXIS2_PLACEMENT_3D('',#3126,#2573,#2574);
#2087=AXIS2_PLACEMENT_3D('',#3127,#2575,#2576);
#2088=AXIS2_PLACEMENT_3D('',#3131,#2579,#2580);
#2089=AXIS2_PLACEMENT_3D('',#3135,#2583,#2584);
#2090=AXIS2_PLACEMENT_3D('',#3139,#2587,#2588);
#2091=AXIS2_PLACEMENT_3D('',#3143,#2591,#2592);
#2092=AXIS2_PLACEMENT_3D('',#3147,#2595,#2596);
#2093=AXIS2_PLACEMENT_3D('',#3151,#2599,#2600);
#2094=AXIS2_PLACEMENT_3D('',#3155,#2603,#2604);
#2095=AXIS2_PLACEMENT_3D('',#3157,#2606,#2607);
#2096=AXIS2_PLACEMENT_3D('',#3158,#2608,#2609);
#2097=DIRECTION('axis',(0.,0.,1.));
#2098=DIRECTION('refdir',(1.,0.,0.));
#2099=DIRECTION('center_axis',(-6.34413156928661E-16,-1.,0.));
#2100=DIRECTION('ref_axis',(1.,-6.34413156928661E-16,0.));
#2101=DIRECTION('',(0.,0.,1.));
#2102=DIRECTION('',(1.,0.,0.));
#2103=DIRECTION('',(0.,0.,1.));
#2104=DIRECTION('',(-1.,6.34413156928661E-16,0.));
#2105=DIRECTION('center_axis',(0.,0.,-1.));
#2106=DIRECTION('ref_axis',(-1.,0.,0.));
#2107=DIRECTION('',(0.,-1.,0.));
#2108=DIRECTION('',(-1.,-1.11022302462516E-15,0.));
#2109=DIRECTION('',(7.40148683083438E-15,1.,0.));
#2110=DIRECTION('',(1.,4.44089209850063E-15,0.));
#2111=DIRECTION('center_axis',(0.,0.,-1.));
#2112=DIRECTION('ref_axis',(-1.,0.,0.));
#2113=DIRECTION('',(0.,1.,0.));
#2114=DIRECTION('',(1.,-4.44089209850063E-15,0.));
#2115=DIRECTION('',(7.40148683083438E-15,-1.,0.));
#2116=DIRECTION('',(-1.,1.11022302462516E-15,0.));
#2117=DIRECTION('center_axis',(6.34413156928658E-16,1.,0.));
#2118=DIRECTION('ref_axis',(-1.,6.34413156928658E-16,0.));
#2119=DIRECTION('',(0.,0.,1.));
#2120=DIRECTION('',(1.,-6.34413156928658E-16,0.));
#2121=DIRECTION('',(0.,0.,1.));
#2122=DIRECTION('',(-1.,0.,0.));
#2123=DIRECTION('center_axis',(0.,0.,-1.));
#2124=DIRECTION('ref_axis',(1.,0.,0.));
#2125=DIRECTION('center_axis',(0.,0.,-1.));
#2126=DIRECTION('ref_axis',(1.,0.,0.));
#2127=DIRECTION('',(0.,0.,-1.));
#2128=DIRECTION('center_axis',(0.,0.,1.));
#2129=DIRECTION('ref_axis',(1.,0.,0.));
#2130=DIRECTION('center_axis',(0.,0.,-1.));
#2131=DIRECTION('ref_axis',(1.,0.,0.));
#2132=DIRECTION('center_axis',(0.,0.,1.));
#2133=DIRECTION('ref_axis',(1.,0.,0.));
#2134=DIRECTION('',(0.,0.,1.));
#2135=DIRECTION('center_axis',(0.,0.,1.));
#2136=DIRECTION('ref_axis',(1.,0.,0.));
#2137=DIRECTION('center_axis',(-1.29526019539602E-14,1.,0.));
#2138=DIRECTION('ref_axis',(1.,1.29526019539602E-14,0.));
#2139=DIRECTION('',(-1.,-1.29526019539602E-14,0.));
#2140=DIRECTION('',(0.,0.,-1.));
#2141=DIRECTION('',(1.,1.29526019539602E-14,0.));
#2142=DIRECTION('',(0.,0.,-1.));
#2143=DIRECTION('center_axis',(-3.70074341541719E-16,-1.,0.));
#2144=DIRECTION('ref_axis',(-1.,3.70074341541719E-16,0.));
#2145=DIRECTION('',(-1.,3.70074341541719E-16,0.));
#2146=DIRECTION('',(0.,0.,1.));
#2147=DIRECTION('',(-1.,3.70074341541719E-16,0.));
#2148=DIRECTION('',(0.,0.,-1.));
#2149=DIRECTION('center_axis',(0.,0.,-1.));
#2150=DIRECTION('ref_axis',(1.,0.,0.));
#2151=DIRECTION('center_axis',(0.,0.,-1.));
#2152=DIRECTION('ref_axis',(1.,0.,0.));
#2153=DIRECTION('center_axis',(0.,0.,-1.));
#2154=DIRECTION('ref_axis',(1.,0.,0.));
#2155=DIRECTION('center_axis',(0.,0.,-1.));
#2156=DIRECTION('ref_axis',(1.,0.,0.));
#2157=DIRECTION('',(0.,-1.,0.));
#2158=DIRECTION('center_axis',(0.,0.,-1.));
#2159=DIRECTION('ref_axis',(1.,0.,0.));
#2160=DIRECTION('',(0.,1.,0.));
#2161=DIRECTION('center_axis',(0.,0.,-1.));
#2162=DIRECTION('ref_axis',(1.,0.,0.));
#2163=DIRECTION('center_axis',(0.,0.,1.));
#2164=DIRECTION('ref_axis',(1.,0.,0.));
#2165=DIRECTION('',(0.,0.,1.));
#2166=DIRECTION('center_axis',(0.,0.,1.));
#2167=DIRECTION('ref_axis',(1.,0.,0.));
#2168=DIRECTION('center_axis',(0.,0.,-1.));
#2169=DIRECTION('ref_axis',(-1.,-1.22464679914735E-16,0.));
#2170=DIRECTION('center_axis',(0.,0.,-1.));
#2171=DIRECTION('ref_axis',(1.,0.,0.));
#2172=DIRECTION('',(0.,0.,-1.));
#2173=DIRECTION('center_axis',(0.,0.,-1.));
#2174=DIRECTION('ref_axis',(1.,0.,0.));
#2175=DIRECTION('',(0.,0.,-1.));
#2176=DIRECTION('center_axis',(3.70074341541719E-16,-1.,0.));
#2177=DIRECTION('ref_axis',(-1.,-3.70074341541719E-16,0.));
#2178=DIRECTION('',(1.,3.70074341541719E-16,0.));
#2179=DIRECTION('',(-1.,-3.70074341541719E-16,0.));
#2180=DIRECTION('',(0.,0.,-1.));
#2181=DIRECTION('center_axis',(1.29526019539602E-14,1.,0.));
#2182=DIRECTION('ref_axis',(1.,-1.29526019539602E-14,0.));
#2183=DIRECTION('',(1.,-1.29526019539602E-14,0.));
#2184=DIRECTION('',(0.,0.,1.));
#2185=DIRECTION('',(1.,-1.29526019539602E-14,0.));
#2186=DIRECTION('center_axis',(0.,0.,-1.));
#2187=DIRECTION('ref_axis',(1.,0.,0.));
#2188=DIRECTION('',(0.,1.,0.));
#2189=DIRECTION('center_axis',(0.,0.,-1.));
#2190=DIRECTION('ref_axis',(1.,0.,0.));
#2191=DIRECTION('',(0.,-1.,0.));
#2192=DIRECTION('center_axis',(0.,0.,-1.));
#2193=DIRECTION('ref_axis',(1.,0.,0.));
#2194=DIRECTION('center_axis',(0.,0.,1.));
#2195=DIRECTION('ref_axis',(1.,0.,0.));
#2196=DIRECTION('',(0.,0.,1.));
#2197=DIRECTION('center_axis',(0.,0.,1.));
#2198=DIRECTION('ref_axis',(1.,0.,0.));
#2199=DIRECTION('center_axis',(-7.40148683083438E-16,1.,0.));
#2200=DIRECTION('ref_axis',(1.,7.40148683083438E-16,0.));
#2201=DIRECTION('',(-1.,-7.40148683083438E-16,0.));
#2202=DIRECTION('',(0.,0.,-1.));
#2203=DIRECTION('',(1.,7.40148683083438E-16,0.));
#2204=DIRECTION('',(0.,0.,-1.));
#2205=DIRECTION('center_axis',(-1.22124532708767E-14,-1.,0.));
#2206=DIRECTION('ref_axis',(-1.,1.22124532708767E-14,0.));
#2207=DIRECTION('',(-1.,1.22124532708767E-14,0.));
#2208=DIRECTION('',(0.,0.,1.));
#2209=DIRECTION('',(-1.,1.22124532708767E-14,0.));
#2210=DIRECTION('',(0.,0.,-1.));
#2211=DIRECTION('center_axis',(0.,0.,-1.));
#2212=DIRECTION('ref_axis',(1.,0.,0.));
#2213=DIRECTION('center_axis',(0.,0.,-1.));
#2214=DIRECTION('ref_axis',(1.,0.,0.));
#2215=DIRECTION('center_axis',(0.,0.,-1.));
#2216=DIRECTION('ref_axis',(1.,0.,0.));
#2217=DIRECTION('center_axis',(0.,0.,-1.));
#2218=DIRECTION('ref_axis',(1.,0.,0.));
#2219=DIRECTION('',(0.,-1.,0.));
#2220=DIRECTION('center_axis',(0.,0.,-1.));
#2221=DIRECTION('ref_axis',(1.,0.,0.));
#2222=DIRECTION('',(0.,1.,0.));
#2223=DIRECTION('center_axis',(0.,0.,-1.));
#2224=DIRECTION('ref_axis',(1.,0.,0.));
#2225=DIRECTION('center_axis',(0.,0.,1.));
#2226=DIRECTION('ref_axis',(1.,0.,0.));
#2227=DIRECTION('',(0.,0.,1.));
#2228=DIRECTION('center_axis',(0.,0.,1.));
#2229=DIRECTION('ref_axis',(1.,0.,0.));
#2230=DIRECTION('center_axis',(1.22124532708767E-14,-1.,0.));
#2231=DIRECTION('ref_axis',(-1.,-1.22124532708767E-14,0.));
#2232=DIRECTION('',(1.,1.22124532708767E-14,0.));
#2233=DIRECTION('',(0.,0.,-1.));
#2234=DIRECTION('',(-1.,-1.22124532708767E-14,0.));
#2235=DIRECTION('',(0.,0.,-1.));
#2236=DIRECTION('center_axis',(7.40148683083438E-16,1.,0.));
#2237=DIRECTION('ref_axis',(1.,-7.40148683083438E-16,0.));
#2238=DIRECTION('',(1.,-7.40148683083438E-16,0.));
#2239=DIRECTION('',(0.,0.,1.));
#2240=DIRECTION('',(1.,-7.40148683083438E-16,0.));
#2241=DIRECTION('',(0.,0.,-1.));
#2242=DIRECTION('center_axis',(0.,0.,-1.));
#2243=DIRECTION('ref_axis',(-1.,-1.22464679914735E-16,0.));
#2244=DIRECTION('center_axis',(0.,0.,-1.));
#2245=DIRECTION('ref_axis',(1.,0.,0.));
#2246=DIRECTION('center_axis',(0.,0.,-1.));
#2247=DIRECTION('ref_axis',(1.,0.,0.));
#2248=DIRECTION('center_axis',(0.,0.,-1.));
#2249=DIRECTION('ref_axis',(1.,0.,0.));
#2250=DIRECTION('',(0.,1.,0.));
#2251=DIRECTION('center_axis',(0.,0.,-1.));
#2252=DIRECTION('ref_axis',(1.,0.,0.));
#2253=DIRECTION('',(0.,-1.,0.));
#2254=DIRECTION('center_axis',(0.,0.,1.));
#2255=DIRECTION('ref_axis',(-1.,0.,0.));
#2256=DIRECTION('center_axis',(0.,0.,1.));
#2257=DIRECTION('ref_axis',(-1.,0.,0.));
#2258=DIRECTION('',(0.,0.,1.));
#2259=DIRECTION('center_axis',(0.,0.,1.));
#2260=DIRECTION('ref_axis',(-1.,0.,0.));
#2261=DIRECTION('center_axis',(0.,0.,1.));
#2262=DIRECTION('ref_axis',(-1.,0.,0.));
#2263=DIRECTION('center_axis',(0.,0.,1.));
#2264=DIRECTION('ref_axis',(-1.,0.,0.));
#2265=DIRECTION('center_axis',(0.,0.,1.));
#2266=DIRECTION('ref_axis',(-1.,0.,0.));
#2267=DIRECTION('',(0.,0.,1.));
#2268=DIRECTION('center_axis',(0.,0.,1.));
#2269=DIRECTION('ref_axis',(-1.,0.,0.));
#2270=DIRECTION('center_axis',(0.,0.,1.));
#2271=DIRECTION('ref_axis',(-1.,0.,0.));
#2272=DIRECTION('center_axis',(0.,0.707106781186548,0.707106781186547));
#2273=DIRECTION('ref_axis',(1.,0.,0.));
#2274=DIRECTION('',(0.,-0.707106781186547,0.707106781186548));
#2275=DIRECTION('center_axis',(0.,0.707106781186548,0.707106781186547));
#2276=DIRECTION('ref_axis',(0.,-0.707106781186547,0.707106781186548));
#2277=DIRECTION('',(-1.,0.,0.));
#2278=DIRECTION('center_axis',(0.,0.707106781186548,0.707106781186547));
#2279=DIRECTION('ref_axis',(0.,-0.707106781186547,0.707106781186548));
#2280=DIRECTION('',(1.,0.,0.));
#2281=DIRECTION('center_axis',(-1.,0.,0.));
#2282=DIRECTION('ref_axis',(0.,-1.,0.));
#2283=DIRECTION('',(0.,0.,1.));
#2284=DIRECTION('',(0.,0.,-1.));
#2285=DIRECTION('',(0.,-1.,0.));
#2286=DIRECTION('',(0.,0.,1.));
#2287=DIRECTION('',(0.,-1.,0.));
#2288=DIRECTION('center_axis',(0.,1.,0.));
#2289=DIRECTION('ref_axis',(1.,0.,0.));
#2290=DIRECTION('',(0.,0.,-1.));
#2291=DIRECTION('',(0.707106781186548,0.,-0.707106781186548));
#2292=DIRECTION('',(0.,0.,1.));
#2293=DIRECTION('',(-1.,9.25185853854297E-17,0.));
#2294=DIRECTION('',(-0.707106781186548,0.,-0.707106781186547));
#2295=DIRECTION('',(-1.,0.,0.));
#2296=DIRECTION('center_axis',(0.,0.707106781186548,0.707106781186547));
#2297=DIRECTION('ref_axis',(1.,0.,0.));
#2298=DIRECTION('',(0.,0.707106781186547,-0.707106781186548));
#2299=DIRECTION('',(1.,0.,0.));
#2300=DIRECTION('center_axis',(0.,0.707106781186548,0.707106781186547));
#2301=DIRECTION('ref_axis',(0.,-0.707106781186547,0.707106781186548));
#2302=DIRECTION('',(-1.,0.,0.));
#2303=DIRECTION('center_axis',(0.,0.707106781186548,0.707106781186547));
#2304=DIRECTION('ref_axis',(0.,-0.707106781186547,0.707106781186548));
#2305=DIRECTION('center_axis',(0.,1.,0.));
#2306=DIRECTION('ref_axis',(1.,0.,0.));
#2307=DIRECTION('',(0.,0.,-1.));
#2308=DIRECTION('',(-1.,9.25185853854297E-17,0.));
#2309=DIRECTION('',(-0.707106781186548,0.,0.707106781186547));
#2310=DIRECTION('',(-1.,9.25185853854297E-17,0.));
#2311=DIRECTION('',(0.,0.,1.));
#2312=DIRECTION('',(0.707106781186548,0.,0.707106781186548));
#2313=DIRECTION('',(0.,0.,-1.));
#2314=DIRECTION('center_axis',(1.,0.,0.));
#2315=DIRECTION('ref_axis',(0.,1.,0.));
#2316=DIRECTION('',(0.,0.,-1.));
#2317=DIRECTION('',(0.,-1.,0.));
#2318=DIRECTION('',(0.,1.,0.));
#2319=DIRECTION('center_axis',(0.,-0.707106781186548,0.707106781186547));
#2320=DIRECTION('ref_axis',(1.,0.,0.));
#2321=DIRECTION('',(0.,0.707106781186547,0.707106781186548));
#2322=DIRECTION('center_axis',(0.,-0.707106781186548,0.707106781186547));
#2323=DIRECTION('ref_axis',(0.,-0.707106781186547,-0.707106781186548));
#2324=DIRECTION('',(1.,0.,0.));
#2325=DIRECTION('center_axis',(0.,-0.707106781186548,0.707106781186547));
#2326=DIRECTION('ref_axis',(0.,-0.707106781186547,-0.707106781186548));
#2327=DIRECTION('',(-1.,0.,0.));
#2328=DIRECTION('center_axis',(1.,0.,0.));
#2329=DIRECTION('ref_axis',(0.,1.,0.));
#2330=DIRECTION('',(0.,0.,1.));
#2331=DIRECTION('',(0.,0.,1.));
#2332=DIRECTION('',(0.,1.,0.));
#2333=DIRECTION('',(0.,0.,1.));
#2334=DIRECTION('',(0.,-1.,0.));
#2335=DIRECTION('center_axis',(0.,-1.,0.));
#2336=DIRECTION('ref_axis',(-1.,0.,0.));
#2337=DIRECTION('',(0.,0.,-1.));
#2338=DIRECTION('',(-0.707106781186548,0.,-0.707106781186548));
#2339=DIRECTION('',(0.,0.,1.));
#2340=DIRECTION('',(1.,-2.77555756156289E-16,0.));
#2341=DIRECTION('',(0.707106781186548,0.,-0.707106781186547));
#2342=DIRECTION('',(1.,0.,0.));
#2343=DIRECTION('center_axis',(0.,-0.707106781186548,0.707106781186547));
#2344=DIRECTION('ref_axis',(1.,0.,0.));
#2345=DIRECTION('',(0.,-0.707106781186547,-0.707106781186548));
#2346=DIRECTION('',(-1.,0.,0.));
#2347=DIRECTION('center_axis',(0.,-0.707106781186548,0.707106781186547));
#2348=DIRECTION('ref_axis',(0.,-0.707106781186547,-0.707106781186548));
#2349=DIRECTION('',(1.,0.,0.));
#2350=DIRECTION('center_axis',(0.,-0.707106781186548,0.707106781186547));
#2351=DIRECTION('ref_axis',(0.,-0.707106781186547,-0.707106781186548));
#2352=DIRECTION('center_axis',(0.,-1.,0.));
#2353=DIRECTION('ref_axis',(-1.,0.,0.));
#2354=DIRECTION('',(0.,0.,-1.));
#2355=DIRECTION('',(1.,9.25185853854297E-17,0.));
#2356=DIRECTION('',(0.707106781186548,0.,0.707106781186547));
#2357=DIRECTION('',(1.,9.25185853854297E-17,0.));
#2358=DIRECTION('',(0.,0.,1.));
#2359=DIRECTION('',(-0.707106781186548,0.,0.707106781186548));
#2360=DIRECTION('',(0.,0.,-1.));
#2361=DIRECTION('center_axis',(-1.,0.,0.));
#2362=DIRECTION('ref_axis',(0.,-1.,0.));
#2363=DIRECTION('',(0.,0.,-1.));
#2364=DIRECTION('',(0.,-1.,0.));
#2365=DIRECTION('',(0.,0.,1.));
#2366=DIRECTION('',(0.,-1.,0.));
#2367=DIRECTION('center_axis',(0.,0.,-1.));
#2368=DIRECTION('ref_axis',(-1.,1.22464679914735E-16,0.));
#2369=DIRECTION('center_axis',(0.,0.,-1.));
#2370=DIRECTION('ref_axis',(1.,0.,0.));
#2371=DIRECTION('center_axis',(0.,0.,-1.));
#2372=DIRECTION('ref_axis',(1.,0.,0.));
#2373=DIRECTION('center_axis',(0.,0.,-1.));
#2374=DIRECTION('ref_axis',(1.,0.,0.));
#2375=DIRECTION('center_axis',(0.707106781186548,0.,0.707106781186548));
#2376=DIRECTION('ref_axis',(0.707106781186548,0.,-0.707106781186548));
#2377=DIRECTION('center_axis',(0.,0.,-1.));
#2378=DIRECTION('ref_axis',(1.,0.,0.));
#2379=DIRECTION('center_axis',(0.,0.,-1.));
#2380=DIRECTION('ref_axis',(1.,0.,0.));
#2381=DIRECTION('center_axis',(-0.707106781186548,0.,-0.707106781186548));
#2382=DIRECTION('ref_axis',(-0.707106781186548,0.,0.707106781186548));
#2383=DIRECTION('',(0.,1.,0.));
#2384=DIRECTION('center_axis',(0.707106781186548,0.,-0.707106781186548));
#2385=DIRECTION('ref_axis',(-0.707106781186548,0.,-0.707106781186548));
#2386=DIRECTION('center_axis',(-0.707106781186548,0.,0.707106781186548));
#2387=DIRECTION('ref_axis',(0.707106781186548,0.,0.707106781186548));
#2388=DIRECTION('',(0.,-1.,0.));
#2389=DIRECTION('center_axis',(0.,0.,-1.));
#2390=DIRECTION('ref_axis',(1.,0.,0.));
#2391=DIRECTION('center_axis',(0.,0.,-1.));
#2392=DIRECTION('ref_axis',(1.,0.,0.));
#2393=DIRECTION('center_axis',(0.,0.,-1.));
#2394=DIRECTION('ref_axis',(1.,0.,0.));
#2395=DIRECTION('center_axis',(0.,0.,-1.));
#2396=DIRECTION('ref_axis',(1.,0.,0.));
#2397=DIRECTION('center_axis',(0.,0.,-1.));
#2398=DIRECTION('ref_axis',(1.,0.,0.));
#2399=DIRECTION('center_axis',(0.,0.,-1.));
#2400=DIRECTION('ref_axis',(1.,0.,0.));
#2401=DIRECTION('center_axis',(0.,0.,-1.));
#2402=DIRECTION('ref_axis',(-1.,0.,0.));
#2403=DIRECTION('',(0.,-1.,0.));
#2404=DIRECTION('',(-1.,0.,0.));
#2405=DIRECTION('',(0.,1.,0.));
#2406=DIRECTION('',(0.,1.,0.));
#2407=DIRECTION('',(1.,0.,0.));
#2408=DIRECTION('',(0.,-1.,0.));
#2409=DIRECTION('center_axis',(0.,0.,1.));
#2410=DIRECTION('ref_axis',(1.,0.,0.));
#2411=DIRECTION('center_axis',(0.,0.,1.));
#2412=DIRECTION('ref_axis',(1.,0.,0.));
#2413=DIRECTION('center_axis',(0.,0.,-1.));
#2414=DIRECTION('ref_axis',(-1.,0.,0.));
#2415=DIRECTION('',(1.,1.66533453693774E-15,0.));
#2416=DIRECTION('',(0.,-1.,0.));
#2417=DIRECTION('',(-1.,-2.22044604925031E-15,0.));
#2418=DIRECTION('',(0.,1.,0.));
#2419=DIRECTION('',(-1.,0.,0.));
#2420=DIRECTION('',(0.,-1.,0.));
#2421=DIRECTION('',(-1.,2.22044604925031E-15,0.));
#2422=DIRECTION('',(0.,1.,0.));
#2423=DIRECTION('',(1.,-1.66533453693774E-15,0.));
#2424=DIRECTION('',(-8.88178419700126E-15,-1.,0.));
#2425=DIRECTION('',(1.,0.,0.));
#2426=DIRECTION('',(-8.88178419700126E-15,1.,0.));
#2427=DIRECTION('center_axis',(-1.,0.,0.));
#2428=DIRECTION('ref_axis',(0.,-1.,0.));
#2429=DIRECTION('',(0.,0.,1.));
#2430=DIRECTION('',(0.,-1.,0.));
#2431=DIRECTION('',(0.,0.,1.));
#2432=DIRECTION('center_axis',(-2.22044604925031E-15,1.,0.));
#2433=DIRECTION('ref_axis',(-1.,-2.22044604925031E-15,0.));
#2434=DIRECTION('',(0.,0.,1.));
#2435=DIRECTION('',(1.,2.22044604925031E-15,0.));
#2436=DIRECTION('center_axis',(-1.,0.,0.));
#2437=DIRECTION('ref_axis',(0.,-1.,0.));
#2438=DIRECTION('',(0.,0.,1.));
#2439=DIRECTION('',(0.,1.,0.));
#2440=DIRECTION('center_axis',(1.66533453693774E-15,-1.,0.));
#2441=DIRECTION('ref_axis',(1.,1.66533453693774E-15,0.));
#2442=DIRECTION('',(0.,0.,-1.));
#2443=DIRECTION('',(-1.,-1.66533453693774E-15,0.));
#2444=DIRECTION('center_axis',(4.44089209850063E-15,-1.,0.));
#2445=DIRECTION('ref_axis',(1.,4.44089209850063E-15,0.));
#2446=DIRECTION('',(0.,0.,-1.));
#2447=DIRECTION('',(-1.,-4.44089209850063E-15,0.));
#2448=DIRECTION('',(0.,0.,1.));
#2449=DIRECTION('center_axis',(1.,-7.40148683083438E-15,0.));
#2450=DIRECTION('ref_axis',(7.40148683083438E-15,1.,0.));
#2451=DIRECTION('',(0.,0.,-1.));
#2452=DIRECTION('',(-7.40148683083438E-15,-1.,0.));
#2453=DIRECTION('center_axis',(-1.11022302462516E-15,1.,0.));
#2454=DIRECTION('ref_axis',(-1.,-1.11022302462516E-15,0.));
#2455=DIRECTION('',(0.,0.,-1.));
#2456=DIRECTION('',(1.,1.11022302462516E-15,0.));
#2457=DIRECTION('center_axis',(0.,0.707106781186547,0.707106781186548));
#2458=DIRECTION('ref_axis',(1.,0.,0.));
#2459=DIRECTION('',(0.,-0.707106781186548,0.707106781186547));
#2460=DIRECTION('',(0.,0.707106781186548,-0.707106781186547));
#2461=DIRECTION('',(-1.,0.,0.));
#2462=DIRECTION('center_axis',(0.,1.,0.));
#2463=DIRECTION('ref_axis',(1.,0.,0.));
#2464=DIRECTION('',(0.,0.,1.));
#2465=DIRECTION('',(1.,0.,0.));
#2466=DIRECTION('',(0.,0.,1.));
#2467=DIRECTION('',(-1.,0.,0.));
#2468=DIRECTION('',(0.,0.,-1.));
#2469=DIRECTION('',(0.,0.,-1.));
#2470=DIRECTION('center_axis',(1.,0.,0.));
#2471=DIRECTION('ref_axis',(0.,-1.,0.));
#2472=DIRECTION('',(0.,1.,0.));
#2473=DIRECTION('',(0.,0.707106781186548,0.707106781186547));
#2474=DIRECTION('',(0.,0.,1.));
#2475=DIRECTION('',(0.,1.,0.));
#2476=DIRECTION('center_axis',(0.,-0.707106781186547,0.707106781186548));
#2477=DIRECTION('ref_axis',(1.,0.,0.));
#2478=DIRECTION('',(0.,-0.707106781186548,-0.707106781186547));
#2479=DIRECTION('',(1.,0.,0.));
#2480=DIRECTION('center_axis',(0.,-1.,0.));
#2481=DIRECTION('ref_axis',(-1.,0.,0.));
#2482=DIRECTION('',(0.,0.,1.));
#2483=DIRECTION('',(0.,0.,1.));
#2484=DIRECTION('',(1.,0.,0.));
#2485=DIRECTION('',(0.,0.,1.));
#2486=DIRECTION('',(1.,0.,0.));
#2487=DIRECTION('center_axis',(-1.,0.,0.));
#2488=DIRECTION('ref_axis',(0.,1.,0.));
#2489=DIRECTION('center_axis',(0.,-0.707106781186547,0.707106781186548));
#2490=DIRECTION('ref_axis',(1.,0.,0.));
#2491=DIRECTION('',(0.,0.707106781186548,0.707106781186547));
#2492=DIRECTION('',(0.,-0.707106781186548,-0.707106781186547));
#2493=DIRECTION('center_axis',(-1.,0.,0.));
#2494=DIRECTION('ref_axis',(0.,1.,0.));
#2495=DIRECTION('',(0.,-1.,0.));
#2496=DIRECTION('',(0.,-0.707106781186548,0.707106781186547));
#2497=DIRECTION('',(0.,-1.,0.));
#2498=DIRECTION('center_axis',(0.,0.707106781186547,0.707106781186548));
#2499=DIRECTION('ref_axis',(1.,0.,0.));
#2500=DIRECTION('',(0.,0.707106781186548,-0.707106781186547));
#2501=DIRECTION('center_axis',(-0.707106781186547,0.,0.707106781186548));
#2502=DIRECTION('ref_axis',(0.707106781186548,0.,0.707106781186547));
#2503=DIRECTION('',(0.,1.,0.));
#2504=DIRECTION('center_axis',(0.707106781186547,0.,0.707106781186548));
#2505=DIRECTION('ref_axis',(0.707106781186548,0.,-0.707106781186547));
#2506=DIRECTION('',(0.,-1.,0.));
#2507=DIRECTION('center_axis',(0.,0.,1.));
#2508=DIRECTION('ref_axis',(1.,0.,0.));
#2509=DIRECTION('',(0.,-1.,0.));
#2510=DIRECTION('',(1.,0.,0.));
#2511=DIRECTION('',(-1.,0.,0.));
#2512=DIRECTION('',(0.,1.,0.));
#2513=DIRECTION('',(0.,-1.,0.));
#2514=DIRECTION('',(1.,0.,0.));
#2515=DIRECTION('',(-8.70763150081059E-17,1.,0.));
#2516=DIRECTION('',(-1.,0.,0.));
#2517=DIRECTION('center_axis',(1.,0.,0.));
#2518=DIRECTION('ref_axis',(0.,-1.,0.));
#2519=DIRECTION('center_axis',(-1.,0.,0.));
#2520=DIRECTION('ref_axis',(0.,1.,0.));
#2521=DIRECTION('center_axis',(1.,0.,0.));
#2522=DIRECTION('ref_axis',(0.,-1.,0.));
#2523=DIRECTION('center_axis',(0.,0.,-1.));
#2524=DIRECTION('ref_axis',(1.,0.,0.));
#2525=DIRECTION('center_axis',(0.,0.,-1.));
#2526=DIRECTION('ref_axis',(1.,0.,0.));
#2527=DIRECTION('',(0.,0.,-1.));
#2528=DIRECTION('center_axis',(0.,0.,-1.));
#2529=DIRECTION('ref_axis',(1.,0.,0.));
#2530=DIRECTION('center_axis',(0.,0.,-1.));
#2531=DIRECTION('ref_axis',(1.,0.,0.));
#2532=DIRECTION('',(0.,0.,-1.));
#2533=DIRECTION('center_axis',(0.,0.,-1.));
#2534=DIRECTION('ref_axis',(1.,0.,0.));
#2535=DIRECTION('center_axis',(-1.,-7.40148683083438E-15,0.));
#2536=DIRECTION('ref_axis',(7.40148683083438E-15,-1.,0.));
#2537=DIRECTION('',(0.,0.,1.));
#2538=DIRECTION('',(-7.40148683083438E-15,1.,0.));
#2539=DIRECTION('',(0.,0.,1.));
#2540=DIRECTION('center_axis',(-4.44089209850063E-15,-1.,0.));
#2541=DIRECTION('ref_axis',(1.,-4.44089209850063E-15,0.));
#2542=DIRECTION('',(0.,0.,-1.));
#2543=DIRECTION('',(-1.,4.44089209850063E-15,0.));
#2544=DIRECTION('center_axis',(1.,-2.96059473233375E-15,0.));
#2545=DIRECTION('ref_axis',(2.96059473233375E-15,1.,0.));
#2546=DIRECTION('',(-2.96059473233375E-15,-1.,0.));
#2547=DIRECTION('',(0.,0.,1.));
#2548=DIRECTION('',(0.,0.,1.));
#2549=DIRECTION('center_axis',(-1.,-8.88178419700126E-15,0.));
#2550=DIRECTION('ref_axis',(8.88178419700126E-15,-1.,0.));
#2551=DIRECTION('',(0.,0.,1.));
#2552=DIRECTION('',(-8.88178419700126E-15,1.,0.));
#2553=DIRECTION('center_axis',(-1.,1.48029736616687E-15,0.));
#2554=DIRECTION('ref_axis',(-1.48029736616687E-15,-1.,0.));
#2555=DIRECTION('',(0.,0.,1.));
#2556=DIRECTION('',(-1.48029736616687E-15,-1.,0.));
#2557=DIRECTION('',(0.,0.,1.));
#2558=DIRECTION('',(0.,0.,1.));
#2559=DIRECTION('',(-1.48029736616687E-15,1.,0.));
#2560=DIRECTION('center_axis',(1.11022302462516E-15,1.,0.));
#2561=DIRECTION('ref_axis',(-1.,1.11022302462516E-15,0.));
#2562=DIRECTION('',(1.,-1.11022302462516E-15,0.));
#2563=DIRECTION('center_axis',(0.,0.,1.));
#2564=DIRECTION('ref_axis',(1.,0.,0.));
#2565=DIRECTION('',(1.,0.,0.));
#2566=DIRECTION('',(-1.,-6.34413156928658E-16,0.));
#2567=DIRECTION('',(-1.,6.34413156928663E-16,0.));
#2568=DIRECTION('',(1.,0.,0.));
#2569=DIRECTION('center_axis',(1.,1.48029736616687E-15,0.));
#2570=DIRECTION('ref_axis',(-1.48029736616687E-15,1.,0.));
#2571=DIRECTION('',(1.48029736616687E-15,-1.,0.));
#2572=DIRECTION('',(1.48029736616687E-15,1.,0.));
#2573=DIRECTION('center_axis',(-6.34413156928661E-16,-1.,0.));
#2574=DIRECTION('ref_axis',(1.,-6.34413156928661E-16,0.));
#2575=DIRECTION('center_axis',(0.,1.,0.));
#2576=DIRECTION('ref_axis',(-1.,0.,0.));
#2577=DIRECTION('',(-1.,0.,0.));
#2578=DIRECTION('',(0.,0.,1.));
#2579=DIRECTION('center_axis',(1.,-8.88178419700126E-15,0.));
#2580=DIRECTION('ref_axis',(8.88178419700126E-15,1.,0.));
#2581=DIRECTION('',(0.,0.,1.));
#2582=DIRECTION('',(8.88178419700126E-15,1.,0.));
#2583=DIRECTION('center_axis',(-1.66533453693774E-15,-1.,0.));
#2584=DIRECTION('ref_axis',(1.,-1.66533453693774E-15,0.));
#2585=DIRECTION('',(0.,0.,1.));
#2586=DIRECTION('',(-1.,1.66533453693774E-15,0.));
#2587=DIRECTION('center_axis',(1.,0.,0.));
#2588=DIRECTION('ref_axis',(0.,1.,0.));
#2589=DIRECTION('',(0.,0.,1.));
#2590=DIRECTION('',(0.,-1.,0.));
#2591=DIRECTION('center_axis',(2.22044604925031E-15,1.,0.));
#2592=DIRECTION('ref_axis',(-1.,2.22044604925031E-15,0.));
#2593=DIRECTION('',(0.,0.,-1.));
#2594=DIRECTION('',(1.,-2.22044604925031E-15,0.));
#2595=DIRECTION('center_axis',(1.,0.,0.));
#2596=DIRECTION('ref_axis',(0.,1.,0.));
#2597=DIRECTION('',(0.,0.,1.));
#2598=DIRECTION('',(0.,-1.,0.));
#2599=DIRECTION('center_axis',(6.34413156928663E-16,-1.,0.));
#2600=DIRECTION('ref_axis',(1.,6.34413156928663E-16,0.));
#2601=DIRECTION('',(1.,6.34413156928663E-16,0.));
#2602=DIRECTION('',(0.,0.,1.));
#2603=DIRECTION('center_axis',(-1.,-1.48029736616687E-15,0.));
#2604=DIRECTION('ref_axis',(1.48029736616687E-15,-1.,0.));
#2605=DIRECTION('',(-1.48029736616687E-15,1.,0.));
#2606=DIRECTION('center_axis',(6.34413156928658E-16,1.,0.));
#2607=DIRECTION('ref_axis',(-1.,6.34413156928658E-16,0.));
#2608=DIRECTION('center_axis',(0.,0.,1.));
#2609=DIRECTION('ref_axis',(1.,0.,0.));
#2610=CARTESIAN_POINT('',(0.,0.,0.));
#2611=CARTESIAN_POINT('Origin',(-28.,16.5,0.));
#2612=CARTESIAN_POINT('',(-24.,16.5,0.));
#2613=CARTESIAN_POINT('',(-24.,16.5,60.96));
#2614=CARTESIAN_POINT('',(-24.,16.5,27.48));
#2615=CARTESIAN_POINT('',(-28.,16.5,60.96));
#2616=CARTESIAN_POINT('',(13.999999884516,16.5,60.96));
#2617=CARTESIAN_POINT('',(-28.,16.5,0.));
#2618=CARTESIAN_POINT('',(-28.,16.5,0.));
#2619=CARTESIAN_POINT('',(-24.,16.5,0.));
#2620=CARTESIAN_POINT('Origin',(4.44089209850063E-15,21.,54.96));
#2621=CARTESIAN_POINT('',(-24.,22.7,54.96));
#2622=CARTESIAN_POINT('',(-24.,19.3,54.96));
#2623=CARTESIAN_POINT('',(-24.,23.25,54.96));
#2624=CARTESIAN_POINT('',(-28.2,19.3,54.96));
#2625=CARTESIAN_POINT('',(-12.,19.3,54.96));
#2626=CARTESIAN_POINT('',(-28.2,22.7,54.96));
#2627=CARTESIAN_POINT('',(-28.2,20.2500000000001,54.96));
#2628=CARTESIAN_POINT('',(-14.,22.7000000000001,54.96));
#2629=CARTESIAN_POINT('Origin',(4.44089209850063E-15,21.,54.96));
#2630=CARTESIAN_POINT('',(24.,19.3,54.96));
#2631=CARTESIAN_POINT('',(24.,22.7,54.96));
#2632=CARTESIAN_POINT('',(24.,18.75,54.96));
#2633=CARTESIAN_POINT('',(28.2,22.7,54.96));
#2634=CARTESIAN_POINT('',(12.,22.7000000000001,54.96));
#2635=CARTESIAN_POINT('',(28.2,19.3,54.96));
#2636=CARTESIAN_POINT('',(28.2,21.7500000000001,54.96));
#2637=CARTESIAN_POINT('',(14.,19.3,54.96));
#2638=CARTESIAN_POINT('Origin',(-24.,25.5,0.));
#2639=CARTESIAN_POINT('',(-24.,25.5,0.));
#2640=CARTESIAN_POINT('',(-24.,25.5,60.96));
#2641=CARTESIAN_POINT('',(-24.,25.5,0.));
#2642=CARTESIAN_POINT('',(-31.,25.5,0.));
#2643=CARTESIAN_POINT('',(-31.,25.5,0.));
#2644=CARTESIAN_POINT('',(-31.000000461936,25.5000003799796,60.96));
#2645=CARTESIAN_POINT('',(-31.,25.5,0.));
#2646=CARTESIAN_POINT('',(-31.000000461936,25.5000003799796,60.96));
#2647=CARTESIAN_POINT('Origin',(0.,0.,57.96));
#2648=CARTESIAN_POINT('',(-3.,3.67394039744206E-16,29.96));
#2649=CARTESIAN_POINT('Origin',(0.,0.,29.96));
#2650=CARTESIAN_POINT('',(-3.,-3.67394039744206E-16,26.96));
#2651=CARTESIAN_POINT('',(-3.,3.67394039744206E-16,57.96));
#2652=CARTESIAN_POINT('Origin',(0.,0.,26.96));
#2653=CARTESIAN_POINT('Origin',(-22.,10.,54.96));
#2654=CARTESIAN_POINT('',(-23.75,10.,51.96));
#2655=CARTESIAN_POINT('Origin',(-22.,10.,51.96));
#2656=CARTESIAN_POINT('',(-23.75,10.,54.96));
#2657=CARTESIAN_POINT('',(-23.75,10.,54.96));
#2658=CARTESIAN_POINT('Origin',(-22.,10.,54.96));
#2659=CARTESIAN_POINT('Origin',(-28.,12.9999999999999,54.96));
#2660=CARTESIAN_POINT('',(-22.,13.,54.96));
#2661=CARTESIAN_POINT('',(-28.,12.9999999999999,54.96));
#2662=CARTESIAN_POINT('',(-22.,13.,54.96));
#2663=CARTESIAN_POINT('',(-22.,13.,51.96));
#2664=CARTESIAN_POINT('',(-22.,13.,54.96));
#2665=CARTESIAN_POINT('',(-28.,12.9999999999999,51.96));
#2666=CARTESIAN_POINT('',(-22.,13.,51.96));
#2667=CARTESIAN_POINT('',(-28.,12.9999999999999,27.48));
#2668=CARTESIAN_POINT('Origin',(-22.,7.,54.96));
#2669=CARTESIAN_POINT('',(-22.,7.,54.96));
#2670=CARTESIAN_POINT('',(-28.,7.,54.96));
#2671=CARTESIAN_POINT('',(-22.,7.,54.96));
#2672=CARTESIAN_POINT('',(-28.,7.,51.96));
#2673=CARTESIAN_POINT('',(-28.,7.,27.48));
#2674=CARTESIAN_POINT('',(-22.,7.,51.96));
#2675=CARTESIAN_POINT('',(-22.,7.,51.96));
#2676=CARTESIAN_POINT('',(-22.,7.,54.96));
#2677=CARTESIAN_POINT('Origin',(-22.,10.,54.96));
#2678=CARTESIAN_POINT('Origin',(-22.,10.,54.96));
#2679=CARTESIAN_POINT('Origin',(-22.,10.,51.96));
#2680=CARTESIAN_POINT('Origin',(-23.5,10.,51.96));
#2681=CARTESIAN_POINT('',(-28.,-3.25,51.96));
#2682=CARTESIAN_POINT('Origin',(-23.5,10.,54.96));
#2683=CARTESIAN_POINT('',(-28.,-3.25,54.96));
#2684=CARTESIAN_POINT('Origin',(22.,10.,54.96));
#2685=CARTESIAN_POINT('',(20.25,10.,51.96));
#2686=CARTESIAN_POINT('Origin',(22.,10.,51.96));
#2687=CARTESIAN_POINT('',(20.25,10.,54.96));
#2688=CARTESIAN_POINT('',(20.25,10.,54.96));
#2689=CARTESIAN_POINT('Origin',(22.,10.,54.96));
#2690=CARTESIAN_POINT('Origin',(22.,10.,54.96));
#2691=CARTESIAN_POINT('',(22.,7.,54.96));
#2692=CARTESIAN_POINT('',(22.,13.,54.96));
#2693=CARTESIAN_POINT('Origin',(22.,10.,54.96));
#2694=CARTESIAN_POINT('',(22.,13.,51.96));
#2695=CARTESIAN_POINT('',(22.,13.,54.96));
#2696=CARTESIAN_POINT('',(22.,7.,51.96));
#2697=CARTESIAN_POINT('Origin',(22.,10.,51.96));
#2698=CARTESIAN_POINT('',(22.,7.,54.96));
#2699=CARTESIAN_POINT('Origin',(28.,7.,54.96));
#2700=CARTESIAN_POINT('',(28.,7.,54.96));
#2701=CARTESIAN_POINT('',(22.,7.,54.96));
#2702=CARTESIAN_POINT('',(28.,7.,51.96));
#2703=CARTESIAN_POINT('',(22.,7.,51.96));
#2704=CARTESIAN_POINT('',(28.,7.,27.48));
#2705=CARTESIAN_POINT('Origin',(22.,13.,54.96));
#2706=CARTESIAN_POINT('',(28.,12.9999999999999,54.96));
#2707=CARTESIAN_POINT('',(22.,13.,54.96));
#2708=CARTESIAN_POINT('',(28.,12.9999999999999,51.96));
#2709=CARTESIAN_POINT('',(28.,12.9999999999999,27.48));
#2710=CARTESIAN_POINT('',(22.,13.,51.96));
#2711=CARTESIAN_POINT('Origin',(23.5,10.,51.96));
#2712=CARTESIAN_POINT('',(28.,13.25,51.96));
#2713=CARTESIAN_POINT('Origin',(23.5,10.,54.96));
#2714=CARTESIAN_POINT('',(28.,13.25,54.96));
#2715=CARTESIAN_POINT('Origin',(-22.,-10.,54.96));
#2716=CARTESIAN_POINT('',(-23.75,-10.,51.96));
#2717=CARTESIAN_POINT('Origin',(-22.,-10.,51.96));
#2718=CARTESIAN_POINT('',(-23.75,-10.,54.96));
#2719=CARTESIAN_POINT('',(-23.75,-10.,54.96));
#2720=CARTESIAN_POINT('Origin',(-22.,-10.,54.96));
#2721=CARTESIAN_POINT('Origin',(-28.,-7.00000000000001,54.96));
#2722=CARTESIAN_POINT('',(-22.,-7.,54.96));
#2723=CARTESIAN_POINT('',(-28.,-7.00000000000001,54.96));
#2724=CARTESIAN_POINT('',(-22.,-7.,54.96));
#2725=CARTESIAN_POINT('',(-22.,-7.,51.96));
#2726=CARTESIAN_POINT('',(-22.,-7.,54.96));
#2727=CARTESIAN_POINT('',(-28.,-7.00000000000001,51.96));
#2728=CARTESIAN_POINT('',(-22.,-7.,51.96));
#2729=CARTESIAN_POINT('',(-28.,-7.00000000000001,27.48));
#2730=CARTESIAN_POINT('Origin',(-22.,-13.,54.96));
#2731=CARTESIAN_POINT('',(-22.,-13.,54.96));
#2732=CARTESIAN_POINT('',(-28.,-12.9999999999999,54.96));
#2733=CARTESIAN_POINT('',(-22.,-13.,54.96));
#2734=CARTESIAN_POINT('',(-28.,-12.9999999999999,51.96));
#2735=CARTESIAN_POINT('',(-28.,-12.9999999999999,27.48));
#2736=CARTESIAN_POINT('',(-22.,-13.,51.96));
#2737=CARTESIAN_POINT('',(-22.,-13.,51.96));
#2738=CARTESIAN_POINT('',(-22.,-13.,54.96));
#2739=CARTESIAN_POINT('Origin',(-22.,-10.,54.96));
#2740=CARTESIAN_POINT('Origin',(-22.,-10.,54.96));
#2741=CARTESIAN_POINT('Origin',(-22.,-10.,51.96));
#2742=CARTESIAN_POINT('Origin',(-23.5,-10.,51.96));
#2743=CARTESIAN_POINT('',(-28.,-13.25,51.96));
#2744=CARTESIAN_POINT('Origin',(-23.5,-10.,54.96));
#2745=CARTESIAN_POINT('',(-28.,-13.25,54.96));
#2746=CARTESIAN_POINT('Origin',(22.,-10.,54.96));
#2747=CARTESIAN_POINT('',(20.25,-10.,51.96));
#2748=CARTESIAN_POINT('Origin',(22.,-10.,51.96));
#2749=CARTESIAN_POINT('',(20.25,-10.,54.96));
#2750=CARTESIAN_POINT('',(20.25,-10.,54.96));
#2751=CARTESIAN_POINT('Origin',(22.,-10.,54.96));
#2752=CARTESIAN_POINT('Origin',(28.,-12.9999999999999,54.96));
#2753=CARTESIAN_POINT('',(22.,-13.,54.96));
#2754=CARTESIAN_POINT('',(28.,-12.9999999999999,54.96));
#2755=CARTESIAN_POINT('',(22.,-13.,54.96));
#2756=CARTESIAN_POINT('',(22.,-13.,51.96));
#2757=CARTESIAN_POINT('',(22.,-13.,54.96));
#2758=CARTESIAN_POINT('',(28.,-12.9999999999999,51.96));
#2759=CARTESIAN_POINT('',(22.,-13.,51.96));
#2760=CARTESIAN_POINT('',(28.,-12.9999999999999,27.48));
#2761=CARTESIAN_POINT('Origin',(22.,-7.,54.96));
#2762=CARTESIAN_POINT('',(22.,-7.,54.96));
#2763=CARTESIAN_POINT('',(28.,-7.00000000000001,54.96));
#2764=CARTESIAN_POINT('',(22.,-7.,54.96));
#2765=CARTESIAN_POINT('',(28.,-7.00000000000001,51.96));
#2766=CARTESIAN_POINT('',(28.,-7.00000000000001,27.48));
#2767=CARTESIAN_POINT('',(22.,-7.,51.96));
#2768=CARTESIAN_POINT('',(22.,-7.,51.96));
#2769=CARTESIAN_POINT('',(22.,-7.,54.96));
#2770=CARTESIAN_POINT('Origin',(22.,-10.,54.96));
#2771=CARTESIAN_POINT('Origin',(22.,-10.,54.96));
#2772=CARTESIAN_POINT('Origin',(22.,-10.,51.96));
#2773=CARTESIAN_POINT('Origin',(23.5,-10.,51.96));
#2774=CARTESIAN_POINT('',(28.,3.25,51.96));
#2775=CARTESIAN_POINT('Origin',(23.5,-10.,54.96));
#2776=CARTESIAN_POINT('',(28.,3.25,54.96));
#2777=CARTESIAN_POINT('Origin',(-26.5,-2.04040988309488E-15,3.));
#2778=CARTESIAN_POINT('',(-24.4,-1.78323405527394E-15,0.));
#2779=CARTESIAN_POINT('Origin',(-26.5,-2.04040988309488E-15,0.));
#2780=CARTESIAN_POINT('',(-24.4,-1.78323405527394E-15,6.));
#2781=CARTESIAN_POINT('',(-24.4,-1.78323405527394E-15,3.));
#2782=CARTESIAN_POINT('Origin',(-26.5,-2.04040988309488E-15,6.));
#2783=CARTESIAN_POINT('Origin',(-26.5,-2.04040988309488E-15,6.));
#2784=CARTESIAN_POINT('Origin',(26.5,-2.04040988309488E-15,3.));
#2785=CARTESIAN_POINT('',(28.6,-1.78323405527394E-15,0.));
#2786=CARTESIAN_POINT('Origin',(26.5,-2.04040988309488E-15,0.));
#2787=CARTESIAN_POINT('',(28.6,-1.78323405527394E-15,6.));
#2788=CARTESIAN_POINT('',(28.6,-1.78323405527394E-15,3.));
#2789=CARTESIAN_POINT('Origin',(26.5,-2.04040988309488E-15,6.));
#2790=CARTESIAN_POINT('Origin',(26.5,-2.04040988309488E-15,6.));
#2791=CARTESIAN_POINT('Origin',(17.25,2.99995,9.45995));
#2792=CARTESIAN_POINT('',(28.,4.24264068711928,8.21725931288072));
#2793=CARTESIAN_POINT('',(28.,1.5,10.9599));
#2794=CARTESIAN_POINT('',(28.,8.73995,3.71995));
#2795=CARTESIAN_POINT('',(26.5299998333329,4.4999,7.96));
#2796=CARTESIAN_POINT('Origin',(26.5,-2.04040988309488E-15,12.4599));
#2797=CARTESIAN_POINT('',(26.4700001666671,4.4999,7.96));
#2798=CARTESIAN_POINT('',(17.25,4.4999,7.96));
#2799=CARTESIAN_POINT('',(22.2573593128807,1.5,10.9599));
#2800=CARTESIAN_POINT('Origin',(26.5,-2.04040988309488E-15,12.4599));
#2801=CARTESIAN_POINT('',(17.25,1.5,10.9599));
#2802=CARTESIAN_POINT('Origin',(28.,16.5,0.));
#2803=CARTESIAN_POINT('',(28.,4.24264068711928,2.22044604925031E-15));
#2804=CARTESIAN_POINT('',(28.,4.24264068711928,7.96));
#2805=CARTESIAN_POINT('',(28.,1.5,60.96));
#2806=CARTESIAN_POINT('',(28.,1.5,7.96));
#2807=CARTESIAN_POINT('',(28.,16.5,60.96));
#2808=CARTESIAN_POINT('',(28.,0.7500000949949,60.96));
#2809=CARTESIAN_POINT('',(28.,16.5,0.));
#2810=CARTESIAN_POINT('',(28.,16.5,0.));
#2811=CARTESIAN_POINT('',(28.,16.5,0.));
#2812=CARTESIAN_POINT('Origin',(9.5,1.5,57.96));
#2813=CARTESIAN_POINT('',(22.2573593128807,1.5,14.2026406871193));
#2814=CARTESIAN_POINT('',(22.2573593128807,1.5,57.96));
#2815=CARTESIAN_POINT('',(9.5,1.5,26.96));
#2816=CARTESIAN_POINT('',(6.37500000000001,1.5,30.085));
#2817=CARTESIAN_POINT('',(9.5,1.5,42.96));
#2818=CARTESIAN_POINT('',(9.5,1.5,57.96));
#2819=CARTESIAN_POINT('',(6.5,1.5,42.96));
#2820=CARTESIAN_POINT('',(9.5,1.5,42.96));
#2821=CARTESIAN_POINT('',(24.5,1.5,60.96));
#2822=CARTESIAN_POINT('',(15.5,1.5,51.96));
#2823=CARTESIAN_POINT('',(4.749999884516,1.5,60.96));
#2824=CARTESIAN_POINT('Origin',(-26.5,2.99995,9.45995));
#2825=CARTESIAN_POINT('',(-28.,1.5,10.9599));
#2826=CARTESIAN_POINT('',(-28.,4.24264068711928,8.21725931288072));
#2827=CARTESIAN_POINT('',(-28.,0.489950000000003,11.96995));
#2828=CARTESIAN_POINT('',(-22.2573593128807,1.5,10.9599));
#2829=CARTESIAN_POINT('',(-26.5,1.5,10.9599));
#2830=CARTESIAN_POINT('',(-26.4700001666671,4.4999,7.96));
#2831=CARTESIAN_POINT('Origin',(-26.5,-2.04040988309488E-15,12.4599));
#2832=CARTESIAN_POINT('',(-26.5299998333329,4.4999,7.96));
#2833=CARTESIAN_POINT('',(-26.5,4.4999,7.96));
#2834=CARTESIAN_POINT('Origin',(-26.5,-2.04040988309488E-15,12.4599));
#2835=CARTESIAN_POINT('Origin',(-28.,1.5,57.96));
#2836=CARTESIAN_POINT('',(-28.,1.5,60.96));
#2837=CARTESIAN_POINT('',(-28.,1.5,28.98));
#2838=CARTESIAN_POINT('',(-24.5,1.5,60.96));
#2839=CARTESIAN_POINT('',(-3.250000115484,1.5,60.96));
#2840=CARTESIAN_POINT('',(-6.5,1.5,42.96));
#2841=CARTESIAN_POINT('',(-20.125,1.5,56.585));
#2842=CARTESIAN_POINT('',(-9.5,1.5,42.96));
#2843=CARTESIAN_POINT('',(-9.5,1.5,42.96));
#2844=CARTESIAN_POINT('',(-9.5,1.5,26.96));
#2845=CARTESIAN_POINT('',(-9.5,1.5,57.96));
#2846=CARTESIAN_POINT('',(-22.2573593128807,1.5,14.2026406871193));
#2847=CARTESIAN_POINT('',(-11.,1.5,25.46));
#2848=CARTESIAN_POINT('',(-22.2573593128807,1.5,57.96));
#2849=CARTESIAN_POINT('Origin',(-28.,-16.5,0.));
#2850=CARTESIAN_POINT('',(-28.,4.24264068711928,2.22044604925031E-15));
#2851=CARTESIAN_POINT('',(-28.,4.24264068711928,7.96));
#2852=CARTESIAN_POINT('',(-28.,16.5,0.));
#2853=CARTESIAN_POINT('',(-28.,8.2500000949949,60.96));
#2854=CARTESIAN_POINT('Origin',(-17.25,-2.99995,9.45995));
#2855=CARTESIAN_POINT('',(-28.,-4.24264068711928,8.21725931288072));
#2856=CARTESIAN_POINT('',(-28.,-1.5,10.9599));
#2857=CARTESIAN_POINT('',(-28.,-8.73995,3.71995));
#2858=CARTESIAN_POINT('',(-26.5299998333332,-4.4999,7.96));
#2859=CARTESIAN_POINT('Origin',(-26.5,-2.04040988309488E-15,12.4599));
#2860=CARTESIAN_POINT('',(-26.4700001666668,-4.4999,7.96));
#2861=CARTESIAN_POINT('',(-17.25,-4.4999,7.96));
#2862=CARTESIAN_POINT('',(-22.2573593128807,-1.5,10.9599));
#2863=CARTESIAN_POINT('Origin',(-26.5,-2.04040988309488E-15,12.4599));
#2864=CARTESIAN_POINT('',(-17.25,-1.5,10.9599));
#2865=CARTESIAN_POINT('Origin',(-28.,-16.5,0.));
#2866=CARTESIAN_POINT('',(-28.,-4.24264068711928,2.22044604925031E-15));
#2867=CARTESIAN_POINT('',(-28.,-4.24264068711928,7.96));
#2868=CARTESIAN_POINT('',(-28.,-1.5,60.96));
#2869=CARTESIAN_POINT('',(-28.,-1.5,28.98));
#2870=CARTESIAN_POINT('',(-28.,-16.5,60.96));
#2871=CARTESIAN_POINT('',(-28.,-0.7499999050051,60.96));
#2872=CARTESIAN_POINT('',(-28.,-16.5,0.));
#2873=CARTESIAN_POINT('',(-28.,-16.5,0.));
#2874=CARTESIAN_POINT('',(-28.,16.5,0.));
#2875=CARTESIAN_POINT('Origin',(-9.5,-1.5,57.96));
#2876=CARTESIAN_POINT('',(-22.2573593128807,-1.5,14.2026406871193));
#2877=CARTESIAN_POINT('',(-22.2573593128807,-1.5,57.96));
#2878=CARTESIAN_POINT('',(-9.5,-1.5,26.96));
#2879=CARTESIAN_POINT('',(-6.37500000000001,-1.5,30.085));
#2880=CARTESIAN_POINT('',(-9.5,-1.5,42.96));
#2881=CARTESIAN_POINT('',(-9.5,-1.5,57.96));
#2882=CARTESIAN_POINT('',(-6.5,-1.5,42.96));
#2883=CARTESIAN_POINT('',(-9.5,-1.5,42.96));
#2884=CARTESIAN_POINT('',(-24.5,-1.5,60.96));
#2885=CARTESIAN_POINT('',(-15.5,-1.5,51.96));
#2886=CARTESIAN_POINT('',(-4.750000115484,-1.5,60.96));
#2887=CARTESIAN_POINT('Origin',(26.5,-2.99995,9.45995));
#2888=CARTESIAN_POINT('',(28.,-1.5,10.9599));
#2889=CARTESIAN_POINT('',(28.,-4.24264068711928,8.21725931288072));
#2890=CARTESIAN_POINT('',(28.,-0.489950000000007,11.96995));
#2891=CARTESIAN_POINT('',(22.2573593128807,-1.5,10.9599));
#2892=CARTESIAN_POINT('',(26.5,-1.5,10.9599));
#2893=CARTESIAN_POINT('',(26.4700001666668,-4.4999,7.96));
#2894=CARTESIAN_POINT('Origin',(26.5,-2.04040988309488E-15,12.4599));
#2895=CARTESIAN_POINT('',(26.5299998333332,-4.4999,7.96));
#2896=CARTESIAN_POINT('',(26.5,-4.4999,7.96));
#2897=CARTESIAN_POINT('Origin',(26.5,-2.04040988309488E-15,12.4599));
#2898=CARTESIAN_POINT('Origin',(28.,-1.5,57.96));
#2899=CARTESIAN_POINT('',(28.,-1.5,60.96));
#2900=CARTESIAN_POINT('',(28.,-1.5,28.98));
#2901=CARTESIAN_POINT('',(24.5,-1.5,60.96));
#2902=CARTESIAN_POINT('',(3.249999884516,-1.5,60.96));
#2903=CARTESIAN_POINT('',(6.5,-1.5,42.96));
#2904=CARTESIAN_POINT('',(20.125,-1.5,56.585));
#2905=CARTESIAN_POINT('',(9.5,-1.5,42.96));
#2906=CARTESIAN_POINT('',(9.5,-1.5,42.96));
#2907=CARTESIAN_POINT('',(9.5,-1.5,26.96));
#2908=CARTESIAN_POINT('',(9.5,-1.5,57.96));
#2909=CARTESIAN_POINT('',(22.2573593128807,-1.5,14.2026406871193));
#2910=CARTESIAN_POINT('',(11.,-1.5,25.46));
#2911=CARTESIAN_POINT('',(22.2573593128807,-1.5,57.96));
#2912=CARTESIAN_POINT('Origin',(28.,16.5,0.));
#2913=CARTESIAN_POINT('',(28.,-4.24264068711928,2.22044604925031E-15));
#2914=CARTESIAN_POINT('',(28.,-4.24264068711928,7.96));
#2915=CARTESIAN_POINT('',(28.,-16.5,0.));
#2916=CARTESIAN_POINT('',(28.,16.5,0.));
#2917=CARTESIAN_POINT('',(28.,-16.5,60.96));
#2918=CARTESIAN_POINT('',(28.,-16.5,0.));
#2919=CARTESIAN_POINT('',(28.,-8.2499999050051,60.96));
#2920=CARTESIAN_POINT('Origin',(26.5,-2.04040988309488E-15,7.96));
#2921=CARTESIAN_POINT('Origin',(26.5,-2.04040988309488E-15,7.96));
#2922=CARTESIAN_POINT('Origin',(26.5,-2.04040988309488E-15,2.22044604925031E-15));
#2923=CARTESIAN_POINT('Origin',(26.5,-2.04040988309488E-15,7.96));
#2924=CARTESIAN_POINT('Origin',(26.5,-2.04040988309488E-15,9.96));
#2925=CARTESIAN_POINT('Origin',(25.,-2.22044604925031E-15,7.96));
#2926=CARTESIAN_POINT('Origin',(25.,-2.22044604925031E-15,7.96));
#2927=CARTESIAN_POINT('Origin',(18.75,8.25,17.71));
#2928=CARTESIAN_POINT('',(9.50000000000001,8.25,26.96));
#2929=CARTESIAN_POINT('Origin',(-18.75,-8.25,17.71));
#2930=CARTESIAN_POINT('Origin',(-26.5,-2.04040988309488E-15,9.96));
#2931=CARTESIAN_POINT('',(-9.50000000000001,-8.25,26.96));
#2932=CARTESIAN_POINT('Origin',(-25.,-2.22044604925031E-15,7.96));
#2933=CARTESIAN_POINT('Origin',(-26.5,-2.04040988309488E-15,7.96));
#2934=CARTESIAN_POINT('Origin',(-25.,-2.22044604925031E-15,7.96));
#2935=CARTESIAN_POINT('Origin',(-26.5,-2.04040988309488E-15,7.96));
#2936=CARTESIAN_POINT('Origin',(-26.5,-2.04040988309488E-15,7.96));
#2937=CARTESIAN_POINT('Origin',(-26.5,-2.04040988309488E-15,2.22044604925031E-15));
#2938=CARTESIAN_POINT('Origin',(-17.25,0.,26.96));
#2939=CARTESIAN_POINT('',(9.5,-5.5,26.96));
#2940=CARTESIAN_POINT('',(9.5,-5.5,26.96));
#2941=CARTESIAN_POINT('',(-9.5,-5.5,26.96));
#2942=CARTESIAN_POINT('',(6.5,-5.5,26.96));
#2943=CARTESIAN_POINT('',(-9.5,-5.5,26.96));
#2944=CARTESIAN_POINT('',(-9.5,5.5,26.96));
#2945=CARTESIAN_POINT('',(-9.5,-5.5,26.96));
#2946=CARTESIAN_POINT('',(9.5,5.5,26.96));
#2947=CARTESIAN_POINT('',(-9.5,5.5,26.96));
#2948=CARTESIAN_POINT('',(9.5,-5.5,26.96));
#2949=CARTESIAN_POINT('',(-5.4,1.65327317884893E-16,26.96));
#2950=CARTESIAN_POINT('Origin',(-4.5,2.75545529808154E-16,26.96));
#2951=CARTESIAN_POINT('',(3.6,-3.85763741731416E-16,26.96));
#2952=CARTESIAN_POINT('Origin',(4.5,-2.75545529808154E-16,26.96));
#2953=CARTESIAN_POINT('Origin',(0.,-21.,54.96));
#2954=CARTESIAN_POINT('',(28.2,-19.3,54.96));
#2955=CARTESIAN_POINT('',(24.,-19.3,54.96));
#2956=CARTESIAN_POINT('',(12.,-19.3,54.96));
#2957=CARTESIAN_POINT('',(28.2,-22.7,54.96));
#2958=CARTESIAN_POINT('',(28.2,-20.25,54.96));
#2959=CARTESIAN_POINT('',(24.,-22.7,54.96));
#2960=CARTESIAN_POINT('',(14.,-22.7,54.96));
#2961=CARTESIAN_POINT('',(24.,-25.5,54.96));
#2962=CARTESIAN_POINT('',(24.,-21.75,54.96));
#2963=CARTESIAN_POINT('',(-24.,-25.5,54.96));
#2964=CARTESIAN_POINT('',(24.,-25.5,54.96));
#2965=CARTESIAN_POINT('',(-24.,-22.7,54.96));
#2966=CARTESIAN_POINT('',(-24.,-23.25,54.96));
#2967=CARTESIAN_POINT('',(-28.2,-22.7,54.96));
#2968=CARTESIAN_POINT('',(-12.,-22.7,54.96));
#2969=CARTESIAN_POINT('',(-28.2,-19.3,54.96));
#2970=CARTESIAN_POINT('',(-28.2,-21.75,54.96));
#2971=CARTESIAN_POINT('',(-24.,-19.3,54.96));
#2972=CARTESIAN_POINT('',(-14.,-19.3,54.96));
#2973=CARTESIAN_POINT('',(-24.,-16.5,54.96));
#2974=CARTESIAN_POINT('',(-24.,-20.2499999999999,54.96));
#2975=CARTESIAN_POINT('',(24.,-16.5,54.96));
#2976=CARTESIAN_POINT('',(24.,-16.5,54.96));
#2977=CARTESIAN_POINT('',(24.,-18.7499999999999,54.96));
#2978=CARTESIAN_POINT('Origin',(24.,-22.5,0.));
#2979=CARTESIAN_POINT('',(24.,-22.7,0.));
#2980=CARTESIAN_POINT('',(24.,-22.7,0.));
#2981=CARTESIAN_POINT('',(24.,-25.5,0.));
#2982=CARTESIAN_POINT('',(24.,-22.5,0.));
#2983=CARTESIAN_POINT('',(24.,-25.5,0.));
#2984=CARTESIAN_POINT('Origin',(28.,-22.7,0.));
#2985=CARTESIAN_POINT('',(28.2,-22.7,0.));
#2986=CARTESIAN_POINT('',(28.2,-22.7,0.));
#2987=CARTESIAN_POINT('',(27.75,-22.7,0.));
#2988=CARTESIAN_POINT('Origin',(28.2,-19.5,0.));
#2989=CARTESIAN_POINT('',(28.2,-19.3,0.));
#2990=CARTESIAN_POINT('',(28.2,-19.3,0.));
#2991=CARTESIAN_POINT('',(28.2,-9.75,0.));
#2992=CARTESIAN_POINT('Origin',(24.,-19.3,0.));
#2993=CARTESIAN_POINT('',(24.,-19.3,0.));
#2994=CARTESIAN_POINT('',(24.,-19.3,0.));
#2995=CARTESIAN_POINT('',(25.75,-19.3,0.));
#2996=CARTESIAN_POINT('Origin',(-28.,22.7,0.));
#2997=CARTESIAN_POINT('',(-28.2,22.7,0.));
#2998=CARTESIAN_POINT('',(-28.2,22.7,0.));
#2999=CARTESIAN_POINT('',(-24.,22.7,0.));
#3000=CARTESIAN_POINT('',(-27.75,22.7,0.));
#3001=CARTESIAN_POINT('',(-24.,22.7,0.));
#3002=CARTESIAN_POINT('Origin',(-28.2,19.5,0.));
#3003=CARTESIAN_POINT('',(-28.2,19.3,0.));
#3004=CARTESIAN_POINT('',(-28.2,19.3,0.));
#3005=CARTESIAN_POINT('',(-28.2000000000001,9.75000000000001,0.));
#3006=CARTESIAN_POINT('Origin',(-24.,19.3,0.));
#3007=CARTESIAN_POINT('',(-24.,19.3,0.));
#3008=CARTESIAN_POINT('',(-24.,19.3,0.));
#3009=CARTESIAN_POINT('',(-25.75,19.3,0.));
#3010=CARTESIAN_POINT('Origin',(-8.75,3.5,40.96));
#3011=CARTESIAN_POINT('',(-9.5,5.5,38.96));
#3012=CARTESIAN_POINT('',(-9.5,-1.25,45.71));
#3013=CARTESIAN_POINT('',(-6.5,5.5,38.96));
#3014=CARTESIAN_POINT('',(-6.5,-0.249999999999999,44.71));
#3015=CARTESIAN_POINT('',(-8.75,5.5,38.96));
#3016=CARTESIAN_POINT('Origin',(-9.5,5.5,57.96));
#3017=CARTESIAN_POINT('',(-6.5,5.5,29.96));
#3018=CARTESIAN_POINT('',(-6.5,5.5,57.96));
#3019=CARTESIAN_POINT('',(6.5,5.5,29.96));
#3020=CARTESIAN_POINT('',(-9.5,5.5,29.96));
#3021=CARTESIAN_POINT('',(6.5,5.5,38.96));
#3022=CARTESIAN_POINT('',(6.5,5.5,57.96));
#3023=CARTESIAN_POINT('',(9.5,5.5,38.96));
#3024=CARTESIAN_POINT('',(-0.75,5.5,38.96));
#3025=CARTESIAN_POINT('',(9.5,5.5,57.96));
#3026=CARTESIAN_POINT('',(-9.5,5.5,57.96));
#3027=CARTESIAN_POINT('Origin',(-6.5,5.5,57.96));
#3028=CARTESIAN_POINT('',(-6.5,2.7500000949949,42.96));
#3029=CARTESIAN_POINT('',(-6.5,-5.5,38.96));
#3030=CARTESIAN_POINT('',(-6.5,3.,47.46));
#3031=CARTESIAN_POINT('',(-6.5,-5.5,29.96));
#3032=CARTESIAN_POINT('',(-6.5,-5.5,57.96));
#3033=CARTESIAN_POINT('',(-6.5,2.75,29.96));
#3034=CARTESIAN_POINT('Origin',(-7.25,-3.5,40.96));
#3035=CARTESIAN_POINT('',(-9.5,-5.5,38.96));
#3036=CARTESIAN_POINT('',(-9.5,0.249999999999999,44.71));
#3037=CARTESIAN_POINT('',(-7.25,-5.5,38.96));
#3038=CARTESIAN_POINT('Origin',(-6.5,-5.5,57.96));
#3039=CARTESIAN_POINT('',(-9.5,-5.5,57.96));
#3040=CARTESIAN_POINT('',(9.5,-5.5,38.96));
#3041=CARTESIAN_POINT('',(9.5,-5.5,57.96));
#3042=CARTESIAN_POINT('',(6.5,-5.5,38.96));
#3043=CARTESIAN_POINT('',(0.75,-5.5,38.96));
#3044=CARTESIAN_POINT('',(6.5,-5.5,29.96));
#3045=CARTESIAN_POINT('',(6.5,-5.5,57.96));
#3046=CARTESIAN_POINT('',(6.5,-5.5,29.96));
#3047=CARTESIAN_POINT('Origin',(-9.5,-5.5,57.96));
#3048=CARTESIAN_POINT('Origin',(0.75,-3.5,40.96));
#3049=CARTESIAN_POINT('',(9.5,1.25,45.71));
#3050=CARTESIAN_POINT('',(6.5,0.249999999999999,44.71));
#3051=CARTESIAN_POINT('Origin',(6.5,-5.5,57.96));
#3052=CARTESIAN_POINT('',(6.5,-2.7499999050051,42.96));
#3053=CARTESIAN_POINT('',(6.5,-3.,47.46));
#3054=CARTESIAN_POINT('',(6.5,-2.75,29.96));
#3055=CARTESIAN_POINT('Origin',(-0.75,3.5,40.96));
#3056=CARTESIAN_POINT('',(9.5,-0.249999999999999,44.71));
#3057=CARTESIAN_POINT('Origin',(15.5,-2.7499999050051,51.96));
#3058=CARTESIAN_POINT('',(24.5,-2.7499999050051,60.96));
#3059=CARTESIAN_POINT('Origin',(-15.5,2.7500000949949,51.96));
#3060=CARTESIAN_POINT('',(-24.5,2.7500000949949,60.96));
#3061=CARTESIAN_POINT('Origin',(-2.30968004721888E-7,1.89989801668844E-7,
60.96));
#3062=CARTESIAN_POINT('',(24.,25.5,60.96));
#3063=CARTESIAN_POINT('',(24.,16.5,60.96));
#3064=CARTESIAN_POINT('',(24.,8.2500000949949,60.96));
#3065=CARTESIAN_POINT('',(13.999999884516,16.5,60.96));
#3066=CARTESIAN_POINT('',(-14.000000115484,-16.5,60.96));
#3067=CARTESIAN_POINT('',(-24.,12.7500000949949,60.96));
#3068=CARTESIAN_POINT('',(-31.000000461936,-25.5,60.96));
#3069=CARTESIAN_POINT('',(-31.000000461936,-25.5,60.96));
#3070=CARTESIAN_POINT('',(31.,-25.5,60.96));
#3071=CARTESIAN_POINT('',(31.,-25.5,60.96));
#3072=CARTESIAN_POINT('',(31.,25.5000003799796,60.96));
#3073=CARTESIAN_POINT('',(31.,25.5000003799796,60.96));
#3074=CARTESIAN_POINT('',(-31.000000461936,25.5000003799796,60.96));
#3075=CARTESIAN_POINT('Origin',(9.5,5.5,57.96));
#3076=CARTESIAN_POINT('Origin',(-9.5,1.5,57.96));
#3077=CARTESIAN_POINT('Origin',(9.5,-1.5,57.96));
#3078=CARTESIAN_POINT('Origin',(-4.5,2.75545529808154E-16,57.96));
#3079=CARTESIAN_POINT('',(-5.4,3.85763741731416E-16,29.96));
#3080=CARTESIAN_POINT('Origin',(-4.5,2.75545529808154E-16,29.96));
#3081=CARTESIAN_POINT('',(-5.4,3.85763741731416E-16,57.96));
#3082=CARTESIAN_POINT('Origin',(4.5,-2.75545529808154E-16,57.96));
#3083=CARTESIAN_POINT('',(3.6,-1.65327317884893E-16,29.96));
#3084=CARTESIAN_POINT('Origin',(4.5,-2.75545529808154E-16,29.96));
#3085=CARTESIAN_POINT('',(3.6,-1.65327317884893E-16,57.96));
#3086=CARTESIAN_POINT('Origin',(0.,0.,29.96));
#3087=CARTESIAN_POINT('Origin',(28.2,22.5,0.));
#3088=CARTESIAN_POINT('',(28.2,22.7,0.));
#3089=CARTESIAN_POINT('',(28.2,22.7,0.));
#3090=CARTESIAN_POINT('',(28.2,19.3,0.));
#3091=CARTESIAN_POINT('',(28.2000000000001,11.25,0.));
#3092=CARTESIAN_POINT('',(28.2,19.3,0.));
#3093=CARTESIAN_POINT('Origin',(24.,22.7,0.));
#3094=CARTESIAN_POINT('',(24.,22.7,0.));
#3095=CARTESIAN_POINT('',(24.,22.7,0.));
#3096=CARTESIAN_POINT('',(25.75,22.7,0.));
#3097=CARTESIAN_POINT('Origin',(31.,-25.5,0.));
#3098=CARTESIAN_POINT('',(31.,25.5,0.));
#3099=CARTESIAN_POINT('',(31.,-25.5,0.));
#3100=CARTESIAN_POINT('',(31.,-16.5,0.));
#3101=CARTESIAN_POINT('',(31.,25.5,0.));
#3102=CARTESIAN_POINT('',(31.,-25.5,0.));
#3103=CARTESIAN_POINT('Origin',(24.,-16.5,0.));
#3104=CARTESIAN_POINT('',(24.,-16.5,0.));
#3105=CARTESIAN_POINT('',(24.,-16.5,0.));
#3106=CARTESIAN_POINT('',(24.,-19.5,0.));
#3107=CARTESIAN_POINT('Origin',(24.,19.5,0.));
#3108=CARTESIAN_POINT('',(24.,19.3,0.));
#3109=CARTESIAN_POINT('',(24.,19.3,0.));
#3110=CARTESIAN_POINT('',(24.,16.5,0.));
#3111=CARTESIAN_POINT('',(24.,19.5,0.));
#3112=CARTESIAN_POINT('',(24.,16.5,0.));
#3113=CARTESIAN_POINT('',(24.,25.5,0.));
#3114=CARTESIAN_POINT('',(24.,25.5,27.48));
#3115=CARTESIAN_POINT('',(24.,22.5,0.));
#3116=CARTESIAN_POINT('Origin',(28.,19.3,0.));
#3117=CARTESIAN_POINT('',(27.75,19.3,0.));
#3118=CARTESIAN_POINT('Origin',(27.5,4.44089209850063E-15,0.));
#3119=CARTESIAN_POINT('',(24.,16.5,0.));
#3120=CARTESIAN_POINT('',(31.,25.5,0.));
#3121=CARTESIAN_POINT('',(31.,-25.5,0.));
#3122=CARTESIAN_POINT('',(24.,-16.5,0.));
#3123=CARTESIAN_POINT('Origin',(-24.,16.5,0.));
#3124=CARTESIAN_POINT('',(-24.,19.5,0.));
#3125=CARTESIAN_POINT('',(-24.,22.5,0.));
#3126=CARTESIAN_POINT('Origin',(-28.,16.5,0.));
#3127=CARTESIAN_POINT('Origin',(-24.,-16.5,0.));
#3128=CARTESIAN_POINT('',(-24.,-16.5,0.));
#3129=CARTESIAN_POINT('',(-24.,-16.5,0.));
#3130=CARTESIAN_POINT('',(-24.,-16.5,0.));
#3131=CARTESIAN_POINT('Origin',(-24.,-19.5,0.));
#3132=CARTESIAN_POINT('',(-24.,-19.3,0.));
#3133=CARTESIAN_POINT('',(-24.,-19.3,0.));
#3134=CARTESIAN_POINT('',(-24.,-19.5,0.));
#3135=CARTESIAN_POINT('Origin',(-28.,-19.3,0.));
#3136=CARTESIAN_POINT('',(-28.2,-19.3,0.));
#3137=CARTESIAN_POINT('',(-28.2,-19.3,0.));
#3138=CARTESIAN_POINT('',(-27.75,-19.3,0.));
#3139=CARTESIAN_POINT('Origin',(-28.2,-22.5,0.));
#3140=CARTESIAN_POINT('',(-28.2,-22.7,0.));
#3141=CARTESIAN_POINT('',(-28.2,-22.7,0.));
#3142=CARTESIAN_POINT('',(-28.2,-11.25,0.));
#3143=CARTESIAN_POINT('Origin',(-24.,-22.7,0.));
#3144=CARTESIAN_POINT('',(-24.,-22.7,0.));
#3145=CARTESIAN_POINT('',(-24.,-22.7,0.));
#3146=CARTESIAN_POINT('',(-25.75,-22.7,0.));
#3147=CARTESIAN_POINT('Origin',(-24.,-25.5,0.));
#3148=CARTESIAN_POINT('',(-24.,-25.5,0.));
#3149=CARTESIAN_POINT('',(-24.,-25.5,0.));
#3150=CARTESIAN_POINT('',(-24.,-22.5,0.));
#3151=CARTESIAN_POINT('Origin',(-31.,-25.5,0.));
#3152=CARTESIAN_POINT('',(-31.,-25.5,0.));
#3153=CARTESIAN_POINT('',(-31.,-25.5,0.));
#3154=CARTESIAN_POINT('',(-31.,-25.5,0.));
#3155=CARTESIAN_POINT('Origin',(-31.,25.5,0.));
#3156=CARTESIAN_POINT('',(-31.,16.5,0.));
#3157=CARTESIAN_POINT('Origin',(-24.,25.5,0.));
#3158=CARTESIAN_POINT('Origin',(-27.5,4.44089209850063E-15,0.));
#3159=UNCERTAINTY_MEASURE_WITH_UNIT(LENGTH_MEASURE(0.01),#3163,
'DISTANCE_ACCURACY_VALUE',
'Maximum model space distance between geometric entities at asserted c
onnectivities');
#3160=UNCERTAINTY_MEASURE_WITH_UNIT(LENGTH_MEASURE(0.01),#3163,
'DISTANCE_ACCURACY_VALUE',
'Maximum model space distance between geometric entities at asserted c
onnectivities');
#3161=(
GEOMETRIC_REPRESENTATION_CONTEXT(3)
GLOBAL_UNCERTAINTY_ASSIGNED_CONTEXT((#3159))
GLOBAL_UNIT_ASSIGNED_CONTEXT((#3163,#3165,#3166))
REPRESENTATION_CONTEXT('','3D')
);
#3162=(
GEOMETRIC_REPRESENTATION_CONTEXT(3)
GLOBAL_UNCERTAINTY_ASSIGNED_CONTEXT((#3160))
GLOBAL_UNIT_ASSIGNED_CONTEXT((#3163,#3165,#3166))
REPRESENTATION_CONTEXT('','3D')
);
#3163=(
LENGTH_UNIT()
NAMED_UNIT(*)
SI_UNIT(.MILLI.,.METRE.)
);
#3164=(
LENGTH_UNIT()
NAMED_UNIT(*)
SI_UNIT($,.METRE.)
);
#3165=(
NAMED_UNIT(*)
PLANE_ANGLE_UNIT()
SI_UNIT($,.RADIAN.)
);
#3166=(
NAMED_UNIT(*)
SI_UNIT($,.STERADIAN.)
SOLID_ANGLE_UNIT()
);
#3167=SHAPE_DEFINITION_REPRESENTATION(#3168,#3169);
#3168=PRODUCT_DEFINITION_SHAPE('',$,#3171);
#3169=SHAPE_REPRESENTATION('',(#1955),#3161);
#3170=PRODUCT_DEFINITION_CONTEXT('part definition',#3175,'design');
#3171=PRODUCT_DEFINITION('Pot','Pot v21',#3172,#3170);
#3172=PRODUCT_DEFINITION_FORMATION('',$,#3177);
#3173=PRODUCT_RELATED_PRODUCT_CATEGORY('Pot v21','Pot v21',(#3177));
#3174=APPLICATION_PROTOCOL_DEFINITION('international standard',
'automotive_design',2009,#3175);
#3175=APPLICATION_CONTEXT(
'Core Data for Automotive Mechanical Design Process');
#3176=PRODUCT_CONTEXT('part definition',#3175,'mechanical');
#3177=PRODUCT('Pot','Pot v21',$,(#3176));
#3178=PRESENTATION_STYLE_ASSIGNMENT((#3179));
#3179=SURFACE_STYLE_USAGE(.BOTH.,#3180);
#3180=SURFACE_SIDE_STYLE('',(#3181));
#3181=SURFACE_STYLE_FILL_AREA(#3182);
#3182=FILL_AREA_STYLE('Steel - Satin',(#3183));
#3183=FILL_AREA_STYLE_COLOUR('Steel - Satin',#3184);
#3184=COLOUR_RGB('Steel - Satin',0.627450980392157,0.627450980392157,0.627450980392157);
ENDSEC;
END-ISO-10303-21;
