ISO-10303-21;
HEADER;
/* Generated by software containing ST-Developer
 * from STEP Tools, Inc. (www.steptools.com) 
 */

FILE_DESCRIPTION(
/* description */ (''),
/* implementation_level */ '2;1');

FILE_NAME(
/* name */ 'CenterRingV1_v14.step',
/* time_stamp */ '2026-08-21T09:20:35-04:00',
/* author */ (''),
/* organization */ (''),
/* preprocessor_version */ 'ST-DEVELOPER v20.1',
/* originating_system */ 'Autodesk Translation Framework v15.8.0.0',
/* authorisation */ '');

FILE_SCHEMA (('AUTOMOTIVE_DESIGN { 1 0 10303 214 3 1 1 }'));
ENDSEC;

DATA;
#10=MECHANICAL_DESIGN_GEOMETRIC_PRESENTATION_REPRESENTATION('',(#13),#5364);
#11=SHAPE_REPRESENTATION_RELATIONSHIP('SRR','None',#5371,#12);
#12=ADVANCED_BREP_SHAPE_REPRESENTATION('',(#14),#5363);
#13=STYLED_ITEM('',(#5381),#14);
#14=MANIFOLD_SOLID_BREP('Body5',#3066);
#15=(
BOUNDED_CURVE()
B_SPLINE_CURVE(2,(#5044,#5045,#5046),.UNSPECIFIED.,.F.,.F.)
B_SPLINE_CURVE_WITH_KNOTS((3,3),(0.,0.101263766029008),.UNSPECIFIED.)
CURVE()
GEOMETRIC_REPRESENTATION_ITEM()
RATIONAL_B_SPLINE_CURVE((1.,1.,1.))
REPRESENTATION_ITEM('')
);
#16=(
BOUNDED_CURVE()
B_SPLINE_CURVE(2,(#5057,#5058,#5059),.UNSPECIFIED.,.F.,.F.)
B_SPLINE_CURVE_WITH_KNOTS((3,3),(0.,0.101263766029008),.UNSPECIFIED.)
CURVE()
GEOMETRIC_REPRESENTATION_ITEM()
RATIONAL_B_SPLINE_CURVE((1.,1.,1.))
REPRESENTATION_ITEM('')
);
#17=(
BOUNDED_CURVE()
B_SPLINE_CURVE(2,(#5061,#5062,#5063),.UNSPECIFIED.,.F.,.F.)
B_SPLINE_CURVE_WITH_KNOTS((3,3),(0.,0.101263766029008),.UNSPECIFIED.)
CURVE()
GEOMETRIC_REPRESENTATION_ITEM()
RATIONAL_B_SPLINE_CURVE((1.,1.,1.))
REPRESENTATION_ITEM('')
);
#18=(
BOUNDED_CURVE()
B_SPLINE_CURVE(2,(#5074,#5075,#5076),.UNSPECIFIED.,.F.,.F.)
B_SPLINE_CURVE_WITH_KNOTS((3,3),(0.,0.101263766029008),.UNSPECIFIED.)
CURVE()
GEOMETRIC_REPRESENTATION_ITEM()
RATIONAL_B_SPLINE_CURVE((1.,1.,1.))
REPRESENTATION_ITEM('')
);
#19=CONICAL_SURFACE('',#3279,2.85,0.0996686524911621);
#20=CONICAL_SURFACE('',#3290,2.85,0.0996686524911621);
#21=CONICAL_SURFACE('',#3300,2.85,0.0996686524911621);
#22=CONICAL_SURFACE('',#3303,2.85,0.0996686524911621);
#23=CONICAL_SURFACE('',#3305,5.15,0.0996686524911618);
#24=CONICAL_SURFACE('',#3313,5.15,0.0996686524911618);
#25=CONICAL_SURFACE('',#3314,5.15,0.0996686524911618);
#26=CONICAL_SURFACE('',#3315,0.8,0.099668652491162);
#27=CONICAL_SURFACE('',#3330,2.875,1.47112767430374);
#28=CONICAL_SURFACE('',#3337,2.875,1.47112767430373);
#29=CONICAL_SURFACE('',#3340,1.,0.0996686524911621);
#30=CONICAL_SURFACE('',#3346,1.,0.0996686524911621);
#31=CONICAL_SURFACE('',#3352,1.,0.0996686524911637);
#32=CONICAL_SURFACE('',#3353,1.,0.0996686524911638);
#33=CONICAL_SURFACE('',#3356,2.875,1.47112767430374);
#34=CONICAL_SURFACE('',#3362,2.875,1.47112767430373);
#35=CONICAL_SURFACE('',#3365,1.,0.0996686524911621);
#36=CONICAL_SURFACE('',#3369,1.,0.0996686524911621);
#37=CONICAL_SURFACE('',#3375,1.,0.0996686524911637);
#38=CONICAL_SURFACE('',#3376,1.,0.0996686524911638);
#39=CONICAL_SURFACE('',#3378,2.875,1.47112767430374);
#40=CONICAL_SURFACE('',#3384,2.875,1.47112767430373);
#41=CONICAL_SURFACE('',#3389,1.,0.0996686524911621);
#42=CONICAL_SURFACE('',#3393,1.,0.0996686524911621);
#43=CONICAL_SURFACE('',#3399,1.,0.0996686524911637);
#44=CONICAL_SURFACE('',#3400,1.,0.0996686524911638);
#45=CONICAL_SURFACE('',#3402,2.875,1.47112767430374);
#46=CONICAL_SURFACE('',#3409,2.875,1.47112767430373);
#47=CONICAL_SURFACE('',#3414,1.,0.0996686524911621);
#48=CONICAL_SURFACE('',#3420,1.,0.0996686524911621);
#49=CONICAL_SURFACE('',#3426,1.,0.0996686524911637);
#50=CONICAL_SURFACE('',#3427,1.,0.0996686524911638);
#51=CONICAL_SURFACE('',#3430,2.875,1.47112767430374);
#52=CONICAL_SURFACE('',#3436,2.875,1.47112767430373);
#53=CONICAL_SURFACE('',#3441,1.,0.0996686524911621);
#54=CONICAL_SURFACE('',#3445,1.,0.0996686524911621);
#55=CONICAL_SURFACE('',#3451,1.,0.0996686524911637);
#56=CONICAL_SURFACE('',#3452,1.,0.0996686524911638);
#57=B_SPLINE_CURVE_WITH_KNOTS('',3,(#4969,#4970,#4971,#4972),
 .UNSPECIFIED.,.F.,.F.,(4,4),(-0.100698901028516,0.),.UNSPECIFIED.);
#58=B_SPLINE_CURVE_WITH_KNOTS('',3,(#4977,#4978,#4979,#4980),
 .UNSPECIFIED.,.F.,.F.,(4,4),(-0.10069890102854,0.),.UNSPECIFIED.);
#59=B_SPLINE_CURVE_WITH_KNOTS('',3,(#5010,#5011,#5012,#5013),
 .UNSPECIFIED.,.F.,.F.,(4,4),(-0.100698901028545,0.),.UNSPECIFIED.);
#60=B_SPLINE_CURVE_WITH_KNOTS('',3,(#5018,#5019,#5020,#5021),
 .UNSPECIFIED.,.F.,.F.,(4,4),(-0.100698901028336,0.),.UNSPECIFIED.);
#61=B_SPLINE_CURVE_WITH_KNOTS('',3,(#5047,#5048,#5049,#5050),
 .UNSPECIFIED.,.F.,.F.,(4,4),(-0.100698901028743,0.),.UNSPECIFIED.);
#62=B_SPLINE_CURVE_WITH_KNOTS('',3,(#5052,#5053,#5054,#5055),
 .UNSPECIFIED.,.F.,.F.,(4,4),(-0.100698901028514,0.),.UNSPECIFIED.);
#63=B_SPLINE_CURVE_WITH_KNOTS('',3,(#5064,#5065,#5066,#5067),
 .UNSPECIFIED.,.F.,.F.,(4,4),(-0.100698901028745,0.),.UNSPECIFIED.);
#64=B_SPLINE_CURVE_WITH_KNOTS('',3,(#5069,#5070,#5071,#5072),
 .UNSPECIFIED.,.F.,.F.,(4,4),(-0.100698901028342,0.),.UNSPECIFIED.);
#65=FACE_BOUND('',#547,.T.);
#66=FACE_BOUND('',#550,.T.);
#67=FACE_BOUND('',#561,.T.);
#68=FACE_BOUND('',#572,.T.);
#69=FACE_BOUND('',#574,.T.);
#70=FACE_BOUND('',#575,.T.);
#71=FACE_BOUND('',#576,.T.);
#72=FACE_BOUND('',#588,.T.);
#73=FACE_BOUND('',#600,.T.);
#74=FACE_BOUND('',#604,.T.);
#75=FACE_BOUND('',#631,.T.);
#76=FACE_BOUND('',#634,.T.);
#77=FACE_BOUND('',#637,.T.);
#78=FACE_BOUND('',#640,.T.);
#79=FACE_BOUND('',#645,.T.);
#80=FACE_BOUND('',#652,.T.);
#81=FACE_BOUND('',#656,.T.);
#82=FACE_BOUND('',#664,.T.);
#83=FACE_BOUND('',#673,.T.);
#84=FACE_BOUND('',#680,.T.);
#85=FACE_BOUND('',#690,.T.);
#86=FACE_BOUND('',#697,.T.);
#87=FACE_BOUND('',#705,.T.);
#88=FACE_BOUND('',#709,.T.);
#89=FACE_BOUND('',#717,.T.);
#90=FACE_BOUND('',#727,.T.);
#91=TOROIDAL_SURFACE('',#3118,2.5,0.5);
#92=TOROIDAL_SURFACE('',#3124,2.875,0.5);
#93=TOROIDAL_SURFACE('',#3130,2.5,0.5);
#94=TOROIDAL_SURFACE('',#3136,2.875,0.5);
#95=TOROIDAL_SURFACE('',#3152,2.5,0.5);
#96=TOROIDAL_SURFACE('',#3158,2.875,0.5);
#97=TOROIDAL_SURFACE('',#3164,2.5,0.5);
#98=TOROIDAL_SURFACE('',#3169,2.875,0.5);
#99=TOROIDAL_SURFACE('',#3176,2.875,0.5);
#100=TOROIDAL_SURFACE('',#3183,2.5,0.5);
#101=TOROIDAL_SURFACE('',#3189,2.875,0.5);
#102=TOROIDAL_SURFACE('',#3195,2.5,0.5);
#103=TOROIDAL_SURFACE('',#3212,2.875,0.5);
#104=TOROIDAL_SURFACE('',#3219,2.5,0.5);
#105=TOROIDAL_SURFACE('',#3224,2.875,0.5);
#106=TOROIDAL_SURFACE('',#3230,2.5,0.5);
#107=TOROIDAL_SURFACE('',#3239,2.5,0.5);
#108=TOROIDAL_SURFACE('',#3245,2.875,0.5);
#109=TOROIDAL_SURFACE('',#3251,2.5,0.5);
#110=TOROIDAL_SURFACE('',#3256,2.875,0.5);
#111=TOROIDAL_SURFACE('',#3265,1.3,0.5);
#112=TOROIDAL_SURFACE('',#3275,2.3,0.5);
#113=CIRCLE('',#3116,0.5);
#114=CIRCLE('',#3117,0.5);
#115=CIRCLE('',#3119,0.499999999999999);
#116=CIRCLE('',#3120,2.5);
#117=CIRCLE('',#3121,2.);
#118=CIRCLE('',#3123,0.5);
#119=CIRCLE('',#3125,0.499999999999999);
#120=CIRCLE('',#3126,3.375);
#121=CIRCLE('',#3127,2.875);
#122=CIRCLE('',#3129,0.5);
#123=CIRCLE('',#3131,0.500000000000001);
#124=CIRCLE('',#3132,2.5);
#125=CIRCLE('',#3133,2.);
#126=CIRCLE('',#3135,0.5);
#127=CIRCLE('',#3137,2.875);
#128=CIRCLE('',#3138,3.375);
#129=CIRCLE('',#3140,2.5);
#130=CIRCLE('',#3141,2.5);
#131=CIRCLE('',#3142,2.5);
#132=CIRCLE('',#3143,2.5);
#133=CIRCLE('',#3144,5.2);
#134=CIRCLE('',#3146,3.375);
#135=CIRCLE('',#3148,1.05);
#136=CIRCLE('',#3150,0.500000000000002);
#137=CIRCLE('',#3151,0.500000000000001);
#138=CIRCLE('',#3153,0.499999999999999);
#139=CIRCLE('',#3154,2.5);
#140=CIRCLE('',#3155,2.);
#141=CIRCLE('',#3157,0.5);
#142=CIRCLE('',#3159,0.499999999999999);
#143=CIRCLE('',#3160,3.375);
#144=CIRCLE('',#3161,2.875);
#145=CIRCLE('',#3163,0.499999999999999);
#146=CIRCLE('',#3165,0.5);
#147=CIRCLE('',#3166,2.);
#148=CIRCLE('',#3168,0.500000000000001);
#149=CIRCLE('',#3170,2.875);
#150=CIRCLE('',#3171,3.375);
#151=CIRCLE('',#3173,3.375);
#152=CIRCLE('',#3175,1.05);
#153=CIRCLE('',#3177,0.499999999999998);
#154=CIRCLE('',#3178,3.375);
#155=CIRCLE('',#3179,0.499999999999999);
#156=CIRCLE('',#3180,2.875);
#157=CIRCLE('',#3182,0.5);
#158=CIRCLE('',#3184,0.5);
#159=CIRCLE('',#3185,2.);
#160=CIRCLE('',#3186,2.5);
#161=CIRCLE('',#3188,0.5);
#162=CIRCLE('',#3190,0.5);
#163=CIRCLE('',#3191,2.875);
#164=CIRCLE('',#3192,3.375);
#165=CIRCLE('',#3194,0.5);
#166=CIRCLE('',#3196,0.5);
#167=CIRCLE('',#3197,2.);
#168=CIRCLE('',#3201,1.05);
#169=CIRCLE('',#3203,2.5);
#170=CIRCLE('',#3204,2.5);
#171=CIRCLE('',#3205,2.3);
#172=CIRCLE('',#3206,5.2);
#173=CIRCLE('',#3207,2.8);
#174=CIRCLE('',#3208,5.2);
#175=CIRCLE('',#3209,2.8);
#176=CIRCLE('',#3211,3.375);
#177=CIRCLE('',#3213,0.499999999999999);
#178=CIRCLE('',#3214,3.375);
#179=CIRCLE('',#3215,0.5);
#180=CIRCLE('',#3216,2.875);
#181=CIRCLE('',#3218,0.5);
#182=CIRCLE('',#3220,0.5);
#183=CIRCLE('',#3221,2.);
#184=CIRCLE('',#3223,0.500000000000002);
#185=CIRCLE('',#3225,0.5);
#186=CIRCLE('',#3226,2.875);
#187=CIRCLE('',#3227,3.375);
#188=CIRCLE('',#3229,0.5);
#189=CIRCLE('',#3231,0.5);
#190=CIRCLE('',#3232,2.);
#191=CIRCLE('',#3236,1.05);
#192=CIRCLE('',#3238,3.375);
#193=CIRCLE('',#3240,0.499999999999999);
#194=CIRCLE('',#3241,0.5);
#195=CIRCLE('',#3242,2.);
#196=CIRCLE('',#3244,0.5);
#197=CIRCLE('',#3246,0.5);
#198=CIRCLE('',#3247,2.875);
#199=CIRCLE('',#3248,3.375);
#200=CIRCLE('',#3250,0.5);
#201=CIRCLE('',#3252,0.5);
#202=CIRCLE('',#3253,2.);
#203=CIRCLE('',#3255,0.5);
#204=CIRCLE('',#3257,0.499999999999999);
#205=CIRCLE('',#3258,2.875);
#206=CIRCLE('',#3259,3.375);
#207=CIRCLE('',#3262,3.375);
#208=CIRCLE('',#3264,1.05);
#209=CIRCLE('',#3266,1.3);
#210=CIRCLE('',#3267,0.5);
#211=CIRCLE('',#3268,1.8);
#212=CIRCLE('',#3269,1.8);
#213=CIRCLE('',#3271,1.8);
#214=CIRCLE('',#3272,1.8);
#215=CIRCLE('',#3274,0.75);
#216=CIRCLE('',#3276,0.5);
#217=CIRCLE('',#3280,2.8);
#218=CIRCLE('',#3281,2.9);
#219=CIRCLE('',#3286,2.9);
#220=CIRCLE('',#3291,2.8);
#221=CIRCLE('',#3292,2.9);
#222=CIRCLE('',#3297,2.9);
#223=CIRCLE('',#3306,5.1);
#224=CIRCLE('',#3308,5.1);
#225=CIRCLE('',#3309,5.1);
#226=CIRCLE('',#3310,5.1);
#227=CIRCLE('',#3311,5.1);
#228=CIRCLE('',#3312,5.1);
#229=CIRCLE('',#3316,0.85);
#230=CIRCLE('',#3317,0.75);
#231=CIRCLE('',#3322,1.05);
#232=CIRCLE('',#3325,1.05);
#233=CIRCLE('',#3328,1.05);
#234=CIRCLE('',#3331,2.375);
#235=CIRCLE('',#3332,3.375);
#236=CIRCLE('',#3335,1.05);
#237=CIRCLE('',#3338,2.375);
#238=CIRCLE('',#3341,1.05);
#239=CIRCLE('',#3342,0.95);
#240=CIRCLE('',#3344,0.95);
#241=CIRCLE('',#3347,1.05);
#242=CIRCLE('',#3348,0.95);
#243=CIRCLE('',#3350,0.95);
#244=CIRCLE('',#3357,2.375);
#245=CIRCLE('',#3360,1.05);
#246=CIRCLE('',#3363,2.375);
#247=CIRCLE('',#3366,0.95);
#248=CIRCLE('',#3368,0.95);
#249=CIRCLE('',#3370,1.05);
#250=CIRCLE('',#3371,0.95);
#251=CIRCLE('',#3373,0.95);
#252=CIRCLE('',#3379,2.375);
#253=CIRCLE('',#3382,1.05);
#254=CIRCLE('',#3385,2.375);
#255=CIRCLE('',#3386,3.375);
#256=CIRCLE('',#3390,0.95);
#257=CIRCLE('',#3392,0.95);
#258=CIRCLE('',#3394,1.05);
#259=CIRCLE('',#3395,0.95);
#260=CIRCLE('',#3397,0.95);
#261=CIRCLE('',#3403,2.375);
#262=CIRCLE('',#3404,3.375);
#263=CIRCLE('',#3407,1.05);
#264=CIRCLE('',#3410,2.375);
#265=CIRCLE('',#3411,3.375);
#266=CIRCLE('',#3415,1.05);
#267=CIRCLE('',#3416,0.95);
#268=CIRCLE('',#3418,0.95);
#269=CIRCLE('',#3421,1.05);
#270=CIRCLE('',#3422,0.95);
#271=CIRCLE('',#3424,0.95);
#272=CIRCLE('',#3431,2.375);
#273=CIRCLE('',#3434,1.05);
#274=CIRCLE('',#3437,2.375);
#275=CIRCLE('',#3438,3.375);
#276=CIRCLE('',#3442,0.95);
#277=CIRCLE('',#3444,0.95);
#278=CIRCLE('',#3446,1.05);
#279=CIRCLE('',#3447,0.95);
#280=CIRCLE('',#3449,0.95);
#281=PLANE('',#3083);
#282=PLANE('',#3087);
#283=PLANE('',#3091);
#284=PLANE('',#3095);
#285=PLANE('',#3099);
#286=PLANE('',#3139);
#287=PLANE('',#3147);
#288=PLANE('',#3174);
#289=PLANE('',#3200);
#290=PLANE('',#3202);
#291=PLANE('',#3235);
#292=PLANE('',#3263);
#293=PLANE('',#3273);
#294=PLANE('',#3277);
#295=PLANE('',#3282);
#296=PLANE('',#3284);
#297=PLANE('',#3287);
#298=PLANE('',#3288);
#299=PLANE('',#3293);
#300=PLANE('',#3295);
#301=PLANE('',#3298);
#302=PLANE('',#3299);
#303=PLANE('',#3301);
#304=PLANE('',#3302);
#305=PLANE('',#3304);
#306=PLANE('',#3319);
#307=PLANE('',#3321);
#308=PLANE('',#3324);
#309=PLANE('',#3327);
#310=PLANE('',#3329);
#311=PLANE('',#3333);
#312=PLANE('',#3334);
#313=PLANE('',#3336);
#314=PLANE('',#3339);
#315=PLANE('',#3345);
#316=PLANE('',#3351);
#317=PLANE('',#3355);
#318=PLANE('',#3358);
#319=PLANE('',#3359);
#320=PLANE('',#3361);
#321=PLANE('',#3364);
#322=PLANE('',#3374);
#323=PLANE('',#3377);
#324=PLANE('',#3380);
#325=PLANE('',#3381);
#326=PLANE('',#3383);
#327=PLANE('',#3387);
#328=PLANE('',#3398);
#329=PLANE('',#3401);
#330=PLANE('',#3405);
#331=PLANE('',#3406);
#332=PLANE('',#3408);
#333=PLANE('',#3412);
#334=PLANE('',#3419);
#335=PLANE('',#3425);
#336=PLANE('',#3429);
#337=PLANE('',#3432);
#338=PLANE('',#3433);
#339=PLANE('',#3435);
#340=PLANE('',#3439);
#341=PLANE('',#3450);
#342=FACE_OUTER_BOUND('',#523,.T.);
#343=FACE_OUTER_BOUND('',#524,.T.);
#344=FACE_OUTER_BOUND('',#525,.T.);
#345=FACE_OUTER_BOUND('',#526,.T.);
#346=FACE_OUTER_BOUND('',#527,.T.);
#347=FACE_OUTER_BOUND('',#528,.T.);
#348=FACE_OUTER_BOUND('',#529,.T.);
#349=FACE_OUTER_BOUND('',#530,.T.);
#350=FACE_OUTER_BOUND('',#531,.T.);
#351=FACE_OUTER_BOUND('',#532,.T.);
#352=FACE_OUTER_BOUND('',#533,.T.);
#353=FACE_OUTER_BOUND('',#534,.T.);
#354=FACE_OUTER_BOUND('',#535,.T.);
#355=FACE_OUTER_BOUND('',#536,.T.);
#356=FACE_OUTER_BOUND('',#537,.T.);
#357=FACE_OUTER_BOUND('',#538,.T.);
#358=FACE_OUTER_BOUND('',#539,.T.);
#359=FACE_OUTER_BOUND('',#540,.T.);
#360=FACE_OUTER_BOUND('',#541,.T.);
#361=FACE_OUTER_BOUND('',#542,.T.);
#362=FACE_OUTER_BOUND('',#543,.T.);
#363=FACE_OUTER_BOUND('',#544,.T.);
#364=FACE_OUTER_BOUND('',#545,.T.);
#365=FACE_OUTER_BOUND('',#546,.T.);
#366=FACE_OUTER_BOUND('',#548,.T.);
#367=FACE_OUTER_BOUND('',#549,.T.);
#368=FACE_OUTER_BOUND('',#551,.T.);
#369=FACE_OUTER_BOUND('',#552,.T.);
#370=FACE_OUTER_BOUND('',#553,.T.);
#371=FACE_OUTER_BOUND('',#554,.T.);
#372=FACE_OUTER_BOUND('',#555,.T.);
#373=FACE_OUTER_BOUND('',#556,.T.);
#374=FACE_OUTER_BOUND('',#557,.T.);
#375=FACE_OUTER_BOUND('',#558,.T.);
#376=FACE_OUTER_BOUND('',#559,.T.);
#377=FACE_OUTER_BOUND('',#560,.T.);
#378=FACE_OUTER_BOUND('',#562,.T.);
#379=FACE_OUTER_BOUND('',#563,.T.);
#380=FACE_OUTER_BOUND('',#564,.T.);
#381=FACE_OUTER_BOUND('',#565,.T.);
#382=FACE_OUTER_BOUND('',#566,.T.);
#383=FACE_OUTER_BOUND('',#567,.T.);
#384=FACE_OUTER_BOUND('',#568,.T.);
#385=FACE_OUTER_BOUND('',#569,.T.);
#386=FACE_OUTER_BOUND('',#570,.T.);
#387=FACE_OUTER_BOUND('',#571,.T.);
#388=FACE_OUTER_BOUND('',#573,.T.);
#389=FACE_OUTER_BOUND('',#577,.T.);
#390=FACE_OUTER_BOUND('',#578,.T.);
#391=FACE_OUTER_BOUND('',#579,.T.);
#392=FACE_OUTER_BOUND('',#580,.T.);
#393=FACE_OUTER_BOUND('',#581,.T.);
#394=FACE_OUTER_BOUND('',#582,.T.);
#395=FACE_OUTER_BOUND('',#583,.T.);
#396=FACE_OUTER_BOUND('',#584,.T.);
#397=FACE_OUTER_BOUND('',#585,.T.);
#398=FACE_OUTER_BOUND('',#586,.T.);
#399=FACE_OUTER_BOUND('',#587,.T.);
#400=FACE_OUTER_BOUND('',#589,.T.);
#401=FACE_OUTER_BOUND('',#590,.T.);
#402=FACE_OUTER_BOUND('',#591,.T.);
#403=FACE_OUTER_BOUND('',#592,.T.);
#404=FACE_OUTER_BOUND('',#593,.T.);
#405=FACE_OUTER_BOUND('',#594,.T.);
#406=FACE_OUTER_BOUND('',#595,.T.);
#407=FACE_OUTER_BOUND('',#596,.T.);
#408=FACE_OUTER_BOUND('',#597,.T.);
#409=FACE_OUTER_BOUND('',#598,.T.);
#410=FACE_OUTER_BOUND('',#599,.T.);
#411=FACE_OUTER_BOUND('',#601,.T.);
#412=FACE_OUTER_BOUND('',#602,.T.);
#413=FACE_OUTER_BOUND('',#603,.T.);
#414=FACE_OUTER_BOUND('',#605,.T.);
#415=FACE_OUTER_BOUND('',#606,.T.);
#416=FACE_OUTER_BOUND('',#607,.T.);
#417=FACE_OUTER_BOUND('',#608,.T.);
#418=FACE_OUTER_BOUND('',#609,.T.);
#419=FACE_OUTER_BOUND('',#610,.T.);
#420=FACE_OUTER_BOUND('',#611,.T.);
#421=FACE_OUTER_BOUND('',#612,.T.);
#422=FACE_OUTER_BOUND('',#613,.T.);
#423=FACE_OUTER_BOUND('',#614,.T.);
#424=FACE_OUTER_BOUND('',#615,.T.);
#425=FACE_OUTER_BOUND('',#616,.T.);
#426=FACE_OUTER_BOUND('',#617,.T.);
#427=FACE_OUTER_BOUND('',#618,.T.);
#428=FACE_OUTER_BOUND('',#619,.T.);
#429=FACE_OUTER_BOUND('',#620,.T.);
#430=FACE_OUTER_BOUND('',#621,.T.);
#431=FACE_OUTER_BOUND('',#622,.T.);
#432=FACE_OUTER_BOUND('',#623,.T.);
#433=FACE_OUTER_BOUND('',#624,.T.);
#434=FACE_OUTER_BOUND('',#625,.T.);
#435=FACE_OUTER_BOUND('',#626,.T.);
#436=FACE_OUTER_BOUND('',#627,.T.);
#437=FACE_OUTER_BOUND('',#628,.T.);
#438=FACE_OUTER_BOUND('',#629,.T.);
#439=FACE_OUTER_BOUND('',#630,.T.);
#440=FACE_OUTER_BOUND('',#632,.T.);
#441=FACE_OUTER_BOUND('',#633,.T.);
#442=FACE_OUTER_BOUND('',#635,.T.);
#443=FACE_OUTER_BOUND('',#636,.T.);
#444=FACE_OUTER_BOUND('',#638,.T.);
#445=FACE_OUTER_BOUND('',#639,.T.);
#446=FACE_OUTER_BOUND('',#641,.T.);
#447=FACE_OUTER_BOUND('',#642,.T.);
#448=FACE_OUTER_BOUND('',#643,.T.);
#449=FACE_OUTER_BOUND('',#644,.T.);
#450=FACE_OUTER_BOUND('',#646,.T.);
#451=FACE_OUTER_BOUND('',#647,.T.);
#452=FACE_OUTER_BOUND('',#648,.T.);
#453=FACE_OUTER_BOUND('',#649,.T.);
#454=FACE_OUTER_BOUND('',#650,.T.);
#455=FACE_OUTER_BOUND('',#651,.T.);
#456=FACE_OUTER_BOUND('',#653,.T.);
#457=FACE_OUTER_BOUND('',#654,.T.);
#458=FACE_OUTER_BOUND('',#655,.T.);
#459=FACE_OUTER_BOUND('',#657,.T.);
#460=FACE_OUTER_BOUND('',#658,.T.);
#461=FACE_OUTER_BOUND('',#659,.T.);
#462=FACE_OUTER_BOUND('',#660,.T.);
#463=FACE_OUTER_BOUND('',#661,.T.);
#464=FACE_OUTER_BOUND('',#662,.T.);
#465=FACE_OUTER_BOUND('',#663,.T.);
#466=FACE_OUTER_BOUND('',#665,.T.);
#467=FACE_OUTER_BOUND('',#666,.T.);
#468=FACE_OUTER_BOUND('',#667,.T.);
#469=FACE_OUTER_BOUND('',#668,.T.);
#470=FACE_OUTER_BOUND('',#669,.T.);
#471=FACE_OUTER_BOUND('',#670,.T.);
#472=FACE_OUTER_BOUND('',#671,.T.);
#473=FACE_OUTER_BOUND('',#672,.T.);
#474=FACE_OUTER_BOUND('',#674,.T.);
#475=FACE_OUTER_BOUND('',#675,.T.);
#476=FACE_OUTER_BOUND('',#676,.T.);
#477=FACE_OUTER_BOUND('',#677,.T.);
#478=FACE_OUTER_BOUND('',#678,.T.);
#479=FACE_OUTER_BOUND('',#679,.T.);
#480=FACE_OUTER_BOUND('',#681,.T.);
#481=FACE_OUTER_BOUND('',#682,.T.);
#482=FACE_OUTER_BOUND('',#683,.T.);
#483=FACE_OUTER_BOUND('',#684,.T.);
#484=FACE_OUTER_BOUND('',#685,.T.);
#485=FACE_OUTER_BOUND('',#686,.T.);
#486=FACE_OUTER_BOUND('',#687,.T.);
#487=FACE_OUTER_BOUND('',#688,.T.);
#488=FACE_OUTER_BOUND('',#689,.T.);
#489=FACE_OUTER_BOUND('',#691,.T.);
#490=FACE_OUTER_BOUND('',#692,.T.);
#491=FACE_OUTER_BOUND('',#693,.T.);
#492=FACE_OUTER_BOUND('',#694,.T.);
#493=FACE_OUTER_BOUND('',#695,.T.);
#494=FACE_OUTER_BOUND('',#696,.T.);
#495=FACE_OUTER_BOUND('',#698,.T.);
#496=FACE_OUTER_BOUND('',#699,.T.);
#497=FACE_OUTER_BOUND('',#700,.T.);
#498=FACE_OUTER_BOUND('',#701,.T.);
#499=FACE_OUTER_BOUND('',#702,.T.);
#500=FACE_OUTER_BOUND('',#703,.T.);
#501=FACE_OUTER_BOUND('',#704,.T.);
#502=FACE_OUTER_BOUND('',#706,.T.);
#503=FACE_OUTER_BOUND('',#707,.T.);
#504=FACE_OUTER_BOUND('',#708,.T.);
#505=FACE_OUTER_BOUND('',#710,.T.);
#506=FACE_OUTER_BOUND('',#711,.T.);
#507=FACE_OUTER_BOUND('',#712,.T.);
#508=FACE_OUTER_BOUND('',#713,.T.);
#509=FACE_OUTER_BOUND('',#714,.T.);
#510=FACE_OUTER_BOUND('',#715,.T.);
#511=FACE_OUTER_BOUND('',#716,.T.);
#512=FACE_OUTER_BOUND('',#718,.T.);
#513=FACE_OUTER_BOUND('',#719,.T.);
#514=FACE_OUTER_BOUND('',#720,.T.);
#515=FACE_OUTER_BOUND('',#721,.T.);
#516=FACE_OUTER_BOUND('',#722,.T.);
#517=FACE_OUTER_BOUND('',#723,.T.);
#518=FACE_OUTER_BOUND('',#724,.T.);
#519=FACE_OUTER_BOUND('',#725,.T.);
#520=FACE_OUTER_BOUND('',#726,.T.);
#521=FACE_OUTER_BOUND('',#728,.T.);
#522=FACE_OUTER_BOUND('',#729,.T.);
#523=EDGE_LOOP('',(#1939,#1940,#1941,#1942));
#524=EDGE_LOOP('',(#1943,#1944,#1945,#1946,#1947,#1948,#1949,#1950));
#525=EDGE_LOOP('',(#1951,#1952,#1953,#1954));
#526=EDGE_LOOP('',(#1955,#1956,#1957,#1958,#1959,#1960,#1961,#1962));
#527=EDGE_LOOP('',(#1963,#1964,#1965,#1966));
#528=EDGE_LOOP('',(#1967,#1968,#1969,#1970,#1971,#1972,#1973,#1974));
#529=EDGE_LOOP('',(#1975,#1976,#1977,#1978));
#530=EDGE_LOOP('',(#1979,#1980,#1981,#1982,#1983,#1984,#1985,#1986));
#531=EDGE_LOOP('',(#1987,#1988,#1989,#1990));
#532=EDGE_LOOP('',(#1991,#1992,#1993,#1994,#1995,#1996,#1997,#1998));
#533=EDGE_LOOP('',(#1999,#2000,#2001,#2002));
#534=EDGE_LOOP('',(#2003,#2004,#2005,#2006));
#535=EDGE_LOOP('',(#2007,#2008,#2009,#2010));
#536=EDGE_LOOP('',(#2011,#2012,#2013,#2014));
#537=EDGE_LOOP('',(#2015,#2016,#2017,#2018));
#538=EDGE_LOOP('',(#2019,#2020,#2021,#2022));
#539=EDGE_LOOP('',(#2023,#2024,#2025,#2026));
#540=EDGE_LOOP('',(#2027,#2028,#2029,#2030));
#541=EDGE_LOOP('',(#2031,#2032,#2033,#2034));
#542=EDGE_LOOP('',(#2035,#2036,#2037,#2038));
#543=EDGE_LOOP('',(#2039,#2040,#2041,#2042));
#544=EDGE_LOOP('',(#2043,#2044,#2045,#2046));
#545=EDGE_LOOP('',(#2047,#2048,#2049,#2050));
#546=EDGE_LOOP('',(#2051,#2052,#2053,#2054,#2055,#2056,#2057,#2058,#2059,
#2060,#2061,#2062,#2063,#2064,#2065,#2066,#2067,#2068,#2069,#2070,#2071,
#2072,#2073,#2074,#2075,#2076,#2077,#2078,#2079,#2080,#2081,#2082,#2083,
#2084,#2085,#2086,#2087,#2088,#2089,#2090));
#547=EDGE_LOOP('',(#2091));
#548=EDGE_LOOP('',(#2092,#2093,#2094,#2095));
#549=EDGE_LOOP('',(#2096,#2097,#2098,#2099));
#550=EDGE_LOOP('',(#2100));
#551=EDGE_LOOP('',(#2101,#2102,#2103,#2104));
#552=EDGE_LOOP('',(#2105,#2106,#2107,#2108));
#553=EDGE_LOOP('',(#2109,#2110,#2111,#2112));
#554=EDGE_LOOP('',(#2113,#2114,#2115,#2116));
#555=EDGE_LOOP('',(#2117,#2118,#2119,#2120));
#556=EDGE_LOOP('',(#2121,#2122,#2123,#2124));
#557=EDGE_LOOP('',(#2125,#2126,#2127,#2128));
#558=EDGE_LOOP('',(#2129,#2130,#2131,#2132));
#559=EDGE_LOOP('',(#2133,#2134,#2135,#2136));
#560=EDGE_LOOP('',(#2137,#2138,#2139,#2140));
#561=EDGE_LOOP('',(#2141));
#562=EDGE_LOOP('',(#2142,#2143,#2144,#2145));
#563=EDGE_LOOP('',(#2146,#2147,#2148,#2149));
#564=EDGE_LOOP('',(#2150,#2151,#2152,#2153));
#565=EDGE_LOOP('',(#2154,#2155,#2156,#2157));
#566=EDGE_LOOP('',(#2158,#2159,#2160,#2161));
#567=EDGE_LOOP('',(#2162,#2163,#2164,#2165));
#568=EDGE_LOOP('',(#2166,#2167,#2168,#2169));
#569=EDGE_LOOP('',(#2170,#2171,#2172,#2173));
#570=EDGE_LOOP('',(#2174,#2175,#2176,#2177));
#571=EDGE_LOOP('',(#2178,#2179,#2180,#2181));
#572=EDGE_LOOP('',(#2182));
#573=EDGE_LOOP('',(#2183,#2184,#2185,#2186,#2187,#2188,#2189,#2190,#2191,
#2192,#2193,#2194,#2195,#2196,#2197,#2198,#2199,#2200,#2201,#2202,#2203,
#2204,#2205,#2206,#2207,#2208,#2209,#2210,#2211,#2212,#2213,#2214,#2215,
#2216,#2217,#2218,#2219,#2220,#2221,#2222));
#574=EDGE_LOOP('',(#2223));
#575=EDGE_LOOP('',(#2224,#2225,#2226,#2227));
#576=EDGE_LOOP('',(#2228,#2229,#2230,#2231));
#577=EDGE_LOOP('',(#2232,#2233,#2234,#2235));
#578=EDGE_LOOP('',(#2236,#2237,#2238,#2239));
#579=EDGE_LOOP('',(#2240,#2241,#2242,#2243));
#580=EDGE_LOOP('',(#2244,#2245,#2246,#2247));
#581=EDGE_LOOP('',(#2248,#2249,#2250,#2251));
#582=EDGE_LOOP('',(#2252,#2253,#2254,#2255));
#583=EDGE_LOOP('',(#2256,#2257,#2258,#2259));
#584=EDGE_LOOP('',(#2260,#2261,#2262,#2263));
#585=EDGE_LOOP('',(#2264,#2265,#2266,#2267));
#586=EDGE_LOOP('',(#2268,#2269,#2270,#2271));
#587=EDGE_LOOP('',(#2272,#2273,#2274,#2275));
#588=EDGE_LOOP('',(#2276));
#589=EDGE_LOOP('',(#2277,#2278,#2279,#2280));
#590=EDGE_LOOP('',(#2281,#2282,#2283,#2284));
#591=EDGE_LOOP('',(#2285,#2286,#2287,#2288));
#592=EDGE_LOOP('',(#2289,#2290,#2291,#2292));
#593=EDGE_LOOP('',(#2293,#2294,#2295,#2296));
#594=EDGE_LOOP('',(#2297,#2298,#2299,#2300));
#595=EDGE_LOOP('',(#2301,#2302,#2303,#2304));
#596=EDGE_LOOP('',(#2305,#2306,#2307,#2308));
#597=EDGE_LOOP('',(#2309,#2310,#2311,#2312));
#598=EDGE_LOOP('',(#2313,#2314,#2315,#2316));
#599=EDGE_LOOP('',(#2317,#2318,#2319,#2320));
#600=EDGE_LOOP('',(#2321));
#601=EDGE_LOOP('',(#2322,#2323,#2324,#2325,#2326));
#602=EDGE_LOOP('',(#2327,#2328,#2329,#2330,#2331,#2332));
#603=EDGE_LOOP('',(#2333));
#604=EDGE_LOOP('',(#2334));
#605=EDGE_LOOP('',(#2335,#2336,#2337,#2338,#2339));
#606=EDGE_LOOP('',(#2340,#2341,#2342,#2343));
#607=EDGE_LOOP('',(#2344,#2345,#2346,#2347));
#608=EDGE_LOOP('',(#2348,#2349,#2350,#2351));
#609=EDGE_LOOP('',(#2352,#2353,#2354,#2355));
#610=EDGE_LOOP('',(#2356,#2357,#2358,#2359));
#611=EDGE_LOOP('',(#2360,#2361,#2362,#2363));
#612=EDGE_LOOP('',(#2364,#2365,#2366,#2367));
#613=EDGE_LOOP('',(#2368,#2369,#2370,#2371));
#614=EDGE_LOOP('',(#2372,#2373,#2374,#2375));
#615=EDGE_LOOP('',(#2376,#2377,#2378,#2379));
#616=EDGE_LOOP('',(#2380,#2381,#2382,#2383));
#617=EDGE_LOOP('',(#2384,#2385,#2386,#2387));
#618=EDGE_LOOP('',(#2388,#2389,#2390,#2391));
#619=EDGE_LOOP('',(#2392,#2393,#2394,#2395));
#620=EDGE_LOOP('',(#2396,#2397,#2398,#2399));
#621=EDGE_LOOP('',(#2400,#2401,#2402,#2403));
#622=EDGE_LOOP('',(#2404,#2405,#2406,#2407));
#623=EDGE_LOOP('',(#2408,#2409,#2410,#2411));
#624=EDGE_LOOP('',(#2412,#2413,#2414,#2415));
#625=EDGE_LOOP('',(#2416,#2417,#2418,#2419,#2420,#2421,#2422,#2423,#2424,
#2425,#2426,#2427,#2428,#2429,#2430,#2431));
#626=EDGE_LOOP('',(#2432,#2433,#2434,#2435,#2436));
#627=EDGE_LOOP('',(#2437,#2438,#2439,#2440));
#628=EDGE_LOOP('',(#2441,#2442,#2443,#2444));
#629=EDGE_LOOP('',(#2445,#2446,#2447,#2448));
#630=EDGE_LOOP('',(#2449,#2450,#2451,#2452,#2453,#2454,#2455,#2456));
#631=EDGE_LOOP('',(#2457));
#632=EDGE_LOOP('',(#2458,#2459,#2460,#2461));
#633=EDGE_LOOP('',(#2462,#2463,#2464,#2465));
#634=EDGE_LOOP('',(#2466));
#635=EDGE_LOOP('',(#2467,#2468,#2469,#2470));
#636=EDGE_LOOP('',(#2471,#2472,#2473,#2474));
#637=EDGE_LOOP('',(#2475));
#638=EDGE_LOOP('',(#2476,#2477,#2478,#2479));
#639=EDGE_LOOP('',(#2480,#2481,#2482,#2483));
#640=EDGE_LOOP('',(#2484));
#641=EDGE_LOOP('',(#2485,#2486,#2487,#2488,#2489));
#642=EDGE_LOOP('',(#2490,#2491,#2492,#2493));
#643=EDGE_LOOP('',(#2494,#2495,#2496,#2497,#2498));
#644=EDGE_LOOP('',(#2499,#2500,#2501,#2502));
#645=EDGE_LOOP('',(#2503));
#646=EDGE_LOOP('',(#2504,#2505,#2506,#2507,#2508));
#647=EDGE_LOOP('',(#2509,#2510,#2511,#2512));
#648=EDGE_LOOP('',(#2513,#2514,#2515,#2516,#2517));
#649=EDGE_LOOP('',(#2518,#2519,#2520,#2521));
#650=EDGE_LOOP('',(#2522,#2523,#2524,#2525));
#651=EDGE_LOOP('',(#2526,#2527,#2528,#2529));
#652=EDGE_LOOP('',(#2530));
#653=EDGE_LOOP('',(#2531,#2532,#2533,#2534));
#654=EDGE_LOOP('',(#2535,#2536,#2537,#2538));
#655=EDGE_LOOP('',(#2539,#2540,#2541,#2542));
#656=EDGE_LOOP('',(#2543));
#657=EDGE_LOOP('',(#2544,#2545,#2546,#2547));
#658=EDGE_LOOP('',(#2548,#2549,#2550,#2551));
#659=EDGE_LOOP('',(#2552,#2553,#2554,#2555));
#660=EDGE_LOOP('',(#2556,#2557,#2558,#2559,#2560));
#661=EDGE_LOOP('',(#2561,#2562,#2563,#2564));
#662=EDGE_LOOP('',(#2565,#2566,#2567,#2568,#2569));
#663=EDGE_LOOP('',(#2570,#2571,#2572,#2573));
#664=EDGE_LOOP('',(#2574));
#665=EDGE_LOOP('',(#2575,#2576,#2577,#2578,#2579));
#666=EDGE_LOOP('',(#2580,#2581,#2582,#2583));
#667=EDGE_LOOP('',(#2584,#2585,#2586,#2587,#2588));
#668=EDGE_LOOP('',(#2589,#2590,#2591,#2592));
#669=EDGE_LOOP('',(#2593,#2594,#2595,#2596));
#670=EDGE_LOOP('',(#2597,#2598,#2599,#2600));
#671=EDGE_LOOP('',(#2601,#2602,#2603,#2604));
#672=EDGE_LOOP('',(#2605,#2606,#2607,#2608));
#673=EDGE_LOOP('',(#2609));
#674=EDGE_LOOP('',(#2610,#2611,#2612,#2613));
#675=EDGE_LOOP('',(#2614,#2615,#2616,#2617));
#676=EDGE_LOOP('',(#2618,#2619,#2620,#2621,#2622));
#677=EDGE_LOOP('',(#2623,#2624,#2625,#2626));
#678=EDGE_LOOP('',(#2627,#2628,#2629,#2630,#2631));
#679=EDGE_LOOP('',(#2632,#2633,#2634,#2635));
#680=EDGE_LOOP('',(#2636));
#681=EDGE_LOOP('',(#2637,#2638,#2639,#2640,#2641));
#682=EDGE_LOOP('',(#2642,#2643,#2644,#2645));
#683=EDGE_LOOP('',(#2646,#2647,#2648,#2649,#2650));
#684=EDGE_LOOP('',(#2651,#2652,#2653,#2654));
#685=EDGE_LOOP('',(#2655,#2656,#2657,#2658));
#686=EDGE_LOOP('',(#2659,#2660,#2661,#2662));
#687=EDGE_LOOP('',(#2663,#2664,#2665,#2666));
#688=EDGE_LOOP('',(#2667,#2668,#2669,#2670));
#689=EDGE_LOOP('',(#2671,#2672,#2673,#2674));
#690=EDGE_LOOP('',(#2675));
#691=EDGE_LOOP('',(#2676,#2677,#2678,#2679));
#692=EDGE_LOOP('',(#2680,#2681,#2682,#2683));
#693=EDGE_LOOP('',(#2684,#2685,#2686,#2687,#2688));
#694=EDGE_LOOP('',(#2689,#2690,#2691,#2692));
#695=EDGE_LOOP('',(#2693,#2694,#2695,#2696,#2697));
#696=EDGE_LOOP('',(#2698,#2699,#2700,#2701));
#697=EDGE_LOOP('',(#2702));
#698=EDGE_LOOP('',(#2703,#2704,#2705,#2706,#2707));
#699=EDGE_LOOP('',(#2708,#2709,#2710,#2711));
#700=EDGE_LOOP('',(#2712,#2713,#2714,#2715,#2716));
#701=EDGE_LOOP('',(#2717,#2718,#2719,#2720));
#702=EDGE_LOOP('',(#2721,#2722,#2723,#2724));
#703=EDGE_LOOP('',(#2725,#2726,#2727,#2728));
#704=EDGE_LOOP('',(#2729,#2730,#2731,#2732));
#705=EDGE_LOOP('',(#2733));
#706=EDGE_LOOP('',(#2734,#2735,#2736,#2737));
#707=EDGE_LOOP('',(#2738,#2739,#2740,#2741));
#708=EDGE_LOOP('',(#2742,#2743,#2744,#2745));
#709=EDGE_LOOP('',(#2746));
#710=EDGE_LOOP('',(#2747,#2748,#2749,#2750));
#711=EDGE_LOOP('',(#2751,#2752,#2753,#2754));
#712=EDGE_LOOP('',(#2755,#2756,#2757,#2758));
#713=EDGE_LOOP('',(#2759,#2760,#2761,#2762,#2763));
#714=EDGE_LOOP('',(#2764,#2765,#2766,#2767));
#715=EDGE_LOOP('',(#2768,#2769,#2770,#2771,#2772));
#716=EDGE_LOOP('',(#2773,#2774,#2775,#2776));
#717=EDGE_LOOP('',(#2777));
#718=EDGE_LOOP('',(#2778,#2779,#2780,#2781,#2782));
#719=EDGE_LOOP('',(#2783,#2784,#2785,#2786));
#720=EDGE_LOOP('',(#2787,#2788,#2789,#2790,#2791));
#721=EDGE_LOOP('',(#2792,#2793,#2794,#2795));
#722=EDGE_LOOP('',(#2796,#2797,#2798,#2799));
#723=EDGE_LOOP('',(#2800,#2801,#2802,#2803));
#724=EDGE_LOOP('',(#2804,#2805,#2806,#2807));
#725=EDGE_LOOP('',(#2808,#2809,#2810,#2811));
#726=EDGE_LOOP('',(#2812,#2813,#2814,#2815));
#727=EDGE_LOOP('',(#2816));
#728=EDGE_LOOP('',(#2817,#2818,#2819,#2820));
#729=EDGE_LOOP('',(#2821,#2822,#2823,#2824));
#730=LINE('',#4446,#969);
#731=LINE('',#4449,#970);
#732=LINE('',#4452,#971);
#733=LINE('',#4454,#972);
#734=LINE('',#4456,#973);
#735=LINE('',#4458,#974);
#736=LINE('',#4460,#975);
#737=LINE('',#4462,#976);
#738=LINE('',#4463,#977);
#739=LINE('',#4469,#978);
#740=LINE('',#4472,#979);
#741=LINE('',#4475,#980);
#742=LINE('',#4477,#981);
#743=LINE('',#4479,#982);
#744=LINE('',#4481,#983);
#745=LINE('',#4483,#984);
#746=LINE('',#4485,#985);
#747=LINE('',#4486,#986);
#748=LINE('',#4492,#987);
#749=LINE('',#4495,#988);
#750=LINE('',#4498,#989);
#751=LINE('',#4500,#990);
#752=LINE('',#4502,#991);
#753=LINE('',#4504,#992);
#754=LINE('',#4506,#993);
#755=LINE('',#4508,#994);
#756=LINE('',#4509,#995);
#757=LINE('',#4515,#996);
#758=LINE('',#4518,#997);
#759=LINE('',#4521,#998);
#760=LINE('',#4523,#999);
#761=LINE('',#4525,#1000);
#762=LINE('',#4527,#1001);
#763=LINE('',#4529,#1002);
#764=LINE('',#4531,#1003);
#765=LINE('',#4532,#1004);
#766=LINE('',#4538,#1005);
#767=LINE('',#4541,#1006);
#768=LINE('',#4544,#1007);
#769=LINE('',#4546,#1008);
#770=LINE('',#4548,#1009);
#771=LINE('',#4550,#1010);
#772=LINE('',#4552,#1011);
#773=LINE('',#4554,#1012);
#774=LINE('',#4555,#1013);
#775=LINE('',#4561,#1014);
#776=LINE('',#4567,#1015);
#777=LINE('',#4573,#1016);
#778=LINE('',#4579,#1017);
#779=LINE('',#4585,#1018);
#780=LINE('',#4591,#1019);
#781=LINE('',#4594,#1020);
#782=LINE('',#4605,#1021);
#783=LINE('',#4606,#1022);
#784=LINE('',#4617,#1023);
#785=LINE('',#4618,#1024);
#786=LINE('',#4629,#1025);
#787=LINE('',#4630,#1026);
#788=LINE('',#4636,#1027);
#789=LINE('',#4638,#1028);
#790=LINE('',#4640,#1029);
#791=LINE('',#4644,#1030);
#792=LINE('',#4646,#1031);
#793=LINE('',#4647,#1032);
#794=LINE('',#4649,#1033);
#795=LINE('',#4651,#1034);
#796=LINE('',#4653,#1035);
#797=LINE('',#4657,#1036);
#798=LINE('',#4659,#1037);
#799=LINE('',#4660,#1038);
#800=LINE('',#4662,#1039);
#801=LINE('',#4664,#1040);
#802=LINE('',#4666,#1041);
#803=LINE('',#4670,#1042);
#804=LINE('',#4672,#1043);
#805=LINE('',#4673,#1044);
#806=LINE('',#4675,#1045);
#807=LINE('',#4677,#1046);
#808=LINE('',#4679,#1047);
#809=LINE('',#4683,#1048);
#810=LINE('',#4685,#1049);
#811=LINE('',#4686,#1050);
#812=LINE('',#4688,#1051);
#813=LINE('',#4689,#1052);
#814=LINE('',#4691,#1053);
#815=LINE('',#4692,#1054);
#816=LINE('',#4697,#1055);
#817=LINE('',#4700,#1056);
#818=LINE('',#4708,#1057);
#819=LINE('',#4711,#1058);
#820=LINE('',#4722,#1059);
#821=LINE('',#4723,#1060);
#822=LINE('',#4732,#1061);
#823=LINE('',#4740,#1062);
#824=LINE('',#4746,#1063);
#825=LINE('',#4749,#1064);
#826=LINE('',#4764,#1065);
#827=LINE('',#4765,#1066);
#828=LINE('',#4776,#1067);
#829=LINE('',#4777,#1068);
#830=LINE('',#4786,#1069);
#831=LINE('',#4792,#1070);
#832=LINE('',#4794,#1071);
#833=LINE('',#4795,#1072);
#834=LINE('',#4801,#1073);
#835=LINE('',#4803,#1074);
#836=LINE('',#4805,#1075);
#837=LINE('',#4809,#1076);
#838=LINE('',#4811,#1077);
#839=LINE('',#4812,#1078);
#840=LINE('',#4814,#1079);
#841=LINE('',#4816,#1080);
#842=LINE('',#4818,#1081);
#843=LINE('',#4822,#1082);
#844=LINE('',#4824,#1083);
#845=LINE('',#4825,#1084);
#846=LINE('',#4827,#1085);
#847=LINE('',#4828,#1086);
#848=LINE('',#4830,#1087);
#849=LINE('',#4831,#1088);
#850=LINE('',#4832,#1089);
#851=LINE('',#4834,#1090);
#852=LINE('',#4835,#1091);
#853=LINE('',#4836,#1092);
#854=LINE('',#4838,#1093);
#855=LINE('',#4839,#1094);
#856=LINE('',#4846,#1095);
#857=LINE('',#4849,#1096);
#858=LINE('',#4854,#1097);
#859=LINE('',#4857,#1098);
#860=LINE('',#4870,#1099);
#861=LINE('',#4878,#1100);
#862=LINE('',#4887,#1101);
#863=LINE('',#4893,#1102);
#864=LINE('',#4895,#1103);
#865=LINE('',#4896,#1104);
#866=LINE('',#4911,#1105);
#867=LINE('',#4920,#1106);
#868=LINE('',#4928,#1107);
#869=LINE('',#4935,#1108);
#870=LINE('',#4939,#1109);
#871=LINE('',#4955,#1110);
#872=LINE('',#4964,#1111);
#873=LINE('',#4968,#1112);
#874=LINE('',#4984,#1113);
#875=LINE('',#4987,#1114);
#876=LINE('',#4990,#1115);
#877=LINE('',#4992,#1116);
#878=LINE('',#4993,#1117);
#879=LINE('',#4996,#1118);
#880=LINE('',#5000,#1119);
#881=LINE('',#5001,#1120);
#882=LINE('',#5005,#1121);
#883=LINE('',#5009,#1122);
#884=LINE('',#5025,#1123);
#885=LINE('',#5028,#1124);
#886=LINE('',#5031,#1125);
#887=LINE('',#5033,#1126);
#888=LINE('',#5034,#1127);
#889=LINE('',#5037,#1128);
#890=LINE('',#5041,#1129);
#891=LINE('',#5042,#1130);
#892=LINE('',#5080,#1131);
#893=LINE('',#5088,#1132);
#894=LINE('',#5095,#1133);
#895=LINE('',#5098,#1134);
#896=LINE('',#5101,#1135);
#897=LINE('',#5106,#1136);
#898=LINE('',#5111,#1137);
#899=LINE('',#5117,#1138);
#900=LINE('',#5118,#1139);
#901=LINE('',#5122,#1140);
#902=LINE('',#5125,#1141);
#903=LINE('',#5131,#1142);
#904=LINE('',#5132,#1143);
#905=LINE('',#5135,#1144);
#906=LINE('',#5138,#1145);
#907=LINE('',#5143,#1146);
#908=LINE('',#5148,#1147);
#909=LINE('',#5154,#1148);
#910=LINE('',#5159,#1149);
#911=LINE('',#5162,#1150);
#912=LINE('',#5164,#1151);
#913=LINE('',#5168,#1152);
#914=LINE('',#5169,#1153);
#915=LINE('',#5173,#1154);
#916=LINE('',#5175,#1155);
#917=LINE('',#5181,#1156);
#918=LINE('',#5182,#1157);
#919=LINE('',#5185,#1158);
#920=LINE('',#5188,#1159);
#921=LINE('',#5191,#1160);
#922=LINE('',#5196,#1161);
#923=LINE('',#5201,#1162);
#924=LINE('',#5206,#1163);
#925=LINE('',#5209,#1164);
#926=LINE('',#5211,#1165);
#927=LINE('',#5214,#1166);
#928=LINE('',#5215,#1167);
#929=LINE('',#5219,#1168);
#930=LINE('',#5221,#1169);
#931=LINE('',#5227,#1170);
#932=LINE('',#5228,#1171);
#933=LINE('',#5231,#1172);
#934=LINE('',#5235,#1173);
#935=LINE('',#5239,#1174);
#936=LINE('',#5244,#1175);
#937=LINE('',#5249,#1176);
#938=LINE('',#5254,#1177);
#939=LINE('',#5257,#1178);
#940=LINE('',#5259,#1179);
#941=LINE('',#5262,#1180);
#942=LINE('',#5263,#1181);
#943=LINE('',#5267,#1182);
#944=LINE('',#5270,#1183);
#945=LINE('',#5276,#1184);
#946=LINE('',#5277,#1185);
#947=LINE('',#5280,#1186);
#948=LINE('',#5284,#1187);
#949=LINE('',#5290,#1188);
#950=LINE('',#5295,#1189);
#951=LINE('',#5301,#1190);
#952=LINE('',#5306,#1191);
#953=LINE('',#5309,#1192);
#954=LINE('',#5311,#1193);
#955=LINE('',#5315,#1194);
#956=LINE('',#5316,#1195);
#957=LINE('',#5320,#1196);
#958=LINE('',#5322,#1197);
#959=LINE('',#5328,#1198);
#960=LINE('',#5329,#1199);
#961=LINE('',#5332,#1200);
#962=LINE('',#5336,#1201);
#963=LINE('',#5340,#1202);
#964=LINE('',#5345,#1203);
#965=LINE('',#5350,#1204);
#966=LINE('',#5355,#1205);
#967=LINE('',#5358,#1206);
#968=LINE('',#5360,#1207);
#969=VECTOR('',#3459,10.);
#970=VECTOR('',#3462,10.);
#971=VECTOR('',#3465,10.);
#972=VECTOR('',#3466,10.);
#973=VECTOR('',#3467,10.);
#974=VECTOR('',#3468,10.);
#975=VECTOR('',#3469,10.);
#976=VECTOR('',#3470,10.);
#977=VECTOR('',#3471,10.);
#978=VECTOR('',#3476,10.);
#979=VECTOR('',#3479,10.);
#980=VECTOR('',#3482,10.);
#981=VECTOR('',#3483,10.);
#982=VECTOR('',#3484,10.);
#983=VECTOR('',#3485,10.);
#984=VECTOR('',#3486,10.);
#985=VECTOR('',#3487,10.);
#986=VECTOR('',#3488,10.);
#987=VECTOR('',#3493,10.);
#988=VECTOR('',#3496,10.);
#989=VECTOR('',#3499,10.);
#990=VECTOR('',#3500,10.);
#991=VECTOR('',#3501,10.);
#992=VECTOR('',#3502,10.);
#993=VECTOR('',#3503,10.);
#994=VECTOR('',#3504,10.);
#995=VECTOR('',#3505,10.);
#996=VECTOR('',#3510,10.);
#997=VECTOR('',#3513,10.);
#998=VECTOR('',#3516,10.);
#999=VECTOR('',#3517,10.);
#1000=VECTOR('',#3518,10.);
#1001=VECTOR('',#3519,10.);
#1002=VECTOR('',#3520,10.);
#1003=VECTOR('',#3521,10.);
#1004=VECTOR('',#3522,10.);
#1005=VECTOR('',#3527,10.);
#1006=VECTOR('',#3530,10.);
#1007=VECTOR('',#3533,10.);
#1008=VECTOR('',#3534,10.);
#1009=VECTOR('',#3535,10.);
#1010=VECTOR('',#3536,10.);
#1011=VECTOR('',#3537,10.);
#1012=VECTOR('',#3538,10.);
#1013=VECTOR('',#3539,10.);
#1014=VECTOR('',#3546,10.);
#1015=VECTOR('',#3553,10.);
#1016=VECTOR('',#3560,10.);
#1017=VECTOR('',#3567,10.);
#1018=VECTOR('',#3574,10.);
#1019=VECTOR('',#3579,10.);
#1020=VECTOR('',#3582,10.);
#1021=VECTOR('',#3595,10.);
#1022=VECTOR('',#3596,10.);
#1023=VECTOR('',#3609,10.);
#1024=VECTOR('',#3610,10.);
#1025=VECTOR('',#3623,10.);
#1026=VECTOR('',#3624,10.);
#1027=VECTOR('',#3633,10.);
#1028=VECTOR('',#3634,10.);
#1029=VECTOR('',#3635,10.);
#1030=VECTOR('',#3638,10.);
#1031=VECTOR('',#3639,10.);
#1032=VECTOR('',#3640,10.);
#1033=VECTOR('',#3641,10.);
#1034=VECTOR('',#3642,10.);
#1035=VECTOR('',#3643,10.);
#1036=VECTOR('',#3646,10.);
#1037=VECTOR('',#3647,10.);
#1038=VECTOR('',#3648,10.);
#1039=VECTOR('',#3649,10.);
#1040=VECTOR('',#3650,10.);
#1041=VECTOR('',#3651,10.);
#1042=VECTOR('',#3654,10.);
#1043=VECTOR('',#3655,10.);
#1044=VECTOR('',#3656,10.);
#1045=VECTOR('',#3657,10.);
#1046=VECTOR('',#3658,10.);
#1047=VECTOR('',#3659,10.);
#1048=VECTOR('',#3662,10.);
#1049=VECTOR('',#3663,10.);
#1050=VECTOR('',#3664,10.);
#1051=VECTOR('',#3665,10.);
#1052=VECTOR('',#3666,10.);
#1053=VECTOR('',#3667,10.);
#1054=VECTOR('',#3668,10.);
#1055=VECTOR('',#3673,10.);
#1056=VECTOR('',#3678,2.);
#1057=VECTOR('',#3685,10.);
#1058=VECTOR('',#3688,10.);
#1059=VECTOR('',#3701,10.);
#1060=VECTOR('',#3702,10.);
#1061=VECTOR('',#3715,10.);
#1062=VECTOR('',#3726,10.);
#1063=VECTOR('',#3735,10.);
#1064=VECTOR('',#3740,2.);
#1065=VECTOR('',#3757,10.);
#1066=VECTOR('',#3758,10.);
#1067=VECTOR('',#3771,10.);
#1068=VECTOR('',#3772,10.);
#1069=VECTOR('',#3785,10.);
#1070=VECTOR('',#3794,10.);
#1071=VECTOR('',#3797,2.);
#1072=VECTOR('',#3798,2.);
#1073=VECTOR('',#3805,10.);
#1074=VECTOR('',#3806,10.);
#1075=VECTOR('',#3807,10.);
#1076=VECTOR('',#3810,10.);
#1077=VECTOR('',#3811,10.);
#1078=VECTOR('',#3812,10.);
#1079=VECTOR('',#3813,10.);
#1080=VECTOR('',#3814,10.);
#1081=VECTOR('',#3815,10.);
#1082=VECTOR('',#3818,10.);
#1083=VECTOR('',#3819,10.);
#1084=VECTOR('',#3820,10.);
#1085=VECTOR('',#3821,10.);
#1086=VECTOR('',#3822,10.);
#1087=VECTOR('',#3823,10.);
#1088=VECTOR('',#3824,10.);
#1089=VECTOR('',#3825,10.);
#1090=VECTOR('',#3826,10.);
#1091=VECTOR('',#3827,10.);
#1092=VECTOR('',#3828,10.);
#1093=VECTOR('',#3829,10.);
#1094=VECTOR('',#3830,10.);
#1095=VECTOR('',#3835,10.);
#1096=VECTOR('',#3838,10.);
#1097=VECTOR('',#3841,10.);
#1098=VECTOR('',#3844,10.);
#1099=VECTOR('',#3863,10.);
#1100=VECTOR('',#3874,10.);
#1101=VECTOR('',#3887,10.);
#1102=VECTOR('',#3896,10.);
#1103=VECTOR('',#3899,2.);
#1104=VECTOR('',#3900,2.);
#1105=VECTOR('',#3921,10.);
#1106=VECTOR('',#3934,10.);
#1107=VECTOR('',#3945,10.);
#1108=VECTOR('',#3956,10.);
#1109=VECTOR('',#3963,2.);
#1110=VECTOR('',#3982,1.8);
#1111=VECTOR('',#3993,10.);
#1112=VECTOR('',#3996,10.);
#1113=VECTOR('',#4005,10.);
#1114=VECTOR('',#4008,10.);
#1115=VECTOR('',#4011,10.);
#1116=VECTOR('',#4012,10.);
#1117=VECTOR('',#4013,10.);
#1118=VECTOR('',#4016,10.);
#1119=VECTOR('',#4021,10.);
#1120=VECTOR('',#4022,10.);
#1121=VECTOR('',#4025,10.);
#1122=VECTOR('',#4028,10.);
#1123=VECTOR('',#4037,10.);
#1124=VECTOR('',#4040,10.);
#1125=VECTOR('',#4043,10.);
#1126=VECTOR('',#4044,10.);
#1127=VECTOR('',#4045,10.);
#1128=VECTOR('',#4048,10.);
#1129=VECTOR('',#4053,10.);
#1130=VECTOR('',#4054,10.);
#1131=VECTOR('',#4071,5.15);
#1132=VECTOR('',#4084,5.1);
#1133=VECTOR('',#4093,0.8);
#1134=VECTOR('',#4098,0.75);
#1135=VECTOR('',#4103,2.);
#1136=VECTOR('',#4110,2.);
#1137=VECTOR('',#4117,2.);
#1138=VECTOR('',#4124,10.);
#1139=VECTOR('',#4125,10.);
#1140=VECTOR('',#4130,10.);
#1141=VECTOR('',#4135,10.);
#1142=VECTOR('',#4142,10.);
#1143=VECTOR('',#4143,10.);
#1144=VECTOR('',#4146,10.);
#1145=VECTOR('',#4151,10.);
#1146=VECTOR('',#4156,1.);
#1147=VECTOR('',#4163,0.95);
#1148=VECTOR('',#4170,1.);
#1149=VECTOR('',#4177,0.95);
#1150=VECTOR('',#4182,1.);
#1151=VECTOR('',#4185,1.);
#1152=VECTOR('',#4190,10.);
#1153=VECTOR('',#4191,10.);
#1154=VECTOR('',#4196,10.);
#1155=VECTOR('',#4199,10.);
#1156=VECTOR('',#4206,10.);
#1157=VECTOR('',#4207,10.);
#1158=VECTOR('',#4210,10.);
#1159=VECTOR('',#4215,10.);
#1160=VECTOR('',#4218,1.);
#1161=VECTOR('',#4225,0.95);
#1162=VECTOR('',#4230,1.);
#1163=VECTOR('',#4237,0.95);
#1164=VECTOR('',#4242,1.);
#1165=VECTOR('',#4245,1.);
#1166=VECTOR('',#4248,10.);
#1167=VECTOR('',#4249,10.);
#1168=VECTOR('',#4254,10.);
#1169=VECTOR('',#4257,10.);
#1170=VECTOR('',#4264,10.);
#1171=VECTOR('',#4265,10.);
#1172=VECTOR('',#4268,10.);
#1173=VECTOR('',#4275,10.);
#1174=VECTOR('',#4280,1.);
#1175=VECTOR('',#4287,0.95);
#1176=VECTOR('',#4292,1.);
#1177=VECTOR('',#4299,0.95);
#1178=VECTOR('',#4304,1.);
#1179=VECTOR('',#4307,1.);
#1180=VECTOR('',#4310,10.);
#1181=VECTOR('',#4311,10.);
#1182=VECTOR('',#4316,10.);
#1183=VECTOR('',#4321,10.);
#1184=VECTOR('',#4328,10.);
#1185=VECTOR('',#4329,10.);
#1186=VECTOR('',#4332,10.);
#1187=VECTOR('',#4339,10.);
#1188=VECTOR('',#4346,1.);
#1189=VECTOR('',#4353,0.95);
#1190=VECTOR('',#4360,1.);
#1191=VECTOR('',#4367,0.95);
#1192=VECTOR('',#4372,1.);
#1193=VECTOR('',#4375,1.);
#1194=VECTOR('',#4380,10.);
#1195=VECTOR('',#4381,10.);
#1196=VECTOR('',#4386,10.);
#1197=VECTOR('',#4389,10.);
#1198=VECTOR('',#4396,10.);
#1199=VECTOR('',#4397,10.);
#1200=VECTOR('',#4400,10.);
#1201=VECTOR('',#4407,10.);
#1202=VECTOR('',#4412,1.);
#1203=VECTOR('',#4419,0.95);
#1204=VECTOR('',#4424,1.);
#1205=VECTOR('',#4431,0.95);
#1206=VECTOR('',#4436,1.);
#1207=VECTOR('',#4439,1.);
#1208=ELLIPSE('',#3081,0.502493781056044,0.5);
#1209=ELLIPSE('',#3082,0.502493781056044,0.5);
#1210=ELLIPSE('',#3085,0.502493781056044,0.5);
#1211=ELLIPSE('',#3086,0.502493781056044,0.5);
#1212=ELLIPSE('',#3089,0.502493781056044,0.5);
#1213=ELLIPSE('',#3090,0.502493781056044,0.5);
#1214=ELLIPSE('',#3093,0.502493781056044,0.5);
#1215=ELLIPSE('',#3094,0.502493781056044,0.5);
#1216=ELLIPSE('',#3097,0.502493781056044,0.5);
#1217=ELLIPSE('',#3098,0.502493781056044,0.5);
#1218=ELLIPSE('',#3101,0.502493781056044,0.5);
#1219=ELLIPSE('',#3102,0.502493781056044,0.5);
#1220=ELLIPSE('',#3104,0.502493781056044,0.5);
#1221=ELLIPSE('',#3105,0.502493781056044,0.5);
#1222=ELLIPSE('',#3107,0.502493781056044,0.5);
#1223=ELLIPSE('',#3108,0.502493781056044,0.5);
#1224=ELLIPSE('',#3110,0.502493781056044,0.5);
#1225=ELLIPSE('',#3111,0.502493781056045,0.5);
#1226=ELLIPSE('',#3113,0.502493781056045,0.5);
#1227=ELLIPSE('',#3114,0.502493781056045,0.5);
#1228=ELLIPSE('',#3278,51.2543656677166,5.1);
#1229=ELLIPSE('',#3283,51.2543656677165,5.1);
#1230=ELLIPSE('',#3289,51.2543656677165,5.1);
#1231=ELLIPSE('',#3294,51.2543656677165,5.1);
#1232=VERTEX_POINT('',#4442);
#1233=VERTEX_POINT('',#4443);
#1234=VERTEX_POINT('',#4445);
#1235=VERTEX_POINT('',#4447);
#1236=VERTEX_POINT('',#4451);
#1237=VERTEX_POINT('',#4453);
#1238=VERTEX_POINT('',#4455);
#1239=VERTEX_POINT('',#4457);
#1240=VERTEX_POINT('',#4459);
#1241=VERTEX_POINT('',#4461);
#1242=VERTEX_POINT('',#4465);
#1243=VERTEX_POINT('',#4466);
#1244=VERTEX_POINT('',#4468);
#1245=VERTEX_POINT('',#4470);
#1246=VERTEX_POINT('',#4474);
#1247=VERTEX_POINT('',#4476);
#1248=VERTEX_POINT('',#4478);
#1249=VERTEX_POINT('',#4480);
#1250=VERTEX_POINT('',#4482);
#1251=VERTEX_POINT('',#4484);
#1252=VERTEX_POINT('',#4488);
#1253=VERTEX_POINT('',#4489);
#1254=VERTEX_POINT('',#4491);
#1255=VERTEX_POINT('',#4493);
#1256=VERTEX_POINT('',#4497);
#1257=VERTEX_POINT('',#4499);
#1258=VERTEX_POINT('',#4501);
#1259=VERTEX_POINT('',#4503);
#1260=VERTEX_POINT('',#4505);
#1261=VERTEX_POINT('',#4507);
#1262=VERTEX_POINT('',#4511);
#1263=VERTEX_POINT('',#4512);
#1264=VERTEX_POINT('',#4514);
#1265=VERTEX_POINT('',#4516);
#1266=VERTEX_POINT('',#4520);
#1267=VERTEX_POINT('',#4522);
#1268=VERTEX_POINT('',#4524);
#1269=VERTEX_POINT('',#4526);
#1270=VERTEX_POINT('',#4528);
#1271=VERTEX_POINT('',#4530);
#1272=VERTEX_POINT('',#4534);
#1273=VERTEX_POINT('',#4535);
#1274=VERTEX_POINT('',#4537);
#1275=VERTEX_POINT('',#4539);
#1276=VERTEX_POINT('',#4543);
#1277=VERTEX_POINT('',#4545);
#1278=VERTEX_POINT('',#4547);
#1279=VERTEX_POINT('',#4549);
#1280=VERTEX_POINT('',#4551);
#1281=VERTEX_POINT('',#4553);
#1282=VERTEX_POINT('',#4557);
#1283=VERTEX_POINT('',#4559);
#1284=VERTEX_POINT('',#4563);
#1285=VERTEX_POINT('',#4565);
#1286=VERTEX_POINT('',#4569);
#1287=VERTEX_POINT('',#4571);
#1288=VERTEX_POINT('',#4575);
#1289=VERTEX_POINT('',#4577);
#1290=VERTEX_POINT('',#4581);
#1291=VERTEX_POINT('',#4583);
#1292=VERTEX_POINT('',#4587);
#1293=VERTEX_POINT('',#4588);
#1294=VERTEX_POINT('',#4590);
#1295=VERTEX_POINT('',#4592);
#1296=VERTEX_POINT('',#4596);
#1297=VERTEX_POINT('',#4597);
#1298=VERTEX_POINT('',#4602);
#1299=VERTEX_POINT('',#4603);
#1300=VERTEX_POINT('',#4608);
#1301=VERTEX_POINT('',#4609);
#1302=VERTEX_POINT('',#4614);
#1303=VERTEX_POINT('',#4615);
#1304=VERTEX_POINT('',#4620);
#1305=VERTEX_POINT('',#4621);
#1306=VERTEX_POINT('',#4626);
#1307=VERTEX_POINT('',#4627);
#1308=VERTEX_POINT('',#4635);
#1309=VERTEX_POINT('',#4637);
#1310=VERTEX_POINT('',#4639);
#1311=VERTEX_POINT('',#4641);
#1312=VERTEX_POINT('',#4643);
#1313=VERTEX_POINT('',#4645);
#1314=VERTEX_POINT('',#4648);
#1315=VERTEX_POINT('',#4650);
#1316=VERTEX_POINT('',#4652);
#1317=VERTEX_POINT('',#4654);
#1318=VERTEX_POINT('',#4656);
#1319=VERTEX_POINT('',#4658);
#1320=VERTEX_POINT('',#4661);
#1321=VERTEX_POINT('',#4663);
#1322=VERTEX_POINT('',#4665);
#1323=VERTEX_POINT('',#4667);
#1324=VERTEX_POINT('',#4669);
#1325=VERTEX_POINT('',#4671);
#1326=VERTEX_POINT('',#4674);
#1327=VERTEX_POINT('',#4676);
#1328=VERTEX_POINT('',#4678);
#1329=VERTEX_POINT('',#4680);
#1330=VERTEX_POINT('',#4682);
#1331=VERTEX_POINT('',#4684);
#1332=VERTEX_POINT('',#4687);
#1333=VERTEX_POINT('',#4690);
#1334=VERTEX_POINT('',#4693);
#1335=VERTEX_POINT('',#4696);
#1336=VERTEX_POINT('',#4701);
#1337=VERTEX_POINT('',#4704);
#1338=VERTEX_POINT('',#4705);
#1339=VERTEX_POINT('',#4707);
#1340=VERTEX_POINT('',#4709);
#1341=VERTEX_POINT('',#4713);
#1342=VERTEX_POINT('',#4714);
#1343=VERTEX_POINT('',#4719);
#1344=VERTEX_POINT('',#4720);
#1345=VERTEX_POINT('',#4725);
#1346=VERTEX_POINT('',#4730);
#1347=VERTEX_POINT('',#4734);
#1348=VERTEX_POINT('',#4738);
#1349=VERTEX_POINT('',#4745);
#1350=VERTEX_POINT('',#4750);
#1351=VERTEX_POINT('',#4753);
#1352=VERTEX_POINT('',#4755);
#1353=VERTEX_POINT('',#4757);
#1354=VERTEX_POINT('',#4761);
#1355=VERTEX_POINT('',#4762);
#1356=VERTEX_POINT('',#4767);
#1357=VERTEX_POINT('',#4768);
#1358=VERTEX_POINT('',#4773);
#1359=VERTEX_POINT('',#4774);
#1360=VERTEX_POINT('',#4779);
#1361=VERTEX_POINT('',#4784);
#1362=VERTEX_POINT('',#4788);
#1363=VERTEX_POINT('',#4797);
#1364=VERTEX_POINT('',#4800);
#1365=VERTEX_POINT('',#4802);
#1366=VERTEX_POINT('',#4804);
#1367=VERTEX_POINT('',#4806);
#1368=VERTEX_POINT('',#4808);
#1369=VERTEX_POINT('',#4810);
#1370=VERTEX_POINT('',#4813);
#1371=VERTEX_POINT('',#4815);
#1372=VERTEX_POINT('',#4817);
#1373=VERTEX_POINT('',#4819);
#1374=VERTEX_POINT('',#4821);
#1375=VERTEX_POINT('',#4823);
#1376=VERTEX_POINT('',#4826);
#1377=VERTEX_POINT('',#4829);
#1378=VERTEX_POINT('',#4833);
#1379=VERTEX_POINT('',#4837);
#1380=VERTEX_POINT('',#4840);
#1381=VERTEX_POINT('',#4842);
#1382=VERTEX_POINT('',#4843);
#1383=VERTEX_POINT('',#4845);
#1384=VERTEX_POINT('',#4847);
#1385=VERTEX_POINT('',#4850);
#1386=VERTEX_POINT('',#4851);
#1387=VERTEX_POINT('',#4853);
#1388=VERTEX_POINT('',#4855);
#1389=VERTEX_POINT('',#4861);
#1390=VERTEX_POINT('',#4864);
#1391=VERTEX_POINT('',#4868);
#1392=VERTEX_POINT('',#4872);
#1393=VERTEX_POINT('',#4876);
#1394=VERTEX_POINT('',#4880);
#1395=VERTEX_POINT('',#4885);
#1396=VERTEX_POINT('',#4889);
#1397=VERTEX_POINT('',#4898);
#1398=VERTEX_POINT('',#4903);
#1399=VERTEX_POINT('',#4905);
#1400=VERTEX_POINT('',#4909);
#1401=VERTEX_POINT('',#4913);
#1402=VERTEX_POINT('',#4918);
#1403=VERTEX_POINT('',#4922);
#1404=VERTEX_POINT('',#4926);
#1405=VERTEX_POINT('',#4930);
#1406=VERTEX_POINT('',#4940);
#1407=VERTEX_POINT('',#4943);
#1408=VERTEX_POINT('',#4945);
#1409=VERTEX_POINT('',#4947);
#1410=VERTEX_POINT('',#4951);
#1411=VERTEX_POINT('',#4952);
#1412=VERTEX_POINT('',#4957);
#1413=VERTEX_POINT('',#4962);
#1414=VERTEX_POINT('',#4963);
#1415=VERTEX_POINT('',#4965);
#1416=VERTEX_POINT('',#4967);
#1417=VERTEX_POINT('',#4974);
#1418=VERTEX_POINT('',#4976);
#1419=VERTEX_POINT('',#4983);
#1420=VERTEX_POINT('',#4985);
#1421=VERTEX_POINT('',#4989);
#1422=VERTEX_POINT('',#4991);
#1423=VERTEX_POINT('',#4995);
#1424=VERTEX_POINT('',#4999);
#1425=VERTEX_POINT('',#5003);
#1426=VERTEX_POINT('',#5004);
#1427=VERTEX_POINT('',#5006);
#1428=VERTEX_POINT('',#5008);
#1429=VERTEX_POINT('',#5015);
#1430=VERTEX_POINT('',#5017);
#1431=VERTEX_POINT('',#5024);
#1432=VERTEX_POINT('',#5026);
#1433=VERTEX_POINT('',#5030);
#1434=VERTEX_POINT('',#5032);
#1435=VERTEX_POINT('',#5036);
#1436=VERTEX_POINT('',#5040);
#1437=VERTEX_POINT('',#5078);
#1438=VERTEX_POINT('',#5082);
#1439=VERTEX_POINT('',#5092);
#1440=VERTEX_POINT('',#5094);
#1441=VERTEX_POINT('',#5103);
#1442=VERTEX_POINT('',#5108);
#1443=VERTEX_POINT('',#5113);
#1444=VERTEX_POINT('',#5116);
#1445=VERTEX_POINT('',#5120);
#1446=VERTEX_POINT('',#5127);
#1447=VERTEX_POINT('',#5130);
#1448=VERTEX_POINT('',#5134);
#1449=VERTEX_POINT('',#5140);
#1450=VERTEX_POINT('',#5142);
#1451=VERTEX_POINT('',#5146);
#1452=VERTEX_POINT('',#5151);
#1453=VERTEX_POINT('',#5153);
#1454=VERTEX_POINT('',#5157);
#1455=VERTEX_POINT('',#5167);
#1456=VERTEX_POINT('',#5171);
#1457=VERTEX_POINT('',#5177);
#1458=VERTEX_POINT('',#5180);
#1459=VERTEX_POINT('',#5184);
#1460=VERTEX_POINT('',#5190);
#1461=VERTEX_POINT('',#5194);
#1462=VERTEX_POINT('',#5198);
#1463=VERTEX_POINT('',#5200);
#1464=VERTEX_POINT('',#5204);
#1465=VERTEX_POINT('',#5213);
#1466=VERTEX_POINT('',#5217);
#1467=VERTEX_POINT('',#5223);
#1468=VERTEX_POINT('',#5226);
#1469=VERTEX_POINT('',#5230);
#1470=VERTEX_POINT('',#5238);
#1471=VERTEX_POINT('',#5242);
#1472=VERTEX_POINT('',#5246);
#1473=VERTEX_POINT('',#5248);
#1474=VERTEX_POINT('',#5252);
#1475=VERTEX_POINT('',#5261);
#1476=VERTEX_POINT('',#5265);
#1477=VERTEX_POINT('',#5272);
#1478=VERTEX_POINT('',#5275);
#1479=VERTEX_POINT('',#5279);
#1480=VERTEX_POINT('',#5287);
#1481=VERTEX_POINT('',#5289);
#1482=VERTEX_POINT('',#5293);
#1483=VERTEX_POINT('',#5298);
#1484=VERTEX_POINT('',#5300);
#1485=VERTEX_POINT('',#5304);
#1486=VERTEX_POINT('',#5314);
#1487=VERTEX_POINT('',#5318);
#1488=VERTEX_POINT('',#5324);
#1489=VERTEX_POINT('',#5327);
#1490=VERTEX_POINT('',#5331);
#1491=VERTEX_POINT('',#5339);
#1492=VERTEX_POINT('',#5343);
#1493=VERTEX_POINT('',#5347);
#1494=VERTEX_POINT('',#5349);
#1495=VERTEX_POINT('',#5353);
#1496=EDGE_CURVE('',#1232,#1233,#1208,.F.);
#1497=EDGE_CURVE('',#1233,#1234,#730,.T.);
#1498=EDGE_CURVE('',#1234,#1235,#1209,.F.);
#1499=EDGE_CURVE('',#1235,#1232,#731,.T.);
#1500=EDGE_CURVE('',#1236,#1233,#732,.F.);
#1501=EDGE_CURVE('',#1236,#1237,#733,.T.);
#1502=EDGE_CURVE('',#1238,#1237,#734,.F.);
#1503=EDGE_CURVE('',#1239,#1238,#735,.T.);
#1504=EDGE_CURVE('',#1240,#1239,#736,.F.);
#1505=EDGE_CURVE('',#1241,#1240,#737,.T.);
#1506=EDGE_CURVE('',#1234,#1241,#738,.F.);
#1507=EDGE_CURVE('',#1242,#1243,#1210,.F.);
#1508=EDGE_CURVE('',#1243,#1244,#739,.T.);
#1509=EDGE_CURVE('',#1244,#1245,#1211,.F.);
#1510=EDGE_CURVE('',#1245,#1242,#740,.T.);
#1511=EDGE_CURVE('',#1246,#1243,#741,.F.);
#1512=EDGE_CURVE('',#1246,#1247,#742,.T.);
#1513=EDGE_CURVE('',#1248,#1247,#743,.F.);
#1514=EDGE_CURVE('',#1249,#1248,#744,.T.);
#1515=EDGE_CURVE('',#1250,#1249,#745,.F.);
#1516=EDGE_CURVE('',#1251,#1250,#746,.T.);
#1517=EDGE_CURVE('',#1244,#1251,#747,.F.);
#1518=EDGE_CURVE('',#1252,#1253,#1212,.F.);
#1519=EDGE_CURVE('',#1253,#1254,#748,.T.);
#1520=EDGE_CURVE('',#1254,#1255,#1213,.F.);
#1521=EDGE_CURVE('',#1255,#1252,#749,.T.);
#1522=EDGE_CURVE('',#1256,#1253,#750,.F.);
#1523=EDGE_CURVE('',#1256,#1257,#751,.T.);
#1524=EDGE_CURVE('',#1258,#1257,#752,.F.);
#1525=EDGE_CURVE('',#1259,#1258,#753,.T.);
#1526=EDGE_CURVE('',#1260,#1259,#754,.F.);
#1527=EDGE_CURVE('',#1261,#1260,#755,.T.);
#1528=EDGE_CURVE('',#1254,#1261,#756,.F.);
#1529=EDGE_CURVE('',#1262,#1263,#1214,.F.);
#1530=EDGE_CURVE('',#1263,#1264,#757,.T.);
#1531=EDGE_CURVE('',#1264,#1265,#1215,.F.);
#1532=EDGE_CURVE('',#1265,#1262,#758,.T.);
#1533=EDGE_CURVE('',#1266,#1263,#759,.F.);
#1534=EDGE_CURVE('',#1266,#1267,#760,.T.);
#1535=EDGE_CURVE('',#1268,#1267,#761,.F.);
#1536=EDGE_CURVE('',#1269,#1268,#762,.T.);
#1537=EDGE_CURVE('',#1270,#1269,#763,.F.);
#1538=EDGE_CURVE('',#1271,#1270,#764,.T.);
#1539=EDGE_CURVE('',#1264,#1271,#765,.F.);
#1540=EDGE_CURVE('',#1272,#1273,#1216,.F.);
#1541=EDGE_CURVE('',#1273,#1274,#766,.T.);
#1542=EDGE_CURVE('',#1274,#1275,#1217,.F.);
#1543=EDGE_CURVE('',#1275,#1272,#767,.T.);
#1544=EDGE_CURVE('',#1276,#1273,#768,.F.);
#1545=EDGE_CURVE('',#1276,#1277,#769,.T.);
#1546=EDGE_CURVE('',#1278,#1277,#770,.F.);
#1547=EDGE_CURVE('',#1279,#1278,#771,.T.);
#1548=EDGE_CURVE('',#1280,#1279,#772,.F.);
#1549=EDGE_CURVE('',#1281,#1280,#773,.T.);
#1550=EDGE_CURVE('',#1274,#1281,#774,.F.);
#1551=EDGE_CURVE('',#1282,#1279,#1218,.F.);
#1552=EDGE_CURVE('',#1278,#1283,#1219,.F.);
#1553=EDGE_CURVE('',#1283,#1282,#775,.T.);
#1554=EDGE_CURVE('',#1284,#1269,#1220,.F.);
#1555=EDGE_CURVE('',#1268,#1285,#1221,.F.);
#1556=EDGE_CURVE('',#1285,#1284,#776,.T.);
#1557=EDGE_CURVE('',#1286,#1259,#1222,.F.);
#1558=EDGE_CURVE('',#1258,#1287,#1223,.F.);
#1559=EDGE_CURVE('',#1287,#1286,#777,.T.);
#1560=EDGE_CURVE('',#1288,#1239,#1224,.F.);
#1561=EDGE_CURVE('',#1238,#1289,#1225,.F.);
#1562=EDGE_CURVE('',#1289,#1288,#778,.T.);
#1563=EDGE_CURVE('',#1290,#1249,#1226,.F.);
#1564=EDGE_CURVE('',#1248,#1291,#1227,.F.);
#1565=EDGE_CURVE('',#1291,#1290,#779,.T.);
#1566=EDGE_CURVE('',#1292,#1293,#113,.T.);
#1567=EDGE_CURVE('',#1293,#1294,#780,.T.);
#1568=EDGE_CURVE('',#1294,#1295,#114,.T.);
#1569=EDGE_CURVE('',#1295,#1292,#781,.T.);
#1570=EDGE_CURVE('',#1296,#1297,#115,.T.);
#1571=EDGE_CURVE('',#1297,#1295,#116,.T.);
#1572=EDGE_CURVE('',#1294,#1296,#117,.T.);
#1573=EDGE_CURVE('',#1298,#1299,#118,.T.);
#1574=EDGE_CURVE('',#1299,#1297,#782,.T.);
#1575=EDGE_CURVE('',#1296,#1298,#783,.T.);
#1576=EDGE_CURVE('',#1300,#1301,#119,.T.);
#1577=EDGE_CURVE('',#1301,#1299,#120,.T.);
#1578=EDGE_CURVE('',#1298,#1300,#121,.T.);
#1579=EDGE_CURVE('',#1302,#1303,#122,.T.);
#1580=EDGE_CURVE('',#1303,#1301,#784,.T.);
#1581=EDGE_CURVE('',#1300,#1302,#785,.T.);
#1582=EDGE_CURVE('',#1304,#1305,#123,.T.);
#1583=EDGE_CURVE('',#1305,#1303,#124,.T.);
#1584=EDGE_CURVE('',#1302,#1304,#125,.T.);
#1585=EDGE_CURVE('',#1306,#1307,#126,.T.);
#1586=EDGE_CURVE('',#1307,#1305,#786,.T.);
#1587=EDGE_CURVE('',#1304,#1306,#787,.T.);
#1588=EDGE_CURVE('',#1306,#1293,#127,.T.);
#1589=EDGE_CURVE('',#1292,#1307,#128,.T.);
#1590=EDGE_CURVE('',#1308,#1235,#788,.T.);
#1591=EDGE_CURVE('',#1308,#1309,#789,.T.);
#1592=EDGE_CURVE('',#1310,#1309,#790,.T.);
#1593=EDGE_CURVE('',#1311,#1310,#129,.T.);
#1594=EDGE_CURVE('',#1312,#1311,#791,.T.);
#1595=EDGE_CURVE('',#1312,#1313,#792,.T.);
#1596=EDGE_CURVE('',#1242,#1313,#793,.T.);
#1597=EDGE_CURVE('',#1314,#1245,#794,.T.);
#1598=EDGE_CURVE('',#1314,#1315,#795,.T.);
#1599=EDGE_CURVE('',#1316,#1315,#796,.T.);
#1600=EDGE_CURVE('',#1317,#1316,#130,.T.);
#1601=EDGE_CURVE('',#1318,#1317,#797,.T.);
#1602=EDGE_CURVE('',#1318,#1319,#798,.T.);
#1603=EDGE_CURVE('',#1252,#1319,#799,.T.);
#1604=EDGE_CURVE('',#1320,#1255,#800,.T.);
#1605=EDGE_CURVE('',#1320,#1321,#801,.T.);
#1606=EDGE_CURVE('',#1322,#1321,#802,.T.);
#1607=EDGE_CURVE('',#1323,#1322,#131,.T.);
#1608=EDGE_CURVE('',#1324,#1323,#803,.T.);
#1609=EDGE_CURVE('',#1324,#1325,#804,.T.);
#1610=EDGE_CURVE('',#1262,#1325,#805,.T.);
#1611=EDGE_CURVE('',#1326,#1265,#806,.T.);
#1612=EDGE_CURVE('',#1326,#1327,#807,.T.);
#1613=EDGE_CURVE('',#1328,#1327,#808,.T.);
#1614=EDGE_CURVE('',#1329,#1328,#132,.T.);
#1615=EDGE_CURVE('',#1330,#1329,#809,.T.);
#1616=EDGE_CURVE('',#1330,#1331,#810,.T.);
#1617=EDGE_CURVE('',#1272,#1331,#811,.T.);
#1618=EDGE_CURVE('',#1332,#1275,#812,.T.);
#1619=EDGE_CURVE('',#1332,#1301,#813,.T.);
#1620=EDGE_CURVE('',#1307,#1333,#814,.T.);
#1621=EDGE_CURVE('',#1232,#1333,#815,.T.);
#1622=EDGE_CURVE('',#1334,#1334,#133,.T.);
#1623=EDGE_CURVE('',#1292,#1335,#816,.T.);
#1624=EDGE_CURVE('',#1333,#1335,#134,.T.);
#1625=EDGE_CURVE('',#1302,#1296,#817,.T.);
#1626=EDGE_CURVE('',#1336,#1336,#135,.T.);
#1627=EDGE_CURVE('',#1337,#1338,#136,.T.);
#1628=EDGE_CURVE('',#1338,#1339,#818,.T.);
#1629=EDGE_CURVE('',#1339,#1340,#137,.T.);
#1630=EDGE_CURVE('',#1340,#1337,#819,.T.);
#1631=EDGE_CURVE('',#1341,#1342,#138,.T.);
#1632=EDGE_CURVE('',#1342,#1340,#139,.T.);
#1633=EDGE_CURVE('',#1339,#1341,#140,.T.);
#1634=EDGE_CURVE('',#1343,#1344,#141,.T.);
#1635=EDGE_CURVE('',#1344,#1342,#820,.T.);
#1636=EDGE_CURVE('',#1341,#1343,#821,.T.);
#1637=EDGE_CURVE('',#1345,#1309,#142,.T.);
#1638=EDGE_CURVE('',#1309,#1344,#143,.T.);
#1639=EDGE_CURVE('',#1343,#1345,#144,.T.);
#1640=EDGE_CURVE('',#1346,#1310,#145,.T.);
#1641=EDGE_CURVE('',#1345,#1346,#822,.T.);
#1642=EDGE_CURVE('',#1347,#1311,#146,.T.);
#1643=EDGE_CURVE('',#1346,#1347,#147,.T.);
#1644=EDGE_CURVE('',#1348,#1312,#148,.T.);
#1645=EDGE_CURVE('',#1347,#1348,#823,.T.);
#1646=EDGE_CURVE('',#1348,#1338,#149,.T.);
#1647=EDGE_CURVE('',#1337,#1312,#150,.T.);
#1648=EDGE_CURVE('',#1337,#1349,#824,.T.);
#1649=EDGE_CURVE('',#1313,#1349,#151,.T.);
#1650=EDGE_CURVE('',#1346,#1341,#825,.T.);
#1651=EDGE_CURVE('',#1350,#1350,#152,.T.);
#1652=EDGE_CURVE('',#1351,#1315,#153,.T.);
#1653=EDGE_CURVE('',#1315,#1352,#154,.T.);
#1654=EDGE_CURVE('',#1352,#1353,#155,.T.);
#1655=EDGE_CURVE('',#1353,#1351,#156,.T.);
#1656=EDGE_CURVE('',#1354,#1355,#157,.T.);
#1657=EDGE_CURVE('',#1355,#1353,#826,.T.);
#1658=EDGE_CURVE('',#1352,#1354,#827,.T.);
#1659=EDGE_CURVE('',#1356,#1357,#158,.T.);
#1660=EDGE_CURVE('',#1357,#1355,#159,.T.);
#1661=EDGE_CURVE('',#1354,#1356,#160,.T.);
#1662=EDGE_CURVE('',#1358,#1359,#161,.T.);
#1663=EDGE_CURVE('',#1359,#1357,#828,.T.);
#1664=EDGE_CURVE('',#1356,#1358,#829,.T.);
#1665=EDGE_CURVE('',#1318,#1360,#162,.T.);
#1666=EDGE_CURVE('',#1360,#1359,#163,.T.);
#1667=EDGE_CURVE('',#1358,#1318,#164,.T.);
#1668=EDGE_CURVE('',#1317,#1361,#165,.T.);
#1669=EDGE_CURVE('',#1361,#1360,#830,.T.);
#1670=EDGE_CURVE('',#1316,#1362,#166,.T.);
#1671=EDGE_CURVE('',#1362,#1361,#167,.T.);
#1672=EDGE_CURVE('',#1351,#1362,#831,.T.);
#1673=EDGE_CURVE('',#1362,#1355,#832,.T.);
#1674=EDGE_CURVE('',#1357,#1361,#833,.T.);
#1675=EDGE_CURVE('',#1363,#1363,#168,.T.);
#1676=EDGE_CURVE('',#1364,#1283,#834,.T.);
#1677=EDGE_CURVE('',#1365,#1364,#835,.T.);
#1678=EDGE_CURVE('',#1366,#1365,#836,.T.);
#1679=EDGE_CURVE('',#1367,#1366,#169,.T.);
#1680=EDGE_CURVE('',#1368,#1367,#837,.T.);
#1681=EDGE_CURVE('',#1369,#1368,#838,.T.);
#1682=EDGE_CURVE('',#1284,#1369,#839,.T.);
#1683=EDGE_CURVE('',#1370,#1285,#840,.T.);
#1684=EDGE_CURVE('',#1371,#1370,#841,.T.);
#1685=EDGE_CURVE('',#1372,#1371,#842,.T.);
#1686=EDGE_CURVE('',#1373,#1372,#170,.T.);
#1687=EDGE_CURVE('',#1374,#1373,#843,.T.);
#1688=EDGE_CURVE('',#1375,#1374,#844,.T.);
#1689=EDGE_CURVE('',#1286,#1375,#845,.T.);
#1690=EDGE_CURVE('',#1376,#1287,#846,.T.);
#1691=EDGE_CURVE('',#1358,#1376,#847,.T.);
#1692=EDGE_CURVE('',#1377,#1352,#848,.T.);
#1693=EDGE_CURVE('',#1290,#1377,#849,.T.);
#1694=EDGE_CURVE('',#1349,#1291,#850,.T.);
#1695=EDGE_CURVE('',#1378,#1344,#851,.T.);
#1696=EDGE_CURVE('',#1288,#1378,#852,.T.);
#1697=EDGE_CURVE('',#1335,#1289,#853,.T.);
#1698=EDGE_CURVE('',#1379,#1299,#854,.T.);
#1699=EDGE_CURVE('',#1282,#1379,#855,.T.);
#1700=EDGE_CURVE('',#1380,#1380,#171,.T.);
#1701=EDGE_CURVE('',#1381,#1382,#172,.T.);
#1702=EDGE_CURVE('',#1383,#1381,#856,.T.);
#1703=EDGE_CURVE('',#1384,#1383,#173,.T.);
#1704=EDGE_CURVE('',#1382,#1384,#857,.T.);
#1705=EDGE_CURVE('',#1385,#1386,#174,.T.);
#1706=EDGE_CURVE('',#1387,#1385,#858,.T.);
#1707=EDGE_CURVE('',#1388,#1387,#175,.T.);
#1708=EDGE_CURVE('',#1386,#1388,#859,.T.);
#1709=EDGE_CURVE('',#1377,#1314,#176,.T.);
#1710=EDGE_CURVE('',#1389,#1321,#177,.T.);
#1711=EDGE_CURVE('',#1321,#1374,#178,.T.);
#1712=EDGE_CURVE('',#1374,#1390,#179,.T.);
#1713=EDGE_CURVE('',#1390,#1389,#180,.T.);
#1714=EDGE_CURVE('',#1373,#1391,#181,.T.);
#1715=EDGE_CURVE('',#1391,#1390,#860,.T.);
#1716=EDGE_CURVE('',#1372,#1392,#182,.T.);
#1717=EDGE_CURVE('',#1392,#1391,#183,.T.);
#1718=EDGE_CURVE('',#1371,#1393,#184,.T.);
#1719=EDGE_CURVE('',#1393,#1392,#861,.T.);
#1720=EDGE_CURVE('',#1324,#1394,#185,.T.);
#1721=EDGE_CURVE('',#1394,#1393,#186,.T.);
#1722=EDGE_CURVE('',#1371,#1324,#187,.T.);
#1723=EDGE_CURVE('',#1323,#1395,#188,.T.);
#1724=EDGE_CURVE('',#1395,#1394,#862,.T.);
#1725=EDGE_CURVE('',#1322,#1396,#189,.T.);
#1726=EDGE_CURVE('',#1396,#1395,#190,.T.);
#1727=EDGE_CURVE('',#1389,#1396,#863,.T.);
#1728=EDGE_CURVE('',#1396,#1391,#864,.T.);
#1729=EDGE_CURVE('',#1392,#1395,#865,.T.);
#1730=EDGE_CURVE('',#1397,#1397,#191,.T.);
#1731=EDGE_CURVE('',#1375,#1320,#192,.T.);
#1732=EDGE_CURVE('',#1398,#1367,#193,.T.);
#1733=EDGE_CURVE('',#1366,#1399,#194,.T.);
#1734=EDGE_CURVE('',#1399,#1398,#195,.T.);
#1735=EDGE_CURVE('',#1365,#1400,#196,.T.);
#1736=EDGE_CURVE('',#1400,#1399,#866,.T.);
#1737=EDGE_CURVE('',#1330,#1401,#197,.T.);
#1738=EDGE_CURVE('',#1401,#1400,#198,.T.);
#1739=EDGE_CURVE('',#1365,#1330,#199,.T.);
#1740=EDGE_CURVE('',#1329,#1402,#200,.T.);
#1741=EDGE_CURVE('',#1402,#1401,#867,.T.);
#1742=EDGE_CURVE('',#1328,#1403,#201,.T.);
#1743=EDGE_CURVE('',#1403,#1402,#202,.T.);
#1744=EDGE_CURVE('',#1327,#1404,#203,.T.);
#1745=EDGE_CURVE('',#1404,#1403,#868,.T.);
#1746=EDGE_CURVE('',#1368,#1405,#204,.T.);
#1747=EDGE_CURVE('',#1405,#1404,#205,.T.);
#1748=EDGE_CURVE('',#1327,#1368,#206,.T.);
#1749=EDGE_CURVE('',#1398,#1405,#869,.T.);
#1750=EDGE_CURVE('',#1331,#1364,#207,.T.);
#1751=EDGE_CURVE('',#1403,#1398,#870,.T.);
#1752=EDGE_CURVE('',#1406,#1406,#208,.T.);
#1753=EDGE_CURVE('',#1407,#1407,#209,.T.);
#1754=EDGE_CURVE('',#1407,#1408,#210,.T.);
#1755=EDGE_CURVE('',#1408,#1409,#211,.T.);
#1756=EDGE_CURVE('',#1409,#1408,#212,.T.);
#1757=EDGE_CURVE('',#1410,#1411,#213,.T.);
#1758=EDGE_CURVE('',#1411,#1410,#214,.T.);
#1759=EDGE_CURVE('',#1411,#1409,#871,.T.);
#1760=EDGE_CURVE('',#1412,#1412,#215,.T.);
#1761=EDGE_CURVE('',#1380,#1410,#216,.T.);
#1762=EDGE_CURVE('',#1413,#1414,#872,.T.);
#1763=EDGE_CURVE('',#1414,#1415,#1228,.F.);
#1764=EDGE_CURVE('',#1415,#1416,#873,.T.);
#1765=EDGE_CURVE('',#1416,#1413,#57,.T.);
#1766=EDGE_CURVE('',#1416,#1417,#217,.T.);
#1767=EDGE_CURVE('',#1417,#1418,#58,.T.);
#1768=EDGE_CURVE('',#1418,#1413,#218,.T.);
#1769=EDGE_CURVE('',#1417,#1419,#874,.T.);
#1770=EDGE_CURVE('',#1419,#1420,#1229,.F.);
#1771=EDGE_CURVE('',#1420,#1418,#875,.T.);
#1772=EDGE_CURVE('',#1413,#1421,#876,.T.);
#1773=EDGE_CURVE('',#1422,#1421,#877,.T.);
#1774=EDGE_CURVE('',#1414,#1422,#878,.T.);
#1775=EDGE_CURVE('',#1418,#1423,#879,.T.);
#1776=EDGE_CURVE('',#1421,#1423,#219,.T.);
#1777=EDGE_CURVE('',#1424,#1420,#880,.T.);
#1778=EDGE_CURVE('',#1423,#1424,#881,.T.);
#1779=EDGE_CURVE('',#1425,#1426,#882,.T.);
#1780=EDGE_CURVE('',#1426,#1427,#1230,.F.);
#1781=EDGE_CURVE('',#1427,#1428,#883,.T.);
#1782=EDGE_CURVE('',#1428,#1425,#59,.T.);
#1783=EDGE_CURVE('',#1428,#1429,#220,.T.);
#1784=EDGE_CURVE('',#1429,#1430,#60,.T.);
#1785=EDGE_CURVE('',#1430,#1425,#221,.T.);
#1786=EDGE_CURVE('',#1429,#1431,#884,.T.);
#1787=EDGE_CURVE('',#1431,#1432,#1231,.F.);
#1788=EDGE_CURVE('',#1432,#1430,#885,.T.);
#1789=EDGE_CURVE('',#1425,#1433,#886,.T.);
#1790=EDGE_CURVE('',#1434,#1433,#887,.T.);
#1791=EDGE_CURVE('',#1426,#1434,#888,.T.);
#1792=EDGE_CURVE('',#1430,#1435,#889,.T.);
#1793=EDGE_CURVE('',#1433,#1435,#222,.T.);
#1794=EDGE_CURVE('',#1436,#1432,#890,.T.);
#1795=EDGE_CURVE('',#1435,#1436,#891,.T.);
#1796=EDGE_CURVE('',#1424,#1382,#15,.F.);
#1797=EDGE_CURVE('',#1384,#1423,#61,.T.);
#1798=EDGE_CURVE('',#1383,#1421,#62,.T.);
#1799=EDGE_CURVE('',#1381,#1422,#16,.F.);
#1800=EDGE_CURVE('',#1436,#1386,#17,.F.);
#1801=EDGE_CURVE('',#1388,#1435,#63,.T.);
#1802=EDGE_CURVE('',#1387,#1433,#64,.T.);
#1803=EDGE_CURVE('',#1385,#1434,#18,.F.);
#1804=EDGE_CURVE('',#1437,#1437,#223,.T.);
#1805=EDGE_CURVE('',#1437,#1334,#892,.T.);
#1806=EDGE_CURVE('',#1436,#1438,#224,.T.);
#1807=EDGE_CURVE('',#1431,#1415,#225,.T.);
#1808=EDGE_CURVE('',#1424,#1422,#226,.T.);
#1809=EDGE_CURVE('',#1419,#1427,#227,.T.);
#1810=EDGE_CURVE('',#1438,#1434,#228,.T.);
#1811=EDGE_CURVE('',#1438,#1437,#893,.T.);
#1812=EDGE_CURVE('',#1439,#1439,#229,.T.);
#1813=EDGE_CURVE('',#1439,#1440,#894,.T.);
#1814=EDGE_CURVE('',#1440,#1440,#230,.T.);
#1815=EDGE_CURVE('',#1412,#1440,#895,.T.);
#1816=EDGE_CURVE('',#1294,#1304,#896,.T.);
#1817=EDGE_CURVE('',#1441,#1441,#231,.T.);
#1818=EDGE_CURVE('',#1339,#1347,#897,.T.);
#1819=EDGE_CURVE('',#1442,#1442,#232,.T.);
#1820=EDGE_CURVE('',#1399,#1402,#898,.T.);
#1821=EDGE_CURVE('',#1443,#1443,#233,.T.);
#1822=EDGE_CURVE('',#1257,#1444,#899,.T.);
#1823=EDGE_CURVE('',#1444,#1376,#900,.T.);
#1824=EDGE_CURVE('',#1444,#1445,#234,.T.);
#1825=EDGE_CURVE('',#1445,#1319,#901,.T.);
#1826=EDGE_CURVE('',#1319,#1376,#235,.T.);
#1827=EDGE_CURVE('',#1445,#1256,#902,.T.);
#1828=EDGE_CURVE('',#1446,#1446,#236,.T.);
#1829=EDGE_CURVE('',#1375,#1447,#903,.T.);
#1830=EDGE_CURVE('',#1447,#1260,#904,.T.);
#1831=EDGE_CURVE('',#1320,#1448,#905,.T.);
#1832=EDGE_CURVE('',#1448,#1447,#237,.T.);
#1833=EDGE_CURVE('',#1261,#1448,#906,.T.);
#1834=EDGE_CURVE('',#1449,#1449,#238,.T.);
#1835=EDGE_CURVE('',#1449,#1450,#907,.T.);
#1836=EDGE_CURVE('',#1450,#1450,#239,.T.);
#1837=EDGE_CURVE('',#1451,#1451,#240,.T.);
#1838=EDGE_CURVE('',#1451,#1450,#908,.T.);
#1839=EDGE_CURVE('',#1452,#1452,#241,.T.);
#1840=EDGE_CURVE('',#1452,#1453,#909,.T.);
#1841=EDGE_CURVE('',#1453,#1453,#242,.T.);
#1842=EDGE_CURVE('',#1454,#1454,#243,.T.);
#1843=EDGE_CURVE('',#1454,#1453,#910,.T.);
#1844=EDGE_CURVE('',#1446,#1451,#911,.T.);
#1845=EDGE_CURVE('',#1397,#1454,#912,.T.);
#1846=EDGE_CURVE('',#1247,#1455,#913,.T.);
#1847=EDGE_CURVE('',#1455,#1349,#914,.T.);
#1848=EDGE_CURVE('',#1455,#1456,#244,.T.);
#1849=EDGE_CURVE('',#1456,#1313,#915,.T.);
#1850=EDGE_CURVE('',#1456,#1246,#916,.T.);
#1851=EDGE_CURVE('',#1457,#1457,#245,.T.);
#1852=EDGE_CURVE('',#1377,#1458,#917,.T.);
#1853=EDGE_CURVE('',#1458,#1250,#918,.T.);
#1854=EDGE_CURVE('',#1314,#1459,#919,.T.);
#1855=EDGE_CURVE('',#1459,#1458,#246,.T.);
#1856=EDGE_CURVE('',#1251,#1459,#920,.T.);
#1857=EDGE_CURVE('',#1442,#1460,#921,.T.);
#1858=EDGE_CURVE('',#1460,#1460,#247,.T.);
#1859=EDGE_CURVE('',#1461,#1461,#248,.T.);
#1860=EDGE_CURVE('',#1461,#1460,#922,.T.);
#1861=EDGE_CURVE('',#1462,#1462,#249,.T.);
#1862=EDGE_CURVE('',#1462,#1463,#923,.T.);
#1863=EDGE_CURVE('',#1463,#1463,#250,.T.);
#1864=EDGE_CURVE('',#1464,#1464,#251,.T.);
#1865=EDGE_CURVE('',#1464,#1463,#924,.T.);
#1866=EDGE_CURVE('',#1457,#1461,#925,.T.);
#1867=EDGE_CURVE('',#1363,#1464,#926,.T.);
#1868=EDGE_CURVE('',#1277,#1465,#927,.T.);
#1869=EDGE_CURVE('',#1465,#1364,#928,.T.);
#1870=EDGE_CURVE('',#1465,#1466,#252,.T.);
#1871=EDGE_CURVE('',#1466,#1331,#929,.T.);
#1872=EDGE_CURVE('',#1466,#1276,#930,.T.);
#1873=EDGE_CURVE('',#1467,#1467,#253,.T.);
#1874=EDGE_CURVE('',#1379,#1468,#931,.T.);
#1875=EDGE_CURVE('',#1468,#1280,#932,.T.);
#1876=EDGE_CURVE('',#1332,#1469,#933,.T.);
#1877=EDGE_CURVE('',#1469,#1468,#254,.T.);
#1878=EDGE_CURVE('',#1379,#1332,#255,.T.);
#1879=EDGE_CURVE('',#1281,#1469,#934,.T.);
#1880=EDGE_CURVE('',#1443,#1470,#935,.T.);
#1881=EDGE_CURVE('',#1470,#1470,#256,.T.);
#1882=EDGE_CURVE('',#1471,#1471,#257,.T.);
#1883=EDGE_CURVE('',#1471,#1470,#936,.T.);
#1884=EDGE_CURVE('',#1472,#1472,#258,.T.);
#1885=EDGE_CURVE('',#1472,#1473,#937,.T.);
#1886=EDGE_CURVE('',#1473,#1473,#259,.T.);
#1887=EDGE_CURVE('',#1474,#1474,#260,.T.);
#1888=EDGE_CURVE('',#1474,#1473,#938,.T.);
#1889=EDGE_CURVE('',#1467,#1471,#939,.T.);
#1890=EDGE_CURVE('',#1336,#1474,#940,.T.);
#1891=EDGE_CURVE('',#1267,#1475,#941,.T.);
#1892=EDGE_CURVE('',#1475,#1370,#942,.T.);
#1893=EDGE_CURVE('',#1475,#1476,#261,.T.);
#1894=EDGE_CURVE('',#1476,#1325,#943,.T.);
#1895=EDGE_CURVE('',#1325,#1370,#262,.T.);
#1896=EDGE_CURVE('',#1476,#1266,#944,.T.);
#1897=EDGE_CURVE('',#1477,#1477,#263,.T.);
#1898=EDGE_CURVE('',#1369,#1478,#945,.T.);
#1899=EDGE_CURVE('',#1478,#1270,#946,.T.);
#1900=EDGE_CURVE('',#1326,#1479,#947,.T.);
#1901=EDGE_CURVE('',#1479,#1478,#264,.T.);
#1902=EDGE_CURVE('',#1369,#1326,#265,.T.);
#1903=EDGE_CURVE('',#1271,#1479,#948,.T.);
#1904=EDGE_CURVE('',#1480,#1480,#266,.T.);
#1905=EDGE_CURVE('',#1480,#1481,#949,.T.);
#1906=EDGE_CURVE('',#1481,#1481,#267,.T.);
#1907=EDGE_CURVE('',#1482,#1482,#268,.T.);
#1908=EDGE_CURVE('',#1482,#1481,#950,.T.);
#1909=EDGE_CURVE('',#1483,#1483,#269,.T.);
#1910=EDGE_CURVE('',#1483,#1484,#951,.T.);
#1911=EDGE_CURVE('',#1484,#1484,#270,.T.);
#1912=EDGE_CURVE('',#1485,#1485,#271,.T.);
#1913=EDGE_CURVE('',#1485,#1484,#952,.T.);
#1914=EDGE_CURVE('',#1477,#1482,#953,.T.);
#1915=EDGE_CURVE('',#1406,#1485,#954,.T.);
#1916=EDGE_CURVE('',#1237,#1486,#955,.T.);
#1917=EDGE_CURVE('',#1486,#1335,#956,.T.);
#1918=EDGE_CURVE('',#1486,#1487,#272,.T.);
#1919=EDGE_CURVE('',#1487,#1333,#957,.T.);
#1920=EDGE_CURVE('',#1487,#1236,#958,.T.);
#1921=EDGE_CURVE('',#1488,#1488,#273,.T.);
#1922=EDGE_CURVE('',#1378,#1489,#959,.T.);
#1923=EDGE_CURVE('',#1489,#1240,#960,.T.);
#1924=EDGE_CURVE('',#1308,#1490,#961,.T.);
#1925=EDGE_CURVE('',#1490,#1489,#274,.T.);
#1926=EDGE_CURVE('',#1378,#1308,#275,.T.);
#1927=EDGE_CURVE('',#1241,#1490,#962,.T.);
#1928=EDGE_CURVE('',#1441,#1491,#963,.T.);
#1929=EDGE_CURVE('',#1491,#1491,#276,.T.);
#1930=EDGE_CURVE('',#1492,#1492,#277,.T.);
#1931=EDGE_CURVE('',#1492,#1491,#964,.T.);
#1932=EDGE_CURVE('',#1493,#1493,#278,.T.);
#1933=EDGE_CURVE('',#1493,#1494,#965,.T.);
#1934=EDGE_CURVE('',#1494,#1494,#279,.T.);
#1935=EDGE_CURVE('',#1495,#1495,#280,.T.);
#1936=EDGE_CURVE('',#1495,#1494,#966,.T.);
#1937=EDGE_CURVE('',#1488,#1492,#967,.T.);
#1938=EDGE_CURVE('',#1350,#1495,#968,.T.);
#1939=ORIENTED_EDGE('',*,*,#1496,.T.);
#1940=ORIENTED_EDGE('',*,*,#1497,.T.);
#1941=ORIENTED_EDGE('',*,*,#1498,.T.);
#1942=ORIENTED_EDGE('',*,*,#1499,.T.);
#1943=ORIENTED_EDGE('',*,*,#1497,.F.);
#1944=ORIENTED_EDGE('',*,*,#1500,.F.);
#1945=ORIENTED_EDGE('',*,*,#1501,.T.);
#1946=ORIENTED_EDGE('',*,*,#1502,.F.);
#1947=ORIENTED_EDGE('',*,*,#1503,.F.);
#1948=ORIENTED_EDGE('',*,*,#1504,.F.);
#1949=ORIENTED_EDGE('',*,*,#1505,.F.);
#1950=ORIENTED_EDGE('',*,*,#1506,.F.);
#1951=ORIENTED_EDGE('',*,*,#1507,.T.);
#1952=ORIENTED_EDGE('',*,*,#1508,.T.);
#1953=ORIENTED_EDGE('',*,*,#1509,.T.);
#1954=ORIENTED_EDGE('',*,*,#1510,.T.);
#1955=ORIENTED_EDGE('',*,*,#1508,.F.);
#1956=ORIENTED_EDGE('',*,*,#1511,.F.);
#1957=ORIENTED_EDGE('',*,*,#1512,.T.);
#1958=ORIENTED_EDGE('',*,*,#1513,.F.);
#1959=ORIENTED_EDGE('',*,*,#1514,.F.);
#1960=ORIENTED_EDGE('',*,*,#1515,.F.);
#1961=ORIENTED_EDGE('',*,*,#1516,.F.);
#1962=ORIENTED_EDGE('',*,*,#1517,.F.);
#1963=ORIENTED_EDGE('',*,*,#1518,.T.);
#1964=ORIENTED_EDGE('',*,*,#1519,.T.);
#1965=ORIENTED_EDGE('',*,*,#1520,.T.);
#1966=ORIENTED_EDGE('',*,*,#1521,.T.);
#1967=ORIENTED_EDGE('',*,*,#1519,.F.);
#1968=ORIENTED_EDGE('',*,*,#1522,.F.);
#1969=ORIENTED_EDGE('',*,*,#1523,.T.);
#1970=ORIENTED_EDGE('',*,*,#1524,.F.);
#1971=ORIENTED_EDGE('',*,*,#1525,.F.);
#1972=ORIENTED_EDGE('',*,*,#1526,.F.);
#1973=ORIENTED_EDGE('',*,*,#1527,.F.);
#1974=ORIENTED_EDGE('',*,*,#1528,.F.);
#1975=ORIENTED_EDGE('',*,*,#1529,.T.);
#1976=ORIENTED_EDGE('',*,*,#1530,.T.);
#1977=ORIENTED_EDGE('',*,*,#1531,.T.);
#1978=ORIENTED_EDGE('',*,*,#1532,.T.);
#1979=ORIENTED_EDGE('',*,*,#1530,.F.);
#1980=ORIENTED_EDGE('',*,*,#1533,.F.);
#1981=ORIENTED_EDGE('',*,*,#1534,.T.);
#1982=ORIENTED_EDGE('',*,*,#1535,.F.);
#1983=ORIENTED_EDGE('',*,*,#1536,.F.);
#1984=ORIENTED_EDGE('',*,*,#1537,.F.);
#1985=ORIENTED_EDGE('',*,*,#1538,.F.);
#1986=ORIENTED_EDGE('',*,*,#1539,.F.);
#1987=ORIENTED_EDGE('',*,*,#1540,.T.);
#1988=ORIENTED_EDGE('',*,*,#1541,.T.);
#1989=ORIENTED_EDGE('',*,*,#1542,.T.);
#1990=ORIENTED_EDGE('',*,*,#1543,.T.);
#1991=ORIENTED_EDGE('',*,*,#1541,.F.);
#1992=ORIENTED_EDGE('',*,*,#1544,.F.);
#1993=ORIENTED_EDGE('',*,*,#1545,.T.);
#1994=ORIENTED_EDGE('',*,*,#1546,.F.);
#1995=ORIENTED_EDGE('',*,*,#1547,.F.);
#1996=ORIENTED_EDGE('',*,*,#1548,.F.);
#1997=ORIENTED_EDGE('',*,*,#1549,.F.);
#1998=ORIENTED_EDGE('',*,*,#1550,.F.);
#1999=ORIENTED_EDGE('',*,*,#1551,.T.);
#2000=ORIENTED_EDGE('',*,*,#1547,.T.);
#2001=ORIENTED_EDGE('',*,*,#1552,.T.);
#2002=ORIENTED_EDGE('',*,*,#1553,.T.);
#2003=ORIENTED_EDGE('',*,*,#1554,.T.);
#2004=ORIENTED_EDGE('',*,*,#1536,.T.);
#2005=ORIENTED_EDGE('',*,*,#1555,.T.);
#2006=ORIENTED_EDGE('',*,*,#1556,.T.);
#2007=ORIENTED_EDGE('',*,*,#1557,.T.);
#2008=ORIENTED_EDGE('',*,*,#1525,.T.);
#2009=ORIENTED_EDGE('',*,*,#1558,.T.);
#2010=ORIENTED_EDGE('',*,*,#1559,.T.);
#2011=ORIENTED_EDGE('',*,*,#1560,.T.);
#2012=ORIENTED_EDGE('',*,*,#1503,.T.);
#2013=ORIENTED_EDGE('',*,*,#1561,.T.);
#2014=ORIENTED_EDGE('',*,*,#1562,.T.);
#2015=ORIENTED_EDGE('',*,*,#1563,.T.);
#2016=ORIENTED_EDGE('',*,*,#1514,.T.);
#2017=ORIENTED_EDGE('',*,*,#1564,.T.);
#2018=ORIENTED_EDGE('',*,*,#1565,.T.);
#2019=ORIENTED_EDGE('',*,*,#1566,.T.);
#2020=ORIENTED_EDGE('',*,*,#1567,.T.);
#2021=ORIENTED_EDGE('',*,*,#1568,.T.);
#2022=ORIENTED_EDGE('',*,*,#1569,.T.);
#2023=ORIENTED_EDGE('',*,*,#1570,.T.);
#2024=ORIENTED_EDGE('',*,*,#1571,.T.);
#2025=ORIENTED_EDGE('',*,*,#1568,.F.);
#2026=ORIENTED_EDGE('',*,*,#1572,.T.);
#2027=ORIENTED_EDGE('',*,*,#1573,.T.);
#2028=ORIENTED_EDGE('',*,*,#1574,.T.);
#2029=ORIENTED_EDGE('',*,*,#1570,.F.);
#2030=ORIENTED_EDGE('',*,*,#1575,.T.);
#2031=ORIENTED_EDGE('',*,*,#1576,.T.);
#2032=ORIENTED_EDGE('',*,*,#1577,.T.);
#2033=ORIENTED_EDGE('',*,*,#1573,.F.);
#2034=ORIENTED_EDGE('',*,*,#1578,.T.);
#2035=ORIENTED_EDGE('',*,*,#1579,.T.);
#2036=ORIENTED_EDGE('',*,*,#1580,.T.);
#2037=ORIENTED_EDGE('',*,*,#1576,.F.);
#2038=ORIENTED_EDGE('',*,*,#1581,.T.);
#2039=ORIENTED_EDGE('',*,*,#1582,.T.);
#2040=ORIENTED_EDGE('',*,*,#1583,.T.);
#2041=ORIENTED_EDGE('',*,*,#1579,.F.);
#2042=ORIENTED_EDGE('',*,*,#1584,.T.);
#2043=ORIENTED_EDGE('',*,*,#1585,.T.);
#2044=ORIENTED_EDGE('',*,*,#1586,.T.);
#2045=ORIENTED_EDGE('',*,*,#1582,.F.);
#2046=ORIENTED_EDGE('',*,*,#1587,.T.);
#2047=ORIENTED_EDGE('',*,*,#1585,.F.);
#2048=ORIENTED_EDGE('',*,*,#1588,.T.);
#2049=ORIENTED_EDGE('',*,*,#1566,.F.);
#2050=ORIENTED_EDGE('',*,*,#1589,.T.);
#2051=ORIENTED_EDGE('',*,*,#1590,.F.);
#2052=ORIENTED_EDGE('',*,*,#1591,.T.);
#2053=ORIENTED_EDGE('',*,*,#1592,.F.);
#2054=ORIENTED_EDGE('',*,*,#1593,.F.);
#2055=ORIENTED_EDGE('',*,*,#1594,.F.);
#2056=ORIENTED_EDGE('',*,*,#1595,.T.);
#2057=ORIENTED_EDGE('',*,*,#1596,.F.);
#2058=ORIENTED_EDGE('',*,*,#1510,.F.);
#2059=ORIENTED_EDGE('',*,*,#1597,.F.);
#2060=ORIENTED_EDGE('',*,*,#1598,.T.);
#2061=ORIENTED_EDGE('',*,*,#1599,.F.);
#2062=ORIENTED_EDGE('',*,*,#1600,.F.);
#2063=ORIENTED_EDGE('',*,*,#1601,.F.);
#2064=ORIENTED_EDGE('',*,*,#1602,.T.);
#2065=ORIENTED_EDGE('',*,*,#1603,.F.);
#2066=ORIENTED_EDGE('',*,*,#1521,.F.);
#2067=ORIENTED_EDGE('',*,*,#1604,.F.);
#2068=ORIENTED_EDGE('',*,*,#1605,.T.);
#2069=ORIENTED_EDGE('',*,*,#1606,.F.);
#2070=ORIENTED_EDGE('',*,*,#1607,.F.);
#2071=ORIENTED_EDGE('',*,*,#1608,.F.);
#2072=ORIENTED_EDGE('',*,*,#1609,.T.);
#2073=ORIENTED_EDGE('',*,*,#1610,.F.);
#2074=ORIENTED_EDGE('',*,*,#1532,.F.);
#2075=ORIENTED_EDGE('',*,*,#1611,.F.);
#2076=ORIENTED_EDGE('',*,*,#1612,.T.);
#2077=ORIENTED_EDGE('',*,*,#1613,.F.);
#2078=ORIENTED_EDGE('',*,*,#1614,.F.);
#2079=ORIENTED_EDGE('',*,*,#1615,.F.);
#2080=ORIENTED_EDGE('',*,*,#1616,.T.);
#2081=ORIENTED_EDGE('',*,*,#1617,.F.);
#2082=ORIENTED_EDGE('',*,*,#1543,.F.);
#2083=ORIENTED_EDGE('',*,*,#1618,.F.);
#2084=ORIENTED_EDGE('',*,*,#1619,.T.);
#2085=ORIENTED_EDGE('',*,*,#1580,.F.);
#2086=ORIENTED_EDGE('',*,*,#1583,.F.);
#2087=ORIENTED_EDGE('',*,*,#1586,.F.);
#2088=ORIENTED_EDGE('',*,*,#1620,.T.);
#2089=ORIENTED_EDGE('',*,*,#1621,.F.);
#2090=ORIENTED_EDGE('',*,*,#1499,.F.);
#2091=ORIENTED_EDGE('',*,*,#1622,.F.);
#2092=ORIENTED_EDGE('',*,*,#1589,.F.);
#2093=ORIENTED_EDGE('',*,*,#1623,.T.);
#2094=ORIENTED_EDGE('',*,*,#1624,.F.);
#2095=ORIENTED_EDGE('',*,*,#1620,.F.);
#2096=ORIENTED_EDGE('',*,*,#1581,.F.);
#2097=ORIENTED_EDGE('',*,*,#1578,.F.);
#2098=ORIENTED_EDGE('',*,*,#1575,.F.);
#2099=ORIENTED_EDGE('',*,*,#1625,.F.);
#2100=ORIENTED_EDGE('',*,*,#1626,.F.);
#2101=ORIENTED_EDGE('',*,*,#1627,.T.);
#2102=ORIENTED_EDGE('',*,*,#1628,.T.);
#2103=ORIENTED_EDGE('',*,*,#1629,.T.);
#2104=ORIENTED_EDGE('',*,*,#1630,.T.);
#2105=ORIENTED_EDGE('',*,*,#1631,.T.);
#2106=ORIENTED_EDGE('',*,*,#1632,.T.);
#2107=ORIENTED_EDGE('',*,*,#1629,.F.);
#2108=ORIENTED_EDGE('',*,*,#1633,.T.);
#2109=ORIENTED_EDGE('',*,*,#1634,.T.);
#2110=ORIENTED_EDGE('',*,*,#1635,.T.);
#2111=ORIENTED_EDGE('',*,*,#1631,.F.);
#2112=ORIENTED_EDGE('',*,*,#1636,.T.);
#2113=ORIENTED_EDGE('',*,*,#1637,.T.);
#2114=ORIENTED_EDGE('',*,*,#1638,.T.);
#2115=ORIENTED_EDGE('',*,*,#1634,.F.);
#2116=ORIENTED_EDGE('',*,*,#1639,.T.);
#2117=ORIENTED_EDGE('',*,*,#1640,.T.);
#2118=ORIENTED_EDGE('',*,*,#1592,.T.);
#2119=ORIENTED_EDGE('',*,*,#1637,.F.);
#2120=ORIENTED_EDGE('',*,*,#1641,.T.);
#2121=ORIENTED_EDGE('',*,*,#1642,.T.);
#2122=ORIENTED_EDGE('',*,*,#1593,.T.);
#2123=ORIENTED_EDGE('',*,*,#1640,.F.);
#2124=ORIENTED_EDGE('',*,*,#1643,.T.);
#2125=ORIENTED_EDGE('',*,*,#1644,.T.);
#2126=ORIENTED_EDGE('',*,*,#1594,.T.);
#2127=ORIENTED_EDGE('',*,*,#1642,.F.);
#2128=ORIENTED_EDGE('',*,*,#1645,.T.);
#2129=ORIENTED_EDGE('',*,*,#1644,.F.);
#2130=ORIENTED_EDGE('',*,*,#1646,.T.);
#2131=ORIENTED_EDGE('',*,*,#1627,.F.);
#2132=ORIENTED_EDGE('',*,*,#1647,.T.);
#2133=ORIENTED_EDGE('',*,*,#1647,.F.);
#2134=ORIENTED_EDGE('',*,*,#1648,.T.);
#2135=ORIENTED_EDGE('',*,*,#1649,.F.);
#2136=ORIENTED_EDGE('',*,*,#1595,.F.);
#2137=ORIENTED_EDGE('',*,*,#1641,.F.);
#2138=ORIENTED_EDGE('',*,*,#1639,.F.);
#2139=ORIENTED_EDGE('',*,*,#1636,.F.);
#2140=ORIENTED_EDGE('',*,*,#1650,.F.);
#2141=ORIENTED_EDGE('',*,*,#1651,.F.);
#2142=ORIENTED_EDGE('',*,*,#1652,.T.);
#2143=ORIENTED_EDGE('',*,*,#1653,.T.);
#2144=ORIENTED_EDGE('',*,*,#1654,.T.);
#2145=ORIENTED_EDGE('',*,*,#1655,.T.);
#2146=ORIENTED_EDGE('',*,*,#1656,.T.);
#2147=ORIENTED_EDGE('',*,*,#1657,.T.);
#2148=ORIENTED_EDGE('',*,*,#1654,.F.);
#2149=ORIENTED_EDGE('',*,*,#1658,.T.);
#2150=ORIENTED_EDGE('',*,*,#1659,.T.);
#2151=ORIENTED_EDGE('',*,*,#1660,.T.);
#2152=ORIENTED_EDGE('',*,*,#1656,.F.);
#2153=ORIENTED_EDGE('',*,*,#1661,.T.);
#2154=ORIENTED_EDGE('',*,*,#1662,.T.);
#2155=ORIENTED_EDGE('',*,*,#1663,.T.);
#2156=ORIENTED_EDGE('',*,*,#1659,.F.);
#2157=ORIENTED_EDGE('',*,*,#1664,.T.);
#2158=ORIENTED_EDGE('',*,*,#1665,.T.);
#2159=ORIENTED_EDGE('',*,*,#1666,.T.);
#2160=ORIENTED_EDGE('',*,*,#1662,.F.);
#2161=ORIENTED_EDGE('',*,*,#1667,.T.);
#2162=ORIENTED_EDGE('',*,*,#1668,.T.);
#2163=ORIENTED_EDGE('',*,*,#1669,.T.);
#2164=ORIENTED_EDGE('',*,*,#1665,.F.);
#2165=ORIENTED_EDGE('',*,*,#1601,.T.);
#2166=ORIENTED_EDGE('',*,*,#1670,.T.);
#2167=ORIENTED_EDGE('',*,*,#1671,.T.);
#2168=ORIENTED_EDGE('',*,*,#1668,.F.);
#2169=ORIENTED_EDGE('',*,*,#1600,.T.);
#2170=ORIENTED_EDGE('',*,*,#1670,.F.);
#2171=ORIENTED_EDGE('',*,*,#1599,.T.);
#2172=ORIENTED_EDGE('',*,*,#1652,.F.);
#2173=ORIENTED_EDGE('',*,*,#1672,.T.);
#2174=ORIENTED_EDGE('',*,*,#1671,.F.);
#2175=ORIENTED_EDGE('',*,*,#1673,.T.);
#2176=ORIENTED_EDGE('',*,*,#1660,.F.);
#2177=ORIENTED_EDGE('',*,*,#1674,.T.);
#2178=ORIENTED_EDGE('',*,*,#1672,.F.);
#2179=ORIENTED_EDGE('',*,*,#1655,.F.);
#2180=ORIENTED_EDGE('',*,*,#1657,.F.);
#2181=ORIENTED_EDGE('',*,*,#1673,.F.);
#2182=ORIENTED_EDGE('',*,*,#1675,.F.);
#2183=ORIENTED_EDGE('',*,*,#1676,.F.);
#2184=ORIENTED_EDGE('',*,*,#1677,.F.);
#2185=ORIENTED_EDGE('',*,*,#1678,.F.);
#2186=ORIENTED_EDGE('',*,*,#1679,.F.);
#2187=ORIENTED_EDGE('',*,*,#1680,.F.);
#2188=ORIENTED_EDGE('',*,*,#1681,.F.);
#2189=ORIENTED_EDGE('',*,*,#1682,.F.);
#2190=ORIENTED_EDGE('',*,*,#1556,.F.);
#2191=ORIENTED_EDGE('',*,*,#1683,.F.);
#2192=ORIENTED_EDGE('',*,*,#1684,.F.);
#2193=ORIENTED_EDGE('',*,*,#1685,.F.);
#2194=ORIENTED_EDGE('',*,*,#1686,.F.);
#2195=ORIENTED_EDGE('',*,*,#1687,.F.);
#2196=ORIENTED_EDGE('',*,*,#1688,.F.);
#2197=ORIENTED_EDGE('',*,*,#1689,.F.);
#2198=ORIENTED_EDGE('',*,*,#1559,.F.);
#2199=ORIENTED_EDGE('',*,*,#1690,.F.);
#2200=ORIENTED_EDGE('',*,*,#1691,.F.);
#2201=ORIENTED_EDGE('',*,*,#1664,.F.);
#2202=ORIENTED_EDGE('',*,*,#1661,.F.);
#2203=ORIENTED_EDGE('',*,*,#1658,.F.);
#2204=ORIENTED_EDGE('',*,*,#1692,.F.);
#2205=ORIENTED_EDGE('',*,*,#1693,.F.);
#2206=ORIENTED_EDGE('',*,*,#1565,.F.);
#2207=ORIENTED_EDGE('',*,*,#1694,.F.);
#2208=ORIENTED_EDGE('',*,*,#1648,.F.);
#2209=ORIENTED_EDGE('',*,*,#1630,.F.);
#2210=ORIENTED_EDGE('',*,*,#1632,.F.);
#2211=ORIENTED_EDGE('',*,*,#1635,.F.);
#2212=ORIENTED_EDGE('',*,*,#1695,.F.);
#2213=ORIENTED_EDGE('',*,*,#1696,.F.);
#2214=ORIENTED_EDGE('',*,*,#1562,.F.);
#2215=ORIENTED_EDGE('',*,*,#1697,.F.);
#2216=ORIENTED_EDGE('',*,*,#1623,.F.);
#2217=ORIENTED_EDGE('',*,*,#1569,.F.);
#2218=ORIENTED_EDGE('',*,*,#1571,.F.);
#2219=ORIENTED_EDGE('',*,*,#1574,.F.);
#2220=ORIENTED_EDGE('',*,*,#1698,.F.);
#2221=ORIENTED_EDGE('',*,*,#1699,.F.);
#2222=ORIENTED_EDGE('',*,*,#1553,.F.);
#2223=ORIENTED_EDGE('',*,*,#1700,.F.);
#2224=ORIENTED_EDGE('',*,*,#1701,.F.);
#2225=ORIENTED_EDGE('',*,*,#1702,.F.);
#2226=ORIENTED_EDGE('',*,*,#1703,.F.);
#2227=ORIENTED_EDGE('',*,*,#1704,.F.);
#2228=ORIENTED_EDGE('',*,*,#1705,.F.);
#2229=ORIENTED_EDGE('',*,*,#1706,.F.);
#2230=ORIENTED_EDGE('',*,*,#1707,.F.);
#2231=ORIENTED_EDGE('',*,*,#1708,.F.);
#2232=ORIENTED_EDGE('',*,*,#1653,.F.);
#2233=ORIENTED_EDGE('',*,*,#1598,.F.);
#2234=ORIENTED_EDGE('',*,*,#1709,.F.);
#2235=ORIENTED_EDGE('',*,*,#1692,.T.);
#2236=ORIENTED_EDGE('',*,*,#1710,.T.);
#2237=ORIENTED_EDGE('',*,*,#1711,.T.);
#2238=ORIENTED_EDGE('',*,*,#1712,.T.);
#2239=ORIENTED_EDGE('',*,*,#1713,.T.);
#2240=ORIENTED_EDGE('',*,*,#1714,.T.);
#2241=ORIENTED_EDGE('',*,*,#1715,.T.);
#2242=ORIENTED_EDGE('',*,*,#1712,.F.);
#2243=ORIENTED_EDGE('',*,*,#1687,.T.);
#2244=ORIENTED_EDGE('',*,*,#1716,.T.);
#2245=ORIENTED_EDGE('',*,*,#1717,.T.);
#2246=ORIENTED_EDGE('',*,*,#1714,.F.);
#2247=ORIENTED_EDGE('',*,*,#1686,.T.);
#2248=ORIENTED_EDGE('',*,*,#1718,.T.);
#2249=ORIENTED_EDGE('',*,*,#1719,.T.);
#2250=ORIENTED_EDGE('',*,*,#1716,.F.);
#2251=ORIENTED_EDGE('',*,*,#1685,.T.);
#2252=ORIENTED_EDGE('',*,*,#1720,.T.);
#2253=ORIENTED_EDGE('',*,*,#1721,.T.);
#2254=ORIENTED_EDGE('',*,*,#1718,.F.);
#2255=ORIENTED_EDGE('',*,*,#1722,.T.);
#2256=ORIENTED_EDGE('',*,*,#1723,.T.);
#2257=ORIENTED_EDGE('',*,*,#1724,.T.);
#2258=ORIENTED_EDGE('',*,*,#1720,.F.);
#2259=ORIENTED_EDGE('',*,*,#1608,.T.);
#2260=ORIENTED_EDGE('',*,*,#1725,.T.);
#2261=ORIENTED_EDGE('',*,*,#1726,.T.);
#2262=ORIENTED_EDGE('',*,*,#1723,.F.);
#2263=ORIENTED_EDGE('',*,*,#1607,.T.);
#2264=ORIENTED_EDGE('',*,*,#1725,.F.);
#2265=ORIENTED_EDGE('',*,*,#1606,.T.);
#2266=ORIENTED_EDGE('',*,*,#1710,.F.);
#2267=ORIENTED_EDGE('',*,*,#1727,.T.);
#2268=ORIENTED_EDGE('',*,*,#1726,.F.);
#2269=ORIENTED_EDGE('',*,*,#1728,.T.);
#2270=ORIENTED_EDGE('',*,*,#1717,.F.);
#2271=ORIENTED_EDGE('',*,*,#1729,.T.);
#2272=ORIENTED_EDGE('',*,*,#1727,.F.);
#2273=ORIENTED_EDGE('',*,*,#1713,.F.);
#2274=ORIENTED_EDGE('',*,*,#1715,.F.);
#2275=ORIENTED_EDGE('',*,*,#1728,.F.);
#2276=ORIENTED_EDGE('',*,*,#1730,.F.);
#2277=ORIENTED_EDGE('',*,*,#1711,.F.);
#2278=ORIENTED_EDGE('',*,*,#1605,.F.);
#2279=ORIENTED_EDGE('',*,*,#1731,.F.);
#2280=ORIENTED_EDGE('',*,*,#1688,.T.);
#2281=ORIENTED_EDGE('',*,*,#1732,.T.);
#2282=ORIENTED_EDGE('',*,*,#1679,.T.);
#2283=ORIENTED_EDGE('',*,*,#1733,.T.);
#2284=ORIENTED_EDGE('',*,*,#1734,.T.);
#2285=ORIENTED_EDGE('',*,*,#1735,.T.);
#2286=ORIENTED_EDGE('',*,*,#1736,.T.);
#2287=ORIENTED_EDGE('',*,*,#1733,.F.);
#2288=ORIENTED_EDGE('',*,*,#1678,.T.);
#2289=ORIENTED_EDGE('',*,*,#1737,.T.);
#2290=ORIENTED_EDGE('',*,*,#1738,.T.);
#2291=ORIENTED_EDGE('',*,*,#1735,.F.);
#2292=ORIENTED_EDGE('',*,*,#1739,.T.);
#2293=ORIENTED_EDGE('',*,*,#1740,.T.);
#2294=ORIENTED_EDGE('',*,*,#1741,.T.);
#2295=ORIENTED_EDGE('',*,*,#1737,.F.);
#2296=ORIENTED_EDGE('',*,*,#1615,.T.);
#2297=ORIENTED_EDGE('',*,*,#1742,.T.);
#2298=ORIENTED_EDGE('',*,*,#1743,.T.);
#2299=ORIENTED_EDGE('',*,*,#1740,.F.);
#2300=ORIENTED_EDGE('',*,*,#1614,.T.);
#2301=ORIENTED_EDGE('',*,*,#1744,.T.);
#2302=ORIENTED_EDGE('',*,*,#1745,.T.);
#2303=ORIENTED_EDGE('',*,*,#1742,.F.);
#2304=ORIENTED_EDGE('',*,*,#1613,.T.);
#2305=ORIENTED_EDGE('',*,*,#1746,.T.);
#2306=ORIENTED_EDGE('',*,*,#1747,.T.);
#2307=ORIENTED_EDGE('',*,*,#1744,.F.);
#2308=ORIENTED_EDGE('',*,*,#1748,.T.);
#2309=ORIENTED_EDGE('',*,*,#1746,.F.);
#2310=ORIENTED_EDGE('',*,*,#1680,.T.);
#2311=ORIENTED_EDGE('',*,*,#1732,.F.);
#2312=ORIENTED_EDGE('',*,*,#1749,.T.);
#2313=ORIENTED_EDGE('',*,*,#1739,.F.);
#2314=ORIENTED_EDGE('',*,*,#1677,.T.);
#2315=ORIENTED_EDGE('',*,*,#1750,.F.);
#2316=ORIENTED_EDGE('',*,*,#1616,.F.);
#2317=ORIENTED_EDGE('',*,*,#1745,.F.);
#2318=ORIENTED_EDGE('',*,*,#1747,.F.);
#2319=ORIENTED_EDGE('',*,*,#1749,.F.);
#2320=ORIENTED_EDGE('',*,*,#1751,.F.);
#2321=ORIENTED_EDGE('',*,*,#1752,.F.);
#2322=ORIENTED_EDGE('',*,*,#1753,.T.);
#2323=ORIENTED_EDGE('',*,*,#1754,.T.);
#2324=ORIENTED_EDGE('',*,*,#1755,.T.);
#2325=ORIENTED_EDGE('',*,*,#1756,.T.);
#2326=ORIENTED_EDGE('',*,*,#1754,.F.);
#2327=ORIENTED_EDGE('',*,*,#1757,.F.);
#2328=ORIENTED_EDGE('',*,*,#1758,.F.);
#2329=ORIENTED_EDGE('',*,*,#1759,.T.);
#2330=ORIENTED_EDGE('',*,*,#1755,.F.);
#2331=ORIENTED_EDGE('',*,*,#1756,.F.);
#2332=ORIENTED_EDGE('',*,*,#1759,.F.);
#2333=ORIENTED_EDGE('',*,*,#1753,.F.);
#2334=ORIENTED_EDGE('',*,*,#1760,.T.);
#2335=ORIENTED_EDGE('',*,*,#1700,.T.);
#2336=ORIENTED_EDGE('',*,*,#1761,.T.);
#2337=ORIENTED_EDGE('',*,*,#1757,.T.);
#2338=ORIENTED_EDGE('',*,*,#1758,.T.);
#2339=ORIENTED_EDGE('',*,*,#1761,.F.);
#2340=ORIENTED_EDGE('',*,*,#1762,.T.);
#2341=ORIENTED_EDGE('',*,*,#1763,.T.);
#2342=ORIENTED_EDGE('',*,*,#1764,.T.);
#2343=ORIENTED_EDGE('',*,*,#1765,.T.);
#2344=ORIENTED_EDGE('',*,*,#1766,.T.);
#2345=ORIENTED_EDGE('',*,*,#1767,.T.);
#2346=ORIENTED_EDGE('',*,*,#1768,.T.);
#2347=ORIENTED_EDGE('',*,*,#1765,.F.);
#2348=ORIENTED_EDGE('',*,*,#1769,.T.);
#2349=ORIENTED_EDGE('',*,*,#1770,.T.);
#2350=ORIENTED_EDGE('',*,*,#1771,.T.);
#2351=ORIENTED_EDGE('',*,*,#1767,.F.);
#2352=ORIENTED_EDGE('',*,*,#1762,.F.);
#2353=ORIENTED_EDGE('',*,*,#1772,.T.);
#2354=ORIENTED_EDGE('',*,*,#1773,.F.);
#2355=ORIENTED_EDGE('',*,*,#1774,.F.);
#2356=ORIENTED_EDGE('',*,*,#1768,.F.);
#2357=ORIENTED_EDGE('',*,*,#1775,.T.);
#2358=ORIENTED_EDGE('',*,*,#1776,.F.);
#2359=ORIENTED_EDGE('',*,*,#1772,.F.);
#2360=ORIENTED_EDGE('',*,*,#1771,.F.);
#2361=ORIENTED_EDGE('',*,*,#1777,.F.);
#2362=ORIENTED_EDGE('',*,*,#1778,.F.);
#2363=ORIENTED_EDGE('',*,*,#1775,.F.);
#2364=ORIENTED_EDGE('',*,*,#1779,.T.);
#2365=ORIENTED_EDGE('',*,*,#1780,.T.);
#2366=ORIENTED_EDGE('',*,*,#1781,.T.);
#2367=ORIENTED_EDGE('',*,*,#1782,.T.);
#2368=ORIENTED_EDGE('',*,*,#1783,.T.);
#2369=ORIENTED_EDGE('',*,*,#1784,.T.);
#2370=ORIENTED_EDGE('',*,*,#1785,.T.);
#2371=ORIENTED_EDGE('',*,*,#1782,.F.);
#2372=ORIENTED_EDGE('',*,*,#1786,.T.);
#2373=ORIENTED_EDGE('',*,*,#1787,.T.);
#2374=ORIENTED_EDGE('',*,*,#1788,.T.);
#2375=ORIENTED_EDGE('',*,*,#1784,.F.);
#2376=ORIENTED_EDGE('',*,*,#1779,.F.);
#2377=ORIENTED_EDGE('',*,*,#1789,.T.);
#2378=ORIENTED_EDGE('',*,*,#1790,.F.);
#2379=ORIENTED_EDGE('',*,*,#1791,.F.);
#2380=ORIENTED_EDGE('',*,*,#1785,.F.);
#2381=ORIENTED_EDGE('',*,*,#1792,.T.);
#2382=ORIENTED_EDGE('',*,*,#1793,.F.);
#2383=ORIENTED_EDGE('',*,*,#1789,.F.);
#2384=ORIENTED_EDGE('',*,*,#1788,.F.);
#2385=ORIENTED_EDGE('',*,*,#1794,.F.);
#2386=ORIENTED_EDGE('',*,*,#1795,.F.);
#2387=ORIENTED_EDGE('',*,*,#1792,.F.);
#2388=ORIENTED_EDGE('',*,*,#1778,.T.);
#2389=ORIENTED_EDGE('',*,*,#1796,.T.);
#2390=ORIENTED_EDGE('',*,*,#1704,.T.);
#2391=ORIENTED_EDGE('',*,*,#1797,.T.);
#2392=ORIENTED_EDGE('',*,*,#1703,.T.);
#2393=ORIENTED_EDGE('',*,*,#1798,.T.);
#2394=ORIENTED_EDGE('',*,*,#1776,.T.);
#2395=ORIENTED_EDGE('',*,*,#1797,.F.);
#2396=ORIENTED_EDGE('',*,*,#1702,.T.);
#2397=ORIENTED_EDGE('',*,*,#1799,.T.);
#2398=ORIENTED_EDGE('',*,*,#1773,.T.);
#2399=ORIENTED_EDGE('',*,*,#1798,.F.);
#2400=ORIENTED_EDGE('',*,*,#1795,.T.);
#2401=ORIENTED_EDGE('',*,*,#1800,.T.);
#2402=ORIENTED_EDGE('',*,*,#1708,.T.);
#2403=ORIENTED_EDGE('',*,*,#1801,.T.);
#2404=ORIENTED_EDGE('',*,*,#1707,.T.);
#2405=ORIENTED_EDGE('',*,*,#1802,.T.);
#2406=ORIENTED_EDGE('',*,*,#1793,.T.);
#2407=ORIENTED_EDGE('',*,*,#1801,.F.);
#2408=ORIENTED_EDGE('',*,*,#1706,.T.);
#2409=ORIENTED_EDGE('',*,*,#1803,.T.);
#2410=ORIENTED_EDGE('',*,*,#1790,.T.);
#2411=ORIENTED_EDGE('',*,*,#1802,.F.);
#2412=ORIENTED_EDGE('',*,*,#1804,.T.);
#2413=ORIENTED_EDGE('',*,*,#1805,.T.);
#2414=ORIENTED_EDGE('',*,*,#1622,.T.);
#2415=ORIENTED_EDGE('',*,*,#1805,.F.);
#2416=ORIENTED_EDGE('',*,*,#1806,.F.);
#2417=ORIENTED_EDGE('',*,*,#1794,.T.);
#2418=ORIENTED_EDGE('',*,*,#1787,.F.);
#2419=ORIENTED_EDGE('',*,*,#1807,.T.);
#2420=ORIENTED_EDGE('',*,*,#1763,.F.);
#2421=ORIENTED_EDGE('',*,*,#1774,.T.);
#2422=ORIENTED_EDGE('',*,*,#1808,.F.);
#2423=ORIENTED_EDGE('',*,*,#1777,.T.);
#2424=ORIENTED_EDGE('',*,*,#1770,.F.);
#2425=ORIENTED_EDGE('',*,*,#1809,.T.);
#2426=ORIENTED_EDGE('',*,*,#1780,.F.);
#2427=ORIENTED_EDGE('',*,*,#1791,.T.);
#2428=ORIENTED_EDGE('',*,*,#1810,.F.);
#2429=ORIENTED_EDGE('',*,*,#1811,.T.);
#2430=ORIENTED_EDGE('',*,*,#1804,.F.);
#2431=ORIENTED_EDGE('',*,*,#1811,.F.);
#2432=ORIENTED_EDGE('',*,*,#1806,.T.);
#2433=ORIENTED_EDGE('',*,*,#1810,.T.);
#2434=ORIENTED_EDGE('',*,*,#1803,.F.);
#2435=ORIENTED_EDGE('',*,*,#1705,.T.);
#2436=ORIENTED_EDGE('',*,*,#1800,.F.);
#2437=ORIENTED_EDGE('',*,*,#1808,.T.);
#2438=ORIENTED_EDGE('',*,*,#1799,.F.);
#2439=ORIENTED_EDGE('',*,*,#1701,.T.);
#2440=ORIENTED_EDGE('',*,*,#1796,.F.);
#2441=ORIENTED_EDGE('',*,*,#1812,.T.);
#2442=ORIENTED_EDGE('',*,*,#1813,.T.);
#2443=ORIENTED_EDGE('',*,*,#1814,.T.);
#2444=ORIENTED_EDGE('',*,*,#1813,.F.);
#2445=ORIENTED_EDGE('',*,*,#1760,.F.);
#2446=ORIENTED_EDGE('',*,*,#1815,.T.);
#2447=ORIENTED_EDGE('',*,*,#1814,.F.);
#2448=ORIENTED_EDGE('',*,*,#1815,.F.);
#2449=ORIENTED_EDGE('',*,*,#1764,.F.);
#2450=ORIENTED_EDGE('',*,*,#1807,.F.);
#2451=ORIENTED_EDGE('',*,*,#1786,.F.);
#2452=ORIENTED_EDGE('',*,*,#1783,.F.);
#2453=ORIENTED_EDGE('',*,*,#1781,.F.);
#2454=ORIENTED_EDGE('',*,*,#1809,.F.);
#2455=ORIENTED_EDGE('',*,*,#1769,.F.);
#2456=ORIENTED_EDGE('',*,*,#1766,.F.);
#2457=ORIENTED_EDGE('',*,*,#1812,.F.);
#2458=ORIENTED_EDGE('',*,*,#1584,.F.);
#2459=ORIENTED_EDGE('',*,*,#1625,.T.);
#2460=ORIENTED_EDGE('',*,*,#1572,.F.);
#2461=ORIENTED_EDGE('',*,*,#1816,.T.);
#2462=ORIENTED_EDGE('',*,*,#1587,.F.);
#2463=ORIENTED_EDGE('',*,*,#1816,.F.);
#2464=ORIENTED_EDGE('',*,*,#1567,.F.);
#2465=ORIENTED_EDGE('',*,*,#1588,.F.);
#2466=ORIENTED_EDGE('',*,*,#1817,.F.);
#2467=ORIENTED_EDGE('',*,*,#1643,.F.);
#2468=ORIENTED_EDGE('',*,*,#1650,.T.);
#2469=ORIENTED_EDGE('',*,*,#1633,.F.);
#2470=ORIENTED_EDGE('',*,*,#1818,.T.);
#2471=ORIENTED_EDGE('',*,*,#1645,.F.);
#2472=ORIENTED_EDGE('',*,*,#1818,.F.);
#2473=ORIENTED_EDGE('',*,*,#1628,.F.);
#2474=ORIENTED_EDGE('',*,*,#1646,.F.);
#2475=ORIENTED_EDGE('',*,*,#1819,.F.);
#2476=ORIENTED_EDGE('',*,*,#1743,.F.);
#2477=ORIENTED_EDGE('',*,*,#1751,.T.);
#2478=ORIENTED_EDGE('',*,*,#1734,.F.);
#2479=ORIENTED_EDGE('',*,*,#1820,.T.);
#2480=ORIENTED_EDGE('',*,*,#1741,.F.);
#2481=ORIENTED_EDGE('',*,*,#1820,.F.);
#2482=ORIENTED_EDGE('',*,*,#1736,.F.);
#2483=ORIENTED_EDGE('',*,*,#1738,.F.);
#2484=ORIENTED_EDGE('',*,*,#1821,.F.);
#2485=ORIENTED_EDGE('',*,*,#1524,.T.);
#2486=ORIENTED_EDGE('',*,*,#1822,.T.);
#2487=ORIENTED_EDGE('',*,*,#1823,.T.);
#2488=ORIENTED_EDGE('',*,*,#1690,.T.);
#2489=ORIENTED_EDGE('',*,*,#1558,.F.);
#2490=ORIENTED_EDGE('',*,*,#1823,.F.);
#2491=ORIENTED_EDGE('',*,*,#1824,.T.);
#2492=ORIENTED_EDGE('',*,*,#1825,.T.);
#2493=ORIENTED_EDGE('',*,*,#1826,.T.);
#2494=ORIENTED_EDGE('',*,*,#1522,.T.);
#2495=ORIENTED_EDGE('',*,*,#1518,.F.);
#2496=ORIENTED_EDGE('',*,*,#1603,.T.);
#2497=ORIENTED_EDGE('',*,*,#1825,.F.);
#2498=ORIENTED_EDGE('',*,*,#1827,.T.);
#2499=ORIENTED_EDGE('',*,*,#1827,.F.);
#2500=ORIENTED_EDGE('',*,*,#1824,.F.);
#2501=ORIENTED_EDGE('',*,*,#1822,.F.);
#2502=ORIENTED_EDGE('',*,*,#1523,.F.);
#2503=ORIENTED_EDGE('',*,*,#1828,.F.);
#2504=ORIENTED_EDGE('',*,*,#1526,.T.);
#2505=ORIENTED_EDGE('',*,*,#1557,.F.);
#2506=ORIENTED_EDGE('',*,*,#1689,.T.);
#2507=ORIENTED_EDGE('',*,*,#1829,.T.);
#2508=ORIENTED_EDGE('',*,*,#1830,.T.);
#2509=ORIENTED_EDGE('',*,*,#1831,.T.);
#2510=ORIENTED_EDGE('',*,*,#1832,.T.);
#2511=ORIENTED_EDGE('',*,*,#1829,.F.);
#2512=ORIENTED_EDGE('',*,*,#1731,.T.);
#2513=ORIENTED_EDGE('',*,*,#1528,.T.);
#2514=ORIENTED_EDGE('',*,*,#1833,.T.);
#2515=ORIENTED_EDGE('',*,*,#1831,.F.);
#2516=ORIENTED_EDGE('',*,*,#1604,.T.);
#2517=ORIENTED_EDGE('',*,*,#1520,.F.);
#2518=ORIENTED_EDGE('',*,*,#1834,.T.);
#2519=ORIENTED_EDGE('',*,*,#1835,.T.);
#2520=ORIENTED_EDGE('',*,*,#1836,.T.);
#2521=ORIENTED_EDGE('',*,*,#1835,.F.);
#2522=ORIENTED_EDGE('',*,*,#1837,.F.);
#2523=ORIENTED_EDGE('',*,*,#1838,.T.);
#2524=ORIENTED_EDGE('',*,*,#1836,.F.);
#2525=ORIENTED_EDGE('',*,*,#1838,.F.);
#2526=ORIENTED_EDGE('',*,*,#1669,.F.);
#2527=ORIENTED_EDGE('',*,*,#1674,.F.);
#2528=ORIENTED_EDGE('',*,*,#1663,.F.);
#2529=ORIENTED_EDGE('',*,*,#1666,.F.);
#2530=ORIENTED_EDGE('',*,*,#1834,.F.);
#2531=ORIENTED_EDGE('',*,*,#1839,.T.);
#2532=ORIENTED_EDGE('',*,*,#1840,.T.);
#2533=ORIENTED_EDGE('',*,*,#1841,.T.);
#2534=ORIENTED_EDGE('',*,*,#1840,.F.);
#2535=ORIENTED_EDGE('',*,*,#1842,.F.);
#2536=ORIENTED_EDGE('',*,*,#1843,.T.);
#2537=ORIENTED_EDGE('',*,*,#1841,.F.);
#2538=ORIENTED_EDGE('',*,*,#1843,.F.);
#2539=ORIENTED_EDGE('',*,*,#1833,.F.);
#2540=ORIENTED_EDGE('',*,*,#1527,.T.);
#2541=ORIENTED_EDGE('',*,*,#1830,.F.);
#2542=ORIENTED_EDGE('',*,*,#1832,.F.);
#2543=ORIENTED_EDGE('',*,*,#1839,.F.);
#2544=ORIENTED_EDGE('',*,*,#1828,.T.);
#2545=ORIENTED_EDGE('',*,*,#1844,.T.);
#2546=ORIENTED_EDGE('',*,*,#1837,.T.);
#2547=ORIENTED_EDGE('',*,*,#1844,.F.);
#2548=ORIENTED_EDGE('',*,*,#1730,.T.);
#2549=ORIENTED_EDGE('',*,*,#1845,.T.);
#2550=ORIENTED_EDGE('',*,*,#1842,.T.);
#2551=ORIENTED_EDGE('',*,*,#1845,.F.);
#2552=ORIENTED_EDGE('',*,*,#1667,.F.);
#2553=ORIENTED_EDGE('',*,*,#1691,.T.);
#2554=ORIENTED_EDGE('',*,*,#1826,.F.);
#2555=ORIENTED_EDGE('',*,*,#1602,.F.);
#2556=ORIENTED_EDGE('',*,*,#1513,.T.);
#2557=ORIENTED_EDGE('',*,*,#1846,.T.);
#2558=ORIENTED_EDGE('',*,*,#1847,.T.);
#2559=ORIENTED_EDGE('',*,*,#1694,.T.);
#2560=ORIENTED_EDGE('',*,*,#1564,.F.);
#2561=ORIENTED_EDGE('',*,*,#1847,.F.);
#2562=ORIENTED_EDGE('',*,*,#1848,.T.);
#2563=ORIENTED_EDGE('',*,*,#1849,.T.);
#2564=ORIENTED_EDGE('',*,*,#1649,.T.);
#2565=ORIENTED_EDGE('',*,*,#1511,.T.);
#2566=ORIENTED_EDGE('',*,*,#1507,.F.);
#2567=ORIENTED_EDGE('',*,*,#1596,.T.);
#2568=ORIENTED_EDGE('',*,*,#1849,.F.);
#2569=ORIENTED_EDGE('',*,*,#1850,.T.);
#2570=ORIENTED_EDGE('',*,*,#1850,.F.);
#2571=ORIENTED_EDGE('',*,*,#1848,.F.);
#2572=ORIENTED_EDGE('',*,*,#1846,.F.);
#2573=ORIENTED_EDGE('',*,*,#1512,.F.);
#2574=ORIENTED_EDGE('',*,*,#1851,.F.);
#2575=ORIENTED_EDGE('',*,*,#1515,.T.);
#2576=ORIENTED_EDGE('',*,*,#1563,.F.);
#2577=ORIENTED_EDGE('',*,*,#1693,.T.);
#2578=ORIENTED_EDGE('',*,*,#1852,.T.);
#2579=ORIENTED_EDGE('',*,*,#1853,.T.);
#2580=ORIENTED_EDGE('',*,*,#1854,.T.);
#2581=ORIENTED_EDGE('',*,*,#1855,.T.);
#2582=ORIENTED_EDGE('',*,*,#1852,.F.);
#2583=ORIENTED_EDGE('',*,*,#1709,.T.);
#2584=ORIENTED_EDGE('',*,*,#1517,.T.);
#2585=ORIENTED_EDGE('',*,*,#1856,.T.);
#2586=ORIENTED_EDGE('',*,*,#1854,.F.);
#2587=ORIENTED_EDGE('',*,*,#1597,.T.);
#2588=ORIENTED_EDGE('',*,*,#1509,.F.);
#2589=ORIENTED_EDGE('',*,*,#1819,.T.);
#2590=ORIENTED_EDGE('',*,*,#1857,.T.);
#2591=ORIENTED_EDGE('',*,*,#1858,.T.);
#2592=ORIENTED_EDGE('',*,*,#1857,.F.);
#2593=ORIENTED_EDGE('',*,*,#1859,.F.);
#2594=ORIENTED_EDGE('',*,*,#1860,.T.);
#2595=ORIENTED_EDGE('',*,*,#1858,.F.);
#2596=ORIENTED_EDGE('',*,*,#1860,.F.);
#2597=ORIENTED_EDGE('',*,*,#1861,.T.);
#2598=ORIENTED_EDGE('',*,*,#1862,.T.);
#2599=ORIENTED_EDGE('',*,*,#1863,.T.);
#2600=ORIENTED_EDGE('',*,*,#1862,.F.);
#2601=ORIENTED_EDGE('',*,*,#1864,.F.);
#2602=ORIENTED_EDGE('',*,*,#1865,.T.);
#2603=ORIENTED_EDGE('',*,*,#1863,.F.);
#2604=ORIENTED_EDGE('',*,*,#1865,.F.);
#2605=ORIENTED_EDGE('',*,*,#1856,.F.);
#2606=ORIENTED_EDGE('',*,*,#1516,.T.);
#2607=ORIENTED_EDGE('',*,*,#1853,.F.);
#2608=ORIENTED_EDGE('',*,*,#1855,.F.);
#2609=ORIENTED_EDGE('',*,*,#1861,.F.);
#2610=ORIENTED_EDGE('',*,*,#1851,.T.);
#2611=ORIENTED_EDGE('',*,*,#1866,.T.);
#2612=ORIENTED_EDGE('',*,*,#1859,.T.);
#2613=ORIENTED_EDGE('',*,*,#1866,.F.);
#2614=ORIENTED_EDGE('',*,*,#1675,.T.);
#2615=ORIENTED_EDGE('',*,*,#1867,.T.);
#2616=ORIENTED_EDGE('',*,*,#1864,.T.);
#2617=ORIENTED_EDGE('',*,*,#1867,.F.);
#2618=ORIENTED_EDGE('',*,*,#1546,.T.);
#2619=ORIENTED_EDGE('',*,*,#1868,.T.);
#2620=ORIENTED_EDGE('',*,*,#1869,.T.);
#2621=ORIENTED_EDGE('',*,*,#1676,.T.);
#2622=ORIENTED_EDGE('',*,*,#1552,.F.);
#2623=ORIENTED_EDGE('',*,*,#1869,.F.);
#2624=ORIENTED_EDGE('',*,*,#1870,.T.);
#2625=ORIENTED_EDGE('',*,*,#1871,.T.);
#2626=ORIENTED_EDGE('',*,*,#1750,.T.);
#2627=ORIENTED_EDGE('',*,*,#1544,.T.);
#2628=ORIENTED_EDGE('',*,*,#1540,.F.);
#2629=ORIENTED_EDGE('',*,*,#1617,.T.);
#2630=ORIENTED_EDGE('',*,*,#1871,.F.);
#2631=ORIENTED_EDGE('',*,*,#1872,.T.);
#2632=ORIENTED_EDGE('',*,*,#1872,.F.);
#2633=ORIENTED_EDGE('',*,*,#1870,.F.);
#2634=ORIENTED_EDGE('',*,*,#1868,.F.);
#2635=ORIENTED_EDGE('',*,*,#1545,.F.);
#2636=ORIENTED_EDGE('',*,*,#1873,.F.);
#2637=ORIENTED_EDGE('',*,*,#1548,.T.);
#2638=ORIENTED_EDGE('',*,*,#1551,.F.);
#2639=ORIENTED_EDGE('',*,*,#1699,.T.);
#2640=ORIENTED_EDGE('',*,*,#1874,.T.);
#2641=ORIENTED_EDGE('',*,*,#1875,.T.);
#2642=ORIENTED_EDGE('',*,*,#1876,.T.);
#2643=ORIENTED_EDGE('',*,*,#1877,.T.);
#2644=ORIENTED_EDGE('',*,*,#1874,.F.);
#2645=ORIENTED_EDGE('',*,*,#1878,.T.);
#2646=ORIENTED_EDGE('',*,*,#1550,.T.);
#2647=ORIENTED_EDGE('',*,*,#1879,.T.);
#2648=ORIENTED_EDGE('',*,*,#1876,.F.);
#2649=ORIENTED_EDGE('',*,*,#1618,.T.);
#2650=ORIENTED_EDGE('',*,*,#1542,.F.);
#2651=ORIENTED_EDGE('',*,*,#1577,.F.);
#2652=ORIENTED_EDGE('',*,*,#1619,.F.);
#2653=ORIENTED_EDGE('',*,*,#1878,.F.);
#2654=ORIENTED_EDGE('',*,*,#1698,.T.);
#2655=ORIENTED_EDGE('',*,*,#1821,.T.);
#2656=ORIENTED_EDGE('',*,*,#1880,.T.);
#2657=ORIENTED_EDGE('',*,*,#1881,.T.);
#2658=ORIENTED_EDGE('',*,*,#1880,.F.);
#2659=ORIENTED_EDGE('',*,*,#1882,.F.);
#2660=ORIENTED_EDGE('',*,*,#1883,.T.);
#2661=ORIENTED_EDGE('',*,*,#1881,.F.);
#2662=ORIENTED_EDGE('',*,*,#1883,.F.);
#2663=ORIENTED_EDGE('',*,*,#1884,.T.);
#2664=ORIENTED_EDGE('',*,*,#1885,.T.);
#2665=ORIENTED_EDGE('',*,*,#1886,.T.);
#2666=ORIENTED_EDGE('',*,*,#1885,.F.);
#2667=ORIENTED_EDGE('',*,*,#1887,.F.);
#2668=ORIENTED_EDGE('',*,*,#1888,.T.);
#2669=ORIENTED_EDGE('',*,*,#1886,.F.);
#2670=ORIENTED_EDGE('',*,*,#1888,.F.);
#2671=ORIENTED_EDGE('',*,*,#1879,.F.);
#2672=ORIENTED_EDGE('',*,*,#1549,.T.);
#2673=ORIENTED_EDGE('',*,*,#1875,.F.);
#2674=ORIENTED_EDGE('',*,*,#1877,.F.);
#2675=ORIENTED_EDGE('',*,*,#1884,.F.);
#2676=ORIENTED_EDGE('',*,*,#1873,.T.);
#2677=ORIENTED_EDGE('',*,*,#1889,.T.);
#2678=ORIENTED_EDGE('',*,*,#1882,.T.);
#2679=ORIENTED_EDGE('',*,*,#1889,.F.);
#2680=ORIENTED_EDGE('',*,*,#1626,.T.);
#2681=ORIENTED_EDGE('',*,*,#1890,.T.);
#2682=ORIENTED_EDGE('',*,*,#1887,.T.);
#2683=ORIENTED_EDGE('',*,*,#1890,.F.);
#2684=ORIENTED_EDGE('',*,*,#1535,.T.);
#2685=ORIENTED_EDGE('',*,*,#1891,.T.);
#2686=ORIENTED_EDGE('',*,*,#1892,.T.);
#2687=ORIENTED_EDGE('',*,*,#1683,.T.);
#2688=ORIENTED_EDGE('',*,*,#1555,.F.);
#2689=ORIENTED_EDGE('',*,*,#1892,.F.);
#2690=ORIENTED_EDGE('',*,*,#1893,.T.);
#2691=ORIENTED_EDGE('',*,*,#1894,.T.);
#2692=ORIENTED_EDGE('',*,*,#1895,.T.);
#2693=ORIENTED_EDGE('',*,*,#1533,.T.);
#2694=ORIENTED_EDGE('',*,*,#1529,.F.);
#2695=ORIENTED_EDGE('',*,*,#1610,.T.);
#2696=ORIENTED_EDGE('',*,*,#1894,.F.);
#2697=ORIENTED_EDGE('',*,*,#1896,.T.);
#2698=ORIENTED_EDGE('',*,*,#1896,.F.);
#2699=ORIENTED_EDGE('',*,*,#1893,.F.);
#2700=ORIENTED_EDGE('',*,*,#1891,.F.);
#2701=ORIENTED_EDGE('',*,*,#1534,.F.);
#2702=ORIENTED_EDGE('',*,*,#1897,.F.);
#2703=ORIENTED_EDGE('',*,*,#1537,.T.);
#2704=ORIENTED_EDGE('',*,*,#1554,.F.);
#2705=ORIENTED_EDGE('',*,*,#1682,.T.);
#2706=ORIENTED_EDGE('',*,*,#1898,.T.);
#2707=ORIENTED_EDGE('',*,*,#1899,.T.);
#2708=ORIENTED_EDGE('',*,*,#1900,.T.);
#2709=ORIENTED_EDGE('',*,*,#1901,.T.);
#2710=ORIENTED_EDGE('',*,*,#1898,.F.);
#2711=ORIENTED_EDGE('',*,*,#1902,.T.);
#2712=ORIENTED_EDGE('',*,*,#1539,.T.);
#2713=ORIENTED_EDGE('',*,*,#1903,.T.);
#2714=ORIENTED_EDGE('',*,*,#1900,.F.);
#2715=ORIENTED_EDGE('',*,*,#1611,.T.);
#2716=ORIENTED_EDGE('',*,*,#1531,.F.);
#2717=ORIENTED_EDGE('',*,*,#1748,.F.);
#2718=ORIENTED_EDGE('',*,*,#1612,.F.);
#2719=ORIENTED_EDGE('',*,*,#1902,.F.);
#2720=ORIENTED_EDGE('',*,*,#1681,.T.);
#2721=ORIENTED_EDGE('',*,*,#1904,.T.);
#2722=ORIENTED_EDGE('',*,*,#1905,.T.);
#2723=ORIENTED_EDGE('',*,*,#1906,.T.);
#2724=ORIENTED_EDGE('',*,*,#1905,.F.);
#2725=ORIENTED_EDGE('',*,*,#1907,.F.);
#2726=ORIENTED_EDGE('',*,*,#1908,.T.);
#2727=ORIENTED_EDGE('',*,*,#1906,.F.);
#2728=ORIENTED_EDGE('',*,*,#1908,.F.);
#2729=ORIENTED_EDGE('',*,*,#1724,.F.);
#2730=ORIENTED_EDGE('',*,*,#1729,.F.);
#2731=ORIENTED_EDGE('',*,*,#1719,.F.);
#2732=ORIENTED_EDGE('',*,*,#1721,.F.);
#2733=ORIENTED_EDGE('',*,*,#1904,.F.);
#2734=ORIENTED_EDGE('',*,*,#1909,.T.);
#2735=ORIENTED_EDGE('',*,*,#1910,.T.);
#2736=ORIENTED_EDGE('',*,*,#1911,.T.);
#2737=ORIENTED_EDGE('',*,*,#1910,.F.);
#2738=ORIENTED_EDGE('',*,*,#1912,.F.);
#2739=ORIENTED_EDGE('',*,*,#1913,.T.);
#2740=ORIENTED_EDGE('',*,*,#1911,.F.);
#2741=ORIENTED_EDGE('',*,*,#1913,.F.);
#2742=ORIENTED_EDGE('',*,*,#1903,.F.);
#2743=ORIENTED_EDGE('',*,*,#1538,.T.);
#2744=ORIENTED_EDGE('',*,*,#1899,.F.);
#2745=ORIENTED_EDGE('',*,*,#1901,.F.);
#2746=ORIENTED_EDGE('',*,*,#1909,.F.);
#2747=ORIENTED_EDGE('',*,*,#1897,.T.);
#2748=ORIENTED_EDGE('',*,*,#1914,.T.);
#2749=ORIENTED_EDGE('',*,*,#1907,.T.);
#2750=ORIENTED_EDGE('',*,*,#1914,.F.);
#2751=ORIENTED_EDGE('',*,*,#1752,.T.);
#2752=ORIENTED_EDGE('',*,*,#1915,.T.);
#2753=ORIENTED_EDGE('',*,*,#1912,.T.);
#2754=ORIENTED_EDGE('',*,*,#1915,.F.);
#2755=ORIENTED_EDGE('',*,*,#1722,.F.);
#2756=ORIENTED_EDGE('',*,*,#1684,.T.);
#2757=ORIENTED_EDGE('',*,*,#1895,.F.);
#2758=ORIENTED_EDGE('',*,*,#1609,.F.);
#2759=ORIENTED_EDGE('',*,*,#1502,.T.);
#2760=ORIENTED_EDGE('',*,*,#1916,.T.);
#2761=ORIENTED_EDGE('',*,*,#1917,.T.);
#2762=ORIENTED_EDGE('',*,*,#1697,.T.);
#2763=ORIENTED_EDGE('',*,*,#1561,.F.);
#2764=ORIENTED_EDGE('',*,*,#1917,.F.);
#2765=ORIENTED_EDGE('',*,*,#1918,.T.);
#2766=ORIENTED_EDGE('',*,*,#1919,.T.);
#2767=ORIENTED_EDGE('',*,*,#1624,.T.);
#2768=ORIENTED_EDGE('',*,*,#1500,.T.);
#2769=ORIENTED_EDGE('',*,*,#1496,.F.);
#2770=ORIENTED_EDGE('',*,*,#1621,.T.);
#2771=ORIENTED_EDGE('',*,*,#1919,.F.);
#2772=ORIENTED_EDGE('',*,*,#1920,.T.);
#2773=ORIENTED_EDGE('',*,*,#1920,.F.);
#2774=ORIENTED_EDGE('',*,*,#1918,.F.);
#2775=ORIENTED_EDGE('',*,*,#1916,.F.);
#2776=ORIENTED_EDGE('',*,*,#1501,.F.);
#2777=ORIENTED_EDGE('',*,*,#1921,.F.);
#2778=ORIENTED_EDGE('',*,*,#1504,.T.);
#2779=ORIENTED_EDGE('',*,*,#1560,.F.);
#2780=ORIENTED_EDGE('',*,*,#1696,.T.);
#2781=ORIENTED_EDGE('',*,*,#1922,.T.);
#2782=ORIENTED_EDGE('',*,*,#1923,.T.);
#2783=ORIENTED_EDGE('',*,*,#1924,.T.);
#2784=ORIENTED_EDGE('',*,*,#1925,.T.);
#2785=ORIENTED_EDGE('',*,*,#1922,.F.);
#2786=ORIENTED_EDGE('',*,*,#1926,.T.);
#2787=ORIENTED_EDGE('',*,*,#1506,.T.);
#2788=ORIENTED_EDGE('',*,*,#1927,.T.);
#2789=ORIENTED_EDGE('',*,*,#1924,.F.);
#2790=ORIENTED_EDGE('',*,*,#1590,.T.);
#2791=ORIENTED_EDGE('',*,*,#1498,.F.);
#2792=ORIENTED_EDGE('',*,*,#1638,.F.);
#2793=ORIENTED_EDGE('',*,*,#1591,.F.);
#2794=ORIENTED_EDGE('',*,*,#1926,.F.);
#2795=ORIENTED_EDGE('',*,*,#1695,.T.);
#2796=ORIENTED_EDGE('',*,*,#1817,.T.);
#2797=ORIENTED_EDGE('',*,*,#1928,.T.);
#2798=ORIENTED_EDGE('',*,*,#1929,.T.);
#2799=ORIENTED_EDGE('',*,*,#1928,.F.);
#2800=ORIENTED_EDGE('',*,*,#1930,.F.);
#2801=ORIENTED_EDGE('',*,*,#1931,.T.);
#2802=ORIENTED_EDGE('',*,*,#1929,.F.);
#2803=ORIENTED_EDGE('',*,*,#1931,.F.);
#2804=ORIENTED_EDGE('',*,*,#1932,.T.);
#2805=ORIENTED_EDGE('',*,*,#1933,.T.);
#2806=ORIENTED_EDGE('',*,*,#1934,.T.);
#2807=ORIENTED_EDGE('',*,*,#1933,.F.);
#2808=ORIENTED_EDGE('',*,*,#1935,.F.);
#2809=ORIENTED_EDGE('',*,*,#1936,.T.);
#2810=ORIENTED_EDGE('',*,*,#1934,.F.);
#2811=ORIENTED_EDGE('',*,*,#1936,.F.);
#2812=ORIENTED_EDGE('',*,*,#1927,.F.);
#2813=ORIENTED_EDGE('',*,*,#1505,.T.);
#2814=ORIENTED_EDGE('',*,*,#1923,.F.);
#2815=ORIENTED_EDGE('',*,*,#1925,.F.);
#2816=ORIENTED_EDGE('',*,*,#1932,.F.);
#2817=ORIENTED_EDGE('',*,*,#1921,.T.);
#2818=ORIENTED_EDGE('',*,*,#1937,.T.);
#2819=ORIENTED_EDGE('',*,*,#1930,.T.);
#2820=ORIENTED_EDGE('',*,*,#1937,.F.);
#2821=ORIENTED_EDGE('',*,*,#1651,.T.);
#2822=ORIENTED_EDGE('',*,*,#1938,.T.);
#2823=ORIENTED_EDGE('',*,*,#1935,.T.);
#2824=ORIENTED_EDGE('',*,*,#1938,.F.);
#2825=CYLINDRICAL_SURFACE('',#3080,0.5);
#2826=CYLINDRICAL_SURFACE('',#3084,0.5);
#2827=CYLINDRICAL_SURFACE('',#3088,0.5);
#2828=CYLINDRICAL_SURFACE('',#3092,0.5);
#2829=CYLINDRICAL_SURFACE('',#3096,0.5);
#2830=CYLINDRICAL_SURFACE('',#3100,0.5);
#2831=CYLINDRICAL_SURFACE('',#3103,0.5);
#2832=CYLINDRICAL_SURFACE('',#3106,0.5);
#2833=CYLINDRICAL_SURFACE('',#3109,0.5);
#2834=CYLINDRICAL_SURFACE('',#3112,0.5);
#2835=CYLINDRICAL_SURFACE('',#3115,0.5);
#2836=CYLINDRICAL_SURFACE('',#3122,0.5);
#2837=CYLINDRICAL_SURFACE('',#3128,0.5);
#2838=CYLINDRICAL_SURFACE('',#3134,0.5);
#2839=CYLINDRICAL_SURFACE('',#3145,3.375);
#2840=CYLINDRICAL_SURFACE('',#3149,0.5);
#2841=CYLINDRICAL_SURFACE('',#3156,0.5);
#2842=CYLINDRICAL_SURFACE('',#3162,0.5);
#2843=CYLINDRICAL_SURFACE('',#3167,0.5);
#2844=CYLINDRICAL_SURFACE('',#3172,3.375);
#2845=CYLINDRICAL_SURFACE('',#3181,0.5);
#2846=CYLINDRICAL_SURFACE('',#3187,0.5);
#2847=CYLINDRICAL_SURFACE('',#3193,0.5);
#2848=CYLINDRICAL_SURFACE('',#3198,0.5);
#2849=CYLINDRICAL_SURFACE('',#3199,2.);
#2850=CYLINDRICAL_SURFACE('',#3210,3.375);
#2851=CYLINDRICAL_SURFACE('',#3217,0.5);
#2852=CYLINDRICAL_SURFACE('',#3222,0.5);
#2853=CYLINDRICAL_SURFACE('',#3228,0.5);
#2854=CYLINDRICAL_SURFACE('',#3233,0.5);
#2855=CYLINDRICAL_SURFACE('',#3234,2.);
#2856=CYLINDRICAL_SURFACE('',#3237,3.375);
#2857=CYLINDRICAL_SURFACE('',#3243,0.5);
#2858=CYLINDRICAL_SURFACE('',#3249,0.5);
#2859=CYLINDRICAL_SURFACE('',#3254,0.5);
#2860=CYLINDRICAL_SURFACE('',#3260,0.5);
#2861=CYLINDRICAL_SURFACE('',#3261,3.375);
#2862=CYLINDRICAL_SURFACE('',#3270,1.8);
#2863=CYLINDRICAL_SURFACE('',#3285,2.9);
#2864=CYLINDRICAL_SURFACE('',#3296,2.9);
#2865=CYLINDRICAL_SURFACE('',#3307,5.1);
#2866=CYLINDRICAL_SURFACE('',#3318,0.75);
#2867=CYLINDRICAL_SURFACE('',#3320,2.);
#2868=CYLINDRICAL_SURFACE('',#3323,2.);
#2869=CYLINDRICAL_SURFACE('',#3326,2.);
#2870=CYLINDRICAL_SURFACE('',#3343,0.95);
#2871=CYLINDRICAL_SURFACE('',#3349,0.95);
#2872=CYLINDRICAL_SURFACE('',#3354,3.375);
#2873=CYLINDRICAL_SURFACE('',#3367,0.95);
#2874=CYLINDRICAL_SURFACE('',#3372,0.95);
#2875=CYLINDRICAL_SURFACE('',#3388,3.375);
#2876=CYLINDRICAL_SURFACE('',#3391,0.95);
#2877=CYLINDRICAL_SURFACE('',#3396,0.95);
#2878=CYLINDRICAL_SURFACE('',#3413,3.375);
#2879=CYLINDRICAL_SURFACE('',#3417,0.95);
#2880=CYLINDRICAL_SURFACE('',#3423,0.95);
#2881=CYLINDRICAL_SURFACE('',#3428,3.375);
#2882=CYLINDRICAL_SURFACE('',#3440,3.375);
#2883=CYLINDRICAL_SURFACE('',#3443,0.95);
#2884=CYLINDRICAL_SURFACE('',#3448,0.95);
#2885=ADVANCED_FACE('',(#342),#2825,.T.);
#2886=ADVANCED_FACE('',(#343),#281,.T.);
#2887=ADVANCED_FACE('',(#344),#2826,.T.);
#2888=ADVANCED_FACE('',(#345),#282,.T.);
#2889=ADVANCED_FACE('',(#346),#2827,.T.);
#2890=ADVANCED_FACE('',(#347),#283,.T.);
#2891=ADVANCED_FACE('',(#348),#2828,.T.);
#2892=ADVANCED_FACE('',(#349),#284,.T.);
#2893=ADVANCED_FACE('',(#350),#2829,.T.);
#2894=ADVANCED_FACE('',(#351),#285,.T.);
#2895=ADVANCED_FACE('',(#352),#2830,.T.);
#2896=ADVANCED_FACE('',(#353),#2831,.T.);
#2897=ADVANCED_FACE('',(#354),#2832,.T.);
#2898=ADVANCED_FACE('',(#355),#2833,.T.);
#2899=ADVANCED_FACE('',(#356),#2834,.T.);
#2900=ADVANCED_FACE('',(#357),#2835,.T.);
#2901=ADVANCED_FACE('',(#358),#91,.T.);
#2902=ADVANCED_FACE('',(#359),#2836,.T.);
#2903=ADVANCED_FACE('',(#360),#92,.T.);
#2904=ADVANCED_FACE('',(#361),#2837,.T.);
#2905=ADVANCED_FACE('',(#362),#93,.T.);
#2906=ADVANCED_FACE('',(#363),#2838,.T.);
#2907=ADVANCED_FACE('',(#364),#94,.T.);
#2908=ADVANCED_FACE('',(#365,#65),#286,.F.);
#2909=ADVANCED_FACE('',(#366),#2839,.T.);
#2910=ADVANCED_FACE('',(#367,#66),#287,.T.);
#2911=ADVANCED_FACE('',(#368),#2840,.T.);
#2912=ADVANCED_FACE('',(#369),#95,.T.);
#2913=ADVANCED_FACE('',(#370),#2841,.T.);
#2914=ADVANCED_FACE('',(#371),#96,.T.);
#2915=ADVANCED_FACE('',(#372),#2842,.T.);
#2916=ADVANCED_FACE('',(#373),#97,.T.);
#2917=ADVANCED_FACE('',(#374),#2843,.T.);
#2918=ADVANCED_FACE('',(#375),#98,.T.);
#2919=ADVANCED_FACE('',(#376),#2844,.T.);
#2920=ADVANCED_FACE('',(#377,#67),#288,.T.);
#2921=ADVANCED_FACE('',(#378),#99,.T.);
#2922=ADVANCED_FACE('',(#379),#2845,.T.);
#2923=ADVANCED_FACE('',(#380),#100,.T.);
#2924=ADVANCED_FACE('',(#381),#2846,.T.);
#2925=ADVANCED_FACE('',(#382),#101,.T.);
#2926=ADVANCED_FACE('',(#383),#2847,.T.);
#2927=ADVANCED_FACE('',(#384),#102,.T.);
#2928=ADVANCED_FACE('',(#385),#2848,.T.);
#2929=ADVANCED_FACE('',(#386),#2849,.F.);
#2930=ADVANCED_FACE('',(#387,#68),#289,.T.);
#2931=ADVANCED_FACE('',(#388,#69,#70,#71),#290,.T.);
#2932=ADVANCED_FACE('',(#389),#2850,.T.);
#2933=ADVANCED_FACE('',(#390),#103,.T.);
#2934=ADVANCED_FACE('',(#391),#2851,.T.);
#2935=ADVANCED_FACE('',(#392),#104,.T.);
#2936=ADVANCED_FACE('',(#393),#2852,.T.);
#2937=ADVANCED_FACE('',(#394),#105,.T.);
#2938=ADVANCED_FACE('',(#395),#2853,.T.);
#2939=ADVANCED_FACE('',(#396),#106,.T.);
#2940=ADVANCED_FACE('',(#397),#2854,.T.);
#2941=ADVANCED_FACE('',(#398),#2855,.F.);
#2942=ADVANCED_FACE('',(#399,#72),#291,.T.);
#2943=ADVANCED_FACE('',(#400),#2856,.T.);
#2944=ADVANCED_FACE('',(#401),#107,.T.);
#2945=ADVANCED_FACE('',(#402),#2857,.T.);
#2946=ADVANCED_FACE('',(#403),#108,.T.);
#2947=ADVANCED_FACE('',(#404),#2858,.T.);
#2948=ADVANCED_FACE('',(#405),#109,.T.);
#2949=ADVANCED_FACE('',(#406),#2859,.T.);
#2950=ADVANCED_FACE('',(#407),#110,.T.);
#2951=ADVANCED_FACE('',(#408),#2860,.T.);
#2952=ADVANCED_FACE('',(#409),#2861,.T.);
#2953=ADVANCED_FACE('',(#410,#73),#292,.T.);
#2954=ADVANCED_FACE('',(#411),#111,.F.);
#2955=ADVANCED_FACE('',(#412),#2862,.F.);
#2956=ADVANCED_FACE('',(#413,#74),#293,.F.);
#2957=ADVANCED_FACE('',(#414),#112,.T.);
#2958=ADVANCED_FACE('',(#415),#294,.T.);
#2959=ADVANCED_FACE('',(#416),#19,.T.);
#2960=ADVANCED_FACE('',(#417),#295,.T.);
#2961=ADVANCED_FACE('',(#418),#296,.T.);
#2962=ADVANCED_FACE('',(#419),#2863,.T.);
#2963=ADVANCED_FACE('',(#420),#297,.T.);
#2964=ADVANCED_FACE('',(#421),#298,.T.);
#2965=ADVANCED_FACE('',(#422),#20,.T.);
#2966=ADVANCED_FACE('',(#423),#299,.T.);
#2967=ADVANCED_FACE('',(#424),#300,.T.);
#2968=ADVANCED_FACE('',(#425),#2864,.T.);
#2969=ADVANCED_FACE('',(#426),#301,.T.);
#2970=ADVANCED_FACE('',(#427),#302,.T.);
#2971=ADVANCED_FACE('',(#428),#21,.T.);
#2972=ADVANCED_FACE('',(#429),#303,.T.);
#2973=ADVANCED_FACE('',(#430),#304,.T.);
#2974=ADVANCED_FACE('',(#431),#22,.T.);
#2975=ADVANCED_FACE('',(#432),#305,.T.);
#2976=ADVANCED_FACE('',(#433),#23,.F.);
#2977=ADVANCED_FACE('',(#434),#2865,.F.);
#2978=ADVANCED_FACE('',(#435),#24,.F.);
#2979=ADVANCED_FACE('',(#436),#25,.F.);
#2980=ADVANCED_FACE('',(#437),#26,.F.);
#2981=ADVANCED_FACE('',(#438),#2866,.F.);
#2982=ADVANCED_FACE('',(#439,#75),#306,.F.);
#2983=ADVANCED_FACE('',(#440),#2867,.F.);
#2984=ADVANCED_FACE('',(#441,#76),#307,.T.);
#2985=ADVANCED_FACE('',(#442),#2868,.F.);
#2986=ADVANCED_FACE('',(#443,#77),#308,.T.);
#2987=ADVANCED_FACE('',(#444),#2869,.F.);
#2988=ADVANCED_FACE('',(#445,#78),#309,.T.);
#2989=ADVANCED_FACE('',(#446),#310,.T.);
#2990=ADVANCED_FACE('',(#447),#27,.T.);
#2991=ADVANCED_FACE('',(#448),#311,.T.);
#2992=ADVANCED_FACE('',(#449,#79),#312,.T.);
#2993=ADVANCED_FACE('',(#450),#313,.T.);
#2994=ADVANCED_FACE('',(#451),#28,.T.);
#2995=ADVANCED_FACE('',(#452),#314,.T.);
#2996=ADVANCED_FACE('',(#453),#29,.F.);
#2997=ADVANCED_FACE('',(#454),#2870,.F.);
#2998=ADVANCED_FACE('',(#455,#80),#315,.T.);
#2999=ADVANCED_FACE('',(#456),#30,.F.);
#3000=ADVANCED_FACE('',(#457),#2871,.F.);
#3001=ADVANCED_FACE('',(#458,#81),#316,.T.);
#3002=ADVANCED_FACE('',(#459),#31,.F.);
#3003=ADVANCED_FACE('',(#460),#32,.F.);
#3004=ADVANCED_FACE('',(#461),#2872,.T.);
#3005=ADVANCED_FACE('',(#462),#317,.T.);
#3006=ADVANCED_FACE('',(#463),#33,.T.);
#3007=ADVANCED_FACE('',(#464),#318,.T.);
#3008=ADVANCED_FACE('',(#465,#82),#319,.T.);
#3009=ADVANCED_FACE('',(#466),#320,.T.);
#3010=ADVANCED_FACE('',(#467),#34,.T.);
#3011=ADVANCED_FACE('',(#468),#321,.T.);
#3012=ADVANCED_FACE('',(#469),#35,.F.);
#3013=ADVANCED_FACE('',(#470),#2873,.F.);
#3014=ADVANCED_FACE('',(#471),#36,.F.);
#3015=ADVANCED_FACE('',(#472),#2874,.F.);
#3016=ADVANCED_FACE('',(#473,#83),#322,.T.);
#3017=ADVANCED_FACE('',(#474),#37,.F.);
#3018=ADVANCED_FACE('',(#475),#38,.F.);
#3019=ADVANCED_FACE('',(#476),#323,.T.);
#3020=ADVANCED_FACE('',(#477),#39,.T.);
#3021=ADVANCED_FACE('',(#478),#324,.T.);
#3022=ADVANCED_FACE('',(#479,#84),#325,.T.);
#3023=ADVANCED_FACE('',(#480),#326,.T.);
#3024=ADVANCED_FACE('',(#481),#40,.T.);
#3025=ADVANCED_FACE('',(#482),#327,.T.);
#3026=ADVANCED_FACE('',(#483),#2875,.T.);
#3027=ADVANCED_FACE('',(#484),#41,.F.);
#3028=ADVANCED_FACE('',(#485),#2876,.F.);
#3029=ADVANCED_FACE('',(#486),#42,.F.);
#3030=ADVANCED_FACE('',(#487),#2877,.F.);
#3031=ADVANCED_FACE('',(#488,#85),#328,.T.);
#3032=ADVANCED_FACE('',(#489),#43,.F.);
#3033=ADVANCED_FACE('',(#490),#44,.F.);
#3034=ADVANCED_FACE('',(#491),#329,.T.);
#3035=ADVANCED_FACE('',(#492),#45,.T.);
#3036=ADVANCED_FACE('',(#493),#330,.T.);
#3037=ADVANCED_FACE('',(#494,#86),#331,.T.);
#3038=ADVANCED_FACE('',(#495),#332,.T.);
#3039=ADVANCED_FACE('',(#496),#46,.T.);
#3040=ADVANCED_FACE('',(#497),#333,.T.);
#3041=ADVANCED_FACE('',(#498),#2878,.T.);
#3042=ADVANCED_FACE('',(#499),#47,.F.);
#3043=ADVANCED_FACE('',(#500),#2879,.F.);
#3044=ADVANCED_FACE('',(#501,#87),#334,.T.);
#3045=ADVANCED_FACE('',(#502),#48,.F.);
#3046=ADVANCED_FACE('',(#503),#2880,.F.);
#3047=ADVANCED_FACE('',(#504,#88),#335,.T.);
#3048=ADVANCED_FACE('',(#505),#49,.F.);
#3049=ADVANCED_FACE('',(#506),#50,.F.);
#3050=ADVANCED_FACE('',(#507),#2881,.T.);
#3051=ADVANCED_FACE('',(#508),#336,.T.);
#3052=ADVANCED_FACE('',(#509),#51,.T.);
#3053=ADVANCED_FACE('',(#510),#337,.T.);
#3054=ADVANCED_FACE('',(#511,#89),#338,.T.);
#3055=ADVANCED_FACE('',(#512),#339,.T.);
#3056=ADVANCED_FACE('',(#513),#52,.T.);
#3057=ADVANCED_FACE('',(#514),#340,.T.);
#3058=ADVANCED_FACE('',(#515),#2882,.T.);
#3059=ADVANCED_FACE('',(#516),#53,.F.);
#3060=ADVANCED_FACE('',(#517),#2883,.F.);
#3061=ADVANCED_FACE('',(#518),#54,.F.);
#3062=ADVANCED_FACE('',(#519),#2884,.F.);
#3063=ADVANCED_FACE('',(#520,#90),#341,.T.);
#3064=ADVANCED_FACE('',(#521),#55,.F.);
#3065=ADVANCED_FACE('',(#522),#56,.F.);
#3066=CLOSED_SHELL('',(#2885,#2886,#2887,#2888,#2889,#2890,#2891,#2892,
#2893,#2894,#2895,#2896,#2897,#2898,#2899,#2900,#2901,#2902,#2903,#2904,
#2905,#2906,#2907,#2908,#2909,#2910,#2911,#2912,#2913,#2914,#2915,#2916,
#2917,#2918,#2919,#2920,#2921,#2922,#2923,#2924,#2925,#2926,#2927,#2928,
#2929,#2930,#2931,#2932,#2933,#2934,#2935,#2936,#2937,#2938,#2939,#2940,
#2941,#2942,#2943,#2944,#2945,#2946,#2947,#2948,#2949,#2950,#2951,#2952,
#2953,#2954,#2955,#2956,#2957,#2958,#2959,#2960,#2961,#2962,#2963,#2964,
#2965,#2966,#2967,#2968,#2969,#2970,#2971,#2972,#2973,#2974,#2975,#2976,
#2977,#2978,#2979,#2980,#2981,#2982,#2983,#2984,#2985,#2986,#2987,#2988,
#2989,#2990,#2991,#2992,#2993,#2994,#2995,#2996,#2997,#2998,#2999,#3000,
#3001,#3002,#3003,#3004,#3005,#3006,#3007,#3008,#3009,#3010,#3011,#3012,
#3013,#3014,#3015,#3016,#3017,#3018,#3019,#3020,#3021,#3022,#3023,#3024,
#3025,#3026,#3027,#3028,#3029,#3030,#3031,#3032,#3033,#3034,#3035,#3036,
#3037,#3038,#3039,#3040,#3041,#3042,#3043,#3044,#3045,#3046,#3047,#3048,
#3049,#3050,#3051,#3052,#3053,#3054,#3055,#3056,#3057,#3058,#3059,#3060,
#3061,#3062,#3063,#3064,#3065));
#3067=DERIVED_UNIT_ELEMENT(#3069,1.);
#3068=DERIVED_UNIT_ELEMENT(#5366,-3.);
#3069=(
MASS_UNIT()
NAMED_UNIT(*)
SI_UNIT(.KILO.,.GRAM.)
);
#3070=DERIVED_UNIT((#3067,#3068));
#3071=MEASURE_REPRESENTATION_ITEM('density measure',
POSITIVE_RATIO_MEASURE(7850.),#3070);
#3072=PROPERTY_DEFINITION_REPRESENTATION(#3077,#3074);
#3073=PROPERTY_DEFINITION_REPRESENTATION(#3078,#3075);
#3074=REPRESENTATION('material name',(#3076),#5363);
#3075=REPRESENTATION('density',(#3071),#5363);
#3076=DESCRIPTIVE_REPRESENTATION_ITEM('Steel','Steel');
#3077=PROPERTY_DEFINITION('material property','material name',#5373);
#3078=PROPERTY_DEFINITION('material property','density of part',#5373);
#3079=AXIS2_PLACEMENT_3D('',#4440,#3453,#3454);
#3080=AXIS2_PLACEMENT_3D('',#4441,#3455,#3456);
#3081=AXIS2_PLACEMENT_3D('',#4444,#3457,#3458);
#3082=AXIS2_PLACEMENT_3D('',#4448,#3460,#3461);
#3083=AXIS2_PLACEMENT_3D('',#4450,#3463,#3464);
#3084=AXIS2_PLACEMENT_3D('',#4464,#3472,#3473);
#3085=AXIS2_PLACEMENT_3D('',#4467,#3474,#3475);
#3086=AXIS2_PLACEMENT_3D('',#4471,#3477,#3478);
#3087=AXIS2_PLACEMENT_3D('',#4473,#3480,#3481);
#3088=AXIS2_PLACEMENT_3D('',#4487,#3489,#3490);
#3089=AXIS2_PLACEMENT_3D('',#4490,#3491,#3492);
#3090=AXIS2_PLACEMENT_3D('',#4494,#3494,#3495);
#3091=AXIS2_PLACEMENT_3D('',#4496,#3497,#3498);
#3092=AXIS2_PLACEMENT_3D('',#4510,#3506,#3507);
#3093=AXIS2_PLACEMENT_3D('',#4513,#3508,#3509);
#3094=AXIS2_PLACEMENT_3D('',#4517,#3511,#3512);
#3095=AXIS2_PLACEMENT_3D('',#4519,#3514,#3515);
#3096=AXIS2_PLACEMENT_3D('',#4533,#3523,#3524);
#3097=AXIS2_PLACEMENT_3D('',#4536,#3525,#3526);
#3098=AXIS2_PLACEMENT_3D('',#4540,#3528,#3529);
#3099=AXIS2_PLACEMENT_3D('',#4542,#3531,#3532);
#3100=AXIS2_PLACEMENT_3D('',#4556,#3540,#3541);
#3101=AXIS2_PLACEMENT_3D('',#4558,#3542,#3543);
#3102=AXIS2_PLACEMENT_3D('',#4560,#3544,#3545);
#3103=AXIS2_PLACEMENT_3D('',#4562,#3547,#3548);
#3104=AXIS2_PLACEMENT_3D('',#4564,#3549,#3550);
#3105=AXIS2_PLACEMENT_3D('',#4566,#3551,#3552);
#3106=AXIS2_PLACEMENT_3D('',#4568,#3554,#3555);
#3107=AXIS2_PLACEMENT_3D('',#4570,#3556,#3557);
#3108=AXIS2_PLACEMENT_3D('',#4572,#3558,#3559);
#3109=AXIS2_PLACEMENT_3D('',#4574,#3561,#3562);
#3110=AXIS2_PLACEMENT_3D('',#4576,#3563,#3564);
#3111=AXIS2_PLACEMENT_3D('',#4578,#3565,#3566);
#3112=AXIS2_PLACEMENT_3D('',#4580,#3568,#3569);
#3113=AXIS2_PLACEMENT_3D('',#4582,#3570,#3571);
#3114=AXIS2_PLACEMENT_3D('',#4584,#3572,#3573);
#3115=AXIS2_PLACEMENT_3D('',#4586,#3575,#3576);
#3116=AXIS2_PLACEMENT_3D('',#4589,#3577,#3578);
#3117=AXIS2_PLACEMENT_3D('',#4593,#3580,#3581);
#3118=AXIS2_PLACEMENT_3D('',#4595,#3583,#3584);
#3119=AXIS2_PLACEMENT_3D('',#4598,#3585,#3586);
#3120=AXIS2_PLACEMENT_3D('',#4599,#3587,#3588);
#3121=AXIS2_PLACEMENT_3D('',#4600,#3589,#3590);
#3122=AXIS2_PLACEMENT_3D('',#4601,#3591,#3592);
#3123=AXIS2_PLACEMENT_3D('',#4604,#3593,#3594);
#3124=AXIS2_PLACEMENT_3D('',#4607,#3597,#3598);
#3125=AXIS2_PLACEMENT_3D('',#4610,#3599,#3600);
#3126=AXIS2_PLACEMENT_3D('',#4611,#3601,#3602);
#3127=AXIS2_PLACEMENT_3D('',#4612,#3603,#3604);
#3128=AXIS2_PLACEMENT_3D('',#4613,#3605,#3606);
#3129=AXIS2_PLACEMENT_3D('',#4616,#3607,#3608);
#3130=AXIS2_PLACEMENT_3D('',#4619,#3611,#3612);
#3131=AXIS2_PLACEMENT_3D('',#4622,#3613,#3614);
#3132=AXIS2_PLACEMENT_3D('',#4623,#3615,#3616);
#3133=AXIS2_PLACEMENT_3D('',#4624,#3617,#3618);
#3134=AXIS2_PLACEMENT_3D('',#4625,#3619,#3620);
#3135=AXIS2_PLACEMENT_3D('',#4628,#3621,#3622);
#3136=AXIS2_PLACEMENT_3D('',#4631,#3625,#3626);
#3137=AXIS2_PLACEMENT_3D('',#4632,#3627,#3628);
#3138=AXIS2_PLACEMENT_3D('',#4633,#3629,#3630);
#3139=AXIS2_PLACEMENT_3D('',#4634,#3631,#3632);
#3140=AXIS2_PLACEMENT_3D('',#4642,#3636,#3637);
#3141=AXIS2_PLACEMENT_3D('',#4655,#3644,#3645);
#3142=AXIS2_PLACEMENT_3D('',#4668,#3652,#3653);
#3143=AXIS2_PLACEMENT_3D('',#4681,#3660,#3661);
#3144=AXIS2_PLACEMENT_3D('',#4694,#3669,#3670);
#3145=AXIS2_PLACEMENT_3D('',#4695,#3671,#3672);
#3146=AXIS2_PLACEMENT_3D('',#4698,#3674,#3675);
#3147=AXIS2_PLACEMENT_3D('',#4699,#3676,#3677);
#3148=AXIS2_PLACEMENT_3D('',#4702,#3679,#3680);
#3149=AXIS2_PLACEMENT_3D('',#4703,#3681,#3682);
#3150=AXIS2_PLACEMENT_3D('',#4706,#3683,#3684);
#3151=AXIS2_PLACEMENT_3D('',#4710,#3686,#3687);
#3152=AXIS2_PLACEMENT_3D('',#4712,#3689,#3690);
#3153=AXIS2_PLACEMENT_3D('',#4715,#3691,#3692);
#3154=AXIS2_PLACEMENT_3D('',#4716,#3693,#3694);
#3155=AXIS2_PLACEMENT_3D('',#4717,#3695,#3696);
#3156=AXIS2_PLACEMENT_3D('',#4718,#3697,#3698);
#3157=AXIS2_PLACEMENT_3D('',#4721,#3699,#3700);
#3158=AXIS2_PLACEMENT_3D('',#4724,#3703,#3704);
#3159=AXIS2_PLACEMENT_3D('',#4726,#3705,#3706);
#3160=AXIS2_PLACEMENT_3D('',#4727,#3707,#3708);
#3161=AXIS2_PLACEMENT_3D('',#4728,#3709,#3710);
#3162=AXIS2_PLACEMENT_3D('',#4729,#3711,#3712);
#3163=AXIS2_PLACEMENT_3D('',#4731,#3713,#3714);
#3164=AXIS2_PLACEMENT_3D('',#4733,#3716,#3717);
#3165=AXIS2_PLACEMENT_3D('',#4735,#3718,#3719);
#3166=AXIS2_PLACEMENT_3D('',#4736,#3720,#3721);
#3167=AXIS2_PLACEMENT_3D('',#4737,#3722,#3723);
#3168=AXIS2_PLACEMENT_3D('',#4739,#3724,#3725);
#3169=AXIS2_PLACEMENT_3D('',#4741,#3727,#3728);
#3170=AXIS2_PLACEMENT_3D('',#4742,#3729,#3730);
#3171=AXIS2_PLACEMENT_3D('',#4743,#3731,#3732);
#3172=AXIS2_PLACEMENT_3D('',#4744,#3733,#3734);
#3173=AXIS2_PLACEMENT_3D('',#4747,#3736,#3737);
#3174=AXIS2_PLACEMENT_3D('',#4748,#3738,#3739);
#3175=AXIS2_PLACEMENT_3D('',#4751,#3741,#3742);
#3176=AXIS2_PLACEMENT_3D('',#4752,#3743,#3744);
#3177=AXIS2_PLACEMENT_3D('',#4754,#3745,#3746);
#3178=AXIS2_PLACEMENT_3D('',#4756,#3747,#3748);
#3179=AXIS2_PLACEMENT_3D('',#4758,#3749,#3750);
#3180=AXIS2_PLACEMENT_3D('',#4759,#3751,#3752);
#3181=AXIS2_PLACEMENT_3D('',#4760,#3753,#3754);
#3182=AXIS2_PLACEMENT_3D('',#4763,#3755,#3756);
#3183=AXIS2_PLACEMENT_3D('',#4766,#3759,#3760);
#3184=AXIS2_PLACEMENT_3D('',#4769,#3761,#3762);
#3185=AXIS2_PLACEMENT_3D('',#4770,#3763,#3764);
#3186=AXIS2_PLACEMENT_3D('',#4771,#3765,#3766);
#3187=AXIS2_PLACEMENT_3D('',#4772,#3767,#3768);
#3188=AXIS2_PLACEMENT_3D('',#4775,#3769,#3770);
#3189=AXIS2_PLACEMENT_3D('',#4778,#3773,#3774);
#3190=AXIS2_PLACEMENT_3D('',#4780,#3775,#3776);
#3191=AXIS2_PLACEMENT_3D('',#4781,#3777,#3778);
#3192=AXIS2_PLACEMENT_3D('',#4782,#3779,#3780);
#3193=AXIS2_PLACEMENT_3D('',#4783,#3781,#3782);
#3194=AXIS2_PLACEMENT_3D('',#4785,#3783,#3784);
#3195=AXIS2_PLACEMENT_3D('',#4787,#3786,#3787);
#3196=AXIS2_PLACEMENT_3D('',#4789,#3788,#3789);
#3197=AXIS2_PLACEMENT_3D('',#4790,#3790,#3791);
#3198=AXIS2_PLACEMENT_3D('',#4791,#3792,#3793);
#3199=AXIS2_PLACEMENT_3D('',#4793,#3795,#3796);
#3200=AXIS2_PLACEMENT_3D('',#4796,#3799,#3800);
#3201=AXIS2_PLACEMENT_3D('',#4798,#3801,#3802);
#3202=AXIS2_PLACEMENT_3D('',#4799,#3803,#3804);
#3203=AXIS2_PLACEMENT_3D('',#4807,#3808,#3809);
#3204=AXIS2_PLACEMENT_3D('',#4820,#3816,#3817);
#3205=AXIS2_PLACEMENT_3D('',#4841,#3831,#3832);
#3206=AXIS2_PLACEMENT_3D('',#4844,#3833,#3834);
#3207=AXIS2_PLACEMENT_3D('',#4848,#3836,#3837);
#3208=AXIS2_PLACEMENT_3D('',#4852,#3839,#3840);
#3209=AXIS2_PLACEMENT_3D('',#4856,#3842,#3843);
#3210=AXIS2_PLACEMENT_3D('',#4858,#3845,#3846);
#3211=AXIS2_PLACEMENT_3D('',#4859,#3847,#3848);
#3212=AXIS2_PLACEMENT_3D('',#4860,#3849,#3850);
#3213=AXIS2_PLACEMENT_3D('',#4862,#3851,#3852);
#3214=AXIS2_PLACEMENT_3D('',#4863,#3853,#3854);
#3215=AXIS2_PLACEMENT_3D('',#4865,#3855,#3856);
#3216=AXIS2_PLACEMENT_3D('',#4866,#3857,#3858);
#3217=AXIS2_PLACEMENT_3D('',#4867,#3859,#3860);
#3218=AXIS2_PLACEMENT_3D('',#4869,#3861,#3862);
#3219=AXIS2_PLACEMENT_3D('',#4871,#3864,#3865);
#3220=AXIS2_PLACEMENT_3D('',#4873,#3866,#3867);
#3221=AXIS2_PLACEMENT_3D('',#4874,#3868,#3869);
#3222=AXIS2_PLACEMENT_3D('',#4875,#3870,#3871);
#3223=AXIS2_PLACEMENT_3D('',#4877,#3872,#3873);
#3224=AXIS2_PLACEMENT_3D('',#4879,#3875,#3876);
#3225=AXIS2_PLACEMENT_3D('',#4881,#3877,#3878);
#3226=AXIS2_PLACEMENT_3D('',#4882,#3879,#3880);
#3227=AXIS2_PLACEMENT_3D('',#4883,#3881,#3882);
#3228=AXIS2_PLACEMENT_3D('',#4884,#3883,#3884);
#3229=AXIS2_PLACEMENT_3D('',#4886,#3885,#3886);
#3230=AXIS2_PLACEMENT_3D('',#4888,#3888,#3889);
#3231=AXIS2_PLACEMENT_3D('',#4890,#3890,#3891);
#3232=AXIS2_PLACEMENT_3D('',#4891,#3892,#3893);
#3233=AXIS2_PLACEMENT_3D('',#4892,#3894,#3895);
#3234=AXIS2_PLACEMENT_3D('',#4894,#3897,#3898);
#3235=AXIS2_PLACEMENT_3D('',#4897,#3901,#3902);
#3236=AXIS2_PLACEMENT_3D('',#4899,#3903,#3904);
#3237=AXIS2_PLACEMENT_3D('',#4900,#3905,#3906);
#3238=AXIS2_PLACEMENT_3D('',#4901,#3907,#3908);
#3239=AXIS2_PLACEMENT_3D('',#4902,#3909,#3910);
#3240=AXIS2_PLACEMENT_3D('',#4904,#3911,#3912);
#3241=AXIS2_PLACEMENT_3D('',#4906,#3913,#3914);
#3242=AXIS2_PLACEMENT_3D('',#4907,#3915,#3916);
#3243=AXIS2_PLACEMENT_3D('',#4908,#3917,#3918);
#3244=AXIS2_PLACEMENT_3D('',#4910,#3919,#3920);
#3245=AXIS2_PLACEMENT_3D('',#4912,#3922,#3923);
#3246=AXIS2_PLACEMENT_3D('',#4914,#3924,#3925);
#3247=AXIS2_PLACEMENT_3D('',#4915,#3926,#3927);
#3248=AXIS2_PLACEMENT_3D('',#4916,#3928,#3929);
#3249=AXIS2_PLACEMENT_3D('',#4917,#3930,#3931);
#3250=AXIS2_PLACEMENT_3D('',#4919,#3932,#3933);
#3251=AXIS2_PLACEMENT_3D('',#4921,#3935,#3936);
#3252=AXIS2_PLACEMENT_3D('',#4923,#3937,#3938);
#3253=AXIS2_PLACEMENT_3D('',#4924,#3939,#3940);
#3254=AXIS2_PLACEMENT_3D('',#4925,#3941,#3942);
#3255=AXIS2_PLACEMENT_3D('',#4927,#3943,#3944);
#3256=AXIS2_PLACEMENT_3D('',#4929,#3946,#3947);
#3257=AXIS2_PLACEMENT_3D('',#4931,#3948,#3949);
#3258=AXIS2_PLACEMENT_3D('',#4932,#3950,#3951);
#3259=AXIS2_PLACEMENT_3D('',#4933,#3952,#3953);
#3260=AXIS2_PLACEMENT_3D('',#4934,#3954,#3955);
#3261=AXIS2_PLACEMENT_3D('',#4936,#3957,#3958);
#3262=AXIS2_PLACEMENT_3D('',#4937,#3959,#3960);
#3263=AXIS2_PLACEMENT_3D('',#4938,#3961,#3962);
#3264=AXIS2_PLACEMENT_3D('',#4941,#3964,#3965);
#3265=AXIS2_PLACEMENT_3D('',#4942,#3966,#3967);
#3266=AXIS2_PLACEMENT_3D('',#4944,#3968,#3969);
#3267=AXIS2_PLACEMENT_3D('',#4946,#3970,#3971);
#3268=AXIS2_PLACEMENT_3D('',#4948,#3972,#3973);
#3269=AXIS2_PLACEMENT_3D('',#4949,#3974,#3975);
#3270=AXIS2_PLACEMENT_3D('',#4950,#3976,#3977);
#3271=AXIS2_PLACEMENT_3D('',#4953,#3978,#3979);
#3272=AXIS2_PLACEMENT_3D('',#4954,#3980,#3981);
#3273=AXIS2_PLACEMENT_3D('',#4956,#3983,#3984);
#3274=AXIS2_PLACEMENT_3D('',#4958,#3985,#3986);
#3275=AXIS2_PLACEMENT_3D('',#4959,#3987,#3988);
#3276=AXIS2_PLACEMENT_3D('',#4960,#3989,#3990);
#3277=AXIS2_PLACEMENT_3D('',#4961,#3991,#3992);
#3278=AXIS2_PLACEMENT_3D('',#4966,#3994,#3995);
#3279=AXIS2_PLACEMENT_3D('',#4973,#3997,#3998);
#3280=AXIS2_PLACEMENT_3D('',#4975,#3999,#4000);
#3281=AXIS2_PLACEMENT_3D('',#4981,#4001,#4002);
#3282=AXIS2_PLACEMENT_3D('',#4982,#4003,#4004);
#3283=AXIS2_PLACEMENT_3D('',#4986,#4006,#4007);
#3284=AXIS2_PLACEMENT_3D('',#4988,#4009,#4010);
#3285=AXIS2_PLACEMENT_3D('',#4994,#4014,#4015);
#3286=AXIS2_PLACEMENT_3D('',#4997,#4017,#4018);
#3287=AXIS2_PLACEMENT_3D('',#4998,#4019,#4020);
#3288=AXIS2_PLACEMENT_3D('',#5002,#4023,#4024);
#3289=AXIS2_PLACEMENT_3D('',#5007,#4026,#4027);
#3290=AXIS2_PLACEMENT_3D('',#5014,#4029,#4030);
#3291=AXIS2_PLACEMENT_3D('',#5016,#4031,#4032);
#3292=AXIS2_PLACEMENT_3D('',#5022,#4033,#4034);
#3293=AXIS2_PLACEMENT_3D('',#5023,#4035,#4036);
#3294=AXIS2_PLACEMENT_3D('',#5027,#4038,#4039);
#3295=AXIS2_PLACEMENT_3D('',#5029,#4041,#4042);
#3296=AXIS2_PLACEMENT_3D('',#5035,#4046,#4047);
#3297=AXIS2_PLACEMENT_3D('',#5038,#4049,#4050);
#3298=AXIS2_PLACEMENT_3D('',#5039,#4051,#4052);
#3299=AXIS2_PLACEMENT_3D('',#5043,#4055,#4056);
#3300=AXIS2_PLACEMENT_3D('',#5051,#4057,#4058);
#3301=AXIS2_PLACEMENT_3D('',#5056,#4059,#4060);
#3302=AXIS2_PLACEMENT_3D('',#5060,#4061,#4062);
#3303=AXIS2_PLACEMENT_3D('',#5068,#4063,#4064);
#3304=AXIS2_PLACEMENT_3D('',#5073,#4065,#4066);
#3305=AXIS2_PLACEMENT_3D('',#5077,#4067,#4068);
#3306=AXIS2_PLACEMENT_3D('',#5079,#4069,#4070);
#3307=AXIS2_PLACEMENT_3D('',#5081,#4072,#4073);
#3308=AXIS2_PLACEMENT_3D('',#5083,#4074,#4075);
#3309=AXIS2_PLACEMENT_3D('',#5084,#4076,#4077);
#3310=AXIS2_PLACEMENT_3D('',#5085,#4078,#4079);
#3311=AXIS2_PLACEMENT_3D('',#5086,#4080,#4081);
#3312=AXIS2_PLACEMENT_3D('',#5087,#4082,#4083);
#3313=AXIS2_PLACEMENT_3D('',#5089,#4085,#4086);
#3314=AXIS2_PLACEMENT_3D('',#5090,#4087,#4088);
#3315=AXIS2_PLACEMENT_3D('',#5091,#4089,#4090);
#3316=AXIS2_PLACEMENT_3D('',#5093,#4091,#4092);
#3317=AXIS2_PLACEMENT_3D('',#5096,#4094,#4095);
#3318=AXIS2_PLACEMENT_3D('',#5097,#4096,#4097);
#3319=AXIS2_PLACEMENT_3D('',#5099,#4099,#4100);
#3320=AXIS2_PLACEMENT_3D('',#5100,#4101,#4102);
#3321=AXIS2_PLACEMENT_3D('',#5102,#4104,#4105);
#3322=AXIS2_PLACEMENT_3D('',#5104,#4106,#4107);
#3323=AXIS2_PLACEMENT_3D('',#5105,#4108,#4109);
#3324=AXIS2_PLACEMENT_3D('',#5107,#4111,#4112);
#3325=AXIS2_PLACEMENT_3D('',#5109,#4113,#4114);
#3326=AXIS2_PLACEMENT_3D('',#5110,#4115,#4116);
#3327=AXIS2_PLACEMENT_3D('',#5112,#4118,#4119);
#3328=AXIS2_PLACEMENT_3D('',#5114,#4120,#4121);
#3329=AXIS2_PLACEMENT_3D('',#5115,#4122,#4123);
#3330=AXIS2_PLACEMENT_3D('',#5119,#4126,#4127);
#3331=AXIS2_PLACEMENT_3D('',#5121,#4128,#4129);
#3332=AXIS2_PLACEMENT_3D('',#5123,#4131,#4132);
#3333=AXIS2_PLACEMENT_3D('',#5124,#4133,#4134);
#3334=AXIS2_PLACEMENT_3D('',#5126,#4136,#4137);
#3335=AXIS2_PLACEMENT_3D('',#5128,#4138,#4139);
#3336=AXIS2_PLACEMENT_3D('',#5129,#4140,#4141);
#3337=AXIS2_PLACEMENT_3D('',#5133,#4144,#4145);
#3338=AXIS2_PLACEMENT_3D('',#5136,#4147,#4148);
#3339=AXIS2_PLACEMENT_3D('',#5137,#4149,#4150);
#3340=AXIS2_PLACEMENT_3D('',#5139,#4152,#4153);
#3341=AXIS2_PLACEMENT_3D('',#5141,#4154,#4155);
#3342=AXIS2_PLACEMENT_3D('',#5144,#4157,#4158);
#3343=AXIS2_PLACEMENT_3D('',#5145,#4159,#4160);
#3344=AXIS2_PLACEMENT_3D('',#5147,#4161,#4162);
#3345=AXIS2_PLACEMENT_3D('',#5149,#4164,#4165);
#3346=AXIS2_PLACEMENT_3D('',#5150,#4166,#4167);
#3347=AXIS2_PLACEMENT_3D('',#5152,#4168,#4169);
#3348=AXIS2_PLACEMENT_3D('',#5155,#4171,#4172);
#3349=AXIS2_PLACEMENT_3D('',#5156,#4173,#4174);
#3350=AXIS2_PLACEMENT_3D('',#5158,#4175,#4176);
#3351=AXIS2_PLACEMENT_3D('',#5160,#4178,#4179);
#3352=AXIS2_PLACEMENT_3D('',#5161,#4180,#4181);
#3353=AXIS2_PLACEMENT_3D('',#5163,#4183,#4184);
#3354=AXIS2_PLACEMENT_3D('',#5165,#4186,#4187);
#3355=AXIS2_PLACEMENT_3D('',#5166,#4188,#4189);
#3356=AXIS2_PLACEMENT_3D('',#5170,#4192,#4193);
#3357=AXIS2_PLACEMENT_3D('',#5172,#4194,#4195);
#3358=AXIS2_PLACEMENT_3D('',#5174,#4197,#4198);
#3359=AXIS2_PLACEMENT_3D('',#5176,#4200,#4201);
#3360=AXIS2_PLACEMENT_3D('',#5178,#4202,#4203);
#3361=AXIS2_PLACEMENT_3D('',#5179,#4204,#4205);
#3362=AXIS2_PLACEMENT_3D('',#5183,#4208,#4209);
#3363=AXIS2_PLACEMENT_3D('',#5186,#4211,#4212);
#3364=AXIS2_PLACEMENT_3D('',#5187,#4213,#4214);
#3365=AXIS2_PLACEMENT_3D('',#5189,#4216,#4217);
#3366=AXIS2_PLACEMENT_3D('',#5192,#4219,#4220);
#3367=AXIS2_PLACEMENT_3D('',#5193,#4221,#4222);
#3368=AXIS2_PLACEMENT_3D('',#5195,#4223,#4224);
#3369=AXIS2_PLACEMENT_3D('',#5197,#4226,#4227);
#3370=AXIS2_PLACEMENT_3D('',#5199,#4228,#4229);
#3371=AXIS2_PLACEMENT_3D('',#5202,#4231,#4232);
#3372=AXIS2_PLACEMENT_3D('',#5203,#4233,#4234);
#3373=AXIS2_PLACEMENT_3D('',#5205,#4235,#4236);
#3374=AXIS2_PLACEMENT_3D('',#5207,#4238,#4239);
#3375=AXIS2_PLACEMENT_3D('',#5208,#4240,#4241);
#3376=AXIS2_PLACEMENT_3D('',#5210,#4243,#4244);
#3377=AXIS2_PLACEMENT_3D('',#5212,#4246,#4247);
#3378=AXIS2_PLACEMENT_3D('',#5216,#4250,#4251);
#3379=AXIS2_PLACEMENT_3D('',#5218,#4252,#4253);
#3380=AXIS2_PLACEMENT_3D('',#5220,#4255,#4256);
#3381=AXIS2_PLACEMENT_3D('',#5222,#4258,#4259);
#3382=AXIS2_PLACEMENT_3D('',#5224,#4260,#4261);
#3383=AXIS2_PLACEMENT_3D('',#5225,#4262,#4263);
#3384=AXIS2_PLACEMENT_3D('',#5229,#4266,#4267);
#3385=AXIS2_PLACEMENT_3D('',#5232,#4269,#4270);
#3386=AXIS2_PLACEMENT_3D('',#5233,#4271,#4272);
#3387=AXIS2_PLACEMENT_3D('',#5234,#4273,#4274);
#3388=AXIS2_PLACEMENT_3D('',#5236,#4276,#4277);
#3389=AXIS2_PLACEMENT_3D('',#5237,#4278,#4279);
#3390=AXIS2_PLACEMENT_3D('',#5240,#4281,#4282);
#3391=AXIS2_PLACEMENT_3D('',#5241,#4283,#4284);
#3392=AXIS2_PLACEMENT_3D('',#5243,#4285,#4286);
#3393=AXIS2_PLACEMENT_3D('',#5245,#4288,#4289);
#3394=AXIS2_PLACEMENT_3D('',#5247,#4290,#4291);
#3395=AXIS2_PLACEMENT_3D('',#5250,#4293,#4294);
#3396=AXIS2_PLACEMENT_3D('',#5251,#4295,#4296);
#3397=AXIS2_PLACEMENT_3D('',#5253,#4297,#4298);
#3398=AXIS2_PLACEMENT_3D('',#5255,#4300,#4301);
#3399=AXIS2_PLACEMENT_3D('',#5256,#4302,#4303);
#3400=AXIS2_PLACEMENT_3D('',#5258,#4305,#4306);
#3401=AXIS2_PLACEMENT_3D('',#5260,#4308,#4309);
#3402=AXIS2_PLACEMENT_3D('',#5264,#4312,#4313);
#3403=AXIS2_PLACEMENT_3D('',#5266,#4314,#4315);
#3404=AXIS2_PLACEMENT_3D('',#5268,#4317,#4318);
#3405=AXIS2_PLACEMENT_3D('',#5269,#4319,#4320);
#3406=AXIS2_PLACEMENT_3D('',#5271,#4322,#4323);
#3407=AXIS2_PLACEMENT_3D('',#5273,#4324,#4325);
#3408=AXIS2_PLACEMENT_3D('',#5274,#4326,#4327);
#3409=AXIS2_PLACEMENT_3D('',#5278,#4330,#4331);
#3410=AXIS2_PLACEMENT_3D('',#5281,#4333,#4334);
#3411=AXIS2_PLACEMENT_3D('',#5282,#4335,#4336);
#3412=AXIS2_PLACEMENT_3D('',#5283,#4337,#4338);
#3413=AXIS2_PLACEMENT_3D('',#5285,#4340,#4341);
#3414=AXIS2_PLACEMENT_3D('',#5286,#4342,#4343);
#3415=AXIS2_PLACEMENT_3D('',#5288,#4344,#4345);
#3416=AXIS2_PLACEMENT_3D('',#5291,#4347,#4348);
#3417=AXIS2_PLACEMENT_3D('',#5292,#4349,#4350);
#3418=AXIS2_PLACEMENT_3D('',#5294,#4351,#4352);
#3419=AXIS2_PLACEMENT_3D('',#5296,#4354,#4355);
#3420=AXIS2_PLACEMENT_3D('',#5297,#4356,#4357);
#3421=AXIS2_PLACEMENT_3D('',#5299,#4358,#4359);
#3422=AXIS2_PLACEMENT_3D('',#5302,#4361,#4362);
#3423=AXIS2_PLACEMENT_3D('',#5303,#4363,#4364);
#3424=AXIS2_PLACEMENT_3D('',#5305,#4365,#4366);
#3425=AXIS2_PLACEMENT_3D('',#5307,#4368,#4369);
#3426=AXIS2_PLACEMENT_3D('',#5308,#4370,#4371);
#3427=AXIS2_PLACEMENT_3D('',#5310,#4373,#4374);
#3428=AXIS2_PLACEMENT_3D('',#5312,#4376,#4377);
#3429=AXIS2_PLACEMENT_3D('',#5313,#4378,#4379);
#3430=AXIS2_PLACEMENT_3D('',#5317,#4382,#4383);
#3431=AXIS2_PLACEMENT_3D('',#5319,#4384,#4385);
#3432=AXIS2_PLACEMENT_3D('',#5321,#4387,#4388);
#3433=AXIS2_PLACEMENT_3D('',#5323,#4390,#4391);
#3434=AXIS2_PLACEMENT_3D('',#5325,#4392,#4393);
#3435=AXIS2_PLACEMENT_3D('',#5326,#4394,#4395);
#3436=AXIS2_PLACEMENT_3D('',#5330,#4398,#4399);
#3437=AXIS2_PLACEMENT_3D('',#5333,#4401,#4402);
#3438=AXIS2_PLACEMENT_3D('',#5334,#4403,#4404);
#3439=AXIS2_PLACEMENT_3D('',#5335,#4405,#4406);
#3440=AXIS2_PLACEMENT_3D('',#5337,#4408,#4409);
#3441=AXIS2_PLACEMENT_3D('',#5338,#4410,#4411);
#3442=AXIS2_PLACEMENT_3D('',#5341,#4413,#4414);
#3443=AXIS2_PLACEMENT_3D('',#5342,#4415,#4416);
#3444=AXIS2_PLACEMENT_3D('',#5344,#4417,#4418);
#3445=AXIS2_PLACEMENT_3D('',#5346,#4420,#4421);
#3446=AXIS2_PLACEMENT_3D('',#5348,#4422,#4423);
#3447=AXIS2_PLACEMENT_3D('',#5351,#4425,#4426);
#3448=AXIS2_PLACEMENT_3D('',#5352,#4427,#4428);
#3449=AXIS2_PLACEMENT_3D('',#5354,#4429,#4430);
#3450=AXIS2_PLACEMENT_3D('',#5356,#4432,#4433);
#3451=AXIS2_PLACEMENT_3D('',#5357,#4434,#4435);
#3452=AXIS2_PLACEMENT_3D('',#5359,#4437,#4438);
#3453=DIRECTION('axis',(0.,0.,1.));
#3454=DIRECTION('refdir',(1.,0.,0.));
#3455=DIRECTION('center_axis',(-0.309016994374947,0.951056516295154,0.));
#3456=DIRECTION('ref_axis',(-0.672498511963958,-0.218508012224411,-0.707106781186547));
#3457=DIRECTION('center_axis',(0.307483401809984,-0.94633660370523,0.099503719020999));
#3458=DIRECTION('ref_axis',(0.0307483401809979,-0.0946336603705233,-0.995037190209989));
#3459=DIRECTION('',(-0.309016994374947,0.951056516295154,0.));
#3460=DIRECTION('center_axis',(-0.307483401809984,0.94633660370523,0.099503719020999));
#3461=DIRECTION('ref_axis',(-0.0307483401810072,0.0946336603705203,-0.995037190209989));
#3462=DIRECTION('',(0.309016994374947,-0.951056516295154,0.));
#3463=DIRECTION('center_axis',(-0.951056516295154,-0.309016994374947,0.));
#3464=DIRECTION('ref_axis',(0.309016994374947,-0.951056516295154,0.));
#3465=DIRECTION('',(-0.0307483401809984,0.0946336603705231,0.995037190209989));
#3466=DIRECTION('',(0.,0.,1.));
#3467=DIRECTION('',(0.0307483401809984,-0.0946336603705231,0.995037190209989));
#3468=DIRECTION('',(0.309016994374947,-0.951056516295154,0.));
#3469=DIRECTION('',(0.0307483401809984,-0.0946336603705231,-0.995037190209989));
#3470=DIRECTION('',(0.,0.,1.));
#3471=DIRECTION('',(-0.0307483401809984,0.0946336603705231,-0.995037190209989));
#3472=DIRECTION('center_axis',(0.809016994374948,0.587785252292473,0.));
#3473=DIRECTION('ref_axis',(-0.415626937777452,0.572061402817685,-0.707106781186547));
#3474=DIRECTION('center_axis',(-0.805001996914978,-0.584868185887972,0.099503719020999));
#3475=DIRECTION('ref_axis',(-0.0805001996914931,-0.0584868185888039,-0.995037190209989));
#3476=DIRECTION('',(0.809016994374947,0.587785252292473,0.));
#3477=DIRECTION('center_axis',(0.805001996914978,0.584868185887972,0.099503719020999));
#3478=DIRECTION('ref_axis',(0.0805001996915078,0.0584868185887836,-0.995037190209989));
#3479=DIRECTION('',(-0.809016994374947,-0.587785252292473,0.));
#3480=DIRECTION('center_axis',(-0.587785252292473,0.809016994374948,0.));
#3481=DIRECTION('ref_axis',(-0.809016994374947,-0.587785252292473,0.));
#3482=DIRECTION('',(0.0805001996914979,0.0584868185887972,0.995037190209989));
#3483=DIRECTION('',(0.,0.,1.));
#3484=DIRECTION('',(-0.0805001996914979,-0.0584868185887973,0.995037190209989));
#3485=DIRECTION('',(-0.809016994374947,-0.587785252292473,0.));
#3486=DIRECTION('',(-0.0805001996914979,-0.0584868185887973,-0.995037190209989));
#3487=DIRECTION('',(0.,0.,1.));
#3488=DIRECTION('',(0.0805001996914979,0.0584868185887972,-0.995037190209989));
#3489=DIRECTION('center_axis',(0.809016994374947,-0.587785252292473,0.));
#3490=DIRECTION('ref_axis',(0.415626937777455,0.572061402817683,-0.707106781186548));
#3491=DIRECTION('center_axis',(-0.805001996914978,0.584868185887972,0.099503719020999));
#3492=DIRECTION('ref_axis',(-0.0805001996914984,0.0584868185887966,-0.995037190209989));
#3493=DIRECTION('',(0.809016994374947,-0.587785252292473,0.));
#3494=DIRECTION('center_axis',(0.805001996914978,-0.584868185887972,0.099503719020999));
#3495=DIRECTION('ref_axis',(0.0805001996914975,-0.0584868185887979,-0.995037190209989));
#3496=DIRECTION('',(-0.809016994374947,0.587785252292473,0.));
#3497=DIRECTION('center_axis',(0.587785252292473,0.809016994374947,0.));
#3498=DIRECTION('ref_axis',(-0.809016994374947,0.587785252292473,0.));
#3499=DIRECTION('',(0.0805001996914979,-0.0584868185887973,0.995037190209989));
#3500=DIRECTION('',(0.,0.,1.));
#3501=DIRECTION('',(-0.0805001996914979,0.0584868185887973,0.995037190209989));
#3502=DIRECTION('',(-0.809016994374947,0.587785252292473,0.));
#3503=DIRECTION('',(-0.0805001996914979,0.0584868185887973,-0.995037190209989));
#3504=DIRECTION('',(0.,0.,1.));
#3505=DIRECTION('',(0.0805001996914979,-0.0584868185887973,-0.995037190209989));
#3506=DIRECTION('center_axis',(-0.309016994374948,-0.951056516295154,0.));
#3507=DIRECTION('ref_axis',(0.672498511963957,-0.218508012224411,-0.707106781186547));
#3508=DIRECTION('center_axis',(0.307483401809984,0.94633660370523,0.099503719020999));
#3509=DIRECTION('ref_axis',(0.0307483401809907,0.0946336603705256,-0.995037190209989));
#3510=DIRECTION('',(-0.309016994374948,-0.951056516295154,0.));
#3511=DIRECTION('center_axis',(-0.307483401809984,-0.94633660370523,0.099503719020999));
#3512=DIRECTION('ref_axis',(-0.0307483401809979,-0.0946336603705233,-0.995037190209989));
#3513=DIRECTION('',(0.309016994374948,0.951056516295154,0.));
#3514=DIRECTION('center_axis',(0.951056516295154,-0.309016994374948,0.));
#3515=DIRECTION('ref_axis',(0.309016994374948,0.951056516295154,0.));
#3516=DIRECTION('',(-0.0307483401809984,-0.0946336603705231,0.995037190209989));
#3517=DIRECTION('',(0.,0.,1.));
#3518=DIRECTION('',(0.0307483401809984,0.0946336603705231,0.995037190209989));
#3519=DIRECTION('',(0.309016994374948,0.951056516295154,0.));
#3520=DIRECTION('',(0.0307483401809984,0.0946336603705231,-0.995037190209989));
#3521=DIRECTION('',(0.,0.,1.));
#3522=DIRECTION('',(-0.0307483401809984,-0.0946336603705231,-0.995037190209989));
#3523=DIRECTION('center_axis',(-1.,0.,0.));
#3524=DIRECTION('ref_axis',(0.,-0.707106781186548,-0.707106781186547));
#3525=DIRECTION('center_axis',(0.995037190209989,1.22745910992161E-16,0.099503719020999));
#3526=DIRECTION('ref_axis',(0.099503719020999,-9.11388389116797E-15,-0.995037190209989));
#3527=DIRECTION('',(-1.,0.,0.));
#3528=DIRECTION('center_axis',(-0.995037190209989,0.,0.099503719020999));
#3529=DIRECTION('ref_axis',(-0.099503719020999,8.07821526717161E-15,-0.995037190209989));
#3530=DIRECTION('',(1.,0.,0.));
#3531=DIRECTION('center_axis',(0.,-1.,0.));
#3532=DIRECTION('ref_axis',(1.,0.,0.));
#3533=DIRECTION('',(-0.099503719020999,0.,0.995037190209989));
#3534=DIRECTION('',(0.,0.,1.));
#3535=DIRECTION('',(0.099503719020999,0.,0.995037190209989));
#3536=DIRECTION('',(1.,0.,0.));
#3537=DIRECTION('',(0.099503719020999,0.,-0.995037190209989));
#3538=DIRECTION('',(0.,0.,1.));
#3539=DIRECTION('',(-0.099503719020999,0.,-0.995037190209989));
#3540=DIRECTION('center_axis',(1.,0.,0.));
#3541=DIRECTION('ref_axis',(0.,-0.707106781186548,0.707106781186548));
#3542=DIRECTION('center_axis',(-0.995037190209989,0.,-0.099503719020999));
#3543=DIRECTION('ref_axis',(-0.099503719020999,0.,0.995037190209989));
#3544=DIRECTION('center_axis',(0.995037190209989,1.22745910992161E-16,-0.099503719020999));
#3545=DIRECTION('ref_axis',(0.099503719020999,0.,0.995037190209989));
#3546=DIRECTION('',(-1.,0.,0.));
#3547=DIRECTION('center_axis',(0.309016994374948,0.951056516295154,0.));
#3548=DIRECTION('ref_axis',(0.672498511963957,-0.218508012224411,0.707106781186547));
#3549=DIRECTION('center_axis',(-0.307483401809984,-0.94633660370523,-0.0995037190209991));
#3550=DIRECTION('ref_axis',(-0.0307483401809899,-0.0946336603705259,0.995037190209989));
#3551=DIRECTION('center_axis',(0.307483401809984,0.94633660370523,-0.0995037190209991));
#3552=DIRECTION('ref_axis',(0.0307483401809905,0.0946336603705258,0.995037190209989));
#3553=DIRECTION('',(-0.309016994374948,-0.951056516295154,0.));
#3554=DIRECTION('center_axis',(-0.809016994374947,0.587785252292473,0.));
#3555=DIRECTION('ref_axis',(0.415626937777454,0.572061402817683,0.707106781186548));
#3556=DIRECTION('center_axis',(0.805001996914978,-0.584868185887972,-0.099503719020999));
#3557=DIRECTION('ref_axis',(0.0805001996914972,-0.0584868185887983,0.995037190209989));
#3558=DIRECTION('center_axis',(-0.805001996914978,0.584868185887972,-0.099503719020999));
#3559=DIRECTION('ref_axis',(-0.0805001996914985,0.0584868185887963,0.995037190209989));
#3560=DIRECTION('',(0.809016994374947,-0.587785252292473,0.));
#3561=DIRECTION('center_axis',(0.309016994374947,-0.951056516295154,0.));
#3562=DIRECTION('ref_axis',(-0.672498511963957,-0.218508012224411,0.707106781186547));
#3563=DIRECTION('center_axis',(-0.307483401809984,0.94633660370523,-0.099503719020999));
#3564=DIRECTION('ref_axis',(-0.030748340181015,0.0946336603705178,0.995037190209989));
#3565=DIRECTION('center_axis',(0.307483401809984,-0.94633660370523,-0.099503719020999));
#3566=DIRECTION('ref_axis',(0.0307483401810065,-0.0946336603705205,0.995037190209989));
#3567=DIRECTION('',(-0.309016994374947,0.951056516295154,0.));
#3568=DIRECTION('center_axis',(-0.809016994374948,-0.587785252292473,0.));
#3569=DIRECTION('ref_axis',(-0.415626937777452,0.572061402817685,0.707106781186548));
#3570=DIRECTION('center_axis',(0.805001996914978,0.584868185887972,-0.099503719020999));
#3571=DIRECTION('ref_axis',(0.0805001996915029,0.0584868185887902,0.995037190209989));
#3572=DIRECTION('center_axis',(-0.805001996914978,-0.584868185887972,-0.0995037190209991));
#3573=DIRECTION('ref_axis',(-0.0805001996914929,-0.0584868185888043,0.995037190209989));
#3574=DIRECTION('',(0.809016994374947,0.587785252292473,0.));
#3575=DIRECTION('center_axis',(0.951056516295154,0.309016994374947,0.));
#3576=DIRECTION('ref_axis',(0.21850801222441,-0.672498511963957,0.707106781186548));
#3577=DIRECTION('center_axis',(0.951056516295154,0.309016994374946,0.));
#3578=DIRECTION('ref_axis',(0.,0.,1.));
#3579=DIRECTION('',(0.951056516295154,0.309016994374947,0.));
#3580=DIRECTION('center_axis',(-0.951056516295154,-0.309016994374946,0.));
#3581=DIRECTION('ref_axis',(0.309016994374946,-0.951056516295154,0.));
#3582=DIRECTION('',(-0.951056516295154,-0.309016994374947,0.));
#3583=DIRECTION('center_axis',(0.,0.,1.));
#3584=DIRECTION('ref_axis',(1.,0.,0.));
#3585=DIRECTION('center_axis',(0.,1.,0.));
#3586=DIRECTION('ref_axis',(-1.,0.,0.));
#3587=DIRECTION('center_axis',(0.,0.,1.));
#3588=DIRECTION('ref_axis',(0.587785252292473,0.809016994374947,0.));
#3589=DIRECTION('center_axis',(0.,0.,-1.));
#3590=DIRECTION('ref_axis',(0.587785252292473,0.809016994374947,0.));
#3591=DIRECTION('center_axis',(1.40433036354774E-16,-1.,0.));
#3592=DIRECTION('ref_axis',(-0.707106781186548,0.,0.707106781186548));
#3593=DIRECTION('center_axis',(0.,1.,0.));
#3594=DIRECTION('ref_axis',(-1.,0.,0.));
#3595=DIRECTION('',(-1.40433036354774E-16,1.,0.));
#3596=DIRECTION('',(1.40433036354774E-16,-1.,0.));
#3597=DIRECTION('center_axis',(-1.,-1.40433036354774E-16,0.));
#3598=DIRECTION('ref_axis',(0.,0.,1.));
#3599=DIRECTION('center_axis',(0.,-1.,0.));
#3600=DIRECTION('ref_axis',(-1.,0.,0.));
#3601=DIRECTION('center_axis',(-1.,-1.40433036354774E-16,0.));
#3602=DIRECTION('ref_axis',(1.43917799488446E-16,-1.,-1.64477485129653E-16));
#3603=DIRECTION('center_axis',(1.,1.40433036354774E-16,0.));
#3604=DIRECTION('ref_axis',(1.40433036354774E-16,-1.,-1.64477485129653E-16));
#3605=DIRECTION('center_axis',(-1.40433036354774E-16,1.,0.));
#3606=DIRECTION('ref_axis',(-0.707106781186548,0.,-0.707106781186547));
#3607=DIRECTION('center_axis',(0.,-1.,0.));
#3608=DIRECTION('ref_axis',(-1.,0.,0.));
#3609=DIRECTION('',(1.40433036354774E-16,-1.,0.));
#3610=DIRECTION('',(-1.40433036354774E-16,1.,0.));
#3611=DIRECTION('center_axis',(0.,0.,1.));
#3612=DIRECTION('ref_axis',(1.,0.,0.));
#3613=DIRECTION('center_axis',(0.951056516295153,0.309016994374948,0.));
#3614=DIRECTION('ref_axis',(0.309016994374948,-0.951056516295153,0.));
#3615=DIRECTION('center_axis',(0.,0.,-1.));
#3616=DIRECTION('ref_axis',(0.587785252292473,0.809016994374947,0.));
#3617=DIRECTION('center_axis',(0.,0.,1.));
#3618=DIRECTION('ref_axis',(0.587785252292473,0.809016994374947,0.));
#3619=DIRECTION('center_axis',(0.951056516295154,0.309016994374947,0.));
#3620=DIRECTION('ref_axis',(0.21850801222441,-0.672498511963958,-0.707106781186547));
#3621=DIRECTION('center_axis',(0.951056516295154,0.309016994374946,0.));
#3622=DIRECTION('ref_axis',(0.309016994374946,-0.951056516295154,0.));
#3623=DIRECTION('',(0.951056516295154,0.309016994374947,0.));
#3624=DIRECTION('',(-0.951056516295154,-0.309016994374947,0.));
#3625=DIRECTION('center_axis',(0.309016994374947,-0.951056516295154,0.));
#3626=DIRECTION('ref_axis',(0.,0.,-1.));
#3627=DIRECTION('center_axis',(-0.309016994374947,0.951056516295154,0.));
#3628=DIRECTION('ref_axis',(-0.951056516295154,-0.309016994374947,1.64477485129653E-16));
#3629=DIRECTION('center_axis',(0.309016994374947,-0.951056516295154,0.));
#3630=DIRECTION('ref_axis',(-0.951056516295154,-0.309016994374947,1.64477485129653E-16));
#3631=DIRECTION('center_axis',(0.,0.,1.));
#3632=DIRECTION('ref_axis',(0.309016994374947,-0.951056516295154,0.));
#3633=DIRECTION('',(0.951056516295154,0.309016994374947,0.));
#3634=DIRECTION('',(-0.309016994374947,0.951056516295154,0.));
#3635=DIRECTION('',(-0.951056516295154,-0.309016994374947,0.));
#3636=DIRECTION('center_axis',(0.,0.,-1.));
#3637=DIRECTION('ref_axis',(0.951056516295154,-0.309016994374947,0.));
#3638=DIRECTION('',(0.587785252292473,-0.809016994374947,0.));
#3639=DIRECTION('',(0.809016994374947,0.587785252292473,0.));
#3640=DIRECTION('',(-0.587785252292473,0.809016994374947,0.));
#3641=DIRECTION('',(0.587785252292473,-0.809016994374947,0.));
#3642=DIRECTION('',(0.809016994374947,0.587785252292473,0.));
#3643=DIRECTION('',(-0.587785252292473,0.809016994374947,0.));
#3644=DIRECTION('center_axis',(0.,0.,-1.));
#3645=DIRECTION('ref_axis',(-6.93889390390723E-17,-1.,0.));
#3646=DIRECTION('',(-0.587785252292473,-0.809016994374947,0.));
#3647=DIRECTION('',(0.809016994374947,-0.587785252292473,0.));
#3648=DIRECTION('',(0.587785252292473,0.809016994374947,0.));
#3649=DIRECTION('',(-0.587785252292473,-0.809016994374947,0.));
#3650=DIRECTION('',(0.809016994374947,-0.587785252292473,0.));
#3651=DIRECTION('',(0.587785252292473,0.809016994374947,0.));
#3652=DIRECTION('center_axis',(0.,0.,-1.));
#3653=DIRECTION('ref_axis',(-0.951056516295153,-0.309016994374948,0.));
#3654=DIRECTION('',(-0.951056516295154,0.309016994374948,0.));
#3655=DIRECTION('',(-0.309016994374948,-0.951056516295154,0.));
#3656=DIRECTION('',(0.951056516295154,-0.309016994374947,0.));
#3657=DIRECTION('',(-0.951056516295154,0.309016994374948,0.));
#3658=DIRECTION('',(-0.309016994374948,-0.951056516295154,0.));
#3659=DIRECTION('',(0.951056516295154,-0.309016994374947,0.));
#3660=DIRECTION('center_axis',(0.,0.,-1.));
#3661=DIRECTION('ref_axis',(-0.587785252292473,0.809016994374947,0.));
#3662=DIRECTION('',(0.,1.,0.));
#3663=DIRECTION('',(-1.,0.,0.));
#3664=DIRECTION('',(1.2335811384724E-16,-1.,0.));
#3665=DIRECTION('',(0.,1.,0.));
#3666=DIRECTION('',(-1.,0.,0.));
#3667=DIRECTION('',(-0.309016994374947,0.951056516295154,0.));
#3668=DIRECTION('',(-0.951056516295154,-0.309016994374947,0.));
#3669=DIRECTION('center_axis',(0.,0.,-1.));
#3670=DIRECTION('ref_axis',(0.309016994374947,-0.951056516295154,0.));
#3671=DIRECTION('center_axis',(0.309016994374947,-0.951056516295154,0.));
#3672=DIRECTION('ref_axis',(-0.951056516295154,-0.309016994374947,1.22464679914735E-16));
#3673=DIRECTION('',(-0.309016994374947,0.951056516295154,0.));
#3674=DIRECTION('center_axis',(-0.309016994374947,0.951056516295154,0.));
#3675=DIRECTION('ref_axis',(-0.951056516295154,-0.309016994374947,0.));
#3676=DIRECTION('center_axis',(-1.,-1.40433036354774E-16,0.));
#3677=DIRECTION('ref_axis',(1.40433036354774E-16,-1.,0.));
#3678=DIRECTION('',(0.,0.,1.));
#3679=DIRECTION('center_axis',(-1.,-1.40433036354774E-16,0.));
#3680=DIRECTION('ref_axis',(-1.40433036354774E-16,1.,0.));
#3681=DIRECTION('center_axis',(0.587785252292473,-0.809016994374948,0.));
#3682=DIRECTION('ref_axis',(-0.572061402817685,-0.415626937777454,0.707106781186547));
#3683=DIRECTION('center_axis',(0.587785252292473,-0.809016994374948,0.));
#3684=DIRECTION('ref_axis',(0.,0.,1.));
#3685=DIRECTION('',(0.587785252292473,-0.809016994374947,0.));
#3686=DIRECTION('center_axis',(-0.587785252292473,0.809016994374948,0.));
#3687=DIRECTION('ref_axis',(-0.809016994374948,-0.587785252292473,0.));
#3688=DIRECTION('',(-0.587785252292473,0.809016994374947,0.));
#3689=DIRECTION('center_axis',(0.,0.,1.));
#3690=DIRECTION('ref_axis',(1.,0.,0.));
#3691=DIRECTION('center_axis',(0.951056516295153,0.309016994374949,0.));
#3692=DIRECTION('ref_axis',(-0.309016994374949,0.951056516295153,0.));
#3693=DIRECTION('center_axis',(0.,0.,1.));
#3694=DIRECTION('ref_axis',(0.951056516295154,-0.309016994374947,0.));
#3695=DIRECTION('center_axis',(0.,0.,-1.));
#3696=DIRECTION('ref_axis',(0.951056516295154,-0.309016994374947,0.));
#3697=DIRECTION('center_axis',(-0.951056516295154,-0.309016994374947,0.));
#3698=DIRECTION('ref_axis',(-0.21850801222441,0.672498511963957,0.707106781186548));
#3699=DIRECTION('center_axis',(0.951056516295154,0.309016994374947,0.));
#3700=DIRECTION('ref_axis',(-0.309016994374947,0.951056516295154,0.));
#3701=DIRECTION('',(0.951056516295154,0.309016994374947,0.));
#3702=DIRECTION('',(-0.951056516295154,-0.309016994374947,0.));
#3703=DIRECTION('center_axis',(-0.309016994374947,0.951056516295154,0.));
#3704=DIRECTION('ref_axis',(0.,0.,1.));
#3705=DIRECTION('center_axis',(-0.951056516295154,-0.309016994374947,5.62861986348914E-17));
#3706=DIRECTION('ref_axis',(-0.309016994374947,0.951056516295154,0.));
#3707=DIRECTION('center_axis',(-0.309016994374947,0.951056516295154,0.));
#3708=DIRECTION('ref_axis',(-0.951056516295154,-0.309016994374947,-1.64477485129653E-16));
#3709=DIRECTION('center_axis',(0.309016994374947,-0.951056516295154,0.));
#3710=DIRECTION('ref_axis',(-0.951056516295154,-0.309016994374947,-1.64477485129653E-16));
#3711=DIRECTION('center_axis',(0.951056516295154,0.309016994374947,0.));
#3712=DIRECTION('ref_axis',(-0.21850801222441,0.672498511963957,-0.707106781186548));
#3713=DIRECTION('center_axis',(-0.951056516295154,-0.309016994374947,0.));
#3714=DIRECTION('ref_axis',(-0.309016994374947,0.951056516295154,0.));
#3715=DIRECTION('',(0.951056516295154,0.309016994374947,0.));
#3716=DIRECTION('center_axis',(0.,0.,1.));
#3717=DIRECTION('ref_axis',(1.,0.,0.));
#3718=DIRECTION('center_axis',(0.587785252292473,-0.809016994374948,0.));
#3719=DIRECTION('ref_axis',(-0.809016994374948,-0.587785252292473,0.));
#3720=DIRECTION('center_axis',(0.,0.,1.));
#3721=DIRECTION('ref_axis',(0.951056516295154,-0.309016994374947,0.));
#3722=DIRECTION('center_axis',(0.587785252292473,-0.809016994374948,0.));
#3723=DIRECTION('ref_axis',(-0.572061402817685,-0.415626937777454,-0.707106781186547));
#3724=DIRECTION('center_axis',(0.587785252292473,-0.809016994374948,1.30514544126042E-15));
#3725=DIRECTION('ref_axis',(-0.809016994374948,-0.587785252292473,0.));
#3726=DIRECTION('',(-0.587785252292473,0.809016994374947,0.));
#3727=DIRECTION('center_axis',(-0.809016994374948,-0.587785252292473,0.));
#3728=DIRECTION('ref_axis',(0.,0.,1.));
#3729=DIRECTION('center_axis',(0.809016994374948,0.587785252292473,0.));
#3730=DIRECTION('ref_axis',(-0.587785252292473,0.809016994374948,1.64477485129653E-16));
#3731=DIRECTION('center_axis',(-0.809016994374948,-0.587785252292473,0.));
#3732=DIRECTION('ref_axis',(-0.587785252292473,0.809016994374948,1.64477485129653E-16));
#3733=DIRECTION('center_axis',(-0.809016994374948,-0.587785252292473,0.));
#3734=DIRECTION('ref_axis',(-0.587785252292473,0.809016994374948,1.22464679914735E-16));
#3735=DIRECTION('',(0.809016994374947,0.587785252292473,0.));
#3736=DIRECTION('center_axis',(0.809016994374947,0.587785252292473,0.));
#3737=DIRECTION('ref_axis',(-0.587785252292473,0.809016994374948,0.));
#3738=DIRECTION('center_axis',(-0.309016994374947,0.951056516295154,0.));
#3739=DIRECTION('ref_axis',(-0.951056516295154,-0.309016994374947,0.));
#3740=DIRECTION('',(0.,0.,1.));
#3741=DIRECTION('center_axis',(-0.309016994374947,0.951056516295154,0.));
#3742=DIRECTION('ref_axis',(0.951056516295154,0.309016994374947,0.));
#3743=DIRECTION('center_axis',(0.809016994374947,0.587785252292473,0.));
#3744=DIRECTION('ref_axis',(0.,0.,-1.));
#3745=DIRECTION('center_axis',(-0.587785252292472,0.809016994374948,6.5257272063021E-16));
#3746=DIRECTION('ref_axis',(0.809016994374948,0.587785252292472,0.));
#3747=DIRECTION('center_axis',(0.809016994374947,0.587785252292473,0.));
#3748=DIRECTION('ref_axis',(-0.587785252292473,0.809016994374947,-1.64477485129653E-16));
#3749=DIRECTION('center_axis',(-0.587785252292472,0.809016994374948,6.5257272063021E-16));
#3750=DIRECTION('ref_axis',(1.11022302462516E-15,0.,1.));
#3751=DIRECTION('center_axis',(-0.809016994374947,-0.587785252292473,0.));
#3752=DIRECTION('ref_axis',(-0.587785252292473,0.809016994374947,-1.64477485129653E-16));
#3753=DIRECTION('center_axis',(-0.587785252292473,0.809016994374947,0.));
#3754=DIRECTION('ref_axis',(0.572061402817684,0.415626937777454,0.707106781186547));
#3755=DIRECTION('center_axis',(-0.587785252292472,0.809016994374949,0.));
#3756=DIRECTION('ref_axis',(0.,0.,1.));
#3757=DIRECTION('',(-0.587785252292473,0.809016994374947,0.));
#3758=DIRECTION('',(0.587785252292473,-0.809016994374947,0.));
#3759=DIRECTION('center_axis',(0.,0.,-1.));
#3760=DIRECTION('ref_axis',(-1.,0.,0.));
#3761=DIRECTION('center_axis',(-0.587785252292472,-0.809016994374948,0.));
#3762=DIRECTION('ref_axis',(0.,0.,1.));
#3763=DIRECTION('center_axis',(0.,0.,-1.));
#3764=DIRECTION('ref_axis',(-6.93889390390723E-17,-1.,0.));
#3765=DIRECTION('center_axis',(0.,0.,1.));
#3766=DIRECTION('ref_axis',(-6.93889390390723E-17,-1.,0.));
#3767=DIRECTION('center_axis',(-0.587785252292473,-0.809016994374947,0.));
#3768=DIRECTION('ref_axis',(-0.572061402817684,0.415626937777454,0.707106781186548));
#3769=DIRECTION('center_axis',(-0.587785252292471,-0.809016994374949,6.52572720630207E-16));
#3770=DIRECTION('ref_axis',(1.11022302462516E-15,0.,1.));
#3771=DIRECTION('',(-0.587785252292473,-0.809016994374947,0.));
#3772=DIRECTION('',(0.587785252292473,0.809016994374947,0.));
#3773=DIRECTION('center_axis',(-0.809016994374947,0.587785252292473,0.));
#3774=DIRECTION('ref_axis',(0.,0.,1.));
#3775=DIRECTION('center_axis',(0.587785252292474,0.809016994374947,-6.52572720630211E-16));
#3776=DIRECTION('ref_axis',(-1.11022302462516E-15,0.,-1.));
#3777=DIRECTION('center_axis',(0.809016994374947,-0.587785252292473,0.));
#3778=DIRECTION('ref_axis',(0.587785252292473,0.809016994374947,1.64477485129653E-16));
#3779=DIRECTION('center_axis',(-0.809016994374947,0.587785252292473,0.));
#3780=DIRECTION('ref_axis',(0.587785252292473,0.809016994374948,1.64477485129653E-16));
#3781=DIRECTION('center_axis',(-0.587785252292473,-0.809016994374947,0.));
#3782=DIRECTION('ref_axis',(-0.572061402817684,0.415626937777454,-0.707106781186548));
#3783=DIRECTION('center_axis',(0.587785252292474,0.809016994374947,0.));
#3784=DIRECTION('ref_axis',(0.,0.,-1.));
#3785=DIRECTION('',(0.587785252292473,0.809016994374947,0.));
#3786=DIRECTION('center_axis',(0.,0.,-1.));
#3787=DIRECTION('ref_axis',(-1.,0.,0.));
#3788=DIRECTION('center_axis',(0.587785252292474,-0.809016994374947,0.));
#3789=DIRECTION('ref_axis',(0.,0.,-1.));
#3790=DIRECTION('center_axis',(0.,0.,1.));
#3791=DIRECTION('ref_axis',(-6.93889390390723E-17,-1.,0.));
#3792=DIRECTION('center_axis',(0.587785252292473,-0.809016994374947,0.));
#3793=DIRECTION('ref_axis',(0.572061402817684,0.415626937777454,-0.707106781186547));
#3794=DIRECTION('',(0.587785252292473,-0.809016994374947,0.));
#3795=DIRECTION('center_axis',(0.,0.,1.));
#3796=DIRECTION('ref_axis',(-0.809016994374948,-0.587785252292473,0.));
#3797=DIRECTION('',(0.,0.,1.));
#3798=DIRECTION('',(0.,0.,-1.));
#3799=DIRECTION('center_axis',(0.809016994374947,0.587785252292473,0.));
#3800=DIRECTION('ref_axis',(-0.587785252292473,0.809016994374947,0.));
#3801=DIRECTION('center_axis',(0.809016994374947,0.587785252292473,0.));
#3802=DIRECTION('ref_axis',(0.587785252292473,-0.809016994374947,0.));
#3803=DIRECTION('center_axis',(0.,0.,1.));
#3804=DIRECTION('ref_axis',(0.309016994374947,-0.951056516295154,0.));
#3805=DIRECTION('',(-1.2335811384724E-16,1.,0.));
#3806=DIRECTION('',(-1.,0.,0.));
#3807=DIRECTION('',(0.,-1.,0.));
#3808=DIRECTION('center_axis',(0.,0.,1.));
#3809=DIRECTION('ref_axis',(-0.587785252292473,0.809016994374947,0.));
#3810=DIRECTION('',(-0.951056516295154,0.309016994374947,0.));
#3811=DIRECTION('',(-0.309016994374948,-0.951056516295154,0.));
#3812=DIRECTION('',(0.951056516295154,-0.309016994374948,0.));
#3813=DIRECTION('',(-0.951056516295154,0.309016994374947,0.));
#3814=DIRECTION('',(-0.309016994374948,-0.951056516295154,0.));
#3815=DIRECTION('',(0.951056516295154,-0.309016994374948,0.));
#3816=DIRECTION('center_axis',(0.,0.,1.));
#3817=DIRECTION('ref_axis',(-0.951056516295153,-0.309016994374948,0.));
#3818=DIRECTION('',(-0.587785252292473,-0.809016994374947,0.));
#3819=DIRECTION('',(0.809016994374947,-0.587785252292473,0.));
#3820=DIRECTION('',(0.587785252292473,0.809016994374947,0.));
#3821=DIRECTION('',(-0.587785252292473,-0.809016994374947,0.));
#3822=DIRECTION('',(0.809016994374947,-0.587785252292473,0.));
#3823=DIRECTION('',(0.809016994374947,0.587785252292473,0.));
#3824=DIRECTION('',(-0.587785252292473,0.809016994374947,0.));
#3825=DIRECTION('',(0.587785252292473,-0.809016994374947,0.));
#3826=DIRECTION('',(-0.309016994374947,0.951056516295154,0.));
#3827=DIRECTION('',(-0.951056516295154,-0.309016994374947,0.));
#3828=DIRECTION('',(0.951056516295154,0.309016994374947,0.));
#3829=DIRECTION('',(-1.,0.,0.));
#3830=DIRECTION('',(0.,-1.,0.));
#3831=DIRECTION('center_axis',(0.,0.,1.));
#3832=DIRECTION('ref_axis',(-1.,-1.22464679914735E-16,0.));
#3833=DIRECTION('center_axis',(0.,0.,1.));
#3834=DIRECTION('ref_axis',(0.309016994374947,-0.951056516295154,0.));
#3835=DIRECTION('',(-7.87478516049426E-17,-1.,0.));
#3836=DIRECTION('center_axis',(0.,0.,-1.));
#3837=DIRECTION('ref_axis',(1.,0.,0.));
#3838=DIRECTION('',(-7.87478516049426E-17,-1.,0.));
#3839=DIRECTION('center_axis',(0.,0.,1.));
#3840=DIRECTION('ref_axis',(-0.309016994374947,0.951056516295154,0.));
#3841=DIRECTION('',(0.,1.,0.));
#3842=DIRECTION('center_axis',(0.,0.,-1.));
#3843=DIRECTION('ref_axis',(-1.,0.,0.));
#3844=DIRECTION('',(0.,1.,0.));
#3845=DIRECTION('center_axis',(-0.809016994374948,-0.587785252292473,0.));
#3846=DIRECTION('ref_axis',(-0.587785252292473,0.809016994374948,1.22464679914735E-16));
#3847=DIRECTION('center_axis',(-0.809016994374948,-0.587785252292473,0.));
#3848=DIRECTION('ref_axis',(-0.587785252292473,0.809016994374948,0.));
#3849=DIRECTION('center_axis',(0.809016994374947,-0.587785252292473,0.));
#3850=DIRECTION('ref_axis',(0.,0.,-1.));
#3851=DIRECTION('center_axis',(0.587785252292474,0.809016994374947,0.));
#3852=DIRECTION('ref_axis',(0.809016994374947,-0.587785252292474,0.));
#3853=DIRECTION('center_axis',(0.809016994374947,-0.587785252292473,0.));
#3854=DIRECTION('ref_axis',(0.587785252292473,0.809016994374948,-1.64477485129653E-16));
#3855=DIRECTION('center_axis',(0.587785252292474,0.809016994374947,0.));
#3856=DIRECTION('ref_axis',(0.,0.,1.));
#3857=DIRECTION('center_axis',(-0.809016994374947,0.587785252292473,0.));
#3858=DIRECTION('ref_axis',(0.587785252292473,0.809016994374947,-1.64477485129653E-16));
#3859=DIRECTION('center_axis',(0.587785252292473,0.809016994374947,0.));
#3860=DIRECTION('ref_axis',(0.572061402817685,-0.415626937777453,0.707106781186547));
#3861=DIRECTION('center_axis',(0.587785252292475,0.809016994374946,0.));
#3862=DIRECTION('ref_axis',(0.,0.,1.));
#3863=DIRECTION('',(0.587785252292473,0.809016994374947,0.));
#3864=DIRECTION('center_axis',(0.,0.,-1.));
#3865=DIRECTION('ref_axis',(-1.,0.,0.));
#3866=DIRECTION('center_axis',(-0.951056516295153,0.30901699437495,0.));
#3867=DIRECTION('ref_axis',(0.,0.,1.));
#3868=DIRECTION('center_axis',(0.,0.,-1.));
#3869=DIRECTION('ref_axis',(-0.951056516295154,-0.309016994374948,0.));
#3870=DIRECTION('center_axis',(-0.951056516295154,0.309016994374948,0.));
#3871=DIRECTION('ref_axis',(0.21850801222441,0.672498511963957,0.707106781186548));
#3872=DIRECTION('center_axis',(-0.951056516295154,0.309016994374947,-6.86155564311055E-16));
#3873=DIRECTION('ref_axis',(0.,2.22044604925031E-15,1.));
#3874=DIRECTION('',(-0.951056516295154,0.309016994374948,0.));
#3875=DIRECTION('center_axis',(0.309016994374948,0.951056516295154,0.));
#3876=DIRECTION('ref_axis',(0.,0.,1.));
#3877=DIRECTION('center_axis',(0.951056516295154,-0.309016994374947,-2.68029517309007E-18));
#3878=DIRECTION('ref_axis',(0.,8.67361737988404E-18,-1.));
#3879=DIRECTION('center_axis',(-0.309016994374948,-0.951056516295154,0.));
#3880=DIRECTION('ref_axis',(0.951056516295154,-0.309016994374948,1.64477485129653E-16));
#3881=DIRECTION('center_axis',(0.309016994374948,0.951056516295154,0.));
#3882=DIRECTION('ref_axis',(0.951056516295154,-0.309016994374948,1.64477485129653E-16));
#3883=DIRECTION('center_axis',(-0.951056516295154,0.309016994374948,0.));
#3884=DIRECTION('ref_axis',(0.21850801222441,0.672498511963957,-0.707106781186548));
#3885=DIRECTION('center_axis',(0.951056516295154,-0.309016994374945,0.));
#3886=DIRECTION('ref_axis',(0.,0.,-1.));
#3887=DIRECTION('',(0.951056516295154,-0.309016994374948,0.));
#3888=DIRECTION('center_axis',(0.,0.,-1.));
#3889=DIRECTION('ref_axis',(-1.,0.,0.));
#3890=DIRECTION('center_axis',(-0.587785252292472,-0.809016994374948,0.));
#3891=DIRECTION('ref_axis',(0.,0.,-1.));
#3892=DIRECTION('center_axis',(0.,0.,1.));
#3893=DIRECTION('ref_axis',(-0.951056516295154,-0.309016994374948,0.));
#3894=DIRECTION('center_axis',(-0.587785252292473,-0.809016994374947,0.));
#3895=DIRECTION('ref_axis',(0.572061402817685,-0.415626937777453,-0.707106781186547));
#3896=DIRECTION('',(-0.587785252292473,-0.809016994374947,0.));
#3897=DIRECTION('center_axis',(0.,0.,1.));
#3898=DIRECTION('ref_axis',(-0.809016994374948,0.587785252292473,0.));
#3899=DIRECTION('',(0.,0.,1.));
#3900=DIRECTION('',(0.,0.,-1.));
#3901=DIRECTION('center_axis',(0.809016994374947,-0.587785252292473,0.));
#3902=DIRECTION('ref_axis',(0.587785252292473,0.809016994374947,0.));
#3903=DIRECTION('center_axis',(0.809016994374947,-0.587785252292473,0.));
#3904=DIRECTION('ref_axis',(-0.587785252292473,-0.809016994374947,0.));
#3905=DIRECTION('center_axis',(-0.809016994374947,0.587785252292473,0.));
#3906=DIRECTION('ref_axis',(0.587785252292473,0.809016994374947,1.22464679914735E-16));
#3907=DIRECTION('center_axis',(-0.809016994374947,0.587785252292473,0.));
#3908=DIRECTION('ref_axis',(0.587785252292473,0.809016994374947,0.));
#3909=DIRECTION('center_axis',(0.,0.,1.));
#3910=DIRECTION('ref_axis',(1.,0.,0.));
#3911=DIRECTION('center_axis',(-0.951056516295154,0.309016994374947,0.));
#3912=DIRECTION('ref_axis',(-0.309016994374947,-0.951056516295154,0.));
#3913=DIRECTION('center_axis',(0.,1.,0.));
#3914=DIRECTION('ref_axis',(0.,0.,1.));
#3915=DIRECTION('center_axis',(0.,0.,-1.));
#3916=DIRECTION('ref_axis',(-0.587785252292473,0.809016994374947,0.));
#3917=DIRECTION('center_axis',(0.,1.,0.));
#3918=DIRECTION('ref_axis',(0.707106781186548,0.,0.707106781186548));
#3919=DIRECTION('center_axis',(0.,1.,0.));
#3920=DIRECTION('ref_axis',(0.,0.,1.));
#3921=DIRECTION('',(0.,1.,0.));
#3922=DIRECTION('center_axis',(1.,0.,0.));
#3923=DIRECTION('ref_axis',(0.,0.,-1.));
#3924=DIRECTION('center_axis',(0.,-1.,0.));
#3925=DIRECTION('ref_axis',(0.,0.,-1.));
#3926=DIRECTION('center_axis',(-1.,0.,0.));
#3927=DIRECTION('ref_axis',(0.,-1.,1.64477485129653E-16));
#3928=DIRECTION('center_axis',(1.,0.,0.));
#3929=DIRECTION('ref_axis',(0.,-1.,1.64477485129653E-16));
#3930=DIRECTION('center_axis',(0.,1.,0.));
#3931=DIRECTION('ref_axis',(0.707106781186548,0.,-0.707106781186547));
#3932=DIRECTION('center_axis',(0.,-1.,0.));
#3933=DIRECTION('ref_axis',(0.,0.,-1.));
#3934=DIRECTION('',(0.,-1.,0.));
#3935=DIRECTION('center_axis',(0.,0.,1.));
#3936=DIRECTION('ref_axis',(1.,0.,0.));
#3937=DIRECTION('center_axis',(-0.951056516295154,0.309016994374947,0.));
#3938=DIRECTION('ref_axis',(0.,0.,-1.));
#3939=DIRECTION('center_axis',(0.,0.,1.));
#3940=DIRECTION('ref_axis',(-0.587785252292473,0.809016994374947,0.));
#3941=DIRECTION('center_axis',(-0.951056516295154,0.309016994374947,0.));
#3942=DIRECTION('ref_axis',(-0.218508012224411,-0.672498511963958,-0.707106781186547));
#3943=DIRECTION('center_axis',(-0.951056516295153,0.309016994374948,2.11176968422134E-15));
#3944=DIRECTION('ref_axis',(-2.22044604925031E-15,0.,-1.));
#3945=DIRECTION('',(-0.951056516295154,0.309016994374947,0.));
#3946=DIRECTION('center_axis',(-0.309016994374947,-0.951056516295154,0.));
#3947=DIRECTION('ref_axis',(0.,0.,-1.));
#3948=DIRECTION('center_axis',(0.951056516295154,-0.309016994374947,0.));
#3949=DIRECTION('ref_axis',(0.,0.,1.));
#3950=DIRECTION('center_axis',(0.309016994374947,0.951056516295154,0.));
#3951=DIRECTION('ref_axis',(0.951056516295154,-0.309016994374947,-1.64477485129653E-16));
#3952=DIRECTION('center_axis',(-0.309016994374947,-0.951056516295154,0.));
#3953=DIRECTION('ref_axis',(0.951056516295154,-0.309016994374947,-1.64477485129653E-16));
#3954=DIRECTION('center_axis',(0.951056516295154,-0.309016994374947,0.));
#3955=DIRECTION('ref_axis',(-0.218508012224411,-0.672498511963957,0.707106781186547));
#3956=DIRECTION('',(0.951056516295154,-0.309016994374947,0.));
#3957=DIRECTION('center_axis',(1.,0.,0.));
#3958=DIRECTION('ref_axis',(0.,-1.,1.22464679914735E-16));
#3959=DIRECTION('center_axis',(-1.,-1.2335811384724E-16,0.));
#3960=DIRECTION('ref_axis',(0.,-1.,0.));
#3961=DIRECTION('center_axis',(-0.309016994374947,-0.951056516295154,0.));
#3962=DIRECTION('ref_axis',(0.951056516295154,-0.309016994374947,0.));
#3963=DIRECTION('',(0.,0.,1.));
#3964=DIRECTION('center_axis',(-0.309016994374947,-0.951056516295154,0.));
#3965=DIRECTION('ref_axis',(-0.951056516295154,0.309016994374947,0.));
#3966=DIRECTION('center_axis',(0.,0.,-1.));
#3967=DIRECTION('ref_axis',(-1.,0.,0.));
#3968=DIRECTION('center_axis',(0.,0.,-1.));
#3969=DIRECTION('ref_axis',(-1.,-1.22464679914735E-16,0.));
#3970=DIRECTION('center_axis',(-1.22464679914735E-16,-1.,0.));
#3971=DIRECTION('ref_axis',(1.,-1.22464679914735E-16,0.));
#3972=DIRECTION('center_axis',(0.,0.,1.));
#3973=DIRECTION('ref_axis',(-1.,-1.22464679914735E-16,0.));
#3974=DIRECTION('center_axis',(0.,0.,1.));
#3975=DIRECTION('ref_axis',(-1.,-1.22464679914735E-16,0.));
#3976=DIRECTION('center_axis',(0.,0.,-1.));
#3977=DIRECTION('ref_axis',(1.,0.,0.));
#3978=DIRECTION('center_axis',(0.,0.,-1.));
#3979=DIRECTION('ref_axis',(-1.,-1.22464679914735E-16,0.));
#3980=DIRECTION('center_axis',(0.,0.,-1.));
#3981=DIRECTION('ref_axis',(-1.,-1.22464679914735E-16,0.));
#3982=DIRECTION('',(0.,0.,-1.));
#3983=DIRECTION('center_axis',(0.,0.,-1.));
#3984=DIRECTION('ref_axis',(1.,0.,0.));
#3985=DIRECTION('center_axis',(0.,0.,-1.));
#3986=DIRECTION('ref_axis',(1.,0.,0.));
#3987=DIRECTION('center_axis',(0.,0.,-1.));
#3988=DIRECTION('ref_axis',(-1.,0.,0.));
#3989=DIRECTION('center_axis',(-1.22464679914735E-16,-1.,0.));
#3990=DIRECTION('ref_axis',(1.,-1.22464679914735E-16,0.));
#3991=DIRECTION('center_axis',(0.995037190209989,-7.83570409960553E-17,
-0.0995037190209989));
#3992=DIRECTION('ref_axis',(-0.0995037190209989,0.,-0.995037190209989));
#3993=DIRECTION('',(-7.87478516049426E-17,-1.,0.));
#3994=DIRECTION('center_axis',(-0.995037190209989,7.83570409960553E-17,
0.0995037190209989));
#3995=DIRECTION('ref_axis',(0.0995037190209989,-5.41526077906594E-18,0.995037190209989));
#3996=DIRECTION('',(7.87478516049426E-17,1.,0.));
#3997=DIRECTION('center_axis',(0.,0.,1.));
#3998=DIRECTION('ref_axis',(1.,0.,0.));
#3999=DIRECTION('center_axis',(0.,0.,1.));
#4000=DIRECTION('ref_axis',(1.,0.,0.));
#4001=DIRECTION('center_axis',(0.,0.,-1.));
#4002=DIRECTION('ref_axis',(1.,0.,0.));
#4003=DIRECTION('center_axis',(0.995037190209989,-7.83570409960553E-17,
-0.099503719020999));
#4004=DIRECTION('ref_axis',(-0.099503719020999,0.,-0.995037190209989));
#4005=DIRECTION('',(7.87478516049426E-17,1.,0.));
#4006=DIRECTION('center_axis',(-0.995037190209989,7.83570409960553E-17,
0.099503719020999));
#4007=DIRECTION('ref_axis',(0.099503719020999,-5.41526077906594E-18,0.995037190209989));
#4008=DIRECTION('',(-7.87478516049426E-17,-1.,0.));
#4009=DIRECTION('center_axis',(1.,-7.87478516049426E-17,0.));
#4010=DIRECTION('ref_axis',(7.87478516049426E-17,1.,0.));
#4011=DIRECTION('',(0.,0.,1.));
#4012=DIRECTION('',(7.87478516049426E-17,1.,0.));
#4013=DIRECTION('',(0.,0.,1.));
#4014=DIRECTION('center_axis',(0.,0.,1.));
#4015=DIRECTION('ref_axis',(1.,-1.22464679914735E-16,0.));
#4016=DIRECTION('',(0.,0.,1.));
#4017=DIRECTION('center_axis',(0.,0.,1.));
#4018=DIRECTION('ref_axis',(1.,0.,0.));
#4019=DIRECTION('center_axis',(1.,-7.87478516049426E-17,0.));
#4020=DIRECTION('ref_axis',(7.87478516049426E-17,1.,0.));
#4021=DIRECTION('',(0.,0.,-1.));
#4022=DIRECTION('',(7.87478516049426E-17,1.,0.));
#4023=DIRECTION('center_axis',(-0.995037190209989,0.,-0.099503719020999));
#4024=DIRECTION('ref_axis',(-0.099503719020999,0.,0.995037190209989));
#4025=DIRECTION('',(0.,1.,0.));
#4026=DIRECTION('center_axis',(0.995037190209989,0.,0.099503719020999));
#4027=DIRECTION('ref_axis',(0.099503719020999,-5.41526077906594E-18,-0.995037190209989));
#4028=DIRECTION('',(0.,-1.,0.));
#4029=DIRECTION('center_axis',(0.,0.,1.));
#4030=DIRECTION('ref_axis',(-1.,0.,0.));
#4031=DIRECTION('center_axis',(0.,0.,1.));
#4032=DIRECTION('ref_axis',(-1.,0.,0.));
#4033=DIRECTION('center_axis',(0.,0.,-1.));
#4034=DIRECTION('ref_axis',(-1.,0.,0.));
#4035=DIRECTION('center_axis',(-0.995037190209989,0.,-0.099503719020999));
#4036=DIRECTION('ref_axis',(-0.099503719020999,0.,0.995037190209989));
#4037=DIRECTION('',(0.,-1.,0.));
#4038=DIRECTION('center_axis',(0.995037190209989,0.,0.099503719020999));
#4039=DIRECTION('ref_axis',(0.099503719020999,-5.41526077906594E-18,-0.995037190209989));
#4040=DIRECTION('',(0.,1.,0.));
#4041=DIRECTION('center_axis',(-1.,0.,0.));
#4042=DIRECTION('ref_axis',(0.,-1.,0.));
#4043=DIRECTION('',(0.,0.,1.));
#4044=DIRECTION('',(0.,-1.,0.));
#4045=DIRECTION('',(0.,0.,1.));
#4046=DIRECTION('center_axis',(0.,0.,1.));
#4047=DIRECTION('ref_axis',(-1.,0.,0.));
#4048=DIRECTION('',(0.,0.,1.));
#4049=DIRECTION('center_axis',(0.,0.,1.));
#4050=DIRECTION('ref_axis',(-1.,0.,0.));
#4051=DIRECTION('center_axis',(-1.,0.,0.));
#4052=DIRECTION('ref_axis',(0.,-1.,0.));
#4053=DIRECTION('',(0.,0.,-1.));
#4054=DIRECTION('',(0.,-1.,0.));
#4055=DIRECTION('center_axis',(0.995037190209989,-7.83570409960553E-17,
0.099503719020999));
#4056=DIRECTION('ref_axis',(0.099503719020999,0.,-0.995037190209989));
#4057=DIRECTION('center_axis',(0.,0.,-1.));
#4058=DIRECTION('ref_axis',(1.,0.,0.));
#4059=DIRECTION('center_axis',(0.995037190209989,-7.83570409960553E-17,
0.0995037190209989));
#4060=DIRECTION('ref_axis',(0.0995037190209989,0.,-0.995037190209989));
#4061=DIRECTION('center_axis',(-0.995037190209989,0.,0.099503719020999));
#4062=DIRECTION('ref_axis',(0.099503719020999,0.,0.995037190209989));
#4063=DIRECTION('center_axis',(0.,0.,-1.));
#4064=DIRECTION('ref_axis',(-1.,0.,0.));
#4065=DIRECTION('center_axis',(-0.995037190209989,0.,0.099503719020999));
#4066=DIRECTION('ref_axis',(0.099503719020999,0.,0.995037190209989));
#4067=DIRECTION('center_axis',(0.,0.,-1.));
#4068=DIRECTION('ref_axis',(0.309016994374947,-0.951056516295154,0.));
#4069=DIRECTION('center_axis',(0.,0.,1.));
#4070=DIRECTION('ref_axis',(0.309016994374947,-0.951056516295154,0.));
#4071=DIRECTION('',(-0.0307483401809983,0.0946336603705228,-0.995037190209989));
#4072=DIRECTION('center_axis',(0.,0.,1.));
#4073=DIRECTION('ref_axis',(0.309016994374947,-0.951056516295154,0.));
#4074=DIRECTION('center_axis',(0.,0.,-1.));
#4075=DIRECTION('ref_axis',(-0.309016994374947,0.951056516295154,0.));
#4076=DIRECTION('center_axis',(0.,0.,1.));
#4077=DIRECTION('ref_axis',(-1.,0.,0.));
#4078=DIRECTION('center_axis',(0.,0.,-1.));
#4079=DIRECTION('ref_axis',(0.309016994374947,-0.951056516295154,0.));
#4080=DIRECTION('center_axis',(0.,0.,1.));
#4081=DIRECTION('ref_axis',(-1.,0.,0.));
#4082=DIRECTION('center_axis',(0.,0.,-1.));
#4083=DIRECTION('ref_axis',(-0.309016994374947,0.951056516295154,0.));
#4084=DIRECTION('',(0.,0.,-1.));
#4085=DIRECTION('center_axis',(0.,0.,1.));
#4086=DIRECTION('ref_axis',(-0.309016994374947,0.951056516295154,0.));
#4087=DIRECTION('center_axis',(0.,0.,1.));
#4088=DIRECTION('ref_axis',(0.309016994374947,-0.951056516295154,0.));
#4089=DIRECTION('center_axis',(0.,0.,-1.));
#4090=DIRECTION('ref_axis',(1.,0.,0.));
#4091=DIRECTION('center_axis',(0.,0.,-1.));
#4092=DIRECTION('ref_axis',(1.,0.,0.));
#4093=DIRECTION('',(0.0995037190209989,-1.21856911002324E-17,0.995037190209989));
#4094=DIRECTION('center_axis',(0.,0.,1.));
#4095=DIRECTION('ref_axis',(1.,0.,0.));
#4096=DIRECTION('center_axis',(0.,0.,-1.));
#4097=DIRECTION('ref_axis',(1.,0.,0.));
#4098=DIRECTION('',(0.,0.,-1.));
#4099=DIRECTION('center_axis',(0.,0.,1.));
#4100=DIRECTION('ref_axis',(-1.,0.,0.));
#4101=DIRECTION('center_axis',(0.,0.,-1.));
#4102=DIRECTION('ref_axis',(-0.309016994374947,0.951056516295154,0.));
#4103=DIRECTION('',(0.,0.,-1.));
#4104=DIRECTION('center_axis',(0.309016994374947,-0.951056516295154,0.));
#4105=DIRECTION('ref_axis',(0.951056516295154,0.309016994374947,0.));
#4106=DIRECTION('center_axis',(0.309016994374947,-0.951056516295154,0.));
#4107=DIRECTION('ref_axis',(0.951056516295154,0.309016994374947,0.));
#4108=DIRECTION('center_axis',(0.,0.,-1.));
#4109=DIRECTION('ref_axis',(0.809016994374948,0.587785252292473,0.));
#4110=DIRECTION('',(0.,0.,-1.));
#4111=DIRECTION('center_axis',(-0.809016994374948,-0.587785252292473,0.));
#4112=DIRECTION('ref_axis',(0.587785252292473,-0.809016994374947,0.));
#4113=DIRECTION('center_axis',(-0.809016994374948,-0.587785252292473,0.));
#4114=DIRECTION('ref_axis',(0.587785252292473,-0.809016994374948,0.));
#4115=DIRECTION('center_axis',(0.,0.,-1.));
#4116=DIRECTION('ref_axis',(-1.,0.,0.));
#4117=DIRECTION('',(0.,0.,-1.));
#4118=DIRECTION('center_axis',(1.,0.,0.));
#4119=DIRECTION('ref_axis',(0.,1.,0.));
#4120=DIRECTION('center_axis',(1.,0.,0.));
#4121=DIRECTION('ref_axis',(0.,1.,0.));
#4122=DIRECTION('center_axis',(0.805001996914978,-0.584868185887972,0.099503719020999));
#4123=DIRECTION('ref_axis',(-0.0805001996914979,0.0584868185887973,0.995037190209989));
#4124=DIRECTION('',(0.587785252292473,0.809016994374947,0.));
#4125=DIRECTION('',(-0.0805001996914981,0.0584868185887974,0.995037190209989));
#4126=DIRECTION('center_axis',(-0.809016994374947,0.587785252292473,0.));
#4127=DIRECTION('ref_axis',(0.587785252292473,0.809016994374947,0.));
#4128=DIRECTION('center_axis',(-0.809016994374947,0.587785252292473,0.));
#4129=DIRECTION('ref_axis',(0.587785252292473,0.809016994374947,0.));
#4130=DIRECTION('',(-0.0805001996914965,0.0584868185887963,-0.995037190209989));
#4131=DIRECTION('center_axis',(0.809016994374947,-0.587785252292473,0.));
#4132=DIRECTION('ref_axis',(0.587785252292473,0.809016994374947,0.));
#4133=DIRECTION('center_axis',(0.805001996914978,-0.584868185887972,-0.099503719020999));
#4134=DIRECTION('ref_axis',(0.0805001996914979,-0.0584868185887973,0.995037190209989));
#4135=DIRECTION('',(-0.587785252292473,-0.809016994374947,0.));
#4136=DIRECTION('center_axis',(0.809016994374947,-0.587785252292473,0.));
#4137=DIRECTION('ref_axis',(0.587785252292473,0.809016994374947,0.));
#4138=DIRECTION('center_axis',(0.809016994374947,-0.587785252292473,0.));
#4139=DIRECTION('ref_axis',(-0.587785252292473,-0.809016994374947,0.));
#4140=DIRECTION('center_axis',(-0.805001996914978,0.584868185887972,0.099503719020999));
#4141=DIRECTION('ref_axis',(-0.0805001996914979,0.0584868185887973,-0.995037190209989));
#4142=DIRECTION('',(-0.0805001996914979,0.0584868185887973,-0.995037190209989));
#4143=DIRECTION('',(-0.587785252292473,-0.809016994374947,0.));
#4144=DIRECTION('center_axis',(0.809016994374947,-0.587785252292473,0.));
#4145=DIRECTION('ref_axis',(0.587785252292473,0.809016994374947,0.));
#4146=DIRECTION('',(-0.0805001996914978,0.0584868185887972,0.995037190209989));
#4147=DIRECTION('center_axis',(0.809016994374947,-0.587785252292473,0.));
#4148=DIRECTION('ref_axis',(0.587785252292473,0.809016994374947,0.));
#4149=DIRECTION('center_axis',(-0.805001996914978,0.584868185887972,-0.099503719020999));
#4150=DIRECTION('ref_axis',(0.0805001996914979,-0.0584868185887973,-0.995037190209989));
#4151=DIRECTION('',(0.587785252292473,0.809016994374947,0.));
#4152=DIRECTION('center_axis',(-0.809016994374947,0.587785252292473,0.));
#4153=DIRECTION('ref_axis',(-0.587785252292473,-0.809016994374947,0.));
#4154=DIRECTION('center_axis',(-0.809016994374947,0.587785252292473,0.));
#4155=DIRECTION('ref_axis',(-0.587785252292473,-0.809016994374947,0.));
#4156=DIRECTION('',(0.746515178326181,-0.66536838557947,1.21856911002324E-17));
#4157=DIRECTION('center_axis',(0.809016994374947,-0.587785252292473,0.));
#4158=DIRECTION('ref_axis',(-0.587785252292473,-0.809016994374947,0.));
#4159=DIRECTION('center_axis',(-0.809016994374947,0.587785252292473,0.));
#4160=DIRECTION('ref_axis',(-0.587785252292473,-0.809016994374947,0.));
#4161=DIRECTION('center_axis',(-0.809016994374947,0.587785252292473,0.));
#4162=DIRECTION('ref_axis',(-0.587785252292473,-0.809016994374947,0.));
#4163=DIRECTION('',(-0.809016994374947,0.587785252292473,0.));
#4164=DIRECTION('center_axis',(-0.809016994374947,0.587785252292473,0.));
#4165=DIRECTION('ref_axis',(-0.587785252292473,-0.809016994374947,0.));
#4166=DIRECTION('center_axis',(-0.809016994374947,0.587785252292473,0.));
#4167=DIRECTION('ref_axis',(-0.587785252292473,-0.809016994374947,0.));
#4168=DIRECTION('center_axis',(-0.809016994374947,0.587785252292473,0.));
#4169=DIRECTION('ref_axis',(-0.587785252292473,-0.809016994374947,0.));
#4170=DIRECTION('',(0.746515178326181,-0.66536838557947,1.21856911002324E-17));
#4171=DIRECTION('center_axis',(0.809016994374947,-0.587785252292473,0.));
#4172=DIRECTION('ref_axis',(-0.587785252292473,-0.809016994374947,0.));
#4173=DIRECTION('center_axis',(-0.809016994374947,0.587785252292473,0.));
#4174=DIRECTION('ref_axis',(-0.587785252292473,-0.809016994374947,0.));
#4175=DIRECTION('center_axis',(-0.809016994374947,0.587785252292473,0.));
#4176=DIRECTION('ref_axis',(-0.587785252292473,-0.809016994374947,0.));
#4177=DIRECTION('',(-0.809016994374947,0.587785252292473,0.));
#4178=DIRECTION('center_axis',(-0.809016994374947,0.587785252292473,0.));
#4179=DIRECTION('ref_axis',(-0.587785252292473,-0.809016994374947,0.));
#4180=DIRECTION('center_axis',(0.809016994374947,-0.587785252292473,0.));
#4181=DIRECTION('ref_axis',(-0.587785252292473,-0.809016994374947,0.));
#4182=DIRECTION('',(-0.863488815503776,0.504367986196473,-1.21856911002326E-17));
#4183=DIRECTION('center_axis',(0.809016994374947,-0.587785252292473,0.));
#4184=DIRECTION('ref_axis',(-0.587785252292473,-0.809016994374947,0.));
#4185=DIRECTION('',(-0.863488815503776,0.504367986196473,-1.21856911002326E-17));
#4186=DIRECTION('center_axis',(-0.809016994374947,0.587785252292473,0.));
#4187=DIRECTION('ref_axis',(0.587785252292473,0.809016994374947,1.22464679914735E-16));
#4188=DIRECTION('center_axis',(0.805001996914978,0.584868185887972,0.0995037190209991));
#4189=DIRECTION('ref_axis',(-0.0805001996914979,-0.0584868185887973,0.995037190209989));
#4190=DIRECTION('',(-0.587785252292473,0.809016994374947,0.));
#4191=DIRECTION('',(-0.0805001996914981,-0.0584868185887974,0.995037190209989));
#4192=DIRECTION('center_axis',(-0.809016994374948,-0.587785252292473,0.));
#4193=DIRECTION('ref_axis',(-0.587785252292473,0.809016994374947,0.));
#4194=DIRECTION('center_axis',(-0.809016994374947,-0.587785252292473,0.));
#4195=DIRECTION('ref_axis',(-0.587785252292473,0.809016994374947,0.));
#4196=DIRECTION('',(-0.0805001996914965,-0.0584868185887962,-0.995037190209989));
#4197=DIRECTION('center_axis',(0.805001996914978,0.584868185887972,-0.099503719020999));
#4198=DIRECTION('ref_axis',(0.0805001996914979,0.0584868185887972,0.995037190209989));
#4199=DIRECTION('',(0.587785252292473,-0.809016994374947,0.));
#4200=DIRECTION('center_axis',(0.809016994374947,0.587785252292473,0.));
#4201=DIRECTION('ref_axis',(-0.587785252292473,0.809016994374947,0.));
#4202=DIRECTION('center_axis',(0.809016994374947,0.587785252292473,0.));
#4203=DIRECTION('ref_axis',(0.587785252292473,-0.809016994374947,0.));
#4204=DIRECTION('center_axis',(-0.805001996914978,-0.584868185887972,0.099503719020999));
#4205=DIRECTION('ref_axis',(-0.0805001996914979,-0.0584868185887973,-0.995037190209989));
#4206=DIRECTION('',(-0.0805001996914979,-0.0584868185887973,-0.995037190209989));
#4207=DIRECTION('',(0.587785252292473,-0.809016994374947,0.));
#4208=DIRECTION('center_axis',(0.809016994374948,0.587785252292473,0.));
#4209=DIRECTION('ref_axis',(-0.587785252292473,0.809016994374947,0.));
#4210=DIRECTION('',(-0.0805001996914978,-0.0584868185887972,0.995037190209989));
#4211=DIRECTION('center_axis',(0.809016994374948,0.587785252292473,0.));
#4212=DIRECTION('ref_axis',(-0.587785252292473,0.809016994374947,0.));
#4213=DIRECTION('center_axis',(-0.805001996914978,-0.584868185887972,-0.099503719020999));
#4214=DIRECTION('ref_axis',(0.0805001996914979,0.0584868185887972,-0.995037190209989));
#4215=DIRECTION('',(-0.587785252292473,0.809016994374947,0.));
#4216=DIRECTION('center_axis',(-0.809016994374948,-0.587785252292473,0.));
#4217=DIRECTION('ref_axis',(0.587785252292473,-0.809016994374948,0.));
#4218=DIRECTION('',(0.863488815503776,0.504367986196474,1.21856911002324E-17));
#4219=DIRECTION('center_axis',(0.809016994374948,0.587785252292473,0.));
#4220=DIRECTION('ref_axis',(0.587785252292473,-0.809016994374947,0.));
#4221=DIRECTION('center_axis',(-0.809016994374948,-0.587785252292473,0.));
#4222=DIRECTION('ref_axis',(0.587785252292473,-0.809016994374947,0.));
#4223=DIRECTION('center_axis',(-0.809016994374947,-0.587785252292473,0.));
#4224=DIRECTION('ref_axis',(0.587785252292473,-0.809016994374947,0.));
#4225=DIRECTION('',(-0.809016994374947,-0.587785252292473,0.));
#4226=DIRECTION('center_axis',(-0.809016994374948,-0.587785252292473,0.));
#4227=DIRECTION('ref_axis',(0.587785252292473,-0.809016994374948,0.));
#4228=DIRECTION('center_axis',(-0.809016994374948,-0.587785252292473,0.));
#4229=DIRECTION('ref_axis',(0.587785252292473,-0.809016994374948,0.));
#4230=DIRECTION('',(0.863488815503776,0.504367986196474,1.21856911002324E-17));
#4231=DIRECTION('center_axis',(0.809016994374948,0.587785252292473,0.));
#4232=DIRECTION('ref_axis',(0.587785252292473,-0.809016994374947,0.));
#4233=DIRECTION('center_axis',(-0.809016994374948,-0.587785252292473,0.));
#4234=DIRECTION('ref_axis',(0.587785252292473,-0.809016994374947,0.));
#4235=DIRECTION('center_axis',(-0.809016994374947,-0.587785252292473,0.));
#4236=DIRECTION('ref_axis',(0.587785252292473,-0.809016994374947,0.));
#4237=DIRECTION('',(-0.809016994374947,-0.587785252292473,0.));
#4238=DIRECTION('center_axis',(-0.809016994374948,-0.587785252292473,0.));
#4239=DIRECTION('ref_axis',(0.587785252292473,-0.809016994374947,0.));
#4240=DIRECTION('center_axis',(0.809016994374948,0.587785252292473,0.));
#4241=DIRECTION('ref_axis',(0.587785252292473,-0.809016994374948,0.));
#4242=DIRECTION('',(-0.74651517832618,-0.665368385579471,-1.21856911002326E-17));
#4243=DIRECTION('center_axis',(0.809016994374948,0.587785252292473,0.));
#4244=DIRECTION('ref_axis',(0.587785252292473,-0.809016994374948,0.));
#4245=DIRECTION('',(-0.74651517832618,-0.665368385579471,-1.21856911002326E-17));
#4246=DIRECTION('center_axis',(-0.995037190209989,-1.22745910992161E-16,
0.099503719020999));
#4247=DIRECTION('ref_axis',(0.099503719020999,0.,0.995037190209989));
#4248=DIRECTION('',(1.2335811384724E-16,-1.,0.));
#4249=DIRECTION('',(0.0995037190209993,0.,0.995037190209989));
#4250=DIRECTION('center_axis',(1.,0.,0.));
#4251=DIRECTION('ref_axis',(5.09522644151642E-17,-1.,0.));
#4252=DIRECTION('center_axis',(1.,1.2335811384724E-16,0.));
#4253=DIRECTION('ref_axis',(1.2335811384724E-16,-1.,0.));
#4254=DIRECTION('',(0.0995037190209973,0.,-0.995037190209989));
#4255=DIRECTION('center_axis',(-0.995037190209989,-1.22745910992161E-16,
-0.099503719020999));
#4256=DIRECTION('ref_axis',(-0.099503719020999,0.,0.995037190209989));
#4257=DIRECTION('',(-1.2335811384724E-16,1.,0.));
#4258=DIRECTION('center_axis',(-1.,-1.2335811384724E-16,0.));
#4259=DIRECTION('ref_axis',(1.2335811384724E-16,-1.,0.));
#4260=DIRECTION('center_axis',(-1.,-1.2335811384724E-16,0.));
#4261=DIRECTION('ref_axis',(-1.2335811384724E-16,1.,0.));
#4262=DIRECTION('center_axis',(0.995037190209989,0.,0.099503719020999));
#4263=DIRECTION('ref_axis',(0.099503719020999,0.,-0.995037190209989));
#4264=DIRECTION('',(0.099503719020999,0.,-0.995037190209989));
#4265=DIRECTION('',(0.,1.,0.));
#4266=DIRECTION('center_axis',(-1.,0.,0.));
#4267=DIRECTION('ref_axis',(0.,-1.,0.));
#4268=DIRECTION('',(0.0995037190209989,0.,0.995037190209989));
#4269=DIRECTION('center_axis',(-1.,0.,0.));
#4270=DIRECTION('ref_axis',(0.,-1.,0.));
#4271=DIRECTION('center_axis',(1.,0.,0.));
#4272=DIRECTION('ref_axis',(0.,-1.,0.));
#4273=DIRECTION('center_axis',(0.995037190209989,0.,-0.099503719020999));
#4274=DIRECTION('ref_axis',(-0.099503719020999,0.,-0.995037190209989));
#4275=DIRECTION('',(0.,-1.,0.));
#4276=DIRECTION('center_axis',(1.,0.,0.));
#4277=DIRECTION('ref_axis',(0.,-1.,1.22464679914735E-16));
#4278=DIRECTION('center_axis',(1.,0.,0.));
#4279=DIRECTION('ref_axis',(0.,1.,0.));
#4280=DIRECTION('',(-0.995037190209989,0.099503719020999,1.21856911002324E-17));
#4281=DIRECTION('center_axis',(-1.,0.,0.));
#4282=DIRECTION('ref_axis',(0.,1.,0.));
#4283=DIRECTION('center_axis',(1.,0.,0.));
#4284=DIRECTION('ref_axis',(0.,1.,0.));
#4285=DIRECTION('center_axis',(1.,1.2335811384724E-16,0.));
#4286=DIRECTION('ref_axis',(0.,1.,0.));
#4287=DIRECTION('',(1.,0.,0.));
#4288=DIRECTION('center_axis',(1.,0.,0.));
#4289=DIRECTION('ref_axis',(0.,1.,0.));
#4290=DIRECTION('center_axis',(1.,0.,0.));
#4291=DIRECTION('ref_axis',(0.,1.,0.));
#4292=DIRECTION('',(-0.995037190209989,0.099503719020999,1.21856911002324E-17));
#4293=DIRECTION('center_axis',(-1.,0.,0.));
#4294=DIRECTION('ref_axis',(0.,1.,0.));
#4295=DIRECTION('center_axis',(1.,0.,0.));
#4296=DIRECTION('ref_axis',(0.,1.,0.));
#4297=DIRECTION('center_axis',(1.,1.40433036354774E-16,0.));
#4298=DIRECTION('ref_axis',(0.,1.,0.));
#4299=DIRECTION('',(1.,0.,0.));
#4300=DIRECTION('center_axis',(1.,0.,0.));
#4301=DIRECTION('ref_axis',(0.,1.,0.));
#4302=DIRECTION('center_axis',(-1.,0.,0.));
#4303=DIRECTION('ref_axis',(-6.47630097698008E-17,1.,0.));
#4304=DIRECTION('',(0.995037190209989,0.0995037190210006,-1.21856911002326E-17));
#4305=DIRECTION('center_axis',(-1.,0.,0.));
#4306=DIRECTION('ref_axis',(-7.37273440862565E-17,1.,0.));
#4307=DIRECTION('',(0.995037190209989,0.0995037190210006,-1.21856911002326E-17));
#4308=DIRECTION('center_axis',(-0.307483401809984,-0.94633660370523,0.0995037190209991));
#4309=DIRECTION('ref_axis',(0.0307483401809984,0.0946336603705231,0.995037190209989));
#4310=DIRECTION('',(0.951056516295154,-0.309016994374947,0.));
#4311=DIRECTION('',(0.0307483401809985,0.0946336603705234,0.995037190209989));
#4312=DIRECTION('center_axis',(0.309016994374948,0.951056516295154,0.));
#4313=DIRECTION('ref_axis',(0.951056516295154,-0.309016994374947,0.));
#4314=DIRECTION('center_axis',(0.309016994374947,0.951056516295154,0.));
#4315=DIRECTION('ref_axis',(0.951056516295154,-0.309016994374947,0.));
#4316=DIRECTION('',(0.0307483401809979,0.0946336603705214,-0.995037190209989));
#4317=DIRECTION('center_axis',(-0.309016994374947,-0.951056516295154,0.));
#4318=DIRECTION('ref_axis',(0.951056516295154,-0.309016994374947,0.));
#4319=DIRECTION('center_axis',(-0.307483401809984,-0.94633660370523,-0.099503719020999));
#4320=DIRECTION('ref_axis',(-0.0307483401809984,-0.0946336603705231,0.995037190209989));
#4321=DIRECTION('',(-0.951056516295154,0.309016994374947,0.));
#4322=DIRECTION('center_axis',(-0.309016994374947,-0.951056516295154,0.));
#4323=DIRECTION('ref_axis',(0.951056516295154,-0.309016994374947,0.));
#4324=DIRECTION('center_axis',(-0.309016994374947,-0.951056516295154,0.));
#4325=DIRECTION('ref_axis',(-0.951056516295154,0.309016994374947,0.));
#4326=DIRECTION('center_axis',(0.307483401809984,0.94633660370523,0.0995037190209991));
#4327=DIRECTION('ref_axis',(0.0307483401809984,0.0946336603705231,-0.995037190209989));
#4328=DIRECTION('',(0.0307483401809984,0.0946336603705231,-0.995037190209989));
#4329=DIRECTION('',(-0.951056516295154,0.309016994374948,0.));
#4330=DIRECTION('center_axis',(-0.309016994374948,-0.951056516295154,0.));
#4331=DIRECTION('ref_axis',(0.951056516295154,-0.309016994374947,0.));
#4332=DIRECTION('',(0.0307483401809984,0.094633660370523,0.995037190209989));
#4333=DIRECTION('center_axis',(-0.309016994374948,-0.951056516295154,0.));
#4334=DIRECTION('ref_axis',(0.951056516295154,-0.309016994374948,0.));
#4335=DIRECTION('center_axis',(0.309016994374948,0.951056516295154,0.));
#4336=DIRECTION('ref_axis',(0.951056516295154,-0.309016994374947,0.));
#4337=DIRECTION('center_axis',(0.307483401809984,0.94633660370523,-0.099503719020999));
#4338=DIRECTION('ref_axis',(-0.0307483401809984,-0.0946336603705231,-0.995037190209989));
#4339=DIRECTION('',(0.951056516295154,-0.309016994374948,0.));
#4340=DIRECTION('center_axis',(0.309016994374948,0.951056516295154,0.));
#4341=DIRECTION('ref_axis',(0.951056516295154,-0.309016994374948,1.22464679914735E-16));
#4342=DIRECTION('center_axis',(0.309016994374948,0.951056516295154,0.));
#4343=DIRECTION('ref_axis',(-0.951056516295154,0.309016994374948,0.));
#4344=DIRECTION('center_axis',(0.309016994374948,0.951056516295154,0.));
#4345=DIRECTION('ref_axis',(-0.951056516295154,0.309016994374948,0.));
#4346=DIRECTION('',(-0.402117062180507,-0.915588263524232,1.21856911002324E-17));
#4347=DIRECTION('center_axis',(-0.309016994374948,-0.951056516295154,0.));
#4348=DIRECTION('ref_axis',(-0.951056516295154,0.309016994374947,0.));
#4349=DIRECTION('center_axis',(0.309016994374948,0.951056516295154,0.));
#4350=DIRECTION('ref_axis',(-0.951056516295154,0.309016994374947,0.));
#4351=DIRECTION('center_axis',(0.309016994374947,0.951056516295154,0.));
#4352=DIRECTION('ref_axis',(-0.951056516295154,0.309016994374947,0.));
#4353=DIRECTION('',(0.309016994374947,0.951056516295154,0.));
#4354=DIRECTION('center_axis',(0.309016994374948,0.951056516295154,0.));
#4355=DIRECTION('ref_axis',(-0.951056516295154,0.309016994374948,0.));
#4356=DIRECTION('center_axis',(0.309016994374948,0.951056516295154,0.));
#4357=DIRECTION('ref_axis',(-0.951056516295154,0.309016994374948,0.));
#4358=DIRECTION('center_axis',(0.309016994374948,0.951056516295154,0.));
#4359=DIRECTION('ref_axis',(-0.951056516295154,0.309016994374948,0.));
#4360=DIRECTION('',(-0.402117062180507,-0.915588263524232,1.21856911002324E-17));
#4361=DIRECTION('center_axis',(-0.309016994374948,-0.951056516295154,0.));
#4362=DIRECTION('ref_axis',(-0.951056516295154,0.309016994374947,0.));
#4363=DIRECTION('center_axis',(0.309016994374948,0.951056516295154,0.));
#4364=DIRECTION('ref_axis',(-0.951056516295154,0.309016994374947,0.));
#4365=DIRECTION('center_axis',(0.309016994374947,0.951056516295154,0.));
#4366=DIRECTION('ref_axis',(-0.951056516295154,0.309016994374947,0.));
#4367=DIRECTION('',(0.309016994374947,0.951056516295154,0.));
#4368=DIRECTION('center_axis',(0.309016994374948,0.951056516295154,0.));
#4369=DIRECTION('ref_axis',(-0.951056516295154,0.309016994374948,0.));
#4370=DIRECTION('center_axis',(-0.309016994374948,-0.951056516295154,0.));
#4371=DIRECTION('ref_axis',(-0.951056516295154,0.309016994374947,0.));
#4372=DIRECTION('',(0.212849741439459,0.977084943886229,-1.21856911002326E-17));
#4373=DIRECTION('center_axis',(-0.309016994374948,-0.951056516295154,0.));
#4374=DIRECTION('ref_axis',(-0.951056516295154,0.309016994374947,0.));
#4375=DIRECTION('',(0.212849741439459,0.977084943886229,-1.21856911002326E-17));
#4376=DIRECTION('center_axis',(0.309016994374948,0.951056516295154,0.));
#4377=DIRECTION('ref_axis',(0.951056516295154,-0.309016994374948,1.22464679914735E-16));
#4378=DIRECTION('center_axis',(-0.307483401809984,0.94633660370523,0.099503719020999));
#4379=DIRECTION('ref_axis',(0.0307483401809984,-0.0946336603705231,0.995037190209989));
#4380=DIRECTION('',(-0.951056516295154,-0.309016994374947,0.));
#4381=DIRECTION('',(0.0307483401809985,-0.0946336603705234,0.995037190209989));
#4382=DIRECTION('center_axis',(0.309016994374947,-0.951056516295154,0.));
#4383=DIRECTION('ref_axis',(-0.951056516295154,-0.309016994374947,0.));
#4384=DIRECTION('center_axis',(0.309016994374947,-0.951056516295154,0.));
#4385=DIRECTION('ref_axis',(-0.951056516295154,-0.309016994374947,0.));
#4386=DIRECTION('',(0.0307483401809978,-0.0946336603705215,-0.995037190209989));
#4387=DIRECTION('center_axis',(-0.307483401809984,0.94633660370523,-0.099503719020999));
#4388=DIRECTION('ref_axis',(-0.0307483401809984,0.0946336603705231,0.995037190209989));
#4389=DIRECTION('',(0.951056516295154,0.309016994374947,0.));
#4390=DIRECTION('center_axis',(-0.309016994374947,0.951056516295154,0.));
#4391=DIRECTION('ref_axis',(-0.951056516295154,-0.309016994374947,0.));
#4392=DIRECTION('center_axis',(-0.309016994374947,0.951056516295154,0.));
#4393=DIRECTION('ref_axis',(0.951056516295154,0.309016994374947,0.));
#4394=DIRECTION('center_axis',(0.307483401809984,-0.94633660370523,0.099503719020999));
#4395=DIRECTION('ref_axis',(0.0307483401809984,-0.0946336603705231,-0.995037190209989));
#4396=DIRECTION('',(0.0307483401809984,-0.0946336603705231,-0.995037190209989));
#4397=DIRECTION('',(0.951056516295154,0.309016994374947,0.));
#4398=DIRECTION('center_axis',(-0.309016994374947,0.951056516295154,0.));
#4399=DIRECTION('ref_axis',(-0.951056516295154,-0.309016994374947,0.));
#4400=DIRECTION('',(0.0307483401809984,-0.0946336603705231,0.995037190209989));
#4401=DIRECTION('center_axis',(-0.309016994374947,0.951056516295154,0.));
#4402=DIRECTION('ref_axis',(-0.951056516295154,-0.309016994374947,0.));
#4403=DIRECTION('center_axis',(0.309016994374947,-0.951056516295154,0.));
#4404=DIRECTION('ref_axis',(-0.951056516295154,-0.309016994374947,0.));
#4405=DIRECTION('center_axis',(0.307483401809984,-0.94633660370523,-0.099503719020999));
#4406=DIRECTION('ref_axis',(-0.0307483401809984,0.0946336603705231,-0.995037190209989));
#4407=DIRECTION('',(-0.951056516295154,-0.309016994374947,0.));
#4408=DIRECTION('center_axis',(0.309016994374947,-0.951056516295154,0.));
#4409=DIRECTION('ref_axis',(-0.951056516295154,-0.309016994374947,1.22464679914735E-16));
#4410=DIRECTION('center_axis',(0.309016994374947,-0.951056516295154,0.));
#4411=DIRECTION('ref_axis',(0.951056516295154,0.309016994374947,0.));
#4412=DIRECTION('',(-0.21284974143946,0.977084943886229,1.21856911002324E-17));
#4413=DIRECTION('center_axis',(-0.309016994374947,0.951056516295154,0.));
#4414=DIRECTION('ref_axis',(0.951056516295154,0.309016994374947,0.));
#4415=DIRECTION('center_axis',(0.309016994374947,-0.951056516295154,0.));
#4416=DIRECTION('ref_axis',(0.951056516295154,0.309016994374947,0.));
#4417=DIRECTION('center_axis',(0.309016994374947,-0.951056516295154,0.));
#4418=DIRECTION('ref_axis',(0.951056516295154,0.309016994374947,0.));
#4419=DIRECTION('',(0.309016994374947,-0.951056516295154,0.));
#4420=DIRECTION('center_axis',(0.309016994374947,-0.951056516295154,0.));
#4421=DIRECTION('ref_axis',(0.951056516295154,0.309016994374947,0.));
#4422=DIRECTION('center_axis',(0.309016994374947,-0.951056516295154,0.));
#4423=DIRECTION('ref_axis',(0.951056516295154,0.309016994374947,0.));
#4424=DIRECTION('',(-0.21284974143946,0.977084943886229,1.21856911002324E-17));
#4425=DIRECTION('center_axis',(-0.309016994374947,0.951056516295154,0.));
#4426=DIRECTION('ref_axis',(0.951056516295154,0.309016994374947,0.));
#4427=DIRECTION('center_axis',(0.309016994374947,-0.951056516295154,0.));
#4428=DIRECTION('ref_axis',(0.951056516295154,0.309016994374947,0.));
#4429=DIRECTION('center_axis',(0.309016994374947,-0.951056516295154,0.));
#4430=DIRECTION('ref_axis',(0.951056516295154,0.309016994374947,0.));
#4431=DIRECTION('',(0.309016994374947,-0.951056516295154,0.));
#4432=DIRECTION('center_axis',(0.309016994374947,-0.951056516295154,0.));
#4433=DIRECTION('ref_axis',(0.951056516295154,0.309016994374947,0.));
#4434=DIRECTION('center_axis',(-0.309016994374947,0.951056516295154,0.));
#4435=DIRECTION('ref_axis',(0.951056516295154,0.309016994374947,0.));
#4436=DIRECTION('',(0.402117062180508,-0.915588263524231,-1.21856911002326E-17));
#4437=DIRECTION('center_axis',(-0.309016994374947,0.951056516295154,0.));
#4438=DIRECTION('ref_axis',(0.951056516295154,0.309016994374947,0.));
#4439=DIRECTION('',(0.402117062180508,-0.915588263524231,-1.21856911002326E-17));
#4440=CARTESIAN_POINT('',(0.,0.,0.));
#4441=CARTESIAN_POINT('Origin',(-6.90460920956603,-1.40227374758851,0.5));
#4442=CARTESIAN_POINT('',(-6.13206672362866,-3.77991503832639,0.));
#4443=CARTESIAN_POINT('',(-6.62304583149499,-3.88687070969911,0.5));
#4444=CARTESIAN_POINT('Origin',(-6.14751757334741,-3.73236221251163,0.5));
#4445=CARTESIAN_POINT('',(-7.64280191293232,-0.7483842059251,0.5));
#4446=CARTESIAN_POINT('',(-7.38013746771361,-1.55678224477598,0.5));
#4447=CARTESIAN_POINT('',(-7.18272450450349,-0.546322882922869,0.));
#4448=CARTESIAN_POINT('Origin',(-7.16727365478474,-0.593875708737627,0.5));
#4449=CARTESIAN_POINT('',(-6.90460920956603,-1.40227374758851,0.));
#4450=CARTESIAN_POINT('Origin',(-7.62735106321357,-0.795937031739858,0.));
#4451=CARTESIAN_POINT('',(-6.63849668121374,-3.83931788388435,1.));
#4452=CARTESIAN_POINT('',(-6.62036870406847,-3.89511006070662,0.413366336633664));
#4453=CARTESIAN_POINT('',(-6.63849668121374,-3.83931788388435,5.75));
#4454=CARTESIAN_POINT('',(-6.63849668121374,-3.83931788388435,0.));
#4455=CARTESIAN_POINT('',(-6.62304583149499,-3.88687070969911,6.25));
#4456=CARTESIAN_POINT('',(-6.72362933337693,-3.57730652184561,2.9950495049505));
#4457=CARTESIAN_POINT('',(-7.64280191293232,-0.7483842059251,6.25));
#4458=CARTESIAN_POINT('',(-7.38013746771361,-1.55678224477598,6.25));
#4459=CARTESIAN_POINT('',(-7.62735106321357,-0.795937031739858,5.75));
#4460=CARTESIAN_POINT('',(-7.54711372977314,-1.0428821519363,3.15346534653465));
#4461=CARTESIAN_POINT('',(-7.62735106321357,-0.795937031739858,1.));
#4462=CARTESIAN_POINT('',(-7.62735106321357,-0.795937031739858,0.));
#4463=CARTESIAN_POINT('',(-7.6503743590816,-0.725078613075293,0.254950495049505));
#4464=CARTESIAN_POINT('Origin',(-4.76568091279316,5.19000598445089,0.5));
#4465=CARTESIAN_POINT('',(-5.48982565648472,4.66388403172743,0.));
#4466=CARTESIAN_POINT('',(-5.74326743291221,5.09778179152953,0.5));
#4467=CARTESIAN_POINT('Origin',(-5.44937480676598,4.69327329434205,0.5));
#4468=CARTESIAN_POINT('',(-3.07351135147488,7.03747312409469,0.5));
#4469=CARTESIAN_POINT('',(-5.0595735389394,5.59451448163836,0.5));
#4470=CARTESIAN_POINT('',(-2.7391678756099,6.66235388952184,0.));
#4471=CARTESIAN_POINT('Origin',(-2.77961872532865,6.63296462690721,0.5));
#4472=CARTESIAN_POINT('',(-4.76568091279316,5.19000598445089,0.));
#4473=CARTESIAN_POINT('Origin',(-3.11396220119363,7.00808386148006,0.));
#4474=CARTESIAN_POINT('',(-5.70281658319347,5.12717105414415,1.));
#4475=CARTESIAN_POINT('',(-5.75027624350704,5.09268959256165,0.413366336633664));
#4476=CARTESIAN_POINT('',(-5.70281658319347,5.12717105414415,5.75));
#4477=CARTESIAN_POINT('',(-5.70281658319347,5.12717105414415,0.));
#4478=CARTESIAN_POINT('',(-5.74326743291221,5.09778179152953,6.25));
#4479=CARTESIAN_POINT('',(-5.47993640627779,5.28910298132274,2.9950495049505));
#4480=CARTESIAN_POINT('',(-3.07351135147488,7.03747312409469,6.25));
#4481=CARTESIAN_POINT('',(-5.0595735389394,5.59451448163836,6.25));
#4482=CARTESIAN_POINT('',(-3.11396220119363,7.00808386148006,5.75));
#4483=CARTESIAN_POINT('',(-3.32402626730733,6.85546338384274,3.15346534653465));
#4484=CARTESIAN_POINT('',(-3.11396220119363,7.00808386148006,1.));
#4485=CARTESIAN_POINT('',(-3.11396220119363,7.00808386148006,0.));
#4486=CARTESIAN_POINT('',(-3.05368643007807,7.05187677260384,0.254950495049505));
#4487=CARTESIAN_POINT('Origin',(3.95925642592323,5.77590766978679,0.5));
#4488=CARTESIAN_POINT('',(2.7391678756099,6.66235388952184,0.));
#4489=CARTESIAN_POINT('',(3.07351135147489,7.03747312409469,0.5));
#4490=CARTESIAN_POINT('Origin',(2.77961872532865,6.63296462690721,0.5));
#4491=CARTESIAN_POINT('',(5.74326743291221,5.09778179152952,0.5));
#4492=CARTESIAN_POINT('',(4.25314905206947,6.18041616697426,0.5));
#4493=CARTESIAN_POINT('',(5.48982565648472,4.66388403172743,0.));
#4494=CARTESIAN_POINT('Origin',(5.44937480676598,4.69327329434205,0.5));
#4495=CARTESIAN_POINT('',(3.95925642592323,5.77590766978679,0.));
#4496=CARTESIAN_POINT('Origin',(5.70281658319347,5.12717105414415,0.));
#4497=CARTESIAN_POINT('',(3.11396220119363,7.00808386148006,1.));
#4498=CARTESIAN_POINT('',(3.06650254088005,7.04256532306257,0.413366336633664));
#4499=CARTESIAN_POINT('',(3.11396220119363,7.00808386148006,5.75));
#4500=CARTESIAN_POINT('',(3.11396220119363,7.00808386148006,0.));
#4501=CARTESIAN_POINT('',(3.07351135147489,7.03747312409469,6.25));
#4502=CARTESIAN_POINT('',(3.33684237810931,6.84615193430147,2.9950495049505));
#4503=CARTESIAN_POINT('',(5.74326743291221,5.09778179152952,6.25));
#4504=CARTESIAN_POINT('',(4.25314905206947,6.18041616697426,6.25));
#4505=CARTESIAN_POINT('',(5.70281658319347,5.12717105414415,5.75));
#4506=CARTESIAN_POINT('',(5.49275251707977,5.27979153178148,3.15346534653465));
#4507=CARTESIAN_POINT('',(5.70281658319347,5.12717105414415,1.));
#4508=CARTESIAN_POINT('',(5.70281658319347,5.12717105414415,0.));
#4509=CARTESIAN_POINT('',(5.76309235430902,5.08337814302038,0.254950495049505));
#4510=CARTESIAN_POINT('Origin',(6.10367188956385,-3.86730535166848,0.5));
#4511=CARTESIAN_POINT('',(7.18272450450348,-0.54632288292287,0.));
#4512=CARTESIAN_POINT('',(7.64280191293232,-0.748384205925103,0.5));
#4513=CARTESIAN_POINT('Origin',(7.16727365478474,-0.593875708737628,0.5));
#4514=CARTESIAN_POINT('',(6.62304583149499,-3.88687070969911,0.5));
#4515=CARTESIAN_POINT('',(6.57920014771143,-4.02181384885595,0.5));
#4516=CARTESIAN_POINT('',(6.13206672362866,-3.77991503832639,0.));
#4517=CARTESIAN_POINT('Origin',(6.14751757334741,-3.73236221251164,0.5));
#4518=CARTESIAN_POINT('',(6.10367188956385,-3.86730535166848,0.));
#4519=CARTESIAN_POINT('Origin',(6.63849668121374,-3.83931788388435,0.));
#4520=CARTESIAN_POINT('',(7.62735106321357,-0.79593703173986,1.));
#4521=CARTESIAN_POINT('',(7.64547904035883,-0.740144854917595,0.413366336633664));
#4522=CARTESIAN_POINT('',(7.62735106321357,-0.79593703173986,5.75));
#4523=CARTESIAN_POINT('',(7.62735106321357,-0.79593703173986,0.));
#4524=CARTESIAN_POINT('',(7.64280191293232,-0.748384205925103,6.25));
#4525=CARTESIAN_POINT('',(7.54221841105037,-1.0579483937786,2.9950495049505));
#4526=CARTESIAN_POINT('',(6.62304583149499,-3.88687070969911,6.25));
#4527=CARTESIAN_POINT('',(6.57920014771143,-4.02181384885595,6.25));
#4528=CARTESIAN_POINT('',(6.63849668121374,-3.83931788388435,5.75));
#4529=CARTESIAN_POINT('',(6.71873401465416,-3.59237276368791,3.15346534653465));
#4530=CARTESIAN_POINT('',(6.63849668121374,-3.83931788388435,1.));
#4531=CARTESIAN_POINT('',(6.63849668121374,-3.83931788388435,0.));
#4532=CARTESIAN_POINT('',(6.6154733853457,-3.91017630254892,0.254950495049505));
#4533=CARTESIAN_POINT('Origin',(-2.40490787124807,-7.,0.5));
#4534=CARTESIAN_POINT('',(1.7,-7.,0.));
#4535=CARTESIAN_POINT('',(1.65,-7.5,0.5));
#4536=CARTESIAN_POINT('Origin',(1.65,-7.,0.5));
#4537=CARTESIAN_POINT('',(-1.65,-7.5,0.5));
#4538=CARTESIAN_POINT('',(-2.40490787124807,-7.5,0.5));
#4539=CARTESIAN_POINT('',(-1.7,-7.,0.));
#4540=CARTESIAN_POINT('Origin',(-1.65,-7.,0.5));
#4541=CARTESIAN_POINT('',(-2.40490787124807,-7.,0.));
#4542=CARTESIAN_POINT('Origin',(-1.6,-7.5,0.));
#4543=CARTESIAN_POINT('',(1.6,-7.5,1.));
#4544=CARTESIAN_POINT('',(1.65866336633663,-7.5,0.413366336633664));
#4545=CARTESIAN_POINT('',(1.6,-7.5,5.75));
#4546=CARTESIAN_POINT('',(1.6,-7.5,0.));
#4547=CARTESIAN_POINT('',(1.65,-7.5,6.25));
#4548=CARTESIAN_POINT('',(1.32450495049505,-7.5,2.9950495049505));
#4549=CARTESIAN_POINT('',(-1.65,-7.5,6.25));
#4550=CARTESIAN_POINT('',(-2.40490787124807,-7.5,6.25));
#4551=CARTESIAN_POINT('',(-1.6,-7.5,5.75));
#4552=CARTESIAN_POINT('',(-1.34034653465347,-7.5,3.15346534653465));
#4553=CARTESIAN_POINT('',(-1.6,-7.5,1.));
#4554=CARTESIAN_POINT('',(-1.6,-7.5,0.));
#4555=CARTESIAN_POINT('',(-1.67450495049505,-7.5,0.254950495049505));
#4556=CARTESIAN_POINT('Origin',(-2.40490787124807,-7.,6.25));
#4557=CARTESIAN_POINT('',(-1.7,-7.,6.75));
#4558=CARTESIAN_POINT('Origin',(-1.65,-7.,6.25));
#4559=CARTESIAN_POINT('',(1.7,-7.,6.75));
#4560=CARTESIAN_POINT('Origin',(1.65,-7.,6.25));
#4561=CARTESIAN_POINT('',(-2.40490787124807,-7.,6.75));
#4562=CARTESIAN_POINT('Origin',(6.10367188956385,-3.86730535166848,6.25));
#4563=CARTESIAN_POINT('',(6.13206672362866,-3.77991503832639,6.75));
#4564=CARTESIAN_POINT('Origin',(6.14751757334741,-3.73236221251164,6.25));
#4565=CARTESIAN_POINT('',(7.18272450450348,-0.54632288292287,6.75));
#4566=CARTESIAN_POINT('Origin',(7.16727365478474,-0.593875708737628,6.25));
#4567=CARTESIAN_POINT('',(6.10367188956385,-3.86730535166848,6.75));
#4568=CARTESIAN_POINT('Origin',(3.95925642592323,5.77590766978679,6.25));
#4569=CARTESIAN_POINT('',(5.48982565648472,4.66388403172743,6.75));
#4570=CARTESIAN_POINT('Origin',(5.44937480676598,4.69327329434205,6.25));
#4571=CARTESIAN_POINT('',(2.7391678756099,6.66235388952184,6.75));
#4572=CARTESIAN_POINT('Origin',(2.77961872532865,6.63296462690721,6.25));
#4573=CARTESIAN_POINT('',(3.95925642592323,5.77590766978679,6.75));
#4574=CARTESIAN_POINT('Origin',(-6.90460920956603,-1.40227374758851,6.25));
#4575=CARTESIAN_POINT('',(-7.18272450450349,-0.546322882922869,6.75));
#4576=CARTESIAN_POINT('Origin',(-7.16727365478474,-0.593875708737627,6.25));
#4577=CARTESIAN_POINT('',(-6.13206672362866,-3.77991503832639,6.75));
#4578=CARTESIAN_POINT('Origin',(-6.14751757334741,-3.73236221251163,6.25));
#4579=CARTESIAN_POINT('',(-6.90460920956603,-1.40227374758851,6.75));
#4580=CARTESIAN_POINT('Origin',(-4.76568091279316,5.19000598445089,6.25));
#4581=CARTESIAN_POINT('',(-2.7391678756099,6.66235388952184,6.75));
#4582=CARTESIAN_POINT('Origin',(-2.77961872532865,6.63296462690721,6.25));
#4583=CARTESIAN_POINT('',(-5.48982565648472,4.66388403172743,6.75));
#4584=CARTESIAN_POINT('Origin',(-5.44937480676598,4.69327329434205,6.25));
#4585=CARTESIAN_POINT('',(-4.76568091279316,5.19000598445089,6.75));
#4586=CARTESIAN_POINT('Origin',(-7.299626097167,-6.05190998493118,6.25));
#4587=CARTESIAN_POINT('',(-9.26118016202575,-6.68925753582951,6.75));
#4588=CARTESIAN_POINT('',(-9.10667166483828,-7.16478579397709,6.25));
#4589=CARTESIAN_POINT('Origin',(-9.26118016202575,-6.68925753582951,6.25));
#4590=CARTESIAN_POINT('',(-6.61803389934293,-6.3561783671786,6.25));
#4591=CARTESIAN_POINT('',(-7.14511759997953,-6.52743824307876,6.25));
#4592=CARTESIAN_POINT('',(-6.7725423965304,-5.88065010903102,6.75));
#4593=CARTESIAN_POINT('Origin',(-6.7725423965304,-5.88065010903102,6.25));
#4594=CARTESIAN_POINT('',(-7.299626097167,-6.05190998493118,6.75));
#4595=CARTESIAN_POINT('Origin',(-5.99999991059303,-8.2582913997689,6.25));
#4596=CARTESIAN_POINT('',(-3.99999991059303,-8.2582913997689,6.25));
#4597=CARTESIAN_POINT('',(-3.49999991059303,-8.2582913997689,6.75));
#4598=CARTESIAN_POINT('Origin',(-3.49999991059303,-8.2582913997689,6.25));
#4599=CARTESIAN_POINT('Origin',(-5.99999991059303,-8.2582913997689,6.75));
#4600=CARTESIAN_POINT('Origin',(-5.99999991059303,-8.2582913997689,6.25));
#4601=CARTESIAN_POINT('Origin',(-3.49999991059303,-3.69361059130513,6.25));
#4602=CARTESIAN_POINT('',(-3.99999991059303,-10.875,6.25));
#4603=CARTESIAN_POINT('',(-3.49999991059303,-10.875,6.75));
#4604=CARTESIAN_POINT('Origin',(-3.49999991059303,-10.875,6.25));
#4605=CARTESIAN_POINT('',(-3.49999991059303,-3.69361059130513,6.75));
#4606=CARTESIAN_POINT('',(-3.99999991059303,-3.69361059130513,6.25));
#4607=CARTESIAN_POINT('Origin',(-3.49999991059303,-10.875,3.375));
#4608=CARTESIAN_POINT('',(-3.99999991059303,-10.875,0.5));
#4609=CARTESIAN_POINT('',(-3.49999991059303,-10.875,0.));
#4610=CARTESIAN_POINT('Origin',(-3.49999991059303,-10.875,0.5));
#4611=CARTESIAN_POINT('Origin',(-3.49999991059303,-10.875,3.375));
#4612=CARTESIAN_POINT('Origin',(-3.99999991059303,-10.875,3.375));
#4613=CARTESIAN_POINT('Origin',(-3.49999991059303,-3.69361059130513,0.5));
#4614=CARTESIAN_POINT('',(-3.99999991059303,-8.2582913997689,0.5));
#4615=CARTESIAN_POINT('',(-3.49999991059303,-8.2582913997689,0.));
#4616=CARTESIAN_POINT('Origin',(-3.49999991059303,-8.2582913997689,0.5));
#4617=CARTESIAN_POINT('',(-3.49999991059303,-3.69361059130513,0.));
#4618=CARTESIAN_POINT('',(-3.99999991059303,-3.69361059130513,0.5));
#4619=CARTESIAN_POINT('Origin',(-5.99999991059303,-8.2582913997689,0.5));
#4620=CARTESIAN_POINT('',(-6.61803389934293,-6.3561783671786,0.5));
#4621=CARTESIAN_POINT('',(-6.7725423965304,-5.88065010903102,0.));
#4622=CARTESIAN_POINT('Origin',(-6.7725423965304,-5.88065010903102,0.5));
#4623=CARTESIAN_POINT('Origin',(-5.99999991059303,-8.2582913997689,0.));
#4624=CARTESIAN_POINT('Origin',(-5.99999991059303,-8.2582913997689,0.5));
#4625=CARTESIAN_POINT('Origin',(-7.299626097167,-6.05190998493118,0.5));
#4626=CARTESIAN_POINT('',(-9.10667166483828,-7.16478579397709,0.5));
#4627=CARTESIAN_POINT('',(-9.26118016202575,-6.68925753582951,0.));
#4628=CARTESIAN_POINT('Origin',(-9.26118016202575,-6.68925753582951,0.5));
#4629=CARTESIAN_POINT('',(-7.299626097167,-6.05190998493118,0.));
#4630=CARTESIAN_POINT('',(-7.14511759997953,-6.52743824307876,0.5));
#4631=CARTESIAN_POINT('Origin',(-9.26118016202575,-6.68925753582951,3.375));
#4632=CARTESIAN_POINT('Origin',(-9.10667166483828,-7.16478579397709,3.375));
#4633=CARTESIAN_POINT('Origin',(-9.26118016202575,-6.68925753582951,3.375));
#4634=CARTESIAN_POINT('Origin',(-3.20981574249614,-1.04293235601545,0.));
#4635=CARTESIAN_POINT('',(-10.8680685051472,-1.74376373612579,0.));
#4636=CARTESIAN_POINT('',(-8.90651444028845,-1.10641618522746,0.));
#4637=CARTESIAN_POINT('',(-11.4242990673938,-0.0318620918255916,0.));
#4638=CARTESIAN_POINT('',(-10.8371668057097,-1.83886938775531,0.));
#4639=CARTESIAN_POINT('',(-8.93566130189849,0.776745334972895,0.));
#4640=CARTESIAN_POINT('',(-5.70335593882788,1.82698501167379,0.));
#4641=CARTESIAN_POINT('',(-7.68566130189849,4.62384975644196,0.));
#4642=CARTESIAN_POINT('Origin',(-9.70820378783586,3.15438662571078,0.));
#4643=CARTESIAN_POINT('',(-9.22372402666121,6.740811483356,0.));
#4644=CARTESIAN_POINT('',(-7.32603945956669,4.12887275444994,0.));
#4645=CARTESIAN_POINT('',(-7.76749350911806,7.79882488493035,0.));
#4646=CARTESIAN_POINT('',(-5.09773742768073,9.73851621749551,0.));
#4647=CARTESIAN_POINT('',(-4.57141119977773,3.39979497801657,0.));
#4648=CARTESIAN_POINT('',(-5.01683572824323,9.79729474272476,0.));
#4649=CARTESIAN_POINT('',(-3.80452864539001,8.12869719182643,0.));
#4650=CARTESIAN_POINT('',(-3.56060521070008,10.8553081442991,0.));
#4651=CARTESIAN_POINT('',(-5.09773742768073,9.73851621749551,0.));
#4652=CARTESIAN_POINT('',(-2.02254248593737,8.73834641738508,0.));
#4653=CARTESIAN_POINT('',(0.660509574700125,5.04544206944071,0.));
#4654=CARTESIAN_POINT('',(2.02254248593737,8.73834641738508,0.));
#4655=CARTESIAN_POINT('Origin',(0.,10.2078095481163,0.));
#4656=CARTESIAN_POINT('',(3.56060521070008,10.8553081442991,0.));
#4657=CARTESIAN_POINT('',(0.553956578979275,6.7170113263892,0.));
#4658=CARTESIAN_POINT('',(5.01683572824324,9.79729474272476,0.));
#4659=CARTESIAN_POINT('',(7.68659180968056,7.85760341015959,0.));
#4660=CARTESIAN_POINT('',(1.82075341890291,5.39826483581098,0.));
#4661=CARTESIAN_POINT('',(7.76749350911806,7.79882488493035,0.));
#4662=CARTESIAN_POINT('',(6.55518642626483,6.13022733403202,0.));
#4663=CARTESIAN_POINT('',(9.22372402666121,6.74081148335599,0.));
#4664=CARTESIAN_POINT('',(7.68659180968056,7.85760341015959,0.));
#4665=CARTESIAN_POINT('',(7.68566130189849,4.62384975644196,0.));
#4666=CARTESIAN_POINT('',(3.8936451766347,-0.595412680506276,0.));
#4667=CARTESIAN_POINT('',(8.93566130189849,0.776745334972894,0.));
#4668=CARTESIAN_POINT('Origin',(9.70820378783586,3.15438662571078,0.));
#4669=CARTESIAN_POINT('',(11.4242990673938,-0.0318620918255935,0.));
#4670=CARTESIAN_POINT('',(6.5594393890412,1.54882663708046,0.));
#4671=CARTESIAN_POINT('',(10.8680685051472,-1.74376373612579,0.));
#4672=CARTESIAN_POINT('',(9.84831242370988,-4.8822502398998,0.));
#4673=CARTESIAN_POINT('',(5.69669869779231,-0.063483829212016,0.));
#4674=CARTESIAN_POINT('',(9.81741072427238,-4.97735589152932,0.));
#4675=CARTESIAN_POINT('',(7.85585665941363,-4.34000834063099,0.));
#4676=CARTESIAN_POINT('',(9.26118016202575,-6.68925753582951,0.));
#4677=CARTESIAN_POINT('',(9.84831242370988,-4.8822502398998,0.));
#4678=CARTESIAN_POINT('',(6.7725423965304,-5.88065010903103,0.));
#4679=CARTESIAN_POINT('',(0.636931419965908,-3.8870692543224,0.));
#4680=CARTESIAN_POINT('',(3.49999991059303,-8.25829139976891,0.));
#4681=CARTESIAN_POINT('Origin',(5.99999991059303,-8.25829139976891,0.));
#4682=CARTESIAN_POINT('',(3.49999991059303,-10.875,0.));
#4683=CARTESIAN_POINT('',(3.49999991059303,-7.64646617800772,0.));
#4684=CARTESIAN_POINT('',(1.7,-10.875,0.));
#4685=CARTESIAN_POINT('',(-1.6,-10.875,0.));
#4686=CARTESIAN_POINT('',(1.7,-5.4375,0.));
#4687=CARTESIAN_POINT('',(-1.7,-10.875,0.));
#4688=CARTESIAN_POINT('',(-1.7,-8.8125,0.));
#4689=CARTESIAN_POINT('',(-1.6,-10.875,0.));
#4690=CARTESIAN_POINT('',(-9.81741072427238,-4.97735589152931,0.));
#4691=CARTESIAN_POINT('',(-10.8371668057097,-1.83886938775531,0.));
#4692=CARTESIAN_POINT('',(-4.64604091691749,-3.29707598461554,0.));
#4693=CARTESIAN_POINT('',(-1.60688837074973,4.9454938847348,0.));
#4694=CARTESIAN_POINT('Origin',(0.,0.,0.));
#4695=CARTESIAN_POINT('Origin',(-10.8371668057097,-1.83886938775531,3.375));
#4696=CARTESIAN_POINT('',(-9.81741072427238,-4.97735589152931,6.75));
#4697=CARTESIAN_POINT('',(-10.8371668057097,-1.83886938775531,6.75));
#4698=CARTESIAN_POINT('Origin',(-9.81741072427238,-4.97735589152931,3.375));
#4699=CARTESIAN_POINT('Origin',(-3.99999991059303,-6.34428882659481,0.));
#4700=CARTESIAN_POINT('',(-3.99999991059303,-8.2582913997689,0.));
#4701=CARTESIAN_POINT('',(-3.99999991059303,-11.925,3.375));
#4702=CARTESIAN_POINT('Origin',(-3.99999991059303,-10.875,3.375));
#4703=CARTESIAN_POINT('Origin',(-7.32603945956669,4.12887275444994,6.25));
#4704=CARTESIAN_POINT('',(-9.22372402666121,6.740811483356,6.75));
#4705=CARTESIAN_POINT('',(-9.62823252384868,6.44691885720976,6.25));
#4706=CARTESIAN_POINT('Origin',(-9.22372402666121,6.740811483356,6.25));
#4707=CARTESIAN_POINT('',(-8.09016979908596,4.32995713029572,6.25));
#4708=CARTESIAN_POINT('',(-7.73054795675417,3.83498012830371,6.25));
#4709=CARTESIAN_POINT('',(-7.68566130189849,4.62384975644196,6.75));
#4710=CARTESIAN_POINT('Origin',(-7.68566130189849,4.62384975644196,6.25));
#4711=CARTESIAN_POINT('',(-7.32603945956669,4.12887275444994,6.75));
#4712=CARTESIAN_POINT('Origin',(-9.70820378783586,3.15438662571078,6.25));
#4713=CARTESIAN_POINT('',(-9.09016979908596,1.25227359312047,6.25));
#4714=CARTESIAN_POINT('',(-8.93566130189849,0.776745334972895,6.75));
#4715=CARTESIAN_POINT('Origin',(-8.93566130189849,0.776745334972895,6.25));
#4716=CARTESIAN_POINT('Origin',(-9.70820378783586,3.15438662571078,6.75));
#4717=CARTESIAN_POINT('Origin',(-9.70820378783586,3.15438662571078,6.25));
#4718=CARTESIAN_POINT('Origin',(-5.70335593882788,1.82698501167379,6.25));
#4719=CARTESIAN_POINT('',(-11.5788075645813,0.443666166321985,6.25));
#4720=CARTESIAN_POINT('',(-11.4242990673938,-0.0318620918255919,6.75));
#4721=CARTESIAN_POINT('Origin',(-11.4242990673938,-0.0318620918255919,6.25));
#4722=CARTESIAN_POINT('',(-5.70335593882788,1.82698501167379,6.75));
#4723=CARTESIAN_POINT('',(-5.85786443601535,2.30251326982137,6.25));
#4724=CARTESIAN_POINT('Origin',(-11.4242990673938,-0.0318620918255916,3.375));
#4725=CARTESIAN_POINT('',(-11.5788075645813,0.443666166321985,0.5));
#4726=CARTESIAN_POINT('Origin',(-11.4242990673938,-0.0318620918255915,0.5));
#4727=CARTESIAN_POINT('Origin',(-11.4242990673938,-0.0318620918255916,3.375));
#4728=CARTESIAN_POINT('Origin',(-11.5788075645813,0.443666166321985,3.375));
#4729=CARTESIAN_POINT('Origin',(-5.70335593882788,1.82698501167379,0.5));
#4730=CARTESIAN_POINT('',(-9.09016979908596,1.25227359312047,0.5));
#4731=CARTESIAN_POINT('Origin',(-8.93566130189849,0.776745334972895,0.5));
#4732=CARTESIAN_POINT('',(-5.85786443601535,2.30251326982137,0.5));
#4733=CARTESIAN_POINT('Origin',(-9.70820378783586,3.15438662571078,0.5));
#4734=CARTESIAN_POINT('',(-8.09016979908596,4.32995713029572,0.5));
#4735=CARTESIAN_POINT('Origin',(-7.68566130189849,4.62384975644196,0.5));
#4736=CARTESIAN_POINT('Origin',(-9.70820378783586,3.15438662571078,0.5));
#4737=CARTESIAN_POINT('Origin',(-7.32603945956669,4.12887275444994,0.5));
#4738=CARTESIAN_POINT('',(-9.62823252384868,6.44691885720976,0.5));
#4739=CARTESIAN_POINT('Origin',(-9.22372402666121,6.740811483356,0.5));
#4740=CARTESIAN_POINT('',(-7.73054795675417,3.83498012830371,0.5));
#4741=CARTESIAN_POINT('Origin',(-9.22372402666121,6.740811483356,3.375));
#4742=CARTESIAN_POINT('Origin',(-9.62823252384868,6.44691885720976,3.375));
#4743=CARTESIAN_POINT('Origin',(-9.22372402666121,6.740811483356,3.375));
#4744=CARTESIAN_POINT('Origin',(-5.09773742768073,9.73851621749551,3.375));
#4745=CARTESIAN_POINT('',(-7.76749350911806,7.79882488493035,6.75));
#4746=CARTESIAN_POINT('',(-5.09773742768073,9.73851621749551,6.75));
#4747=CARTESIAN_POINT('Origin',(-7.76749350911806,7.79882488493035,3.375));
#4748=CARTESIAN_POINT('Origin',(-7.26984517966304,1.84373291550865,0.));
#4749=CARTESIAN_POINT('',(-9.09016979908596,1.25227359312047,0.));
#4750=CARTESIAN_POINT('',(-12.5774169066912,0.11919832222829,3.375));
#4751=CARTESIAN_POINT('Origin',(-11.5788075645813,0.443666166321984,3.375));
#4752=CARTESIAN_POINT('Origin',(-3.56060521070008,10.8553081442991,3.375));
#4753=CARTESIAN_POINT('',(-3.15609671351261,11.1492007704453,0.499999999999999));
#4754=CARTESIAN_POINT('Origin',(-3.56060521070008,10.8553081442991,0.499999999999999));
#4755=CARTESIAN_POINT('',(-3.56060521070008,10.8553081442991,6.75));
#4756=CARTESIAN_POINT('Origin',(-3.56060521070008,10.8553081442991,3.375));
#4757=CARTESIAN_POINT('',(-3.15609671351261,11.1492007704453,6.25));
#4758=CARTESIAN_POINT('Origin',(-3.56060521070008,10.8553081442991,6.25));
#4759=CARTESIAN_POINT('Origin',(-3.15609671351261,11.1492007704453,3.375));
#4760=CARTESIAN_POINT('Origin',(0.660509574700125,5.04544206944071,6.25));
#4761=CARTESIAN_POINT('',(-2.02254248593737,8.73834641738508,6.75));
#4762=CARTESIAN_POINT('',(-1.6180339887499,9.03223904353132,6.25));
#4763=CARTESIAN_POINT('Origin',(-2.02254248593737,8.73834641738508,6.25));
#4764=CARTESIAN_POINT('',(1.0650180718876,5.33933469558694,6.25));
#4765=CARTESIAN_POINT('',(0.660509574700125,5.04544206944071,6.75));
#4766=CARTESIAN_POINT('Origin',(0.,10.2078095481163,6.25));
#4767=CARTESIAN_POINT('',(2.02254248593737,8.73834641738508,6.75));
#4768=CARTESIAN_POINT('',(1.61803398874989,9.03223904353132,6.25));
#4769=CARTESIAN_POINT('Origin',(2.02254248593737,8.73834641738508,6.25));
#4770=CARTESIAN_POINT('Origin',(0.,10.2078095481163,6.25));
#4771=CARTESIAN_POINT('Origin',(0.,10.2078095481163,6.75));
#4772=CARTESIAN_POINT('Origin',(0.553956578979275,6.7170113263892,6.25));
#4773=CARTESIAN_POINT('',(3.56060521070008,10.8553081442991,6.75));
#4774=CARTESIAN_POINT('',(3.15609671351261,11.1492007704453,6.25));
#4775=CARTESIAN_POINT('Origin',(3.56060521070008,10.8553081442991,6.25));
#4776=CARTESIAN_POINT('',(0.149448081791801,7.01090395253543,6.25));
#4777=CARTESIAN_POINT('',(0.553956578979275,6.7170113263892,6.75));
#4778=CARTESIAN_POINT('Origin',(3.56060521070008,10.8553081442991,3.375));
#4779=CARTESIAN_POINT('',(3.15609671351261,11.1492007704453,0.5));
#4780=CARTESIAN_POINT('Origin',(3.56060521070009,10.8553081442991,0.5));
#4781=CARTESIAN_POINT('Origin',(3.15609671351261,11.1492007704453,3.375));
#4782=CARTESIAN_POINT('Origin',(3.56060521070008,10.8553081442991,3.375));
#4783=CARTESIAN_POINT('Origin',(0.553956578979275,6.7170113263892,0.5));
#4784=CARTESIAN_POINT('',(1.61803398874989,9.03223904353132,0.5));
#4785=CARTESIAN_POINT('Origin',(2.02254248593737,8.73834641738508,0.5));
#4786=CARTESIAN_POINT('',(0.149448081791801,7.01090395253543,0.5));
#4787=CARTESIAN_POINT('Origin',(0.,10.2078095481163,0.5));
#4788=CARTESIAN_POINT('',(-1.6180339887499,9.03223904353132,0.5));
#4789=CARTESIAN_POINT('Origin',(-2.02254248593737,8.73834641738508,0.5));
#4790=CARTESIAN_POINT('Origin',(0.,10.2078095481163,0.5));
#4791=CARTESIAN_POINT('Origin',(0.660509574700125,5.04544206944071,0.5));
#4792=CARTESIAN_POINT('',(1.0650180718876,5.33933469558694,0.5));
#4793=CARTESIAN_POINT('Origin',(0.,10.2078095481163,0.));
#4794=CARTESIAN_POINT('',(-1.6180339887499,9.03223904353132,0.));
#4795=CARTESIAN_POINT('',(1.61803398874989,9.03223904353132,0.));
#4796=CARTESIAN_POINT('Origin',(-0.493011503388313,7.48377843455609,0.));
#4797=CARTESIAN_POINT('',(-3.77327122841971,11.998668614539,3.375));
#4798=CARTESIAN_POINT('Origin',(-3.15609671351261,11.1492007704453,3.375));
#4799=CARTESIAN_POINT('Origin',(-3.20981574249614,-1.04293235601545,6.75));
#4800=CARTESIAN_POINT('',(1.7,-10.875,6.75));
#4801=CARTESIAN_POINT('',(1.7,-5.4375,6.75));
#4802=CARTESIAN_POINT('',(3.49999991059303,-10.875,6.75));
#4803=CARTESIAN_POINT('',(-1.6,-10.875,6.75));
#4804=CARTESIAN_POINT('',(3.49999991059303,-8.25829139976891,6.75));
#4805=CARTESIAN_POINT('',(3.49999991059303,-7.64646617800772,6.75));
#4806=CARTESIAN_POINT('',(6.7725423965304,-5.88065010903103,6.75));
#4807=CARTESIAN_POINT('Origin',(5.99999991059303,-8.25829139976891,6.75));
#4808=CARTESIAN_POINT('',(9.26118016202575,-6.68925753582951,6.75));
#4809=CARTESIAN_POINT('',(0.636931419965908,-3.8870692543224,6.75));
#4810=CARTESIAN_POINT('',(9.81741072427238,-4.97735589152932,6.75));
#4811=CARTESIAN_POINT('',(9.84831242370988,-4.8822502398998,6.75));
#4812=CARTESIAN_POINT('',(7.85585665941363,-4.34000834063099,6.75));
#4813=CARTESIAN_POINT('',(10.8680685051472,-1.74376373612579,6.75));
#4814=CARTESIAN_POINT('',(5.69669869779231,-0.063483829212016,6.75));
#4815=CARTESIAN_POINT('',(11.4242990673938,-0.0318620918255935,6.75));
#4816=CARTESIAN_POINT('',(9.84831242370988,-4.8822502398998,6.75));
#4817=CARTESIAN_POINT('',(8.93566130189849,0.776745334972894,6.75));
#4818=CARTESIAN_POINT('',(6.5594393890412,1.54882663708046,6.75));
#4819=CARTESIAN_POINT('',(7.68566130189849,4.62384975644196,6.75));
#4820=CARTESIAN_POINT('Origin',(9.70820378783586,3.15438662571078,6.75));
#4821=CARTESIAN_POINT('',(9.22372402666121,6.74081148335599,6.75));
#4822=CARTESIAN_POINT('',(3.8936451766347,-0.595412680506276,6.75));
#4823=CARTESIAN_POINT('',(7.76749350911806,7.79882488493035,6.75));
#4824=CARTESIAN_POINT('',(7.68659180968056,7.85760341015959,6.75));
#4825=CARTESIAN_POINT('',(6.55518642626483,6.13022733403202,6.75));
#4826=CARTESIAN_POINT('',(5.01683572824323,9.79729474272476,6.75));
#4827=CARTESIAN_POINT('',(1.82075341890291,5.39826483581098,6.75));
#4828=CARTESIAN_POINT('',(7.68659180968056,7.85760341015959,6.75));
#4829=CARTESIAN_POINT('',(-5.01683572824323,9.79729474272476,6.75));
#4830=CARTESIAN_POINT('',(-5.09773742768073,9.73851621749551,6.75));
#4831=CARTESIAN_POINT('',(-3.80452864539001,8.12869719182643,6.75));
#4832=CARTESIAN_POINT('',(-4.57141119977773,3.39979497801657,6.75));
#4833=CARTESIAN_POINT('',(-10.8680685051472,-1.74376373612579,6.75));
#4834=CARTESIAN_POINT('',(-10.8371668057097,-1.83886938775531,6.75));
#4835=CARTESIAN_POINT('',(-8.90651444028845,-1.10641618522746,6.75));
#4836=CARTESIAN_POINT('',(-4.64604091691749,-3.29707598461554,6.75));
#4837=CARTESIAN_POINT('',(-1.7,-10.875,6.75));
#4838=CARTESIAN_POINT('',(-1.6,-10.875,6.75));
#4839=CARTESIAN_POINT('',(-1.7,-8.8125,6.75));
#4840=CARTESIAN_POINT('',(2.3,1.54314993630235E-15,6.75));
#4841=CARTESIAN_POINT('Origin',(-4.22304076153531E-16,9.7981240869457E-16,
6.75));
#4842=CARTESIAN_POINT('',(1.05,-5.09288719686584,6.75));
#4843=CARTESIAN_POINT('',(1.05,5.09288719686584,6.75));
#4844=CARTESIAN_POINT('Origin',(0.,0.,6.75));
#4845=CARTESIAN_POINT('',(1.05,-2.59566947048348,6.75));
#4846=CARTESIAN_POINT('',(1.05,-3.0057920423017,6.75));
#4847=CARTESIAN_POINT('',(1.05,2.59566947048348,6.75));
#4848=CARTESIAN_POINT('Origin',(0.,0.,6.75));
#4849=CARTESIAN_POINT('',(1.05,0.80965177318969,6.75));
#4850=CARTESIAN_POINT('',(-1.05,5.09288719686584,6.75));
#4851=CARTESIAN_POINT('',(-1.05,-5.09288719686584,6.75));
#4852=CARTESIAN_POINT('Origin',(0.,0.,6.75));
#4853=CARTESIAN_POINT('',(-1.05,2.59566947048348,6.75));
#4854=CARTESIAN_POINT('',(-1.05,1.96285968628625,6.75));
#4855=CARTESIAN_POINT('',(-1.05,-2.59566947048348,6.75));
#4856=CARTESIAN_POINT('Origin',(0.,0.,6.75));
#4857=CARTESIAN_POINT('',(-1.05,-1.85258412920514,6.75));
#4858=CARTESIAN_POINT('Origin',(-5.09773742768073,9.73851621749551,3.375));
#4859=CARTESIAN_POINT('Origin',(-5.01683572824323,9.79729474272476,3.375));
#4860=CARTESIAN_POINT('Origin',(9.22372402666121,6.74081148335599,3.375));
#4861=CARTESIAN_POINT('',(9.62823252384868,6.44691885720975,0.5));
#4862=CARTESIAN_POINT('Origin',(9.22372402666121,6.74081148335599,0.5));
#4863=CARTESIAN_POINT('Origin',(9.22372402666121,6.74081148335599,3.375));
#4864=CARTESIAN_POINT('',(9.62823252384868,6.44691885720975,6.25));
#4865=CARTESIAN_POINT('Origin',(9.22372402666121,6.74081148335599,6.25));
#4866=CARTESIAN_POINT('Origin',(9.62823252384868,6.44691885720975,3.375));
#4867=CARTESIAN_POINT('Origin',(3.8936451766347,-0.595412680506276,6.25));
#4868=CARTESIAN_POINT('',(8.09016979908596,4.32995713029572,6.25));
#4869=CARTESIAN_POINT('Origin',(7.68566130189849,4.62384975644196,6.25));
#4870=CARTESIAN_POINT('',(4.29815367382217,-0.889305306652512,6.25));
#4871=CARTESIAN_POINT('Origin',(9.70820378783586,3.15438662571078,6.25));
#4872=CARTESIAN_POINT('',(9.09016979908596,1.25227359312047,6.25));
#4873=CARTESIAN_POINT('Origin',(8.93566130189849,0.776745334972894,6.25));
#4874=CARTESIAN_POINT('Origin',(9.70820378783586,3.15438662571078,6.25));
#4875=CARTESIAN_POINT('Origin',(6.5594393890412,1.54882663708046,6.25));
#4876=CARTESIAN_POINT('',(11.5788075645813,0.443666166321982,6.25));
#4877=CARTESIAN_POINT('Origin',(11.4242990673938,-0.0318620918255946,6.25));
#4878=CARTESIAN_POINT('',(6.71394788622868,2.02435489522804,6.25));
#4879=CARTESIAN_POINT('Origin',(11.4242990673938,-0.0318620918255935,3.375));
#4880=CARTESIAN_POINT('',(11.5788075645813,0.443666166321983,0.5));
#4881=CARTESIAN_POINT('Origin',(11.4242990673938,-0.0318620918255935,0.5));
#4882=CARTESIAN_POINT('Origin',(11.5788075645813,0.443666166321983,3.375));
#4883=CARTESIAN_POINT('Origin',(11.4242990673938,-0.0318620918255935,3.375));
#4884=CARTESIAN_POINT('Origin',(6.5594393890412,1.54882663708046,0.5));
#4885=CARTESIAN_POINT('',(9.09016979908596,1.25227359312047,0.5));
#4886=CARTESIAN_POINT('Origin',(8.93566130189849,0.776745334972894,0.5));
#4887=CARTESIAN_POINT('',(6.71394788622868,2.02435489522804,0.5));
#4888=CARTESIAN_POINT('Origin',(9.70820378783586,3.15438662571078,0.5));
#4889=CARTESIAN_POINT('',(8.09016979908596,4.32995713029572,0.5));
#4890=CARTESIAN_POINT('Origin',(7.68566130189849,4.62384975644196,0.5));
#4891=CARTESIAN_POINT('Origin',(9.70820378783586,3.15438662571078,0.5));
#4892=CARTESIAN_POINT('Origin',(3.8936451766347,-0.595412680506276,0.5));
#4893=CARTESIAN_POINT('',(4.29815367382217,-0.889305306652512,0.5));
#4894=CARTESIAN_POINT('Origin',(9.70820378783586,3.15438662571078,0.));
#4895=CARTESIAN_POINT('',(8.09016979908596,4.32995713029572,0.));
#4896=CARTESIAN_POINT('',(9.09016979908596,1.25227359312047,0.));
#4897=CARTESIAN_POINT('Origin',(6.96514731372438,2.7814965213205,0.));
#4898=CARTESIAN_POINT('',(10.2454070387558,7.29638670130345,3.375));
#4899=CARTESIAN_POINT('Origin',(9.62823252384868,6.44691885720976,3.375));
#4900=CARTESIAN_POINT('Origin',(7.68659180968056,7.85760341015959,3.375));
#4901=CARTESIAN_POINT('Origin',(7.76749350911806,7.79882488493035,3.375));
#4902=CARTESIAN_POINT('Origin',(5.99999991059303,-8.25829139976891,6.25));
#4903=CARTESIAN_POINT('',(6.61803389934293,-6.3561783671786,6.25));
#4904=CARTESIAN_POINT('Origin',(6.7725423965304,-5.88065010903103,6.25));
#4905=CARTESIAN_POINT('',(3.99999991059303,-8.25829139976891,6.25));
#4906=CARTESIAN_POINT('Origin',(3.49999991059303,-8.25829139976891,6.25));
#4907=CARTESIAN_POINT('Origin',(5.99999991059303,-8.25829139976891,6.25));
#4908=CARTESIAN_POINT('Origin',(3.49999991059303,-7.64646617800772,6.25));
#4909=CARTESIAN_POINT('',(3.99999991059303,-10.875,6.25));
#4910=CARTESIAN_POINT('Origin',(3.49999991059303,-10.875,6.25));
#4911=CARTESIAN_POINT('',(3.99999991059303,-7.64646617800772,6.25));
#4912=CARTESIAN_POINT('Origin',(3.49999991059303,-10.875,3.375));
#4913=CARTESIAN_POINT('',(3.99999991059303,-10.875,0.5));
#4914=CARTESIAN_POINT('Origin',(3.49999991059303,-10.875,0.5));
#4915=CARTESIAN_POINT('Origin',(3.99999991059303,-10.875,3.375));
#4916=CARTESIAN_POINT('Origin',(3.49999991059303,-10.875,3.375));
#4917=CARTESIAN_POINT('Origin',(3.49999991059303,-7.64646617800772,0.5));
#4918=CARTESIAN_POINT('',(3.99999991059303,-8.25829139976891,0.5));
#4919=CARTESIAN_POINT('Origin',(3.49999991059303,-8.25829139976891,0.5));
#4920=CARTESIAN_POINT('',(3.99999991059303,-7.64646617800772,0.5));
#4921=CARTESIAN_POINT('Origin',(5.99999991059303,-8.25829139976891,0.5));
#4922=CARTESIAN_POINT('',(6.61803389934293,-6.3561783671786,0.5));
#4923=CARTESIAN_POINT('Origin',(6.7725423965304,-5.88065010903103,0.5));
#4924=CARTESIAN_POINT('Origin',(5.99999991059303,-8.25829139976891,0.5));
#4925=CARTESIAN_POINT('Origin',(0.636931419965908,-3.8870692543224,0.5));
#4926=CARTESIAN_POINT('',(9.10667166483828,-7.16478579397709,0.5));
#4927=CARTESIAN_POINT('Origin',(9.26118016202575,-6.68925753582951,0.5));
#4928=CARTESIAN_POINT('',(0.482422922778434,-4.36259751246998,0.5));
#4929=CARTESIAN_POINT('Origin',(9.26118016202575,-6.68925753582951,3.375));
#4930=CARTESIAN_POINT('',(9.10667166483828,-7.16478579397709,6.25));
#4931=CARTESIAN_POINT('Origin',(9.26118016202575,-6.68925753582951,6.25));
#4932=CARTESIAN_POINT('Origin',(9.10667166483828,-7.16478579397709,3.375));
#4933=CARTESIAN_POINT('Origin',(9.26118016202575,-6.68925753582951,3.375));
#4934=CARTESIAN_POINT('Origin',(0.636931419965908,-3.8870692543224,6.25));
#4935=CARTESIAN_POINT('',(0.482422922778434,-4.36259751246998,6.25));
#4936=CARTESIAN_POINT('Origin',(-1.6,-10.875,3.375));
#4937=CARTESIAN_POINT('Origin',(1.7,-10.875,3.375));
#4938=CARTESIAN_POINT('Origin',(4.79770927992001,-5.76471904479043,0.));
#4939=CARTESIAN_POINT('',(6.61803389934293,-6.3561783671786,0.));
#4940=CARTESIAN_POINT('',(10.1052810069482,-7.48925363807078,3.375));
#4941=CARTESIAN_POINT('Origin',(9.10667166483828,-7.16478579397709,3.375));
#4942=CARTESIAN_POINT('Origin',(-4.22304076153531E-16,9.7981240869457E-16,
5.75));
#4943=CARTESIAN_POINT('',(1.3,9.7981240869457E-16,5.25));
#4944=CARTESIAN_POINT('Origin',(-4.22304076153531E-16,9.7981240869457E-16,
5.25));
#4945=CARTESIAN_POINT('',(1.8,1.42068525638762E-15,5.75));
#4946=CARTESIAN_POINT('Origin',(1.3,8.20608324805414E-16,5.75));
#4947=CARTESIAN_POINT('',(-1.8,1.20024883254109E-15,5.75));
#4948=CARTESIAN_POINT('Origin',(-4.22304076153531E-16,9.7981240869457E-16,
5.75));
#4949=CARTESIAN_POINT('Origin',(-4.22304076153531E-16,9.7981240869457E-16,
5.75));
#4950=CARTESIAN_POINT('Origin',(-4.22304076153531E-16,9.7981240869457E-16,
6.));
#4951=CARTESIAN_POINT('',(1.8,9.7981240869457E-16,6.25));
#4952=CARTESIAN_POINT('',(-1.8,1.20024883254109E-15,6.25));
#4953=CARTESIAN_POINT('Origin',(-4.22304076153531E-16,9.7981240869457E-16,
6.25));
#4954=CARTESIAN_POINT('Origin',(-4.22304076153531E-16,9.7981240869457E-16,
6.25));
#4955=CARTESIAN_POINT('',(-1.8,1.20024883254109E-15,6.));
#4956=CARTESIAN_POINT('Origin',(-4.22304076153531E-16,9.7981240869457E-16,
5.25));
#4957=CARTESIAN_POINT('',(-0.750000000000001,1.07166091863062E-15,5.25));
#4958=CARTESIAN_POINT('Origin',(-4.22304076153531E-16,9.7981240869457E-16,
5.25));
#4959=CARTESIAN_POINT('Origin',(-4.22304076153531E-16,9.7981240869457E-16,
6.25));
#4960=CARTESIAN_POINT('Origin',(2.3,6.98143644890679E-16,6.25));
#4961=CARTESIAN_POINT('Origin',(1.1,-2.48432586429397,4.5));
#4962=CARTESIAN_POINT('',(1.15,-2.66223590239483,5.));
#4963=CARTESIAN_POINT('',(1.15,-4.96865172858795,5.));
#4964=CARTESIAN_POINT('',(1.15,-2.48432586429397,5.));
#4965=CARTESIAN_POINT('',(1.05,-4.99074142788424,4.));
#4966=CARTESIAN_POINT('Origin',(0.,0.,-6.5));
#4967=CARTESIAN_POINT('',(1.05,-2.59566947048348,4.));
#4968=CARTESIAN_POINT('',(1.05,-2.48432586429397,4.));
#4969=CARTESIAN_POINT('Ctrl Pts',(1.05,-2.59566947048348,4.));
#4970=CARTESIAN_POINT('Ctrl Pts',(1.08332486249333,-2.61813708819309,4.33324862493331));
#4971=CARTESIAN_POINT('Ctrl Pts',(1.1166714998202,-2.64032767282652,4.66671499820197));
#4972=CARTESIAN_POINT('Ctrl Pts',(1.15,-2.66223590239483,5.));
#4973=CARTESIAN_POINT('Origin',(0.,0.,4.5));
#4974=CARTESIAN_POINT('',(1.05,2.59566947048348,4.));
#4975=CARTESIAN_POINT('Origin',(0.,0.,4.));
#4976=CARTESIAN_POINT('',(1.15,2.66223590239483,5.));
#4977=CARTESIAN_POINT('Ctrl Pts',(1.05,2.59566947048348,4.));
#4978=CARTESIAN_POINT('Ctrl Pts',(1.08332486249333,2.61813708819309,4.33324862493327));
#4979=CARTESIAN_POINT('Ctrl Pts',(1.11667149982019,2.64032767282652,4.66671499820189));
#4980=CARTESIAN_POINT('Ctrl Pts',(1.15,2.66223590239483,5.));
#4981=CARTESIAN_POINT('Origin',(0.,0.,5.));
#4982=CARTESIAN_POINT('Origin',(1.1,1.33111795119741,4.5));
#4983=CARTESIAN_POINT('',(1.05,4.99074142788424,4.));
#4984=CARTESIAN_POINT('',(1.05,1.33111795119741,4.));
#4985=CARTESIAN_POINT('',(1.15,4.96865172858795,5.));
#4986=CARTESIAN_POINT('Origin',(0.,0.,-6.49999999999998));
#4987=CARTESIAN_POINT('',(1.15,1.33111795119741,5.));
#4988=CARTESIAN_POINT('Origin',(1.15,-4.96865172858795,0.));
#4989=CARTESIAN_POINT('',(1.15,-2.66223590239483,5.75));
#4990=CARTESIAN_POINT('',(1.15,-2.66223590239483,0.));
#4991=CARTESIAN_POINT('',(1.15,-4.96865172858795,5.75));
#4992=CARTESIAN_POINT('',(1.15,-3.0057920423017,5.75));
#4993=CARTESIAN_POINT('',(1.15,-4.96865172858795,0.));
#4994=CARTESIAN_POINT('Origin',(0.,0.,0.));
#4995=CARTESIAN_POINT('',(1.15,2.66223590239483,5.75));
#4996=CARTESIAN_POINT('',(1.15,2.66223590239483,0.));
#4997=CARTESIAN_POINT('Origin',(0.,0.,5.75));
#4998=CARTESIAN_POINT('Origin',(1.15,2.66223590239483,0.));
#4999=CARTESIAN_POINT('',(1.15,4.96865172858795,5.75));
#5000=CARTESIAN_POINT('',(1.15,4.96865172858795,0.));
#5001=CARTESIAN_POINT('',(1.15,0.80965177318969,5.75));
#5002=CARTESIAN_POINT('Origin',(-1.1,2.48432586429397,4.5));
#5003=CARTESIAN_POINT('',(-1.15,2.66223590239483,5.));
#5004=CARTESIAN_POINT('',(-1.15,4.96865172858795,5.));
#5005=CARTESIAN_POINT('',(-1.15,2.48432586429397,5.));
#5006=CARTESIAN_POINT('',(-1.05,4.99074142788424,4.));
#5007=CARTESIAN_POINT('Origin',(0.,0.,-6.49999999999999));
#5008=CARTESIAN_POINT('',(-1.05,2.59566947048348,4.));
#5009=CARTESIAN_POINT('',(-1.05,2.48432586429397,4.));
#5010=CARTESIAN_POINT('Ctrl Pts',(-1.05,2.59566947048348,4.));
#5011=CARTESIAN_POINT('Ctrl Pts',(-1.08332486249333,2.61813708819309,4.33324862493327));
#5012=CARTESIAN_POINT('Ctrl Pts',(-1.11667149982019,2.64032767282651,4.66671499820187));
#5013=CARTESIAN_POINT('Ctrl Pts',(-1.15,2.66223590239483,5.));
#5014=CARTESIAN_POINT('Origin',(0.,0.,4.5));
#5015=CARTESIAN_POINT('',(-1.05,-2.59566947048348,4.));
#5016=CARTESIAN_POINT('Origin',(0.,0.,4.));
#5017=CARTESIAN_POINT('',(-1.15,-2.66223590239483,5.));
#5018=CARTESIAN_POINT('Ctrl Pts',(-1.05,-2.59566947048348,4.));
#5019=CARTESIAN_POINT('Ctrl Pts',(-1.08332486249336,-2.61813708819311,4.33324862493358));
#5020=CARTESIAN_POINT('Ctrl Pts',(-1.11667149982026,-2.64032767282656,4.66671499820257));
#5021=CARTESIAN_POINT('Ctrl Pts',(-1.15,-2.66223590239483,5.));
#5022=CARTESIAN_POINT('Origin',(0.,0.,5.));
#5023=CARTESIAN_POINT('Origin',(-1.1,-1.33111795119741,4.5));
#5024=CARTESIAN_POINT('',(-1.05,-4.99074142788424,4.));
#5025=CARTESIAN_POINT('',(-1.05,-1.33111795119741,4.));
#5026=CARTESIAN_POINT('',(-1.15,-4.96865172858795,5.));
#5027=CARTESIAN_POINT('Origin',(0.,0.,-6.49999999999999));
#5028=CARTESIAN_POINT('',(-1.15,-1.33111795119741,5.));
#5029=CARTESIAN_POINT('Origin',(-1.15,4.96865172858795,0.));
#5030=CARTESIAN_POINT('',(-1.15,2.66223590239483,5.75));
#5031=CARTESIAN_POINT('',(-1.15,2.66223590239483,0.));
#5032=CARTESIAN_POINT('',(-1.15,4.96865172858795,5.75));
#5033=CARTESIAN_POINT('',(-1.15,1.96285968628625,5.75));
#5034=CARTESIAN_POINT('',(-1.15,4.96865172858795,0.));
#5035=CARTESIAN_POINT('Origin',(0.,0.,0.));
#5036=CARTESIAN_POINT('',(-1.15,-2.66223590239483,5.75));
#5037=CARTESIAN_POINT('',(-1.15,-2.66223590239483,0.));
#5038=CARTESIAN_POINT('Origin',(0.,0.,5.75));
#5039=CARTESIAN_POINT('Origin',(-1.15,-2.66223590239483,0.));
#5040=CARTESIAN_POINT('',(-1.15,-4.96865172858795,5.75));
#5041=CARTESIAN_POINT('',(-1.15,-4.96865172858795,0.));
#5042=CARTESIAN_POINT('',(-1.15,-1.85258412920514,5.75));
#5043=CARTESIAN_POINT('Origin',(1.1,0.80965177318969,6.25));
#5044=CARTESIAN_POINT('Ctrl Pts',(1.05,5.09288719686584,6.75));
#5045=CARTESIAN_POINT('Ctrl Pts',(1.10061737806402,5.03076946272578,6.24382621935978));
#5046=CARTESIAN_POINT('Ctrl Pts',(1.15,4.96865172858795,5.75));
#5047=CARTESIAN_POINT('Ctrl Pts',(1.05,2.59566947048348,6.75));
#5048=CARTESIAN_POINT('Ctrl Pts',(1.0833248624933,2.61813708819307,6.41675137506704));
#5049=CARTESIAN_POINT('Ctrl Pts',(1.11667149982012,2.64032767282647,6.08328500179878));
#5050=CARTESIAN_POINT('Ctrl Pts',(1.15,2.66223590239483,5.75));
#5051=CARTESIAN_POINT('Origin',(0.,0.,6.25));
#5052=CARTESIAN_POINT('Ctrl Pts',(1.05,-2.59566947048348,6.75));
#5053=CARTESIAN_POINT('Ctrl Pts',(1.08332486249333,-2.61813708819309,6.41675137506669));
#5054=CARTESIAN_POINT('Ctrl Pts',(1.1166714998202,-2.64032767282652,6.08328500179802));
#5055=CARTESIAN_POINT('Ctrl Pts',(1.15,-2.66223590239483,5.75));
#5056=CARTESIAN_POINT('Origin',(1.1,-3.0057920423017,6.25));
#5057=CARTESIAN_POINT('Ctrl Pts',(1.15,-4.96865172858795,5.75));
#5058=CARTESIAN_POINT('Ctrl Pts',(1.10061737806402,-5.03076946272578,6.24382621935975));
#5059=CARTESIAN_POINT('Ctrl Pts',(1.05,-5.09288719686584,6.75));
#5060=CARTESIAN_POINT('Origin',(-1.1,-1.85258412920514,6.25));
#5061=CARTESIAN_POINT('Ctrl Pts',(-1.05,-5.09288719686584,6.75));
#5062=CARTESIAN_POINT('Ctrl Pts',(-1.10061737806404,-5.03076946272576,6.2438262193596));
#5063=CARTESIAN_POINT('Ctrl Pts',(-1.15,-4.96865172858795,5.75));
#5064=CARTESIAN_POINT('Ctrl Pts',(-1.05,-2.59566947048348,6.75));
#5065=CARTESIAN_POINT('Ctrl Pts',(-1.0833248624933,-2.61813708819307,6.41675137506704));
#5066=CARTESIAN_POINT('Ctrl Pts',(-1.11667149982012,-2.64032767282647,6.08328500179879));
#5067=CARTESIAN_POINT('Ctrl Pts',(-1.15,-2.66223590239483,5.75));
#5068=CARTESIAN_POINT('Origin',(0.,0.,6.25));
#5069=CARTESIAN_POINT('Ctrl Pts',(-1.05,2.59566947048348,6.75));
#5070=CARTESIAN_POINT('Ctrl Pts',(-1.08332486249336,2.61813708819311,6.41675137506642));
#5071=CARTESIAN_POINT('Ctrl Pts',(-1.11667149982025,2.64032767282656,6.08328500179745));
#5072=CARTESIAN_POINT('Ctrl Pts',(-1.15,2.66223590239483,5.75));
#5073=CARTESIAN_POINT('Origin',(-1.1,1.96285968628625,6.25));
#5074=CARTESIAN_POINT('Ctrl Pts',(-1.15,4.96865172858795,5.75));
#5075=CARTESIAN_POINT('Ctrl Pts',(-1.10061737806404,5.03076946272576,6.2438262193596));
#5076=CARTESIAN_POINT('Ctrl Pts',(-1.05,5.09288719686584,6.75));
#5077=CARTESIAN_POINT('Origin',(0.,0.,0.5));
#5078=CARTESIAN_POINT('',(-1.57598667131223,4.85038823310528,1.));
#5079=CARTESIAN_POINT('Origin',(0.,0.,1.));
#5080=CARTESIAN_POINT('',(-1.59143752103098,4.89794105892004,0.5));
#5081=CARTESIAN_POINT('Origin',(0.,0.,0.));
#5082=CARTESIAN_POINT('',(-1.57598667131223,4.85038823310528,5.75));
#5083=CARTESIAN_POINT('Origin',(0.,0.,5.75));
#5084=CARTESIAN_POINT('Origin',(0.,0.,4.));
#5085=CARTESIAN_POINT('Origin',(0.,0.,5.75));
#5086=CARTESIAN_POINT('Origin',(0.,0.,4.));
#5087=CARTESIAN_POINT('Origin',(0.,0.,5.75));
#5088=CARTESIAN_POINT('',(-1.57598667131223,4.85038823310528,0.));
#5089=CARTESIAN_POINT('Origin',(0.,0.,6.25));
#5090=CARTESIAN_POINT('Origin',(0.,0.,6.25));
#5091=CARTESIAN_POINT('Origin',(-4.22304076153531E-16,9.7981240869457E-16,
4.5));
#5092=CARTESIAN_POINT('',(-0.850000000000001,1.0839073866221E-15,4.));
#5093=CARTESIAN_POINT('Origin',(-4.22304076153531E-16,9.7981240869457E-16,
4.));
#5094=CARTESIAN_POINT('',(-0.750000000000001,8.87963898758519E-16,5.));
#5095=CARTESIAN_POINT('',(-0.800000000000001,1.07778415262636E-15,4.5));
#5096=CARTESIAN_POINT('Origin',(-4.22304076153531E-16,9.7981240869457E-16,
5.));
#5097=CARTESIAN_POINT('Origin',(-4.22304076153531E-16,9.7981240869457E-16,
4.5));
#5098=CARTESIAN_POINT('',(-0.750000000000001,1.07166091863062E-15,4.5));
#5099=CARTESIAN_POINT('Origin',(0.,0.,4.));
#5100=CARTESIAN_POINT('Origin',(-5.99999991059303,-8.2582913997689,0.));
#5101=CARTESIAN_POINT('',(-6.61803389934293,-6.3561783671786,0.));
#5102=CARTESIAN_POINT('Origin',(-12.3164874073344,-8.20771814999253,0.));
#5103=CARTESIAN_POINT('',(-10.1052810069482,-7.48925363807078,3.375));
#5104=CARTESIAN_POINT('Origin',(-9.10667166483828,-7.16478579397709,3.375));
#5105=CARTESIAN_POINT('Origin',(-9.70820378783586,3.15438662571078,0.));
#5106=CARTESIAN_POINT('',(-8.09016979908596,4.32995713029572,0.));
#5107=CARTESIAN_POINT('Origin',(-11.6120077503358,9.17735121322521,0.));
#5108=CARTESIAN_POINT('',(-10.2454070387558,7.29638670130345,3.375));
#5109=CARTESIAN_POINT('Origin',(-9.62823252384868,6.44691885720976,3.375));
#5110=CARTESIAN_POINT('Origin',(5.99999991059303,-8.25829139976891,0.));
#5111=CARTESIAN_POINT('',(3.99999991059303,-8.25829139976891,0.));
#5112=CARTESIAN_POINT('Origin',(3.99999991059303,-14.25,0.));
#5113=CARTESIAN_POINT('',(3.99999991059303,-11.925,3.375));
#5114=CARTESIAN_POINT('Origin',(3.99999991059303,-10.875,3.375));
#5115=CARTESIAN_POINT('Origin',(1.86120426862166,5.36887557319636,6.25));
#5116=CARTESIAN_POINT('',(5.09773742768073,9.73851621749551,5.75));
#5117=CARTESIAN_POINT('',(1.90165511834041,5.33948631058173,5.75));
#5118=CARTESIAN_POINT('',(5.09773742768073,9.73851621749551,5.75));
#5119=CARTESIAN_POINT('Origin',(5.05728657796198,9.76790548011013,3.375));
#5120=CARTESIAN_POINT('',(5.09773742768073,9.73851621749551,1.));
#5121=CARTESIAN_POINT('Origin',(5.09773742768073,9.73851621749551,3.375));
#5122=CARTESIAN_POINT('',(5.09773742768073,9.73851621749551,1.));
#5123=CARTESIAN_POINT('Origin',(5.01683572824324,9.79729474272476,3.375));
#5124=CARTESIAN_POINT('Origin',(1.86120426862166,5.36887557319636,0.5));
#5125=CARTESIAN_POINT('',(1.90165511834041,5.33948631058173,1.));
#5126=CARTESIAN_POINT('Origin',(3.11396220119363,7.00808386148006,0.));
#5127=CARTESIAN_POINT('',(5.71491194258783,10.5879840615892,3.375));
#5128=CARTESIAN_POINT('Origin',(5.09773742768073,9.73851621749551,3.375));
#5129=CARTESIAN_POINT('Origin',(6.51473557654608,6.15961659664664,6.25));
#5130=CARTESIAN_POINT('',(7.68659180968056,7.85760341015959,5.75));
#5131=CARTESIAN_POINT('',(7.76749350911806,7.79882488493035,6.75));
#5132=CARTESIAN_POINT('',(6.47428472682734,6.18900585926127,5.75));
#5133=CARTESIAN_POINT('Origin',(7.72704265939931,7.82821414754497,3.375));
#5134=CARTESIAN_POINT('',(7.68659180968056,7.85760341015959,1.));
#5135=CARTESIAN_POINT('',(7.76749350911806,7.79882488493035,0.));
#5136=CARTESIAN_POINT('Origin',(7.68659180968056,7.85760341015959,3.375));
#5137=CARTESIAN_POINT('Origin',(6.51473557654608,6.15961659664664,0.5));
#5138=CARTESIAN_POINT('',(6.47428472682734,6.18900585926127,1.));
#5139=CARTESIAN_POINT('Origin',(3.56060521070009,10.8553081442991,3.375));
#5140=CARTESIAN_POINT('',(3.77327122841971,11.998668614539,3.375));
#5141=CARTESIAN_POINT('Origin',(3.15609671351261,11.1492007704453,3.375));
#5142=CARTESIAN_POINT('',(4.52350969756541,11.3299816628091,3.375));
#5143=CARTESIAN_POINT('',(4.14839046299256,11.6643251386741,3.375));
#5144=CARTESIAN_POINT('Origin',(3.96511370788756,10.5614155181529,3.375));
#5145=CARTESIAN_POINT('Origin',(7.68659180968056,7.85760341015959,3.375));
#5146=CARTESIAN_POINT('',(4.84711642298363,11.0948676144442,3.375));
#5147=CARTESIAN_POINT('Origin',(4.28872043330578,10.326301469788,3.375));
#5148=CARTESIAN_POINT('',(8.24498779935841,8.62616955481579,3.375));
#5149=CARTESIAN_POINT('Origin',(5.13987193999971,13.8796331264608,0.));
#5150=CARTESIAN_POINT('Origin',(8.09110030686804,7.56371078401336,3.375));
#5151=CARTESIAN_POINT('',(8.30376632458766,8.70707125425329,3.375));
#5152=CARTESIAN_POINT('Origin',(7.68659180968056,7.85760341015959,3.375));
#5153=CARTESIAN_POINT('',(9.05400479373336,8.03838430252332,3.375));
#5154=CARTESIAN_POINT('',(8.67888555916051,8.3727277783883,3.375));
#5155=CARTESIAN_POINT('Origin',(8.49560880405551,7.26981815786712,3.375));
#5156=CARTESIAN_POINT('Origin',(7.68659180968056,7.85760341015959,3.375));
#5157=CARTESIAN_POINT('',(9.37761151915158,7.80327025415843,3.375));
#5158=CARTESIAN_POINT('Origin',(8.81921552947373,7.03470410950223,3.375));
#5159=CARTESIAN_POINT('',(8.24498779935841,8.62616955481579,3.375));
#5160=CARTESIAN_POINT('Origin',(9.67036703616766,10.588035766175,0.));
#5161=CARTESIAN_POINT('Origin',(4.69322893049326,10.0324088436417,3.375));
#5162=CARTESIAN_POINT('',(5.28101418278573,10.8414258380167,3.375));
#5163=CARTESIAN_POINT('Origin',(9.22372402666121,6.74081148335599,3.375));
#5164=CARTESIAN_POINT('',(9.81150927895368,7.54982847773094,3.375));
#5165=CARTESIAN_POINT('Origin',(7.68659180968056,7.85760341015959,3.375));
#5166=CARTESIAN_POINT('Origin',(-4.53096035005899,3.4291842406312,6.25));
#5167=CARTESIAN_POINT('',(-7.68659180968056,7.8576034101596,5.75));
#5168=CARTESIAN_POINT('',(-4.49050950034024,3.45857350324582,5.75));
#5169=CARTESIAN_POINT('',(-7.68659180968056,7.8576034101596,5.75));
#5170=CARTESIAN_POINT('Origin',(-7.72704265939931,7.82821414754497,3.375));
#5171=CARTESIAN_POINT('',(-7.68659180968056,7.8576034101596,1.));
#5172=CARTESIAN_POINT('Origin',(-7.68659180968056,7.8576034101596,3.375));
#5173=CARTESIAN_POINT('',(-7.68659180968056,7.8576034101596,1.));
#5174=CARTESIAN_POINT('Origin',(-4.53096035005899,3.4291842406312,0.5));
#5175=CARTESIAN_POINT('',(-4.49050950034024,3.45857350324582,1.));
#5176=CARTESIAN_POINT('Origin',(-5.70281658319347,5.12717105414415,0.));
#5177=CARTESIAN_POINT('',(-8.30376632458766,8.70707125425329,3.375));
#5178=CARTESIAN_POINT('Origin',(-7.68659180968056,7.8576034101596,3.375));
#5179=CARTESIAN_POINT('Origin',(-3.84497949510876,8.09930792921181,6.25));
#5180=CARTESIAN_POINT('',(-5.09773742768073,9.73851621749551,5.75));
#5181=CARTESIAN_POINT('',(-5.01683572824323,9.79729474272476,6.75));
#5182=CARTESIAN_POINT('',(-3.8854303448275,8.06991866659718,5.75));
#5183=CARTESIAN_POINT('Origin',(-5.05728657796198,9.76790548011014,3.375));
#5184=CARTESIAN_POINT('',(-5.09773742768073,9.73851621749551,1.));
#5185=CARTESIAN_POINT('',(-5.01683572824323,9.79729474272476,0.));
#5186=CARTESIAN_POINT('Origin',(-5.09773742768073,9.73851621749551,3.375));
#5187=CARTESIAN_POINT('Origin',(-3.84497949510876,8.09930792921181,0.5));
#5188=CARTESIAN_POINT('',(-3.8854303448275,8.06991866659718,1.));
#5189=CARTESIAN_POINT('Origin',(-9.22372402666121,6.740811483356,3.375));
#5190=CARTESIAN_POINT('',(-9.37761151915158,7.80327025415843,3.375));
#5191=CARTESIAN_POINT('',(-9.81150927895368,7.54982847773094,3.375));
#5192=CARTESIAN_POINT('Origin',(-8.81921552947373,7.03470410950223,3.375));
#5193=CARTESIAN_POINT('Origin',(-5.09773742768073,9.73851621749551,3.375));
#5194=CARTESIAN_POINT('',(-9.05400479373336,8.03838430252332,3.375));
#5195=CARTESIAN_POINT('Origin',(-8.49560880405551,7.26981815786712,3.375));
#5196=CARTESIAN_POINT('',(-5.65613341735858,10.5070823621517,3.375));
#5197=CARTESIAN_POINT('Origin',(-4.69322893049325,10.0324088436417,3.375));
#5198=CARTESIAN_POINT('',(-5.71491194258783,10.5879840615892,3.375));
#5199=CARTESIAN_POINT('Origin',(-5.09773742768073,9.73851621749551,3.375));
#5200=CARTESIAN_POINT('',(-4.84711642298363,11.0948676144442,3.375));
#5201=CARTESIAN_POINT('',(-5.28101418278573,10.8414258380167,3.375));
#5202=CARTESIAN_POINT('Origin',(-4.28872043330578,10.326301469788,3.375));
#5203=CARTESIAN_POINT('Origin',(-5.09773742768073,9.73851621749551,3.375));
#5204=CARTESIAN_POINT('',(-4.52350969756541,11.3299816628091,3.375));
#5205=CARTESIAN_POINT('Origin',(-3.96511370788756,10.5614155181529,3.375));
#5206=CARTESIAN_POINT('',(-5.65613341735858,10.5070823621517,3.375));
#5207=CARTESIAN_POINT('Origin',(-7.08151265416783,12.468948573511,0.));
#5208=CARTESIAN_POINT('Origin',(-8.09110030686804,7.56371078401336,3.375));
#5209=CARTESIAN_POINT('',(-8.67888555916051,8.37272777838831,3.375));
#5210=CARTESIAN_POINT('Origin',(-3.56060521070008,10.8553081442991,3.375));
#5211=CARTESIAN_POINT('',(-4.14839046299256,11.6643251386741,3.375));
#5212=CARTESIAN_POINT('Origin',(1.65,-5.4375,6.25));
#5213=CARTESIAN_POINT('',(1.6,-10.875,5.75));
#5214=CARTESIAN_POINT('',(1.6,-5.4375,5.75));
#5215=CARTESIAN_POINT('',(1.6,-10.875,5.75));
#5216=CARTESIAN_POINT('Origin',(1.65,-10.875,3.375));
#5217=CARTESIAN_POINT('',(1.6,-10.875,1.));
#5218=CARTESIAN_POINT('Origin',(1.6,-10.875,3.375));
#5219=CARTESIAN_POINT('',(1.6,-10.875,1.));
#5220=CARTESIAN_POINT('Origin',(1.65,-5.4375,0.5));
#5221=CARTESIAN_POINT('',(1.6,-5.4375,1.));
#5222=CARTESIAN_POINT('Origin',(1.6,-7.5,0.));
#5223=CARTESIAN_POINT('',(1.6,-11.925,3.375));
#5224=CARTESIAN_POINT('Origin',(1.6,-10.875,3.375));
#5225=CARTESIAN_POINT('Origin',(-1.65,-8.8125,6.25));
#5226=CARTESIAN_POINT('',(-1.6,-10.875,5.75));
#5227=CARTESIAN_POINT('',(-1.7,-10.875,6.75));
#5228=CARTESIAN_POINT('',(-1.6,-8.8125,5.75));
#5229=CARTESIAN_POINT('Origin',(-1.65,-10.875,3.375));
#5230=CARTESIAN_POINT('',(-1.6,-10.875,1.));
#5231=CARTESIAN_POINT('',(-1.7,-10.875,0.));
#5232=CARTESIAN_POINT('Origin',(-1.6,-10.875,3.375));
#5233=CARTESIAN_POINT('Origin',(-1.7,-10.875,3.375));
#5234=CARTESIAN_POINT('Origin',(-1.65,-8.8125,0.5));
#5235=CARTESIAN_POINT('',(-1.6,-8.8125,1.));
#5236=CARTESIAN_POINT('Origin',(-1.6,-10.875,3.375));
#5237=CARTESIAN_POINT('Origin',(3.49999991059303,-10.875,3.375));
#5238=CARTESIAN_POINT('',(2.99999991059303,-11.825,3.375));
#5239=CARTESIAN_POINT('',(3.49999991059303,-11.875,3.375));
#5240=CARTESIAN_POINT('Origin',(2.99999991059303,-10.875,3.375));
#5241=CARTESIAN_POINT('Origin',(-1.6,-10.875,3.375));
#5242=CARTESIAN_POINT('',(2.6,-11.825,3.375));
#5243=CARTESIAN_POINT('Origin',(2.6,-10.875,3.375));
#5244=CARTESIAN_POINT('',(-1.6,-11.825,3.375));
#5245=CARTESIAN_POINT('Origin',(-2.1,-10.875,3.375));
#5246=CARTESIAN_POINT('',(-1.6,-11.925,3.375));
#5247=CARTESIAN_POINT('Origin',(-1.6,-10.875,3.375));
#5248=CARTESIAN_POINT('',(-2.6,-11.825,3.375));
#5249=CARTESIAN_POINT('',(-2.1,-11.875,3.375));
#5250=CARTESIAN_POINT('Origin',(-2.6,-10.875,3.375));
#5251=CARTESIAN_POINT('Origin',(-1.6,-10.875,3.375));
#5252=CARTESIAN_POINT('',(-2.99999991059303,-11.825,3.375));
#5253=CARTESIAN_POINT('Origin',(-2.99999991059303,-10.875,3.375));
#5254=CARTESIAN_POINT('',(-1.6,-11.825,3.375));
#5255=CARTESIAN_POINT('Origin',(-1.6,-14.25,0.));
#5256=CARTESIAN_POINT('Origin',(2.1,-10.875,3.375));
#5257=CARTESIAN_POINT('',(2.1,-11.875,3.375));
#5258=CARTESIAN_POINT('Origin',(-3.49999991059303,-10.875,3.375));
#5259=CARTESIAN_POINT('',(-3.49999991059303,-11.875,3.375));
#5260=CARTESIAN_POINT('Origin',(5.68124784807356,-0.111036655026774,6.25));
#5261=CARTESIAN_POINT('',(10.8371668057097,-1.83886938775531,5.75));
#5262=CARTESIAN_POINT('',(5.66579699835482,-0.158589480841531,5.75));
#5263=CARTESIAN_POINT('',(10.8371668057097,-1.83886938775531,5.75));
#5264=CARTESIAN_POINT('Origin',(10.8526176554285,-1.79131656194055,3.375));
#5265=CARTESIAN_POINT('',(10.8371668057097,-1.83886938775531,1.));
#5266=CARTESIAN_POINT('Origin',(10.8371668057097,-1.83886938775531,3.375));
#5267=CARTESIAN_POINT('',(10.8371668057097,-1.83886938775531,1.));
#5268=CARTESIAN_POINT('Origin',(10.8680685051472,-1.74376373612579,3.375));
#5269=CARTESIAN_POINT('Origin',(5.68124784807356,-0.111036655026774,0.5));
#5270=CARTESIAN_POINT('',(5.66579699835482,-0.158589480841531,1.));
#5271=CARTESIAN_POINT('Origin',(7.62735106321357,-0.79593703173986,0.));
#5272=CARTESIAN_POINT('',(11.8357761478196,-2.163337231849,3.375));
#5273=CARTESIAN_POINT('Origin',(10.8371668057097,-1.83886938775531,3.375));
#5274=CARTESIAN_POINT('Origin',(7.87130750913238,-4.29245551481623,6.25));
#5275=CARTESIAN_POINT('',(9.84831242370988,-4.8822502398998,5.75));
#5276=CARTESIAN_POINT('',(9.81741072427238,-4.97735589152932,6.75));
#5277=CARTESIAN_POINT('',(7.88675835885113,-4.24490268900147,5.75));
#5278=CARTESIAN_POINT('Origin',(9.83286157399113,-4.92980306571456,3.375));
#5279=CARTESIAN_POINT('',(9.84831242370988,-4.8822502398998,1.));
#5280=CARTESIAN_POINT('',(9.81741072427238,-4.97735589152932,0.));
#5281=CARTESIAN_POINT('Origin',(9.84831242370988,-4.8822502398998,3.375));
#5282=CARTESIAN_POINT('Origin',(9.81741072427238,-4.97735589152932,3.375));
#5283=CARTESIAN_POINT('Origin',(7.87130750913238,-4.29245551481623,0.5));
#5284=CARTESIAN_POINT('',(7.88675835885113,-4.24490268900147,1.));
#5285=CARTESIAN_POINT('Origin',(9.84831242370988,-4.8822502398998,3.375));
#5286=CARTESIAN_POINT('Origin',(11.4242990673938,-0.0318620918255946,3.375));
#5287=CARTESIAN_POINT('',(12.5774169066912,0.119198322228287,3.375));
#5288=CARTESIAN_POINT('Origin',(11.5788075645813,0.443666166321982,3.375));
#5289=CARTESIAN_POINT('',(12.1732942606868,-0.800956494629371,3.375));
#5290=CARTESIAN_POINT('',(12.375355583689,-0.340879086200542,3.375));
#5291=CARTESIAN_POINT('Origin',(11.2697905702064,-0.507390349973171,3.375));
#5292=CARTESIAN_POINT('Origin',(9.84831242370988,-4.8822502398998,3.375));
#5293=CARTESIAN_POINT('',(12.0496874905651,-1.18137901611635,3.375));
#5294=CARTESIAN_POINT('Origin',(11.1461838000847,-0.887812871460154,3.375));
#5295=CARTESIAN_POINT('',(10.7518161141903,-5.175816384556,3.375));
#5296=CARTESIAN_POINT('Origin',(14.7886233070775,-0.599266189693466,0.));
#5297=CARTESIAN_POINT('Origin',(9.6938039265224,-5.35777849804738,3.375));
#5298=CARTESIAN_POINT('',(10.8469217658198,-5.20671808399349,3.375));
#5299=CARTESIAN_POINT('Origin',(9.84831242370988,-4.8822502398998,3.375));
#5300=CARTESIAN_POINT('',(10.4427991198153,-6.12687290085115,3.375));
#5301=CARTESIAN_POINT('',(10.6448604428176,-5.66679549242232,3.375));
#5302=CARTESIAN_POINT('Origin',(9.53929542933493,-5.83330675619495,3.375));
#5303=CARTESIAN_POINT('Origin',(9.84831242370988,-4.8822502398998,3.375));
#5304=CARTESIAN_POINT('',(10.3191923496936,-6.50729542233814,3.375));
#5305=CARTESIAN_POINT('Origin',(9.41568865921323,-6.21372927768194,3.375));
#5306=CARTESIAN_POINT('',(10.7518161141903,-5.175816384556,3.375));
#5307=CARTESIAN_POINT('Origin',(13.058128166206,-5.92518259591525,0.));
#5308=CARTESIAN_POINT('Origin',(10.9916753028972,-1.36334112960773,3.375));
#5309=CARTESIAN_POINT('',(11.9427318191923,-1.67235812398268,3.375));
#5310=CARTESIAN_POINT('Origin',(9.26118016202575,-6.68925753582951,3.375));
#5311=CARTESIAN_POINT('',(10.2122366783209,-6.99827453020446,3.375));
#5312=CARTESIAN_POINT('Origin',(9.84831242370988,-4.8822502398998,3.375));
#5313=CARTESIAN_POINT('Origin',(-4.66149176663624,-3.24952315880078,6.25));
#5314=CARTESIAN_POINT('',(-9.84831242370988,-4.8822502398998,5.75));
#5315=CARTESIAN_POINT('',(-4.67694261635498,-3.20197033298602,5.75));
#5316=CARTESIAN_POINT('',(-9.84831242370988,-4.8822502398998,5.75));
#5317=CARTESIAN_POINT('Origin',(-9.83286157399113,-4.92980306571455,3.375));
#5318=CARTESIAN_POINT('',(-9.84831242370988,-4.8822502398998,1.));
#5319=CARTESIAN_POINT('Origin',(-9.84831242370988,-4.8822502398998,3.375));
#5320=CARTESIAN_POINT('',(-9.84831242370988,-4.8822502398998,1.));
#5321=CARTESIAN_POINT('Origin',(-4.66149176663624,-3.24952315880078,0.5));
#5322=CARTESIAN_POINT('',(-4.67694261635498,-3.20197033298602,1.));
#5323=CARTESIAN_POINT('Origin',(-6.63849668121374,-3.83931788388435,0.));
#5324=CARTESIAN_POINT('',(-10.8469217658198,-5.20671808399349,3.375));
#5325=CARTESIAN_POINT('Origin',(-9.84831242370988,-4.8822502398998,3.375));
#5326=CARTESIAN_POINT('Origin',(-8.89106359056971,-1.15396901104222,6.25));
#5327=CARTESIAN_POINT('',(-10.8371668057097,-1.83886938775531,5.75));
#5328=CARTESIAN_POINT('',(-10.8680685051472,-1.74376373612579,6.75));
#5329=CARTESIAN_POINT('',(-8.87561274085096,-1.20152183685698,5.75));
#5330=CARTESIAN_POINT('Origin',(-10.8526176554285,-1.79131656194055,3.375));
#5331=CARTESIAN_POINT('',(-10.8371668057097,-1.83886938775531,1.));
#5332=CARTESIAN_POINT('',(-10.8680685051472,-1.74376373612579,0.));
#5333=CARTESIAN_POINT('Origin',(-10.8371668057097,-1.83886938775531,3.375));
#5334=CARTESIAN_POINT('Origin',(-10.8680685051472,-1.74376373612579,3.375));
#5335=CARTESIAN_POINT('Origin',(-8.89106359056971,-1.15396901104222,0.5));
#5336=CARTESIAN_POINT('',(-8.87561274085096,-1.20152183685698,1.));
#5337=CARTESIAN_POINT('Origin',(-10.8371668057097,-1.83886938775531,3.375));
#5338=CARTESIAN_POINT('Origin',(-9.26118016202575,-6.68925753582951,3.375));
#5339=CARTESIAN_POINT('',(-10.3191923496936,-6.50729542233813,3.375));
#5340=CARTESIAN_POINT('',(-10.2122366783209,-6.99827453020446,3.375));
#5341=CARTESIAN_POINT('Origin',(-9.41568865921323,-6.21372927768193,3.375));
#5342=CARTESIAN_POINT('Origin',(-10.8371668057097,-1.83886938775531,3.375));
#5343=CARTESIAN_POINT('',(-10.4427991198153,-6.12687290085115,3.375));
#5344=CARTESIAN_POINT('Origin',(-9.53929542933493,-5.83330675619495,3.375));
#5345=CARTESIAN_POINT('',(-11.7406704961901,-2.1324355324115,3.375));
#5346=CARTESIAN_POINT('Origin',(-10.9916753028972,-1.36334112960773,3.375));
#5347=CARTESIAN_POINT('',(-11.8357761478196,-2.163337231849,3.375));
#5348=CARTESIAN_POINT('Origin',(-10.8371668057097,-1.83886938775531,3.375));
#5349=CARTESIAN_POINT('',(-12.0496874905651,-1.18137901611635,3.375));
#5350=CARTESIAN_POINT('',(-11.9427318191923,-1.67235812398268,3.375));
#5351=CARTESIAN_POINT('Origin',(-11.1461838000847,-0.887812871460152,3.375));
#5352=CARTESIAN_POINT('Origin',(-10.8371668057097,-1.83886938775531,3.375));
#5353=CARTESIAN_POINT('',(-12.1732942606868,-0.800956494629367,3.375));
#5354=CARTESIAN_POINT('Origin',(-11.2697905702064,-0.507390349973168,3.375));
#5355=CARTESIAN_POINT('',(-11.7406704961901,-2.1324355324115,3.375));
#5356=CARTESIAN_POINT('Origin',(-14.0469825482059,-2.88180174377075,0.));
#5357=CARTESIAN_POINT('Origin',(-9.6938039265224,-5.35777849804737,3.375));
#5358=CARTESIAN_POINT('',(-10.6448604428176,-5.66679549242232,3.375));
#5359=CARTESIAN_POINT('Origin',(-11.4242990673938,-0.0318620918255919,3.375));
#5360=CARTESIAN_POINT('',(-12.375355583689,-0.340879086200539,3.375));
#5361=UNCERTAINTY_MEASURE_WITH_UNIT(LENGTH_MEASURE(0.01),#5365,
'DISTANCE_ACCURACY_VALUE',
'Maximum model space distance between geometric entities at asserted c
onnectivities');
#5362=UNCERTAINTY_MEASURE_WITH_UNIT(LENGTH_MEASURE(0.01),#5365,
'DISTANCE_ACCURACY_VALUE',
'Maximum model space distance between geometric entities at asserted c
onnectivities');
#5363=(
GEOMETRIC_REPRESENTATION_CONTEXT(3)
GLOBAL_UNCERTAINTY_ASSIGNED_CONTEXT((#5361))
GLOBAL_UNIT_ASSIGNED_CONTEXT((#5365,#5367,#5368))
REPRESENTATION_CONTEXT('','3D')
);
#5364=(
GEOMETRIC_REPRESENTATION_CONTEXT(3)
GLOBAL_UNCERTAINTY_ASSIGNED_CONTEXT((#5362))
GLOBAL_UNIT_ASSIGNED_CONTEXT((#5365,#5367,#5368))
REPRESENTATION_CONTEXT('','3D')
);
#5365=(
LENGTH_UNIT()
NAMED_UNIT(*)
SI_UNIT(.MILLI.,.METRE.)
);
#5366=(
LENGTH_UNIT()
NAMED_UNIT(*)
SI_UNIT($,.METRE.)
);
#5367=(
NAMED_UNIT(*)
PLANE_ANGLE_UNIT()
SI_UNIT($,.RADIAN.)
);
#5368=(
NAMED_UNIT(*)
SI_UNIT($,.STERADIAN.)
SOLID_ANGLE_UNIT()
);
#5369=SHAPE_DEFINITION_REPRESENTATION(#5370,#5371);
#5370=PRODUCT_DEFINITION_SHAPE('',$,#5373);
#5371=SHAPE_REPRESENTATION('',(#3079),#5363);
#5372=PRODUCT_DEFINITION_CONTEXT('part definition',#5377,'design');
#5373=PRODUCT_DEFINITION('CenterRingV1','CenterRingV1 v14',#5374,#5372);
#5374=PRODUCT_DEFINITION_FORMATION('',$,#5379);
#5375=PRODUCT_RELATED_PRODUCT_CATEGORY('CenterRingV1 v14',
'CenterRingV1 v14',(#5379));
#5376=APPLICATION_PROTOCOL_DEFINITION('international standard',
'automotive_design',2009,#5377);
#5377=APPLICATION_CONTEXT(
'Core Data for Automotive Mechanical Design Process');
#5378=PRODUCT_CONTEXT('part definition',#5377,'mechanical');
#5379=PRODUCT('CenterRingV1','CenterRingV1 v14',$,(#5378));
#5380=PRESENTATION_STYLE_ASSIGNMENT((#5382));
#5381=PRESENTATION_STYLE_ASSIGNMENT((#5383));
#5382=SURFACE_STYLE_USAGE(.BOTH.,#5384);
#5383=SURFACE_STYLE_USAGE(.BOTH.,#5385);
#5384=SURFACE_SIDE_STYLE('',(#5386));
#5385=SURFACE_SIDE_STYLE('',(#5387));
#5386=SURFACE_STYLE_FILL_AREA(#5388);
#5387=SURFACE_STYLE_FILL_AREA(#5389);
#5388=FILL_AREA_STYLE('Steel - Satin',(#5390));
#5389=FILL_AREA_STYLE('ABS (White)',(#5391));
#5390=FILL_AREA_STYLE_COLOUR('Steel - Satin',#5392);
#5391=FILL_AREA_STYLE_COLOUR('ABS (White)',#5393);
#5392=COLOUR_RGB('Steel - Satin',0.627450980392157,0.627450980392157,0.627450980392157);
#5393=COLOUR_RGB('ABS (White)',0.964705882352941,0.964705882352941,0.952941176470588);
ENDSEC;
END-ISO-10303-21;
