ISO-10303-21;
HEADER;
/* Generated by software containing ST-Developer
 * from STEP Tools, Inc. (www.steptools.com) 
 */

FILE_DESCRIPTION(
/* description */ (''),
/* implementation_level */ '2;1');

FILE_NAME(
/* name */ 'ServoHolder_v10.step',
/* time_stamp */ '2026-08-21T09:12:19-04:00',
/* author */ (''),
/* organization */ (''),
/* preprocessor_version */ 'ST-DEVELOPER v20.1',
/* originating_system */ 'Autodesk Translation Framework v15.8.0.0',
/* authorisation */ '');

FILE_SCHEMA (('AUTOMOTIVE_DESIGN { 1 0 10303 214 3 1 1 }'));
ENDSEC;

DATA;
#10=MECHANICAL_DESIGN_GEOMETRIC_PRESENTATION_REPRESENTATION('',(#13,#14,
#15,#16,#17),#2743);
#11=SHAPE_REPRESENTATION_RELATIONSHIP('SRR','None',#2750,#12);
#12=ADVANCED_BREP_SHAPE_REPRESENTATION('',(#18,#19,#20,#21,#22),#2742);
#13=STYLED_ITEM('',(#2759),#18);
#14=STYLED_ITEM('',(#2760),#19);
#15=STYLED_ITEM('',(#2760),#20);
#16=STYLED_ITEM('',(#2760),#21);
#17=STYLED_ITEM('',(#2760),#22);
#18=MANIFOLD_SOLID_BREP('Body1',#1477);
#19=MANIFOLD_SOLID_BREP('Body8',#1478);
#20=MANIFOLD_SOLID_BREP('Body2',#1479);
#21=MANIFOLD_SOLID_BREP('Body3',#1480);
#22=MANIFOLD_SOLID_BREP('Body5',#1481);
#23=CYLINDRICAL_SURFACE('',#1524,4.);
#24=CYLINDRICAL_SURFACE('',#1532,4.);
#25=CYLINDRICAL_SURFACE('',#1539,4.);
#26=CYLINDRICAL_SURFACE('',#1548,4.);
#27=CYLINDRICAL_SURFACE('',#1554,4.5);
#28=CYLINDRICAL_SURFACE('',#1561,4.5);
#29=CYLINDRICAL_SURFACE('',#1568,4.5);
#30=CYLINDRICAL_SURFACE('',#1575,4.49999950826169);
#31=CYLINDRICAL_SURFACE('',#1578,0.875);
#32=CYLINDRICAL_SURFACE('',#1582,0.874999999999999);
#33=CYLINDRICAL_SURFACE('',#1586,0.874999999999999);
#34=CYLINDRICAL_SURFACE('',#1590,0.875000000000001);
#35=CYLINDRICAL_SURFACE('',#1595,2.);
#36=CYLINDRICAL_SURFACE('',#1597,2.);
#37=CYLINDRICAL_SURFACE('',#1599,2.);
#38=CYLINDRICAL_SURFACE('',#1601,2.);
#39=CYLINDRICAL_SURFACE('',#1620,2.8);
#40=CYLINDRICAL_SURFACE('',#1621,2.8);
#41=CYLINDRICAL_SURFACE('',#1626,2.8);
#42=CYLINDRICAL_SURFACE('',#1627,2.8);
#43=CYLINDRICAL_SURFACE('',#1631,1.666);
#44=CYLINDRICAL_SURFACE('',#1634,2.8);
#45=CYLINDRICAL_SURFACE('',#1639,1.666);
#46=CYLINDRICAL_SURFACE('',#1642,2.8);
#47=CYLINDRICAL_SURFACE('',#1647,1.666);
#48=CYLINDRICAL_SURFACE('',#1650,2.8);
#49=CYLINDRICAL_SURFACE('',#1655,1.666);
#50=CYLINDRICAL_SURFACE('',#1658,2.8);
#51=(
BOUNDED_SURFACE()
B_SPLINE_SURFACE(2,2,((#2225,#2226,#2227,#2228,#2229,#2230,#2231,#2232,
#2233),(#2234,#2235,#2236,#2237,#2238,#2239,#2240,#2241,#2242),(#2243,#2244,
#2245,#2246,#2247,#2248,#2249,#2250,#2251)),.UNSPECIFIED.,.F.,.T.,.F.)
B_SPLINE_SURFACE_WITH_KNOTS((3,3),(3,2,2,2,3),(0.,1.5707963267949),(-3.14159265358979,
-1.5707963267949,0.,1.5707963267949,3.14159265358979),.UNSPECIFIED.)
GEOMETRIC_REPRESENTATION_ITEM()
RATIONAL_B_SPLINE_SURFACE(((1.,0.707106781186548,1.,0.707106781186548,1.,
0.707106781186548,1.,0.707106781186548,1.),(0.707106781186536,0.499999999999992,
0.707106781186536,0.499999999999992,0.707106781186536,0.499999999999992,
0.707106781186536,0.499999999999992,0.707106781186536),(1.,0.707106781186548,
1.,0.707106781186548,1.,0.707106781186548,1.,0.707106781186548,1.)))
REPRESENTATION_ITEM('')
SURFACE()
);
#52=(
BOUNDED_SURFACE()
B_SPLINE_SURFACE(2,2,((#2271,#2272,#2273,#2274,#2275,#2276,#2277,#2278,
#2279),(#2280,#2281,#2282,#2283,#2284,#2285,#2286,#2287,#2288),(#2289,#2290,
#2291,#2292,#2293,#2294,#2295,#2296,#2297)),.UNSPECIFIED.,.F.,.T.,.F.)
B_SPLINE_SURFACE_WITH_KNOTS((3,3),(3,2,2,2,3),(0.,1.5707963267949),(-3.14159265358979,
-1.5707963267949,0.,1.5707963267949,3.14159265358979),.UNSPECIFIED.)
GEOMETRIC_REPRESENTATION_ITEM()
RATIONAL_B_SPLINE_SURFACE(((1.,0.707106781186548,1.,0.707106781186548,1.,
0.707106781186548,1.,0.707106781186548,1.),(0.707106781186542,0.499999999999996,
0.707106781186542,0.499999999999996,0.707106781186542,0.499999999999996,
0.707106781186542,0.499999999999996,0.707106781186542),(1.,0.707106781186548,
1.,0.707106781186548,1.,0.707106781186548,1.,0.707106781186548,1.)))
REPRESENTATION_ITEM('')
SURFACE()
);
#53=(
BOUNDED_SURFACE()
B_SPLINE_SURFACE(2,2,((#2310,#2311,#2312,#2313,#2314,#2315,#2316,#2317,
#2318),(#2319,#2320,#2321,#2322,#2323,#2324,#2325,#2326,#2327),(#2328,#2329,
#2330,#2331,#2332,#2333,#2334,#2335,#2336)),.UNSPECIFIED.,.F.,.T.,.F.)
B_SPLINE_SURFACE_WITH_KNOTS((3,3),(3,2,2,2,3),(0.,1.5707963267949),(-3.14159265358979,
-1.5707963267949,0.,1.5707963267949,3.14159265358979),.UNSPECIFIED.)
GEOMETRIC_REPRESENTATION_ITEM()
RATIONAL_B_SPLINE_SURFACE(((1.,0.707106781186548,1.,0.707106781186548,1.,
0.707106781186548,1.,0.707106781186548,1.),(0.707106781186541,0.499999999999996,
0.707106781186541,0.499999999999996,0.707106781186541,0.499999999999996,
0.707106781186541,0.499999999999996,0.707106781186541),(1.,0.707106781186548,
1.,0.707106781186548,1.,0.707106781186548,1.,0.707106781186548,1.)))
REPRESENTATION_ITEM('')
SURFACE()
);
#54=(
BOUNDED_SURFACE()
B_SPLINE_SURFACE(2,2,((#2349,#2350,#2351,#2352,#2353,#2354,#2355,#2356,
#2357),(#2358,#2359,#2360,#2361,#2362,#2363,#2364,#2365,#2366),(#2367,#2368,
#2369,#2370,#2371,#2372,#2373,#2374,#2375)),.UNSPECIFIED.,.F.,.T.,.F.)
B_SPLINE_SURFACE_WITH_KNOTS((3,3),(3,2,2,2,3),(0.,1.5707963267949),(-3.14159265358979,
-1.5707963267949,0.,1.5707963267949,3.14159265358979),.UNSPECIFIED.)
GEOMETRIC_REPRESENTATION_ITEM()
RATIONAL_B_SPLINE_SURFACE(((1.,0.707106781186548,1.,0.707106781186548,1.,
0.707106781186548,1.,0.707106781186548,1.),(0.707106781186542,0.499999999999996,
0.707106781186542,0.499999999999996,0.707106781186542,0.499999999999996,
0.707106781186542,0.499999999999996,0.707106781186542),(1.,0.707106781186548,
1.,0.707106781186548,1.,0.707106781186548,1.,0.707106781186548,1.)))
REPRESENTATION_ITEM('')
SURFACE()
);
#55=(
BOUNDED_SURFACE()
B_SPLINE_SURFACE(2,2,((#2391,#2392,#2393,#2394,#2395,#2396,#2397,#2398,
#2399),(#2400,#2401,#2402,#2403,#2404,#2405,#2406,#2407,#2408),(#2409,#2410,
#2411,#2412,#2413,#2414,#2415,#2416,#2417)),.UNSPECIFIED.,.F.,.T.,.F.)
B_SPLINE_SURFACE_WITH_KNOTS((3,3),(3,2,2,2,3),(-1.5707963267949,0.),(-3.14159265358979,
-1.5707963267949,0.,1.5707963267949,3.14159265358979),.UNSPECIFIED.)
GEOMETRIC_REPRESENTATION_ITEM()
RATIONAL_B_SPLINE_SURFACE(((1.,0.707106781186548,1.,0.707106781186548,1.,
0.707106781186548,1.,0.707106781186548,1.),(0.707106781186549,0.500000000000001,
0.707106781186549,0.500000000000001,0.707106781186549,0.500000000000001,
0.707106781186549,0.500000000000001,0.707106781186549),(1.,0.707106781186548,
1.,0.707106781186548,1.,0.707106781186548,1.,0.707106781186548,1.)))
REPRESENTATION_ITEM('')
SURFACE()
);
#56=(
BOUNDED_SURFACE()
B_SPLINE_SURFACE(2,2,((#2430,#2431,#2432,#2433,#2434,#2435,#2436,#2437,
#2438),(#2439,#2440,#2441,#2442,#2443,#2444,#2445,#2446,#2447),(#2448,#2449,
#2450,#2451,#2452,#2453,#2454,#2455,#2456)),.UNSPECIFIED.,.F.,.T.,.F.)
B_SPLINE_SURFACE_WITH_KNOTS((3,3),(3,2,2,2,3),(-1.5707963267949,0.),(-3.14159265358979,
-1.5707963267949,0.,1.5707963267949,3.14159265358979),.UNSPECIFIED.)
GEOMETRIC_REPRESENTATION_ITEM()
RATIONAL_B_SPLINE_SURFACE(((1.,0.707106781186548,1.,0.707106781186548,1.,
0.707106781186548,1.,0.707106781186548,1.),(0.707106781186548,0.5,0.707106781186548,
0.5,0.707106781186548,0.5,0.707106781186548,0.5,0.707106781186548),(1.,
0.707106781186548,1.,0.707106781186548,1.,0.707106781186548,1.,0.707106781186548,
1.)))
REPRESENTATION_ITEM('')
SURFACE()
);
#57=(
BOUNDED_SURFACE()
B_SPLINE_SURFACE(2,2,((#2469,#2470,#2471,#2472,#2473,#2474,#2475,#2476,
#2477),(#2478,#2479,#2480,#2481,#2482,#2483,#2484,#2485,#2486),(#2487,#2488,
#2489,#2490,#2491,#2492,#2493,#2494,#2495)),.UNSPECIFIED.,.F.,.T.,.F.)
B_SPLINE_SURFACE_WITH_KNOTS((3,3),(3,2,2,2,3),(-1.5707963267949,0.),(-3.14159265358979,
-1.5707963267949,0.,1.5707963267949,3.14159265358979),.UNSPECIFIED.)
GEOMETRIC_REPRESENTATION_ITEM()
RATIONAL_B_SPLINE_SURFACE(((1.,0.707106781186548,1.,0.707106781186548,1.,
0.707106781186548,1.,0.707106781186548,1.),(0.707106781186547,0.5,0.707106781186547,
0.5,0.707106781186547,0.5,0.707106781186547,0.5,0.707106781186547),(1.,
0.707106781186548,1.,0.707106781186548,1.,0.707106781186548,1.,0.707106781186548,
1.)))
REPRESENTATION_ITEM('')
SURFACE()
);
#58=(
BOUNDED_SURFACE()
B_SPLINE_SURFACE(2,2,((#2508,#2509,#2510,#2511,#2512,#2513,#2514,#2515,
#2516),(#2517,#2518,#2519,#2520,#2521,#2522,#2523,#2524,#2525),(#2526,#2527,
#2528,#2529,#2530,#2531,#2532,#2533,#2534)),.UNSPECIFIED.,.F.,.T.,.F.)
B_SPLINE_SURFACE_WITH_KNOTS((3,3),(3,2,2,2,3),(-1.5707963267949,0.),(-3.14159265358979,
-1.5707963267949,0.,1.5707963267949,3.14159265358979),.UNSPECIFIED.)
GEOMETRIC_REPRESENTATION_ITEM()
RATIONAL_B_SPLINE_SURFACE(((1.,0.707106781186548,1.,0.707106781186548,1.,
0.707106781186548,1.,0.707106781186548,1.),(0.707106781186549,0.500000000000001,
0.707106781186549,0.500000000000001,0.707106781186549,0.500000000000001,
0.707106781186549,0.500000000000001,0.707106781186549),(1.,0.707106781186548,
1.,0.707106781186548,1.,0.707106781186548,1.,0.707106781186548,1.)))
REPRESENTATION_ITEM('')
SURFACE()
);
#59=FACE_BOUND('',#274,.T.);
#60=FACE_BOUND('',#275,.T.);
#61=FACE_BOUND('',#276,.T.);
#62=FACE_BOUND('',#277,.T.);
#63=FACE_BOUND('',#278,.T.);
#64=FACE_BOUND('',#285,.T.);
#65=FACE_BOUND('',#290,.T.);
#66=FACE_BOUND('',#294,.T.);
#67=FACE_BOUND('',#297,.T.);
#68=FACE_BOUND('',#313,.T.);
#69=FACE_BOUND('',#316,.T.);
#70=FACE_BOUND('',#319,.T.);
#71=FACE_BOUND('',#322,.T.);
#72=FACE_BOUND('',#331,.T.);
#73=FACE_BOUND('',#332,.T.);
#74=FACE_BOUND('',#333,.T.);
#75=FACE_BOUND('',#334,.T.);
#76=FACE_BOUND('',#356,.T.);
#77=FACE_BOUND('',#357,.T.);
#78=FACE_BOUND('',#358,.T.);
#79=FACE_BOUND('',#359,.T.);
#80=FACE_BOUND('',#360,.T.);
#81=FACE_BOUND('',#364,.T.);
#82=FACE_BOUND('',#366,.T.);
#83=FACE_BOUND('',#370,.T.);
#84=FACE_BOUND('',#372,.T.);
#85=FACE_BOUND('',#376,.T.);
#86=FACE_BOUND('',#378,.T.);
#87=FACE_BOUND('',#382,.T.);
#88=FACE_BOUND('',#384,.T.);
#89=CIRCLE('',#1502,4.);
#90=CIRCLE('',#1503,4.);
#91=CIRCLE('',#1505,4.);
#92=CIRCLE('',#1506,4.);
#93=CIRCLE('',#1507,4.);
#94=CIRCLE('',#1508,4.);
#95=CIRCLE('',#1510,2.8);
#96=CIRCLE('',#1511,2.8);
#97=CIRCLE('',#1512,2.8);
#98=CIRCLE('',#1513,2.8);
#99=CIRCLE('',#1518,2.);
#100=CIRCLE('',#1519,2.);
#101=CIRCLE('',#1520,4.);
#102=CIRCLE('',#1521,4.);
#103=CIRCLE('',#1523,0.874999999999999);
#104=CIRCLE('',#1525,4.);
#105=CIRCLE('',#1526,4.);
#106=CIRCLE('',#1527,4.);
#107=CIRCLE('',#1528,2.);
#108=CIRCLE('',#1529,2.);
#109=CIRCLE('',#1530,4.);
#110=CIRCLE('',#1531,4.);
#111=CIRCLE('',#1534,0.875000000000001);
#112=CIRCLE('',#1535,2.);
#113=CIRCLE('',#1536,2.);
#114=CIRCLE('',#1537,4.);
#115=CIRCLE('',#1538,4.);
#116=CIRCLE('',#1541,0.875);
#117=CIRCLE('',#1542,2.);
#118=CIRCLE('',#1543,2.);
#119=CIRCLE('',#1544,4.);
#120=CIRCLE('',#1545,4.);
#121=CIRCLE('',#1547,0.874999999999999);
#122=CIRCLE('',#1549,4.);
#123=CIRCLE('',#1550,4.5);
#124=CIRCLE('',#1551,2.5);
#125=CIRCLE('',#1552,2.);
#126=CIRCLE('',#1553,4.5);
#127=CIRCLE('',#1555,4.5);
#128=CIRCLE('',#1557,4.5);
#129=CIRCLE('',#1558,2.5);
#130=CIRCLE('',#1559,2.);
#131=CIRCLE('',#1560,4.5);
#132=CIRCLE('',#1562,4.5);
#133=CIRCLE('',#1564,4.5);
#134=CIRCLE('',#1565,2.5);
#135=CIRCLE('',#1566,2.);
#136=CIRCLE('',#1567,4.5);
#137=CIRCLE('',#1569,4.5);
#138=CIRCLE('',#1571,4.49999950826169);
#139=CIRCLE('',#1572,2.5);
#140=CIRCLE('',#1573,1.99999950826169);
#141=CIRCLE('',#1574,4.49999950826169);
#142=CIRCLE('',#1576,4.49999950826169);
#143=CIRCLE('',#1579,0.875);
#144=CIRCLE('',#1581,2.);
#145=CIRCLE('',#1583,0.874999999999999);
#146=CIRCLE('',#1585,2.);
#147=CIRCLE('',#1587,0.874999999999999);
#148=CIRCLE('',#1589,2.);
#149=CIRCLE('',#1591,0.875000000000001);
#150=CIRCLE('',#1593,2.);
#151=CIRCLE('',#1596,2.);
#152=CIRCLE('',#1598,2.);
#153=CIRCLE('',#1600,2.);
#154=CIRCLE('',#1602,2.);
#155=CIRCLE('',#1613,2.8);
#156=CIRCLE('',#1615,2.8);
#157=CIRCLE('',#1617,2.8);
#158=CIRCLE('',#1619,2.8);
#159=CIRCLE('',#1632,1.666);
#160=CIRCLE('',#1633,1.666);
#161=CIRCLE('',#1635,2.8);
#162=CIRCLE('',#1636,2.8);
#163=CIRCLE('',#1640,1.666);
#164=CIRCLE('',#1641,1.666);
#165=CIRCLE('',#1643,2.8);
#166=CIRCLE('',#1644,2.8);
#167=CIRCLE('',#1648,1.666);
#168=CIRCLE('',#1649,1.666);
#169=CIRCLE('',#1651,2.8);
#170=CIRCLE('',#1652,2.8);
#171=CIRCLE('',#1656,1.666);
#172=CIRCLE('',#1657,1.666);
#173=CIRCLE('',#1659,2.8);
#174=CIRCLE('',#1660,2.8);
#175=FACE_OUTER_BOUND('',#265,.T.);
#176=FACE_OUTER_BOUND('',#266,.T.);
#177=FACE_OUTER_BOUND('',#267,.T.);
#178=FACE_OUTER_BOUND('',#268,.T.);
#179=FACE_OUTER_BOUND('',#269,.T.);
#180=FACE_OUTER_BOUND('',#270,.T.);
#181=FACE_OUTER_BOUND('',#271,.T.);
#182=FACE_OUTER_BOUND('',#272,.T.);
#183=FACE_OUTER_BOUND('',#273,.T.);
#184=FACE_OUTER_BOUND('',#279,.T.);
#185=FACE_OUTER_BOUND('',#280,.T.);
#186=FACE_OUTER_BOUND('',#281,.T.);
#187=FACE_OUTER_BOUND('',#282,.T.);
#188=FACE_OUTER_BOUND('',#283,.T.);
#189=FACE_OUTER_BOUND('',#284,.T.);
#190=FACE_OUTER_BOUND('',#286,.T.);
#191=FACE_OUTER_BOUND('',#287,.T.);
#192=FACE_OUTER_BOUND('',#288,.T.);
#193=FACE_OUTER_BOUND('',#289,.T.);
#194=FACE_OUTER_BOUND('',#291,.T.);
#195=FACE_OUTER_BOUND('',#292,.T.);
#196=FACE_OUTER_BOUND('',#293,.T.);
#197=FACE_OUTER_BOUND('',#295,.T.);
#198=FACE_OUTER_BOUND('',#296,.T.);
#199=FACE_OUTER_BOUND('',#298,.T.);
#200=FACE_OUTER_BOUND('',#299,.T.);
#201=FACE_OUTER_BOUND('',#300,.T.);
#202=FACE_OUTER_BOUND('',#301,.T.);
#203=FACE_OUTER_BOUND('',#302,.T.);
#204=FACE_OUTER_BOUND('',#303,.T.);
#205=FACE_OUTER_BOUND('',#304,.T.);
#206=FACE_OUTER_BOUND('',#305,.T.);
#207=FACE_OUTER_BOUND('',#306,.T.);
#208=FACE_OUTER_BOUND('',#307,.T.);
#209=FACE_OUTER_BOUND('',#308,.T.);
#210=FACE_OUTER_BOUND('',#309,.T.);
#211=FACE_OUTER_BOUND('',#310,.T.);
#212=FACE_OUTER_BOUND('',#311,.T.);
#213=FACE_OUTER_BOUND('',#312,.T.);
#214=FACE_OUTER_BOUND('',#314,.T.);
#215=FACE_OUTER_BOUND('',#315,.T.);
#216=FACE_OUTER_BOUND('',#317,.T.);
#217=FACE_OUTER_BOUND('',#318,.T.);
#218=FACE_OUTER_BOUND('',#320,.T.);
#219=FACE_OUTER_BOUND('',#321,.T.);
#220=FACE_OUTER_BOUND('',#323,.T.);
#221=FACE_OUTER_BOUND('',#324,.T.);
#222=FACE_OUTER_BOUND('',#325,.T.);
#223=FACE_OUTER_BOUND('',#326,.T.);
#224=FACE_OUTER_BOUND('',#327,.T.);
#225=FACE_OUTER_BOUND('',#328,.T.);
#226=FACE_OUTER_BOUND('',#329,.T.);
#227=FACE_OUTER_BOUND('',#330,.T.);
#228=FACE_OUTER_BOUND('',#335,.T.);
#229=FACE_OUTER_BOUND('',#336,.T.);
#230=FACE_OUTER_BOUND('',#337,.T.);
#231=FACE_OUTER_BOUND('',#338,.T.);
#232=FACE_OUTER_BOUND('',#339,.T.);
#233=FACE_OUTER_BOUND('',#340,.T.);
#234=FACE_OUTER_BOUND('',#341,.T.);
#235=FACE_OUTER_BOUND('',#342,.T.);
#236=FACE_OUTER_BOUND('',#343,.T.);
#237=FACE_OUTER_BOUND('',#344,.T.);
#238=FACE_OUTER_BOUND('',#345,.T.);
#239=FACE_OUTER_BOUND('',#346,.T.);
#240=FACE_OUTER_BOUND('',#347,.T.);
#241=FACE_OUTER_BOUND('',#348,.T.);
#242=FACE_OUTER_BOUND('',#349,.T.);
#243=FACE_OUTER_BOUND('',#350,.T.);
#244=FACE_OUTER_BOUND('',#351,.T.);
#245=FACE_OUTER_BOUND('',#352,.T.);
#246=FACE_OUTER_BOUND('',#353,.T.);
#247=FACE_OUTER_BOUND('',#354,.T.);
#248=FACE_OUTER_BOUND('',#355,.T.);
#249=FACE_OUTER_BOUND('',#361,.T.);
#250=FACE_OUTER_BOUND('',#362,.T.);
#251=FACE_OUTER_BOUND('',#363,.T.);
#252=FACE_OUTER_BOUND('',#365,.T.);
#253=FACE_OUTER_BOUND('',#367,.T.);
#254=FACE_OUTER_BOUND('',#368,.T.);
#255=FACE_OUTER_BOUND('',#369,.T.);
#256=FACE_OUTER_BOUND('',#371,.T.);
#257=FACE_OUTER_BOUND('',#373,.T.);
#258=FACE_OUTER_BOUND('',#374,.T.);
#259=FACE_OUTER_BOUND('',#375,.T.);
#260=FACE_OUTER_BOUND('',#377,.T.);
#261=FACE_OUTER_BOUND('',#379,.T.);
#262=FACE_OUTER_BOUND('',#380,.T.);
#263=FACE_OUTER_BOUND('',#381,.T.);
#264=FACE_OUTER_BOUND('',#383,.T.);
#265=EDGE_LOOP('',(#937,#938,#939,#940));
#266=EDGE_LOOP('',(#941,#942,#943));
#267=EDGE_LOOP('',(#944,#945,#946,#947,#948,#949,#950,#951,#952,#953));
#268=EDGE_LOOP('',(#954,#955,#956,#957));
#269=EDGE_LOOP('',(#958,#959,#960));
#270=EDGE_LOOP('',(#961,#962,#963));
#271=EDGE_LOOP('',(#964,#965,#966,#967,#968,#969,#970,#971));
#272=EDGE_LOOP('',(#972,#973,#974,#975,#976,#977,#978,#979,#980,#981));
#273=EDGE_LOOP('',(#982,#983,#984,#985,#986,#987,#988,#989,#990,#991,#992,
#993));
#274=EDGE_LOOP('',(#994));
#275=EDGE_LOOP('',(#995));
#276=EDGE_LOOP('',(#996,#997,#998,#999));
#277=EDGE_LOOP('',(#1000));
#278=EDGE_LOOP('',(#1001));
#279=EDGE_LOOP('',(#1002,#1003,#1004));
#280=EDGE_LOOP('',(#1005,#1006,#1007,#1008));
#281=EDGE_LOOP('',(#1009,#1010,#1011,#1012));
#282=EDGE_LOOP('',(#1013,#1014,#1015,#1016,#1017,#1018));
#283=EDGE_LOOP('',(#1019,#1020,#1021,#1022,#1023));
#284=EDGE_LOOP('',(#1024));
#285=EDGE_LOOP('',(#1025));
#286=EDGE_LOOP('',(#1026,#1027,#1028,#1029,#1030,#1031,#1032,#1033,#1034));
#287=EDGE_LOOP('',(#1035,#1036,#1037,#1038,#1039));
#288=EDGE_LOOP('',(#1040,#1041,#1042,#1043,#1044,#1045));
#289=EDGE_LOOP('',(#1046));
#290=EDGE_LOOP('',(#1047));
#291=EDGE_LOOP('',(#1048,#1049,#1050,#1051,#1052));
#292=EDGE_LOOP('',(#1053,#1054,#1055,#1056,#1057,#1058));
#293=EDGE_LOOP('',(#1059));
#294=EDGE_LOOP('',(#1060));
#295=EDGE_LOOP('',(#1061,#1062,#1063,#1064,#1065));
#296=EDGE_LOOP('',(#1066));
#297=EDGE_LOOP('',(#1067));
#298=EDGE_LOOP('',(#1068,#1069,#1070,#1071,#1072,#1073,#1074,#1075,#1076));
#299=EDGE_LOOP('',(#1077,#1078,#1079,#1080,#1081));
#300=EDGE_LOOP('',(#1082,#1083,#1084,#1085,#1086));
#301=EDGE_LOOP('',(#1087));
#302=EDGE_LOOP('',(#1088,#1089,#1090,#1091,#1092));
#303=EDGE_LOOP('',(#1093,#1094,#1095,#1096,#1097));
#304=EDGE_LOOP('',(#1098));
#305=EDGE_LOOP('',(#1099,#1100,#1101,#1102,#1103));
#306=EDGE_LOOP('',(#1104,#1105,#1106,#1107,#1108));
#307=EDGE_LOOP('',(#1109));
#308=EDGE_LOOP('',(#1110,#1111,#1112,#1113,#1114));
#309=EDGE_LOOP('',(#1115,#1116,#1117,#1118,#1119));
#310=EDGE_LOOP('',(#1120));
#311=EDGE_LOOP('',(#1121,#1122,#1123,#1124));
#312=EDGE_LOOP('',(#1125));
#313=EDGE_LOOP('',(#1126));
#314=EDGE_LOOP('',(#1127,#1128,#1129,#1130));
#315=EDGE_LOOP('',(#1131));
#316=EDGE_LOOP('',(#1132));
#317=EDGE_LOOP('',(#1133,#1134,#1135,#1136));
#318=EDGE_LOOP('',(#1137));
#319=EDGE_LOOP('',(#1138));
#320=EDGE_LOOP('',(#1139,#1140,#1141,#1142));
#321=EDGE_LOOP('',(#1143));
#322=EDGE_LOOP('',(#1144));
#323=EDGE_LOOP('',(#1145,#1146,#1147,#1148,#1149,#1150,#1151,#1152));
#324=EDGE_LOOP('',(#1153,#1154,#1155,#1156));
#325=EDGE_LOOP('',(#1157,#1158,#1159,#1160));
#326=EDGE_LOOP('',(#1161,#1162,#1163,#1164));
#327=EDGE_LOOP('',(#1165,#1166,#1167,#1168));
#328=EDGE_LOOP('',(#1169,#1170,#1171,#1172));
#329=EDGE_LOOP('',(#1173,#1174,#1175,#1176));
#330=EDGE_LOOP('',(#1177,#1178,#1179,#1180,#1181,#1182,#1183,#1184,#1185,
#1186,#1187,#1188,#1189,#1190));
#331=EDGE_LOOP('',(#1191));
#332=EDGE_LOOP('',(#1192));
#333=EDGE_LOOP('',(#1193));
#334=EDGE_LOOP('',(#1194));
#335=EDGE_LOOP('',(#1195,#1196,#1197,#1198));
#336=EDGE_LOOP('',(#1199,#1200,#1201,#1202,#1203,#1204));
#337=EDGE_LOOP('',(#1205,#1206,#1207,#1208));
#338=EDGE_LOOP('',(#1209,#1210,#1211,#1212));
#339=EDGE_LOOP('',(#1213,#1214,#1215,#1216));
#340=EDGE_LOOP('',(#1217,#1218,#1219,#1220));
#341=EDGE_LOOP('',(#1221));
#342=EDGE_LOOP('',(#1222));
#343=EDGE_LOOP('',(#1223));
#344=EDGE_LOOP('',(#1224));
#345=EDGE_LOOP('',(#1225,#1226,#1227,#1228));
#346=EDGE_LOOP('',(#1229,#1230,#1231,#1232));
#347=EDGE_LOOP('',(#1233,#1234,#1235,#1236));
#348=EDGE_LOOP('',(#1237,#1238,#1239,#1240));
#349=EDGE_LOOP('',(#1241,#1242,#1243,#1244));
#350=EDGE_LOOP('',(#1245,#1246,#1247,#1248));
#351=EDGE_LOOP('',(#1249,#1250,#1251,#1252));
#352=EDGE_LOOP('',(#1253,#1254,#1255,#1256));
#353=EDGE_LOOP('',(#1257,#1258,#1259,#1260,#1261,#1262,#1263,#1264,#1265,
#1266,#1267,#1268));
#354=EDGE_LOOP('',(#1269,#1270,#1271,#1272));
#355=EDGE_LOOP('',(#1273,#1274,#1275,#1276));
#356=EDGE_LOOP('',(#1277));
#357=EDGE_LOOP('',(#1278));
#358=EDGE_LOOP('',(#1279));
#359=EDGE_LOOP('',(#1280));
#360=EDGE_LOOP('',(#1281,#1282,#1283,#1284));
#361=EDGE_LOOP('',(#1285,#1286,#1287,#1288));
#362=EDGE_LOOP('',(#1289,#1290,#1291,#1292));
#363=EDGE_LOOP('',(#1293));
#364=EDGE_LOOP('',(#1294));
#365=EDGE_LOOP('',(#1295));
#366=EDGE_LOOP('',(#1296));
#367=EDGE_LOOP('',(#1297,#1298,#1299,#1300));
#368=EDGE_LOOP('',(#1301,#1302,#1303,#1304));
#369=EDGE_LOOP('',(#1305));
#370=EDGE_LOOP('',(#1306));
#371=EDGE_LOOP('',(#1307));
#372=EDGE_LOOP('',(#1308));
#373=EDGE_LOOP('',(#1309,#1310,#1311,#1312));
#374=EDGE_LOOP('',(#1313,#1314,#1315,#1316));
#375=EDGE_LOOP('',(#1317));
#376=EDGE_LOOP('',(#1318));
#377=EDGE_LOOP('',(#1319));
#378=EDGE_LOOP('',(#1320));
#379=EDGE_LOOP('',(#1321,#1322,#1323,#1324));
#380=EDGE_LOOP('',(#1325,#1326,#1327,#1328));
#381=EDGE_LOOP('',(#1329));
#382=EDGE_LOOP('',(#1330));
#383=EDGE_LOOP('',(#1331));
#384=EDGE_LOOP('',(#1332));
#385=LINE('',#2117,#497);
#386=LINE('',#2119,#498);
#387=LINE('',#2121,#499);
#388=LINE('',#2122,#500);
#389=LINE('',#2125,#501);
#390=LINE('',#2126,#502);
#391=LINE('',#2129,#503);
#392=LINE('',#2131,#504);
#393=LINE('',#2133,#505);
#394=LINE('',#2135,#506);
#395=LINE('',#2137,#507);
#396=LINE('',#2139,#508);
#397=LINE('',#2141,#509);
#398=LINE('',#2143,#510);
#399=LINE('',#2144,#511);
#400=LINE('',#2147,#512);
#401=LINE('',#2149,#513);
#402=LINE('',#2150,#514);
#403=LINE('',#2153,#515);
#404=LINE('',#2154,#516);
#405=LINE('',#2157,#517);
#406=LINE('',#2158,#518);
#407=LINE('',#2165,#519);
#408=LINE('',#2167,#520);
#409=LINE('',#2169,#521);
#410=LINE('',#2170,#522);
#411=LINE('',#2173,#523);
#412=LINE('',#2174,#524);
#413=LINE('',#2183,#525);
#414=LINE('',#2185,#526);
#415=LINE('',#2187,#527);
#416=LINE('',#2188,#528);
#417=LINE('',#2189,#529);
#418=LINE('',#2196,#530);
#419=LINE('',#2198,#531);
#420=LINE('',#2200,#532);
#421=LINE('',#2201,#533);
#422=LINE('',#2209,#534);
#423=LINE('',#2211,#535);
#424=LINE('',#2212,#536);
#425=LINE('',#2215,#537);
#426=LINE('',#2216,#538);
#427=LINE('',#2219,#539);
#428=LINE('',#2221,#540);
#429=LINE('',#2223,#541);
#430=LINE('',#2224,#542);
#431=LINE('',#2264,#543);
#432=LINE('',#2268,#544);
#433=LINE('',#2306,#545);
#434=LINE('',#2345,#546);
#435=LINE('',#2387,#547);
#436=LINE('',#2390,#548);
#437=LINE('',#2428,#549);
#438=LINE('',#2467,#550);
#439=LINE('',#2506,#551);
#440=LINE('',#2545,#552);
#441=LINE('',#2549,#553);
#442=LINE('',#2556,#554);
#443=LINE('',#2563,#555);
#444=LINE('',#2570,#556);
#445=LINE('',#2577,#557);
#446=LINE('',#2578,#558);
#447=LINE('',#2581,#559);
#448=LINE('',#2585,#560);
#449=LINE('',#2589,#561);
#450=LINE('',#2593,#562);
#451=LINE('',#2597,#563);
#452=LINE('',#2598,#564);
#453=LINE('',#2600,#565);
#454=LINE('',#2603,#566);
#455=LINE('',#2605,#567);
#456=LINE('',#2607,#568);
#457=LINE('',#2609,#569);
#458=LINE('',#2611,#570);
#459=LINE('',#2613,#571);
#460=LINE('',#2615,#572);
#461=LINE('',#2616,#573);
#462=LINE('',#2619,#574);
#463=LINE('',#2621,#575);
#464=LINE('',#2622,#576);
#465=LINE('',#2625,#577);
#466=LINE('',#2626,#578);
#467=LINE('',#2629,#579);
#468=LINE('',#2630,#580);
#469=LINE('',#2632,#581);
#470=LINE('',#2635,#582);
#471=LINE('',#2636,#583);
#472=LINE('',#2639,#584);
#473=LINE('',#2640,#585);
#474=LINE('',#2654,#586);
#475=LINE('',#2656,#587);
#476=LINE('',#2660,#588);
#477=LINE('',#2661,#589);
#478=LINE('',#2662,#590);
#479=LINE('',#2665,#591);
#480=LINE('',#2666,#592);
#481=LINE('',#2669,#593);
#482=LINE('',#2670,#594);
#483=LINE('',#2672,#595);
#484=LINE('',#2674,#596);
#485=LINE('',#2676,#597);
#486=LINE('',#2679,#598);
#487=LINE('',#2680,#599);
#488=LINE('',#2682,#600);
#489=LINE('',#2688,#601);
#490=LINE('',#2694,#602);
#491=LINE('',#2702,#603);
#492=LINE('',#2708,#604);
#493=LINE('',#2716,#605);
#494=LINE('',#2722,#606);
#495=LINE('',#2730,#607);
#496=LINE('',#2736,#608);
#497=VECTOR('',#1667,10.);
#498=VECTOR('',#1668,10.);
#499=VECTOR('',#1669,10.);
#500=VECTOR('',#1670,10.);
#501=VECTOR('',#1673,10.);
#502=VECTOR('',#1674,10.);
#503=VECTOR('',#1677,10.);
#504=VECTOR('',#1678,10.);
#505=VECTOR('',#1679,10.);
#506=VECTOR('',#1680,10.);
#507=VECTOR('',#1681,10.);
#508=VECTOR('',#1682,10.);
#509=VECTOR('',#1683,10.);
#510=VECTOR('',#1684,10.);
#511=VECTOR('',#1685,10.);
#512=VECTOR('',#1688,10.);
#513=VECTOR('',#1689,10.);
#514=VECTOR('',#1690,10.);
#515=VECTOR('',#1693,10.);
#516=VECTOR('',#1694,10.);
#517=VECTOR('',#1697,10.);
#518=VECTOR('',#1698,10.);
#519=VECTOR('',#1705,10.);
#520=VECTOR('',#1706,10.);
#521=VECTOR('',#1707,10.);
#522=VECTOR('',#1708,10.);
#523=VECTOR('',#1711,10.);
#524=VECTOR('',#1712,10.);
#525=VECTOR('',#1723,10.);
#526=VECTOR('',#1724,10.);
#527=VECTOR('',#1725,10.);
#528=VECTOR('',#1726,10.);
#529=VECTOR('',#1727,10.);
#530=VECTOR('',#1732,10.);
#531=VECTOR('',#1733,10.);
#532=VECTOR('',#1734,10.);
#533=VECTOR('',#1735,10.);
#534=VECTOR('',#1744,10.);
#535=VECTOR('',#1745,10.);
#536=VECTOR('',#1746,10.);
#537=VECTOR('',#1749,10.);
#538=VECTOR('',#1750,10.);
#539=VECTOR('',#1753,10.);
#540=VECTOR('',#1754,10.);
#541=VECTOR('',#1755,10.);
#542=VECTOR('',#1756,10.);
#543=VECTOR('',#1771,4.);
#544=VECTOR('',#1774,10.);
#545=VECTOR('',#1789,4.);
#546=VECTOR('',#1804,4.);
#547=VECTOR('',#1823,4.);
#548=VECTOR('',#1826,10.);
#549=VECTOR('',#1839,4.5);
#550=VECTOR('',#1854,4.5);
#551=VECTOR('',#1869,4.5);
#552=VECTOR('',#1884,4.49999950826169);
#553=VECTOR('',#1889,0.875);
#554=VECTOR('',#1898,0.874999999999999);
#555=VECTOR('',#1907,0.874999999999999);
#556=VECTOR('',#1916,0.875000000000001);
#557=VECTOR('',#1925,10.);
#558=VECTOR('',#1926,10.);
#559=VECTOR('',#1929,2.);
#560=VECTOR('',#1934,2.);
#561=VECTOR('',#1939,2.);
#562=VECTOR('',#1944,2.);
#563=VECTOR('',#1949,10.);
#564=VECTOR('',#1950,10.);
#565=VECTOR('',#1953,10.);
#566=VECTOR('',#1956,10.);
#567=VECTOR('',#1957,10.);
#568=VECTOR('',#1958,10.);
#569=VECTOR('',#1959,10.);
#570=VECTOR('',#1960,10.);
#571=VECTOR('',#1961,10.);
#572=VECTOR('',#1962,10.);
#573=VECTOR('',#1963,10.);
#574=VECTOR('',#1966,10.);
#575=VECTOR('',#1967,10.);
#576=VECTOR('',#1968,10.);
#577=VECTOR('',#1971,10.);
#578=VECTOR('',#1972,10.);
#579=VECTOR('',#1975,10.);
#580=VECTOR('',#1976,10.);
#581=VECTOR('',#1979,10.);
#582=VECTOR('',#1982,10.);
#583=VECTOR('',#1983,10.);
#584=VECTOR('',#1986,10.);
#585=VECTOR('',#1987,10.);
#586=VECTOR('',#2006,2.8);
#587=VECTOR('',#2009,2.8);
#588=VECTOR('',#2012,10.);
#589=VECTOR('',#2013,10.);
#590=VECTOR('',#2014,10.);
#591=VECTOR('',#2017,10.);
#592=VECTOR('',#2018,10.);
#593=VECTOR('',#2021,10.);
#594=VECTOR('',#2022,10.);
#595=VECTOR('',#2025,10.);
#596=VECTOR('',#2028,2.8);
#597=VECTOR('',#2031,2.8);
#598=VECTOR('',#2034,10.);
#599=VECTOR('',#2035,10.);
#600=VECTOR('',#2038,10.);
#601=VECTOR('',#2045,2.);
#602=VECTOR('',#2052,2.8);
#603=VECTOR('',#2063,2.);
#604=VECTOR('',#2070,2.8);
#605=VECTOR('',#2081,2.);
#606=VECTOR('',#2088,2.8);
#607=VECTOR('',#2099,2.);
#608=VECTOR('',#2106,2.8);
#609=VERTEX_POINT('',#2115);
#610=VERTEX_POINT('',#2116);
#611=VERTEX_POINT('',#2118);
#612=VERTEX_POINT('',#2120);
#613=VERTEX_POINT('',#2124);
#614=VERTEX_POINT('',#2128);
#615=VERTEX_POINT('',#2130);
#616=VERTEX_POINT('',#2132);
#617=VERTEX_POINT('',#2134);
#618=VERTEX_POINT('',#2136);
#619=VERTEX_POINT('',#2138);
#620=VERTEX_POINT('',#2140);
#621=VERTEX_POINT('',#2142);
#622=VERTEX_POINT('',#2146);
#623=VERTEX_POINT('',#2148);
#624=VERTEX_POINT('',#2152);
#625=VERTEX_POINT('',#2156);
#626=VERTEX_POINT('',#2160);
#627=VERTEX_POINT('',#2162);
#628=VERTEX_POINT('',#2164);
#629=VERTEX_POINT('',#2166);
#630=VERTEX_POINT('',#2168);
#631=VERTEX_POINT('',#2172);
#632=VERTEX_POINT('',#2175);
#633=VERTEX_POINT('',#2178);
#634=VERTEX_POINT('',#2182);
#635=VERTEX_POINT('',#2184);
#636=VERTEX_POINT('',#2186);
#637=VERTEX_POINT('',#2190);
#638=VERTEX_POINT('',#2192);
#639=VERTEX_POINT('',#2194);
#640=VERTEX_POINT('',#2195);
#641=VERTEX_POINT('',#2197);
#642=VERTEX_POINT('',#2199);
#643=VERTEX_POINT('',#2202);
#644=VERTEX_POINT('',#2204);
#645=VERTEX_POINT('',#2208);
#646=VERTEX_POINT('',#2210);
#647=VERTEX_POINT('',#2214);
#648=VERTEX_POINT('',#2218);
#649=VERTEX_POINT('',#2220);
#650=VERTEX_POINT('',#2222);
#651=VERTEX_POINT('',#2252);
#652=VERTEX_POINT('',#2254);
#653=VERTEX_POINT('',#2256);
#654=VERTEX_POINT('',#2260);
#655=VERTEX_POINT('',#2263);
#656=VERTEX_POINT('',#2265);
#657=VERTEX_POINT('',#2267);
#658=VERTEX_POINT('',#2298);
#659=VERTEX_POINT('',#2300);
#660=VERTEX_POINT('',#2302);
#661=VERTEX_POINT('',#2308);
#662=VERTEX_POINT('',#2337);
#663=VERTEX_POINT('',#2339);
#664=VERTEX_POINT('',#2341);
#665=VERTEX_POINT('',#2347);
#666=VERTEX_POINT('',#2376);
#667=VERTEX_POINT('',#2378);
#668=VERTEX_POINT('',#2380);
#669=VERTEX_POINT('',#2384);
#670=VERTEX_POINT('',#2388);
#671=VERTEX_POINT('',#2418);
#672=VERTEX_POINT('',#2419);
#673=VERTEX_POINT('',#2421);
#674=VERTEX_POINT('',#2426);
#675=VERTEX_POINT('',#2457);
#676=VERTEX_POINT('',#2458);
#677=VERTEX_POINT('',#2460);
#678=VERTEX_POINT('',#2465);
#679=VERTEX_POINT('',#2496);
#680=VERTEX_POINT('',#2497);
#681=VERTEX_POINT('',#2499);
#682=VERTEX_POINT('',#2504);
#683=VERTEX_POINT('',#2535);
#684=VERTEX_POINT('',#2536);
#685=VERTEX_POINT('',#2538);
#686=VERTEX_POINT('',#2543);
#687=VERTEX_POINT('',#2548);
#688=VERTEX_POINT('',#2552);
#689=VERTEX_POINT('',#2555);
#690=VERTEX_POINT('',#2559);
#691=VERTEX_POINT('',#2562);
#692=VERTEX_POINT('',#2566);
#693=VERTEX_POINT('',#2569);
#694=VERTEX_POINT('',#2573);
#695=VERTEX_POINT('',#2576);
#696=VERTEX_POINT('',#2580);
#697=VERTEX_POINT('',#2584);
#698=VERTEX_POINT('',#2588);
#699=VERTEX_POINT('',#2592);
#700=VERTEX_POINT('',#2596);
#701=VERTEX_POINT('',#2602);
#702=VERTEX_POINT('',#2604);
#703=VERTEX_POINT('',#2606);
#704=VERTEX_POINT('',#2608);
#705=VERTEX_POINT('',#2610);
#706=VERTEX_POINT('',#2612);
#707=VERTEX_POINT('',#2614);
#708=VERTEX_POINT('',#2618);
#709=VERTEX_POINT('',#2620);
#710=VERTEX_POINT('',#2624);
#711=VERTEX_POINT('',#2628);
#712=VERTEX_POINT('',#2634);
#713=VERTEX_POINT('',#2638);
#714=VERTEX_POINT('',#2642);
#715=VERTEX_POINT('',#2645);
#716=VERTEX_POINT('',#2648);
#717=VERTEX_POINT('',#2651);
#718=VERTEX_POINT('',#2658);
#719=VERTEX_POINT('',#2659);
#720=VERTEX_POINT('',#2664);
#721=VERTEX_POINT('',#2668);
#722=VERTEX_POINT('',#2678);
#723=VERTEX_POINT('',#2685);
#724=VERTEX_POINT('',#2687);
#725=VERTEX_POINT('',#2691);
#726=VERTEX_POINT('',#2693);
#727=VERTEX_POINT('',#2699);
#728=VERTEX_POINT('',#2701);
#729=VERTEX_POINT('',#2705);
#730=VERTEX_POINT('',#2707);
#731=VERTEX_POINT('',#2713);
#732=VERTEX_POINT('',#2715);
#733=VERTEX_POINT('',#2719);
#734=VERTEX_POINT('',#2721);
#735=VERTEX_POINT('',#2727);
#736=VERTEX_POINT('',#2729);
#737=VERTEX_POINT('',#2733);
#738=VERTEX_POINT('',#2735);
#739=EDGE_CURVE('',#609,#610,#385,.T.);
#740=EDGE_CURVE('',#610,#611,#386,.T.);
#741=EDGE_CURVE('',#611,#612,#387,.T.);
#742=EDGE_CURVE('',#609,#612,#388,.T.);
#743=EDGE_CURVE('',#613,#611,#389,.T.);
#744=EDGE_CURVE('',#612,#613,#390,.T.);
#745=EDGE_CURVE('',#614,#610,#391,.T.);
#746=EDGE_CURVE('',#615,#614,#392,.T.);
#747=EDGE_CURVE('',#616,#615,#393,.T.);
#748=EDGE_CURVE('',#617,#616,#394,.T.);
#749=EDGE_CURVE('',#618,#617,#395,.T.);
#750=EDGE_CURVE('',#618,#619,#396,.T.);
#751=EDGE_CURVE('',#620,#619,#397,.T.);
#752=EDGE_CURVE('',#621,#620,#398,.T.);
#753=EDGE_CURVE('',#611,#621,#399,.T.);
#754=EDGE_CURVE('',#622,#617,#400,.T.);
#755=EDGE_CURVE('',#616,#623,#401,.T.);
#756=EDGE_CURVE('',#622,#623,#402,.T.);
#757=EDGE_CURVE('',#624,#622,#403,.T.);
#758=EDGE_CURVE('',#617,#624,#404,.T.);
#759=EDGE_CURVE('',#625,#609,#405,.T.);
#760=EDGE_CURVE('',#610,#625,#406,.T.);
#761=EDGE_CURVE('',#621,#626,#89,.T.);
#762=EDGE_CURVE('',#626,#627,#90,.T.);
#763=EDGE_CURVE('',#627,#628,#407,.T.);
#764=EDGE_CURVE('',#629,#628,#408,.T.);
#765=EDGE_CURVE('',#630,#629,#409,.F.);
#766=EDGE_CURVE('',#613,#630,#410,.T.);
#767=EDGE_CURVE('',#631,#625,#411,.T.);
#768=EDGE_CURVE('',#631,#616,#412,.T.);
#769=EDGE_CURVE('',#615,#632,#91,.T.);
#770=EDGE_CURVE('',#632,#615,#92,.T.);
#771=EDGE_CURVE('',#614,#633,#93,.T.);
#772=EDGE_CURVE('',#633,#614,#94,.T.);
#773=EDGE_CURVE('',#630,#634,#413,.T.);
#774=EDGE_CURVE('',#634,#635,#414,.T.);
#775=EDGE_CURVE('',#635,#636,#415,.T.);
#776=EDGE_CURVE('',#636,#624,#416,.T.);
#777=EDGE_CURVE('',#623,#631,#417,.T.);
#778=EDGE_CURVE('',#637,#637,#95,.T.);
#779=EDGE_CURVE('',#638,#638,#96,.T.);
#780=EDGE_CURVE('',#639,#640,#418,.T.);
#781=EDGE_CURVE('',#640,#641,#419,.T.);
#782=EDGE_CURVE('',#641,#642,#420,.T.);
#783=EDGE_CURVE('',#642,#639,#421,.T.);
#784=EDGE_CURVE('',#643,#643,#97,.T.);
#785=EDGE_CURVE('',#644,#644,#98,.T.);
#786=EDGE_CURVE('',#635,#645,#422,.T.);
#787=EDGE_CURVE('',#645,#646,#423,.T.);
#788=EDGE_CURVE('',#646,#636,#424,.F.);
#789=EDGE_CURVE('',#647,#634,#425,.T.);
#790=EDGE_CURVE('',#629,#647,#426,.T.);
#791=EDGE_CURVE('',#628,#648,#427,.T.);
#792=EDGE_CURVE('',#648,#649,#428,.T.);
#793=EDGE_CURVE('',#649,#650,#429,.T.);
#794=EDGE_CURVE('',#650,#647,#430,.T.);
#795=EDGE_CURVE('',#651,#651,#99,.T.);
#796=EDGE_CURVE('',#651,#652,#100,.T.);
#797=EDGE_CURVE('',#652,#653,#101,.T.);
#798=EDGE_CURVE('',#653,#652,#102,.T.);
#799=EDGE_CURVE('',#654,#654,#103,.T.);
#800=EDGE_CURVE('',#653,#655,#431,.T.);
#801=EDGE_CURVE('',#656,#655,#104,.T.);
#802=EDGE_CURVE('',#656,#657,#432,.T.);
#803=EDGE_CURVE('',#619,#657,#105,.T.);
#804=EDGE_CURVE('',#655,#618,#106,.T.);
#805=EDGE_CURVE('',#658,#658,#107,.T.);
#806=EDGE_CURVE('',#658,#659,#108,.T.);
#807=EDGE_CURVE('',#659,#660,#109,.T.);
#808=EDGE_CURVE('',#660,#659,#110,.T.);
#809=EDGE_CURVE('',#660,#632,#433,.T.);
#810=EDGE_CURVE('',#661,#661,#111,.T.);
#811=EDGE_CURVE('',#662,#662,#112,.T.);
#812=EDGE_CURVE('',#662,#663,#113,.T.);
#813=EDGE_CURVE('',#663,#664,#114,.T.);
#814=EDGE_CURVE('',#664,#663,#115,.T.);
#815=EDGE_CURVE('',#664,#633,#434,.T.);
#816=EDGE_CURVE('',#665,#665,#116,.T.);
#817=EDGE_CURVE('',#666,#666,#117,.T.);
#818=EDGE_CURVE('',#666,#667,#118,.T.);
#819=EDGE_CURVE('',#667,#668,#119,.T.);
#820=EDGE_CURVE('',#668,#667,#120,.T.);
#821=EDGE_CURVE('',#669,#669,#121,.T.);
#822=EDGE_CURVE('',#668,#626,#435,.T.);
#823=EDGE_CURVE('',#670,#620,#122,.T.);
#824=EDGE_CURVE('',#627,#670,#436,.T.);
#825=EDGE_CURVE('',#671,#672,#123,.T.);
#826=EDGE_CURVE('',#672,#673,#124,.T.);
#827=EDGE_CURVE('',#673,#673,#125,.T.);
#828=EDGE_CURVE('',#672,#671,#126,.T.);
#829=EDGE_CURVE('',#674,#674,#127,.T.);
#830=EDGE_CURVE('',#674,#671,#437,.T.);
#831=EDGE_CURVE('',#675,#676,#128,.T.);
#832=EDGE_CURVE('',#676,#677,#129,.T.);
#833=EDGE_CURVE('',#677,#677,#130,.T.);
#834=EDGE_CURVE('',#676,#675,#131,.T.);
#835=EDGE_CURVE('',#678,#678,#132,.T.);
#836=EDGE_CURVE('',#678,#675,#438,.T.);
#837=EDGE_CURVE('',#679,#680,#133,.T.);
#838=EDGE_CURVE('',#680,#681,#134,.T.);
#839=EDGE_CURVE('',#681,#681,#135,.T.);
#840=EDGE_CURVE('',#680,#679,#136,.T.);
#841=EDGE_CURVE('',#682,#682,#137,.T.);
#842=EDGE_CURVE('',#682,#679,#439,.T.);
#843=EDGE_CURVE('',#683,#684,#138,.T.);
#844=EDGE_CURVE('',#684,#685,#139,.T.);
#845=EDGE_CURVE('',#685,#685,#140,.T.);
#846=EDGE_CURVE('',#684,#683,#141,.T.);
#847=EDGE_CURVE('',#686,#686,#142,.T.);
#848=EDGE_CURVE('',#686,#683,#440,.T.);
#849=EDGE_CURVE('',#665,#687,#441,.T.);
#850=EDGE_CURVE('',#687,#687,#143,.T.);
#851=EDGE_CURVE('',#688,#688,#144,.T.);
#852=EDGE_CURVE('',#654,#689,#442,.T.);
#853=EDGE_CURVE('',#689,#689,#145,.T.);
#854=EDGE_CURVE('',#690,#690,#146,.T.);
#855=EDGE_CURVE('',#669,#691,#443,.T.);
#856=EDGE_CURVE('',#691,#691,#147,.T.);
#857=EDGE_CURVE('',#692,#692,#148,.T.);
#858=EDGE_CURVE('',#661,#693,#444,.T.);
#859=EDGE_CURVE('',#693,#693,#149,.T.);
#860=EDGE_CURVE('',#694,#694,#150,.T.);
#861=EDGE_CURVE('',#695,#646,#445,.T.);
#862=EDGE_CURVE('',#695,#656,#446,.T.);
#863=EDGE_CURVE('',#690,#696,#447,.T.);
#864=EDGE_CURVE('',#696,#696,#151,.T.);
#865=EDGE_CURVE('',#688,#697,#448,.T.);
#866=EDGE_CURVE('',#697,#697,#152,.T.);
#867=EDGE_CURVE('',#694,#698,#449,.T.);
#868=EDGE_CURVE('',#698,#698,#153,.T.);
#869=EDGE_CURVE('',#692,#699,#450,.T.);
#870=EDGE_CURVE('',#699,#699,#154,.T.);
#871=EDGE_CURVE('',#657,#700,#451,.T.);
#872=EDGE_CURVE('',#700,#695,#452,.T.);
#873=EDGE_CURVE('',#648,#670,#453,.T.);
#874=EDGE_CURVE('',#701,#700,#454,.T.);
#875=EDGE_CURVE('',#702,#701,#455,.T.);
#876=EDGE_CURVE('',#703,#702,#456,.T.);
#877=EDGE_CURVE('',#704,#703,#457,.T.);
#878=EDGE_CURVE('',#705,#704,#458,.T.);
#879=EDGE_CURVE('',#705,#706,#459,.T.);
#880=EDGE_CURVE('',#706,#707,#460,.T.);
#881=EDGE_CURVE('',#707,#649,#461,.T.);
#882=EDGE_CURVE('',#708,#703,#462,.T.);
#883=EDGE_CURVE('',#709,#708,#463,.T.);
#884=EDGE_CURVE('',#709,#704,#464,.T.);
#885=EDGE_CURVE('',#645,#710,#465,.T.);
#886=EDGE_CURVE('',#710,#701,#466,.T.);
#887=EDGE_CURVE('',#702,#711,#467,.T.);
#888=EDGE_CURVE('',#711,#710,#468,.T.);
#889=EDGE_CURVE('',#711,#708,#469,.T.);
#890=EDGE_CURVE('',#707,#712,#470,.T.);
#891=EDGE_CURVE('',#712,#650,#471,.T.);
#892=EDGE_CURVE('',#706,#713,#472,.T.);
#893=EDGE_CURVE('',#712,#713,#473,.T.);
#894=EDGE_CURVE('',#714,#714,#155,.T.);
#895=EDGE_CURVE('',#715,#715,#156,.T.);
#896=EDGE_CURVE('',#716,#716,#157,.T.);
#897=EDGE_CURVE('',#717,#717,#158,.T.);
#898=EDGE_CURVE('',#637,#716,#474,.T.);
#899=EDGE_CURVE('',#638,#717,#475,.T.);
#900=EDGE_CURVE('',#718,#719,#476,.T.);
#901=EDGE_CURVE('',#719,#639,#477,.T.);
#902=EDGE_CURVE('',#718,#642,#478,.T.);
#903=EDGE_CURVE('',#720,#718,#479,.T.);
#904=EDGE_CURVE('',#720,#641,#480,.T.);
#905=EDGE_CURVE('',#721,#720,#481,.T.);
#906=EDGE_CURVE('',#721,#640,#482,.T.);
#907=EDGE_CURVE('',#719,#721,#483,.T.);
#908=EDGE_CURVE('',#643,#714,#484,.T.);
#909=EDGE_CURVE('',#644,#715,#485,.T.);
#910=EDGE_CURVE('',#722,#713,#486,.T.);
#911=EDGE_CURVE('',#709,#722,#487,.T.);
#912=EDGE_CURVE('',#722,#705,#488,.T.);
#913=EDGE_CURVE('',#723,#723,#159,.F.);
#914=EDGE_CURVE('',#723,#724,#489,.T.);
#915=EDGE_CURVE('',#724,#724,#160,.F.);
#916=EDGE_CURVE('',#725,#725,#161,.T.);
#917=EDGE_CURVE('',#725,#726,#490,.T.);
#918=EDGE_CURVE('',#726,#726,#162,.T.);
#919=EDGE_CURVE('',#727,#727,#163,.F.);
#920=EDGE_CURVE('',#727,#728,#491,.T.);
#921=EDGE_CURVE('',#728,#728,#164,.F.);
#922=EDGE_CURVE('',#729,#729,#165,.T.);
#923=EDGE_CURVE('',#729,#730,#492,.T.);
#924=EDGE_CURVE('',#730,#730,#166,.T.);
#925=EDGE_CURVE('',#731,#731,#167,.F.);
#926=EDGE_CURVE('',#731,#732,#493,.T.);
#927=EDGE_CURVE('',#732,#732,#168,.F.);
#928=EDGE_CURVE('',#733,#733,#169,.T.);
#929=EDGE_CURVE('',#733,#734,#494,.T.);
#930=EDGE_CURVE('',#734,#734,#170,.T.);
#931=EDGE_CURVE('',#735,#735,#171,.F.);
#932=EDGE_CURVE('',#735,#736,#495,.T.);
#933=EDGE_CURVE('',#736,#736,#172,.F.);
#934=EDGE_CURVE('',#737,#737,#173,.T.);
#935=EDGE_CURVE('',#737,#738,#496,.T.);
#936=EDGE_CURVE('',#738,#738,#174,.T.);
#937=ORIENTED_EDGE('',*,*,#739,.T.);
#938=ORIENTED_EDGE('',*,*,#740,.T.);
#939=ORIENTED_EDGE('',*,*,#741,.T.);
#940=ORIENTED_EDGE('',*,*,#742,.F.);
#941=ORIENTED_EDGE('',*,*,#741,.F.);
#942=ORIENTED_EDGE('',*,*,#743,.F.);
#943=ORIENTED_EDGE('',*,*,#744,.F.);
#944=ORIENTED_EDGE('',*,*,#740,.F.);
#945=ORIENTED_EDGE('',*,*,#745,.F.);
#946=ORIENTED_EDGE('',*,*,#746,.F.);
#947=ORIENTED_EDGE('',*,*,#747,.F.);
#948=ORIENTED_EDGE('',*,*,#748,.F.);
#949=ORIENTED_EDGE('',*,*,#749,.F.);
#950=ORIENTED_EDGE('',*,*,#750,.T.);
#951=ORIENTED_EDGE('',*,*,#751,.F.);
#952=ORIENTED_EDGE('',*,*,#752,.F.);
#953=ORIENTED_EDGE('',*,*,#753,.F.);
#954=ORIENTED_EDGE('',*,*,#754,.T.);
#955=ORIENTED_EDGE('',*,*,#748,.T.);
#956=ORIENTED_EDGE('',*,*,#755,.T.);
#957=ORIENTED_EDGE('',*,*,#756,.F.);
#958=ORIENTED_EDGE('',*,*,#754,.F.);
#959=ORIENTED_EDGE('',*,*,#757,.F.);
#960=ORIENTED_EDGE('',*,*,#758,.F.);
#961=ORIENTED_EDGE('',*,*,#739,.F.);
#962=ORIENTED_EDGE('',*,*,#759,.F.);
#963=ORIENTED_EDGE('',*,*,#760,.F.);
#964=ORIENTED_EDGE('',*,*,#743,.T.);
#965=ORIENTED_EDGE('',*,*,#753,.T.);
#966=ORIENTED_EDGE('',*,*,#761,.T.);
#967=ORIENTED_EDGE('',*,*,#762,.T.);
#968=ORIENTED_EDGE('',*,*,#763,.T.);
#969=ORIENTED_EDGE('',*,*,#764,.F.);
#970=ORIENTED_EDGE('',*,*,#765,.F.);
#971=ORIENTED_EDGE('',*,*,#766,.F.);
#972=ORIENTED_EDGE('',*,*,#760,.T.);
#973=ORIENTED_EDGE('',*,*,#767,.F.);
#974=ORIENTED_EDGE('',*,*,#768,.T.);
#975=ORIENTED_EDGE('',*,*,#747,.T.);
#976=ORIENTED_EDGE('',*,*,#769,.T.);
#977=ORIENTED_EDGE('',*,*,#770,.T.);
#978=ORIENTED_EDGE('',*,*,#746,.T.);
#979=ORIENTED_EDGE('',*,*,#771,.T.);
#980=ORIENTED_EDGE('',*,*,#772,.T.);
#981=ORIENTED_EDGE('',*,*,#745,.T.);
#982=ORIENTED_EDGE('',*,*,#759,.T.);
#983=ORIENTED_EDGE('',*,*,#742,.T.);
#984=ORIENTED_EDGE('',*,*,#744,.T.);
#985=ORIENTED_EDGE('',*,*,#766,.T.);
#986=ORIENTED_EDGE('',*,*,#773,.T.);
#987=ORIENTED_EDGE('',*,*,#774,.T.);
#988=ORIENTED_EDGE('',*,*,#775,.T.);
#989=ORIENTED_EDGE('',*,*,#776,.T.);
#990=ORIENTED_EDGE('',*,*,#757,.T.);
#991=ORIENTED_EDGE('',*,*,#756,.T.);
#992=ORIENTED_EDGE('',*,*,#777,.T.);
#993=ORIENTED_EDGE('',*,*,#767,.T.);
#994=ORIENTED_EDGE('',*,*,#778,.T.);
#995=ORIENTED_EDGE('',*,*,#779,.T.);
#996=ORIENTED_EDGE('',*,*,#780,.T.);
#997=ORIENTED_EDGE('',*,*,#781,.T.);
#998=ORIENTED_EDGE('',*,*,#782,.T.);
#999=ORIENTED_EDGE('',*,*,#783,.T.);
#1000=ORIENTED_EDGE('',*,*,#784,.T.);
#1001=ORIENTED_EDGE('',*,*,#785,.T.);
#1002=ORIENTED_EDGE('',*,*,#755,.F.);
#1003=ORIENTED_EDGE('',*,*,#768,.F.);
#1004=ORIENTED_EDGE('',*,*,#777,.F.);
#1005=ORIENTED_EDGE('',*,*,#786,.T.);
#1006=ORIENTED_EDGE('',*,*,#787,.T.);
#1007=ORIENTED_EDGE('',*,*,#788,.T.);
#1008=ORIENTED_EDGE('',*,*,#775,.F.);
#1009=ORIENTED_EDGE('',*,*,#789,.T.);
#1010=ORIENTED_EDGE('',*,*,#773,.F.);
#1011=ORIENTED_EDGE('',*,*,#765,.T.);
#1012=ORIENTED_EDGE('',*,*,#790,.T.);
#1013=ORIENTED_EDGE('',*,*,#790,.F.);
#1014=ORIENTED_EDGE('',*,*,#764,.T.);
#1015=ORIENTED_EDGE('',*,*,#791,.T.);
#1016=ORIENTED_EDGE('',*,*,#792,.T.);
#1017=ORIENTED_EDGE('',*,*,#793,.T.);
#1018=ORIENTED_EDGE('',*,*,#794,.T.);
#1019=ORIENTED_EDGE('',*,*,#795,.T.);
#1020=ORIENTED_EDGE('',*,*,#796,.T.);
#1021=ORIENTED_EDGE('',*,*,#797,.T.);
#1022=ORIENTED_EDGE('',*,*,#798,.T.);
#1023=ORIENTED_EDGE('',*,*,#796,.F.);
#1024=ORIENTED_EDGE('',*,*,#795,.F.);
#1025=ORIENTED_EDGE('',*,*,#799,.T.);
#1026=ORIENTED_EDGE('',*,*,#798,.F.);
#1027=ORIENTED_EDGE('',*,*,#800,.T.);
#1028=ORIENTED_EDGE('',*,*,#801,.F.);
#1029=ORIENTED_EDGE('',*,*,#802,.T.);
#1030=ORIENTED_EDGE('',*,*,#803,.F.);
#1031=ORIENTED_EDGE('',*,*,#750,.F.);
#1032=ORIENTED_EDGE('',*,*,#804,.F.);
#1033=ORIENTED_EDGE('',*,*,#800,.F.);
#1034=ORIENTED_EDGE('',*,*,#797,.F.);
#1035=ORIENTED_EDGE('',*,*,#805,.T.);
#1036=ORIENTED_EDGE('',*,*,#806,.T.);
#1037=ORIENTED_EDGE('',*,*,#807,.T.);
#1038=ORIENTED_EDGE('',*,*,#808,.T.);
#1039=ORIENTED_EDGE('',*,*,#806,.F.);
#1040=ORIENTED_EDGE('',*,*,#808,.F.);
#1041=ORIENTED_EDGE('',*,*,#809,.T.);
#1042=ORIENTED_EDGE('',*,*,#769,.F.);
#1043=ORIENTED_EDGE('',*,*,#770,.F.);
#1044=ORIENTED_EDGE('',*,*,#809,.F.);
#1045=ORIENTED_EDGE('',*,*,#807,.F.);
#1046=ORIENTED_EDGE('',*,*,#805,.F.);
#1047=ORIENTED_EDGE('',*,*,#810,.T.);
#1048=ORIENTED_EDGE('',*,*,#811,.T.);
#1049=ORIENTED_EDGE('',*,*,#812,.T.);
#1050=ORIENTED_EDGE('',*,*,#813,.T.);
#1051=ORIENTED_EDGE('',*,*,#814,.T.);
#1052=ORIENTED_EDGE('',*,*,#812,.F.);
#1053=ORIENTED_EDGE('',*,*,#814,.F.);
#1054=ORIENTED_EDGE('',*,*,#815,.T.);
#1055=ORIENTED_EDGE('',*,*,#771,.F.);
#1056=ORIENTED_EDGE('',*,*,#772,.F.);
#1057=ORIENTED_EDGE('',*,*,#815,.F.);
#1058=ORIENTED_EDGE('',*,*,#813,.F.);
#1059=ORIENTED_EDGE('',*,*,#811,.F.);
#1060=ORIENTED_EDGE('',*,*,#816,.T.);
#1061=ORIENTED_EDGE('',*,*,#817,.T.);
#1062=ORIENTED_EDGE('',*,*,#818,.T.);
#1063=ORIENTED_EDGE('',*,*,#819,.T.);
#1064=ORIENTED_EDGE('',*,*,#820,.T.);
#1065=ORIENTED_EDGE('',*,*,#818,.F.);
#1066=ORIENTED_EDGE('',*,*,#817,.F.);
#1067=ORIENTED_EDGE('',*,*,#821,.T.);
#1068=ORIENTED_EDGE('',*,*,#820,.F.);
#1069=ORIENTED_EDGE('',*,*,#822,.T.);
#1070=ORIENTED_EDGE('',*,*,#761,.F.);
#1071=ORIENTED_EDGE('',*,*,#752,.T.);
#1072=ORIENTED_EDGE('',*,*,#823,.F.);
#1073=ORIENTED_EDGE('',*,*,#824,.F.);
#1074=ORIENTED_EDGE('',*,*,#762,.F.);
#1075=ORIENTED_EDGE('',*,*,#822,.F.);
#1076=ORIENTED_EDGE('',*,*,#819,.F.);
#1077=ORIENTED_EDGE('',*,*,#825,.T.);
#1078=ORIENTED_EDGE('',*,*,#826,.T.);
#1079=ORIENTED_EDGE('',*,*,#827,.T.);
#1080=ORIENTED_EDGE('',*,*,#826,.F.);
#1081=ORIENTED_EDGE('',*,*,#828,.T.);
#1082=ORIENTED_EDGE('',*,*,#829,.F.);
#1083=ORIENTED_EDGE('',*,*,#830,.T.);
#1084=ORIENTED_EDGE('',*,*,#828,.F.);
#1085=ORIENTED_EDGE('',*,*,#825,.F.);
#1086=ORIENTED_EDGE('',*,*,#830,.F.);
#1087=ORIENTED_EDGE('',*,*,#827,.F.);
#1088=ORIENTED_EDGE('',*,*,#831,.T.);
#1089=ORIENTED_EDGE('',*,*,#832,.T.);
#1090=ORIENTED_EDGE('',*,*,#833,.T.);
#1091=ORIENTED_EDGE('',*,*,#832,.F.);
#1092=ORIENTED_EDGE('',*,*,#834,.T.);
#1093=ORIENTED_EDGE('',*,*,#835,.F.);
#1094=ORIENTED_EDGE('',*,*,#836,.T.);
#1095=ORIENTED_EDGE('',*,*,#834,.F.);
#1096=ORIENTED_EDGE('',*,*,#831,.F.);
#1097=ORIENTED_EDGE('',*,*,#836,.F.);
#1098=ORIENTED_EDGE('',*,*,#833,.F.);
#1099=ORIENTED_EDGE('',*,*,#837,.T.);
#1100=ORIENTED_EDGE('',*,*,#838,.T.);
#1101=ORIENTED_EDGE('',*,*,#839,.T.);
#1102=ORIENTED_EDGE('',*,*,#838,.F.);
#1103=ORIENTED_EDGE('',*,*,#840,.T.);
#1104=ORIENTED_EDGE('',*,*,#841,.F.);
#1105=ORIENTED_EDGE('',*,*,#842,.T.);
#1106=ORIENTED_EDGE('',*,*,#840,.F.);
#1107=ORIENTED_EDGE('',*,*,#837,.F.);
#1108=ORIENTED_EDGE('',*,*,#842,.F.);
#1109=ORIENTED_EDGE('',*,*,#839,.F.);
#1110=ORIENTED_EDGE('',*,*,#843,.T.);
#1111=ORIENTED_EDGE('',*,*,#844,.T.);
#1112=ORIENTED_EDGE('',*,*,#845,.T.);
#1113=ORIENTED_EDGE('',*,*,#844,.F.);
#1114=ORIENTED_EDGE('',*,*,#846,.T.);
#1115=ORIENTED_EDGE('',*,*,#847,.F.);
#1116=ORIENTED_EDGE('',*,*,#848,.T.);
#1117=ORIENTED_EDGE('',*,*,#846,.F.);
#1118=ORIENTED_EDGE('',*,*,#843,.F.);
#1119=ORIENTED_EDGE('',*,*,#848,.F.);
#1120=ORIENTED_EDGE('',*,*,#845,.F.);
#1121=ORIENTED_EDGE('',*,*,#816,.F.);
#1122=ORIENTED_EDGE('',*,*,#849,.T.);
#1123=ORIENTED_EDGE('',*,*,#850,.T.);
#1124=ORIENTED_EDGE('',*,*,#849,.F.);
#1125=ORIENTED_EDGE('',*,*,#851,.F.);
#1126=ORIENTED_EDGE('',*,*,#850,.F.);
#1127=ORIENTED_EDGE('',*,*,#799,.F.);
#1128=ORIENTED_EDGE('',*,*,#852,.T.);
#1129=ORIENTED_EDGE('',*,*,#853,.T.);
#1130=ORIENTED_EDGE('',*,*,#852,.F.);
#1131=ORIENTED_EDGE('',*,*,#854,.F.);
#1132=ORIENTED_EDGE('',*,*,#853,.F.);
#1133=ORIENTED_EDGE('',*,*,#821,.F.);
#1134=ORIENTED_EDGE('',*,*,#855,.T.);
#1135=ORIENTED_EDGE('',*,*,#856,.T.);
#1136=ORIENTED_EDGE('',*,*,#855,.F.);
#1137=ORIENTED_EDGE('',*,*,#857,.F.);
#1138=ORIENTED_EDGE('',*,*,#856,.F.);
#1139=ORIENTED_EDGE('',*,*,#810,.F.);
#1140=ORIENTED_EDGE('',*,*,#858,.T.);
#1141=ORIENTED_EDGE('',*,*,#859,.T.);
#1142=ORIENTED_EDGE('',*,*,#858,.F.);
#1143=ORIENTED_EDGE('',*,*,#860,.F.);
#1144=ORIENTED_EDGE('',*,*,#859,.F.);
#1145=ORIENTED_EDGE('',*,*,#758,.T.);
#1146=ORIENTED_EDGE('',*,*,#776,.F.);
#1147=ORIENTED_EDGE('',*,*,#788,.F.);
#1148=ORIENTED_EDGE('',*,*,#861,.F.);
#1149=ORIENTED_EDGE('',*,*,#862,.T.);
#1150=ORIENTED_EDGE('',*,*,#801,.T.);
#1151=ORIENTED_EDGE('',*,*,#804,.T.);
#1152=ORIENTED_EDGE('',*,*,#749,.T.);
#1153=ORIENTED_EDGE('',*,*,#854,.T.);
#1154=ORIENTED_EDGE('',*,*,#863,.T.);
#1155=ORIENTED_EDGE('',*,*,#864,.F.);
#1156=ORIENTED_EDGE('',*,*,#863,.F.);
#1157=ORIENTED_EDGE('',*,*,#851,.T.);
#1158=ORIENTED_EDGE('',*,*,#865,.T.);
#1159=ORIENTED_EDGE('',*,*,#866,.F.);
#1160=ORIENTED_EDGE('',*,*,#865,.F.);
#1161=ORIENTED_EDGE('',*,*,#860,.T.);
#1162=ORIENTED_EDGE('',*,*,#867,.T.);
#1163=ORIENTED_EDGE('',*,*,#868,.F.);
#1164=ORIENTED_EDGE('',*,*,#867,.F.);
#1165=ORIENTED_EDGE('',*,*,#857,.T.);
#1166=ORIENTED_EDGE('',*,*,#869,.T.);
#1167=ORIENTED_EDGE('',*,*,#870,.F.);
#1168=ORIENTED_EDGE('',*,*,#869,.F.);
#1169=ORIENTED_EDGE('',*,*,#871,.F.);
#1170=ORIENTED_EDGE('',*,*,#802,.F.);
#1171=ORIENTED_EDGE('',*,*,#862,.F.);
#1172=ORIENTED_EDGE('',*,*,#872,.F.);
#1173=ORIENTED_EDGE('',*,*,#873,.F.);
#1174=ORIENTED_EDGE('',*,*,#791,.F.);
#1175=ORIENTED_EDGE('',*,*,#763,.F.);
#1176=ORIENTED_EDGE('',*,*,#824,.T.);
#1177=ORIENTED_EDGE('',*,*,#873,.T.);
#1178=ORIENTED_EDGE('',*,*,#823,.T.);
#1179=ORIENTED_EDGE('',*,*,#751,.T.);
#1180=ORIENTED_EDGE('',*,*,#803,.T.);
#1181=ORIENTED_EDGE('',*,*,#871,.T.);
#1182=ORIENTED_EDGE('',*,*,#874,.F.);
#1183=ORIENTED_EDGE('',*,*,#875,.F.);
#1184=ORIENTED_EDGE('',*,*,#876,.F.);
#1185=ORIENTED_EDGE('',*,*,#877,.F.);
#1186=ORIENTED_EDGE('',*,*,#878,.F.);
#1187=ORIENTED_EDGE('',*,*,#879,.T.);
#1188=ORIENTED_EDGE('',*,*,#880,.T.);
#1189=ORIENTED_EDGE('',*,*,#881,.T.);
#1190=ORIENTED_EDGE('',*,*,#792,.F.);
#1191=ORIENTED_EDGE('',*,*,#870,.T.);
#1192=ORIENTED_EDGE('',*,*,#868,.T.);
#1193=ORIENTED_EDGE('',*,*,#866,.T.);
#1194=ORIENTED_EDGE('',*,*,#864,.T.);
#1195=ORIENTED_EDGE('',*,*,#882,.F.);
#1196=ORIENTED_EDGE('',*,*,#883,.F.);
#1197=ORIENTED_EDGE('',*,*,#884,.T.);
#1198=ORIENTED_EDGE('',*,*,#877,.T.);
#1199=ORIENTED_EDGE('',*,*,#787,.F.);
#1200=ORIENTED_EDGE('',*,*,#885,.T.);
#1201=ORIENTED_EDGE('',*,*,#886,.T.);
#1202=ORIENTED_EDGE('',*,*,#874,.T.);
#1203=ORIENTED_EDGE('',*,*,#872,.T.);
#1204=ORIENTED_EDGE('',*,*,#861,.T.);
#1205=ORIENTED_EDGE('',*,*,#887,.F.);
#1206=ORIENTED_EDGE('',*,*,#875,.T.);
#1207=ORIENTED_EDGE('',*,*,#886,.F.);
#1208=ORIENTED_EDGE('',*,*,#888,.F.);
#1209=ORIENTED_EDGE('',*,*,#882,.T.);
#1210=ORIENTED_EDGE('',*,*,#876,.T.);
#1211=ORIENTED_EDGE('',*,*,#887,.T.);
#1212=ORIENTED_EDGE('',*,*,#889,.T.);
#1213=ORIENTED_EDGE('',*,*,#890,.T.);
#1214=ORIENTED_EDGE('',*,*,#891,.T.);
#1215=ORIENTED_EDGE('',*,*,#793,.F.);
#1216=ORIENTED_EDGE('',*,*,#881,.F.);
#1217=ORIENTED_EDGE('',*,*,#892,.T.);
#1218=ORIENTED_EDGE('',*,*,#893,.F.);
#1219=ORIENTED_EDGE('',*,*,#890,.F.);
#1220=ORIENTED_EDGE('',*,*,#880,.F.);
#1221=ORIENTED_EDGE('',*,*,#894,.T.);
#1222=ORIENTED_EDGE('',*,*,#895,.T.);
#1223=ORIENTED_EDGE('',*,*,#896,.T.);
#1224=ORIENTED_EDGE('',*,*,#897,.T.);
#1225=ORIENTED_EDGE('',*,*,#778,.F.);
#1226=ORIENTED_EDGE('',*,*,#898,.T.);
#1227=ORIENTED_EDGE('',*,*,#896,.F.);
#1228=ORIENTED_EDGE('',*,*,#898,.F.);
#1229=ORIENTED_EDGE('',*,*,#779,.F.);
#1230=ORIENTED_EDGE('',*,*,#899,.T.);
#1231=ORIENTED_EDGE('',*,*,#897,.F.);
#1232=ORIENTED_EDGE('',*,*,#899,.F.);
#1233=ORIENTED_EDGE('',*,*,#900,.T.);
#1234=ORIENTED_EDGE('',*,*,#901,.T.);
#1235=ORIENTED_EDGE('',*,*,#783,.F.);
#1236=ORIENTED_EDGE('',*,*,#902,.F.);
#1237=ORIENTED_EDGE('',*,*,#903,.T.);
#1238=ORIENTED_EDGE('',*,*,#902,.T.);
#1239=ORIENTED_EDGE('',*,*,#782,.F.);
#1240=ORIENTED_EDGE('',*,*,#904,.F.);
#1241=ORIENTED_EDGE('',*,*,#905,.T.);
#1242=ORIENTED_EDGE('',*,*,#904,.T.);
#1243=ORIENTED_EDGE('',*,*,#781,.F.);
#1244=ORIENTED_EDGE('',*,*,#906,.F.);
#1245=ORIENTED_EDGE('',*,*,#907,.T.);
#1246=ORIENTED_EDGE('',*,*,#906,.T.);
#1247=ORIENTED_EDGE('',*,*,#780,.F.);
#1248=ORIENTED_EDGE('',*,*,#901,.F.);
#1249=ORIENTED_EDGE('',*,*,#784,.F.);
#1250=ORIENTED_EDGE('',*,*,#908,.T.);
#1251=ORIENTED_EDGE('',*,*,#894,.F.);
#1252=ORIENTED_EDGE('',*,*,#908,.F.);
#1253=ORIENTED_EDGE('',*,*,#785,.F.);
#1254=ORIENTED_EDGE('',*,*,#909,.T.);
#1255=ORIENTED_EDGE('',*,*,#895,.F.);
#1256=ORIENTED_EDGE('',*,*,#909,.F.);
#1257=ORIENTED_EDGE('',*,*,#786,.F.);
#1258=ORIENTED_EDGE('',*,*,#774,.F.);
#1259=ORIENTED_EDGE('',*,*,#789,.F.);
#1260=ORIENTED_EDGE('',*,*,#794,.F.);
#1261=ORIENTED_EDGE('',*,*,#891,.F.);
#1262=ORIENTED_EDGE('',*,*,#893,.T.);
#1263=ORIENTED_EDGE('',*,*,#910,.F.);
#1264=ORIENTED_EDGE('',*,*,#911,.F.);
#1265=ORIENTED_EDGE('',*,*,#883,.T.);
#1266=ORIENTED_EDGE('',*,*,#889,.F.);
#1267=ORIENTED_EDGE('',*,*,#888,.T.);
#1268=ORIENTED_EDGE('',*,*,#885,.F.);
#1269=ORIENTED_EDGE('',*,*,#912,.F.);
#1270=ORIENTED_EDGE('',*,*,#910,.T.);
#1271=ORIENTED_EDGE('',*,*,#892,.F.);
#1272=ORIENTED_EDGE('',*,*,#879,.F.);
#1273=ORIENTED_EDGE('',*,*,#884,.F.);
#1274=ORIENTED_EDGE('',*,*,#911,.T.);
#1275=ORIENTED_EDGE('',*,*,#912,.T.);
#1276=ORIENTED_EDGE('',*,*,#878,.T.);
#1277=ORIENTED_EDGE('',*,*,#835,.T.);
#1278=ORIENTED_EDGE('',*,*,#841,.T.);
#1279=ORIENTED_EDGE('',*,*,#847,.T.);
#1280=ORIENTED_EDGE('',*,*,#829,.T.);
#1281=ORIENTED_EDGE('',*,*,#907,.F.);
#1282=ORIENTED_EDGE('',*,*,#900,.F.);
#1283=ORIENTED_EDGE('',*,*,#903,.F.);
#1284=ORIENTED_EDGE('',*,*,#905,.F.);
#1285=ORIENTED_EDGE('',*,*,#913,.F.);
#1286=ORIENTED_EDGE('',*,*,#914,.T.);
#1287=ORIENTED_EDGE('',*,*,#915,.T.);
#1288=ORIENTED_EDGE('',*,*,#914,.F.);
#1289=ORIENTED_EDGE('',*,*,#916,.F.);
#1290=ORIENTED_EDGE('',*,*,#917,.T.);
#1291=ORIENTED_EDGE('',*,*,#918,.T.);
#1292=ORIENTED_EDGE('',*,*,#917,.F.);
#1293=ORIENTED_EDGE('',*,*,#916,.T.);
#1294=ORIENTED_EDGE('',*,*,#913,.T.);
#1295=ORIENTED_EDGE('',*,*,#918,.F.);
#1296=ORIENTED_EDGE('',*,*,#915,.F.);
#1297=ORIENTED_EDGE('',*,*,#919,.F.);
#1298=ORIENTED_EDGE('',*,*,#920,.T.);
#1299=ORIENTED_EDGE('',*,*,#921,.T.);
#1300=ORIENTED_EDGE('',*,*,#920,.F.);
#1301=ORIENTED_EDGE('',*,*,#922,.F.);
#1302=ORIENTED_EDGE('',*,*,#923,.T.);
#1303=ORIENTED_EDGE('',*,*,#924,.T.);
#1304=ORIENTED_EDGE('',*,*,#923,.F.);
#1305=ORIENTED_EDGE('',*,*,#922,.T.);
#1306=ORIENTED_EDGE('',*,*,#919,.T.);
#1307=ORIENTED_EDGE('',*,*,#924,.F.);
#1308=ORIENTED_EDGE('',*,*,#921,.F.);
#1309=ORIENTED_EDGE('',*,*,#925,.F.);
#1310=ORIENTED_EDGE('',*,*,#926,.T.);
#1311=ORIENTED_EDGE('',*,*,#927,.T.);
#1312=ORIENTED_EDGE('',*,*,#926,.F.);
#1313=ORIENTED_EDGE('',*,*,#928,.F.);
#1314=ORIENTED_EDGE('',*,*,#929,.T.);
#1315=ORIENTED_EDGE('',*,*,#930,.T.);
#1316=ORIENTED_EDGE('',*,*,#929,.F.);
#1317=ORIENTED_EDGE('',*,*,#928,.T.);
#1318=ORIENTED_EDGE('',*,*,#925,.T.);
#1319=ORIENTED_EDGE('',*,*,#930,.F.);
#1320=ORIENTED_EDGE('',*,*,#927,.F.);
#1321=ORIENTED_EDGE('',*,*,#931,.F.);
#1322=ORIENTED_EDGE('',*,*,#932,.T.);
#1323=ORIENTED_EDGE('',*,*,#933,.T.);
#1324=ORIENTED_EDGE('',*,*,#932,.F.);
#1325=ORIENTED_EDGE('',*,*,#934,.F.);
#1326=ORIENTED_EDGE('',*,*,#935,.T.);
#1327=ORIENTED_EDGE('',*,*,#936,.T.);
#1328=ORIENTED_EDGE('',*,*,#935,.F.);
#1329=ORIENTED_EDGE('',*,*,#934,.T.);
#1330=ORIENTED_EDGE('',*,*,#931,.T.);
#1331=ORIENTED_EDGE('',*,*,#936,.F.);
#1332=ORIENTED_EDGE('',*,*,#933,.F.);
#1333=PLANE('',#1495);
#1334=PLANE('',#1496);
#1335=PLANE('',#1497);
#1336=PLANE('',#1498);
#1337=PLANE('',#1499);
#1338=PLANE('',#1500);
#1339=PLANE('',#1501);
#1340=PLANE('',#1504);
#1341=PLANE('',#1509);
#1342=PLANE('',#1514);
#1343=PLANE('',#1515);
#1344=PLANE('',#1516);
#1345=PLANE('',#1517);
#1346=PLANE('',#1522);
#1347=PLANE('',#1533);
#1348=PLANE('',#1540);
#1349=PLANE('',#1546);
#1350=PLANE('',#1556);
#1351=PLANE('',#1563);
#1352=PLANE('',#1570);
#1353=PLANE('',#1577);
#1354=PLANE('',#1580);
#1355=PLANE('',#1584);
#1356=PLANE('',#1588);
#1357=PLANE('',#1592);
#1358=PLANE('',#1594);
#1359=PLANE('',#1603);
#1360=PLANE('',#1604);
#1361=PLANE('',#1605);
#1362=PLANE('',#1606);
#1363=PLANE('',#1607);
#1364=PLANE('',#1608);
#1365=PLANE('',#1609);
#1366=PLANE('',#1610);
#1367=PLANE('',#1611);
#1368=PLANE('',#1612);
#1369=PLANE('',#1614);
#1370=PLANE('',#1616);
#1371=PLANE('',#1618);
#1372=PLANE('',#1622);
#1373=PLANE('',#1623);
#1374=PLANE('',#1624);
#1375=PLANE('',#1625);
#1376=PLANE('',#1628);
#1377=PLANE('',#1629);
#1378=PLANE('',#1630);
#1379=PLANE('',#1637);
#1380=PLANE('',#1638);
#1381=PLANE('',#1645);
#1382=PLANE('',#1646);
#1383=PLANE('',#1653);
#1384=PLANE('',#1654);
#1385=PLANE('',#1661);
#1386=PLANE('',#1662);
#1387=ADVANCED_FACE('',(#175),#1333,.T.);
#1388=ADVANCED_FACE('',(#176),#1334,.T.);
#1389=ADVANCED_FACE('',(#177),#1335,.F.);
#1390=ADVANCED_FACE('',(#178),#1336,.T.);
#1391=ADVANCED_FACE('',(#179),#1337,.T.);
#1392=ADVANCED_FACE('',(#180),#1338,.T.);
#1393=ADVANCED_FACE('',(#181),#1339,.T.);
#1394=ADVANCED_FACE('',(#182),#1340,.T.);
#1395=ADVANCED_FACE('',(#183,#59,#60,#61,#62,#63),#1341,.T.);
#1396=ADVANCED_FACE('',(#184),#1342,.T.);
#1397=ADVANCED_FACE('',(#185),#1343,.T.);
#1398=ADVANCED_FACE('',(#186),#1344,.T.);
#1399=ADVANCED_FACE('',(#187),#1345,.T.);
#1400=ADVANCED_FACE('',(#188),#51,.F.);
#1401=ADVANCED_FACE('',(#189,#64),#1346,.T.);
#1402=ADVANCED_FACE('',(#190),#23,.T.);
#1403=ADVANCED_FACE('',(#191),#52,.F.);
#1404=ADVANCED_FACE('',(#192),#24,.T.);
#1405=ADVANCED_FACE('',(#193,#65),#1347,.T.);
#1406=ADVANCED_FACE('',(#194),#53,.F.);
#1407=ADVANCED_FACE('',(#195),#25,.T.);
#1408=ADVANCED_FACE('',(#196,#66),#1348,.T.);
#1409=ADVANCED_FACE('',(#197),#54,.F.);
#1410=ADVANCED_FACE('',(#198,#67),#1349,.T.);
#1411=ADVANCED_FACE('',(#199),#26,.T.);
#1412=ADVANCED_FACE('',(#200),#55,.F.);
#1413=ADVANCED_FACE('',(#201),#27,.T.);
#1414=ADVANCED_FACE('',(#202),#1350,.F.);
#1415=ADVANCED_FACE('',(#203),#56,.F.);
#1416=ADVANCED_FACE('',(#204),#28,.T.);
#1417=ADVANCED_FACE('',(#205),#1351,.F.);
#1418=ADVANCED_FACE('',(#206),#57,.F.);
#1419=ADVANCED_FACE('',(#207),#29,.T.);
#1420=ADVANCED_FACE('',(#208),#1352,.F.);
#1421=ADVANCED_FACE('',(#209),#58,.F.);
#1422=ADVANCED_FACE('',(#210),#30,.T.);
#1423=ADVANCED_FACE('',(#211),#1353,.F.);
#1424=ADVANCED_FACE('',(#212),#31,.F.);
#1425=ADVANCED_FACE('',(#213,#68),#1354,.F.);
#1426=ADVANCED_FACE('',(#214),#32,.F.);
#1427=ADVANCED_FACE('',(#215,#69),#1355,.F.);
#1428=ADVANCED_FACE('',(#216),#33,.F.);
#1429=ADVANCED_FACE('',(#217,#70),#1356,.F.);
#1430=ADVANCED_FACE('',(#218),#34,.F.);
#1431=ADVANCED_FACE('',(#219,#71),#1357,.F.);
#1432=ADVANCED_FACE('',(#220),#1358,.T.);
#1433=ADVANCED_FACE('',(#221),#35,.F.);
#1434=ADVANCED_FACE('',(#222),#36,.F.);
#1435=ADVANCED_FACE('',(#223),#37,.F.);
#1436=ADVANCED_FACE('',(#224),#38,.F.);
#1437=ADVANCED_FACE('',(#225),#1359,.F.);
#1438=ADVANCED_FACE('',(#226),#1360,.F.);
#1439=ADVANCED_FACE('',(#227,#72,#73,#74,#75),#1361,.T.);
#1440=ADVANCED_FACE('',(#228),#1362,.T.);
#1441=ADVANCED_FACE('',(#229),#1363,.T.);
#1442=ADVANCED_FACE('',(#230),#1364,.T.);
#1443=ADVANCED_FACE('',(#231),#1365,.F.);
#1444=ADVANCED_FACE('',(#232),#1366,.T.);
#1445=ADVANCED_FACE('',(#233),#1367,.F.);
#1446=ADVANCED_FACE('',(#234),#1368,.T.);
#1447=ADVANCED_FACE('',(#235),#1369,.T.);
#1448=ADVANCED_FACE('',(#236),#1370,.T.);
#1449=ADVANCED_FACE('',(#237),#1371,.T.);
#1450=ADVANCED_FACE('',(#238),#39,.F.);
#1451=ADVANCED_FACE('',(#239),#40,.F.);
#1452=ADVANCED_FACE('',(#240),#1372,.T.);
#1453=ADVANCED_FACE('',(#241),#1373,.T.);
#1454=ADVANCED_FACE('',(#242),#1374,.T.);
#1455=ADVANCED_FACE('',(#243),#1375,.T.);
#1456=ADVANCED_FACE('',(#244),#41,.F.);
#1457=ADVANCED_FACE('',(#245),#42,.F.);
#1458=ADVANCED_FACE('',(#246),#1376,.T.);
#1459=ADVANCED_FACE('',(#247),#1377,.T.);
#1460=ADVANCED_FACE('',(#248,#76,#77,#78,#79,#80),#1378,.F.);
#1461=ADVANCED_FACE('',(#249),#43,.F.);
#1462=ADVANCED_FACE('',(#250),#44,.T.);
#1463=ADVANCED_FACE('',(#251,#81),#1379,.T.);
#1464=ADVANCED_FACE('',(#252,#82),#1380,.F.);
#1465=ADVANCED_FACE('',(#253),#45,.F.);
#1466=ADVANCED_FACE('',(#254),#46,.T.);
#1467=ADVANCED_FACE('',(#255,#83),#1381,.T.);
#1468=ADVANCED_FACE('',(#256,#84),#1382,.F.);
#1469=ADVANCED_FACE('',(#257),#47,.F.);
#1470=ADVANCED_FACE('',(#258),#48,.T.);
#1471=ADVANCED_FACE('',(#259,#85),#1383,.T.);
#1472=ADVANCED_FACE('',(#260,#86),#1384,.F.);
#1473=ADVANCED_FACE('',(#261),#49,.F.);
#1474=ADVANCED_FACE('',(#262),#50,.T.);
#1475=ADVANCED_FACE('',(#263,#87),#1385,.T.);
#1476=ADVANCED_FACE('',(#264,#88),#1386,.F.);
#1477=CLOSED_SHELL('',(#1387,#1388,#1389,#1390,#1391,#1392,#1393,#1394,
#1395,#1396,#1397,#1398,#1399,#1400,#1401,#1402,#1403,#1404,#1405,#1406,
#1407,#1408,#1409,#1410,#1411,#1412,#1413,#1414,#1415,#1416,#1417,#1418,
#1419,#1420,#1421,#1422,#1423,#1424,#1425,#1426,#1427,#1428,#1429,#1430,
#1431,#1432,#1433,#1434,#1435,#1436,#1437,#1438,#1439,#1440,#1441,#1442,
#1443,#1444,#1445,#1446,#1447,#1448,#1449,#1450,#1451,#1452,#1453,#1454,
#1455,#1456,#1457,#1458,#1459,#1460));
#1478=CLOSED_SHELL('',(#1461,#1462,#1463,#1464));
#1479=CLOSED_SHELL('',(#1465,#1466,#1467,#1468));
#1480=CLOSED_SHELL('',(#1469,#1470,#1471,#1472));
#1481=CLOSED_SHELL('',(#1473,#1474,#1475,#1476));
#1482=DERIVED_UNIT_ELEMENT(#1484,1.);
#1483=DERIVED_UNIT_ELEMENT(#2745,-3.);
#1484=(
MASS_UNIT()
NAMED_UNIT(*)
SI_UNIT(.KILO.,.GRAM.)
);
#1485=DERIVED_UNIT((#1482,#1483));
#1486=MEASURE_REPRESENTATION_ITEM('density measure',
POSITIVE_RATIO_MEASURE(7850.),#1485);
#1487=PROPERTY_DEFINITION_REPRESENTATION(#1492,#1489);
#1488=PROPERTY_DEFINITION_REPRESENTATION(#1493,#1490);
#1489=REPRESENTATION('material name',(#1491),#2742);
#1490=REPRESENTATION('density',(#1486),#2742);
#1491=DESCRIPTIVE_REPRESENTATION_ITEM('Steel','Steel');
#1492=PROPERTY_DEFINITION('material property','material name',#2752);
#1493=PROPERTY_DEFINITION('material property','density of part',#2752);
#1494=AXIS2_PLACEMENT_3D('',#2113,#1663,#1664);
#1495=AXIS2_PLACEMENT_3D('',#2114,#1665,#1666);
#1496=AXIS2_PLACEMENT_3D('',#2123,#1671,#1672);
#1497=AXIS2_PLACEMENT_3D('',#2127,#1675,#1676);
#1498=AXIS2_PLACEMENT_3D('',#2145,#1686,#1687);
#1499=AXIS2_PLACEMENT_3D('',#2151,#1691,#1692);
#1500=AXIS2_PLACEMENT_3D('',#2155,#1695,#1696);
#1501=AXIS2_PLACEMENT_3D('',#2159,#1699,#1700);
#1502=AXIS2_PLACEMENT_3D('',#2161,#1701,#1702);
#1503=AXIS2_PLACEMENT_3D('',#2163,#1703,#1704);
#1504=AXIS2_PLACEMENT_3D('',#2171,#1709,#1710);
#1505=AXIS2_PLACEMENT_3D('',#2176,#1713,#1714);
#1506=AXIS2_PLACEMENT_3D('',#2177,#1715,#1716);
#1507=AXIS2_PLACEMENT_3D('',#2179,#1717,#1718);
#1508=AXIS2_PLACEMENT_3D('',#2180,#1719,#1720);
#1509=AXIS2_PLACEMENT_3D('',#2181,#1721,#1722);
#1510=AXIS2_PLACEMENT_3D('',#2191,#1728,#1729);
#1511=AXIS2_PLACEMENT_3D('',#2193,#1730,#1731);
#1512=AXIS2_PLACEMENT_3D('',#2203,#1736,#1737);
#1513=AXIS2_PLACEMENT_3D('',#2205,#1738,#1739);
#1514=AXIS2_PLACEMENT_3D('',#2206,#1740,#1741);
#1515=AXIS2_PLACEMENT_3D('',#2207,#1742,#1743);
#1516=AXIS2_PLACEMENT_3D('',#2213,#1747,#1748);
#1517=AXIS2_PLACEMENT_3D('',#2217,#1751,#1752);
#1518=AXIS2_PLACEMENT_3D('',#2253,#1757,#1758);
#1519=AXIS2_PLACEMENT_3D('',#2255,#1759,#1760);
#1520=AXIS2_PLACEMENT_3D('',#2257,#1761,#1762);
#1521=AXIS2_PLACEMENT_3D('',#2258,#1763,#1764);
#1522=AXIS2_PLACEMENT_3D('',#2259,#1765,#1766);
#1523=AXIS2_PLACEMENT_3D('',#2261,#1767,#1768);
#1524=AXIS2_PLACEMENT_3D('',#2262,#1769,#1770);
#1525=AXIS2_PLACEMENT_3D('',#2266,#1772,#1773);
#1526=AXIS2_PLACEMENT_3D('',#2269,#1775,#1776);
#1527=AXIS2_PLACEMENT_3D('',#2270,#1777,#1778);
#1528=AXIS2_PLACEMENT_3D('',#2299,#1779,#1780);
#1529=AXIS2_PLACEMENT_3D('',#2301,#1781,#1782);
#1530=AXIS2_PLACEMENT_3D('',#2303,#1783,#1784);
#1531=AXIS2_PLACEMENT_3D('',#2304,#1785,#1786);
#1532=AXIS2_PLACEMENT_3D('',#2305,#1787,#1788);
#1533=AXIS2_PLACEMENT_3D('',#2307,#1790,#1791);
#1534=AXIS2_PLACEMENT_3D('',#2309,#1792,#1793);
#1535=AXIS2_PLACEMENT_3D('',#2338,#1794,#1795);
#1536=AXIS2_PLACEMENT_3D('',#2340,#1796,#1797);
#1537=AXIS2_PLACEMENT_3D('',#2342,#1798,#1799);
#1538=AXIS2_PLACEMENT_3D('',#2343,#1800,#1801);
#1539=AXIS2_PLACEMENT_3D('',#2344,#1802,#1803);
#1540=AXIS2_PLACEMENT_3D('',#2346,#1805,#1806);
#1541=AXIS2_PLACEMENT_3D('',#2348,#1807,#1808);
#1542=AXIS2_PLACEMENT_3D('',#2377,#1809,#1810);
#1543=AXIS2_PLACEMENT_3D('',#2379,#1811,#1812);
#1544=AXIS2_PLACEMENT_3D('',#2381,#1813,#1814);
#1545=AXIS2_PLACEMENT_3D('',#2382,#1815,#1816);
#1546=AXIS2_PLACEMENT_3D('',#2383,#1817,#1818);
#1547=AXIS2_PLACEMENT_3D('',#2385,#1819,#1820);
#1548=AXIS2_PLACEMENT_3D('',#2386,#1821,#1822);
#1549=AXIS2_PLACEMENT_3D('',#2389,#1824,#1825);
#1550=AXIS2_PLACEMENT_3D('',#2420,#1827,#1828);
#1551=AXIS2_PLACEMENT_3D('',#2422,#1829,#1830);
#1552=AXIS2_PLACEMENT_3D('',#2423,#1831,#1832);
#1553=AXIS2_PLACEMENT_3D('',#2424,#1833,#1834);
#1554=AXIS2_PLACEMENT_3D('',#2425,#1835,#1836);
#1555=AXIS2_PLACEMENT_3D('',#2427,#1837,#1838);
#1556=AXIS2_PLACEMENT_3D('',#2429,#1840,#1841);
#1557=AXIS2_PLACEMENT_3D('',#2459,#1842,#1843);
#1558=AXIS2_PLACEMENT_3D('',#2461,#1844,#1845);
#1559=AXIS2_PLACEMENT_3D('',#2462,#1846,#1847);
#1560=AXIS2_PLACEMENT_3D('',#2463,#1848,#1849);
#1561=AXIS2_PLACEMENT_3D('',#2464,#1850,#1851);
#1562=AXIS2_PLACEMENT_3D('',#2466,#1852,#1853);
#1563=AXIS2_PLACEMENT_3D('',#2468,#1855,#1856);
#1564=AXIS2_PLACEMENT_3D('',#2498,#1857,#1858);
#1565=AXIS2_PLACEMENT_3D('',#2500,#1859,#1860);
#1566=AXIS2_PLACEMENT_3D('',#2501,#1861,#1862);
#1567=AXIS2_PLACEMENT_3D('',#2502,#1863,#1864);
#1568=AXIS2_PLACEMENT_3D('',#2503,#1865,#1866);
#1569=AXIS2_PLACEMENT_3D('',#2505,#1867,#1868);
#1570=AXIS2_PLACEMENT_3D('',#2507,#1870,#1871);
#1571=AXIS2_PLACEMENT_3D('',#2537,#1872,#1873);
#1572=AXIS2_PLACEMENT_3D('',#2539,#1874,#1875);
#1573=AXIS2_PLACEMENT_3D('',#2540,#1876,#1877);
#1574=AXIS2_PLACEMENT_3D('',#2541,#1878,#1879);
#1575=AXIS2_PLACEMENT_3D('',#2542,#1880,#1881);
#1576=AXIS2_PLACEMENT_3D('',#2544,#1882,#1883);
#1577=AXIS2_PLACEMENT_3D('',#2546,#1885,#1886);
#1578=AXIS2_PLACEMENT_3D('',#2547,#1887,#1888);
#1579=AXIS2_PLACEMENT_3D('',#2550,#1890,#1891);
#1580=AXIS2_PLACEMENT_3D('',#2551,#1892,#1893);
#1581=AXIS2_PLACEMENT_3D('',#2553,#1894,#1895);
#1582=AXIS2_PLACEMENT_3D('',#2554,#1896,#1897);
#1583=AXIS2_PLACEMENT_3D('',#2557,#1899,#1900);
#1584=AXIS2_PLACEMENT_3D('',#2558,#1901,#1902);
#1585=AXIS2_PLACEMENT_3D('',#2560,#1903,#1904);
#1586=AXIS2_PLACEMENT_3D('',#2561,#1905,#1906);
#1587=AXIS2_PLACEMENT_3D('',#2564,#1908,#1909);
#1588=AXIS2_PLACEMENT_3D('',#2565,#1910,#1911);
#1589=AXIS2_PLACEMENT_3D('',#2567,#1912,#1913);
#1590=AXIS2_PLACEMENT_3D('',#2568,#1914,#1915);
#1591=AXIS2_PLACEMENT_3D('',#2571,#1917,#1918);
#1592=AXIS2_PLACEMENT_3D('',#2572,#1919,#1920);
#1593=AXIS2_PLACEMENT_3D('',#2574,#1921,#1922);
#1594=AXIS2_PLACEMENT_3D('',#2575,#1923,#1924);
#1595=AXIS2_PLACEMENT_3D('',#2579,#1927,#1928);
#1596=AXIS2_PLACEMENT_3D('',#2582,#1930,#1931);
#1597=AXIS2_PLACEMENT_3D('',#2583,#1932,#1933);
#1598=AXIS2_PLACEMENT_3D('',#2586,#1935,#1936);
#1599=AXIS2_PLACEMENT_3D('',#2587,#1937,#1938);
#1600=AXIS2_PLACEMENT_3D('',#2590,#1940,#1941);
#1601=AXIS2_PLACEMENT_3D('',#2591,#1942,#1943);
#1602=AXIS2_PLACEMENT_3D('',#2594,#1945,#1946);
#1603=AXIS2_PLACEMENT_3D('',#2595,#1947,#1948);
#1604=AXIS2_PLACEMENT_3D('',#2599,#1951,#1952);
#1605=AXIS2_PLACEMENT_3D('',#2601,#1954,#1955);
#1606=AXIS2_PLACEMENT_3D('',#2617,#1964,#1965);
#1607=AXIS2_PLACEMENT_3D('',#2623,#1969,#1970);
#1608=AXIS2_PLACEMENT_3D('',#2627,#1973,#1974);
#1609=AXIS2_PLACEMENT_3D('',#2631,#1977,#1978);
#1610=AXIS2_PLACEMENT_3D('',#2633,#1980,#1981);
#1611=AXIS2_PLACEMENT_3D('',#2637,#1984,#1985);
#1612=AXIS2_PLACEMENT_3D('',#2641,#1988,#1989);
#1613=AXIS2_PLACEMENT_3D('',#2643,#1990,#1991);
#1614=AXIS2_PLACEMENT_3D('',#2644,#1992,#1993);
#1615=AXIS2_PLACEMENT_3D('',#2646,#1994,#1995);
#1616=AXIS2_PLACEMENT_3D('',#2647,#1996,#1997);
#1617=AXIS2_PLACEMENT_3D('',#2649,#1998,#1999);
#1618=AXIS2_PLACEMENT_3D('',#2650,#2000,#2001);
#1619=AXIS2_PLACEMENT_3D('',#2652,#2002,#2003);
#1620=AXIS2_PLACEMENT_3D('',#2653,#2004,#2005);
#1621=AXIS2_PLACEMENT_3D('',#2655,#2007,#2008);
#1622=AXIS2_PLACEMENT_3D('',#2657,#2010,#2011);
#1623=AXIS2_PLACEMENT_3D('',#2663,#2015,#2016);
#1624=AXIS2_PLACEMENT_3D('',#2667,#2019,#2020);
#1625=AXIS2_PLACEMENT_3D('',#2671,#2023,#2024);
#1626=AXIS2_PLACEMENT_3D('',#2673,#2026,#2027);
#1627=AXIS2_PLACEMENT_3D('',#2675,#2029,#2030);
#1628=AXIS2_PLACEMENT_3D('',#2677,#2032,#2033);
#1629=AXIS2_PLACEMENT_3D('',#2681,#2036,#2037);
#1630=AXIS2_PLACEMENT_3D('',#2683,#2039,#2040);
#1631=AXIS2_PLACEMENT_3D('',#2684,#2041,#2042);
#1632=AXIS2_PLACEMENT_3D('',#2686,#2043,#2044);
#1633=AXIS2_PLACEMENT_3D('',#2689,#2046,#2047);
#1634=AXIS2_PLACEMENT_3D('',#2690,#2048,#2049);
#1635=AXIS2_PLACEMENT_3D('',#2692,#2050,#2051);
#1636=AXIS2_PLACEMENT_3D('',#2695,#2053,#2054);
#1637=AXIS2_PLACEMENT_3D('',#2696,#2055,#2056);
#1638=AXIS2_PLACEMENT_3D('',#2697,#2057,#2058);
#1639=AXIS2_PLACEMENT_3D('',#2698,#2059,#2060);
#1640=AXIS2_PLACEMENT_3D('',#2700,#2061,#2062);
#1641=AXIS2_PLACEMENT_3D('',#2703,#2064,#2065);
#1642=AXIS2_PLACEMENT_3D('',#2704,#2066,#2067);
#1643=AXIS2_PLACEMENT_3D('',#2706,#2068,#2069);
#1644=AXIS2_PLACEMENT_3D('',#2709,#2071,#2072);
#1645=AXIS2_PLACEMENT_3D('',#2710,#2073,#2074);
#1646=AXIS2_PLACEMENT_3D('',#2711,#2075,#2076);
#1647=AXIS2_PLACEMENT_3D('',#2712,#2077,#2078);
#1648=AXIS2_PLACEMENT_3D('',#2714,#2079,#2080);
#1649=AXIS2_PLACEMENT_3D('',#2717,#2082,#2083);
#1650=AXIS2_PLACEMENT_3D('',#2718,#2084,#2085);
#1651=AXIS2_PLACEMENT_3D('',#2720,#2086,#2087);
#1652=AXIS2_PLACEMENT_3D('',#2723,#2089,#2090);
#1653=AXIS2_PLACEMENT_3D('',#2724,#2091,#2092);
#1654=AXIS2_PLACEMENT_3D('',#2725,#2093,#2094);
#1655=AXIS2_PLACEMENT_3D('',#2726,#2095,#2096);
#1656=AXIS2_PLACEMENT_3D('',#2728,#2097,#2098);
#1657=AXIS2_PLACEMENT_3D('',#2731,#2100,#2101);
#1658=AXIS2_PLACEMENT_3D('',#2732,#2102,#2103);
#1659=AXIS2_PLACEMENT_3D('',#2734,#2104,#2105);
#1660=AXIS2_PLACEMENT_3D('',#2737,#2107,#2108);
#1661=AXIS2_PLACEMENT_3D('',#2738,#2109,#2110);
#1662=AXIS2_PLACEMENT_3D('',#2739,#2111,#2112);
#1663=DIRECTION('axis',(0.,0.,1.));
#1664=DIRECTION('refdir',(1.,0.,0.));
#1665=DIRECTION('center_axis',(-4.04974497661198E-16,0.68394112888133,-0.729537204140085));
#1666=DIRECTION('ref_axis',(-1.,0.,5.55111508176676E-16));
#1667=DIRECTION('',(0.,0.729537204140085,0.68394112888133));
#1668=DIRECTION('',(1.,5.92118942055121E-16,0.));
#1669=DIRECTION('',(0.,-0.729537204140085,-0.68394112888133));
#1670=DIRECTION('',(1.,0.,0.));
#1671=DIRECTION('center_axis',(1.,0.,0.));
#1672=DIRECTION('ref_axis',(0.,0.,-1.));
#1673=DIRECTION('',(0.,1.,0.));
#1674=DIRECTION('',(0.,0.,1.));
#1675=DIRECTION('center_axis',(5.92118942055121E-16,-1.,0.));
#1676=DIRECTION('ref_axis',(1.,5.92118942055121E-16,0.));
#1677=DIRECTION('',(1.,5.92118942055121E-16,0.));
#1678=DIRECTION('',(1.,5.92118942055121E-16,0.));
#1679=DIRECTION('',(1.,5.92118942055121E-16,0.));
#1680=DIRECTION('',(1.,5.92118942055121E-16,0.));
#1681=DIRECTION('',(1.,5.92118942055121E-16,0.));
#1682=DIRECTION('',(0.,0.,1.));
#1683=DIRECTION('',(-1.,-5.92118942055121E-16,0.));
#1684=DIRECTION('',(0.,0.,1.));
#1685=DIRECTION('',(1.,5.92118942055121E-16,0.));
#1686=DIRECTION('center_axis',(-4.04974497661198E-16,0.68394112888133,-0.729537204140085));
#1687=DIRECTION('ref_axis',(-1.,0.,5.55111508176676E-16));
#1688=DIRECTION('',(0.,0.729537204140085,0.68394112888133));
#1689=DIRECTION('',(0.,-0.729537204140085,-0.68394112888133));
#1690=DIRECTION('',(1.,0.,0.));
#1691=DIRECTION('center_axis',(-1.,0.,0.));
#1692=DIRECTION('ref_axis',(0.,0.,1.));
#1693=DIRECTION('',(0.,0.,-1.));
#1694=DIRECTION('',(0.,-1.,0.));
#1695=DIRECTION('center_axis',(-1.,0.,0.));
#1696=DIRECTION('ref_axis',(0.,0.,1.));
#1697=DIRECTION('',(0.,0.,-1.));
#1698=DIRECTION('',(0.,-1.,0.));
#1699=DIRECTION('center_axis',(0.,0.,-1.));
#1700=DIRECTION('ref_axis',(-1.,0.,0.));
#1701=DIRECTION('center_axis',(0.,0.,1.));
#1702=DIRECTION('ref_axis',(1.,0.,0.));
#1703=DIRECTION('center_axis',(0.,0.,1.));
#1704=DIRECTION('ref_axis',(1.,0.,0.));
#1705=DIRECTION('',(0.420628964171723,-0.907232756518317,0.));
#1706=DIRECTION('',(1.,0.,0.));
#1707=DIRECTION('',(-0.316227766016837,-0.948683298050514,0.));
#1708=DIRECTION('',(1.,0.,0.));
#1709=DIRECTION('center_axis',(0.,0.,-1.));
#1710=DIRECTION('ref_axis',(-1.,0.,0.));
#1711=DIRECTION('',(1.,0.,0.));
#1712=DIRECTION('',(0.,1.,0.));
#1713=DIRECTION('center_axis',(0.,0.,1.));
#1714=DIRECTION('ref_axis',(1.,0.,0.));
#1715=DIRECTION('center_axis',(0.,0.,1.));
#1716=DIRECTION('ref_axis',(1.,0.,0.));
#1717=DIRECTION('center_axis',(0.,0.,1.));
#1718=DIRECTION('ref_axis',(1.,0.,0.));
#1719=DIRECTION('center_axis',(0.,0.,1.));
#1720=DIRECTION('ref_axis',(1.,0.,0.));
#1721=DIRECTION('center_axis',(0.,1.,0.));
#1722=DIRECTION('ref_axis',(1.,0.,0.));
#1723=DIRECTION('',(0.,0.,-1.));
#1724=DIRECTION('',(-1.,0.,4.82705662880503E-17));
#1725=DIRECTION('',(0.,0.,1.));
#1726=DIRECTION('',(1.,0.,0.));
#1727=DIRECTION('',(0.,0.,1.));
#1728=DIRECTION('center_axis',(0.,-1.,0.));
#1729=DIRECTION('ref_axis',(1.,0.,0.));
#1730=DIRECTION('center_axis',(0.,-1.,0.));
#1731=DIRECTION('ref_axis',(1.,0.,0.));
#1732=DIRECTION('',(0.,0.,-1.));
#1733=DIRECTION('',(1.,0.,0.));
#1734=DIRECTION('',(0.,0.,1.));
#1735=DIRECTION('',(-1.,0.,0.));
#1736=DIRECTION('center_axis',(0.,-1.,0.));
#1737=DIRECTION('ref_axis',(1.,0.,0.));
#1738=DIRECTION('center_axis',(0.,-1.,0.));
#1739=DIRECTION('ref_axis',(1.,0.,0.));
#1740=DIRECTION('center_axis',(1.,0.,0.));
#1741=DIRECTION('ref_axis',(0.,0.,-1.));
#1742=DIRECTION('center_axis',(0.948683298050514,0.316227766016837,0.));
#1743=DIRECTION('ref_axis',(0.,0.,-1.));
#1744=DIRECTION('',(-0.316227766016837,0.948683298050514,1.52644933416378E-17));
#1745=DIRECTION('',(0.,0.,1.));
#1746=DIRECTION('',(-0.316227766016837,0.948683298050514,0.));
#1747=DIRECTION('center_axis',(-0.948683298050514,0.316227766016837,0.));
#1748=DIRECTION('ref_axis',(0.,0.,1.));
#1749=DIRECTION('',(-0.316227766016837,-0.948683298050514,1.52644933416378E-17));
#1750=DIRECTION('',(0.,0.,-1.));
#1751=DIRECTION('center_axis',(0.,1.,0.));
#1752=DIRECTION('ref_axis',(0.,0.,1.));
#1753=DIRECTION('',(0.,0.,1.));
#1754=DIRECTION('',(1.,0.,0.));
#1755=DIRECTION('',(0.,0.,-1.));
#1756=DIRECTION('',(-1.,0.,0.));
#1757=DIRECTION('center_axis',(0.,0.,1.));
#1758=DIRECTION('ref_axis',(1.,0.,0.));
#1759=DIRECTION('center_axis',(0.,-1.,0.));
#1760=DIRECTION('ref_axis',(1.,0.,0.));
#1761=DIRECTION('center_axis',(0.,0.,-1.));
#1762=DIRECTION('ref_axis',(1.,0.,0.));
#1763=DIRECTION('center_axis',(0.,0.,-1.));
#1764=DIRECTION('ref_axis',(1.,0.,0.));
#1765=DIRECTION('center_axis',(0.,0.,-1.));
#1766=DIRECTION('ref_axis',(1.,0.,0.));
#1767=DIRECTION('center_axis',(0.,0.,1.));
#1768=DIRECTION('ref_axis',(1.,0.,0.));
#1769=DIRECTION('center_axis',(0.,0.,1.));
#1770=DIRECTION('ref_axis',(1.,0.,0.));
#1771=DIRECTION('',(0.,0.,1.));
#1772=DIRECTION('center_axis',(0.,0.,1.));
#1773=DIRECTION('ref_axis',(1.,0.,0.));
#1774=DIRECTION('',(0.,0.,1.));
#1775=DIRECTION('center_axis',(0.,0.,1.));
#1776=DIRECTION('ref_axis',(1.,0.,0.));
#1777=DIRECTION('center_axis',(0.,0.,1.));
#1778=DIRECTION('ref_axis',(1.,0.,0.));
#1779=DIRECTION('center_axis',(0.,0.,1.));
#1780=DIRECTION('ref_axis',(1.,0.,0.));
#1781=DIRECTION('center_axis',(0.,-1.,0.));
#1782=DIRECTION('ref_axis',(1.,0.,0.));
#1783=DIRECTION('center_axis',(0.,0.,-1.));
#1784=DIRECTION('ref_axis',(1.,0.,0.));
#1785=DIRECTION('center_axis',(0.,0.,-1.));
#1786=DIRECTION('ref_axis',(1.,0.,0.));
#1787=DIRECTION('center_axis',(0.,0.,-1.));
#1788=DIRECTION('ref_axis',(1.,0.,0.));
#1789=DIRECTION('',(0.,0.,1.));
#1790=DIRECTION('center_axis',(0.,0.,-1.));
#1791=DIRECTION('ref_axis',(1.,0.,0.));
#1792=DIRECTION('center_axis',(0.,0.,1.));
#1793=DIRECTION('ref_axis',(1.,0.,0.));
#1794=DIRECTION('center_axis',(0.,0.,1.));
#1795=DIRECTION('ref_axis',(1.,0.,0.));
#1796=DIRECTION('center_axis',(0.,-1.,0.));
#1797=DIRECTION('ref_axis',(1.,0.,0.));
#1798=DIRECTION('center_axis',(0.,0.,-1.));
#1799=DIRECTION('ref_axis',(1.,0.,0.));
#1800=DIRECTION('center_axis',(0.,0.,-1.));
#1801=DIRECTION('ref_axis',(1.,0.,0.));
#1802=DIRECTION('center_axis',(0.,0.,-1.));
#1803=DIRECTION('ref_axis',(1.,0.,0.));
#1804=DIRECTION('',(0.,0.,1.));
#1805=DIRECTION('center_axis',(0.,0.,-1.));
#1806=DIRECTION('ref_axis',(1.,0.,0.));
#1807=DIRECTION('center_axis',(0.,0.,1.));
#1808=DIRECTION('ref_axis',(1.,0.,0.));
#1809=DIRECTION('center_axis',(0.,0.,1.));
#1810=DIRECTION('ref_axis',(1.,0.,0.));
#1811=DIRECTION('center_axis',(0.,-1.,0.));
#1812=DIRECTION('ref_axis',(1.,0.,0.));
#1813=DIRECTION('center_axis',(0.,0.,-1.));
#1814=DIRECTION('ref_axis',(1.,0.,0.));
#1815=DIRECTION('center_axis',(0.,0.,-1.));
#1816=DIRECTION('ref_axis',(1.,0.,0.));
#1817=DIRECTION('center_axis',(0.,0.,-1.));
#1818=DIRECTION('ref_axis',(1.,0.,0.));
#1819=DIRECTION('center_axis',(0.,0.,1.));
#1820=DIRECTION('ref_axis',(1.,0.,0.));
#1821=DIRECTION('center_axis',(0.,0.,1.));
#1822=DIRECTION('ref_axis',(1.,0.,0.));
#1823=DIRECTION('',(0.,0.,1.));
#1824=DIRECTION('center_axis',(0.,0.,1.));
#1825=DIRECTION('ref_axis',(1.,0.,0.));
#1826=DIRECTION('',(0.,0.,1.));
#1827=DIRECTION('center_axis',(0.,-1.,0.));
#1828=DIRECTION('ref_axis',(1.,0.,0.));
#1829=DIRECTION('center_axis',(-1.,0.,0.));
#1830=DIRECTION('ref_axis',(0.,0.,-1.));
#1831=DIRECTION('center_axis',(0.,1.,0.));
#1832=DIRECTION('ref_axis',(1.,0.,0.));
#1833=DIRECTION('center_axis',(0.,-1.,0.));
#1834=DIRECTION('ref_axis',(1.,0.,0.));
#1835=DIRECTION('center_axis',(0.,1.,0.));
#1836=DIRECTION('ref_axis',(1.,0.,0.));
#1837=DIRECTION('center_axis',(0.,1.,0.));
#1838=DIRECTION('ref_axis',(1.,0.,0.));
#1839=DIRECTION('',(0.,-1.,0.));
#1840=DIRECTION('center_axis',(0.,1.,0.));
#1841=DIRECTION('ref_axis',(1.,0.,0.));
#1842=DIRECTION('center_axis',(0.,-1.,0.));
#1843=DIRECTION('ref_axis',(1.,0.,0.));
#1844=DIRECTION('center_axis',(-1.,0.,0.));
#1845=DIRECTION('ref_axis',(0.,0.,-1.));
#1846=DIRECTION('center_axis',(0.,1.,0.));
#1847=DIRECTION('ref_axis',(1.,0.,0.));
#1848=DIRECTION('center_axis',(0.,-1.,0.));
#1849=DIRECTION('ref_axis',(1.,0.,0.));
#1850=DIRECTION('center_axis',(0.,1.,0.));
#1851=DIRECTION('ref_axis',(1.,0.,0.));
#1852=DIRECTION('center_axis',(0.,1.,0.));
#1853=DIRECTION('ref_axis',(1.,0.,0.));
#1854=DIRECTION('',(0.,-1.,0.));
#1855=DIRECTION('center_axis',(0.,1.,0.));
#1856=DIRECTION('ref_axis',(1.,0.,0.));
#1857=DIRECTION('center_axis',(0.,-1.,0.));
#1858=DIRECTION('ref_axis',(1.,0.,0.));
#1859=DIRECTION('center_axis',(-1.,0.,0.));
#1860=DIRECTION('ref_axis',(0.,0.,-1.));
#1861=DIRECTION('center_axis',(0.,1.,0.));
#1862=DIRECTION('ref_axis',(1.,0.,0.));
#1863=DIRECTION('center_axis',(0.,-1.,0.));
#1864=DIRECTION('ref_axis',(1.,0.,0.));
#1865=DIRECTION('center_axis',(0.,1.,0.));
#1866=DIRECTION('ref_axis',(1.,0.,0.));
#1867=DIRECTION('center_axis',(0.,1.,0.));
#1868=DIRECTION('ref_axis',(1.,0.,0.));
#1869=DIRECTION('',(0.,-1.,0.));
#1870=DIRECTION('center_axis',(0.,1.,0.));
#1871=DIRECTION('ref_axis',(1.,0.,0.));
#1872=DIRECTION('center_axis',(0.,-1.,0.));
#1873=DIRECTION('ref_axis',(1.,0.,0.));
#1874=DIRECTION('center_axis',(-1.,0.,0.));
#1875=DIRECTION('ref_axis',(0.,0.,-1.));
#1876=DIRECTION('center_axis',(0.,1.,0.));
#1877=DIRECTION('ref_axis',(1.,0.,0.));
#1878=DIRECTION('center_axis',(0.,-1.,0.));
#1879=DIRECTION('ref_axis',(1.,0.,0.));
#1880=DIRECTION('center_axis',(0.,1.,0.));
#1881=DIRECTION('ref_axis',(1.,0.,0.));
#1882=DIRECTION('center_axis',(0.,1.,0.));
#1883=DIRECTION('ref_axis',(1.,0.,0.));
#1884=DIRECTION('',(0.,-1.,0.));
#1885=DIRECTION('center_axis',(0.,1.,0.));
#1886=DIRECTION('ref_axis',(1.,0.,0.));
#1887=DIRECTION('center_axis',(0.,0.,-1.));
#1888=DIRECTION('ref_axis',(1.,0.,0.));
#1889=DIRECTION('',(0.,0.,1.));
#1890=DIRECTION('center_axis',(0.,0.,1.));
#1891=DIRECTION('ref_axis',(1.,0.,0.));
#1892=DIRECTION('center_axis',(0.,0.,-1.));
#1893=DIRECTION('ref_axis',(1.,0.,0.));
#1894=DIRECTION('center_axis',(0.,0.,-1.));
#1895=DIRECTION('ref_axis',(1.,0.,0.));
#1896=DIRECTION('center_axis',(0.,0.,-1.));
#1897=DIRECTION('ref_axis',(1.,0.,0.));
#1898=DIRECTION('',(0.,0.,1.));
#1899=DIRECTION('center_axis',(0.,0.,1.));
#1900=DIRECTION('ref_axis',(1.,0.,0.));
#1901=DIRECTION('center_axis',(0.,0.,-1.));
#1902=DIRECTION('ref_axis',(1.,0.,0.));
#1903=DIRECTION('center_axis',(0.,0.,-1.));
#1904=DIRECTION('ref_axis',(1.,0.,0.));
#1905=DIRECTION('center_axis',(0.,0.,-1.));
#1906=DIRECTION('ref_axis',(1.,0.,0.));
#1907=DIRECTION('',(0.,0.,1.));
#1908=DIRECTION('center_axis',(0.,0.,1.));
#1909=DIRECTION('ref_axis',(1.,0.,0.));
#1910=DIRECTION('center_axis',(0.,0.,-1.));
#1911=DIRECTION('ref_axis',(1.,0.,0.));
#1912=DIRECTION('center_axis',(0.,0.,-1.));
#1913=DIRECTION('ref_axis',(1.,0.,0.));
#1914=DIRECTION('center_axis',(0.,0.,-1.));
#1915=DIRECTION('ref_axis',(1.,0.,0.));
#1916=DIRECTION('',(0.,0.,1.));
#1917=DIRECTION('center_axis',(0.,0.,1.));
#1918=DIRECTION('ref_axis',(1.,0.,0.));
#1919=DIRECTION('center_axis',(0.,0.,-1.));
#1920=DIRECTION('ref_axis',(1.,0.,0.));
#1921=DIRECTION('center_axis',(0.,0.,-1.));
#1922=DIRECTION('ref_axis',(1.,0.,0.));
#1923=DIRECTION('center_axis',(0.,0.,-1.));
#1924=DIRECTION('ref_axis',(-1.,0.,0.));
#1925=DIRECTION('',(1.,0.,0.));
#1926=DIRECTION('',(0.420628964171728,0.907232756518314,0.));
#1927=DIRECTION('center_axis',(0.,0.,1.));
#1928=DIRECTION('ref_axis',(1.,0.,0.));
#1929=DIRECTION('',(0.,0.,1.));
#1930=DIRECTION('center_axis',(0.,0.,-1.));
#1931=DIRECTION('ref_axis',(1.,0.,0.));
#1932=DIRECTION('center_axis',(0.,0.,1.));
#1933=DIRECTION('ref_axis',(1.,0.,0.));
#1934=DIRECTION('',(0.,0.,1.));
#1935=DIRECTION('center_axis',(0.,0.,-1.));
#1936=DIRECTION('ref_axis',(1.,0.,0.));
#1937=DIRECTION('center_axis',(0.,0.,1.));
#1938=DIRECTION('ref_axis',(1.,0.,0.));
#1939=DIRECTION('',(0.,0.,1.));
#1940=DIRECTION('center_axis',(0.,0.,-1.));
#1941=DIRECTION('ref_axis',(1.,0.,0.));
#1942=DIRECTION('center_axis',(0.,0.,1.));
#1943=DIRECTION('ref_axis',(1.,0.,0.));
#1944=DIRECTION('',(0.,0.,1.));
#1945=DIRECTION('center_axis',(0.,0.,-1.));
#1946=DIRECTION('ref_axis',(1.,0.,0.));
#1947=DIRECTION('center_axis',(0.907232756518314,-0.420628964171728,0.));
#1948=DIRECTION('ref_axis',(0.420628964171728,0.907232756518314,0.));
#1949=DIRECTION('',(-0.420628964171728,-0.907232756518314,0.));
#1950=DIRECTION('',(0.,0.,-1.));
#1951=DIRECTION('center_axis',(-0.907232756518317,-0.420628964171723,0.));
#1952=DIRECTION('ref_axis',(0.420628964171723,-0.907232756518317,0.));
#1953=DIRECTION('',(-0.420628964171723,0.907232756518317,0.));
#1954=DIRECTION('center_axis',(0.,0.,1.));
#1955=DIRECTION('ref_axis',(1.,0.,0.));
#1956=DIRECTION('',(1.,0.,0.));
#1957=DIRECTION('',(0.,1.,0.));
#1958=DIRECTION('',(-1.,0.,0.));
#1959=DIRECTION('',(0.,1.,0.));
#1960=DIRECTION('',(-1.,0.,0.));
#1961=DIRECTION('',(0.,1.,0.));
#1962=DIRECTION('',(1.,0.,0.));
#1963=DIRECTION('',(0.,1.,0.));
#1964=DIRECTION('center_axis',(-1.,0.,0.));
#1965=DIRECTION('ref_axis',(0.,0.,1.));
#1966=DIRECTION('',(0.,0.,1.));
#1967=DIRECTION('',(0.,1.,0.));
#1968=DIRECTION('',(0.,0.,1.));
#1969=DIRECTION('center_axis',(0.,1.,0.));
#1970=DIRECTION('ref_axis',(0.,0.,1.));
#1971=DIRECTION('',(-1.,0.,0.));
#1972=DIRECTION('',(0.,0.,1.));
#1973=DIRECTION('center_axis',(-1.,0.,0.));
#1974=DIRECTION('ref_axis',(0.,0.,1.));
#1975=DIRECTION('',(0.,0.,-1.));
#1976=DIRECTION('',(0.,1.,0.));
#1977=DIRECTION('center_axis',(0.,1.,0.));
#1978=DIRECTION('ref_axis',(1.,0.,0.));
#1979=DIRECTION('',(1.,0.,0.));
#1980=DIRECTION('center_axis',(1.,0.,0.));
#1981=DIRECTION('ref_axis',(0.,0.,-1.));
#1982=DIRECTION('',(0.,0.,-1.));
#1983=DIRECTION('',(0.,1.,0.));
#1984=DIRECTION('center_axis',(0.,1.,0.));
#1985=DIRECTION('ref_axis',(1.,0.,0.));
#1986=DIRECTION('',(0.,0.,-1.));
#1987=DIRECTION('',(-1.,0.,0.));
#1988=DIRECTION('center_axis',(0.,1.,0.));
#1989=DIRECTION('ref_axis',(1.,0.,0.));
#1990=DIRECTION('center_axis',(0.,1.,0.));
#1991=DIRECTION('ref_axis',(1.,0.,0.));
#1992=DIRECTION('center_axis',(0.,1.,0.));
#1993=DIRECTION('ref_axis',(1.,0.,0.));
#1994=DIRECTION('center_axis',(0.,1.,0.));
#1995=DIRECTION('ref_axis',(1.,0.,0.));
#1996=DIRECTION('center_axis',(0.,1.,0.));
#1997=DIRECTION('ref_axis',(1.,0.,0.));
#1998=DIRECTION('center_axis',(0.,1.,0.));
#1999=DIRECTION('ref_axis',(1.,0.,0.));
#2000=DIRECTION('center_axis',(0.,1.,0.));
#2001=DIRECTION('ref_axis',(1.,0.,0.));
#2002=DIRECTION('center_axis',(0.,1.,0.));
#2003=DIRECTION('ref_axis',(1.,0.,0.));
#2004=DIRECTION('center_axis',(0.,1.,0.));
#2005=DIRECTION('ref_axis',(1.,0.,0.));
#2006=DIRECTION('',(0.,-1.,0.));
#2007=DIRECTION('center_axis',(0.,1.,0.));
#2008=DIRECTION('ref_axis',(1.,0.,0.));
#2009=DIRECTION('',(0.,-1.,0.));
#2010=DIRECTION('center_axis',(0.,0.,-1.));
#2011=DIRECTION('ref_axis',(-1.,0.,0.));
#2012=DIRECTION('',(-1.,0.,0.));
#2013=DIRECTION('',(0.,1.,0.));
#2014=DIRECTION('',(0.,1.,0.));
#2015=DIRECTION('center_axis',(-1.,0.,0.));
#2016=DIRECTION('ref_axis',(0.,0.,1.));
#2017=DIRECTION('',(0.,0.,1.));
#2018=DIRECTION('',(0.,1.,0.));
#2019=DIRECTION('center_axis',(0.,0.,1.));
#2020=DIRECTION('ref_axis',(1.,0.,0.));
#2021=DIRECTION('',(1.,0.,0.));
#2022=DIRECTION('',(0.,1.,0.));
#2023=DIRECTION('center_axis',(1.,0.,0.));
#2024=DIRECTION('ref_axis',(0.,0.,-1.));
#2025=DIRECTION('',(0.,0.,-1.));
#2026=DIRECTION('center_axis',(0.,1.,0.));
#2027=DIRECTION('ref_axis',(1.,0.,0.));
#2028=DIRECTION('',(0.,-1.,0.));
#2029=DIRECTION('center_axis',(0.,1.,0.));
#2030=DIRECTION('ref_axis',(1.,0.,0.));
#2031=DIRECTION('',(0.,-1.,0.));
#2032=DIRECTION('center_axis',(-4.82705662880503E-17,0.,-1.));
#2033=DIRECTION('ref_axis',(-1.,0.,4.82705662880503E-17));
#2034=DIRECTION('',(0.,1.,0.));
#2035=DIRECTION('',(1.,0.,-4.82705662880503E-17));
#2036=DIRECTION('center_axis',(1.,0.,0.));
#2037=DIRECTION('ref_axis',(0.,0.,-1.));
#2038=DIRECTION('',(0.,0.,1.));
#2039=DIRECTION('center_axis',(0.,1.,0.));
#2040=DIRECTION('ref_axis',(1.,0.,0.));
#2041=DIRECTION('center_axis',(0.,1.,0.));
#2042=DIRECTION('ref_axis',(1.,0.,0.));
#2043=DIRECTION('center_axis',(0.,1.,0.));
#2044=DIRECTION('ref_axis',(1.,0.,0.));
#2045=DIRECTION('',(0.,-1.,0.));
#2046=DIRECTION('center_axis',(0.,1.,0.));
#2047=DIRECTION('ref_axis',(1.,0.,0.));
#2048=DIRECTION('center_axis',(0.,1.,0.));
#2049=DIRECTION('ref_axis',(1.,0.,0.));
#2050=DIRECTION('center_axis',(0.,1.,0.));
#2051=DIRECTION('ref_axis',(1.,0.,0.));
#2052=DIRECTION('',(0.,-1.,0.));
#2053=DIRECTION('center_axis',(0.,1.,0.));
#2054=DIRECTION('ref_axis',(1.,0.,0.));
#2055=DIRECTION('center_axis',(0.,1.,0.));
#2056=DIRECTION('ref_axis',(1.,0.,0.));
#2057=DIRECTION('center_axis',(0.,1.,0.));
#2058=DIRECTION('ref_axis',(1.,0.,0.));
#2059=DIRECTION('center_axis',(0.,1.,0.));
#2060=DIRECTION('ref_axis',(1.,0.,0.));
#2061=DIRECTION('center_axis',(0.,1.,0.));
#2062=DIRECTION('ref_axis',(1.,0.,0.));
#2063=DIRECTION('',(0.,-1.,0.));
#2064=DIRECTION('center_axis',(0.,1.,0.));
#2065=DIRECTION('ref_axis',(1.,0.,0.));
#2066=DIRECTION('center_axis',(0.,1.,0.));
#2067=DIRECTION('ref_axis',(1.,0.,0.));
#2068=DIRECTION('center_axis',(0.,1.,0.));
#2069=DIRECTION('ref_axis',(1.,0.,0.));
#2070=DIRECTION('',(0.,-1.,0.));
#2071=DIRECTION('center_axis',(0.,1.,0.));
#2072=DIRECTION('ref_axis',(1.,0.,0.));
#2073=DIRECTION('center_axis',(0.,1.,0.));
#2074=DIRECTION('ref_axis',(1.,0.,0.));
#2075=DIRECTION('center_axis',(0.,1.,0.));
#2076=DIRECTION('ref_axis',(1.,0.,0.));
#2077=DIRECTION('center_axis',(0.,1.,0.));
#2078=DIRECTION('ref_axis',(1.,0.,0.));
#2079=DIRECTION('center_axis',(0.,1.,0.));
#2080=DIRECTION('ref_axis',(1.,0.,0.));
#2081=DIRECTION('',(0.,-1.,0.));
#2082=DIRECTION('center_axis',(0.,1.,0.));
#2083=DIRECTION('ref_axis',(1.,0.,0.));
#2084=DIRECTION('center_axis',(0.,1.,0.));
#2085=DIRECTION('ref_axis',(1.,0.,0.));
#2086=DIRECTION('center_axis',(0.,1.,0.));
#2087=DIRECTION('ref_axis',(1.,0.,0.));
#2088=DIRECTION('',(0.,-1.,0.));
#2089=DIRECTION('center_axis',(0.,1.,0.));
#2090=DIRECTION('ref_axis',(1.,0.,0.));
#2091=DIRECTION('center_axis',(0.,1.,0.));
#2092=DIRECTION('ref_axis',(1.,0.,0.));
#2093=DIRECTION('center_axis',(0.,1.,0.));
#2094=DIRECTION('ref_axis',(1.,0.,0.));
#2095=DIRECTION('center_axis',(0.,1.,0.));
#2096=DIRECTION('ref_axis',(1.,0.,0.));
#2097=DIRECTION('center_axis',(0.,1.,0.));
#2098=DIRECTION('ref_axis',(1.,0.,0.));
#2099=DIRECTION('',(0.,-1.,0.));
#2100=DIRECTION('center_axis',(0.,1.,0.));
#2101=DIRECTION('ref_axis',(1.,0.,0.));
#2102=DIRECTION('center_axis',(0.,1.,0.));
#2103=DIRECTION('ref_axis',(1.,0.,0.));
#2104=DIRECTION('center_axis',(0.,1.,0.));
#2105=DIRECTION('ref_axis',(1.,0.,0.));
#2106=DIRECTION('',(0.,-1.,0.));
#2107=DIRECTION('center_axis',(0.,1.,0.));
#2108=DIRECTION('ref_axis',(1.,0.,0.));
#2109=DIRECTION('center_axis',(0.,1.,0.));
#2110=DIRECTION('ref_axis',(1.,0.,0.));
#2111=DIRECTION('center_axis',(0.,1.,0.));
#2112=DIRECTION('ref_axis',(1.,0.,0.));
#2113=CARTESIAN_POINT('',(0.,0.,0.));
#2114=CARTESIAN_POINT('Origin',(-4.50000022351738,26.,47.));
#2115=CARTESIAN_POINT('',(18.,10.,32.));
#2116=CARTESIAN_POINT('',(18.,42.,62.));
#2117=CARTESIAN_POINT('',(18.,18.,39.5));
#2118=CARTESIAN_POINT('',(21.,42.,62.));
#2119=CARTESIAN_POINT('',(-4.50000022351739,42.,62.));
#2120=CARTESIAN_POINT('',(21.,10.,32.));
#2121=CARTESIAN_POINT('',(21.,25.4844074844075,46.516632016632));
#2122=CARTESIAN_POINT('',(10.5,10.,32.));
#2123=CARTESIAN_POINT('Origin',(21.,10.,62.));
#2124=CARTESIAN_POINT('',(21.,10.,62.));
#2125=CARTESIAN_POINT('',(21.,8.5,62.));
#2126=CARTESIAN_POINT('',(21.,10.,38.5));
#2127=CARTESIAN_POINT('Origin',(-30.0000004470348,42.,62.));
#2128=CARTESIAN_POINT('',(8.99999999999999,42.,62.));
#2129=CARTESIAN_POINT('',(7.99999977648261,42.,62.));
#2130=CARTESIAN_POINT('',(-9.00000000000001,42.,62.));
#2131=CARTESIAN_POINT('',(7.99999977648261,42.,62.));
#2132=CARTESIAN_POINT('',(-18.,42.,62.));
#2133=CARTESIAN_POINT('',(7.99999977648261,42.,62.));
#2134=CARTESIAN_POINT('',(-21.,42.,62.));
#2135=CARTESIAN_POINT('',(-24.0000002235174,42.,62.));
#2136=CARTESIAN_POINT('',(-30.0000004470348,42.,62.));
#2137=CARTESIAN_POINT('',(7.99999977648261,42.,62.));
#2138=CARTESIAN_POINT('',(-30.0000004470348,42.,65.));
#2139=CARTESIAN_POINT('',(-30.0000004470348,42.,62.));
#2140=CARTESIAN_POINT('',(30.,42.,65.));
#2141=CARTESIAN_POINT('',(-38.0000002235174,42.,65.));
#2142=CARTESIAN_POINT('',(30.,42.,62.));
#2143=CARTESIAN_POINT('',(30.,42.,62.));
#2144=CARTESIAN_POINT('',(7.99999977648261,42.,62.));
#2145=CARTESIAN_POINT('Origin',(-24.0000002235174,26.,47.));
#2146=CARTESIAN_POINT('',(-21.,10.,32.));
#2147=CARTESIAN_POINT('',(-21.,18.,39.5));
#2148=CARTESIAN_POINT('',(-18.,10.,32.));
#2149=CARTESIAN_POINT('',(-18.,25.4844074844075,46.516632016632));
#2150=CARTESIAN_POINT('',(-9.00000000000001,10.,32.));
#2151=CARTESIAN_POINT('Origin',(-21.,10.,32.));
#2152=CARTESIAN_POINT('',(-21.,10.,62.));
#2153=CARTESIAN_POINT('',(-21.,10.,23.5));
#2154=CARTESIAN_POINT('',(-21.,8.5,62.));
#2155=CARTESIAN_POINT('Origin',(18.,10.,32.));
#2156=CARTESIAN_POINT('',(18.,10.,62.));
#2157=CARTESIAN_POINT('',(18.,10.,23.5));
#2158=CARTESIAN_POINT('',(18.,8.5,62.));
#2159=CARTESIAN_POINT('Origin',(46.,7.,62.));
#2160=CARTESIAN_POINT('',(26.,38.,62.));
#2161=CARTESIAN_POINT('Origin',(30.,38.,62.));
#2162=CARTESIAN_POINT('',(33.6289310260733,39.6825158566869,62.));
#2163=CARTESIAN_POINT('Origin',(30.,38.,62.));
#2164=CARTESIAN_POINT('',(46.,13.,62.));
#2165=CARTESIAN_POINT('',(40.9592906369475,23.872044104844,62.));
#2166=CARTESIAN_POINT('',(44.,13.,62.));
#2167=CARTESIAN_POINT('',(46.25,13.,62.));
#2168=CARTESIAN_POINT('',(43.,10.,62.));
#2169=CARTESIAN_POINT('',(42.95,9.85,62.));
#2170=CARTESIAN_POINT('',(23.,10.,62.));
#2171=CARTESIAN_POINT('Origin',(46.,7.,62.));
#2172=CARTESIAN_POINT('',(-18.,10.,62.));
#2173=CARTESIAN_POINT('',(23.,10.,62.));
#2174=CARTESIAN_POINT('',(-18.,8.5,62.));
#2175=CARTESIAN_POINT('',(-13.,38.,62.));
#2176=CARTESIAN_POINT('Origin',(-9.00000000000001,38.,62.));
#2177=CARTESIAN_POINT('Origin',(-9.00000000000001,38.,62.));
#2178=CARTESIAN_POINT('',(4.99999999999999,38.,62.));
#2179=CARTESIAN_POINT('Origin',(8.99999999999999,38.,62.));
#2180=CARTESIAN_POINT('Origin',(8.99999999999999,38.,62.));
#2181=CARTESIAN_POINT('Origin',(-8.88178419700125E-15,10.,15.));
#2182=CARTESIAN_POINT('',(43.,10.,-35.));
#2183=CARTESIAN_POINT('',(43.,10.,-10.));
#2184=CARTESIAN_POINT('',(-43.,10.,-35.));
#2185=CARTESIAN_POINT('',(-46.,10.,-35.));
#2186=CARTESIAN_POINT('',(-43.,10.,62.));
#2187=CARTESIAN_POINT('',(-43.,10.,40.));
#2188=CARTESIAN_POINT('',(23.,10.,62.));
#2189=CARTESIAN_POINT('',(-18.,10.,38.5));
#2190=CARTESIAN_POINT('',(-40.3,10.,-6.5));
#2191=CARTESIAN_POINT('Origin',(-37.5,10.,-6.5));
#2192=CARTESIAN_POINT('',(34.7,10.,-23.5));
#2193=CARTESIAN_POINT('Origin',(37.5,10.,-23.5));
#2194=CARTESIAN_POINT('',(-32.5,10.,30.));
#2195=CARTESIAN_POINT('',(-32.5,10.,-30.));
#2196=CARTESIAN_POINT('',(-32.5,10.,0.));
#2197=CARTESIAN_POINT('',(32.5,10.,-30.));
#2198=CARTESIAN_POINT('',(-32.5,10.,-30.));
#2199=CARTESIAN_POINT('',(32.5,10.,30.));
#2200=CARTESIAN_POINT('',(32.5,10.,30.));
#2201=CARTESIAN_POINT('',(-32.5,10.,30.));
#2202=CARTESIAN_POINT('',(-40.3,10.,23.5));
#2203=CARTESIAN_POINT('Origin',(-37.5,10.,23.5));
#2204=CARTESIAN_POINT('',(34.7,10.,6.5));
#2205=CARTESIAN_POINT('Origin',(37.5,10.,6.5));
#2206=CARTESIAN_POINT('Origin',(-18.,10.,62.));
#2207=CARTESIAN_POINT('Origin',(-43.5,11.5,40.));
#2208=CARTESIAN_POINT('',(-44.,13.,-35.));
#2209=CARTESIAN_POINT('',(-38.35,-3.94999999999996,-35.));
#2210=CARTESIAN_POINT('',(-44.,13.,62.));
#2211=CARTESIAN_POINT('',(-44.,13.,40.));
#2212=CARTESIAN_POINT('',(-38.35,-3.94999999999996,62.));
#2213=CARTESIAN_POINT('Origin',(43.5,11.5,-10.));
#2214=CARTESIAN_POINT('',(44.,13.,-35.));
#2215=CARTESIAN_POINT('',(42.95,9.85,-35.));
#2216=CARTESIAN_POINT('',(44.,13.,-10.));
#2217=CARTESIAN_POINT('Origin',(46.5,13.,15.));
#2218=CARTESIAN_POINT('',(46.,13.,65.));
#2219=CARTESIAN_POINT('',(46.,13.,40.));
#2220=CARTESIAN_POINT('',(50.,13.,65.));
#2221=CARTESIAN_POINT('',(43.,13.,65.));
#2222=CARTESIAN_POINT('',(50.,13.,-35.));
#2223=CARTESIAN_POINT('',(50.,13.,65.));
#2224=CARTESIAN_POINT('',(50.,13.,-35.));
#2225=CARTESIAN_POINT('Ctrl Pts',(-26.,38.,59.));
#2226=CARTESIAN_POINT('Ctrl Pts',(-26.,34.,59.));
#2227=CARTESIAN_POINT('Ctrl Pts',(-30.,34.,59.));
#2228=CARTESIAN_POINT('Ctrl Pts',(-34.,34.,59.));
#2229=CARTESIAN_POINT('Ctrl Pts',(-34.,38.,59.));
#2230=CARTESIAN_POINT('Ctrl Pts',(-34.,42.,59.));
#2231=CARTESIAN_POINT('Ctrl Pts',(-30.,42.,59.));
#2232=CARTESIAN_POINT('Ctrl Pts',(-26.,42.,59.));
#2233=CARTESIAN_POINT('Ctrl Pts',(-26.,38.,59.));
#2234=CARTESIAN_POINT('Ctrl Pts',(-26.,38.,57.));
#2235=CARTESIAN_POINT('Ctrl Pts',(-26.,34.,57.));
#2236=CARTESIAN_POINT('Ctrl Pts',(-30.,34.,57.));
#2237=CARTESIAN_POINT('Ctrl Pts',(-34.,34.,57.));
#2238=CARTESIAN_POINT('Ctrl Pts',(-34.,38.,57.));
#2239=CARTESIAN_POINT('Ctrl Pts',(-34.,42.,57.));
#2240=CARTESIAN_POINT('Ctrl Pts',(-30.,42.,57.));
#2241=CARTESIAN_POINT('Ctrl Pts',(-26.,42.,57.));
#2242=CARTESIAN_POINT('Ctrl Pts',(-26.,38.,57.));
#2243=CARTESIAN_POINT('Ctrl Pts',(-28.,38.,57.));
#2244=CARTESIAN_POINT('Ctrl Pts',(-28.,36.,57.));
#2245=CARTESIAN_POINT('Ctrl Pts',(-30.,36.,57.));
#2246=CARTESIAN_POINT('Ctrl Pts',(-32.,36.,57.));
#2247=CARTESIAN_POINT('Ctrl Pts',(-32.,38.,57.));
#2248=CARTESIAN_POINT('Ctrl Pts',(-32.,40.,57.));
#2249=CARTESIAN_POINT('Ctrl Pts',(-30.,40.,57.));
#2250=CARTESIAN_POINT('Ctrl Pts',(-28.,40.,57.));
#2251=CARTESIAN_POINT('Ctrl Pts',(-28.,38.,57.));
#2252=CARTESIAN_POINT('',(-28.,38.,57.));
#2253=CARTESIAN_POINT('Origin',(-30.,38.,57.));
#2254=CARTESIAN_POINT('',(-26.,38.,59.));
#2255=CARTESIAN_POINT('Origin',(-28.,38.,59.));
#2256=CARTESIAN_POINT('',(-34.,38.,59.));
#2257=CARTESIAN_POINT('Origin',(-30.,38.,59.));
#2258=CARTESIAN_POINT('Origin',(-30.,38.,59.));
#2259=CARTESIAN_POINT('Origin',(-30.,38.,57.));
#2260=CARTESIAN_POINT('',(-30.875,38.,57.));
#2261=CARTESIAN_POINT('Origin',(-30.,38.,57.));
#2262=CARTESIAN_POINT('Origin',(-30.,38.,62.));
#2263=CARTESIAN_POINT('',(-34.,38.,62.));
#2264=CARTESIAN_POINT('',(-34.,38.,62.));
#2265=CARTESIAN_POINT('',(-33.628931026073,39.682515856687,62.));
#2266=CARTESIAN_POINT('Origin',(-30.,38.,62.));
#2267=CARTESIAN_POINT('',(-33.628931026073,39.682515856687,65.));
#2268=CARTESIAN_POINT('',(-33.628931026073,39.682515856687,62.));
#2269=CARTESIAN_POINT('Origin',(-30.,38.,65.));
#2270=CARTESIAN_POINT('Origin',(-30.,38.,62.));
#2271=CARTESIAN_POINT('Ctrl Pts',(-5.00000000000001,38.,59.));
#2272=CARTESIAN_POINT('Ctrl Pts',(-5.00000000000001,34.,59.));
#2273=CARTESIAN_POINT('Ctrl Pts',(-9.00000000000001,34.,59.));
#2274=CARTESIAN_POINT('Ctrl Pts',(-13.,34.,59.));
#2275=CARTESIAN_POINT('Ctrl Pts',(-13.,38.,59.));
#2276=CARTESIAN_POINT('Ctrl Pts',(-13.,42.,59.));
#2277=CARTESIAN_POINT('Ctrl Pts',(-9.00000000000001,42.,59.));
#2278=CARTESIAN_POINT('Ctrl Pts',(-5.00000000000001,42.,59.));
#2279=CARTESIAN_POINT('Ctrl Pts',(-5.00000000000001,38.,59.));
#2280=CARTESIAN_POINT('Ctrl Pts',(-5.00000000000001,38.,57.));
#2281=CARTESIAN_POINT('Ctrl Pts',(-5.00000000000001,34.,57.));
#2282=CARTESIAN_POINT('Ctrl Pts',(-9.00000000000001,34.,57.));
#2283=CARTESIAN_POINT('Ctrl Pts',(-13.,34.,57.));
#2284=CARTESIAN_POINT('Ctrl Pts',(-13.,38.,57.));
#2285=CARTESIAN_POINT('Ctrl Pts',(-13.,42.,57.));
#2286=CARTESIAN_POINT('Ctrl Pts',(-9.00000000000001,42.,57.));
#2287=CARTESIAN_POINT('Ctrl Pts',(-5.00000000000001,42.,57.));
#2288=CARTESIAN_POINT('Ctrl Pts',(-5.00000000000001,38.,57.));
#2289=CARTESIAN_POINT('Ctrl Pts',(-7.00000000000001,38.,57.));
#2290=CARTESIAN_POINT('Ctrl Pts',(-7.00000000000001,36.,57.));
#2291=CARTESIAN_POINT('Ctrl Pts',(-9.00000000000001,36.,57.));
#2292=CARTESIAN_POINT('Ctrl Pts',(-11.,36.,57.));
#2293=CARTESIAN_POINT('Ctrl Pts',(-11.,38.,57.));
#2294=CARTESIAN_POINT('Ctrl Pts',(-11.,40.,57.));
#2295=CARTESIAN_POINT('Ctrl Pts',(-9.00000000000001,40.,57.));
#2296=CARTESIAN_POINT('Ctrl Pts',(-7.00000000000001,40.,57.));
#2297=CARTESIAN_POINT('Ctrl Pts',(-7.00000000000001,38.,57.));
#2298=CARTESIAN_POINT('',(-7.00000000000001,38.,57.));
#2299=CARTESIAN_POINT('Origin',(-9.00000000000001,38.,57.));
#2300=CARTESIAN_POINT('',(-5.00000000000001,38.,59.));
#2301=CARTESIAN_POINT('Origin',(-7.00000000000001,38.,59.));
#2302=CARTESIAN_POINT('',(-13.,38.,59.));
#2303=CARTESIAN_POINT('Origin',(-9.00000000000001,38.,59.));
#2304=CARTESIAN_POINT('Origin',(-9.00000000000001,38.,59.));
#2305=CARTESIAN_POINT('Origin',(-9.00000000000001,38.,62.));
#2306=CARTESIAN_POINT('',(-13.,38.,62.));
#2307=CARTESIAN_POINT('Origin',(-9.00000000000001,38.,57.));
#2308=CARTESIAN_POINT('',(-9.87500000000001,38.,57.));
#2309=CARTESIAN_POINT('Origin',(-9.00000000000001,38.,57.));
#2310=CARTESIAN_POINT('Ctrl Pts',(13.,38.,59.));
#2311=CARTESIAN_POINT('Ctrl Pts',(13.,34.,59.));
#2312=CARTESIAN_POINT('Ctrl Pts',(8.99999999999999,34.,59.));
#2313=CARTESIAN_POINT('Ctrl Pts',(4.99999999999999,34.,59.));
#2314=CARTESIAN_POINT('Ctrl Pts',(4.99999999999999,38.,59.));
#2315=CARTESIAN_POINT('Ctrl Pts',(4.99999999999999,42.,59.));
#2316=CARTESIAN_POINT('Ctrl Pts',(8.99999999999999,42.,59.));
#2317=CARTESIAN_POINT('Ctrl Pts',(13.,42.,59.));
#2318=CARTESIAN_POINT('Ctrl Pts',(13.,38.,59.));
#2319=CARTESIAN_POINT('Ctrl Pts',(13.,38.,57.));
#2320=CARTESIAN_POINT('Ctrl Pts',(13.,34.,57.));
#2321=CARTESIAN_POINT('Ctrl Pts',(8.99999999999999,34.,57.));
#2322=CARTESIAN_POINT('Ctrl Pts',(4.99999999999999,34.,57.));
#2323=CARTESIAN_POINT('Ctrl Pts',(4.99999999999999,38.,57.));
#2324=CARTESIAN_POINT('Ctrl Pts',(4.99999999999999,42.,57.));
#2325=CARTESIAN_POINT('Ctrl Pts',(8.99999999999999,42.,57.));
#2326=CARTESIAN_POINT('Ctrl Pts',(13.,42.,57.));
#2327=CARTESIAN_POINT('Ctrl Pts',(13.,38.,57.));
#2328=CARTESIAN_POINT('Ctrl Pts',(11.,38.,57.));
#2329=CARTESIAN_POINT('Ctrl Pts',(11.,36.,57.));
#2330=CARTESIAN_POINT('Ctrl Pts',(8.99999999999999,36.,57.));
#2331=CARTESIAN_POINT('Ctrl Pts',(6.99999999999999,36.,57.));
#2332=CARTESIAN_POINT('Ctrl Pts',(6.99999999999999,38.,57.));
#2333=CARTESIAN_POINT('Ctrl Pts',(6.99999999999999,40.,57.));
#2334=CARTESIAN_POINT('Ctrl Pts',(8.99999999999999,40.,57.));
#2335=CARTESIAN_POINT('Ctrl Pts',(11.,40.,57.));
#2336=CARTESIAN_POINT('Ctrl Pts',(11.,38.,57.));
#2337=CARTESIAN_POINT('',(11.,38.,57.));
#2338=CARTESIAN_POINT('Origin',(8.99999999999999,38.,57.));
#2339=CARTESIAN_POINT('',(13.,38.,59.));
#2340=CARTESIAN_POINT('Origin',(11.,38.,59.));
#2341=CARTESIAN_POINT('',(4.99999999999999,38.,59.));
#2342=CARTESIAN_POINT('Origin',(8.99999999999999,38.,59.));
#2343=CARTESIAN_POINT('Origin',(8.99999999999999,38.,59.));
#2344=CARTESIAN_POINT('Origin',(8.99999999999999,38.,62.));
#2345=CARTESIAN_POINT('',(4.99999999999999,38.,62.));
#2346=CARTESIAN_POINT('Origin',(8.99999999999999,38.,57.));
#2347=CARTESIAN_POINT('',(8.12499999999999,38.,57.));
#2348=CARTESIAN_POINT('Origin',(8.99999999999999,38.,57.));
#2349=CARTESIAN_POINT('Ctrl Pts',(34.,38.,59.));
#2350=CARTESIAN_POINT('Ctrl Pts',(34.,34.,59.));
#2351=CARTESIAN_POINT('Ctrl Pts',(30.,34.,59.));
#2352=CARTESIAN_POINT('Ctrl Pts',(26.,34.,59.));
#2353=CARTESIAN_POINT('Ctrl Pts',(26.,38.,59.));
#2354=CARTESIAN_POINT('Ctrl Pts',(26.,42.,59.));
#2355=CARTESIAN_POINT('Ctrl Pts',(30.,42.,59.));
#2356=CARTESIAN_POINT('Ctrl Pts',(34.,42.,59.));
#2357=CARTESIAN_POINT('Ctrl Pts',(34.,38.,59.));
#2358=CARTESIAN_POINT('Ctrl Pts',(34.,38.,57.));
#2359=CARTESIAN_POINT('Ctrl Pts',(34.,34.,57.));
#2360=CARTESIAN_POINT('Ctrl Pts',(30.,34.,57.));
#2361=CARTESIAN_POINT('Ctrl Pts',(26.,34.,57.));
#2362=CARTESIAN_POINT('Ctrl Pts',(26.,38.,57.));
#2363=CARTESIAN_POINT('Ctrl Pts',(26.,42.,57.));
#2364=CARTESIAN_POINT('Ctrl Pts',(30.,42.,57.));
#2365=CARTESIAN_POINT('Ctrl Pts',(34.,42.,57.));
#2366=CARTESIAN_POINT('Ctrl Pts',(34.,38.,57.));
#2367=CARTESIAN_POINT('Ctrl Pts',(32.,38.,57.));
#2368=CARTESIAN_POINT('Ctrl Pts',(32.,36.,57.));
#2369=CARTESIAN_POINT('Ctrl Pts',(30.,36.,57.));
#2370=CARTESIAN_POINT('Ctrl Pts',(28.,36.,57.));
#2371=CARTESIAN_POINT('Ctrl Pts',(28.,38.,57.));
#2372=CARTESIAN_POINT('Ctrl Pts',(28.,40.,57.));
#2373=CARTESIAN_POINT('Ctrl Pts',(30.,40.,57.));
#2374=CARTESIAN_POINT('Ctrl Pts',(32.,40.,57.));
#2375=CARTESIAN_POINT('Ctrl Pts',(32.,38.,57.));
#2376=CARTESIAN_POINT('',(32.,38.,57.));
#2377=CARTESIAN_POINT('Origin',(30.,38.,57.));
#2378=CARTESIAN_POINT('',(34.,38.,59.));
#2379=CARTESIAN_POINT('Origin',(32.,38.,59.));
#2380=CARTESIAN_POINT('',(26.,38.,59.));
#2381=CARTESIAN_POINT('Origin',(30.,38.,59.));
#2382=CARTESIAN_POINT('Origin',(30.,38.,59.));
#2383=CARTESIAN_POINT('Origin',(30.,38.,57.));
#2384=CARTESIAN_POINT('',(29.125,38.,57.));
#2385=CARTESIAN_POINT('Origin',(30.,38.,57.));
#2386=CARTESIAN_POINT('Origin',(30.,38.,62.));
#2387=CARTESIAN_POINT('',(26.,38.,62.));
#2388=CARTESIAN_POINT('',(33.6289310260733,39.6825158566869,65.));
#2389=CARTESIAN_POINT('Origin',(30.,38.,65.));
#2390=CARTESIAN_POINT('',(33.6289310260733,39.6825158566869,62.));
#2391=CARTESIAN_POINT('Ctrl Pts',(-37.5,2.,21.5));
#2392=CARTESIAN_POINT('Ctrl Pts',(-39.5,2.,21.5));
#2393=CARTESIAN_POINT('Ctrl Pts',(-39.5,2.,23.5));
#2394=CARTESIAN_POINT('Ctrl Pts',(-39.5,2.,25.5));
#2395=CARTESIAN_POINT('Ctrl Pts',(-37.5,2.,25.5));
#2396=CARTESIAN_POINT('Ctrl Pts',(-35.5,2.,25.5));
#2397=CARTESIAN_POINT('Ctrl Pts',(-35.5,2.,23.5));
#2398=CARTESIAN_POINT('Ctrl Pts',(-35.5,2.,21.5));
#2399=CARTESIAN_POINT('Ctrl Pts',(-37.5,2.,21.5));
#2400=CARTESIAN_POINT('Ctrl Pts',(-37.5,2.,19.));
#2401=CARTESIAN_POINT('Ctrl Pts',(-42.,2.,19.));
#2402=CARTESIAN_POINT('Ctrl Pts',(-42.,2.,23.5));
#2403=CARTESIAN_POINT('Ctrl Pts',(-42.,2.,28.));
#2404=CARTESIAN_POINT('Ctrl Pts',(-37.5,2.,28.));
#2405=CARTESIAN_POINT('Ctrl Pts',(-33.,2.,28.));
#2406=CARTESIAN_POINT('Ctrl Pts',(-33.,2.,23.5));
#2407=CARTESIAN_POINT('Ctrl Pts',(-33.,2.,19.));
#2408=CARTESIAN_POINT('Ctrl Pts',(-37.5,2.,19.));
#2409=CARTESIAN_POINT('Ctrl Pts',(-37.5,4.5,19.));
#2410=CARTESIAN_POINT('Ctrl Pts',(-42.,4.5,19.));
#2411=CARTESIAN_POINT('Ctrl Pts',(-42.,4.5,23.5));
#2412=CARTESIAN_POINT('Ctrl Pts',(-42.,4.5,28.));
#2413=CARTESIAN_POINT('Ctrl Pts',(-37.5,4.5,28.));
#2414=CARTESIAN_POINT('Ctrl Pts',(-33.,4.5,28.));
#2415=CARTESIAN_POINT('Ctrl Pts',(-33.,4.5,23.5));
#2416=CARTESIAN_POINT('Ctrl Pts',(-33.,4.5,19.));
#2417=CARTESIAN_POINT('Ctrl Pts',(-37.5,4.5,19.));
#2418=CARTESIAN_POINT('',(-42.,4.5,23.5));
#2419=CARTESIAN_POINT('',(-37.5,4.5,19.));
#2420=CARTESIAN_POINT('Origin',(-37.5,4.5,23.5));
#2421=CARTESIAN_POINT('',(-37.5,2.,21.5));
#2422=CARTESIAN_POINT('Origin',(-37.5,4.5,21.5));
#2423=CARTESIAN_POINT('Origin',(-37.5,2.,23.5));
#2424=CARTESIAN_POINT('Origin',(-37.5,4.5,23.5));
#2425=CARTESIAN_POINT('Origin',(-37.5,2.,23.5));
#2426=CARTESIAN_POINT('',(-42.,7.,23.5));
#2427=CARTESIAN_POINT('Origin',(-37.5,7.,23.5));
#2428=CARTESIAN_POINT('',(-42.,2.,23.5));
#2429=CARTESIAN_POINT('Origin',(-37.5,2.,23.5));
#2430=CARTESIAN_POINT('Ctrl Pts',(-37.5,2.,-8.49999999999999));
#2431=CARTESIAN_POINT('Ctrl Pts',(-39.5,2.,-8.49999999999999));
#2432=CARTESIAN_POINT('Ctrl Pts',(-39.5,2.,-6.5));
#2433=CARTESIAN_POINT('Ctrl Pts',(-39.5,2.,-4.5));
#2434=CARTESIAN_POINT('Ctrl Pts',(-37.5,2.,-4.5));
#2435=CARTESIAN_POINT('Ctrl Pts',(-35.5,2.,-4.5));
#2436=CARTESIAN_POINT('Ctrl Pts',(-35.5,2.,-6.5));
#2437=CARTESIAN_POINT('Ctrl Pts',(-35.5,2.,-8.49999999999999));
#2438=CARTESIAN_POINT('Ctrl Pts',(-37.5,2.,-8.49999999999999));
#2439=CARTESIAN_POINT('Ctrl Pts',(-37.5,2.,-11.));
#2440=CARTESIAN_POINT('Ctrl Pts',(-42.,2.,-11.));
#2441=CARTESIAN_POINT('Ctrl Pts',(-42.,2.,-6.5));
#2442=CARTESIAN_POINT('Ctrl Pts',(-42.,2.,-2.));
#2443=CARTESIAN_POINT('Ctrl Pts',(-37.5,2.,-2.));
#2444=CARTESIAN_POINT('Ctrl Pts',(-33.,2.,-2.));
#2445=CARTESIAN_POINT('Ctrl Pts',(-33.,2.,-6.5));
#2446=CARTESIAN_POINT('Ctrl Pts',(-33.,2.,-11.));
#2447=CARTESIAN_POINT('Ctrl Pts',(-37.5,2.,-11.));
#2448=CARTESIAN_POINT('Ctrl Pts',(-37.5,4.5,-11.));
#2449=CARTESIAN_POINT('Ctrl Pts',(-42.,4.5,-11.));
#2450=CARTESIAN_POINT('Ctrl Pts',(-42.,4.5,-6.5));
#2451=CARTESIAN_POINT('Ctrl Pts',(-42.,4.5,-2.));
#2452=CARTESIAN_POINT('Ctrl Pts',(-37.5,4.5,-2.));
#2453=CARTESIAN_POINT('Ctrl Pts',(-33.,4.5,-2.));
#2454=CARTESIAN_POINT('Ctrl Pts',(-33.,4.5,-6.5));
#2455=CARTESIAN_POINT('Ctrl Pts',(-33.,4.5,-11.));
#2456=CARTESIAN_POINT('Ctrl Pts',(-37.5,4.5,-11.));
#2457=CARTESIAN_POINT('',(-42.,4.5,-6.5));
#2458=CARTESIAN_POINT('',(-37.5,4.5,-11.));
#2459=CARTESIAN_POINT('Origin',(-37.5,4.5,-6.5));
#2460=CARTESIAN_POINT('',(-37.5,2.,-8.49999999999999));
#2461=CARTESIAN_POINT('Origin',(-37.5,4.5,-8.49999999999999));
#2462=CARTESIAN_POINT('Origin',(-37.5,2.,-6.5));
#2463=CARTESIAN_POINT('Origin',(-37.5,4.5,-6.5));
#2464=CARTESIAN_POINT('Origin',(-37.5,2.,-6.5));
#2465=CARTESIAN_POINT('',(-42.,7.,-6.5));
#2466=CARTESIAN_POINT('Origin',(-37.5,7.,-6.5));
#2467=CARTESIAN_POINT('',(-42.,2.,-6.5));
#2468=CARTESIAN_POINT('Origin',(-37.5,2.,-6.5));
#2469=CARTESIAN_POINT('Ctrl Pts',(37.5,2.,4.5));
#2470=CARTESIAN_POINT('Ctrl Pts',(35.5,2.,4.5));
#2471=CARTESIAN_POINT('Ctrl Pts',(35.5,2.,6.5));
#2472=CARTESIAN_POINT('Ctrl Pts',(35.5,2.,8.49999999999999));
#2473=CARTESIAN_POINT('Ctrl Pts',(37.5,2.,8.49999999999999));
#2474=CARTESIAN_POINT('Ctrl Pts',(39.5,2.,8.49999999999999));
#2475=CARTESIAN_POINT('Ctrl Pts',(39.5,2.,6.5));
#2476=CARTESIAN_POINT('Ctrl Pts',(39.5,2.,4.5));
#2477=CARTESIAN_POINT('Ctrl Pts',(37.5,2.,4.5));
#2478=CARTESIAN_POINT('Ctrl Pts',(37.5,2.,2.));
#2479=CARTESIAN_POINT('Ctrl Pts',(33.,2.,2.));
#2480=CARTESIAN_POINT('Ctrl Pts',(33.,2.,6.5));
#2481=CARTESIAN_POINT('Ctrl Pts',(33.,2.,11.));
#2482=CARTESIAN_POINT('Ctrl Pts',(37.5,2.,11.));
#2483=CARTESIAN_POINT('Ctrl Pts',(42.,2.,11.));
#2484=CARTESIAN_POINT('Ctrl Pts',(42.,2.,6.5));
#2485=CARTESIAN_POINT('Ctrl Pts',(42.,2.,2.));
#2486=CARTESIAN_POINT('Ctrl Pts',(37.5,2.,2.));
#2487=CARTESIAN_POINT('Ctrl Pts',(37.5,4.5,2.));
#2488=CARTESIAN_POINT('Ctrl Pts',(33.,4.5,2.));
#2489=CARTESIAN_POINT('Ctrl Pts',(33.,4.5,6.5));
#2490=CARTESIAN_POINT('Ctrl Pts',(33.,4.5,11.));
#2491=CARTESIAN_POINT('Ctrl Pts',(37.5,4.5,11.));
#2492=CARTESIAN_POINT('Ctrl Pts',(42.,4.5,11.));
#2493=CARTESIAN_POINT('Ctrl Pts',(42.,4.5,6.5));
#2494=CARTESIAN_POINT('Ctrl Pts',(42.,4.5,2.));
#2495=CARTESIAN_POINT('Ctrl Pts',(37.5,4.5,2.));
#2496=CARTESIAN_POINT('',(33.,4.5,6.5));
#2497=CARTESIAN_POINT('',(37.5,4.5,2.));
#2498=CARTESIAN_POINT('Origin',(37.5,4.5,6.5));
#2499=CARTESIAN_POINT('',(37.5,2.,4.5));
#2500=CARTESIAN_POINT('Origin',(37.5,4.5,4.5));
#2501=CARTESIAN_POINT('Origin',(37.5,2.,6.5));
#2502=CARTESIAN_POINT('Origin',(37.5,4.5,6.5));
#2503=CARTESIAN_POINT('Origin',(37.5,2.,6.5));
#2504=CARTESIAN_POINT('',(33.,7.,6.5));
#2505=CARTESIAN_POINT('Origin',(37.5,7.,6.5));
#2506=CARTESIAN_POINT('',(33.,2.,6.5));
#2507=CARTESIAN_POINT('Origin',(37.5,2.,6.5));
#2508=CARTESIAN_POINT('Ctrl Pts',(37.5,2.,-25.4999995082617));
#2509=CARTESIAN_POINT('Ctrl Pts',(35.5000004917383,2.,-25.4999995082617));
#2510=CARTESIAN_POINT('Ctrl Pts',(35.5000004917383,2.,-23.5));
#2511=CARTESIAN_POINT('Ctrl Pts',(35.5000004917383,2.,-21.5000004917383));
#2512=CARTESIAN_POINT('Ctrl Pts',(37.5,2.,-21.5000004917383));
#2513=CARTESIAN_POINT('Ctrl Pts',(39.4999995082617,2.,-21.5000004917383));
#2514=CARTESIAN_POINT('Ctrl Pts',(39.4999995082617,2.,-23.5));
#2515=CARTESIAN_POINT('Ctrl Pts',(39.4999995082617,2.,-25.4999995082617));
#2516=CARTESIAN_POINT('Ctrl Pts',(37.5,2.,-25.4999995082617));
#2517=CARTESIAN_POINT('Ctrl Pts',(37.5,2.,-27.9999995082617));
#2518=CARTESIAN_POINT('Ctrl Pts',(33.0000004917383,2.,-27.9999995082617));
#2519=CARTESIAN_POINT('Ctrl Pts',(33.0000004917383,2.,-23.5));
#2520=CARTESIAN_POINT('Ctrl Pts',(33.0000004917383,2.,-19.0000004917383));
#2521=CARTESIAN_POINT('Ctrl Pts',(37.5,2.,-19.0000004917383));
#2522=CARTESIAN_POINT('Ctrl Pts',(41.9999995082617,2.,-19.0000004917383));
#2523=CARTESIAN_POINT('Ctrl Pts',(41.9999995082617,2.,-23.5));
#2524=CARTESIAN_POINT('Ctrl Pts',(41.9999995082617,2.,-27.9999995082617));
#2525=CARTESIAN_POINT('Ctrl Pts',(37.5,2.,-27.9999995082617));
#2526=CARTESIAN_POINT('Ctrl Pts',(37.5,4.5,-27.9999995082617));
#2527=CARTESIAN_POINT('Ctrl Pts',(33.0000004917383,4.5,-27.9999995082617));
#2528=CARTESIAN_POINT('Ctrl Pts',(33.0000004917383,4.5,-23.5));
#2529=CARTESIAN_POINT('Ctrl Pts',(33.0000004917383,4.5,-19.0000004917383));
#2530=CARTESIAN_POINT('Ctrl Pts',(37.5,4.5,-19.0000004917383));
#2531=CARTESIAN_POINT('Ctrl Pts',(41.9999995082617,4.5,-19.0000004917383));
#2532=CARTESIAN_POINT('Ctrl Pts',(41.9999995082617,4.5,-23.5));
#2533=CARTESIAN_POINT('Ctrl Pts',(41.9999995082617,4.5,-27.9999995082617));
#2534=CARTESIAN_POINT('Ctrl Pts',(37.5,4.5,-27.9999995082617));
#2535=CARTESIAN_POINT('',(33.0000004917383,4.5,-23.5));
#2536=CARTESIAN_POINT('',(37.5,4.5,-27.9999995082617));
#2537=CARTESIAN_POINT('Origin',(37.5,4.5,-23.5));
#2538=CARTESIAN_POINT('',(37.5,2.,-25.4999995082617));
#2539=CARTESIAN_POINT('Origin',(37.5,4.5,-25.4999995082617));
#2540=CARTESIAN_POINT('Origin',(37.5,2.,-23.5));
#2541=CARTESIAN_POINT('Origin',(37.5,4.5,-23.5));
#2542=CARTESIAN_POINT('Origin',(37.5,2.,-23.5));
#2543=CARTESIAN_POINT('',(33.0000004917383,7.,-23.5));
#2544=CARTESIAN_POINT('Origin',(37.5,7.,-23.5));
#2545=CARTESIAN_POINT('',(33.0000004917383,2.,-23.5));
#2546=CARTESIAN_POINT('Origin',(37.5,2.,-23.5));
#2547=CARTESIAN_POINT('Origin',(8.99999999999999,38.,59.));
#2548=CARTESIAN_POINT('',(8.12499999999999,38.,59.));
#2549=CARTESIAN_POINT('',(8.12499999999999,38.,59.));
#2550=CARTESIAN_POINT('Origin',(8.99999999999999,38.,59.));
#2551=CARTESIAN_POINT('Origin',(8.99999999999999,38.,59.));
#2552=CARTESIAN_POINT('',(6.99999999999999,38.,59.));
#2553=CARTESIAN_POINT('Origin',(8.99999999999999,38.,59.));
#2554=CARTESIAN_POINT('Origin',(-30.,38.,59.));
#2555=CARTESIAN_POINT('',(-30.875,38.,59.));
#2556=CARTESIAN_POINT('',(-30.875,38.,59.));
#2557=CARTESIAN_POINT('Origin',(-30.,38.,59.));
#2558=CARTESIAN_POINT('Origin',(-30.,38.,59.));
#2559=CARTESIAN_POINT('',(-32.,38.,59.));
#2560=CARTESIAN_POINT('Origin',(-30.,38.,59.));
#2561=CARTESIAN_POINT('Origin',(30.,38.,59.));
#2562=CARTESIAN_POINT('',(29.125,38.,59.));
#2563=CARTESIAN_POINT('',(29.125,38.,59.));
#2564=CARTESIAN_POINT('Origin',(30.,38.,59.));
#2565=CARTESIAN_POINT('Origin',(30.,38.,59.));
#2566=CARTESIAN_POINT('',(28.,38.,59.));
#2567=CARTESIAN_POINT('Origin',(30.,38.,59.));
#2568=CARTESIAN_POINT('Origin',(-9.00000000000001,38.,59.));
#2569=CARTESIAN_POINT('',(-9.87500000000001,38.,59.));
#2570=CARTESIAN_POINT('',(-9.87500000000001,38.,59.));
#2571=CARTESIAN_POINT('Origin',(-9.00000000000001,38.,59.));
#2572=CARTESIAN_POINT('Origin',(-9.00000000000001,38.,59.));
#2573=CARTESIAN_POINT('',(-11.,38.,59.));
#2574=CARTESIAN_POINT('Origin',(-9.00000000000001,38.,59.));
#2575=CARTESIAN_POINT('Origin',(46.,7.,62.));
#2576=CARTESIAN_POINT('',(-46.,13.,62.));
#2577=CARTESIAN_POINT('',(-0.249999999999999,13.,62.));
#2578=CARTESIAN_POINT('',(-39.0061037509026,28.0847714098007,62.));
#2579=CARTESIAN_POINT('Origin',(-30.,38.,62.));
#2580=CARTESIAN_POINT('',(-32.,38.,65.));
#2581=CARTESIAN_POINT('',(-32.,38.,62.));
#2582=CARTESIAN_POINT('Origin',(-30.,38.,65.));
#2583=CARTESIAN_POINT('Origin',(8.99999999999999,38.,62.));
#2584=CARTESIAN_POINT('',(6.99999999999999,38.,65.));
#2585=CARTESIAN_POINT('',(6.99999999999999,38.,62.));
#2586=CARTESIAN_POINT('Origin',(8.99999999999999,38.,65.));
#2587=CARTESIAN_POINT('Origin',(-9.00000000000001,38.,62.));
#2588=CARTESIAN_POINT('',(-11.,38.,65.));
#2589=CARTESIAN_POINT('',(-11.,38.,62.));
#2590=CARTESIAN_POINT('Origin',(-9.00000000000001,38.,65.));
#2591=CARTESIAN_POINT('Origin',(30.,38.,62.));
#2592=CARTESIAN_POINT('',(28.,38.,65.));
#2593=CARTESIAN_POINT('',(28.,38.,62.));
#2594=CARTESIAN_POINT('Origin',(30.,38.,65.));
#2595=CARTESIAN_POINT('Origin',(-46.,13.,62.));
#2596=CARTESIAN_POINT('',(-46.,13.,65.));
#2597=CARTESIAN_POINT('',(-47.1448251239109,10.5307861765005,65.));
#2598=CARTESIAN_POINT('',(-46.,13.,38.5));
#2599=CARTESIAN_POINT('Origin',(33.6289310260733,39.6825158566869,62.));
#2600=CARTESIAN_POINT('',(32.8205692639394,41.426029338144,65.));
#2601=CARTESIAN_POINT('Origin',(-46.,7.,65.));
#2602=CARTESIAN_POINT('',(-50.,13.,65.));
#2603=CARTESIAN_POINT('',(-43.,13.,65.));
#2604=CARTESIAN_POINT('',(-50.,10.,65.));
#2605=CARTESIAN_POINT('',(-50.,10.,65.));
#2606=CARTESIAN_POINT('',(-46.,10.,65.));
#2607=CARTESIAN_POINT('',(-43.,10.,65.));
#2608=CARTESIAN_POINT('',(-46.,7.,65.));
#2609=CARTESIAN_POINT('',(-46.,7.,65.));
#2610=CARTESIAN_POINT('',(46.,7.,65.));
#2611=CARTESIAN_POINT('',(46.,7.,65.));
#2612=CARTESIAN_POINT('',(46.,10.,65.));
#2613=CARTESIAN_POINT('',(46.,7.,65.));
#2614=CARTESIAN_POINT('',(50.,10.,65.));
#2615=CARTESIAN_POINT('',(43.,10.,65.));
#2616=CARTESIAN_POINT('',(50.,10.,65.));
#2617=CARTESIAN_POINT('Origin',(-46.,7.,-35.));
#2618=CARTESIAN_POINT('',(-46.,10.,-35.));
#2619=CARTESIAN_POINT('',(-46.,10.,35.));
#2620=CARTESIAN_POINT('',(-46.,7.,-35.));
#2621=CARTESIAN_POINT('',(-46.,7.,-35.));
#2622=CARTESIAN_POINT('',(-46.,7.,35.));
#2623=CARTESIAN_POINT('Origin',(-46.5,13.,15.));
#2624=CARTESIAN_POINT('',(-50.,13.,-35.));
#2625=CARTESIAN_POINT('',(-50.,13.,-35.));
#2626=CARTESIAN_POINT('',(-50.,13.,65.));
#2627=CARTESIAN_POINT('Origin',(-50.,10.,-35.));
#2628=CARTESIAN_POINT('',(-50.,10.,-35.));
#2629=CARTESIAN_POINT('',(-50.,10.,65.));
#2630=CARTESIAN_POINT('',(-50.,10.,-35.));
#2631=CARTESIAN_POINT('Origin',(-46.5,10.,15.));
#2632=CARTESIAN_POINT('',(-50.,10.,-35.));
#2633=CARTESIAN_POINT('Origin',(50.,10.,65.));
#2634=CARTESIAN_POINT('',(50.,10.,-35.));
#2635=CARTESIAN_POINT('',(50.,10.,65.));
#2636=CARTESIAN_POINT('',(50.,10.,-35.));
#2637=CARTESIAN_POINT('Origin',(46.5,10.,15.));
#2638=CARTESIAN_POINT('',(46.,10.,-35.));
#2639=CARTESIAN_POINT('',(46.,10.,62.));
#2640=CARTESIAN_POINT('',(50.,10.,-35.));
#2641=CARTESIAN_POINT('Origin',(-37.5,4.,23.5));
#2642=CARTESIAN_POINT('',(-40.3,4.,23.5));
#2643=CARTESIAN_POINT('Origin',(-37.5,4.,23.5));
#2644=CARTESIAN_POINT('Origin',(37.5,4.,6.5));
#2645=CARTESIAN_POINT('',(34.7,4.,6.5));
#2646=CARTESIAN_POINT('Origin',(37.5,4.,6.5));
#2647=CARTESIAN_POINT('Origin',(-37.5,4.,-6.5));
#2648=CARTESIAN_POINT('',(-40.3,4.,-6.5));
#2649=CARTESIAN_POINT('Origin',(-37.5,4.,-6.5));
#2650=CARTESIAN_POINT('Origin',(37.5,4.,-23.5));
#2651=CARTESIAN_POINT('',(34.7,4.,-23.5));
#2652=CARTESIAN_POINT('Origin',(37.5,4.,-23.5));
#2653=CARTESIAN_POINT('Origin',(-37.5,7.,-6.5));
#2654=CARTESIAN_POINT('',(-40.3,7.,-6.5));
#2655=CARTESIAN_POINT('Origin',(37.5,7.,-23.5));
#2656=CARTESIAN_POINT('',(34.7,7.,-23.5));
#2657=CARTESIAN_POINT('Origin',(32.5,7.,30.));
#2658=CARTESIAN_POINT('',(32.5,7.,30.));
#2659=CARTESIAN_POINT('',(-32.5,7.,30.));
#2660=CARTESIAN_POINT('',(-32.5,7.,30.));
#2661=CARTESIAN_POINT('',(-32.5,7.,30.));
#2662=CARTESIAN_POINT('',(32.5,7.,30.));
#2663=CARTESIAN_POINT('Origin',(32.5,7.,-30.));
#2664=CARTESIAN_POINT('',(32.5,7.,-30.));
#2665=CARTESIAN_POINT('',(32.5,7.,30.));
#2666=CARTESIAN_POINT('',(32.5,7.,-30.));
#2667=CARTESIAN_POINT('Origin',(-32.5,7.,-30.));
#2668=CARTESIAN_POINT('',(-32.5,7.,-30.));
#2669=CARTESIAN_POINT('',(-32.5,7.,-30.));
#2670=CARTESIAN_POINT('',(-32.5,7.,-30.));
#2671=CARTESIAN_POINT('Origin',(-32.5,7.,30.));
#2672=CARTESIAN_POINT('',(-32.5,7.,0.));
#2673=CARTESIAN_POINT('Origin',(-37.5,7.,23.5));
#2674=CARTESIAN_POINT('',(-40.3,7.,23.5));
#2675=CARTESIAN_POINT('Origin',(37.5,7.,6.5));
#2676=CARTESIAN_POINT('',(34.7,7.,6.5));
#2677=CARTESIAN_POINT('Origin',(46.,7.,-35.));
#2678=CARTESIAN_POINT('',(46.,7.,-35.));
#2679=CARTESIAN_POINT('',(46.,7.,-35.));
#2680=CARTESIAN_POINT('',(-46.,7.,-35.));
#2681=CARTESIAN_POINT('Origin',(46.,7.,65.));
#2682=CARTESIAN_POINT('',(46.,7.,62.));
#2683=CARTESIAN_POINT('Origin',(-8.88178419700125E-15,7.,15.));
#2684=CARTESIAN_POINT('Origin',(37.5,4.,-23.5));
#2685=CARTESIAN_POINT('',(35.834,10.,-23.5));
#2686=CARTESIAN_POINT('Origin',(37.5,10.,-23.5));
#2687=CARTESIAN_POINT('',(35.834,4.,-23.5));
#2688=CARTESIAN_POINT('',(35.834,4.,-23.5));
#2689=CARTESIAN_POINT('Origin',(37.5,4.,-23.5));
#2690=CARTESIAN_POINT('Origin',(37.5,4.,-23.5));
#2691=CARTESIAN_POINT('',(34.7,10.,-23.5));
#2692=CARTESIAN_POINT('Origin',(37.5,10.,-23.5));
#2693=CARTESIAN_POINT('',(34.7,4.,-23.5));
#2694=CARTESIAN_POINT('',(34.7,4.,-23.5));
#2695=CARTESIAN_POINT('Origin',(37.5,4.,-23.5));
#2696=CARTESIAN_POINT('Origin',(37.5,10.,-23.5));
#2697=CARTESIAN_POINT('Origin',(37.5,4.,-23.5));
#2698=CARTESIAN_POINT('Origin',(-37.5,4.,-6.5));
#2699=CARTESIAN_POINT('',(-39.166,10.,-6.5));
#2700=CARTESIAN_POINT('Origin',(-37.5,10.,-6.5));
#2701=CARTESIAN_POINT('',(-39.166,4.,-6.5));
#2702=CARTESIAN_POINT('',(-39.166,4.,-6.5));
#2703=CARTESIAN_POINT('Origin',(-37.5,4.,-6.5));
#2704=CARTESIAN_POINT('Origin',(-37.5,4.,-6.5));
#2705=CARTESIAN_POINT('',(-40.3,10.,-6.5));
#2706=CARTESIAN_POINT('Origin',(-37.5,10.,-6.5));
#2707=CARTESIAN_POINT('',(-40.3,4.,-6.5));
#2708=CARTESIAN_POINT('',(-40.3,4.,-6.5));
#2709=CARTESIAN_POINT('Origin',(-37.5,4.,-6.5));
#2710=CARTESIAN_POINT('Origin',(-37.5,10.,-6.5));
#2711=CARTESIAN_POINT('Origin',(-37.5,4.,-6.5));
#2712=CARTESIAN_POINT('Origin',(37.5,4.,6.5));
#2713=CARTESIAN_POINT('',(35.834,10.,6.5));
#2714=CARTESIAN_POINT('Origin',(37.5,10.,6.5));
#2715=CARTESIAN_POINT('',(35.834,4.,6.5));
#2716=CARTESIAN_POINT('',(35.834,4.,6.5));
#2717=CARTESIAN_POINT('Origin',(37.5,4.,6.5));
#2718=CARTESIAN_POINT('Origin',(37.5,4.,6.5));
#2719=CARTESIAN_POINT('',(34.7,10.,6.5));
#2720=CARTESIAN_POINT('Origin',(37.5,10.,6.5));
#2721=CARTESIAN_POINT('',(34.7,4.,6.5));
#2722=CARTESIAN_POINT('',(34.7,4.,6.5));
#2723=CARTESIAN_POINT('Origin',(37.5,4.,6.5));
#2724=CARTESIAN_POINT('Origin',(37.5,10.,6.5));
#2725=CARTESIAN_POINT('Origin',(37.5,4.,6.5));
#2726=CARTESIAN_POINT('Origin',(-37.5,4.,23.5));
#2727=CARTESIAN_POINT('',(-39.166,10.,23.5));
#2728=CARTESIAN_POINT('Origin',(-37.5,10.,23.5));
#2729=CARTESIAN_POINT('',(-39.166,4.,23.5));
#2730=CARTESIAN_POINT('',(-39.166,4.,23.5));
#2731=CARTESIAN_POINT('Origin',(-37.5,4.,23.5));
#2732=CARTESIAN_POINT('Origin',(-37.5,4.,23.5));
#2733=CARTESIAN_POINT('',(-40.3,10.,23.5));
#2734=CARTESIAN_POINT('Origin',(-37.5,10.,23.5));
#2735=CARTESIAN_POINT('',(-40.3,4.,23.5));
#2736=CARTESIAN_POINT('',(-40.3,4.,23.5));
#2737=CARTESIAN_POINT('Origin',(-37.5,4.,23.5));
#2738=CARTESIAN_POINT('Origin',(-37.5,10.,23.5));
#2739=CARTESIAN_POINT('Origin',(-37.5,4.,23.5));
#2740=UNCERTAINTY_MEASURE_WITH_UNIT(LENGTH_MEASURE(0.01),#2744,
'DISTANCE_ACCURACY_VALUE',
'Maximum model space distance between geometric entities at asserted c
onnectivities');
#2741=UNCERTAINTY_MEASURE_WITH_UNIT(LENGTH_MEASURE(0.01),#2744,
'DISTANCE_ACCURACY_VALUE',
'Maximum model space distance between geometric entities at asserted c
onnectivities');
#2742=(
GEOMETRIC_REPRESENTATION_CONTEXT(3)
GLOBAL_UNCERTAINTY_ASSIGNED_CONTEXT((#2740))
GLOBAL_UNIT_ASSIGNED_CONTEXT((#2744,#2746,#2747))
REPRESENTATION_CONTEXT('','3D')
);
#2743=(
GEOMETRIC_REPRESENTATION_CONTEXT(3)
GLOBAL_UNCERTAINTY_ASSIGNED_CONTEXT((#2741))
GLOBAL_UNIT_ASSIGNED_CONTEXT((#2744,#2746,#2747))
REPRESENTATION_CONTEXT('','3D')
);
#2744=(
LENGTH_UNIT()
NAMED_UNIT(*)
SI_UNIT(.MILLI.,.METRE.)
);
#2745=(
LENGTH_UNIT()
NAMED_UNIT(*)
SI_UNIT($,.METRE.)
);
#2746=(
NAMED_UNIT(*)
PLANE_ANGLE_UNIT()
SI_UNIT($,.RADIAN.)
);
#2747=(
NAMED_UNIT(*)
SI_UNIT($,.STERADIAN.)
SOLID_ANGLE_UNIT()
);
#2748=SHAPE_DEFINITION_REPRESENTATION(#2749,#2750);
#2749=PRODUCT_DEFINITION_SHAPE('',$,#2752);
#2750=SHAPE_REPRESENTATION('',(#1494),#2742);
#2751=PRODUCT_DEFINITION_CONTEXT('part definition',#2756,'design');
#2752=PRODUCT_DEFINITION('ServoHolder','ServoHolder v10',#2753,#2751);
#2753=PRODUCT_DEFINITION_FORMATION('',$,#2758);
#2754=PRODUCT_RELATED_PRODUCT_CATEGORY('ServoHolder v10',
'ServoHolder v10',(#2758));
#2755=APPLICATION_PROTOCOL_DEFINITION('international standard',
'automotive_design',2009,#2756);
#2756=APPLICATION_CONTEXT(
'Core Data for Automotive Mechanical Design Process');
#2757=PRODUCT_CONTEXT('part definition',#2756,'mechanical');
#2758=PRODUCT('ServoHolder','ServoHolder v10',$,(#2757));
#2759=PRESENTATION_STYLE_ASSIGNMENT((#2761));
#2760=PRESENTATION_STYLE_ASSIGNMENT((#2762));
#2761=SURFACE_STYLE_USAGE(.BOTH.,#2763);
#2762=SURFACE_STYLE_USAGE(.BOTH.,#2764);
#2763=SURFACE_SIDE_STYLE('',(#2765));
#2764=SURFACE_SIDE_STYLE('',(#2766));
#2765=SURFACE_STYLE_FILL_AREA(#2767);
#2766=SURFACE_STYLE_FILL_AREA(#2768);
#2767=FILL_AREA_STYLE('Steel - Satin',(#2769));
#2768=FILL_AREA_STYLE('Brass - Matte',(#2770));
#2769=FILL_AREA_STYLE_COLOUR('Steel - Satin',#2771);
#2770=FILL_AREA_STYLE_COLOUR('Brass - Matte',#2772);
#2771=COLOUR_RGB('Steel - Satin',0.627450980392157,0.627450980392157,0.627450980392157);
#2772=COLOUR_RGB('Brass - Matte',0.952941176470588,0.796078431372549,0.486274509803922);
ENDSEC;
END-ISO-10303-21;
